"p_group3","model","RMSE","MAE","MAPE","MDAPE","Bias"
"mid","Generic PC",0.178288449848174,0.117572097547028,650.219407540508,70.9691755169662,0.0863209747232105
"mid","GB LM",0.112273443687859,0.0781717973245233,588.281740177529,49.138504887403,0.0183966624740814
"mid","QM",0.10947270127839,0.0715862701293524,299.302453556413,53.526207612695,-4.28210712641282e-05
"mid","Linear model",0.0967604508337605,0.0664438243084793,499.780199161644,44.2134539420701,0.000657443219362089
"mid","AR2 model",0.0928617591835885,0.0634199621646952,462.417886431279,42.9176186646276,0.00131884071790225
"mid","AR1 model",0.0927898199141514,0.0633744913123639,460.691501672538,42.902144362251,0.00131421333809604
"mid","Spatio-temporal model",0.0664371114739039,0.0453446941624637,303.198523671788,32.9267655148009,0.00119044554663568
