"p_group3","model","RMSE","MAE","MAPE","MDAPE","Bias"
"high","Generic PC",0.387537547094491,0.298378312072458,189.133615744622,34.0777335747777,0.268000726498446
"high","QM",0.32408350485911,0.245361358294634,77.8761020371454,31.613471342903,9.81553255097265e-05
"high","GB LM",0.270426367577229,0.212533561229937,133.871351341484,23.8287025257526,0.0388095750336606
"high","Linear model",0.245440953966049,0.196974752548179,131.376437850931,24.6494435755171,0.000228911564819514
"high","AR2 model",0.153047840229347,0.120000683328442,94.927176723386,15.4071448448446,6.45228723262849e-05
"high","AR1 model",0.14125818518169,0.110607595328956,86.9068487132502,14.0479510075908,2.07241539990022e-05
"high","Spatio-temporal model",0.138235468147538,0.102305443862795,58.1665606359117,13.1385015293715,3.07323102142414e-05
