"model","RMSE","MAE","MAPE","MDAPE","Bias"
"Generic PC",0.235293929450781,0.225166615066475,47.5367739146661,42.0993397153947,0.225166615066475
"QM",0.0652261521710899,0.0511162161910427,10.9418178792358,7.82891576677174,0.0403667005572882
"GB LM",0.0462130288597132,0.0397203904543833,8.09587238725991,6.97275656103953,-0.0139116260569539
"Linear model",0.036908504416055,0.030632903519114,7.51526821258113,4.72555097103234,0.00454387298733757
"AR2 model",0.029309237098299,0.0241929356514143,5.04628937371295,4.45972614569674,-0.0154056204145201
"AR1 model",0.0286415332132417,0.0237878473735089,4.87362096823126,4.41555287692553,-0.0152699792785161
"Spatio-temporal model",0.0145134283750672,0.0116729613535979,2.40335748915676,1.87317140358259,-0.000788212158329421
