"p_group3","model","RMSE","MAE","MAPE","MDAPE","Bias"
"high","Generic PC",0.35269448577331,0.259771450353703,199.313421961211,28.5455715210363,0.193889479171358
"high","QM",0.298775554800863,0.217225773973796,134.183954795724,24.9949064721458,0.000298569945056765
"high","GB LM",0.268189182245618,0.2024143001411,122.029860758359,21.8785795842406,-0.0113368310009076
"high","AR1 model",0.241470766404992,0.187228172153147,124.331999369658,21.8191636154056,-3.7320233960684e-06
"high","AR2 model",0.241415858546465,0.187223066154808,124.603141465919,21.9225958646997,-2.40141991700807e-05
"high","Linear model",0.24081386965672,0.186638572843956,139.493221325084,21.6379107864075,0.000391414756268648
"high","Spatio-temporal model",0.15863860245557,0.111770741925657,42.2148241423511,13.2732811561069,-7.80524344261013e-05
