"model","RMSE","MAE","MAPE","MDAPE","Bias"
"Generic PC",0.175648734366718,0.171680597848746,54.0088962209453,54.0643450385731,0.171680597848746
"QM",0.0361190379386026,0.0300762515726292,9.7930787600342,8.00584713393328,0.0280022056705393
"GB LM",0.0276018061970179,0.0228571807018511,7.11353521201819,6.33880755103871,-0.0196321556888436
"Linear model",0.0228728981573352,0.0178013032933718,5.76755430389055,4.77238569926836,0.0111731015457167
"AR1 model",0.0214220903624335,0.0180969855545445,5.81852228943754,5.02142094182034,-0.0114163958171876
"AR2 model",0.0214124332686506,0.0181402318264144,5.83725477446646,5.21154669171905,-0.0113402156350349
"Spatio-temporal model",0.0100288836030419,0.00743120147495665,2.29096292972366,1.88887378411573,0.0006668426529379
