"model","RMSE","MAE","MAPE","MDAPE","Bias"
"Generic PC",0.193386177116031,0.177302926692539,48.6375762853113,37.9021305467216,0.177302926692539
"QM",0.0531219530727217,0.0399023529654612,10.9173823048207,6.04710136671304,0.0212889546921444
"Linear model",0.048141088297563,0.0383243973872239,13.2936115893398,5.49516324077913,0.0023163135030855
"GB LM",0.0423537756857091,0.0340641883723922,9.49282186909335,5.17125911307318,-0.00781176346174208
"AR2 model",0.024356073267553,0.0203845070216268,4.87671126865889,3.69846877993421,-0.00708994571330587
"AR1 model",0.0241890730473488,0.0204899735788141,4.92436882910932,3.54006175881868,-0.00696457037580309
"Spatio-temporal model",0.0152716331080878,0.0129687943591258,2.85875558116017,2.51666435717107,-0.00922726354748517
