"p_group3","model","RMSE","MAE","MAPE","MDAPE","Bias"
"mid","Generic PC",0.273408544314403,0.195393746034382,1421.04359960441,63.2361502369134,0.156190469537668
"mid","QM",0.182083442745929,0.126115089636162,714.089412006747,45.3808878617171,0.000138034504111191
"mid","GB LM",0.173218477740745,0.124448858389438,1198.69338614672,40.3675106277276,0.0267952465924264
"mid","Linear model",0.159633535788159,0.115865274638622,1148.69481191066,38.8935509051033,0.00119748305570292
"mid","AR1 model",0.151374727671161,0.109936078577009,1064.57504101993,37.3115169224395,0.00135849588585245
"mid","AR2 model",0.151363464182897,0.109840598218332,1063.37402884564,37.3446176536593,0.00136448586289636
"mid","Spatio-temporal model",0.0875311471247418,0.0592191065058697,466.634069992451,20.3143505647593,0.000948063107833443
