"model","RMSE","MAE","MAPE","MDAPE","Bias"
"Generic PC",0.203955500304797,0.196682390465478,59.2725305852511,51.1216898454556,0.196682390465478
"QM",0.0531459668927466,0.0406500431787408,13.2837699835175,8.05111290005728,0.0340539535120935
"GB LM",0.0432355600672674,0.0347856021352294,10.6035703673763,6.98145483944097,0.0003162751446839
"Linear model",0.0373234208574138,0.0300690219506255,9.29814546344023,5.88041286272875,-0.00117307745814496
"AR2 model",0.0372920700977953,0.0295145939967673,7.55398808298129,7.12853757857266,-0.0184437328023605
"AR1 model",0.0367595684186641,0.029172501911257,7.40865545965941,6.90509671471814,-0.0185004373303039
"Spatio-temporal model",0.0153856541855558,0.0112079555488054,3.35313946185559,2.56046683718135,-0.00439691574791781
