"model","RMSE","MAE","MDAPE","Bias"
"Generic PC",0.229985369740208,0.149838607796758,79.4594594594595,0.0948280221012126
"QM",0.182642065591631,0.112279674190312,69.4210021929551,0.000195481570487837
"GB LM",0.171247050627462,0.113925188250725,59.283834394068,0.0260764164395987
"Linear model",0.149252389872618,0.0997740469170526,56.5703026691487,0.00260566772759231
"AR2 model",0.146275027326443,0.0983660325971947,54.137557254629,0.00197904210872637
"AR1 model",0.146239982568177,0.0983221351357823,53.8662793438291,0.00196974701857176
"Spatio-temporal model",0.0907736391470203,0.0546926740633724,32.9375565679231,0.00215631416134192
