"model","RMSE","MAE","MDAPE","Bias"
"Generic PC",0.301365340835601,0.228765269760381,64.2456462415588,0.157683723711032
"QM",0.203149084292563,0.149954660522732,48.0129314298902,0.000396342194127212
"GB LM",0.195384154535714,0.146498703889116,41.9875241436903,0.0227437154935183
"Linear model",0.161903513344288,0.122801975776926,35.6313127087091,0.000566757548689515
"AR2 model",0.153545573839761,0.116549567565117,34.1560065924389,0.000668817591993347
"AR1 model",0.15344409737611,0.116453061711261,34.254480123225,0.00066288265683228
"Spatio-temporal model",0.113436175613111,0.0847663437203705,25.6561402151134,0.000676146743581197
