"model","RMSE","MAE","MAPE","MDAPE","Bias"
"Generic PC",0.234726845079775,0.227700230652748,70.9944611036575,74.3912243350259,0.227700230652748
"QM",0.0627126801975484,0.0521829389658022,15.9724651073655,15.140820918638,0.0507916700978806
"GB LM",0.034960571422858,0.0298473122780395,9.62557044648021,9.07906531154875,0.0161131569673946
"Linear model",0.0315312328644943,0.0265260799345745,8.48273714018041,7.30185101817995,0.00850398832088614
"AR2 model",0.0234728289645532,0.0186153891780357,5.92979592114895,4.50463731284297,0.00806976666716473
"AR1 model",0.023104323150148,0.0180788328450887,5.77970546234666,4.054978525394,0.00815146292337903
"Spatio-temporal model",0.012297175111771,0.00957947332188305,2.93132584678262,2.43959066509506,0.00137799420482419
