"model","RMSE","MAE","MDAPE","Bias"
"Generic PC",0.183998224993643,0.103725035250998,77.3806628640187,0.0632464181408743
"QM",0.137069063797153,0.0747513524939613,75.2942514366037,-0.000100490152841289
"GB LM",0.131814666346,0.0797157407661478,62.1923579260094,0.0221935010072807
"Linear model",0.109980025493592,0.0655917630306067,60.1208644675671,0.00311410684987882
"AR2 model",0.108773127766998,0.0649601677917051,59.283165240864,0.00292207505815495
"AR1 model",0.108743996048753,0.0649337580516497,59.4300043108557,0.00289900509517426
"Spatio-temporal model",0.0823070642267568,0.0469523036071926,47.1595195483739,0.00197065839821836
