"model","RMSE","MAE","MDAPE","Bias"
"Generic PC",0.152257111348998,0.0908078109150847,81.3061376555718,0.0704590812110996
"GB LM",0.0961853892590086,0.0625037421681264,57.4002627772854,0.0211059767419668
"QM",0.0923663386146931,0.0529419261248345,64.8566171464832,-0.000140729310037641
"Linear model",0.0818305999117164,0.0510693903180368,54.1304706537745,0.00137184322344542
"AR2 model",0.081293527110649,0.0506168452665221,55.8361127044905,0.0019632214448889
"AR1 model",0.081236397424802,0.0505648952567285,55.7940913013292,0.00193917756088053
"Spatio-temporal model",0.0522050761111693,0.0326169635888125,38.5331977968389,0.00110236803668569
