"model","RMSE","MAE","MAPE","MDAPE","Bias"
"Generic PC",0.200292495771483,0.193076961317614,34.3194613465771,31.3778666966934,0.193076961317614
"QM",0.0456385042228652,0.0342895320126248,6.22238906712496,4.15288601203509,0.0191014364192397
"GB LM",0.0319867492884225,0.0259708597581161,4.63890314894402,3.68714520731262,-0.011908825561304
"Linear model",0.0287320623446955,0.0229131428370666,4.21586183340264,2.89110756716243,-0.000149913814992148
"AR2 model",0.0183195163348762,0.0139335806488928,2.49536765652548,1.57217750047491,-0.00687501837044972
"AR1 model",0.0181954945899789,0.0139144072954367,2.4695995985132,1.77049785560422,-0.00679979079045732
"Spatio-temporal model",0.00839688546558453,0.006301362522356,1.17603358795834,0.774557741937982,0.000233305063008919
