"model","RMSE","MAE","MDAPE","Bias"
"Generic PC",0.229985369740208,0.149838607796758,79.4594594594595,0.0948280221012126
"QM",0.182642065591631,0.112279674190312,69.4210021929551,0.000195481570487837
"GB LM",0.171247050627462,0.113925188250725,59.283834394068,0.0260764164395987
"Linear model",0.149252389872618,0.0997740469170526,56.5703026691487,0.00260566772759231
"AR2 model",0.146280036103584,0.0983614384223661,54.1491296487588,0.00197417623089204
"AR1 model",0.146243702418193,0.0983232326877534,53.8873042191469,0.00196891236802143
"Spatio-temporal model",0.106299543800028,0.0669666759238204,40.3015822333431,0.00228113282657753
