"model","RMSE","MAE","MDAPE","Bias"
"Generic PC",0.183998224993643,0.103725035250998,77.3806628640187,0.0632464181408743
"QM",0.137069063797153,0.0747513524939613,75.2942514366037,-0.000100490152841289
"GB LM",0.131814666346,0.0797157407661479,62.1923579260091,0.0221935010072809
"Linear model",0.109980025493592,0.0655917630306067,60.1208644675671,0.00311410684987882
"AR2 model",0.108773336254333,0.06496066491867,59.3094736405216,0.00292542391976645
"AR1 model",0.108770723855719,0.064951415519626,59.2720831554081,0.00288740808398785
"Spatio-temporal model",0.0822764546237136,0.0469301327226625,47.1219637292985,0.00197385001772492
