"model","RMSE","MAE","MAPE","MDAPE","Bias"
"Generic PC",0.159048425614978,0.149319503158554,57.5333561302418,52.441313437126,0.149319503158554
"GB LM",0.0385017328680925,0.0318317637385379,11.6682503116086,8.77032884384106,-0.00574941693453563
"QM",0.0352379485007986,0.0299852466546187,11.986838424693,9.10419138515072,0.0106683704231632
"Linear model",0.0320644215020435,0.0266545175086236,10.210334468954,7.55838324885102,-0.00190990610167808
"AR2 model",0.0238679585380305,0.0192574674788225,5.8893307241407,5.62908412646869,-0.00838333640130853
"AR1 model",0.0237459838216972,0.0190828254555917,5.78850334042871,5.47927485271978,-0.00833027371072864
"Spatio-temporal model",0.00997922588225162,0.00789585571810078,2.51044715948721,2.11460576917538,-0.00440409742639172
