"model","RMSE","MAE","Bias"
"Generic PC",0.305156526015262,0.206051876995097,0.169415986409202
"QM",0.235306365399944,0.152901612066565,0.000114277702586614
"GB LM",0.211061021665296,0.145591010423836,0.0241518503396933
"Linear model",0.197859611816803,0.144037136570425,-3.24779832452455e-15
