"model","RMSE","MAE","MDAPE","Bias"
"Generic PC",0.264971167384628,0.186934538293815,57.8101904231746,0.149649441602511
"QM",0.191213477105576,0.129767688857215,42.4778830411124,0.000105799794699662
"GB LM",0.176338275729995,0.126345611600346,36.1749344766203,0.0241547288671031
"Linear model",0.152820582621823,0.112620706332129,35.0019390669256,0.00391448657499606
"AR2 model",0.149079142271566,0.107462393945374,33.293964850587,0.00261816415027824
"AR1 model",0.149026248508784,0.107416107594935,33.5700776509998,0.0025912124112153
"Spatio-temporal model",0.0830274863125706,0.0571546827645092,18.2826251041584,0.00141129764041357
