"model","RMSE","MAE","MDAPE","Bias"
"Generic PC",0.387537547094491,0.298378312072458,34.0777335747777,0.268000726498446
"QM",0.32408350485911,0.245361358294634,31.613471342903,9.81553255097265e-05
"GB LM",0.270426367577229,0.212533561229937,23.8287025257526,0.0388095750336606
"Linear model",0.245440953966049,0.196974752548179,24.6494435755171,0.000228911564819514
"AR2 model",0.153047840229347,0.120000683328442,15.4071448448446,6.45228723262849e-05
"AR1 model",0.14125818518169,0.110607595328956,14.0479510075908,2.07241539990022e-05
"Spatio-temporal model",0.138235468147538,0.102305443862795,13.1385015293715,3.07323102142414e-05
