"model","RMSE","MAE","MDAPE","Bias"
"Generic PC",0.324536831885845,0.242541309900684,35.4472621717584,0.203269994205214
"QM",0.260878561918534,0.185530893136489,28.6504125188985,0.000254556117030633
"GB LM",0.228146402287851,0.171815005543058,23.3676872586625,0.00421927708014088
"Linear model",0.207158330982842,0.155701222664305,23.0359371332529,0.000894537164926565
"AR2 model",0.204854056362544,0.15189965033658,21.5747467302036,0.000198879645201703
"AR1 model",0.204695815259902,0.151793154419692,21.5357684285317,0.000194833610889083
"Spatio-temporal model",0.13347737433545,0.092666408804183,13.7425998332479,0.000107366763523671
