"model","RMSE","MAE","MAPE","MDAPE","Bias"
"Generic PC",0.182794062871566,0.169493510512052,65.4303446327826,61.0814117815067,0.169493510512052
"QM",0.0468475263875121,0.0342585927881249,11.9209011628028,9.52521882155154,0.0261486190576893
"GB LM",0.0326958656456012,0.027206599093157,13.0210047422992,8.53381442880432,0.00946887139149392
"Linear model",0.0300763545399302,0.0254537810703676,12.07991915172,7.58047685681102,0.000561067737260335
"AR1 model",0.0237928094374539,0.0180345642919415,7.00078466168385,4.61331873253591,-0.0112636787674831
"AR2 model",0.0235105976278157,0.0180232085719335,7.07859827373567,4.7467009392182,-0.011128400481247
"Spatio-temporal model",0.0145147856285976,0.0114947365768539,4.97617270087905,3.2641732230231,-0.0036376333463098
