"model","RMSE","MAE","MDAPE","Bias"
"Generic PC",0.165771366991498,0.0984970510913209,80.53609375,0.0647347272192228
"QM",0.10181415964539,0.060630733655603,71.0262312765006,0.000398039125674466
"GB LM",0.101589852000205,0.0668936458938791,61.4247984368249,0.0187500769780736
"Linear model",0.0874714304680896,0.0573418352993104,57.0774656854601,0.00132854432585288
"AR1 model",0.0848931127593007,0.0552525383501417,59.0398497057495,0.00185941700863037
"AR2 model",0.0848831876217567,0.0552659292671095,58.8785106530388,0.00187935237249801
"Spatio-temporal model",0.0408591022389017,0.024564754240487,27.5658457196741,0.00128579429327329
