"model","RMSE","MAE","MAPE","MDAPE","Bias"
"Generic PC",0.124043162692403,0.111066238779022,71.8007347378054,68.5114520901863,0.111066238779022
"QM",0.0294763434567444,0.0221294144702045,13.8286950851002,12.0363085602315,0.00836639063029357
"Linear model",0.0224564470599447,0.0186036700945813,12.6772977543134,11.2034190763433,0.00592392410767365
"GB LM",0.0221417481257918,0.0187346457838885,12.5877523569854,10.4950113297957,0.00431338085303954
"AR1 model",0.0138545612387468,0.0115948322666908,7.71748261294714,6.60161970769168,-0.00528761948185671
"AR2 model",0.0138422231473025,0.011714016720551,7.894617209307,6.91230842689656,-0.00525997483384923
"Spatio-temporal model",0.005381744231816,0.00431840980705448,2.95309277395513,2.36122409576698,0.000142097377957616
