"model","RMSE","MAE","MDAPE","Bias"
"Generic PC",0.229985369740208,0.149838607796758,79.4594594594595,0.0948280221012126
"QM",0.182642065591631,0.112279674190312,69.4210021929551,0.000195481570487837
"GB LM",0.171247050627462,0.113925188250725,59.283834394068,0.0260764164395987
"Linear model",0.149252389872618,0.0997740469170526,56.5703026691487,0.00260566772759231
"AR2 model",0.146280809181937,0.0983637725268285,54.1574851711998,0.00197529992646762
"AR1 model",0.146243317392399,0.0983255515769781,53.932349219131,0.00197112972241123
"Spatio-temporal model",0.0907283700981299,0.0546553702566963,32.7804341399587,0.00216214046657327
