"model","RMSE","MAE","MDAPE","Bias"
"Generic PC",0.301365340835601,0.228765269760381,64.2456462415588,0.157683723711032
"QM",0.203149084292563,0.149954660522732,48.0129314298902,0.000396342194127212
"GB LM",0.195384154535714,0.146498703889116,41.9875241436903,0.0227437154935184
"Linear model",0.161903513344288,0.122801975776926,35.6313127087091,0.000566757548689515
"AR2 model",0.153553847196245,0.11655898239888,34.1808842419291,0.000666718189234087
"AR1 model",0.153431013133422,0.116446108407568,34.2385402625469,0.000659936564697957
"Spatio-temporal model",0.113469040234787,0.0848008068288222,25.6345418749526,0.000678054672071098
