"p_group3","model","RMSE","MAE","MAPE","MDAPE","Bias"
"low","Generic PC",0.152257111348998,0.0908078109150847,1117.76189152196,81.3061376555718,0.0704590812110996
"low","GB LM",0.0961853892590086,0.0625037421681265,1026.92000262297,57.4002627772851,0.021105976741967
"low","QM",0.0923663386146931,0.0529419261248345,457.596966127822,64.8566171464832,-0.000140729310037641
"low","Linear model",0.0818305999117164,0.0510693903180368,830.9242453043,54.1304706537745,0.00137184322344542
"low","AR2 model",0.0812801313602537,0.0506095689835137,825.914848760343,55.893278689453,0.0019665830585495
"low","AR1 model",0.0812330295794318,0.0505651329631989,828.598669546015,55.8337757696346,0.00194593113678224
"low","Spatio-temporal model",0.0374437449094362,0.0226935037920651,298.932120748727,26.7341418350882,0.000822776801732467
