"model","RMSE","MAE","MAPE","MDAPE","Bias"
"Generic PC",0.143300380299765,0.132922120285883,86.5439867082229,88.4674924225145,0.132922120285883
"QM",0.037231581858143,0.0266176718968043,17.2611624070906,14.0231794330289,0.0222641563633357
"GB LM",0.0322068762141789,0.023763550984512,15.4115393909114,12.0555465205729,0.0175672721272389
"AR1 model",0.0210467766666537,0.0140839068626359,8.11207628721105,6.56571495156779,-0.00601725627616049
"AR2 model",0.0207474816886316,0.0140709218102149,8.16565374733857,6.61773323336224,-0.00598214447952561
"Linear model",0.0195918820688525,0.0150746192374213,10.1781762186994,7.94630810805912,0.000972058137950174
"Spatio-temporal model",0.00893111087634566,0.00676004550392193,4.29625554378016,3.33808522359431,5.41845921019837e-05
