"model","RMSE","MAE","MAPE","MDAPE","Bias"
"Generic PC",0.121761741654027,0.11827331996394,93.3421056008731,92.618670136583,0.11827331996394
"QM",0.0483398015212777,0.043039518122877,34.0352395413639,31.2304658253292,0.0429114906439074
"GB LM",0.0299238572118027,0.0255369088348925,21.0935866002257,19.3359812203848,0.0246467001354966
"Linear model",0.0268463244881907,0.0214793757802937,17.7671678563675,14.2446995120849,0.0196759229600203
"Spatio-temporal model",0.00467566064500106,0.00353601908970042,2.86875549356382,2.27253428409951,0.0012728890838439
"AR2 model",0.000652677200933301,0.000580043592119718,0.464849950220377,0.458144793634092,2.80097180376347e-05
"AR1 model",5.28170715878105e-05,4.71113507013917e-05,0.0375195536907681,0.0346560483533702,1.84564559248835e-06
