"model","RMSE","MAE","MAPE","MDAPE","Bias"
"Generic PC",0.241198489824267,0.232150560828855,57.694685871549,56.8206881252382,0.232150560828855
"QM",0.0446744657268768,0.0365101552955674,8.85841679249257,7.15307094177866,0.0248944083905806
"GB LM",0.0350324871035086,0.0270890791091055,7.20086001339345,5.22587945587672,0.0151052729857903
"Linear model",0.0322653699661544,0.0257634658894892,6.92358391119719,4.99109808095019,0.000424151322800517
"AR1 model",0.0318047028484525,0.0267391023720751,6.3185813147731,5.68403426310814,-0.0220680305006702
"AR2 model",0.031735616174376,0.0264983412900166,6.22267020082308,5.57671511657934,-0.0219459129930687
"Spatio-temporal model",0.0163390705562198,0.0131766375216543,3.4471983401744,2.80307677315867,-0.00412597476463698
