"model","RMSE","MAE","MAPE","MDAPE","Bias"
"Generic PC",0.234726845079775,0.227700230652748,70.9944611036575,74.3912243350259,0.227700230652748
"QM",0.0627126801975484,0.0521829389658022,15.9724651073655,15.140820918638,0.0507916700978806
"GB LM",0.034960571422858,0.0298473122780395,9.62557044648021,9.07906531154875,0.0161131569673946
"Linear model",0.0315312328644943,0.0265260799345745,8.48273714018041,7.30185101817995,0.00850398832088614
"AR2 model",0.0239905411652755,0.018947876657061,6.01408704630421,4.81431437550368,0.00811788114707634
"AR1 model",0.0229610092156309,0.0180097107919537,5.7647183464401,3.96185947014896,0.0081686696128392
"Spatio-temporal model",0.0123112920122493,0.00958686997891833,2.93282957694707,2.44820215652858,0.00137952275397461
