"model","RMSE","MAE","MAPE","MDAPE","Bias"
"Generic PC",0.241198489824267,0.232150560828855,57.694685871549,56.8206881252382,0.232150560828855
"QM",0.0446744657268768,0.0365101552955674,8.85841679249257,7.15307094177866,0.0248944083905806
"GB LM",0.0350324871035086,0.0270890791091055,7.20086001339344,5.22587945587673,0.0151052729857903
"Linear model",0.0322653699661544,0.0257634658894892,6.92358391119719,4.99109808095019,0.000424151322800517
"AR2 model",0.0317704361202905,0.0265395860261981,6.23947425664601,5.57187694490839,-0.0219556345977596
"AR1 model",0.0317169142981408,0.0266491558754467,6.29194728814792,5.67233201866239,-0.0220547850016141
"Spatio-temporal model",0.0163580712331935,0.013191219162469,3.45110446871396,2.80481292717454,-0.00413027873281249
