"model","RMSE","MAE","MDAPE","Bias"
"Generic PC",0.338389898734971,0.2386410562979,27.9690537054805,0.210645799278862
"QM",0.275563537382845,0.191423324320611,26.737587485881,0.000472107697578698
"GB LM",0.24612978596781,0.173888198217474,20.3028049713453,0.0161213447398042
"Linear model",0.225421874620962,0.166205137765534,22.2414022874549,0.000764131662026302
"AR2 model",0.223712015537942,0.164799375274256,21.4274792884399,0.000721888645117211
"AR1 model",0.223646373157746,0.164750050596765,21.4818817324223,0.000715800223914879
"Spatio-temporal model",0.135956437495389,0.0930302747567313,12.4537136473673,0.00108699066713625
