"model","RMSE","MAE","MDAPE","Bias"
"Generic PC",0.324536831885845,0.242541309900684,35.4472621717584,0.203269994205214
"QM",0.260878561918534,0.185530893136489,28.6504125188985,0.000254556117030633
"GB LM",0.228146402287851,0.171815005543058,23.3676872586625,0.00421927708014088
"Linear model",0.207158330982842,0.155701222664305,23.0359371332529,0.000894537164926565
"AR2 model",0.204854559131226,0.151897922717053,21.5658925287671,0.000198360658593286
"AR1 model",0.204695777480903,0.151791315734925,21.5311916399583,0.000196617776990354
"Spatio-temporal model",0.133543533814526,0.0927284697532385,13.7400871572438,0.000108161766966694
