"p_group3","model","RMSE","MAE","MAPE","MDAPE","Bias"
"mid","Generic PC",0.214667498949229,0.137198371681429,1579.58128739829,63.2206472505595,0.0663655198672975
"mid","QM",0.150911452186486,0.0988329198692579,1207.95950549271,57.8910367041569,-5.38201367662922e-05
"mid","GB LM",0.145723005710518,0.0980817013406299,1288.94902157487,51.1265422349772,-0.0134206552388701
"mid","AR1 model",0.126925386145397,0.0882051883778475,1662.36562997822,45.8864406574381,0.00119674389522283
"mid","AR2 model",0.126920528915674,0.088208218113867,1671.83202276302,45.8010488637476,0.0012091697800012
"mid","Linear model",0.120502074916837,0.0851056943649927,1351.08750756643,44.4508296210688,0.0014910979997629
"mid","Spatio-temporal model",0.0874807954937409,0.0603131366315076,1105.62791651876,32.9432099691836,0.0018796718623201
