"model","RMSE","MAE","MAPE","MDAPE","Bias"
"Generic PC",0.203955500304797,0.196682390465478,59.2725305852511,51.1216898454556,0.196682390465478
"QM",0.0531459668927466,0.0406500431787408,13.2837699835175,8.05111290005728,0.0340539535120935
"GB LM",0.0432355600672674,0.0347856021352294,10.6035703673763,6.98145483944097,0.0003162751446839
"Linear model",0.0373234208574138,0.0300690219506255,9.29814546344023,5.88041286272875,-0.00117307745814496
"AR2 model",0.0373199051567991,0.0295776533404537,7.57938502886013,7.14789055147387,-0.0184470562293777
"AR1 model",0.0367650027139872,0.0291692416486763,7.40627252896225,6.89566065381215,-0.0184932809062571
"Spatio-temporal model",0.0101828097910678,0.00784269556020732,2.66359964482902,1.77828884068964,0.00269673765154784
