"model","RMSE","MAE","MAPE","MDAPE","Bias"
"Generic PC",0.121761741654027,0.11827331996394,93.3421056008731,92.618670136583,0.11827331996394
"QM",0.0483398015212777,0.043039518122877,34.035239541364,31.2304658253292,0.0429114906439074
"GB LM",0.0299238572118027,0.0255369088348925,21.0935866002257,19.3359812203848,0.0246467001354966
"Linear model",0.0268463244881907,0.0214793757802937,17.7671678563675,14.2446995120849,0.0196759229600203
"Spatio-temporal model",0.00467566064500106,0.00353601908970042,2.86875549356382,2.27253428409951,0.0012728890838439
"AR2 model",0.000531435098220667,0.000472856067152066,0.379089799215062,0.376211238450364,2.26516736311899e-05
"AR1 model",4.68615348714043e-05,4.17629116136649e-05,0.0332649634078956,0.0307591907700147,1.62015073629345e-06
