"model","RMSE","MAE","MAPE","MDAPE","Bias"
"Generic PC",0.230585386369097,0.215140875334621,59.5152983967873,62.3577324003438,0.215140875334621
"QM",0.0685232946820397,0.0537081756416949,14.0716528674504,15.4367179316932,0.0439128102071197
"GB LM",0.0424530603307063,0.0356456676281101,9.42273027366444,9.75230194495371,0.0110449084048401
"Linear model",0.0328826105874793,0.0267740318485269,7.09022745076485,7.90113035964422,0.00848253979979716
"Spatio-temporal model",0.0134086293097922,0.0108781019201211,3.15368533173758,2.35811110348748,0.00528506410180165
"AR1 model",0.000262266598768932,0.000212006125782161,0.0658518288657246,0.0491929004570659,9.5962108497318e-06
"AR2 model",0.000200294391746369,0.000161488041008628,0.0501421583520916,0.0381464482690271,7.3550891555423e-06
