"model","RMSE","MAE","MAPE","MDAPE","Bias"
"Generic PC",0.233486630850232,0.219091168238922,41.5062162115769,36.7338786217708,0.202078354528628
"QM",0.119307406396655,0.098186131346157,16.9402204538441,16.889361473131,-0.0900987785320284
"GB LM",0.0832310180308835,0.0536898396284715,9.64557190180485,5.11691406062236,-0.0158366444597973
"Linear model",0.082975781824301,0.0678212561022121,13.170545192407,9.76939425248785,0.000210681770772291
"AR2 model",0.0379837542433409,0.0308971464663502,5.28423769656968,4.71226436569504,-0.0229430536643503
"AR1 model",0.0375600207200175,0.0307585981124285,5.23779555477394,5.12020862359334,-0.022978791189799
"Spatio-temporal model",0.0157701412387917,0.0125377668988018,2.29170806805751,1.77319585998618,-0.00217039079882082
