"model","RMSE","MAE","MDAPE","Bias"
"Generic PC",0.387537547094491,0.298378312072458,34.0777335747777,0.268000726498446
"QM",0.32408350485911,0.245361358294634,31.613471342903,9.81553255097265e-05
"GB LM",0.270426367577229,0.212533561229937,23.8287025257526,0.0388095750336607
"Linear model",0.245440953966049,0.196974752548179,24.6494435755171,0.000228911564819514
"AR2 model",0.152884829250946,0.119877052047056,15.3073108382691,5.801845645849e-05
"AR1 model",0.141485631017299,0.110770180926232,14.0582744189721,2.25935757729818e-05
"Spatio-temporal model",0.120870502700426,0.0880931740684221,11.2848125019931,0.000278130331334015
