"model","RMSE","MAE","MAPE","MDAPE","Bias"
"Generic PC",0.226649370464192,0.212905566549504,59.8211822866897,61.0032770124595,0.212905566549504
"QM",0.0674701041508181,0.0531908973081333,14.0178878507966,16.1413025395177,0.0502421076903852
"GB LM",0.0347100840582201,0.0290862881575826,7.92272118102298,6.53073730600029,0.0147783443033235
"Linear model",0.0248687176871832,0.0203368211494681,5.78876660699706,5.88985823335872,0.00882250956117642
"AR2 model",0.0165674989112394,0.0140202995842968,4.36952843452616,4.16720136081406,0.00113905066097663
"AR1 model",0.0156688682271635,0.0132444767451691,4.13524790971083,3.75077073995821,0.00132215453894385
"Spatio-temporal model",0.0073471038585277,0.0056037730734637,1.78763446704371,1.07964446901797,0.00123840932589733
