"model","RMSE","MAE","MDAPE","Bias"
"Generic PC",0.183998224993643,0.103725035250998,77.3806628640187,0.0632464181408743
"QM",0.137069063797153,0.0747513524939613,75.2942514366037,-0.000100490152841289
"GB LM",0.131814666346,0.0797157407661479,62.1923579260091,0.0221935010072809
"Linear model",0.109980025493592,0.0655917630306067,60.1208644675671,0.00311410684987882
"AR2 model",0.10876095129786,0.0649532191237561,59.3882040789022,0.00293001945437549
"AR1 model",0.108746305874194,0.0649386356934337,59.5142372912433,0.00290436415001705
"Spatio-temporal model",0.0822649131299632,0.0469050232561367,47.1147885760945,0.00196141845563269
