"model","RMSE","MAE","MAPE","MDAPE","Bias"
"Generic PC",0.110351977118322,0.103046497922619,70.0310790519665,67.8715231601152,0.103046497922619
"QM",0.0222489558555837,0.0167846576311397,11.0312337258344,8.319010715876,0.00592102659756764
"GB LM",0.0166002559260525,0.0130879951099375,9.37392869234833,7.11267789415421,0.010389522526757
"Linear model",0.0153262147703813,0.0124603360488107,10.1887175283025,7.47999294775774,0.00231169448773312
"AR2 model",0.0112599413201867,0.00913331985769684,6.82779441898785,4.84073170661534,-0.000682475956282341
"AR1 model",0.0109691743419973,0.00887339772137818,6.66479147913214,4.43891888857742,-0.000611279146632206
"Spatio-temporal model",0.00753099095347613,0.00631353457023257,4.95233560941648,4.01684687244253,0.0027727385826733
