"p_group3","model","RMSE","MAE","MAPE","MDAPE","Bias"
"mid","Generic PC",0.280055865063863,0.195405438881059,420.299862772827,53.6223109440056,0.154124816161806
"mid","QM",0.193800892797847,0.132216237052222,141.557276509935,45.4627280767301,6.49426915590879e-05
"mid","GB LM",0.18535533439733,0.130819007796952,438.586255788956,36.3405079315231,0.0235745731654504
"mid","Linear model",0.163424001446504,0.115220836049802,313.608695927716,35.5807890915224,0.00237184800611419
"mid","Spatio-temporal model",0.0598301619815906,0.0373939888212748,88.3704831104193,11.8445748664548,0.000690269696922459
"mid","AR2 model",0.00143510505343272,0.00089801636655484,2.58830808902187,0.295469172596992,1.02030623849957e-05
"mid","AR1 model",0.000836454666149332,0.000523769455081958,1.56150725032617,0.172331145290325,5.80905317765193e-06
