"model","RMSE","MAE","MAPE","MDAPE","Bias"
"Generic PC",0.121761741654027,0.11827331996394,93.3421056008731,92.618670136583,0.11827331996394
"QM",0.0483398015212777,0.043039518122877,34.035239541364,31.2304658253292,0.0429114906439074
"GB LM",0.0299238572118027,0.0255369088348924,21.0935866002257,19.3359812203848,0.0246467001354965
"Linear model",0.0268463244881907,0.0214793757802937,17.7671678563675,14.2446995120849,0.0196759229600203
"Spatio-temporal model",0.0047391015614339,0.00363782365195754,2.91827375464066,1.88108785068677,0.000955712667400625
"AR2 model",0.000582168192769736,0.000517386193034084,0.414797541117022,0.408856135921972,2.48164933305903e-05
"AR1 model",1.52181515382085e-06,1.35682159986781e-06,0.00108087524224013,0.00100131257754274,5.3370760570252e-08
