"model","RMSE","MAE","MDAPE","Bias"
"Generic PC",0.178288449848174,0.117572097547028,70.9691755169662,0.0863209747232105
"GB LM",0.112273443687859,0.0781717973245233,49.138504887403,0.0183966624740814
"QM",0.10947270127839,0.0715862701293524,53.526207612695,-4.28210712641282e-05
"Linear model",0.0967604508337605,0.0664438243084793,44.2134539420701,0.000657443219362089
"AR2 model",0.0928571173075239,0.0634190440404453,42.9023400853836,0.00132037666485052
"AR1 model",0.0927908348424094,0.0633784448615899,42.9118066751165,0.00131392425938989
"Spatio-temporal model",0.0509373022828023,0.0337425524464657,24.6472739885066,0.00120074734831749
