"model","RMSE","MAE","MAPE","MDAPE","Bias"
"Generic PC",0.20666677313764,0.197529735837394,31.4568843894573,24.9767862518127,0.197529735837394
"GB LM",0.0661114481642624,0.0551485047395507,8.12084222528121,7.49967372436978,-0.0491983570870573
"Linear model",0.0479421245738954,0.0417311336798098,6.50940850328719,6.41711105384348,-0.0169319393901582
"QM",0.0478408167457453,0.0378148920863487,5.91439144295864,4.74190137280083,0.00197671702067052
"AR1 model",0.0448023059235983,0.038520590696321,5.76724156898492,5.16050120038629,-0.0380075589550847
"AR2 model",0.0437516176302523,0.0380085018317808,5.72639148417033,4.79026707559186,-0.0374260673460718
"Spatio-temporal model",0.0158874246334191,0.0123306280705075,2.00582722024441,1.43659423127754,-0.00155335320496931
