"model","RMSE","MAE","MDAPE","Bias"
"Generic PC",0.345176266368932,0.261135728648552,62.0879976675231,0.210489774708621
"QM",0.233794278867887,0.16786120639399,45.3641877611988,-2.66393878633942e-05
"GB LM",0.232030053395682,0.170345293473228,39.0554239159214,0.0586101735312919
"Linear model",0.189334499569512,0.145344361485238,36.34122629608,0.00166884720479055
"AR2 model",0.187600845123319,0.143630895272767,35.2768115434758,0.000685650785505039
"AR1 model",0.187561379448742,0.143591076506994,35.2566805589156,0.000675869486168919
"Spatio-temporal model",0.15024264337935,0.112301495660036,28.8240963989896,0.000520063711365596
