"model","RMSE","MAE","MAPE","MDAPE","Bias"
"Generic PC",0.124043162692403,0.111066238779022,71.8007347378054,68.5114520901863,0.111066238779022
"QM",0.0294763434567444,0.0221294144702045,13.8286950851002,12.0363085602315,0.00836639063029357
"Linear model",0.0224564470599447,0.0186036700945813,12.6772977543134,11.2034190763433,0.00592392410767365
"GB LM",0.0221417481257918,0.0187346457838885,12.5877523569853,10.4950113297957,0.00431338085303936
"AR1 model",0.0138943227322518,0.0116200268803908,7.72662749698094,6.61322789101943,-0.00529341257408812
"AR2 model",0.0138809265021146,0.0117450122438216,7.91045086566397,6.98659428953343,-0.00527519448394396
"Spatio-temporal model",0.0067269932652965,0.00527018915358084,3.63288443999068,2.99798241742871,-0.000510606333880717
