"model","RMSE","MAE","MAPE","MDAPE","Bias"
"Generic PC",0.121761741654027,0.11827331996394,93.3421056008731,92.618670136583,0.11827331996394
"QM",0.0483398015212777,0.043039518122877,34.035239541364,31.2304658253292,0.0429114906439074
"GB LM",0.0299238572118027,0.0255369088348925,21.0935866002257,19.3359812203848,0.0246467001354966
"Linear model",0.0268463244881907,0.0214793757802937,17.7671678563675,14.2446995120849,0.0196759229600203
"Spatio-temporal model",0.0027095414836166,0.00228273976134702,1.8365279908955,1.72419190639537,0.000354765980294266
"AR2 model",0.000705059939305297,0.000627626060172164,0.5028799156883,0.501473624057196,2.97713259005452e-05
"AR1 model",7.52384462478498e-06,6.70093064298813e-06,0.00533861724856922,0.00494172872705222,2.60463427417581e-07
