"model","RMSE","MAE","MDAPE","Bias"
"Generic PC",0.264971167384628,0.186934538293815,57.8101904231746,0.149649441602511
"QM",0.191213477105576,0.129767688857215,42.4778830411124,0.000105799794699662
"GB LM",0.176338275729995,0.126345611600346,36.1749344766205,0.0241547288671031
"Linear model",0.152820582621823,0.112620706332129,35.0019390669256,0.00391448657499606
"AR2 model",0.149081168037806,0.10746466638925,33.2591383198899,0.00261948890736247
"AR1 model",0.149038595534752,0.10742366274384,33.571063460148,0.00258694258844859
"Spatio-temporal model",0.111373609110466,0.0785939972584574,25.5533441066955,0.00170158681220867
