"model","RMSE","MAE","MDAPE","Bias"
"Generic PC",0.264971167384628,0.186934538293815,57.8101904231746,0.149649441602511
"QM",0.191213477105576,0.129767688857215,42.4778830411124,0.000105799794699662
"GB LM",0.176338275729995,0.126345611600346,36.1749344766203,0.0241547288671031
"Linear model",0.152820582621823,0.112620706332129,35.0019390669256,0.00391448657499606
"AR2 model",0.149070959224477,0.107458298595751,33.2558874811498,0.00262138216041971
"AR1 model",0.149034467828348,0.107422275535197,33.5601845292912,0.00259112139614108
"Spatio-temporal model",0.111355062447508,0.0785687307272765,25.5455136092987,0.00169827901046199
