"p_group3","model","RMSE","MAE","MAPE","MDAPE","Bias"
"high","Generic PC",0.387537547094491,0.298378312072458,189.133615744622,34.0777335747777,0.268000726498446
"high","QM",0.32408350485911,0.245361358294634,77.8761020371454,31.613471342903,9.81553255097265e-05
"high","GB LM",0.270426367577229,0.212533561229937,133.871351341484,23.8287025257526,0.0388095750336607
"high","Linear model",0.245440953966049,0.196974752548179,131.376437850931,24.6494435755171,0.000228911564819514
"high","AR2 model",0.152884829250946,0.119877052047056,94.7151678341352,15.3073108382691,5.801845645849e-05
"high","AR1 model",0.141485631017299,0.110770180926232,87.0946663864734,14.0582744189721,2.25935757729818e-05
"high","Spatio-temporal model",0.120870502700426,0.0880931740684221,52.2285738536308,11.2848125019931,0.000278130331334015
