"model","RMSE","MAE","MDAPE","Bias"
"Generic PC",0.456164715745889,0.341881760030563,45.1119368203385,0.294541667706623
"QM",0.37295427141275,0.276369728125801,40.4136924202815,0.000446833104298653
"GB LM",0.301477683624064,0.216570591318619,26.4951495919506,0.049927484175096
"Linear model",0.273292445143595,0.222041858569676,31.3476231697019,0.00303389932260436
"AR2 model",0.259624494430234,0.203115424719916,27.7208201050634,0.00028240478663302
"AR1 model",0.25959009971963,0.203224956763209,27.7227911158528,0.000264888459604115
"Spatio-temporal model",0.163017122479788,0.117971174006354,17.60125033509,0.0019264156086527
