"model","RMSE","MAE","MAPE","MDAPE","Bias"
"Generic PC",0.292543513773957,0.288531891229598,45.9304448420075,41.9648440949207,0.288531891229598
"QM",0.094990933390236,0.0821501918045959,13.1425457119655,12.6529661192388,0.0821501918045959
"GB LM",0.0440455184287195,0.0348047905170735,5.62871139596594,4.54328109428545,0.030269739907429
"Linear model",0.0381554301967835,0.0307025021625466,4.9631825541532,4.71863339100434,0.0192729658827905
"AR2 model",0.0277648607864444,0.0231489100018552,3.66385614506291,3.43531029949189,0.00257625379366665
"AR1 model",0.0270166467166999,0.0224003047115811,3.54427211955687,3.25166013179803,0.00257549813367472
"Spatio-temporal model",0.0120378409403241,0.00950240648917186,1.49317454140617,1.00391785175982,0.00211376257057524
