"model","RMSE","MAE","MDAPE","Bias"
"Generic PC",0.322139969362681,0.240336295457234,30.1106758373602,0.197244183119349
"QM",0.25651786954304,0.189578178975608,26.3948344382515,0.000155940065765768
"GB LM",0.228939575418274,0.169680552895908,21.177831975838,0.00772492894639721
"AR2 model",0.210821030026766,0.158989896753015,21.0372077782532,1.7804817720006e-05
"AR1 model",0.210724200686469,0.158908171323596,21.0567785021256,1.75820010005532e-05
"Linear model",0.209290849437435,0.158299745783273,21.4408192383908,0.000613344715271949
"Spatio-temporal model",0.0775750690827557,0.0532961257979472,6.94279461077884,0.000479991160540826
