"model","RMSE","MAE","MAPE","MDAPE","Bias"
"Generic PC",0.159048425614978,0.149319503158554,57.5333561302418,52.441313437126,0.149319503158554
"GB LM",0.0385017328680925,0.0318317637385379,11.6682503116086,8.77032884384106,-0.00574941693453563
"QM",0.0352379485007986,0.0299852466546187,11.986838424693,9.10419138515072,0.0106683704231632
"Linear model",0.0320644215020435,0.0266545175086236,10.210334468954,7.55838324885102,-0.00190990610167808
"AR2 model",0.0238028817496949,0.0191990231338048,5.86548221495312,5.64699727046049,-0.0083856125695306
"AR1 model",0.0237450615238064,0.0190781600910404,5.78697808914384,5.48098055176939,-0.00834016027289868
"Spatio-temporal model",0.00831892392527724,0.00633400665421937,2.09376595977861,1.88739110434892,-0.000672829302748439
