"model","RMSE","MAE","MDAPE","Bias"
"Generic PC",0.284098997990774,0.201751883255149,52.7908804580975,0.156069583165691
"QM",0.202771415265822,0.137618309816547,39.6222802293105,0.000178924289463281
"GB LM",0.19319085758023,0.138346381362887,34.1820692113737,0.0273785803057736
"Linear model",0.175803258782225,0.127991055349826,33.5531329663233,0.00161395027154261
"AR2 model",0.158360608584761,0.114967191087135,29.7805774721084,0.00269576194070478
"AR1 model",0.158224527755658,0.114860332641528,29.715175486968,0.0026762026684626
"Spatio-temporal model",0.118752305293959,0.0835970256922131,23.1873883560857,0.00156420178674864
