"model","RMSE","MAE","MDAPE","Bias"
"Generic PC",0.221291015018519,0.136212241066507,82.773542014527,0.0855653995864749
"QM",0.158024425062252,0.0936351277680686,71.5297433550805,-0.000341052775378638
"GB LM",0.147768965829801,0.0941196761150129,62.5391178536822,0.0140347429452011
"Linear model",0.139378200886838,0.0882625480742879,58.5921856326761,9.99415782543088e-05
"AR2 model",0.130986909817558,0.0853704460127524,61.5516477826982,0.00202646266919764
"AR1 model",0.130941952932396,0.0852988943758703,61.3580948977891,0.00200266530686779
"Spatio-temporal model",0.0215401295294272,0.0117909037467112,8.9856456414281,0.000231773470308669
