"model","RMSE","MAE","MAPE","MDAPE","Bias"
"Generic PC",0.110351977118322,0.103046497922619,70.0310790519665,67.8715231601152,0.103046497922619
"QM",0.0222489558555837,0.0167846576311397,11.0312337258344,8.319010715876,0.00592102659756764
"GB LM",0.0166002559260525,0.0130879951099375,9.37392869234833,7.11267789415421,0.010389522526757
"Linear model",0.0153262147703813,0.0124603360488107,10.1887175283025,7.47999294775774,0.00231169448773312
"AR2 model",0.0112554977060225,0.00912739213267885,6.82426557376633,4.8348944533299,-0.000690957456570389
"AR1 model",0.0109718900935731,0.00887732316476422,6.66758486776964,4.45075064932141,-0.000609848326144173
"Spatio-temporal model",0.00875333800485088,0.00705754703507658,5.34576633628367,3.55903649142338,0.00229979673326477
