"model","RMSE","MAE","MAPE","MDAPE","Bias"
"Generic PC",0.234726845079775,0.227700230652748,70.9944611036575,74.3912243350259,0.227700230652748
"QM",0.0627126801975484,0.0521829389658022,15.9724651073655,15.140820918638,0.0507916700978806
"GB LM",0.034960571422858,0.0298473122780395,9.62557044648019,9.0790653115487,0.0161131569673946
"Linear model",0.0315312328644943,0.0265260799345745,8.48273714018041,7.30185101817995,0.00850398832088614
"AR2 model",0.0234128286532112,0.018570329203332,5.91658737531306,4.52876316249001,0.00806105324235854
"AR1 model",0.0230929446281085,0.0180701862587766,5.77615210611877,4.04981378197065,0.00813858443393637
"Spatio-temporal model",0.0161680396052327,0.0124094175383548,3.61566469344093,3.34442598304114,-0.00529705239456602
