"model","RMSE","MAE","MDAPE","Bias"
"Generic PC",0.456164715745889,0.341881760030563,45.1119368203385,0.294541667706623
"QM",0.37295427141275,0.276369728125801,40.4136924202815,0.000446833104298653
"GB LM",0.301477683624064,0.216570591318619,26.4951495919506,0.049927484175096
"Linear model",0.273292445143595,0.222041858569676,31.3476231697019,0.00303389932260436
"AR2 model",0.259610809499649,0.203103762414591,27.7141699200172,0.000285394591550417
"AR1 model",0.259583479276098,0.203234633457183,27.7083572270384,0.000269347323500107
"Spatio-temporal model",0.198775570870343,0.150167196396721,22.5641790229904,0.00133828595610422
