"p_group3","model","RMSE","MAE","MAPE","MDAPE","Bias"
"mid","Generic PC",0.273408544314403,0.195393746034382,1421.04359960441,63.2361502369134,0.156190469537668
"mid","QM",0.182083442745929,0.126115089636162,714.089412006747,45.3808878617171,0.000138034504111191
"mid","GB LM",0.173218477740745,0.124448858389438,1198.69338614671,40.3675106277278,0.0267952465924263
"mid","Linear model",0.159633535788159,0.115865274638622,1148.69481191066,38.8935509051033,0.00119748305570292
"mid","AR2 model",0.151358714402962,0.10984030370373,1063.46279629544,37.3464088222638,0.00136546857253189
"mid","AR1 model",0.151325412679044,0.109876585533586,1064.82763408486,37.3808157479262,0.0013564227364876
"mid","Spatio-temporal model",0.112984600802615,0.0806256354716981,683.133359398312,28.5897741378761,0.00130401490448499
