"model","RMSE","MAE","MDAPE","Bias"
"Generic PC",0.156628007671076,0.0783395283766051,85.4166666666667,0.0460391176619767
"QM",0.121787714370152,0.055966655884892,96.0206608915673,-0.000119879301406197
"GB LM",0.11622152757749,0.0630428997892417,76.1947880521602,0.00759664513855703
"Linear model",0.110788983260352,0.0559974866295228,75.1482831097081,0.0020605514636865
"Spatio-temporal model",0.0291168993400631,0.0143828130724905,28.7028644964877,0.00116896182375111
"AR2 model",0.00187387725408746,0.000994555660425868,2.30579350086167,2.41261895497884e-05
"AR1 model",4.83127016285403e-06,2.56896695740793e-06,0.0057769083769069,5.32922484801096e-08
