"model","RMSE","MAE","MAPE","MDAPE","Bias"
"Generic PC",0.226649370464192,0.212905566549504,59.8211822866897,61.0032770124595,0.212905566549504
"QM",0.0674701041508181,0.0531908973081333,14.0178878507966,16.1413025395177,0.0502421076903852
"GB LM",0.0347100840582201,0.0290862881575826,7.92272118102298,6.5307373060003,0.0147783443033235
"Linear model",0.0248687176871832,0.0203368211494681,5.78876660699706,5.88985823335872,0.00882250956117642
"AR2 model",0.0165560531971397,0.0140094083422997,4.36716594946613,4.17031601134962,0.00113984904085375
"AR1 model",0.0156705046144656,0.0132457920979019,4.13549007722777,3.75120168954434,0.00132256231634856
"Spatio-temporal model",0.0102813585077143,0.00798547851418543,2.68346291524143,1.63984578070332,0.00298117044095362
