"model","RMSE","MAE","MDAPE","Bias"
"Generic PC",0.456164715745889,0.341881760030563,45.1119368203385,0.294541667706623
"QM",0.37295427141275,0.276369728125801,40.4136924202815,0.000446833104298653
"GB LM",0.301477683624064,0.216570591318619,26.4951495919506,0.049927484175096
"Linear model",0.273292445143595,0.222041858569676,31.3476231697019,0.00303389932260436
"AR2 model",0.259648916119145,0.203123914159656,27.7689667181734,0.000280540233466936
"AR1 model",0.259589319046588,0.203228451449633,27.7280907520831,0.000265994514823043
"Spatio-temporal model",0.198719938694787,0.150041295404104,22.4646295001437,0.00132796888165029
