"model","RMSE","MAE","MAPE","MDAPE","Bias"
"Generic PC",0.182794062871566,0.169493510512052,65.4303446327826,61.0814117815067,0.169493510512052
"QM",0.0468475263875121,0.0342585927881249,11.9209011628028,9.52521882155154,0.0261486190576893
"GB LM",0.0326958656456011,0.027206599093157,13.0210047422992,8.53381442880432,0.00946887139149386
"Linear model",0.0300763545399302,0.0254537810703676,12.07991915172,7.58047685681102,0.000561067737260335
"AR2 model",0.0240342518888636,0.0186389296755967,7.36030716634571,5.3539140163193,-0.0111332733497889
"AR1 model",0.0237550850209281,0.0180026437304506,6.9930121502023,4.6687858158842,-0.0112632993903912
"Spatio-temporal model",0.0145156205920078,0.0114902419960865,4.97122656832074,3.27452183189709,-0.00362785114980699
