"p_group3","model","RMSE","MAE","MAPE","MDAPE","Bias"
"low","Generic PC",0.156628007671076,0.0783395283766051,1697.4297061262,85.4166666666667,0.0460391176619767
"low","QM",0.121787714370152,0.055966655884892,610.630276689293,96.0206608915673,-0.000119879301406197
"low","GB LM",0.11622152757749,0.0630428997892417,2233.59291651779,76.1947880521602,0.00759664513855703
"low","Linear model",0.110788983260352,0.0559974866295228,1694.10621321364,75.1482831097081,0.0020605514636865
"low","Spatio-temporal model",0.0291168993400631,0.0143828130724905,400.755995589752,28.7028644964877,0.00116896182375111
"low","AR2 model",0.00187387725408746,0.000994555660425868,29.7409670371372,2.30579350086167,2.41261895497884e-05
"low","AR1 model",4.83127016285403e-06,2.56896695740793e-06,0.0818045190034651,0.0057769083769069,5.32922484801096e-08
