"model","RMSE","MAE","MAPE","MDAPE","Bias"
"Generic PC",0.121761741654027,0.11827331996394,93.3421056008731,92.618670136583,0.11827331996394
"QM",0.0483398015212777,0.043039518122877,34.0352395413639,31.2304658253292,0.0429114906439074
"GB LM",0.0299238572118027,0.0255369088348924,21.0935866002257,19.3359812203848,0.0246467001354965
"Linear model",0.0268463244881907,0.0214793757802937,17.7671678563675,14.2446995120849,0.0196759229600203
"Spatio-temporal model",0.00481985576705794,0.0038681141923433,3.11586333397523,2.32553558620469,0.000523512243522916
