"model","RMSE","MAE","MDAPE","Bias"
"Generic PC",0.324536831885845,0.242541309900684,35.4472621717584,0.203269994205214
"QM",0.260878561918534,0.185530893136489,28.6504125188985,0.000254556117030633
"GB LM",0.228146402287851,0.171815005543058,23.3676872586625,0.00421927708014098
"Linear model",0.207158330982842,0.155701222664305,23.0359371332529,0.000894537164926565
"AR2 model",0.204873484428497,0.151913273799913,21.5749117369508,0.000197627161196762
"AR1 model",0.204693139583986,0.151791788404523,21.5253135491986,0.00019484148998217
"Spatio-temporal model",0.157687270289406,0.111876468957337,16.8898970573862,0.000189793716060998
