"model","RMSE","MAE","MAPE","MDAPE","Bias"
"Generic PC",0.182794062871566,0.169493510512052,65.4303446327826,61.0814117815067,0.169493510512052
"QM",0.0468475263875121,0.0342585927881249,11.9209011628028,9.52521882155154,0.0261486190576893
"GB LM",0.0326958656456012,0.027206599093157,13.0210047422992,8.53381442880432,0.00946887139149392
"Linear model",0.0300763545399302,0.0254537810703676,12.07991915172,7.58047685681102,0.000561067737260335
"AR2 model",0.0239967766511419,0.0186049758983295,7.34677808059581,5.37322461953834,-0.0111220430914096
"AR1 model",0.023748093685932,0.0179949385694388,6.99121961746821,4.68400597758414,-0.0112696632027014
"Spatio-temporal model",0.0144943974535019,0.0114773617302923,4.96601633641125,3.27638292295955,-0.00363643902650748
