"p_group3","model","RMSE","MAE","MAPE","MDAPE","Bias"
"low","Generic PC",0.188966773976966,0.108798054329649,945.313095600482,89.5341873216667,0.0639383454911745
"low","QM",0.140883548553696,0.0751298137091329,479.008760843977,81.4343662056021,0.000256292802163967
"low","GB LM",0.133337218447479,0.0802635625838507,991.335755767809,72.7598862967338,0.0141274666287751
"low","Linear model",0.125946527386132,0.0742668052298094,1027.21107121981,66.9990863316457,0.000212445699027396
"low","AR1 model",0.116248373795989,0.0706171431776294,951.241529937461,68.3517691058156,0.00186644650927448
"low","AR2 model",0.11616492879173,0.0706259117037585,956.449447193135,68.5036592999167,0.00192487559195382
"low","Spatio-temporal model",0.012019864951648,0.00639015507712682,67.2552297215983,7.19261289730334,0.000228219850824466
