"p_group3","model","RMSE","MAE","MAPE","MDAPE","Bias"
"mid","Generic PC",0.214667498949229,0.137198371681429,1579.58128739829,63.2206472505595,0.0663655198672975
"mid","QM",0.150911452186486,0.0988329198692579,1207.95950549271,57.8910367041569,-5.38201367662922e-05
"mid","GB LM",0.145723005710518,0.0980817013406299,1288.94902157488,51.1265422349764,-0.0134206552388699
"mid","AR1 model",0.126942916202656,0.0882193986629281,1661.05762827062,45.893376126579,0.00119509402972341
"mid","AR2 model",0.126936376066984,0.088226635726826,1673.78460567375,45.9109771310937,0.00121536374203931
"mid","Linear model",0.120502074916837,0.0851056943649927,1351.08750756643,44.4508296210688,0.0014910979997629
"mid","Spatio-temporal model",0.0874772366728443,0.0603091466485358,1105.01241165349,32.9806826886833,0.00187860936718308
