"model","RMSE","MAE","MDAPE","Bias"
"Generic PC",0.301462544112616,0.218119162069902,59.1584156288222,0.164435392170023
"QM",0.230644261201311,0.159766780112763,48.915789069702,0.000324486784787501
"GB LM",0.208965516035427,0.152879558874404,40.116669998,0.0234662373395383
"Linear model",0.187248522107945,0.14146233970036,39.5673645357633,0.0026105167310803
"AR2 model",0.182959180122423,0.134826367098476,37.0627217749841,0.00195984721120608
"AR1 model",0.182864665420742,0.134759559394127,36.9297274105892,0.00195489526790062
"Spatio-temporal model",0.131399948949983,0.0941525617911456,27.7201884115446,0.00184390341649345
