"model","RMSE","MAE","MDAPE","Bias"
"Generic PC",0.387537547094491,0.298378312072458,34.0777335747777,0.268000726498446
"QM",0.32408350485911,0.245361358294634,31.613471342903,9.8155325509726e-05
"GB LM",0.270426367577229,0.212533561229937,23.8287025257526,0.0388095750336606
"Linear model",0.245440953966049,0.196974752548179,24.6494435755171,0.000228911564819513
"AR1 model",0.141203946429155,0.110576533652429,14.0380772286483,1.99292673869011e-05
"AR2 model",0.140182705258723,0.109670552094125,13.7790381839162,2.15619234350204e-05
"Spatio-temporal model",0.0956164491407843,0.0657510368825896,7.86562921037578,0.000131874770396878
