"p_group3","model","RMSE","MAE","MAPE","MDAPE","Bias"
"low","Generic PC",0.152257111348998,0.0908078109150847,1117.76189152196,81.3061376555718,0.0704590812110996
"low","GB LM",0.0961853892590086,0.0625037421681264,1026.92000262296,57.4002627772854,0.0211059767419668
"low","QM",0.0923663386146931,0.0529419261248345,457.596966127822,64.8566171464832,-0.000140729310037641
"low","Linear model",0.0818305999117164,0.0510693903180368,830.9242453043,54.1304706537745,0.00137184322344542
"low","AR2 model",0.081293527110649,0.0506168452665221,826.352305984646,55.8361127044905,0.0019632214448889
"low","AR1 model",0.081236397424802,0.0505648952567285,828.236479433903,55.7940913013292,0.00193917756088053
"low","Spatio-temporal model",0.0522050761111693,0.0326169635888125,464.076886675078,38.5331977968389,0.00110236803668569
