"model","RMSE","MAE","MAPE","MDAPE","Bias"
"Generic PC",0.226649370464192,0.212905566549504,59.8211822866897,61.0032770124595,0.212905566549504
"QM",0.0674701041508181,0.0531908973081333,14.0178878507966,16.1413025395177,0.0502421076903852
"GB LM",0.0347100840582202,0.0290862881575826,7.92272118102299,6.53073730600029,0.0147783443033235
"Linear model",0.0248687176871832,0.0203368211494681,5.78876660699706,5.88985823335872,0.00882250956117642
"Spatio-temporal model",0.00752811224274734,0.00569053849027146,1.78017719890914,1.10118478990028,0.00100583183623128
