"model","RMSE","MAE","MAPE","MDAPE","Bias"
"Generic PC",0.233486630850232,0.219091168238922,41.5062162115769,36.7338786217708,0.202078354528628
"QM",0.119307406396655,0.098186131346157,16.9402204538441,16.889361473131,-0.0900987785320284
"GB LM",0.0832310180308835,0.0536898396284715,9.64557190180485,5.11691406062236,-0.0158366444597973
"Linear model",0.082975781824301,0.0678212561022121,13.170545192407,9.76939425248785,0.000210681770772291
"AR2 model",0.0380470468529626,0.0309298188857684,5.29078429489596,4.71770016336616,-0.0229497860293401
"AR1 model",0.037535132050381,0.0307362276435175,5.23414106246919,5.10940787028009,-0.0229871728547634
"Spatio-temporal model",0.0158289508321712,0.0125826630214229,2.29994077920482,1.78336423580366,-0.00217988070454031
