"p_group3","model","RMSE","MAE","MAPE","MDAPE","Bias"
"low","Generic PC",0.152257111348998,0.0908078109150847,1117.76189152196,81.3061376555718,0.0704590812110996
"low","GB LM",0.0961853892590086,0.0625037421681265,1026.92000262297,57.4002627772851,0.021105976741967
"low","QM",0.0923663386146931,0.0529419261248345,457.596966127822,64.8566171464832,-0.000140729310037641
"low","Linear model",0.0818305999117164,0.0510693903180368,830.9242453043,54.1304706537745,0.00137184322344542
"low","AR2 model",0.0812844331278861,0.0506105850056962,825.837999935387,55.8459444169795,0.00196301961338767
"low","AR1 model",0.0812245471470715,0.0505605833448979,828.116178644213,55.7809465053882,0.00194683067142352
"low","Spatio-temporal model",0.0522459367039955,0.0326454857638764,464.860073253044,38.6092115871104,0.00110563821507308
