"model","RMSE","MAE","MDAPE","Bias"
"Generic PC",0.322139969362681,0.240336295457234,30.1106758373602,0.197244183119349
"QM",0.25651786954304,0.189578178975608,26.3948344382515,0.000155940065765768
"GB LM",0.228939575418274,0.169680552895908,21.177831975838,0.00772492894639721
"AR2 model",0.210808321194307,0.158975659247266,21.0374995901659,1.78262675343906e-05
"AR1 model",0.210756081886302,0.15893923301461,21.0801648590604,1.73996537675339e-05
"Linear model",0.209290849437435,0.158299745783273,21.4408192383908,0.000613344715271949
"Spatio-temporal model",0.131410263780519,0.0925145456646763,12.6713644653238,0.000559171643356043
