"model","RMSE","MAE","MAPE","MDAPE","Bias"
"Generic PC",0.292543513773957,0.288531891229598,45.9304448420075,41.9648440949207,0.288531891229598
"QM",0.094990933390236,0.0821501918045959,13.1425457119655,12.6529661192388,0.0821501918045959
"GB LM",0.0440455184287194,0.0348047905170735,5.62871139596594,4.54328109428545,0.030269739907429
"Linear model",0.0381554301967835,0.0307025021625466,4.9631825541532,4.71863339100434,0.0192729658827905
"AR1 model",0.0269661815896427,0.0223493289324055,3.53623952990753,3.2394797038989,0.00259307619870391
"AR2 model",0.0267856961888777,0.0221239204114323,3.50000057074584,3.16633607450787,0.00258780825624241
"Spatio-temporal model",0.0106961647591875,0.00859161979272136,1.34271228735674,1.13416968794058,0.000917567005857656
