"model","RMSE","MAE","MAPE","MDAPE","Bias"
"Generic PC",0.20666677313764,0.197529735837394,31.4568843894573,24.9767862518127,0.197529735837394
"GB LM",0.0661114481642624,0.0551485047395507,8.12084222528121,7.49967372436978,-0.0491983570870573
"Linear model",0.0479421245738954,0.0417311336798098,6.50940850328719,6.41711105384348,-0.0169319393901582
"QM",0.0478408167457453,0.0378148920863487,5.91439144295864,4.74190137280083,0.00197671702067052
"AR1 model",0.0449401229708422,0.0386344067037318,5.78354732797679,5.14571144925733,-0.0380995788075379
"AR2 model",0.0436393268762605,0.0378061758327123,5.6857091538033,4.87827571214379,-0.0371595709114282
"Spatio-temporal model",0.0187599005647321,0.015398683428989,2.40845879734936,1.96673724771765,-0.00680242227154387
