"model","RMSE","MAE","MDAPE","Bias"
"Generic PC",0.264971167384628,0.186934538293815,57.8101904231746,0.149649441602511
"QM",0.191213477105576,0.129767688857215,42.4778830411124,0.000105799794699662
"GB LM",0.176338275729995,0.126345611600346,36.1749344766203,0.0241547288671031
"Linear model",0.152820582621823,0.112620706332129,35.0019390669256,0.00391448657499606
"AR2 model",0.149072525665143,0.107459359935941,33.2662193283395,0.00262131664468295
"AR1 model",0.149039323670321,0.107426224588143,33.6012491921342,0.00258733552969545
"Spatio-temporal model",0.083048390731363,0.0571716867210551,18.2903973512671,0.00141103047734
