"model","RMSE","MAE","MAPE","MDAPE","Bias"
"Generic PC",0.11187779496984,0.0955263933310996,114.785417061293,115.62947931043,0.0955263933310996
"QM",0.0379025536927263,0.0275115215396411,33.647213228265,28.0968231543661,0.0223252210524183
"GB LM",0.030907600447522,0.024780831098387,47.8772416312243,30.1596511343898,0.0217697102715981
"Linear model",0.0259545080566637,0.0219616912254336,38.173499251005,21.0311152553501,0.00730586431126645
"AR1 model",0.0157923521790935,0.0110534331839232,16.7449494489048,10.6951374611852,0.00154069945422029
"AR2 model",0.0156178646843826,0.0109641130558222,16.4105488620211,10.2461097787024,0.00157400961267827
"Spatio-temporal model",0.00733889164756673,0.00564525906390373,8.66921722036798,5.04699617924282,0.00142662630255401
