"model","RMSE","MAE","MAPE","MDAPE","Bias"
"Generic PC",0.11187779496984,0.0955263933310996,114.785417061293,115.62947931043,0.0955263933310996
"QM",0.0379025536927263,0.0275115215396411,33.647213228265,28.0968231543661,0.0223252210524183
"GB LM",0.0309076004475219,0.0247808310983869,47.8772416312238,30.1596511343897,0.0217697102715979
"Linear model",0.0259545080566637,0.0219616912254336,38.173499251005,21.0311152553501,0.00730586431126645
"AR1 model",0.0158326970386404,0.0110698143156297,16.7705350075237,10.7565140887769,0.0015404141866718
"AR2 model",0.0156579049261759,0.0109719021376998,16.4537964793661,10.3609487339404,0.00154667025880737
"Spatio-temporal model",0.0105895687688229,0.00818956240429946,13.3060218812212,8.73685184766759,0.00258475618283074
