"p_group3","model","RMSE","MAE","MAPE","MDAPE","Bias"
"high","Generic PC",0.387537547094491,0.298378312072458,189.133615744622,34.0777335747777,0.268000726498446
"high","QM",0.32408350485911,0.245361358294634,77.8761020371454,31.613471342903,9.8155325509726e-05
"high","GB LM",0.270426367577231,0.212533561229937,133.871351341485,23.8287025257526,0.0388095750336678
"high","Linear model",0.245440953966049,0.196974752548179,131.376437850931,24.649443575517,0.000228911564820455
"high","AR1 model",0.202465280534451,0.16908867386892,123.214395441745,21.552661767065,2.78617720744385e-08
"high","AR2 model",0.18521109962174,0.154639939556013,115.727061826182,19.472576848901,1.14128272024332e-08
"high","Spatio-temporal model",0.141109184029446,0.0996195611440244,61.8230430468764,11.9753191105504,0.000270462025718304
