"model","RMSE","MAE","MAPE","MDAPE","Bias"
"Generic PC",0.121066164432403,0.117174176743403,77.8830892555832,76.5691031971459,0.117174176743403
"QM",0.0562922650600122,0.0506730141854554,33.5428142777525,32.2046110957911,0.0500829482672895
"AR2 model",0.0336103067040109,0.0304441966232055,20.6745564411163,18.8361978927855,0.0304441966232055
"AR1 model",0.033546926281107,0.0301148984515209,20.5184756047946,19.0758401714781,0.0301148984515209
"GB LM",0.0247234730956445,0.0200526463221255,13.8731316731226,11.9421822713375,0.0150817007340699
"Linear model",0.0245327085998989,0.01973707972808,13.5871037353525,11.2807605150106,0.0128965167877312
"Spatio-temporal model",0.00570514987416375,0.00472015266527953,3.16591924121322,2.57350703257277,0.000638107372252338
