"model","RMSE","MAE","MAPE","MDAPE","Bias"
"Generic PC",0.235293929450781,0.225166615066475,47.5367739146661,42.0993397153947,0.225166615066475
"QM",0.0652261521710899,0.0511162161910427,10.9418178792358,7.82891576677174,0.0403667005572882
"GB LM",0.0462130288597132,0.0397203904543833,8.09587238725991,6.97275656103953,-0.0139116260569539
"Linear model",0.036908504416055,0.030632903519114,7.51526821258113,4.72555097103234,0.00454387298733757
"AR2 model",0.0293036374051608,0.0241819419762477,5.03456870983634,4.46597549337099,-0.0153951363216105
"AR1 model",0.0286917620403191,0.0238230894538876,4.87214920726021,4.42273600571236,-0.015311906019455
"Spatio-temporal model",0.0173307376517878,0.0137019692170189,2.67292840726329,2.21352653166098,-0.00599092715716771
