"p_group3","model","RMSE","MAE","MAPE","MDAPE","Bias"
"mid","Generic PC",0.178288449848174,0.117572097547028,650.219407540508,70.9691755169662,0.0863209747232105
"mid","GB LM",0.112273443687859,0.0781717973245232,588.281740177525,49.1385048874025,0.0183966624740812
"mid","QM",0.10947270127839,0.0715862701293524,299.302453556413,53.526207612695,-4.28210712641282e-05
"mid","Linear model",0.0967604508337605,0.0664438243084793,499.780199161644,44.2134539420701,0.000657443219362089
"mid","AR2 model",0.0928760144427927,0.0634291354805188,462.938298333305,42.9837018501591,0.00131942733098524
"mid","AR1 model",0.092780949914788,0.063371053666254,460.392722950559,42.9409648462893,0.00131668324282567
"mid","Spatio-temporal model",0.0664307319157839,0.0453410093600478,303.24925463006,32.9081764804348,0.00119096930613616
