"model","RMSE","MAE","MAPE","MDAPE","Bias"
"Generic PC",0.241198489824267,0.232150560828855,57.694685871549,56.8206881252382,0.232150560828855
"QM",0.0446744657268768,0.0365101552955674,8.85841679249257,7.15307094177866,0.0248944083905806
"GB LM",0.0350324871035086,0.0270890791091055,7.20086001339345,5.22587945587672,0.0151052729857903
"Linear model",0.0322653699661544,0.0257634658894892,6.92358391119719,4.99109808095019,0.000424151322800517
"AR1 model",0.0318079446357156,0.0267347491874386,6.31823996094471,5.73162090100481,-0.0220857593962785
"AR2 model",0.0317295559125691,0.0264717512494216,6.21080301536037,5.5787993303355,-0.0219314604519153
"Spatio-temporal model",0.0121428669310417,0.0096287172576263,2.65074206388995,1.64331872094114,-0.000798923338746765
