"p_group3","model","RMSE","MAE","MAPE","MDAPE","Bias"
"mid","Generic PC",0.280055865063863,0.195405438881059,420.299862772827,53.6223109440056,0.154124816161806
"mid","QM",0.193800892797847,0.132216237052222,141.557276509935,45.4627280767301,6.49426915590879e-05
"mid","GB LM",0.18535533439733,0.130819007796952,438.586255788956,36.3405079315231,0.0235745731654504
"mid","Linear model",0.163424001446504,0.115220836049802,313.608695927716,35.5807890915224,0.00237184800611419
"mid","Spatio-temporal model",0.0920043828897656,0.0624235820787049,211.660518425963,19.512657770126,0.00241624913775671
"mid","AR1 model",0.00109651843630089,0.000686384703982886,2.01183781158925,0.225731501998257,7.61986647895466e-06
"mid","AR2 model",0.000836868584664491,0.000524045180866971,1.55043190867718,0.172251938014053,5.73934175642185e-06
