"model","RMSE","MAE","MAPE","MDAPE","Bias"
"Generic PC",0.121761741654027,0.11827331996394,93.3421056008731,92.618670136583,0.11827331996394
"QM",0.0483398015212777,0.043039518122877,34.0352395413639,31.2304658253292,0.0429114906439074
"GB LM",0.0299238572118066,0.0255369088348963,21.0935866002288,19.3359812203897,0.0246467001355012
"Linear model",0.0216886586634427,0.0173663438414111,14.137183573297,12.3099424188315,0.0115169214439462
"Spatio-temporal model",0.00576294696180427,0.0046932103773064,3.7401677055144,2.67290459176913,0.000776224691588564
