"p_group3","model","RMSE","MAE","MAPE","MDAPE","Bias"
"mid","Generic PC",0.301365340835601,0.228765269760381,342.691717595828,64.2456462415588,0.157683723711032
"mid","QM",0.203149084292563,0.149954660522732,185.596378401267,48.0129314298902,0.000396342194127212
"mid","GB LM",0.195384154535714,0.146498703889116,255.744203671969,41.9875241436903,0.0227437154935184
"mid","Linear model",0.161903513344288,0.122801975776926,235.225458633555,35.6313127087091,0.000566757548689515
"mid","AR2 model",0.153553847196245,0.11655898239888,185.877157237412,34.1808842419291,0.000666718189234087
"mid","AR1 model",0.153431013133422,0.116446108407568,186.412818572028,34.2385402625469,0.000659936564697957
"mid","Spatio-temporal model",0.113469040234787,0.0848008068288222,126.990524904342,25.6345418749526,0.000678054672071098
