"model","RMSE","MAE","MAPE","MDAPE","Bias"
"Generic PC",0.234726845079775,0.227700230652748,70.9944611036575,74.3912243350259,0.227700230652748
"QM",0.0627126801975484,0.0521829389658022,15.9724651073655,15.140820918638,0.0507916700978806
"GB LM",0.034960571422858,0.0298473122780395,9.62557044648021,9.07906531154875,0.0161131569673946
"Linear model",0.0315312328644943,0.0265260799345745,8.48273714018041,7.30185101817995,0.00850398832088614
"AR2 model",0.0239893520131925,0.0190343738219505,6.03449653372967,4.67491436005408,0.00808260229732966
"AR1 model",0.0230671603355201,0.0180728144282187,5.77891912881925,4.01536397188657,0.00818297619605685
"Spatio-temporal model",0.0161025930532902,0.0123871111953318,3.61133002238316,3.38050569897518,-0.00528854046327392
