"model","RMSE","MAE","MDAPE","Bias"
"Generic PC",0.388447992935961,0.30092351638087,34.2743858332964,0.271110364206825
"QM",0.320959562622127,0.240711857850322,30.4098771739602,0.000296745109628307
"GB LM",0.270481419485273,0.211445762165892,23.566758290232,0.0395053953910907
"Linear model",0.241940385508225,0.192045966420589,24.5526160459225,0.000291074777567693
"Spatio-temporal model",0.13526421228884,0.0966324882990923,11.8725248149873,0.000120868068900217
"AR1 model",0.00127259223606163,0.000863773749951723,0.10224017686444,1.48131246292588e-06
"AR2 model",0.00066393086723727,0.000449199589664106,0.0525299054977814,7.28392917594334e-07
