"p_group3","model","RMSE","MAE","MAPE","MDAPE","Bias"
"low","Generic PC",0.156161076223087,0.078440997169819,1630.64826765377,79.9771085539841,0.0398200035569695
"low","QM",0.12837750515912,0.0602543237210081,647.449730821937,93.959524893823,-0.000280684966925791
"low","GB LM",0.126049204557459,0.0673941286642334,1839.01712031631,71.305950898263,-0.000850576352307955
"low","Linear model",0.115917833735826,0.0600923141000457,1611.4640900206,73.5280236025932,0.00102845072368564
"low","AR1 model",0.102129214878881,0.0567283788997207,1754.22796717052,73.6521649192494,0.0061675643408281
"low","AR2 model",0.101920131427831,0.0566362580332472,1715.58995463024,75.264775154925,0.00630117661037134
"low","Spatio-temporal model",0.0293316492236823,0.0146659403305135,502.933678463315,24.6593406430849,0.00138601902989319
