"model","RMSE","MAE","MDAPE","Bias"
"Generic PC",0.165771366991498,0.0984970510913209,80.53609375,0.0647347272192228
"QM",0.10181415964539,0.060630733655603,71.0262312765006,0.000398039125674466
"GB LM",0.101589852000205,0.0668936458938791,61.4247984368249,0.0187500769780736
"Linear model",0.0874714304680896,0.0573418352993104,57.0774656854601,0.00132854432585288
"AR1 model",0.0848895750292261,0.055250978538259,59.0860802512243,0.00186010238936469
"AR2 model",0.0848870003905898,0.0552680404632192,58.9101328215319,0.00187875245186219
"Spatio-temporal model",0.0540678472991332,0.0340183502908935,37.6572393159243,0.00176478306449747
