"p_group3","model","RMSE","MAE","MAPE","MDAPE","Bias"
"mid","Generic PC",0.281398666556244,0.19402925344075,403.266835689306,52.1506724147349,0.148411761657526
"mid","QM",0.202583588392802,0.136293736492118,126.24108507524,45.3358569910011,3.34991604046612e-05
"mid","GB LM",0.188366718928346,0.130555766823409,433.929074418059,35.3792117191294,0.0199046170473465
"mid","Linear model",0.170338113630956,0.119522487330674,355.044950627312,35.2429740270618,0.00256526481214126
"mid","Spatio-temporal model",0.093534591575033,0.0622553214514215,149.270393560199,19.8671872560519,0.00263138395975528
"mid","AR2 model",0.0734686522979094,0.0507976642729916,200.678734095764,16.905346890719,0.000931289092476039
"mid","AR1 model",0.0712185607758098,0.049617024458871,198.754554122953,16.2178578096646,0.00105047124305436
