"model","RMSE","MAE","MAPE","MDAPE","Bias"
"Generic PC",0.193386177116031,0.177302926692539,48.6375762853113,37.9021305467216,0.177302926692539
"QM",0.0531219530727217,0.0399023529654612,10.9173823048207,6.04710136671304,0.0212889546921444
"Linear model",0.048141088297563,0.0383243973872239,13.2936115893398,5.49516324077913,0.0023163135030855
"GB LM",0.0423537756857091,0.0340641883723922,9.49282186909335,5.17125911307318,-0.00781176346174208
"AR2 model",0.024335679121696,0.0203736995422793,4.87593512742974,3.68615069219931,-0.00708422045867017
"AR1 model",0.0242077553750669,0.0205033565724799,4.92873408940405,3.54475787572106,-0.00696916110658224
"Spatio-temporal model",0.0107305289991833,0.00884741725259415,2.50518330597725,1.56787750483462,-7.04691237945345e-05
