"model","RMSE","MAE","MAPE","MDAPE","Bias"
"Generic PC",0.124043162692403,0.111066238779022,71.8007347378054,68.5114520901863,0.111066238779022
"QM",0.0294763434567444,0.0221294144702045,13.8286950851002,12.0363085602315,0.00836639063029357
"Linear model",0.0224564470599447,0.0186036700945813,12.6772977543134,11.2034190763433,0.00592392410767365
"GB LM",0.0221417481257918,0.0187346457838885,12.5877523569854,10.4950113297957,0.00431338085303954
"AR2 model",0.0138666104089646,0.0117332308931537,7.90295863533928,6.95307485614526,-0.00527113699094599
"AR1 model",0.0138264636372131,0.0115769521540059,7.71155271133203,6.58438327063543,-0.00528429895140945
"Spatio-temporal model",0.00672035167516604,0.00525903092700517,3.6266120193319,2.96549236634049,-0.000500929509731686
