"model","RMSE","MAE","MDAPE","Bias"
"Generic PC",0.301365340835601,0.228765269760381,64.2456462415588,0.157683723711032
"QM",0.203149084292563,0.149954660522732,48.0129314298902,0.000396342194127212
"GB LM",0.195384154535714,0.146498703889116,41.9875241436903,0.0227437154935184
"Linear model",0.161903513344288,0.122801975776926,35.6313127087091,0.000566757548689515
"AR2 model",0.153636767954919,0.116626686931406,34.2116568327655,0.000666143310103258
"AR1 model",0.153421137468722,0.116436250344784,34.2639835548289,0.000659105207209448
"Spatio-temporal model",0.11338279324317,0.084706433417105,25.6656153799362,0.00067290296417804
