"p_group3","model","RMSE","MAE","MAPE","MDAPE","Bias"
"mid","Generic PC",0.301365340835601,0.228765269760381,342.691717595828,64.2456462415588,0.157683723711032
"mid","QM",0.203149084292563,0.149954660522732,185.596378401267,48.0129314298902,0.000396342194127212
"mid","GB LM",0.195384154535714,0.146498703889116,255.744203671969,41.9875241436903,0.0227437154935184
"mid","Linear model",0.161903513344288,0.122801975776926,235.225458633555,35.6313127087091,0.000566757548689515
"mid","AR2 model",0.15355611651158,0.116560979447598,185.832806206303,34.1703013699276,0.000666884741329948
"mid","AR1 model",0.153445144155471,0.116454779417889,186.059699842711,34.2468751880895,0.000661551835525229
"mid","Spatio-temporal model",0.0831071859593479,0.0594041230026694,87.9594155154365,17.8261424328818,0.000847312446892481
