"model","RMSE","MAE","MDAPE","Bias"
"Generic PC",0.284098997990774,0.201751883255149,52.7908804580975,0.156069583165691
"QM",0.202771415265822,0.137618309816547,39.6222802293105,0.000178924289463281
"GB LM",0.19319085758023,0.138346381362887,34.1820692113737,0.0273785803057736
"Linear model",0.175803258782225,0.127991055349826,33.5531329663233,0.00161395027154261
"AR2 model",0.158352651626079,0.114959066718062,29.7358866855253,0.00269335378554597
"AR1 model",0.158225332782476,0.114860770976728,29.7137007606305,0.00267760294226506
"Spatio-temporal model",0.0921230687757121,0.063410071548219,17.8235814042011,0.00179311611165322
