"model","RMSE","MAE","MAPE","MDAPE","Bias"
"Generic PC",0.175648734366718,0.171680597848746,54.0088962209453,54.0643450385731,0.171680597848746
"QM",0.0361190379386026,0.0300762515726292,9.7930787600342,8.00584713393328,0.0280022056705393
"GB LM",0.0276018061970178,0.022857180701851,7.11353521201817,6.33880755103873,-0.0196321556888435
"Linear model",0.0228728981573352,0.0178013032933718,5.76755430389055,4.77238569926836,0.0111731015457167
"AR2 model",0.0215916900436162,0.0182023810846325,5.85582949078562,5.23211209786981,-0.0113153379681275
"AR1 model",0.0214293005720628,0.0181055897149395,5.82173454753248,5.02098714725984,-0.0114273766593104
"Spatio-temporal model",0.0100263848148098,0.00742942542626567,2.29043663174408,1.89034474017355,0.000664558546569762
