"model","RMSE","MAE","MAPE","MDAPE","Bias"
"Generic PC",0.203955500304797,0.196682390465478,59.2725305852511,51.1216898454556,0.196682390465478
"QM",0.0531459668927466,0.0406500431787408,13.2837699835175,8.05111290005728,0.0340539535120935
"GB LM",0.0432355600672674,0.0347856021352294,10.6035703673763,6.98145483944097,0.0003162751446839
"Linear model",0.0373234208574138,0.0300690219506255,9.29814546344023,5.88041286272875,-0.00117307745814496
"AR2 model",0.0373056458125976,0.0295230250770001,7.55796041428749,7.13582887616629,-0.0184399443023455
"AR1 model",0.0366863988469381,0.0291029198930228,7.38407930638045,6.87149031338439,-0.0184850025641825
"Spatio-temporal model",0.0102015743527684,0.00785279602811237,2.6685865114506,1.78575472527866,0.00275823494461743
