"model","RMSE","MAE","MDAPE","Bias"
"Generic PC",0.178288449848174,0.117572097547028,70.9691755169662,0.0863209747232105
"GB LM",0.112273443687859,0.0781717973245233,49.138504887403,0.0183966624740814
"QM",0.10947270127839,0.0715862701293524,53.526207612695,-4.28210712641282e-05
"Linear model",0.0967604508337605,0.0664438243084793,44.2134539420701,0.000657443219362089
"AR2 model",0.0928602358274517,0.0634214375979909,42.9013893482487,0.00132080604360779
"AR1 model",0.0927951609340044,0.0633789074671529,42.8630305646714,0.0013140594047456
"Spatio-temporal model",0.0509298126504809,0.0337362490211279,24.6570855577083,0.00120021718126474
