"model","RMSE","MAE","MAPE","MDAPE","Bias"
"Generic PC",0.241198489824267,0.232150560828855,57.694685871549,56.8206881252382,0.232150560828855
"QM",0.0446744657268768,0.0365101552955674,8.85841679249257,7.15307094177866,0.0248944083905806
"GB LM",0.0350324871035086,0.0270890791091055,7.20086001339345,5.22587945587672,0.0151052729857903
"Linear model",0.0322653699661544,0.0257634658894892,6.92358391119719,4.99109808095019,0.000424151322800517
"AR1 model",0.0317952012337202,0.0267301065819726,6.3171155799703,5.69278003638707,-0.0220613931931476
"AR2 model",0.0317600955575926,0.0265141677479151,6.2248231687337,5.57448342768466,-0.0219611533418141
"Spatio-temporal model",0.0121655677657302,0.00964455272147019,2.65486944660849,1.64188870704667,-0.000794258138821502
