"model","RMSE","MAE","MAPE","MDAPE","Bias"
"Generic PC",0.11187779496984,0.0955263933310996,114.785417061293,115.62947931043,0.0955263933310996
"QM",0.0379025536927263,0.0275115215396411,33.647213228265,28.0968231543661,0.0223252210524183
"GB LM",0.030907600447522,0.024780831098387,47.8772416312243,30.1596511343898,0.0217697102715981
"Linear model",0.0259545080566637,0.0219616912254336,38.173499251005,21.0311152553501,0.00730586431126645
"AR1 model",0.0159024504410255,0.011064147859568,16.8065317574839,11.1058448085221,0.00149202475120606
"AR2 model",0.0156144391760988,0.0109556030746727,16.4132773260335,10.2473437662353,0.00155388607682026
"Spatio-temporal model",0.0105720648027907,0.00818027793251377,13.2894456858492,8.73544930487938,0.00258651390823236
