"model","RMSE","MAE","MAPE","MDAPE","Bias"
"Generic PC",0.292543513773957,0.288531891229598,45.9304448420075,41.9648440949207,0.288531891229598
"QM",0.094990933390236,0.0821501918045959,13.1425457119655,12.6529661192388,0.0821501918045959
"GB LM",0.0440455184287254,0.0348047905170786,5.62871139596678,4.54328109428556,0.0302697399074372
"Linear model",0.0381554301967843,0.0307025021625471,4.96318255415329,4.71863339100413,0.0192729658827919
"AR1 model",0.0343557528337856,0.0302469420236177,4.80234516662095,4.75413856128766,0.00457661397425419
"AR2 model",0.0330675258246043,0.0290248230437426,4.60430274523313,4.38561216194657,0.00388342328375791
"Spatio-temporal model",0.0131001471589694,0.0102023491681543,1.59753282721327,1.25711982401598,0.000793129293875955
