"model","RMSE","MAE","MDAPE","Bias"
"Generic PC",0.152257111348998,0.0908078109150847,81.3061376555718,0.0704590812110996
"GB LM",0.0961853892590086,0.0625037421681265,57.4002627772851,0.021105976741967
"QM",0.0923663386146931,0.0529419261248345,64.8566171464832,-0.000140729310037641
"Linear model",0.0818305999117164,0.0510693903180368,54.1304706537745,0.00137184322344542
"AR2 model",0.0812801313602537,0.0506095689835137,55.893278689453,0.0019665830585495
"AR1 model",0.0812330295794318,0.0505651329631989,55.8337757696346,0.00194593113678224
"Spatio-temporal model",0.0374437449094362,0.0226935037920651,26.7341418350882,0.000822776801732467
