"model","RMSE","MAE","MAPE","MDAPE","Bias"
"Generic PC",0.248916728209351,0.238836946495021,42.2565665847067,38.3369516562878,0.238836946495021
"QM",0.0729769180561469,0.0561654132991573,9.69372231133119,7.23650616659438,0.0387754398094077
"Linear model",0.0445631095477069,0.0352638972249257,6.69024585718164,4.91013516353928,0.00592510759458235
"GB LM",0.0399348235505522,0.0309461635597159,5.74524557132325,3.89326868214437,0.00635072632132733
"AR2 model",0.0199763237475019,0.0153576376364703,2.74441337819208,1.87908428077816,-0.00097445077589088
"AR1 model",0.0198502082353702,0.0152174786630329,2.73457826436632,1.9454754713519,-0.000703133184000218
"Spatio-temporal model",0.0137615025052759,0.0105160171647577,1.97711163628252,1.29871063872673,0.00309246317336027
