"model","RMSE","MAE","MDAPE","Bias"
"Generic PC",0.345176266368932,0.261135728648552,62.0879976675231,0.210489774708621
"QM",0.233794278867887,0.16786120639399,45.3641877611988,-2.66393878633942e-05
"GB LM",0.232030053395682,0.170345293473228,39.0554239159214,0.0586101735312919
"Linear model",0.189334499569512,0.145344361485238,36.34122629608,0.00166884720479055
"AR2 model",0.187595606556417,0.143628867479968,35.3094997992585,0.000687000317827055
"AR1 model",0.187544556522189,0.143542840870036,35.2262217360411,0.000669492108204738
"Spatio-temporal model",0.150226173525853,0.112300272320033,28.8309387821447,0.000520903431668619
