"p_group3","model","RMSE","MAE","MAPE","MDAPE","Bias"
"mid","Generic PC",0.281398666556244,0.19402925344075,403.266835689306,52.1506724147349,0.148411761657526
"mid","QM",0.202583588392802,0.136293736492118,126.24108507524,45.3358569910011,3.34991604046614e-05
"mid","GB LM",0.188366718928346,0.130555766823409,433.929074418061,35.3792117191296,0.0199046170473465
"mid","Linear model",0.170338113630956,0.119522487330674,355.044950627312,35.2429740270618,0.00256526481214126
"mid","AR2 model",0.0734897001316008,0.0508121190170461,200.860339291687,16.9269794931815,0.000931482566580905
"mid","AR1 model",0.0712194325208987,0.0496177052118554,198.759112326934,16.2183261171366,0.00105051522215356
"mid","Spatio-temporal model",0.0609023251471498,0.0384942042241954,106.171392452155,12.0759174143577,0.00102532652242269
