"model","RMSE","MAE","MAPE","MDAPE","Bias"
"Generic PC",0.254900957694391,0.247918370026326,67.3261140368374,63.5691794158807,0.247918370026326
"QM",0.0615497839123067,0.0496302922157442,13.8433155145233,10.7773826976022,0.0479895698915816
"GB LM",0.0446464306606322,0.0310781516366655,8.55555967065281,5.23889394249592,0.0173465325021382
"Linear model",0.0349284450078638,0.0246730745957933,6.6189286667221,4.24740845229392,0.00748361872600375
"AR2 model",0.0192078177635315,0.01503912403856,3.89982156488669,3.29870659554955,-0.00110377189968635
"AR1 model",0.0182495701489719,0.0144521450049571,3.73788285497372,3.24429659816857,-0.00110660050098562
"Spatio-temporal model",0.0112266641791084,0.00887931137985228,2.33800460054249,1.94786772953616,-0.000378468349116213
