"p_group3","model","RMSE","MAE","MAPE","MDAPE","Bias"
"mid","Generic PC",0.345176266368932,0.261135728648552,3025.72552408424,62.0879976675231,0.210489774708621
"mid","QM",0.233794278867887,0.16786120639399,1609.27245920252,45.3641877611988,-2.66393878633942e-05
"mid","GB LM",0.232030053395682,0.170345293473228,2388.25866987703,39.0554239159214,0.0586101735312919
"mid","Linear model",0.189334499569512,0.145344361485238,1564.47670829313,36.34122629608,0.00166884720479055
"mid","AR2 model",0.187595606556417,0.143628867479968,1624.29237017724,35.3094997992585,0.000687000317827055
"mid","AR1 model",0.187544556522189,0.143542840870036,1634.96949487031,35.2262217360411,0.000669492108204738
"mid","Spatio-temporal model",0.150226173525853,0.112300272320033,927.814831597787,28.8309387821447,0.000520903431668619
