"model","RMSE","MAE","MAPE","MDAPE","Bias"
"Generic PC",0.278410622729667,0.273031604320797,42.5751832668917,38.7419230700554,0.273031604320797
"QM",0.0803973353458503,0.0636893376576745,10.0489676316477,9.51314373426155,0.0612347091686449
"Linear model",0.0388125735526333,0.0322688858248271,5.00002193565517,4.67462364388186,0.00932873803424694
"GB LM",0.0387327387227221,0.0307410323710508,4.775895926454,3.58793221013954,0.00984569864039903
"Spatio-temporal model",0.0150917087873753,0.0119614490944761,1.80418686457548,1.44658900330762,-0.000654807865085487
"AR1 model",0.000244347807921132,0.000195359928639047,0.0296310250016887,0.0305559103159267,2.83717990292679e-06
"AR2 model",0.000121945931064354,9.86663542034925e-05,0.0149797791792895,0.0155807205011707,1.51274057187678e-06
