"model","RMSE","MAE","MDAPE","Bias"
"Generic PC",0.284098997990774,0.201751883255149,52.7908804580975,0.156069583165691
"QM",0.202771415265822,0.137618309816547,39.6222802293105,0.000178924289463281
"GB LM",0.19319085758023,0.138346381362887,34.1820692113737,0.0273785803057736
"Linear model",0.175803258782225,0.127991055349826,33.5531329663233,0.00161395027154261
"AR2 model",0.158348138099907,0.114954824263526,29.7346077622493,0.00269389402919245
"AR1 model",0.158226973807709,0.11486187482107,29.7026293478486,0.00267771521635464
"Spatio-temporal model",0.0921103717134774,0.0634073174260628,17.8716487750153,0.00179456194404409
