"model","RMSE","MAE","MAPE","MDAPE","Bias"
"Generic PC",0.20666677313764,0.197529735837394,31.4568843894573,24.9767862518127,0.197529735837394
"GB LM",0.0661114481642623,0.0551485047395506,8.1208422252812,7.49967372436975,-0.0491983570870572
"Linear model",0.0479421245738954,0.0417311336798098,6.50940850328719,6.41711105384348,-0.0169319393901582
"QM",0.0478408167457453,0.0378148920863487,5.91439144295864,4.74190137280083,0.00197671702067052
"AR1 model",0.0449318405488827,0.0385679193095604,5.77295753791243,5.15273332362445,-0.0380154735997651
"AR2 model",0.0440018495556256,0.0383362639579932,5.76849143601783,4.96644013853819,-0.0378792023607773
"Spatio-temporal model",0.0187866421055519,0.0154189638736584,2.41169752326352,1.96400508589293,-0.00680292814345489
