"model","RMSE","MAE","MDAPE","Bias"
"Generic PC",0.301462544112616,0.218119162069902,59.1584156288222,0.164435392170023
"QM",0.230644261201311,0.159766780112763,48.915789069702,0.000324486784787501
"GB LM",0.208965516035427,0.152879558874404,40.116669998,0.0234662373395383
"Linear model",0.187248522107945,0.14146233970036,39.5673645357633,0.0026105167310803
"AR2 model",0.182973971859422,0.134842935702468,37.0634652515392,0.00195533447268535
"AR1 model",0.182870549479151,0.13476174467528,36.9859607100309,0.00195459666097684
"Spatio-temporal model",0.0945660044696953,0.0661454507290463,20.0967913795986,0.00140996204844034
