"model","RMSE","MAE","MAPE","MDAPE","Bias"
"Generic PC",0.235293929450781,0.225166615066475,47.5367739146661,42.0993397153947,0.225166615066475
"QM",0.0652261521710899,0.0511162161910427,10.9418178792358,7.82891576677174,0.0403667005572882
"GB LM",0.0462130288597132,0.0397203904543833,8.09587238725991,6.97275656103953,-0.0139116260569539
"Linear model",0.036908504416055,0.030632903519114,7.51526821258113,4.72555097103234,0.00454387298733757
"AR2 model",0.0292865084900522,0.0241700694391343,5.03952069283315,4.45943518478374,-0.0153808154337466
"AR1 model",0.0286854132131715,0.0238165723017041,4.8714609269659,4.42600159438593,-0.0153006944162406
"Spatio-temporal model",0.0144815858006439,0.0116459281822009,2.39728048068996,1.86563992919931,-0.00078196336548875
