"model","RMSE","MAE","MDAPE","Bias"
"Generic PC",0.229985369740208,0.149838607796758,79.4594594594595,0.0948280221012126
"QM",0.182642065591631,0.112279674190312,69.4210021929551,0.000195481570487837
"GB LM",0.171247050627462,0.113925188250725,59.2838343940685,0.0260764164395985
"Linear model",0.149252389872618,0.0997740469170526,56.5703026691487,0.00260566772759231
"AR2 model",0.146276187963248,0.0983577739452896,54.153983464147,0.0019728075683322
"AR1 model",0.146243553762493,0.0983241708526087,53.9075371480752,0.00196983156334785
"Spatio-temporal model",0.106309582145298,0.0669743111627176,40.2762264809861,0.00228125187714033
