"model","RMSE","MAE","MDAPE","Bias"
"Generic PC",0.229985369740208,0.149838607796758,79.4594594594595,0.0948280221012126
"QM",0.182642065591631,0.112279674190312,69.4210021929551,0.000195481570487837
"GB LM",0.171247050627462,0.113925188250725,59.283834394068,0.0260764164395987
"Linear model",0.149252389872618,0.0997740469170526,56.5703026691487,0.00260566772759231
"AR2 model",0.146282375919964,0.0983716096971579,54.062226427034,0.00198124380353159
"AR1 model",0.146238306768098,0.0983205828050004,53.9230836550632,0.00196957998096565
"Spatio-temporal model",0.106304902011954,0.0669697012991709,40.3019992967918,0.00227930146121974
