"model","RMSE","MAE","MDAPE","Bias"
"Generic PC",0.301365340835601,0.228765269760381,64.2456462415588,0.157683723711032
"QM",0.203149084292563,0.149954660522732,48.0129314298902,0.000396342194127212
"GB LM",0.195384154535714,0.146498703889116,41.9875241436903,0.0227437154935184
"Linear model",0.161903513344288,0.122801975776926,35.6313127087091,0.000566757548689515
"AR2 model",0.153722556550499,0.11669471955942,34.2409060006987,0.000683843748951151
"AR1 model",0.153380882177144,0.116406602031786,34.1694478700166,0.000656604728417675
"Spatio-temporal model",0.08312657997428,0.0594198027109836,17.8354296866379,0.00084761665195294
