"model","RMSE","MAE","MDAPE","Bias"
"Generic PC",0.156628007671076,0.0783395283766051,85.4166666666667,0.0460391176619767
"QM",0.121787714370152,0.055966655884892,96.0206608915673,-0.000119879301406197
"GB LM",0.11622152757749,0.0630428997892418,76.1947880521602,0.00759664513855708
"Linear model",0.110788983260352,0.0559974866295228,75.1482831097081,0.0020605514636865
"Spatio-temporal model",0.0291016437037646,0.0143745069581821,28.6833586126979,0.00116923112985067
"AR2 model",0.0015523538108743,0.000801074411049008,1.81545527596284,1.95341216947756e-05
"AR1 model",0.000122658272201681,4.73926920145246e-05,0.0364009940696853,9.75084130060291e-07
