"model","RMSE","MAE","MDAPE","Bias"
"Generic PC",0.214667498949229,0.137198371681429,63.2206472505595,0.0663655198672975
"QM",0.150911452186486,0.0988329198692579,57.8910367041569,-5.38201367662922e-05
"GB LM",0.145723005710518,0.0980817013406299,51.1265422349764,-0.0134206552388699
"AR1 model",0.126961186232999,0.0882284821020396,45.8505461424567,0.00118978641863665
"AR2 model",0.126934656086924,0.0882217464577194,45.8267262722169,0.00120991666913696
"Linear model",0.120502074916837,0.0851056943649927,44.4508296210688,0.0014910979997629
"Spatio-temporal model",0.0606247227181144,0.0400604679711766,23.8442284815005,0.000935857939699483
