"model","RMSE","MAE","MAPE","MDAPE","Bias"
"Generic PC",0.292543513773957,0.288531891229598,45.9304448420075,41.9648440949207,0.288531891229598
"QM",0.094990933390236,0.0821501918045959,13.1425457119655,12.6529661192388,0.0821501918045959
"GB LM",0.0440455184287195,0.0348047905170736,5.62871139596595,4.54328109428545,0.0302697399074291
"Linear model",0.0381554301967835,0.0307025021625466,4.9631825541532,4.71863339100434,0.0192729658827905
"Spatio-temporal model",0.0139728598626995,0.0105723235738372,1.64501931819876,1.18688260975686,-0.00138661929429203
