"p_group3","model","RMSE","MAE","MAPE","MDAPE","Bias"
"high","Generic PC",0.387537547094491,0.298378312072458,189.133615744622,34.0777335747777,0.268000726498446
"high","QM",0.32408350485911,0.245361358294634,77.8761020371454,31.613471342903,9.8155325509726e-05
"high","GB LM",0.270426367577229,0.212533561229937,133.871351341484,23.8287025257526,0.0388095750336606
"high","Linear model",0.245440953966049,0.196974752548179,131.376437850931,24.6494435755171,0.000228911564819513
"high","AR1 model",0.141203946429155,0.110576533652429,86.8617348616164,14.0380772286483,1.99292673869011e-05
"high","AR2 model",0.140182705258723,0.109670552094125,85.9766783235441,13.7790381839162,2.15619234350204e-05
"high","Spatio-temporal model",0.0956164491407843,0.0657510368825896,37.737285667205,7.86562921037578,0.000131874770396878
