"model","RMSE","MAE","MAPE","MDAPE","Bias"
"Generic PC",0.121761741654027,0.11827331996394,93.3421056008731,92.618670136583,0.11827331996394
"QM",0.0483398015212777,0.043039518122877,34.035239541364,31.2304658253292,0.0429114906439074
"GB LM",0.0299238572118027,0.0255369088348924,21.0935866002257,19.3359812203848,0.0246467001354966
"Linear model",0.0268463244881907,0.0214793757802937,17.7671678563675,14.2446995120849,0.0196759229600203
"Spatio-temporal model",0.00472889859282342,0.00362984282545972,2.9122346936353,1.87618097835808,0.00095530697368511
"AR2 model",0.00046945485700651,0.000417411601270962,0.334654604282704,0.328094123451655,2.0421937315424e-05
"AR1 model",2.81062906346256e-05,2.50667198817856e-05,0.0199637139789442,0.0184439218396124,9.76350616441884e-07
