"model","RMSE","MAE","MDAPE","Bias"
"Generic PC",0.156161076223087,0.078440997169819,79.9771085539841,0.0398200035569695
"QM",0.12837750515912,0.0602543237210081,93.959524893823,-0.000280684966925791
"GB LM",0.126049204557459,0.0673941286642334,71.305950898263,-0.000850576352307955
"Linear model",0.115917833735826,0.0600923141000457,73.5280236025932,0.00102845072368564
"Spatio-temporal model",0.0122939246003669,0.00563544862812225,8.91611537938743,0.000275782163775614
"AR2 model",0.000998909878544249,0.000507509827292136,1.03551459983605,1.127163967513e-05
"AR1 model",9.72787681409385e-05,5.08728866399959e-05,0.107432059121806,1.06553165045134e-06
