"p_group3","model","RMSE","MAE","MAPE","MDAPE","Bias"
"mid","Generic PC",0.273408544314403,0.195393746034382,1421.04359960441,63.2361502369134,0.156190469537668
"mid","QM",0.182083442745929,0.126115089636162,714.089412006747,45.3808878617171,0.000138034504111191
"mid","GB LM",0.173218477740745,0.124448858389438,1198.69338614672,40.3675106277276,0.0267952465924264
"mid","Linear model",0.159633535788159,0.115865274638622,1148.69481191066,38.8935509051033,0.00119748305570292
"mid","AR2 model",0.1513997921306,0.109880148420443,1063.22842387015,37.3781319173241,0.00136738390795251
"mid","AR1 model",0.15124255688516,0.109790485817565,1065.26204901026,37.4042655238828,0.00136413300301423
"mid","Spatio-temporal model",0.0875427707411657,0.0592157300465604,466.022594022786,20.3167117640181,0.000947611662481698
