"model","RMSE","MAE","Bias"
"Generic PC",0.224927815319827,0.206570259247681,0.206570259247681
"QM",0.0729716588986073,0.0578310250428536,0.0533095425969929
"GB LM",0.0366980238315214,0.0298093291698534,0.0232315947820895
"Linear model",0.0282297235751055,0.0227852100879849,0.00718718917582564
