"model","RMSE","MAE","MDAPE","Bias"
"Generic PC",0.281398666556244,0.19402925344075,52.1506724147349,0.148411761657526
"QM",0.202583588392802,0.136293736492118,45.3358569910011,3.34991604046612e-05
"GB LM",0.188366718928346,0.130555766823409,35.3792117191296,0.0199046170473465
"Linear model",0.170338113630956,0.119522487330674,35.2429740270618,0.00256526481214126
"Spatio-temporal model",0.1018860188099,0.0683688302560373,21.7389629343911,0.00225567209739268
"AR2 model",0.0734675508972279,0.0507974448629362,16.919000450202,0.000931143558762302
"AR1 model",0.0712175017370837,0.0496162998863668,16.2176433194841,0.00105043775511468
