"model","RMSE","MAE","MDAPE","Bias"
"Generic PC",0.273408544314403,0.195393746034382,63.2361502369134,0.156190469537668
"QM",0.182083442745929,0.126115089636162,45.3808878617171,0.000138034504111191
"GB LM",0.173218477740745,0.124448858389438,40.3675106277278,0.0267952465924263
"Linear model",0.159633535788159,0.115865274638622,38.8935509051033,0.00119748305570292
"AR2 model",0.151358714402962,0.10984030370373,37.3464088222638,0.00136546857253189
"AR1 model",0.151325412679044,0.109876585533586,37.3808157479262,0.0013564227364876
"Spatio-temporal model",0.112984600802615,0.0806256354716981,28.5897741378761,0.00130401490448499
