"model","RMSE","MAE","MAPE","MDAPE","Bias"
"Generic PC",0.247928000928995,0.237544278607771,44.8524630037908,35.7066265526425,0.237544278607771
"QM",0.0611331420052815,0.0480705517546294,8.61696295065674,6.73166381187524,0.0405342307648787
"Linear model",0.0482445945697048,0.0385285502487636,7.84711042549716,5.13400274015072,0.00907278325237857
"GB LM",0.0411653211000898,0.0319119250238587,6.49480721802105,4.11362376027293,0.0158332579904636
"AR2 model",0.0152581044542727,0.0117665639706103,2.26141645043759,1.50189632682134,3.89076217069942e-05
"AR1 model",0.015257057744946,0.0118802173852825,2.30144480345458,1.50493639510671,0.000160832643285281
"Spatio-temporal model",0.0110832445458733,0.00875936431258289,1.7717869942663,1.16466004550691,0.00252655169048668
