"model","RMSE","MAE","MAPE","MDAPE","Bias"
"Generic PC",0.254900957694391,0.247918370026326,67.3261140368374,63.5691794158807,0.247918370026326
"QM",0.0615497839123067,0.0496302922157442,13.8433155145233,10.7773826976022,0.0479895698915816
"GB LM",0.0446464306606322,0.0310781516366655,8.55555967065281,5.23889394249592,0.0173465325021382
"Linear model",0.0349284450078638,0.0246730745957933,6.6189286667221,4.24740845229392,0.00748361872600375
"AR2 model",0.0189922893699523,0.0149033045753277,3.86482832052309,3.27595182861233,-0.00110583647523739
"AR1 model",0.0189394946254263,0.0149401675956598,3.85250690683562,3.18233497119198,-0.00109920791893087
"Spatio-temporal model",0.0150009502488605,0.0118196774782889,2.99890546637549,2.63108714901197,-0.00444351122408197
