"model","RMSE","MAE","MDAPE","Bias"
"Generic PC",0.35269448577331,0.259771450353703,28.5455715210363,0.193889479171358
"QM",0.298775554800863,0.217225773973796,24.9949064721458,0.000298569945056765
"GB LM",0.268189182245618,0.2024143001411,21.8785795842406,-0.0113368310009076
"AR1 model",0.241470766404992,0.187228172153147,21.8191636154056,-3.7320233960684e-06
"AR2 model",0.241415858546465,0.187223066154808,21.9225958646997,-2.40141991700807e-05
"Linear model",0.24081386965672,0.186638572843956,21.6379107864075,0.000391414756268648
"Spatio-temporal model",0.15863860245557,0.111770741925657,13.2732811561069,-7.80524344261013e-05
