"p_group3","model","RMSE","MAE","MAPE","MDAPE","Bias"
"high","Generic PC",0.387537547094491,0.298378312072458,189.133615744622,34.0777335747777,0.268000726498446
"high","QM",0.32408350485911,0.245361358294634,77.8761020371454,31.613471342903,9.81553255097265e-05
"high","GB LM",0.270426367577229,0.212533561229937,133.871351341484,23.8287025257526,0.0388095750336607
"high","Linear model",0.245440953966049,0.196974752548179,131.376437850931,24.6494435755171,0.000228911564819514
"high","AR2 model",0.146666624741608,0.11477135198688,90.3419234379039,14.5436866148356,3.96955724231373e-05
"high","AR1 model",0.141440964818969,0.110741468853541,87.0526899378649,14.0582744189721,2.20284538407212e-05
"high","Spatio-temporal model",0.120832277272458,0.0880598682067343,52.115953504885,11.2908623294606,0.000276323393917924
