"model","RMSE","MAE","MDAPE","Bias"
"Generic PC",0.273408544314403,0.195393746034382,63.2361502369134,0.156190469537668
"QM",0.182083442745929,0.126115089636162,45.3808878617171,0.000138034504111191
"GB LM",0.173218477740745,0.124448858389438,40.3675106277276,0.0267952465924264
"Linear model",0.159633535788159,0.115865274638622,38.8935509051033,0.00119748305570292
"AR1 model",0.151348710409598,0.109897435569752,37.3122887193497,0.00135259442334498
"AR2 model",0.151347675127809,0.109832774269704,37.3630908950751,0.00136398173136471
"Spatio-temporal model",0.112979258540198,0.0806348601091725,28.6555826173664,0.00130815123397612
