"model","RMSE","MAE","MAPE","MDAPE","Bias"
"Generic PC",0.143300380299765,0.132922120285883,86.5439867082229,88.4674924225145,0.132922120285883
"QM",0.037231581858143,0.0266176718968043,17.2611624070906,14.0231794330289,0.0222641563633357
"GB LM",0.0322068762141788,0.023763550984512,15.4115393909114,12.0555465205729,0.0175672721272387
"AR1 model",0.0210632341110779,0.0140971809300513,8.12002847165463,6.53959869391742,-0.00601931875660198
"AR2 model",0.0207561081307993,0.0140731526309956,8.16564665166446,6.62231834123276,-0.00598300011291009
"Linear model",0.0195918820688525,0.0150746192374213,10.1781762186994,7.94630810805912,0.000972058137950174
"Spatio-temporal model",0.00893615864788612,0.00676338646290019,4.29689031202077,3.34666786341592,4.41829133616717e-05
