"p_group3","model","RMSE","MAE","MAPE","MDAPE","Bias"
"mid","Generic PC",0.345176266368932,0.261135728648552,3025.72552408424,62.0879976675231,0.210489774708621
"mid","QM",0.233794278867887,0.16786120639399,1609.27245920252,45.3641877611988,-2.66393878633942e-05
"mid","GB LM",0.232030053395682,0.170345293473228,2388.25866987703,39.0554239159214,0.0586101735312919
"mid","Linear model",0.189334499569512,0.145344361485238,1564.47670829313,36.34122629608,0.00166884720479055
"mid","AR2 model",0.18759042589174,0.143631754523535,1623.44179944963,35.3137138431302,0.000688648714648203
"mid","AR1 model",0.187580740137085,0.143601055924851,1632.95668289746,35.2681321833635,0.000673003500854164
"mid","Spatio-temporal model",0.150231386296573,0.112307981898157,925.38334567151,28.8371015175857,0.000521472095179195
