"model","RMSE","MAE","MAPE","MDAPE","Bias"
"Generic PC",0.143300380299765,0.132922120285883,86.5439867082229,88.4674924225145,0.132922120285883
"QM",0.037231581858143,0.0266176718968043,17.2611624070906,14.0231794330289,0.0222641563633357
"GB LM",0.0322068762141789,0.023763550984512,15.4115393909114,12.0555465205729,0.0175672721272389
"AR1 model",0.0210700345996759,0.0140995596741146,8.12088254967616,6.53409188525218,-0.00601873073076684
"AR2 model",0.0207351951248144,0.0140700768194441,8.16722502183933,6.58818403717669,-0.00598240273814398
"Linear model",0.0195918820688525,0.0150746192374213,10.1781762186994,7.94630810805912,0.000972058137950174
"Spatio-temporal model",0.00620397058889451,0.00456983361909541,2.96570123947841,2.3006076334705,0.000426806126174766
