"model","RMSE","MAE","MAPE","MDAPE","Bias"
"Generic PC",0.226649370464192,0.212905566549504,59.8211822866897,61.0032770124595,0.212905566549504
"QM",0.0674701041508181,0.0531908973081333,14.0178878507966,16.1413025395177,0.0502421076903852
"GB LM",0.0347100840582202,0.0290862881575826,7.92272118102299,6.53073730600028,0.0147783443033235
"Linear model",0.0248687176871832,0.0203368211494681,5.78876660699706,5.88985823335872,0.00882250956117642
"AR2 model",0.016556694924147,0.0140096889088528,4.36784116481451,4.17622948540418,0.00114050279454843
"AR1 model",0.0156686508408695,0.0132443032417189,4.13520631195754,3.75071185682295,0.00132208240829203
"Spatio-temporal model",0.0103157977754075,0.00801689506081803,2.69504948547722,1.65403531846317,0.00301651051233182
