"model","RMSE","MAE","MDAPE","Bias"
"Generic PC",0.188966773976966,0.108798054329649,89.5341873216667,0.0639383454911745
"QM",0.140883548553696,0.0751298137091329,81.4343662056021,0.000256292802163967
"GB LM",0.133337218447479,0.0802635625838507,72.7598862967338,0.0141274666287751
"Linear model",0.125946527386132,0.0742668052298094,66.9990863316457,0.000212445699027396
"AR1 model",0.116248373795989,0.0706171431776294,68.3517691058156,0.00186644650927448
"AR2 model",0.11616492879173,0.0706259117037585,68.5036592999167,0.00192487559195382
"Spatio-temporal model",0.012019864951648,0.00639015507712682,7.19261289730334,0.000228219850824466
