"model","RMSE","MAE","MDAPE","Bias"
"Generic PC",0.273408544314403,0.195393746034382,63.2361502369134,0.156190469537668
"QM",0.182083442745929,0.126115089636162,45.3808878617171,0.000138034504111191
"GB LM",0.173218477740745,0.124448858389438,40.3675106277276,0.0267952465924264
"Linear model",0.159633535788159,0.115865274638622,38.8935509051033,0.00119748305570292
"AR2 model",0.15136352659089,0.109842518682022,37.3367715097762,0.00136545439865758
"AR1 model",0.151320846614816,0.109854828427525,37.385978050197,0.00134859416255427
"Spatio-temporal model",0.112947880167204,0.0806030200258215,28.7075498797032,0.00130561984915476
