"model","RMSE","MAE","MAPE","MDAPE","Bias"
"Generic PC",0.254900957694391,0.247918370026326,67.3261140368374,63.5691794158807,0.247918370026326
"QM",0.0615497839123067,0.0496302922157442,13.8433155145233,10.7773826976022,0.0479895698915816
"GB LM",0.0446464306606322,0.0310781516366655,8.55555967065281,5.23889394249592,0.0173465325021382
"Linear model",0.0349284450078638,0.0246730745957933,6.6189286667221,4.24740845229392,0.00748361872600375
"AR2 model",0.0190735657100399,0.0149508527351863,3.8785245627473,3.28211916474693,-0.00110376123612506
"AR1 model",0.0189172679972942,0.0148693621569109,3.83633541059711,3.23500419406471,-0.00111618598700215
"Spatio-temporal model",0.0149814017736092,0.0117980837732651,2.99226170558993,2.63964726230707,-0.00445814626853014
