"model","RMSE","MAE","MAPE","MDAPE","Bias"
"Generic PC",0.11187779496984,0.0955263933310996,114.785417061293,115.62947931043,0.0955263933310996
"QM",0.0379025536927263,0.0275115215396411,33.647213228265,28.0968231543661,0.0223252210524183
"GB LM",0.030907600447522,0.024780831098387,47.8772416312243,30.1596511343898,0.0217697102715981
"Linear model",0.0259545080566637,0.0219616912254336,38.173499251005,21.0311152553501,0.00730586431126645
"AR1 model",0.0157727474141165,0.0110429034207678,16.726301246977,10.6764861311436,0.00153627803559197
"AR2 model",0.0155847926244317,0.0109507924843822,16.3916356470481,10.127907395347,0.00156201492819508
"Spatio-temporal model",0.0105496798498149,0.00815540866098621,13.2236726119226,8.72017337268465,0.00256978402071009
