"model","RMSE","MAE","MDAPE","Bias"
"Generic PC",0.178288449848174,0.117572097547028,70.9691755169662,0.0863209747232105
"GB LM",0.112273443687859,0.0781717973245233,49.138504887403,0.0183966624740814
"QM",0.10947270127839,0.0715862701293524,53.526207612695,-4.28210712641282e-05
"Linear model",0.0967604508337605,0.0664438243084793,44.2134539420701,0.000657443219362089
"AR2 model",0.0928761060008873,0.0634291897232839,42.9761316681709,0.00131865418120444
"AR1 model",0.0927853755020194,0.0633727790142042,42.9266593969628,0.00131413598603353
"Spatio-temporal model",0.066431108708868,0.0453400963768716,32.9184736979596,0.00119033265462925
