"model","RMSE","MAE","MAPE","MDAPE","Bias"
"Generic PC",0.175648734366718,0.171680597848746,54.0088962209453,54.0643450385731,0.171680597848746
"QM",0.0361190379386026,0.0300762515726292,9.7930787600342,8.00584713393328,0.0280022056705393
"GB LM",0.0276018061970178,0.022857180701851,7.11353521201817,6.33880755103873,-0.0196321556888435
"Linear model",0.0228728981573352,0.0178013032933718,5.76755430389055,4.77238569926836,0.0111731015457167
"AR2 model",0.0215306684244426,0.0181878711743583,5.85349581809442,5.17941342072107,-0.0113070314122835
"AR1 model",0.0215136246288608,0.018132836491654,5.8286387912841,5.04224523503601,-0.0114273408145541
"Spatio-temporal model",0.0100175627213847,0.00742391373353327,2.28866900749349,1.89251600652216,0.000667530568496146
