"model","RMSE","MAE","MAPE","MDAPE","Bias"
"Generic PC",0.233486630850232,0.219091168238922,41.5062162115769,36.7338786217708,0.202078354528628
"QM",0.119307406396655,0.098186131346157,16.9402204538441,16.889361473131,-0.0900987785320284
"GB LM",0.0832310180308835,0.0536898396284715,9.64557190180485,5.11691406062236,-0.0158366444597972
"Linear model",0.082975781824301,0.0678212561022121,13.170545192407,9.76939425248785,0.000210681770772291
"AR2 model",0.0379424774450518,0.0308857333840931,5.28118046309005,4.6938391116457,-0.0229320875620665
"AR1 model",0.0376700368377898,0.0308486422373592,5.25195847707132,5.1498486990387,-0.0229848894602452
"Spatio-temporal model",0.0204281140569974,0.0165544534549621,3.16549834022338,2.28055148601025,0.0039827486220718
