"p_group3","model","RMSE","MAE","MAPE","MDAPE","Bias"
"low","Generic PC",0.165771366991498,0.0984970510913209,1210.38377575759,80.53609375,0.0647347272192228
"low","QM",0.10181415964539,0.060630733655603,581.56767183301,71.0262312765006,0.000398039125674466
"low","GB LM",0.101589852000205,0.0668936458938791,1248.72829500268,61.4247984368249,0.0187500769780736
"low","Linear model",0.0874714304680896,0.0573418352993104,1093.48407244355,57.0774656854601,0.00132854432585288
"low","AR1 model",0.0848914163242779,0.0552514687461561,965.051569791942,59.0885528475344,0.00185946211300134
"low","AR2 model",0.0848844293506977,0.0552659752482293,964.809460270004,58.8817244963981,0.0018785155285387
"low","Spatio-temporal model",0.0540645777563458,0.0340163143881654,580.615815622448,37.6804044754311,0.00176646123984851
