"model","RMSE","MAE","MAPE","MDAPE","Bias"
"Generic PC",0.226649370464192,0.212905566549504,59.8211822866897,61.0032770124595,0.212905566549504
"QM",0.0674701041508181,0.0531908973081333,14.0178878507966,16.1413025395177,0.0502421076903852
"GB LM",0.0347100840582202,0.0290862881575826,7.92272118102299,6.53073730600028,0.0147783443033235
"Linear model",0.0242143350314814,0.0199167020620347,5.60757092379739,5.61290188662426,0.00644668005832885
"Spatio-temporal model",0.0103940447203994,0.00835065030701412,2.53348018827543,1.81504194909589,0.0023652315588413
