"model","RMSE","MAE","MAPE","MDAPE","Bias"
"Generic PC",0.110351977118322,0.103046497922619,70.0310790519665,67.8715231601152,0.103046497922619
"QM",0.0222489558555837,0.0167846576311397,11.0312337258344,8.319010715876,0.00592102659756764
"GB LM",0.0166002559260525,0.0130879951099375,9.37392869234833,7.11267789415421,0.010389522526757
"Linear model",0.0153262147703813,0.0124603360488107,10.1887175283025,7.47999294775774,0.00231169448773312
"AR2 model",0.0113233136796322,0.00918275603019378,6.85789066583676,4.88112542300098,-0.000719809131857446
"AR1 model",0.0109563949215737,0.00885833571311437,6.65634144967623,4.43612025612841,-0.000615550793800328
"Spatio-temporal model",0.00874926467134786,0.00705456231814199,5.34398667107195,3.55482349594493,0.00229958049874172
