"model","RMSE","MAE","MDAPE","Bias"
"Generic PC",0.156628007671076,0.0783395283766051,85.4166666666667,0.0460391176619767
"QM",0.121787714370152,0.055966655884892,96.0206608915673,-0.000119879301406197
"GB LM",0.11622152757749,0.0630428997892434,76.1947880521592,0.00759664513856066
"Linear model",0.110788983260352,0.0559974866295229,75.148283109708,0.00206055146368675
"AR1 model",0.0522687819532133,0.0277756030208438,51.0775343552724,0.00102999050580917
"AR2 model",0.0434317400876709,0.0228902690790463,44.2261685496751,0.000760851681852204
"Spatio-temporal model",0.0352437686570848,0.0177419500232141,31.9047298626955,0.00138239605668799
