"p_group3","model","RMSE","MAE","MAPE","MDAPE","Bias"
"mid","Generic PC",0.345176266368932,0.261135728648552,3025.72552408424,62.0879976675231,0.210489774708621
"mid","QM",0.233794278867887,0.16786120639399,1609.27245920252,45.3641877611988,-2.66393878633942e-05
"mid","GB LM",0.232030053395682,0.170345293473228,2388.25866987703,39.0554239159214,0.0586101735312919
"mid","Linear model",0.189334499569512,0.145344361485238,1564.47670829313,36.34122629608,0.00166884720479055
"mid","AR1 model",0.18758400383344,0.143603365758749,1632.78464137559,35.2736236762818,0.000673268389430785
"mid","AR2 model",0.187574902463654,0.14362159584655,1625.08754191276,35.3403387745284,0.00068870250364751
"mid","Spatio-temporal model",0.103423842322418,0.0765020999756999,313.610518393272,20.2828267798408,0.00136040457022151
