"p_group3","model","RMSE","MAE","MAPE","MDAPE","Bias"
"mid","Generic PC",0.214667498949229,0.137198371681429,1579.58128739829,63.2206472505595,0.0663655198672975
"mid","QM",0.150911452186486,0.0988329198692579,1207.95950549271,57.8910367041569,-5.38201367662922e-05
"mid","GB LM",0.145723005710518,0.0980817013406299,1288.94902157488,51.1265422349764,-0.0134206552388699
"mid","AR1 model",0.126961186232999,0.0882284821020396,1660.44119457901,45.8505461424567,0.00118978641863665
"mid","AR2 model",0.126934656086924,0.0882217464577194,1671.31871421872,45.8267262722169,0.00120991666913696
"mid","Linear model",0.120502074916837,0.0851056943649927,1351.08750756643,44.4508296210688,0.0014910979997629
"mid","Spatio-temporal model",0.0606247227181144,0.0400604679711766,372.780873903698,23.8442284815005,0.000935857939699483
