"p_group3","model","RMSE","MAE","MAPE","MDAPE","Bias"
"high","Generic PC",0.456164715745889,0.341881760030563,1493.70886362658,45.1119368203385,0.294541667706623
"high","QM",0.37295427141275,0.276369728125801,1210.86246024538,40.4136924202815,0.000446833104298653
"high","GB LM",0.301477683624064,0.216570591318619,226.8806060399,26.4951495919505,0.0499274841750962
"high","Linear model",0.273292445143595,0.222041858569676,731.184244853671,31.3476231697019,0.00303389932260436
"high","AR2 model",0.259601016521853,0.203095950139784,590.213942949753,27.7170951783399,0.000282891807425567
"high","AR1 model",0.259588796118828,0.203255208954482,587.621892968475,27.7109213628214,0.000273236301105005
"high","Spatio-temporal model",0.198780685631145,0.150179512019561,328.83806763467,22.5675239256652,0.00134036579243047
