"model","RMSE","MAE","MDAPE","Bias"
"Generic PC",0.387537547094491,0.298378312072458,34.0777335747777,0.268000726498446
"QM",0.32408350485911,0.245361358294634,31.613471342903,9.81553255097265e-05
"GB LM",0.270426367577229,0.212533561229937,23.8287025257526,0.0388095750336607
"Linear model",0.245440953966049,0.196974752548179,24.6494435755171,0.000228911564819514
"AR2 model",0.146666624741608,0.11477135198688,14.5436866148356,3.96955724231373e-05
"AR1 model",0.141440964818969,0.110741468853541,14.0582744189721,2.20284538407212e-05
"Spatio-temporal model",0.120832277272458,0.0880598682067343,11.2908623294606,0.000276323393917924
