"model","RMSE","MAE","MAPE","MDAPE","Bias"
"Generic PC",0.193386177116031,0.177302926692539,48.6375762853113,37.9021305467216,0.177302926692539
"QM",0.0531219530727217,0.0399023529654612,10.9173823048207,6.04710136671304,0.0212889546921444
"Linear model",0.048141088297563,0.0383243973872239,13.2936115893398,5.49516324077913,0.0023163135030855
"GB LM",0.0423537756857091,0.0340641883723922,9.49282186909335,5.17125911307318,-0.00781176346174208
"AR2 model",0.0243584665729507,0.0203916317078322,4.87861712178947,3.6935018402878,-0.0071106573121364
"AR1 model",0.0242069684445669,0.0205007039953821,4.92860193501166,3.54569029437224,-0.00696447582404333
"Spatio-temporal model",0.0107295972828394,0.00884537107419963,2.50336597075388,1.56710514359116,-7.77257376779703e-05
