"model","RMSE","MAE","MDAPE","Bias"
"Generic PC",0.301462544112616,0.218119162069902,59.1584156288222,0.164435392170023
"QM",0.230644261201311,0.159766780112763,48.915789069702,0.000324486784787501
"GB LM",0.208965516035427,0.152879558874404,40.116669998,0.0234662373395383
"Linear model",0.187248522107945,0.14146233970036,39.5673645357633,0.0026105167310803
"AR2 model",0.182962293237622,0.134828245030252,37.052263518101,0.001959321005665
"AR1 model",0.182851643730839,0.134750380568389,36.9281342474366,0.00195504310732504
"Spatio-temporal model",0.0944920015521241,0.0661223264747225,20.0128097949937,0.00143616786994846
