"model","RMSE","MAE","MAPE","MDAPE","Bias"
"Generic PC",0.143300380299765,0.132922120285883,86.5439867082229,88.4674924225145,0.132922120285883
"QM",0.037231581858143,0.0266176718968043,17.2611624070906,14.0231794330289,0.0222641563633357
"GB LM",0.0322068762141789,0.023763550984512,15.4115393909114,12.0555465205729,0.0175672721272389
"AR1 model",0.0210637702689492,0.0140924225236893,8.1155792502778,6.53514585320958,-0.0060203038961219
"AR2 model",0.0207385454335108,0.014069342874228,8.16610613635549,6.6133621771693,-0.00598191463477708
"Linear model",0.0195918820688525,0.0150746192374213,10.1781762186994,7.94630810805912,0.000972058137950174
"Spatio-temporal model",0.00621031144312004,0.00457487981676734,2.96883976722418,2.29745346568084,0.000425228239660563
