"model","RMSE","MAE","MAPE","MDAPE","Bias"
"Generic PC",0.121066164432403,0.117174176743403,77.8830892555832,76.5691031971459,0.117174176743403
"QM",0.0562922650600122,0.0506730141854554,33.5428142777525,32.2046110957911,0.0500829482672895
"GB LM",0.0247234730956445,0.0200526463221255,13.8731316731226,11.9421822713375,0.0150817007340699
"Linear model",0.0245327085998989,0.01973707972808,13.5871037353525,11.2807605150106,0.0128965167877312
"Spatio-temporal model",0.00570341824126092,0.00471907701172647,3.16518434359512,2.57108588388945,0.000639363113116104
"AR2 model",0.000304937986814711,0.00026710782046604,0.177584686303616,0.160918780463982,7.25285061382343e-06
"AR1 model",4.12868766956214e-05,3.58047337584294e-05,0.023870750571882,0.0221396459102376,9.52884214204993e-07
