"model","RMSE","MAE","MAPE","MDAPE","Bias"
"Generic PC",0.121066164432403,0.117174176743403,77.8830892555832,76.5691031971459,0.117174176743403
"QM",0.0562922650600122,0.0506730141854554,33.5428142777525,32.2046110957911,0.0500829482672895
"GB LM",0.0247234730956445,0.0200526463221255,13.8731316731226,11.9421822713375,0.0150817007340699
"Linear model",0.0245327085998989,0.01973707972808,13.5871037353525,11.2807605150106,0.0128965167877312
"Spatio-temporal model",0.00233642501126775,0.002028364421627,1.36001867840588,1.19646017820381,0.000119807081984913
"AR2 model",0.000328573320386892,0.000287684535206753,0.191312626942087,0.173388690998212,7.78381482214284e-06
"AR1 model",3.25608584372317e-05,2.83238800275488e-05,0.018895589952716,0.0177781833451543,8.64114751953036e-07
