"model","RMSE","MAE","MAPE","MDAPE","Bias"
"Generic PC",0.292543513773957,0.288531891229598,45.9304448420075,41.9648440949207,0.288531891229598
"QM",0.094990933390236,0.0821501918045959,13.1425457119655,12.6529661192388,0.0821501918045959
"GB LM",0.0440455184287194,0.0348047905170735,5.62871139596594,4.54328109428545,0.030269739907429
"Linear model",0.0381554301967835,0.0307025021625466,4.9631825541532,4.71863339100434,0.0192729658827905
"AR2 model",0.0289317890218708,0.0242815642753055,3.84470380406915,3.57768487481196,0.00257046618971555
"AR1 model",0.0269798479515898,0.0223636384203399,3.53849455780413,3.24296327022659,0.00258799775286698
"Spatio-temporal model",0.0131692921127449,0.0103946615101347,1.61952722525959,1.16629905487602,-0.000679936062653273
