"model","RMSE","MAE","MDAPE","Bias"
"Generic PC",0.387537547094491,0.298378312072458,34.0777335747777,0.268000726498446
"QM",0.32408350485911,0.245361358294634,31.613471342903,9.8155325509726e-05
"GB LM",0.270426367577231,0.212533561229937,23.8287025257526,0.0388095750336678
"Linear model",0.245440953966049,0.196974752548179,24.649443575517,0.000228911564820455
"AR1 model",0.202465280534451,0.16908867386892,21.552661767065,2.78617720744385e-08
"AR2 model",0.18521109962174,0.154639939556013,19.472576848901,1.14128272024332e-08
"Spatio-temporal model",0.141109184029446,0.0996195611440244,11.9753191105504,0.000270462025718304
