"model","RMSE","MAE","MDAPE","Bias"
"Generic PC",0.324536831885845,0.242541309900684,35.4472621717584,0.203269994205214
"QM",0.260878561918534,0.185530893136489,28.6504125188985,0.000254556117030633
"GB LM",0.228146402287851,0.171815005543058,23.3676872586625,0.00421927708014088
"Linear model",0.207158330982842,0.155701222664305,23.0359371332529,0.000894537164926565
"AR2 model",0.204852685339792,0.151900203844498,21.5679654125657,0.000198379588812007
"AR1 model",0.204711009333383,0.151809716054539,21.5155283325436,0.00019576117642724
"Spatio-temporal model",0.157696508177976,0.111876567974354,16.8784489331185,0.000189639159726467
