"model","RMSE","MAE","MAPE","MDAPE","Bias"
"Generic PC",0.226649370464192,0.212905566549504,59.8211822866897,61.0032770124595,0.212905566549504
"QM",0.0674701041508181,0.0531908973081333,14.0178878507966,16.1413025395177,0.0502421076903852
"GB LM",0.0347100840582201,0.0290862881575826,7.92272118102298,6.53073730600029,0.0147783443033235
"Linear model",0.0248687176871832,0.0203368211494681,5.78876660699706,5.88985823335872,0.00882250956117642
"AR2 model",0.0165637007528539,0.0140165777199386,4.36842740899191,4.16516442947674,0.00113786535046968
"AR1 model",0.0156685096089628,0.013244150029371,4.13515515238271,3.75076807101158,0.00132206595324679
"Spatio-temporal model",0.0104693892660039,0.00834319161329467,2.65708194897555,1.69628486224799,0.00322222357947828
