"p_group3","model","RMSE","MAE","MAPE","MDAPE","Bias"
"high","Generic PC",0.456164715745889,0.341881760030563,1493.70886362658,45.1119368203385,0.294541667706623
"high","QM",0.37295427141275,0.276369728125801,1210.86246024538,40.4136924202815,0.000446833104298653
"high","GB LM",0.301477683624064,0.216570591318619,226.8806060399,26.4951495919506,0.049927484175096
"high","Linear model",0.273292445143595,0.222041858569676,731.184244853671,31.3476231697019,0.00303389932260436
"high","AR2 model",0.259640338911878,0.203118115821408,591.192883904036,27.7569720930082,0.000281686648834801
"high","AR1 model",0.25958054266733,0.203222865433489,587.470867972494,27.7237666153807,0.00026755583987513
"high","Spatio-temporal model",0.163145676296985,0.118107275111123,320.841658626389,17.6082260905262,0.00192832779218491
