"p_group3","model","RMSE","MAE","MAPE","MDAPE","Bias"
"mid","Generic PC",0.273408544314403,0.195393746034382,1421.04359960441,63.2361502369134,0.156190469537668
"mid","QM",0.182083442745929,0.126115089636162,714.089412006747,45.3808878617171,0.000138034504111191
"mid","GB LM",0.173218477740745,0.124448858389438,1198.69338614672,40.3675106277276,0.0267952465924264
"mid","Linear model",0.159633535788159,0.115865274638622,1148.69481191066,38.8935509051033,0.00119748305570292
"mid","AR2 model",0.15136352659089,0.109842518682022,1063.39604829062,37.3367715097762,0.00136545439865758
"mid","AR1 model",0.151320846614816,0.109854828427525,1065.16136612129,37.385978050197,0.00134859416255427
"mid","Spatio-temporal model",0.112947880167204,0.0806030200258215,683.209375983349,28.7075498797032,0.00130561984915476
