"model","RMSE","MAE","MDAPE","Bias"
"Generic PC",0.183998224993643,0.103725035250998,77.3806628640187,0.0632464181408743
"QM",0.137069063797153,0.0747513524939613,75.2942514366037,-0.000100490152841289
"GB LM",0.131814666346,0.0797157407661479,62.1923579260091,0.0221935010072809
"Linear model",0.109980025493592,0.0655917630306067,60.1208644675671,0.00311410684987882
"AR2 model",0.108770318054208,0.0649488714823286,59.4338742768416,0.00291748013139463
"AR1 model",0.108744768855215,0.064933184192949,59.3941005324974,0.00289920285020168
"Spatio-temporal model",0.0615831821751646,0.0337471545193397,34.7790008534368,0.00125999700056373
