"model","RMSE","MAE","MDAPE","Bias"
"Generic PC",0.273408544314403,0.195393746034382,63.2361502369134,0.156190469537668
"QM",0.182083442745929,0.126115089636162,45.3808878617171,0.000138034504111191
"GB LM",0.173218477740745,0.124448858389438,40.3675106277276,0.0267952465924264
"Linear model",0.159633535788159,0.115865274638622,38.8935509051033,0.00119748305570292
"AR2 model",0.1513997921306,0.109880148420443,37.3781319173241,0.00136738390795251
"AR1 model",0.15124255688516,0.109790485817565,37.4042655238828,0.00136413300301423
"Spatio-temporal model",0.0875427707411657,0.0592157300465604,20.3167117640181,0.000947611662481698
