"model","RMSE","MAE","MAPE","MDAPE","Bias"
"Generic PC",0.121761741654027,0.11827331996394,93.3421056008731,92.618670136583,0.11827331996394
"QM",0.0483398015212777,0.043039518122877,34.0352395413639,31.2304658253292,0.0429114906439074
"GB LM",0.0299238572118027,0.0255369088348925,21.0935866002257,19.3359812203848,0.0246467001354966
"Linear model",0.0268463244881907,0.0214793757802937,17.7671678563675,14.2446995120849,0.0196759229600203
"Spatio-temporal model",0.0025962156401123,0.00219050746509011,1.76434833609215,1.66623564168663,0.000337455311172653
"AR2 model",0.000552793461545388,0.000490602868253131,0.393062423866577,0.385515997254119,2.33077510320776e-05
"AR1 model",2.81190810123154e-05,2.50783375058093e-05,0.0199748519513346,0.0184777785332919,9.86510850461743e-07
