"model","RMSE","MAE","MAPE","MDAPE","Bias"
"Generic PC",0.182794062871566,0.169493510512052,65.4303446327826,61.0814117815067,0.169493510512052
"QM",0.0468475263875121,0.0342585927881249,11.9209011628028,9.52521882155154,0.0261486190576893
"GB LM",0.0326958656456012,0.027206599093157,13.0210047422992,8.53381442880432,0.00946887139149392
"Linear model",0.0300763545399302,0.0254537810703676,12.07991915172,7.58047685681102,0.000561067737260335
"AR2 model",0.0240194869424085,0.0186244668027464,7.35299842113384,5.34817978397192,-0.0111248935323476
"AR1 model",0.0237388666137991,0.0179921785095428,6.98866719111918,4.67768955737002,-0.0112619299653323
"Spatio-temporal model",0.0119306157960856,0.00899679874737087,4.01306759216543,2.32712807060898,0.000724844313592769
