"model","RMSE","MAE","MAPE","MDAPE","Bias"
"Generic PC",0.110351977118322,0.103046497922619,70.0310790519665,67.8715231601152,0.103046497922619
"QM",0.0222489558555837,0.0167846576311397,11.0312337258344,8.319010715876,0.00592102659756764
"GB LM",0.0166002559260525,0.0130879951099375,9.37392869234833,7.11267789415421,0.010389522526757
"Linear model",0.0153262147703813,0.0124603360488107,10.1887175283025,7.47999294775774,0.00231169448773312
"AR2 model",0.0112443772384207,0.00912268631318443,6.82371516154412,4.83318712964184,-0.00066235536969749
"AR1 model",0.0109645879680803,0.00886938218304153,6.66335154703344,4.44801055474911,-0.000609391709691714
"Spatio-temporal model",0.00753835584904423,0.00632527234822794,4.96338186798493,4.03821655628547,0.00275627301027898
