"model","RMSE","MAE","MDAPE","Bias"
"Generic PC",0.165771366991498,0.0984970510913209,80.53609375,0.0647347272192228
"QM",0.10181415964539,0.060630733655603,71.0262312765006,0.000398039125674466
"GB LM",0.101589852000205,0.066893645893879,61.4247984368251,0.0187500769780733
"Linear model",0.0874714304680896,0.0573418352993104,57.0774656854601,0.00132854432585288
"AR1 model",0.0848961480028899,0.0552547178712636,59.0498416250073,0.00185979599497804
"AR2 model",0.0848858359693198,0.0552664493730711,58.8774358652059,0.00187798133990013
"Spatio-temporal model",0.0540706670977312,0.0340177969411103,37.5897965494279,0.00176341056933338
