"model","RMSE","MAE","MDAPE","Bias"
"Generic PC",0.301462544112616,0.218119162069902,59.1584156288222,0.164435392170023
"QM",0.230644261201311,0.159766780112763,48.915789069702,0.000324486784787501
"GB LM",0.208965516035427,0.152879558874404,40.116669998,0.0234662373395382
"Linear model",0.187248522107945,0.14146233970036,39.5673645357633,0.0026105167310803
"AR2 model",0.182960105553569,0.134823339862377,37.0022551659832,0.0019592837413763
"AR1 model",0.182839344368461,0.134748128493131,36.8296471608158,0.00197412801565252
"Spatio-temporal model",0.131400590250698,0.0941566780138123,27.7445491155856,0.00184567821182696
