"p_group3","model","RMSE","MAE","MAPE","MDAPE","Bias"
"low","Generic PC",0.156628007671076,0.0783395283766051,1697.4297061262,85.4166666666667,0.0460391176619767
"low","QM",0.121787714370152,0.055966655884892,610.630276689293,96.0206608915673,-0.000119879301406197
"low","GB LM",0.11622152757749,0.0630428997892434,2233.59291651802,76.1947880521592,0.00759664513856066
"low","Linear model",0.107134118428299,0.0598753728545453,2733.20112602233,91.474601333743,2.48962632180664e-14
"low","Spatio-temporal model",0.0522669780999871,0.0257303831154122,693.59242886107,43.4422051395147,2.68211742588537e-09
