"model","RMSE","MAE","MAPE","MDAPE","Bias"
"Generic PC",0.121761741654027,0.11827331996394,93.3421056008731,92.618670136583,0.11827331996394
"QM",0.0483398015212777,0.043039518122877,34.0352395413639,31.2304658253292,0.0429114906439074
"GB LM",0.0299238572118066,0.0255369088348963,21.0935866002288,19.3359812203897,0.0246467001355012
"Linear model",0.0268463244881911,0.0214793757802941,17.7671678563679,14.2446995120853,0.0196759229600209
"AR1 model",0.0168659330229549,0.0136071171530693,10.3267912587216,7.1560664504751,0.0022453323199686
"AR2 model",0.0154095009930425,0.0123636077948301,9.30991416015074,6.60110481015574,0.00139904448873334
"Spatio-temporal model",0.00481407992053541,0.00398656843999446,3.1430839225451,2.630747963082,0.000294128824467184
