"model","RMSE","MAE","MAPE","MDAPE","Bias"
"Generic PC",0.226649370464192,0.212905566549504,59.8211822866897,61.0032770124595,0.212905566549504
"QM",0.0674701041508181,0.0531908973081333,14.0178878507966,16.1413025395177,0.0502421076903852
"GB LM",0.0347100840582239,0.0290862881575854,7.92272118102368,6.53073730600073,0.0147783443033301
"Linear model",0.0248687176871848,0.0203368211494692,5.78876660699735,5.88985823335993,0.00882250956118034
"AR1 model",0.022439892443363,0.0183277921052283,5.72458613678096,4.31733065288078,0.00809640936572205
"AR2 model",0.0214634777618125,0.0176090434355155,5.48339423612491,4.28866771829634,0.00582914074457905
"Spatio-temporal model",0.0101729694961315,0.00816446538054188,2.58034179283127,1.85972138742323,0.00228263693584012
