"model","RMSE","MAE","MDAPE","Bias"
"Generic PC",0.152257111348998,0.0908078109150847,81.3061376555718,0.0704590812110996
"GB LM",0.0961853892590086,0.0625037421681265,57.4002627772851,0.021105976741967
"QM",0.0923663386146931,0.0529419261248345,64.8566171464832,-0.000140729310037641
"Linear model",0.0818305999117164,0.0510693903180368,54.1304706537745,0.00137184322344542
"AR2 model",0.081303562333228,0.050607720483621,56.0034603492598,0.00194955869780962
"AR1 model",0.0812213428771868,0.0505573258923757,55.7866435251898,0.0019461837437159
"Spatio-temporal model",0.0374469107657163,0.0226972924068922,26.6896431013671,0.000823927073253763
