"p_group3","model","RMSE","MAE","MAPE","MDAPE","Bias"
"mid","Generic PC",0.178288449848174,0.117572097547028,650.219407540508,70.9691755169662,0.0863209747232105
"mid","GB LM",0.112273443687859,0.0781717973245233,588.281740177529,49.138504887403,0.0183966624740814
"mid","QM",0.10947270127839,0.0715862701293524,299.302453556413,53.526207612695,-4.28210712641282e-05
"mid","Linear model",0.0967604508337605,0.0664438243084793,499.780199161644,44.2134539420701,0.000657443219362089
"mid","AR2 model",0.0928571173075239,0.0634190440404453,462.357039509004,42.9023400853836,0.00132037666485052
"mid","AR1 model",0.0927908348424094,0.0633784448615899,460.633763967766,42.9118066751165,0.00131392425938989
"mid","Spatio-temporal model",0.0509373022828023,0.0337425524464657,196.728797274119,24.6472739885066,0.00120074734831749
