"model","RMSE","MAE","MAPE","MDAPE","Bias"
"Generic PC",0.193386177116031,0.177302926692539,48.6375762853113,37.9021305467216,0.177302926692539
"QM",0.0531219530727217,0.0399023529654612,10.9173823048207,6.04710136671304,0.0212889546921444
"Linear model",0.048141088297563,0.0383243973872239,13.2936115893398,5.49516324077913,0.0023163135030855
"GB LM",0.0423537756857091,0.0340641883723922,9.49282186909335,5.17125911307318,-0.00781176346174208
"AR2 model",0.0243595971159689,0.0203877893506748,4.87709347766607,3.69451965605864,-0.007102310847498
"AR1 model",0.0241919081213356,0.0204925056488073,4.92436212129247,3.54402792375969,-0.00697675869066458
"Spatio-temporal model",0.0152642136483052,0.01296329768909,2.86039307946239,2.51723667698202,-0.00920184324158484
