"model","RMSE","MAE","MAPE","MDAPE","Bias"
"Generic PC",0.159048425614978,0.149319503158554,57.5333561302418,52.441313437126,0.149319503158554
"GB LM",0.0385017328680925,0.0318317637385378,11.6682503116086,8.77032884384107,-0.00574941693453571
"QM",0.0352379485007986,0.0299852466546187,11.986838424693,9.10419138515072,0.0106683704231632
"Linear model",0.0320644215020435,0.0266545175086236,10.210334468954,7.55838324885102,-0.00190990610167808
"AR2 model",0.0238706263360343,0.0192602362745987,5.89024063464895,5.6213696800488,-0.00839090862908184
"AR1 model",0.0236956068288631,0.0190417080927515,5.77183706916154,5.50328630907812,-0.00833925529391308
"Spatio-temporal model",0.00997933393151331,0.00789612637421565,2.51064009900047,2.11452831146029,-0.00440538208692646
