"model","RMSE","MAE","MAPE","MDAPE","Bias"
"Generic PC",0.254900957694391,0.247918370026326,67.3261140368374,63.5691794158807,0.247918370026326
"QM",0.0615497839123067,0.0496302922157442,13.8433155145233,10.7773826976022,0.0479895698915816
"GB LM",0.0446464306606322,0.0310781516366655,8.5555596706528,5.23889394249592,0.0173465325021382
"Linear model",0.0349284450078638,0.0246730745957933,6.6189286667221,4.24740845229392,0.00748361872600375
"AR2 model",0.0190373547899954,0.0149238157549972,3.87104129862134,3.2796227226661,-0.00110614389435887
"AR1 model",0.0187911907257979,0.0148473952864906,3.83095533589496,3.19507882889678,-0.00110197461353451
"Spatio-temporal model",0.015035758276929,0.0118482638067484,3.00544360849239,2.65007234659296,-0.0044472354067471
