"model","RMSE","MAE","MDAPE","Bias"
"Generic PC",0.214667498949229,0.137198371681429,63.2206472505595,0.0663655198672975
"QM",0.150911452186486,0.0988329198692579,57.8910367041569,-5.38201367662922e-05
"GB LM",0.145723005710518,0.0980817013406299,51.1265422349764,-0.0134206552388699
"AR1 model",0.126942916202656,0.0882193986629281,45.893376126579,0.00119509402972341
"AR2 model",0.126936376066984,0.088226635726826,45.9109771310937,0.00121536374203931
"Linear model",0.120502074916837,0.0851056943649927,44.4508296210688,0.0014910979997629
"Spatio-temporal model",0.0874772366728443,0.0603091466485358,32.9806826886833,0.00187860936718308
