"model","RMSE","MAE","MDAPE","Bias"
"Generic PC",0.281398666556244,0.19402925344075,52.1506724147349,0.148411761657526
"QM",0.202583588392802,0.136293736492118,45.3358569910011,3.34991604046614e-05
"GB LM",0.188366718928347,0.130555766823409,35.3792117191337,0.0199046170473516
"Linear model",0.170338113630956,0.119522487330674,35.242974027056,0.00256526481214611
"AR1 model",0.137713992981101,0.0980804296552659,29.054565510114,0.00285940293860929
"AR2 model",0.123252638596662,0.0877940738060162,26.3423103267601,0.00169775517166923
"Spatio-temporal model",0.0954813462177908,0.0621175631312622,19.8893572679737,0.00126876840098806
