"model","RMSE","MAE","MDAPE","Bias"
"Generic PC",0.351206395510513,0.263012313714491,30.8030596150276,0.22903865531921
"QM",0.280786471990938,0.207420875432103,27.4989715676103,0.000464192551483329
"GB LM",0.245938863938642,0.183205366990623,21.2547112508625,0.0214856028791036
"Linear model",0.228526172001123,0.173384898874426,21.6441062941753,0.000363182133252291
"AR2 model",0.225586995052042,0.171481039085932,21.4993866779068,2.09085700722432e-05
"AR1 model",0.225509951971915,0.171433151642355,21.562000819268,2.03456755192638e-05
"Spatio-temporal model",0.134696545412167,0.0959293252261379,12.5457999575196,0.000480244527230893
