"model","RMSE","MAE","MAPE","MDAPE","Bias"
"Generic PC",0.233486630850232,0.219091168238922,41.5062162115769,36.7338786217708,0.202078354528628
"QM",0.119307406396655,0.098186131346157,16.9402204538441,16.889361473131,-0.0900987785320284
"GB LM",0.0832310180308835,0.0536898396284715,9.64557190180485,5.11691406062236,-0.0158366444597973
"Linear model",0.082975781824301,0.0678212561022121,13.170545192407,9.76939425248785,0.000210681770772291
"AR2 model",0.0381019952186438,0.0309936803814813,5.30195419864577,4.71412100475579,-0.0229409623566249
"AR1 model",0.0375599252452446,0.0307718742565859,5.24048611401531,5.1083306473948,-0.0229747603037472
"Spatio-temporal model",0.0203575835492053,0.0164967941587937,3.1535610629967,2.25788684695284,0.00394942295458614
