"model","RMSE","MAE","MDAPE","Bias"
"Generic PC",0.281398666556244,0.19402925344075,52.1506724147349,0.148411761657526
"QM",0.202583588392802,0.136293736492118,45.3358569910011,3.34991604046614e-05
"GB LM",0.188366718928346,0.130555766823409,35.3792117191296,0.0199046170473465
"Linear model",0.170338113630956,0.119522487330674,35.2429740270618,0.00256526481214126
"AR2 model",0.0734897001316008,0.0508121190170461,16.9269794931815,0.000931482566580905
"AR1 model",0.0712194325208987,0.0496177052118554,16.2183261171366,0.00105051522215356
"Spatio-temporal model",0.0609023251471498,0.0384942042241954,12.0759174143577,0.00102532652242269
