"model","RMSE","MAE","MDAPE","Bias"
"Generic PC",0.156628007671076,0.0783395283766051,85.4166666666667,0.0460391176619767
"QM",0.121787714370152,0.055966655884892,96.0206608915673,-0.000119879301406197
"GB LM",0.11622152757749,0.0630428997892418,76.1947880521601,0.00759664513855714
"Linear model",0.110788983260352,0.0559974866295228,75.1482831097081,0.0020605514636865
"Spatio-temporal model",0.0176304778738099,0.00837917406647562,15.9583599950968,0.000460012708958692
"AR2 model",0.00226686061284619,0.00120367693432427,2.74643680103096,2.93476114087777e-05
"AR1 model",2.39134859863969e-05,1.27038186566019e-05,0.0283419581393092,2.62144351099149e-07
