"p_group3","model","RMSE","MAE","MAPE","MDAPE","Bias"
"mid","Generic PC",0.345176266368932,0.261135728648552,3025.72552408424,62.0879976675231,0.210489774708621
"mid","QM",0.233794278867887,0.16786120639399,1609.27245920252,45.3641877611988,-2.66393878633942e-05
"mid","GB LM",0.232030053395682,0.170345293473228,2388.25866987703,39.0554239159214,0.0586101735312919
"mid","Linear model",0.189334499569512,0.145344361485238,1564.47670829313,36.34122629608,0.00166884720479055
"mid","AR2 model",0.187600845123319,0.143630895272767,1625.23079956663,35.2768115434758,0.000685650785505039
"mid","AR1 model",0.187561379448742,0.143591076506994,1631.54049662187,35.2566805589156,0.000675869486168919
"mid","Spatio-temporal model",0.15024264337935,0.112301495660036,922.890826673465,28.8240963989896,0.000520063711365596
