"model","RMSE","MAE","MAPE","MDAPE","Bias"
"Generic PC",0.235293929450781,0.225166615066475,47.5367739146661,42.0993397153947,0.225166615066475
"QM",0.0652261521710899,0.0511162161910427,10.9418178792358,7.82891576677174,0.0403667005572882
"GB LM",0.0462130288597132,0.0397203904543833,8.09587238725989,6.97275656103951,-0.0139116260569538
"Linear model",0.036908504416055,0.030632903519114,7.51526821258113,4.72555097103234,0.00454387298733757
"AR2 model",0.0293699265968272,0.0242248948305406,5.04990611587545,4.45057814581029,-0.0154148270405409
"AR1 model",0.0286790426773503,0.0238151086520962,4.87196094959215,4.42393734759874,-0.0153036457622541
"Spatio-temporal model",0.0173244899777441,0.0136977557115771,2.67207989772545,2.21220830750278,-0.00598188813219546
