"model","RMSE","MAE","MAPE","MDAPE","Bias"
"Generic PC",0.175648734366718,0.171680597848746,54.0088962209453,54.0643450385731,0.171680597848746
"QM",0.0361190379386026,0.0300762515726292,9.7930787600342,8.00584713393328,0.0280022056705393
"GB LM",0.0276018061970178,0.022857180701851,7.11353521201817,6.33880755103873,-0.0196321556888435
"Linear model",0.0228728981573352,0.0178013032933718,5.76755430389055,4.77238569926836,0.0111731015457167
"AR1 model",0.0215801379854883,0.0181589563646205,5.83577042769019,5.05713919913121,-0.0114397329198288
"AR2 model",0.0214886335601535,0.0181680077106246,5.84568279744021,5.19244823691399,-0.011339777025809
"Spatio-temporal model",0.00734777415587152,0.00562763464799508,1.79206990128772,1.37677171667244,0.00217724548165923
