"model","RMSE","MAE","MAPE","MDAPE","Bias"
"Generic PC",0.241198489824267,0.232150560828855,57.694685871549,56.8206881252382,0.232150560828855
"QM",0.0446744657268768,0.0365101552955674,8.85841679249257,7.15307094177866,0.0248944083905806
"GB LM",0.0350324871035086,0.0270890791091055,7.20086001339345,5.22587945587672,0.0151052729857903
"Linear model",0.0322653699661544,0.0257634658894892,6.92358391119719,4.99109808095019,0.000424151322800517
"AR2 model",0.031774962305929,0.0265235570007137,6.22762871657187,5.57063171936783,-0.0219462460222262
"AR1 model",0.0316927937930038,0.0266149260922837,6.28137805711554,5.62681076417087,-0.022067459174473
"Spatio-temporal model",0.0163278366095872,0.013168420295597,3.445084851716,2.80184499076071,-0.00412894651921871
