"model","RMSE","MAE","MDAPE","Bias"
"Generic PC",0.284098997990774,0.201751883255149,52.7908804580975,0.156069583165691
"QM",0.202771415265822,0.137618309816547,39.6222802293105,0.000178924289463281
"GB LM",0.19319085758023,0.138346381362887,34.1820692113737,0.0273785803057736
"Linear model",0.175803258782225,0.127991055349826,33.5531329663233,0.00161395027154261
"AR2 model",0.158356581945695,0.114963329762666,29.7382071883042,0.00269414155367488
"AR1 model",0.158223993704411,0.114859491798876,29.693808991972,0.00267892193639769
"Spatio-temporal model",0.118759405496949,0.0836062087311559,23.2405082815949,0.00156694171375006
