"model","RMSE","MAE","MAPE","MDAPE","Bias"
"Generic PC",0.110351977118322,0.103046497922619,70.0310790519665,67.8715231601152,0.103046497922619
"QM",0.0222489558555837,0.0167846576311397,11.0312337258344,8.319010715876,0.00592102659756764
"GB LM",0.0166002559260524,0.0130879951099374,9.37392869234823,7.11267789415403,0.0103895225267568
"Linear model",0.0153262147703813,0.0124603360488107,10.1887175283025,7.47999294775774,0.00231169448773312
"AR2 model",0.0112430965301785,0.00911609288083399,6.81914376052936,4.82472642561438,-0.000687211584059752
"AR1 model",0.0109687034348727,0.00887330936764496,6.66487010929964,4.4430520342946,-0.000610028853610297
"Spatio-temporal model",0.00875284357618677,0.00705817405396125,5.34763067709776,3.55752486116149,0.00229931992925518
