"p_group3","model","RMSE","MAE","MAPE","MDAPE","Bias"
"low","Generic PC",0.165771366991498,0.0984970510913209,1210.38377575759,80.53609375,0.0647347272192228
"low","QM",0.10181415964539,0.060630733655603,581.56767183301,71.0262312765006,0.000398039125674466
"low","GB LM",0.101589852000205,0.0668936458938791,1248.72829500268,61.4247984368249,0.0187500769780736
"low","Linear model",0.0874714304680896,0.0573418352993104,1093.48407244355,57.0774656854601,0.00132854432585288
"low","AR1 model",0.0848895750292261,0.055250978538259,964.964485149845,59.0860802512243,0.00186010238936469
"low","AR2 model",0.0848870003905898,0.0552680404632192,964.927247405358,58.9101328215319,0.00187875245186219
"low","Spatio-temporal model",0.0540678472991332,0.0340183502908935,580.408132224273,37.6572393159243,0.00176478306449747
