"model","RMSE","MAE","MDAPE","Bias"
"Generic PC",0.388447992935961,0.30092351638087,34.2743858332964,0.271110364206825
"QM",0.320959562622127,0.240711857850322,30.4098771739602,0.000296745109628307
"GB LM",0.270481419485273,0.211445762165892,23.566758290232,0.0395053953910907
"Linear model",0.241940385508225,0.192045966420589,24.5526160459225,0.000291074777567693
"Spatio-temporal model",0.0935342592851931,0.0635291788739586,7.38644643052869,0.000139938850877419
"AR1 model",0.00150834954455776,0.00102246543595745,0.120786226037967,1.7517335253141e-06
"AR2 model",0.00107249757164884,0.000725613460214075,0.084765785615249,1.15040882865918e-06
