"model","RMSE","MAE","MAPE","MDAPE","Bias"
"Generic PC",0.281398666556244,0.19402925344075,403.266835689306,52.1506724147349,0.148411761657526
"QM",0.202583588392802,0.136293736492118,126.24108507524,45.3358569910011,3.34991604046614e-05
"GB LM",0.188366718928346,0.130555766823409,433.929074418059,35.3792117191294,0.0199046170473465
"Linear model",0.171272109742838,0.122087752142815,686.352059615296,35.2429740270618,2.18958434835661e-16
"Spatio-temporal model",0.108546516080554,0.0718884091281528,245.769889550451,22.195867950268,4.57341471618824e-10
