"p_group3","model","RMSE","MAE","MAPE","MDAPE","Bias"
"high","Generic PC",0.388447992935961,0.30092351638087,210.538818241475,34.2743858332964,0.271110364206825
"high","QM",0.320959562622127,0.240711857850322,80.6029380851101,30.4098771739602,0.000296745109628307
"high","GB LM",0.270481419485273,0.211445762165892,149.552565385204,23.566758290232,0.0395053953910907
"high","Linear model",0.241940385508225,0.192045966420589,153.447852552159,24.5526160459225,0.000291074777567693
"high","Spatio-temporal model",0.0935342592851931,0.0635291788739586,42.7247868546619,7.38644643052869,0.000139938850877419
"high","AR1 model",0.00150834954455776,0.00102246543595745,0.530700734718142,0.120786226037967,1.7517335253141e-06
"high","AR2 model",0.00107249757164884,0.000725613460214075,0.367539115963056,0.084765785615249,1.15040882865918e-06
