"model","RMSE","MAE","MDAPE","Bias"
"Generic PC",0.156628007671076,0.0783395283766051,85.4166666666667,0.0460391176619767
"QM",0.121787714370152,0.055966655884892,96.0206608915673,-0.000119879301406197
"GB LM",0.11622152757749,0.0630428997892418,76.1947880521601,0.00759664513855714
"Linear model",0.110788983260352,0.0559974866295228,75.1482831097081,0.0020605514636865
"Spatio-temporal model",0.0309413511590321,0.0165695197801128,34.1561025580654,0.00155611959560043
"AR2 model",0.00210180095627964,0.00111595632545668,2.55576774057509,2.73628326955753e-05
"AR1 model",0.000167364827388597,8.89928270483469e-05,0.197036629199277,1.83532650098499e-06
