"model","RMSE","MAE","MAPE","MDAPE","Bias"
"Generic PC",0.175648734366718,0.171680597848746,54.0088962209453,54.0643450385731,0.171680597848746
"QM",0.0361190379386026,0.0300762515726292,9.7930787600342,8.00584713393328,0.0280022056705393
"GB LM",0.0276018061970178,0.022857180701851,7.11353521201817,6.33880755103873,-0.0196321556888435
"Linear model",0.0228728981573352,0.0178013032933718,5.76755430389055,4.77238569926836,0.0111731015457167
"AR1 model",0.0215209719957971,0.0181307216756158,5.82672490303645,5.04725250299022,-0.0114286627180486
"AR2 model",0.0214628270974179,0.0181621852870467,5.84352184238712,5.21119906149291,-0.0113443431017684
"Spatio-temporal model",0.00733512878119009,0.00561608302508812,1.78809213119255,1.37483005612792,0.00217284212859711
