"model","RMSE","MAE","MAPE","MDAPE","Bias"
"Generic PC",0.124043162692403,0.111066238779022,71.8007347378054,68.5114520901863,0.111066238779022
"QM",0.0294763434567444,0.0221294144702045,13.8286950851002,12.0363085602315,0.00836639063029357
"Linear model",0.0224564470599447,0.0186036700945813,12.6772977543134,11.2034190763433,0.00592392410767365
"GB LM",0.0221417481257918,0.0187346457838885,12.5877523569854,10.4950113297957,0.00431338085303954
"AR2 model",0.0139095941724091,0.0117645009623964,7.92242726213157,6.99203908332086,-0.00527299142065283
"AR1 model",0.0138247015665131,0.0115756680623142,7.71137715827164,6.57982561998749,-0.00528369085658243
"Spatio-temporal model",0.00673028400875602,0.00527256524728227,3.63474038042069,2.99113673335184,-0.000507835800280514
