"model","RMSE","MAE","MDAPE","Bias"
"Generic PC",0.35269448577331,0.259771450353703,28.5455715210363,0.193889479171358
"QM",0.298775554800863,0.217225773973796,24.9949064721458,0.000298569945056765
"GB LM",0.268189182245618,0.2024143001411,21.8785795842406,-0.0113368310009076
"AR1 model",0.241535000794102,0.187285156232574,21.7745785063835,-2.74993405421106e-06
"AR2 model",0.241468789173542,0.187287776409728,21.9639068192503,-2.74957497885331e-05
"Linear model",0.24081386965672,0.186638572843956,21.6379107864075,0.000391414756268648
"Spatio-temporal model",0.197828951254269,0.146117122003249,17.5765900376391,-0.000391861677729502
