"model","RMSE","MAE","MAPE","MDAPE","Bias"
"Generic PC",0.20666677313764,0.197529735837394,31.4568843894573,24.9767862518127,0.197529735837394
"GB LM",0.0661114481642624,0.0551485047395507,8.12084222528121,7.49967372436978,-0.0491983570870573
"Linear model",0.0479421245738954,0.0417311336798098,6.50940850328719,6.41711105384348,-0.0169319393901582
"QM",0.0478408167457453,0.0378148920863487,5.91439144295864,4.74190137280083,0.00197671702067052
"AR1 model",0.0448699434355148,0.0385740944892415,5.77516846810506,5.1614053683247,-0.0380551956760319
"AR2 model",0.0436419573343887,0.0380540604534541,5.72572118735704,4.87646644780329,-0.0375489706158657
"Spatio-temporal model",0.0188111322051614,0.0154385785472596,2.41491700812895,1.95617525721249,-0.00679997568201781
