"p_group3","model","RMSE","MAE","MAPE","MDAPE","Bias"
"low","Generic PC",0.156628007671076,0.0783395283766051,1697.4297061262,85.4166666666667,0.0460391176619767
"low","QM",0.121787714370152,0.055966655884892,610.630276689293,96.0206608915673,-0.000119879301406197
"low","GB LM",0.11622152757749,0.0630428997892418,2233.5929165178,76.1947880521601,0.00759664513855714
"low","Linear model",0.110788983260352,0.0559974866295228,1694.10621321364,75.1482831097081,0.0020605514636865
"low","Spatio-temporal model",0.0309413511590321,0.0165695197801128,768.785694475216,34.1561025580654,0.00155611959560043
"low","AR2 model",0.00210180095627964,0.00111595632545668,33.1455827618218,2.55576774057509,2.73628326955753e-05
"low","AR1 model",0.000167364827388597,8.89928270483469e-05,2.82605601077787,0.197036629199277,1.83532650098499e-06
