"model","RMSE","MAE","MDAPE","Bias"
"Generic PC",0.183998224993643,0.103725035250998,77.3806628640187,0.0632464181408743
"QM",0.137069063797153,0.0747513524939613,75.2942514366037,-0.000100490152841289
"GB LM",0.131814666346,0.0797157407661479,62.1923579260091,0.0221935010072809
"Linear model",0.109980025493592,0.0655917630306067,60.1208644675671,0.00311410684987882
"AR2 model",0.108770628011369,0.0649572228261531,59.3024721974068,0.0029233245663314
"AR1 model",0.108743192236548,0.0649343942186395,59.4548551097624,0.00290076906227235
"Spatio-temporal model",0.0616011280649005,0.0337574981433966,34.8189404759496,0.0012598442714925
