"model","RMSE","MAE","MDAPE","Bias"
"Generic PC",0.214667498949229,0.137198371681429,63.2206472505595,0.0663655198672975
"QM",0.150911452186486,0.0988329198692579,57.8910367041569,-5.38201367662922e-05
"GB LM",0.145723005710518,0.0980817013406299,51.1265422349764,-0.0134206552388699
"AR2 model",0.126964195638774,0.0882546826955434,46.0312005158928,0.00121374417505434
"AR1 model",0.126915428260267,0.0882037147075287,45.8801856370709,0.00120166460081391
"Linear model",0.120502074916837,0.0851056943649927,44.4508296210688,0.0014910979997629
"Spatio-temporal model",0.0874819058767493,0.0603143298396126,32.9380412295866,0.00187887565692637
