"model","RMSE","MAE","MAPE","MDAPE","Bias"
"Generic PC",0.11187779496984,0.0955263933310996,114.785417061293,115.62947931043,0.0955263933310996
"QM",0.0379025536927263,0.0275115215396411,33.647213228265,28.0968231543661,0.0223252210524183
"GB LM",0.030907600447522,0.024780831098387,47.8772416312243,30.1596511343898,0.0217697102715981
"Linear model",0.0259545080566637,0.0219616912254336,38.173499251005,21.0311152553501,0.00730586431126645
"AR1 model",0.0158017659418903,0.0110537112584649,16.7405712670773,10.7345785387844,0.00153405746834867
"AR2 model",0.0156398357826461,0.0109662870943075,16.4224590445207,10.3007178172705,0.0015561477037893
"Spatio-temporal model",0.00733088585039803,0.00563806012965255,8.66103438878493,5.05009122583276,0.00142645140349846
