"model","RMSE","MAE","MDAPE","Bias"
"Generic PC",0.345176266368932,0.261135728648552,62.0879976675231,0.210489774708621
"QM",0.233794278867887,0.16786120639399,45.3641877611988,-2.66393878633942e-05
"GB LM",0.232030053395682,0.170345293473228,39.0554239159214,0.0586101735312919
"Linear model",0.189334499569512,0.145344361485238,36.34122629608,0.00166884720479055
"AR1 model",0.18758400383344,0.143603365758749,35.2736236762818,0.000673268389430785
"AR2 model",0.187574902463654,0.14362159584655,35.3403387745284,0.00068870250364751
"Spatio-temporal model",0.103423842322418,0.0765020999756999,20.2828267798408,0.00136040457022151
