"model","RMSE","MAE","MAPE","MDAPE","Bias"
"Generic PC",0.245783306621282,0.23889605099282,46.1905018756283,34.7580314514436,0.23889605099282
"QM",0.0719714409266191,0.0552399943623235,10.3422193997654,6.5190022131122,0.0369058786425981
"GB LM",0.0472710892509757,0.0381854605135516,8.07090100157479,4.6980019988111,0.026499914361799
"Linear model",0.0442037564855323,0.0351276601301301,7.35458643185715,4.61256732863618,0.0159324059180962
"AR1 model",0.0223196398478968,0.0174760883059046,3.36339267818143,2.58544575681357,0.00682193395414149
"AR2 model",0.022282890159418,0.017427637827408,3.33592443691897,2.50166652904899,0.00675082969020612
"Spatio-temporal model",0.0142396994822615,0.0109740054363621,2.24485539173583,1.3581425236278,0.00514013856239752
