"model","RMSE","MAE","MDAPE","Bias"
"Generic PC",0.264971167384628,0.186934538293815,57.8101904231746,0.149649441602511
"QM",0.191213477105576,0.129767688857215,42.4778830411124,0.000105799794699662
"GB LM",0.176338275729995,0.126345611600346,36.1749344766203,0.0241547288671031
"Linear model",0.152820582621823,0.112620706332129,35.0019390669256,0.00391448657499606
"AR1 model",0.149042808104679,0.107427967027411,33.5971279968363,0.00258499582424252
"AR2 model",0.148970650003808,0.107378000224933,33.5018834392504,0.00261570268375725
"Spatio-temporal model",0.111364750293265,0.0785757681854727,25.5389396824616,0.0016981985017019
