"model","RMSE","MAE","MAPE","MDAPE","Bias"
"Generic PC",0.233486630850232,0.219091168238922,41.5062162115769,36.7338786217708,0.202078354528628
"QM",0.119307406396655,0.098186131346157,16.9402204538441,16.889361473131,-0.0900987785320284
"GB LM",0.0832310180308835,0.0536898396284715,9.64557190180485,5.11691406062236,-0.0158366444597973
"Linear model",0.082975781824301,0.0678212561022121,13.170545192407,9.76939425248785,0.000210681770772291
"AR2 model",0.0379687948103702,0.0308819598584108,5.28157979795836,4.71625001343779,-0.0229492513161368
"AR1 model",0.0375530226829663,0.0307571574623149,5.23788691252863,5.11087409448501,-0.0229907020179869
"Spatio-temporal model",0.020442783356877,0.0165643128222685,3.16751699564999,2.28224969214326,0.00397803736850432
