"model","RMSE","MAE","MAPE","MDAPE","Bias"
"Generic PC",0.193386177116031,0.177302926692539,48.6375762853113,37.9021305467216,0.177302926692539
"QM",0.0531219530727217,0.0399023529654612,10.9173823048207,6.04710136671304,0.0212889546921444
"Linear model",0.048141088297563,0.0383243973872239,13.2936115893398,5.49516324077913,0.0023163135030855
"GB LM",0.042353775685709,0.0340641883723921,9.49282186909332,5.17125911307319,-0.00781176346174205
"AR2 model",0.024344721056912,0.0203802846313917,4.87699579631165,3.68665866782754,-0.00708939596898302
"AR1 model",0.0242256833408421,0.0205143567609447,4.93236371445568,3.55130715684616,-0.00697506255750609
"Spatio-temporal model",0.0152789536735908,0.0129741489593856,2.85930372009473,2.51680604058642,-0.00923791355043434
