"model","RMSE","MAE","MDAPE","Bias"
"Generic PC",0.178288449848174,0.117572097547028,70.9691755169662,0.0863209747232105
"GB LM",0.112273443687859,0.0781717973245232,49.1385048874025,0.0183966624740812
"QM",0.10947270127839,0.0715862701293524,53.526207612695,-4.28210712641282e-05
"Linear model",0.0967604508337605,0.0664438243084793,44.2134539420701,0.000657443219362089
"AR2 model",0.0928760144427927,0.0634291354805188,42.9837018501591,0.00131942733098524
"AR1 model",0.092780949914788,0.063371053666254,42.9409648462893,0.00131668324282567
"Spatio-temporal model",0.0664307319157839,0.0453410093600478,32.9081764804348,0.00119096930613616
