"model","RMSE","MAE","MAPE","MDAPE","Bias"
"Generic PC",0.124043162692403,0.111066238779022,71.8007347378054,68.5114520901863,0.111066238779022
"QM",0.0294763434567444,0.0221294144702045,13.8286950851002,12.0363085602315,0.00836639063029357
"Linear model",0.0224564470599447,0.0186036700945813,12.6772977543134,11.2034190763433,0.00592392410767365
"GB LM",0.0221417481257918,0.0187346457838885,12.5877523569854,10.4950113297957,0.00431338085303954
"AR2 model",0.0139342806732297,0.0117928851896676,7.91841981080442,7.1048649886642,-0.00533603022375265
"AR1 model",0.0138157220002294,0.0115708550116728,7.70710156008975,6.58663902881646,-0.00528939293354253
"Spatio-temporal model",0.00539195369499871,0.00432671327682365,2.95871244984005,2.36359756168549,0.000144219560509211
