"model","RMSE","MAE","MDAPE","Bias"
"Generic PC",0.156628007671076,0.0783395283766051,85.4166666666667,0.0460391176619767
"QM",0.121787714370152,0.055966655884892,96.0206608915673,-0.000119879301406197
"GB LM",0.11622152757749,0.0630428997892418,76.1947880521601,0.00759664513855714
"Linear model",0.110788983260352,0.0559974866295228,75.1482831097081,0.0020605514636865
"Spatio-temporal model",0.0172835481624585,0.00818915252371652,15.5788809862742,0.00045027433375404
"AR2 model",0.00178229560616507,0.000946205667168848,2.16702023853112,2.27724259557907e-05
"AR1 model",8.91569062858205e-05,4.74082880348691e-05,0.105024210329064,9.81450718285739e-07
