"model","RMSE","MAE","MAPE","MDAPE","Bias"
"Generic PC",0.159048425614978,0.149319503158554,57.5333561302418,52.441313437126,0.149319503158554
"GB LM",0.0385017328680925,0.0318317637385379,11.6682503116086,8.77032884384106,-0.00574941693453563
"QM",0.0352379485007986,0.0299852466546187,11.986838424693,9.10419138515072,0.0106683704231632
"Linear model",0.0320644215020435,0.0266545175086236,10.210334468954,7.55838324885102,-0.00190990610167808
"AR1 model",0.0237950073564474,0.0191222879633362,5.80119903693408,5.46354358041106,-0.00834245744253204
"AR2 model",0.0237895184591223,0.0191887874095374,5.86195959838309,5.63855380692521,-0.00838204536729775
"Spatio-temporal model",0.00833112224419621,0.00634503137129622,2.09767060639095,1.89031991415075,-0.000671912082998535
