"model","RMSE","MAE","MDAPE","Bias"
"Generic PC",0.156161076223087,0.078440997169819,79.9771085539841,0.0398200035569695
"QM",0.12837750515912,0.0602543237210081,93.959524893823,-0.000280684966925791
"GB LM",0.126049204557459,0.0673941286642334,71.305950898263,-0.000850576352307955
"Linear model",0.115917833735826,0.0600923141000457,73.5280236025932,0.00102845072368564
"Spatio-temporal model",0.0293290759456943,0.0146624618287249,24.7003865598693,0.00138568333347288
"AR2 model",0.000925831311919342,0.0004703069805242,0.959053706126019,1.04698885656389e-05
"AR1 model",0.00012354951899201,6.40514263623122e-05,0.134208551158574,1.24915653397387e-06
