"model","RMSE","MAE","MAPE","MDAPE","Bias"
"Generic PC",0.121761741654027,0.11827331996394,93.3421056008731,92.618670136583,0.11827331996394
"QM",0.0483398015212777,0.043039518122877,34.0352395413639,31.2304658253292,0.0429114906439074
"GB LM",0.0299238572118026,0.0255369088348923,21.0935866002256,19.3359812203846,0.0246467001354964
"Linear model",0.0216886586633488,0.0173663438413411,14.1371835732332,12.3099424188184,0.0115169214437886
"Spatio-temporal model",0.00487069060330945,0.00397598203005149,3.09603290487891,2.89169342118193,-0.000667454424134379
