"model","RMSE","MAE","MDAPE","Bias"
"Generic PC",0.152257111348998,0.0908078109150847,81.3061376555718,0.0704590812110996
"GB LM",0.0961853892590086,0.0625037421681265,57.4002627772851,0.021105976741967
"QM",0.0923663386146931,0.0529419261248345,64.8566171464832,-0.000140729310037641
"Linear model",0.0818305999117164,0.0510693903180368,54.1304706537745,0.00137184322344542
"AR2 model",0.0813047268887664,0.0506247120979118,55.8773577620569,0.00196461760904324
"AR1 model",0.081221357236811,0.0505586447975648,55.7602783546694,0.00194640797017058
"Spatio-temporal model",0.052240566421224,0.0326400155670394,38.5453772020525,0.00110391201063746
