"p_group3","model","RMSE","MAE","MAPE","MDAPE","Bias"
"high","Generic PC",0.35269448577331,0.259771450353703,199.313421961211,28.5455715210363,0.193889479171358
"high","QM",0.298775554800863,0.217225773973796,134.183954795724,24.9949064721458,0.000298569945056765
"high","GB LM",0.268189182245618,0.2024143001411,122.029860758359,21.8785795842406,-0.0113368310009074
"high","AR1 model",0.241525177007414,0.187271903684283,124.338913892009,21.8021808853258,-2.33980488854517e-06
"high","AR2 model",0.241413976176984,0.187204829923746,124.426106262678,21.8519196681076,-2.13581141308883e-05
"high","Linear model",0.24081386965672,0.186638572843956,139.493221325084,21.6379107864075,0.000391414756268648
"high","Spatio-temporal model",0.197828235347423,0.146132796039518,65.7413855724138,17.577482922771,-0.000392450449947686
