"model","RMSE","MAE","MDAPE","Bias"
"Generic PC",0.324536831885845,0.242541309900684,35.4472621717584,0.203269994205214
"QM",0.260878561918534,0.185530893136489,28.6504125188985,0.000254556117030633
"GB LM",0.228146402287851,0.171815005543058,23.3676872586625,0.00421927708014088
"Linear model",0.207158330982842,0.155701222664305,23.0359371332529,0.000894537164926565
"AR2 model",0.204857764870741,0.151905188856948,21.5808519188437,0.000197829202063766
"AR1 model",0.204698063754506,0.151793781014803,21.5279535919505,0.0001945117828528
"Spatio-temporal model",0.157694199921413,0.111879726084284,16.8618499646941,0.000190045037287878
