"p_group3","model","RMSE","MAE","MAPE","MDAPE","Bias"
"mid","Generic PC",0.214667498949229,0.137198371681429,1579.58128739829,63.2206472505595,0.0663655198672975
"mid","QM",0.150911452186486,0.0988329198692579,1207.95950549271,57.8910367041569,-5.38201367662922e-05
"mid","GB LM",0.145723005710518,0.0980817013406299,1288.94902157488,51.1265422349764,-0.0134206552388699
"mid","AR2 model",0.126964195638774,0.0882546826955434,1671.97153493856,46.0312005158928,0.00121374417505434
"mid","AR1 model",0.126915428260267,0.0882037147075287,1660.89861321022,45.8801856370709,0.00120166460081391
"mid","Linear model",0.120502074916837,0.0851056943649927,1351.08750756643,44.4508296210688,0.0014910979997629
"mid","Spatio-temporal model",0.0874819058767493,0.0603143298396126,1105.55416123209,32.9380412295866,0.00187887565692637
