"model","RMSE","MAE","MDAPE","Bias"
"Generic PC",0.301462544112616,0.218119162069902,59.1584156288222,0.164435392170023
"QM",0.230644261201311,0.159766780112763,48.915789069702,0.000324486784787501
"GB LM",0.208965516035427,0.152879558874404,40.116669998,0.0234662373395383
"Linear model",0.187248522107945,0.14146233970036,39.5673645357633,0.0026105167310803
"AR2 model",0.182963046538055,0.134828516362739,37.0335558928381,0.00195785938358041
"AR1 model",0.182866142341906,0.134761222773209,36.9201141886654,0.00195558432791008
"Spatio-temporal model",0.131362555500126,0.0941212538691877,27.6751148002496,0.00183963903966202
