"model","RMSE","MAE","MAPE","MDAPE","Bias"
"Generic PC",0.203955500304797,0.196682390465478,59.2725305852511,51.1216898454556,0.196682390465478
"QM",0.0531459668927466,0.0406500431787408,13.2837699835175,8.05111290005728,0.0340539535120935
"GB LM",0.0432355600672673,0.0347856021352294,10.6035703673763,6.98145483944097,0.000316275144683885
"Linear model",0.0373234208574138,0.0300690219506255,9.29814546344023,5.88041286272875,-0.00117307745814496
"AR2 model",0.0373020611693869,0.0295265091917246,7.55576378808821,7.12491257903375,-0.0184596779896669
"AR1 model",0.0367645009720789,0.0291378812366054,7.38850362667682,6.87026690906309,-0.0185291162927275
"Spatio-temporal model",0.015383100689066,0.0112071880556619,3.35405997183133,2.56654899359486,-0.00438965548249012
