"model","RMSE","MAE","MDAPE","Bias"
"Generic PC",0.156161076223087,0.078440997169819,79.9771085539841,0.0398200035569695
"QM",0.12837750515912,0.0602543237210081,93.959524893823,-0.000280684966925791
"GB LM",0.126049204557459,0.0673941286642334,71.305950898263,-0.000850576352307955
"Linear model",0.115917833735826,0.0600923141000457,73.5280236025932,0.00102845072368564
"AR1 model",0.102129214878881,0.0567283788997207,73.6521649192494,0.0061675643408281
"AR2 model",0.101920131427831,0.0566362580332472,75.264775154925,0.00630117661037134
"Spatio-temporal model",0.0293316492236823,0.0146659403305135,24.6593406430849,0.00138601902989319
