"p_group3","model","RMSE","MAE","MAPE","MDAPE","Bias"
"high","Generic PC",0.456164715745889,0.341881760030563,1493.70886362658,45.1119368203385,0.294541667706623
"high","QM",0.37295427141275,0.276369728125801,1210.86246024538,40.4136924202815,0.000446833104298653
"high","GB LM",0.301477683624064,0.216570591318619,226.8806060399,26.4951495919506,0.049927484175096
"high","Linear model",0.273292445143595,0.222041858569676,731.184244853671,31.3476231697019,0.00303389932260436
"high","AR2 model",0.259624494430234,0.203115424719916,590.677146454424,27.7208201050634,0.00028240478663302
"high","AR1 model",0.25959009971963,0.203224956763209,587.447114741759,27.7227911158528,0.000264888459604115
"high","Spatio-temporal model",0.163017122479788,0.117971174006354,320.661603534118,17.60125033509,0.0019264156086527
