"model","RMSE","MAE","MDAPE","Bias"
"Generic PC",0.35269448577331,0.259771450353703,28.5455715210363,0.193889479171358
"QM",0.298775554800863,0.217225773973796,24.9949064721458,0.000298569945056765
"GB LM",0.268189182245618,0.2024143001411,21.8785795842406,-0.0113368310009074
"AR1 model",0.241525177007414,0.187271903684283,21.8021808853258,-2.33980488854517e-06
"AR2 model",0.241413976176984,0.187204829923746,21.8519196681076,-2.13581141308883e-05
"Linear model",0.24081386965672,0.186638572843956,21.6379107864075,0.000391414756268648
"Spatio-temporal model",0.197828235347423,0.146132796039518,17.577482922771,-0.000392450449947686
