"model","RMSE","MAE","MAPE","MDAPE","Bias"
"Generic PC",0.234726845079775,0.227700230652748,70.9944611036575,74.3912243350259,0.227700230652748
"QM",0.0627126801975484,0.0521829389658022,15.9724651073655,15.140820918638,0.0507916700978806
"GB LM",0.034960571422858,0.0298473122780395,9.62557044648021,9.07906531154875,0.0161131569673946
"Linear model",0.0315312328644943,0.0265260799345745,8.48273714018041,7.30185101817995,0.00850398832088614
"AR2 model",0.0234707587665229,0.018615449322324,5.92925448208453,4.50238159043062,0.00806500172609573
"AR1 model",0.0230597738140188,0.0180337051899099,5.77109055592721,4.01276750371504,0.00811631826450958
"Spatio-temporal model",0.0162012173202447,0.0124309932853246,3.62108081322282,3.3448052359218,-0.00528999054040269
