"model","RMSE","MAE","MAPE","MDAPE","Bias"
"Generic PC",0.278410622729667,0.273031604320797,42.5751832668917,38.7419230700554,0.273031604320797
"QM",0.0803973353458503,0.0636893376576745,10.0489676316477,9.51314373426155,0.0612347091686449
"Linear model",0.0388125735526333,0.0322688858248271,5.00002193565517,4.67462364388186,0.00932873803424694
"GB LM",0.0387327387227221,0.0307410323710508,4.775895926454,3.58793221013954,0.00984569864039903
"Spatio-temporal model",0.0129371379758088,0.0102196615354261,1.54489539794565,1.29638333785524,-0.00026268689273957
"AR1 model",0.000288977712543426,0.000231742268598683,0.0351558901458499,0.0362665009721902,3.19445759829062e-06
"AR2 model",0.000197809617309582,0.000160145458534442,0.0243114223316972,0.0253059512914106,2.3112881012329e-06
