"model","RMSE","MAE","MAPE","MDAPE","Bias"
"Generic PC",0.254900957694391,0.247918370026326,67.3261140368374,63.5691794158807,0.247918370026326
"QM",0.0615497839123067,0.0496302922157442,13.8433155145233,10.7773826976022,0.0479895698915816
"GB LM",0.0446464306606322,0.0310781516366655,8.55555967065281,5.23889394249592,0.0173465325021382
"Linear model",0.0349284450078638,0.0246730745957933,6.6189286667221,4.24740845229392,0.00748361872600375
"AR1 model",0.0190685067141454,0.0150775364939463,3.88630033685416,3.22019168913753,-0.00109481291251679
"AR2 model",0.0190658506481419,0.0149406124789752,3.87583579507038,3.28308051464406,-0.00110332354142218
"Spatio-temporal model",0.0112467362164856,0.00888150972389816,2.33947450442203,1.94232182362285,-0.000371745289137155
