"p_group3","model","RMSE","MAE","MAPE","MDAPE","Bias"
"mid","Generic PC",0.281398666556244,0.19402925344075,403.266835689306,52.1506724147349,0.148411761657526
"mid","QM",0.202583588392802,0.136293736492118,126.24108507524,45.3358569910011,3.34991604046614e-05
"mid","GB LM",0.188366718928346,0.130555766823409,433.929074418061,35.3792117191296,0.0199046170473465
"mid","Linear model",0.170338113630956,0.119522487330674,355.044950627312,35.2429740270618,0.00256526481214126
"mid","Spatio-temporal model",0.1018860188099,0.0683688302560373,204.529102898399,21.7389629343911,0.00225567209739268
"mid","AR2 model",0.0734747286128433,0.0507989341492373,200.73754922342,16.9245695722016,0.000930902407873173
"mid","AR1 model",0.0712190986926716,0.0496174298054152,198.758459001246,16.2180065993064,0.00105049388217393
