"model","RMSE","MAE","MAPE","MDAPE","Bias"
"Generic PC",0.182794062871566,0.169493510512052,65.4303446327826,61.0814117815067,0.169493510512052
"QM",0.0468475263875121,0.0342585927881249,11.9209011628028,9.52521882155154,0.0261486190576893
"GB LM",0.0326958656456012,0.027206599093157,13.0210047422992,8.53381442880432,0.00946887139149392
"Linear model",0.0300763545399302,0.0254537810703676,12.07991915172,7.58047685681102,0.000561067737260335
"AR2 model",0.0240018549580431,0.0186100894234136,7.34903059775289,5.37658689911046,-0.0111220476418802
"AR1 model",0.0238366396780965,0.0180682587521006,7.01607187661074,4.65652313550389,-0.0113192907694584
"Spatio-temporal model",0.0119431288481717,0.0090065787960936,4.01780478091869,2.32818846768876,0.000722013401922392
