"model","RMSE","MAE","MDAPE","Bias"
"Generic PC",0.152257111348998,0.0908078109150847,81.3061376555718,0.0704590812110996
"GB LM",0.0961853892590086,0.0625037421681265,57.4002627772851,0.021105976741967
"QM",0.0923663386146931,0.0529419261248345,64.8566171464832,-0.000140729310037641
"Linear model",0.0818305999117164,0.0510693903180368,54.1304706537745,0.00137184322344542
"AR2 model",0.0812844331278861,0.0506105850056962,55.8459444169795,0.00196301961338767
"AR1 model",0.0812245471470715,0.0505605833448979,55.7809465053882,0.00194683067142352
"Spatio-temporal model",0.0522459367039955,0.0326454857638764,38.6092115871104,0.00110563821507308
