"model","RMSE","MAE","MAPE","MDAPE","Bias"
"Generic PC",0.226649370464192,0.212905566549504,59.8211822866897,61.0032770124595,0.212905566549504
"QM",0.0674701041508181,0.0531908973081333,14.0178878507966,16.1413025395177,0.0502421076903852
"GB LM",0.0347100840582201,0.0290862881575826,7.92272118102298,6.53073730600029,0.0147783443033235
"Linear model",0.0248687176871832,0.0203368211494681,5.78876660699706,5.88985823335872,0.00882250956117642
"AR2 model",0.0165634932647291,0.0140161280097393,4.36883127514084,4.16994214734989,0.00113850576588088
"AR1 model",0.0156687583704918,0.013244412598592,4.13523041830796,3.75072086607158,0.00132211580091888
"Spatio-temporal model",0.0104693892660039,0.00834319161329467,2.65708194897555,1.69628486224799,0.00322222357947828
