"p_group3","model","RMSE","MAE","MAPE","MDAPE","Bias"
"low","Generic PC",0.165771366991498,0.0984970510913209,1210.38377575759,80.53609375,0.0647347272192228
"low","QM",0.10181415964539,0.060630733655603,581.56767183301,71.0262312765006,0.000398039125674466
"low","GB LM",0.101589852000205,0.066893645893879,1248.72829500267,61.4247984368251,0.0187500769780733
"low","Linear model",0.0874714304680896,0.0573418352993104,1093.48407244355,57.0774656854601,0.00132854432585288
"low","AR1 model",0.0848961480028899,0.0552547178712636,964.983973074098,59.0498416250073,0.00185979599497804
"low","AR2 model",0.0848858359693198,0.0552664493730711,964.769464241571,58.8774358652059,0.00187798133990013
"low","Spatio-temporal model",0.0540706670977312,0.0340177969411103,580.323591736445,37.5897965494279,0.00176341056933338
