"model","RMSE","MAE","MAPE","MDAPE","Bias"
"Generic PC",0.172630824354041,0.148823141432654,83.7602515805806,83.5462007157041,0.148051448889614
"QM",0.0622713452704001,0.0475938368628774,29.3014996148266,23.5490359713425,0.0367888755946759
"GB LM",0.03903667121484,0.0306858737422036,20.3750631292081,15.2226087757959,0.0212813040569447
"Linear model",0.0308281966655329,0.0245810060711493,17.5796825186841,13.1574493103539,0.00767288452497886
"AR2 model",0.0238506187290225,0.0191632657541229,14.8829872604731,10.6221098290334,0.00912148500072749
"AR1 model",0.0235902843539508,0.018905766606919,14.4491722058898,10.527518130002,0.00908049528262527
"Spatio-temporal model",0.00266274472672589,0.00206665932089691,1.82442383447807,0.970223276038786,0.000206860395575162
