"p_group3","model","RMSE","MAE","MAPE","MDAPE","Bias"
"mid","Generic PC",0.178288449848174,0.117572097547028,650.219407540508,70.9691755169662,0.0863209747232105
"mid","GB LM",0.112273443687859,0.0781717973245233,588.281740177529,49.138504887403,0.0183966624740814
"mid","QM",0.10947270127839,0.0715862701293524,299.302453556413,53.526207612695,-4.28210712641282e-05
"mid","Linear model",0.0967604508337605,0.0664438243084793,499.780199161644,44.2134539420701,0.000657443219362089
"mid","AR2 model",0.0928602358274517,0.0634214375979909,462.346076493213,42.9013893482487,0.00132080604360779
"mid","AR1 model",0.0927951609340044,0.0633789074671529,460.819007511082,42.8630305646714,0.0013140594047456
"mid","Spatio-temporal model",0.0509298126504809,0.0337362490211279,196.72328596285,24.6570855577083,0.00120021718126474
