"p_group3","model","RMSE","MAE","MAPE","MDAPE","Bias"
"high","Generic PC",0.35269448577331,0.259771450353703,199.313421961211,28.5455715210363,0.193889479171358
"high","QM",0.298775554800863,0.217225773973796,134.183954795724,24.9949064721458,0.000298569945056765
"high","GB LM",0.268189182245618,0.2024143001411,122.029860758359,21.8785795842406,-0.0113368310009076
"high","AR1 model",0.241504670171818,0.187255868114345,124.316514005549,21.8074653888844,-3.06824485311619e-06
"high","AR2 model",0.241390176643287,0.187202495817995,124.562779894917,21.9180151550243,-2.54839673546263e-05
"high","Linear model",0.24081386965672,0.186638572843956,139.493221325084,21.6379107864075,0.000391414756268648
"high","Spatio-temporal model",0.197840143924854,0.146140800810758,65.7409065517113,17.5865243773475,-0.000391974627136602
