"p_group3","model","RMSE","MAE","MAPE","MDAPE","Bias"
"low","Generic PC",0.165771366991498,0.0984970510913209,1210.38377575759,80.53609375,0.0647347272192228
"low","QM",0.10181415964539,0.060630733655603,581.56767183301,71.0262312765006,0.000398039125674466
"low","GB LM",0.101589852000205,0.0668936458938791,1248.72829500268,61.4247984368249,0.0187500769780736
"low","Linear model",0.0874714304680896,0.0573418352993104,1093.48407244355,57.0774656854601,0.00132854432585288
"low","AR1 model",0.0848987469851942,0.0552558331851537,964.799840493734,59.1117731958025,0.00185914362230215
"low","AR2 model",0.0848818275159706,0.0552654633650543,965.027825574466,58.8819742191072,0.00187965382176958
"low","Spatio-temporal model",0.0408553954029003,0.0245622602956051,375.384711130786,27.5526418788751,0.00128648927746648
