"model","RMSE","MAE","MAPE","MDAPE","Bias"
"Generic PC",0.156628007671076,0.0783395283766051,1697.4297061262,85.4166666666667,0.0460391176619767
"QM",0.121787714370152,0.055966655884892,610.630276689293,96.0206608915673,-0.000119879301406197
"GB LM",0.11622152757749,0.0630428997892417,2233.59291651779,76.1947880521602,0.00759664513855703
"Linear model",0.110788983260352,0.0559974866295228,1694.10621321364,75.1482831097081,0.0020605514636865
"Spatio-temporal model",0.0177194265675985,0.00840432590307079,201.379924939525,15.9667566274157,0.000454329519288489
