"model","RMSE","MAE","MDAPE","Bias"
"Generic PC",0.284098997990774,0.201751883255149,52.7908804580975,0.156069583165691
"QM",0.202771415265822,0.137618309816547,39.6222802293105,0.000178924289463281
"GB LM",0.19319085758023,0.138346381362887,34.1820692113737,0.0273785803057736
"Linear model",0.175803258782225,0.127991055349826,33.5531329663233,0.00161395027154261
"AR2 model",0.158359348179446,0.114964304454524,29.7476363859623,0.00269403750245451
"AR1 model",0.158214230745021,0.114850810003799,29.7119738735041,0.00267731560183798
"Spatio-temporal model",0.118766649575844,0.0836086712264504,23.2881436441347,0.00156518965944481
