"model","RMSE","MAE","MAPE","MDAPE","Bias"
"Generic PC",0.292543513773957,0.288531891229598,45.9304448420075,41.9648440949207,0.288531891229598
"QM",0.094990933390236,0.0821501918045959,13.1425457119655,12.6529661192388,0.0821501918045959
"GB LM",0.0440455184287195,0.0348047905170736,5.62871139596595,4.54328109428545,0.0302697399074291
"Linear model",0.0381554301967835,0.0307025021625466,4.9631825541532,4.71863339100434,0.0192729658827905
"AR2 model",0.0288057729812266,0.024177187538601,3.82822935238608,3.53266318167542,0.00256338666338726
"AR1 model",0.0270269966024174,0.0224105490135775,3.54585851865159,3.25349892790003,0.00256890958332867
"Spatio-temporal model",0.0120489822055508,0.00950558640247109,1.49363448922375,1.00532132454606,0.00211650758873804
