"p_group3","model","RMSE","MAE","MAPE","MDAPE","Bias"
"low","Generic PC",0.156628007671076,0.0783395283766051,1697.4297061262,85.4166666666667,0.0460391176619767
"low","QM",0.121787714370152,0.055966655884892,610.630276689293,96.0206608915673,-0.000119879301406197
"low","GB LM",0.11622152757749,0.0630428997892434,2233.59291651802,76.1947880521592,0.00759664513856066
"low","Linear model",0.110788983260352,0.0559974866295229,1694.10621321364,75.148283109708,0.00206055146368675
"low","AR1 model",0.0522687819532133,0.0277756030208438,813.598184310817,51.0775343552724,0.00102999050580917
"low","AR2 model",0.0434317400876709,0.0228902690790463,571.669215505334,44.2261685496751,0.000760851681852204
"low","Spatio-temporal model",0.0352437686570848,0.0177419500232141,395.03947676101,31.9047298626955,0.00138239605668799
