"model","RMSE","MAE","MAPE","MDAPE","Bias"
"Generic PC",0.143300380299765,0.132922120285883,86.5439867082229,88.4674924225145,0.132922120285883
"QM",0.037231581858143,0.0266176718968043,17.2611624070906,14.0231794330289,0.0222641563633357
"GB LM",0.0322068762141789,0.023763550984512,15.4115393909114,12.0555465205729,0.0175672721272389
"AR1 model",0.0210288467572038,0.0140748838496155,8.10841941013183,6.59843075306716,-0.0060150955566884
"AR2 model",0.0207596007617371,0.0140797725159351,8.1698698217776,6.61243117042816,-0.00598503559269224
"Linear model",0.0195918820688525,0.0150746192374213,10.1781762186994,7.94630810805912,0.000972058137950174
"Spatio-temporal model",0.00893618511213522,0.00676278860289286,4.29680104970459,3.34212812050528,4.83751020591584e-05
