"p_group3","model","RMSE","MAE","MAPE","MDAPE","Bias"
"high","Generic PC",0.456164715745889,0.341881760030563,1493.70886362658,45.1119368203385,0.294541667706623
"high","QM",0.37295427141275,0.276369728125801,1210.86246024538,40.4136924202815,0.000446833104298653
"high","GB LM",0.301477683624064,0.216570591318619,226.8806060399,26.4951495919506,0.049927484175096
"high","Linear model",0.273292445143595,0.222041858569676,731.184244853671,31.3476231697019,0.00303389932260436
"high","AR2 model",0.259648916119145,0.203123914159656,591.148940238619,27.7689667181734,0.000280540233466936
"high","AR1 model",0.259589319046588,0.203228451449633,587.395969915212,27.7280907520831,0.000265994514823043
"high","Spatio-temporal model",0.198719938694787,0.150041295404104,327.578375946054,22.4646295001437,0.00132796888165029
