"model","RMSE","MAE","MAPE","MDAPE","Bias"
"Generic PC",0.20666677313764,0.197529735837394,31.4568843894573,24.9767862518127,0.197529735837394
"GB LM",0.0661114481642624,0.0551485047395507,8.12084222528121,7.49967372436978,-0.0491983570870573
"Linear model",0.0479421245738954,0.0417311336798098,6.50940850328719,6.41711105384348,-0.0169319393901582
"QM",0.0478408167457453,0.0378148920863487,5.91439144295864,4.74190137280083,0.00197671702067052
"AR1 model",0.0446738298841605,0.0384457568240146,5.7554760861607,5.17423315870912,-0.0379580086954744
"AR2 model",0.0437272031665722,0.0380640156284306,5.72539914047233,4.87054460181901,-0.0375354675358568
"Spatio-temporal model",0.015895324783986,0.012334347187133,2.00663300455051,1.43217915981339,-0.00155175643391877
