"p_group3","model","RMSE","MAE","MAPE","MDAPE","Bias"
"high","Generic PC",0.35269448577331,0.259771450353703,199.313421961211,28.5455715210363,0.193889479171358
"high","QM",0.298775554800863,0.217225773973796,134.183954795724,24.9949064721458,0.000298569945056765
"high","GB LM",0.268189182245618,0.2024143001411,122.029860758359,21.8785795842406,-0.0113368310009076
"high","AR1 model",0.241496539765823,0.187243668303557,124.311450414542,21.8169905268855,-3.07457374188216e-06
"high","AR2 model",0.241428420128651,0.187242836024758,124.619927448226,21.9345379147489,-2.90410800637072e-05
"high","Linear model",0.24081386965672,0.186638572843956,139.493221325084,21.6379107864075,0.000391414756268648
"high","Spatio-temporal model",0.158607901914332,0.111744071064897,42.1905259874091,13.2639510581075,-7.79781314318061e-05
