"model","dic","waic","mean_log_cpo","mean_log_gcpo","AIC","BIC","logLik","deviance","R2"
"ts_bru0_ar1_250131.rds",-4041.78123235414,-4040.02205431615,0.245294386501755,0.241492358939452,NA,NA,NA,NA,NA
"ts_bru0_ar2_250131.rds",-4049.87361169816,-4048.03037636617,0.245780867415256,0.236839059446269,NA,NA,NA,NA,NA
"ts_bru0_1DSPDE_250131.rds",-3960.21112999496,-3959.91125424798,0.240431398727277,0.234581989151953,NA,NA,NA,NA,NA
"st_bru0_very_coarse_mesh_250131.rds",-6754.33201793456,-6797.7452561183,0.41238938657936,0.404027181200012,NA,NA,NA,NA,NA
"lm_model_aic0_250131.rds",NA,NA,NA,NA,-3894.37078355613,-3761.06395934651,1966.18539177807,299.092340067506,0.484479081001973
"lm_model_aic0_agg_250131.rds",NA,NA,NA,NA,-364084.390839545,-363978.047597565,182053.195419772,301.965090619143,0.958670502860869
"qm_model_250131.rds",NA,NA,NA,NA,NA,NA,NA,NA,0.374537695503046
