"model","dic","waic","mean_log_cpo","mean_log_gcpo","AIC","BIC","logLik","deviance","R2"
"ts_bru0_ar1_250127.rds",1326.44472524168,1328.44058560425,-0.0817324056637952,-0.0853519817773777,NA,NA,NA,NA,NA
"ts_bru0_ar2_250127.rds",1302.51522641846,1302.03336230626,-0.0801068802835961,-0.0882570204381025,NA,NA,NA,NA,NA
"ts_bru0_1DSPDE_250127.rds",1672.63468003036,1673.79581060782,-0.102977928812089,-0.109911295219928,NA,NA,NA,NA,NA
"st_bru0_very_coarse_mesh_250127.rds",-2173.03125811008,-2223.84216758919,0.136584396099027,0.136391822945565,NA,NA,NA,NA,NA
"lm_model_aic0_250127.rds",NA,NA,NA,NA,2110.0480087134,2187.08042715168,-1044.0240043567,615.230715650136,0.322839434681402
"lm_model_aic0_agg_250127.rds",NA,NA,NA,NA,-364084.390839545,-363978.047597565,182053.195419772,301.965090619143,0.958670502860869
"qm_model_250127.rds",NA,NA,NA,NA,NA,NA,NA,NA,0.142191377197254
