"model","dic","waic","mean_log_cpo","mean_log_gcpo","AIC","BIC","logLik","deviance","R2"
"ts_bru0_ar1_250817.rds",-16925.2761603597,-16908.3761737333,1.03011501590404,1.02326596911652,NA,NA,NA,NA,NA
"ts_bru0_ar2_250817.rds",-16943.6144564354,-16926.7662064893,1.03123651611279,1.02424904443383,NA,NA,NA,NA,NA
"ts_bru0_1DSPDE_250817.rds",-16366.722276834,-16352.8159445532,0.99627088903538,0.989247495688588,NA,NA,NA,NA,NA
"st_bru0_very_coarse_mesh_250817.rds",-22600.2305908802,-22615.2336732342,1.37555224876321,1.33377248979953,NA,NA,NA,NA,NA
"lm_model_aic0_250817.rds",NA,NA,NA,NA,-16597.3517845125,-16464.1096726876,8317.67589225627,63.3005846487184,0.563957177948715
"lm_model_aic0_agg_250817.rds",NA,NA,NA,NA,-364084.390839545,-363978.047597565,182053.195419772,301.965090619143,0.958670502860869
"qm_model_250817.rds",NA,NA,NA,NA,NA,NA,NA,NA,0.505159253924348
