"model","dic","waic","mean_log_cpo","mean_log_gcpo","AIC","BIC","logLik","deviance","R2"
"ts_bru0_ar1_250518.rds",-10498.1466202314,-10487.8293414928,0.632249931224198,0.62853565547313,NA,NA,NA,NA,NA
"ts_bru0_ar2_250518.rds",-10508.7255676507,-10498.9773700586,0.632922906188402,0.627364952511546,NA,NA,NA,NA,NA
"ts_bru0_1DSPDE_250518.rds",-10474.9373987976,-10469.2668816403,0.63113395283753,0.622493661150656,NA,NA,NA,NA,NA
"st_bru0_very_coarse_mesh_250518.rds",-15258.6790680147,-15274.2469241822,0.919933413791128,0.893082088377101,NA,NA,NA,NA,NA
"lm_model_aic0_250518.rds",NA,NA,NA,NA,-11276.5842799069,-11157.1883900132,5655.29213995343,124.176478147369,0.682388231495779
"lm_model_aic0_agg_250518.rds",NA,NA,NA,NA,-364084.390839545,-363978.047597565,182053.195419772,301.965090619143,0.958670502860869
"qm_model_250518.rds",NA,NA,NA,NA,NA,NA,NA,NA,0.574253580317075
