"model","dic","waic","mean_log_cpo","mean_log_gcpo","AIC","BIC","logLik","deviance","R2"
"ts_bru0_ar1_250121.rds",-8141.1007210962,-8134.62122042725,0.491219350608606,0.487635291991647,NA,NA,NA,NA,NA
"ts_bru0_ar2_250121.rds",-8152.29187979005,-8145.99701702387,0.491906500858703,0.483401577300741,NA,NA,NA,NA,NA
"ts_bru0_1DSPDE_250121.rds",-7684.74575169843,-7677.43183347013,0.463612486874576,0.45540347610564,NA,NA,NA,NA,NA
"st_bru0_coarse_mesh_250121.rds",-14242.3715786604,-14384.9670588623,0.867760817090653,0.839400805360596,NA,NA,NA,NA,NA
"lm_model_aic0_250121.rds",NA,NA,NA,NA,-7875.33043179566,-7748.94166334284,3955.66521589783,186.465547690982,0.532531792143541
"lm_model_aic0_agg_250121.rds",NA,NA,NA,NA,-364084.390839545,-363978.047597565,182053.195419772,301.965090619143,0.958670502860869
"qm_model_250121.rds",NA,NA,NA,NA,NA,NA,NA,NA,0.428379689196855
