"model","dic","waic","mean_log_cpo","mean_log_gcpo","AIC","BIC","logLik","deviance","R2"
"ts_bru0_ar1_250317.rds",-17804.9112832797,-17780.1912196758,1.07367440830306,1.06574996281664,NA,NA,NA,NA,NA
"ts_bru0_ar2_250317.rds",-17820.3613335869,-17795.7361443999,1.0746175394101,1.06394590748703,NA,NA,NA,NA,NA
"ts_bru0_1DSPDE_250317.rds",-17422.0187858636,-17405.655697499,1.05106492875922,1.04340765761919,NA,NA,NA,NA,NA
"st_bru0_very_coarse_mesh_250317.rds",-23469.9501557645,-23410.86866686,1.41186467095641,1.37455791253705,NA,NA,NA,NA,NA
"lm_model_aic0_250317.rds",NA,NA,NA,NA,-17676.8513656006,-17550.4625971478,8856.42568280032,57.0819482676177,0.717356961340594
"lm_model_aic0_agg_250317.rds",NA,NA,NA,NA,-364084.390839545,-363978.047597565,182053.195419772,301.965090619143,0.958670502860869
"qm_model_250317.rds",NA,NA,NA,NA,NA,NA,NA,NA,0.679065243482332
