"model","dic","waic","mean_log_cpo","mean_log_gcpo","AIC","BIC","logLik","deviance","R2"
"ts_bru0_ar1_250604.rds",-2592.33516980988,-2590.18942468407,0.155061277562528,0.153420829566358,NA,NA,NA,NA,NA
"ts_bru0_ar2_250604.rds",-2614.30860010148,-2611.70490583911,0.156350146653375,0.153424676378945,NA,NA,NA,NA,NA
"ts_bru0_1DSPDE_250604.rds",-2180.32446041065,-2178.45119563977,0.13041440955198,0.125250503238886,NA,NA,NA,NA,NA
"st_bru0_very_coarse_mesh_250604.rds",-5924.94955577105,-5984.4586239579,0.357789125478608,0.347520531507871,NA,NA,NA,NA,NA
"lm_model_aic0_250604.rds",NA,NA,NA,NA,-2508.74566481066,-2375.17079491833,1273.37283240533,360.485883978363,0.541650027716754
"lm_model_aic0_agg_250604.rds",NA,NA,NA,NA,-364084.390839545,-363978.047597565,182053.195419772,301.965090619143,0.958670502860869
"qm_model_250604.rds",NA,NA,NA,NA,NA,NA,NA,NA,0.408054745706345
