"model","dic","waic","mean_log_cpo","mean_log_gcpo","AIC","BIC","logLik","deviance","R2"
"ts_bru0_ar1_250916.rds",-6664.66767334867,-6662.47410530159,0.405837278555596,0.403126312996148,NA,NA,NA,NA,NA
"ts_bru0_ar2_250916.rds",-6686.83899420343,-6684.55849602167,0.407182087369578,0.403528666369238,NA,NA,NA,NA,NA
"ts_bru0_1DSPDE_250916.rds",-6345.24941997875,-6342.79581232089,0.386370494817544,0.380624562624831,NA,NA,NA,NA,NA
"st_bru0_very_coarse_mesh_250916.rds",-10198.1899465218,-10248.9427039746,0.623502591644227,0.609197514537051,NA,NA,NA,NA,NA
"lm_model_aic0_250916.rds",NA,NA,NA,NA,-5178.90763144159,-5101.76612120007,2600.4538157208,255.021704446979,0.672064862810418
"lm_model_aic0_agg_250916.rds",NA,NA,NA,NA,-364084.390839545,-363978.047597565,182053.195419772,301.965090619143,0.958670502860869
"qm_model_250916.rds",NA,NA,NA,NA,NA,NA,NA,NA,0.613275096083473
