"model","dic","waic","mean_log_cpo","mean_log_gcpo","AIC","BIC","logLik","deviance","R2"
"ts_bru0_ar1_250829.rds",-7235.36055865258,-7234.27054836495,0.442298201201058,0.439211329646325,NA,NA,NA,NA,NA
"ts_bru0_ar2_250829.rds",-7261.25723716968,-7260.2435251849,0.443887180995103,0.439462307979779,NA,NA,NA,NA,NA
"ts_bru0_1DSPDE_250829.rds",-7083.1617251652,-7083.44156494062,0.4330786260892,0.429056599719051,NA,NA,NA,NA,NA
"st_bru0_very_coarse_mesh_250829.rds",-10838.5766264192,-10895.7419790797,0.665097474250844,0.632046189533194,NA,NA,NA,NA,NA
"lm_model_aic0_250829.rds",NA,NA,NA,NA,-6514.03463695354,-6387.8689847369,3275.01731847677,214.947169904874,0.477628153687148
"lm_model_aic0_agg_250829.rds",NA,NA,NA,NA,-364084.390839545,-363978.047597565,182053.195419772,301.965090619143,0.958670502860869
"qm_model_250829.rds",NA,NA,NA,NA,NA,NA,NA,NA,0.349669807526802
