"model","dic","waic","mean_log_cpo","mean_log_gcpo","AIC","BIC","logLik","deviance","R2"
"ts_bru0_ar1_250221.rds",103.161746371113,101.68679575668,-0.00618340776195852,-0.0107290484059975,NA,NA,NA,NA,NA
"ts_bru0_ar2_250221.rds",89.3556158564208,87.0110003239832,-0.00529090407899033,-0.0129225311859938,NA,NA,NA,NA,NA
"ts_bru0_1DSPDE_250221.rds",138.93674840131,137.47339025791,-0.00835836856256406,-0.0142729051620842,NA,NA,NA,NA,NA
"st_bru0_very_coarse_mesh_250221.rds",-2633.38226715768,-2692.46635176917,0.163640039502221,0.152106707068343,NA,NA,NA,NA,NA
"lm_model_aic0_250221.rds",NA,NA,NA,NA,-43.8616353177551,33.3012965468893,32.9308176588775,477.673026743252,0.383583580911812
"lm_model_aic0_agg_250221.rds",NA,NA,NA,NA,-364084.390839545,-363978.047597565,182053.195419772,301.965090619143,0.958670502860869
"qm_model_250221.rds",NA,NA,NA,NA,NA,NA,NA,NA,0.277049051147038
