"model","dic","waic","mean_log_cpo","mean_log_gcpo","AIC","BIC","logLik","deviance","R2"
"ts_bru0_ar1_250121.rds",-8141.50746279624,-8135.25926416162,0.491257806131045,0.487354189477495,NA,NA,NA,NA,NA
"ts_bru0_ar2_250121.rds",-8152.54887144524,-8145.96270227368,0.491904518375812,0.482687906801061,NA,NA,NA,NA,NA
"ts_bru0_1DSPDE_250121.rds",-7684.82403676716,-7677.36324953955,0.463608243661336,0.455489506360039,NA,NA,NA,NA,NA
"st_bru0_very_coarse_mesh_250121.rds",-12450.7293292154,-12520.3181518946,0.755792516641737,0.744587157593608,NA,NA,NA,NA,NA
"lm_model_aic0_250121.rds",NA,NA,NA,NA,-7875.33043179566,-7748.94166334284,3955.66521589783,186.465547690982,0.532531792143541
"lm_model_aic0_agg_250121.rds",NA,NA,NA,NA,-364084.390839545,-363978.047597565,182053.195419772,301.965090619143,0.958670502860869
"qm_model_250121.rds",NA,NA,NA,NA,NA,NA,NA,NA,0.428379689196855
