"model","dic","waic","mean_log_cpo","mean_log_gcpo","AIC","BIC","logLik","deviance","R2"
"ts_bru0_ar1_250615.rds",-4376.70235964817,-4371.63985682761,0.264176344800549,0.260987261603545,NA,NA,NA,NA,NA
"ts_bru0_ar2_250615.rds",-4394.74555553897,-4390.00480498486,0.265286864962284,0.26181203373611,NA,NA,NA,NA,NA
"ts_bru0_1DSPDE_250615.rds",-3930.26827580664,-3928.34509299876,0.237390310960279,0.233702227833768,NA,NA,NA,NA,NA
"st_bru0_very_coarse_mesh_250615.rds",-8444.85708462039,-8496.19242915667,0.512441167881627,0.488178331290831,NA,NA,NA,NA,NA
"lm_model_aic0_250615.rds",NA,NA,NA,NA,-4082.36788032754,-3948.97128673414,2060.18394016377,294.41974327473,0.620035001924511
"lm_model_aic0_agg_250615.rds",NA,NA,NA,NA,-364084.390839545,-363978.047597565,182053.195419772,301.965090619143,0.958670502860869
"qm_model_250615.rds",NA,NA,NA,NA,NA,NA,NA,NA,0.513326777549014
