"model","dic","waic","mean_log_cpo","mean_log_gcpo","AIC","BIC","logLik","deviance","R2"
"ts_bru0_ar1_250705.rds",-7712.59173271508,-7706.59454398746,0.46672266178338,0.462716930787381,NA,NA,NA,NA,NA
"ts_bru0_ar2_250705.rds",-7731.03646218691,-7722.7755755745,0.467705457639877,0.464686630188393,NA,NA,NA,NA,NA
"ts_bru0_1DSPDE_250705.rds",-7130.29117312187,-7127.39493383108,0.431648538256217,0.425462669595067,NA,NA,NA,NA,NA
"st_bru0_very_coarse_mesh_250705.rds",-11370.7064237983,-11406.3109415561,0.690098761252166,0.673468443299591,NA,NA,NA,NA,NA
"lm_model_aic0_250705.rds",NA,NA,NA,NA,-7337.49927167098,-7211.162752892,3686.74963583549,197.889831028465,0.735175536442139
"lm_model_aic0_agg_250705.rds",NA,NA,NA,NA,-364084.390839545,-363978.047597565,182053.195419772,301.965090619143,0.958670502860869
"qm_model_250705.rds",NA,NA,NA,NA,NA,NA,NA,NA,0.636916043615589
