"model","dic","waic","mean_log_cpo","mean_log_gcpo","AIC","BIC","logLik","deviance","R2"
"ts_bru0_ar1_250906.rds",-15347.535937534,-15331.9784575077,0.941875182478971,0.933932339713467,NA,NA,NA,NA,NA
"ts_bru0_ar2_250906.rds",-15359.6984388985,-15344.9835400436,0.942675762299283,0.935342274686341,NA,NA,NA,NA,NA
"ts_bru0_1DSPDE_250906.rds",-15019.0737329064,-15011.9186985671,0.922216873510248,0.916316885103662,NA,NA,NA,NA,NA
"st_bru0_very_coarse_mesh_250906.rds",-19023.5739974659,-18994.6316900273,1.16422780069821,1.13406660945076,NA,NA,NA,NA,NA
"lm_model_aic0_250906.rds",NA,NA,NA,NA,-14858.6319312569,-14725.5479018317,7448.31596562847,76.4217714532909,0.802001790867525
"lm_model_aic0_agg_250906.rds",NA,NA,NA,NA,-364084.390839545,-363978.047597565,182053.195419772,301.965090619143,0.958670502860869
"qm_model_250906.rds",NA,NA,NA,NA,NA,NA,NA,NA,0.762992665345181
