"model","dic","waic","mean_log_cpo","mean_log_gcpo","AIC","BIC","logLik","deviance","R2"
"ts_bru0_ar1_250501.rds",-12858.9576160937,-12838.4446184344,0.782538513810783,0.777360457826845,NA,NA,NA,NA,NA
"ts_bru0_ar2_250501.rds",-12880.6335357368,-12860.3169372255,0.783873958530355,0.776883130321699,NA,NA,NA,NA,NA
"ts_bru0_1DSPDE_250501.rds",-12362.8529590977,-12345.6336442199,0.752506253805162,0.743852982933299,NA,NA,NA,NA,NA
"st_bru0_very_coarse_mesh_250501.rds",-16317.9792237706,-16299.3875493939,0.994081365160711,0.967452218993371,NA,NA,NA,NA,NA
"lm_model_aic0_250501.rds",NA,NA,NA,NA,-12706.3336485691,-12580.1130546091,6371.16682428457,101.595915603169,0.526984267761685
"lm_model_aic0_agg_250501.rds",NA,NA,NA,NA,-364084.390839545,-363978.047597565,182053.195419772,301.965090619143,0.958670502860869
"qm_model_250501.rds",NA,NA,NA,NA,NA,NA,NA,NA,0.409064969091411
