job-ID,prior,name,user,state,submit/start,at,queue,jclass,slots,ja-task-ID
------------------------------------------------------------------------------------------------------------------------------------------------
090,0.02756,Experiment,s2060501,r,08/17/2026,18:50:22,eddie@node1s09.ecdf.ed.ac.uk,10,33
56976090,0.02756,Experiment,s2060501,r,08/17/2026,18:45:53,eddie@node1s12.ecdf.ed.ac.uk,10,32
56976090,0.02742,Experiment,s2060501,r,08/17/2026,02:54:24,eddie@node1s11.ecdf.ed.ac.uk,10,15
56976090,0.02733,Experiment,s2060501,r,08/17/2026,02:54:24,eddie@node1s10.ecdf.ed.ac.uk,10,16
56976090,0.02726,Experiment,s2060501,r,08/17/2026,02:54:24,eddie@node1s12.ecdf.ed.ac.uk,10,17
56976090,0.02720,Experiment,s2060501,r,08/17/2026,02:54:24,eddie@node1s09.ecdf.ed.ac.uk,10,18
56976090,0.02720,Experiment,s2060501,r,08/17/2026,02:54:24,eddie@node1s11.ecdf.ed.ac.uk,10,19
56976090,0.02720,Experiment,s2060501,r,08/17/2026,02:54:24,eddie@node1s10.ecdf.ed.ac.uk,10,20
56860680,0.02695,runlisfloo,awilso19,r,08/10/2026,05:40:07,eddie@node1m20.ecdf.ed.ac.uk,1,5998
56860680,0.02695,runlisfloo,awilso19,r,08/10/2026,05:41:14,eddie@node1m18.ecdf.ed.ac.uk,1,5999
56860680,0.02695,runlisfloo,awilso19,r,08/10/2026,05:41:52,eddie@node1m19.ecdf.ed.ac.uk,1,6000
56860680,0.02695,runlisfloo,awilso19,r,08/10/2026,05:38:20,eddie@node1m20.ecdf.ed.ac.uk,1,5997
56860680,0.02695,runlisfloo,awilso19,r,08/10/2026,05:36:50,eddie@node1m22.ecdf.ed.ac.uk,1,5996
56860680,0.02695,runlisfloo,awilso19,r,08/10/2026,05:28:19,eddie@node1m22.ecdf.ed.ac.uk,1,5987
56860680,0.02695,runlisfloo,awilso19,r,08/10/2026,05:28:34,eddie@node1m20.ecdf.ed.ac.uk,1,5988
56860680,0.02695,runlisfloo,awilso19,r,08/10/2026,05:28:34,eddie@node1m19.ecdf.ed.ac.uk,1,5989
56860680,0.02695,runlisfloo,awilso19,r,08/10/2026,05:28:54,eddie@node1m21.ecdf.ed.ac.uk,1,5990
56860680,0.02695,runlisfloo,awilso19,r,08/10/2026,05:29:33,eddie@node1m20.ecdf.ed.ac.uk,1,5991
56860680,0.02695,runlisfloo,awilso19,r,08/10/2026,05:29:47,eddie@node1m18.ecdf.ed.ac.uk,1,5992
56860680,0.02695,runlisfloo,awilso19,r,08/10/2026,05:29:47,eddie@node1m23.ecdf.ed.ac.uk,1,5993
56860680,0.02695,runlisfloo,awilso19,r,08/10/2026,05:27:08,eddie@node1m21.ecdf.ed.ac.uk,1,5985
56860680,0.02695,runlisfloo,awilso19,r,08/10/2026,05:27:41,eddie@node1m23.ecdf.ed.ac.uk,1,5986
56860680,0.02694,runlisfloo,awilso19,r,08/10/2026,05:34:44,eddie@node1m21.ecdf.ed.ac.uk,1,5994
56860680,0.02694,runlisfloo,awilso19,r,08/10/2026,05:26:51,eddie@node1m21.ecdf.ed.ac.uk,1,5984
56860680,0.02694,runlisfloo,awilso19,r,08/10/2026,05:19:41,eddie@node1m23.ecdf.ed.ac.uk,1,5980
56860680,0.02694,runlisfloo,awilso19,r,08/10/2026,05:20:12,eddie@node1m23.ecdf.ed.ac.uk,1,5981
56860680,0.02694,runlisfloo,awilso19,r,08/10/2026,05:22:01,eddie@node1m18.ecdf.ed.ac.uk,1,5982
56860680,0.02694,runlisfloo,awilso19,r,08/10/2026,05:22:19,eddie@node1m24.ecdf.ed.ac.uk,1,5983
56860680,0.02694,runlisfloo,awilso19,r,08/10/2026,05:16:50,eddie@node1m24.ecdf.ed.ac.uk,1,5979
56860680,0.02694,runlisfloo,awilso19,r,08/10/2026,05:14:32,eddie@node1m24.ecdf.ed.ac.uk,1,5977
56860680,0.02694,runlisfloo,awilso19,r,08/10/2026,05:13:36,eddie@node1m19.ecdf.ed.ac.uk,1,5975
56860680,0.02694,runlisfloo,awilso19,r,08/10/2026,05:13:22,eddie@node1m21.ecdf.ed.ac.uk,1,5974
56860680,0.02694,runlisfloo,awilso19,r,08/10/2026,05:14:01,eddie@node1m19.ecdf.ed.ac.uk,1,5976
56860680,0.02694,runlisfloo,awilso19,r,08/10/2026,05:13:03,eddie@node1m20.ecdf.ed.ac.uk,1,5973
56860680,0.02694,runlisfloo,awilso19,r,08/10/2026,05:15:44,eddie@node1k13.ecdf.ed.ac.uk,1,5978
56860680,0.02694,runlisfloo,awilso19,r,08/10/2026,05:11:28,eddie@node1m18.ecdf.ed.ac.uk,1,5971
56860680,0.02694,runlisfloo,awilso19,r,08/10/2026,05:11:38,eddie@node1m24.ecdf.ed.ac.uk,1,5972
56860680,0.02694,runlisfloo,awilso19,r,08/10/2026,05:35:52,eddie@node1m19.ecdf.ed.ac.uk,1,5995
56860680,0.02693,runlisfloo,awilso19,r,08/10/2026,05:06:07,eddie@node1m21.ecdf.ed.ac.uk,1,5964
56860680,0.02693,runlisfloo,awilso19,r,08/10/2026,05:07:18,eddie@node1m21.ecdf.ed.ac.uk,1,5965
56860680,0.02693,runlisfloo,awilso19,r,08/10/2026,04:58:52,eddie@node1m20.ecdf.ed.ac.uk,1,5950
56860680,0.02693,runlisfloo,awilso19,r,08/10/2026,04:59:11,eddie@node1m19.ecdf.ed.ac.uk,1,5951
56860680,0.02693,runlisfloo,awilso19,r,08/10/2026,05:01:19,eddie@node1m19.ecdf.ed.ac.uk,1,5952
56860680,0.02693,runlisfloo,awilso19,r,08/10/2026,05:01:24,eddie@node1m21.ecdf.ed.ac.uk,1,5953
56860680,0.02693,runlisfloo,awilso19,r,08/10/2026,05:01:24,eddie@node1m24.ecdf.ed.ac.uk,1,5954
56860680,0.02693,runlisfloo,awilso19,r,08/10/2026,05:01:27,eddie@node1m20.ecdf.ed.ac.uk,1,5955
56860680,0.02693,runlisfloo,awilso19,r,08/10/2026,05:01:42,eddie@node1m19.ecdf.ed.ac.uk,1,5956
56860680,0.02693,runlisfloo,awilso19,r,08/10/2026,05:02:57,eddie@node1m23.ecdf.ed.ac.uk,1,5957
56860680,0.02693,runlisfloo,awilso19,r,08/10/2026,05:03:59,eddie@node1m22.ecdf.ed.ac.uk,1,5958
56860680,0.02693,runlisfloo,awilso19,r,08/10/2026,05:04:12,eddie@node1m21.ecdf.ed.ac.uk,1,5959
56860680,0.02693,runlisfloo,awilso19,r,08/10/2026,05:04:22,eddie@node1m21.ecdf.ed.ac.uk,1,5960
56860680,0.02693,runlisfloo,awilso19,r,08/10/2026,05:04:44,eddie@node1m22.ecdf.ed.ac.uk,1,5961
56860680,0.02693,runlisfloo,awilso19,r,08/10/2026,05:04:51,eddie@node1m18.ecdf.ed.ac.uk,1,5962
56860680,0.02693,runlisfloo,awilso19,r,08/10/2026,05:05:30,eddie@node1m18.ecdf.ed.ac.uk,1,5963
56860680,0.02693,runlisfloo,awilso19,r,08/10/2026,05:07:55,eddie@node1m23.ecdf.ed.ac.uk,1,5966
56860680,0.02693,runlisfloo,awilso19,r,08/10/2026,05:08:20,eddie@node1m19.ecdf.ed.ac.uk,1,5967
56860680,0.02693,runlisfloo,awilso19,r,08/10/2026,05:09:12,eddie@node1m24.ecdf.ed.ac.uk,1,5968
56860680,0.02693,runlisfloo,awilso19,r,08/10/2026,05:09:17,eddie@node1m20.ecdf.ed.ac.uk,1,5969
56860680,0.02693,runlisfloo,awilso19,r,08/10/2026,05:09:50,eddie@node1m23.ecdf.ed.ac.uk,1,5970
56860680,0.02693,runlisfloo,awilso19,r,08/10/2026,04:55:25,eddie@node1m18.ecdf.ed.ac.uk,1,5947
56860680,0.02693,runlisfloo,awilso19,r,08/10/2026,04:56:09,eddie@node1m18.ecdf.ed.ac.uk,1,5948
56860680,0.02692,runlisfloo,awilso19,r,08/10/2026,04:50:28,eddie@node1m21.ecdf.ed.ac.uk,1,5936
56860680,0.02692,runlisfloo,awilso19,r,08/10/2026,04:50:59,eddie@node1m24.ecdf.ed.ac.uk,1,5937
56860680,0.02692,runlisfloo,awilso19,r,08/10/2026,04:47:38,eddie@node1m23.ecdf.ed.ac.uk,1,5933
56860680,0.02692,runlisfloo,awilso19,r,08/10/2026,04:48:38,eddie@node1m21.ecdf.ed.ac.uk,1,5934
56860680,0.02692,runlisfloo,awilso19,r,08/10/2026,04:49:11,eddie@node1m22.ecdf.ed.ac.uk,1,5935
56860680,0.02692,runlisfloo,awilso19,r,08/10/2026,04:51:59,eddie@node1m18.ecdf.ed.ac.uk,1,5938
56860680,0.02692,runlisfloo,awilso19,r,08/10/2026,04:51:59,eddie@node1m23.ecdf.ed.ac.uk,1,5939
56860680,0.02692,runlisfloo,awilso19,r,08/10/2026,04:52:02,eddie@node1m24.ecdf.ed.ac.uk,1,5940
56860680,0.02692,runlisfloo,awilso19,r,08/10/2026,04:52:10,eddie@node1m24.ecdf.ed.ac.uk,1,5941
56860680,0.02692,runlisfloo,awilso19,r,08/10/2026,04:47:19,eddie@node1m24.ecdf.ed.ac.uk,1,5932
56860680,0.02692,runlisfloo,awilso19,r,08/10/2026,04:52:23,eddie@node1m18.ecdf.ed.ac.uk,1,5942
56860680,0.02692,runlisfloo,awilso19,r,08/10/2026,04:52:31,eddie@node1m18.ecdf.ed.ac.uk,1,5943
56860680,0.02692,runlisfloo,awilso19,r,08/10/2026,04:53:55,eddie@node1m23.ecdf.ed.ac.uk,1,5944
56860680,0.02692,runlisfloo,awilso19,r,08/10/2026,04:54:06,eddie@node1m22.ecdf.ed.ac.uk,1,5945
56860680,0.02692,runlisfloo,awilso19,r,08/10/2026,04:54:35,eddie@node1m22.ecdf.ed.ac.uk,1,5946
56860680,0.02692,runlisfloo,awilso19,r,08/10/2026,04:57:35,eddie@node1m24.ecdf.ed.ac.uk,1,5949
56860680,0.02691,runlisfloo,awilso19,r,08/10/2026,04:36:31,eddie@node1m23.ecdf.ed.ac.uk,1,5918
56860680,0.02691,runlisfloo,awilso19,r,08/10/2026,04:37:06,eddie@node1m19.ecdf.ed.ac.uk,1,5919
56860680,0.02691,runlisfloo,awilso19,r,08/10/2026,04:37:51,eddie@node1m22.ecdf.ed.ac.uk,1,5920
56860680,0.02691,runlisfloo,awilso19,r,08/10/2026,04:36:07,eddie@node1m24.ecdf.ed.ac.uk,1,5917
56860680,0.02691,runlisfloo,awilso19,r,08/10/2026,04:38:23,eddie@node1m21.ecdf.ed.ac.uk,1,5921
56860680,0.02691,runlisfloo,awilso19,r,08/10/2026,04:39:23,eddie@node1m20.ecdf.ed.ac.uk,1,5922
56860680,0.02691,runlisfloo,awilso19,r,08/10/2026,04:40:54,eddie@node1m18.ecdf.ed.ac.uk,1,5923
56860680,0.02691,runlisfloo,awilso19,r,08/10/2026,04:41:30,eddie@node1m22.ecdf.ed.ac.uk,1,5924
56860680,0.02691,runlisfloo,awilso19,r,08/10/2026,04:41:39,eddie@node1m18.ecdf.ed.ac.uk,1,5925
56860680,0.02691,runlisfloo,awilso19,r,08/10/2026,04:41:56,eddie@node1m20.ecdf.ed.ac.uk,1,5926
56860680,0.02691,runlisfloo,awilso19,r,08/10/2026,04:42:01,eddie@node1m22.ecdf.ed.ac.uk,1,5927
56860680,0.02691,runlisfloo,awilso19,r,08/10/2026,04:35:02,eddie@node1m21.ecdf.ed.ac.uk,1,5915
56860680,0.02691,runlisfloo,awilso19,r,08/10/2026,04:42:29,eddie@node1m18.ecdf.ed.ac.uk,1,5928
56860680,0.02691,runlisfloo,awilso19,r,08/10/2026,04:43:29,eddie@node1m24.ecdf.ed.ac.uk,1,5929
56860680,0.02691,runlisfloo,awilso19,r,08/10/2026,04:35:17,eddie@node1m19.ecdf.ed.ac.uk,1,5916
56860680,0.02691,runlisfloo,awilso19,r,08/10/2026,04:43:42,eddie@node1m21.ecdf.ed.ac.uk,1,5930
56860680,0.02691,runlisfloo,awilso19,r,08/10/2026,04:44:33,eddie@node1m19.ecdf.ed.ac.uk,1,5931
56860680,0.02691,runlisfloo,awilso19,r,08/10/2026,04:33:09,eddie@node1m19.ecdf.ed.ac.uk,1,5913
56860680,0.02691,runlisfloo,awilso19,r,08/10/2026,04:33:20,eddie@node1m20.ecdf.ed.ac.uk,1,5914
56860680,0.02691,runlisfloo,awilso19,r,08/10/2026,04:26:15,eddie@node1m22.ecdf.ed.ac.uk,1,5903
56860680,0.02691,runlisfloo,awilso19,r,08/10/2026,04:25:52,eddie@node1m22.ecdf.ed.ac.uk,1,5902
56860680,0.02691,runlisfloo,awilso19,r,08/10/2026,04:25:13,eddie@node1m23.ecdf.ed.ac.uk,1,5901
56860680,0.02691,runlisfloo,awilso19,r,08/10/2026,04:23:47,eddie@node1m24.ecdf.ed.ac.uk,1,5897
56860680,0.02691,runlisfloo,awilso19,r,08/10/2026,04:23:42,eddie@node1m21.ecdf.ed.ac.uk,1,5896
56860680,0.02691,runlisfloo,awilso19,r,08/10/2026,04:23:58,eddie@node1m23.ecdf.ed.ac.uk,1,5898
56860680,0.02691,runlisfloo,awilso19,r,08/10/2026,04:23:58,eddie@node1m19.ecdf.ed.ac.uk,1,5899
56860680,0.02691,runlisfloo,awilso19,r,08/10/2026,04:24:10,eddie@node1m19.ecdf.ed.ac.uk,1,5900
56860680,0.02691,runlisfloo,awilso19,r,08/10/2026,04:27:46,eddie@node1m20.ecdf.ed.ac.uk,1,5904
56860680,0.02691,runlisfloo,awilso19,r,08/10/2026,04:28:32,eddie@node1m19.ecdf.ed.ac.uk,1,5905
56860680,0.02691,runlisfloo,awilso19,r,08/10/2026,04:29:11,eddie@node1k18.ecdf.ed.ac.uk,1,5906
56860680,0.02691,runlisfloo,awilso19,r,08/10/2026,04:29:35,eddie@node1m18.ecdf.ed.ac.uk,1,5907
56860680,0.02691,runlisfloo,awilso19,r,08/10/2026,04:31:24,eddie@node1m18.ecdf.ed.ac.uk,1,5908
56860680,0.02691,runlisfloo,awilso19,r,08/10/2026,04:23:07,eddie@node1m20.ecdf.ed.ac.uk,1,5895
56860680,0.02691,runlisfloo,awilso19,r,08/10/2026,04:31:33,eddie@node1m22.ecdf.ed.ac.uk,1,5909
56860680,0.02691,runlisfloo,awilso19,r,08/10/2026,04:31:41,eddie@node1m22.ecdf.ed.ac.uk,1,5910
56860680,0.02691,runlisfloo,awilso19,r,08/10/2026,04:32:05,eddie@node1m23.ecdf.ed.ac.uk,1,5911
56860680,0.02691,runlisfloo,awilso19,r,08/10/2026,04:32:16,eddie@node1m19.ecdf.ed.ac.uk,1,5912
56860680,0.02691,runlisfloo,awilso19,r,08/10/2026,04:22:31,eddie@node1m18.ecdf.ed.ac.uk,1,5894
56860680,0.02690,runlisfloo,awilso19,r,08/10/2026,04:19:43,eddie@node1m20.ecdf.ed.ac.uk,1,5887
56860680,0.02690,runlisfloo,awilso19,r,08/10/2026,04:19:47,eddie@node1m24.ecdf.ed.ac.uk,1,5888
56860680,0.02690,runlisfloo,awilso19,r,08/10/2026,04:21:18,eddie@node1m18.ecdf.ed.ac.uk,1,5889
56860680,0.02690,runlisfloo,awilso19,r,08/10/2026,04:21:23,eddie@node1k11.ecdf.ed.ac.uk,1,5890
56860680,0.02690,runlisfloo,awilso19,r,08/10/2026,04:21:45,eddie@node1m19.ecdf.ed.ac.uk,1,5891
56860680,0.02690,runlisfloo,awilso19,r,08/10/2026,04:22:01,eddie@node1m18.ecdf.ed.ac.uk,1,5892
56860680,0.02690,runlisfloo,awilso19,r,08/10/2026,04:22:20,eddie@node1m22.ecdf.ed.ac.uk,1,5893
56860680,0.02690,runlisfloo,awilso19,r,08/10/2026,03:31:24,eddie@node1m24.ecdf.ed.ac.uk,1,5802
56860680,0.02690,runlisfloo,awilso19,r,08/10/2026,04:16:48,eddie@node1m20.ecdf.ed.ac.uk,1,5877
56860680,0.02690,runlisfloo,awilso19,r,08/10/2026,04:16:54,eddie@node1m19.ecdf.ed.ac.uk,1,5878
56860680,0.02690,runlisfloo,awilso19,r,08/10/2026,04:16:59,eddie@node1m23.ecdf.ed.ac.uk,1,5879
56860680,0.02690,runlisfloo,awilso19,r,08/10/2026,04:17:10,eddie@node1k13.ecdf.ed.ac.uk,1,5880
56860680,0.02690,runlisfloo,awilso19,r,08/10/2026,04:17:47,eddie@node1m18.ecdf.ed.ac.uk,1,5881
56860680,0.02690,runlisfloo,awilso19,r,08/10/2026,03:30:41,eddie@node1m23.ecdf.ed.ac.uk,1,5800
56860680,0.02690,runlisfloo,awilso19,r,08/10/2026,03:30:41,eddie@node1m22.ecdf.ed.ac.uk,1,5801
56860680,0.02690,runlisfloo,awilso19,r,08/10/2026,04:16:28,eddie@node1m19.ecdf.ed.ac.uk,1,5876
56860680,0.02690,runlisfloo,awilso19,r,08/10/2026,03:29:19,eddie@node1m23.ecdf.ed.ac.uk,1,5799
56860680,0.02690,runlisfloo,awilso19,r,08/10/2026,04:13:37,eddie@node1m23.ecdf.ed.ac.uk,1,5871
56860680,0.02690,runlisfloo,awilso19,r,08/10/2026,04:13:45,eddie@node1m22.ecdf.ed.ac.uk,1,5872
56860680,0.02690,runlisfloo,awilso19,r,08/10/2026,04:14:05,eddie@node1m21.ecdf.ed.ac.uk,1,5873
56860680,0.02690,runlisfloo,awilso19,r,08/10/2026,04:14:08,eddie@node1m19.ecdf.ed.ac.uk,1,5874
56860680,0.02690,runlisfloo,awilso19,r,08/10/2026,04:10:22,eddie@node1m18.ecdf.ed.ac.uk,1,5867
56860680,0.02690,runlisfloo,awilso19,r,08/10/2026,04:10:49,eddie@node1m23.ecdf.ed.ac.uk,1,5868
56860680,0.02690,runlisfloo,awilso19,r,08/10/2026,04:11:56,eddie@node1m21.ecdf.ed.ac.uk,1,5869
56860680,0.02690,runlisfloo,awilso19,r,08/10/2026,04:12:18,eddie@node1m23.ecdf.ed.ac.uk,1,5870
56860680,0.02689,runlisfloo,awilso19,r,08/10/2026,03:50:31,eddie@node1m23.ecdf.ed.ac.uk,1,5835
56860680,0.02689,runlisfloo,awilso19,r,08/10/2026,03:51:02,eddie@node1m21.ecdf.ed.ac.uk,1,5836
56860680,0.02689,runlisfloo,awilso19,r,08/10/2026,03:51:08,eddie@node1m18.ecdf.ed.ac.uk,1,5837
56860680,0.02689,runlisfloo,awilso19,r,08/10/2026,03:51:08,eddie@node1m24.ecdf.ed.ac.uk,1,5838
56860680,0.02689,runlisfloo,awilso19,r,08/10/2026,03:52:28,eddie@node1m24.ecdf.ed.ac.uk,1,5839
56860680,0.02689,runlisfloo,awilso19,r,08/10/2026,03:52:55,eddie@node1m20.ecdf.ed.ac.uk,1,5840
56860680,0.02689,runlisfloo,awilso19,r,08/10/2026,03:53:00,eddie@node1m21.ecdf.ed.ac.uk,1,5841
56860680,0.02689,runlisfloo,awilso19,r,08/10/2026,03:53:51,eddie@node1m19.ecdf.ed.ac.uk,1,5842
56860680,0.02689,runlisfloo,awilso19,r,08/10/2026,03:55:00,eddie@node1m19.ecdf.ed.ac.uk,1,5843
56860680,0.02689,runlisfloo,awilso19,r,08/10/2026,03:55:58,eddie@node1m20.ecdf.ed.ac.uk,1,5844
56860680,0.02689,runlisfloo,awilso19,r,08/10/2026,03:57:16,eddie@node1m19.ecdf.ed.ac.uk,1,5845
56860680,0.02689,runlisfloo,awilso19,r,08/10/2026,03:59:24,eddie@node1m24.ecdf.ed.ac.uk,1,5847
56860680,0.02689,runlisfloo,awilso19,r,08/10/2026,03:57:38,eddie@node1m22.ecdf.ed.ac.uk,1,5846
56860680,0.02689,runlisfloo,awilso19,r,08/10/2026,04:00:25,eddie@node1m18.ecdf.ed.ac.uk,1,5849
56860680,0.02689,runlisfloo,awilso19,r,08/10/2026,04:00:01,eddie@node1m23.ecdf.ed.ac.uk,1,5848
56860680,0.02689,runlisfloo,awilso19,r,08/10/2026,04:00:30,eddie@node1m19.ecdf.ed.ac.uk,1,5850
56860680,0.02689,runlisfloo,awilso19,r,08/10/2026,04:01:14,eddie@node1m18.ecdf.ed.ac.uk,1,5851
56860680,0.02689,runlisfloo,awilso19,r,08/10/2026,04:04:06,eddie@node1m19.ecdf.ed.ac.uk,1,5852
56860680,0.02689,runlisfloo,awilso19,r,08/10/2026,04:04:10,eddie@node1m21.ecdf.ed.ac.uk,1,5853
56860680,0.02689,runlisfloo,awilso19,r,08/10/2026,04:04:19,eddie@node1m23.ecdf.ed.ac.uk,1,5854
56860680,0.02689,runlisfloo,awilso19,r,08/10/2026,04:05:26,eddie@node1m19.ecdf.ed.ac.uk,1,5855
56860680,0.02689,runlisfloo,awilso19,r,08/10/2026,04:05:45,eddie@node1k20.ecdf.ed.ac.uk,1,5856
56860680,0.02689,runlisfloo,awilso19,r,08/10/2026,04:06:30,eddie@node1m20.ecdf.ed.ac.uk,1,5857
56860680,0.02689,runlisfloo,awilso19,r,08/10/2026,04:06:48,eddie@node1m22.ecdf.ed.ac.uk,1,5858
56860680,0.02689,runlisfloo,awilso19,r,08/10/2026,04:07:20,eddie@node1m18.ecdf.ed.ac.uk,1,5859
56860680,0.02689,runlisfloo,awilso19,r,08/10/2026,04:07:59,eddie@node1m24.ecdf.ed.ac.uk,1,5861
56860680,0.02689,runlisfloo,awilso19,r,08/10/2026,04:07:34,eddie@node1m20.ecdf.ed.ac.uk,1,5860
56860680,0.02689,runlisfloo,awilso19,r,08/10/2026,04:08:21,eddie@node1m24.ecdf.ed.ac.uk,1,5862
56860680,0.02689,runlisfloo,awilso19,r,08/10/2026,04:08:21,eddie@node1m20.ecdf.ed.ac.uk,1,5863
56860680,0.02689,runlisfloo,awilso19,r,08/10/2026,04:08:50,eddie@node1m18.ecdf.ed.ac.uk,1,5864
56860680,0.02689,runlisfloo,awilso19,r,08/10/2026,04:09:51,eddie@node1m24.ecdf.ed.ac.uk,1,5865
56860680,0.02689,runlisfloo,awilso19,r,08/10/2026,04:10:18,eddie@node1m23.ecdf.ed.ac.uk,1,5866
56860680,0.02688,runlisfloo,awilso19,r,08/10/2026,03:47:25,eddie@node1m24.ecdf.ed.ac.uk,1,5832
56860680,0.02688,runlisfloo,awilso19,r,08/10/2026,03:48:34,eddie@node1m21.ecdf.ed.ac.uk,1,5833
56860680,0.02688,runlisfloo,awilso19,r,08/10/2026,03:49:56,eddie@node1m22.ecdf.ed.ac.uk,1,5834
56860680,0.02688,runlisfloo,awilso19,r,08/10/2026,04:18:39,eddie@node1m23.ecdf.ed.ac.uk,1,5883
56860680,0.02688,runlisfloo,awilso19,r,08/10/2026,04:19:12,eddie@node1m20.ecdf.ed.ac.uk,1,5884
56860680,0.02688,runlisfloo,awilso19,r,08/10/2026,04:19:19,eddie@node1m24.ecdf.ed.ac.uk,1,5885
56860680,0.02688,runlisfloo,awilso19,r,08/10/2026,04:19:31,eddie@node1m19.ecdf.ed.ac.uk,1,5886
56860680,0.02688,runlisfloo,awilso19,r,08/10/2026,04:14:52,eddie@node1m23.ecdf.ed.ac.uk,1,5875
56860680,0.02688,runlisfloo,awilso19,r,08/10/2026,04:17:54,eddie@node1m22.ecdf.ed.ac.uk,1,5882
56860680,0.02688,runlisfloo,awilso19,r,08/10/2026,03:44:44,eddie@node1m20.ecdf.ed.ac.uk,1,5830
56860680,0.02688,runlisfloo,awilso19,r,08/10/2026,03:44:14,eddie@node1m21.ecdf.ed.ac.uk,1,5829
56860680,0.02688,runlisfloo,awilso19,r,08/10/2026,03:45:40,eddie@node1m23.ecdf.ed.ac.uk,1,5831
56860680,0.02688,runlisfloo,awilso19,r,08/10/2026,03:42:38,eddie@node1m23.ecdf.ed.ac.uk,1,5826
56860680,0.02688,runlisfloo,awilso19,r,08/10/2026,03:42:49,eddie@node1m18.ecdf.ed.ac.uk,1,5827
56860680,0.02688,runlisfloo,awilso19,r,08/10/2026,03:43:05,eddie@node1m24.ecdf.ed.ac.uk,1,5828
56860680,0.02688,runlisfloo,awilso19,r,08/10/2026,03:37:53,eddie@node1m20.ecdf.ed.ac.uk,1,5812
56860680,0.02688,runlisfloo,awilso19,r,08/10/2026,03:34:25,eddie@node1m20.ecdf.ed.ac.uk,1,5808
56860680,0.02688,runlisfloo,awilso19,r,08/10/2026,03:35:11,eddie@node1m23.ecdf.ed.ac.uk,1,5809
56860680,0.02688,runlisfloo,awilso19,r,08/10/2026,03:35:24,eddie@node1m19.ecdf.ed.ac.uk,1,5810
56860680,0.02688,runlisfloo,awilso19,r,08/10/2026,03:35:56,eddie@node1m19.ecdf.ed.ac.uk,1,5811
56860680,0.02688,runlisfloo,awilso19,r,08/10/2026,03:39:10,eddie@node1m24.ecdf.ed.ac.uk,1,5814
56860680,0.02688,runlisfloo,awilso19,r,08/10/2026,03:38:27,eddie@node1m23.ecdf.ed.ac.uk,1,5813
56860680,0.02688,runlisfloo,awilso19,r,08/10/2026,03:39:15,eddie@node1m21.ecdf.ed.ac.uk,1,5815
56860680,0.02688,runlisfloo,awilso19,r,08/10/2026,03:40:26,eddie@node1m20.ecdf.ed.ac.uk,1,5816
56860680,0.02688,runlisfloo,awilso19,r,08/10/2026,03:40:37,eddie@node1m24.ecdf.ed.ac.uk,1,5817
56860680,0.02688,runlisfloo,awilso19,r,08/10/2026,03:40:37,eddie@node1m19.ecdf.ed.ac.uk,1,5818
56860680,0.02688,runlisfloo,awilso19,r,08/10/2026,03:40:42,eddie@node1m21.ecdf.ed.ac.uk,1,5819
56860680,0.02688,runlisfloo,awilso19,r,08/10/2026,03:27:15,eddie@node1m20.ecdf.ed.ac.uk,1,5798
56860680,0.02688,runlisfloo,awilso19,r,08/10/2026,03:40:51,eddie@node1m19.ecdf.ed.ac.uk,1,5820
56860680,0.02688,runlisfloo,awilso19,r,08/10/2026,03:41:01,eddie@node1m21.ecdf.ed.ac.uk,1,5821
56860680,0.02688,runlisfloo,awilso19,r,08/10/2026,03:41:19,eddie@node1n08.ecdf.ed.ac.uk,1,5822
56860680,0.02688,runlisfloo,awilso19,r,08/10/2026,03:41:41,eddie@node1m22.ecdf.ed.ac.uk,1,5823
56860680,0.02688,runlisfloo,awilso19,r,08/10/2026,03:41:58,eddie@node1m21.ecdf.ed.ac.uk,1,5824
56860680,0.02688,runlisfloo,awilso19,r,08/10/2026,03:42:02,eddie@node1m19.ecdf.ed.ac.uk,1,5825
56860680,0.02687,runlisfloo,awilso19,r,08/10/2026,03:33:51,eddie@node1m23.ecdf.ed.ac.uk,1,5806
56860680,0.02687,runlisfloo,awilso19,r,08/10/2026,03:34:02,eddie@node1m23.ecdf.ed.ac.uk,1,5807
56860680,0.02687,runlisfloo,awilso19,r,08/10/2026,03:32:01,eddie@node1m20.ecdf.ed.ac.uk,1,5803
56860680,0.02687,runlisfloo,awilso19,r,08/10/2026,03:32:05,eddie@node1m18.ecdf.ed.ac.uk,1,5804
56860680,0.02687,runlisfloo,awilso19,r,08/10/2026,03:32:30,eddie@node1m18.ecdf.ed.ac.uk,1,5805
56860680,0.02687,runlisfloo,awilso19,r,08/10/2026,03:26:57,eddie@node1m22.ecdf.ed.ac.uk,1,5797
56860680,0.02687,runlisfloo,awilso19,r,08/10/2026,03:26:27,eddie@node1m18.ecdf.ed.ac.uk,1,5795
56860680,0.02687,runlisfloo,awilso19,r,08/10/2026,03:26:33,eddie@node1m22.ecdf.ed.ac.uk,1,5796
56860680,0.02687,runlisfloo,awilso19,r,08/10/2026,03:26:17,eddie@node1m18.ecdf.ed.ac.uk,1,5794
56860680,0.02686,runlisfloo,awilso19,r,08/10/2026,03:22:27,eddie@node1m23.ecdf.ed.ac.uk,1,5790
56860680,0.02686,runlisfloo,awilso19,r,08/10/2026,03:23:04,eddie@node1m18.ecdf.ed.ac.uk,1,5791
56860680,0.02686,runlisfloo,awilso19,r,08/10/2026,03:19:34,eddie@node1m21.ecdf.ed.ac.uk,1,5783
56860680,0.02686,runlisfloo,awilso19,r,08/10/2026,03:19:46,eddie@node1m21.ecdf.ed.ac.uk,1,5784
56860680,0.02686,runlisfloo,awilso19,r,08/10/2026,03:20:21,eddie@node1m19.ecdf.ed.ac.uk,1,5785
56860680,0.02686,runlisfloo,awilso19,r,08/10/2026,03:20:52,eddie@node1m24.ecdf.ed.ac.uk,1,5786
56860680,0.02686,runlisfloo,awilso19,r,08/10/2026,03:21:06,eddie@node1m23.ecdf.ed.ac.uk,1,5787
56860680,0.02686,runlisfloo,awilso19,r,08/10/2026,03:22:00,eddie@node1m18.ecdf.ed.ac.uk,1,5788
56860680,0.02686,runlisfloo,awilso19,r,08/10/2026,03:22:13,eddie@node1m21.ecdf.ed.ac.uk,1,5789
56860680,0.02686,runlisfloo,awilso19,r,08/10/2026,03:24:12,eddie@node1m22.ecdf.ed.ac.uk,1,5792
56860680,0.02686,runlisfloo,awilso19,r,08/10/2026,03:24:32,eddie@node1m22.ecdf.ed.ac.uk,1,5793
56860680,0.02686,runlisfloo,awilso19,r,08/10/2026,03:16:55,eddie@node1m19.ecdf.ed.ac.uk,1,5779
56860680,0.02686,runlisfloo,awilso19,r,08/10/2026,03:18:17,eddie@node1m18.ecdf.ed.ac.uk,1,5780
56860680,0.02686,runlisfloo,awilso19,r,08/10/2026,03:18:30,eddie@node1m20.ecdf.ed.ac.uk,1,5781
56860680,0.02686,runlisfloo,awilso19,r,08/10/2026,03:18:50,eddie@node1m22.ecdf.ed.ac.uk,1,5782
56860680,0.02686,runlisfloo,awilso19,r,08/10/2026,03:15:28,eddie@node1m20.ecdf.ed.ac.uk,1,5778
56860680,0.02686,runlisfloo,awilso19,r,08/10/2026,03:13:14,eddie@node1m22.ecdf.ed.ac.uk,1,5775
56860680,0.02686,runlisfloo,awilso19,r,08/10/2026,03:14:18,eddie@node1m19.ecdf.ed.ac.uk,1,5776
56860680,0.02686,runlisfloo,awilso19,r,08/10/2026,03:14:46,eddie@node1m22.ecdf.ed.ac.uk,1,5777
56860680,0.02686,runlisfloo,awilso19,r,08/10/2026,03:12:14,eddie@node1n12.ecdf.ed.ac.uk,1,5774
56860680,0.02686,runlisfloo,awilso19,r,08/10/2026,03:10:16,eddie@node1m24.ecdf.ed.ac.uk,1,5770
56860680,0.02686,runlisfloo,awilso19,r,08/10/2026,03:11:25,eddie@node1m20.ecdf.ed.ac.uk,1,5771
56860680,0.02686,runlisfloo,awilso19,r,08/10/2026,03:11:26,eddie@node1m24.ecdf.ed.ac.uk,1,5772
56860680,0.02686,runlisfloo,awilso19,r,08/10/2026,03:11:29,eddie@node1m22.ecdf.ed.ac.uk,1,5773
56860680,0.02686,runlisfloo,awilso19,r,08/10/2026,03:09:41,eddie@node1m22.ecdf.ed.ac.uk,1,5768
56860680,0.02686,runlisfloo,awilso19,r,08/10/2026,03:09:46,eddie@node1m22.ecdf.ed.ac.uk,1,5769
56860680,0.02685,runlisfloo,awilso19,r,08/10/2026,03:07:58,eddie@node1m22.ecdf.ed.ac.uk,1,5765
56860680,0.02685,runlisfloo,awilso19,r,08/10/2026,03:08:29,eddie@node1m24.ecdf.ed.ac.uk,1,5766
56860680,0.02685,runlisfloo,awilso19,r,08/10/2026,03:08:35,eddie@node1m19.ecdf.ed.ac.uk,1,5767
56860680,0.02685,runlisfloo,awilso19,r,08/10/2026,03:04:52,eddie@node1m19.ecdf.ed.ac.uk,1,5760
56860680,0.02685,runlisfloo,awilso19,r,08/10/2026,03:05:20,eddie@node1m19.ecdf.ed.ac.uk,1,5761
56860680,0.02685,runlisfloo,awilso19,r,08/10/2026,03:05:37,eddie@node1m24.ecdf.ed.ac.uk,1,5762
56860680,0.02685,runlisfloo,awilso19,r,08/10/2026,03:02:34,eddie@node1m21.ecdf.ed.ac.uk,1,5758
56860680,0.02685,runlisfloo,awilso19,r,08/10/2026,03:03:07,eddie@node1m18.ecdf.ed.ac.uk,1,5759
56860680,0.02685,runlisfloo,awilso19,r,08/10/2026,03:07:05,eddie@node1m19.ecdf.ed.ac.uk,1,5763
56860680,0.02685,runlisfloo,awilso19,r,08/10/2026,03:07:14,eddie@node1m19.ecdf.ed.ac.uk,1,5764
56860680,0.02685,runlisfloo,awilso19,r,08/10/2026,02:57:16,eddie@node1m21.ecdf.ed.ac.uk,1,5748
56860680,0.02685,runlisfloo,awilso19,r,08/10/2026,02:57:16,eddie@node1m21.ecdf.ed.ac.uk,1,5749
56860680,0.02685,runlisfloo,awilso19,r,08/10/2026,02:57:19,eddie@node1k10.ecdf.ed.ac.uk,1,5750
56860680,0.02685,runlisfloo,awilso19,r,08/10/2026,02:58:05,eddie@node1m20.ecdf.ed.ac.uk,1,5751
56860680,0.02685,runlisfloo,awilso19,r,08/10/2026,02:58:36,eddie@node1m24.ecdf.ed.ac.uk,1,5752
56860680,0.02685,runlisfloo,awilso19,r,08/10/2026,02:59:02,eddie@node1m22.ecdf.ed.ac.uk,1,5753
56860680,0.02685,runlisfloo,awilso19,r,08/10/2026,02:59:29,eddie@node1m24.ecdf.ed.ac.uk,1,5754
56860680,0.02685,runlisfloo,awilso19,r,08/10/2026,02:56:06,eddie@node1m23.ecdf.ed.ac.uk,1,5747
56860680,0.02685,runlisfloo,awilso19,r,08/10/2026,03:00:09,eddie@node1m23.ecdf.ed.ac.uk,1,5755
56860680,0.02685,runlisfloo,awilso19,r,08/10/2026,03:00:34,eddie@node1m18.ecdf.ed.ac.uk,1,5756
56860680,0.02685,runlisfloo,awilso19,r,08/10/2026,03:00:51,eddie@node1m24.ecdf.ed.ac.uk,1,5757
56860680,0.02684,runlisfloo,awilso19,r,08/10/2026,02:52:42,eddie@node1m20.ecdf.ed.ac.uk,1,5743
56860680,0.02684,runlisfloo,awilso19,r,08/10/2026,02:52:46,eddie@node1m18.ecdf.ed.ac.uk,1,5744
56860680,0.02684,runlisfloo,awilso19,r,08/10/2026,02:52:46,eddie@node1m20.ecdf.ed.ac.uk,1,5745
56860680,0.02684,runlisfloo,awilso19,r,08/10/2026,02:52:55,eddie@node1m20.ecdf.ed.ac.uk,1,5746
56860680,0.02684,runlisfloo,awilso19,r,08/10/2026,02:50:19,eddie@node1m23.ecdf.ed.ac.uk,1,5740
56860680,0.02684,runlisfloo,awilso19,r,08/10/2026,02:51:07,eddie@node1m22.ecdf.ed.ac.uk,1,5741
56860680,0.02684,runlisfloo,awilso19,r,08/10/2026,02:51:10,eddie@node1m22.ecdf.ed.ac.uk,1,5742
56860680,0.02684,runlisfloo,awilso19,r,08/10/2026,02:49:21,eddie@node1m19.ecdf.ed.ac.uk,1,5738
56860680,0.02684,runlisfloo,awilso19,r,08/10/2026,02:49:47,eddie@node1m21.ecdf.ed.ac.uk,1,5739
56860680,0.02684,runlisfloo,awilso19,r,08/10/2026,02:47:23,eddie@node1m20.ecdf.ed.ac.uk,1,5736
56860680,0.02684,runlisfloo,awilso19,r,08/10/2026,02:48:30,eddie@node1m22.ecdf.ed.ac.uk,1,5737
56860680,0.02684,runlisfloo,awilso19,r,08/10/2026,02:46:44,eddie@node1m21.ecdf.ed.ac.uk,1,5735
56860680,0.02684,runlisfloo,awilso19,r,08/10/2026,02:43:38,eddie@node1n08.ecdf.ed.ac.uk,1,5729
56860680,0.02684,runlisfloo,awilso19,r,08/10/2026,02:44:11,eddie@node1m18.ecdf.ed.ac.uk,1,5730
56860680,0.02684,runlisfloo,awilso19,r,08/10/2026,02:44:22,eddie@node1m23.ecdf.ed.ac.uk,1,5731
56860680,0.02684,runlisfloo,awilso19,r,08/10/2026,02:44:44,eddie@node1m18.ecdf.ed.ac.uk,1,5732
56860680,0.02684,runlisfloo,awilso19,r,08/10/2026,02:44:53,eddie@node1m21.ecdf.ed.ac.uk,1,5733
56860680,0.02684,runlisfloo,awilso19,r,08/10/2026,02:45:18,eddie@node1m24.ecdf.ed.ac.uk,1,5734
56860680,0.02684,runlisfloo,awilso19,r,08/10/2026,02:41:04,eddie@node1m23.ecdf.ed.ac.uk,1,5727
56860680,0.02684,runlisfloo,awilso19,r,08/10/2026,02:40:34,eddie@node1m19.ecdf.ed.ac.uk,1,5726
56860680,0.02684,runlisfloo,awilso19,r,08/10/2026,02:41:40,eddie@node1m18.ecdf.ed.ac.uk,1,5728
56860680,0.02684,runlisfloo,awilso19,r,08/10/2026,02:39:40,eddie@node1m20.ecdf.ed.ac.uk,1,5724
56860680,0.02684,runlisfloo,awilso19,r,08/10/2026,02:39:59,eddie@node1m24.ecdf.ed.ac.uk,1,5725
56860680,0.02683,runlisfloo,awilso19,r,08/10/2026,02:37:19,eddie@node1m18.ecdf.ed.ac.uk,1,5723
56860680,0.02683,runlisfloo,awilso19,r,08/10/2026,02:34:30,eddie@node1m18.ecdf.ed.ac.uk,1,5720
56860680,0.02683,runlisfloo,awilso19,r,08/10/2026,02:35:04,eddie@node1m21.ecdf.ed.ac.uk,1,5721
56860680,0.02683,runlisfloo,awilso19,r,08/10/2026,02:35:40,eddie@node1m22.ecdf.ed.ac.uk,1,5722
56860680,0.02683,runlisfloo,awilso19,r,08/10/2026,02:33:07,eddie@node1m19.ecdf.ed.ac.uk,1,5719
56860680,0.02683,runlisfloo,awilso19,r,08/10/2026,02:26:26,eddie@node1m21.ecdf.ed.ac.uk,1,5717
56860680,0.02683,runlisfloo,awilso19,r,08/10/2026,02:26:47,eddie@node1m24.ecdf.ed.ac.uk,1,5718
56860680,0.02683,runlisfloo,awilso19,r,08/10/2026,02:25:36,eddie@node1m23.ecdf.ed.ac.uk,1,5716
56860680,0.02683,runlisfloo,awilso19,r,08/10/2026,02:23:05,eddie@node1m22.ecdf.ed.ac.uk,1,5712
56860680,0.02683,runlisfloo,awilso19,r,08/10/2026,02:24:22,eddie@node1m21.ecdf.ed.ac.uk,1,5713
56860680,0.02683,runlisfloo,awilso19,r,08/10/2026,02:24:46,eddie@node1m20.ecdf.ed.ac.uk,1,5714
56860680,0.02683,runlisfloo,awilso19,r,08/10/2026,02:25:06,eddie@node1m22.ecdf.ed.ac.uk,1,5715
56860680,0.02683,runlisfloo,awilso19,r,08/10/2026,02:22:36,eddie@node1m24.ecdf.ed.ac.uk,1,5711
56860680,0.02682,runlisfloo,awilso19,r,08/10/2026,02:20:36,eddie@node1m19.ecdf.ed.ac.uk,1,5710
56860680,0.02682,runlisfloo,awilso19,r,08/10/2026,02:18:18,eddie@node1m22.ecdf.ed.ac.uk,1,5705
56860680,0.02682,runlisfloo,awilso19,r,08/10/2026,02:18:30,eddie@node1m23.ecdf.ed.ac.uk,1,5706
56860680,0.02682,runlisfloo,awilso19,r,08/10/2026,02:18:49,eddie@node1m23.ecdf.ed.ac.uk,1,5707
56860680,0.02682,runlisfloo,awilso19,r,08/10/2026,02:18:49,eddie@node1m22.ecdf.ed.ac.uk,1,5708
56860680,0.02682,runlisfloo,awilso19,r,08/10/2026,02:19:42,eddie@node1m18.ecdf.ed.ac.uk,1,5709
56860680,0.02682,runlisfloo,awilso19,r,08/10/2026,02:17:11,eddie@node1k12.ecdf.ed.ac.uk,1,5703
56860680,0.02682,runlisfloo,awilso19,r,08/10/2026,02:16:31,eddie@node1m21.ecdf.ed.ac.uk,1,5701
56860680,0.02682,runlisfloo,awilso19,r,08/10/2026,02:16:42,eddie@node1m19.ecdf.ed.ac.uk,1,5702
56860680,0.02682,runlisfloo,awilso19,r,08/10/2026,02:15:16,eddie@node1m19.ecdf.ed.ac.uk,1,5699
56860680,0.02682,runlisfloo,awilso19,r,08/10/2026,02:15:21,eddie@node1m22.ecdf.ed.ac.uk,1,5700
56860680,0.02682,runlisfloo,awilso19,r,08/10/2026,02:17:58,eddie@node1m20.ecdf.ed.ac.uk,1,5704
56860680,0.02682,runlisfloo,awilso19,r,08/10/2026,02:12:17,eddie@node1m21.ecdf.ed.ac.uk,1,5698
56860680,0.02681,runlisfloo,awilso19,r,08/10/2026,01:50:01,eddie@node1m22.ecdf.ed.ac.uk,1,5683
56860680,0.02681,runlisfloo,awilso19,r,08/10/2026,01:50:10,eddie@node1m22.ecdf.ed.ac.uk,1,5684
56860680,0.02681,runlisfloo,awilso19,r,08/10/2026,01:52:22,eddie@node1m18.ecdf.ed.ac.uk,1,5685
56860680,0.02681,runlisfloo,awilso19,r,08/10/2026,01:54:23,eddie@node1m19.ecdf.ed.ac.uk,1,5686
56860680,0.02681,runlisfloo,awilso19,r,08/10/2026,01:54:45,eddie@node1m20.ecdf.ed.ac.uk,1,5687
56860680,0.02681,runlisfloo,awilso19,r,08/10/2026,01:54:55,eddie@node1m22.ecdf.ed.ac.uk,1,5688
56860680,0.02681,runlisfloo,awilso19,r,08/10/2026,01:55:58,eddie@node1m22.ecdf.ed.ac.uk,1,5689
56860680,0.02681,runlisfloo,awilso19,r,08/10/2026,01:48:02,eddie@node1m23.ecdf.ed.ac.uk,1,5681
56860680,0.02681,runlisfloo,awilso19,r,08/10/2026,01:48:05,eddie@node1m18.ecdf.ed.ac.uk,1,5682
56860680,0.02681,runlisfloo,awilso19,r,08/10/2026,02:01:35,eddie@node1m19.ecdf.ed.ac.uk,1,5692
56860680,0.02681,runlisfloo,awilso19,r,08/10/2026,02:01:52,eddie@node1m23.ecdf.ed.ac.uk,1,5693
56860680,0.02681,runlisfloo,awilso19,r,08/10/2026,01:46:36,eddie@node1m24.ecdf.ed.ac.uk,1,5680
56860680,0.02681,runlisfloo,awilso19,r,08/10/2026,01:45:36,eddie@node1m18.ecdf.ed.ac.uk,1,5679
56860680,0.02681,runlisfloo,awilso19,r,08/10/2026,01:44:17,eddie@node1m23.ecdf.ed.ac.uk,1,5678
56860680,0.02681,runlisfloo,awilso19,r,08/10/2026,02:03:15,eddie@node1m21.ecdf.ed.ac.uk,1,5694
56860680,0.02681,runlisfloo,awilso19,r,08/10/2026,02:05:46,eddie@node1m23.ecdf.ed.ac.uk,1,5695
56860680,0.02681,runlisfloo,awilso19,r,08/10/2026,02:06:55,eddie@node1m18.ecdf.ed.ac.uk,1,5696
56860680,0.02681,runlisfloo,awilso19,r,08/10/2026,02:08:30,eddie@node1m18.ecdf.ed.ac.uk,1,5697
56860680,0.02681,runlisfloo,awilso19,r,08/10/2026,01:59:21,eddie@node1m18.ecdf.ed.ac.uk,1,5690
56860680,0.02681,runlisfloo,awilso19,r,08/10/2026,01:59:55,eddie@node1m22.ecdf.ed.ac.uk,1,5691
56860680,0.02680,runlisfloo,awilso19,r,08/10/2026,01:32:36,eddie@node1m22.ecdf.ed.ac.uk,1,5676
56860680,0.02680,runlisfloo,awilso19,r,08/10/2026,01:34:00,eddie@node1m18.ecdf.ed.ac.uk,1,5677
56860680,0.02679,runlisfloo,awilso19,r,08/10/2026,01:18:56,eddie@node1m20.ecdf.ed.ac.uk,1,5674
56860680,0.02679,runlisfloo,awilso19,r,08/10/2026,01:29:28,eddie@node1m21.ecdf.ed.ac.uk,1,5675
56860680,0.02679,runlisfloo,awilso19,r,08/10/2026,01:18:01,eddie@node1n06.ecdf.ed.ac.uk,1,5673
56860680,0.02678,runlisfloo,awilso19,r,08/10/2026,01:05:11,eddie@node1m22.ecdf.ed.ac.uk,1,5670
56860680,0.02678,runlisfloo,awilso19,r,08/10/2026,01:06:09,eddie@node1k20.ecdf.ed.ac.uk,1,5672
56860680,0.02678,runlisfloo,awilso19,r,08/10/2026,01:05:36,eddie@node1m19.ecdf.ed.ac.uk,1,5671
56860680,0.02678,runlisfloo,awilso19,r,08/10/2026,00:58:05,eddie@node1m24.ecdf.ed.ac.uk,1,5668
56860680,0.02678,runlisfloo,awilso19,r,08/10/2026,00:59:01,eddie@node1m24.ecdf.ed.ac.uk,1,5669
56860680,0.02675,runlisfloo,awilso19,r,08/10/2026,00:30:55,eddie@node1m24.ecdf.ed.ac.uk,1,5667
56860680,0.02674,runlisfloo,awilso19,r,08/10/2026,00:28:44,eddie@node1k12.ecdf.ed.ac.uk,1,5666
56860680,0.02674,runlisfloo,awilso19,r,08/10/2026,00:12:52,eddie@node1j12.ecdf.ed.ac.uk,1,5664
56860680,0.02674,runlisfloo,awilso19,r,08/10/2026,00:14:02,eddie@node1m24.ecdf.ed.ac.uk,1,5665
56860680,0.02666,runlisfloo,awilso19,r,08/09/2026,22:17:20,eddie@node1n12.ecdf.ed.ac.uk,1,5663
56860680,0.02664,runlisfloo,awilso19,r,08/09/2026,21:38:05,eddie@node1n12.ecdf.ed.ac.uk,1,5662
56860680,0.02663,runlisfloo,awilso19,r,08/09/2026,21:30:38,eddie@node1n06.ecdf.ed.ac.uk,1,5661
56860680,0.02662,runlisfloo,awilso19,r,08/09/2026,21:00:24,eddie@node1n11.ecdf.ed.ac.uk,1,5654
56860680,0.02662,runlisfloo,awilso19,r,08/09/2026,21:00:56,eddie@node1n11.ecdf.ed.ac.uk,1,5655
56860680,0.02662,runlisfloo,awilso19,r,08/09/2026,21:06:11,eddie@node1n11.ecdf.ed.ac.uk,1,5658
56860680,0.02662,runlisfloo,awilso19,r,08/09/2026,21:07:08,eddie@node1n11.ecdf.ed.ac.uk,1,5659
56860680,0.02662,runlisfloo,awilso19,r,08/09/2026,21:07:24,eddie@node1n11.ecdf.ed.ac.uk,1,5660
56860680,0.02662,runlisfloo,awilso19,r,08/09/2026,21:05:10,eddie@node1n11.ecdf.ed.ac.uk,1,5656
56860680,0.02662,runlisfloo,awilso19,r,08/09/2026,21:05:54,eddie@node1n11.ecdf.ed.ac.uk,1,5657
56860680,0.02662,runlisfloo,awilso19,r,08/09/2026,20:59:57,eddie@node1n11.ecdf.ed.ac.uk,1,5653
56860680,0.02661,runlisfloo,awilso19,r,08/09/2026,20:55:08,eddie@node1n11.ecdf.ed.ac.uk,1,5646
56860680,0.02661,runlisfloo,awilso19,r,08/09/2026,20:55:38,eddie@node1n11.ecdf.ed.ac.uk,1,5647
56860680,0.02661,runlisfloo,awilso19,r,08/09/2026,20:57:53,eddie@node1n11.ecdf.ed.ac.uk,1,5652
56860680,0.02661,runlisfloo,awilso19,r,08/09/2026,20:55:53,eddie@node1n11.ecdf.ed.ac.uk,1,5648
56860680,0.02661,runlisfloo,awilso19,r,08/09/2026,20:56:10,eddie@node1n11.ecdf.ed.ac.uk,1,5649
56860680,0.02661,runlisfloo,awilso19,r,08/09/2026,20:57:22,eddie@node1n05.ecdf.ed.ac.uk,1,5650
56860680,0.02661,runlisfloo,awilso19,r,08/09/2026,20:57:26,eddie@node1n11.ecdf.ed.ac.uk,1,5651
56860680,0.02661,runlisfloo,awilso19,r,08/09/2026,20:54:38,eddie@node1n11.ecdf.ed.ac.uk,1,5645
56860680,0.02660,runlisfloo,awilso19,r,08/09/2026,20:43:54,eddie@node1n08.ecdf.ed.ac.uk,1,5644
56860680,0.02658,runlisfloo,awilso19,r,08/09/2026,20:10:15,eddie@node1n12.ecdf.ed.ac.uk,1,5643
56860680,0.02652,runlisfloo,awilso19,r,08/09/2026,18:27:27,eddie@node1n08.ecdf.ed.ac.uk,1,5641
56860680,0.02652,runlisfloo,awilso19,r,08/09/2026,18:32:27,eddie@node1n02.ecdf.ed.ac.uk,1,5642
56860680,0.02650,runlisfloo,awilso19,r,08/09/2026,18:19:05,eddie@node1k20.ecdf.ed.ac.uk,1,5640
56860680,0.02645,runlisfloo,awilso19,r,08/09/2026,16:53:07,eddie@node1n12.ecdf.ed.ac.uk,1,5638
56860680,0.02645,runlisfloo,awilso19,r,08/09/2026,16:55:31,eddie@node1k19.ecdf.ed.ac.uk,1,5639
56860680,0.02641,runlisfloo,awilso19,r,08/09/2026,15:53:11,eddie@node1n06.ecdf.ed.ac.uk,1,5637
56860680,0.02640,runlisfloo,awilso19,r,08/09/2026,15:28:48,eddie@node1n03.ecdf.ed.ac.uk,1,5636
56860680,0.02640,runlisfloo,awilso19,r,08/09/2026,15:28:26,eddie@node1k11.ecdf.ed.ac.uk,1,5635
56860680,0.02640,runlisfloo,awilso19,r,08/09/2026,15:20:36,eddie@node1k20.ecdf.ed.ac.uk,1,5634
56860680,0.02637,runlisfloo,awilso19,r,08/09/2026,14:40:37,eddie@node1n03.ecdf.ed.ac.uk,1,5633
56860680,0.02636,runlisfloo,awilso19,r,08/09/2026,14:26:41,eddie@node1k10.ecdf.ed.ac.uk,1,5632
56860680,0.02635,runlisfloo,awilso19,r,08/09/2026,14:00:14,eddie@node1n06.ecdf.ed.ac.uk,1,5631
56860680,0.02634,runlisfloo,awilso19,r,08/09/2026,13:49:04,eddie@node1n05.ecdf.ed.ac.uk,1,5630
56860680,0.02633,runlisfloo,awilso19,r,08/09/2026,13:33:30,eddie@node1n06.ecdf.ed.ac.uk,1,5629
56860680,0.02633,runlisfloo,awilso19,r,08/09/2026,13:27:52,eddie@node1n03.ecdf.ed.ac.uk,1,5628
56860680,0.02631,runlisfloo,awilso19,r,08/09/2026,13:16:59,eddie@node1k10.ecdf.ed.ac.uk,1,5627
56860680,0.02631,runlisfloo,awilso19,r,08/09/2026,12:57:11,eddie@node1k11.ecdf.ed.ac.uk,1,5626
56860680,0.02629,runlisfloo,awilso19,r,08/09/2026,12:34:35,eddie@node1k20.ecdf.ed.ac.uk,1,5625
56860680,0.02627,runlisfloo,awilso19,r,08/09/2026,12:05:38,eddie@node1k20.ecdf.ed.ac.uk,1,5624
56860680,0.02626,runlisfloo,awilso19,r,08/09/2026,11:48:14,eddie@node1n06.ecdf.ed.ac.uk,1,5623
56860680,0.02625,runlisfloo,awilso19,r,08/09/2026,11:43:07,eddie@node1n12.ecdf.ed.ac.uk,1,5622
56860680,0.02624,runlisfloo,awilso19,r,08/09/2026,11:30:15,eddie@node1j12.ecdf.ed.ac.uk,1,5621
56860680,0.02624,runlisfloo,awilso19,r,08/09/2026,11:25:41,eddie@node1k10.ecdf.ed.ac.uk,1,5620
56860680,0.02623,runlisfloo,awilso19,r,08/09/2026,11:04:28,eddie@node1k20.ecdf.ed.ac.uk,1,5619
56860680,0.02622,runlisfloo,awilso19,r,08/09/2026,10:35:20,eddie@node1k10.ecdf.ed.ac.uk,1,5618
56860680,0.02621,runlisfloo,awilso19,r,08/09/2026,10:32:54,eddie@node1k20.ecdf.ed.ac.uk,1,5616
56860680,0.02621,runlisfloo,awilso19,r,08/09/2026,10:34:08,eddie@node1n05.ecdf.ed.ac.uk,1,5617
56860680,0.02620,runlisfloo,awilso19,r,08/09/2026,10:10:28,eddie@node1k10.ecdf.ed.ac.uk,1,5615
56860680,0.02618,runlisfloo,awilso19,r,08/09/2026,09:49:06,eddie@node1n05.ecdf.ed.ac.uk,1,5614
56860680,0.02618,runlisfloo,awilso19,r,08/09/2026,09:46:56,eddie@node1n12.ecdf.ed.ac.uk,1,5613
56860680,0.02617,runlisfloo,awilso19,r,08/09/2026,09:40:36,eddie@node1k10.ecdf.ed.ac.uk,1,5612
56860680,0.02617,runlisfloo,awilso19,r,08/09/2026,09:33:57,eddie@node1k11.ecdf.ed.ac.uk,1,5611
56860680,0.02617,runlisfloo,awilso19,r,08/09/2026,09:31:55,eddie@node1k10.ecdf.ed.ac.uk,1,5610
56860680,0.02615,runlisfloo,awilso19,r,08/09/2026,09:17:05,eddie@node1k11.ecdf.ed.ac.uk,1,5608
56860680,0.02615,runlisfloo,awilso19,r,08/09/2026,09:21:13,eddie@node1n06.ecdf.ed.ac.uk,1,5609
56860680,0.02612,runlisfloo,awilso19,r,08/09/2026,08:17:51,eddie@node1n08.ecdf.ed.ac.uk,1,5607
56860680,0.02611,runlisfloo,awilso19,r,08/09/2026,08:03:57,eddie@node1k11.ecdf.ed.ac.uk,1,5606
56860680,0.02608,runlisfloo,awilso19,r,08/09/2026,07:22:31,eddie@node1k20.ecdf.ed.ac.uk,1,5605
56860680,0.02608,runlisfloo,awilso19,r,08/09/2026,07:20:52,eddie@node1k11.ecdf.ed.ac.uk,1,5603
56860680,0.02608,runlisfloo,awilso19,r,08/09/2026,07:21:25,eddie@node1k11.ecdf.ed.ac.uk,1,5604
56860680,0.02604,runlisfloo,awilso19,r,08/09/2026,06:19:22,eddie@node1n12.ecdf.ed.ac.uk,1,5602
56860680,0.02603,runlisfloo,awilso19,r,08/09/2026,06:01:22,eddie@node1n05.ecdf.ed.ac.uk,1,5601
56860680,0.02598,runlisfloo,awilso19,r,08/09/2026,04:37:58,eddie@node1n06.ecdf.ed.ac.uk,1,5600
56860680,0.02598,runlisfloo,awilso19,r,08/09/2026,04:27:30,eddie@node1n02.ecdf.ed.ac.uk,1,5598
56860680,0.02598,runlisfloo,awilso19,r,08/09/2026,04:27:36,eddie@node1k11.ecdf.ed.ac.uk,1,5599
56860680,0.02597,runlisfloo,awilso19,r,08/09/2026,04:14:02,eddie@node1n06.ecdf.ed.ac.uk,1,5597
56860680,0.02591,runlisfloo,awilso19,r,08/09/2026,02:53:33,eddie@node1n12.ecdf.ed.ac.uk,1,5595
56860680,0.02587,runlisfloo,awilso19,r,08/09/2026,03:06:11,eddie@node1n02.ecdf.ed.ac.uk,1,5596
56860680,0.02586,runlisfloo,awilso19,r,08/09/2026,01:28:28,eddie@node1n06.ecdf.ed.ac.uk,1,5594
56860680,0.02583,runlisfloo,awilso19,r,08/09/2026,00:43:35,eddie@node1k20.ecdf.ed.ac.uk,1,5592
56860680,0.02583,runlisfloo,awilso19,r,08/09/2026,00:33:50,eddie@node1n06.ecdf.ed.ac.uk,1,5591
56860680,0.02582,runlisfloo,awilso19,r,08/09/2026,01:25:58,eddie@node1k11.ecdf.ed.ac.uk,1,5593
56860680,0.02582,runlisfloo,awilso19,r,08/09/2026,00:23:35,eddie@node1n03.ecdf.ed.ac.uk,1,5589
56860680,0.02582,runlisfloo,awilso19,r,08/09/2026,00:29:05,eddie@node1k20.ecdf.ed.ac.uk,1,5590
56860680,0.02581,runlisfloo,awilso19,r,08/09/2026,00:11:19,eddie@node1n08.ecdf.ed.ac.uk,1,5587
56860680,0.02580,runlisfloo,awilso19,r,08/09/2026,00:13:19,eddie@node1k11.ecdf.ed.ac.uk,1,5588
56860680,0.02579,runlisfloo,awilso19,r,08/08/2026,23:42:39,eddie@node1n06.ecdf.ed.ac.uk,1,5586
56860680,0.02579,runlisfloo,awilso19,r,08/08/2026,23:38:39,eddie@node1k10.ecdf.ed.ac.uk,1,5585
56860680,0.02576,runlisfloo,awilso19,r,08/08/2026,22:59:40,eddie@node1n08.ecdf.ed.ac.uk,1,5584
56860680,0.02576,runlisfloo,awilso19,r,08/08/2026,22:50:25,eddie@node1n12.ecdf.ed.ac.uk,1,5583
56860680,0.02575,runlisfloo,awilso19,r,08/08/2026,22:41:55,eddie@node1n06.ecdf.ed.ac.uk,1,5582
56860680,0.02575,runlisfloo,awilso19,r,08/08/2026,22:34:08,eddie@node1n08.ecdf.ed.ac.uk,1,5581
56860680,0.02574,runlisfloo,awilso19,r,08/08/2026,22:28:23,eddie@node1k12.ecdf.ed.ac.uk,1,5580
56860680,0.02574,runlisfloo,awilso19,r,08/08/2026,22:25:38,eddie@node1n12.ecdf.ed.ac.uk,1,5579
56860680,0.02574,runlisfloo,awilso19,r,08/08/2026,22:19:53,eddie@node1k20.ecdf.ed.ac.uk,1,5578
56860680,0.02573,runlisfloo,awilso19,r,08/08/2026,22:07:19,eddie@node1n05.ecdf.ed.ac.uk,1,5576
56860680,0.02570,runlisfloo,awilso19,r,08/08/2026,21:28:49,eddie@node1n02.ecdf.ed.ac.uk,1,5572
56860680,0.02570,runlisfloo,awilso19,r,08/08/2026,21:28:49,eddie@node1n03.ecdf.ed.ac.uk,1,5573
56860680,0.02570,runlisfloo,awilso19,r,08/08/2026,21:28:49,eddie@node1k20.ecdf.ed.ac.uk,1,5574
56860680,0.02570,runlisfloo,awilso19,r,08/08/2026,21:28:49,eddie@node1k16.ecdf.ed.ac.uk,1,5575
56860680,0.02570,runlisfloo,awilso19,r,08/08/2026,21:18:34,eddie@node1s09.ecdf.ed.ac.uk,1,5564
56860680,0.02570,runlisfloo,awilso19,r,08/08/2026,21:18:34,eddie@node1s09.ecdf.ed.ac.uk,1,5565
56860680,0.02570,runlisfloo,awilso19,r,08/08/2026,21:18:34,eddie@node1s09.ecdf.ed.ac.uk,1,5566
56860680,0.02570,runlisfloo,awilso19,r,08/08/2026,21:18:34,eddie@node1s09.ecdf.ed.ac.uk,1,5567
56860680,0.02570,runlisfloo,awilso19,r,08/08/2026,21:18:34,eddie@node1s09.ecdf.ed.ac.uk,1,5568
56860680,0.02570,runlisfloo,awilso19,r,08/08/2026,21:18:34,eddie@node1s09.ecdf.ed.ac.uk,1,5569
56860680,0.02570,runlisfloo,awilso19,r,08/08/2026,21:18:34,eddie@node1s09.ecdf.ed.ac.uk,1,5570
56860680,0.02570,runlisfloo,awilso19,r,08/08/2026,21:18:34,eddie@node1s09.ecdf.ed.ac.uk,1,5571
56860680,0.02570,runlisfloo,awilso19,r,08/08/2026,21:18:19,eddie@node1n12.ecdf.ed.ac.uk,1,5563
56860680,0.02569,runlisfloo,awilso19,r,08/08/2026,21:06:34,eddie@node1j12.ecdf.ed.ac.uk,1,5562
56860680,0.02565,runlisfloo,awilso19,r,08/08/2026,20:14:05,eddie@node1n06.ecdf.ed.ac.uk,1,5561
56860680,0.02565,runlisfloo,awilso19,r,08/08/2026,19:56:18,eddie@node1k20.ecdf.ed.ac.uk,1,5560
56860680,0.02563,runlisfloo,awilso19,r,08/08/2026,19:27:47,eddie@node1k12.ecdf.ed.ac.uk,1,5558
56860680,0.02563,runlisfloo,awilso19,r,08/08/2026,19:29:02,eddie@node1n02.ecdf.ed.ac.uk,1,5559
56860680,0.02560,runlisfloo,awilso19,r,08/08/2026,18:48:24,eddie@node1n06.ecdf.ed.ac.uk,1,5556
56860680,0.02560,runlisfloo,awilso19,r,08/08/2026,18:47:54,eddie@node1k19.ecdf.ed.ac.uk,1,5555
56860680,0.02560,runlisfloo,awilso19,r,08/08/2026,18:51:24,eddie@node1k20.ecdf.ed.ac.uk,1,5557
56860680,0.02557,runlisfloo,awilso19,r,08/08/2026,18:06:23,eddie@node1k20.ecdf.ed.ac.uk,1,5554
56860680,0.02555,runlisfloo,awilso19,r,08/08/2026,17:28:38,eddie@node1k13.ecdf.ed.ac.uk,1,5553
56860680,0.02549,runlisfloo,awilso19,r,08/08/2026,15:52:58,eddie@node1k12.ecdf.ed.ac.uk,1,5552
56860680,0.02549,runlisfloo,awilso19,r,08/08/2026,15:49:58,eddie@node1n06.ecdf.ed.ac.uk,1,5551
56860680,0.02548,runlisfloo,awilso19,r,08/08/2026,15:44:28,eddie@node1n03.ecdf.ed.ac.uk,1,5550
56860680,0.02545,runlisfloo,awilso19,r,08/08/2026,15:14:56,eddie@node1k19.ecdf.ed.ac.uk,1,5549
56860680,0.02545,runlisfloo,awilso19,r,08/08/2026,14:49:41,eddie@node1k13.ecdf.ed.ac.uk,1,5548
56860680,0.02545,runlisfloo,awilso19,r,08/08/2026,14:42:11,eddie@node1n12.ecdf.ed.ac.uk,1,5547
56860680,0.02544,runlisfloo,awilso19,r,08/08/2026,14:36:26,eddie@node1n12.ecdf.ed.ac.uk,1,5546
56860680,0.02540,runlisfloo,awilso19,r,08/08/2026,13:29:27,eddie@node1k19.ecdf.ed.ac.uk,1,5545
56860680,0.02539,runlisfloo,awilso19,r,08/08/2026,13:22:12,eddie@node1n02.ecdf.ed.ac.uk,1,5544
56860680,0.02535,runlisfloo,awilso19,r,08/08/2026,12:10:22,eddie@node1n08.ecdf.ed.ac.uk,1,5543
56860680,0.02533,runlisfloo,awilso19,r,08/08/2026,11:38:40,eddie@node1k13.ecdf.ed.ac.uk,1,5542
56860680,0.02531,runlisfloo,awilso19,r,08/08/2026,11:14:14,eddie@node1n08.ecdf.ed.ac.uk,1,5541
56860680,0.02530,runlisfloo,awilso19,r,08/08/2026,10:53:14,eddie@node1n03.ecdf.ed.ac.uk,1,5540
56860680,0.02529,runlisfloo,awilso19,r,08/08/2026,10:44:14,eddie@node1k12.ecdf.ed.ac.uk,1,5539
56860680,0.02528,runlisfloo,awilso19,r,08/08/2026,10:28:30,eddie@node1n06.ecdf.ed.ac.uk,1,5537
56860680,0.02528,runlisfloo,awilso19,r,08/08/2026,10:29:45,eddie@node1k10.ecdf.ed.ac.uk,1,5538
56860680,0.02527,runlisfloo,awilso19,r,08/08/2026,10:02:00,eddie@node1n07.ecdf.ed.ac.uk,1,5535
56860680,0.02526,runlisfloo,awilso19,r,08/08/2026,10:19:00,eddie@node1n11.ecdf.ed.ac.uk,1,5536
56860680,0.02525,runlisfloo,awilso19,r,08/08/2026,09:44:15,eddie@node1n02.ecdf.ed.ac.uk,1,5534
56860680,0.02525,runlisfloo,awilso19,r,08/08/2026,09:37:45,eddie@node1k10.ecdf.ed.ac.uk,1,5533
56860680,0.02520,runlisfloo,awilso19,r,08/08/2026,08:17:37,eddie@node1n06.ecdf.ed.ac.uk,1,5532
56860680,0.02518,runlisfloo,awilso19,r,08/08/2026,07:52:37,eddie@node1n05.ecdf.ed.ac.uk,1,5530
56860680,0.02511,runlisfloo,awilso19,r,08/08/2026,06:00:22,eddie@node1n11.ecdf.ed.ac.uk,1,5528
56860680,0.02511,runlisfloo,awilso19,r,08/08/2026,06:06:52,eddie@node1k13.ecdf.ed.ac.uk,1,5529
56860680,0.02509,runlisfloo,awilso19,r,08/08/2026,05:28:22,eddie@node1n07.ecdf.ed.ac.uk,1,5527
56860680,0.02507,runlisfloo,awilso19,r,08/08/2026,04:54:37,eddie@node1k13.ecdf.ed.ac.uk,1,5526
56860680,0.02504,runlisfloo,awilso19,r,08/08/2026,04:11:52,eddie@node1n06.ecdf.ed.ac.uk,1,5525
56860680,0.02503,runlisfloo,awilso19,r,08/08/2026,03:50:52,eddie@node1k12.ecdf.ed.ac.uk,1,5524
57722449,0.02501,mixer_biva,knicodem,r,08/19/2026,06:43:00,eddie@node1k10.ecdf.ed.ac.uk,1,10
56860680,0.02500,runlisfloo,awilso19,r,08/08/2026,03:21:20,eddie@node1n06.ecdf.ed.ac.uk,1,5522
56860680,0.02500,runlisfloo,awilso19,r,08/08/2026,03:08:20,eddie@node1k13.ecdf.ed.ac.uk,1,5521
56860680,0.02495,runlisfloo,awilso19,r,08/08/2026,02:48:35,eddie@node1n06.ecdf.ed.ac.uk,1,5520
56860680,0.02493,runlisfloo,awilso19,r,08/08/2026,01:26:35,eddie@node1j12.ecdf.ed.ac.uk,1,5518
56860680,0.02491,runlisfloo,awilso19,r,08/08/2026,00:49:14,eddie@node1k10.ecdf.ed.ac.uk,1,5515
56860680,0.02491,runlisfloo,awilso19,r,08/08/2026,00:44:29,eddie@node1n03.ecdf.ed.ac.uk,1,5514
56860680,0.02490,runlisfloo,awilso19,r,08/08/2026,00:39:59,eddie@node1n05.ecdf.ed.ac.uk,1,5513
56860680,0.02489,runlisfloo,awilso19,r,08/08/2026,00:31:29,eddie@node1n07.ecdf.ed.ac.uk,1,5512
56860680,0.02488,runlisfloo,awilso19,r,08/08/2026,00:18:09,eddie@node1k13.ecdf.ed.ac.uk,1,5510
56860680,0.02488,runlisfloo,awilso19,r,08/08/2026,00:07:42,eddie@node1k10.ecdf.ed.ac.uk,1,5509
56860680,0.02487,runlisfloo,awilso19,r,08/07/2026,23:57:01,eddie@node1k13.ecdf.ed.ac.uk,1,5508
56860680,0.02485,runlisfloo,awilso19,r,08/07/2026,23:11:46,eddie@node1k13.ecdf.ed.ac.uk,1,5507
56860680,0.02484,runlisfloo,awilso19,r,08/07/2026,23:01:46,eddie@node1k10.ecdf.ed.ac.uk,1,5506
56860680,0.02483,runlisfloo,awilso19,r,08/07/2026,22:49:18,eddie@node1n11.ecdf.ed.ac.uk,1,5504
56860680,0.02482,runlisfloo,awilso19,r,08/07/2026,22:31:02,eddie@node1k10.ecdf.ed.ac.uk,1,5503
56860680,0.02480,runlisfloo,awilso19,r,08/07/2026,22:02:47,eddie@node1n11.ecdf.ed.ac.uk,1,5501
56860680,0.02480,runlisfloo,awilso19,r,08/07/2026,22:20:47,eddie@node1n06.ecdf.ed.ac.uk,1,5502
56860680,0.02479,runlisfloo,awilso19,r,08/07/2026,21:48:17,eddie@node1k13.ecdf.ed.ac.uk,1,5500
56860680,0.02477,runlisfloo,awilso19,r,08/07/2026,21:05:17,eddie@node1n02.ecdf.ed.ac.uk,1,5497
56860680,0.02476,runlisfloo,awilso19,r,08/07/2026,21:07:47,eddie@node1n07.ecdf.ed.ac.uk,1,5498
56860680,0.02476,runlisfloo,awilso19,r,08/07/2026,21:07:47,eddie@node1k10.ecdf.ed.ac.uk,1,5499
56860680,0.02475,runlisfloo,awilso19,r,08/07/2026,20:45:02,eddie@node1n05.ecdf.ed.ac.uk,1,5496
56860680,0.02475,runlisfloo,awilso19,r,08/07/2026,20:37:47,eddie@node1k12.ecdf.ed.ac.uk,1,5495
56860680,0.02474,runlisfloo,awilso19,r,08/07/2026,20:29:02,eddie@node1n08.ecdf.ed.ac.uk,1,5494
56860680,0.02474,runlisfloo,awilso19,r,08/07/2026,20:26:17,eddie@node1n11.ecdf.ed.ac.uk,1,5492
56860680,0.02473,runlisfloo,awilso19,r,08/07/2026,20:16:02,eddie@node1n03.ecdf.ed.ac.uk,1,5490
56860680,0.02473,runlisfloo,awilso19,r,08/07/2026,20:16:17,eddie@node1n06.ecdf.ed.ac.uk,1,5491
56860680,0.02472,runlisfloo,awilso19,r,08/07/2026,19:51:20,eddie@node1n08.ecdf.ed.ac.uk,1,5489
56860680,0.02471,runlisfloo,awilso19,r,08/07/2026,19:38:20,eddie@node1k12.ecdf.ed.ac.uk,1,5488
56860680,0.02470,runlisfloo,awilso19,r,08/07/2026,19:28:05,eddie@node1k10.ecdf.ed.ac.uk,1,5487
56860680,0.02468,runlisfloo,awilso19,r,08/07/2026,19:03:50,eddie@node1n07.ecdf.ed.ac.uk,1,5486
56860680,0.02465,runlisfloo,awilso19,r,08/07/2026,18:04:00,eddie@node1n07.ecdf.ed.ac.uk,1,5485
56860680,0.02465,runlisfloo,awilso19,r,08/07/2026,17:55:45,eddie@node1n11.ecdf.ed.ac.uk,1,5484
56860680,0.02464,runlisfloo,awilso19,r,08/07/2026,17:45:30,eddie@node1n07.ecdf.ed.ac.uk,1,5483
56860680,0.02462,runlisfloo,awilso19,r,08/07/2026,17:17:28,eddie@node1n07.ecdf.ed.ac.uk,1,5481
56860680,0.02462,runlisfloo,awilso19,r,08/07/2026,17:13:28,eddie@node1n11.ecdf.ed.ac.uk,1,5479
56860680,0.02462,runlisfloo,awilso19,r,08/07/2026,17:13:58,eddie@node1n07.ecdf.ed.ac.uk,1,5480
56860680,0.02461,runlisfloo,awilso19,r,08/07/2026,17:03:28,eddie@node1n03.ecdf.ed.ac.uk,1,5478
56860680,0.02460,runlisfloo,awilso19,r,08/07/2026,16:49:43,eddie@node1n05.ecdf.ed.ac.uk,1,5477
56860680,0.02457,runlisfloo,awilso19,r,08/07/2026,15:57:54,eddie@node1k10.ecdf.ed.ac.uk,1,5476
56860680,0.02451,runlisfloo,awilso19,r,08/07/2026,14:23:59,eddie@node1n07.ecdf.ed.ac.uk,1,5473
56860680,0.02450,runlisfloo,awilso19,r,08/07/2026,14:05:52,eddie@node1k10.ecdf.ed.ac.uk,1,5472
56860680,0.02449,runlisfloo,awilso19,r,08/07/2026,13:53:47,eddie@node1n07.ecdf.ed.ac.uk,1,5471
56860680,0.02444,runlisfloo,awilso19,r,08/07/2026,12:46:23,eddie@node1n03.ecdf.ed.ac.uk,1,5469
56860680,0.02444,runlisfloo,awilso19,r,08/07/2026,12:43:13,eddie@node1n03.ecdf.ed.ac.uk,1,5468
56860680,0.02443,runlisfloo,awilso19,r,08/07/2026,12:21:20,eddie@node1n11.ecdf.ed.ac.uk,1,5467
56860680,0.02440,runlisfloo,awilso19,r,08/07/2026,11:33:58,eddie@node1n11.ecdf.ed.ac.uk,1,5466
56860680,0.02440,runlisfloo,awilso19,r,08/07/2026,11:31:13,eddie@node1n11.ecdf.ed.ac.uk,1,5465
56860680,0.02438,runlisfloo,awilso19,r,08/07/2026,11:23:53,eddie@node1k10.ecdf.ed.ac.uk,1,5464
56860680,0.02436,runlisfloo,awilso19,r,08/07/2026,10:37:26,eddie@node1k12.ecdf.ed.ac.uk,1,5463
56860680,0.02430,runlisfloo,awilso19,r,08/07/2026,08:58:49,eddie@node1n05.ecdf.ed.ac.uk,1,5461
56860680,0.02430,runlisfloo,awilso19,r,08/07/2026,08:59:19,eddie@node1n07.ecdf.ed.ac.uk,1,5462
56860680,0.02424,runlisfloo,awilso19,r,08/07/2026,07:47:06,eddie@node1k16.ecdf.ed.ac.uk,1,5460
56860680,0.02421,runlisfloo,awilso19,r,08/07/2026,07:01:51,eddie@node1k10.ecdf.ed.ac.uk,1,5459
56860680,0.02419,runlisfloo,awilso19,r,08/07/2026,06:19:21,eddie@node1k16.ecdf.ed.ac.uk,1,5457
56860680,0.02418,runlisfloo,awilso19,r,08/07/2026,06:01:06,eddie@node1n03.ecdf.ed.ac.uk,1,5456
56860680,0.02417,runlisfloo,awilso19,r,08/07/2026,05:46:06,eddie@node1n03.ecdf.ed.ac.uk,1,5455
56860680,0.02410,runlisfloo,awilso19,r,08/07/2026,03:56:34,eddie@node1n03.ecdf.ed.ac.uk,1,5454
56860680,0.02408,runlisfloo,awilso19,r,08/07/2026,03:21:49,eddie@node1k12.ecdf.ed.ac.uk,1,5453
56860680,0.02406,runlisfloo,awilso19,r,08/07/2026,02:58:19,eddie@node1k12.ecdf.ed.ac.uk,1,5452
56860680,0.02405,runlisfloo,awilso19,r,08/07/2026,02:51:19,eddie@node1k12.ecdf.ed.ac.uk,1,5450
56860680,0.02401,runlisfloo,awilso19,r,08/07/2026,01:53:19,eddie@node1k12.ecdf.ed.ac.uk,1,5449
56860680,0.02401,runlisfloo,awilso19,r,08/07/2026,01:44:04,eddie@node1n05.ecdf.ed.ac.uk,1,5448
56860680,0.02399,runlisfloo,awilso19,r,08/07/2026,01:10:04,eddie@node1k12.ecdf.ed.ac.uk,1,5445
56860680,0.02398,runlisfloo,awilso19,r,08/07/2026,00:56:49,eddie@node1k12.ecdf.ed.ac.uk,1,5444
56860680,0.02398,runlisfloo,awilso19,r,08/07/2026,00:43:32,eddie@node1k12.ecdf.ed.ac.uk,1,5442
56860680,0.02397,runlisfloo,awilso19,r,08/07/2026,00:53:04,eddie@node1k12.ecdf.ed.ac.uk,1,5443
56860680,0.02393,runlisfloo,awilso19,r,08/06/2026,23:40:08,eddie@node1k12.ecdf.ed.ac.uk,1,5439
56860680,0.02393,runlisfloo,awilso19,r,08/06/2026,23:31:08,eddie@node1k16.ecdf.ed.ac.uk,1,5438
56860680,0.02393,runlisfloo,awilso19,r,08/06/2026,23:48:23,eddie@node1k16.ecdf.ed.ac.uk,1,5441
56860680,0.02392,runlisfloo,awilso19,r,08/06/2026,23:24:53,eddie@node1k13.ecdf.ed.ac.uk,1,5437
56860680,0.02389,runlisfloo,awilso19,r,08/06/2026,22:31:19,eddie@node1k12.ecdf.ed.ac.uk,1,5434
56860680,0.02389,runlisfloo,awilso19,r,08/06/2026,22:24:19,eddie@node1s09.ecdf.ed.ac.uk,1,5414
56860680,0.02389,runlisfloo,awilso19,r,08/06/2026,22:24:19,eddie@node1s09.ecdf.ed.ac.uk,1,5415
56860680,0.02389,runlisfloo,awilso19,r,08/06/2026,22:24:19,eddie@node1s09.ecdf.ed.ac.uk,1,5416
56860680,0.02389,runlisfloo,awilso19,r,08/06/2026,22:24:19,eddie@node1s09.ecdf.ed.ac.uk,1,5417
56860680,0.02389,runlisfloo,awilso19,r,08/06/2026,22:24:19,eddie@node1s09.ecdf.ed.ac.uk,1,5418
56860680,0.02389,runlisfloo,awilso19,r,08/06/2026,22:24:19,eddie@node1s09.ecdf.ed.ac.uk,1,5419
56860680,0.02389,runlisfloo,awilso19,r,08/06/2026,22:24:19,eddie@node1s09.ecdf.ed.ac.uk,1,5420
56860680,0.02389,runlisfloo,awilso19,r,08/06/2026,22:24:19,eddie@node1s09.ecdf.ed.ac.uk,1,5421
56860680,0.02389,runlisfloo,awilso19,r,08/06/2026,22:24:19,eddie@node1s09.ecdf.ed.ac.uk,1,5422
56860680,0.02389,runlisfloo,awilso19,r,08/06/2026,22:24:19,eddie@node1s09.ecdf.ed.ac.uk,1,5423
56860680,0.02389,runlisfloo,awilso19,r,08/06/2026,22:24:19,eddie@node1s09.ecdf.ed.ac.uk,1,5424
56860680,0.02389,runlisfloo,awilso19,r,08/06/2026,22:24:19,eddie@node1s09.ecdf.ed.ac.uk,1,5425
56860680,0.02389,runlisfloo,awilso19,r,08/06/2026,22:24:19,eddie@node1s09.ecdf.ed.ac.uk,1,5426
56860680,0.02389,runlisfloo,awilso19,r,08/06/2026,22:24:19,eddie@node1s09.ecdf.ed.ac.uk,1,5427
56860680,0.02389,runlisfloo,awilso19,r,08/06/2026,22:24:19,eddie@node1s09.ecdf.ed.ac.uk,1,5428
56860680,0.02389,runlisfloo,awilso19,r,08/06/2026,22:24:19,eddie@node1s09.ecdf.ed.ac.uk,1,5429
56860680,0.02389,runlisfloo,awilso19,r,08/06/2026,22:24:19,eddie@node1s09.ecdf.ed.ac.uk,1,5430
56860680,0.02389,runlisfloo,awilso19,r,08/06/2026,22:24:19,eddie@node1s09.ecdf.ed.ac.uk,1,5431
56860680,0.02389,runlisfloo,awilso19,r,08/06/2026,22:24:19,eddie@node1s09.ecdf.ed.ac.uk,1,5432
56860680,0.02389,runlisfloo,awilso19,r,08/06/2026,22:24:19,eddie@node1s09.ecdf.ed.ac.uk,1,5433
56860680,0.02387,runlisfloo,awilso19,r,08/06/2026,22:03:19,eddie@node1k16.ecdf.ed.ac.uk,1,5413
56860680,0.02387,runlisfloo,awilso19,r,08/06/2026,21:53:34,eddie@node1k12.ecdf.ed.ac.uk,1,5412
56860680,0.02377,runlisfloo,awilso19,r,08/06/2026,19:29:20,eddie@node1n08.ecdf.ed.ac.uk,1,5408
56860680,0.02377,runlisfloo,awilso19,r,08/06/2026,19:18:03,eddie@node1k12.ecdf.ed.ac.uk,1,5407
56860680,0.02369,runlisfloo,awilso19,r,08/06/2026,17:19:27,eddie@node1k12.ecdf.ed.ac.uk,1,5405
56860680,0.02367,runlisfloo,awilso19,r,08/06/2026,16:55:01,eddie@node1k16.ecdf.ed.ac.uk,1,5403
56860680,0.02367,runlisfloo,awilso19,r,08/06/2026,16:41:33,eddie@node1k12.ecdf.ed.ac.uk,1,5402
56860680,0.02361,runlisfloo,awilso19,r,08/06/2026,15:16:33,eddie@node1n08.ecdf.ed.ac.uk,1,5401
56860680,0.02356,runlisfloo,awilso19,r,08/06/2026,14:04:27,eddie@node1k13.ecdf.ed.ac.uk,1,5400
56860680,0.02350,runlisfloo,awilso19,r,08/06/2026,12:41:03,eddie@node1k13.ecdf.ed.ac.uk,1,5397
56860680,0.02290,runlisfloo,awilso19,r,08/05/2026,20:50:58,eddie@node1k13.ecdf.ed.ac.uk,1,5383
57722449,0.02273,mixer_biva,knicodem,r,08/19/2026,06:44:30,eddie@node1k13.ecdf.ed.ac.uk,1,11
56860680,0.02257,runlisfloo,awilso19,r,08/05/2026,12:26:24,eddie@node1n11.ecdf.ed.ac.uk,1,5378
56860680,0.02257,runlisfloo,awilso19,r,08/05/2026,12:26:24,eddie@node1n11.ecdf.ed.ac.uk,1,5379
57722449,0.02084,mixer_biva,knicodem,r,08/19/2026,06:44:30,eddie@node1n10.ecdf.ed.ac.uk,1,12
56860680,0.02024,runlisfloo,awilso19,r,08/03/2026,00:26:21,eddie@node1n11.ecdf.ed.ac.uk,1,5217
57722449,0.01924,mixer_biva,knicodem,r,08/19/2026,06:44:45,eddie@node1k17.ecdf.ed.ac.uk,1,13
57722449,0.01787,mixer_biva,knicodem,r,08/19/2026,06:50:30,eddie@node1k20.ecdf.ed.ac.uk,1,14
57722449,0.01668,mixer_biva,knicodem,r,08/19/2026,06:50:30,eddie@node1n12.ecdf.ed.ac.uk,1,15
57722449,0.01564,mixer_biva,knicodem,r,08/19/2026,06:50:30,eddie@node1k11.ecdf.ed.ac.uk,1,16
57722449,0.01472,mixer_biva,knicodem,r,08/19/2026,06:53:15,eddie@node1n09.ecdf.ed.ac.uk,1,17
57722449,0.01391,mixer_biva,knicodem,r,08/19/2026,06:54:30,eddie@node1k17.ecdf.ed.ac.uk,1,18
57722449,0.01317,mixer_biva,knicodem,r,08/19/2026,06:54:30,eddie@node1k11.ecdf.ed.ac.uk,1,19
57722449,0.01252,mixer_biva,knicodem,r,08/19/2026,06:56:00,eddie@node1k12.ecdf.ed.ac.uk,1,20
57383932,0.01176,runlisfloo,nfische2,r,08/10/2026,05:42:49,eddie@node1m20.ecdf.ed.ac.uk,1,6003
57663360,0.01105,miniseed_c,lzhu4,r,08/18/2026,20:53:47,eddie@node1o13.ecdf.ed.ac.uk,32
57650935,0.01082,g16a_kenp_,s2678360,r,08/17/2026,13:56:39,eddie@node1o08.ecdf.ed.ac.uk,8
57562825,0.01070,step7_gate,s2116644,r,08/19/2026,11:08:30,eddie@node1s15.ecdf.ed.ac.uk,8,1652
57383932,0.01069,runlisfloo,nfische2,r,08/10/2026,05:43:45,eddie@node1m23.ecdf.ed.ac.uk,1,6004
57562825,0.01069,step7_gate,s2116644,r,08/19/2026,10:54:54,eddie@node1r16.ecdf.ed.ac.uk,8,1651
57562825,0.01068,step7_gate,s2116644,r,08/19/2026,10:42:22,eddie@node1m16.ecdf.ed.ac.uk,8,1649
57562825,0.01068,step7_gate,s2116644,r,08/19/2026,10:48:57,eddie@node1l27.ecdf.ed.ac.uk,8,1650
57562825,0.01067,step7_gate,s2116644,r,08/19/2026,10:24:33,eddie@node1s16.ecdf.ed.ac.uk,8,1648
57562825,0.01062,step7_gate,s2116644,r,08/19/2026,09:37:19,eddie@node1l28.ecdf.ed.ac.uk,8,1646
57562825,0.01061,step7_gate,s2116644,r,08/19/2026,09:38:34,eddie@node1f06.ecdf.ed.ac.uk,8,1647
57562825,0.01060,step7_gate,s2116644,r,08/19/2026,09:04:54,eddie@node1o07.ecdf.ed.ac.uk,8,1645
57562825,0.01058,step7_gate,s2116644,r,08/19/2026,08:22:37,eddie@node1o05.ecdf.ed.ac.uk,8,1644
57562825,0.01055,step7_gate,s2116644,r,08/19/2026,07:40:27,eddie@node1h03.ecdf.ed.ac.uk,8,1643
57562825,0.01054,step7_gate,s2116644,r,08/19/2026,07:34:12,eddie@node1r08.ecdf.ed.ac.uk,8,1642
57562825,0.01041,step7_gate,s2116644,r,08/19/2026,05:48:28,eddie@node1f12.ecdf.ed.ac.uk,8,1641
57562825,0.01041,step7_gate,s2116644,r,08/19/2026,05:41:43,eddie@node1i06.ecdf.ed.ac.uk,8,1640
57562825,0.01041,step7_gate,s2116644,r,08/19/2026,05:38:43,eddie@node1f08.ecdf.ed.ac.uk,8,1639
57562825,0.01038,step7_gate,s2116644,r,08/19/2026,04:49:13,eddie@node1l25.ecdf.ed.ac.uk,8,1638
57562825,0.01037,step7_gate,s2116644,r,08/19/2026,04:39:13,eddie@node1f15.ecdf.ed.ac.uk,8,1637
57562825,0.01035,step7_gate,s2116644,r,08/19/2026,04:10:58,eddie@node1i16.ecdf.ed.ac.uk,8,1635
57562825,0.01034,step7_gate,s2116644,r,08/19/2026,03:57:58,eddie@node1h13.ecdf.ed.ac.uk,8,1634
57562825,0.01034,step7_gate,s2116644,r,08/19/2026,03:56:43,eddie@node1h13.ecdf.ed.ac.uk,8,1633
57562825,0.01034,step7_gate,s2116644,r,08/19/2026,03:50:13,eddie@node1h13.ecdf.ed.ac.uk,8,1632
57562825,0.01029,step7_gate,s2116644,r,08/19/2026,02:45:13,eddie@node1o13.ecdf.ed.ac.uk,8,1629
57562825,0.01028,step7_gate,s2116644,r,08/19/2026,02:35:58,eddie@node1l26.ecdf.ed.ac.uk,8,1628
57562825,0.01028,step7_gate,s2116644,r,08/19/2026,02:29:58,eddie@node1r08.ecdf.ed.ac.uk,8,1627
57562825,0.01026,step7_gate,s2116644,r,08/19/2026,02:05:43,eddie@node1i07.ecdf.ed.ac.uk,8,1624
57562825,0.01026,step7_gate,s2116644,r,08/19/2026,02:01:28,eddie@node1i03.ecdf.ed.ac.uk,8,1623
57562825,0.01025,step7_gate,s2116644,r,08/19/2026,01:51:43,eddie@node1f16.ecdf.ed.ac.uk,8,1622
57562825,0.01023,step7_gate,s2116644,r,08/19/2026,01:20:13,eddie@node1i15.ecdf.ed.ac.uk,8,1620
57562825,0.01018,step7_gate,s2116644,r,08/19/2026,00:08:43,eddie@node1l24.ecdf.ed.ac.uk,8,1618
57723063,0.00999,gssn16,s1833252,r,08/19/2026,10:44:26,eddie@node1m06.ecdf.ed.ac.uk,32
57383932,0.00998,runlisfloo,nfische2,r,08/10/2026,05:43:54,eddie@node1m20.ecdf.ed.ac.uk,1,6005
57722838,0.00988,log_mappin,djutzi,r,08/19/2026,10:00:44,eddie@node1s16.ecdf.ed.ac.uk,8
57308110,0.00969,runlisfloo,asiripat,r,08/10/2026,14:04:20,eddie@node1k13.ecdf.ed.ac.uk,1,8081
57308110,0.00968,runlisfloo,asiripat,r,08/10/2026,13:52:35,eddie@node1m19.ecdf.ed.ac.uk,1,8079
57308110,0.00968,runlisfloo,asiripat,r,08/10/2026,13:55:35,eddie@node1k18.ecdf.ed.ac.uk,1,8080
57308110,0.00968,runlisfloo,asiripat,r,08/10/2026,13:45:49,eddie@node1k18.ecdf.ed.ac.uk,1,8078
57308110,0.00968,runlisfloo,asiripat,r,08/10/2026,13:45:04,eddie@node1n11.ecdf.ed.ac.uk,1,8077
57308110,0.00963,runlisfloo,asiripat,r,08/10/2026,12:26:01,eddie@node1k18.ecdf.ed.ac.uk,1,8076
57308110,0.00962,runlisfloo,asiripat,r,08/10/2026,12:09:27,eddie@node1k13.ecdf.ed.ac.uk,1,8075
57308110,0.00962,runlisfloo,asiripat,r,08/10/2026,12:04:44,eddie@node1m19.ecdf.ed.ac.uk,1,8074
57308110,0.00961,runlisfloo,asiripat,r,08/10/2026,11:58:43,eddie@node1m18.ecdf.ed.ac.uk,1,8073
57722910,0.00959,QLOGIN,korin,r,08/19/2026,09:56:14,staging@node1f17.ecdf.ed.ac.uk,1
57308110,0.00959,runlisfloo,asiripat,r,08/10/2026,11:15:47,eddie@node1k13.ecdf.ed.ac.uk,1,8072
57308110,0.00956,runlisfloo,asiripat,r,08/10/2026,10:50:37,eddie@node1k18.ecdf.ed.ac.uk,1,8071
57308110,0.00955,runlisfloo,asiripat,r,08/10/2026,10:32:09,eddie@node1m23.ecdf.ed.ac.uk,1,8070
57308110,0.00954,runlisfloo,asiripat,r,08/10/2026,10:22:03,eddie@node1k13.ecdf.ed.ac.uk,1,8069
57308110,0.00954,runlisfloo,asiripat,r,08/10/2026,10:17:14,eddie@node1n05.ecdf.ed.ac.uk,1,8068
57308110,0.00954,runlisfloo,asiripat,r,08/10/2026,10:16:10,eddie@node1m22.ecdf.ed.ac.uk,1,8067
57722924,0.00953,nf-NFCORE_,s1744040,r,08/19/2026,10:00:44,eddie@node1f06.ecdf.ed.ac.uk,2
57308110,0.00953,runlisfloo,asiripat,r,08/10/2026,10:05:22,eddie@node1m20.ecdf.ed.ac.uk,1,8066
57308110,0.00952,runlisfloo,asiripat,r,08/10/2026,09:49:40,eddie@node1m24.ecdf.ed.ac.uk,1,8065
57308110,0.00951,runlisfloo,asiripat,r,08/10/2026,09:17:07,eddie@node1m19.ecdf.ed.ac.uk,1,8064
57308110,0.00950,runlisfloo,asiripat,r,08/10/2026,09:07:52,eddie@node1m24.ecdf.ed.ac.uk,1,8063
57308110,0.00950,runlisfloo,asiripat,r,08/10/2026,09:00:08,eddie@node1k18.ecdf.ed.ac.uk,1,8062
57308110,0.00949,runlisfloo,asiripat,r,08/10/2026,08:53:41,eddie@node1m24.ecdf.ed.ac.uk,1,8060
57308110,0.00949,runlisfloo,asiripat,r,08/10/2026,08:45:38,eddie@node1m23.ecdf.ed.ac.uk,1,8059
57308110,0.00949,runlisfloo,asiripat,r,08/10/2026,08:56:11,eddie@node1k18.ecdf.ed.ac.uk,1,8061
57308110,0.00948,runlisfloo,asiripat,r,08/10/2026,08:31:22,eddie@node1m21.ecdf.ed.ac.uk,1,8058
57308110,0.00945,runlisfloo,asiripat,r,08/10/2026,07:46:20,eddie@node1m22.ecdf.ed.ac.uk,1,8053
57308110,0.00944,runlisfloo,asiripat,r,08/10/2026,07:42:28,eddie@node1k12.ecdf.ed.ac.uk,1,8052
57308110,0.00944,runlisfloo,asiripat,r,08/10/2026,07:51:35,eddie@node1m21.ecdf.ed.ac.uk,1,8054
57308110,0.00944,runlisfloo,asiripat,r,08/10/2026,07:52:07,eddie@node1m24.ecdf.ed.ac.uk,1,8055
57308110,0.00944,runlisfloo,asiripat,r,08/10/2026,07:57:13,eddie@node1k13.ecdf.ed.ac.uk,1,8056
57308110,0.00944,runlisfloo,asiripat,r,08/10/2026,07:32:53,eddie@node1m20.ecdf.ed.ac.uk,1,8049
57308110,0.00944,runlisfloo,asiripat,r,08/10/2026,07:33:16,eddie@node1k13.ecdf.ed.ac.uk,1,8050
57308110,0.00944,runlisfloo,asiripat,r,08/10/2026,07:34:10,eddie@node1k13.ecdf.ed.ac.uk,1,8051
57308110,0.00944,runlisfloo,asiripat,r,08/10/2026,07:29:32,eddie@node1m23.ecdf.ed.ac.uk,1,8048
57308110,0.00943,runlisfloo,asiripat,r,08/10/2026,07:11:40,eddie@node1m20.ecdf.ed.ac.uk,1,8046
57308110,0.00943,runlisfloo,asiripat,r,08/10/2026,07:14:27,eddie@node1m18.ecdf.ed.ac.uk,1,8047
57308110,0.00942,runlisfloo,asiripat,r,08/10/2026,06:58:55,eddie@node1m19.ecdf.ed.ac.uk,1,8041
57308110,0.00942,runlisfloo,asiripat,r,08/10/2026,07:04:19,eddie@node1m24.ecdf.ed.ac.uk,1,8042
57308110,0.00942,runlisfloo,asiripat,r,08/10/2026,07:06:18,eddie@node1m19.ecdf.ed.ac.uk,1,8043
57308110,0.00941,runlisfloo,asiripat,r,08/10/2026,06:42:07,eddie@node1m21.ecdf.ed.ac.uk,1,8032
57308110,0.00941,runlisfloo,asiripat,r,08/10/2026,06:42:07,eddie@node1m21.ecdf.ed.ac.uk,1,8033
57308110,0.00941,runlisfloo,asiripat,r,08/10/2026,06:48:25,eddie@node1m23.ecdf.ed.ac.uk,1,8036
57308110,0.00941,runlisfloo,asiripat,r,08/10/2026,06:53:14,eddie@node1m21.ecdf.ed.ac.uk,1,8039
57308110,0.00941,runlisfloo,asiripat,r,08/10/2026,06:43:30,eddie@node1m21.ecdf.ed.ac.uk,1,8034
57308110,0.00941,runlisfloo,asiripat,r,08/10/2026,06:45:04,eddie@node1m21.ecdf.ed.ac.uk,1,8035
57308110,0.00941,runlisfloo,asiripat,r,08/10/2026,06:50:54,eddie@node1m21.ecdf.ed.ac.uk,1,8038
57308110,0.00941,runlisfloo,asiripat,r,08/10/2026,06:50:37,eddie@node1m18.ecdf.ed.ac.uk,1,8037
57308110,0.00941,runlisfloo,asiripat,r,08/10/2026,06:55:25,eddie@node1k12.ecdf.ed.ac.uk,1,8040
57308110,0.00941,runlisfloo,asiripat,r,08/10/2026,06:38:33,eddie@node1m22.ecdf.ed.ac.uk,1,8031
57308110,0.00940,runlisfloo,asiripat,r,08/10/2026,06:33:00,eddie@node1m21.ecdf.ed.ac.uk,1,8029
57308110,0.00940,runlisfloo,asiripat,r,08/10/2026,06:35:05,eddie@node1m24.ecdf.ed.ac.uk,1,8030
57308110,0.00940,runlisfloo,asiripat,r,08/10/2026,06:30:14,eddie@node1m20.ecdf.ed.ac.uk,1,8028
57582772,0.00939,lw_b11_24h,pminervi,r,08/19/2026,11:04:18,eddie@node1r07.ecdf.ed.ac.uk,1,8445
57308110,0.00939,runlisfloo,asiripat,r,08/10/2026,06:16:53,eddie@node1m20.ecdf.ed.ac.uk,1,8020
57308110,0.00939,runlisfloo,asiripat,r,08/10/2026,06:17:32,eddie@node1m21.ecdf.ed.ac.uk,1,8021
57308110,0.00939,runlisfloo,asiripat,r,08/10/2026,06:17:37,eddie@node1m24.ecdf.ed.ac.uk,1,8022
57308110,0.00939,runlisfloo,asiripat,r,08/10/2026,06:22:17,eddie@node1m20.ecdf.ed.ac.uk,1,8026
57308110,0.00939,runlisfloo,asiripat,r,08/10/2026,06:16:01,eddie@node1m18.ecdf.ed.ac.uk,1,8019
57308110,0.00939,runlisfloo,asiripat,r,08/10/2026,06:19:02,eddie@node1m23.ecdf.ed.ac.uk,1,8023
57308110,0.00939,runlisfloo,asiripat,r,08/10/2026,06:19:05,eddie@node1m20.ecdf.ed.ac.uk,1,8024
57308110,0.00939,runlisfloo,asiripat,r,08/10/2026,06:19:13,eddie@node1m23.ecdf.ed.ac.uk,1,8025
57308110,0.00939,runlisfloo,asiripat,r,08/10/2026,06:24:21,eddie@node1m20.ecdf.ed.ac.uk,1,8027
57308110,0.00939,runlisfloo,asiripat,r,08/10/2026,07:09:08,eddie@node1m23.ecdf.ed.ac.uk,1,8044
57308110,0.00939,runlisfloo,asiripat,r,08/10/2026,07:09:19,eddie@node1m23.ecdf.ed.ac.uk,1,8045
57308110,0.00939,runlisfloo,asiripat,r,08/10/2026,08:01:46,eddie@node1m22.ecdf.ed.ac.uk,1,8057
57308110,0.00939,runlisfloo,asiripat,r,08/10/2026,06:07:43,eddie@node1m18.ecdf.ed.ac.uk,1,8017
57308110,0.00939,runlisfloo,asiripat,r,08/10/2026,06:10:59,eddie@node1m19.ecdf.ed.ac.uk,1,8018
57308110,0.00938,runlisfloo,asiripat,r,08/10/2026,06:04:04,eddie@node1m20.ecdf.ed.ac.uk,1,8014
57308110,0.00938,runlisfloo,asiripat,r,08/10/2026,06:04:14,eddie@node1m23.ecdf.ed.ac.uk,1,8015
57308110,0.00938,runlisfloo,asiripat,r,08/10/2026,06:04:29,eddie@node1m20.ecdf.ed.ac.uk,1,8016
57582772,0.00938,lw_b11_24h,pminervi,r,08/19/2026,10:42:51,eddie@node1r17.ecdf.ed.ac.uk,1,8444
57308110,0.00938,runlisfloo,asiripat,r,08/10/2026,05:56:26,eddie@node1m22.ecdf.ed.ac.uk,1,8011
57308110,0.00938,runlisfloo,asiripat,r,08/10/2026,05:56:26,eddie@node1m21.ecdf.ed.ac.uk,1,8012
57308110,0.00938,runlisfloo,asiripat,r,08/10/2026,05:58:49,eddie@node1m20.ecdf.ed.ac.uk,1,8013
57308110,0.00938,runlisfloo,asiripat,r,08/10/2026,05:56:08,eddie@node1m24.ecdf.ed.ac.uk,1,8009
57308110,0.00938,runlisfloo,asiripat,r,08/10/2026,05:56:16,eddie@node1m20.ecdf.ed.ac.uk,1,8010
57308110,0.00938,runlisfloo,asiripat,r,08/10/2026,05:53:15,eddie@node1m18.ecdf.ed.ac.uk,1,8007
57308110,0.00938,runlisfloo,asiripat,r,08/10/2026,05:53:39,eddie@node1m21.ecdf.ed.ac.uk,1,8008
57582772,0.00938,lw_b11_24h,pminervi,r,08/19/2026,10:37:52,eddie@node1m16.ecdf.ed.ac.uk,1,8443
57308110,0.00937,runlisfloo,asiripat,r,08/10/2026,05:52:35,eddie@node1m20.ecdf.ed.ac.uk,1,8006
57308110,0.00937,runlisfloo,asiripat,r,08/10/2026,05:50:06,eddie@node1m21.ecdf.ed.ac.uk,1,8004
57308110,0.00937,runlisfloo,asiripat,r,08/10/2026,05:50:11,eddie@node1m24.ecdf.ed.ac.uk,1,8005
57582772,0.00937,lw_b11_24h,pminervi,r,08/19/2026,10:31:57,eddie@node1m16.ecdf.ed.ac.uk,1,8442
57308110,0.00937,runlisfloo,asiripat,r,08/10/2026,05:47:07,eddie@node1m20.ecdf.ed.ac.uk,1,8003
57308110,0.00937,runlisfloo,asiripat,r,08/10/2026,05:44:19,eddie@node1m24.ecdf.ed.ac.uk,1,8001
57308110,0.00937,runlisfloo,asiripat,r,08/10/2026,05:44:42,eddie@node1m24.ecdf.ed.ac.uk,1,8002
57582772,0.00937,lw_b11_24h,pminervi,r,08/19/2026,10:23:37,eddie@node1j28.ecdf.ed.ac.uk,1,8441
57582772,0.00936,lw_b11_24h,pminervi,r,08/19/2026,10:16:50,eddie@node1s15.ecdf.ed.ac.uk,1,8440
57582772,0.00936,lw_b11_24h,pminervi,r,08/19/2026,10:16:05,eddie@node1h12.ecdf.ed.ac.uk,1,8439
57582772,0.00936,lw_b11_24h,pminervi,r,08/19/2026,10:15:35,eddie@node1h12.ecdf.ed.ac.uk,1,8438
57582772,0.00936,lw_b11_24h,pminervi,r,08/19/2026,10:09:10,eddie@node1s14.ecdf.ed.ac.uk,1,8437
57582772,0.00936,lw_b11_24h,pminervi,r,08/19/2026,10:07:55,eddie@node1s14.ecdf.ed.ac.uk,1,8436
57582772,0.00936,lw_b11_24h,pminervi,r,08/19/2026,10:06:26,eddie@node1s14.ecdf.ed.ac.uk,1,8435
57582772,0.00935,lw_b11_24h,pminervi,r,08/19/2026,09:59:29,eddie@node1n01.ecdf.ed.ac.uk,1,8434
57582772,0.00935,lw_b11_24h,pminervi,r,08/19/2026,09:57:59,eddie@node1f06.ecdf.ed.ac.uk,1,8433
57582772,0.00935,lw_b11_24h,pminervi,r,08/19/2026,09:56:09,eddie@node1f06.ecdf.ed.ac.uk,1,8432
57582772,0.00935,lw_b11_24h,pminervi,r,08/19/2026,09:54:12,eddie@node1n08.ecdf.ed.ac.uk,1,8431
57582772,0.00934,lw_b11_24h,pminervi,r,08/19/2026,09:50:02,eddie@node1h11.ecdf.ed.ac.uk,1,8430
57582772,0.00934,lw_b11_24h,pminervi,r,08/19/2026,09:44:32,eddie@node1o13.ecdf.ed.ac.uk,1,8429
57582772,0.00934,lw_b11_24h,pminervi,r,08/19/2026,09:44:02,eddie@node1f16.ecdf.ed.ac.uk,1,8428
57582772,0.00934,lw_b11_24h,pminervi,r,08/19/2026,09:40:17,eddie@node1f11.ecdf.ed.ac.uk,1,8427
57582772,0.00934,lw_b11_24h,pminervi,r,08/19/2026,09:38:19,eddie@node1s13.ecdf.ed.ac.uk,1,8426
57582772,0.00934,lw_b11_24h,pminervi,r,08/19/2026,09:36:49,eddie@node1o10.ecdf.ed.ac.uk,1,8425
57582772,0.00933,lw_b11_24h,pminervi,r,08/19/2026,09:35:31,eddie@node1j28.ecdf.ed.ac.uk,1,8424
57582772,0.00933,lw_b11_24h,pminervi,r,08/19/2026,09:29:10,eddie@node1o10.ecdf.ed.ac.uk,1,8423
57582772,0.00933,lw_b11_24h,pminervi,r,08/19/2026,09:25:55,eddie@node1o12.ecdf.ed.ac.uk,1,8422
57582772,0.00933,lw_b11_24h,pminervi,r,08/19/2026,09:24:25,eddie@node1n07.ecdf.ed.ac.uk,1,8421
57582772,0.00932,lw_b11_24h,pminervi,r,08/19/2026,09:19:24,eddie@node1h12.ecdf.ed.ac.uk,1,8420
57582772,0.00932,lw_b11_24h,pminervi,r,08/19/2026,09:17:54,eddie@node1r08.ecdf.ed.ac.uk,1,8419
57582772,0.00932,lw_b11_24h,pminervi,r,08/19/2026,09:17:24,eddie@node1i03.ecdf.ed.ac.uk,1,8418
57582772,0.00932,lw_b11_24h,pminervi,r,08/19/2026,09:15:24,eddie@node1r08.ecdf.ed.ac.uk,1,8417
57722931,0.00932,QLOGIN,nfeeley,r,08/19/2026,10:02:34,staging@node1f14.ecdf.ed.ac.uk,1
57582772,0.00932,lw_b11_24h,pminervi,r,08/19/2026,09:08:54,eddie@node1h08.ecdf.ed.ac.uk,1,8416
57582772,0.00931,lw_b11_24h,pminervi,r,08/19/2026,09:03:38,eddie@node1i16.ecdf.ed.ac.uk,1,8415
57582772,0.00931,lw_b11_24h,pminervi,r,08/19/2026,09:00:38,eddie@node1r14.ecdf.ed.ac.uk,1,8411
57582772,0.00931,lw_b11_24h,pminervi,r,08/19/2026,09:00:38,eddie@node1r14.ecdf.ed.ac.uk,1,8412
57582772,0.00931,lw_b11_24h,pminervi,r,08/19/2026,09:00:53,eddie@node1f13.ecdf.ed.ac.uk,1,8413
57582772,0.00931,lw_b11_24h,pminervi,r,08/19/2026,09:00:53,eddie@node1f13.ecdf.ed.ac.uk,1,8414
57582772,0.00931,lw_b11_24h,pminervi,r,08/19/2026,08:59:38,eddie@node1r14.ecdf.ed.ac.uk,1,8408
57582772,0.00931,lw_b11_24h,pminervi,r,08/19/2026,08:59:53,eddie@node1f11.ecdf.ed.ac.uk,1,8409
57582772,0.00931,lw_b11_24h,pminervi,r,08/19/2026,09:00:23,eddie@node1r14.ecdf.ed.ac.uk,1,8410
57582772,0.00931,lw_b11_24h,pminervi,r,08/19/2026,08:58:53,eddie@node1f07.ecdf.ed.ac.uk,1,8405
57582772,0.00931,lw_b11_24h,pminervi,r,08/19/2026,08:58:53,eddie@node1o03.ecdf.ed.ac.uk,1,8406
57582772,0.00931,lw_b11_24h,pminervi,r,08/19/2026,08:58:53,eddie@node1l27.ecdf.ed.ac.uk,1,8407
57582772,0.00931,lw_b11_24h,pminervi,r,08/19/2026,08:57:53,eddie@node1f07.ecdf.ed.ac.uk,1,8403
57582772,0.00931,lw_b11_24h,pminervi,r,08/19/2026,08:57:53,eddie@node1f12.ecdf.ed.ac.uk,1,8404
57582772,0.00931,lw_b11_24h,pminervi,r,08/19/2026,08:57:23,eddie@node1f10.ecdf.ed.ac.uk,1,8400
57582772,0.00931,lw_b11_24h,pminervi,r,08/19/2026,08:57:23,eddie@node1l28.ecdf.ed.ac.uk,1,8401
57582772,0.00931,lw_b11_24h,pminervi,r,08/19/2026,08:57:38,eddie@node1h07.ecdf.ed.ac.uk,1,8402
57582772,0.00931,lw_b11_24h,pminervi,r,08/19/2026,08:55:38,eddie@node1l21.ecdf.ed.ac.uk,1,8398
57582772,0.00931,lw_b11_24h,pminervi,r,08/19/2026,08:57:08,eddie@node1f10.ecdf.ed.ac.uk,1,8399
57582772,0.00931,lw_b11_24h,pminervi,r,08/19/2026,08:53:38,eddie@node1f12.ecdf.ed.ac.uk,1,8392
57582772,0.00931,lw_b11_24h,pminervi,r,08/19/2026,08:53:38,eddie@node1l21.ecdf.ed.ac.uk,1,8393
57582772,0.00931,lw_b11_24h,pminervi,r,08/19/2026,08:53:38,eddie@node1l27.ecdf.ed.ac.uk,1,8394
57582772,0.00931,lw_b11_24h,pminervi,r,08/19/2026,08:53:23,eddie@node1f11.ecdf.ed.ac.uk,1,8390
57582772,0.00931,lw_b11_24h,pminervi,r,08/19/2026,08:53:23,eddie@node1f12.ecdf.ed.ac.uk,1,8391
57582772,0.00931,lw_b11_24h,pminervi,r,08/19/2026,08:54:23,eddie@node1i02.ecdf.ed.ac.uk,1,8396
57582772,0.00931,lw_b11_24h,pminervi,r,08/19/2026,08:54:23,eddie@node1f09.ecdf.ed.ac.uk,1,8397
57582772,0.00931,lw_b11_24h,pminervi,r,08/19/2026,08:54:08,eddie@node1f09.ecdf.ed.ac.uk,1,8395
57582772,0.00931,lw_b11_24h,pminervi,r,08/19/2026,08:52:22,eddie@node1f11.ecdf.ed.ac.uk,1,8389
57582772,0.00931,lw_b11_24h,pminervi,r,08/19/2026,08:51:52,eddie@node1f12.ecdf.ed.ac.uk,1,8388
57582772,0.00931,lw_b11_24h,pminervi,r,08/19/2026,08:50:52,eddie@node1l21.ecdf.ed.ac.uk,1,8386
57582772,0.00931,lw_b11_24h,pminervi,r,08/19/2026,08:51:07,eddie@node1i15.ecdf.ed.ac.uk,1,8387
57582772,0.00930,lw_b11_24h,pminervi,r,08/19/2026,08:49:22,eddie@node1f12.ecdf.ed.ac.uk,1,8382
57582772,0.00930,lw_b11_24h,pminervi,r,08/19/2026,08:49:22,eddie@node1i07.ecdf.ed.ac.uk,1,8383
57582772,0.00930,lw_b11_24h,pminervi,r,08/19/2026,08:49:22,eddie@node1i03.ecdf.ed.ac.uk,1,8384
57582772,0.00930,lw_b11_24h,pminervi,r,08/19/2026,08:49:22,eddie@node1l28.ecdf.ed.ac.uk,1,8385
57582772,0.00930,lw_b11_24h,pminervi,r,08/19/2026,08:48:37,eddie@node1i02.ecdf.ed.ac.uk,1,8381
57582772,0.00930,lw_b11_24h,pminervi,r,08/19/2026,08:47:07,eddie@node1f08.ecdf.ed.ac.uk,1,8373
57582772,0.00930,lw_b11_24h,pminervi,r,08/19/2026,08:47:07,eddie@node1i02.ecdf.ed.ac.uk,1,8374
57582772,0.00930,lw_b11_24h,pminervi,r,08/19/2026,08:47:07,eddie@node1r15.ecdf.ed.ac.uk,1,8375
57582772,0.00930,lw_b11_24h,pminervi,r,08/19/2026,08:47:37,eddie@node1r15.ecdf.ed.ac.uk,1,8376
57582772,0.00930,lw_b11_24h,pminervi,r,08/19/2026,08:47:37,eddie@node1l26.ecdf.ed.ac.uk,1,8377
57582772,0.00930,lw_b11_24h,pminervi,r,08/19/2026,08:48:22,eddie@node1l21.ecdf.ed.ac.uk,1,8379
57582772,0.00930,lw_b11_24h,pminervi,r,08/19/2026,08:48:22,eddie@node1o04.ecdf.ed.ac.uk,1,8380
57582772,0.00930,lw_b11_24h,pminervi,r,08/19/2026,08:46:37,eddie@node1f15.ecdf.ed.ac.uk,1,8372
57582772,0.00930,lw_b11_24h,pminervi,r,08/19/2026,08:48:07,eddie@node1i03.ecdf.ed.ac.uk,1,8378
57582772,0.00930,lw_b11_24h,pminervi,r,08/19/2026,08:46:22,eddie@node1f09.ecdf.ed.ac.uk,1,8370
57582772,0.00930,lw_b11_24h,pminervi,r,08/19/2026,08:46:22,eddie@node1i03.ecdf.ed.ac.uk,1,8371
57582772,0.00930,lw_b11_24h,pminervi,r,08/19/2026,08:45:22,eddie@node1i15.ecdf.ed.ac.uk,1,8369
57582772,0.00930,lw_b11_24h,pminervi,r,08/19/2026,08:43:07,eddie@node1r12.ecdf.ed.ac.uk,1,8363
57582772,0.00930,lw_b11_24h,pminervi,r,08/19/2026,08:41:52,eddie@node1f09.ecdf.ed.ac.uk,1,8359
57582772,0.00930,lw_b11_24h,pminervi,r,08/19/2026,08:41:52,eddie@node1f09.ecdf.ed.ac.uk,1,8360
57582772,0.00930,lw_b11_24h,pminervi,r,08/19/2026,08:40:37,eddie@node1f06.ecdf.ed.ac.uk,1,8357
57582772,0.00930,lw_b11_24h,pminervi,r,08/19/2026,08:40:37,eddie@node1j25.ecdf.ed.ac.uk,1,8358
57582772,0.00930,lw_b11_24h,pminervi,r,08/19/2026,08:44:37,eddie@node1f08.ecdf.ed.ac.uk,1,8367
57582772,0.00930,lw_b11_24h,pminervi,r,08/19/2026,08:44:37,eddie@node1r16.ecdf.ed.ac.uk,1,8368
57582772,0.00930,lw_b11_24h,pminervi,r,08/19/2026,08:44:07,eddie@node1f08.ecdf.ed.ac.uk,1,8366
57582772,0.00930,lw_b11_24h,pminervi,r,08/19/2026,08:42:22,eddie@node1f08.ecdf.ed.ac.uk,1,8361
57582772,0.00930,lw_b11_24h,pminervi,r,08/19/2026,08:42:37,eddie@node1i07.ecdf.ed.ac.uk,1,8362
57582772,0.00930,lw_b11_24h,pminervi,r,08/19/2026,08:43:37,eddie@node1f13.ecdf.ed.ac.uk,1,8364
57582772,0.00930,lw_b11_24h,pminervi,r,08/19/2026,08:43:52,eddie@node1i16.ecdf.ed.ac.uk,1,8365
57582772,0.00930,lw_b11_24h,pminervi,r,08/19/2026,08:40:22,eddie@node1i15.ecdf.ed.ac.uk,1,8356
57582772,0.00930,lw_b11_24h,pminervi,r,08/19/2026,08:40:07,eddie@node1f09.ecdf.ed.ac.uk,1,8355
57582772,0.00930,lw_b11_24h,pminervi,r,08/19/2026,08:38:22,eddie@node1l23.ecdf.ed.ac.uk,1,8350
57582772,0.00930,lw_b11_24h,pminervi,r,08/19/2026,08:38:22,eddie@node1o06.ecdf.ed.ac.uk,1,8351
57582772,0.00930,lw_b11_24h,pminervi,r,08/19/2026,08:38:22,eddie@node1h09.ecdf.ed.ac.uk,1,8352
57582772,0.00930,lw_b11_24h,pminervi,r,08/19/2026,08:38:52,eddie@node1l22.ecdf.ed.ac.uk,1,8353
57582772,0.00930,lw_b11_24h,pminervi,r,08/19/2026,08:37:37,eddie@node1f06.ecdf.ed.ac.uk,1,8348
57582772,0.00930,lw_b11_24h,pminervi,r,08/19/2026,08:37:37,eddie@node1l22.ecdf.ed.ac.uk,1,8349
57582772,0.00930,lw_b11_24h,pminervi,r,08/19/2026,08:39:22,eddie@node1i16.ecdf.ed.ac.uk,1,8354
57582772,0.00930,lw_b11_24h,pminervi,r,08/19/2026,08:37:04,eddie@node1l22.ecdf.ed.ac.uk,1,8346
57582772,0.00930,lw_b11_24h,pminervi,r,08/19/2026,08:37:04,eddie@node1o05.ecdf.ed.ac.uk,1,8347
57582772,0.00930,lw_b11_24h,pminervi,r,08/19/2026,08:36:37,eddie@node1l22.ecdf.ed.ac.uk,1,8345
57582772,0.00930,lw_b11_24h,pminervi,r,08/19/2026,08:35:22,eddie@node1o03.ecdf.ed.ac.uk,1,8343
57582772,0.00930,lw_b11_24h,pminervi,r,08/19/2026,08:35:22,eddie@node1o06.ecdf.ed.ac.uk,1,8344
57582772,0.00930,lw_b11_24h,pminervi,r,08/19/2026,08:34:22,eddie@node1l22.ecdf.ed.ac.uk,1,8341
57582772,0.00930,lw_b11_24h,pminervi,r,08/19/2026,08:34:37,eddie@node1l23.ecdf.ed.ac.uk,1,8342
57582772,0.00929,lw_b11_24h,pminervi,r,08/19/2026,08:33:37,eddie@node1j25.ecdf.ed.ac.uk,1,8340
57582772,0.00929,lw_b11_24h,pminervi,r,08/19/2026,08:33:07,eddie@node1l22.ecdf.ed.ac.uk,1,8337
57582772,0.00929,lw_b11_24h,pminervi,r,08/19/2026,08:33:07,eddie@node1r19.ecdf.ed.ac.uk,1,8338
57582772,0.00929,lw_b11_24h,pminervi,r,08/19/2026,08:33:07,eddie@node1j27.ecdf.ed.ac.uk,1,8339
57582772,0.00929,lw_b11_24h,pminervi,r,08/19/2026,08:32:52,eddie@node1o12.ecdf.ed.ac.uk,1,8336
57582772,0.00929,lw_b11_24h,pminervi,r,08/19/2026,08:31:22,eddie@node1f16.ecdf.ed.ac.uk,1,8331
57582772,0.00929,lw_b11_24h,pminervi,r,08/19/2026,08:31:22,eddie@node1f06.ecdf.ed.ac.uk,1,8332
57582772,0.00929,lw_b11_24h,pminervi,r,08/19/2026,08:31:52,eddie@node1r18.ecdf.ed.ac.uk,1,8334
57582772,0.00929,lw_b11_24h,pminervi,r,08/19/2026,08:31:52,eddie@node1j28.ecdf.ed.ac.uk,1,8335
57582772,0.00929,lw_b11_24h,pminervi,r,08/19/2026,08:29:07,eddie@node1f06.ecdf.ed.ac.uk,1,8325
57582772,0.00929,lw_b11_24h,pminervi,r,08/19/2026,08:29:07,eddie@node1r16.ecdf.ed.ac.uk,1,8326
57582772,0.00929,lw_b11_24h,pminervi,r,08/19/2026,08:28:22,eddie@node1o04.ecdf.ed.ac.uk,1,8323
57582772,0.00929,lw_b11_24h,pminervi,r,08/19/2026,08:30:22,eddie@node1f06.ecdf.ed.ac.uk,1,8328
57582772,0.00929,lw_b11_24h,pminervi,r,08/19/2026,08:30:37,eddie@node1o12.ecdf.ed.ac.uk,1,8329
57582772,0.00929,lw_b11_24h,pminervi,r,08/19/2026,08:30:52,eddie@node1r16.ecdf.ed.ac.uk,1,8330
57582772,0.00929,lw_b11_24h,pminervi,r,08/19/2026,08:31:37,eddie@node1o04.ecdf.ed.ac.uk,1,8333
57582772,0.00929,lw_b11_24h,pminervi,r,08/19/2026,08:30:07,eddie@node1r16.ecdf.ed.ac.uk,1,8327
57582772,0.00929,lw_b11_24h,pminervi,r,08/19/2026,08:28:52,eddie@node1o05.ecdf.ed.ac.uk,1,8324
57582772,0.00929,lw_b11_24h,pminervi,r,08/19/2026,08:24:37,eddie@node1h03.ecdf.ed.ac.uk,1,8314
57582772,0.00929,lw_b11_24h,pminervi,r,08/19/2026,08:24:37,eddie@node1h23.ecdf.ed.ac.uk,1,8315
57582772,0.00929,lw_b11_24h,pminervi,r,08/19/2026,08:24:37,eddie@node1h08.ecdf.ed.ac.uk,1,8316
57582772,0.00929,lw_b11_24h,pminervi,r,08/19/2026,08:22:22,eddie@node1r14.ecdf.ed.ac.uk,1,8306
57582772,0.00929,lw_b11_24h,pminervi,r,08/19/2026,08:22:22,eddie@node1l24.ecdf.ed.ac.uk,1,8307
57582772,0.00929,lw_b11_24h,pminervi,r,08/19/2026,08:23:07,eddie@node1r15.ecdf.ed.ac.uk,1,8309
57582772,0.00929,lw_b11_24h,pminervi,r,08/19/2026,08:23:07,eddie@node1o11.ecdf.ed.ac.uk,1,8310
57582772,0.00929,lw_b11_24h,pminervi,r,08/19/2026,08:27:37,eddie@node1r16.ecdf.ed.ac.uk,1,8320
57582772,0.00929,lw_b11_24h,pminervi,r,08/19/2026,08:27:37,eddie@node1o09.ecdf.ed.ac.uk,1,8321
57582772,0.00929,lw_b11_24h,pminervi,r,08/19/2026,08:22:37,eddie@node1r07.ecdf.ed.ac.uk,1,8308
57582772,0.00929,lw_b11_24h,pminervi,r,08/19/2026,08:23:52,eddie@node1o04.ecdf.ed.ac.uk,1,8311
57582772,0.00929,lw_b11_24h,pminervi,r,08/19/2026,08:24:07,eddie@node1i13.ecdf.ed.ac.uk,1,8312
57582772,0.00929,lw_b11_24h,pminervi,r,08/19/2026,08:24:22,eddie@node1o05.ecdf.ed.ac.uk,1,8313
57582772,0.00929,lw_b11_24h,pminervi,r,08/19/2026,08:22:07,eddie@node1r15.ecdf.ed.ac.uk,1,8305
57582772,0.00929,lw_b11_24h,pminervi,r,08/19/2026,08:24:52,eddie@node1s14.ecdf.ed.ac.uk,1,8317
57582772,0.00929,lw_b11_24h,pminervi,r,08/19/2026,08:26:52,eddie@node1o04.ecdf.ed.ac.uk,1,8318
57582772,0.00929,lw_b11_24h,pminervi,r,08/19/2026,08:27:22,eddie@node1o04.ecdf.ed.ac.uk,1,8319
57582772,0.00929,lw_b11_24h,pminervi,r,08/19/2026,08:27:52,eddie@node1o05.ecdf.ed.ac.uk,1,8322
57582772,0.00929,lw_b11_24h,pminervi,r,08/19/2026,08:21:52,eddie@node1r15.ecdf.ed.ac.uk,1,8302
57582772,0.00929,lw_b11_24h,pminervi,r,08/19/2026,08:21:52,eddie@node1r15.ecdf.ed.ac.uk,1,8303
57582772,0.00929,lw_b11_24h,pminervi,r,08/19/2026,08:21:52,eddie@node1r15.ecdf.ed.ac.uk,1,8304
57582772,0.00929,lw_b11_24h,pminervi,r,08/19/2026,08:21:22,eddie@node1i14.ecdf.ed.ac.uk,1,8299
57582772,0.00929,lw_b11_24h,pminervi,r,08/19/2026,08:21:22,eddie@node1r14.ecdf.ed.ac.uk,1,8300
57582772,0.00929,lw_b11_24h,pminervi,r,08/19/2026,08:21:07,eddie@node1i07.ecdf.ed.ac.uk,1,8298
57582772,0.00929,lw_b11_24h,pminervi,r,08/19/2026,08:21:37,eddie@node1r14.ecdf.ed.ac.uk,1,8301
57582772,0.00929,lw_b11_24h,pminervi,r,08/19/2026,08:20:37,eddie@node1l21.ecdf.ed.ac.uk,1,8297
57582772,0.00929,lw_b11_24h,pminervi,r,08/19/2026,08:20:07,eddie@node1i13.ecdf.ed.ac.uk,1,8294
57582772,0.00929,lw_b11_24h,pminervi,r,08/19/2026,08:20:07,eddie@node1r12.ecdf.ed.ac.uk,1,8295
57582772,0.00929,lw_b11_24h,pminervi,r,08/19/2026,08:20:07,eddie@node1o12.ecdf.ed.ac.uk,1,8296
57582772,0.00929,lw_b11_24h,pminervi,r,08/19/2026,08:19:52,eddie@node1l24.ecdf.ed.ac.uk,1,8292
57582772,0.00929,lw_b11_24h,pminervi,r,08/19/2026,08:19:52,eddie@node1l24.ecdf.ed.ac.uk,1,8293
57582772,0.00929,lw_b11_24h,pminervi,r,08/19/2026,08:19:07,eddie@node1r07.ecdf.ed.ac.uk,1,8289
57582772,0.00929,lw_b11_24h,pminervi,r,08/19/2026,08:19:07,eddie@node1h15.ecdf.ed.ac.uk,1,8290
57582772,0.00929,lw_b11_24h,pminervi,r,08/19/2026,08:19:37,eddie@node1r15.ecdf.ed.ac.uk,1,8291
57582772,0.00928,lw_b11_24h,pminervi,r,08/19/2026,08:14:37,eddie@node1h08.ecdf.ed.ac.uk,1,8268
57582772,0.00928,lw_b11_24h,pminervi,r,08/19/2026,08:15:52,eddie@node1i03.ecdf.ed.ac.uk,1,8269
57582772,0.00928,lw_b11_24h,pminervi,r,08/19/2026,08:15:52,eddie@node1h04.ecdf.ed.ac.uk,1,8270
57582772,0.00928,lw_b11_24h,pminervi,r,08/19/2026,08:15:52,eddie@node1m16.ecdf.ed.ac.uk,1,8271
57582772,0.00928,lw_b11_24h,pminervi,r,08/19/2026,08:15:52,eddie@node1h04.ecdf.ed.ac.uk,1,8272
57582772,0.00928,lw_b11_24h,pminervi,r,08/19/2026,08:15:52,eddie@node1m16.ecdf.ed.ac.uk,1,8273
57582772,0.00928,lw_b11_24h,pminervi,r,08/19/2026,08:18:22,eddie@node1f07.ecdf.ed.ac.uk,1,8283
57582772,0.00928,lw_b11_24h,pminervi,r,08/19/2026,08:18:22,eddie@node1o10.ecdf.ed.ac.uk,1,8284
57582772,0.00928,lw_b11_24h,pminervi,r,08/19/2026,08:18:22,eddie@node1j25.ecdf.ed.ac.uk,1,8285
57582772,0.00928,lw_b11_24h,pminervi,r,08/19/2026,08:18:22,eddie@node1h05.ecdf.ed.ac.uk,1,8286
57582772,0.00928,lw_b11_24h,pminervi,r,08/19/2026,08:14:07,eddie@node1f06.ecdf.ed.ac.uk,1,8264
57582772,0.00928,lw_b11_24h,pminervi,r,08/19/2026,08:14:07,eddie@node1o09.ecdf.ed.ac.uk,1,8265
57582772,0.00928,lw_b11_24h,pminervi,r,08/19/2026,08:14:07,eddie@node1h07.ecdf.ed.ac.uk,1,8266
57582772,0.00928,lw_b11_24h,pminervi,r,08/19/2026,08:10:07,eddie@node1i14.ecdf.ed.ac.uk,1,8253
57582772,0.00928,lw_b11_24h,pminervi,r,08/19/2026,08:10:07,eddie@node1i14.ecdf.ed.ac.uk,1,8254
57582772,0.00928,lw_b11_24h,pminervi,r,08/19/2026,08:11:07,eddie@node1j25.ecdf.ed.ac.uk,1,8257
57582772,0.00928,lw_b11_24h,pminervi,r,08/19/2026,08:11:07,eddie@node1r05.ecdf.ed.ac.uk,1,8258
57582772,0.00928,lw_b11_24h,pminervi,r,08/19/2026,08:13:07,eddie@node1m14.ecdf.ed.ac.uk,1,8261
57582772,0.00928,lw_b11_24h,pminervi,r,08/19/2026,08:13:07,eddie@node1o14.ecdf.ed.ac.uk,1,8262
57582772,0.00928,lw_b11_24h,pminervi,r,08/19/2026,08:16:37,eddie@node1i02.ecdf.ed.ac.uk,1,8275
57582772,0.00928,lw_b11_24h,pminervi,r,08/19/2026,08:16:37,eddie@node1r06.ecdf.ed.ac.uk,1,8276
57582772,0.00928,lw_b11_24h,pminervi,r,08/19/2026,08:17:07,eddie@node1r18.ecdf.ed.ac.uk,1,8278
57582772,0.00928,lw_b11_24h,pminervi,r,08/19/2026,08:17:07,eddie@node1o09.ecdf.ed.ac.uk,1,8279
57582772,0.00928,lw_b11_24h,pminervi,r,08/19/2026,08:18:37,eddie@node1i16.ecdf.ed.ac.uk,1,8287
57582772,0.00928,lw_b11_24h,pminervi,r,08/19/2026,08:18:37,eddie@node1i02.ecdf.ed.ac.uk,1,8288
57582772,0.00928,lw_b11_24h,pminervi,r,08/19/2026,08:17:22,eddie@node1r15.ecdf.ed.ac.uk,1,8280
57582772,0.00928,lw_b11_24h,pminervi,r,08/19/2026,08:17:37,eddie@node1h08.ecdf.ed.ac.uk,1,8281
57582772,0.00928,lw_b11_24h,pminervi,r,08/19/2026,08:09:37,eddie@node1r18.ecdf.ed.ac.uk,1,8252
57582772,0.00928,lw_b11_24h,pminervi,r,08/19/2026,08:10:22,eddie@node1o11.ecdf.ed.ac.uk,1,8255
57582772,0.00928,lw_b11_24h,pminervi,r,08/19/2026,08:10:37,eddie@node1h23.ecdf.ed.ac.uk,1,8256
57582772,0.00928,lw_b11_24h,pminervi,r,08/19/2026,08:11:22,eddie@node1i15.ecdf.ed.ac.uk,1,8259
57582772,0.00928,lw_b11_24h,pminervi,r,08/19/2026,08:11:52,eddie@node1h04.ecdf.ed.ac.uk,1,8260
57582772,0.00928,lw_b11_24h,pminervi,r,08/19/2026,08:16:22,eddie@node1s19.ecdf.ed.ac.uk,1,8274
57582772,0.00928,lw_b11_24h,pminervi,r,08/19/2026,08:16:52,eddie@node1h04.ecdf.ed.ac.uk,1,8277
57582772,0.00928,lw_b11_24h,pminervi,r,08/19/2026,08:17:52,eddie@node1o11.ecdf.ed.ac.uk,1,8282
57582772,0.00928,lw_b11_24h,pminervi,r,08/19/2026,08:13:22,eddie@node1s13.ecdf.ed.ac.uk,1,8263
57582772,0.00928,lw_b11_24h,pminervi,r,08/19/2026,08:14:22,eddie@node1h04.ecdf.ed.ac.uk,1,8267
57582772,0.00928,lw_b11_24h,pminervi,r,08/19/2026,08:09:22,eddie@node1f12.ecdf.ed.ac.uk,1,8251
57582772,0.00928,lw_b11_24h,pminervi,r,08/19/2026,08:08:52,eddie@node1s18.ecdf.ed.ac.uk,1,8249
57582772,0.00928,lw_b11_24h,pminervi,r,08/19/2026,08:08:37,eddie@node1h12.ecdf.ed.ac.uk,1,8246
57582772,0.00928,lw_b11_24h,pminervi,r,08/19/2026,08:08:37,eddie@node1h15.ecdf.ed.ac.uk,1,8247
57582772,0.00928,lw_b11_24h,pminervi,r,08/19/2026,08:08:37,eddie@node1j28.ecdf.ed.ac.uk,1,8248
57582772,0.00928,lw_b11_24h,pminervi,r,08/19/2026,08:09:07,eddie@node1r07.ecdf.ed.ac.uk,1,8250
57582772,0.00928,lw_b11_24h,pminervi,r,08/19/2026,08:08:22,eddie@node1f06.ecdf.ed.ac.uk,1,8245
57582772,0.00928,lw_b11_24h,pminervi,r,08/19/2026,08:05:20,eddie@node1l22.ecdf.ed.ac.uk,1,8239
57582772,0.00928,lw_b11_24h,pminervi,r,08/19/2026,08:05:05,eddie@node1l22.ecdf.ed.ac.uk,1,8238
57582772,0.00928,lw_b11_24h,pminervi,r,08/19/2026,08:04:35,eddie@node1h23.ecdf.ed.ac.uk,1,8237
57582772,0.00928,lw_b11_24h,pminervi,r,08/19/2026,08:04:20,eddie@node1o05.ecdf.ed.ac.uk,1,8235
57582772,0.00928,lw_b11_24h,pminervi,r,08/19/2026,08:04:20,eddie@node1j25.ecdf.ed.ac.uk,1,8236
57582772,0.00928,lw_b11_24h,pminervi,r,08/19/2026,08:04:05,eddie@node1i14.ecdf.ed.ac.uk,1,8234
57582772,0.00927,lw_b11_24h,pminervi,r,08/19/2026,08:02:20,eddie@node1r07.ecdf.ed.ac.uk,1,8228
57582772,0.00927,lw_b11_24h,pminervi,r,08/19/2026,08:02:20,eddie@node1j28.ecdf.ed.ac.uk,1,8229
57582772,0.00927,lw_b11_24h,pminervi,r,08/19/2026,08:01:35,eddie@node1h12.ecdf.ed.ac.uk,1,8227
57582772,0.00927,lw_b11_24h,pminervi,r,08/19/2026,08:03:20,eddie@node1f15.ecdf.ed.ac.uk,1,8232
57582772,0.00927,lw_b11_24h,pminervi,r,08/19/2026,08:03:50,eddie@node1i14.ecdf.ed.ac.uk,1,8233
57582772,0.00927,lw_b11_24h,pminervi,r,08/19/2026,08:02:50,eddie@node1s18.ecdf.ed.ac.uk,1,8230
57582772,0.00927,lw_b11_24h,pminervi,r,08/19/2026,08:02:50,eddie@node1o11.ecdf.ed.ac.uk,1,8231
57582772,0.00927,lw_b11_24h,pminervi,r,08/19/2026,08:00:05,eddie@node1s13.ecdf.ed.ac.uk,1,8224
57582772,0.00927,lw_b11_24h,pminervi,r,08/19/2026,08:00:50,eddie@node1h15.ecdf.ed.ac.uk,1,8225
57582772,0.00927,lw_b11_24h,pminervi,r,08/19/2026,08:01:20,eddie@node1r05.ecdf.ed.ac.uk,1,8226
57582772,0.00927,lw_b11_24h,pminervi,r,08/19/2026,08:06:05,eddie@node1l22.ecdf.ed.ac.uk,1,8240
57582772,0.00927,lw_b11_24h,pminervi,r,08/19/2026,08:06:05,eddie@node1l22.ecdf.ed.ac.uk,1,8241
57582772,0.00927,lw_b11_24h,pminervi,r,08/19/2026,08:06:20,eddie@node1i02.ecdf.ed.ac.uk,1,8242
57582772,0.00927,lw_b11_24h,pminervi,r,08/19/2026,08:06:35,eddie@node1s13.ecdf.ed.ac.uk,1,8243
57582772,0.00927,lw_b11_24h,pminervi,r,08/19/2026,08:07:20,eddie@node1s19.ecdf.ed.ac.uk,1,8244
57582772,0.00927,lw_b11_24h,pminervi,r,08/19/2026,07:56:20,eddie@node1o09.ecdf.ed.ac.uk,1,8216
57582772,0.00927,lw_b11_24h,pminervi,r,08/19/2026,07:56:20,eddie@node1h04.ecdf.ed.ac.uk,1,8217
57582772,0.00927,lw_b11_24h,pminervi,r,08/19/2026,07:56:20,eddie@node1h05.ecdf.ed.ac.uk,1,8218
57582772,0.00927,lw_b11_24h,pminervi,r,08/19/2026,07:59:35,eddie@node1o14.ecdf.ed.ac.uk,1,8223
57582772,0.00927,lw_b11_24h,pminervi,r,08/19/2026,07:59:20,eddie@node1r18.ecdf.ed.ac.uk,1,8222
57582772,0.00927,lw_b11_24h,pminervi,r,08/19/2026,07:56:50,eddie@node1h04.ecdf.ed.ac.uk,1,8219
57582772,0.00927,lw_b11_24h,pminervi,r,08/19/2026,07:57:05,eddie@node1o09.ecdf.ed.ac.uk,1,8220
57582772,0.00927,lw_b11_24h,pminervi,r,08/19/2026,07:58:35,eddie@node1h05.ecdf.ed.ac.uk,1,8221
57582772,0.00927,lw_b11_24h,pminervi,r,08/19/2026,07:55:35,eddie@node1j28.ecdf.ed.ac.uk,1,8215
57582772,0.00927,lw_b11_24h,pminervi,r,08/19/2026,07:55:16,eddie@node1r07.ecdf.ed.ac.uk,1,8213
57582772,0.00927,lw_b11_24h,pminervi,r,08/19/2026,07:55:31,eddie@node1o14.ecdf.ed.ac.uk,1,8214
57582772,0.00927,lw_b11_24h,pminervi,r,08/19/2026,07:52:46,eddie@node1s19.ecdf.ed.ac.uk,1,8205
57582772,0.00927,lw_b11_24h,pminervi,r,08/19/2026,07:53:01,eddie@node1s13.ecdf.ed.ac.uk,1,8206
57582772,0.00927,lw_b11_24h,pminervi,r,08/19/2026,07:53:46,eddie@node1i06.ecdf.ed.ac.uk,1,8207
57582772,0.00927,lw_b11_24h,pminervi,r,08/19/2026,07:54:31,eddie@node1h12.ecdf.ed.ac.uk,1,8210
57582772,0.00927,lw_b11_24h,pminervi,r,08/19/2026,07:54:31,eddie@node1r05.ecdf.ed.ac.uk,1,8211
57582772,0.00927,lw_b11_24h,pminervi,r,08/19/2026,07:54:31,eddie@node1h15.ecdf.ed.ac.uk,1,8212
57582772,0.00927,lw_b11_24h,pminervi,r,08/19/2026,07:54:16,eddie@node1i06.ecdf.ed.ac.uk,1,8208
57582772,0.00927,lw_b11_24h,pminervi,r,08/19/2026,07:54:16,eddie@node1r18.ecdf.ed.ac.uk,1,8209
57582772,0.00927,lw_b11_24h,pminervi,r,08/19/2026,07:52:16,eddie@node1s18.ecdf.ed.ac.uk,1,8203
57582772,0.00927,lw_b11_24h,pminervi,r,08/19/2026,07:52:16,eddie@node1r06.ecdf.ed.ac.uk,1,8204
57582772,0.00927,lw_b11_24h,pminervi,r,08/19/2026,07:52:01,eddie@node1s14.ecdf.ed.ac.uk,1,8202
57582772,0.00927,lw_b11_24h,pminervi,r,08/19/2026,07:51:06,eddie@node1r06.ecdf.ed.ac.uk,1,8199
57582772,0.00927,lw_b11_24h,pminervi,r,08/19/2026,07:51:21,eddie@node1s14.ecdf.ed.ac.uk,1,8200
57582772,0.00927,lw_b11_24h,pminervi,r,08/19/2026,07:51:51,eddie@node1s19.ecdf.ed.ac.uk,1,8201
57582772,0.00926,lw_b11_24h,pminervi,r,08/19/2026,07:48:51,eddie@node1r06.ecdf.ed.ac.uk,1,8195
57582772,0.00926,lw_b11_24h,pminervi,r,08/19/2026,07:49:36,eddie@node1s20.ecdf.ed.ac.uk,1,8196
57582772,0.00926,lw_b11_24h,pminervi,r,08/19/2026,07:50:21,eddie@node1r06.ecdf.ed.ac.uk,1,8197
57582772,0.00926,lw_b11_24h,pminervi,r,08/19/2026,07:50:51,eddie@node1s20.ecdf.ed.ac.uk,1,8198
57582772,0.00926,lw_b11_24h,pminervi,r,08/19/2026,07:47:51,eddie@node1f08.ecdf.ed.ac.uk,1,8192
57582772,0.00926,lw_b11_24h,pminervi,r,08/19/2026,07:48:06,eddie@node1s20.ecdf.ed.ac.uk,1,8193
57582772,0.00926,lw_b11_24h,pminervi,r,08/19/2026,07:48:21,eddie@node1s20.ecdf.ed.ac.uk,1,8194
57582772,0.00926,lw_b11_24h,pminervi,r,08/19/2026,07:41:21,eddie@node1r06.ecdf.ed.ac.uk,1,8181
57582772,0.00926,lw_b11_24h,pminervi,r,08/19/2026,07:41:21,eddie@node1h23.ecdf.ed.ac.uk,1,8182
57582772,0.00926,lw_b11_24h,pminervi,r,08/19/2026,07:42:51,eddie@node1r06.ecdf.ed.ac.uk,1,8185
57582772,0.00926,lw_b11_24h,pminervi,r,08/19/2026,07:42:51,eddie@node1r06.ecdf.ed.ac.uk,1,8186
57582772,0.00926,lw_b11_24h,pminervi,r,08/19/2026,07:41:06,eddie@node1h05.ecdf.ed.ac.uk,1,8180
57582772,0.00926,lw_b11_24h,pminervi,r,08/19/2026,07:41:36,eddie@node1s19.ecdf.ed.ac.uk,1,8183
57582772,0.00926,lw_b11_24h,pminervi,r,08/19/2026,07:42:36,eddie@node1r06.ecdf.ed.ac.uk,1,8184
57582772,0.00926,lw_b11_24h,pminervi,r,08/19/2026,07:43:36,eddie@node1r06.ecdf.ed.ac.uk,1,8187
57582772,0.00926,lw_b11_24h,pminervi,r,08/19/2026,07:44:21,eddie@node1r06.ecdf.ed.ac.uk,1,8188
57582772,0.00926,lw_b11_24h,pminervi,r,08/19/2026,07:44:51,eddie@node1s18.ecdf.ed.ac.uk,1,8189
57582772,0.00926,lw_b11_24h,pminervi,r,08/19/2026,07:45:06,eddie@node1s13.ecdf.ed.ac.uk,1,8190
57582772,0.00926,lw_b11_24h,pminervi,r,08/19/2026,07:47:36,eddie@node1f08.ecdf.ed.ac.uk,1,8191
57582772,0.00926,lw_b11_24h,pminervi,r,08/19/2026,07:40:51,eddie@node1h15.ecdf.ed.ac.uk,1,8179
57582772,0.00926,lw_b11_24h,pminervi,r,08/19/2026,07:39:42,eddie@node1r05.ecdf.ed.ac.uk,1,8174
57582772,0.00926,lw_b11_24h,pminervi,r,08/19/2026,07:39:42,eddie@node1s18.ecdf.ed.ac.uk,1,8175
57582772,0.00926,lw_b11_24h,pminervi,r,08/19/2026,07:40:27,eddie@node1i14.ecdf.ed.ac.uk,1,8177
57582772,0.00926,lw_b11_24h,pminervi,r,08/19/2026,07:40:27,eddie@node1h04.ecdf.ed.ac.uk,1,8178
57582772,0.00926,lw_b11_24h,pminervi,r,08/19/2026,07:39:27,eddie@node1h12.ecdf.ed.ac.uk,1,8173
57582772,0.00926,lw_b11_24h,pminervi,r,08/19/2026,07:39:57,eddie@node1o14.ecdf.ed.ac.uk,1,8176
57582772,0.00926,lw_b11_24h,pminervi,r,08/19/2026,07:38:57,eddie@node1f11.ecdf.ed.ac.uk,1,8171
57582772,0.00926,lw_b11_24h,pminervi,r,08/19/2026,07:38:57,eddie@node1r07.ecdf.ed.ac.uk,1,8172
57582772,0.00926,lw_b11_24h,pminervi,r,08/19/2026,07:38:27,eddie@node1h23.ecdf.ed.ac.uk,1,8169
57582772,0.00926,lw_b11_24h,pminervi,r,08/19/2026,07:38:42,eddie@node1h03.ecdf.ed.ac.uk,1,8170
57582772,0.00926,lw_b11_24h,pminervi,r,08/19/2026,07:36:27,eddie@node1i06.ecdf.ed.ac.uk,1,8165
57582772,0.00926,lw_b11_24h,pminervi,r,08/19/2026,07:36:42,eddie@node1h23.ecdf.ed.ac.uk,1,8166
57582772,0.00926,lw_b11_24h,pminervi,r,08/19/2026,07:37:27,eddie@node1o14.ecdf.ed.ac.uk,1,8167
57582772,0.00926,lw_b11_24h,pminervi,r,08/19/2026,07:37:42,eddie@node1r05.ecdf.ed.ac.uk,1,8168
57582772,0.00926,lw_b11_24h,pminervi,r,08/19/2026,07:35:27,eddie@node1s18.ecdf.ed.ac.uk,1,8163
57582772,0.00926,lw_b11_24h,pminervi,r,08/19/2026,07:34:27,eddie@node1h23.ecdf.ed.ac.uk,1,8159
57582772,0.00926,lw_b11_24h,pminervi,r,08/19/2026,07:34:27,eddie@node1h12.ecdf.ed.ac.uk,1,8160
57582772,0.00926,lw_b11_24h,pminervi,r,08/19/2026,07:34:42,eddie@node1r07.ecdf.ed.ac.uk,1,8161
57582772,0.00926,lw_b11_24h,pminervi,r,08/19/2026,07:34:42,eddie@node1h04.ecdf.ed.ac.uk,1,8162
57582772,0.00925,lw_b11_24h,pminervi,r,08/19/2026,07:33:42,eddie@node1i03.ecdf.ed.ac.uk,1,8156
57582772,0.00925,lw_b11_24h,pminervi,r,08/19/2026,07:33:42,eddie@node1f08.ecdf.ed.ac.uk,1,8157
57582772,0.00925,lw_b11_24h,pminervi,r,08/19/2026,07:33:42,eddie@node1h12.ecdf.ed.ac.uk,1,8158
57582772,0.00925,lw_b11_24h,pminervi,r,08/19/2026,07:30:27,eddie@node1r07.ecdf.ed.ac.uk,1,8146
57582772,0.00925,lw_b11_24h,pminervi,r,08/19/2026,07:30:27,eddie@node1h23.ecdf.ed.ac.uk,1,8147
57582772,0.00925,lw_b11_24h,pminervi,r,08/19/2026,07:30:42,eddie@node1r07.ecdf.ed.ac.uk,1,8148
57582772,0.00925,lw_b11_24h,pminervi,r,08/19/2026,07:30:42,eddie@node1h12.ecdf.ed.ac.uk,1,8149
57582772,0.00925,lw_b11_24h,pminervi,r,08/19/2026,07:31:57,eddie@node1i02.ecdf.ed.ac.uk,1,8152
57582772,0.00925,lw_b11_24h,pminervi,r,08/19/2026,07:31:57,eddie@node1s18.ecdf.ed.ac.uk,1,8153
57582772,0.00925,lw_b11_24h,pminervi,r,08/19/2026,07:31:27,eddie@node1r08.ecdf.ed.ac.uk,1,8150
57582772,0.00925,lw_b11_24h,pminervi,r,08/19/2026,07:31:42,eddie@node1h23.ecdf.ed.ac.uk,1,8151
57582772,0.00925,lw_b11_24h,pminervi,r,08/19/2026,07:35:57,eddie@node1i06.ecdf.ed.ac.uk,1,8164
57582772,0.00925,lw_b11_24h,pminervi,r,08/19/2026,07:32:12,eddie@node1h23.ecdf.ed.ac.uk,1,8154
57582772,0.00925,lw_b11_24h,pminervi,r,08/19/2026,07:33:12,eddie@node1i03.ecdf.ed.ac.uk,1,8155
57582772,0.00925,lw_b11_24h,pminervi,r,08/19/2026,07:29:27,eddie@node1i14.ecdf.ed.ac.uk,1,8142
57582772,0.00925,lw_b11_24h,pminervi,r,08/19/2026,07:29:27,eddie@node1l25.ecdf.ed.ac.uk,1,8143
57582772,0.00925,lw_b11_24h,pminervi,r,08/19/2026,07:29:42,eddie@node1h08.ecdf.ed.ac.uk,1,8144
57582772,0.00925,lw_b11_24h,pminervi,r,08/19/2026,07:29:57,eddie@node1f12.ecdf.ed.ac.uk,1,8145
57582772,0.00925,lw_b11_24h,pminervi,r,08/19/2026,07:29:16,eddie@node1f15.ecdf.ed.ac.uk,1,8141
57582772,0.00925,lw_b11_24h,pminervi,r,08/19/2026,07:27:02,eddie@node1j27.ecdf.ed.ac.uk,1,8139
57582772,0.00925,lw_b11_24h,pminervi,r,08/19/2026,07:27:32,eddie@node1n07.ecdf.ed.ac.uk,1,8140
57582772,0.00925,lw_b11_24h,pminervi,r,08/19/2026,07:25:02,eddie@node1f10.ecdf.ed.ac.uk,1,8134
57582772,0.00925,lw_b11_24h,pminervi,r,08/19/2026,07:25:02,eddie@node1o08.ecdf.ed.ac.uk,1,8135
57582772,0.00925,lw_b11_24h,pminervi,r,08/19/2026,07:25:02,eddie@node1o11.ecdf.ed.ac.uk,1,8136
57582772,0.00925,lw_b11_24h,pminervi,r,08/19/2026,07:25:47,eddie@node1h08.ecdf.ed.ac.uk,1,8137
57582772,0.00925,lw_b11_24h,pminervi,r,08/19/2026,07:26:02,eddie@node1r17.ecdf.ed.ac.uk,1,8138
57582772,0.00925,lw_b11_24h,pminervi,r,08/19/2026,07:24:02,eddie@node1m15.ecdf.ed.ac.uk,1,8132
57582772,0.00925,lw_b11_24h,pminervi,r,08/19/2026,07:24:32,eddie@node1o14.ecdf.ed.ac.uk,1,8133
57582772,0.00925,lw_b11_24h,pminervi,r,08/19/2026,07:23:32,eddie@node1r12.ecdf.ed.ac.uk,1,8131
57582772,0.00925,lw_b11_24h,pminervi,r,08/19/2026,07:23:02,eddie@node1f09.ecdf.ed.ac.uk,1,8127
57582772,0.00925,lw_b11_24h,pminervi,r,08/19/2026,07:23:02,eddie@node1h15.ecdf.ed.ac.uk,1,8128
57582772,0.00925,lw_b11_24h,pminervi,r,08/19/2026,07:22:02,eddie@node1h13.ecdf.ed.ac.uk,1,8124
57582772,0.00925,lw_b11_24h,pminervi,r,08/19/2026,07:22:02,eddie@node1o10.ecdf.ed.ac.uk,1,8125
57582772,0.00925,lw_b11_24h,pminervi,r,08/19/2026,07:23:17,eddie@node1s18.ecdf.ed.ac.uk,1,8129
57582772,0.00925,lw_b11_24h,pminervi,r,08/19/2026,07:23:17,eddie@node1r06.ecdf.ed.ac.uk,1,8130
57582772,0.00925,lw_b11_24h,pminervi,r,08/19/2026,07:21:32,eddie@node1m16.ecdf.ed.ac.uk,1,8122
57582772,0.00925,lw_b11_24h,pminervi,r,08/19/2026,07:21:32,eddie@node1h09.ecdf.ed.ac.uk,1,8123
57582772,0.00925,lw_b11_24h,pminervi,r,08/19/2026,07:22:32,eddie@node1i16.ecdf.ed.ac.uk,1,8126
57582772,0.00925,lw_b11_24h,pminervi,r,08/19/2026,07:20:17,eddie@node1h11.ecdf.ed.ac.uk,1,8117
57582772,0.00925,lw_b11_24h,pminervi,r,08/19/2026,07:20:47,eddie@node1h11.ecdf.ed.ac.uk,1,8119
57582772,0.00925,lw_b11_24h,pminervi,r,08/19/2026,07:20:32,eddie@node1h21.ecdf.ed.ac.uk,1,8118
57582772,0.00925,lw_b11_24h,pminervi,r,08/19/2026,07:21:02,eddie@node1s13.ecdf.ed.ac.uk,1,8120
57582772,0.00925,lw_b11_24h,pminervi,r,08/19/2026,07:21:17,eddie@node1h06.ecdf.ed.ac.uk,1,8121
57582772,0.00925,lw_b11_24h,pminervi,r,08/19/2026,07:19:47,eddie@node1r18.ecdf.ed.ac.uk,1,8116
57582772,0.00925,lw_b11_24h,pminervi,r,08/19/2026,07:19:17,eddie@node1h07.ecdf.ed.ac.uk,1,8113
57582772,0.00925,lw_b11_24h,pminervi,r,08/19/2026,07:19:17,eddie@node1m15.ecdf.ed.ac.uk,1,8114
57582772,0.00925,lw_b11_24h,pminervi,r,08/19/2026,07:19:32,eddie@node1j25.ecdf.ed.ac.uk,1,8115
57582772,0.00924,lw_b11_24h,pminervi,r,08/19/2026,07:15:02,eddie@node1m16.ecdf.ed.ac.uk,1,8098
57582772,0.00924,lw_b11_24h,pminervi,r,08/19/2026,07:15:17,eddie@node1o10.ecdf.ed.ac.uk,1,8099
57582772,0.00924,lw_b11_24h,pminervi,r,08/19/2026,07:13:17,eddie@node1h09.ecdf.ed.ac.uk,1,8095
57582772,0.00924,lw_b11_24h,pminervi,r,08/19/2026,07:13:17,eddie@node1s18.ecdf.ed.ac.uk,1,8096
57582772,0.00924,lw_b11_24h,pminervi,r,08/19/2026,07:11:02,eddie@node1s17.ecdf.ed.ac.uk,1,8084
57582772,0.00924,lw_b11_24h,pminervi,r,08/19/2026,07:11:02,eddie@node1r17.ecdf.ed.ac.uk,1,8085
57582772,0.00924,lw_b11_24h,pminervi,r,08/19/2026,07:10:32,eddie@node1j28.ecdf.ed.ac.uk,1,8083
57582772,0.00924,lw_b11_24h,pminervi,r,08/19/2026,07:10:02,eddie@node1r18.ecdf.ed.ac.uk,1,8082
57582772,0.00924,lw_b11_24h,pminervi,r,08/19/2026,07:07:08,eddie@node1s14.ecdf.ed.ac.uk,1,8066
57582772,0.00924,lw_b11_24h,pminervi,r,08/19/2026,07:07:08,eddie@node1s14.ecdf.ed.ac.uk,1,8067
57582772,0.00924,lw_b11_24h,pminervi,r,08/19/2026,07:07:43,eddie@node1s14.ecdf.ed.ac.uk,1,8070
57582772,0.00924,lw_b11_24h,pminervi,r,08/19/2026,07:07:43,eddie@node1s14.ecdf.ed.ac.uk,1,8071
57582772,0.00924,lw_b11_24h,pminervi,r,08/19/2026,07:07:24,eddie@node1i02.ecdf.ed.ac.uk,1,8068
57582772,0.00924,lw_b11_24h,pminervi,r,08/19/2026,07:07:24,eddie@node1i02.ecdf.ed.ac.uk,1,8069
57582772,0.00924,lw_b11_24h,pminervi,r,08/19/2026,07:07:51,eddie@node1h24.ecdf.ed.ac.uk,1,8072
57582772,0.00924,lw_b11_24h,pminervi,r,08/19/2026,07:06:53,eddie@node1r19.ecdf.ed.ac.uk,1,8065
57582772,0.00924,lw_b11_24h,pminervi,r,08/19/2026,07:05:51,eddie@node1j26.ecdf.ed.ac.uk,1,8058
57582772,0.00924,lw_b11_24h,pminervi,r,08/19/2026,07:05:51,eddie@node1j26.ecdf.ed.ac.uk,1,8059
57582772,0.00924,lw_b11_24h,pminervi,r,08/19/2026,07:05:51,eddie@node1o12.ecdf.ed.ac.uk,1,8060
57582772,0.00924,lw_b11_24h,pminervi,r,08/19/2026,07:06:38,eddie@node1s16.ecdf.ed.ac.uk,1,8062
57582772,0.00924,lw_b11_24h,pminervi,r,08/19/2026,07:06:38,eddie@node1s16.ecdf.ed.ac.uk,1,8063
57582772,0.00924,lw_b11_24h,pminervi,r,08/19/2026,07:06:38,eddie@node1h16.ecdf.ed.ac.uk,1,8064
57582772,0.00924,lw_b11_24h,pminervi,r,08/19/2026,07:06:22,eddie@node1j26.ecdf.ed.ac.uk,1,8061
57582772,0.00924,lw_b11_24h,pminervi,r,08/19/2026,07:05:37,eddie@node1n08.ecdf.ed.ac.uk,1,8051
57582772,0.00924,lw_b11_24h,pminervi,r,08/19/2026,07:05:37,eddie@node1h14.ecdf.ed.ac.uk,1,8052
57582772,0.00924,lw_b11_24h,pminervi,r,08/19/2026,07:05:37,eddie@node1h14.ecdf.ed.ac.uk,1,8053
57582772,0.00924,lw_b11_24h,pminervi,r,08/19/2026,07:05:37,eddie@node1h14.ecdf.ed.ac.uk,1,8054
57582772,0.00924,lw_b11_24h,pminervi,r,08/19/2026,07:05:37,eddie@node1h22.ecdf.ed.ac.uk,1,8055
57582772,0.00924,lw_b11_24h,pminervi,r,08/19/2026,07:05:37,eddie@node1h07.ecdf.ed.ac.uk,1,8056
57582772,0.00924,lw_b11_24h,pminervi,r,08/19/2026,07:05:37,eddie@node1j26.ecdf.ed.ac.uk,1,8057
57582772,0.00924,lw_b11_24h,pminervi,r,08/19/2026,07:05:24,eddie@node1r09.ecdf.ed.ac.uk,1,8047
57582772,0.00924,lw_b11_24h,pminervi,r,08/19/2026,07:05:24,eddie@node1h03.ecdf.ed.ac.uk,1,8048
57582772,0.00924,lw_b11_24h,pminervi,r,08/19/2026,07:05:24,eddie@node1r09.ecdf.ed.ac.uk,1,8049
57582772,0.00924,lw_b11_24h,pminervi,r,08/19/2026,07:05:24,eddie@node1o07.ecdf.ed.ac.uk,1,8050
57582772,0.00924,lw_b11_24h,pminervi,r,08/19/2026,07:04:56,eddie@node1i13.ecdf.ed.ac.uk,1,8043
57582772,0.00924,lw_b11_24h,pminervi,r,08/19/2026,07:04:56,eddie@node1r09.ecdf.ed.ac.uk,1,8044
57582772,0.00924,lw_b11_24h,pminervi,r,08/19/2026,07:05:08,eddie@node1i13.ecdf.ed.ac.uk,1,8045
57582772,0.00924,lw_b11_24h,pminervi,r,08/19/2026,07:05:08,eddie@node1h05.ecdf.ed.ac.uk,1,8046
57582772,0.00924,lw_b11_24h,pminervi,r,08/19/2026,07:04:00,eddie@node1f08.ecdf.ed.ac.uk,1,8033
57582772,0.00924,lw_b11_24h,pminervi,r,08/19/2026,07:04:00,eddie@node1h11.ecdf.ed.ac.uk,1,8034
57582772,0.00924,lw_b11_24h,pminervi,r,08/19/2026,07:04:00,eddie@node1h14.ecdf.ed.ac.uk,1,8035
57582772,0.00924,lw_b11_24h,pminervi,r,08/19/2026,07:04:00,eddie@node1o13.ecdf.ed.ac.uk,1,8036
57582772,0.00924,lw_b11_24h,pminervi,r,08/19/2026,07:04:00,eddie@node1h21.ecdf.ed.ac.uk,1,8037
57582772,0.00924,lw_b11_24h,pminervi,r,08/19/2026,07:04:00,eddie@node1s16.ecdf.ed.ac.uk,1,8038
57582772,0.00924,lw_b11_24h,pminervi,r,08/19/2026,07:04:00,eddie@node1r07.ecdf.ed.ac.uk,1,8039
57582772,0.00924,lw_b11_24h,pminervi,r,08/19/2026,07:03:45,eddie@node1o08.ecdf.ed.ac.uk,1,8032
57582772,0.00924,lw_b11_24h,pminervi,r,08/19/2026,07:04:15,eddie@node1r06.ecdf.ed.ac.uk,1,8040
57582772,0.00924,lw_b11_24h,pminervi,r,08/19/2026,07:04:15,eddie@node1m15.ecdf.ed.ac.uk,1,8041
57582772,0.00924,lw_b11_24h,pminervi,r,08/19/2026,07:04:15,eddie@node1r05.ecdf.ed.ac.uk,1,8042
57582772,0.00924,lw_b11_24h,pminervi,r,08/19/2026,07:17:02,eddie@node1h07.ecdf.ed.ac.uk,1,8105
57582772,0.00924,lw_b11_24h,pminervi,r,08/19/2026,07:17:02,eddie@node1j25.ecdf.ed.ac.uk,1,8106
57582772,0.00924,lw_b11_24h,pminervi,r,08/19/2026,07:18:17,eddie@node1i06.ecdf.ed.ac.uk,1,8109
57582772,0.00924,lw_b11_24h,pminervi,r,08/19/2026,07:18:17,eddie@node1r05.ecdf.ed.ac.uk,1,8110
57582772,0.00924,lw_b11_24h,pminervi,r,08/19/2026,07:17:32,eddie@node1h10.ecdf.ed.ac.uk,1,8107
57582772,0.00924,lw_b11_24h,pminervi,r,08/19/2026,07:17:47,eddie@node1r05.ecdf.ed.ac.uk,1,8108
57582772,0.00924,lw_b11_24h,pminervi,r,08/19/2026,07:18:32,eddie@node1h10.ecdf.ed.ac.uk,1,8111
57582772,0.00924,lw_b11_24h,pminervi,r,08/19/2026,07:18:47,eddie@node1i02.ecdf.ed.ac.uk,1,8112
57582772,0.00924,lw_b11_24h,pminervi,r,08/19/2026,07:08:02,eddie@node1i06.ecdf.ed.ac.uk,1,8073
57582772,0.00924,lw_b11_24h,pminervi,r,08/19/2026,07:08:02,eddie@node1i06.ecdf.ed.ac.uk,1,8074
57582772,0.00924,lw_b11_24h,pminervi,r,08/19/2026,07:08:02,eddie@node1m14.ecdf.ed.ac.uk,1,8075
57582772,0.00924,lw_b11_24h,pminervi,r,08/19/2026,07:08:02,eddie@node1j27.ecdf.ed.ac.uk,1,8076
57582772,0.00924,lw_b11_24h,pminervi,r,08/19/2026,07:03:15,eddie@node1s16.ecdf.ed.ac.uk,1,8026
57582772,0.00924,lw_b11_24h,pminervi,r,08/19/2026,07:03:15,eddie@node1j28.ecdf.ed.ac.uk,1,8027
57582772,0.00924,lw_b11_24h,pminervi,r,08/19/2026,07:03:15,eddie@node1o12.ecdf.ed.ac.uk,1,8028
57582772,0.00924,lw_b11_24h,pminervi,r,08/19/2026,07:03:30,eddie@node1h05.ecdf.ed.ac.uk,1,8029
57582772,0.00924,lw_b11_24h,pminervi,r,08/19/2026,07:03:30,eddie@node1r19.ecdf.ed.ac.uk,1,8030
57582772,0.00924,lw_b11_24h,pminervi,r,08/19/2026,07:03:30,eddie@node1j26.ecdf.ed.ac.uk,1,8031
57582772,0.00924,lw_b11_24h,pminervi,r,08/19/2026,07:13:02,eddie@node1f09.ecdf.ed.ac.uk,1,8093
57582772,0.00924,lw_b11_24h,pminervi,r,08/19/2026,07:13:02,eddie@node1o14.ecdf.ed.ac.uk,1,8094
57582772,0.00924,lw_b11_24h,pminervi,r,08/19/2026,07:11:47,eddie@node1h08.ecdf.ed.ac.uk,1,8087
57582772,0.00924,lw_b11_24h,pminervi,r,08/19/2026,07:11:47,eddie@node1o09.ecdf.ed.ac.uk,1,8088
57582772,0.00924,lw_b11_24h,pminervi,r,08/19/2026,07:12:02,eddie@node1o08.ecdf.ed.ac.uk,1,8089
57582772,0.00924,lw_b11_24h,pminervi,r,08/19/2026,07:12:02,eddie@node1h13.ecdf.ed.ac.uk,1,8090
57582772,0.00924,lw_b11_24h,pminervi,r,08/19/2026,07:12:47,eddie@node1r12.ecdf.ed.ac.uk,1,8091
57582772,0.00924,lw_b11_24h,pminervi,r,08/19/2026,07:12:47,eddie@node1o11.ecdf.ed.ac.uk,1,8092
57582772,0.00924,lw_b11_24h,pminervi,r,08/19/2026,07:15:47,eddie@node1f07.ecdf.ed.ac.uk,1,8100
57582772,0.00924,lw_b11_24h,pminervi,r,08/19/2026,07:15:47,eddie@node1m14.ecdf.ed.ac.uk,1,8101
57582772,0.00924,lw_b11_24h,pminervi,r,08/19/2026,07:14:02,eddie@node1s13.ecdf.ed.ac.uk,1,8097
57582772,0.00924,lw_b11_24h,pminervi,r,08/19/2026,07:08:47,eddie@node1h24.ecdf.ed.ac.uk,1,8077
57582772,0.00924,lw_b11_24h,pminervi,r,08/19/2026,07:09:02,eddie@node1l27.ecdf.ed.ac.uk,1,8078
57582772,0.00924,lw_b11_24h,pminervi,r,08/19/2026,07:09:17,eddie@node1h04.ecdf.ed.ac.uk,1,8079
57582772,0.00924,lw_b11_24h,pminervi,r,08/19/2026,07:09:32,eddie@node1s15.ecdf.ed.ac.uk,1,8080
57582772,0.00924,lw_b11_24h,pminervi,r,08/19/2026,07:09:47,eddie@node1m15.ecdf.ed.ac.uk,1,8081
57582772,0.00924,lw_b11_24h,pminervi,r,08/19/2026,07:11:32,eddie@node1h16.ecdf.ed.ac.uk,1,8086
57582772,0.00924,lw_b11_24h,pminervi,r,08/19/2026,07:16:17,eddie@node1h15.ecdf.ed.ac.uk,1,8102
57582772,0.00924,lw_b11_24h,pminervi,r,08/19/2026,07:16:32,eddie@node1m14.ecdf.ed.ac.uk,1,8103
57582772,0.00924,lw_b11_24h,pminervi,r,08/19/2026,07:16:47,eddie@node1h06.ecdf.ed.ac.uk,1,8104
57582772,0.00924,lw_b11_24h,pminervi,r,08/19/2026,07:02:15,eddie@node1l22.ecdf.ed.ac.uk,1,8010
57582772,0.00924,lw_b11_24h,pminervi,r,08/19/2026,07:02:15,eddie@node1h09.ecdf.ed.ac.uk,1,8011
57582772,0.00924,lw_b11_24h,pminervi,r,08/19/2026,07:02:15,eddie@node1r05.ecdf.ed.ac.uk,1,8012
57582772,0.00924,lw_b11_24h,pminervi,r,08/19/2026,07:02:15,eddie@node1h10.ecdf.ed.ac.uk,1,8013
57582772,0.00924,lw_b11_24h,pminervi,r,08/19/2026,07:02:15,eddie@node1h22.ecdf.ed.ac.uk,1,8014
57582772,0.00924,lw_b11_24h,pminervi,r,08/19/2026,07:02:15,eddie@node1o11.ecdf.ed.ac.uk,1,8015
57582772,0.00924,lw_b11_24h,pminervi,r,08/19/2026,07:02:30,eddie@node1f07.ecdf.ed.ac.uk,1,8016
57582772,0.00924,lw_b11_24h,pminervi,r,08/19/2026,07:02:30,eddie@node1f07.ecdf.ed.ac.uk,1,8017
57582772,0.00924,lw_b11_24h,pminervi,r,08/19/2026,07:02:30,eddie@node1r17.ecdf.ed.ac.uk,1,8018
57582772,0.00924,lw_b11_24h,pminervi,r,08/19/2026,07:02:30,eddie@node1s17.ecdf.ed.ac.uk,1,8019
57582772,0.00924,lw_b11_24h,pminervi,r,08/19/2026,07:02:30,eddie@node1h03.ecdf.ed.ac.uk,1,8020
57582772,0.00924,lw_b11_24h,pminervi,r,08/19/2026,07:02:30,eddie@node1j25.ecdf.ed.ac.uk,1,8021
57582772,0.00924,lw_b11_24h,pminervi,r,08/19/2026,07:02:00,eddie@node1h08.ecdf.ed.ac.uk,1,8005
57582772,0.00924,lw_b11_24h,pminervi,r,08/19/2026,07:02:00,eddie@node1h04.ecdf.ed.ac.uk,1,8006
57582772,0.00924,lw_b11_24h,pminervi,r,08/19/2026,07:02:00,eddie@node1r07.ecdf.ed.ac.uk,1,8007
57582772,0.00924,lw_b11_24h,pminervi,r,08/19/2026,07:02:00,eddie@node1o14.ecdf.ed.ac.uk,1,8008
57582772,0.00924,lw_b11_24h,pminervi,r,08/19/2026,07:02:00,eddie@node1s14.ecdf.ed.ac.uk,1,8009
57582772,0.00924,lw_b11_24h,pminervi,r,08/19/2026,07:02:45,eddie@node1f09.ecdf.ed.ac.uk,1,8022
57582772,0.00924,lw_b11_24h,pminervi,r,08/19/2026,07:02:45,eddie@node1r06.ecdf.ed.ac.uk,1,8023
57582772,0.00924,lw_b11_24h,pminervi,r,08/19/2026,07:02:45,eddie@node1o13.ecdf.ed.ac.uk,1,8024
57582772,0.00924,lw_b11_24h,pminervi,r,08/19/2026,07:02:45,eddie@node1o09.ecdf.ed.ac.uk,1,8025
57582772,0.00924,lw_b11_24h,pminervi,r,08/19/2026,07:01:30,eddie@node1s15.ecdf.ed.ac.uk,1,8002
57582772,0.00924,lw_b11_24h,pminervi,r,08/19/2026,07:01:30,eddie@node1r12.ecdf.ed.ac.uk,1,8003
57582772,0.00924,lw_b11_24h,pminervi,r,08/19/2026,07:01:15,eddie@node1h15.ecdf.ed.ac.uk,1,8001
57582772,0.00924,lw_b11_24h,pminervi,r,08/19/2026,07:01:45,eddie@node1s18.ecdf.ed.ac.uk,1,8004
57722933,0.00924,QLOGIN,sthorn,r,08/19/2026,10:02:45,igmm_long@node1h02.ecdf.ed.ac.,1
57582772,0.00923,lw_b11_24h,pminervi,r,08/19/2026,07:00:45,eddie@node1h21.ecdf.ed.ac.uk,1,7996
57582772,0.00923,lw_b11_24h,pminervi,r,08/19/2026,07:00:45,eddie@node1j27.ecdf.ed.ac.uk,1,7997
57582772,0.00923,lw_b11_24h,pminervi,r,08/19/2026,07:00:45,eddie@node1r18.ecdf.ed.ac.uk,1,7998
57582772,0.00923,lw_b11_24h,pminervi,r,08/19/2026,07:01:00,eddie@node1h13.ecdf.ed.ac.uk,1,7999
57582772,0.00923,lw_b11_24h,pminervi,r,08/19/2026,07:01:00,eddie@node1s13.ecdf.ed.ac.uk,1,8000
57582772,0.00923,lw_b11_24h,pminervi,r,08/19/2026,07:00:30,eddie@node1f09.ecdf.ed.ac.uk,1,7995
57582772,0.00923,lw_b11_24h,pminervi,r,08/19/2026,06:59:45,eddie@node1n05.ecdf.ed.ac.uk,1,7988
57582772,0.00923,lw_b11_24h,pminervi,r,08/19/2026,06:59:45,eddie@node1h16.ecdf.ed.ac.uk,1,7989
57582772,0.00923,lw_b11_24h,pminervi,r,08/19/2026,06:59:45,eddie@node1o10.ecdf.ed.ac.uk,1,7990
57582772,0.00923,lw_b11_24h,pminervi,r,08/19/2026,06:59:45,eddie@node1h14.ecdf.ed.ac.uk,1,7991
57582772,0.00923,lw_b11_24h,pminervi,r,08/19/2026,06:59:45,eddie@node1m16.ecdf.ed.ac.uk,1,7992
57582772,0.00923,lw_b11_24h,pminervi,r,08/19/2026,07:00:00,eddie@node1o07.ecdf.ed.ac.uk,1,7993
57582772,0.00923,lw_b11_24h,pminervi,r,08/19/2026,07:00:00,eddie@node1h07.ecdf.ed.ac.uk,1,7994
57582772,0.00923,lw_b11_24h,pminervi,r,08/19/2026,06:59:15,eddie@node1h06.ecdf.ed.ac.uk,1,7987
57582772,0.00923,lw_b11_24h,pminervi,r,08/19/2026,06:56:45,eddie@node1s15.ecdf.ed.ac.uk,1,7977
57582772,0.00923,lw_b11_24h,pminervi,r,08/19/2026,06:56:45,eddie@node1r07.ecdf.ed.ac.uk,1,7978
57582772,0.00923,lw_b11_24h,pminervi,r,08/19/2026,06:56:45,eddie@node1o10.ecdf.ed.ac.uk,1,7979
57582772,0.00923,lw_b11_24h,pminervi,r,08/19/2026,06:57:00,eddie@node1i07.ecdf.ed.ac.uk,1,7980
57582772,0.00923,lw_b11_24h,pminervi,r,08/19/2026,06:57:00,eddie@node1h11.ecdf.ed.ac.uk,1,7981
57582772,0.00923,lw_b11_24h,pminervi,r,08/19/2026,06:57:45,eddie@node1r06.ecdf.ed.ac.uk,1,7982
57582772,0.00923,lw_b11_24h,pminervi,r,08/19/2026,06:57:45,eddie@node1o13.ecdf.ed.ac.uk,1,7983
57582772,0.00923,lw_b11_24h,pminervi,r,08/19/2026,06:58:00,eddie@node1n03.ecdf.ed.ac.uk,1,7984
57582772,0.00923,lw_b11_24h,pminervi,r,08/19/2026,06:58:00,eddie@node1o07.ecdf.ed.ac.uk,1,7985
57582772,0.00923,lw_b11_24h,pminervi,r,08/19/2026,06:58:15,eddie@node1n07.ecdf.ed.ac.uk,1,7986
57582772,0.00923,lw_b11_24h,pminervi,r,08/19/2026,06:56:30,eddie@node1r09.ecdf.ed.ac.uk,1,7975
57582772,0.00923,lw_b11_24h,pminervi,r,08/19/2026,06:56:30,eddie@node1r05.ecdf.ed.ac.uk,1,7976
57582772,0.00923,lw_b11_24h,pminervi,r,08/19/2026,06:55:45,eddie@node1r09.ecdf.ed.ac.uk,1,7967
57582772,0.00923,lw_b11_24h,pminervi,r,08/19/2026,06:55:45,eddie@node1h07.ecdf.ed.ac.uk,1,7968
57582772,0.00923,lw_b11_24h,pminervi,r,08/19/2026,06:55:45,eddie@node1r17.ecdf.ed.ac.uk,1,7969
57582772,0.00923,lw_b11_24h,pminervi,r,08/19/2026,06:55:45,eddie@node1s18.ecdf.ed.ac.uk,1,7970
57582772,0.00923,lw_b11_24h,pminervi,r,08/19/2026,06:55:45,eddie@node1h22.ecdf.ed.ac.uk,1,7971
57582772,0.00923,lw_b11_24h,pminervi,r,08/19/2026,06:56:15,eddie@node1f13.ecdf.ed.ac.uk,1,7973
57582772,0.00923,lw_b11_24h,pminervi,r,08/19/2026,06:56:15,eddie@node1f13.ecdf.ed.ac.uk,1,7974
57582772,0.00923,lw_b11_24h,pminervi,r,08/19/2026,06:56:00,eddie@node1h04.ecdf.ed.ac.uk,1,7972
57582772,0.00923,lw_b11_24h,pminervi,r,08/19/2026,06:55:00,eddie@node1o11.ecdf.ed.ac.uk,1,7962
57582772,0.00923,lw_b11_24h,pminervi,r,08/19/2026,06:55:00,eddie@node1s13.ecdf.ed.ac.uk,1,7963
57582772,0.00923,lw_b11_24h,pminervi,r,08/19/2026,06:55:00,eddie@node1r12.ecdf.ed.ac.uk,1,7964
57582772,0.00923,lw_b11_24h,pminervi,r,08/19/2026,06:55:15,eddie@node1i07.ecdf.ed.ac.uk,1,7965
57582772,0.00923,lw_b11_24h,pminervi,r,08/19/2026,06:55:15,eddie@node1r18.ecdf.ed.ac.uk,1,7966
57582772,0.00923,lw_b11_24h,pminervi,r,08/19/2026,06:54:45,eddie@node1h13.ecdf.ed.ac.uk,1,7961
57582772,0.00923,lw_b11_24h,pminervi,r,08/19/2026,06:54:30,eddie@node1h09.ecdf.ed.ac.uk,1,7957
57582772,0.00923,lw_b11_24h,pminervi,r,08/19/2026,06:54:30,eddie@node1h10.ecdf.ed.ac.uk,1,7958
57582772,0.00923,lw_b11_24h,pminervi,r,08/19/2026,06:54:30,eddie@node1h08.ecdf.ed.ac.uk,1,7959
57582772,0.00923,lw_b11_24h,pminervi,r,08/19/2026,06:54:30,eddie@node1j27.ecdf.ed.ac.uk,1,7960
57582772,0.00923,lw_b11_24h,pminervi,r,08/19/2026,06:54:15,eddie@node1s14.ecdf.ed.ac.uk,1,7953
57582772,0.00923,lw_b11_24h,pminervi,r,08/19/2026,06:54:15,eddie@node1h03.ecdf.ed.ac.uk,1,7954
57582772,0.00923,lw_b11_24h,pminervi,r,08/19/2026,06:54:15,eddie@node1h06.ecdf.ed.ac.uk,1,7955
57582772,0.00923,lw_b11_24h,pminervi,r,08/19/2026,06:54:15,eddie@node1s17.ecdf.ed.ac.uk,1,7956
57582772,0.00923,lw_b11_24h,pminervi,r,08/19/2026,06:53:30,eddie@node1m16.ecdf.ed.ac.uk,1,7949
57582772,0.00923,lw_b11_24h,pminervi,r,08/19/2026,06:53:30,eddie@node1o09.ecdf.ed.ac.uk,1,7950
57582772,0.00923,lw_b11_24h,pminervi,r,08/19/2026,06:53:45,eddie@node1s16.ecdf.ed.ac.uk,1,7951
57582772,0.00923,lw_b11_24h,pminervi,r,08/19/2026,06:54:00,eddie@node1o10.ecdf.ed.ac.uk,1,7952
57582772,0.00923,lw_b11_24h,pminervi,r,08/19/2026,06:52:45,eddie@node1h14.ecdf.ed.ac.uk,1,7943
57582772,0.00923,lw_b11_24h,pminervi,r,08/19/2026,06:52:45,eddie@node1j25.ecdf.ed.ac.uk,1,7944
57582772,0.00923,lw_b11_24h,pminervi,r,08/19/2026,06:52:45,eddie@node1h05.ecdf.ed.ac.uk,1,7945
57582772,0.00923,lw_b11_24h,pminervi,r,08/19/2026,06:53:15,eddie@node1h15.ecdf.ed.ac.uk,1,7946
57582772,0.00923,lw_b11_24h,pminervi,r,08/19/2026,06:53:15,eddie@node1o14.ecdf.ed.ac.uk,1,7947
57582772,0.00923,lw_b11_24h,pminervi,r,08/19/2026,06:53:15,eddie@node1j28.ecdf.ed.ac.uk,1,7948
57582772,0.00923,lw_b11_24h,pminervi,r,08/19/2026,06:47:30,eddie@node1f10.ecdf.ed.ac.uk,1,7893
57582772,0.00923,lw_b11_24h,pminervi,r,08/19/2026,06:47:30,eddie@node1f10.ecdf.ed.ac.uk,1,7894
57582772,0.00923,lw_b11_24h,pminervi,r,08/19/2026,06:47:30,eddie@node1o12.ecdf.ed.ac.uk,1,7895
57582772,0.00923,lw_b11_24h,pminervi,r,08/19/2026,06:47:30,eddie@node1o10.ecdf.ed.ac.uk,1,7896
57582772,0.00923,lw_b11_24h,pminervi,r,08/19/2026,06:47:30,eddie@node1h10.ecdf.ed.ac.uk,1,7897
57582772,0.00923,lw_b11_24h,pminervi,r,08/19/2026,06:47:30,eddie@node1h16.ecdf.ed.ac.uk,1,7898
57582772,0.00923,lw_b11_24h,pminervi,r,08/19/2026,06:47:30,eddie@node1h09.ecdf.ed.ac.uk,1,7899
57582772,0.00923,lw_b11_24h,pminervi,r,08/19/2026,06:49:45,eddie@node1i15.ecdf.ed.ac.uk,1,7912
57582772,0.00923,lw_b11_24h,pminervi,r,08/19/2026,06:49:45,eddie@node1i15.ecdf.ed.ac.uk,1,7913
57582772,0.00923,lw_b11_24h,pminervi,r,08/19/2026,06:49:45,eddie@node1m16.ecdf.ed.ac.uk,1,7914
57582772,0.00923,lw_b11_24h,pminervi,r,08/19/2026,06:49:45,eddie@node1o14.ecdf.ed.ac.uk,1,7915
57582772,0.00923,lw_b11_24h,pminervi,r,08/19/2026,06:49:45,eddie@node1h15.ecdf.ed.ac.uk,1,7916
57582772,0.00923,lw_b11_24h,pminervi,r,08/19/2026,06:49:45,eddie@node1s16.ecdf.ed.ac.uk,1,7917
57582772,0.00923,lw_b11_24h,pminervi,r,08/19/2026,06:49:30,eddie@node1h11.ecdf.ed.ac.uk,1,7907
57582772,0.00923,lw_b11_24h,pminervi,r,08/19/2026,06:49:30,eddie@node1r12.ecdf.ed.ac.uk,1,7908
57582772,0.00923,lw_b11_24h,pminervi,r,08/19/2026,06:49:30,eddie@node1o11.ecdf.ed.ac.uk,1,7909
57582772,0.00923,lw_b11_24h,pminervi,r,08/19/2026,06:49:30,eddie@node1h13.ecdf.ed.ac.uk,1,7910
57582772,0.00923,lw_b11_24h,pminervi,r,08/19/2026,06:49:30,eddie@node1j27.ecdf.ed.ac.uk,1,7911
57582772,0.00923,lw_b11_24h,pminervi,r,08/19/2026,06:50:30,eddie@node1f06.ecdf.ed.ac.uk,1,7922
57582772,0.00923,lw_b11_24h,pminervi,r,08/19/2026,06:50:30,eddie@node1s15.ecdf.ed.ac.uk,1,7923
57582772,0.00923,lw_b11_24h,pminervi,r,08/19/2026,06:50:30,eddie@node1r05.ecdf.ed.ac.uk,1,7924
57582772,0.00923,lw_b11_24h,pminervi,r,08/19/2026,06:50:30,eddie@node1h22.ecdf.ed.ac.uk,1,7925
57582772,0.00923,lw_b11_24h,pminervi,r,08/19/2026,06:50:45,eddie@node1s18.ecdf.ed.ac.uk,1,7926
57582772,0.00923,lw_b11_24h,pminervi,r,08/19/2026,06:50:45,eddie@node1o07.ecdf.ed.ac.uk,1,7927
57582772,0.00923,lw_b11_24h,pminervi,r,08/19/2026,06:50:45,eddie@node1s13.ecdf.ed.ac.uk,1,7928
57582772,0.00923,lw_b11_24h,pminervi,r,08/19/2026,06:50:45,eddie@node1h11.ecdf.ed.ac.uk,1,7929
57582772,0.00923,lw_b11_24h,pminervi,r,08/19/2026,06:50:00,eddie@node1r18.ecdf.ed.ac.uk,1,7918
57582772,0.00923,lw_b11_24h,pminervi,r,08/19/2026,06:50:00,eddie@node1h04.ecdf.ed.ac.uk,1,7919
57582772,0.00923,lw_b11_24h,pminervi,r,08/19/2026,06:50:00,eddie@node1h07.ecdf.ed.ac.uk,1,7920
57582772,0.00923,lw_b11_24h,pminervi,r,08/19/2026,06:51:00,eddie@node1r07.ecdf.ed.ac.uk,1,7930
57582772,0.00923,lw_b11_24h,pminervi,r,08/19/2026,06:51:00,eddie@node1h16.ecdf.ed.ac.uk,1,7931
57582772,0.00923,lw_b11_24h,pminervi,r,08/19/2026,06:51:00,eddie@node1r19.ecdf.ed.ac.uk,1,7932
57582772,0.00923,lw_b11_24h,pminervi,r,08/19/2026,06:47:45,eddie@node1o07.ecdf.ed.ac.uk,1,7900
57582772,0.00923,lw_b11_24h,pminervi,r,08/19/2026,06:47:45,eddie@node1s13.ecdf.ed.ac.uk,1,7901
57582772,0.00923,lw_b11_24h,pminervi,r,08/19/2026,06:49:15,eddie@node1h24.ecdf.ed.ac.uk,1,7905
57582772,0.00923,lw_b11_24h,pminervi,r,08/19/2026,06:49:15,eddie@node1r19.ecdf.ed.ac.uk,1,7906
57582772,0.00923,lw_b11_24h,pminervi,r,08/19/2026,06:48:15,eddie@node1h24.ecdf.ed.ac.uk,1,7902
57582772,0.00923,lw_b11_24h,pminervi,r,08/19/2026,06:48:30,eddie@node1j25.ecdf.ed.ac.uk,1,7903
57582772,0.00923,lw_b11_24h,pminervi,r,08/19/2026,06:48:45,eddie@node1h21.ecdf.ed.ac.uk,1,7904
57582772,0.00923,lw_b11_24h,pminervi,r,08/19/2026,06:50:15,eddie@node1h21.ecdf.ed.ac.uk,1,7921
57582772,0.00923,lw_b11_24h,pminervi,r,08/19/2026,06:51:15,eddie@node1f13.ecdf.ed.ac.uk,1,7933
57582772,0.00923,lw_b11_24h,pminervi,r,08/19/2026,06:46:45,eddie@node1s14.ecdf.ed.ac.uk,1,7887
57582772,0.00923,lw_b11_24h,pminervi,r,08/19/2026,06:46:45,eddie@node1s17.ecdf.ed.ac.uk,1,7888
57582772,0.00923,lw_b11_24h,pminervi,r,08/19/2026,06:46:45,eddie@node1o09.ecdf.ed.ac.uk,1,7889
57582772,0.00923,lw_b11_24h,pminervi,r,08/19/2026,06:46:45,eddie@node1h06.ecdf.ed.ac.uk,1,7890
57582772,0.00923,lw_b11_24h,pminervi,r,08/19/2026,06:52:00,eddie@node1m14.ecdf.ed.ac.uk,1,7934
57582772,0.00923,lw_b11_24h,pminervi,r,08/19/2026,06:52:00,eddie@node1m14.ecdf.ed.ac.uk,1,7935
57582772,0.00923,lw_b11_24h,pminervi,r,08/19/2026,06:52:00,eddie@node1r09.ecdf.ed.ac.uk,1,7936
57582772,0.00923,lw_b11_24h,pminervi,r,08/19/2026,06:52:30,eddie@node1f06.ecdf.ed.ac.uk,1,7940
57582772,0.00923,lw_b11_24h,pminervi,r,08/19/2026,06:52:30,eddie@node1r16.ecdf.ed.ac.uk,1,7941
57582772,0.00923,lw_b11_24h,pminervi,r,08/19/2026,06:52:30,eddie@node1o08.ecdf.ed.ac.uk,1,7942
57582772,0.00923,lw_b11_24h,pminervi,r,08/19/2026,06:52:15,eddie@node1o10.ecdf.ed.ac.uk,1,7937
57582772,0.00923,lw_b11_24h,pminervi,r,08/19/2026,06:52:15,eddie@node1o12.ecdf.ed.ac.uk,1,7938
57582772,0.00923,lw_b11_24h,pminervi,r,08/19/2026,06:52:15,eddie@node1j26.ecdf.ed.ac.uk,1,7939
57582772,0.00923,lw_b11_24h,pminervi,r,08/19/2026,06:47:15,eddie@node1j28.ecdf.ed.ac.uk,1,7891
57582772,0.00923,lw_b11_24h,pminervi,r,08/19/2026,06:47:15,eddie@node1h08.ecdf.ed.ac.uk,1,7892
57582772,0.00922,lw_b11_24h,pminervi,r,08/19/2026,06:41:45,eddie@node1f13.ecdf.ed.ac.uk,1,7845
57582772,0.00922,lw_b11_24h,pminervi,r,08/19/2026,06:41:45,eddie@node1o11.ecdf.ed.ac.uk,1,7846
57582772,0.00922,lw_b11_24h,pminervi,r,08/19/2026,06:41:45,eddie@node1s13.ecdf.ed.ac.uk,1,7847
57582772,0.00922,lw_b11_24h,pminervi,r,08/19/2026,06:41:45,eddie@node1o10.ecdf.ed.ac.uk,1,7848
57582772,0.00922,lw_b11_24h,pminervi,r,08/19/2026,06:41:45,eddie@node1r09.ecdf.ed.ac.uk,1,7849
57582772,0.00922,lw_b11_24h,pminervi,r,08/19/2026,06:44:45,eddie@node1f06.ecdf.ed.ac.uk,1,7871
57582772,0.00922,lw_b11_24h,pminervi,r,08/19/2026,06:44:45,eddie@node1f06.ecdf.ed.ac.uk,1,7872
57582772,0.00922,lw_b11_24h,pminervi,r,08/19/2026,06:44:45,eddie@node1o12.ecdf.ed.ac.uk,1,7873
57582772,0.00922,lw_b11_24h,pminervi,r,08/19/2026,06:44:45,eddie@node1s13.ecdf.ed.ac.uk,1,7874
57582772,0.00922,lw_b11_24h,pminervi,r,08/19/2026,06:44:45,eddie@node1o07.ecdf.ed.ac.uk,1,7875
57582772,0.00922,lw_b11_24h,pminervi,r,08/19/2026,06:41:00,eddie@node1j26.ecdf.ed.ac.uk,1,7838
57582772,0.00922,lw_b11_24h,pminervi,r,08/19/2026,06:41:00,eddie@node1h09.ecdf.ed.ac.uk,1,7839
57582772,0.00922,lw_b11_24h,pminervi,r,08/19/2026,06:41:00,eddie@node1h13.ecdf.ed.ac.uk,1,7840
57582772,0.00922,lw_b11_24h,pminervi,r,08/19/2026,06:41:00,eddie@node1r12.ecdf.ed.ac.uk,1,7841
57582772,0.00922,lw_b11_24h,pminervi,r,08/19/2026,06:43:30,eddie@node1m14.ecdf.ed.ac.uk,1,7858
57582772,0.00922,lw_b11_24h,pminervi,r,08/19/2026,06:43:30,eddie@node1r09.ecdf.ed.ac.uk,1,7859
57582772,0.00922,lw_b11_24h,pminervi,r,08/19/2026,06:43:30,eddie@node1j28.ecdf.ed.ac.uk,1,7860
57582772,0.00922,lw_b11_24h,pminervi,r,08/19/2026,06:43:30,eddie@node1h11.ecdf.ed.ac.uk,1,7861
57582772,0.00922,lw_b11_24h,pminervi,r,08/19/2026,06:43:00,eddie@node1f10.ecdf.ed.ac.uk,1,7854
57582772,0.00922,lw_b11_24h,pminervi,r,08/19/2026,06:43:00,eddie@node1o09.ecdf.ed.ac.uk,1,7855
57582772,0.00922,lw_b11_24h,pminervi,r,08/19/2026,06:43:00,eddie@node1r19.ecdf.ed.ac.uk,1,7856
57582772,0.00922,lw_b11_24h,pminervi,r,08/19/2026,06:44:00,eddie@node1r17.ecdf.ed.ac.uk,1,7863
57582772,0.00922,lw_b11_24h,pminervi,r,08/19/2026,06:44:00,eddie@node1h06.ecdf.ed.ac.uk,1,7864
57582772,0.00922,lw_b11_24h,pminervi,r,08/19/2026,06:44:00,eddie@node1j25.ecdf.ed.ac.uk,1,7865
57582772,0.00922,lw_b11_24h,pminervi,r,08/19/2026,06:44:30,eddie@node1i14.ecdf.ed.ac.uk,1,7868
57582772,0.00922,lw_b11_24h,pminervi,r,08/19/2026,06:44:30,eddie@node1o08.ecdf.ed.ac.uk,1,7869
57582772,0.00922,lw_b11_24h,pminervi,r,08/19/2026,06:44:30,eddie@node1h21.ecdf.ed.ac.uk,1,7870
57582772,0.00922,lw_b11_24h,pminervi,r,08/19/2026,06:45:00,eddie@node1r09.ecdf.ed.ac.uk,1,7876
57582772,0.00922,lw_b11_24h,pminervi,r,08/19/2026,06:45:00,eddie@node1j26.ecdf.ed.ac.uk,1,7877
57582772,0.00922,lw_b11_24h,pminervi,r,08/19/2026,06:45:00,eddie@node1h14.ecdf.ed.ac.uk,1,7878
57582772,0.00922,lw_b11_24h,pminervi,r,08/19/2026,06:46:00,eddie@node1o14.ecdf.ed.ac.uk,1,7880
57582772,0.00922,lw_b11_24h,pminervi,r,08/19/2026,06:46:00,eddie@node1h11.ecdf.ed.ac.uk,1,7881
57582772,0.00922,lw_b11_24h,pminervi,r,08/19/2026,06:46:00,eddie@node1s16.ecdf.ed.ac.uk,1,7882
57582772,0.00922,lw_b11_24h,pminervi,r,08/19/2026,06:46:15,eddie@node1m16.ecdf.ed.ac.uk,1,7883
57582772,0.00922,lw_b11_24h,pminervi,r,08/19/2026,06:46:15,eddie@node1h03.ecdf.ed.ac.uk,1,7884
57582772,0.00922,lw_b11_24h,pminervi,r,08/19/2026,06:46:15,eddie@node1h05.ecdf.ed.ac.uk,1,7885
57582772,0.00922,lw_b11_24h,pminervi,r,08/19/2026,06:41:30,eddie@node1s14.ecdf.ed.ac.uk,1,7843
57582772,0.00922,lw_b11_24h,pminervi,r,08/19/2026,06:41:30,eddie@node1o12.ecdf.ed.ac.uk,1,7844
57582772,0.00922,lw_b11_24h,pminervi,r,08/19/2026,06:42:00,eddie@node1h08.ecdf.ed.ac.uk,1,7850
57582772,0.00922,lw_b11_24h,pminervi,r,08/19/2026,06:42:00,eddie@node1h03.ecdf.ed.ac.uk,1,7851
57582772,0.00922,lw_b11_24h,pminervi,r,08/19/2026,06:44:15,eddie@node1h05.ecdf.ed.ac.uk,1,7866
57582772,0.00922,lw_b11_24h,pminervi,r,08/19/2026,06:44:15,eddie@node1j26.ecdf.ed.ac.uk,1,7867
57582772,0.00922,lw_b11_24h,pminervi,r,08/19/2026,06:41:15,eddie@node1j25.ecdf.ed.ac.uk,1,7842
57582772,0.00922,lw_b11_24h,pminervi,r,08/19/2026,06:42:15,eddie@node1f09.ecdf.ed.ac.uk,1,7852
57582772,0.00922,lw_b11_24h,pminervi,r,08/19/2026,06:42:30,eddie@node1m14.ecdf.ed.ac.uk,1,7853
57582772,0.00922,lw_b11_24h,pminervi,r,08/19/2026,06:43:15,eddie@node1j27.ecdf.ed.ac.uk,1,7857
57582772,0.00922,lw_b11_24h,pminervi,r,08/19/2026,06:43:45,eddie@node1s17.ecdf.ed.ac.uk,1,7862
57582772,0.00922,lw_b11_24h,pminervi,r,08/19/2026,06:45:30,eddie@node1h15.ecdf.ed.ac.uk,1,7879
57582772,0.00922,lw_b11_24h,pminervi,r,08/19/2026,06:46:30,eddie@node1o08.ecdf.ed.ac.uk,1,7886
57582772,0.00922,lw_b11_24h,pminervi,r,08/19/2026,06:38:15,eddie@node1r17.ecdf.ed.ac.uk,1,7817
57582772,0.00922,lw_b11_24h,pminervi,r,08/19/2026,06:38:15,eddie@node1h11.ecdf.ed.ac.uk,1,7818
57582772,0.00922,lw_b11_24h,pminervi,r,08/19/2026,06:38:15,eddie@node1h21.ecdf.ed.ac.uk,1,7819
57582772,0.00922,lw_b11_24h,pminervi,r,08/19/2026,06:39:15,eddie@node1r16.ecdf.ed.ac.uk,1,7824
57582772,0.00922,lw_b11_24h,pminervi,r,08/19/2026,06:39:15,eddie@node1s14.ecdf.ed.ac.uk,1,7825
57582772,0.00922,lw_b11_24h,pminervi,r,08/19/2026,06:39:15,eddie@node1j26.ecdf.ed.ac.uk,1,7826
57582772,0.00922,lw_b11_24h,pminervi,r,08/19/2026,06:39:30,eddie@node1h24.ecdf.ed.ac.uk,1,7827
57582772,0.00922,lw_b11_24h,pminervi,r,08/19/2026,06:39:30,eddie@node1h03.ecdf.ed.ac.uk,1,7828
57582772,0.00922,lw_b11_24h,pminervi,r,08/19/2026,06:39:30,eddie@node1o10.ecdf.ed.ac.uk,1,7829
57582772,0.00922,lw_b11_24h,pminervi,r,08/19/2026,06:40:30,eddie@node1l28.ecdf.ed.ac.uk,1,7834
57582772,0.00922,lw_b11_24h,pminervi,r,08/19/2026,06:40:30,eddie@node1o08.ecdf.ed.ac.uk,1,7835
57582772,0.00922,lw_b11_24h,pminervi,r,08/19/2026,06:40:30,eddie@node1h10.ecdf.ed.ac.uk,1,7836
57582772,0.00922,lw_b11_24h,pminervi,r,08/19/2026,06:38:30,eddie@node1h06.ecdf.ed.ac.uk,1,7820
57582772,0.00922,lw_b11_24h,pminervi,r,08/19/2026,06:38:30,eddie@node1r19.ecdf.ed.ac.uk,1,7821
57582772,0.00922,lw_b11_24h,pminervi,r,08/19/2026,06:39:00,eddie@node1h24.ecdf.ed.ac.uk,1,7822
57582772,0.00922,lw_b11_24h,pminervi,r,08/19/2026,06:39:00,eddie@node1o09.ecdf.ed.ac.uk,1,7823
57582772,0.00922,lw_b11_24h,pminervi,r,08/19/2026,06:40:00,eddie@node1j28.ecdf.ed.ac.uk,1,7830
57582772,0.00922,lw_b11_24h,pminervi,r,08/19/2026,06:40:00,eddie@node1h24.ecdf.ed.ac.uk,1,7831
57582772,0.00922,lw_b11_24h,pminervi,r,08/19/2026,06:40:15,eddie@node1h06.ecdf.ed.ac.uk,1,7832
57582772,0.00922,lw_b11_24h,pminervi,r,08/19/2026,06:40:15,eddie@node1h05.ecdf.ed.ac.uk,1,7833
57582772,0.00922,lw_b11_24h,pminervi,r,08/19/2026,06:40:45,eddie@node1h14.ecdf.ed.ac.uk,1,7837
57582772,0.00922,lw_b11_24h,pminervi,r,08/19/2026,06:36:45,eddie@node1i07.ecdf.ed.ac.uk,1,7797
57582772,0.00922,lw_b11_24h,pminervi,r,08/19/2026,06:36:45,eddie@node1i07.ecdf.ed.ac.uk,1,7798
57582772,0.00922,lw_b11_24h,pminervi,r,08/19/2026,06:36:45,eddie@node1i06.ecdf.ed.ac.uk,1,7799
57582772,0.00922,lw_b11_24h,pminervi,r,08/19/2026,06:36:45,eddie@node1h24.ecdf.ed.ac.uk,1,7800
57582772,0.00922,lw_b11_24h,pminervi,r,08/19/2026,06:36:45,eddie@node1h03.ecdf.ed.ac.uk,1,7801
57582772,0.00922,lw_b11_24h,pminervi,r,08/19/2026,06:36:45,eddie@node1j28.ecdf.ed.ac.uk,1,7802
57582772,0.00922,lw_b11_24h,pminervi,r,08/19/2026,06:38:00,eddie@node1f06.ecdf.ed.ac.uk,1,7812
57582772,0.00922,lw_b11_24h,pminervi,r,08/19/2026,06:38:00,eddie@node1h14.ecdf.ed.ac.uk,1,7813
57582772,0.00922,lw_b11_24h,pminervi,r,08/19/2026,06:38:00,eddie@node1h08.ecdf.ed.ac.uk,1,7814
57582772,0.00922,lw_b11_24h,pminervi,r,08/19/2026,06:38:00,eddie@node1h05.ecdf.ed.ac.uk,1,7815
57582772,0.00922,lw_b11_24h,pminervi,r,08/19/2026,06:38:00,eddie@node1o08.ecdf.ed.ac.uk,1,7816
57582772,0.00922,lw_b11_24h,pminervi,r,08/19/2026,06:37:15,eddie@node1i15.ecdf.ed.ac.uk,1,7804
57582772,0.00922,lw_b11_24h,pminervi,r,08/19/2026,06:37:15,eddie@node1i15.ecdf.ed.ac.uk,1,7805
57582772,0.00922,lw_b11_24h,pminervi,r,08/19/2026,06:37:15,eddie@node1r17.ecdf.ed.ac.uk,1,7806
57582772,0.00922,lw_b11_24h,pminervi,r,08/19/2026,06:37:15,eddie@node1j25.ecdf.ed.ac.uk,1,7807
57582772,0.00922,lw_b11_24h,pminervi,r,08/19/2026,06:37:45,eddie@node1h10.ecdf.ed.ac.uk,1,7809
57582772,0.00922,lw_b11_24h,pminervi,r,08/19/2026,06:37:45,eddie@node1s17.ecdf.ed.ac.uk,1,7810
57582772,0.00922,lw_b11_24h,pminervi,r,08/19/2026,06:37:45,eddie@node1j26.ecdf.ed.ac.uk,1,7811
57582772,0.00922,lw_b11_24h,pminervi,r,08/19/2026,06:37:00,eddie@node1h09.ecdf.ed.ac.uk,1,7803
57582772,0.00922,lw_b11_24h,pminervi,r,08/19/2026,06:37:30,eddie@node1h14.ecdf.ed.ac.uk,1,7808
57582772,0.00922,lw_b11_24h,pminervi,r,08/19/2026,06:32:00,eddie@node1j25.ecdf.ed.ac.uk,1,7754
57582772,0.00922,lw_b11_24h,pminervi,r,08/19/2026,06:32:00,eddie@node1s17.ecdf.ed.ac.uk,1,7755
57582772,0.00922,lw_b11_24h,pminervi,r,08/19/2026,06:32:00,eddie@node1j27.ecdf.ed.ac.uk,1,7756
57582772,0.00922,lw_b11_24h,pminervi,r,08/19/2026,06:32:00,eddie@node1r17.ecdf.ed.ac.uk,1,7757
57582772,0.00922,lw_b11_24h,pminervi,r,08/19/2026,06:31:30,eddie@node1h13.ecdf.ed.ac.uk,1,7750
57582772,0.00922,lw_b11_24h,pminervi,r,08/19/2026,06:31:30,eddie@node1r12.ecdf.ed.ac.uk,1,7751
57582772,0.00922,lw_b11_24h,pminervi,r,08/19/2026,06:31:30,eddie@node1h08.ecdf.ed.ac.uk,1,7752
57582772,0.00922,lw_b11_24h,pminervi,r,08/19/2026,06:32:45,eddie@node1s14.ecdf.ed.ac.uk,1,7760
57582772,0.00922,lw_b11_24h,pminervi,r,08/19/2026,06:32:45,eddie@node1h21.ecdf.ed.ac.uk,1,7761
57582772,0.00922,lw_b11_24h,pminervi,r,08/19/2026,06:32:45,eddie@node1o10.ecdf.ed.ac.uk,1,7762
57582772,0.00922,lw_b11_24h,pminervi,r,08/19/2026,06:32:15,eddie@node1i06.ecdf.ed.ac.uk,1,7758
57582772,0.00922,lw_b11_24h,pminervi,r,08/19/2026,06:31:45,eddie@node1f06.ecdf.ed.ac.uk,1,7753
57582772,0.00922,lw_b11_24h,pminervi,r,08/19/2026,06:32:30,eddie@node1o09.ecdf.ed.ac.uk,1,7759
57582772,0.00922,lw_b11_24h,pminervi,r,08/19/2026,06:31:15,eddie@node1i06.ecdf.ed.ac.uk,1,7747
57582772,0.00922,lw_b11_24h,pminervi,r,08/19/2026,06:31:15,eddie@node1i06.ecdf.ed.ac.uk,1,7748
57582772,0.00922,lw_b11_24h,pminervi,r,08/19/2026,06:31:15,eddie@node1h21.ecdf.ed.ac.uk,1,7749
57582772,0.00922,lw_b11_24h,pminervi,r,08/19/2026,06:31:00,eddie@node1h10.ecdf.ed.ac.uk,1,7744
57582772,0.00922,lw_b11_24h,pminervi,r,08/19/2026,06:31:00,eddie@node1o11.ecdf.ed.ac.uk,1,7745
57582772,0.00922,lw_b11_24h,pminervi,r,08/19/2026,06:31:00,eddie@node1h09.ecdf.ed.ac.uk,1,7746
57582772,0.00921,lw_b11_24h,pminervi,r,08/19/2026,06:34:15,eddie@node1o11.ecdf.ed.ac.uk,1,7773
57582772,0.00921,lw_b11_24h,pminervi,r,08/19/2026,06:34:15,eddie@node1h13.ecdf.ed.ac.uk,1,7774
57582772,0.00921,lw_b11_24h,pminervi,r,08/19/2026,06:34:15,eddie@node1r12.ecdf.ed.ac.uk,1,7775
57582772,0.00921,lw_b11_24h,pminervi,r,08/19/2026,06:34:15,eddie@node1h09.ecdf.ed.ac.uk,1,7776
57582772,0.00921,lw_b11_24h,pminervi,r,08/19/2026,06:34:15,eddie@node1o10.ecdf.ed.ac.uk,1,7777
57582772,0.00921,lw_b11_24h,pminervi,r,08/19/2026,06:34:15,eddie@node1r17.ecdf.ed.ac.uk,1,7778
57582772,0.00921,lw_b11_24h,pminervi,r,08/19/2026,06:34:15,eddie@node1h10.ecdf.ed.ac.uk,1,7779
57582772,0.00921,lw_b11_24h,pminervi,r,08/19/2026,06:33:30,eddie@node1i14.ecdf.ed.ac.uk,1,7765
57582772,0.00921,lw_b11_24h,pminervi,r,08/19/2026,06:33:30,eddie@node1h09.ecdf.ed.ac.uk,1,7766
57582772,0.00921,lw_b11_24h,pminervi,r,08/19/2026,06:33:30,eddie@node1h10.ecdf.ed.ac.uk,1,7767
57582772,0.00921,lw_b11_24h,pminervi,r,08/19/2026,06:34:00,eddie@node1j25.ecdf.ed.ac.uk,1,7770
57582772,0.00921,lw_b11_24h,pminervi,r,08/19/2026,06:34:00,eddie@node1r19.ecdf.ed.ac.uk,1,7771
57582772,0.00921,lw_b11_24h,pminervi,r,08/19/2026,06:34:00,eddie@node1o09.ecdf.ed.ac.uk,1,7772
57582772,0.00921,lw_b11_24h,pminervi,r,08/19/2026,06:35:15,eddie@node1h08.ecdf.ed.ac.uk,1,7786
57582772,0.00921,lw_b11_24h,pminervi,r,08/19/2026,06:35:15,eddie@node1o09.ecdf.ed.ac.uk,1,7787
57582772,0.00921,lw_b11_24h,pminervi,r,08/19/2026,06:35:15,eddie@node1s14.ecdf.ed.ac.uk,1,7788
57582772,0.00921,lw_b11_24h,pminervi,r,08/19/2026,06:36:00,eddie@node1i16.ecdf.ed.ac.uk,1,7792
57582772,0.00921,lw_b11_24h,pminervi,r,08/19/2026,06:36:00,eddie@node1m14.ecdf.ed.ac.uk,1,7793
57582772,0.00921,lw_b11_24h,pminervi,r,08/19/2026,06:36:00,eddie@node1j27.ecdf.ed.ac.uk,1,7794
57582772,0.00921,lw_b11_24h,pminervi,r,08/19/2026,06:36:15,eddie@node1f13.ecdf.ed.ac.uk,1,7795
57582772,0.00921,lw_b11_24h,pminervi,r,08/19/2026,06:36:15,eddie@node1m14.ecdf.ed.ac.uk,1,7796
57582772,0.00921,lw_b11_24h,pminervi,r,08/19/2026,06:33:15,eddie@node1h14.ecdf.ed.ac.uk,1,7763
57582772,0.00921,lw_b11_24h,pminervi,r,08/19/2026,06:33:15,eddie@node1h08.ecdf.ed.ac.uk,1,7764
57582772,0.00921,lw_b11_24h,pminervi,r,08/19/2026,06:33:45,eddie@node1h03.ecdf.ed.ac.uk,1,7768
57582772,0.00921,lw_b11_24h,pminervi,r,08/19/2026,06:33:45,eddie@node1s14.ecdf.ed.ac.uk,1,7769
57582772,0.00921,lw_b11_24h,pminervi,r,08/19/2026,06:34:30,eddie@node1h03.ecdf.ed.ac.uk,1,7780
57582772,0.00921,lw_b11_24h,pminervi,r,08/19/2026,06:34:30,eddie@node1j28.ecdf.ed.ac.uk,1,7781
57582772,0.00921,lw_b11_24h,pminervi,r,08/19/2026,06:34:45,eddie@node1h14.ecdf.ed.ac.uk,1,7782
57582772,0.00921,lw_b11_24h,pminervi,r,08/19/2026,06:34:45,eddie@node1h21.ecdf.ed.ac.uk,1,7783
57582772,0.00921,lw_b11_24h,pminervi,r,08/19/2026,06:35:00,eddie@node1m14.ecdf.ed.ac.uk,1,7784
57582772,0.00921,lw_b11_24h,pminervi,r,08/19/2026,06:35:00,eddie@node1o11.ecdf.ed.ac.uk,1,7785
57582772,0.00921,lw_b11_24h,pminervi,r,08/19/2026,06:35:30,eddie@node1h13.ecdf.ed.ac.uk,1,7789
57582772,0.00921,lw_b11_24h,pminervi,r,08/19/2026,06:35:30,eddie@node1r12.ecdf.ed.ac.uk,1,7790
57582772,0.00921,lw_b11_24h,pminervi,r,08/19/2026,06:35:45,eddie@node1o10.ecdf.ed.ac.uk,1,7791
57582772,0.00921,lw_b11_24h,pminervi,r,08/19/2026,06:30:45,eddie@node1h21.ecdf.ed.ac.uk,1,7740
57582772,0.00921,lw_b11_24h,pminervi,r,08/19/2026,06:30:45,eddie@node1j25.ecdf.ed.ac.uk,1,7741
57582772,0.00921,lw_b11_24h,pminervi,r,08/19/2026,06:30:45,eddie@node1h08.ecdf.ed.ac.uk,1,7742
57582772,0.00921,lw_b11_24h,pminervi,r,08/19/2026,06:30:45,eddie@node1s17.ecdf.ed.ac.uk,1,7743
57582772,0.00921,lw_b11_24h,pminervi,r,08/19/2026,06:30:15,eddie@node1o11.ecdf.ed.ac.uk,1,7736
57582772,0.00921,lw_b11_24h,pminervi,r,08/19/2026,06:30:15,eddie@node1r12.ecdf.ed.ac.uk,1,7737
57582772,0.00921,lw_b11_24h,pminervi,r,08/19/2026,06:30:15,eddie@node1h09.ecdf.ed.ac.uk,1,7738
57582772,0.00921,lw_b11_24h,pminervi,r,08/19/2026,06:30:00,eddie@node1h13.ecdf.ed.ac.uk,1,7734
57582772,0.00921,lw_b11_24h,pminervi,r,08/19/2026,06:30:00,eddie@node1j27.ecdf.ed.ac.uk,1,7735
57582772,0.00921,lw_b11_24h,pminervi,r,08/19/2026,06:30:30,eddie@node1r17.ecdf.ed.ac.uk,1,7739
57582772,0.00921,lw_b11_24h,pminervi,r,08/19/2026,06:26:30,eddie@node1i15.ecdf.ed.ac.uk,1,7701
57582772,0.00921,lw_b11_24h,pminervi,r,08/19/2026,06:26:30,eddie@node1i02.ecdf.ed.ac.uk,1,7702
57582772,0.00921,lw_b11_24h,pminervi,r,08/19/2026,06:26:30,eddie@node1r17.ecdf.ed.ac.uk,1,7703
57582772,0.00921,lw_b11_24h,pminervi,r,08/19/2026,06:26:30,eddie@node1h09.ecdf.ed.ac.uk,1,7704
57582772,0.00921,lw_b11_24h,pminervi,r,08/19/2026,06:26:30,eddie@node1r12.ecdf.ed.ac.uk,1,7705
57582772,0.00921,lw_b11_24h,pminervi,r,08/19/2026,06:26:30,eddie@node1j25.ecdf.ed.ac.uk,1,7706
57582772,0.00921,lw_b11_24h,pminervi,r,08/19/2026,06:26:30,eddie@node1h13.ecdf.ed.ac.uk,1,7707
57582772,0.00921,lw_b11_24h,pminervi,r,08/19/2026,06:29:45,eddie@node1j25.ecdf.ed.ac.uk,1,7728
57582772,0.00921,lw_b11_24h,pminervi,r,08/19/2026,06:29:45,eddie@node1r17.ecdf.ed.ac.uk,1,7729
57582772,0.00921,lw_b11_24h,pminervi,r,08/19/2026,06:29:45,eddie@node1r12.ecdf.ed.ac.uk,1,7730
57582772,0.00921,lw_b11_24h,pminervi,r,08/19/2026,06:29:45,eddie@node1h09.ecdf.ed.ac.uk,1,7731
57582772,0.00921,lw_b11_24h,pminervi,r,08/19/2026,06:29:45,eddie@node1j27.ecdf.ed.ac.uk,1,7732
57582772,0.00921,lw_b11_24h,pminervi,r,08/19/2026,06:29:45,eddie@node1h10.ecdf.ed.ac.uk,1,7733
57582772,0.00921,lw_b11_24h,pminervi,r,08/19/2026,06:28:45,eddie@node1h13.ecdf.ed.ac.uk,1,7716
57582772,0.00921,lw_b11_24h,pminervi,r,08/19/2026,06:28:45,eddie@node1h09.ecdf.ed.ac.uk,1,7717
57582772,0.00921,lw_b11_24h,pminervi,r,08/19/2026,06:28:45,eddie@node1j25.ecdf.ed.ac.uk,1,7718
57582772,0.00921,lw_b11_24h,pminervi,r,08/19/2026,06:28:45,eddie@node1r17.ecdf.ed.ac.uk,1,7719
57582772,0.00921,lw_b11_24h,pminervi,r,08/19/2026,06:28:45,eddie@node1s17.ecdf.ed.ac.uk,1,7720
57582772,0.00921,lw_b11_24h,pminervi,r,08/19/2026,06:27:00,eddie@node1i06.ecdf.ed.ac.uk,1,7709
57582772,0.00921,lw_b11_24h,pminervi,r,08/19/2026,06:27:00,eddie@node1i06.ecdf.ed.ac.uk,1,7710
57582772,0.00921,lw_b11_24h,pminervi,r,08/19/2026,06:27:00,eddie@node1h10.ecdf.ed.ac.uk,1,7711
57582772,0.00921,lw_b11_24h,pminervi,r,08/19/2026,06:27:00,eddie@node1o11.ecdf.ed.ac.uk,1,7712
57582772,0.00921,lw_b11_24h,pminervi,r,08/19/2026,06:28:15,eddie@node1j27.ecdf.ed.ac.uk,1,7713
57582772,0.00921,lw_b11_24h,pminervi,r,08/19/2026,06:28:15,eddie@node1r19.ecdf.ed.ac.uk,1,7714
57582772,0.00921,lw_b11_24h,pminervi,r,08/19/2026,06:28:15,eddie@node1r12.ecdf.ed.ac.uk,1,7715
57582772,0.00921,lw_b11_24h,pminervi,r,08/19/2026,06:29:15,eddie@node1r16.ecdf.ed.ac.uk,1,7722
57582772,0.00921,lw_b11_24h,pminervi,r,08/19/2026,06:29:15,eddie@node1s17.ecdf.ed.ac.uk,1,7723
57582772,0.00921,lw_b11_24h,pminervi,r,08/19/2026,06:29:15,eddie@node1h10.ecdf.ed.ac.uk,1,7724
57582772,0.00921,lw_b11_24h,pminervi,r,08/19/2026,06:29:30,eddie@node1f08.ecdf.ed.ac.uk,1,7725
57582772,0.00921,lw_b11_24h,pminervi,r,08/19/2026,06:29:30,eddie@node1h13.ecdf.ed.ac.uk,1,7726
57582772,0.00921,lw_b11_24h,pminervi,r,08/19/2026,06:29:30,eddie@node1o11.ecdf.ed.ac.uk,1,7727
57582772,0.00921,lw_b11_24h,pminervi,r,08/19/2026,06:26:45,eddie@node1l21.ecdf.ed.ac.uk,1,7708
57582772,0.00921,lw_b11_24h,pminervi,r,08/19/2026,06:29:00,eddie@node1j27.ecdf.ed.ac.uk,1,7721
57582772,0.00921,lw_b11_24h,pminervi,r,08/19/2026,06:26:00,eddie@node1o11.ecdf.ed.ac.uk,1,7697
57582772,0.00921,lw_b11_24h,pminervi,r,08/19/2026,06:26:00,eddie@node1r19.ecdf.ed.ac.uk,1,7698
57582772,0.00921,lw_b11_24h,pminervi,r,08/19/2026,06:26:15,eddie@node1i02.ecdf.ed.ac.uk,1,7699
57582772,0.00921,lw_b11_24h,pminervi,r,08/19/2026,06:26:15,eddie@node1j27.ecdf.ed.ac.uk,1,7700
57582772,0.00921,lw_b11_24h,pminervi,r,08/19/2026,06:25:45,eddie@node1h10.ecdf.ed.ac.uk,1,7696
57582772,0.00921,lw_b11_24h,pminervi,r,08/19/2026,06:25:30,eddie@node1o11.ecdf.ed.ac.uk,1,7695
57582772,0.00921,lw_b11_24h,pminervi,r,08/19/2026,06:24:15,eddie@node1i16.ecdf.ed.ac.uk,1,7690
57582772,0.00921,lw_b11_24h,pminervi,r,08/19/2026,06:24:15,eddie@node1i16.ecdf.ed.ac.uk,1,7691
57582772,0.00921,lw_b11_24h,pminervi,r,08/19/2026,06:24:15,eddie@node1o04.ecdf.ed.ac.uk,1,7692
57582772,0.00921,lw_b11_24h,pminervi,r,08/19/2026,06:24:30,eddie@node1j27.ecdf.ed.ac.uk,1,7693
57582772,0.00921,lw_b11_24h,pminervi,r,08/19/2026,06:24:30,eddie@node1s17.ecdf.ed.ac.uk,1,7694
57582772,0.00921,lw_b11_24h,pminervi,r,08/19/2026,06:24:00,eddie@node1h10.ecdf.ed.ac.uk,1,7686
57582772,0.00921,lw_b11_24h,pminervi,r,08/19/2026,06:24:00,eddie@node1o07.ecdf.ed.ac.uk,1,7687
57582772,0.00921,lw_b11_24h,pminervi,r,08/19/2026,06:24:00,eddie@node1s17.ecdf.ed.ac.uk,1,7688
57582772,0.00921,lw_b11_24h,pminervi,r,08/19/2026,06:24:00,eddie@node1h10.ecdf.ed.ac.uk,1,7689
57582772,0.00921,lw_b11_24h,pminervi,r,08/19/2026,06:23:45,eddie@node1s17.ecdf.ed.ac.uk,1,7684
57582772,0.00921,lw_b11_24h,pminervi,r,08/19/2026,06:23:45,eddie@node1j27.ecdf.ed.ac.uk,1,7685
57582772,0.00921,lw_b11_24h,pminervi,r,08/19/2026,06:23:15,eddie@node1j27.ecdf.ed.ac.uk,1,7682
57582772,0.00921,lw_b11_24h,pminervi,r,08/19/2026,06:23:30,eddie@node1o07.ecdf.ed.ac.uk,1,7683
57582772,0.00921,lw_b11_24h,pminervi,r,08/19/2026,06:22:30,eddie@node1j27.ecdf.ed.ac.uk,1,7681
57582772,0.00921,lw_b11_24h,pminervi,r,08/19/2026,06:21:45,eddie@node1s17.ecdf.ed.ac.uk,1,7675
57582772,0.00921,lw_b11_24h,pminervi,r,08/19/2026,06:21:45,eddie@node1o07.ecdf.ed.ac.uk,1,7676
57582772,0.00921,lw_b11_24h,pminervi,r,08/19/2026,06:22:00,eddie@node1s17.ecdf.ed.ac.uk,1,7677
57582772,0.00921,lw_b11_24h,pminervi,r,08/19/2026,06:22:00,eddie@node1o07.ecdf.ed.ac.uk,1,7678
57582772,0.00921,lw_b11_24h,pminervi,r,08/19/2026,06:22:15,eddie@node1r19.ecdf.ed.ac.uk,1,7679
57582772,0.00921,lw_b11_24h,pminervi,r,08/19/2026,06:22:15,eddie@node1s17.ecdf.ed.ac.uk,1,7680
57582772,0.00920,lw_b11_24h,pminervi,r,08/19/2026,06:20:30,eddie@node1r19.ecdf.ed.ac.uk,1,7664
57582772,0.00920,lw_b11_24h,pminervi,r,08/19/2026,06:20:30,eddie@node1r19.ecdf.ed.ac.uk,1,7665
57582772,0.00920,lw_b11_24h,pminervi,r,08/19/2026,06:20:30,eddie@node1h22.ecdf.ed.ac.uk,1,7666
57582772,0.00920,lw_b11_24h,pminervi,r,08/19/2026,06:20:30,eddie@node1r19.ecdf.ed.ac.uk,1,7667
57582772,0.00920,lw_b11_24h,pminervi,r,08/19/2026,06:21:15,eddie@node1i07.ecdf.ed.ac.uk,1,7672
57582772,0.00920,lw_b11_24h,pminervi,r,08/19/2026,06:21:15,eddie@node1i07.ecdf.ed.ac.uk,1,7673
57582772,0.00920,lw_b11_24h,pminervi,r,08/19/2026,06:21:15,eddie@node1r19.ecdf.ed.ac.uk,1,7674
57582772,0.00920,lw_b11_24h,pminervi,r,08/19/2026,06:20:15,eddie@node1r19.ecdf.ed.ac.uk,1,7661
57582772,0.00920,lw_b11_24h,pminervi,r,08/19/2026,06:20:15,eddie@node1r19.ecdf.ed.ac.uk,1,7662
57582772,0.00920,lw_b11_24h,pminervi,r,08/19/2026,06:20:15,eddie@node1r19.ecdf.ed.ac.uk,1,7663
57582772,0.00920,lw_b11_24h,pminervi,r,08/19/2026,06:19:15,eddie@node1f15.ecdf.ed.ac.uk,1,7653
57582772,0.00920,lw_b11_24h,pminervi,r,08/19/2026,06:19:15,eddie@node1h22.ecdf.ed.ac.uk,1,7654
57582772,0.00920,lw_b11_24h,pminervi,r,08/19/2026,06:19:15,eddie@node1h22.ecdf.ed.ac.uk,1,7655
57582772,0.00920,lw_b11_24h,pminervi,r,08/19/2026,06:19:45,eddie@node1r19.ecdf.ed.ac.uk,1,7658
57582772,0.00920,lw_b11_24h,pminervi,r,08/19/2026,06:19:45,eddie@node1r19.ecdf.ed.ac.uk,1,7659
57582772,0.00920,lw_b11_24h,pminervi,r,08/19/2026,06:20:45,eddie@node1h22.ecdf.ed.ac.uk,1,7668
57582772,0.00920,lw_b11_24h,pminervi,r,08/19/2026,06:20:45,eddie@node1h22.ecdf.ed.ac.uk,1,7669
57582772,0.00920,lw_b11_24h,pminervi,r,08/19/2026,06:19:30,eddie@node1h22.ecdf.ed.ac.uk,1,7656
57582772,0.00920,lw_b11_24h,pminervi,r,08/19/2026,06:19:30,eddie@node1r19.ecdf.ed.ac.uk,1,7657
57582772,0.00920,lw_b11_24h,pminervi,r,08/19/2026,06:21:00,eddie@node1f09.ecdf.ed.ac.uk,1,7670
57582772,0.00920,lw_b11_24h,pminervi,r,08/19/2026,06:21:00,eddie@node1r19.ecdf.ed.ac.uk,1,7671
57582772,0.00920,lw_b11_24h,pminervi,r,08/19/2026,06:20:00,eddie@node1r19.ecdf.ed.ac.uk,1,7660
57582772,0.00920,lw_b11_24h,pminervi,r,08/19/2026,06:18:45,eddie@node1h22.ecdf.ed.ac.uk,1,7644
57582772,0.00920,lw_b11_24h,pminervi,r,08/19/2026,06:18:45,eddie@node1h22.ecdf.ed.ac.uk,1,7645
57582772,0.00920,lw_b11_24h,pminervi,r,08/19/2026,06:18:45,eddie@node1h22.ecdf.ed.ac.uk,1,7646
57582772,0.00920,lw_b11_24h,pminervi,r,08/19/2026,06:18:45,eddie@node1h22.ecdf.ed.ac.uk,1,7647
57582772,0.00920,lw_b11_24h,pminervi,r,08/19/2026,06:18:45,eddie@node1h22.ecdf.ed.ac.uk,1,7648
57582772,0.00920,lw_b11_24h,pminervi,r,08/19/2026,06:18:45,eddie@node1h22.ecdf.ed.ac.uk,1,7649
57582772,0.00920,lw_b11_24h,pminervi,r,08/19/2026,06:19:00,eddie@node1h22.ecdf.ed.ac.uk,1,7650
57582772,0.00920,lw_b11_24h,pminervi,r,08/19/2026,06:19:00,eddie@node1h22.ecdf.ed.ac.uk,1,7651
57582772,0.00920,lw_b11_24h,pminervi,r,08/19/2026,06:19:00,eddie@node1r19.ecdf.ed.ac.uk,1,7652
57582772,0.00920,lw_b11_24h,pminervi,r,08/19/2026,06:18:30,eddie@node1h22.ecdf.ed.ac.uk,1,7637
57582772,0.00920,lw_b11_24h,pminervi,r,08/19/2026,06:18:30,eddie@node1h22.ecdf.ed.ac.uk,1,7638
57582772,0.00920,lw_b11_24h,pminervi,r,08/19/2026,06:18:30,eddie@node1h22.ecdf.ed.ac.uk,1,7639
57582772,0.00920,lw_b11_24h,pminervi,r,08/19/2026,06:18:30,eddie@node1h22.ecdf.ed.ac.uk,1,7640
57582772,0.00920,lw_b11_24h,pminervi,r,08/19/2026,06:18:30,eddie@node1h22.ecdf.ed.ac.uk,1,7641
57582772,0.00920,lw_b11_24h,pminervi,r,08/19/2026,06:18:30,eddie@node1h22.ecdf.ed.ac.uk,1,7642
57582772,0.00920,lw_b11_24h,pminervi,r,08/19/2026,06:18:30,eddie@node1h22.ecdf.ed.ac.uk,1,7643
57582772,0.00920,lw_b11_24h,pminervi,r,08/19/2026,06:16:45,eddie@node1f08.ecdf.ed.ac.uk,1,7621
57582772,0.00920,lw_b11_24h,pminervi,r,08/19/2026,06:16:45,eddie@node1f08.ecdf.ed.ac.uk,1,7622
57582772,0.00920,lw_b11_24h,pminervi,r,08/19/2026,06:16:45,eddie@node1h22.ecdf.ed.ac.uk,1,7623
57582772,0.00920,lw_b11_24h,pminervi,r,08/19/2026,06:16:45,eddie@node1h22.ecdf.ed.ac.uk,1,7624
57582772,0.00920,lw_b11_24h,pminervi,r,08/19/2026,06:16:45,eddie@node1h22.ecdf.ed.ac.uk,1,7625
57582772,0.00920,lw_b11_24h,pminervi,r,08/19/2026,06:15:45,eddie@node1o06.ecdf.ed.ac.uk,1,7610
57582772,0.00920,lw_b11_24h,pminervi,r,08/19/2026,06:15:45,eddie@node1o03.ecdf.ed.ac.uk,1,7611
57582772,0.00920,lw_b11_24h,pminervi,r,08/19/2026,06:15:45,eddie@node1l27.ecdf.ed.ac.uk,1,7612
57582772,0.00920,lw_b11_24h,pminervi,r,08/19/2026,06:17:15,eddie@node1h22.ecdf.ed.ac.uk,1,7628
57582772,0.00920,lw_b11_24h,pminervi,r,08/19/2026,06:17:15,eddie@node1h22.ecdf.ed.ac.uk,1,7629
57582772,0.00920,lw_b11_24h,pminervi,r,08/19/2026,06:17:15,eddie@node1h22.ecdf.ed.ac.uk,1,7630
57582772,0.00920,lw_b11_24h,pminervi,r,08/19/2026,06:15:15,eddie@node1r16.ecdf.ed.ac.uk,1,7607
57582772,0.00920,lw_b11_24h,pminervi,r,08/19/2026,06:15:15,eddie@node1l28.ecdf.ed.ac.uk,1,7608
57582772,0.00920,lw_b11_24h,pminervi,r,08/19/2026,06:15:15,eddie@node1o06.ecdf.ed.ac.uk,1,7609
57582772,0.00920,lw_b11_24h,pminervi,r,08/19/2026,06:16:00,eddie@node1i06.ecdf.ed.ac.uk,1,7613
57582772,0.00920,lw_b11_24h,pminervi,r,08/19/2026,06:16:00,eddie@node1l22.ecdf.ed.ac.uk,1,7614
57582772,0.00920,lw_b11_24h,pminervi,r,08/19/2026,06:16:00,eddie@node1h22.ecdf.ed.ac.uk,1,7615
57582772,0.00920,lw_b11_24h,pminervi,r,08/19/2026,06:16:30,eddie@node1h22.ecdf.ed.ac.uk,1,7618
57582772,0.00920,lw_b11_24h,pminervi,r,08/19/2026,06:16:30,eddie@node1h22.ecdf.ed.ac.uk,1,7619
57582772,0.00920,lw_b11_24h,pminervi,r,08/19/2026,06:16:30,eddie@node1h22.ecdf.ed.ac.uk,1,7620
57582772,0.00920,lw_b11_24h,pminervi,r,08/19/2026,06:17:45,eddie@node1h22.ecdf.ed.ac.uk,1,7632
57582772,0.00920,lw_b11_24h,pminervi,r,08/19/2026,06:17:45,eddie@node1h22.ecdf.ed.ac.uk,1,7633
57582772,0.00920,lw_b11_24h,pminervi,r,08/19/2026,06:18:00,eddie@node1h22.ecdf.ed.ac.uk,1,7634
57582772,0.00920,lw_b11_24h,pminervi,r,08/19/2026,06:18:00,eddie@node1h22.ecdf.ed.ac.uk,1,7635
57582772,0.00920,lw_b11_24h,pminervi,r,08/19/2026,06:14:30,eddie@node1r16.ecdf.ed.ac.uk,1,7602
57582772,0.00920,lw_b11_24h,pminervi,r,08/19/2026,06:14:30,eddie@node1r16.ecdf.ed.ac.uk,1,7603
57582772,0.00920,lw_b11_24h,pminervi,r,08/19/2026,06:14:45,eddie@node1l26.ecdf.ed.ac.uk,1,7604
57582772,0.00920,lw_b11_24h,pminervi,r,08/19/2026,06:14:45,eddie@node1r16.ecdf.ed.ac.uk,1,7605
57582772,0.00920,lw_b11_24h,pminervi,r,08/19/2026,06:16:15,eddie@node1h22.ecdf.ed.ac.uk,1,7616
57582772,0.00920,lw_b11_24h,pminervi,r,08/19/2026,06:16:15,eddie@node1h22.ecdf.ed.ac.uk,1,7617
57582772,0.00920,lw_b11_24h,pminervi,r,08/19/2026,06:17:00,eddie@node1h22.ecdf.ed.ac.uk,1,7626
57582772,0.00920,lw_b11_24h,pminervi,r,08/19/2026,06:17:00,eddie@node1h22.ecdf.ed.ac.uk,1,7627
57582772,0.00920,lw_b11_24h,pminervi,r,08/19/2026,06:17:30,eddie@node1l21.ecdf.ed.ac.uk,1,7631
57582772,0.00920,lw_b11_24h,pminervi,r,08/19/2026,06:18:15,eddie@node1h22.ecdf.ed.ac.uk,1,7636
57582772,0.00920,lw_b11_24h,pminervi,r,08/19/2026,06:15:00,eddie@node1l26.ecdf.ed.ac.uk,1,7606
57582772,0.00920,lw_b11_24h,pminervi,r,08/19/2026,06:13:00,eddie@node1r15.ecdf.ed.ac.uk,1,7581
57582772,0.00920,lw_b11_24h,pminervi,r,08/19/2026,06:13:00,eddie@node1r15.ecdf.ed.ac.uk,1,7582
57582772,0.00920,lw_b11_24h,pminervi,r,08/19/2026,06:13:00,eddie@node1r15.ecdf.ed.ac.uk,1,7583
57582772,0.00920,lw_b11_24h,pminervi,r,08/19/2026,06:13:00,eddie@node1l21.ecdf.ed.ac.uk,1,7584
57582772,0.00920,lw_b11_24h,pminervi,r,08/19/2026,06:13:00,eddie@node1r15.ecdf.ed.ac.uk,1,7585
57582772,0.00920,lw_b11_24h,pminervi,r,08/19/2026,06:13:00,eddie@node1l21.ecdf.ed.ac.uk,1,7586
57582772,0.00920,lw_b11_24h,pminervi,r,08/19/2026,06:12:00,eddie@node1i03.ecdf.ed.ac.uk,1,7570
57582772,0.00920,lw_b11_24h,pminervi,r,08/19/2026,06:12:00,eddie@node1f12.ecdf.ed.ac.uk,1,7571
57582772,0.00920,lw_b11_24h,pminervi,r,08/19/2026,06:12:00,eddie@node1f08.ecdf.ed.ac.uk,1,7572
57582772,0.00920,lw_b11_24h,pminervi,r,08/19/2026,06:12:00,eddie@node1i06.ecdf.ed.ac.uk,1,7573
57582772,0.00920,lw_b11_24h,pminervi,r,08/19/2026,06:12:00,eddie@node1r15.ecdf.ed.ac.uk,1,7574
57582772,0.00920,lw_b11_24h,pminervi,r,08/19/2026,06:14:00,eddie@node1l21.ecdf.ed.ac.uk,1,7592
57582772,0.00920,lw_b11_24h,pminervi,r,08/19/2026,06:14:00,eddie@node1o04.ecdf.ed.ac.uk,1,7593
57582772,0.00920,lw_b11_24h,pminervi,r,08/19/2026,06:14:00,eddie@node1o04.ecdf.ed.ac.uk,1,7594
57582772,0.00920,lw_b11_24h,pminervi,r,08/19/2026,06:14:00,eddie@node1o04.ecdf.ed.ac.uk,1,7595
57582772,0.00920,lw_b11_24h,pminervi,r,08/19/2026,06:14:00,eddie@node1r14.ecdf.ed.ac.uk,1,7596
57582772,0.00920,lw_b11_24h,pminervi,r,08/19/2026,06:14:15,eddie@node1o04.ecdf.ed.ac.uk,1,7597
57582772,0.00920,lw_b11_24h,pminervi,r,08/19/2026,06:14:15,eddie@node1o04.ecdf.ed.ac.uk,1,7598
57582772,0.00920,lw_b11_24h,pminervi,r,08/19/2026,06:14:15,eddie@node1o05.ecdf.ed.ac.uk,1,7599
57582772,0.00920,lw_b11_24h,pminervi,r,08/19/2026,06:14:15,eddie@node1o05.ecdf.ed.ac.uk,1,7600
57582772,0.00920,lw_b11_24h,pminervi,r,08/19/2026,06:14:15,eddie@node1o05.ecdf.ed.ac.uk,1,7601
57582772,0.00920,lw_b11_24h,pminervi,r,08/19/2026,06:11:30,eddie@node1i14.ecdf.ed.ac.uk,1,7565
57582772,0.00920,lw_b11_24h,pminervi,r,08/19/2026,06:11:30,eddie@node1i03.ecdf.ed.ac.uk,1,7566
57582772,0.00920,lw_b11_24h,pminervi,r,08/19/2026,06:11:30,eddie@node1f09.ecdf.ed.ac.uk,1,7567
57582772,0.00920,lw_b11_24h,pminervi,r,08/19/2026,06:11:30,eddie@node1f08.ecdf.ed.ac.uk,1,7568
57582772,0.00920,lw_b11_24h,pminervi,r,08/19/2026,06:10:15,eddie@node1f13.ecdf.ed.ac.uk,1,7559
57582772,0.00920,lw_b11_24h,pminervi,r,08/19/2026,06:10:15,eddie@node1f12.ecdf.ed.ac.uk,1,7560
57582772,0.00920,lw_b11_24h,pminervi,r,08/19/2026,06:10:15,eddie@node1i03.ecdf.ed.ac.uk,1,7561
57582772,0.00920,lw_b11_24h,pminervi,r,08/19/2026,06:12:45,eddie@node1f10.ecdf.ed.ac.uk,1,7578
57582772,0.00920,lw_b11_24h,pminervi,r,08/19/2026,06:12:45,eddie@node1r15.ecdf.ed.ac.uk,1,7579
57582772,0.00920,lw_b11_24h,pminervi,r,08/19/2026,06:12:45,eddie@node1r15.ecdf.ed.ac.uk,1,7580
57582772,0.00920,lw_b11_24h,pminervi,r,08/19/2026,06:13:30,eddie@node1l21.ecdf.ed.ac.uk,1,7587
57582772,0.00920,lw_b11_24h,pminervi,r,08/19/2026,06:13:30,eddie@node1r15.ecdf.ed.ac.uk,1,7588
57582772,0.00920,lw_b11_24h,pminervi,r,08/19/2026,06:13:30,eddie@node1l21.ecdf.ed.ac.uk,1,7589
57582772,0.00920,lw_b11_24h,pminervi,r,08/19/2026,06:10:30,eddie@node1i07.ecdf.ed.ac.uk,1,7562
57582772,0.00920,lw_b11_24h,pminervi,r,08/19/2026,06:10:30,eddie@node1i13.ecdf.ed.ac.uk,1,7563
57582772,0.00920,lw_b11_24h,pminervi,r,08/19/2026,06:12:30,eddie@node1f12.ecdf.ed.ac.uk,1,7576
57582772,0.00920,lw_b11_24h,pminervi,r,08/19/2026,06:12:30,eddie@node1f12.ecdf.ed.ac.uk,1,7577
57582772,0.00920,lw_b11_24h,pminervi,r,08/19/2026,06:13:45,eddie@node1r15.ecdf.ed.ac.uk,1,7590
57582772,0.00920,lw_b11_24h,pminervi,r,08/19/2026,06:13:45,eddie@node1l21.ecdf.ed.ac.uk,1,7591
57582772,0.00920,lw_b11_24h,pminervi,r,08/19/2026,06:10:00,eddie@node1f09.ecdf.ed.ac.uk,1,7558
57582772,0.00920,lw_b11_24h,pminervi,r,08/19/2026,06:11:15,eddie@node1f08.ecdf.ed.ac.uk,1,7564
57582772,0.00920,lw_b11_24h,pminervi,r,08/19/2026,06:11:45,eddie@node1i14.ecdf.ed.ac.uk,1,7569
57582772,0.00920,lw_b11_24h,pminervi,r,08/19/2026,06:12:15,eddie@node1n07.ecdf.ed.ac.uk,1,7575
57582772,0.00920,lw_b11_24h,pminervi,r,08/19/2026,06:08:45,eddie@node1f07.ecdf.ed.ac.uk,1,7552
57582772,0.00920,lw_b11_24h,pminervi,r,08/19/2026,06:08:45,eddie@node1i16.ecdf.ed.ac.uk,1,7553
57582772,0.00920,lw_b11_24h,pminervi,r,08/19/2026,06:09:30,eddie@node1i14.ecdf.ed.ac.uk,1,7556
57582772,0.00920,lw_b11_24h,pminervi,r,08/19/2026,06:09:30,eddie@node1i03.ecdf.ed.ac.uk,1,7557
57582772,0.00920,lw_b11_24h,pminervi,r,08/19/2026,06:09:00,eddie@node1f16.ecdf.ed.ac.uk,1,7554
57582772,0.00920,lw_b11_24h,pminervi,r,08/19/2026,06:09:15,eddie@node1i02.ecdf.ed.ac.uk,1,7555
57582772,0.00920,lw_b11_24h,pminervi,r,08/19/2026,06:08:15,eddie@node1i14.ecdf.ed.ac.uk,1,7551
57723050,0.00920,QLOGIN,abrether,r,08/19/2026,10:43:12,gpu@node1o15.ecdf.ed.ac.uk,10
57582772,0.00920,lw_b11_24h,pminervi,r,08/19/2026,06:07:45,eddie@node1f09.ecdf.ed.ac.uk,1,7545
57582772,0.00920,lw_b11_24h,pminervi,r,08/19/2026,06:07:45,eddie@node1f11.ecdf.ed.ac.uk,1,7546
57582772,0.00920,lw_b11_24h,pminervi,r,08/19/2026,06:07:45,eddie@node1i15.ecdf.ed.ac.uk,1,7547
57582772,0.00920,lw_b11_24h,pminervi,r,08/19/2026,06:07:45,eddie@node1i07.ecdf.ed.ac.uk,1,7548
57582772,0.00920,lw_b11_24h,pminervi,r,08/19/2026,06:07:45,eddie@node1i03.ecdf.ed.ac.uk,1,7549
57582772,0.00920,lw_b11_24h,pminervi,r,08/19/2026,06:07:45,eddie@node1f10.ecdf.ed.ac.uk,1,7550
57582772,0.00920,lw_b11_24h,pminervi,r,08/19/2026,06:07:15,eddie@node1i16.ecdf.ed.ac.uk,1,7541
57582772,0.00920,lw_b11_24h,pminervi,r,08/19/2026,06:07:15,eddie@node1i14.ecdf.ed.ac.uk,1,7542
57582772,0.00920,lw_b11_24h,pminervi,r,08/19/2026,06:06:30,eddie@node1f09.ecdf.ed.ac.uk,1,7537
57582772,0.00920,lw_b11_24h,pminervi,r,08/19/2026,06:06:30,eddie@node1i14.ecdf.ed.ac.uk,1,7538
57582772,0.00920,lw_b11_24h,pminervi,r,08/19/2026,06:07:00,eddie@node1f12.ecdf.ed.ac.uk,1,7539
57582772,0.00920,lw_b11_24h,pminervi,r,08/19/2026,06:07:00,eddie@node1i07.ecdf.ed.ac.uk,1,7540
57582772,0.00920,lw_b11_24h,pminervi,r,08/19/2026,06:07:30,eddie@node1i13.ecdf.ed.ac.uk,1,7543
57582772,0.00920,lw_b11_24h,pminervi,r,08/19/2026,06:07:30,eddie@node1f13.ecdf.ed.ac.uk,1,7544
57582772,0.00920,lw_b11_24h,pminervi,r,08/19/2026,06:05:00,eddie@node1i16.ecdf.ed.ac.uk,1,7525
57582772,0.00920,lw_b11_24h,pminervi,r,08/19/2026,06:05:00,eddie@node1f12.ecdf.ed.ac.uk,1,7526
57582772,0.00920,lw_b11_24h,pminervi,r,08/19/2026,06:05:00,eddie@node1f13.ecdf.ed.ac.uk,1,7527
57582772,0.00920,lw_b11_24h,pminervi,r,08/19/2026,06:05:00,eddie@node1i13.ecdf.ed.ac.uk,1,7528
57582772,0.00920,lw_b11_24h,pminervi,r,08/19/2026,06:05:30,eddie@node1f15.ecdf.ed.ac.uk,1,7530
57582772,0.00920,lw_b11_24h,pminervi,r,08/19/2026,06:05:30,eddie@node1f09.ecdf.ed.ac.uk,1,7531
57582772,0.00920,lw_b11_24h,pminervi,r,08/19/2026,06:05:30,eddie@node1f10.ecdf.ed.ac.uk,1,7532
57582772,0.00920,lw_b11_24h,pminervi,r,08/19/2026,06:05:30,eddie@node1i07.ecdf.ed.ac.uk,1,7533
57582772,0.00920,lw_b11_24h,pminervi,r,08/19/2026,06:04:30,eddie@node1f11.ecdf.ed.ac.uk,1,7522
57582772,0.00920,lw_b11_24h,pminervi,r,08/19/2026,06:04:30,eddie@node1i02.ecdf.ed.ac.uk,1,7523
57582772,0.00920,lw_b11_24h,pminervi,r,08/19/2026,06:06:15,eddie@node1i14.ecdf.ed.ac.uk,1,7535
57582772,0.00920,lw_b11_24h,pminervi,r,08/19/2026,06:06:15,eddie@node1f07.ecdf.ed.ac.uk,1,7536
57582772,0.00920,lw_b11_24h,pminervi,r,08/19/2026,06:04:45,eddie@node1f09.ecdf.ed.ac.uk,1,7524
57582772,0.00920,lw_b11_24h,pminervi,r,08/19/2026,06:05:15,eddie@node1i15.ecdf.ed.ac.uk,1,7529
57582772,0.00920,lw_b11_24h,pminervi,r,08/19/2026,06:06:00,eddie@node1i03.ecdf.ed.ac.uk,1,7534
57582772,0.00919,lw_b11_24h,pminervi,r,08/19/2026,06:01:43,eddie@node1f11.ecdf.ed.ac.uk,1,7503
57582772,0.00919,lw_b11_24h,pminervi,r,08/19/2026,06:01:43,eddie@node1f13.ecdf.ed.ac.uk,1,7504
57582772,0.00919,lw_b11_24h,pminervi,r,08/19/2026,06:01:43,eddie@node1i15.ecdf.ed.ac.uk,1,7505
57582772,0.00919,lw_b11_24h,pminervi,r,08/19/2026,06:02:13,eddie@node1i16.ecdf.ed.ac.uk,1,7507
57582772,0.00919,lw_b11_24h,pminervi,r,08/19/2026,06:02:13,eddie@node1i03.ecdf.ed.ac.uk,1,7508
57582772,0.00919,lw_b11_24h,pminervi,r,08/19/2026,06:02:13,eddie@node1i07.ecdf.ed.ac.uk,1,7509
57582772,0.00919,lw_b11_24h,pminervi,r,08/19/2026,06:02:43,eddie@node1i16.ecdf.ed.ac.uk,1,7511
57582772,0.00919,lw_b11_24h,pminervi,r,08/19/2026,06:02:43,eddie@node1f10.ecdf.ed.ac.uk,1,7512
57582772,0.00919,lw_b11_24h,pminervi,r,08/19/2026,06:02:43,eddie@node1f09.ecdf.ed.ac.uk,1,7513
57582772,0.00919,lw_b11_24h,pminervi,r,08/19/2026,06:01:28,eddie@node1i07.ecdf.ed.ac.uk,1,7500
57582772,0.00919,lw_b11_24h,pminervi,r,08/19/2026,06:01:28,eddie@node1f09.ecdf.ed.ac.uk,1,7501
57582772,0.00919,lw_b11_24h,pminervi,r,08/19/2026,06:01:28,eddie@node1f07.ecdf.ed.ac.uk,1,7502
57582772,0.00919,lw_b11_24h,pminervi,r,08/19/2026,06:01:58,eddie@node1f10.ecdf.ed.ac.uk,1,7506
57582772,0.00919,lw_b11_24h,pminervi,r,08/19/2026,06:02:28,eddie@node1i02.ecdf.ed.ac.uk,1,7510
57582772,0.00919,lw_b11_24h,pminervi,r,08/19/2026,06:02:58,eddie@node1f12.ecdf.ed.ac.uk,1,7514
57582772,0.00919,lw_b11_24h,pminervi,r,08/19/2026,06:03:13,eddie@node1f11.ecdf.ed.ac.uk,1,7515
57582772,0.00919,lw_b11_24h,pminervi,r,08/19/2026,06:04:15,eddie@node1i13.ecdf.ed.ac.uk,1,7518
57582772,0.00919,lw_b11_24h,pminervi,r,08/19/2026,06:04:15,eddie@node1i03.ecdf.ed.ac.uk,1,7519
57582772,0.00919,lw_b11_24h,pminervi,r,08/19/2026,06:04:15,eddie@node1i07.ecdf.ed.ac.uk,1,7520
57582772,0.00919,lw_b11_24h,pminervi,r,08/19/2026,06:04:15,eddie@node1f07.ecdf.ed.ac.uk,1,7521
57582772,0.00919,lw_b11_24h,pminervi,r,08/19/2026,05:56:43,eddie@node1i02.ecdf.ed.ac.uk,1,7474
57582772,0.00919,lw_b11_24h,pminervi,r,08/19/2026,05:56:43,eddie@node1f11.ecdf.ed.ac.uk,1,7475
57582772,0.00919,lw_b11_24h,pminervi,r,08/19/2026,05:56:43,eddie@node1f13.ecdf.ed.ac.uk,1,7476
57582772,0.00919,lw_b11_24h,pminervi,r,08/19/2026,05:56:43,eddie@node1f10.ecdf.ed.ac.uk,1,7477
57582772,0.00919,lw_b11_24h,pminervi,r,08/19/2026,05:56:28,eddie@node1i02.ecdf.ed.ac.uk,1,7471
57582772,0.00919,lw_b11_24h,pminervi,r,08/19/2026,05:56:28,eddie@node1i02.ecdf.ed.ac.uk,1,7472
57582772,0.00919,lw_b11_24h,pminervi,r,08/19/2026,05:56:28,eddie@node1f11.ecdf.ed.ac.uk,1,7473
57582772,0.00919,lw_b11_24h,pminervi,r,08/19/2026,06:00:13,eddie@node1f11.ecdf.ed.ac.uk,1,7493
57582772,0.00919,lw_b11_24h,pminervi,r,08/19/2026,06:00:13,eddie@node1i15.ecdf.ed.ac.uk,1,7494
57582772,0.00919,lw_b11_24h,pminervi,r,08/19/2026,06:00:13,eddie@node1f10.ecdf.ed.ac.uk,1,7495
57582772,0.00919,lw_b11_24h,pminervi,r,08/19/2026,05:56:58,eddie@node1i02.ecdf.ed.ac.uk,1,7478
57582772,0.00919,lw_b11_24h,pminervi,r,08/19/2026,05:56:58,eddie@node1f11.ecdf.ed.ac.uk,1,7479
57582772,0.00919,lw_b11_24h,pminervi,r,08/19/2026,05:56:58,eddie@node1i15.ecdf.ed.ac.uk,1,7480
57582772,0.00919,lw_b11_24h,pminervi,r,08/19/2026,05:59:58,eddie@node1f13.ecdf.ed.ac.uk,1,7491
57582772,0.00919,lw_b11_24h,pminervi,r,08/19/2026,05:59:58,eddie@node1f07.ecdf.ed.ac.uk,1,7492
57582772,0.00919,lw_b11_24h,pminervi,r,08/19/2026,05:57:43,eddie@node1f13.ecdf.ed.ac.uk,1,7482
57582772,0.00919,lw_b11_24h,pminervi,r,08/19/2026,05:57:43,eddie@node1f11.ecdf.ed.ac.uk,1,7483
57582772,0.00919,lw_b11_24h,pminervi,r,08/19/2026,05:59:28,eddie@node1f07.ecdf.ed.ac.uk,1,7489
57582772,0.00919,lw_b11_24h,pminervi,r,08/19/2026,05:59:28,eddie@node1i03.ecdf.ed.ac.uk,1,7490
57582772,0.00919,lw_b11_24h,pminervi,r,08/19/2026,06:01:13,eddie@node1f06.ecdf.ed.ac.uk,1,7498
57582772,0.00919,lw_b11_24h,pminervi,r,08/19/2026,06:01:13,eddie@node1i02.ecdf.ed.ac.uk,1,7499
57582772,0.00919,lw_b11_24h,pminervi,r,08/19/2026,06:03:45,eddie@node1f13.ecdf.ed.ac.uk,1,7516
57582772,0.00919,lw_b11_24h,pminervi,r,08/19/2026,06:03:45,eddie@node1i15.ecdf.ed.ac.uk,1,7517
57582772,0.00919,lw_b11_24h,pminervi,r,08/19/2026,05:58:28,eddie@node1f10.ecdf.ed.ac.uk,1,7486
57582772,0.00919,lw_b11_24h,pminervi,r,08/19/2026,05:58:28,eddie@node1f11.ecdf.ed.ac.uk,1,7487
57582772,0.00919,lw_b11_24h,pminervi,r,08/19/2026,06:00:28,eddie@node1i03.ecdf.ed.ac.uk,1,7496
57582772,0.00919,lw_b11_24h,pminervi,r,08/19/2026,05:54:58,eddie@node1f15.ecdf.ed.ac.uk,1,7468
57582772,0.00919,lw_b11_24h,pminervi,r,08/19/2026,05:55:28,eddie@node1f16.ecdf.ed.ac.uk,1,7470
57582772,0.00919,lw_b11_24h,pminervi,r,08/19/2026,05:58:13,eddie@node1i15.ecdf.ed.ac.uk,1,7485
57582772,0.00919,lw_b11_24h,pminervi,r,08/19/2026,06:00:43,eddie@node1f13.ecdf.ed.ac.uk,1,7497
57582772,0.00919,lw_b11_24h,pminervi,r,08/19/2026,05:55:13,eddie@node1f15.ecdf.ed.ac.uk,1,7469
57582772,0.00919,lw_b11_24h,pminervi,r,08/19/2026,05:57:28,eddie@node1f10.ecdf.ed.ac.uk,1,7481
57582772,0.00919,lw_b11_24h,pminervi,r,08/19/2026,05:57:58,eddie@node1i02.ecdf.ed.ac.uk,1,7484
57582772,0.00919,lw_b11_24h,pminervi,r,08/19/2026,05:59:13,eddie@node1f13.ecdf.ed.ac.uk,1,7488
57722961,0.00916,QLOGIN,s2767533,r,08/19/2026,10:08:05,eddie@node1j14.ecdf.ed.ac.uk,1
57723049,0.00892,QLOGIN,aahmad3,r,08/19/2026,10:42:22,eddie@node1j14.ecdf.ed.ac.uk,1
57723033,0.00884,QLOGIN,kelshak,r,08/19/2026,10:31:42,igmm_long@node1h02.ecdf.ed.ac.,1
57660904,0.00883,snakemake,rroehe,r,08/18/2026,05:12:25,eddie@node1s20.ecdf.ed.ac.uk,8,3
57723036,0.00876,QLOGIN,jdibble,r,08/19/2026,10:33:28,igmm_long@node1h02.ecdf.ed.ac.,1
57723429,0.00861,of_28229_3,wdewulf,r,08/19/2026,10:46:42,eddie@node1h14.ecdf.ed.ac.uk,1,1
57725245,0.00861,QLOGIN,s1708075,r,08/19/2026,11:01:34,staging@node1f14.ecdf.ed.ac.uk,1
57725931,0.00861,QLOGIN,dtaylo17,r,08/19/2026,11:10:44,eddie@node1j14.ecdf.ed.ac.uk,1
57725667,0.00860,QLOGIN,gkudla1,r,08/19/2026,11:08:30,igmm_long@node1h02.ecdf.ed.ac.,1
57725729,0.00854,QLOGIN,s1896224,r,08/19/2026,11:08:58,igmm_long@node1h02.ecdf.ed.ac.,1
57725950,0.00854,QLOGIN,s2714757,r,08/19/2026,11:10:51,eddie@node1j14.ecdf.ed.ac.uk,1
57722787,0.00840,pggb_testC,tregan,r,08/19/2026,09:13:54,eddie@node1h07.ecdf.ed.ac.uk,16
57722654,0.00825,maf_calcul,s2267086,r,08/19/2026,08:20:22,eddie@node1r20.ecdf.ed.ac.uk,8
57660904,0.00820,snakemake,rroehe,r,08/18/2026,15:11:51,eddie@node1m15.ecdf.ed.ac.uk,8,4
57722661,0.00817,nf-runDora,hdunnda,r,08/19/2026,08:28:52,gpu@node1q09.ecdf.ed.ac.uk,4
57722545,0.00797,autoep_can,mharvey2,r,08/19/2026,07:30:12,gpu@node1o15.ecdf.ed.ac.uk,1,1
57722588,0.00789,QLOGIN,s2746072,r,08/19/2026,07:55:51,eddie@node1j14.ecdf.ed.ac.uk,1
57663389,0.00779,miniseed_c,lzhu4,r,08/18/2026,20:55:32,eddie@node1s15.ecdf.ed.ac.uk,32
57722834,0.00777,NBE_4kappa,jricha3,r,08/19/2026,09:37:34,gpu@node1o17.ecdf.ed.ac.uk,4
57722767,0.00773,QLOGIN,coke,r,08/19/2026,09:04:25,eddie@node1j14.ecdf.ed.ac.uk,1
57722832,0.00765,QLOGIN,jthoms24,r,08/19/2026,09:36:35,eddie@node1j14.ecdf.ed.ac.uk,1
57582775,0.00765,lw_b11_24h,pminervi,r,08/17/2026,14:48:05,eddie@node1k17.ecdf.ed.ac.uk,1,486
57582775,0.00765,lw_b11_24h,pminervi,r,08/17/2026,14:48:35,eddie@node1k03.ecdf.ed.ac.uk,1,487
57582775,0.00765,lw_b11_24h,pminervi,r,08/17/2026,14:46:35,eddie@node1f08.ecdf.ed.ac.uk,1,484
57582775,0.00765,lw_b11_24h,pminervi,r,08/17/2026,14:48:50,eddie@node1f11.ecdf.ed.ac.uk,1,488
57582775,0.00765,lw_b11_24h,pminervi,r,08/17/2026,14:45:05,eddie@node1j11.ecdf.ed.ac.uk,1,482
57582775,0.00765,lw_b11_24h,pminervi,r,08/17/2026,14:43:48,eddie@node1l01.ecdf.ed.ac.uk,1,479
57582775,0.00765,lw_b11_24h,pminervi,r,08/17/2026,14:44:03,eddie@node1m07.ecdf.ed.ac.uk,1,480
57582770,0.00764,lw_b11_24h,pminervi,r,08/17/2026,14:36:43,eddie@node1r09.ecdf.ed.ac.uk,1,9990
57582770,0.00764,lw_b11_24h,pminervi,r,08/17/2026,14:36:27,eddie@node1k15.ecdf.ed.ac.uk,1,9988
57582770,0.00764,lw_b11_24h,pminervi,r,08/17/2026,14:24:58,eddie@node1r09.ecdf.ed.ac.uk,1,9966
57582775,0.00763,lw_b11_24h,pminervi,r,08/17/2026,14:18:00,eddie@node1n12.ecdf.ed.ac.uk,1,478
57582770,0.00763,lw_b11_24h,pminervi,r,08/17/2026,14:13:03,eddie@node1k15.ecdf.ed.ac.uk,1,9948
57582775,0.00762,lw_b11_24h,pminervi,r,08/17/2026,14:07:33,eddie@node1k13.ecdf.ed.ac.uk,1,477
57582770,0.00761,lw_b11_24h,pminervi,r,08/17/2026,13:49:52,eddie@node1k15.ecdf.ed.ac.uk,1,9916
57582770,0.00761,lw_b11_24h,pminervi,r,08/17/2026,13:43:53,eddie@node1n09.ecdf.ed.ac.uk,1,9911
57582770,0.00758,lw_b11_24h,pminervi,r,08/17/2026,12:51:58,eddie@node1n10.ecdf.ed.ac.uk,1,9847
57582770,0.00758,lw_b11_24h,pminervi,r,08/17/2026,12:52:43,eddie@node1j12.ecdf.ed.ac.uk,1,9848
57582770,0.00757,lw_b11_24h,pminervi,r,08/17/2026,12:39:58,eddie@node1k18.ecdf.ed.ac.uk,1,9832
57582775,0.00756,lw_b11_24h,pminervi,r,08/17/2026,12:31:47,eddie@node1k13.ecdf.ed.ac.uk,1,475
57582770,0.00755,lw_b11_24h,pminervi,r,08/17/2026,12:22:17,eddie@node1n09.ecdf.ed.ac.uk,1,9804
57582775,0.00755,lw_b11_24h,pminervi,r,08/17/2026,12:16:15,eddie@node1k13.ecdf.ed.ac.uk,1,474
57582770,0.00752,lw_b11_24h,pminervi,r,08/17/2026,11:34:13,eddie@node1k18.ecdf.ed.ac.uk,1,9736
57710318,0.00740,bindcraft_,s2455959,r,08/18/2026,16:08:05,gpu@node1r02.ecdf.ed.ac.uk,4
57710703,0.00739,QLOGIN,s2113174,r,08/18/2026,16:47:47,eddie@node1j15.ecdf.ed.ac.uk,1
57626787,0.00715,Ti4O8-C12-,s1829244,r,08/17/2026,21:08:12,eddie@node1n11.ecdf.ed.ac.uk,2
57626796,0.00689,Ti4O8-C12-,s1829244,r,08/18/2026,04:54:10,eddie@node1k13.ecdf.ed.ac.uk,2
57704787,0.00688,QLOGIN,dzhiguno,r,08/17/2026,18:26:42,eddie@node1j15.ecdf.ed.ac.uk,32
57660904,0.00682,snakemake,rroehe,r,08/18/2026,15:11:51,eddie@node1s20.ecdf.ed.ac.uk,8,5
57663390,0.00673,miniseed_c,lzhu4,r,08/18/2026,20:57:17,eddie@node1s16.ecdf.ed.ac.uk,32
57720638,0.00669,SortMeRNA,s2556897,r,08/18/2026,21:38:27,igmm_long@node1a02.ecdf.ed.ac.,8,21
57626814,0.00666,Ti4O8-C12-,s1829244,r,08/18/2026,05:39:55,eddie@node1k13.ecdf.ed.ac.uk,2
57626819,0.00654,Ti4O8-C12-,s1829244,r,08/18/2026,07:53:17,eddie@node1k18.ecdf.ed.ac.uk,2
57720768,0.00652,DuckJoint,v1nayele,r,08/18/2026,22:04:27,eddie@node1f16.ecdf.ed.ac.uk,1,1
57663391,0.00620,miniseed_c,lzhu4,r,08/18/2026,20:57:32,eddie@node1j26.ecdf.ed.ac.uk,32
57660904,0.00613,snakemake,rroehe,r,08/18/2026,15:11:51,eddie@node1r09.ecdf.ed.ac.uk,8,6
57653359,0.00610,sftp_downl,alopezc3,r,08/14/2026,10:36:22,eddie@node1k15.ecdf.ed.ac.uk,1
57701777,0.00600,QLOGIN,dlarson,r,08/17/2026,13:37:34,staging@node1f17.ecdf.ed.ac.uk,1
57700086,0.00578,jCC1132,s1951420,r,08/18/2026,20:58:18,eddie@node1r17.ecdf.ed.ac.uk,32
57660904,0.00574,snakemake,rroehe,r,08/18/2026,15:12:03,eddie@node1o07.ecdf.ed.ac.uk,8,7
57707481,0.00559,QLOGIN,s2309496,r,08/18/2026,12:02:03,eddie@node1j14.ecdf.ed.ac.uk,8
57660904,0.00546,snakemake,rroehe,r,08/18/2026,15:12:04,eddie@node1h21.ecdf.ed.ac.uk,8,8
57722434,0.00544,QLOGIN,cmullen2,r,08/19/2026,06:03:15,eddie@node1j14.ecdf.ed.ac.uk,4
57660904,0.00526,snakemake,rroehe,r,08/18/2026,15:12:04,eddie@node1r20.ecdf.ed.ac.uk,8,9
57381920,0.00525,QLOGIN,crobert,r,08/03/2026,11:33:36,eddie@node1i24.ecdf.ed.ac.uk,1
57704538,0.00513,power_rsc_,ajonausk,r,08/17/2026,17:02:23,eddie@node1o03.ecdf.ed.ac.uk,1
57660904,0.00511,snakemake,rroehe,r,08/18/2026,15:12:04,eddie@node1s19.ecdf.ed.ac.uk,8,10
57722973,0.00510,STAR_mappi,s1913073,r,08/19/2026,10:11:25,eddie@node1s18.ecdf.ed.ac.uk,16
57722906,0.00500,eval_q98,s1687781,r,08/19/2026,09:55:12,gpu@node1g05.ecdf.ed.ac.uk,5,2
57653208,0.00493,Ti4O8-C12-,s1829244,r,08/18/2026,09:08:29,eddie@node1n07.ecdf.ed.ac.uk,2
57706906,0.00492,nf-NFCORE_,lglendin,r,08/18/2026,20:18:27,eddie@node1l23.ecdf.ed.ac.uk,16
57656292,0.00491,S0_20_vf_5,adixon3,r,08/18/2026,17:13:24,gpu@node1p05.ecdf.ed.ac.uk,1
57660905,0.00487,snakemake,rroehe,r,08/18/2026,22:58:39,eddie@node1s10.ecdf.ed.ac.uk,8,11
57723283,0.00483,gssn16,s1833252,r,08/19/2026,10:46:12,eddie@node1h13.ecdf.ed.ac.uk,14
57656253,0.00481,S0_40_vf_5,adixon3,r,08/18/2026,17:04:19,gpu@node1o17.ecdf.ed.ac.uk,1
57722925,0.00479,nf-NFCORE_,s1744040,r,08/19/2026,10:00:44,eddie@node1f06.ecdf.ed.ac.uk,2
57656304,0.00475,S0_20_vf_5,adixon3,r,08/18/2026,17:17:25,gpu@node1r03.ecdf.ed.ac.uk,1
57656283,0.00475,S0_20_vf_5,adixon3,r,08/18/2026,17:10:09,gpu@node1s05.ecdf.ed.ac.uk,1
57656282,0.00475,S0_20_vf_5,adixon3,r,08/18/2026,17:09:54,gpu@node1r02.ecdf.ed.ac.uk,1
57656284,0.00475,S0_20_vf_5,adixon3,r,08/18/2026,17:10:39,gpu@node1r02.ecdf.ed.ac.uk,1
57656252,0.00474,S0_40_vf_5,adixon3,r,08/18/2026,17:03:49,gpu@node1p07.ecdf.ed.ac.uk,1
57656314,0.00474,S0_20_vf_5,adixon3,r,08/18/2026,17:22:16,gpu@node1r02.ecdf.ed.ac.uk,1
57656313,0.00474,S0_20_vf_5,adixon3,r,08/18/2026,17:21:46,gpu@node1o17.ecdf.ed.ac.uk,1
57656312,0.00474,S0_20_vf_5,adixon3,r,08/18/2026,17:21:16,gpu@node1s05.ecdf.ed.ac.uk,1
57709682,0.00470,g16a_kenp_,s2678360,r,08/18/2026,15:52:44,eddie@node1o12.ecdf.ed.ac.uk,8
57722998,0.00466,SortMeRNA,s2556897,r,08/19/2026,10:20:35,igmm_long@node1h01.ecdf.ed.ac.,8,45
57656333,0.00465,S0_20_vf_5,adixon3,r,08/18/2026,17:52:18,gpu@node1s05.ecdf.ed.ac.uk,1
57656224,0.00460,S0_40_vf_5,adixon3,r,08/18/2026,16:56:35,gpu@node1s05.ecdf.ed.ac.uk,1
57722940,0.00458,QLOGIN,fturner,r,08/19/2026,10:05:33,eddie@node1j14.ecdf.ed.ac.uk,1
57722991,0.00458,sp-PhNMe2-,mingleso,r,08/19/2026,10:15:50,eddie@node1o12.ecdf.ed.ac.uk,4
57722788,0.00450,pggb_testD,tregan,r,08/19/2026,09:14:09,eddie@node1h12.ecdf.ed.ac.uk,16
57725371,0.00447,rnaseq_all,coke,r,08/19/2026,11:10:02,eddie@node1m06.ecdf.ed.ac.uk,4
57704779,0.00441,jCC116,s1951420,r,08/18/2026,20:58:18,eddie@node1h06.ecdf.ed.ac.uk,32
57724777,0.00438,QLOGIN,nfeeley,r,08/19/2026,10:53:40,staging@node1f14.ecdf.ed.ac.uk,1
57723429,0.00431,of_28229_3,wdewulf,r,08/19/2026,10:46:42,eddie@node1o09.ecdf.ed.ac.uk,1,2
57725739,0.00427,QLOGIN,s1896224,r,08/19/2026,11:09:03,igmm_long@node1h02.ecdf.ed.ac.,1
57708232,0.00414,pcb_T1-3,wwong3,r,08/18/2026,13:51:59,gpu@node1q07.ecdf.ed.ac.uk,16
57722824,0.00411,humann4,npeker,r,08/19/2026,09:35:12,eddie@node1q13.ecdf.ed.ac.uk,8,1
57704790,0.00404,QLOGIN,dzhiguno,r,08/17/2026,18:28:29,eddie@node1j24.ecdf.ed.ac.uk,32
57722545,0.00399,autoep_can,mharvey2,r,08/19/2026,07:30:12,gpu@node1o15.ecdf.ed.ac.uk,1,5
57722873,0.00396,QLOGIN,s2309496,r,08/19/2026,09:50:03,eddie@node1j14.ecdf.ed.ac.uk,8
57722835,0.00394,NBE_4kappa,jricha3,r,08/19/2026,09:37:34,gpu@node1p05.ecdf.ed.ac.uk,4
57716142,0.00393,QLOGIN,s2403385,r,08/18/2026,19:57:17,eddie@node1j15.ecdf.ed.ac.uk,1
57722814,0.00391,QLOGIN,s2744405,r,08/19/2026,09:30:51,eddie@node1j14.ecdf.ed.ac.uk,1
57704785,0.00388,jCC117,s1951420,r,08/18/2026,20:58:18,eddie@node1h14.ecdf.ed.ac.uk,32
57710323,0.00371,bindcraft_,s2455959,r,08/18/2026,16:08:20,gpu@node1r03.ecdf.ed.ac.uk,4
57707385,0.00369,SegA,s2465418,r,08/18/2026,11:34:55,eddie@node1q12.ecdf.ed.ac.uk,1
57686457,0.00365,nf-estimat,akhamseh,r,08/15/2026,14:32:14,igmm_long@node1c07.ecdf.ed.ac.,32
57708796,0.00357,QLOGIN,s2673716,r,08/18/2026,14:23:31,gpu@node1g07.ecdf.ed.ac.uk,4
57722840,0.00346,log_mappin,djutzi,r,08/19/2026,10:00:44,eddie@node1h24.ecdf.ed.ac.uk,8
57385939,0.00344,QLOGIN,crobert,r,08/03/2026,16:37:12,eddie@node1i24.ecdf.ed.ac.uk,1
57722906,0.00339,eval_q98,s1687781,r,08/19/2026,09:55:12,gpu@node1g02.ecdf.ed.ac.uk,5,3
57722909,0.00336,compress2,s2745005,r,08/19/2026,09:56:15,eddie@node1q15.ecdf.ed.ac.uk,5
57722918,0.00331,Pan_3,s2745005,r,08/19/2026,09:59:44,eddie@node1q14.ecdf.ed.ac.uk,24
57662983,0.00328,trax_map_s,s2906787,r,08/15/2026,19:31:02,eddie@node1j13.ecdf.ed.ac.uk,1,2
57722971,0.00328,nf-NFCORE_,s1744040,r,08/19/2026,10:10:55,eddie@node1s15.ecdf.ed.ac.uk,8
57699057,0.00314,oil2d_mass,s2673720,r,08/19/2026,02:00:13,eddie@node1n15.ecdf.ed.ac.uk,20
57699058,0.00304,oil2d_mala,s2673720,r,08/19/2026,02:05:28,eddie@node1i25.ecdf.ed.ac.uk,20
57725227,0.00304,py+pyrazab,mingleso,r,08/19/2026,11:01:02,eddie@node1f16.ecdf.ed.ac.uk,4
57699059,0.00296,oil2d_ssv,s2673720,r,08/19/2026,02:14:28,eddie@node1n13.ecdf.ed.ac.uk,20
57725508,0.00292,Qualimap_d,s2556897,r,08/19/2026,11:07:03,igmm_long@node1h27.ecdf.ed.ac.,1,1
57699060,0.00290,oil3d_ssv,s2673720,r,08/19/2026,02:19:18,eddie@node1n16.ecdf.ed.ac.uk,20
57723429,0.00287,of_28229_3,wdewulf,r,08/19/2026,10:46:42,eddie@node1r05.ecdf.ed.ac.uk,1,3
57725859,0.00287,QLOGIN,mingleso,r,08/19/2026,11:10:08,eddie@node1j14.ecdf.ed.ac.uk,1
57722824,0.00283,humann4,npeker,r,08/19/2026,09:35:12,eddie@node1q03.ecdf.ed.ac.uk,8,2
57699062,0.00281,oil3d_mass,s2673720,r,08/19/2026,02:19:28,eddie@node1k05.ecdf.ed.ac.uk,20
57699061,0.00279,oil3d_mala,s2673720,r,08/19/2026,02:24:43,eddie@node1n14.ecdf.ed.ac.uk,20
57699063,0.00279,oil3d_sv,s2673720,r,08/19/2026,02:23:28,eddie@node1i17.ecdf.ed.ac.uk,20
57707386,0.00277,SegB,s2465418,r,08/18/2026,11:35:10,eddie@node1q15.ecdf.ed.ac.uk,1
57722803,0.00272,s6_25_2025,yhu5,r,08/19/2026,09:26:40,eddie@node1o12.ecdf.ed.ac.uk,4
57722841,0.00267,log_mappin,djutzi,r,08/19/2026,10:00:44,eddie@node1h11.ecdf.ed.ac.uk,8
57702333,0.00262,perm-windo,v1malmar,r,08/19/2026,08:05:05,gpu@node1p06.ecdf.ed.ac.uk,8
57722906,0.00258,eval_q98,s1687781,r,08/19/2026,09:55:12,gpu@node1g05.ecdf.ed.ac.uk,5,4
57702332,0.00258,perm-windo,v1malmar,r,08/19/2026,06:55:45,gpu@node1o01.ecdf.ed.ac.uk,8
57722972,0.00253,nf-NFCORE_,s1744040,r,08/19/2026,10:10:55,eddie@node1s14.ecdf.ed.ac.uk,8
57710324,0.00251,bindcraft_,s2455959,r,08/18/2026,16:08:20,gpu@node1r03.ecdf.ed.ac.uk,4
57705983,0.00241,ce1,gl03pi9,r,08/19/2026,07:03:00,eddie@node1l15.ecdf.ed.ac.uk,8
57695129,0.00237,s5_24_2024,yhu5,r,08/17/2026,18:46:39,eddie@node1k01.ecdf.ed.ac.uk,1
57708242,0.00235,ce1,gs10us1,r,08/18/2026,13:34:43,eddie@node1l16.ecdf.ed.ac.uk,1
57702328,0.00234,perm-windo,v1malmar,r,08/19/2026,05:41:13,gpu@node1p07.ecdf.ed.ac.uk,8
57723044,0.00232,train,s1687781,r,08/19/2026,10:37:52,gpu@node1g06.ecdf.ed.ac.uk,15
57702331,0.00232,perm-windo,v1malmar,r,08/19/2026,06:17:00,gpu@node1o02.ecdf.ed.ac.uk,8
57702330,0.00231,perm-windo,v1malmar,r,08/19/2026,06:02:28,gpu@node1o02.ecdf.ed.ac.uk,8
57702329,0.00230,perm-windo,v1malmar,r,08/19/2026,05:41:13,gpu@node1o01.ecdf.ed.ac.uk,8
57702327,0.00227,perm-windo,v1malmar,r,08/19/2026,05:25:43,gpu@node1o01.ecdf.ed.ac.uk,8
57699435,0.00226,Ti4O8-C12-,s1829244,r,08/18/2026,10:36:27,eddie@node1k19.ecdf.ed.ac.uk,2
57702325,0.00224,perm-windo,v1malmar,r,08/19/2026,04:33:43,gpu@node1q08.ecdf.ed.ac.uk,8
57702324,0.00222,perm-windo,v1malmar,r,08/19/2026,04:02:58,gpu@node1o01.ecdf.ed.ac.uk,8
57707387,0.00222,VP2,s2465418,r,08/18/2026,11:35:10,eddie@node1q13.ecdf.ed.ac.uk,1
57710568,0.00219,TRANCEPTIO,blivesey,r,08/19/2026,07:36:12,gpu@node1g07.ecdf.ed.ac.uk,1,15
57722842,0.00219,log_mappin,djutzi,r,08/19/2026,10:00:44,eddie@node1h06.ecdf.ed.ac.uk,8
57722824,0.00219,humann4,npeker,r,08/19/2026,09:35:12,eddie@node1q02.ecdf.ed.ac.uk,8,3
57702323,0.00219,perm-windo,v1malmar,r,08/19/2026,03:47:13,gpu@node1o16.ecdf.ed.ac.uk,8
57702322,0.00218,perm-windo,v1malmar,r,08/19/2026,03:41:13,gpu@node1q08.ecdf.ed.ac.uk,8
57710568,0.00216,TRANCEPTIO,blivesey,r,08/19/2026,07:04:00,gpu@node1g06.ecdf.ed.ac.uk,1,14
57710664,0.00216,sqedflow,gkanwar,r,08/19/2026,09:51:46,gpu@node1g07.ecdf.ed.ac.uk,1
57723429,0.00215,of_28229_3,wdewulf,r,08/19/2026,10:46:42,eddie@node1h03.ecdf.ed.ac.uk,1,4
57699446,0.00214,Ti4O8-C12-,s1829244,r,08/18/2026,10:39:25,eddie@node1k16.ecdf.ed.ac.uk,2
57706793,0.00212,ce2,gl03pi18,r,08/19/2026,07:21:17,eddie@node1l13.ecdf.ed.ac.uk,8
57706873,0.00211,ce1,gl03pi9,r,08/19/2026,07:22:02,eddie@node1l15.ecdf.ed.ac.uk,8
57700775,0.00211,job_idefix,cskene3,r,08/17/2026,11:24:42,gpu@node1o02.ecdf.ed.ac.uk,4
57702321,0.00210,perm-windo,v1malmar,r,08/19/2026,02:09:43,gpu@node1o16.ecdf.ed.ac.uk,8
57722804,0.00207,s6_25_2025,yhu5,r,08/19/2026,09:26:40,eddie@node1r08.ecdf.ed.ac.uk,4
57706819,0.00202,ce2,gl03pi18,r,08/19/2026,07:24:47,eddie@node1l12.ecdf.ed.ac.uk,8
57722932,0.00201,compress4,s2745005,r,08/19/2026,10:02:45,eddie@node1q12.ecdf.ed.ac.uk,5
57706875,0.00200,ce1,gl03pi9,r,08/19/2026,07:26:17,eddie@node1l16.ecdf.ed.ac.uk,8
57706497,0.00200,ce1,gl02ad2,r,08/19/2026,07:26:32,eddie@node1l18.ecdf.ed.ac.uk,8
57705230,0.00199,QLOGIN,ddunica2,r,08/17/2026,22:01:56,eddie@node1i24.ecdf.ed.ac.uk,1
57700774,0.00199,QLOGIN,psmith20,r,08/17/2026,11:22:57,eddie@node1j14.ecdf.ed.ac.uk,1
57699413,0.00199,Ti4O8-C12-,s1829244,r,08/18/2026,09:54:00,eddie@node1k12.ecdf.ed.ac.uk,2
57710568,0.00193,TRANCEPTIO,blivesey,r,08/19/2026,07:47:51,gpu@node1g02.ecdf.ed.ac.uk,1,16
57706829,0.00193,ce2,gl03pi18,r,08/19/2026,07:29:07,eddie@node1l18.ecdf.ed.ac.uk,8
57706528,0.00193,ce1,gl02ad2,r,08/19/2026,07:29:27,eddie@node1l14.ecdf.ed.ac.uk,8
57706539,0.00191,ce1,gl02ad2,r,08/19/2026,07:34:27,eddie@node1l11.ecdf.ed.ac.uk,8
57707079,0.00191,ce1,gl03pi9,r,08/19/2026,07:30:27,eddie@node1l11.ecdf.ed.ac.uk,8
57699345,0.00190,Ti4O8-C12-,s1829244,r,08/18/2026,09:34:20,eddie@node1k12.ecdf.ed.ac.uk,2
57722843,0.00188,log_mappin,djutzi,r,08/19/2026,10:00:44,eddie@node1m15.ecdf.ed.ac.uk,8
57706562,0.00187,ce2,gl03pi18,r,08/19/2026,05:44:43,eddie@node1l11.ecdf.ed.ac.uk,8
57706584,0.00187,ce2,gl03pi18,r,08/19/2026,05:45:28,eddie@node1l16.ecdf.ed.ac.uk,8
57707388,0.00185,VP2_key,s2465418,r,08/18/2026,11:35:25,eddie@node1g09.ecdf.ed.ac.uk,1
57706641,0.00184,ce1,gl02ad2,r,08/19/2026,07:36:42,eddie@node1l14.ecdf.ed.ac.uk,8
57704339,0.00182,QLOGIN,crobert,r,08/17/2026,15:56:51,eddie@node1i24.ecdf.ed.ac.uk,1
57722824,0.00181,humann4,npeker,r,08/19/2026,09:35:12,eddie@node1q04.ecdf.ed.ac.uk,8,4
57662983,0.00180,trax_map_s,s2906787,r,08/16/2026,00:31:04,eddie@node1n10.ecdf.ed.ac.uk,1,3
57713055,0.00179,peb_S0-1,wwong3,r,08/18/2026,20:19:19,eddie@node1m15.ecdf.ed.ac.uk,16
57706653,0.00179,ce1,gl02ad2,r,08/19/2026,07:37:12,eddie@node1l16.ecdf.ed.ac.uk,8
57714363,0.00177,at_cluster,yyou,r,08/18/2026,20:18:27,eddie@node1m14.ecdf.ed.ac.uk,12
57721217,0.00177,g16a_kenp_,s2678360,r,08/18/2026,22:58:54,eddie@node1o05.ecdf.ed.ac.uk,8
57710568,0.00176,TRANCEPTIO,blivesey,r,08/19/2026,09:56:29,gpu@node1g07.ecdf.ed.ac.uk,1,17
57706670,0.00173,ce1,gl02ad2,r,08/19/2026,07:37:27,eddie@node1l17.ecdf.ed.ac.uk,8
57704595,0.00173,QLOGIN,s2520601,r,08/17/2026,16:58:08,eddie@node1j15.ecdf.ed.ac.uk,1
57723429,0.00172,of_28229_3,wdewulf,r,08/19/2026,10:46:42,eddie@node1s14.ecdf.ed.ac.uk,1,5
57662983,0.00171,trax_map_s,s2906787,r,08/16/2026,02:11:13,eddie@node1k17.ecdf.ed.ac.uk,1,7
57722948,0.00170,compress5,s2745005,r,08/19/2026,10:06:40,eddie@node1q15.ecdf.ed.ac.uk,5
57705901,0.00170,ce2,gl03pi18,r,08/19/2026,03:46:13,eddie@node1l13.ecdf.ed.ac.uk,8
57713058,0.00170,peb_T1-2,wwong3,r,08/18/2026,20:34:32,eddie@node1h24.ecdf.ed.ac.uk,16
57722805,0.00168,s6_25_2025,yhu5,r,08/19/2026,09:26:40,eddie@node1r07.ecdf.ed.ac.uk,4
57713048,0.00166,ctMA-Tt_me,wwong3,r,08/18/2026,18:14:03,gpu@node1s04.ecdf.ed.ac.uk,16
57706746,0.00162,ce1,gl02ad2,r,08/19/2026,07:40:27,eddie@node1l12.ecdf.ed.ac.uk,8
57706747,0.00159,ce1,gl02ad2,r,08/19/2026,07:40:37,eddie@node1l18.ecdf.ed.ac.uk,8
57710568,0.00159,TRANCEPTIO,blivesey,r,08/19/2026,05:43:13,gpu@node1g06.ecdf.ed.ac.uk,1,13
57705580,0.00157,ce1,gl02ad2,r,08/18/2026,21:41:12,eddie@node1l15.ecdf.ed.ac.uk,8
57662983,0.00156,trax_map_s,s2906787,r,08/16/2026,00:31:19,eddie@node1j13.ecdf.ed.ac.uk,1,4
57705981,0.00156,ce1,gl03pi9,r,08/19/2026,01:37:58,eddie@node1l13.ecdf.ed.ac.uk,8
57705982,0.00156,ce1,gl03pi9,r,08/19/2026,01:39:28,eddie@node1l12.ecdf.ed.ac.uk,8
57705980,0.00156,ce1,gl03pi9,r,08/19/2026,01:36:13,eddie@node1l13.ecdf.ed.ac.uk,8
57705978,0.00156,ce1,gl03pi9,r,08/19/2026,01:34:13,eddie@node1l17.ecdf.ed.ac.uk,8
57722824,0.00155,humann4,npeker,r,08/19/2026,09:35:12,eddie@node1q13.ecdf.ed.ac.uk,8,5
57706822,0.00155,ce1,gl02ad2,r,08/19/2026,07:41:21,eddie@node1l16.ecdf.ed.ac.uk,8
57713016,0.00154,ce2,gl03pi18,r,08/19/2026,07:41:36,eddie@node1l11.ecdf.ed.ac.uk,8
57707436,0.00153,ce1,gl02ad2,r,08/19/2026,11:07:03,eddie@node1l17.ecdf.ed.ac.uk,8
57706855,0.00153,ce1,gl02ad2,r,08/19/2026,07:41:36,eddie@node1l13.ecdf.ed.ac.uk,8
57707435,0.00153,ce1,gl02ad2,r,08/19/2026,11:05:48,eddie@node1l13.ecdf.ed.ac.uk,8
57705897,0.00153,ce2,gl03pi18,r,08/18/2026,20:24:32,eddie@node1l15.ecdf.ed.ac.uk,8
57707408,0.00152,ce1,gl02ad2,r,08/19/2026,10:53:27,eddie@node1l14.ecdf.ed.ac.uk,8
57707437,0.00152,ce1,gl02ad2,r,08/19/2026,11:08:58,eddie@node1l16.ecdf.ed.ac.uk,8
57704466,0.00152,runlisfloo,nfische2,r,08/19/2026,06:25:45,eddie@node1k19.ecdf.ed.ac.uk,1,7000
57704466,0.00152,runlisfloo,nfische2,r,08/19/2026,06:24:00,eddie@node1k14.ecdf.ed.ac.uk,1,6999
57707364,0.00152,ce1,gl02ad2,r,08/19/2026,09:57:14,eddie@node1l12.ecdf.ed.ac.uk,8
57704466,0.00151,runlisfloo,nfische2,r,08/19/2026,06:19:15,eddie@node1k11.ecdf.ed.ac.uk,1,6996
57704466,0.00151,runlisfloo,nfische2,r,08/19/2026,06:20:15,eddie@node1n09.ecdf.ed.ac.uk,1,6997
57704466,0.00151,runlisfloo,nfische2,r,08/19/2026,06:21:00,eddie@node1k17.ecdf.ed.ac.uk,1,6998
57707093,0.00151,QLOGIN,s2598337,r,08/18/2026,10:42:39,eddie@node1j15.ecdf.ed.ac.uk,4
57704466,0.00151,runlisfloo,nfische2,r,08/19/2026,06:15:45,eddie@node1k18.ecdf.ed.ac.uk,1,6989
57704466,0.00151,runlisfloo,nfische2,r,08/19/2026,06:16:00,eddie@node1n12.ecdf.ed.ac.uk,1,6990
57704466,0.00151,runlisfloo,nfische2,r,08/19/2026,06:16:15,eddie@node1k15.ecdf.ed.ac.uk,1,6991
57704466,0.00151,runlisfloo,nfische2,r,08/19/2026,06:16:30,eddie@node1k15.ecdf.ed.ac.uk,1,6992
57704466,0.00151,runlisfloo,nfische2,r,08/19/2026,06:17:15,eddie@node1k15.ecdf.ed.ac.uk,1,6993
57704466,0.00151,runlisfloo,nfische2,r,08/19/2026,06:18:00,eddie@node1k14.ecdf.ed.ac.uk,1,6994
57704466,0.00151,runlisfloo,nfische2,r,08/19/2026,06:18:30,eddie@node1k12.ecdf.ed.ac.uk,1,6995
57707394,0.00151,ce1,gl02ad2,r,08/19/2026,10:25:25,eddie@node1l17.ecdf.ed.ac.uk,8
57704466,0.00151,runlisfloo,nfische2,r,08/19/2026,06:10:30,eddie@node1k12.ecdf.ed.ac.uk,1,6986
57704466,0.00151,runlisfloo,nfische2,r,08/19/2026,06:10:30,eddie@node1j12.ecdf.ed.ac.uk,1,6987
57704466,0.00151,runlisfloo,nfische2,r,08/19/2026,06:13:30,eddie@node1k17.ecdf.ed.ac.uk,1,6988
57704466,0.00150,runlisfloo,nfische2,r,08/19/2026,06:05:30,eddie@node1j13.ecdf.ed.ac.uk,1,6981
57704466,0.00150,runlisfloo,nfische2,r,08/19/2026,06:05:30,eddie@node1n12.ecdf.ed.ac.uk,1,6982
57704466,0.00150,runlisfloo,nfische2,r,08/19/2026,06:05:30,eddie@node1j13.ecdf.ed.ac.uk,1,6983
57704466,0.00150,runlisfloo,nfische2,r,08/19/2026,06:06:00,eddie@node1n12.ecdf.ed.ac.uk,1,6984
57704466,0.00150,runlisfloo,nfische2,r,08/19/2026,06:06:15,eddie@node1n09.ecdf.ed.ac.uk,1,6985
57707401,0.00150,ce1,gl02ad2,r,08/19/2026,10:31:57,eddie@node1l12.ecdf.ed.ac.uk,8
57706876,0.00150,ce1,gl02ad2,r,08/19/2026,07:42:51,eddie@node1l17.ecdf.ed.ac.uk,8
57713018,0.00150,ce2,gl03pi18,r,08/19/2026,07:56:35,eddie@node1l14.ecdf.ed.ac.uk,8
57705976,0.00150,ce1,gl03pi9,r,08/19/2026,01:27:28,eddie@node1l18.ecdf.ed.ac.uk,8
57704466,0.00149,runlisfloo,nfische2,r,08/19/2026,06:02:13,eddie@node1j12.ecdf.ed.ac.uk,1,6979
57704466,0.00149,runlisfloo,nfische2,r,08/19/2026,05:50:58,eddie@node1n01.ecdf.ed.ac.uk,1,6969
57704466,0.00149,runlisfloo,nfische2,r,08/19/2026,06:02:43,eddie@node1n08.ecdf.ed.ac.uk,1,6980
57704466,0.00149,runlisfloo,nfische2,r,08/19/2026,05:52:13,eddie@node1k19.ecdf.ed.ac.uk,1,6970
57704466,0.00149,runlisfloo,nfische2,r,08/19/2026,05:53:43,eddie@node1k11.ecdf.ed.ac.uk,1,6971
57704466,0.00149,runlisfloo,nfische2,r,08/19/2026,05:54:43,eddie@node1n10.ecdf.ed.ac.uk,1,6972
57704466,0.00149,runlisfloo,nfische2,r,08/19/2026,05:54:58,eddie@node1n12.ecdf.ed.ac.uk,1,6973
57704466,0.00149,runlisfloo,nfische2,r,08/19/2026,05:56:43,eddie@node1k10.ecdf.ed.ac.uk,1,6974
57704466,0.00149,runlisfloo,nfische2,r,08/19/2026,05:56:58,eddie@node1n10.ecdf.ed.ac.uk,1,6975
57704466,0.00149,runlisfloo,nfische2,r,08/19/2026,05:59:13,eddie@node1n09.ecdf.ed.ac.uk,1,6976
57704466,0.00149,runlisfloo,nfische2,r,08/19/2026,05:59:58,eddie@node1n12.ecdf.ed.ac.uk,1,6977
57704466,0.00149,runlisfloo,nfische2,r,08/19/2026,06:00:13,eddie@node1k14.ecdf.ed.ac.uk,1,6978
57705900,0.00149,ce2,gl03pi18,r,08/19/2026,01:14:13,eddie@node1l18.ecdf.ed.ac.uk,8
57705781,0.00149,ce1,gl03pi9,r,08/19/2026,00:42:43,eddie@node1l14.ecdf.ed.ac.uk,8
57704466,0.00149,runlisfloo,nfische2,r,08/19/2026,05:39:13,eddie@node1k12.ecdf.ed.ac.uk,1,6954
57704466,0.00149,runlisfloo,nfische2,r,08/19/2026,05:39:13,eddie@node1k12.ecdf.ed.ac.uk,1,6955
57704466,0.00149,runlisfloo,nfische2,r,08/19/2026,05:39:13,eddie@node1k12.ecdf.ed.ac.uk,1,6956
57704466,0.00149,runlisfloo,nfische2,r,08/19/2026,05:39:13,eddie@node1k12.ecdf.ed.ac.uk,1,6957
57704466,0.00149,runlisfloo,nfische2,r,08/19/2026,05:40:13,eddie@node1j13.ecdf.ed.ac.uk,1,6958
57704466,0.00149,runlisfloo,nfische2,r,08/19/2026,05:40:43,eddie@node1k15.ecdf.ed.ac.uk,1,6959
57704466,0.00149,runlisfloo,nfische2,r,08/19/2026,05:40:58,eddie@node1k15.ecdf.ed.ac.uk,1,6960
57704466,0.00149,runlisfloo,nfische2,r,08/19/2026,05:41:43,eddie@node1k19.ecdf.ed.ac.uk,1,6961
57704466,0.00149,runlisfloo,nfische2,r,08/19/2026,05:41:43,eddie@node1n12.ecdf.ed.ac.uk,1,6962
57704466,0.00149,runlisfloo,nfische2,r,08/19/2026,05:42:28,eddie@node1k14.ecdf.ed.ac.uk,1,6963
57704466,0.00149,runlisfloo,nfische2,r,08/19/2026,05:38:28,eddie@node1n02.ecdf.ed.ac.uk,1,6953
57704466,0.00149,runlisfloo,nfische2,r,08/19/2026,05:43:13,eddie@node1k20.ecdf.ed.ac.uk,1,6964
57704466,0.00149,runlisfloo,nfische2,r,08/19/2026,05:44:28,eddie@node1k12.ecdf.ed.ac.uk,1,6965
57704466,0.00149,runlisfloo,nfische2,r,08/19/2026,05:44:43,eddie@node1k19.ecdf.ed.ac.uk,1,6966
57704466,0.00149,runlisfloo,nfische2,r,08/19/2026,05:44:58,eddie@node1j13.ecdf.ed.ac.uk,1,6967
57704466,0.00149,runlisfloo,nfische2,r,08/19/2026,05:48:58,eddie@node1k18.ecdf.ed.ac.uk,1,6968
57704466,0.00148,runlisfloo,nfische2,r,08/19/2026,05:35:43,eddie@node1k17.ecdf.ed.ac.uk,1,6952
57697744,0.00148,s5_21_2021,yhu5,r,08/17/2026,19:03:40,eddie@node1h12.ecdf.ed.ac.uk,1
57704466,0.00148,runlisfloo,nfische2,r,08/19/2026,05:28:43,eddie@node1k20.ecdf.ed.ac.uk,1,6951
57704466,0.00148,runlisfloo,nfische2,r,08/19/2026,05:27:28,eddie@node1n12.ecdf.ed.ac.uk,1,6950
57706883,0.00148,ce1,gl02ad2,r,08/19/2026,07:47:21,eddie@node1l15.ecdf.ed.ac.uk,8
57704466,0.00147,runlisfloo,nfische2,r,08/19/2026,05:26:43,eddie@node1n01.ecdf.ed.ac.uk,1,6949
57704466,0.00147,runlisfloo,nfische2,r,08/19/2026,05:22:43,eddie@node1n01.ecdf.ed.ac.uk,1,6946
57704466,0.00147,runlisfloo,nfische2,r,08/19/2026,05:22:43,eddie@node1k14.ecdf.ed.ac.uk,1,6947
57704466,0.00147,runlisfloo,nfische2,r,08/19/2026,05:23:43,eddie@node1k17.ecdf.ed.ac.uk,1,6948
57704466,0.00147,runlisfloo,nfische2,r,08/19/2026,05:19:13,eddie@node1k14.ecdf.ed.ac.uk,1,6944
57704466,0.00147,runlisfloo,nfische2,r,08/19/2026,05:20:58,eddie@node1j12.ecdf.ed.ac.uk,1,6945
57706899,0.00147,ce1,gl02ad2,r,08/19/2026,08:03:05,eddie@node1l11.ecdf.ed.ac.uk,8
57707090,0.00147,ce1,gl02ad2,r,08/19/2026,08:09:37,eddie@node1l14.ecdf.ed.ac.uk,8
57704466,0.00147,runlisfloo,nfische2,r,08/19/2026,05:16:28,eddie@node1n02.ecdf.ed.ac.uk,1,6937
57704466,0.00147,runlisfloo,nfische2,r,08/19/2026,05:16:58,eddie@node1k15.ecdf.ed.ac.uk,1,6938
57704466,0.00147,runlisfloo,nfische2,r,08/19/2026,05:16:58,eddie@node1k17.ecdf.ed.ac.uk,1,6939
57704466,0.00147,runlisfloo,nfische2,r,08/19/2026,05:17:28,eddie@node1k11.ecdf.ed.ac.uk,1,6940
57704466,0.00147,runlisfloo,nfische2,r,08/19/2026,05:18:13,eddie@node1k15.ecdf.ed.ac.uk,1,6941
57704466,0.00147,runlisfloo,nfische2,r,08/19/2026,05:18:13,eddie@node1k11.ecdf.ed.ac.uk,1,6942
57704466,0.00147,runlisfloo,nfische2,r,08/19/2026,05:18:58,eddie@node1j13.ecdf.ed.ac.uk,1,6943
57713022,0.00147,ce2,gl03pi18,r,08/19/2026,08:07:05,eddie@node1l15.ecdf.ed.ac.uk,8
57704466,0.00147,runlisfloo,nfische2,r,08/19/2026,05:10:58,eddie@node1n10.ecdf.ed.ac.uk,1,6934
57704466,0.00147,runlisfloo,nfische2,r,08/19/2026,05:13:28,eddie@node1k11.ecdf.ed.ac.uk,1,6935
57704466,0.00147,runlisfloo,nfische2,r,08/19/2026,05:13:58,eddie@node1n07.ecdf.ed.ac.uk,1,6936
57707077,0.00146,ce1,gl02ad2,r,08/19/2026,08:04:05,eddie@node1l17.ecdf.ed.ac.uk,8
57704466,0.00146,runlisfloo,nfische2,r,08/19/2026,04:59:58,eddie@node1k10.ecdf.ed.ac.uk,1,6932
57704466,0.00146,runlisfloo,nfische2,r,08/19/2026,05:01:28,eddie@node1k20.ecdf.ed.ac.uk,1,6933
57725508,0.00146,Qualimap_d,s2556897,r,08/19/2026,11:07:03,igmm_long@node1h27.ecdf.ed.ac.,1,4
57704466,0.00145,runlisfloo,nfische2,r,08/19/2026,04:48:13,eddie@node1n10.ecdf.ed.ac.uk,1,6926
57704466,0.00145,runlisfloo,nfische2,r,08/19/2026,04:51:43,eddie@node1n10.ecdf.ed.ac.uk,1,6927
57704466,0.00145,runlisfloo,nfische2,r,08/19/2026,04:53:28,eddie@node1k14.ecdf.ed.ac.uk,1,6928
57704466,0.00145,runlisfloo,nfische2,r,08/19/2026,04:54:43,eddie@node1j13.ecdf.ed.ac.uk,1,6929
57704466,0.00145,runlisfloo,nfische2,r,08/19/2026,04:54:43,eddie@node1n09.ecdf.ed.ac.uk,1,6930
57704466,0.00145,runlisfloo,nfische2,r,08/19/2026,04:41:13,eddie@node1k11.ecdf.ed.ac.uk,1,6917
57704466,0.00145,runlisfloo,nfische2,r,08/19/2026,04:41:13,eddie@node1k10.ecdf.ed.ac.uk,1,6918
57704466,0.00145,runlisfloo,nfische2,r,08/19/2026,04:42:28,eddie@node1n01.ecdf.ed.ac.uk,1,6919
57704466,0.00145,runlisfloo,nfische2,r,08/19/2026,04:42:28,eddie@node1n01.ecdf.ed.ac.uk,1,6920
57704466,0.00145,runlisfloo,nfische2,r,08/19/2026,04:42:28,eddie@node1n01.ecdf.ed.ac.uk,1,6921
57704466,0.00145,runlisfloo,nfische2,r,08/19/2026,04:42:28,eddie@node1n01.ecdf.ed.ac.uk,1,6922
57704466,0.00145,runlisfloo,nfische2,r,08/19/2026,04:42:43,eddie@node1k18.ecdf.ed.ac.uk,1,6923
57704466,0.00145,runlisfloo,nfische2,r,08/19/2026,04:43:13,eddie@node1k12.ecdf.ed.ac.uk,1,6924
57704466,0.00145,runlisfloo,nfische2,r,08/19/2026,04:44:28,eddie@node1n05.ecdf.ed.ac.uk,1,6925
57704466,0.00145,runlisfloo,nfische2,r,08/19/2026,04:58:28,eddie@node1k20.ecdf.ed.ac.uk,1,6931
57722980,0.00144,compress6,s2745005,r,08/19/2026,10:12:25,eddie@node1q12.ecdf.ed.ac.uk,5
57704466,0.00144,runlisfloo,nfische2,r,08/19/2026,04:30:28,eddie@node1n12.ecdf.ed.ac.uk,1,6914
57704466,0.00144,runlisfloo,nfische2,r,08/19/2026,04:33:58,eddie@node1n02.ecdf.ed.ac.uk,1,6915
57704466,0.00144,runlisfloo,nfische2,r,08/19/2026,04:35:43,eddie@node1k10.ecdf.ed.ac.uk,1,6916
57705898,0.00144,ce2,gl03pi18,r,08/19/2026,01:06:58,eddie@node1l18.ecdf.ed.ac.uk,8
57704466,0.00144,runlisfloo,nfische2,r,08/19/2026,04:23:43,eddie@node1n10.ecdf.ed.ac.uk,1,6910
57704466,0.00144,runlisfloo,nfische2,r,08/19/2026,04:24:58,eddie@node1n12.ecdf.ed.ac.uk,1,6911
57704466,0.00144,runlisfloo,nfische2,r,08/19/2026,04:26:43,eddie@node1k14.ecdf.ed.ac.uk,1,6912
57704466,0.00144,runlisfloo,nfische2,r,08/19/2026,04:29:13,eddie@node1n09.ecdf.ed.ac.uk,1,6913
57723429,0.00144,of_28229_3,wdewulf,r,08/19/2026,10:46:42,eddie@node1s20.ecdf.ed.ac.uk,1,6
57707362,0.00143,ce1,gl02ad2,r,08/19/2026,09:45:32,eddie@node1l12.ecdf.ed.ac.uk,8
57704466,0.00143,runlisfloo,nfische2,r,08/19/2026,04:15:13,eddie@node1j13.ecdf.ed.ac.uk,1,6905
57704466,0.00143,runlisfloo,nfische2,r,08/19/2026,04:16:13,eddie@node1n10.ecdf.ed.ac.uk,1,6906
57704466,0.00143,runlisfloo,nfische2,r,08/19/2026,04:16:58,eddie@node1k18.ecdf.ed.ac.uk,1,6907
57704466,0.00143,runlisfloo,nfische2,r,08/19/2026,04:17:13,eddie@node1n12.ecdf.ed.ac.uk,1,6908
57704466,0.00143,runlisfloo,nfische2,r,08/19/2026,04:18:43,eddie@node1k19.ecdf.ed.ac.uk,1,6909
57707186,0.00143,ce1,gl02ad2,r,08/19/2026,08:11:52,eddie@node1l16.ecdf.ed.ac.uk,8
57704466,0.00143,runlisfloo,nfische2,r,08/19/2026,04:13:58,eddie@node1n12.ecdf.ed.ac.uk,1,6904
57704466,0.00143,runlisfloo,nfische2,r,08/19/2026,04:10:43,eddie@node1k10.ecdf.ed.ac.uk,1,6902
57704466,0.00143,runlisfloo,nfische2,r,08/19/2026,04:12:28,eddie@node1n10.ecdf.ed.ac.uk,1,6903
57704466,0.00143,runlisfloo,nfische2,r,08/19/2026,04:09:28,eddie@node1k15.ecdf.ed.ac.uk,1,6901
57704466,0.00143,runlisfloo,nfische2,r,08/19/2026,04:04:58,eddie@node1k15.ecdf.ed.ac.uk,1,6900
57707359,0.00142,ce1,gl02ad2,r,08/19/2026,09:10:24,eddie@node1l12.ecdf.ed.ac.uk,8
57662983,0.00142,trax_map_s,s2906787,r,08/16/2026,00:31:19,eddie@node1n09.ecdf.ed.ac.uk,1,5
57704466,0.00142,runlisfloo,nfische2,r,08/19/2026,04:02:58,eddie@node1k14.ecdf.ed.ac.uk,1,6899
57704466,0.00142,runlisfloo,nfische2,r,08/19/2026,03:59:13,eddie@node1k19.ecdf.ed.ac.uk,1,6896
57704466,0.00142,runlisfloo,nfische2,r,08/19/2026,03:59:43,eddie@node1k12.ecdf.ed.ac.uk,1,6897
57704466,0.00142,runlisfloo,nfische2,r,08/19/2026,03:59:43,eddie@node1k14.ecdf.ed.ac.uk,1,6898
57722806,0.00142,s6_25_2025,yhu5,r,08/19/2026,09:26:40,eddie@node1h23.ecdf.ed.ac.uk,4
57704466,0.00142,runlisfloo,nfische2,r,08/19/2026,03:54:43,eddie@node1k19.ecdf.ed.ac.uk,1,6894
57704466,0.00142,runlisfloo,nfische2,r,08/19/2026,03:57:28,eddie@node1k15.ecdf.ed.ac.uk,1,6895
57704466,0.00141,runlisfloo,nfische2,r,08/19/2026,03:48:43,eddie@node1k14.ecdf.ed.ac.uk,1,6892
57704466,0.00141,runlisfloo,nfische2,r,08/19/2026,03:50:13,eddie@node1n10.ecdf.ed.ac.uk,1,6893
57704466,0.00140,runlisfloo,nfische2,r,08/19/2026,03:29:58,eddie@node1k15.ecdf.ed.ac.uk,1,6882
57704466,0.00140,runlisfloo,nfische2,r,08/19/2026,03:29:58,eddie@node1j13.ecdf.ed.ac.uk,1,6883
57704466,0.00140,runlisfloo,nfische2,r,08/19/2026,03:30:13,eddie@node1k19.ecdf.ed.ac.uk,1,6884
57704466,0.00140,runlisfloo,nfische2,r,08/19/2026,03:31:43,eddie@node1j13.ecdf.ed.ac.uk,1,6885
57704466,0.00140,runlisfloo,nfische2,r,08/19/2026,03:31:58,eddie@node1k14.ecdf.ed.ac.uk,1,6886
57704466,0.00140,runlisfloo,nfische2,r,08/19/2026,03:32:13,eddie@node1k15.ecdf.ed.ac.uk,1,6887
57704466,0.00140,runlisfloo,nfische2,r,08/19/2026,03:32:28,eddie@node1k15.ecdf.ed.ac.uk,1,6888
57704466,0.00140,runlisfloo,nfische2,r,08/19/2026,03:34:28,eddie@node1k17.ecdf.ed.ac.uk,1,6889
57704466,0.00140,runlisfloo,nfische2,r,08/19/2026,03:38:58,eddie@node1n02.ecdf.ed.ac.uk,1,6890
57704466,0.00140,runlisfloo,nfische2,r,08/19/2026,03:40:28,eddie@node1k15.ecdf.ed.ac.uk,1,6891
57704466,0.00140,runlisfloo,nfische2,r,08/19/2026,03:27:28,eddie@node1j12.ecdf.ed.ac.uk,1,6881
57704466,0.00140,runlisfloo,nfische2,r,08/19/2026,03:25:58,eddie@node1k14.ecdf.ed.ac.uk,1,6880
57704466,0.00140,runlisfloo,nfische2,r,08/19/2026,03:23:43,eddie@node1k15.ecdf.ed.ac.uk,1,6878
57704466,0.00140,runlisfloo,nfische2,r,08/19/2026,03:23:58,eddie@node1n12.ecdf.ed.ac.uk,1,6879
57704466,0.00139,runlisfloo,nfische2,r,08/19/2026,03:20:58,eddie@node1k14.ecdf.ed.ac.uk,1,6877
57721218,0.00139,g16a_kenp_,s2678360,r,08/18/2026,22:59:11,eddie@node1o06.ecdf.ed.ac.uk,8
57707358,0.00139,ce1,gl02ad2,r,08/19/2026,08:23:07,eddie@node1l11.ecdf.ed.ac.uk,8
57704466,0.00139,runlisfloo,nfische2,r,08/19/2026,03:15:28,eddie@node1n09.ecdf.ed.ac.uk,1,6876
57704466,0.00139,runlisfloo,nfische2,r,08/19/2026,03:11:58,eddie@node1j13.ecdf.ed.ac.uk,1,6874
57704466,0.00139,runlisfloo,nfische2,r,08/19/2026,03:11:58,eddie@node1n09.ecdf.ed.ac.uk,1,6875
57662983,0.00138,trax_map_s,s2906787,r,08/16/2026,02:03:13,eddie@node1k14.ecdf.ed.ac.uk,1,6
57704466,0.00138,runlisfloo,nfische2,r,08/19/2026,02:58:28,eddie@node1n12.ecdf.ed.ac.uk,1,6869
57704466,0.00138,runlisfloo,nfische2,r,08/19/2026,03:00:28,eddie@node1k16.ecdf.ed.ac.uk,1,6870
57704466,0.00138,runlisfloo,nfische2,r,08/19/2026,03:00:43,eddie@node1k17.ecdf.ed.ac.uk,1,6871
57704466,0.00138,runlisfloo,nfische2,r,08/19/2026,03:01:43,eddie@node1j13.ecdf.ed.ac.uk,1,6872
57704466,0.00138,runlisfloo,nfische2,r,08/19/2026,03:04:13,eddie@node1k20.ecdf.ed.ac.uk,1,6873
57704466,0.00138,runlisfloo,nfische2,r,08/19/2026,02:50:13,eddie@node1n12.ecdf.ed.ac.uk,1,6868
57704466,0.00137,runlisfloo,nfische2,r,08/19/2026,02:48:43,eddie@node1k19.ecdf.ed.ac.uk,1,6865
57704466,0.00137,runlisfloo,nfische2,r,08/19/2026,02:49:13,eddie@node1n09.ecdf.ed.ac.uk,1,6866
57704466,0.00137,runlisfloo,nfische2,r,08/19/2026,02:47:28,eddie@node1k10.ecdf.ed.ac.uk,1,6864
57704466,0.00137,runlisfloo,nfische2,r,08/19/2026,02:49:43,eddie@node1j13.ecdf.ed.ac.uk,1,6867
57704466,0.00137,runlisfloo,nfische2,r,08/19/2026,02:44:28,eddie@node1n01.ecdf.ed.ac.uk,1,6863
57722824,0.00137,humann4,npeker,r,08/19/2026,09:35:12,eddie@node1q03.ecdf.ed.ac.uk,8,6
57713059,0.00137,pub_T1-2,wwong3,r,08/18/2026,20:42:33,eddie@node1h11.ecdf.ed.ac.uk,16
57704466,0.00137,runlisfloo,nfische2,r,08/19/2026,02:38:28,eddie@node1k11.ecdf.ed.ac.uk,1,6862
57704466,0.00136,runlisfloo,nfische2,r,08/19/2026,02:34:13,eddie@node1n08.ecdf.ed.ac.uk,1,6861
57704466,0.00136,runlisfloo,nfische2,r,08/19/2026,02:28:43,eddie@node1j12.ecdf.ed.ac.uk,1,6859
57704466,0.00136,runlisfloo,nfische2,r,08/19/2026,02:28:58,eddie@node1k17.ecdf.ed.ac.uk,1,6860
57704466,0.00136,runlisfloo,nfische2,r,08/19/2026,02:23:58,eddie@node1k10.ecdf.ed.ac.uk,1,6858
57722919,0.00135,CO23d_mass,s2673720,r,08/19/2026,09:59:59,eddie@node1l06.ecdf.ed.ac.uk,20
57704466,0.00135,runlisfloo,nfische2,r,08/19/2026,02:17:43,eddie@node1k19.ecdf.ed.ac.uk,1,6856
57704466,0.00135,runlisfloo,nfische2,r,08/19/2026,02:17:58,eddie@node1n12.ecdf.ed.ac.uk,1,6857
57704466,0.00135,runlisfloo,nfische2,r,08/19/2026,02:13:13,eddie@node1k18.ecdf.ed.ac.uk,1,6855
57704466,0.00135,runlisfloo,nfische2,r,08/19/2026,02:10:13,eddie@node1n02.ecdf.ed.ac.uk,1,6854
57704466,0.00134,runlisfloo,nfische2,r,08/19/2026,02:03:58,eddie@node1k18.ecdf.ed.ac.uk,1,6853
57704466,0.00134,runlisfloo,nfische2,r,08/19/2026,01:53:28,eddie@node1k17.ecdf.ed.ac.uk,1,6849
57704466,0.00134,runlisfloo,nfische2,r,08/19/2026,01:54:58,eddie@node1k17.ecdf.ed.ac.uk,1,6850
57704466,0.00134,runlisfloo,nfische2,r,08/19/2026,01:55:58,eddie@node1n09.ecdf.ed.ac.uk,1,6851
57704466,0.00134,runlisfloo,nfische2,r,08/19/2026,01:58:43,eddie@node1k16.ecdf.ed.ac.uk,1,6852
57704466,0.00133,runlisfloo,nfische2,r,08/19/2026,01:47:28,eddie@node1n09.ecdf.ed.ac.uk,1,6845
57704466,0.00133,runlisfloo,nfische2,r,08/19/2026,01:48:28,eddie@node1n10.ecdf.ed.ac.uk,1,6846
57704466,0.00133,runlisfloo,nfische2,r,08/19/2026,01:49:13,eddie@node1n10.ecdf.ed.ac.uk,1,6847
57704466,0.00133,runlisfloo,nfische2,r,08/19/2026,01:50:13,eddie@node1k11.ecdf.ed.ac.uk,1,6848
57704466,0.00133,runlisfloo,nfische2,r,08/19/2026,01:41:58,eddie@node1k14.ecdf.ed.ac.uk,1,6843
57704466,0.00133,runlisfloo,nfische2,r,08/19/2026,01:46:43,eddie@node1k10.ecdf.ed.ac.uk,1,6844
57704466,0.00133,runlisfloo,nfische2,r,08/19/2026,01:35:43,eddie@node1k15.ecdf.ed.ac.uk,1,6841
57704466,0.00132,runlisfloo,nfische2,r,08/19/2026,01:36:58,eddie@node1k10.ecdf.ed.ac.uk,1,6842
57704466,0.00132,runlisfloo,nfische2,r,08/19/2026,01:32:58,eddie@node1k20.ecdf.ed.ac.uk,1,6838
57704466,0.00132,runlisfloo,nfische2,r,08/19/2026,01:33:28,eddie@node1k11.ecdf.ed.ac.uk,1,6839
57704466,0.00132,runlisfloo,nfische2,r,08/19/2026,01:33:43,eddie@node1k17.ecdf.ed.ac.uk,1,6840
57704466,0.00132,runlisfloo,nfische2,r,08/19/2026,01:31:58,eddie@node1k10.ecdf.ed.ac.uk,1,6837
57704466,0.00132,runlisfloo,nfische2,r,08/19/2026,01:30:13,eddie@node1k18.ecdf.ed.ac.uk,1,6836
57704466,0.00132,runlisfloo,nfische2,r,08/19/2026,01:27:43,eddie@node1n09.ecdf.ed.ac.uk,1,6835
57705894,0.00132,ce2,gl03pi18,r,08/18/2026,17:38:33,eddie@node1l11.ecdf.ed.ac.uk,8
57722920,0.00132,CO23d_mala,s2673720,r,08/19/2026,10:00:14,eddie@node1i25.ecdf.ed.ac.uk,20
57704466,0.00132,runlisfloo,nfische2,r,08/19/2026,01:22:43,eddie@node1j12.ecdf.ed.ac.uk,1,6832
57704466,0.00132,runlisfloo,nfische2,r,08/19/2026,01:23:13,eddie@node1n08.ecdf.ed.ac.uk,1,6833
57704466,0.00132,runlisfloo,nfische2,r,08/19/2026,01:23:58,eddie@node1j13.ecdf.ed.ac.uk,1,6834
57704466,0.00132,runlisfloo,nfische2,r,08/19/2026,01:21:58,eddie@node1k13.ecdf.ed.ac.uk,1,6831
57704466,0.00132,runlisfloo,nfische2,r,08/19/2026,01:20:13,eddie@node1k20.ecdf.ed.ac.uk,1,6828
57704466,0.00132,runlisfloo,nfische2,r,08/19/2026,01:21:13,eddie@node1n09.ecdf.ed.ac.uk,1,6829
57704466,0.00132,runlisfloo,nfische2,r,08/19/2026,01:21:13,eddie@node1k14.ecdf.ed.ac.uk,1,6830
57704466,0.00131,runlisfloo,nfische2,r,08/19/2026,01:17:58,eddie@node1k10.ecdf.ed.ac.uk,1,6827
57704466,0.00131,runlisfloo,nfische2,r,08/19/2026,01:15:58,eddie@node1j13.ecdf.ed.ac.uk,1,6825
57704466,0.00131,runlisfloo,nfische2,r,08/19/2026,01:15:58,eddie@node1k14.ecdf.ed.ac.uk,1,6826
57704466,0.00131,runlisfloo,nfische2,r,08/19/2026,01:14:13,eddie@node1n01.ecdf.ed.ac.uk,1,6824
57704466,0.00131,runlisfloo,nfische2,r,08/19/2026,01:12:28,eddie@node1k11.ecdf.ed.ac.uk,1,6822
57704466,0.00131,runlisfloo,nfische2,r,08/19/2026,01:12:43,eddie@node1j12.ecdf.ed.ac.uk,1,6823
57704466,0.00131,runlisfloo,nfische2,r,08/19/2026,01:11:28,eddie@node1k18.ecdf.ed.ac.uk,1,6821
57704466,0.00131,runlisfloo,nfische2,r,08/19/2026,01:10:58,eddie@node1n10.ecdf.ed.ac.uk,1,6820
57723026,0.00130,oil2d_mcmc,s2673720,r,08/19/2026,10:27:52,eddie@node1m03.ecdf.ed.ac.uk,20
57704466,0.00130,runlisfloo,nfische2,r,08/18/2026,00:41:24,eddie@node1k16.ecdf.ed.ac.uk,1,6000
57704466,0.00130,runlisfloo,nfische2,r,08/19/2026,00:56:13,eddie@node1n02.ecdf.ed.ac.uk,1,6815
57704466,0.00130,runlisfloo,nfische2,r,08/19/2026,00:57:28,eddie@node1n09.ecdf.ed.ac.uk,1,6816
57704466,0.00130,runlisfloo,nfische2,r,08/19/2026,00:59:43,eddie@node1n10.ecdf.ed.ac.uk,1,6817
57704466,0.00130,runlisfloo,nfische2,r,08/19/2026,01:03:13,eddie@node1n09.ecdf.ed.ac.uk,1,6818
57704466,0.00130,runlisfloo,nfische2,r,08/19/2026,01:03:43,eddie@node1n10.ecdf.ed.ac.uk,1,6819
57704466,0.00129,runlisfloo,nfische2,r,08/19/2026,00:53:43,eddie@node1n06.ecdf.ed.ac.uk,1,6813
57704466,0.00129,runlisfloo,nfische2,r,08/19/2026,00:43:43,eddie@node1k17.ecdf.ed.ac.uk,1,6810
57704466,0.00129,runlisfloo,nfische2,r,08/19/2026,00:45:43,eddie@node1k10.ecdf.ed.ac.uk,1,6811
57704466,0.00129,runlisfloo,nfische2,r,08/19/2026,00:46:58,eddie@node1k15.ecdf.ed.ac.uk,1,6812
57704466,0.00129,runlisfloo,nfische2,r,08/19/2026,00:53:58,eddie@node1n09.ecdf.ed.ac.uk,1,6814
57713105,0.00129,pvb_T1-2,wwong3,r,08/18/2026,20:43:03,eddie@node1h16.ecdf.ed.ac.uk,16
57704466,0.00129,runlisfloo,nfische2,r,08/19/2026,00:40:43,eddie@node1k11.ecdf.ed.ac.uk,1,6805
57704466,0.00129,runlisfloo,nfische2,r,08/19/2026,00:40:58,eddie@node1k11.ecdf.ed.ac.uk,1,6806
57704466,0.00129,runlisfloo,nfische2,r,08/19/2026,00:41:28,eddie@node1n10.ecdf.ed.ac.uk,1,6807
57704466,0.00129,runlisfloo,nfische2,r,08/19/2026,00:41:43,eddie@node1k20.ecdf.ed.ac.uk,1,6808
57704466,0.00129,runlisfloo,nfische2,r,08/19/2026,00:41:43,eddie@node1k17.ecdf.ed.ac.uk,1,6809
57704466,0.00129,runlisfloo,nfische2,r,08/19/2026,00:39:58,eddie@node1k10.ecdf.ed.ac.uk,1,6804
57722921,0.00129,CO23d_ssv,s2673720,r,08/19/2026,10:00:14,eddie@node1l02.ecdf.ed.ac.uk,20
57704466,0.00129,runlisfloo,nfische2,r,08/19/2026,00:36:28,eddie@node1k12.ecdf.ed.ac.uk,1,6803
57704466,0.00128,runlisfloo,nfische2,r,08/19/2026,00:31:58,eddie@node1k18.ecdf.ed.ac.uk,1,6800
57704466,0.00128,runlisfloo,nfische2,r,08/19/2026,00:33:28,eddie@node1n08.ecdf.ed.ac.uk,1,6801
57704466,0.00128,runlisfloo,nfische2,r,08/19/2026,00:33:43,eddie@node1k13.ecdf.ed.ac.uk,1,6802
57704466,0.00128,runlisfloo,nfische2,r,08/19/2026,00:25:28,eddie@node1n12.ecdf.ed.ac.uk,1,6795
57704466,0.00128,runlisfloo,nfische2,r,08/19/2026,00:26:28,eddie@node1n10.ecdf.ed.ac.uk,1,6796
57704466,0.00128,runlisfloo,nfische2,r,08/19/2026,00:26:58,eddie@node1k12.ecdf.ed.ac.uk,1,6797
57704466,0.00128,runlisfloo,nfische2,r,08/19/2026,00:27:28,eddie@node1k18.ecdf.ed.ac.uk,1,6798
57704466,0.00128,runlisfloo,nfische2,r,08/19/2026,00:28:13,eddie@node1n09.ecdf.ed.ac.uk,1,6799
57704466,0.00128,runlisfloo,nfische2,r,08/19/2026,00:21:58,eddie@node1n09.ecdf.ed.ac.uk,1,6793
57704466,0.00128,runlisfloo,nfische2,r,08/19/2026,00:22:43,eddie@node1j13.ecdf.ed.ac.uk,1,6794
57704466,0.00128,runlisfloo,nfische2,r,08/19/2026,00:20:28,eddie@node1k17.ecdf.ed.ac.uk,1,6791
57704466,0.00128,runlisfloo,nfische2,r,08/19/2026,00:20:58,eddie@node1k18.ecdf.ed.ac.uk,1,6792
57722992,0.00127,compress8,s2745005,r,08/19/2026,10:16:35,eddie@node1q15.ecdf.ed.ac.uk,5
57704466,0.00127,runlisfloo,nfische2,r,08/19/2026,00:10:58,eddie@node1n05.ecdf.ed.ac.uk,1,6787
57704466,0.00127,runlisfloo,nfische2,r,08/19/2026,00:11:13,eddie@node1k13.ecdf.ed.ac.uk,1,6788
57704466,0.00127,runlisfloo,nfische2,r,08/19/2026,00:11:43,eddie@node1k15.ecdf.ed.ac.uk,1,6789
57704466,0.00127,runlisfloo,nfische2,r,08/19/2026,00:13:28,eddie@node1k19.ecdf.ed.ac.uk,1,6790
57704466,0.00127,runlisfloo,nfische2,r,08/19/2026,00:08:13,eddie@node1k18.ecdf.ed.ac.uk,1,6786
57704466,0.00127,runlisfloo,nfische2,r,08/19/2026,00:07:43,eddie@node1n02.ecdf.ed.ac.uk,1,6785
57704466,0.00127,runlisfloo,nfische2,r,08/19/2026,00:06:28,eddie@node1n10.ecdf.ed.ac.uk,1,6784
57704466,0.00127,runlisfloo,nfische2,r,08/19/2026,00:03:43,eddie@node1n05.ecdf.ed.ac.uk,1,6782
57704466,0.00127,runlisfloo,nfische2,r,08/19/2026,00:04:13,eddie@node1k10.ecdf.ed.ac.uk,1,6783
57704466,0.00126,runlisfloo,nfische2,r,08/19/2026,00:01:43,eddie@node1k14.ecdf.ed.ac.uk,1,6781
57704466,0.00126,runlisfloo,nfische2,r,08/18/2026,23:59:43,eddie@node1k20.ecdf.ed.ac.uk,1,6779
57704466,0.00126,runlisfloo,nfische2,r,08/19/2026,00:00:19,eddie@node1k14.ecdf.ed.ac.uk,1,6780
57704466,0.00126,runlisfloo,nfische2,r,08/18/2026,23:57:58,eddie@node1n09.ecdf.ed.ac.uk,1,6778
57704466,0.00126,runlisfloo,nfische2,r,08/18/2026,23:57:28,eddie@node1n09.ecdf.ed.ac.uk,1,6777
57704466,0.00126,runlisfloo,nfische2,r,08/18/2026,23:55:28,eddie@node1k13.ecdf.ed.ac.uk,1,6776
57704466,0.00126,runlisfloo,nfische2,r,08/18/2026,23:48:13,eddie@node1j13.ecdf.ed.ac.uk,1,6772
57704466,0.00126,runlisfloo,nfische2,r,08/18/2026,23:50:13,eddie@node1n10.ecdf.ed.ac.uk,1,6773
57704466,0.00126,runlisfloo,nfische2,r,08/18/2026,23:51:43,eddie@node1k20.ecdf.ed.ac.uk,1,6774
57704466,0.00125,runlisfloo,nfische2,r,08/18/2026,23:46:28,eddie@node1n09.ecdf.ed.ac.uk,1,6771
57704466,0.00125,runlisfloo,nfische2,r,08/18/2026,23:53:43,eddie@node1k14.ecdf.ed.ac.uk,1,6775
57704466,0.00125,runlisfloo,nfische2,r,08/18/2026,23:45:58,eddie@node1k14.ecdf.ed.ac.uk,1,6769
57704466,0.00125,runlisfloo,nfische2,r,08/18/2026,23:46:13,eddie@node1k12.ecdf.ed.ac.uk,1,6770
57704466,0.00125,runlisfloo,nfische2,r,08/18/2026,23:37:52,eddie@node1k18.ecdf.ed.ac.uk,1,6768
57704466,0.00125,runlisfloo,nfische2,r,08/18/2026,23:35:22,eddie@node1k20.ecdf.ed.ac.uk,1,6767
57704466,0.00124,runlisfloo,nfische2,r,08/18/2026,23:30:07,eddie@node1k12.ecdf.ed.ac.uk,1,6766
57704466,0.00124,runlisfloo,nfische2,r,08/18/2026,23:29:22,eddie@node1k14.ecdf.ed.ac.uk,1,6765
57704466,0.00124,runlisfloo,nfische2,r,08/18/2026,23:27:37,eddie@node1n12.ecdf.ed.ac.uk,1,6764
57704466,0.00124,runlisfloo,nfische2,r,08/18/2026,23:23:52,eddie@node1n01.ecdf.ed.ac.uk,1,6762
57704466,0.00124,runlisfloo,nfische2,r,08/18/2026,23:25:37,eddie@node1n10.ecdf.ed.ac.uk,1,6763
57704466,0.00124,runlisfloo,nfische2,r,08/18/2026,23:21:09,eddie@node1n07.ecdf.ed.ac.uk,1,6760
57704466,0.00124,runlisfloo,nfische2,r,08/18/2026,23:22:07,eddie@node1n10.ecdf.ed.ac.uk,1,6761
57704466,0.00124,runlisfloo,nfische2,r,08/18/2026,23:19:24,eddie@node1k17.ecdf.ed.ac.uk,1,6759
57722824,0.00123,humann4,npeker,r,08/19/2026,09:35:12,eddie@node1q02.ecdf.ed.ac.uk,8,7
57704466,0.00123,runlisfloo,nfische2,r,08/18/2026,23:16:24,eddie@node1n10.ecdf.ed.ac.uk,1,6758
57704466,0.00123,runlisfloo,nfische2,r,08/18/2026,23:14:39,eddie@node1n12.ecdf.ed.ac.uk,1,6757
57723429,0.00123,of_28229_3,wdewulf,r,08/19/2026,10:46:42,eddie@node1h04.ecdf.ed.ac.uk,1,7
57704466,0.00123,runlisfloo,nfische2,r,08/18/2026,23:08:31,eddie@node1n09.ecdf.ed.ac.uk,1,6755
57704466,0.00123,runlisfloo,nfische2,r,08/18/2026,23:09:59,eddie@node1k11.ecdf.ed.ac.uk,1,6756
57704466,0.00123,runlisfloo,nfische2,r,08/18/2026,23:05:09,eddie@node1k20.ecdf.ed.ac.uk,1,6752
57704466,0.00123,runlisfloo,nfische2,r,08/18/2026,23:05:24,eddie@node1k14.ecdf.ed.ac.uk,1,6753
57704466,0.00123,runlisfloo,nfische2,r,08/18/2026,23:06:59,eddie@node1j13.ecdf.ed.ac.uk,1,6754
57704466,0.00123,runlisfloo,nfische2,r,08/18/2026,23:03:54,eddie@node1n02.ecdf.ed.ac.uk,1,6751
57704466,0.00122,runlisfloo,nfische2,r,08/18/2026,22:57:39,eddie@node1j12.ecdf.ed.ac.uk,1,6748
57704466,0.00122,runlisfloo,nfische2,r,08/18/2026,22:51:09,eddie@node1k10.ecdf.ed.ac.uk,1,6745
57704466,0.00122,runlisfloo,nfische2,r,08/18/2026,22:52:24,eddie@node1k14.ecdf.ed.ac.uk,1,6746
57704466,0.00122,runlisfloo,nfische2,r,08/18/2026,22:53:24,eddie@node1k15.ecdf.ed.ac.uk,1,6747
57704466,0.00122,runlisfloo,nfische2,r,08/18/2026,22:47:36,eddie@node1k14.ecdf.ed.ac.uk,1,6742
57704466,0.00122,runlisfloo,nfische2,r,08/18/2026,22:48:51,eddie@node1k14.ecdf.ed.ac.uk,1,6743
57704466,0.00122,runlisfloo,nfische2,r,08/18/2026,22:50:21,eddie@node1k11.ecdf.ed.ac.uk,1,6744
57704466,0.00122,runlisfloo,nfische2,r,08/18/2026,22:58:54,eddie@node1k15.ecdf.ed.ac.uk,1,6749
57704466,0.00122,runlisfloo,nfische2,r,08/18/2026,23:02:24,eddie@node1k13.ecdf.ed.ac.uk,1,6750
57704466,0.00122,runlisfloo,nfische2,r,08/18/2026,22:43:51,eddie@node1n02.ecdf.ed.ac.uk,1,6739
57704466,0.00122,runlisfloo,nfische2,r,08/18/2026,22:44:36,eddie@node1k15.ecdf.ed.ac.uk,1,6740
57704466,0.00122,runlisfloo,nfische2,r,08/18/2026,22:44:51,eddie@node1n10.ecdf.ed.ac.uk,1,6741
57704466,0.00121,runlisfloo,nfische2,r,08/18/2026,22:41:45,eddie@node1n09.ecdf.ed.ac.uk,1,6738
57704466,0.00121,runlisfloo,nfische2,r,08/18/2026,22:37:30,eddie@node1n12.ecdf.ed.ac.uk,1,6733
57704466,0.00121,runlisfloo,nfische2,r,08/18/2026,22:37:45,eddie@node1k15.ecdf.ed.ac.uk,1,6734
57704466,0.00121,runlisfloo,nfische2,r,08/18/2026,22:39:45,eddie@node1k15.ecdf.ed.ac.uk,1,6735
57704466,0.00121,runlisfloo,nfische2,r,08/18/2026,22:40:15,eddie@node1n06.ecdf.ed.ac.uk,1,6736
57704466,0.00121,runlisfloo,nfische2,r,08/18/2026,22:40:15,eddie@node1k14.ecdf.ed.ac.uk,1,6737
57704466,0.00121,runlisfloo,nfische2,r,08/18/2026,22:34:45,eddie@node1k14.ecdf.ed.ac.uk,1,6732
57704466,0.00121,runlisfloo,nfische2,r,08/18/2026,22:27:30,eddie@node1k11.ecdf.ed.ac.uk,1,6731
57704466,0.00120,runlisfloo,nfische2,r,08/18/2026,22:26:15,eddie@node1k12.ecdf.ed.ac.uk,1,6730
57704466,0.00120,runlisfloo,nfische2,r,08/18/2026,22:23:30,eddie@node1j13.ecdf.ed.ac.uk,1,6728
57704466,0.00120,runlisfloo,nfische2,r,08/18/2026,22:24:00,eddie@node1n12.ecdf.ed.ac.uk,1,6729
57704466,0.00120,runlisfloo,nfische2,r,08/18/2026,22:22:00,eddie@node1k19.ecdf.ed.ac.uk,1,6727
57704466,0.00120,runlisfloo,nfische2,r,08/18/2026,22:18:45,eddie@node1k15.ecdf.ed.ac.uk,1,6726
57704466,0.00120,runlisfloo,nfische2,r,08/18/2026,22:17:30,eddie@node1n02.ecdf.ed.ac.uk,1,6725
57704466,0.00120,runlisfloo,nfische2,r,08/18/2026,22:16:27,eddie@node1n02.ecdf.ed.ac.uk,1,6724
57704466,0.00120,runlisfloo,nfische2,r,08/18/2026,22:14:27,eddie@node1k12.ecdf.ed.ac.uk,1,6723
57704466,0.00119,runlisfloo,nfische2,r,08/18/2026,22:13:42,eddie@node1j12.ecdf.ed.ac.uk,1,6722
57704466,0.00119,runlisfloo,nfische2,r,08/18/2026,22:12:42,eddie@node1s12.ecdf.ed.ac.uk,1,6721
57704466,0.00119,runlisfloo,nfische2,r,08/18/2026,22:09:57,eddie@node1n09.ecdf.ed.ac.uk,1,6720
57704466,0.00119,runlisfloo,nfische2,r,08/18/2026,22:06:27,eddie@node1k11.ecdf.ed.ac.uk,1,6719
57704466,0.00119,runlisfloo,nfische2,r,08/18/2026,22:05:57,eddie@node1k15.ecdf.ed.ac.uk,1,6718
57704466,0.00119,runlisfloo,nfische2,r,08/18/2026,22:04:27,eddie@node1n09.ecdf.ed.ac.uk,1,6717
57704466,0.00119,runlisfloo,nfische2,r,08/18/2026,22:03:42,eddie@node1s12.ecdf.ed.ac.uk,1,6715
57704466,0.00119,runlisfloo,nfische2,r,08/18/2026,22:04:12,eddie@node1n12.ecdf.ed.ac.uk,1,6716
57704466,0.00119,runlisfloo,nfische2,r,08/18/2026,21:59:27,eddie@node1j13.ecdf.ed.ac.uk,1,6714
57704466,0.00119,runlisfloo,nfische2,r,08/18/2026,21:58:42,eddie@node1k16.ecdf.ed.ac.uk,1,6712
57704466,0.00119,runlisfloo,nfische2,r,08/18/2026,21:58:42,eddie@node1k10.ecdf.ed.ac.uk,1,6713
57704466,0.00118,runlisfloo,nfische2,r,08/18/2026,21:56:12,eddie@node1k12.ecdf.ed.ac.uk,1,6711
57704466,0.00118,runlisfloo,nfische2,r,08/18/2026,21:52:12,eddie@node1s12.ecdf.ed.ac.uk,1,6710
57704466,0.00118,runlisfloo,nfische2,r,08/18/2026,21:46:12,eddie@node1n03.ecdf.ed.ac.uk,1,6709
57704466,0.00117,runlisfloo,nfische2,r,08/18/2026,00:50:09,eddie@node1j12.ecdf.ed.ac.uk,1,6001
57704466,0.00117,runlisfloo,nfische2,r,08/18/2026,21:40:12,eddie@node1s12.ecdf.ed.ac.uk,1,6707
57704466,0.00117,runlisfloo,nfische2,r,08/18/2026,21:43:42,eddie@node1n10.ecdf.ed.ac.uk,1,6708
57704466,0.00117,runlisfloo,nfische2,r,08/18/2026,21:38:57,eddie@node1k10.ecdf.ed.ac.uk,1,6705
57704466,0.00117,runlisfloo,nfische2,r,08/18/2026,21:39:12,eddie@node1k15.ecdf.ed.ac.uk,1,6706
57704466,0.00117,runlisfloo,nfische2,r,08/18/2026,21:37:27,eddie@node1k14.ecdf.ed.ac.uk,1,6704
57704466,0.00117,runlisfloo,nfische2,r,08/18/2026,21:33:42,eddie@node1n12.ecdf.ed.ac.uk,1,6702
57704466,0.00117,runlisfloo,nfische2,r,08/18/2026,21:35:12,eddie@node1k18.ecdf.ed.ac.uk,1,6703
57704466,0.00117,runlisfloo,nfische2,r,08/18/2026,21:30:27,eddie@node1k18.ecdf.ed.ac.uk,1,6701
57704466,0.00116,runlisfloo,nfische2,r,08/18/2026,21:19:57,eddie@node1n09.ecdf.ed.ac.uk,1,6700
57704466,0.00116,runlisfloo,nfische2,r,08/18/2026,21:16:42,eddie@node1k13.ecdf.ed.ac.uk,1,6698
57704466,0.00116,runlisfloo,nfische2,r,08/18/2026,21:18:57,eddie@node1k11.ecdf.ed.ac.uk,1,6699
57704466,0.00116,runlisfloo,nfische2,r,08/18/2026,21:12:57,eddie@node1k17.ecdf.ed.ac.uk,1,6697
57704466,0.00115,runlisfloo,nfische2,r,08/18/2026,21:04:27,eddie@node1j12.ecdf.ed.ac.uk,1,6696
57704466,0.00115,runlisfloo,nfische2,r,08/18/2026,21:03:42,eddie@node1k10.ecdf.ed.ac.uk,1,6695
57704466,0.00115,runlisfloo,nfische2,r,08/18/2026,21:02:17,eddie@node1k14.ecdf.ed.ac.uk,1,6694
57722997,0.00114,compress9,s2745005,r,08/19/2026,10:20:05,eddie@node1q04.ecdf.ed.ac.uk,5
57704466,0.00114,runlisfloo,nfische2,r,08/18/2026,20:55:47,eddie@node1k20.ecdf.ed.ac.uk,1,6693
57704466,0.00114,runlisfloo,nfische2,r,08/18/2026,20:52:33,eddie@node1n09.ecdf.ed.ac.uk,1,6692
57704466,0.00114,runlisfloo,nfische2,r,08/18/2026,20:49:32,eddie@node1k10.ecdf.ed.ac.uk,1,6691
57704466,0.00114,runlisfloo,nfische2,r,08/18/2026,20:47:18,eddie@node1k11.ecdf.ed.ac.uk,1,6690
57704466,0.00114,runlisfloo,nfische2,r,08/18/2026,20:46:18,eddie@node1k15.ecdf.ed.ac.uk,1,6689
57704466,0.00114,runlisfloo,nfische2,r,08/18/2026,20:45:03,eddie@node1j13.ecdf.ed.ac.uk,1,6688
57704466,0.00114,runlisfloo,nfische2,r,08/18/2026,20:38:32,eddie@node1j13.ecdf.ed.ac.uk,1,6684
57704466,0.00114,runlisfloo,nfische2,r,08/18/2026,20:43:03,eddie@node1k13.ecdf.ed.ac.uk,1,6687
57704466,0.00114,runlisfloo,nfische2,r,08/18/2026,20:37:17,eddie@node1n05.ecdf.ed.ac.uk,1,6683
57704466,0.00113,runlisfloo,nfische2,r,08/18/2026,20:29:02,eddie@node1j13.ecdf.ed.ac.uk,1,6682
57704466,0.00113,runlisfloo,nfische2,r,08/18/2026,20:25:17,eddie@node1n06.ecdf.ed.ac.uk,1,6678
57704466,0.00113,runlisfloo,nfische2,r,08/18/2026,20:25:32,eddie@node1n02.ecdf.ed.ac.uk,1,6679
57704466,0.00113,runlisfloo,nfische2,r,08/18/2026,20:27:02,eddie@node1k17.ecdf.ed.ac.uk,1,6680
57704466,0.00113,runlisfloo,nfische2,r,08/18/2026,20:28:17,eddie@node1n09.ecdf.ed.ac.uk,1,6681
57704466,0.00113,runlisfloo,nfische2,r,08/18/2026,20:23:17,eddie@node1k18.ecdf.ed.ac.uk,1,6676
57704466,0.00113,runlisfloo,nfische2,r,08/18/2026,20:23:17,eddie@node1k14.ecdf.ed.ac.uk,1,6677
57704466,0.00113,runlisfloo,nfische2,r,08/18/2026,20:23:02,eddie@node1n07.ecdf.ed.ac.uk,1,6675
57704466,0.00112,runlisfloo,nfische2,r,08/18/2026,20:22:33,eddie@node1k17.ecdf.ed.ac.uk,1,6674
57704466,0.00112,runlisfloo,nfische2,r,08/18/2026,20:21:02,eddie@node1j13.ecdf.ed.ac.uk,1,6673
57704466,0.00112,runlisfloo,nfische2,r,08/18/2026,20:20:47,eddie@node1n10.ecdf.ed.ac.uk,1,6672
57704466,0.00112,runlisfloo,nfische2,r,08/18/2026,20:20:17,eddie@node1j13.ecdf.ed.ac.uk,1,6671
57704466,0.00112,runlisfloo,nfische2,r,08/18/2026,20:19:08,eddie@node1n05.ecdf.ed.ac.uk,1,6669
57704466,0.00112,runlisfloo,nfische2,r,08/18/2026,20:19:08,eddie@node1s12.ecdf.ed.ac.uk,1,6670
57704466,0.00112,runlisfloo,nfische2,r,08/18/2026,20:16:16,eddie@node1n08.ecdf.ed.ac.uk,1,6655
57704466,0.00112,runlisfloo,nfische2,r,08/18/2026,20:18:27,eddie@node1n02.ecdf.ed.ac.uk,1,6656
57704466,0.00112,runlisfloo,nfische2,r,08/18/2026,20:18:27,eddie@node1n05.ecdf.ed.ac.uk,1,6657
57704466,0.00112,runlisfloo,nfische2,r,08/18/2026,20:18:27,eddie@node1n01.ecdf.ed.ac.uk,1,6658
57704466,0.00112,runlisfloo,nfische2,r,08/18/2026,20:18:27,eddie@node1n08.ecdf.ed.ac.uk,1,6659
57704466,0.00112,runlisfloo,nfische2,r,08/18/2026,20:18:27,eddie@node1n01.ecdf.ed.ac.uk,1,6660
57704466,0.00112,runlisfloo,nfische2,r,08/18/2026,20:18:27,eddie@node1n08.ecdf.ed.ac.uk,1,6661
57704466,0.00112,runlisfloo,nfische2,r,08/18/2026,20:18:27,eddie@node1s12.ecdf.ed.ac.uk,1,6662
57704466,0.00112,runlisfloo,nfische2,r,08/18/2026,20:18:27,eddie@node1s12.ecdf.ed.ac.uk,1,6663
57704466,0.00112,runlisfloo,nfische2,r,08/18/2026,20:18:27,eddie@node1k13.ecdf.ed.ac.uk,1,6664
57704466,0.00112,runlisfloo,nfische2,r,08/18/2026,20:18:51,eddie@node1n07.ecdf.ed.ac.uk,1,6665
57704466,0.00112,runlisfloo,nfische2,r,08/18/2026,20:18:51,eddie@node1n06.ecdf.ed.ac.uk,1,6666
57704466,0.00112,runlisfloo,nfische2,r,08/18/2026,20:18:51,eddie@node1n08.ecdf.ed.ac.uk,1,6667
57704466,0.00112,runlisfloo,nfische2,r,08/18/2026,20:18:51,eddie@node1n11.ecdf.ed.ac.uk,1,6668
57704466,0.00112,runlisfloo,nfische2,r,08/18/2026,20:14:02,eddie@node1n01.ecdf.ed.ac.uk,1,6654
57704466,0.00112,runlisfloo,nfische2,r,08/18/2026,20:13:32,eddie@node1n11.ecdf.ed.ac.uk,1,6653
57704466,0.00112,runlisfloo,nfische2,r,08/18/2026,20:12:17,eddie@node1n12.ecdf.ed.ac.uk,1,6652
57704466,0.00112,runlisfloo,nfische2,r,08/18/2026,20:11:46,eddie@node1n06.ecdf.ed.ac.uk,1,6651
57704466,0.00112,runlisfloo,nfische2,r,08/18/2026,20:11:01,eddie@node1k16.ecdf.ed.ac.uk,1,6650
57704466,0.00112,runlisfloo,nfische2,r,08/18/2026,20:08:17,eddie@node1k10.ecdf.ed.ac.uk,1,6649
57722807,0.00112,s5_21_2021,yhu5,r,08/19/2026,09:26:55,eddie@node1o04.ecdf.ed.ac.uk,1
57704466,0.00111,runlisfloo,nfische2,r,08/18/2026,20:06:17,eddie@node1k20.ecdf.ed.ac.uk,1,6648
57704466,0.00111,runlisfloo,nfische2,r,08/18/2026,20:04:32,eddie@node1k14.ecdf.ed.ac.uk,1,6646
57704466,0.00111,runlisfloo,nfische2,r,08/18/2026,20:05:02,eddie@node1n09.ecdf.ed.ac.uk,1,6647
57704466,0.00111,runlisfloo,nfische2,r,08/18/2026,20:01:47,eddie@node1j12.ecdf.ed.ac.uk,1,6641
57704466,0.00111,runlisfloo,nfische2,r,08/18/2026,20:02:02,eddie@node1n08.ecdf.ed.ac.uk,1,6642
57704466,0.00111,runlisfloo,nfische2,r,08/18/2026,20:03:17,eddie@node1k18.ecdf.ed.ac.uk,1,6643
57704466,0.00111,runlisfloo,nfische2,r,08/18/2026,20:04:02,eddie@node1n06.ecdf.ed.ac.uk,1,6644
57704466,0.00111,runlisfloo,nfische2,r,08/18/2026,20:04:17,eddie@node1n02.ecdf.ed.ac.uk,1,6645
57704466,0.00111,runlisfloo,nfische2,r,08/18/2026,19:58:02,eddie@node1k14.ecdf.ed.ac.uk,1,6638
57704466,0.00111,runlisfloo,nfische2,r,08/18/2026,19:59:47,eddie@node1k11.ecdf.ed.ac.uk,1,6639
57704466,0.00111,runlisfloo,nfische2,r,08/18/2026,20:00:01,eddie@node1k19.ecdf.ed.ac.uk,1,6640
57704466,0.00111,runlisfloo,nfische2,r,08/18/2026,19:53:46,eddie@node1k18.ecdf.ed.ac.uk,1,6633
57704466,0.00111,runlisfloo,nfische2,r,08/18/2026,19:54:01,eddie@node1k16.ecdf.ed.ac.uk,1,6634
57704466,0.00111,runlisfloo,nfische2,r,08/18/2026,19:54:46,eddie@node1k17.ecdf.ed.ac.uk,1,6635
57704466,0.00111,runlisfloo,nfische2,r,08/18/2026,19:56:16,eddie@node1k18.ecdf.ed.ac.uk,1,6636
57704466,0.00111,runlisfloo,nfische2,r,08/18/2026,19:56:31,eddie@node1n10.ecdf.ed.ac.uk,1,6637
57704466,0.00110,runlisfloo,nfische2,r,08/18/2026,19:51:01,eddie@node1k13.ecdf.ed.ac.uk,1,6631
57704466,0.00110,runlisfloo,nfische2,r,08/18/2026,19:52:31,eddie@node1j13.ecdf.ed.ac.uk,1,6632
57704466,0.00110,runlisfloo,nfische2,r,08/18/2026,19:49:01,eddie@node1k16.ecdf.ed.ac.uk,1,6630
57704466,0.00110,runlisfloo,nfische2,r,08/18/2026,19:47:46,eddie@node1n05.ecdf.ed.ac.uk,1,6629
57704466,0.00110,runlisfloo,nfische2,r,08/18/2026,19:45:01,eddie@node1k12.ecdf.ed.ac.uk,1,6627
57704466,0.00110,runlisfloo,nfische2,r,08/18/2026,19:45:01,eddie@node1k10.ecdf.ed.ac.uk,1,6628
57704466,0.00110,runlisfloo,nfische2,r,08/18/2026,19:44:01,eddie@node1k17.ecdf.ed.ac.uk,1,6626
57704466,0.00110,runlisfloo,nfische2,r,08/18/2026,19:43:31,eddie@node1k10.ecdf.ed.ac.uk,1,6625
57704466,0.00110,runlisfloo,nfische2,r,08/18/2026,19:43:00,eddie@node1j13.ecdf.ed.ac.uk,1,6624
57704466,0.00110,runlisfloo,nfische2,r,08/18/2026,19:42:15,eddie@node1n01.ecdf.ed.ac.uk,1,6623
57704466,0.00110,runlisfloo,nfische2,r,08/18/2026,19:41:45,eddie@node1n05.ecdf.ed.ac.uk,1,6621
57704466,0.00110,runlisfloo,nfische2,r,08/18/2026,19:41:46,eddie@node1n09.ecdf.ed.ac.uk,1,6622
57704466,0.00110,runlisfloo,nfische2,r,08/18/2026,19:40:30,eddie@node1n10.ecdf.ed.ac.uk,1,6620
57704466,0.00109,runlisfloo,nfische2,r,08/18/2026,19:31:31,eddie@node1n10.ecdf.ed.ac.uk,1,6616
57704466,0.00109,runlisfloo,nfische2,r,08/18/2026,19:28:01,eddie@node1k14.ecdf.ed.ac.uk,1,6612
57704466,0.00109,runlisfloo,nfische2,r,08/18/2026,19:31:46,eddie@node1k13.ecdf.ed.ac.uk,1,6617
57704466,0.00109,runlisfloo,nfische2,r,08/18/2026,19:29:16,eddie@node1n02.ecdf.ed.ac.uk,1,6613
57704466,0.00109,runlisfloo,nfische2,r,08/18/2026,19:29:46,eddie@node1j12.ecdf.ed.ac.uk,1,6614
57704466,0.00109,runlisfloo,nfische2,r,08/18/2026,19:35:16,eddie@node1j12.ecdf.ed.ac.uk,1,6619
57704466,0.00109,runlisfloo,nfische2,r,08/18/2026,19:30:01,eddie@node1n10.ecdf.ed.ac.uk,1,6615
57704466,0.00109,runlisfloo,nfische2,r,08/18/2026,19:32:16,eddie@node1k14.ecdf.ed.ac.uk,1,6618
57704466,0.00108,runlisfloo,nfische2,r,08/18/2026,19:17:46,eddie@node1k15.ecdf.ed.ac.uk,1,6611
57704466,0.00108,runlisfloo,nfische2,r,08/18/2026,19:12:46,eddie@node1k20.ecdf.ed.ac.uk,1,6607
57704466,0.00108,runlisfloo,nfische2,r,08/18/2026,19:13:01,eddie@node1k17.ecdf.ed.ac.uk,1,6608
57704466,0.00108,runlisfloo,nfische2,r,08/18/2026,19:13:16,eddie@node1k17.ecdf.ed.ac.uk,1,6609
57704466,0.00108,runlisfloo,nfische2,r,08/18/2026,19:14:16,eddie@node1n05.ecdf.ed.ac.uk,1,6610
57704466,0.00108,runlisfloo,nfische2,r,08/18/2026,19:09:01,eddie@node1n10.ecdf.ed.ac.uk,1,6603
57704466,0.00108,runlisfloo,nfische2,r,08/18/2026,01:11:17,eddie@node1k15.ecdf.ed.ac.uk,1,6002
57704466,0.00108,runlisfloo,nfische2,r,08/18/2026,19:08:16,eddie@node1n01.ecdf.ed.ac.uk,1,6602
57723429,0.00108,of_28229_3,wdewulf,r,08/19/2026,10:46:42,eddie@node1r12.ecdf.ed.ac.uk,1,8
57704466,0.00108,runlisfloo,nfische2,r,08/18/2026,19:07:01,eddie@node1k18.ecdf.ed.ac.uk,1,6599
57704466,0.00108,runlisfloo,nfische2,r,08/18/2026,19:08:01,eddie@node1k19.ecdf.ed.ac.uk,1,6601
57704466,0.00108,runlisfloo,nfische2,r,08/18/2026,19:06:31,eddie@node1k14.ecdf.ed.ac.uk,1,6598
57704466,0.00107,runlisfloo,nfische2,r,08/18/2026,19:05:31,eddie@node1n01.ecdf.ed.ac.uk,1,6597
57704466,0.00107,runlisfloo,nfische2,r,08/18/2026,19:04:31,eddie@node1n12.ecdf.ed.ac.uk,1,6596
57704466,0.00107,runlisfloo,nfische2,r,08/18/2026,19:03:31,eddie@node1n01.ecdf.ed.ac.uk,1,6595
57704466,0.00107,runlisfloo,nfische2,r,08/18/2026,18:57:06,eddie@node1k16.ecdf.ed.ac.uk,1,6592
57704466,0.00107,runlisfloo,nfische2,r,08/18/2026,18:58:22,eddie@node1k14.ecdf.ed.ac.uk,1,6593
57704466,0.00107,runlisfloo,nfische2,r,08/18/2026,19:02:42,eddie@node1k15.ecdf.ed.ac.uk,1,6594
57704466,0.00107,runlisfloo,nfische2,r,08/18/2026,18:56:22,eddie@node1n12.ecdf.ed.ac.uk,1,6591
57704466,0.00107,runlisfloo,nfische2,r,08/18/2026,18:55:36,eddie@node1k14.ecdf.ed.ac.uk,1,6590
57704466,0.00106,runlisfloo,nfische2,r,08/18/2026,18:54:22,eddie@node1k13.ecdf.ed.ac.uk,1,6588
57704466,0.00106,runlisfloo,nfische2,r,08/18/2026,18:54:37,eddie@node1k19.ecdf.ed.ac.uk,1,6589
57704466,0.00106,runlisfloo,nfische2,r,08/18/2026,18:51:07,eddie@node1n10.ecdf.ed.ac.uk,1,6585
57704466,0.00106,runlisfloo,nfische2,r,08/18/2026,18:52:52,eddie@node1k16.ecdf.ed.ac.uk,1,6586
57704466,0.00106,runlisfloo,nfische2,r,08/18/2026,18:54:07,eddie@node1k17.ecdf.ed.ac.uk,1,6587
57704466,0.00106,runlisfloo,nfische2,r,08/18/2026,18:47:07,eddie@node1s12.ecdf.ed.ac.uk,1,6584
57704466,0.00105,runlisfloo,nfische2,r,08/18/2026,18:36:22,eddie@node1n10.ecdf.ed.ac.uk,1,6580
57704466,0.00105,runlisfloo,nfische2,r,08/18/2026,18:33:52,eddie@node1k15.ecdf.ed.ac.uk,1,6577
57704466,0.00105,runlisfloo,nfische2,r,08/18/2026,18:33:52,eddie@node1k17.ecdf.ed.ac.uk,1,6578
57704466,0.00105,runlisfloo,nfische2,r,08/18/2026,18:35:22,eddie@node1j13.ecdf.ed.ac.uk,1,6579
57704466,0.00105,runlisfloo,nfische2,r,08/18/2026,18:41:37,eddie@node1k17.ecdf.ed.ac.uk,1,6581
57704466,0.00105,runlisfloo,nfische2,r,08/18/2026,18:44:22,eddie@node1n01.ecdf.ed.ac.uk,1,6582
57704466,0.00105,runlisfloo,nfische2,r,08/18/2026,18:44:22,eddie@node1n09.ecdf.ed.ac.uk,1,6583
57704466,0.00105,runlisfloo,nfische2,r,08/18/2026,18:33:22,eddie@node1k10.ecdf.ed.ac.uk,1,6576
57723003,0.00105,compress10,s2745005,r,08/19/2026,10:22:05,eddie@node1q13.ecdf.ed.ac.uk,5
57722901,0.00105,CO22d_fab,s2673720,r,08/19/2026,09:54:57,eddie@node1j10.ecdf.ed.ac.uk,10
57700913,0.00105,QLOGIN,s1903776,r,08/17/2026,11:47:17,eddie@node1j14.ecdf.ed.ac.uk,15
57704379,0.00105,Pan_4,s2745005,r,08/17/2026,16:07:42,eddie@node1t01.ecdf.ed.ac.uk,24
57704466,0.00105,runlisfloo,nfische2,r,08/18/2026,18:31:18,eddie@node1k15.ecdf.ed.ac.uk,1,6575
57704466,0.00105,runlisfloo,nfische2,r,08/18/2026,18:27:33,eddie@node1k16.ecdf.ed.ac.uk,1,6571
57704466,0.00105,runlisfloo,nfische2,r,08/18/2026,18:28:03,eddie@node1s12.ecdf.ed.ac.uk,1,6572
57704466,0.00105,runlisfloo,nfische2,r,08/18/2026,18:30:03,eddie@node1k11.ecdf.ed.ac.uk,1,6573
57704466,0.00105,runlisfloo,nfische2,r,08/18/2026,18:30:48,eddie@node1k11.ecdf.ed.ac.uk,1,6574
57704466,0.00104,runlisfloo,nfische2,r,08/18/2026,18:19:33,eddie@node1s11.ecdf.ed.ac.uk,1,6570
57704466,0.00104,runlisfloo,nfische2,r,08/18/2026,18:14:33,eddie@node1k12.ecdf.ed.ac.uk,1,6562
57704466,0.00104,runlisfloo,nfische2,r,08/18/2026,18:14:48,eddie@node1s12.ecdf.ed.ac.uk,1,6563
57704466,0.00104,runlisfloo,nfische2,r,08/18/2026,18:15:33,eddie@node1n12.ecdf.ed.ac.uk,1,6564
57704466,0.00104,runlisfloo,nfische2,r,08/18/2026,18:16:03,eddie@node1k12.ecdf.ed.ac.uk,1,6565
57704466,0.00104,runlisfloo,nfische2,r,08/18/2026,18:16:18,eddie@node1k14.ecdf.ed.ac.uk,1,6566
57704466,0.00104,runlisfloo,nfische2,r,08/18/2026,18:16:33,eddie@node1n12.ecdf.ed.ac.uk,1,6567
57704466,0.00104,runlisfloo,nfische2,r,08/18/2026,18:17:18,eddie@node1k19.ecdf.ed.ac.uk,1,6568
57704466,0.00104,runlisfloo,nfische2,r,08/18/2026,18:18:03,eddie@node1s12.ecdf.ed.ac.uk,1,6569
57704466,0.00104,runlisfloo,nfische2,r,08/18/2026,18:09:03,eddie@node1j12.ecdf.ed.ac.uk,1,6556
57704466,0.00104,runlisfloo,nfische2,r,08/18/2026,18:09:48,eddie@node1k13.ecdf.ed.ac.uk,1,6557
57704466,0.00104,runlisfloo,nfische2,r,08/18/2026,18:10:48,eddie@node1j13.ecdf.ed.ac.uk,1,6558
57704466,0.00104,runlisfloo,nfische2,r,08/18/2026,18:11:33,eddie@node1s09.ecdf.ed.ac.uk,1,6559
57704466,0.00104,runlisfloo,nfische2,r,08/18/2026,18:11:48,eddie@node1k10.ecdf.ed.ac.uk,1,6560
57704466,0.00104,runlisfloo,nfische2,r,08/18/2026,18:12:33,eddie@node1s11.ecdf.ed.ac.uk,1,6561
57704466,0.00104,runlisfloo,nfische2,r,08/18/2026,18:04:33,eddie@node1n03.ecdf.ed.ac.uk,1,6553
57704466,0.00104,runlisfloo,nfische2,r,08/18/2026,18:05:48,eddie@node1k10.ecdf.ed.ac.uk,1,6554
57704466,0.00104,runlisfloo,nfische2,r,08/18/2026,18:06:48,eddie@node1k15.ecdf.ed.ac.uk,1,6555
57704466,0.00102,runlisfloo,nfische2,r,08/18/2026,17:59:18,eddie@node1k11.ecdf.ed.ac.uk,1,6550
57704466,0.00102,runlisfloo,nfische2,r,08/18/2026,17:59:33,eddie@node1k13.ecdf.ed.ac.uk,1,6551
57704466,0.00102,runlisfloo,nfische2,r,08/18/2026,18:01:33,eddie@node1k19.ecdf.ed.ac.uk,1,6552
57704466,0.00102,runlisfloo,nfische2,r,08/18/2026,17:47:18,eddie@node1k18.ecdf.ed.ac.uk,1,6546
57704466,0.00102,runlisfloo,nfische2,r,08/18/2026,17:47:48,eddie@node1n08.ecdf.ed.ac.uk,1,6547
57704466,0.00102,runlisfloo,nfische2,r,08/18/2026,17:49:33,eddie@node1k11.ecdf.ed.ac.uk,1,6548
57704466,0.00102,runlisfloo,nfische2,r,08/18/2026,17:50:33,eddie@node1k12.ecdf.ed.ac.uk,1,6549
57704466,0.00102,runlisfloo,nfische2,r,08/18/2026,17:35:50,eddie@node1k14.ecdf.ed.ac.uk,1,6544
57704466,0.00102,runlisfloo,nfische2,r,08/18/2026,17:37:05,eddie@node1k16.ecdf.ed.ac.uk,1,6545
57704466,0.00101,runlisfloo,nfische2,r,08/18/2026,17:32:50,eddie@node1k17.ecdf.ed.ac.uk,1,6543
57704466,0.00101,runlisfloo,nfische2,r,08/18/2026,17:31:31,eddie@node1s12.ecdf.ed.ac.uk,1,6541
57704466,0.00101,runlisfloo,nfische2,r,08/18/2026,17:31:31,eddie@node1s12.ecdf.ed.ac.uk,1,6542
57704466,0.00101,runlisfloo,nfische2,r,08/18/2026,17:27:46,eddie@node1n10.ecdf.ed.ac.uk,1,6536
57704466,0.00101,runlisfloo,nfische2,r,08/18/2026,17:27:01,eddie@node1k17.ecdf.ed.ac.uk,1,6535
57704466,0.00101,runlisfloo,nfische2,r,08/18/2026,17:25:32,eddie@node1k17.ecdf.ed.ac.uk,1,6534
57704466,0.00101,runlisfloo,nfische2,r,08/18/2026,17:24:02,eddie@node1n12.ecdf.ed.ac.uk,1,6533
57704466,0.00101,runlisfloo,nfische2,r,08/18/2026,17:28:16,eddie@node1s12.ecdf.ed.ac.uk,1,6537
57704466,0.00101,runlisfloo,nfische2,r,08/18/2026,17:28:16,eddie@node1s12.ecdf.ed.ac.uk,1,6538
57704466,0.00101,runlisfloo,nfische2,r,08/18/2026,17:28:16,eddie@node1s12.ecdf.ed.ac.uk,1,6539
57704466,0.00101,runlisfloo,nfische2,r,08/18/2026,17:28:16,eddie@node1s12.ecdf.ed.ac.uk,1,6540
57704466,0.00101,runlisfloo,nfische2,r,08/18/2026,17:23:02,eddie@node1k18.ecdf.ed.ac.uk,1,6532
57704466,0.00101,runlisfloo,nfische2,r,08/18/2026,17:20:32,eddie@node1k20.ecdf.ed.ac.uk,1,6531
57704466,0.00101,runlisfloo,nfische2,r,08/18/2026,17:15:39,eddie@node1s10.ecdf.ed.ac.uk,1,6529
57705262,0.00101,QLOGIN,crobert,r,08/17/2026,22:14:14,eddie@node1i22.ecdf.ed.ac.uk,1
57704466,0.00101,runlisfloo,nfische2,r,08/18/2026,17:16:54,eddie@node1n01.ecdf.ed.ac.uk,1,6530
57704466,0.00100,runlisfloo,nfische2,r,08/18/2026,17:10:09,eddie@node1s12.ecdf.ed.ac.uk,1,6522
57722902,0.00100,CO23d_fab,s2673720,r,08/19/2026,09:54:57,eddie@node1j21.ecdf.ed.ac.uk,10
57704466,0.00100,runlisfloo,nfische2,r,08/18/2026,17:12:54,eddie@node1k14.ecdf.ed.ac.uk,1,6526
57704466,0.00100,runlisfloo,nfische2,r,08/18/2026,17:13:54,eddie@node1k15.ecdf.ed.ac.uk,1,6527
57704466,0.00100,runlisfloo,nfische2,r,08/18/2026,17:14:24,eddie@node1k15.ecdf.ed.ac.uk,1,6528
57704466,0.00100,runlisfloo,nfische2,r,08/18/2026,17:10:40,eddie@node1s11.ecdf.ed.ac.uk,1,6523
57704466,0.00100,runlisfloo,nfische2,r,08/18/2026,17:10:55,eddie@node1s11.ecdf.ed.ac.uk,1,6524
57704466,0.00100,runlisfloo,nfische2,r,08/18/2026,17:11:54,eddie@node1n08.ecdf.ed.ac.uk,1,6525
57704466,0.00100,runlisfloo,nfische2,r,08/18/2026,17:07:34,eddie@node1k14.ecdf.ed.ac.uk,1,6521
57704466,0.00100,runlisfloo,nfische2,r,08/18/2026,17:06:49,eddie@node1k17.ecdf.ed.ac.uk,1,6520
57704466,0.00100,runlisfloo,nfische2,r,08/18/2026,17:05:49,eddie@node1k14.ecdf.ed.ac.uk,1,6519
57704466,0.00100,runlisfloo,nfische2,r,08/18/2026,17:05:35,eddie@node1n06.ecdf.ed.ac.uk,1,6518
57704466,0.00100,runlisfloo,nfische2,r,08/18/2026,17:03:04,eddie@node1s10.ecdf.ed.ac.uk,1,6517
57704466,0.00100,runlisfloo,nfische2,r,08/18/2026,01:14:02,eddie@node1k17.ecdf.ed.ac.uk,1,6003
57704466,0.00099,runlisfloo,nfische2,r,08/18/2026,17:00:49,eddie@node1k13.ecdf.ed.ac.uk,1,6516
57704466,0.00099,runlisfloo,nfische2,r,08/18/2026,17:00:20,eddie@node1s12.ecdf.ed.ac.uk,1,6515
57612978,0.00099,plot_cons_,s2559269,r,08/11/2026,10:45:31,igmm_long@node1b03.ecdf.ed.ac.,12,3
57704466,0.00099,runlisfloo,nfische2,r,08/18/2026,16:57:50,eddie@node1s11.ecdf.ed.ac.uk,1,6513
57704466,0.00099,runlisfloo,nfische2,r,08/18/2026,16:57:50,eddie@node1j13.ecdf.ed.ac.uk,1,6514
57704466,0.00099,runlisfloo,nfische2,r,08/18/2026,16:57:20,eddie@node1s11.ecdf.ed.ac.uk,1,6512
57704466,0.00099,runlisfloo,nfische2,r,08/18/2026,16:55:50,eddie@node1s10.ecdf.ed.ac.uk,1,6511
57704466,0.00099,runlisfloo,nfische2,r,08/18/2026,16:53:05,eddie@node1k13.ecdf.ed.ac.uk,1,6510
57704466,0.00099,runlisfloo,nfische2,r,08/18/2026,16:52:05,eddie@node1n08.ecdf.ed.ac.uk,1,6509
57704466,0.00099,runlisfloo,nfische2,r,08/18/2026,16:50:56,eddie@node1s11.ecdf.ed.ac.uk,1,6508
57704466,0.00099,runlisfloo,nfische2,r,08/18/2026,16:50:06,eddie@node1s11.ecdf.ed.ac.uk,1,6506
57704466,0.00099,runlisfloo,nfische2,r,08/18/2026,16:50:21,eddie@node1k17.ecdf.ed.ac.uk,1,6507
57704466,0.00099,runlisfloo,nfische2,r,08/18/2026,16:47:25,eddie@node1k15.ecdf.ed.ac.uk,1,6505
57704466,0.00098,runlisfloo,nfische2,r,08/18/2026,16:45:06,eddie@node1s11.ecdf.ed.ac.uk,1,6502
57704466,0.00098,runlisfloo,nfische2,r,08/18/2026,16:45:06,eddie@node1k12.ecdf.ed.ac.uk,1,6503
57704466,0.00098,runlisfloo,nfische2,r,08/18/2026,16:46:06,eddie@node1s11.ecdf.ed.ac.uk,1,6504
57704466,0.00098,runlisfloo,nfische2,r,08/18/2026,16:44:21,eddie@node1k12.ecdf.ed.ac.uk,1,6501
57704466,0.00098,runlisfloo,nfische2,r,08/18/2026,16:43:51,eddie@node1s09.ecdf.ed.ac.uk,1,6500
57704466,0.00098,runlisfloo,nfische2,r,08/18/2026,16:43:36,eddie@node1k13.ecdf.ed.ac.uk,1,6499
57704466,0.00098,runlisfloo,nfische2,r,08/18/2026,16:41:51,eddie@node1j13.ecdf.ed.ac.uk,1,6498
57704466,0.00098,runlisfloo,nfische2,r,08/18/2026,16:40:39,eddie@node1s12.ecdf.ed.ac.uk,1,6495
57704466,0.00098,runlisfloo,nfische2,r,08/18/2026,16:40:39,eddie@node1k15.ecdf.ed.ac.uk,1,6496
57704466,0.00098,runlisfloo,nfische2,r,08/18/2026,16:40:39,eddie@node1n10.ecdf.ed.ac.uk,1,6497
57704466,0.00098,runlisfloo,nfische2,r,08/18/2026,16:38:34,eddie@node1k19.ecdf.ed.ac.uk,1,6494
57704466,0.00098,runlisfloo,nfische2,r,08/18/2026,16:34:04,eddie@node1s10.ecdf.ed.ac.uk,1,6493
57722808,0.00098,s5_21_2021,yhu5,r,08/19/2026,09:26:55,eddie@node1l26.ecdf.ed.ac.uk,1
57704466,0.00098,runlisfloo,nfische2,r,08/18/2026,16:32:38,eddie@node1s11.ecdf.ed.ac.uk,1,6492
57704466,0.00097,runlisfloo,nfische2,r,08/18/2026,16:30:53,eddie@node1j13.ecdf.ed.ac.uk,1,6490
57704466,0.00097,runlisfloo,nfische2,r,08/18/2026,16:31:23,eddie@node1k20.ecdf.ed.ac.uk,1,6491
57704466,0.00097,runlisfloo,nfische2,r,08/18/2026,16:30:38,eddie@node1k15.ecdf.ed.ac.uk,1,6489
57704466,0.00097,runlisfloo,nfische2,r,08/18/2026,16:25:57,eddie@node1k13.ecdf.ed.ac.uk,1,6488
57704466,0.00097,runlisfloo,nfische2,r,08/18/2026,16:24:42,eddie@node1k13.ecdf.ed.ac.uk,1,6487
57704466,0.00097,runlisfloo,nfische2,r,08/18/2026,16:23:54,eddie@node1k16.ecdf.ed.ac.uk,1,6486
57704466,0.00097,runlisfloo,nfische2,r,08/18/2026,16:23:30,eddie@node1n07.ecdf.ed.ac.uk,1,6485
57704466,0.00097,runlisfloo,nfische2,r,08/18/2026,16:20:59,eddie@node1k16.ecdf.ed.ac.uk,1,6484
57722903,0.00096,CO23d_elbo,s2673720,r,08/19/2026,09:54:57,eddie@node1m12.ecdf.ed.ac.uk,10
57704466,0.00096,runlisfloo,nfische2,r,08/18/2026,16:14:43,eddie@node1s11.ecdf.ed.ac.uk,1,6482
57704466,0.00096,runlisfloo,nfische2,r,08/18/2026,16:15:28,eddie@node1k12.ecdf.ed.ac.uk,1,6483
57704466,0.00096,runlisfloo,nfische2,r,08/18/2026,16:08:35,eddie@node1s12.ecdf.ed.ac.uk,1,6480
57704466,0.00096,runlisfloo,nfische2,r,08/18/2026,16:06:36,eddie@node1s11.ecdf.ed.ac.uk,1,6479
57704466,0.00096,runlisfloo,nfische2,r,08/18/2026,16:03:12,eddie@node1k14.ecdf.ed.ac.uk,1,6477
57723429,0.00096,of_28229_3,wdewulf,r,08/19/2026,10:46:42,eddie@node1s17.ecdf.ed.ac.uk,1,9
57704466,0.00096,runlisfloo,nfische2,r,08/18/2026,16:03:28,eddie@node1s11.ecdf.ed.ac.uk,1,6478
57704466,0.00096,runlisfloo,nfische2,r,08/18/2026,16:09:35,eddie@node1k17.ecdf.ed.ac.uk,1,6481
57704466,0.00095,runlisfloo,nfische2,r,08/18/2026,15:56:14,eddie@node1k19.ecdf.ed.ac.uk,1,6476
57704466,0.00095,runlisfloo,nfische2,r,08/18/2026,15:53:00,eddie@node1k19.ecdf.ed.ac.uk,1,6475
57704466,0.00095,runlisfloo,nfische2,r,08/18/2026,15:48:56,eddie@node1k14.ecdf.ed.ac.uk,1,6474
57700920,0.00095,QLOGIN,s1903776,r,08/17/2026,11:49:35,eddie@node1j24.ecdf.ed.ac.uk,15
57704466,0.00095,runlisfloo,nfische2,r,08/18/2026,15:44:57,eddie@node1n09.ecdf.ed.ac.uk,1,6473
57704466,0.00095,runlisfloo,nfische2,r,08/18/2026,01:25:20,eddie@node1k17.ecdf.ed.ac.uk,1,6004
57704466,0.00095,runlisfloo,nfische2,r,08/18/2026,15:42:23,eddie@node1j12.ecdf.ed.ac.uk,1,6472
57704466,0.00094,runlisfloo,nfische2,r,08/18/2026,15:35:12,eddie@node1j13.ecdf.ed.ac.uk,1,6471
57704466,0.00094,runlisfloo,nfische2,r,08/18/2026,15:28:28,eddie@node1n11.ecdf.ed.ac.uk,1,6464
57704466,0.00094,runlisfloo,nfische2,r,08/18/2026,15:28:28,eddie@node1n11.ecdf.ed.ac.uk,1,6465
57704466,0.00094,runlisfloo,nfische2,r,08/18/2026,15:28:28,eddie@node1n11.ecdf.ed.ac.uk,1,6466
57704466,0.00094,runlisfloo,nfische2,r,08/18/2026,15:28:28,eddie@node1n11.ecdf.ed.ac.uk,1,6467
57704466,0.00094,runlisfloo,nfische2,r,08/18/2026,15:28:28,eddie@node1n11.ecdf.ed.ac.uk,1,6468
57704466,0.00094,runlisfloo,nfische2,r,08/18/2026,15:28:42,eddie@node1k18.ecdf.ed.ac.uk,1,6469
57704466,0.00094,runlisfloo,nfische2,r,08/18/2026,15:28:43,eddie@node1j12.ecdf.ed.ac.uk,1,6470
57704466,0.00094,runlisfloo,nfische2,r,08/18/2026,15:26:49,eddie@node1k18.ecdf.ed.ac.uk,1,6463
57704466,0.00094,runlisfloo,nfische2,r,08/18/2026,15:26:36,eddie@node1n09.ecdf.ed.ac.uk,1,6462
57704466,0.00093,runlisfloo,nfische2,r,08/18/2026,15:25:48,eddie@node1k19.ecdf.ed.ac.uk,1,6461
57704466,0.00093,runlisfloo,nfische2,r,08/18/2026,15:21:03,eddie@node1k20.ecdf.ed.ac.uk,1,6460
57704466,0.00093,runlisfloo,nfische2,r,08/18/2026,15:19:48,eddie@node1k19.ecdf.ed.ac.uk,1,6459
57704466,0.00093,runlisfloo,nfische2,r,08/18/2026,15:15:34,eddie@node1n11.ecdf.ed.ac.uk,1,6456
57704466,0.00093,runlisfloo,nfische2,r,08/18/2026,15:15:34,eddie@node1n11.ecdf.ed.ac.uk,1,6457
57704466,0.00093,runlisfloo,nfische2,r,08/18/2026,15:16:49,eddie@node1k17.ecdf.ed.ac.uk,1,6458
57704466,0.00093,runlisfloo,nfische2,r,08/18/2026,15:15:18,eddie@node1n11.ecdf.ed.ac.uk,1,6455
57722904,0.00093,CO23d_bvi,s2673720,r,08/19/2026,09:54:57,eddie@node1j03.ecdf.ed.ac.uk,10
57704466,0.00092,runlisfloo,nfische2,r,08/18/2026,15:08:32,eddie@node1n08.ecdf.ed.ac.uk,1,6453
57704466,0.00092,runlisfloo,nfische2,r,08/18/2026,15:08:32,eddie@node1k19.ecdf.ed.ac.uk,1,6454
57704466,0.00092,runlisfloo,nfische2,r,08/18/2026,15:03:23,eddie@node1k16.ecdf.ed.ac.uk,1,6452
57704466,0.00092,runlisfloo,nfische2,r,08/18/2026,15:01:11,eddie@node1k16.ecdf.ed.ac.uk,1,6451
57704466,0.00092,runlisfloo,nfische2,r,08/18/2026,14:55:11,eddie@node1n11.ecdf.ed.ac.uk,1,6449
57704466,0.00092,runlisfloo,nfische2,r,08/18/2026,14:57:41,eddie@node1n09.ecdf.ed.ac.uk,1,6450
57704466,0.00091,runlisfloo,nfische2,r,08/18/2026,14:48:26,eddie@node1k15.ecdf.ed.ac.uk,1,6448
57704466,0.00090,runlisfloo,nfische2,r,08/18/2026,14:46:56,eddie@node1j12.ecdf.ed.ac.uk,1,6447
57704466,0.00090,runlisfloo,nfische2,r,08/18/2026,14:44:11,eddie@node1j13.ecdf.ed.ac.uk,1,6446
57704466,0.00090,runlisfloo,nfische2,r,08/18/2026,14:41:58,eddie@node1n10.ecdf.ed.ac.uk,1,6444
57704466,0.00090,runlisfloo,nfische2,r,08/18/2026,14:43:43,eddie@node1j13.ecdf.ed.ac.uk,1,6445
57704466,0.00090,runlisfloo,nfische2,r,08/18/2026,14:35:45,eddie@node1j13.ecdf.ed.ac.uk,1,6443
57704466,0.00090,runlisfloo,nfische2,r,08/18/2026,14:33:49,eddie@node1k16.ecdf.ed.ac.uk,1,6442
57722905,0.00090,CO23d_diag,s2673720,r,08/19/2026,09:54:57,eddie@node1r08.ecdf.ed.ac.uk,10
57704466,0.00089,runlisfloo,nfische2,r,08/18/2026,01:28:32,eddie@node1j12.ecdf.ed.ac.uk,1,6005
57704466,0.00089,runlisfloo,nfische2,r,08/18/2026,14:26:28,eddie@node1j13.ecdf.ed.ac.uk,1,6441
57723043,0.00089,QLOGIN,s1829244,r,08/19/2026,10:37:07,eddie@node1j14.ecdf.ed.ac.uk,1
57704466,0.00089,runlisfloo,nfische2,r,08/18/2026,14:24:46,eddie@node1k13.ecdf.ed.ac.uk,1,6440
57704466,0.00089,runlisfloo,nfische2,r,08/18/2026,14:22:25,eddie@node1k16.ecdf.ed.ac.uk,1,6437
57704466,0.00089,runlisfloo,nfische2,r,08/18/2026,14:22:40,eddie@node1k18.ecdf.ed.ac.uk,1,6438
57704466,0.00089,runlisfloo,nfische2,r,08/18/2026,14:23:25,eddie@node1n09.ecdf.ed.ac.uk,1,6439
57700925,0.00089,QLOGIN,s1903776,r,08/17/2026,11:51:00,eddie@node1j14.ecdf.ed.ac.uk,15
57704466,0.00089,runlisfloo,nfische2,r,08/18/2026,14:20:55,eddie@node1k10.ecdf.ed.ac.uk,1,6436
57704466,0.00089,runlisfloo,nfische2,r,08/18/2026,14:14:51,eddie@node1k19.ecdf.ed.ac.uk,1,6435
57704466,0.00088,runlisfloo,nfische2,r,08/18/2026,14:08:45,eddie@node1k15.ecdf.ed.ac.uk,1,6434
57704466,0.00088,runlisfloo,nfische2,r,08/18/2026,14:07:14,eddie@node1k20.ecdf.ed.ac.uk,1,6433
57704466,0.00087,runlisfloo,nfische2,r,08/18/2026,13:55:52,eddie@node1n11.ecdf.ed.ac.uk,1,6432
57704466,0.00087,runlisfloo,nfische2,r,08/18/2026,13:54:00,eddie@node1k11.ecdf.ed.ac.uk,1,6431
57704466,0.00087,runlisfloo,nfische2,r,08/18/2026,13:51:45,eddie@node1k19.ecdf.ed.ac.uk,1,6429
57704466,0.00087,runlisfloo,nfische2,r,08/18/2026,13:51:45,eddie@node1k19.ecdf.ed.ac.uk,1,6430
57704466,0.00087,runlisfloo,nfische2,r,08/18/2026,13:50:49,eddie@node1j12.ecdf.ed.ac.uk,1,6428
57723037,0.00087,CO22d_bvi,s2673720,r,08/19/2026,10:33:57,eddie@node1k04.ecdf.ed.ac.uk,10
57704466,0.00087,runlisfloo,nfische2,r,08/18/2026,13:47:08,eddie@node1k17.ecdf.ed.ac.uk,1,6427
57722809,0.00087,s5_24_2024,yhu5,r,08/19/2026,09:30:40,eddie@node1o05.ecdf.ed.ac.uk,1
57704466,0.00087,runlisfloo,nfische2,r,08/18/2026,13:46:48,eddie@node1k19.ecdf.ed.ac.uk,1,6426
57704466,0.00087,runlisfloo,nfische2,r,08/18/2026,13:44:18,eddie@node1k11.ecdf.ed.ac.uk,1,6425
57704466,0.00086,runlisfloo,nfische2,r,08/18/2026,13:43:18,eddie@node1j13.ecdf.ed.ac.uk,1,6424
57704466,0.00086,runlisfloo,nfische2,r,08/18/2026,13:41:48,eddie@node1n09.ecdf.ed.ac.uk,1,6423
57708234,0.00086,prepro_OG_,smoon,r,08/19/2026,05:46:13,eddie@node1q15.ecdf.ed.ac.uk,2,50
57708234,0.00086,prepro_OG_,smoon,r,08/19/2026,05:41:13,eddie@node1q03.ecdf.ed.ac.uk,2,49
57704466,0.00086,runlisfloo,nfische2,r,08/18/2026,13:41:18,eddie@node1k14.ecdf.ed.ac.uk,1,6421
57704466,0.00086,runlisfloo,nfische2,r,08/18/2026,13:41:33,eddie@node1k11.ecdf.ed.ac.uk,1,6422
57704466,0.00086,runlisfloo,nfische2,r,08/18/2026,13:40:43,eddie@node1k19.ecdf.ed.ac.uk,1,6420
57704466,0.00086,runlisfloo,nfische2,r,08/18/2026,13:37:07,eddie@node1k11.ecdf.ed.ac.uk,1,6419
57723429,0.00086,of_28229_3,wdewulf,r,08/19/2026,10:46:42,eddie@node1o11.ecdf.ed.ac.uk,1,10
57704466,0.00086,runlisfloo,nfische2,r,08/18/2026,13:34:13,eddie@node1n09.ecdf.ed.ac.uk,1,6418
57704466,0.00086,runlisfloo,nfische2,r,08/18/2026,13:27:45,eddie@node1j12.ecdf.ed.ac.uk,1,6417
57704466,0.00085,runlisfloo,nfische2,r,08/18/2026,13:22:45,eddie@node1s12.ecdf.ed.ac.uk,1,6416
57704466,0.00085,runlisfloo,nfische2,r,08/18/2026,01:29:02,eddie@node1j12.ecdf.ed.ac.uk,1,6006
57708234,0.00084,prepro_OG_,smoon,r,08/19/2026,05:14:28,eddie@node1q03.ecdf.ed.ac.uk,2,47
57704466,0.00084,runlisfloo,nfische2,r,08/18/2026,13:04:00,eddie@node1k13.ecdf.ed.ac.uk,1,6412
57723062,0.00084,Ti4O8-C12-,s1829244,r,08/19/2026,10:43:41,eddie@node1k18.ecdf.ed.ac.uk,2
57704466,0.00084,runlisfloo,nfische2,r,08/18/2026,13:14:42,eddie@node1k19.ecdf.ed.ac.uk,1,6415
57704466,0.00084,runlisfloo,nfische2,r,08/18/2026,13:02:00,eddie@node1k19.ecdf.ed.ac.uk,1,6409
57704466,0.00084,runlisfloo,nfische2,r,08/18/2026,13:02:01,eddie@node1j13.ecdf.ed.ac.uk,1,6410
57708234,0.00084,prepro_OG_,smoon,r,08/19/2026,05:17:28,eddie@node1q12.ecdf.ed.ac.uk,2,48
57704466,0.00084,runlisfloo,nfische2,r,08/18/2026,13:02:15,eddie@node1n02.ecdf.ed.ac.uk,1,6411
57722865,0.00084,q_0nm-sat,jross7,r,08/19/2026,11:01:32,gpu@node1p06.ecdf.ed.ac.uk,1,65
57704466,0.00084,runlisfloo,nfische2,r,08/18/2026,13:13:27,eddie@node1k16.ecdf.ed.ac.uk,1,6413
57704466,0.00084,runlisfloo,nfische2,r,08/18/2026,13:13:57,eddie@node1n09.ecdf.ed.ac.uk,1,6414
57704466,0.00084,runlisfloo,nfische2,r,08/18/2026,12:58:45,eddie@node1k11.ecdf.ed.ac.uk,1,6407
57704466,0.00084,runlisfloo,nfische2,r,08/18/2026,12:57:01,eddie@node1n11.ecdf.ed.ac.uk,1,6405
57704466,0.00084,runlisfloo,nfische2,r,08/18/2026,13:00:00,eddie@node1n10.ecdf.ed.ac.uk,1,6408
57704466,0.00084,runlisfloo,nfische2,r,08/18/2026,12:57:45,eddie@node1k14.ecdf.ed.ac.uk,1,6406
57704466,0.00084,runlisfloo,nfische2,r,08/18/2026,12:55:47,eddie@node1n10.ecdf.ed.ac.uk,1,6404
57704466,0.00084,runlisfloo,nfische2,r,08/18/2026,12:54:59,eddie@node1n11.ecdf.ed.ac.uk,1,6403
57704466,0.00084,runlisfloo,nfische2,r,08/18/2026,12:54:14,eddie@node1n12.ecdf.ed.ac.uk,1,6402
57704466,0.00084,runlisfloo,nfische2,r,08/18/2026,12:50:06,eddie@node1n02.ecdf.ed.ac.uk,1,6400
57704466,0.00083,runlisfloo,nfische2,r,08/18/2026,12:50:51,eddie@node1j13.ecdf.ed.ac.uk,1,6401
57704466,0.00083,runlisfloo,nfische2,r,08/18/2026,10:01:56,eddie@node1j13.ecdf.ed.ac.uk,1,6069
57704466,0.00083,runlisfloo,nfische2,r,08/18/2026,10:01:56,eddie@node1j13.ecdf.ed.ac.uk,1,6070
57704466,0.00083,runlisfloo,nfische2,r,08/18/2026,10:01:56,eddie@node1k14.ecdf.ed.ac.uk,1,6071
57704466,0.00083,runlisfloo,nfische2,r,08/18/2026,10:01:56,eddie@node1j12.ecdf.ed.ac.uk,1,6072
57704466,0.00083,runlisfloo,nfische2,r,08/18/2026,12:46:53,eddie@node1n12.ecdf.ed.ac.uk,1,6398
57704466,0.00083,runlisfloo,nfische2,r,08/18/2026,12:47:08,eddie@node1n10.ecdf.ed.ac.uk,1,6399
57704466,0.00083,runlisfloo,nfische2,r,08/18/2026,12:45:39,eddie@node1k13.ecdf.ed.ac.uk,1,6397
57704466,0.00083,runlisfloo,nfische2,r,08/18/2026,12:45:24,eddie@node1k13.ecdf.ed.ac.uk,1,6396
57704466,0.00083,runlisfloo,nfische2,r,08/18/2026,12:44:25,eddie@node1k19.ecdf.ed.ac.uk,1,6395
57704466,0.00083,runlisfloo,nfische2,r,08/18/2026,10:24:48,eddie@node1k16.ecdf.ed.ac.uk,1,6108
57704466,0.00083,runlisfloo,nfische2,r,08/18/2026,10:25:18,eddie@node1n01.ecdf.ed.ac.uk,1,6109
57704466,0.00083,runlisfloo,nfische2,r,08/18/2026,10:25:33,eddie@node1s09.ecdf.ed.ac.uk,1,6110
57704466,0.00083,runlisfloo,nfische2,r,08/18/2026,10:25:33,eddie@node1k15.ecdf.ed.ac.uk,1,6111
57704466,0.00083,runlisfloo,nfische2,r,08/18/2026,12:43:12,eddie@node1n12.ecdf.ed.ac.uk,1,6394
57704466,0.00083,runlisfloo,nfische2,r,08/18/2026,10:02:41,eddie@node1m24.ecdf.ed.ac.uk,1,6073
57704466,0.00083,runlisfloo,nfische2,r,08/18/2026,10:25:48,eddie@node1j13.ecdf.ed.ac.uk,1,6112
57704466,0.00083,runlisfloo,nfische2,r,08/18/2026,12:36:41,eddie@node1k14.ecdf.ed.ac.uk,1,6393
57704466,0.00083,runlisfloo,nfische2,r,08/18/2026,12:36:11,eddie@node1k20.ecdf.ed.ac.uk,1,6392
57704466,0.00083,runlisfloo,nfische2,r,08/18/2026,10:29:31,eddie@node1n09.ecdf.ed.ac.uk,1,6118
57704466,0.00083,runlisfloo,nfische2,r,08/18/2026,10:29:31,eddie@node1k19.ecdf.ed.ac.uk,1,6119
57704466,0.00083,runlisfloo,nfische2,r,08/18/2026,10:29:31,eddie@node1j12.ecdf.ed.ac.uk,1,6120
57704466,0.00083,runlisfloo,nfische2,r,08/18/2026,10:29:31,eddie@node1n10.ecdf.ed.ac.uk,1,6121
57704466,0.00083,runlisfloo,nfische2,r,08/18/2026,10:29:31,eddie@node1n10.ecdf.ed.ac.uk,1,6122
57704466,0.00083,runlisfloo,nfische2,r,08/18/2026,10:26:17,eddie@node1k18.ecdf.ed.ac.uk,1,6113
57704466,0.00083,runlisfloo,nfische2,r,08/18/2026,12:30:26,eddie@node1k16.ecdf.ed.ac.uk,1,6389
57704466,0.00083,runlisfloo,nfische2,r,08/18/2026,12:30:26,eddie@node1k20.ecdf.ed.ac.uk,1,6390
57704466,0.00083,runlisfloo,nfische2,r,08/18/2026,10:03:26,eddie@node1k17.ecdf.ed.ac.uk,1,6074
57704466,0.00083,runlisfloo,nfische2,r,08/18/2026,12:35:26,eddie@node1n05.ecdf.ed.ac.uk,1,6391
57704466,0.00083,runlisfloo,nfische2,r,08/18/2026,10:26:32,eddie@node1k19.ecdf.ed.ac.uk,1,6114
57704466,0.00083,runlisfloo,nfische2,r,08/18/2026,10:04:56,eddie@node1k17.ecdf.ed.ac.uk,1,6075
57704466,0.00083,runlisfloo,nfische2,r,08/18/2026,10:27:03,eddie@node1k12.ecdf.ed.ac.uk,1,6115
57704466,0.00083,runlisfloo,nfische2,r,08/18/2026,12:29:26,eddie@node1n09.ecdf.ed.ac.uk,1,6388
57704466,0.00083,runlisfloo,nfische2,r,08/18/2026,10:05:41,eddie@node1n07.ecdf.ed.ac.uk,1,6076
57704466,0.00082,runlisfloo,nfische2,r,08/18/2026,12:27:26,eddie@node1k15.ecdf.ed.ac.uk,1,6387
57704466,0.00082,runlisfloo,nfische2,r,08/18/2026,10:27:33,eddie@node1n10.ecdf.ed.ac.uk,1,6116
57704466,0.00082,runlisfloo,nfische2,r,08/18/2026,10:05:56,eddie@node1k16.ecdf.ed.ac.uk,1,6077
57704466,0.00082,runlisfloo,nfische2,r,08/18/2026,10:28:03,eddie@node1n09.ecdf.ed.ac.uk,1,6117
57704466,0.00082,runlisfloo,nfische2,r,08/18/2026,10:20:06,eddie@node1k17.ecdf.ed.ac.uk,1,6098
57704466,0.00082,runlisfloo,nfische2,r,08/18/2026,10:30:01,eddie@node1k15.ecdf.ed.ac.uk,1,6123
57704466,0.00082,runlisfloo,nfische2,r,08/18/2026,12:26:27,eddie@node1k15.ecdf.ed.ac.uk,1,6384
57704466,0.00082,runlisfloo,nfische2,r,08/18/2026,10:30:30,eddie@node1k20.ecdf.ed.ac.uk,1,6124
57704466,0.00082,runlisfloo,nfische2,r,08/18/2026,12:26:42,eddie@node1k20.ecdf.ed.ac.uk,1,6385
57704466,0.00082,runlisfloo,nfische2,r,08/18/2026,12:26:56,eddie@node1k18.ecdf.ed.ac.uk,1,6386
57704466,0.00082,runlisfloo,nfische2,r,08/18/2026,10:20:21,eddie@node1n10.ecdf.ed.ac.uk,1,6099
57704466,0.00082,runlisfloo,nfische2,r,08/18/2026,10:07:26,eddie@node1k11.ecdf.ed.ac.uk,1,6078
57704466,0.00082,runlisfloo,nfische2,r,08/18/2026,10:30:45,eddie@node1j12.ecdf.ed.ac.uk,1,6125
57704466,0.00082,runlisfloo,nfische2,r,08/18/2026,10:20:52,eddie@node1n09.ecdf.ed.ac.uk,1,6100
57704466,0.00082,runlisfloo,nfische2,r,08/18/2026,10:20:52,eddie@node1k19.ecdf.ed.ac.uk,1,6101
57704466,0.00082,runlisfloo,nfische2,r,08/18/2026,10:09:35,eddie@node1k18.ecdf.ed.ac.uk,1,6079
57704466,0.00082,runlisfloo,nfische2,r,08/18/2026,10:31:30,eddie@node1k18.ecdf.ed.ac.uk,1,6126
57704466,0.00082,runlisfloo,nfische2,r,08/18/2026,09:58:06,eddie@node1n10.ecdf.ed.ac.uk,1,6061
57704466,0.00082,runlisfloo,nfische2,r,08/18/2026,10:31:46,eddie@node1n07.ecdf.ed.ac.uk,1,6127
57704466,0.00082,runlisfloo,nfische2,r,08/18/2026,10:31:46,eddie@node1n10.ecdf.ed.ac.uk,1,6128
57704466,0.00082,runlisfloo,nfische2,r,08/18/2026,10:09:50,eddie@node1k20.ecdf.ed.ac.uk,1,6080
57704466,0.00082,runlisfloo,nfische2,r,08/18/2026,10:32:33,eddie@node1k16.ecdf.ed.ac.uk,1,6130
57704466,0.00082,runlisfloo,nfische2,r,08/18/2026,10:21:06,eddie@node1j12.ecdf.ed.ac.uk,1,6102
57704466,0.00082,runlisfloo,nfische2,r,08/18/2026,10:33:34,eddie@node1n05.ecdf.ed.ac.uk,1,6131
57704466,0.00082,runlisfloo,nfische2,r,08/18/2026,10:33:34,eddie@node1k17.ecdf.ed.ac.uk,1,6132
57704466,0.00082,runlisfloo,nfische2,r,08/18/2026,10:33:34,eddie@node1j12.ecdf.ed.ac.uk,1,6133
57704466,0.00082,runlisfloo,nfische2,r,08/18/2026,10:32:01,eddie@node1n07.ecdf.ed.ac.uk,1,6129
57704466,0.00082,runlisfloo,nfische2,r,08/18/2026,09:58:21,eddie@node1k16.ecdf.ed.ac.uk,1,6062
57704466,0.00082,runlisfloo,nfische2,r,08/18/2026,10:10:07,eddie@node1j12.ecdf.ed.ac.uk,1,6081
57704466,0.00082,runlisfloo,nfische2,r,08/18/2026,10:21:21,eddie@node1k15.ecdf.ed.ac.uk,1,6103
57704466,0.00082,runlisfloo,nfische2,r,08/18/2026,10:10:22,eddie@node1n01.ecdf.ed.ac.uk,1,6082
57704466,0.00082,runlisfloo,nfische2,r,08/18/2026,10:23:17,eddie@node1j13.ecdf.ed.ac.uk,1,6106
57704466,0.00082,runlisfloo,nfische2,r,08/18/2026,12:13:31,eddie@node1k13.ecdf.ed.ac.uk,1,6375
57704466,0.00082,runlisfloo,nfische2,r,08/18/2026,12:13:31,eddie@node1k19.ecdf.ed.ac.uk,1,6376
57704466,0.00082,runlisfloo,nfische2,r,08/18/2026,12:13:31,eddie@node1k16.ecdf.ed.ac.uk,1,6377
57704466,0.00082,runlisfloo,nfische2,r,08/18/2026,12:13:31,eddie@node1j12.ecdf.ed.ac.uk,1,6378
57704466,0.00082,runlisfloo,nfische2,r,08/18/2026,12:13:31,eddie@node1k14.ecdf.ed.ac.uk,1,6379
57704466,0.00082,runlisfloo,nfische2,r,08/18/2026,12:13:31,eddie@node1j12.ecdf.ed.ac.uk,1,6380
57704466,0.00082,runlisfloo,nfische2,r,08/18/2026,12:13:46,eddie@node1j13.ecdf.ed.ac.uk,1,6381
57704466,0.00082,runlisfloo,nfische2,r,08/18/2026,12:13:46,eddie@node1k10.ecdf.ed.ac.uk,1,6382
57704466,0.00082,runlisfloo,nfische2,r,08/18/2026,09:58:51,eddie@node1n09.ecdf.ed.ac.uk,1,6063
57704466,0.00082,runlisfloo,nfische2,r,08/18/2026,09:58:51,eddie@node1n10.ecdf.ed.ac.uk,1,6064
57704466,0.00082,runlisfloo,nfische2,r,08/18/2026,10:33:49,eddie@node1k15.ecdf.ed.ac.uk,1,6134
57704466,0.00082,runlisfloo,nfische2,r,08/18/2026,12:14:01,eddie@node1k11.ecdf.ed.ac.uk,1,6383
57704466,0.00082,runlisfloo,nfische2,r,08/18/2026,10:10:37,eddie@node1k12.ecdf.ed.ac.uk,1,6083
57704466,0.00082,runlisfloo,nfische2,r,08/18/2026,09:42:34,eddie@node1n10.ecdf.ed.ac.uk,1,6059
57704466,0.00082,runlisfloo,nfische2,r,08/18/2026,10:24:33,eddie@node1k20.ecdf.ed.ac.uk,1,6107
57704466,0.00081,runlisfloo,nfische2,r,08/18/2026,10:34:28,eddie@node1k12.ecdf.ed.ac.uk,1,6135
57704466,0.00081,runlisfloo,nfische2,r,08/18/2026,10:34:28,eddie@node1k16.ecdf.ed.ac.uk,1,6136
57704466,0.00081,runlisfloo,nfische2,r,08/18/2026,10:35:13,eddie@node1k15.ecdf.ed.ac.uk,1,6137
57704466,0.00081,runlisfloo,nfische2,r,08/18/2026,10:11:22,eddie@node1n10.ecdf.ed.ac.uk,1,6084
57704466,0.00081,runlisfloo,nfische2,r,08/18/2026,10:11:22,eddie@node1j12.ecdf.ed.ac.uk,1,6085
57704466,0.00081,runlisfloo,nfische2,r,08/18/2026,10:11:22,eddie@node1k16.ecdf.ed.ac.uk,1,6086
57704466,0.00081,runlisfloo,nfische2,r,08/18/2026,10:35:58,eddie@node1j13.ecdf.ed.ac.uk,1,6138
57704466,0.00081,runlisfloo,nfische2,r,08/18/2026,10:35:58,eddie@node1k11.ecdf.ed.ac.uk,1,6139
57704466,0.00081,runlisfloo,nfische2,r,08/18/2026,09:59:51,eddie@node1k19.ecdf.ed.ac.uk,1,6065
57704466,0.00081,runlisfloo,nfische2,r,08/18/2026,10:00:51,eddie@node1k19.ecdf.ed.ac.uk,1,6067
57704466,0.00081,runlisfloo,nfische2,r,08/18/2026,10:00:51,eddie@node1k16.ecdf.ed.ac.uk,1,6068
57704466,0.00081,runlisfloo,nfische2,r,08/18/2026,10:00:06,eddie@node1k18.ecdf.ed.ac.uk,1,6066
57704466,0.00081,runlisfloo,nfische2,r,08/18/2026,10:21:51,eddie@node1s10.ecdf.ed.ac.uk,1,6104
57704466,0.00081,runlisfloo,nfische2,r,08/18/2026,10:21:51,eddie@node1s10.ecdf.ed.ac.uk,1,6105
57704466,0.00081,runlisfloo,nfische2,r,08/18/2026,10:11:37,eddie@node1n05.ecdf.ed.ac.uk,1,6087
57704466,0.00081,runlisfloo,nfische2,r,08/18/2026,10:11:37,eddie@node1k17.ecdf.ed.ac.uk,1,6088
57704466,0.00081,runlisfloo,nfische2,r,08/18/2026,10:11:37,eddie@node1n11.ecdf.ed.ac.uk,1,6089
57704466,0.00081,runlisfloo,nfische2,r,08/18/2026,10:14:37,eddie@node1n01.ecdf.ed.ac.uk,1,6092
57704466,0.00081,runlisfloo,nfische2,r,08/18/2026,11:59:58,eddie@node1k18.ecdf.ed.ac.uk,1,6371
57704466,0.00081,runlisfloo,nfische2,r,08/18/2026,12:00:28,eddie@node1k11.ecdf.ed.ac.uk,1,6373
57704466,0.00081,runlisfloo,nfische2,r,08/18/2026,12:00:43,eddie@node1n10.ecdf.ed.ac.uk,1,6374
57704466,0.00081,runlisfloo,nfische2,r,08/18/2026,12:00:13,eddie@node1n07.ecdf.ed.ac.uk,1,6372
57704466,0.00081,runlisfloo,nfische2,r,08/18/2026,11:58:50,eddie@node1k13.ecdf.ed.ac.uk,1,6368
57704466,0.00081,runlisfloo,nfische2,r,08/18/2026,11:58:50,eddie@node1n09.ecdf.ed.ac.uk,1,6369
57704466,0.00081,runlisfloo,nfische2,r,08/18/2026,11:59:05,eddie@node1n11.ecdf.ed.ac.uk,1,6370
57704466,0.00081,runlisfloo,nfische2,r,08/18/2026,10:12:52,eddie@node1k19.ecdf.ed.ac.uk,1,6090
57704466,0.00081,runlisfloo,nfische2,r,08/18/2026,11:57:05,eddie@node1j13.ecdf.ed.ac.uk,1,6365
57704466,0.00081,runlisfloo,nfische2,r,08/18/2026,11:57:50,eddie@node1n03.ecdf.ed.ac.uk,1,6366
57704466,0.00081,runlisfloo,nfische2,r,08/18/2026,11:58:35,eddie@node1k17.ecdf.ed.ac.uk,1,6367
57704466,0.00081,runlisfloo,nfische2,r,08/18/2026,10:13:22,eddie@node1n09.ecdf.ed.ac.uk,1,6091
57704466,0.00080,runlisfloo,nfische2,r,08/18/2026,11:53:10,eddie@node1k11.ecdf.ed.ac.uk,1,6364
57704466,0.00080,runlisfloo,nfische2,r,08/18/2026,11:48:24,eddie@node1j12.ecdf.ed.ac.uk,1,6363
57704466,0.00080,runlisfloo,nfische2,r,08/18/2026,10:36:28,eddie@node1n09.ecdf.ed.ac.uk,1,6140
57704466,0.00080,runlisfloo,nfische2,r,08/18/2026,10:36:28,eddie@node1k17.ecdf.ed.ac.uk,1,6141
57704466,0.00080,runlisfloo,nfische2,r,08/18/2026,10:40:10,eddie@node1k18.ecdf.ed.ac.uk,1,6146
57704466,0.00080,runlisfloo,nfische2,r,08/18/2026,10:40:10,eddie@node1j13.ecdf.ed.ac.uk,1,6147
57704466,0.00080,runlisfloo,nfische2,r,08/18/2026,10:40:10,eddie@node1k16.ecdf.ed.ac.uk,1,6148
57704466,0.00080,runlisfloo,nfische2,r,08/18/2026,10:37:56,eddie@node1k18.ecdf.ed.ac.uk,1,6145
57704466,0.00080,runlisfloo,nfische2,r,08/18/2026,11:45:54,eddie@node1n05.ecdf.ed.ac.uk,1,6362
57704466,0.00080,runlisfloo,nfische2,r,08/18/2026,10:36:43,eddie@node1k19.ecdf.ed.ac.uk,1,6142
57704466,0.00080,runlisfloo,nfische2,r,08/18/2026,10:36:43,eddie@node1k20.ecdf.ed.ac.uk,1,6143
57704466,0.00080,runlisfloo,nfische2,r,08/18/2026,10:43:09,eddie@node1n01.ecdf.ed.ac.uk,1,6153
57704466,0.00080,runlisfloo,nfische2,r,08/18/2026,10:43:09,eddie@node1s12.ecdf.ed.ac.uk,1,6154
57704466,0.00080,runlisfloo,nfische2,r,08/18/2026,10:43:39,eddie@node1n10.ecdf.ed.ac.uk,1,6155
57704466,0.00080,runlisfloo,nfische2,r,08/18/2026,10:40:26,eddie@node1n10.ecdf.ed.ac.uk,1,6149
57704466,0.00080,runlisfloo,nfische2,r,08/18/2026,10:36:58,eddie@node1k17.ecdf.ed.ac.uk,1,6144
57704466,0.00080,runlisfloo,nfische2,r,08/18/2026,10:44:35,eddie@node1k16.ecdf.ed.ac.uk,1,6157
57704466,0.00080,runlisfloo,nfische2,r,08/18/2026,10:40:56,eddie@node1n11.ecdf.ed.ac.uk,1,6150
57704466,0.00080,runlisfloo,nfische2,r,08/18/2026,10:45:05,eddie@node1k11.ecdf.ed.ac.uk,1,6158
57704466,0.00080,runlisfloo,nfische2,r,08/18/2026,10:45:05,eddie@node1k17.ecdf.ed.ac.uk,1,6159
57704466,0.00080,runlisfloo,nfische2,r,08/18/2026,10:44:09,eddie@node1m22.ecdf.ed.ac.uk,1,6156
57704466,0.00080,runlisfloo,nfische2,r,08/18/2026,11:42:09,eddie@node1n12.ecdf.ed.ac.uk,1,6360
57704466,0.00080,runlisfloo,nfische2,r,08/18/2026,10:45:20,eddie@node1n09.ecdf.ed.ac.uk,1,6160
57704466,0.00080,runlisfloo,nfische2,r,08/18/2026,10:41:26,eddie@node1k14.ecdf.ed.ac.uk,1,6151
57704466,0.00080,runlisfloo,nfische2,r,08/18/2026,11:42:25,eddie@node1k11.ecdf.ed.ac.uk,1,6361
57704466,0.00080,runlisfloo,nfische2,r,08/18/2026,10:46:06,eddie@node1k16.ecdf.ed.ac.uk,1,6161
57704466,0.00080,runlisfloo,nfische2,r,08/18/2026,10:42:10,eddie@node1k20.ecdf.ed.ac.uk,1,6152
57704466,0.00080,runlisfloo,nfische2,r,08/18/2026,10:46:21,eddie@node1k19.ecdf.ed.ac.uk,1,6162
57704466,0.00080,runlisfloo,nfische2,r,08/18/2026,10:46:36,eddie@node1k16.ecdf.ed.ac.uk,1,6163
57704466,0.00080,runlisfloo,nfische2,r,08/18/2026,10:46:36,eddie@node1k20.ecdf.ed.ac.uk,1,6164
57704466,0.00080,runlisfloo,nfische2,r,08/18/2026,11:40:10,eddie@node1k16.ecdf.ed.ac.uk,1,6359
57704466,0.00080,runlisfloo,nfische2,r,08/18/2026,10:46:51,eddie@node1k18.ecdf.ed.ac.uk,1,6165
57704466,0.00080,runlisfloo,nfische2,r,08/18/2026,10:46:51,eddie@node1n12.ecdf.ed.ac.uk,1,6166
57704466,0.00080,runlisfloo,nfische2,r,08/18/2026,10:46:51,eddie@node1k16.ecdf.ed.ac.uk,1,6167
57704466,0.00080,runlisfloo,nfische2,r,08/18/2026,11:01:12,eddie@node1n01.ecdf.ed.ac.uk,1,6191
57704466,0.00080,runlisfloo,nfische2,r,08/18/2026,11:01:12,eddie@node1k16.ecdf.ed.ac.uk,1,6192
57704466,0.00080,runlisfloo,nfische2,r,08/18/2026,11:01:12,eddie@node1k10.ecdf.ed.ac.uk,1,6193
57725508,0.00080,Qualimap_d,s2556897,r,08/19/2026,11:07:03,igmm_long@node1c08.ecdf.ed.ac.,1,9
57704466,0.00080,runlisfloo,nfische2,r,08/18/2026,10:58:08,eddie@node1j12.ecdf.ed.ac.uk,1,6187
57704466,0.00080,runlisfloo,nfische2,r,08/18/2026,10:58:39,eddie@node1n11.ecdf.ed.ac.uk,1,6188
57704466,0.00080,runlisfloo,nfische2,r,08/18/2026,10:49:02,eddie@node1n12.ecdf.ed.ac.uk,1,6170
57704466,0.00080,runlisfloo,nfische2,r,08/18/2026,10:57:18,eddie@node1j13.ecdf.ed.ac.uk,1,6186
57704466,0.00080,runlisfloo,nfische2,r,08/18/2026,11:01:42,eddie@node1k19.ecdf.ed.ac.uk,1,6196
57704466,0.00080,runlisfloo,nfische2,r,08/18/2026,11:02:14,eddie@node1n07.ecdf.ed.ac.uk,1,6198
57704466,0.00080,runlisfloo,nfische2,r,08/18/2026,10:47:06,eddie@node1j12.ecdf.ed.ac.uk,1,6168
57704466,0.00080,runlisfloo,nfische2,r,08/18/2026,11:00:09,eddie@node1j13.ecdf.ed.ac.uk,1,6189
57704466,0.00080,runlisfloo,nfische2,r,08/18/2026,11:01:57,eddie@node1n03.ecdf.ed.ac.uk,1,6197
57704466,0.00080,runlisfloo,nfische2,r,08/18/2026,11:02:42,eddie@node1k18.ecdf.ed.ac.uk,1,6199
57704466,0.00080,runlisfloo,nfische2,r,08/18/2026,10:50:03,eddie@node1n03.ecdf.ed.ac.uk,1,6171
57704466,0.00080,runlisfloo,nfische2,r,08/18/2026,10:53:03,eddie@node1j12.ecdf.ed.ac.uk,1,6177
57704466,0.00080,runlisfloo,nfische2,r,08/18/2026,11:00:24,eddie@node1s09.ecdf.ed.ac.uk,1,6190
57704466,0.00080,runlisfloo,nfische2,r,08/18/2026,10:47:51,eddie@node1n09.ecdf.ed.ac.uk,1,6169
57704466,0.00080,runlisfloo,nfische2,r,08/18/2026,11:02:57,eddie@node1k13.ecdf.ed.ac.uk,1,6200
57704466,0.00080,runlisfloo,nfische2,r,08/18/2026,11:35:10,eddie@node1k20.ecdf.ed.ac.uk,1,6353
57704466,0.00080,runlisfloo,nfische2,r,08/18/2026,11:35:25,eddie@node1k16.ecdf.ed.ac.uk,1,6354
57704466,0.00080,runlisfloo,nfische2,r,08/18/2026,10:50:33,eddie@node1k19.ecdf.ed.ac.uk,1,6172
57704466,0.00080,runlisfloo,nfische2,r,08/18/2026,11:34:55,eddie@node1n10.ecdf.ed.ac.uk,1,6352
57704466,0.00080,runlisfloo,nfische2,r,08/18/2026,11:35:40,eddie@node1j12.ecdf.ed.ac.uk,1,6355
57704466,0.00079,runlisfloo,nfische2,r,08/18/2026,10:53:18,eddie@node1n03.ecdf.ed.ac.uk,1,6178
57704466,0.00079,runlisfloo,nfische2,r,08/18/2026,10:53:18,eddie@node1k16.ecdf.ed.ac.uk,1,6179
57704466,0.00079,runlisfloo,nfische2,r,08/18/2026,11:36:55,eddie@node1n03.ecdf.ed.ac.uk,1,6356
57704466,0.00079,runlisfloo,nfische2,r,08/18/2026,11:03:12,eddie@node1k19.ecdf.ed.ac.uk,1,6201
57704466,0.00079,runlisfloo,nfische2,r,08/18/2026,11:03:12,eddie@node1k14.ecdf.ed.ac.uk,1,6202
57704466,0.00079,runlisfloo,nfische2,r,08/18/2026,11:37:25,eddie@node1k17.ecdf.ed.ac.uk,1,6357
57704466,0.00079,runlisfloo,nfische2,r,08/18/2026,10:51:48,eddie@node1k17.ecdf.ed.ac.uk,1,6174
57704466,0.00079,runlisfloo,nfische2,r,08/18/2026,11:37:40,eddie@node1k16.ecdf.ed.ac.uk,1,6358
57704466,0.00079,runlisfloo,nfische2,r,08/18/2026,10:50:47,eddie@node1k17.ecdf.ed.ac.uk,1,6173
57704466,0.00079,runlisfloo,nfische2,r,08/18/2026,11:34:10,eddie@node1k10.ecdf.ed.ac.uk,1,6350
57704466,0.00079,runlisfloo,nfische2,r,08/18/2026,11:34:25,eddie@node1n03.ecdf.ed.ac.uk,1,6351
57704466,0.00079,runlisfloo,nfische2,r,08/18/2026,10:52:18,eddie@node1j12.ecdf.ed.ac.uk,1,6175
57704466,0.00079,runlisfloo,nfische2,r,08/18/2026,10:52:18,eddie@node1j12.ecdf.ed.ac.uk,1,6176
57704466,0.00079,runlisfloo,nfische2,r,08/18/2026,11:03:42,eddie@node1n09.ecdf.ed.ac.uk,1,6203
57704466,0.00079,runlisfloo,nfische2,r,08/18/2026,11:03:42,eddie@node1k20.ecdf.ed.ac.uk,1,6204
57704466,0.00079,runlisfloo,nfische2,r,08/18/2026,11:03:43,eddie@node1n09.ecdf.ed.ac.uk,1,6205
57704466,0.00079,runlisfloo,nfische2,r,08/18/2026,11:03:43,eddie@node1n09.ecdf.ed.ac.uk,1,6206
57704466,0.00079,runlisfloo,nfische2,r,08/18/2026,10:53:33,eddie@node1n02.ecdf.ed.ac.uk,1,6180
57704466,0.00079,runlisfloo,nfische2,r,08/18/2026,11:01:27,eddie@node1k16.ecdf.ed.ac.uk,1,6194
57704466,0.00079,runlisfloo,nfische2,r,08/18/2026,11:01:27,eddie@node1k16.ecdf.ed.ac.uk,1,6195
57704466,0.00079,runlisfloo,nfische2,r,08/18/2026,10:53:48,eddie@node1k20.ecdf.ed.ac.uk,1,6181
57704466,0.00079,runlisfloo,nfische2,r,08/18/2026,10:53:48,eddie@node1n11.ecdf.ed.ac.uk,1,6182
57704466,0.00079,runlisfloo,nfische2,r,08/18/2026,11:22:25,eddie@node1k12.ecdf.ed.ac.uk,1,6319
57704466,0.00079,runlisfloo,nfische2,r,08/18/2026,11:22:25,eddie@node1k10.ecdf.ed.ac.uk,1,6320
57704466,0.00079,runlisfloo,nfische2,r,08/18/2026,11:03:57,eddie@node1n10.ecdf.ed.ac.uk,1,6207
57704466,0.00079,runlisfloo,nfische2,r,08/18/2026,11:03:57,eddie@node1j12.ecdf.ed.ac.uk,1,6208
57704466,0.00079,runlisfloo,nfische2,r,08/18/2026,11:03:57,eddie@node1n09.ecdf.ed.ac.uk,1,6209
57704466,0.00079,runlisfloo,nfische2,r,08/18/2026,10:54:03,eddie@node1n11.ecdf.ed.ac.uk,1,6183
57704466,0.00079,runlisfloo,nfische2,r,08/18/2026,11:04:27,eddie@node1k12.ecdf.ed.ac.uk,1,6214
57704466,0.00079,runlisfloo,nfische2,r,08/18/2026,11:04:27,eddie@node1j13.ecdf.ed.ac.uk,1,6215
57704466,0.00079,runlisfloo,nfische2,r,08/18/2026,11:22:55,eddie@node1k10.ecdf.ed.ac.uk,1,6321
57704466,0.00079,runlisfloo,nfische2,r,08/18/2026,10:54:48,eddie@node1n12.ecdf.ed.ac.uk,1,6185
57704466,0.00079,runlisfloo,nfische2,r,08/18/2026,11:23:25,eddie@node1k18.ecdf.ed.ac.uk,1,6322
57704466,0.00079,runlisfloo,nfische2,r,08/18/2026,11:23:25,eddie@node1j12.ecdf.ed.ac.uk,1,6323
57704466,0.00079,runlisfloo,nfische2,r,08/18/2026,10:54:18,eddie@node1k11.ecdf.ed.ac.uk,1,6184
57704466,0.00079,runlisfloo,nfische2,r,08/18/2026,11:23:40,eddie@node1n10.ecdf.ed.ac.uk,1,6324
57704466,0.00079,runlisfloo,nfische2,r,08/18/2026,11:23:40,eddie@node1j12.ecdf.ed.ac.uk,1,6325
57704466,0.00079,runlisfloo,nfische2,r,08/18/2026,09:57:51,eddie@node1s12.ecdf.ed.ac.uk,1,6060
57704466,0.00079,runlisfloo,nfische2,r,08/18/2026,11:19:44,eddie@node1k19.ecdf.ed.ac.uk,1,6318
57704466,0.00079,runlisfloo,nfische2,r,08/18/2026,11:04:12,eddie@node1n07.ecdf.ed.ac.uk,1,6210
57704466,0.00079,runlisfloo,nfische2,r,08/18/2026,11:04:12,eddie@node1k11.ecdf.ed.ac.uk,1,6211
57704466,0.00079,runlisfloo,nfische2,r,08/18/2026,11:04:12,eddie@node1j12.ecdf.ed.ac.uk,1,6212
57704466,0.00079,runlisfloo,nfische2,r,08/18/2026,11:04:12,eddie@node1n11.ecdf.ed.ac.uk,1,6213
57704466,0.00079,runlisfloo,nfische2,r,08/18/2026,11:07:12,eddie@node1n08.ecdf.ed.ac.uk,1,6231
57704466,0.00079,runlisfloo,nfische2,r,08/18/2026,11:04:42,eddie@node1n03.ecdf.ed.ac.uk,1,6216
57704466,0.00079,runlisfloo,nfische2,r,08/18/2026,11:07:27,eddie@node1n02.ecdf.ed.ac.uk,1,6232
57704466,0.00079,runlisfloo,nfische2,r,08/18/2026,11:07:27,eddie@node1k13.ecdf.ed.ac.uk,1,6233
57704466,0.00079,runlisfloo,nfische2,r,08/18/2026,11:07:27,eddie@node1j13.ecdf.ed.ac.uk,1,6234
57704466,0.00079,runlisfloo,nfische2,r,08/18/2026,11:07:27,eddie@node1n09.ecdf.ed.ac.uk,1,6235
57704466,0.00079,runlisfloo,nfische2,r,08/18/2026,11:05:12,eddie@node1k18.ecdf.ed.ac.uk,1,6217
57704466,0.00079,runlisfloo,nfische2,r,08/18/2026,11:17:44,eddie@node1n03.ecdf.ed.ac.uk,1,6309
57704466,0.00079,runlisfloo,nfische2,r,08/18/2026,11:17:44,eddie@node1j12.ecdf.ed.ac.uk,1,6310
57704466,0.00079,runlisfloo,nfische2,r,08/18/2026,11:05:27,eddie@node1n03.ecdf.ed.ac.uk,1,6218
57704466,0.00079,runlisfloo,nfische2,r,08/18/2026,11:05:27,eddie@node1k15.ecdf.ed.ac.uk,1,6219
57704466,0.00079,runlisfloo,nfische2,r,08/18/2026,11:05:27,eddie@node1k10.ecdf.ed.ac.uk,1,6220
57704466,0.00079,runlisfloo,nfische2,r,08/18/2026,11:05:27,eddie@node1j12.ecdf.ed.ac.uk,1,6221
57704466,0.00079,runlisfloo,nfische2,r,08/18/2026,11:07:42,eddie@node1n02.ecdf.ed.ac.uk,1,6236
57704466,0.00079,runlisfloo,nfische2,r,08/18/2026,11:07:42,eddie@node1k12.ecdf.ed.ac.uk,1,6237
57704466,0.00079,runlisfloo,nfische2,r,08/18/2026,11:07:42,eddie@node1k11.ecdf.ed.ac.uk,1,6238
57704466,0.00079,runlisfloo,nfische2,r,08/18/2026,11:18:14,eddie@node1k13.ecdf.ed.ac.uk,1,6311
57704466,0.00079,runlisfloo,nfische2,r,08/18/2026,11:18:14,eddie@node1k19.ecdf.ed.ac.uk,1,6312
57704466,0.00079,runlisfloo,nfische2,r,08/18/2026,11:18:14,eddie@node1k18.ecdf.ed.ac.uk,1,6313
57704466,0.00079,runlisfloo,nfische2,r,08/18/2026,11:18:14,eddie@node1j12.ecdf.ed.ac.uk,1,6314
57704466,0.00079,runlisfloo,nfische2,r,08/18/2026,11:07:57,eddie@node1k15.ecdf.ed.ac.uk,1,6239
57704466,0.00079,runlisfloo,nfische2,r,08/18/2026,11:18:29,eddie@node1n01.ecdf.ed.ac.uk,1,6315
57704466,0.00079,runlisfloo,nfische2,r,08/18/2026,11:18:29,eddie@node1n05.ecdf.ed.ac.uk,1,6316
57704466,0.00079,runlisfloo,nfische2,r,08/18/2026,11:05:42,eddie@node1k12.ecdf.ed.ac.uk,1,6222
57704466,0.00079,runlisfloo,nfische2,r,08/18/2026,11:05:42,eddie@node1n12.ecdf.ed.ac.uk,1,6223
57704466,0.00079,runlisfloo,nfische2,r,08/18/2026,11:18:59,eddie@node1n01.ecdf.ed.ac.uk,1,6317
57704466,0.00079,runlisfloo,nfische2,r,08/18/2026,10:15:34,eddie@node1n11.ecdf.ed.ac.uk,1,6093
57704466,0.00079,runlisfloo,nfische2,r,08/18/2026,11:05:57,eddie@node1n11.ecdf.ed.ac.uk,1,6224
57704466,0.00079,runlisfloo,nfische2,r,08/18/2026,11:08:12,eddie@node1k18.ecdf.ed.ac.uk,1,6240
57704466,0.00079,runlisfloo,nfische2,r,08/18/2026,11:08:12,eddie@node1k10.ecdf.ed.ac.uk,1,6241
57704466,0.00079,runlisfloo,nfische2,r,08/18/2026,11:08:12,eddie@node1k10.ecdf.ed.ac.uk,1,6242
57704466,0.00079,runlisfloo,nfische2,r,08/18/2026,11:08:12,eddie@node1n11.ecdf.ed.ac.uk,1,6243
57704466,0.00079,runlisfloo,nfische2,r,08/18/2026,10:15:49,eddie@node1k20.ecdf.ed.ac.uk,1,6094
57704466,0.00079,runlisfloo,nfische2,r,08/18/2026,11:06:12,eddie@node1n07.ecdf.ed.ac.uk,1,6225
57704466,0.00079,runlisfloo,nfische2,r,08/18/2026,11:06:12,eddie@node1n02.ecdf.ed.ac.uk,1,6226
57704466,0.00079,runlisfloo,nfische2,r,08/18/2026,11:09:12,eddie@node1k20.ecdf.ed.ac.uk,1,6252
57704466,0.00079,runlisfloo,nfische2,r,08/18/2026,11:08:27,eddie@node1n01.ecdf.ed.ac.uk,1,6244
57704466,0.00079,runlisfloo,nfische2,r,08/18/2026,11:08:27,eddie@node1k16.ecdf.ed.ac.uk,1,6245
57704466,0.00079,runlisfloo,nfische2,r,08/18/2026,11:08:27,eddie@node1k19.ecdf.ed.ac.uk,1,6246
57704466,0.00079,runlisfloo,nfische2,r,08/18/2026,11:08:27,eddie@node1k10.ecdf.ed.ac.uk,1,6247
57704466,0.00079,runlisfloo,nfische2,r,08/18/2026,11:08:27,eddie@node1n11.ecdf.ed.ac.uk,1,6248
57704466,0.00079,runlisfloo,nfische2,r,08/18/2026,11:09:27,eddie@node1k20.ecdf.ed.ac.uk,1,6253
57704466,0.00079,runlisfloo,nfische2,r,08/18/2026,11:06:27,eddie@node1k10.ecdf.ed.ac.uk,1,6227
57704466,0.00079,runlisfloo,nfische2,r,08/18/2026,11:09:30,eddie@node1n03.ecdf.ed.ac.uk,1,6254
57704466,0.00079,runlisfloo,nfische2,r,08/18/2026,11:09:59,eddie@node1k17.ecdf.ed.ac.uk,1,6255
57704466,0.00079,runlisfloo,nfische2,r,08/18/2026,11:09:59,eddie@node1j12.ecdf.ed.ac.uk,1,6256
57704466,0.00079,runlisfloo,nfische2,r,08/18/2026,11:10:14,eddie@node1n05.ecdf.ed.ac.uk,1,6257
57704466,0.00079,runlisfloo,nfische2,r,08/18/2026,11:10:14,eddie@node1k11.ecdf.ed.ac.uk,1,6258
57704466,0.00079,runlisfloo,nfische2,r,08/18/2026,11:10:14,eddie@node1n12.ecdf.ed.ac.uk,1,6259
57704466,0.00079,runlisfloo,nfische2,r,08/18/2026,11:06:57,eddie@node1n08.ecdf.ed.ac.uk,1,6228
57704466,0.00079,runlisfloo,nfische2,r,08/18/2026,11:06:57,eddie@node1n05.ecdf.ed.ac.uk,1,6229
57704466,0.00079,runlisfloo,nfische2,r,08/18/2026,11:06:57,eddie@node1k10.ecdf.ed.ac.uk,1,6230
57704466,0.00079,runlisfloo,nfische2,r,08/18/2026,10:16:18,eddie@node1k16.ecdf.ed.ac.uk,1,6095
57704466,0.00079,runlisfloo,nfische2,r,08/18/2026,11:10:44,eddie@node1n05.ecdf.ed.ac.uk,1,6263
57704466,0.00079,runlisfloo,nfische2,r,08/18/2026,11:10:44,eddie@node1n11.ecdf.ed.ac.uk,1,6264
57704466,0.00079,runlisfloo,nfische2,r,08/18/2026,11:11:14,eddie@node1k13.ecdf.ed.ac.uk,1,6267
57704466,0.00079,runlisfloo,nfische2,r,08/18/2026,11:11:14,eddie@node1k14.ecdf.ed.ac.uk,1,6268
57704466,0.00079,runlisfloo,nfische2,r,08/18/2026,11:11:14,eddie@node1n09.ecdf.ed.ac.uk,1,6269
57704466,0.00079,runlisfloo,nfische2,r,08/18/2026,11:08:42,eddie@node1k19.ecdf.ed.ac.uk,1,6249
57704466,0.00079,runlisfloo,nfische2,r,08/18/2026,11:08:42,eddie@node1k20.ecdf.ed.ac.uk,1,6250
57704466,0.00079,runlisfloo,nfische2,r,08/18/2026,11:10:29,eddie@node1k13.ecdf.ed.ac.uk,1,6260
57704466,0.00079,runlisfloo,nfische2,r,08/18/2026,11:10:29,eddie@node1k18.ecdf.ed.ac.uk,1,6261
57704466,0.00079,runlisfloo,nfische2,r,08/18/2026,11:10:29,eddie@node1j12.ecdf.ed.ac.uk,1,6262
57704466,0.00079,runlisfloo,nfische2,r,08/18/2026,11:25:25,eddie@node1k17.ecdf.ed.ac.uk,1,6327
57704466,0.00079,runlisfloo,nfische2,r,08/18/2026,11:25:55,eddie@node1n12.ecdf.ed.ac.uk,1,6328
57704466,0.00079,runlisfloo,nfische2,r,08/18/2026,11:08:57,eddie@node1n12.ecdf.ed.ac.uk,1,6251
57704466,0.00079,runlisfloo,nfische2,r,08/18/2026,11:25:10,eddie@node1j12.ecdf.ed.ac.uk,1,6326
57704466,0.00079,runlisfloo,nfische2,r,08/18/2026,11:26:10,eddie@node1k20.ecdf.ed.ac.uk,1,6329
57704466,0.00079,runlisfloo,nfische2,r,08/18/2026,11:11:29,eddie@node1n02.ecdf.ed.ac.uk,1,6270
57704466,0.00079,runlisfloo,nfische2,r,08/18/2026,11:11:29,eddie@node1k16.ecdf.ed.ac.uk,1,6271
57704466,0.00079,runlisfloo,nfische2,r,08/18/2026,11:11:29,eddie@node1k20.ecdf.ed.ac.uk,1,6272
57704466,0.00079,runlisfloo,nfische2,r,08/18/2026,11:11:29,eddie@node1n11.ecdf.ed.ac.uk,1,6273
57704466,0.00079,runlisfloo,nfische2,r,08/18/2026,10:16:48,eddie@node1k15.ecdf.ed.ac.uk,1,6096
57704466,0.00079,runlisfloo,nfische2,r,08/18/2026,11:13:44,eddie@node1n01.ecdf.ed.ac.uk,1,6282
57704466,0.00079,runlisfloo,nfische2,r,08/18/2026,11:12:59,eddie@node1k16.ecdf.ed.ac.uk,1,6279
57704466,0.00079,runlisfloo,nfische2,r,08/18/2026,11:26:25,eddie@node1j12.ecdf.ed.ac.uk,1,6330
57704466,0.00079,runlisfloo,nfische2,r,08/18/2026,11:13:14,eddie@node1n03.ecdf.ed.ac.uk,1,6280
57704466,0.00079,runlisfloo,nfische2,r,08/18/2026,11:13:14,eddie@node1n05.ecdf.ed.ac.uk,1,6281
57704466,0.00079,runlisfloo,nfische2,r,08/18/2026,11:12:14,eddie@node1k10.ecdf.ed.ac.uk,1,6277
57704466,0.00079,runlisfloo,nfische2,r,08/18/2026,10:18:34,eddie@node1n09.ecdf.ed.ac.uk,1,6097
57704466,0.00079,runlisfloo,nfische2,r,08/18/2026,11:12:44,eddie@node1k17.ecdf.ed.ac.uk,1,6278
57704466,0.00079,runlisfloo,nfische2,r,08/18/2026,11:11:44,eddie@node1n12.ecdf.ed.ac.uk,1,6274
57704466,0.00079,runlisfloo,nfische2,r,08/18/2026,11:13:59,eddie@node1j13.ecdf.ed.ac.uk,1,6283
57704466,0.00079,runlisfloo,nfische2,r,08/18/2026,11:14:00,eddie@node1n09.ecdf.ed.ac.uk,1,6284
57704466,0.00079,runlisfloo,nfische2,r,08/18/2026,11:14:00,eddie@node1n11.ecdf.ed.ac.uk,1,6285
57704466,0.00079,runlisfloo,nfische2,r,08/18/2026,11:10:59,eddie@node1k18.ecdf.ed.ac.uk,1,6265
57704466,0.00079,runlisfloo,nfische2,r,08/18/2026,11:10:59,eddie@node1k20.ecdf.ed.ac.uk,1,6266
57704466,0.00079,runlisfloo,nfische2,r,08/18/2026,11:11:59,eddie@node1n06.ecdf.ed.ac.uk,1,6275
57704466,0.00079,runlisfloo,nfische2,r,08/18/2026,11:11:59,eddie@node1n10.ecdf.ed.ac.uk,1,6276
57704466,0.00079,runlisfloo,nfische2,r,08/18/2026,11:14:29,eddie@node1j12.ecdf.ed.ac.uk,1,6288
57704466,0.00079,runlisfloo,nfische2,r,08/18/2026,11:14:44,eddie@node1n06.ecdf.ed.ac.uk,1,6289
57704466,0.00079,runlisfloo,nfische2,r,08/18/2026,11:14:44,eddie@node1k10.ecdf.ed.ac.uk,1,6290
57704466,0.00079,runlisfloo,nfische2,r,08/18/2026,11:14:59,eddie@node1k15.ecdf.ed.ac.uk,1,6291
57704466,0.00079,runlisfloo,nfische2,r,08/18/2026,11:14:59,eddie@node1k11.ecdf.ed.ac.uk,1,6292
57704466,0.00079,runlisfloo,nfische2,r,08/18/2026,11:14:14,eddie@node1k18.ecdf.ed.ac.uk,1,6286
57704466,0.00079,runlisfloo,nfische2,r,08/18/2026,11:14:14,eddie@node1k17.ecdf.ed.ac.uk,1,6287
57704466,0.00079,runlisfloo,nfische2,r,08/18/2026,11:15:14,eddie@node1s09.ecdf.ed.ac.uk,1,6293
57704466,0.00079,runlisfloo,nfische2,r,08/18/2026,11:15:29,eddie@node1n03.ecdf.ed.ac.uk,1,6294
57704466,0.00079,runlisfloo,nfische2,r,08/18/2026,11:15:29,eddie@node1k18.ecdf.ed.ac.uk,1,6295
57704466,0.00079,runlisfloo,nfische2,r,08/18/2026,11:15:29,eddie@node1k11.ecdf.ed.ac.uk,1,6296
57704466,0.00079,runlisfloo,nfische2,r,08/18/2026,11:15:44,eddie@node1n02.ecdf.ed.ac.uk,1,6297
57704466,0.00079,runlisfloo,nfische2,r,08/18/2026,11:15:44,eddie@node1k16.ecdf.ed.ac.uk,1,6298
57704466,0.00079,runlisfloo,nfische2,r,08/18/2026,11:15:44,eddie@node1n12.ecdf.ed.ac.uk,1,6299
57704466,0.00079,runlisfloo,nfische2,r,08/18/2026,11:15:44,eddie@node1k14.ecdf.ed.ac.uk,1,6300
57704466,0.00079,runlisfloo,nfische2,r,08/18/2026,11:15:44,eddie@node1k17.ecdf.ed.ac.uk,1,6301
57722865,0.00079,q_0nm-sat,jross7,r,08/19/2026,11:07:48,gpu@node1p06.ecdf.ed.ac.uk,1,72
57704466,0.00079,runlisfloo,nfische2,r,08/18/2026,11:15:59,eddie@node1n10.ecdf.ed.ac.uk,1,6302
57704466,0.00079,runlisfloo,nfische2,r,08/18/2026,11:15:59,eddie@node1n11.ecdf.ed.ac.uk,1,6303
57704466,0.00079,runlisfloo,nfische2,r,08/18/2026,11:32:55,eddie@node1k20.ecdf.ed.ac.uk,1,6349
57704466,0.00079,runlisfloo,nfische2,r,08/18/2026,11:16:29,eddie@node1n10.ecdf.ed.ac.uk,1,6305
57704466,0.00079,runlisfloo,nfische2,r,08/18/2026,11:16:44,eddie@node1n02.ecdf.ed.ac.uk,1,6306
57704466,0.00079,runlisfloo,nfische2,r,08/18/2026,11:16:14,eddie@node1n12.ecdf.ed.ac.uk,1,6304
57704466,0.00079,runlisfloo,nfische2,r,08/18/2026,11:16:59,eddie@node1k19.ecdf.ed.ac.uk,1,6307
57704466,0.00079,runlisfloo,nfische2,r,08/18/2026,11:16:59,eddie@node1k10.ecdf.ed.ac.uk,1,6308
57704466,0.00078,runlisfloo,nfische2,r,08/18/2026,09:29:06,eddie@node1j13.ecdf.ed.ac.uk,1,6058
57723429,0.00078,of_28229_3,wdewulf,r,08/19/2026,10:46:42,eddie@node1j26.ecdf.ed.ac.uk,1,11
57704466,0.00078,runlisfloo,nfische2,r,08/18/2026,11:26:40,eddie@node1j13.ecdf.ed.ac.uk,1,6331
57704466,0.00078,runlisfloo,nfische2,r,08/18/2026,11:26:40,eddie@node1k11.ecdf.ed.ac.uk,1,6332
57704466,0.00078,runlisfloo,nfische2,r,08/18/2026,11:26:40,eddie@node1n12.ecdf.ed.ac.uk,1,6333
57704466,0.00078,runlisfloo,nfische2,r,08/18/2026,11:27:10,eddie@node1k20.ecdf.ed.ac.uk,1,6334
57704466,0.00078,runlisfloo,nfische2,r,08/18/2026,11:27:10,eddie@node1k11.ecdf.ed.ac.uk,1,6335
57704466,0.00078,runlisfloo,nfische2,r,08/18/2026,11:27:55,eddie@node1j13.ecdf.ed.ac.uk,1,6336
57704466,0.00078,runlisfloo,nfische2,r,08/18/2026,11:27:55,eddie@node1n11.ecdf.ed.ac.uk,1,6337
57704466,0.00078,runlisfloo,nfische2,r,08/18/2026,11:28:40,eddie@node1k13.ecdf.ed.ac.uk,1,6338
57704466,0.00078,runlisfloo,nfische2,r,08/18/2026,11:28:55,eddie@node1j12.ecdf.ed.ac.uk,1,6339
57704466,0.00078,runlisfloo,nfische2,r,08/18/2026,11:29:10,eddie@node1k14.ecdf.ed.ac.uk,1,6340
57704466,0.00078,runlisfloo,nfische2,r,08/18/2026,11:29:10,eddie@node1j12.ecdf.ed.ac.uk,1,6341
57704466,0.00078,runlisfloo,nfische2,r,08/18/2026,11:30:10,eddie@node1k20.ecdf.ed.ac.uk,1,6343
57704466,0.00078,runlisfloo,nfische2,r,08/18/2026,11:30:25,eddie@node1n07.ecdf.ed.ac.uk,1,6344
57704466,0.00078,runlisfloo,nfische2,r,08/18/2026,11:30:25,eddie@node1k19.ecdf.ed.ac.uk,1,6345
57704466,0.00078,runlisfloo,nfische2,r,08/18/2026,11:29:41,eddie@node1n10.ecdf.ed.ac.uk,1,6342
57722865,0.00078,q_0nm-sat,jross7,r,08/19/2026,11:01:02,gpu@node1r03.ecdf.ed.ac.uk,1,64
57722810,0.00078,s5_24_2024,yhu5,r,08/19/2026,09:30:40,eddie@node1o06.ecdf.ed.ac.uk,1
57704466,0.00078,runlisfloo,nfische2,r,08/18/2026,11:30:40,eddie@node1k16.ecdf.ed.ac.uk,1,6346
57704466,0.00078,runlisfloo,nfische2,r,08/18/2026,11:31:10,eddie@node1k15.ecdf.ed.ac.uk,1,6347
57704466,0.00078,runlisfloo,nfische2,r,08/18/2026,11:31:55,eddie@node1k20.ecdf.ed.ac.uk,1,6348
57722865,0.00078,q_0nm-sat,jross7,r,08/19/2026,10:59:32,gpu@node1p05.ecdf.ed.ac.uk,1,63
57704466,0.00078,runlisfloo,nfische2,r,08/18/2026,09:18:41,eddie@node1n01.ecdf.ed.ac.uk,1,6056
57722865,0.00078,q_0nm-sat,jross7,r,08/19/2026,10:55:54,gpu@node1p05.ecdf.ed.ac.uk,1,62
57722865,0.00078,q_0nm-sat,jross7,r,08/19/2026,11:05:33,gpu@node1g02.ecdf.ed.ac.uk,1,71
57704466,0.00078,runlisfloo,nfische2,r,08/18/2026,09:21:57,eddie@node1j13.ecdf.ed.ac.uk,1,6057
57722865,0.00078,q_0nm-sat,jross7,r,08/19/2026,11:03:33,gpu@node1q09.ecdf.ed.ac.uk,1,70
57722865,0.00078,q_0nm-sat,jross7,r,08/19/2026,11:02:48,gpu@node1p06.ecdf.ed.ac.uk,1,69
57722865,0.00077,q_0nm-sat,jross7,r,08/19/2026,11:01:32,gpu@node1p07.ecdf.ed.ac.uk,1,66
57722865,0.00077,q_0nm-sat,jross7,r,08/19/2026,11:02:18,gpu@node1q09.ecdf.ed.ac.uk,1,68
57722865,0.00077,q_0nm-sat,jross7,r,08/19/2026,11:01:48,gpu@node1o17.ecdf.ed.ac.uk,1,67
57722865,0.00077,q_0nm-sat,jross7,r,08/19/2026,11:09:17,gpu@node1g06.ecdf.ed.ac.uk,1,73
57708234,0.00076,prepro_OG_,smoon,r,08/19/2026,03:44:28,eddie@node1q02.ecdf.ed.ac.uk,2,46
57720643,0.00075,step7_ext,s2116644,r,08/19/2026,05:42:28,eddie@node1f16.ecdf.ed.ac.uk,8,25
57720643,0.00075,step7_ext,s2116644,r,08/19/2026,05:42:28,eddie@node1f13.ecdf.ed.ac.uk,8,26
57720643,0.00075,step7_ext,s2116644,r,08/19/2026,05:42:28,eddie@node1f07.ecdf.ed.ac.uk,8,27
57720643,0.00075,step7_ext,s2116644,r,08/19/2026,05:42:28,eddie@node1i13.ecdf.ed.ac.uk,8,28
57720643,0.00075,step7_ext,s2116644,r,08/19/2026,05:42:28,eddie@node1l27.ecdf.ed.ac.uk,8,29
57720643,0.00075,step7_ext,s2116644,r,08/19/2026,05:42:28,eddie@node1r16.ecdf.ed.ac.uk,8,30
57720643,0.00075,step7_ext,s2116644,r,08/19/2026,05:42:28,eddie@node1l27.ecdf.ed.ac.uk,8,31
57720643,0.00075,step7_ext,s2116644,r,08/19/2026,05:42:28,eddie@node1l25.ecdf.ed.ac.uk,8,32
57720643,0.00075,step7_ext,s2116644,r,08/19/2026,05:42:28,eddie@node1o06.ecdf.ed.ac.uk,8,33
57720643,0.00075,step7_ext,s2116644,r,08/19/2026,05:42:28,eddie@node1o03.ecdf.ed.ac.uk,8,34
57720643,0.00075,step7_ext,s2116644,r,08/19/2026,05:42:28,eddie@node1r14.ecdf.ed.ac.uk,8,35
57720643,0.00075,step7_ext,s2116644,r,08/19/2026,05:42:28,eddie@node1o04.ecdf.ed.ac.uk,8,36
57720643,0.00075,step7_ext,s2116644,r,08/19/2026,05:42:28,eddie@node1r15.ecdf.ed.ac.uk,8,37
57720643,0.00075,step7_ext,s2116644,r,08/19/2026,05:42:28,eddie@node1l22.ecdf.ed.ac.uk,8,38
57720643,0.00075,step7_ext,s2116644,r,08/19/2026,05:42:28,eddie@node1l21.ecdf.ed.ac.uk,8,39
57720643,0.00075,step7_ext,s2116644,r,08/19/2026,05:42:28,eddie@node1o03.ecdf.ed.ac.uk,8,40
57708234,0.00075,prepro_OG_,smoon,r,08/19/2026,03:08:28,eddie@node1q13.ecdf.ed.ac.uk,2,44
57708234,0.00074,prepro_OG_,smoon,r,08/19/2026,03:10:28,eddie@node1q13.ecdf.ed.ac.uk,2,45
57721465,0.00074,nf-NFCORE_,psmith20,r,08/19/2026,00:39:58,eddie@node1f16.ecdf.ed.ac.uk,1
57722897,0.00073,QLOGIN,blivesey,r,08/19/2026,09:53:43,igmm_long@node1h02.ecdf.ed.ac.,1
57723429,0.00072,of_28229_3,wdewulf,r,08/19/2026,10:46:42,eddie@node1h05.ecdf.ed.ac.uk,1,12
57708250,0.00071,ce1,gs10us1,r,08/18/2026,13:38:22,eddie@node1l18.ecdf.ed.ac.uk,1
57720643,0.00071,step7_ext,s2116644,r,08/19/2026,05:42:13,eddie@node1f15.ecdf.ed.ac.uk,8,21
57720643,0.00071,step7_ext,s2116644,r,08/19/2026,05:42:13,eddie@node1i13.ecdf.ed.ac.uk,8,22
57720643,0.00071,step7_ext,s2116644,r,08/19/2026,05:42:13,eddie@node1i14.ecdf.ed.ac.uk,8,23
57720643,0.00071,step7_ext,s2116644,r,08/19/2026,05:42:13,eddie@node1f11.ecdf.ed.ac.uk,8,24
57722811,0.00071,s5_24_2024,yhu5,r,08/19/2026,09:30:40,eddie@node1l28.ecdf.ed.ac.uk,1
57708234,0.00070,prepro_OG_,smoon,r,08/19/2026,02:16:28,eddie@node1q02.ecdf.ed.ac.uk,2,43
57704466,0.00068,runlisfloo,nfische2,r,08/18/2026,01:47:47,eddie@node1k17.ecdf.ed.ac.uk,1,6007
57708234,0.00067,prepro_OG_,smoon,r,08/19/2026,01:26:43,eddie@node1q15.ecdf.ed.ac.uk,2,42
57722735,0.00066,sra_synchr,dmanousi,r,08/19/2026,08:45:37,eddie@node1f13.ecdf.ed.ac.uk,1
57723429,0.00066,of_28229_3,wdewulf,r,08/19/2026,10:46:42,eddie@node1h10.ecdf.ed.ac.uk,1,13
57704466,0.00066,runlisfloo,nfische2,r,08/18/2026,01:49:17,eddie@node1k18.ecdf.ed.ac.uk,1,6008
57722812,0.00065,s5_24_2024,yhu5,r,08/19/2026,09:30:40,eddie@node1o06.ecdf.ed.ac.uk,1
57708234,0.00065,prepro_OG_,smoon,r,08/19/2026,01:02:58,eddie@node1q04.ecdf.ed.ac.uk,2,41
57708234,0.00064,prepro_OG_,smoon,r,08/19/2026,00:47:43,eddie@node1q12.ecdf.ed.ac.uk,2,38
57704466,0.00064,runlisfloo,nfische2,r,08/18/2026,01:49:47,eddie@node1k11.ecdf.ed.ac.uk,1,6009
57708234,0.00064,prepro_OG_,smoon,r,08/19/2026,00:48:43,eddie@node1q12.ecdf.ed.ac.uk,2,39
57704466,0.00063,runlisfloo,nfische2,r,08/18/2026,01:55:32,eddie@node1k20.ecdf.ed.ac.uk,1,6010
57704466,0.00062,runlisfloo,nfische2,r,08/18/2026,05:59:26,eddie@node1j12.ecdf.ed.ac.uk,1,6052
57723429,0.00062,of_28229_3,wdewulf,r,08/19/2026,10:46:42,eddie@node1j27.ecdf.ed.ac.uk,1,14
57704466,0.00061,runlisfloo,nfische2,r,08/18/2026,01:58:17,eddie@node1k19.ecdf.ed.ac.uk,1,6011
57704466,0.00061,runlisfloo,nfische2,r,08/18/2026,06:12:41,eddie@node1n11.ecdf.ed.ac.uk,1,6053
57704466,0.00061,runlisfloo,nfische2,r,08/18/2026,05:42:41,eddie@node1k19.ecdf.ed.ac.uk,1,6051
57704466,0.00061,runlisfloo,nfische2,r,08/18/2026,02:03:32,eddie@node1k14.ecdf.ed.ac.uk,1,6012
57708234,0.00060,prepro_OG_,smoon,r,08/18/2026,21:59:27,eddie@node1q12.ecdf.ed.ac.uk,2,35
57704466,0.00060,runlisfloo,nfische2,r,08/18/2026,02:06:32,eddie@node1k16.ecdf.ed.ac.uk,1,6013
57704466,0.00060,runlisfloo,nfische2,r,08/18/2026,05:19:26,eddie@node1n09.ecdf.ed.ac.uk,1,6049
57704466,0.00059,runlisfloo,nfische2,r,08/18/2026,02:12:47,eddie@node1k15.ecdf.ed.ac.uk,1,6014
57704466,0.00059,runlisfloo,nfische2,r,08/18/2026,05:15:11,eddie@node1n03.ecdf.ed.ac.uk,1,6048
57708652,0.00059,ce1,gs10us1,r,08/19/2026,00:53:43,eddie@node1l15.ecdf.ed.ac.uk,4
57704466,0.00058,runlisfloo,nfische2,r,08/18/2026,02:13:32,eddie@node1k20.ecdf.ed.ac.uk,1,6015
57704466,0.00058,runlisfloo,nfische2,r,08/18/2026,05:22:41,eddie@node1n01.ecdf.ed.ac.uk,1,6050
57704466,0.00058,runlisfloo,nfische2,r,08/18/2026,04:56:41,eddie@node1n12.ecdf.ed.ac.uk,1,6046
57708234,0.00058,prepro_OG_,smoon,r,08/18/2026,21:31:57,eddie@node1q04.ecdf.ed.ac.uk,2,34
57704466,0.00058,runlisfloo,nfische2,r,08/18/2026,02:30:17,eddie@node1k19.ecdf.ed.ac.uk,1,6017
57704466,0.00058,runlisfloo,nfische2,r,08/18/2026,04:57:56,eddie@node1k16.ecdf.ed.ac.uk,1,6047
57704466,0.00058,runlisfloo,nfische2,r,08/18/2026,04:31:26,eddie@node1k18.ecdf.ed.ac.uk,1,6039
57704466,0.00058,runlisfloo,nfische2,r,08/18/2026,02:16:02,eddie@node1k18.ecdf.ed.ac.uk,1,6016
57704466,0.00058,runlisfloo,nfische2,r,08/18/2026,02:36:47,eddie@node1k18.ecdf.ed.ac.uk,1,6018
57704466,0.00057,runlisfloo,nfische2,r,08/18/2026,04:26:41,eddie@node1k16.ecdf.ed.ac.uk,1,6038
57704466,0.00057,runlisfloo,nfische2,r,08/18/2026,04:36:41,eddie@node1k16.ecdf.ed.ac.uk,1,6040
57723429,0.00057,of_28229_3,wdewulf,r,08/19/2026,10:46:42,eddie@node1m14.ecdf.ed.ac.uk,1,15
57704466,0.00057,runlisfloo,nfische2,r,08/18/2026,03:00:17,eddie@node1j12.ecdf.ed.ac.uk,1,6021
57704466,0.00057,runlisfloo,nfische2,r,08/18/2026,03:19:19,eddie@node1n10.ecdf.ed.ac.uk,1,6024
57704466,0.00057,runlisfloo,nfische2,r,08/18/2026,03:19:19,eddie@node1k11.ecdf.ed.ac.uk,1,6025
57704466,0.00057,runlisfloo,nfische2,r,08/18/2026,04:37:11,eddie@node1k20.ecdf.ed.ac.uk,1,6041
57704466,0.00057,runlisfloo,nfische2,r,08/18/2026,03:07:17,eddie@node1n01.ecdf.ed.ac.uk,1,6022
57704466,0.00057,runlisfloo,nfische2,r,08/18/2026,02:57:47,eddie@node1k17.ecdf.ed.ac.uk,1,6020
57704466,0.00057,runlisfloo,nfische2,r,08/18/2026,04:42:41,eddie@node1k15.ecdf.ed.ac.uk,1,6042
57704466,0.00057,runlisfloo,nfische2,r,08/18/2026,04:44:26,eddie@node1k11.ecdf.ed.ac.uk,1,6043
57704466,0.00057,runlisfloo,nfische2,r,08/18/2026,04:17:41,eddie@node1k17.ecdf.ed.ac.uk,1,6037
57704466,0.00057,runlisfloo,nfische2,r,08/18/2026,03:08:47,eddie@node1k16.ecdf.ed.ac.uk,1,6023
57704466,0.00057,runlisfloo,nfische2,r,08/18/2026,04:10:26,eddie@node1k19.ecdf.ed.ac.uk,1,6036
57704466,0.00057,runlisfloo,nfische2,r,08/18/2026,04:46:41,eddie@node1k14.ecdf.ed.ac.uk,1,6045
57704466,0.00057,runlisfloo,nfische2,r,08/18/2026,02:38:47,eddie@node1j12.ecdf.ed.ac.uk,1,6019
57704466,0.00056,runlisfloo,nfische2,r,08/18/2026,03:20:04,eddie@node1n10.ecdf.ed.ac.uk,1,6026
57704466,0.00056,runlisfloo,nfische2,r,08/18/2026,03:40:49,eddie@node1k16.ecdf.ed.ac.uk,1,6029
57704466,0.00056,runlisfloo,nfische2,r,08/18/2026,03:45:19,eddie@node1k17.ecdf.ed.ac.uk,1,6031
57704466,0.00056,runlisfloo,nfische2,r,08/18/2026,04:03:34,eddie@node1k19.ecdf.ed.ac.uk,1,6035
57704466,0.00056,runlisfloo,nfische2,r,08/18/2026,03:57:49,eddie@node1n10.ecdf.ed.ac.uk,1,6034
57704466,0.00056,runlisfloo,nfische2,r,08/18/2026,03:50:34,eddie@node1k20.ecdf.ed.ac.uk,1,6032
57704466,0.00056,runlisfloo,nfische2,r,08/18/2026,03:43:04,eddie@node1k16.ecdf.ed.ac.uk,1,6030
57704466,0.00056,runlisfloo,nfische2,r,08/18/2026,03:20:34,eddie@node1k19.ecdf.ed.ac.uk,1,6027
57704466,0.00056,runlisfloo,nfische2,r,08/18/2026,03:22:49,eddie@node1k15.ecdf.ed.ac.uk,1,6028
57704466,0.00056,runlisfloo,nfische2,r,08/18/2026,03:51:49,eddie@node1n11.ecdf.ed.ac.uk,1,6033
57725508,0.00055,Qualimap_d,s2556897,r,08/19/2026,11:07:03,igmm_long@node1b08.ecdf.ed.ac.,1,14
57704466,0.00054,runlisfloo,nfische2,r,08/18/2026,06:40:41,eddie@node1n09.ecdf.ed.ac.uk,1,6054
57704466,0.00054,runlisfloo,nfische2,r,08/18/2026,06:43:41,eddie@node1j12.ecdf.ed.ac.uk,1,6055
57708234,0.00054,prepro_OG_,smoon,r,08/18/2026,20:45:03,eddie@node1q15.ecdf.ed.ac.uk,2,33
57723429,0.00054,of_28229_3,wdewulf,r,08/19/2026,10:46:42,eddie@node1h15.ecdf.ed.ac.uk,1,16
57700172,0.00054,plot_cons_,s2559269,r,08/17/2026,10:33:15,igmm_long@node1b04.ecdf.ed.ac.,13,1
57725508,0.00052,Qualimap_d,s2556897,r,08/19/2026,11:07:03,igmm_long@node1h01.ecdf.ed.ac.,1,15
57723429,0.00051,of_28229_3,wdewulf,r,08/19/2026,10:46:42,eddie@node1s19.ecdf.ed.ac.uk,1,17
57723429,0.00048,of_28229_3,wdewulf,r,08/19/2026,10:46:42,eddie@node1o10.ecdf.ed.ac.uk,1,18
57699758,0.00047,Germline_s,s2559269,r,08/17/2026,10:13:12,igmm_long@node1c06.ecdf.ed.ac.,3,1
57699758,0.00047,Germline_s,s2559269,r,08/17/2026,10:13:12,igmm_long@node1c03.ecdf.ed.ac.,3,2
57699758,0.00047,Germline_s,s2559269,r,08/17/2026,10:13:12,igmm_long@node1a07.ecdf.ed.ac.,3,3
57699758,0.00047,Germline_s,s2559269,r,08/17/2026,10:13:12,igmm_long@node1a03.ecdf.ed.ac.,3,4
57699758,0.00047,Germline_s,s2559269,r,08/17/2026,10:13:12,igmm_long@node1b07.ecdf.ed.ac.,3,5
57699758,0.00047,Germline_s,s2559269,r,08/17/2026,10:13:12,igmm_long@node1c01.ecdf.ed.ac.,3,6
57699758,0.00047,Germline_s,s2559269,r,08/17/2026,10:13:12,igmm_long@node1a04.ecdf.ed.ac.,3,7
57699758,0.00047,Germline_s,s2559269,r,08/17/2026,10:13:12,igmm_long@node1c06.ecdf.ed.ac.,3,8
57699758,0.00047,Germline_s,s2559269,r,08/17/2026,10:13:12,igmm_long@node1a06.ecdf.ed.ac.,3,9
57725508,0.00046,Qualimap_d,s2556897,r,08/19/2026,11:07:03,igmm_long@node1h28.ecdf.ed.ac.,1,17
57723429,0.00045,of_28229_3,wdewulf,r,08/19/2026,10:46:42,eddie@node1h23.ecdf.ed.ac.uk,1,19
57708264,0.00043,ce1,gs10us1,r,08/18/2026,13:58:01,eddie@node1l13.ecdf.ed.ac.uk,1
57723429,0.00043,of_28229_3,wdewulf,r,08/19/2026,10:46:42,eddie@node1h09.ecdf.ed.ac.uk,1,20
57723018,0.00042,Housekeepi,s2559269,r,08/19/2026,10:26:24,igmm_long@node1c02.ecdf.ed.ac.,6,1
57723018,0.00042,Housekeepi,s2559269,r,08/19/2026,10:26:24,igmm_long@node1b02.ecdf.ed.ac.,6,2
57723018,0.00042,Housekeepi,s2559269,r,08/19/2026,10:26:24,igmm_long@node1a01.ecdf.ed.ac.,6,3
57723018,0.00042,Housekeepi,s2559269,r,08/19/2026,10:26:24,igmm_long@node1a07.ecdf.ed.ac.,6,4
57723018,0.00042,Housekeepi,s2559269,r,08/19/2026,10:26:24,igmm_long@node1b08.ecdf.ed.ac.,6,5
57723018,0.00042,Housekeepi,s2559269,r,08/19/2026,10:26:24,igmm_long@node1b05.ecdf.ed.ac.,6,6
57723018,0.00042,Housekeepi,s2559269,r,08/19/2026,10:26:24,igmm_long@node1c03.ecdf.ed.ac.,6,7
57723018,0.00042,Housekeepi,s2559269,r,08/19/2026,10:26:24,igmm_long@node1b07.ecdf.ed.ac.,6,8
57723018,0.00042,Housekeepi,s2559269,r,08/19/2026,10:26:24,igmm_long@node1a04.ecdf.ed.ac.,6,9
57699760,0.00041,Housekeepi,s2559269,r,08/17/2026,10:13:27,igmm_long@node1c03.ecdf.ed.ac.,6,1
57699760,0.00041,Housekeepi,s2559269,r,08/17/2026,10:13:27,igmm_long@node1c08.ecdf.ed.ac.,6,2
57699760,0.00041,Housekeepi,s2559269,r,08/17/2026,10:13:27,igmm_long@node1c05.ecdf.ed.ac.,6,3
57699760,0.00041,Housekeepi,s2559269,r,08/17/2026,10:13:27,igmm_long@node1b07.ecdf.ed.ac.,6,4
57699760,0.00041,Housekeepi,s2559269,r,08/17/2026,10:13:27,igmm_long@node1c02.ecdf.ed.ac.,6,5
57699760,0.00041,Housekeepi,s2559269,r,08/17/2026,10:13:27,igmm_long@node1a01.ecdf.ed.ac.,6,6
57699760,0.00041,Housekeepi,s2559269,r,08/17/2026,10:13:27,igmm_long@node1c06.ecdf.ed.ac.,6,7
57699760,0.00041,Housekeepi,s2559269,r,08/17/2026,10:13:27,igmm_long@node1b02.ecdf.ed.ac.,6,8
57699760,0.00041,Housekeepi,s2559269,r,08/17/2026,10:13:27,igmm_long@node1b01.ecdf.ed.ac.,6,9
57723429,0.00041,of_28229_3,wdewulf,r,08/19/2026,10:46:42,eddie@node1o08.ecdf.ed.ac.uk,1,21
57710723,0.00040,ce1,gs10us1,r,08/19/2026,02:22:13,eddie@node1l14.ecdf.ed.ac.uk,1
57710391,0.00039,ce1,gs10us1,r,08/19/2026,01:31:43,eddie@node1l11.ecdf.ed.ac.uk,1
57710386,0.00039,ce1,gs10us1,r,08/19/2026,01:27:43,eddie@node1l14.ecdf.ed.ac.uk,1
57710387,0.00039,ce1,gs10us1,r,08/19/2026,01:27:43,eddie@node1l14.ecdf.ed.ac.uk,1
57723429,0.00039,of_28229_3,wdewulf,r,08/19/2026,10:46:42,eddie@node1s13.ecdf.ed.ac.uk,1,22
57709400,0.00039,ce1,gs10us1,r,08/19/2026,00:53:43,eddie@node1l15.ecdf.ed.ac.uk,1
57710282,0.00039,ce1,gs10us1,r,08/19/2026,01:05:43,eddie@node1l17.ecdf.ed.ac.uk,1
57722880,0.00039,QLOGIN,blivesey,r,08/19/2026,09:52:32,igmm_long@node1h02.ecdf.ed.ac.,1
57708775,0.00038,ce1,gs10us1,r,08/18/2026,22:26:30,eddie@node1l14.ecdf.ed.ac.uk,1
57723019,0.00038,Somatic_sp,s2559269,r,08/19/2026,10:26:24,igmm_long@node1b04.ecdf.ed.ac.,5,1
57723019,0.00038,Somatic_sp,s2559269,r,08/19/2026,10:26:24,igmm_long@node1a03.ecdf.ed.ac.,5,2
57723019,0.00038,Somatic_sp,s2559269,r,08/19/2026,10:26:24,igmm_long@node1c01.ecdf.ed.ac.,5,3
57723019,0.00038,Somatic_sp,s2559269,r,08/19/2026,10:26:24,igmm_long@node1a08.ecdf.ed.ac.,5,4
57723019,0.00038,Somatic_sp,s2559269,r,08/19/2026,10:26:24,igmm_long@node1c05.ecdf.ed.ac.,5,5
57723019,0.00038,Somatic_sp,s2559269,r,08/19/2026,10:26:24,igmm_long@node1b01.ecdf.ed.ac.,5,6
57723019,0.00038,Somatic_sp,s2559269,r,08/19/2026,10:26:24,igmm_long@node1b03.ecdf.ed.ac.,5,7
57723019,0.00038,Somatic_sp,s2559269,r,08/19/2026,10:26:24,igmm_long@node1a05.ecdf.ed.ac.,5,8
57723019,0.00038,Somatic_sp,s2559269,r,08/19/2026,10:26:24,igmm_long@node1b06.ecdf.ed.ac.,5,9
57723429,0.00037,of_28229_3,wdewulf,r,08/19/2026,10:46:42,eddie@node1r20.ecdf.ed.ac.uk,1,23
57708267,0.00037,ce1,gs10us1,r,08/18/2026,14:05:13,eddie@node1l17.ecdf.ed.ac.uk,1
57709398,0.00037,ce1,gs10us1,r,08/19/2026,00:21:43,eddie@node1l11.ecdf.ed.ac.uk,1
57723017,0.00037,Germline_s,s2559269,r,08/19/2026,10:26:09,igmm_long@node1b08.ecdf.ed.ac.,3,1
57708351,0.00037,ce1,gs10us1,r,08/18/2026,20:21:17,eddie@node1l17.ecdf.ed.ac.uk,1
57708638,0.00037,ce1,gs10us1,r,08/18/2026,21:21:42,eddie@node1l15.ecdf.ed.ac.uk,1
57708657,0.00037,ce1,gs10us1,r,08/18/2026,21:30:27,eddie@node1l13.ecdf.ed.ac.uk,1
57708721,0.00037,ce1,gs10us1,r,08/18/2026,21:51:12,eddie@node1l13.ecdf.ed.ac.uk,1
57708661,0.00037,ce1,gs10us1,r,08/18/2026,21:35:57,eddie@node1l18.ecdf.ed.ac.uk,1
57709378,0.00037,ce1,gs10us1,r,08/19/2026,00:09:28,eddie@node1l11.ecdf.ed.ac.uk,1
57708898,0.00037,ce1,gs10us1,r,08/18/2026,23:28:52,eddie@node1l16.ecdf.ed.ac.uk,1
57708864,0.00036,ce1,gs10us1,r,08/18/2026,23:13:39,eddie@node1l16.ecdf.ed.ac.uk,1
57723017,0.00036,Germline_s,s2559269,r,08/19/2026,10:26:09,igmm_long@node1b05.ecdf.ed.ac.,3,2
57708772,0.00036,ce1,gs10us1,r,08/18/2026,21:59:27,eddie@node1l17.ecdf.ed.ac.uk,1
57723429,0.00036,of_28229_3,wdewulf,r,08/19/2026,10:46:42,eddie@node1j28.ecdf.ed.ac.uk,1,24
57723017,0.00035,Germline_s,s2559269,r,08/19/2026,10:26:09,igmm_long@node1a08.ecdf.ed.ac.,3,3
57708626,0.00035,ce1,gs10us1,r,08/18/2026,20:42:33,eddie@node1l12.ecdf.ed.ac.uk,1
57708627,0.00035,ce1,gs10us1,r,08/18/2026,20:42:48,eddie@node1l11.ecdf.ed.ac.uk,1
57723017,0.00035,Germline_s,s2559269,r,08/19/2026,10:26:09,igmm_long@node1c08.ecdf.ed.ac.,3,4
57723429,0.00034,of_28229_3,wdewulf,r,08/19/2026,10:46:42,eddie@node1h16.ecdf.ed.ac.uk,1,25
57723017,0.00034,Germline_s,s2559269,r,08/19/2026,10:26:09,igmm_long@node1c04.ecdf.ed.ac.,3,5
57723429,0.00033,of_28229_3,wdewulf,r,08/19/2026,10:46:42,eddie@node1r17.ecdf.ed.ac.uk,1,26
57708234,0.00033,prepro_OG_,smoon,r,08/18/2026,13:21:01,eddie@node1g10.ecdf.ed.ac.uk,2,28
57723017,0.00033,Germline_s,s2559269,r,08/19/2026,10:26:09,igmm_long@node1a05.ecdf.ed.ac.,3,6
57723017,0.00032,Germline_s,s2559269,r,08/19/2026,10:26:09,igmm_long@node1c05.ecdf.ed.ac.,3,7
57723429,0.00032,of_28229_3,wdewulf,r,08/19/2026,10:46:42,eddie@node1r18.ecdf.ed.ac.uk,1,27
57723017,0.00032,Germline_s,s2559269,r,08/19/2026,10:26:09,igmm_long@node1b01.ecdf.ed.ac.,3,8
57723017,0.00032,Germline_s,s2559269,r,08/19/2026,10:26:09,igmm_long@node1b03.ecdf.ed.ac.,3,9
57708288,0.00031,ce1,gs10us1,r,08/18/2026,15:33:12,eddie@node1l14.ecdf.ed.ac.uk,1
57699762,0.00031,Somatic_sp,s2559269,r,08/17/2026,10:13:42,igmm_long@node1a08.ecdf.ed.ac.,5,1
57699762,0.00031,Somatic_sp,s2559269,r,08/17/2026,10:13:42,igmm_long@node1a03.ecdf.ed.ac.,5,2
57699762,0.00031,Somatic_sp,s2559269,r,08/17/2026,10:13:42,igmm_long@node1a06.ecdf.ed.ac.,5,3
57699762,0.00031,Somatic_sp,s2559269,r,08/17/2026,10:13:42,igmm_long@node1b06.ecdf.ed.ac.,5,4
57699762,0.00031,Somatic_sp,s2559269,r,08/17/2026,10:13:42,igmm_long@node1c01.ecdf.ed.ac.,5,5
57699762,0.00031,Somatic_sp,s2559269,r,08/17/2026,10:13:42,igmm_long@node1b04.ecdf.ed.ac.,5,6
57699762,0.00031,Somatic_sp,s2559269,r,08/17/2026,10:13:42,igmm_long@node1a05.ecdf.ed.ac.,5,7
57699762,0.00031,Somatic_sp,s2559269,r,08/17/2026,10:13:42,igmm_long@node1a04.ecdf.ed.ac.,5,8
57699762,0.00031,Somatic_sp,s2559269,r,08/17/2026,10:13:42,igmm_long@node1c04.ecdf.ed.ac.,5,9
57723429,0.00031,of_28229_3,wdewulf,r,08/19/2026,10:46:42,eddie@node1h14.ecdf.ed.ac.uk,1,28
57708290,0.00030,ce1,gs10us1,r,08/18/2026,15:34:12,eddie@node1l14.ecdf.ed.ac.uk,1
57723429,0.00030,of_28229_3,wdewulf,r,08/19/2026,10:46:42,eddie@node1r06.ecdf.ed.ac.uk,1,29
57723429,0.00029,of_28229_3,wdewulf,r,08/19/2026,10:46:42,eddie@node1o12.ecdf.ed.ac.uk,1,30
57723429,0.00028,of_28229_3,wdewulf,r,08/19/2026,10:46:42,eddie@node1o09.ecdf.ed.ac.uk,1,31
57723429,0.00028,of_28229_3,wdewulf,r,08/19/2026,10:46:42,eddie@node1r05.ecdf.ed.ac.uk,1,32
57723429,0.00028,of_28229_3,wdewulf,r,08/19/2026,10:46:42,eddie@node1r19.ecdf.ed.ac.uk,1,33
57723429,0.00028,of_28229_3,wdewulf,r,08/19/2026,10:46:42,eddie@node1h07.ecdf.ed.ac.uk,1,34
57723429,0.00028,of_28229_3,wdewulf,r,08/19/2026,10:46:42,eddie@node1s14.ecdf.ed.ac.uk,1,35
57723429,0.00028,of_28229_3,wdewulf,r,08/19/2026,10:46:42,eddie@node1h03.ecdf.ed.ac.uk,1,36
57723429,0.00028,of_28229_3,wdewulf,r,08/19/2026,10:46:42,eddie@node1s20.ecdf.ed.ac.uk,1,37
57723429,0.00028,of_28229_3,wdewulf,r,08/19/2026,10:46:42,eddie@node1h04.ecdf.ed.ac.uk,1,38
57723429,0.00028,of_28229_3,wdewulf,r,08/19/2026,10:46:42,eddie@node1r12.ecdf.ed.ac.uk,1,39
57723429,0.00028,of_28229_3,wdewulf,r,08/19/2026,10:46:42,eddie@node1s17.ecdf.ed.ac.uk,1,40
57723429,0.00028,of_28229_3,wdewulf,r,08/19/2026,10:46:42,eddie@node1j26.ecdf.ed.ac.uk,1,41
57723429,0.00028,of_28229_3,wdewulf,r,08/19/2026,10:46:42,eddie@node1o11.ecdf.ed.ac.uk,1,42
57723429,0.00028,of_28229_3,wdewulf,r,08/19/2026,10:46:42,eddie@node1h05.ecdf.ed.ac.uk,1,43
57723429,0.00028,of_28229_3,wdewulf,r,08/19/2026,10:46:42,eddie@node1h10.ecdf.ed.ac.uk,1,44
57723429,0.00028,of_28229_3,wdewulf,r,08/19/2026,10:46:42,eddie@node1j27.ecdf.ed.ac.uk,1,45
57723429,0.00028,of_28229_3,wdewulf,r,08/19/2026,10:46:43,eddie@node1m14.ecdf.ed.ac.uk,1,46
57723429,0.00028,of_28229_3,wdewulf,r,08/19/2026,10:46:43,eddie@node1h08.ecdf.ed.ac.uk,1,47
57723429,0.00028,of_28229_3,wdewulf,r,08/19/2026,10:46:43,eddie@node1j25.ecdf.ed.ac.uk,1,48
57723429,0.00028,of_28229_3,wdewulf,r,08/19/2026,10:46:43,eddie@node1h15.ecdf.ed.ac.uk,1,49
57723429,0.00028,of_28229_3,wdewulf,r,08/19/2026,10:46:43,eddie@node1s19.ecdf.ed.ac.uk,1,50
57723429,0.00028,of_28229_3,wdewulf,r,08/19/2026,10:46:43,eddie@node1o10.ecdf.ed.ac.uk,1,51
57723429,0.00028,of_28229_3,wdewulf,r,08/19/2026,10:46:43,eddie@node1h23.ecdf.ed.ac.uk,1,52
57723429,0.00028,of_28229_3,wdewulf,r,08/19/2026,10:46:43,eddie@node1o08.ecdf.ed.ac.uk,1,53
57723429,0.00028,of_28229_3,wdewulf,r,08/19/2026,10:46:43,eddie@node1h09.ecdf.ed.ac.uk,1,54
57723429,0.00028,of_28229_3,wdewulf,r,08/19/2026,10:46:43,eddie@node1s13.ecdf.ed.ac.uk,1,55
57723429,0.00028,of_28229_3,wdewulf,r,08/19/2026,10:46:43,eddie@node1r20.ecdf.ed.ac.uk,1,56
57723429,0.00028,of_28229_3,wdewulf,r,08/19/2026,10:46:43,eddie@node1j28.ecdf.ed.ac.uk,1,57
57723429,0.00028,of_28229_3,wdewulf,r,08/19/2026,10:46:43,eddie@node1h16.ecdf.ed.ac.uk,1,58
57723429,0.00028,of_28229_3,wdewulf,r,08/19/2026,10:46:43,eddie@node1o13.ecdf.ed.ac.uk,1,59
57723429,0.00028,of_28229_3,wdewulf,r,08/19/2026,10:46:43,eddie@node1r17.ecdf.ed.ac.uk,1,60
57723429,0.00028,of_28229_3,wdewulf,r,08/19/2026,10:46:43,eddie@node1r18.ecdf.ed.ac.uk,1,61
57723429,0.00028,of_28229_3,wdewulf,r,08/19/2026,10:46:43,eddie@node1r09.ecdf.ed.ac.uk,1,62
57723429,0.00028,of_28229_3,wdewulf,r,08/19/2026,10:46:43,eddie@node1h14.ecdf.ed.ac.uk,1,63
57723429,0.00028,of_28229_3,wdewulf,r,08/19/2026,10:46:43,eddie@node1o14.ecdf.ed.ac.uk,1,64
57723429,0.00028,of_28229_3,wdewulf,r,08/19/2026,10:46:43,eddie@node1r06.ecdf.ed.ac.uk,1,65
57723429,0.00028,of_28229_3,wdewulf,r,08/19/2026,10:46:43,eddie@node1o12.ecdf.ed.ac.uk,1,66
57723429,0.00028,of_28229_3,wdewulf,r,08/19/2026,10:46:43,eddie@node1o09.ecdf.ed.ac.uk,1,67
57723429,0.00028,of_28229_3,wdewulf,r,08/19/2026,10:46:43,eddie@node1r05.ecdf.ed.ac.uk,1,68
57723429,0.00028,of_28229_3,wdewulf,r,08/19/2026,10:46:43,eddie@node1r19.ecdf.ed.ac.uk,1,69
57723429,0.00028,of_28229_3,wdewulf,r,08/19/2026,10:46:43,eddie@node1h07.ecdf.ed.ac.uk,1,70
57723429,0.00028,of_28229_3,wdewulf,r,08/19/2026,10:46:43,eddie@node1m15.ecdf.ed.ac.uk,1,71
57723429,0.00028,of_28229_3,wdewulf,r,08/19/2026,10:46:43,eddie@node1h03.ecdf.ed.ac.uk,1,72
57723429,0.00028,of_28229_3,wdewulf,r,08/19/2026,10:46:43,eddie@node1s20.ecdf.ed.ac.uk,1,73
57723429,0.00028,of_28229_3,wdewulf,r,08/19/2026,10:46:43,eddie@node1h04.ecdf.ed.ac.uk,1,74
57723429,0.00028,of_28229_3,wdewulf,r,08/19/2026,10:46:43,eddie@node1r12.ecdf.ed.ac.uk,1,75
57723429,0.00028,of_28229_3,wdewulf,r,08/19/2026,10:46:43,eddie@node1s17.ecdf.ed.ac.uk,1,76
57723429,0.00028,of_28229_3,wdewulf,r,08/19/2026,10:46:43,eddie@node1o11.ecdf.ed.ac.uk,1,77
57723429,0.00028,of_28229_3,wdewulf,r,08/19/2026,10:46:43,eddie@node1j26.ecdf.ed.ac.uk,1,78
57723429,0.00028,of_28229_3,wdewulf,r,08/19/2026,10:46:43,eddie@node1h05.ecdf.ed.ac.uk,1,79
57723429,0.00028,of_28229_3,wdewulf,r,08/19/2026,10:46:43,eddie@node1h10.ecdf.ed.ac.uk,1,80
57723429,0.00028,of_28229_3,wdewulf,r,08/19/2026,10:46:43,eddie@node1j27.ecdf.ed.ac.uk,1,81
57723429,0.00028,of_28229_3,wdewulf,r,08/19/2026,10:46:43,eddie@node1m14.ecdf.ed.ac.uk,1,82
57723429,0.00028,of_28229_3,wdewulf,r,08/19/2026,10:46:43,eddie@node1h08.ecdf.ed.ac.uk,1,83
57723429,0.00028,of_28229_3,wdewulf,r,08/19/2026,10:46:43,eddie@node1j25.ecdf.ed.ac.uk,1,84
57723429,0.00028,of_28229_3,wdewulf,r,08/19/2026,10:46:43,eddie@node1h15.ecdf.ed.ac.uk,1,85
57723429,0.00028,of_28229_3,wdewulf,r,08/19/2026,10:46:43,eddie@node1s19.ecdf.ed.ac.uk,1,86
57723429,0.00028,of_28229_3,wdewulf,r,08/19/2026,10:46:43,eddie@node1o10.ecdf.ed.ac.uk,1,87
57723429,0.00028,of_28229_3,wdewulf,r,08/19/2026,10:46:43,eddie@node1h23.ecdf.ed.ac.uk,1,88
57723429,0.00028,of_28229_3,wdewulf,r,08/19/2026,10:46:43,eddie@node1h09.ecdf.ed.ac.uk,1,89
57723429,0.00028,of_28229_3,wdewulf,r,08/19/2026,10:46:43,eddie@node1o08.ecdf.ed.ac.uk,1,90
57723429,0.00028,of_28229_3,wdewulf,r,08/19/2026,10:46:43,eddie@node1s13.ecdf.ed.ac.uk,1,91
57723429,0.00028,of_28229_3,wdewulf,r,08/19/2026,10:46:43,eddie@node1r20.ecdf.ed.ac.uk,1,92
57723429,0.00028,of_28229_3,wdewulf,r,08/19/2026,10:46:43,eddie@node1j28.ecdf.ed.ac.uk,1,93
57723429,0.00028,of_28229_3,wdewulf,r,08/19/2026,10:46:43,eddie@node1h21.ecdf.ed.ac.uk,1,94
57723429,0.00028,of_28229_3,wdewulf,r,08/19/2026,10:46:43,eddie@node1h16.ecdf.ed.ac.uk,1,95
57723429,0.00028,of_28229_3,wdewulf,r,08/19/2026,10:46:43,eddie@node1o13.ecdf.ed.ac.uk,1,96
57723429,0.00028,of_28229_3,wdewulf,r,08/19/2026,10:46:43,eddie@node1r17.ecdf.ed.ac.uk,1,97
57723429,0.00028,of_28229_3,wdewulf,r,08/19/2026,10:46:43,eddie@node1r18.ecdf.ed.ac.uk,1,98
57723429,0.00028,of_28229_3,wdewulf,r,08/19/2026,10:46:43,eddie@node1r09.ecdf.ed.ac.uk,1,99
57723429,0.00028,of_28229_3,wdewulf,r,08/19/2026,10:46:43,eddie@node1h14.ecdf.ed.ac.uk,1,100
57723429,0.00028,of_28229_3,wdewulf,r,08/19/2026,10:46:43,eddie@node1o14.ecdf.ed.ac.uk,1,101
57723429,0.00028,of_28229_3,wdewulf,r,08/19/2026,10:46:43,eddie@node1r06.ecdf.ed.ac.uk,1,102
57723429,0.00028,of_28229_3,wdewulf,r,08/19/2026,10:46:43,eddie@node1o12.ecdf.ed.ac.uk,1,103
57723429,0.00028,of_28229_3,wdewulf,r,08/19/2026,10:46:43,eddie@node1o09.ecdf.ed.ac.uk,1,104
57723429,0.00028,of_28229_3,wdewulf,r,08/19/2026,10:46:43,eddie@node1r05.ecdf.ed.ac.uk,1,105
57723429,0.00028,of_28229_3,wdewulf,r,08/19/2026,10:46:43,eddie@node1r19.ecdf.ed.ac.uk,1,106
57723429,0.00028,of_28229_3,wdewulf,r,08/19/2026,10:46:43,eddie@node1m15.ecdf.ed.ac.uk,1,107
57723429,0.00028,of_28229_3,wdewulf,r,08/19/2026,10:46:43,eddie@node1h03.ecdf.ed.ac.uk,1,108
57723429,0.00028,of_28229_3,wdewulf,r,08/19/2026,10:46:43,eddie@node1s20.ecdf.ed.ac.uk,1,109
57723429,0.00028,of_28229_3,wdewulf,r,08/19/2026,10:46:43,eddie@node1h04.ecdf.ed.ac.uk,1,110
57723429,0.00028,of_28229_3,wdewulf,r,08/19/2026,10:46:43,eddie@node1r12.ecdf.ed.ac.uk,1,111
57723429,0.00028,of_28229_3,wdewulf,r,08/19/2026,10:46:43,eddie@node1s17.ecdf.ed.ac.uk,1,112
57723429,0.00028,of_28229_3,wdewulf,r,08/19/2026,10:46:43,eddie@node1j26.ecdf.ed.ac.uk,1,113
57723429,0.00028,of_28229_3,wdewulf,r,08/19/2026,10:46:43,eddie@node1o11.ecdf.ed.ac.uk,1,114
57723429,0.00028,of_28229_3,wdewulf,r,08/19/2026,10:46:43,eddie@node1h05.ecdf.ed.ac.uk,1,115
57723429,0.00028,of_28229_3,wdewulf,r,08/19/2026,10:46:43,eddie@node1h10.ecdf.ed.ac.uk,1,116
57723429,0.00028,of_28229_3,wdewulf,r,08/19/2026,10:46:43,eddie@node1j27.ecdf.ed.ac.uk,1,117
57723429,0.00028,of_28229_3,wdewulf,r,08/19/2026,10:46:43,eddie@node1m14.ecdf.ed.ac.uk,1,118
57723429,0.00028,of_28229_3,wdewulf,r,08/19/2026,10:46:43,eddie@node1h08.ecdf.ed.ac.uk,1,119
57723429,0.00028,of_28229_3,wdewulf,r,08/19/2026,10:46:43,eddie@node1j25.ecdf.ed.ac.uk,1,120
57723429,0.00028,of_28229_3,wdewulf,r,08/19/2026,10:46:43,eddie@node1h15.ecdf.ed.ac.uk,1,121
57723429,0.00028,of_28229_3,wdewulf,r,08/19/2026,10:46:43,eddie@node1s19.ecdf.ed.ac.uk,1,122
57723429,0.00028,of_28229_3,wdewulf,r,08/19/2026,10:46:43,eddie@node1o10.ecdf.ed.ac.uk,1,123
57723429,0.00028,of_28229_3,wdewulf,r,08/19/2026,10:46:43,eddie@node1o07.ecdf.ed.ac.uk,1,124
57723429,0.00028,of_28229_3,wdewulf,r,08/19/2026,10:46:43,eddie@node1o08.ecdf.ed.ac.uk,1,125
57723429,0.00028,of_28229_3,wdewulf,r,08/19/2026,10:46:43,eddie@node1h09.ecdf.ed.ac.uk,1,126
57723429,0.00028,of_28229_3,wdewulf,r,08/19/2026,10:46:43,eddie@node1s13.ecdf.ed.ac.uk,1,127
57723429,0.00028,of_28229_3,wdewulf,r,08/19/2026,10:46:43,eddie@node1j28.ecdf.ed.ac.uk,1,128
57723429,0.00028,of_28229_3,wdewulf,r,08/19/2026,10:46:43,eddie@node1h21.ecdf.ed.ac.uk,1,129
57723429,0.00028,of_28229_3,wdewulf,r,08/19/2026,10:46:43,eddie@node1h16.ecdf.ed.ac.uk,1,130
57723429,0.00028,of_28229_3,wdewulf,r,08/19/2026,10:46:43,eddie@node1o13.ecdf.ed.ac.uk,1,131
57723429,0.00028,of_28229_3,wdewulf,r,08/19/2026,10:46:43,eddie@node1r17.ecdf.ed.ac.uk,1,132
57723429,0.00028,of_28229_3,wdewulf,r,08/19/2026,10:46:43,eddie@node1r18.ecdf.ed.ac.uk,1,133
57723429,0.00028,of_28229_3,wdewulf,r,08/19/2026,10:46:43,eddie@node1r09.ecdf.ed.ac.uk,1,134
57723429,0.00028,of_28229_3,wdewulf,r,08/19/2026,10:46:43,eddie@node1h14.ecdf.ed.ac.uk,1,135
57723429,0.00028,of_28229_3,wdewulf,r,08/19/2026,10:46:43,eddie@node1o14.ecdf.ed.ac.uk,1,136
57723429,0.00028,of_28229_3,wdewulf,r,08/19/2026,10:46:43,eddie@node1r06.ecdf.ed.ac.uk,1,137
57723429,0.00028,of_28229_3,wdewulf,r,08/19/2026,10:46:43,eddie@node1o12.ecdf.ed.ac.uk,1,138
57723429,0.00028,of_28229_3,wdewulf,r,08/19/2026,10:46:43,eddie@node1s16.ecdf.ed.ac.uk,1,139
57723429,0.00028,of_28229_3,wdewulf,r,08/19/2026,10:46:43,eddie@node1o09.ecdf.ed.ac.uk,1,140
57723429,0.00028,of_28229_3,wdewulf,r,08/19/2026,10:46:43,eddie@node1r05.ecdf.ed.ac.uk,1,141
57723429,0.00028,of_28229_3,wdewulf,r,08/19/2026,10:46:43,eddie@node1r19.ecdf.ed.ac.uk,1,142
57723429,0.00028,of_28229_3,wdewulf,r,08/19/2026,10:46:43,eddie@node1m15.ecdf.ed.ac.uk,1,143
57723429,0.00028,of_28229_3,wdewulf,r,08/19/2026,10:46:43,eddie@node1h03.ecdf.ed.ac.uk,1,144
57723429,0.00028,of_28229_3,wdewulf,r,08/19/2026,10:46:43,eddie@node1s20.ecdf.ed.ac.uk,1,145
57723429,0.00028,of_28229_3,wdewulf,r,08/19/2026,10:46:43,eddie@node1h04.ecdf.ed.ac.uk,1,146
57723429,0.00028,of_28229_3,wdewulf,r,08/19/2026,10:46:43,eddie@node1r12.ecdf.ed.ac.uk,1,147
57723429,0.00028,of_28229_3,wdewulf,r,08/19/2026,10:46:43,eddie@node1s17.ecdf.ed.ac.uk,1,148
57723429,0.00028,of_28229_3,wdewulf,r,08/19/2026,10:46:43,eddie@node1o11.ecdf.ed.ac.uk,1,149
57723429,0.00028,of_28229_3,wdewulf,r,08/19/2026,10:46:43,eddie@node1j26.ecdf.ed.ac.uk,1,150
57723429,0.00028,of_28229_3,wdewulf,r,08/19/2026,10:46:43,eddie@node1h05.ecdf.ed.ac.uk,1,151
57723429,0.00028,of_28229_3,wdewulf,r,08/19/2026,10:46:43,eddie@node1h10.ecdf.ed.ac.uk,1,152
57723429,0.00028,of_28229_3,wdewulf,r,08/19/2026,10:46:43,eddie@node1j27.ecdf.ed.ac.uk,1,153
57723429,0.00028,of_28229_3,wdewulf,r,08/19/2026,10:46:43,eddie@node1h08.ecdf.ed.ac.uk,1,154
57723429,0.00028,of_28229_3,wdewulf,r,08/19/2026,10:46:43,eddie@node1j25.ecdf.ed.ac.uk,1,155
57723429,0.00028,of_28229_3,wdewulf,r,08/19/2026,10:46:43,eddie@node1h15.ecdf.ed.ac.uk,1,156
57723429,0.00028,of_28229_3,wdewulf,r,08/19/2026,10:46:43,eddie@node1s19.ecdf.ed.ac.uk,1,157
57723429,0.00028,of_28229_3,wdewulf,r,08/19/2026,10:46:43,eddie@node1o10.ecdf.ed.ac.uk,1,158
57723429,0.00028,of_28229_3,wdewulf,r,08/19/2026,10:46:43,eddie@node1o07.ecdf.ed.ac.uk,1,159
57723429,0.00028,of_28229_3,wdewulf,r,08/19/2026,10:46:43,eddie@node1h09.ecdf.ed.ac.uk,1,160
57723429,0.00028,of_28229_3,wdewulf,r,08/19/2026,10:46:43,eddie@node1o08.ecdf.ed.ac.uk,1,161
57723429,0.00028,of_28229_3,wdewulf,r,08/19/2026,10:46:43,eddie@node1s13.ecdf.ed.ac.uk,1,162
57723429,0.00028,of_28229_3,wdewulf,r,08/19/2026,10:46:43,eddie@node1j28.ecdf.ed.ac.uk,1,163
57723429,0.00028,of_28229_3,wdewulf,r,08/19/2026,10:46:43,eddie@node1h21.ecdf.ed.ac.uk,1,164
57723429,0.00028,of_28229_3,wdewulf,r,08/19/2026,10:46:43,eddie@node1h16.ecdf.ed.ac.uk,1,165
57723429,0.00028,of_28229_3,wdewulf,r,08/19/2026,10:46:43,eddie@node1o13.ecdf.ed.ac.uk,1,166
57723429,0.00028,of_28229_3,wdewulf,r,08/19/2026,10:46:43,eddie@node1r18.ecdf.ed.ac.uk,1,167
57723429,0.00028,of_28229_3,wdewulf,r,08/19/2026,10:46:43,eddie@node1r09.ecdf.ed.ac.uk,1,168
57723429,0.00028,of_28229_3,wdewulf,r,08/19/2026,10:46:43,eddie@node1h14.ecdf.ed.ac.uk,1,169
57723429,0.00028,of_28229_3,wdewulf,r,08/19/2026,10:46:43,eddie@node1o14.ecdf.ed.ac.uk,1,170
57723429,0.00028,of_28229_3,wdewulf,r,08/19/2026,10:46:43,eddie@node1r06.ecdf.ed.ac.uk,1,171
57723429,0.00028,of_28229_3,wdewulf,r,08/19/2026,10:46:43,eddie@node1o12.ecdf.ed.ac.uk,1,172
57723429,0.00028,of_28229_3,wdewulf,r,08/19/2026,10:46:43,eddie@node1s16.ecdf.ed.ac.uk,1,173
57723429,0.00028,of_28229_3,wdewulf,r,08/19/2026,10:46:43,eddie@node1o09.ecdf.ed.ac.uk,1,174
57723429,0.00028,of_28229_3,wdewulf,r,08/19/2026,10:46:43,eddie@node1r05.ecdf.ed.ac.uk,1,175
57723429,0.00028,of_28229_3,wdewulf,r,08/19/2026,10:46:43,eddie@node1r19.ecdf.ed.ac.uk,1,176
57723429,0.00028,of_28229_3,wdewulf,r,08/19/2026,10:46:43,eddie@node1m15.ecdf.ed.ac.uk,1,177
57723429,0.00028,of_28229_3,wdewulf,r,08/19/2026,10:46:43,eddie@node1h03.ecdf.ed.ac.uk,1,178
57723429,0.00028,of_28229_3,wdewulf,r,08/19/2026,10:46:43,eddie@node1s20.ecdf.ed.ac.uk,1,179
57723429,0.00028,of_28229_3,wdewulf,r,08/19/2026,10:46:43,eddie@node1h04.ecdf.ed.ac.uk,1,180
57723429,0.00028,of_28229_3,wdewulf,r,08/19/2026,10:46:43,eddie@node1r12.ecdf.ed.ac.uk,1,181
57723429,0.00028,of_28229_3,wdewulf,r,08/19/2026,10:46:43,eddie@node1s17.ecdf.ed.ac.uk,1,182
57723429,0.00028,of_28229_3,wdewulf,r,08/19/2026,10:46:43,eddie@node1j26.ecdf.ed.ac.uk,1,183
57723429,0.00028,of_28229_3,wdewulf,r,08/19/2026,10:46:43,eddie@node1o11.ecdf.ed.ac.uk,1,184
57723429,0.00028,of_28229_3,wdewulf,r,08/19/2026,10:46:43,eddie@node1h05.ecdf.ed.ac.uk,1,185
57723429,0.00028,of_28229_3,wdewulf,r,08/19/2026,10:46:43,eddie@node1h10.ecdf.ed.ac.uk,1,186
57723429,0.00028,of_28229_3,wdewulf,r,08/19/2026,10:46:43,eddie@node1j27.ecdf.ed.ac.uk,1,187
57723429,0.00028,of_28229_3,wdewulf,r,08/19/2026,10:46:43,eddie@node1h08.ecdf.ed.ac.uk,1,188
57723429,0.00028,of_28229_3,wdewulf,r,08/19/2026,10:46:43,eddie@node1j25.ecdf.ed.ac.uk,1,189
57723429,0.00028,of_28229_3,wdewulf,r,08/19/2026,10:46:43,eddie@node1h15.ecdf.ed.ac.uk,1,190
57723429,0.00028,of_28229_3,wdewulf,r,08/19/2026,10:46:43,eddie@node1s19.ecdf.ed.ac.uk,1,191
57723429,0.00028,of_28229_3,wdewulf,r,08/19/2026,10:46:43,eddie@node1o10.ecdf.ed.ac.uk,1,192
57723429,0.00028,of_28229_3,wdewulf,r,08/19/2026,10:46:43,eddie@node1o07.ecdf.ed.ac.uk,1,193
57723429,0.00028,of_28229_3,wdewulf,r,08/19/2026,10:46:43,eddie@node1o08.ecdf.ed.ac.uk,1,194
57723429,0.00028,of_28229_3,wdewulf,r,08/19/2026,10:46:43,eddie@node1h09.ecdf.ed.ac.uk,1,195
57723429,0.00028,of_28229_3,wdewulf,r,08/19/2026,10:46:43,eddie@node1s13.ecdf.ed.ac.uk,1,196
57723429,0.00028,of_28229_3,wdewulf,r,08/19/2026,10:46:43,eddie@node1j28.ecdf.ed.ac.uk,1,197
57723429,0.00028,of_28229_3,wdewulf,r,08/19/2026,10:46:43,eddie@node1h21.ecdf.ed.ac.uk,1,198
57723429,0.00028,of_28229_3,wdewulf,r,08/19/2026,10:46:43,eddie@node1h16.ecdf.ed.ac.uk,1,199
57723429,0.00028,of_28229_3,wdewulf,r,08/19/2026,10:46:43,eddie@node1o13.ecdf.ed.ac.uk,1,200
57723429,0.00028,of_28229_3,wdewulf,r,08/19/2026,10:46:43,eddie@node1r18.ecdf.ed.ac.uk,1,201
57723429,0.00028,of_28229_3,wdewulf,r,08/19/2026,10:46:43,eddie@node1r09.ecdf.ed.ac.uk,1,202
57723429,0.00028,of_28229_3,wdewulf,r,08/19/2026,10:46:43,eddie@node1h14.ecdf.ed.ac.uk,1,203
57723429,0.00028,of_28229_3,wdewulf,r,08/19/2026,10:46:43,eddie@node1o14.ecdf.ed.ac.uk,1,204
57723429,0.00028,of_28229_3,wdewulf,r,08/19/2026,10:46:43,eddie@node1r06.ecdf.ed.ac.uk,1,205
57723429,0.00028,of_28229_3,wdewulf,r,08/19/2026,10:46:43,eddie@node1r19.ecdf.ed.ac.uk,1,206
57723429,0.00028,of_28229_3,wdewulf,r,08/19/2026,10:46:43,eddie@node1m15.ecdf.ed.ac.uk,1,207
57723429,0.00028,of_28229_3,wdewulf,r,08/19/2026,10:46:43,eddie@node1h03.ecdf.ed.ac.uk,1,208
57723429,0.00028,of_28229_3,wdewulf,r,08/19/2026,10:46:43,eddie@node1s20.ecdf.ed.ac.uk,1,209
57723429,0.00028,of_28229_3,wdewulf,r,08/19/2026,10:46:43,eddie@node1h04.ecdf.ed.ac.uk,1,210
57723429,0.00028,of_28229_3,wdewulf,r,08/19/2026,10:46:43,eddie@node1r12.ecdf.ed.ac.uk,1,211
57723429,0.00028,of_28229_3,wdewulf,r,08/19/2026,10:46:43,eddie@node1s17.ecdf.ed.ac.uk,1,212
57723429,0.00028,of_28229_3,wdewulf,r,08/19/2026,10:46:43,eddie@node1o11.ecdf.ed.ac.uk,1,213
57723429,0.00028,of_28229_3,wdewulf,r,08/19/2026,10:46:43,eddie@node1j26.ecdf.ed.ac.uk,1,214
57723429,0.00028,of_28229_3,wdewulf,r,08/19/2026,10:46:43,eddie@node1h10.ecdf.ed.ac.uk,1,215
57723429,0.00028,of_28229_3,wdewulf,r,08/19/2026,10:46:43,eddie@node1j27.ecdf.ed.ac.uk,1,216
57723429,0.00028,of_28229_3,wdewulf,r,08/19/2026,10:46:43,eddie@node1h08.ecdf.ed.ac.uk,1,217
57723429,0.00028,of_28229_3,wdewulf,r,08/19/2026,10:46:43,eddie@node1j25.ecdf.ed.ac.uk,1,218
57723429,0.00028,of_28229_3,wdewulf,r,08/19/2026,10:46:43,eddie@node1s19.ecdf.ed.ac.uk,1,219
57723429,0.00028,of_28229_3,wdewulf,r,08/19/2026,10:46:43,eddie@node1o07.ecdf.ed.ac.uk,1,220
57723429,0.00028,of_28229_3,wdewulf,r,08/19/2026,10:46:43,eddie@node1h21.ecdf.ed.ac.uk,1,221
57723429,0.00028,of_28229_3,wdewulf,r,08/19/2026,10:46:43,eddie@node1h16.ecdf.ed.ac.uk,1,222
57723429,0.00028,of_28229_3,wdewulf,r,08/19/2026,10:46:43,eddie@node1o13.ecdf.ed.ac.uk,1,223
57723429,0.00028,of_28229_3,wdewulf,r,08/19/2026,10:46:43,eddie@node1r08.ecdf.ed.ac.uk,1,224
57723429,0.00028,of_28229_3,wdewulf,r,08/19/2026,10:46:43,eddie@node1r18.ecdf.ed.ac.uk,1,225
57723429,0.00028,of_28229_3,wdewulf,r,08/19/2026,10:46:43,eddie@node1r09.ecdf.ed.ac.uk,1,226
57723429,0.00028,of_28229_3,wdewulf,r,08/19/2026,10:46:43,eddie@node1r06.ecdf.ed.ac.uk,1,227
57723429,0.00028,of_28229_3,wdewulf,r,08/19/2026,10:46:43,eddie@node1m15.ecdf.ed.ac.uk,1,228
57723429,0.00028,of_28229_3,wdewulf,r,08/19/2026,10:46:43,eddie@node1h03.ecdf.ed.ac.uk,1,229
57723429,0.00028,of_28229_3,wdewulf,r,08/19/2026,10:46:43,eddie@node1s20.ecdf.ed.ac.uk,1,230
57723429,0.00028,of_28229_3,wdewulf,r,08/19/2026,10:46:43,eddie@node1h04.ecdf.ed.ac.uk,1,231
57723429,0.00028,of_28229_3,wdewulf,r,08/19/2026,10:46:43,eddie@node1r12.ecdf.ed.ac.uk,1,232
57723429,0.00028,of_28229_3,wdewulf,r,08/19/2026,10:46:43,eddie@node1s17.ecdf.ed.ac.uk,1,233
57723429,0.00028,of_28229_3,wdewulf,r,08/19/2026,10:46:43,eddie@node1j26.ecdf.ed.ac.uk,1,234
57723429,0.00028,of_28229_3,wdewulf,r,08/19/2026,10:46:43,eddie@node1o11.ecdf.ed.ac.uk,1,235
57723429,0.00028,of_28229_3,wdewulf,r,08/19/2026,10:46:43,eddie@node1j27.ecdf.ed.ac.uk,1,236
57723429,0.00028,of_28229_3,wdewulf,r,08/19/2026,10:46:43,eddie@node1h08.ecdf.ed.ac.uk,1,237
57723429,0.00028,of_28229_3,wdewulf,r,08/19/2026,10:46:43,eddie@node1j25.ecdf.ed.ac.uk,1,238
57723429,0.00028,of_28229_3,wdewulf,r,08/19/2026,10:46:43,eddie@node1s19.ecdf.ed.ac.uk,1,239
57723429,0.00028,of_28229_3,wdewulf,r,08/19/2026,10:46:43,eddie@node1o07.ecdf.ed.ac.uk,1,240
57723429,0.00028,of_28229_3,wdewulf,r,08/19/2026,10:46:43,eddie@node1h21.ecdf.ed.ac.uk,1,241
57723429,0.00028,of_28229_3,wdewulf,r,08/19/2026,10:46:43,eddie@node1h16.ecdf.ed.ac.uk,1,242
57723429,0.00028,of_28229_3,wdewulf,r,08/19/2026,10:46:43,eddie@node1o13.ecdf.ed.ac.uk,1,243
57723429,0.00028,of_28229_3,wdewulf,r,08/19/2026,10:46:43,eddie@node1r08.ecdf.ed.ac.uk,1,244
57723429,0.00028,of_28229_3,wdewulf,r,08/19/2026,10:46:43,eddie@node1r09.ecdf.ed.ac.uk,1,245
57723429,0.00028,of_28229_3,wdewulf,r,08/19/2026,10:46:43,eddie@node1r06.ecdf.ed.ac.uk,1,246
57723429,0.00028,of_28229_3,wdewulf,r,08/19/2026,10:46:43,eddie@node1h03.ecdf.ed.ac.uk,1,247
57723429,0.00028,of_28229_3,wdewulf,r,08/19/2026,10:46:43,eddie@node1s20.ecdf.ed.ac.uk,1,248
57723429,0.00028,of_28229_3,wdewulf,r,08/19/2026,10:46:43,eddie@node1h04.ecdf.ed.ac.uk,1,249
57723429,0.00028,of_28229_3,wdewulf,r,08/19/2026,10:46:43,eddie@node1s17.ecdf.ed.ac.uk,1,250
57723429,0.00028,of_28229_3,wdewulf,r,08/19/2026,10:46:43,eddie@node1o11.ecdf.ed.ac.uk,1,251
57723429,0.00028,of_28229_3,wdewulf,r,08/19/2026,10:46:43,eddie@node1j27.ecdf.ed.ac.uk,1,252
57723429,0.00028,of_28229_3,wdewulf,r,08/19/2026,10:46:43,eddie@node1s19.ecdf.ed.ac.uk,1,253
57723429,0.00028,of_28229_3,wdewulf,r,08/19/2026,10:46:43,eddie@node1o07.ecdf.ed.ac.uk,1,254
57723429,0.00028,of_28229_3,wdewulf,r,08/19/2026,10:46:43,eddie@node1h21.ecdf.ed.ac.uk,1,255
57723429,0.00028,of_28229_3,wdewulf,r,08/19/2026,10:46:43,eddie@node1h16.ecdf.ed.ac.uk,1,256
57723429,0.00028,of_28229_3,wdewulf,r,08/19/2026,10:46:43,eddie@node1o13.ecdf.ed.ac.uk,1,257
57723429,0.00028,of_28229_3,wdewulf,r,08/19/2026,10:46:43,eddie@node1r08.ecdf.ed.ac.uk,1,258
57723429,0.00028,of_28229_3,wdewulf,r,08/19/2026,10:46:43,eddie@node1r09.ecdf.ed.ac.uk,1,259
57723429,0.00028,of_28229_3,wdewulf,r,08/19/2026,10:46:43,eddie@node1h03.ecdf.ed.ac.uk,1,260
57723429,0.00028,of_28229_3,wdewulf,r,08/19/2026,10:46:43,eddie@node1s20.ecdf.ed.ac.uk,1,261
57723429,0.00028,of_28229_3,wdewulf,r,08/19/2026,10:46:43,eddie@node1h04.ecdf.ed.ac.uk,1,262
57723429,0.00028,of_28229_3,wdewulf,r,08/19/2026,10:46:43,eddie@node1s17.ecdf.ed.ac.uk,1,263
57723429,0.00028,of_28229_3,wdewulf,r,08/19/2026,10:46:43,eddie@node1s19.ecdf.ed.ac.uk,1,264
57723429,0.00028,of_28229_3,wdewulf,r,08/19/2026,10:46:43,eddie@node1o07.ecdf.ed.ac.uk,1,265
57723429,0.00028,of_28229_3,wdewulf,r,08/19/2026,10:46:43,eddie@node1h21.ecdf.ed.ac.uk,1,266
57723429,0.00028,of_28229_3,wdewulf,r,08/19/2026,10:46:43,eddie@node1o13.ecdf.ed.ac.uk,1,267
57723429,0.00028,of_28229_3,wdewulf,r,08/19/2026,10:46:43,eddie@node1r08.ecdf.ed.ac.uk,1,268
57723429,0.00028,of_28229_3,wdewulf,r,08/19/2026,10:46:43,eddie@node1r09.ecdf.ed.ac.uk,1,269
57723429,0.00028,of_28229_3,wdewulf,r,08/19/2026,10:46:43,eddie@node1s19.ecdf.ed.ac.uk,1,270
57723429,0.00028,of_28229_3,wdewulf,r,08/19/2026,10:46:44,eddie@node1o07.ecdf.ed.ac.uk,1,271
57723429,0.00028,of_28229_3,wdewulf,r,08/19/2026,10:46:44,eddie@node1h13.ecdf.ed.ac.uk,1,272
57723429,0.00028,of_28229_3,wdewulf,r,08/19/2026,10:46:44,eddie@node1h21.ecdf.ed.ac.uk,1,273
57723429,0.00028,of_28229_3,wdewulf,r,08/19/2026,10:46:44,eddie@node1r09.ecdf.ed.ac.uk,1,274
57723429,0.00028,of_28229_3,wdewulf,r,08/19/2026,10:46:44,eddie@node1s19.ecdf.ed.ac.uk,1,275
57723429,0.00028,of_28229_3,wdewulf,r,08/19/2026,10:46:44,eddie@node1o07.ecdf.ed.ac.uk,1,276
57723429,0.00028,of_28229_3,wdewulf,r,08/19/2026,10:46:44,eddie@node1h13.ecdf.ed.ac.uk,1,277
57723429,0.00028,of_28229_3,wdewulf,r,08/19/2026,10:46:44,eddie@node1h21.ecdf.ed.ac.uk,1,278
57723429,0.00028,of_28229_3,wdewulf,r,08/19/2026,10:46:44,eddie@node1o07.ecdf.ed.ac.uk,1,279
57723429,0.00028,of_28229_3,wdewulf,r,08/19/2026,10:46:44,eddie@node1h21.ecdf.ed.ac.uk,1,280
57723429,0.00028,of_28229_3,wdewulf,r,08/19/2026,10:46:44,eddie@node1o07.ecdf.ed.ac.uk,1,281
57723429,0.00028,of_28229_3,wdewulf,r,08/19/2026,10:46:44,eddie@node1o07.ecdf.ed.ac.uk,1,282
57723429,0.00028,of_28229_3,wdewulf,r,08/19/2026,10:46:44,eddie@node1s18.ecdf.ed.ac.uk,1,283
57723429,0.00028,of_28229_3,wdewulf,r,08/19/2026,10:46:44,eddie@node1s09.ecdf.ed.ac.uk,1,284
57723429,0.00028,of_28229_3,wdewulf,r,08/19/2026,10:46:44,eddie@node1j01.ecdf.ed.ac.uk,1,285
57723429,0.00028,of_28229_3,wdewulf,r,08/19/2026,10:46:44,eddie@node1l05.ecdf.ed.ac.uk,1,286
57723429,0.00028,of_28229_3,wdewulf,r,08/19/2026,10:46:44,eddie@node1m10.ecdf.ed.ac.uk,1,287
57723429,0.00028,of_28229_3,wdewulf,r,08/19/2026,10:46:44,eddie@node1k06.ecdf.ed.ac.uk,1,288
57723429,0.00028,of_28229_3,wdewulf,r,08/19/2026,10:46:44,eddie@node1j18.ecdf.ed.ac.uk,1,289
57723429,0.00028,of_28229_3,wdewulf,r,08/19/2026,10:46:44,eddie@node1j22.ecdf.ed.ac.uk,1,290
57723429,0.00028,of_28229_3,wdewulf,r,08/19/2026,10:46:44,eddie@node1j02.ecdf.ed.ac.uk,1,291
57723429,0.00028,of_28229_3,wdewulf,r,08/19/2026,10:46:44,eddie@node1j05.ecdf.ed.ac.uk,1,292
57723429,0.00028,of_28229_3,wdewulf,r,08/19/2026,10:46:44,eddie@node1j08.ecdf.ed.ac.uk,1,293
57723429,0.00028,of_28229_3,wdewulf,r,08/19/2026,10:46:44,eddie@node1l04.ecdf.ed.ac.uk,1,294
57723429,0.00028,of_28229_3,wdewulf,r,08/19/2026,10:46:44,eddie@node1k08.ecdf.ed.ac.uk,1,295
57723429,0.00028,of_28229_3,wdewulf,r,08/19/2026,10:46:44,eddie@node1j07.ecdf.ed.ac.uk,1,296
57723429,0.00028,of_28229_3,wdewulf,r,08/19/2026,10:46:44,eddie@node1j09.ecdf.ed.ac.uk,1,297
57723429,0.00028,of_28229_3,wdewulf,r,08/19/2026,10:46:44,eddie@node1j04.ecdf.ed.ac.uk,1,298
57723429,0.00028,of_28229_3,wdewulf,r,08/19/2026,10:46:44,eddie@node1l08.ecdf.ed.ac.uk,1,299
57723429,0.00028,of_28229_3,wdewulf,r,08/19/2026,10:46:44,eddie@node1l19.ecdf.ed.ac.uk,1,300
57723429,0.00028,of_28229_3,wdewulf,r,08/19/2026,10:46:44,eddie@node1j06.ecdf.ed.ac.uk,1,301
57723429,0.00028,of_28229_3,wdewulf,r,08/19/2026,10:46:44,eddie@node1l09.ecdf.ed.ac.uk,1,302
57723429,0.00028,of_28229_3,wdewulf,r,08/19/2026,10:46:44,eddie@node1k09.ecdf.ed.ac.uk,1,303
57723429,0.00028,of_28229_3,wdewulf,r,08/19/2026,10:46:44,eddie@node1j23.ecdf.ed.ac.uk,1,304
57723429,0.00028,of_28229_3,wdewulf,r,08/19/2026,10:46:44,eddie@node1k07.ecdf.ed.ac.uk,1,305
57723429,0.00028,of_28229_3,wdewulf,r,08/19/2026,10:46:44,eddie@node1m01.ecdf.ed.ac.uk,1,306
57723429,0.00028,of_28229_3,wdewulf,r,08/19/2026,10:46:44,eddie@node1k02.ecdf.ed.ac.uk,1,307
57723429,0.00028,of_28229_3,wdewulf,r,08/19/2026,10:46:44,eddie@node1l10.ecdf.ed.ac.uk,1,308
57723429,0.00028,of_28229_3,wdewulf,r,08/19/2026,10:46:44,eddie@node1l20.ecdf.ed.ac.uk,1,309
57723429,0.00028,of_28229_3,wdewulf,r,08/19/2026,10:46:44,eddie@node1m05.ecdf.ed.ac.uk,1,310
57723429,0.00028,of_28229_3,wdewulf,r,08/19/2026,10:46:44,eddie@node1l03.ecdf.ed.ac.uk,1,311
57723429,0.00028,of_28229_3,wdewulf,r,08/19/2026,10:46:44,eddie@node1m11.ecdf.ed.ac.uk,1,312
57723429,0.00028,of_28229_3,wdewulf,r,08/19/2026,10:46:44,eddie@node1l07.ecdf.ed.ac.uk,1,313
57723429,0.00028,of_28229_3,wdewulf,r,08/19/2026,10:46:44,eddie@node1j17.ecdf.ed.ac.uk,1,314
57723429,0.00028,of_28229_3,wdewulf,r,08/19/2026,10:46:44,eddie@node1j19.ecdf.ed.ac.uk,1,315
57723429,0.00028,of_28229_3,wdewulf,r,08/19/2026,10:46:44,eddie@node1m02.ecdf.ed.ac.uk,1,316
57723429,0.00028,of_28229_3,wdewulf,r,08/19/2026,10:46:44,eddie@node1j08.ecdf.ed.ac.uk,1,317
57723429,0.00028,of_28229_3,wdewulf,r,08/19/2026,10:46:44,eddie@node1j05.ecdf.ed.ac.uk,1,318
57723429,0.00028,of_28229_3,wdewulf,r,08/19/2026,10:46:44,eddie@node1j02.ecdf.ed.ac.uk,1,319
57723429,0.00028,of_28229_3,wdewulf,r,08/19/2026,10:46:44,eddie@node1j22.ecdf.ed.ac.uk,1,320
57723429,0.00028,of_28229_3,wdewulf,r,08/19/2026,10:46:44,eddie@node1j18.ecdf.ed.ac.uk,1,321
57723429,0.00028,of_28229_3,wdewulf,r,08/19/2026,10:46:44,eddie@node1k06.ecdf.ed.ac.uk,1,322
57723429,0.00028,of_28229_3,wdewulf,r,08/19/2026,10:46:44,eddie@node1m10.ecdf.ed.ac.uk,1,323
57723429,0.00028,of_28229_3,wdewulf,r,08/19/2026,10:46:44,eddie@node1l05.ecdf.ed.ac.uk,1,324
57723429,0.00028,of_28229_3,wdewulf,r,08/19/2026,10:46:44,eddie@node1j01.ecdf.ed.ac.uk,1,325
57723429,0.00028,of_28229_3,wdewulf,r,08/19/2026,10:46:44,eddie@node1j06.ecdf.ed.ac.uk,1,326
57723429,0.00028,of_28229_3,wdewulf,r,08/19/2026,10:46:44,eddie@node1l19.ecdf.ed.ac.uk,1,327
57723429,0.00028,of_28229_3,wdewulf,r,08/19/2026,10:46:44,eddie@node1l08.ecdf.ed.ac.uk,1,328
57723429,0.00028,of_28229_3,wdewulf,r,08/19/2026,10:46:44,eddie@node1j04.ecdf.ed.ac.uk,1,329
57723429,0.00028,of_28229_3,wdewulf,r,08/19/2026,10:46:44,eddie@node1j09.ecdf.ed.ac.uk,1,330
57723429,0.00028,of_28229_3,wdewulf,r,08/19/2026,10:46:44,eddie@node1j07.ecdf.ed.ac.uk,1,331
57723429,0.00028,of_28229_3,wdewulf,r,08/19/2026,10:46:44,eddie@node1k08.ecdf.ed.ac.uk,1,332
57723429,0.00028,of_28229_3,wdewulf,r,08/19/2026,10:46:44,eddie@node1l04.ecdf.ed.ac.uk,1,333
57723429,0.00028,of_28229_3,wdewulf,r,08/19/2026,10:46:44,eddie@node1k07.ecdf.ed.ac.uk,1,334
57723429,0.00028,of_28229_3,wdewulf,r,08/19/2026,10:46:44,eddie@node1j23.ecdf.ed.ac.uk,1,335
57723429,0.00028,of_28229_3,wdewulf,r,08/19/2026,10:46:44,eddie@node1k09.ecdf.ed.ac.uk,1,336
57723429,0.00028,of_28229_3,wdewulf,r,08/19/2026,10:46:44,eddie@node1l09.ecdf.ed.ac.uk,1,337
57723429,0.00028,of_28229_3,wdewulf,r,08/19/2026,10:46:44,eddie@node1l20.ecdf.ed.ac.uk,1,338
57723429,0.00028,of_28229_3,wdewulf,r,08/19/2026,10:46:44,eddie@node1l10.ecdf.ed.ac.uk,1,339
57723429,0.00028,of_28229_3,wdewulf,r,08/19/2026,10:46:44,eddie@node1k02.ecdf.ed.ac.uk,1,340
57723429,0.00028,of_28229_3,wdewulf,r,08/19/2026,10:46:44,eddie@node1m01.ecdf.ed.ac.uk,1,341
57723429,0.00028,of_28229_3,wdewulf,r,08/19/2026,10:46:44,eddie@node1m05.ecdf.ed.ac.uk,1,342
57723429,0.00028,of_28229_3,wdewulf,r,08/19/2026,10:46:44,eddie@node1l03.ecdf.ed.ac.uk,1,343
57723429,0.00028,of_28229_3,wdewulf,r,08/19/2026,10:46:44,eddie@node1m11.ecdf.ed.ac.uk,1,344
57723429,0.00028,of_28229_3,wdewulf,r,08/19/2026,10:46:44,eddie@node1l07.ecdf.ed.ac.uk,1,345
57723429,0.00028,of_28229_3,wdewulf,r,08/19/2026,10:46:44,eddie@node1j17.ecdf.ed.ac.uk,1,346
57723429,0.00028,of_28229_3,wdewulf,r,08/19/2026,10:46:44,eddie@node1j19.ecdf.ed.ac.uk,1,347
57723429,0.00028,of_28229_3,wdewulf,r,08/19/2026,10:46:44,eddie@node1m02.ecdf.ed.ac.uk,1,348
57723429,0.00028,of_28229_3,wdewulf,r,08/19/2026,10:46:44,eddie@node1j01.ecdf.ed.ac.uk,1,349
57723429,0.00028,of_28229_3,wdewulf,r,08/19/2026,10:46:44,eddie@node1l05.ecdf.ed.ac.uk,1,350
57723429,0.00028,of_28229_3,wdewulf,r,08/19/2026,10:46:44,eddie@node1m10.ecdf.ed.ac.uk,1,351
57723429,0.00028,of_28229_3,wdewulf,r,08/19/2026,10:46:44,eddie@node1k06.ecdf.ed.ac.uk,1,352
57723429,0.00028,of_28229_3,wdewulf,r,08/19/2026,10:46:44,eddie@node1j18.ecdf.ed.ac.uk,1,353
57723429,0.00028,of_28229_3,wdewulf,r,08/19/2026,10:46:44,eddie@node1j22.ecdf.ed.ac.uk,1,354
57723429,0.00028,of_28229_3,wdewulf,r,08/19/2026,10:46:44,eddie@node1j02.ecdf.ed.ac.uk,1,355
57723429,0.00028,of_28229_3,wdewulf,r,08/19/2026,10:46:44,eddie@node1j05.ecdf.ed.ac.uk,1,356
57723429,0.00028,of_28229_3,wdewulf,r,08/19/2026,10:46:44,eddie@node1j08.ecdf.ed.ac.uk,1,357
57723429,0.00028,of_28229_3,wdewulf,r,08/19/2026,10:46:44,eddie@node1m07.ecdf.ed.ac.uk,1,358
57723429,0.00028,of_28229_3,wdewulf,r,08/19/2026,10:46:44,eddie@node1m04.ecdf.ed.ac.uk,1,359
57723429,0.00028,of_28229_3,wdewulf,r,08/19/2026,10:46:44,eddie@node1j11.ecdf.ed.ac.uk,1,360
57723429,0.00028,of_28229_3,wdewulf,r,08/19/2026,10:46:44,eddie@node1l04.ecdf.ed.ac.uk,1,361
57723429,0.00028,of_28229_3,wdewulf,r,08/19/2026,10:46:44,eddie@node1k08.ecdf.ed.ac.uk,1,362
57723429,0.00028,of_28229_3,wdewulf,r,08/19/2026,10:46:44,eddie@node1j07.ecdf.ed.ac.uk,1,363
57723429,0.00028,of_28229_3,wdewulf,r,08/19/2026,10:46:44,eddie@node1j09.ecdf.ed.ac.uk,1,364
57723429,0.00028,of_28229_3,wdewulf,r,08/19/2026,10:46:44,eddie@node1j04.ecdf.ed.ac.uk,1,365
57723429,0.00028,of_28229_3,wdewulf,r,08/19/2026,10:46:44,eddie@node1l08.ecdf.ed.ac.uk,1,366
57723429,0.00028,of_28229_3,wdewulf,r,08/19/2026,10:46:44,eddie@node1l19.ecdf.ed.ac.uk,1,367
57723429,0.00028,of_28229_3,wdewulf,r,08/19/2026,10:46:44,eddie@node1j06.ecdf.ed.ac.uk,1,368
57723429,0.00028,of_28229_3,wdewulf,r,08/19/2026,10:46:44,eddie@node1l01.ecdf.ed.ac.uk,1,369
57723429,0.00028,of_28229_3,wdewulf,r,08/19/2026,10:46:44,eddie@node1l09.ecdf.ed.ac.uk,1,370
57723429,0.00028,of_28229_3,wdewulf,r,08/19/2026,10:46:44,eddie@node1k09.ecdf.ed.ac.uk,1,371
57723429,0.00028,of_28229_3,wdewulf,r,08/19/2026,10:46:44,eddie@node1j23.ecdf.ed.ac.uk,1,372
57723429,0.00028,of_28229_3,wdewulf,r,08/19/2026,10:46:44,eddie@node1k07.ecdf.ed.ac.uk,1,373
57723429,0.00028,of_28229_3,wdewulf,r,08/19/2026,10:46:44,eddie@node1m01.ecdf.ed.ac.uk,1,374
57723429,0.00028,of_28229_3,wdewulf,r,08/19/2026,10:46:44,eddie@node1k02.ecdf.ed.ac.uk,1,375
57723429,0.00028,of_28229_3,wdewulf,r,08/19/2026,10:46:44,eddie@node1l10.ecdf.ed.ac.uk,1,376
57723429,0.00028,of_28229_3,wdewulf,r,08/19/2026,10:46:44,eddie@node1l20.ecdf.ed.ac.uk,1,377
57723429,0.00028,of_28229_3,wdewulf,r,08/19/2026,10:46:45,eddie@node1k03.ecdf.ed.ac.uk,1,378
57723429,0.00028,of_28229_3,wdewulf,r,08/19/2026,10:46:45,eddie@node1m05.ecdf.ed.ac.uk,1,379
57723429,0.00028,of_28229_3,wdewulf,r,08/19/2026,10:46:45,eddie@node1k01.ecdf.ed.ac.uk,1,380
57723429,0.00028,of_28229_3,wdewulf,r,08/19/2026,10:46:45,eddie@node1l03.ecdf.ed.ac.uk,1,381
57723429,0.00028,of_28229_3,wdewulf,r,08/19/2026,10:46:45,eddie@node1m11.ecdf.ed.ac.uk,1,382
57723429,0.00028,of_28229_3,wdewulf,r,08/19/2026,10:46:45,eddie@node1l07.ecdf.ed.ac.uk,1,383
57723429,0.00028,of_28229_3,wdewulf,r,08/19/2026,10:46:45,eddie@node1j17.ecdf.ed.ac.uk,1,384
57723429,0.00028,of_28229_3,wdewulf,r,08/19/2026,10:46:45,eddie@node1j19.ecdf.ed.ac.uk,1,385
57723429,0.00028,of_28229_3,wdewulf,r,08/19/2026,10:46:45,eddie@node1m02.ecdf.ed.ac.uk,1,386
57723429,0.00028,of_28229_3,wdewulf,r,08/19/2026,10:46:45,eddie@node1j11.ecdf.ed.ac.uk,1,387
57723429,0.00028,of_28229_3,wdewulf,r,08/19/2026,10:46:45,eddie@node1m04.ecdf.ed.ac.uk,1,388
57723429,0.00028,of_28229_3,wdewulf,r,08/19/2026,10:46:45,eddie@node1m07.ecdf.ed.ac.uk,1,389
57723429,0.00028,of_28229_3,wdewulf,r,08/19/2026,10:46:45,eddie@node1j08.ecdf.ed.ac.uk,1,390
57723429,0.00028,of_28229_3,wdewulf,r,08/19/2026,10:46:45,eddie@node1j05.ecdf.ed.ac.uk,1,391
57723429,0.00028,of_28229_3,wdewulf,r,08/19/2026,10:46:45,eddie@node1j02.ecdf.ed.ac.uk,1,392
57723429,0.00028,of_28229_3,wdewulf,r,08/19/2026,10:46:45,eddie@node1j22.ecdf.ed.ac.uk,1,393
57723429,0.00028,of_28229_3,wdewulf,r,08/19/2026,10:46:45,eddie@node1j18.ecdf.ed.ac.uk,1,394
57723429,0.00028,of_28229_3,wdewulf,r,08/19/2026,10:46:45,eddie@node1k06.ecdf.ed.ac.uk,1,395
57723429,0.00028,of_28229_3,wdewulf,r,08/19/2026,10:46:45,eddie@node1m10.ecdf.ed.ac.uk,1,396
57723429,0.00028,of_28229_3,wdewulf,r,08/19/2026,10:46:45,eddie@node1l05.ecdf.ed.ac.uk,1,397
57723429,0.00028,of_28229_3,wdewulf,r,08/19/2026,10:46:45,eddie@node1j01.ecdf.ed.ac.uk,1,398
57723429,0.00028,of_28229_3,wdewulf,r,08/19/2026,10:46:45,eddie@node1l01.ecdf.ed.ac.uk,1,399
57723429,0.00028,of_28229_3,wdewulf,r,08/19/2026,10:46:45,eddie@node1j06.ecdf.ed.ac.uk,1,400
57723429,0.00028,of_28229_3,wdewulf,r,08/19/2026,10:46:45,eddie@node1l19.ecdf.ed.ac.uk,1,401
57723429,0.00028,of_28229_3,wdewulf,r,08/19/2026,10:46:45,eddie@node1l08.ecdf.ed.ac.uk,1,402
57723429,0.00028,of_28229_3,wdewulf,r,08/19/2026,10:46:45,eddie@node1j04.ecdf.ed.ac.uk,1,403
57723429,0.00028,of_28229_3,wdewulf,r,08/19/2026,10:46:45,eddie@node1j09.ecdf.ed.ac.uk,1,404
57723429,0.00028,of_28229_3,wdewulf,r,08/19/2026,10:46:45,eddie@node1j07.ecdf.ed.ac.uk,1,405
57723429,0.00028,of_28229_3,wdewulf,r,08/19/2026,10:46:45,eddie@node1k08.ecdf.ed.ac.uk,1,406
57723429,0.00028,of_28229_3,wdewulf,r,08/19/2026,10:46:45,eddie@node1l04.ecdf.ed.ac.uk,1,407
57723429,0.00028,of_28229_3,wdewulf,r,08/19/2026,10:46:45,eddie@node1k07.ecdf.ed.ac.uk,1,408
57723429,0.00028,of_28229_3,wdewulf,r,08/19/2026,10:46:45,eddie@node1j23.ecdf.ed.ac.uk,1,409
57723429,0.00028,of_28229_3,wdewulf,r,08/19/2026,10:46:45,eddie@node1k09.ecdf.ed.ac.uk,1,410
57723429,0.00028,of_28229_3,wdewulf,r,08/19/2026,10:46:45,eddie@node1l09.ecdf.ed.ac.uk,1,411
57723429,0.00028,of_28229_3,wdewulf,r,08/19/2026,10:46:45,eddie@node1k03.ecdf.ed.ac.uk,1,412
57723429,0.00028,of_28229_3,wdewulf,r,08/19/2026,10:46:45,eddie@node1l20.ecdf.ed.ac.uk,1,413
57723429,0.00028,of_28229_3,wdewulf,r,08/19/2026,10:46:45,eddie@node1l10.ecdf.ed.ac.uk,1,414
57723429,0.00028,of_28229_3,wdewulf,r,08/19/2026,10:46:45,eddie@node1k02.ecdf.ed.ac.uk,1,415
57723429,0.00028,of_28229_3,wdewulf,r,08/19/2026,10:46:45,eddie@node1m01.ecdf.ed.ac.uk,1,416
57723429,0.00028,of_28229_3,wdewulf,r,08/19/2026,10:46:45,eddie@node1k01.ecdf.ed.ac.uk,1,417
57723429,0.00028,of_28229_3,wdewulf,r,08/19/2026,10:46:45,eddie@node1m05.ecdf.ed.ac.uk,1,418
57723429,0.00028,of_28229_3,wdewulf,r,08/19/2026,10:46:45,eddie@node1l03.ecdf.ed.ac.uk,1,419
57723429,0.00028,of_28229_3,wdewulf,r,08/19/2026,10:46:45,eddie@node1m11.ecdf.ed.ac.uk,1,420
57723429,0.00028,of_28229_3,wdewulf,r,08/19/2026,10:46:45,eddie@node1l07.ecdf.ed.ac.uk,1,421
57723429,0.00028,of_28229_3,wdewulf,r,08/19/2026,10:46:45,eddie@node1j17.ecdf.ed.ac.uk,1,422
57723429,0.00028,of_28229_3,wdewulf,r,08/19/2026,10:46:45,eddie@node1j19.ecdf.ed.ac.uk,1,423
57723429,0.00028,of_28229_3,wdewulf,r,08/19/2026,10:46:45,eddie@node1m02.ecdf.ed.ac.uk,1,424
57723429,0.00028,of_28229_3,wdewulf,r,08/19/2026,10:46:45,eddie@node1j01.ecdf.ed.ac.uk,1,425
57723429,0.00028,of_28229_3,wdewulf,r,08/19/2026,10:46:45,eddie@node1l05.ecdf.ed.ac.uk,1,426
57723429,0.00028,of_28229_3,wdewulf,r,08/19/2026,10:46:45,eddie@node1m10.ecdf.ed.ac.uk,1,427
57723429,0.00028,of_28229_3,wdewulf,r,08/19/2026,10:46:45,eddie@node1k06.ecdf.ed.ac.uk,1,428
57723429,0.00028,of_28229_3,wdewulf,r,08/19/2026,10:46:45,eddie@node1j18.ecdf.ed.ac.uk,1,429
57723429,0.00028,of_28229_3,wdewulf,r,08/19/2026,10:46:45,eddie@node1j22.ecdf.ed.ac.uk,1,430
57723429,0.00028,of_28229_3,wdewulf,r,08/19/2026,10:46:45,eddie@node1j02.ecdf.ed.ac.uk,1,431
57723429,0.00028,of_28229_3,wdewulf,r,08/19/2026,10:46:45,eddie@node1j05.ecdf.ed.ac.uk,1,432
57723429,0.00028,of_28229_3,wdewulf,r,08/19/2026,10:46:46,eddie@node1j08.ecdf.ed.ac.uk,1,433
57723429,0.00028,of_28229_3,wdewulf,r,08/19/2026,10:46:46,eddie@node1m07.ecdf.ed.ac.uk,1,434
57723429,0.00028,of_28229_3,wdewulf,r,08/19/2026,10:46:46,eddie@node1m04.ecdf.ed.ac.uk,1,435
57723429,0.00028,of_28229_3,wdewulf,r,08/19/2026,10:46:46,eddie@node1j11.ecdf.ed.ac.uk,1,436
57723429,0.00028,of_28229_3,wdewulf,r,08/19/2026,10:46:46,eddie@node1l04.ecdf.ed.ac.uk,1,437
57723429,0.00028,of_28229_3,wdewulf,r,08/19/2026,10:46:46,eddie@node1k08.ecdf.ed.ac.uk,1,438
57723429,0.00028,of_28229_3,wdewulf,r,08/19/2026,10:46:46,eddie@node1j07.ecdf.ed.ac.uk,1,439
57723429,0.00028,of_28229_3,wdewulf,r,08/19/2026,10:46:46,eddie@node1j09.ecdf.ed.ac.uk,1,440
57723429,0.00028,of_28229_3,wdewulf,r,08/19/2026,10:46:46,eddie@node1j04.ecdf.ed.ac.uk,1,441
57723429,0.00028,of_28229_3,wdewulf,r,08/19/2026,10:46:46,eddie@node1l08.ecdf.ed.ac.uk,1,442
57723429,0.00028,of_28229_3,wdewulf,r,08/19/2026,10:46:46,eddie@node1l19.ecdf.ed.ac.uk,1,443
57723429,0.00028,of_28229_3,wdewulf,r,08/19/2026,10:46:46,eddie@node1j06.ecdf.ed.ac.uk,1,444
57723429,0.00028,of_28229_3,wdewulf,r,08/19/2026,10:46:46,eddie@node1l01.ecdf.ed.ac.uk,1,445
57723429,0.00028,of_28229_3,wdewulf,r,08/19/2026,10:46:46,eddie@node1l09.ecdf.ed.ac.uk,1,446
57723429,0.00028,of_28229_3,wdewulf,r,08/19/2026,10:46:46,eddie@node1k09.ecdf.ed.ac.uk,1,447
57723429,0.00028,of_28229_3,wdewulf,r,08/19/2026,10:46:46,eddie@node1j23.ecdf.ed.ac.uk,1,448
57723429,0.00028,of_28229_3,wdewulf,r,08/19/2026,10:46:46,eddie@node1k07.ecdf.ed.ac.uk,1,449
57723429,0.00028,of_28229_3,wdewulf,r,08/19/2026,10:46:46,eddie@node1m01.ecdf.ed.ac.uk,1,450
57723429,0.00028,of_28229_3,wdewulf,r,08/19/2026,10:46:46,eddie@node1k02.ecdf.ed.ac.uk,1,451
57723429,0.00028,of_28229_3,wdewulf,r,08/19/2026,10:46:46,eddie@node1l10.ecdf.ed.ac.uk,1,452
57723429,0.00028,of_28229_3,wdewulf,r,08/19/2026,10:46:46,eddie@node1l20.ecdf.ed.ac.uk,1,453
57723429,0.00028,of_28229_3,wdewulf,r,08/19/2026,10:46:46,eddie@node1k03.ecdf.ed.ac.uk,1,454
57723429,0.00028,of_28229_3,wdewulf,r,08/19/2026,10:46:46,eddie@node1m05.ecdf.ed.ac.uk,1,455
57723429,0.00028,of_28229_3,wdewulf,r,08/19/2026,10:46:46,eddie@node1k01.ecdf.ed.ac.uk,1,456
57723429,0.00028,of_28229_3,wdewulf,r,08/19/2026,10:46:46,eddie@node1l03.ecdf.ed.ac.uk,1,457
57723429,0.00028,of_28229_3,wdewulf,r,08/19/2026,10:46:46,eddie@node1m11.ecdf.ed.ac.uk,1,458
57723429,0.00028,of_28229_3,wdewulf,r,08/19/2026,10:46:46,eddie@node1l07.ecdf.ed.ac.uk,1,459
57723429,0.00028,of_28229_3,wdewulf,r,08/19/2026,10:46:46,eddie@node1j17.ecdf.ed.ac.uk,1,460
57723429,0.00028,of_28229_3,wdewulf,r,08/19/2026,10:46:46,eddie@node1j19.ecdf.ed.ac.uk,1,461
57723429,0.00028,of_28229_3,wdewulf,r,08/19/2026,10:46:46,eddie@node1m02.ecdf.ed.ac.uk,1,462
57723429,0.00028,of_28229_3,wdewulf,r,08/19/2026,10:46:46,eddie@node1j11.ecdf.ed.ac.uk,1,463
57723429,0.00028,of_28229_3,wdewulf,r,08/19/2026,10:46:46,eddie@node1m04.ecdf.ed.ac.uk,1,464
57723429,0.00028,of_28229_3,wdewulf,r,08/19/2026,10:46:46,eddie@node1m07.ecdf.ed.ac.uk,1,465
57723429,0.00028,of_28229_3,wdewulf,r,08/19/2026,10:46:46,eddie@node1j08.ecdf.ed.ac.uk,1,466
57723429,0.00028,of_28229_3,wdewulf,r,08/19/2026,10:46:46,eddie@node1j05.ecdf.ed.ac.uk,1,467
57723429,0.00028,of_28229_3,wdewulf,r,08/19/2026,10:46:46,eddie@node1j02.ecdf.ed.ac.uk,1,468
57723429,0.00028,of_28229_3,wdewulf,r,08/19/2026,10:46:46,eddie@node1j22.ecdf.ed.ac.uk,1,469
57723429,0.00028,of_28229_3,wdewulf,r,08/19/2026,10:46:46,eddie@node1j18.ecdf.ed.ac.uk,1,470
57723429,0.00028,of_28229_3,wdewulf,r,08/19/2026,10:46:46,eddie@node1k06.ecdf.ed.ac.uk,1,471
57723429,0.00028,of_28229_3,wdewulf,r,08/19/2026,10:46:46,eddie@node1m10.ecdf.ed.ac.uk,1,472
57723429,0.00028,of_28229_3,wdewulf,r,08/19/2026,10:46:46,eddie@node1l05.ecdf.ed.ac.uk,1,473
57723429,0.00028,of_28229_3,wdewulf,r,08/19/2026,10:46:47,eddie@node1j01.ecdf.ed.ac.uk,1,474
57723429,0.00028,of_28229_3,wdewulf,r,08/19/2026,10:46:47,eddie@node1l01.ecdf.ed.ac.uk,1,475
57723429,0.00028,of_28229_3,wdewulf,r,08/19/2026,10:46:47,eddie@node1j06.ecdf.ed.ac.uk,1,476
57723429,0.00028,of_28229_3,wdewulf,r,08/19/2026,10:46:47,eddie@node1l19.ecdf.ed.ac.uk,1,477
57723429,0.00028,of_28229_3,wdewulf,r,08/19/2026,10:46:47,eddie@node1l08.ecdf.ed.ac.uk,1,478
57723429,0.00028,of_28229_3,wdewulf,r,08/19/2026,10:46:47,eddie@node1j04.ecdf.ed.ac.uk,1,479
57723429,0.00028,of_28229_3,wdewulf,r,08/19/2026,10:46:47,eddie@node1j09.ecdf.ed.ac.uk,1,480
57723429,0.00028,of_28229_3,wdewulf,r,08/19/2026,10:46:47,eddie@node1j07.ecdf.ed.ac.uk,1,481
57723429,0.00028,of_28229_3,wdewulf,r,08/19/2026,10:46:47,eddie@node1k08.ecdf.ed.ac.uk,1,482
57723429,0.00028,of_28229_3,wdewulf,r,08/19/2026,10:46:47,eddie@node1l04.ecdf.ed.ac.uk,1,483
57723429,0.00028,of_28229_3,wdewulf,r,08/19/2026,10:46:47,eddie@node1k07.ecdf.ed.ac.uk,1,484
57723429,0.00028,of_28229_3,wdewulf,r,08/19/2026,10:46:47,eddie@node1j23.ecdf.ed.ac.uk,1,485
57723429,0.00028,of_28229_3,wdewulf,r,08/19/2026,10:46:47,eddie@node1k09.ecdf.ed.ac.uk,1,486
57723429,0.00028,of_28229_3,wdewulf,r,08/19/2026,10:46:47,eddie@node1l09.ecdf.ed.ac.uk,1,487
57723429,0.00028,of_28229_3,wdewulf,r,08/19/2026,10:46:47,eddie@node1k03.ecdf.ed.ac.uk,1,488
57723429,0.00028,of_28229_3,wdewulf,r,08/19/2026,10:46:47,eddie@node1l20.ecdf.ed.ac.uk,1,489
57723429,0.00028,of_28229_3,wdewulf,r,08/19/2026,10:46:47,eddie@node1l10.ecdf.ed.ac.uk,1,490
57723429,0.00028,of_28229_3,wdewulf,r,08/19/2026,10:46:47,eddie@node1k02.ecdf.ed.ac.uk,1,491
57723429,0.00028,of_28229_3,wdewulf,r,08/19/2026,10:46:47,eddie@node1m01.ecdf.ed.ac.uk,1,492
57723429,0.00028,of_28229_3,wdewulf,r,08/19/2026,10:46:47,eddie@node1k01.ecdf.ed.ac.uk,1,493
57723429,0.00028,of_28229_3,wdewulf,r,08/19/2026,10:46:47,eddie@node1m05.ecdf.ed.ac.uk,1,494
57723429,0.00028,of_28229_3,wdewulf,r,08/19/2026,10:46:47,eddie@node1l03.ecdf.ed.ac.uk,1,495
57723429,0.00028,of_28229_3,wdewulf,r,08/19/2026,10:46:47,eddie@node1m11.ecdf.ed.ac.uk,1,496
57723429,0.00028,of_28229_3,wdewulf,r,08/19/2026,10:46:47,eddie@node1l07.ecdf.ed.ac.uk,1,497
57723429,0.00028,of_28229_3,wdewulf,r,08/19/2026,10:46:47,eddie@node1j17.ecdf.ed.ac.uk,1,498
57723429,0.00028,of_28229_3,wdewulf,r,08/19/2026,10:46:47,eddie@node1j19.ecdf.ed.ac.uk,1,499
57723429,0.00028,of_28229_3,wdewulf,r,08/19/2026,10:46:47,eddie@node1m02.ecdf.ed.ac.uk,1,500
57723429,0.00028,of_28229_3,wdewulf,r,08/19/2026,10:46:47,eddie@node1j01.ecdf.ed.ac.uk,1,501
57723429,0.00028,of_28229_3,wdewulf,r,08/19/2026,10:46:47,eddie@node1l05.ecdf.ed.ac.uk,1,502
57723429,0.00028,of_28229_3,wdewulf,r,08/19/2026,10:46:47,eddie@node1m10.ecdf.ed.ac.uk,1,503
57723429,0.00028,of_28229_3,wdewulf,r,08/19/2026,10:46:47,eddie@node1k06.ecdf.ed.ac.uk,1,504
57723429,0.00028,of_28229_3,wdewulf,r,08/19/2026,10:46:47,eddie@node1j18.ecdf.ed.ac.uk,1,505
57723429,0.00028,of_28229_3,wdewulf,r,08/19/2026,10:46:47,eddie@node1j22.ecdf.ed.ac.uk,1,506
57723429,0.00028,of_28229_3,wdewulf,r,08/19/2026,10:46:47,eddie@node1j02.ecdf.ed.ac.uk,1,507
57723429,0.00028,of_28229_3,wdewulf,r,08/19/2026,10:46:47,eddie@node1j05.ecdf.ed.ac.uk,1,508
57723429,0.00028,of_28229_3,wdewulf,r,08/19/2026,10:46:47,eddie@node1j08.ecdf.ed.ac.uk,1,509
57723429,0.00028,of_28229_3,wdewulf,r,08/19/2026,10:46:47,eddie@node1m07.ecdf.ed.ac.uk,1,510
57723429,0.00028,of_28229_3,wdewulf,r,08/19/2026,10:46:47,eddie@node1m04.ecdf.ed.ac.uk,1,511
57723429,0.00028,of_28229_3,wdewulf,r,08/19/2026,10:46:47,eddie@node1j11.ecdf.ed.ac.uk,1,512
57723429,0.00028,of_28229_3,wdewulf,r,08/19/2026,10:46:47,eddie@node1l04.ecdf.ed.ac.uk,1,513
57723429,0.00028,of_28229_3,wdewulf,r,08/19/2026,10:46:47,eddie@node1k08.ecdf.ed.ac.uk,1,514
57723429,0.00028,of_28229_3,wdewulf,r,08/19/2026,10:46:47,eddie@node1j07.ecdf.ed.ac.uk,1,515
57723429,0.00028,of_28229_3,wdewulf,r,08/19/2026,10:46:47,eddie@node1j09.ecdf.ed.ac.uk,1,516
57723429,0.00028,of_28229_3,wdewulf,r,08/19/2026,10:46:47,eddie@node1j04.ecdf.ed.ac.uk,1,517
57723429,0.00028,of_28229_3,wdewulf,r,08/19/2026,10:46:47,eddie@node1l08.ecdf.ed.ac.uk,1,518
57723429,0.00028,of_28229_3,wdewulf,r,08/19/2026,10:46:47,eddie@node1l19.ecdf.ed.ac.uk,1,519
57723429,0.00028,of_28229_3,wdewulf,r,08/19/2026,10:46:47,eddie@node1j06.ecdf.ed.ac.uk,1,520
57723429,0.00028,of_28229_3,wdewulf,r,08/19/2026,10:46:48,eddie@node1l01.ecdf.ed.ac.uk,1,521
57723429,0.00028,of_28229_3,wdewulf,r,08/19/2026,10:46:48,eddie@node1l09.ecdf.ed.ac.uk,1,522
57723429,0.00028,of_28229_3,wdewulf,r,08/19/2026,10:46:48,eddie@node1k09.ecdf.ed.ac.uk,1,523
57723429,0.00028,of_28229_3,wdewulf,r,08/19/2026,10:46:48,eddie@node1j23.ecdf.ed.ac.uk,1,524
57723429,0.00028,of_28229_3,wdewulf,r,08/19/2026,10:46:48,eddie@node1k07.ecdf.ed.ac.uk,1,525
57723429,0.00028,of_28229_3,wdewulf,r,08/19/2026,10:46:48,eddie@node1m01.ecdf.ed.ac.uk,1,526
57723429,0.00028,of_28229_3,wdewulf,r,08/19/2026,10:46:48,eddie@node1k02.ecdf.ed.ac.uk,1,527
57723429,0.00028,of_28229_3,wdewulf,r,08/19/2026,10:46:48,eddie@node1l10.ecdf.ed.ac.uk,1,528
57723429,0.00028,of_28229_3,wdewulf,r,08/19/2026,10:46:48,eddie@node1l20.ecdf.ed.ac.uk,1,529
57723429,0.00028,of_28229_3,wdewulf,r,08/19/2026,10:46:48,eddie@node1k03.ecdf.ed.ac.uk,1,530
57723429,0.00028,of_28229_3,wdewulf,r,08/19/2026,10:46:48,eddie@node1m05.ecdf.ed.ac.uk,1,531
57723429,0.00028,of_28229_3,wdewulf,r,08/19/2026,10:46:48,eddie@node1k01.ecdf.ed.ac.uk,1,532
57723429,0.00028,of_28229_3,wdewulf,r,08/19/2026,10:46:48,eddie@node1l03.ecdf.ed.ac.uk,1,533
57723429,0.00028,of_28229_3,wdewulf,r,08/19/2026,10:46:48,eddie@node1m11.ecdf.ed.ac.uk,1,534
57723429,0.00028,of_28229_3,wdewulf,r,08/19/2026,10:46:48,eddie@node1l07.ecdf.ed.ac.uk,1,535
57723429,0.00028,of_28229_3,wdewulf,r,08/19/2026,10:46:48,eddie@node1j17.ecdf.ed.ac.uk,1,536
57723429,0.00028,of_28229_3,wdewulf,r,08/19/2026,10:46:48,eddie@node1j19.ecdf.ed.ac.uk,1,537
57723429,0.00028,of_28229_3,wdewulf,r,08/19/2026,10:46:48,eddie@node1m02.ecdf.ed.ac.uk,1,538
57723429,0.00028,of_28229_3,wdewulf,r,08/19/2026,10:46:48,eddie@node1j11.ecdf.ed.ac.uk,1,539
57723429,0.00028,of_28229_3,wdewulf,r,08/19/2026,10:46:48,eddie@node1m04.ecdf.ed.ac.uk,1,540
57723429,0.00028,of_28229_3,wdewulf,r,08/19/2026,10:46:48,eddie@node1m07.ecdf.ed.ac.uk,1,541
57723429,0.00028,of_28229_3,wdewulf,r,08/19/2026,10:46:48,eddie@node1j08.ecdf.ed.ac.uk,1,542
57723429,0.00028,of_28229_3,wdewulf,r,08/19/2026,10:46:48,eddie@node1j05.ecdf.ed.ac.uk,1,543
57723429,0.00028,of_28229_3,wdewulf,r,08/19/2026,10:46:48,eddie@node1j02.ecdf.ed.ac.uk,1,544
57723429,0.00028,of_28229_3,wdewulf,r,08/19/2026,10:46:48,eddie@node1j22.ecdf.ed.ac.uk,1,545
57723429,0.00028,of_28229_3,wdewulf,r,08/19/2026,10:46:48,eddie@node1j18.ecdf.ed.ac.uk,1,546
57723429,0.00028,of_28229_3,wdewulf,r,08/19/2026,10:46:48,eddie@node1k06.ecdf.ed.ac.uk,1,547
57723429,0.00028,of_28229_3,wdewulf,r,08/19/2026,10:46:48,eddie@node1m10.ecdf.ed.ac.uk,1,548
57723429,0.00028,of_28229_3,wdewulf,r,08/19/2026,10:46:48,eddie@node1l05.ecdf.ed.ac.uk,1,549
57723429,0.00028,of_28229_3,wdewulf,r,08/19/2026,10:46:48,eddie@node1j01.ecdf.ed.ac.uk,1,550
57723429,0.00028,of_28229_3,wdewulf,r,08/19/2026,10:46:48,eddie@node1l01.ecdf.ed.ac.uk,1,551
57723429,0.00028,of_28229_3,wdewulf,r,08/19/2026,10:46:48,eddie@node1j06.ecdf.ed.ac.uk,1,552
57723429,0.00028,of_28229_3,wdewulf,r,08/19/2026,10:46:48,eddie@node1l19.ecdf.ed.ac.uk,1,553
57723429,0.00028,of_28229_3,wdewulf,r,08/19/2026,10:46:48,eddie@node1l08.ecdf.ed.ac.uk,1,554
57723429,0.00028,of_28229_3,wdewulf,r,08/19/2026,10:46:48,eddie@node1j04.ecdf.ed.ac.uk,1,555
57723429,0.00028,of_28229_3,wdewulf,r,08/19/2026,10:46:48,eddie@node1j09.ecdf.ed.ac.uk,1,556
57723429,0.00028,of_28229_3,wdewulf,r,08/19/2026,10:46:48,eddie@node1j07.ecdf.ed.ac.uk,1,557
57723429,0.00028,of_28229_3,wdewulf,r,08/19/2026,10:46:48,eddie@node1k08.ecdf.ed.ac.uk,1,558
57723429,0.00028,of_28229_3,wdewulf,r,08/19/2026,10:46:48,eddie@node1l04.ecdf.ed.ac.uk,1,559
57723429,0.00028,of_28229_3,wdewulf,r,08/19/2026,10:46:48,eddie@node1k07.ecdf.ed.ac.uk,1,560
57723429,0.00028,of_28229_3,wdewulf,r,08/19/2026,10:46:48,eddie@node1j23.ecdf.ed.ac.uk,1,561
57723429,0.00028,of_28229_3,wdewulf,r,08/19/2026,10:46:48,eddie@node1k09.ecdf.ed.ac.uk,1,562
57723429,0.00028,of_28229_3,wdewulf,r,08/19/2026,10:46:48,eddie@node1l09.ecdf.ed.ac.uk,1,563
57723429,0.00028,of_28229_3,wdewulf,r,08/19/2026,10:46:48,eddie@node1k03.ecdf.ed.ac.uk,1,564
57723429,0.00028,of_28229_3,wdewulf,r,08/19/2026,10:46:48,eddie@node1l20.ecdf.ed.ac.uk,1,565
57723429,0.00028,of_28229_3,wdewulf,r,08/19/2026,10:46:48,eddie@node1l10.ecdf.ed.ac.uk,1,566
57723429,0.00028,of_28229_3,wdewulf,r,08/19/2026,10:46:48,eddie@node1k02.ecdf.ed.ac.uk,1,567
57723429,0.00028,of_28229_3,wdewulf,r,08/19/2026,10:46:48,eddie@node1m01.ecdf.ed.ac.uk,1,568
57723429,0.00028,of_28229_3,wdewulf,r,08/19/2026,10:46:48,eddie@node1k01.ecdf.ed.ac.uk,1,569
57723429,0.00028,of_28229_3,wdewulf,r,08/19/2026,10:46:48,eddie@node1m05.ecdf.ed.ac.uk,1,570
57723429,0.00028,of_28229_3,wdewulf,r,08/19/2026,10:46:48,eddie@node1l03.ecdf.ed.ac.uk,1,571
57723429,0.00028,of_28229_3,wdewulf,r,08/19/2026,10:46:48,eddie@node1m11.ecdf.ed.ac.uk,1,572
57723429,0.00028,of_28229_3,wdewulf,r,08/19/2026,10:46:48,eddie@node1l07.ecdf.ed.ac.uk,1,573
57723429,0.00028,of_28229_3,wdewulf,r,08/19/2026,10:46:48,eddie@node1j17.ecdf.ed.ac.uk,1,574
57723429,0.00028,of_28229_3,wdewulf,r,08/19/2026,10:46:48,eddie@node1j19.ecdf.ed.ac.uk,1,575
57723429,0.00028,of_28229_3,wdewulf,r,08/19/2026,10:46:48,eddie@node1m02.ecdf.ed.ac.uk,1,576
57723429,0.00028,of_28229_3,wdewulf,r,08/19/2026,10:46:48,eddie@node1j01.ecdf.ed.ac.uk,1,577
57723429,0.00028,of_28229_3,wdewulf,r,08/19/2026,10:46:48,eddie@node1l05.ecdf.ed.ac.uk,1,578
57723429,0.00028,of_28229_3,wdewulf,r,08/19/2026,10:46:48,eddie@node1m10.ecdf.ed.ac.uk,1,579
57723429,0.00028,of_28229_3,wdewulf,r,08/19/2026,10:46:48,eddie@node1k06.ecdf.ed.ac.uk,1,580
57723429,0.00028,of_28229_3,wdewulf,r,08/19/2026,10:46:48,eddie@node1j18.ecdf.ed.ac.uk,1,581
57723429,0.00028,of_28229_3,wdewulf,r,08/19/2026,10:46:48,eddie@node1j22.ecdf.ed.ac.uk,1,582
57723429,0.00028,of_28229_3,wdewulf,r,08/19/2026,10:46:48,eddie@node1j02.ecdf.ed.ac.uk,1,583
57723429,0.00028,of_28229_3,wdewulf,r,08/19/2026,10:46:48,eddie@node1j05.ecdf.ed.ac.uk,1,584
57723429,0.00028,of_28229_3,wdewulf,r,08/19/2026,10:46:48,eddie@node1j08.ecdf.ed.ac.uk,1,585
57723429,0.00028,of_28229_3,wdewulf,r,08/19/2026,10:46:48,eddie@node1m07.ecdf.ed.ac.uk,1,586
57723429,0.00028,of_28229_3,wdewulf,r,08/19/2026,10:46:48,eddie@node1m04.ecdf.ed.ac.uk,1,587
57723429,0.00028,of_28229_3,wdewulf,r,08/19/2026,10:46:48,eddie@node1j11.ecdf.ed.ac.uk,1,588
57723429,0.00028,of_28229_3,wdewulf,r,08/19/2026,10:46:48,eddie@node1l04.ecdf.ed.ac.uk,1,589
57723429,0.00028,of_28229_3,wdewulf,r,08/19/2026,10:46:48,eddie@node1k08.ecdf.ed.ac.uk,1,590
57723429,0.00028,of_28229_3,wdewulf,r,08/19/2026,10:46:48,eddie@node1j07.ecdf.ed.ac.uk,1,591
57723429,0.00028,of_28229_3,wdewulf,r,08/19/2026,10:46:48,eddie@node1j09.ecdf.ed.ac.uk,1,592
57723429,0.00028,of_28229_3,wdewulf,r,08/19/2026,10:46:48,eddie@node1j04.ecdf.ed.ac.uk,1,593
57723429,0.00028,of_28229_3,wdewulf,r,08/19/2026,10:46:48,eddie@node1l08.ecdf.ed.ac.uk,1,594
57723429,0.00028,of_28229_3,wdewulf,r,08/19/2026,10:46:49,eddie@node1l19.ecdf.ed.ac.uk,1,595
57723429,0.00028,of_28229_3,wdewulf,r,08/19/2026,10:46:49,eddie@node1j06.ecdf.ed.ac.uk,1,596
57723429,0.00028,of_28229_3,wdewulf,r,08/19/2026,10:46:49,eddie@node1l01.ecdf.ed.ac.uk,1,597
57723429,0.00028,of_28229_3,wdewulf,r,08/19/2026,10:46:49,eddie@node1l09.ecdf.ed.ac.uk,1,598
57723429,0.00028,of_28229_3,wdewulf,r,08/19/2026,10:46:49,eddie@node1k09.ecdf.ed.ac.uk,1,599
57723429,0.00028,of_28229_3,wdewulf,r,08/19/2026,10:46:49,eddie@node1j23.ecdf.ed.ac.uk,1,600
57723429,0.00028,of_28229_3,wdewulf,r,08/19/2026,10:46:49,eddie@node1k07.ecdf.ed.ac.uk,1,601
57723429,0.00028,of_28229_3,wdewulf,r,08/19/2026,10:46:49,eddie@node1m01.ecdf.ed.ac.uk,1,602
57723429,0.00028,of_28229_3,wdewulf,r,08/19/2026,10:46:49,eddie@node1k02.ecdf.ed.ac.uk,1,603
57723429,0.00028,of_28229_3,wdewulf,r,08/19/2026,10:46:49,eddie@node1l10.ecdf.ed.ac.uk,1,604
57723429,0.00028,of_28229_3,wdewulf,r,08/19/2026,10:46:49,eddie@node1l20.ecdf.ed.ac.uk,1,605
57723429,0.00028,of_28229_3,wdewulf,r,08/19/2026,10:46:49,eddie@node1k03.ecdf.ed.ac.uk,1,606
57723429,0.00028,of_28229_3,wdewulf,r,08/19/2026,10:46:49,eddie@node1m05.ecdf.ed.ac.uk,1,607
57723429,0.00028,of_28229_3,wdewulf,r,08/19/2026,10:46:49,eddie@node1k01.ecdf.ed.ac.uk,1,608
57723429,0.00028,of_28229_3,wdewulf,r,08/19/2026,10:46:49,eddie@node1l03.ecdf.ed.ac.uk,1,609
57723429,0.00028,of_28229_3,wdewulf,r,08/19/2026,10:46:49,eddie@node1m11.ecdf.ed.ac.uk,1,610
57723429,0.00028,of_28229_3,wdewulf,r,08/19/2026,10:46:49,eddie@node1l07.ecdf.ed.ac.uk,1,611
57723429,0.00028,of_28229_3,wdewulf,r,08/19/2026,10:46:49,eddie@node1j17.ecdf.ed.ac.uk,1,612
57723429,0.00028,of_28229_3,wdewulf,r,08/19/2026,10:46:49,eddie@node1j19.ecdf.ed.ac.uk,1,613
57723429,0.00028,of_28229_3,wdewulf,r,08/19/2026,10:46:49,eddie@node1m02.ecdf.ed.ac.uk,1,614
57723429,0.00028,of_28229_3,wdewulf,r,08/19/2026,10:46:49,eddie@node1j11.ecdf.ed.ac.uk,1,615
57723429,0.00028,of_28229_3,wdewulf,r,08/19/2026,10:46:49,eddie@node1m04.ecdf.ed.ac.uk,1,616
57723429,0.00028,of_28229_3,wdewulf,r,08/19/2026,10:46:49,eddie@node1m07.ecdf.ed.ac.uk,1,617
57723429,0.00028,of_28229_3,wdewulf,r,08/19/2026,10:46:49,eddie@node1j08.ecdf.ed.ac.uk,1,618
57723429,0.00028,of_28229_3,wdewulf,r,08/19/2026,10:46:49,eddie@node1j05.ecdf.ed.ac.uk,1,619
57723429,0.00028,of_28229_3,wdewulf,r,08/19/2026,10:46:49,eddie@node1j02.ecdf.ed.ac.uk,1,620
57723429,0.00028,of_28229_3,wdewulf,r,08/19/2026,10:46:49,eddie@node1j22.ecdf.ed.ac.uk,1,621
57723429,0.00028,of_28229_3,wdewulf,r,08/19/2026,10:46:49,eddie@node1j18.ecdf.ed.ac.uk,1,622
57723429,0.00028,of_28229_3,wdewulf,r,08/19/2026,10:46:49,eddie@node1k06.ecdf.ed.ac.uk,1,623
57723429,0.00028,of_28229_3,wdewulf,r,08/19/2026,10:46:49,eddie@node1m10.ecdf.ed.ac.uk,1,624
57723429,0.00028,of_28229_3,wdewulf,r,08/19/2026,10:46:49,eddie@node1l05.ecdf.ed.ac.uk,1,625
57723429,0.00028,of_28229_3,wdewulf,r,08/19/2026,10:46:49,eddie@node1j01.ecdf.ed.ac.uk,1,626
57723429,0.00028,of_28229_3,wdewulf,r,08/19/2026,10:46:49,eddie@node1l01.ecdf.ed.ac.uk,1,627
57723429,0.00028,of_28229_3,wdewulf,r,08/19/2026,10:46:49,eddie@node1j06.ecdf.ed.ac.uk,1,628
57723429,0.00028,of_28229_3,wdewulf,r,08/19/2026,10:46:49,eddie@node1l19.ecdf.ed.ac.uk,1,629
57723429,0.00028,of_28229_3,wdewulf,r,08/19/2026,10:46:49,eddie@node1l08.ecdf.ed.ac.uk,1,630
57723429,0.00028,of_28229_3,wdewulf,r,08/19/2026,10:46:49,eddie@node1j04.ecdf.ed.ac.uk,1,631
57723429,0.00028,of_28229_3,wdewulf,r,08/19/2026,10:46:49,eddie@node1j09.ecdf.ed.ac.uk,1,632
57723429,0.00028,of_28229_3,wdewulf,r,08/19/2026,10:46:49,eddie@node1j07.ecdf.ed.ac.uk,1,633
57723429,0.00028,of_28229_3,wdewulf,r,08/19/2026,10:46:49,eddie@node1k08.ecdf.ed.ac.uk,1,634
57723429,0.00028,of_28229_3,wdewulf,r,08/19/2026,10:46:49,eddie@node1l04.ecdf.ed.ac.uk,1,635
57723429,0.00028,of_28229_3,wdewulf,r,08/19/2026,10:46:49,eddie@node1k07.ecdf.ed.ac.uk,1,636
57723429,0.00028,of_28229_3,wdewulf,r,08/19/2026,10:46:49,eddie@node1j23.ecdf.ed.ac.uk,1,637
57723429,0.00028,of_28229_3,wdewulf,r,08/19/2026,10:46:49,eddie@node1k09.ecdf.ed.ac.uk,1,638
57723429,0.00028,of_28229_3,wdewulf,r,08/19/2026,10:46:49,eddie@node1l09.ecdf.ed.ac.uk,1,639
57723429,0.00028,of_28229_3,wdewulf,r,08/19/2026,10:46:49,eddie@node1k03.ecdf.ed.ac.uk,1,640
57723429,0.00028,of_28229_3,wdewulf,r,08/19/2026,10:46:49,eddie@node1l20.ecdf.ed.ac.uk,1,641
57723429,0.00028,of_28229_3,wdewulf,r,08/19/2026,10:46:49,eddie@node1l10.ecdf.ed.ac.uk,1,642
57723429,0.00028,of_28229_3,wdewulf,r,08/19/2026,10:46:49,eddie@node1k02.ecdf.ed.ac.uk,1,643
57723429,0.00028,of_28229_3,wdewulf,r,08/19/2026,10:46:49,eddie@node1m01.ecdf.ed.ac.uk,1,644
57723429,0.00028,of_28229_3,wdewulf,r,08/19/2026,10:46:49,eddie@node1k01.ecdf.ed.ac.uk,1,645
57723429,0.00028,of_28229_3,wdewulf,r,08/19/2026,10:46:49,eddie@node1m05.ecdf.ed.ac.uk,1,646
57723429,0.00028,of_28229_3,wdewulf,r,08/19/2026,10:46:49,eddie@node1l03.ecdf.ed.ac.uk,1,647
57723429,0.00028,of_28229_3,wdewulf,r,08/19/2026,10:46:49,eddie@node1m11.ecdf.ed.ac.uk,1,648
57723429,0.00028,of_28229_3,wdewulf,r,08/19/2026,10:46:49,eddie@node1l07.ecdf.ed.ac.uk,1,649
57723429,0.00028,of_28229_3,wdewulf,r,08/19/2026,10:46:49,eddie@node1j17.ecdf.ed.ac.uk,1,650
57723429,0.00028,of_28229_3,wdewulf,r,08/19/2026,10:46:49,eddie@node1j19.ecdf.ed.ac.uk,1,651
57723429,0.00028,of_28229_3,wdewulf,r,08/19/2026,10:46:49,eddie@node1m02.ecdf.ed.ac.uk,1,652
57723429,0.00028,of_28229_3,wdewulf,r,08/19/2026,10:46:49,eddie@node1j01.ecdf.ed.ac.uk,1,653
57723429,0.00028,of_28229_3,wdewulf,r,08/19/2026,10:46:49,eddie@node1l05.ecdf.ed.ac.uk,1,654
57723429,0.00028,of_28229_3,wdewulf,r,08/19/2026,10:46:49,eddie@node1m10.ecdf.ed.ac.uk,1,655
57723429,0.00028,of_28229_3,wdewulf,r,08/19/2026,10:46:49,eddie@node1k06.ecdf.ed.ac.uk,1,656
57723429,0.00028,of_28229_3,wdewulf,r,08/19/2026,10:46:49,eddie@node1j18.ecdf.ed.ac.uk,1,657
57723429,0.00028,of_28229_3,wdewulf,r,08/19/2026,10:46:49,eddie@node1j22.ecdf.ed.ac.uk,1,658
57723429,0.00028,of_28229_3,wdewulf,r,08/19/2026,10:46:49,eddie@node1j02.ecdf.ed.ac.uk,1,659
57723429,0.00028,of_28229_3,wdewulf,r,08/19/2026,10:46:49,eddie@node1j05.ecdf.ed.ac.uk,1,660
57723429,0.00028,of_28229_3,wdewulf,r,08/19/2026,10:46:49,eddie@node1j08.ecdf.ed.ac.uk,1,661
57723429,0.00028,of_28229_3,wdewulf,r,08/19/2026,10:46:49,eddie@node1m07.ecdf.ed.ac.uk,1,662
57723429,0.00028,of_28229_3,wdewulf,r,08/19/2026,10:46:49,eddie@node1m04.ecdf.ed.ac.uk,1,663
57723429,0.00028,of_28229_3,wdewulf,r,08/19/2026,10:46:49,eddie@node1j11.ecdf.ed.ac.uk,1,664
57723429,0.00028,of_28229_3,wdewulf,r,08/19/2026,10:46:49,eddie@node1l04.ecdf.ed.ac.uk,1,665
57723429,0.00028,of_28229_3,wdewulf,r,08/19/2026,10:46:49,eddie@node1k08.ecdf.ed.ac.uk,1,666
57723429,0.00028,of_28229_3,wdewulf,r,08/19/2026,10:46:49,eddie@node1j07.ecdf.ed.ac.uk,1,667
57723429,0.00028,of_28229_3,wdewulf,r,08/19/2026,10:46:49,eddie@node1j09.ecdf.ed.ac.uk,1,668
57723429,0.00028,of_28229_3,wdewulf,r,08/19/2026,10:46:49,eddie@node1j04.ecdf.ed.ac.uk,1,669
57723429,0.00028,of_28229_3,wdewulf,r,08/19/2026,10:46:49,eddie@node1l08.ecdf.ed.ac.uk,1,670
57723429,0.00028,of_28229_3,wdewulf,r,08/19/2026,10:46:49,eddie@node1l19.ecdf.ed.ac.uk,1,671
57723429,0.00028,of_28229_3,wdewulf,r,08/19/2026,10:46:49,eddie@node1j06.ecdf.ed.ac.uk,1,672
57723429,0.00028,of_28229_3,wdewulf,r,08/19/2026,10:46:49,eddie@node1l01.ecdf.ed.ac.uk,1,673
57723429,0.00028,of_28229_3,wdewulf,r,08/19/2026,10:46:49,eddie@node1l09.ecdf.ed.ac.uk,1,674
57723429,0.00028,of_28229_3,wdewulf,r,08/19/2026,10:46:49,eddie@node1k09.ecdf.ed.ac.uk,1,675
57723429,0.00028,of_28229_3,wdewulf,r,08/19/2026,10:46:49,eddie@node1j23.ecdf.ed.ac.uk,1,676
57723429,0.00028,of_28229_3,wdewulf,r,08/19/2026,10:46:49,eddie@node1k07.ecdf.ed.ac.uk,1,677
57723429,0.00028,of_28229_3,wdewulf,r,08/19/2026,10:46:49,eddie@node1m01.ecdf.ed.ac.uk,1,678
57723429,0.00028,of_28229_3,wdewulf,r,08/19/2026,10:46:49,eddie@node1k02.ecdf.ed.ac.uk,1,679
57723429,0.00028,of_28229_3,wdewulf,r,08/19/2026,10:46:49,eddie@node1l10.ecdf.ed.ac.uk,1,680
57723429,0.00028,of_28229_3,wdewulf,r,08/19/2026,10:46:49,eddie@node1l20.ecdf.ed.ac.uk,1,681
57723429,0.00028,of_28229_3,wdewulf,r,08/19/2026,10:46:49,eddie@node1k03.ecdf.ed.ac.uk,1,682
57723429,0.00028,of_28229_3,wdewulf,r,08/19/2026,10:46:49,eddie@node1m05.ecdf.ed.ac.uk,1,683
57723429,0.00028,of_28229_3,wdewulf,r,08/19/2026,10:46:49,eddie@node1k01.ecdf.ed.ac.uk,1,684
57723429,0.00028,of_28229_3,wdewulf,r,08/19/2026,10:46:49,eddie@node1l03.ecdf.ed.ac.uk,1,685
57723429,0.00028,of_28229_3,wdewulf,r,08/19/2026,10:46:49,eddie@node1m11.ecdf.ed.ac.uk,1,686
57723429,0.00028,of_28229_3,wdewulf,r,08/19/2026,10:46:49,eddie@node1l07.ecdf.ed.ac.uk,1,687
57723429,0.00028,of_28229_3,wdewulf,r,08/19/2026,10:46:49,eddie@node1j17.ecdf.ed.ac.uk,1,688
57723429,0.00028,of_28229_3,wdewulf,r,08/19/2026,10:46:49,eddie@node1j19.ecdf.ed.ac.uk,1,689
57723429,0.00028,of_28229_3,wdewulf,r,08/19/2026,10:46:49,eddie@node1m02.ecdf.ed.ac.uk,1,690
57723429,0.00028,of_28229_3,wdewulf,r,08/19/2026,10:46:49,eddie@node1j11.ecdf.ed.ac.uk,1,691
57723429,0.00028,of_28229_3,wdewulf,r,08/19/2026,10:46:50,eddie@node1m04.ecdf.ed.ac.uk,1,692
57723429,0.00028,of_28229_3,wdewulf,r,08/19/2026,10:46:50,eddie@node1m07.ecdf.ed.ac.uk,1,693
57723429,0.00028,of_28229_3,wdewulf,r,08/19/2026,10:46:50,eddie@node1j08.ecdf.ed.ac.uk,1,694
57723429,0.00028,of_28229_3,wdewulf,r,08/19/2026,10:46:50,eddie@node1j05.ecdf.ed.ac.uk,1,695
57723429,0.00028,of_28229_3,wdewulf,r,08/19/2026,10:46:50,eddie@node1j02.ecdf.ed.ac.uk,1,696
57723429,0.00028,of_28229_3,wdewulf,r,08/19/2026,10:46:50,eddie@node1j22.ecdf.ed.ac.uk,1,697
57723429,0.00028,of_28229_3,wdewulf,r,08/19/2026,10:46:50,eddie@node1j18.ecdf.ed.ac.uk,1,698
57723429,0.00028,of_28229_3,wdewulf,r,08/19/2026,10:46:50,eddie@node1k06.ecdf.ed.ac.uk,1,699
57723429,0.00028,of_28229_3,wdewulf,r,08/19/2026,10:46:50,eddie@node1m10.ecdf.ed.ac.uk,1,700
57723429,0.00028,of_28229_3,wdewulf,r,08/19/2026,10:46:50,eddie@node1l05.ecdf.ed.ac.uk,1,701
57723429,0.00028,of_28229_3,wdewulf,r,08/19/2026,10:46:50,eddie@node1j01.ecdf.ed.ac.uk,1,702
57723429,0.00028,of_28229_3,wdewulf,r,08/19/2026,10:46:50,eddie@node1l01.ecdf.ed.ac.uk,1,703
57723429,0.00028,of_28229_3,wdewulf,r,08/19/2026,10:46:50,eddie@node1j06.ecdf.ed.ac.uk,1,704
57723429,0.00028,of_28229_3,wdewulf,r,08/19/2026,10:46:50,eddie@node1l19.ecdf.ed.ac.uk,1,705
57723429,0.00028,of_28229_3,wdewulf,r,08/19/2026,10:46:50,eddie@node1l08.ecdf.ed.ac.uk,1,706
57723429,0.00028,of_28229_3,wdewulf,r,08/19/2026,10:46:50,eddie@node1j04.ecdf.ed.ac.uk,1,707
57723429,0.00028,of_28229_3,wdewulf,r,08/19/2026,10:46:50,eddie@node1j09.ecdf.ed.ac.uk,1,708
57723429,0.00028,of_28229_3,wdewulf,r,08/19/2026,10:46:50,eddie@node1j07.ecdf.ed.ac.uk,1,709
57723429,0.00028,of_28229_3,wdewulf,r,08/19/2026,10:46:50,eddie@node1k08.ecdf.ed.ac.uk,1,710
57723429,0.00028,of_28229_3,wdewulf,r,08/19/2026,10:46:50,eddie@node1l04.ecdf.ed.ac.uk,1,711
57723429,0.00028,of_28229_3,wdewulf,r,08/19/2026,10:46:50,eddie@node1k07.ecdf.ed.ac.uk,1,712
57723429,0.00028,of_28229_3,wdewulf,r,08/19/2026,10:46:50,eddie@node1j23.ecdf.ed.ac.uk,1,713
57723429,0.00028,of_28229_3,wdewulf,r,08/19/2026,10:46:50,eddie@node1k09.ecdf.ed.ac.uk,1,714
57723429,0.00028,of_28229_3,wdewulf,r,08/19/2026,10:46:50,eddie@node1l09.ecdf.ed.ac.uk,1,715
57723429,0.00028,of_28229_3,wdewulf,r,08/19/2026,10:46:50,eddie@node1k03.ecdf.ed.ac.uk,1,716
57723429,0.00028,of_28229_3,wdewulf,r,08/19/2026,10:46:50,eddie@node1l20.ecdf.ed.ac.uk,1,717
57723429,0.00028,of_28229_3,wdewulf,r,08/19/2026,10:46:50,eddie@node1l10.ecdf.ed.ac.uk,1,718
57723429,0.00028,of_28229_3,wdewulf,r,08/19/2026,10:46:50,eddie@node1k02.ecdf.ed.ac.uk,1,719
57723429,0.00028,of_28229_3,wdewulf,r,08/19/2026,10:46:50,eddie@node1m01.ecdf.ed.ac.uk,1,720
57723429,0.00028,of_28229_3,wdewulf,r,08/19/2026,10:46:50,eddie@node1k01.ecdf.ed.ac.uk,1,721
57723429,0.00028,of_28229_3,wdewulf,r,08/19/2026,10:46:50,eddie@node1m05.ecdf.ed.ac.uk,1,722
57723429,0.00028,of_28229_3,wdewulf,r,08/19/2026,10:46:50,eddie@node1l03.ecdf.ed.ac.uk,1,723
57723429,0.00028,of_28229_3,wdewulf,r,08/19/2026,10:46:50,eddie@node1m11.ecdf.ed.ac.uk,1,724
57723429,0.00028,of_28229_3,wdewulf,r,08/19/2026,10:46:50,eddie@node1l07.ecdf.ed.ac.uk,1,725
57723429,0.00028,of_28229_3,wdewulf,r,08/19/2026,10:46:50,eddie@node1j17.ecdf.ed.ac.uk,1,726
57723429,0.00028,of_28229_3,wdewulf,r,08/19/2026,10:46:50,eddie@node1j19.ecdf.ed.ac.uk,1,727
57723429,0.00028,of_28229_3,wdewulf,r,08/19/2026,10:46:50,eddie@node1m02.ecdf.ed.ac.uk,1,728
57723429,0.00028,of_28229_3,wdewulf,r,08/19/2026,10:46:50,eddie@node1j01.ecdf.ed.ac.uk,1,729
57723429,0.00028,of_28229_3,wdewulf,r,08/19/2026,10:46:50,eddie@node1l05.ecdf.ed.ac.uk,1,730
57723429,0.00028,of_28229_3,wdewulf,r,08/19/2026,10:46:50,eddie@node1m10.ecdf.ed.ac.uk,1,731
57723429,0.00028,of_28229_3,wdewulf,r,08/19/2026,10:46:50,eddie@node1k06.ecdf.ed.ac.uk,1,732
57723429,0.00028,of_28229_3,wdewulf,r,08/19/2026,10:46:50,eddie@node1j18.ecdf.ed.ac.uk,1,733
57723429,0.00028,of_28229_3,wdewulf,r,08/19/2026,10:46:50,eddie@node1j22.ecdf.ed.ac.uk,1,734
57723429,0.00028,of_28229_3,wdewulf,r,08/19/2026,10:46:50,eddie@node1j02.ecdf.ed.ac.uk,1,735
57723429,0.00028,of_28229_3,wdewulf,r,08/19/2026,10:46:50,eddie@node1j05.ecdf.ed.ac.uk,1,736
57723429,0.00028,of_28229_3,wdewulf,r,08/19/2026,10:46:50,eddie@node1j08.ecdf.ed.ac.uk,1,737
57723429,0.00028,of_28229_3,wdewulf,r,08/19/2026,10:46:50,eddie@node1m07.ecdf.ed.ac.uk,1,738
57723429,0.00028,of_28229_3,wdewulf,r,08/19/2026,10:46:50,eddie@node1m04.ecdf.ed.ac.uk,1,739
57723429,0.00028,of_28229_3,wdewulf,r,08/19/2026,10:46:50,eddie@node1j11.ecdf.ed.ac.uk,1,740
57723429,0.00028,of_28229_3,wdewulf,r,08/19/2026,10:46:50,eddie@node1l04.ecdf.ed.ac.uk,1,741
57723429,0.00028,of_28229_3,wdewulf,r,08/19/2026,10:46:50,eddie@node1k08.ecdf.ed.ac.uk,1,742
57723429,0.00028,of_28229_3,wdewulf,r,08/19/2026,10:46:50,eddie@node1j07.ecdf.ed.ac.uk,1,743
57723429,0.00028,of_28229_3,wdewulf,r,08/19/2026,10:46:50,eddie@node1j09.ecdf.ed.ac.uk,1,744
57723429,0.00028,of_28229_3,wdewulf,r,08/19/2026,10:46:50,eddie@node1j04.ecdf.ed.ac.uk,1,745
57723429,0.00028,of_28229_3,wdewulf,r,08/19/2026,10:46:50,eddie@node1l08.ecdf.ed.ac.uk,1,746
57723429,0.00028,of_28229_3,wdewulf,r,08/19/2026,10:46:50,eddie@node1l19.ecdf.ed.ac.uk,1,747
57723429,0.00028,of_28229_3,wdewulf,r,08/19/2026,10:46:50,eddie@node1j06.ecdf.ed.ac.uk,1,748
57723429,0.00028,of_28229_3,wdewulf,r,08/19/2026,10:46:50,eddie@node1l01.ecdf.ed.ac.uk,1,749
57723429,0.00028,of_28229_3,wdewulf,r,08/19/2026,10:46:50,eddie@node1l09.ecdf.ed.ac.uk,1,750
57723429,0.00028,of_28229_3,wdewulf,r,08/19/2026,10:46:50,eddie@node1k09.ecdf.ed.ac.uk,1,751
57723429,0.00028,of_28229_3,wdewulf,r,08/19/2026,10:46:50,eddie@node1j23.ecdf.ed.ac.uk,1,752
57723429,0.00028,of_28229_3,wdewulf,r,08/19/2026,10:46:50,eddie@node1k07.ecdf.ed.ac.uk,1,753
57723429,0.00028,of_28229_3,wdewulf,r,08/19/2026,10:46:50,eddie@node1m01.ecdf.ed.ac.uk,1,754
57723429,0.00028,of_28229_3,wdewulf,r,08/19/2026,10:46:50,eddie@node1k02.ecdf.ed.ac.uk,1,755
57723429,0.00028,of_28229_3,wdewulf,r,08/19/2026,10:46:50,eddie@node1l10.ecdf.ed.ac.uk,1,756
57723429,0.00028,of_28229_3,wdewulf,r,08/19/2026,10:46:50,eddie@node1l20.ecdf.ed.ac.uk,1,757
57723429,0.00028,of_28229_3,wdewulf,r,08/19/2026,10:46:50,eddie@node1k03.ecdf.ed.ac.uk,1,758
57723429,0.00028,of_28229_3,wdewulf,r,08/19/2026,10:46:50,eddie@node1m05.ecdf.ed.ac.uk,1,759
57723429,0.00028,of_28229_3,wdewulf,r,08/19/2026,10:46:50,eddie@node1k01.ecdf.ed.ac.uk,1,760
57723429,0.00028,of_28229_3,wdewulf,r,08/19/2026,10:46:50,eddie@node1l03.ecdf.ed.ac.uk,1,761
57723429,0.00028,of_28229_3,wdewulf,r,08/19/2026,10:46:50,eddie@node1m11.ecdf.ed.ac.uk,1,762
57723429,0.00028,of_28229_3,wdewulf,r,08/19/2026,10:46:51,eddie@node1l07.ecdf.ed.ac.uk,1,763
57723429,0.00028,of_28229_3,wdewulf,r,08/19/2026,10:46:51,eddie@node1j17.ecdf.ed.ac.uk,1,764
57723429,0.00028,of_28229_3,wdewulf,r,08/19/2026,10:46:51,eddie@node1j19.ecdf.ed.ac.uk,1,765
57723429,0.00028,of_28229_3,wdewulf,r,08/19/2026,10:46:51,eddie@node1m02.ecdf.ed.ac.uk,1,766
57723429,0.00028,of_28229_3,wdewulf,r,08/19/2026,10:46:51,eddie@node1j11.ecdf.ed.ac.uk,1,767
57723429,0.00028,of_28229_3,wdewulf,r,08/19/2026,10:46:51,eddie@node1m04.ecdf.ed.ac.uk,1,768
57723429,0.00028,of_28229_3,wdewulf,r,08/19/2026,10:46:51,eddie@node1m07.ecdf.ed.ac.uk,1,769
57723429,0.00028,of_28229_3,wdewulf,r,08/19/2026,10:46:51,eddie@node1j08.ecdf.ed.ac.uk,1,770
57723429,0.00028,of_28229_3,wdewulf,r,08/19/2026,10:46:51,eddie@node1j05.ecdf.ed.ac.uk,1,771
57723429,0.00028,of_28229_3,wdewulf,r,08/19/2026,10:46:51,eddie@node1j02.ecdf.ed.ac.uk,1,772
57723429,0.00028,of_28229_3,wdewulf,r,08/19/2026,10:46:51,eddie@node1j22.ecdf.ed.ac.uk,1,773
57723429,0.00028,of_28229_3,wdewulf,r,08/19/2026,10:46:51,eddie@node1j18.ecdf.ed.ac.uk,1,774
57723429,0.00028,of_28229_3,wdewulf,r,08/19/2026,10:46:51,eddie@node1k06.ecdf.ed.ac.uk,1,775
57723429,0.00028,of_28229_3,wdewulf,r,08/19/2026,10:46:51,eddie@node1m10.ecdf.ed.ac.uk,1,776
57723429,0.00028,of_28229_3,wdewulf,r,08/19/2026,10:46:51,eddie@node1l05.ecdf.ed.ac.uk,1,777
57723429,0.00028,of_28229_3,wdewulf,r,08/19/2026,10:46:51,eddie@node1j01.ecdf.ed.ac.uk,1,778
57723429,0.00028,of_28229_3,wdewulf,r,08/19/2026,10:46:51,eddie@node1l01.ecdf.ed.ac.uk,1,779
57723429,0.00028,of_28229_3,wdewulf,r,08/19/2026,10:46:51,eddie@node1j06.ecdf.ed.ac.uk,1,780
57723429,0.00028,of_28229_3,wdewulf,r,08/19/2026,10:46:51,eddie@node1l19.ecdf.ed.ac.uk,1,781
57723429,0.00028,of_28229_3,wdewulf,r,08/19/2026,10:46:51,eddie@node1l08.ecdf.ed.ac.uk,1,782
57723429,0.00028,of_28229_3,wdewulf,r,08/19/2026,10:46:51,eddie@node1j04.ecdf.ed.ac.uk,1,783
57723429,0.00028,of_28229_3,wdewulf,r,08/19/2026,10:46:51,eddie@node1j09.ecdf.ed.ac.uk,1,784
57723429,0.00028,of_28229_3,wdewulf,r,08/19/2026,10:46:51,eddie@node1j07.ecdf.ed.ac.uk,1,785
57723429,0.00028,of_28229_3,wdewulf,r,08/19/2026,10:46:51,eddie@node1k08.ecdf.ed.ac.uk,1,786
57723429,0.00028,of_28229_3,wdewulf,r,08/19/2026,10:46:51,eddie@node1l04.ecdf.ed.ac.uk,1,787
57723429,0.00028,of_28229_3,wdewulf,r,08/19/2026,10:46:51,eddie@node1k07.ecdf.ed.ac.uk,1,788
57723429,0.00028,of_28229_3,wdewulf,r,08/19/2026,10:46:51,eddie@node1j23.ecdf.ed.ac.uk,1,789
57723429,0.00028,of_28229_3,wdewulf,r,08/19/2026,10:46:51,eddie@node1k09.ecdf.ed.ac.uk,1,790
57723429,0.00028,of_28229_3,wdewulf,r,08/19/2026,10:46:51,eddie@node1l09.ecdf.ed.ac.uk,1,791
57723429,0.00028,of_28229_3,wdewulf,r,08/19/2026,10:46:51,eddie@node1k03.ecdf.ed.ac.uk,1,792
57723429,0.00028,of_28229_3,wdewulf,r,08/19/2026,10:46:51,eddie@node1l20.ecdf.ed.ac.uk,1,793
57723429,0.00028,of_28229_3,wdewulf,r,08/19/2026,10:46:51,eddie@node1l10.ecdf.ed.ac.uk,1,794
57723429,0.00028,of_28229_3,wdewulf,r,08/19/2026,10:46:51,eddie@node1k02.ecdf.ed.ac.uk,1,795
57723429,0.00028,of_28229_3,wdewulf,r,08/19/2026,10:46:51,eddie@node1m01.ecdf.ed.ac.uk,1,796
57723429,0.00028,of_28229_3,wdewulf,r,08/19/2026,10:46:51,eddie@node1k01.ecdf.ed.ac.uk,1,797
57723429,0.00028,of_28229_3,wdewulf,r,08/19/2026,10:46:51,eddie@node1m05.ecdf.ed.ac.uk,1,798
57723429,0.00028,of_28229_3,wdewulf,r,08/19/2026,10:46:51,eddie@node1l03.ecdf.ed.ac.uk,1,799
57723429,0.00028,of_28229_3,wdewulf,r,08/19/2026,10:46:51,eddie@node1m11.ecdf.ed.ac.uk,1,800
57723429,0.00028,of_28229_3,wdewulf,r,08/19/2026,10:46:51,eddie@node1l07.ecdf.ed.ac.uk,1,801
57723429,0.00028,of_28229_3,wdewulf,r,08/19/2026,10:46:51,eddie@node1j17.ecdf.ed.ac.uk,1,802
57723429,0.00028,of_28229_3,wdewulf,r,08/19/2026,10:46:51,eddie@node1j19.ecdf.ed.ac.uk,1,803
57723429,0.00028,of_28229_3,wdewulf,r,08/19/2026,10:46:51,eddie@node1m02.ecdf.ed.ac.uk,1,804
57723429,0.00028,of_28229_3,wdewulf,r,08/19/2026,10:46:51,eddie@node1j01.ecdf.ed.ac.uk,1,805
57723429,0.00028,of_28229_3,wdewulf,r,08/19/2026,10:46:51,eddie@node1l05.ecdf.ed.ac.uk,1,806
57723429,0.00028,of_28229_3,wdewulf,r,08/19/2026,10:46:51,eddie@node1m10.ecdf.ed.ac.uk,1,807
57723429,0.00028,of_28229_3,wdewulf,r,08/19/2026,10:46:51,eddie@node1k06.ecdf.ed.ac.uk,1,808
57723429,0.00028,of_28229_3,wdewulf,r,08/19/2026,10:46:51,eddie@node1j18.ecdf.ed.ac.uk,1,809
57723429,0.00028,of_28229_3,wdewulf,r,08/19/2026,10:46:51,eddie@node1j22.ecdf.ed.ac.uk,1,810
57723429,0.00028,of_28229_3,wdewulf,r,08/19/2026,10:46:51,eddie@node1j02.ecdf.ed.ac.uk,1,811
57723429,0.00028,of_28229_3,wdewulf,r,08/19/2026,10:46:51,eddie@node1j05.ecdf.ed.ac.uk,1,812
57723429,0.00028,of_28229_3,wdewulf,r,08/19/2026,10:46:51,eddie@node1j08.ecdf.ed.ac.uk,1,813
57723429,0.00028,of_28229_3,wdewulf,r,08/19/2026,10:46:51,eddie@node1m07.ecdf.ed.ac.uk,1,814
57723429,0.00028,of_28229_3,wdewulf,r,08/19/2026,10:46:51,eddie@node1m04.ecdf.ed.ac.uk,1,815
57723429,0.00028,of_28229_3,wdewulf,r,08/19/2026,10:46:51,eddie@node1j11.ecdf.ed.ac.uk,1,816
57723429,0.00028,of_28229_3,wdewulf,r,08/19/2026,10:46:51,eddie@node1l04.ecdf.ed.ac.uk,1,817
57723429,0.00028,of_28229_3,wdewulf,r,08/19/2026,10:46:51,eddie@node1k08.ecdf.ed.ac.uk,1,818
57723429,0.00028,of_28229_3,wdewulf,r,08/19/2026,10:46:51,eddie@node1j07.ecdf.ed.ac.uk,1,819
57723429,0.00028,of_28229_3,wdewulf,r,08/19/2026,10:46:51,eddie@node1j09.ecdf.ed.ac.uk,1,820
57723429,0.00028,of_28229_3,wdewulf,r,08/19/2026,10:46:51,eddie@node1j04.ecdf.ed.ac.uk,1,821
57723429,0.00028,of_28229_3,wdewulf,r,08/19/2026,10:46:51,eddie@node1l08.ecdf.ed.ac.uk,1,822
57723429,0.00028,of_28229_3,wdewulf,r,08/19/2026,10:46:51,eddie@node1l19.ecdf.ed.ac.uk,1,823
57723429,0.00028,of_28229_3,wdewulf,r,08/19/2026,10:46:51,eddie@node1j06.ecdf.ed.ac.uk,1,824
57723429,0.00028,of_28229_3,wdewulf,r,08/19/2026,10:46:51,eddie@node1l01.ecdf.ed.ac.uk,1,825
57723429,0.00028,of_28229_3,wdewulf,r,08/19/2026,10:46:51,eddie@node1l09.ecdf.ed.ac.uk,1,826
57723429,0.00028,of_28229_3,wdewulf,r,08/19/2026,10:46:51,eddie@node1k09.ecdf.ed.ac.uk,1,827
57723429,0.00028,of_28229_3,wdewulf,r,08/19/2026,10:46:51,eddie@node1j23.ecdf.ed.ac.uk,1,828
57723429,0.00028,of_28229_3,wdewulf,r,08/19/2026,10:46:51,eddie@node1k07.ecdf.ed.ac.uk,1,829
57723429,0.00028,of_28229_3,wdewulf,r,08/19/2026,10:46:51,eddie@node1m01.ecdf.ed.ac.uk,1,830
57723429,0.00028,of_28229_3,wdewulf,r,08/19/2026,10:46:51,eddie@node1k02.ecdf.ed.ac.uk,1,831
57723429,0.00028,of_28229_3,wdewulf,r,08/19/2026,10:46:51,eddie@node1l10.ecdf.ed.ac.uk,1,832
57723429,0.00028,of_28229_3,wdewulf,r,08/19/2026,10:46:52,eddie@node1l20.ecdf.ed.ac.uk,1,833
57723429,0.00028,of_28229_3,wdewulf,r,08/19/2026,10:46:52,eddie@node1k03.ecdf.ed.ac.uk,1,834
57723429,0.00028,of_28229_3,wdewulf,r,08/19/2026,10:46:52,eddie@node1m05.ecdf.ed.ac.uk,1,835
57723429,0.00028,of_28229_3,wdewulf,r,08/19/2026,10:46:52,eddie@node1k01.ecdf.ed.ac.uk,1,836
57723429,0.00028,of_28229_3,wdewulf,r,08/19/2026,10:46:52,eddie@node1l03.ecdf.ed.ac.uk,1,837
57723429,0.00028,of_28229_3,wdewulf,r,08/19/2026,10:46:52,eddie@node1m11.ecdf.ed.ac.uk,1,838
57723429,0.00028,of_28229_3,wdewulf,r,08/19/2026,10:46:52,eddie@node1l07.ecdf.ed.ac.uk,1,839
57723429,0.00028,of_28229_3,wdewulf,r,08/19/2026,10:46:52,eddie@node1j17.ecdf.ed.ac.uk,1,840
57723429,0.00028,of_28229_3,wdewulf,r,08/19/2026,10:46:52,eddie@node1j19.ecdf.ed.ac.uk,1,841
57723429,0.00028,of_28229_3,wdewulf,r,08/19/2026,10:46:52,eddie@node1m02.ecdf.ed.ac.uk,1,842
57723429,0.00028,of_28229_3,wdewulf,r,08/19/2026,10:46:52,eddie@node1j11.ecdf.ed.ac.uk,1,843
57723429,0.00028,of_28229_3,wdewulf,r,08/19/2026,10:46:52,eddie@node1m04.ecdf.ed.ac.uk,1,844
57723429,0.00028,of_28229_3,wdewulf,r,08/19/2026,10:46:52,eddie@node1m07.ecdf.ed.ac.uk,1,845
57723429,0.00028,of_28229_3,wdewulf,r,08/19/2026,10:46:52,eddie@node1j08.ecdf.ed.ac.uk,1,846
57723429,0.00028,of_28229_3,wdewulf,r,08/19/2026,10:46:52,eddie@node1j05.ecdf.ed.ac.uk,1,847
57723429,0.00028,of_28229_3,wdewulf,r,08/19/2026,10:46:52,eddie@node1j02.ecdf.ed.ac.uk,1,848
57723429,0.00028,of_28229_3,wdewulf,r,08/19/2026,10:46:52,eddie@node1j22.ecdf.ed.ac.uk,1,849
57723429,0.00028,of_28229_3,wdewulf,r,08/19/2026,10:46:52,eddie@node1j18.ecdf.ed.ac.uk,1,850
57723429,0.00028,of_28229_3,wdewulf,r,08/19/2026,10:46:52,eddie@node1k06.ecdf.ed.ac.uk,1,851
57723429,0.00028,of_28229_3,wdewulf,r,08/19/2026,10:46:52,eddie@node1m10.ecdf.ed.ac.uk,1,852
57723429,0.00028,of_28229_3,wdewulf,r,08/19/2026,10:46:52,eddie@node1l05.ecdf.ed.ac.uk,1,853
57723429,0.00028,of_28229_3,wdewulf,r,08/19/2026,10:46:52,eddie@node1j01.ecdf.ed.ac.uk,1,854
57723429,0.00028,of_28229_3,wdewulf,r,08/19/2026,10:46:52,eddie@node1l01.ecdf.ed.ac.uk,1,855
57723429,0.00028,of_28229_3,wdewulf,r,08/19/2026,10:46:52,eddie@node1j06.ecdf.ed.ac.uk,1,856
57723429,0.00028,of_28229_3,wdewulf,r,08/19/2026,10:46:52,eddie@node1l19.ecdf.ed.ac.uk,1,857
57723429,0.00028,of_28229_3,wdewulf,r,08/19/2026,10:46:52,eddie@node1l08.ecdf.ed.ac.uk,1,858
57723429,0.00028,of_28229_3,wdewulf,r,08/19/2026,10:46:52,eddie@node1j04.ecdf.ed.ac.uk,1,859
57723429,0.00028,of_28229_3,wdewulf,r,08/19/2026,10:46:52,eddie@node1j09.ecdf.ed.ac.uk,1,860
57723429,0.00028,of_28229_3,wdewulf,r,08/19/2026,10:46:52,eddie@node1j07.ecdf.ed.ac.uk,1,861
57723429,0.00028,of_28229_3,wdewulf,r,08/19/2026,10:46:52,eddie@node1k08.ecdf.ed.ac.uk,1,862
57723429,0.00028,of_28229_3,wdewulf,r,08/19/2026,10:46:52,eddie@node1l04.ecdf.ed.ac.uk,1,863
57723429,0.00028,of_28229_3,wdewulf,r,08/19/2026,10:46:52,eddie@node1k07.ecdf.ed.ac.uk,1,864
57723429,0.00028,of_28229_3,wdewulf,r,08/19/2026,10:46:52,eddie@node1j23.ecdf.ed.ac.uk,1,865
57723429,0.00028,of_28229_3,wdewulf,r,08/19/2026,10:46:52,eddie@node1k09.ecdf.ed.ac.uk,1,866
57723429,0.00028,of_28229_3,wdewulf,r,08/19/2026,10:46:52,eddie@node1l09.ecdf.ed.ac.uk,1,867
57723429,0.00028,of_28229_3,wdewulf,r,08/19/2026,10:46:52,eddie@node1k03.ecdf.ed.ac.uk,1,868
57723429,0.00028,of_28229_3,wdewulf,r,08/19/2026,10:46:52,eddie@node1l20.ecdf.ed.ac.uk,1,869
57723429,0.00028,of_28229_3,wdewulf,r,08/19/2026,10:46:52,eddie@node1l10.ecdf.ed.ac.uk,1,870
57723429,0.00028,of_28229_3,wdewulf,r,08/19/2026,10:46:52,eddie@node1k02.ecdf.ed.ac.uk,1,871
57723429,0.00028,of_28229_3,wdewulf,r,08/19/2026,10:46:52,eddie@node1m01.ecdf.ed.ac.uk,1,872
57723429,0.00028,of_28229_3,wdewulf,r,08/19/2026,10:46:52,eddie@node1k01.ecdf.ed.ac.uk,1,873
57723429,0.00028,of_28229_3,wdewulf,r,08/19/2026,10:46:52,eddie@node1m05.ecdf.ed.ac.uk,1,874
57723429,0.00028,of_28229_3,wdewulf,r,08/19/2026,10:46:52,eddie@node1l03.ecdf.ed.ac.uk,1,875
57723429,0.00028,of_28229_3,wdewulf,r,08/19/2026,10:46:52,eddie@node1m11.ecdf.ed.ac.uk,1,876
57723429,0.00028,of_28229_3,wdewulf,r,08/19/2026,10:46:52,eddie@node1l07.ecdf.ed.ac.uk,1,877
57723429,0.00028,of_28229_3,wdewulf,r,08/19/2026,10:46:52,eddie@node1j17.ecdf.ed.ac.uk,1,878
57723429,0.00028,of_28229_3,wdewulf,r,08/19/2026,10:46:52,eddie@node1j19.ecdf.ed.ac.uk,1,879
57723429,0.00028,of_28229_3,wdewulf,r,08/19/2026,10:46:52,eddie@node1m02.ecdf.ed.ac.uk,1,880
57723429,0.00028,of_28229_3,wdewulf,r,08/19/2026,10:46:52,eddie@node1j01.ecdf.ed.ac.uk,1,881
57723429,0.00028,of_28229_3,wdewulf,r,08/19/2026,10:46:52,eddie@node1l05.ecdf.ed.ac.uk,1,882
57723429,0.00028,of_28229_3,wdewulf,r,08/19/2026,10:46:52,eddie@node1m10.ecdf.ed.ac.uk,1,883
57723429,0.00028,of_28229_3,wdewulf,r,08/19/2026,10:46:52,eddie@node1k06.ecdf.ed.ac.uk,1,884
57723429,0.00028,of_28229_3,wdewulf,r,08/19/2026,10:46:52,eddie@node1j18.ecdf.ed.ac.uk,1,885
57723429,0.00028,of_28229_3,wdewulf,r,08/19/2026,10:46:52,eddie@node1j22.ecdf.ed.ac.uk,1,886
57723429,0.00028,of_28229_3,wdewulf,r,08/19/2026,10:46:52,eddie@node1j02.ecdf.ed.ac.uk,1,887
57723429,0.00028,of_28229_3,wdewulf,r,08/19/2026,10:46:52,eddie@node1j05.ecdf.ed.ac.uk,1,888
57723429,0.00028,of_28229_3,wdewulf,r,08/19/2026,10:46:52,eddie@node1j08.ecdf.ed.ac.uk,1,889
57723429,0.00028,of_28229_3,wdewulf,r,08/19/2026,10:46:52,eddie@node1m07.ecdf.ed.ac.uk,1,890
57723429,0.00028,of_28229_3,wdewulf,r,08/19/2026,10:46:52,eddie@node1m04.ecdf.ed.ac.uk,1,891
57723429,0.00028,of_28229_3,wdewulf,r,08/19/2026,10:46:52,eddie@node1j11.ecdf.ed.ac.uk,1,892
57723429,0.00028,of_28229_3,wdewulf,r,08/19/2026,10:46:52,eddie@node1l04.ecdf.ed.ac.uk,1,893
57723429,0.00028,of_28229_3,wdewulf,r,08/19/2026,10:46:52,eddie@node1k08.ecdf.ed.ac.uk,1,894
57723429,0.00028,of_28229_3,wdewulf,r,08/19/2026,10:46:52,eddie@node1j07.ecdf.ed.ac.uk,1,895
57723429,0.00028,of_28229_3,wdewulf,r,08/19/2026,10:46:52,eddie@node1j09.ecdf.ed.ac.uk,1,896
57723429,0.00028,of_28229_3,wdewulf,r,08/19/2026,10:46:52,eddie@node1j04.ecdf.ed.ac.uk,1,897
57723429,0.00028,of_28229_3,wdewulf,r,08/19/2026,10:46:52,eddie@node1l08.ecdf.ed.ac.uk,1,898
57723429,0.00028,of_28229_3,wdewulf,r,08/19/2026,10:46:52,eddie@node1l19.ecdf.ed.ac.uk,1,899
57723429,0.00028,of_28229_3,wdewulf,r,08/19/2026,10:46:52,eddie@node1j06.ecdf.ed.ac.uk,1,900
57723429,0.00028,of_28229_3,wdewulf,r,08/19/2026,10:46:52,eddie@node1l01.ecdf.ed.ac.uk,1,901
57723429,0.00028,of_28229_3,wdewulf,r,08/19/2026,10:46:52,eddie@node1l09.ecdf.ed.ac.uk,1,902
57723429,0.00028,of_28229_3,wdewulf,r,08/19/2026,10:46:52,eddie@node1k09.ecdf.ed.ac.uk,1,903
57723429,0.00028,of_28229_3,wdewulf,r,08/19/2026,10:46:52,eddie@node1j23.ecdf.ed.ac.uk,1,904
57723429,0.00028,of_28229_3,wdewulf,r,08/19/2026,10:46:52,eddie@node1k07.ecdf.ed.ac.uk,1,905
57723429,0.00028,of_28229_3,wdewulf,r,08/19/2026,10:46:52,eddie@node1m01.ecdf.ed.ac.uk,1,906
57723429,0.00028,of_28229_3,wdewulf,r,08/19/2026,10:46:52,eddie@node1k02.ecdf.ed.ac.uk,1,907
57723429,0.00028,of_28229_3,wdewulf,r,08/19/2026,10:46:52,eddie@node1l10.ecdf.ed.ac.uk,1,908
57723429,0.00028,of_28229_3,wdewulf,r,08/19/2026,10:46:52,eddie@node1l20.ecdf.ed.ac.uk,1,909
57723429,0.00028,of_28229_3,wdewulf,r,08/19/2026,10:46:52,eddie@node1k03.ecdf.ed.ac.uk,1,910
57723429,0.00028,of_28229_3,wdewulf,r,08/19/2026,10:46:52,eddie@node1m05.ecdf.ed.ac.uk,1,911
57723429,0.00028,of_28229_3,wdewulf,r,08/19/2026,10:46:52,eddie@node1k01.ecdf.ed.ac.uk,1,912
57723429,0.00028,of_28229_3,wdewulf,r,08/19/2026,10:46:52,eddie@node1l03.ecdf.ed.ac.uk,1,913
57723429,0.00028,of_28229_3,wdewulf,r,08/19/2026,10:46:52,eddie@node1m11.ecdf.ed.ac.uk,1,914
57723429,0.00028,of_28229_3,wdewulf,r,08/19/2026,10:46:52,eddie@node1l07.ecdf.ed.ac.uk,1,915
57723429,0.00028,of_28229_3,wdewulf,r,08/19/2026,10:46:52,eddie@node1k04.ecdf.ed.ac.uk,1,916
57723429,0.00028,of_28229_3,wdewulf,r,08/19/2026,10:46:52,eddie@node1j17.ecdf.ed.ac.uk,1,917
57723429,0.00028,of_28229_3,wdewulf,r,08/19/2026,10:46:52,eddie@node1j19.ecdf.ed.ac.uk,1,918
57723429,0.00028,of_28229_3,wdewulf,r,08/19/2026,10:46:52,eddie@node1m02.ecdf.ed.ac.uk,1,919
57723429,0.00028,of_28229_3,wdewulf,r,08/19/2026,10:46:52,eddie@node1j11.ecdf.ed.ac.uk,1,920
57723429,0.00028,of_28229_3,wdewulf,r,08/19/2026,10:46:52,eddie@node1m04.ecdf.ed.ac.uk,1,921
57723429,0.00028,of_28229_3,wdewulf,r,08/19/2026,10:46:52,eddie@node1m07.ecdf.ed.ac.uk,1,922
57723429,0.00028,of_28229_3,wdewulf,r,08/19/2026,10:46:52,eddie@node1j08.ecdf.ed.ac.uk,1,923
57723429,0.00028,of_28229_3,wdewulf,r,08/19/2026,10:46:52,eddie@node1j05.ecdf.ed.ac.uk,1,924
57723429,0.00028,of_28229_3,wdewulf,r,08/19/2026,10:46:52,eddie@node1j02.ecdf.ed.ac.uk,1,925
57723429,0.00028,of_28229_3,wdewulf,r,08/19/2026,10:46:52,eddie@node1j22.ecdf.ed.ac.uk,1,926
57723429,0.00028,of_28229_3,wdewulf,r,08/19/2026,10:46:52,eddie@node1j18.ecdf.ed.ac.uk,1,927
57723429,0.00028,of_28229_3,wdewulf,r,08/19/2026,10:46:52,eddie@node1k06.ecdf.ed.ac.uk,1,928
57723429,0.00028,of_28229_3,wdewulf,r,08/19/2026,10:46:52,eddie@node1m10.ecdf.ed.ac.uk,1,929
57723429,0.00028,of_28229_3,wdewulf,r,08/19/2026,10:46:52,eddie@node1l05.ecdf.ed.ac.uk,1,930
57723429,0.00028,of_28229_3,wdewulf,r,08/19/2026,10:46:52,eddie@node1j01.ecdf.ed.ac.uk,1,931
57723429,0.00028,of_28229_3,wdewulf,r,08/19/2026,10:46:52,eddie@node1l01.ecdf.ed.ac.uk,1,932
57723429,0.00028,of_28229_3,wdewulf,r,08/19/2026,10:46:52,eddie@node1j06.ecdf.ed.ac.uk,1,933
57723429,0.00028,of_28229_3,wdewulf,r,08/19/2026,10:46:52,eddie@node1l19.ecdf.ed.ac.uk,1,934
57723429,0.00028,of_28229_3,wdewulf,r,08/19/2026,10:46:52,eddie@node1l08.ecdf.ed.ac.uk,1,935
57723429,0.00028,of_28229_3,wdewulf,r,08/19/2026,10:46:52,eddie@node1j04.ecdf.ed.ac.uk,1,936
57723429,0.00028,of_28229_3,wdewulf,r,08/19/2026,10:46:52,eddie@node1j09.ecdf.ed.ac.uk,1,937
57723429,0.00028,of_28229_3,wdewulf,r,08/19/2026,10:46:52,eddie@node1j07.ecdf.ed.ac.uk,1,938
57723429,0.00028,of_28229_3,wdewulf,r,08/19/2026,10:46:53,eddie@node1k08.ecdf.ed.ac.uk,1,939
57723429,0.00028,of_28229_3,wdewulf,r,08/19/2026,10:46:53,eddie@node1l04.ecdf.ed.ac.uk,1,940
57723429,0.00028,of_28229_3,wdewulf,r,08/19/2026,10:46:53,eddie@node1k07.ecdf.ed.ac.uk,1,941
57723429,0.00028,of_28229_3,wdewulf,r,08/19/2026,10:46:53,eddie@node1j23.ecdf.ed.ac.uk,1,942
57723429,0.00028,of_28229_3,wdewulf,r,08/19/2026,10:46:53,eddie@node1k09.ecdf.ed.ac.uk,1,943
57723429,0.00028,of_28229_3,wdewulf,r,08/19/2026,10:46:53,eddie@node1l09.ecdf.ed.ac.uk,1,944
57723429,0.00028,of_28229_3,wdewulf,r,08/19/2026,10:46:53,eddie@node1k03.ecdf.ed.ac.uk,1,945
57723429,0.00028,of_28229_3,wdewulf,r,08/19/2026,10:46:53,eddie@node1l20.ecdf.ed.ac.uk,1,946
57723429,0.00028,of_28229_3,wdewulf,r,08/19/2026,10:46:53,eddie@node1l10.ecdf.ed.ac.uk,1,947
57723429,0.00028,of_28229_3,wdewulf,r,08/19/2026,10:46:53,eddie@node1k02.ecdf.ed.ac.uk,1,948
57723429,0.00028,of_28229_3,wdewulf,r,08/19/2026,10:46:53,eddie@node1m01.ecdf.ed.ac.uk,1,949
57723429,0.00028,of_28229_3,wdewulf,r,08/19/2026,10:46:53,eddie@node1k01.ecdf.ed.ac.uk,1,950
57723429,0.00028,of_28229_3,wdewulf,r,08/19/2026,10:46:53,eddie@node1m05.ecdf.ed.ac.uk,1,951
57723429,0.00028,of_28229_3,wdewulf,r,08/19/2026,10:46:53,eddie@node1l03.ecdf.ed.ac.uk,1,952
57723429,0.00028,of_28229_3,wdewulf,r,08/19/2026,10:46:53,eddie@node1m11.ecdf.ed.ac.uk,1,953
57723429,0.00028,of_28229_3,wdewulf,r,08/19/2026,10:46:53,eddie@node1l07.ecdf.ed.ac.uk,1,954
57723429,0.00028,of_28229_3,wdewulf,r,08/19/2026,10:46:53,eddie@node1k04.ecdf.ed.ac.uk,1,955
57723429,0.00028,of_28229_3,wdewulf,r,08/19/2026,10:46:53,eddie@node1j17.ecdf.ed.ac.uk,1,956
57723429,0.00028,of_28229_3,wdewulf,r,08/19/2026,10:46:53,eddie@node1j19.ecdf.ed.ac.uk,1,957
57723429,0.00028,of_28229_3,wdewulf,r,08/19/2026,10:46:53,eddie@node1j10.ecdf.ed.ac.uk,1,958
57723429,0.00028,of_28229_3,wdewulf,r,08/19/2026,10:46:53,eddie@node1m02.ecdf.ed.ac.uk,1,959
57723429,0.00028,of_28229_3,wdewulf,r,08/19/2026,10:46:53,eddie@node1j01.ecdf.ed.ac.uk,1,960
57723429,0.00028,of_28229_3,wdewulf,r,08/19/2026,10:46:53,eddie@node1l05.ecdf.ed.ac.uk,1,961
57723429,0.00028,of_28229_3,wdewulf,r,08/19/2026,10:46:53,eddie@node1m10.ecdf.ed.ac.uk,1,962
57723429,0.00028,of_28229_3,wdewulf,r,08/19/2026,10:46:53,eddie@node1k06.ecdf.ed.ac.uk,1,963
57723429,0.00028,of_28229_3,wdewulf,r,08/19/2026,10:46:53,eddie@node1j18.ecdf.ed.ac.uk,1,964
57723429,0.00028,of_28229_3,wdewulf,r,08/19/2026,10:46:53,eddie@node1j22.ecdf.ed.ac.uk,1,965
57723429,0.00028,of_28229_3,wdewulf,r,08/19/2026,10:46:53,eddie@node1j02.ecdf.ed.ac.uk,1,966
57723429,0.00028,of_28229_3,wdewulf,r,08/19/2026,10:46:53,eddie@node1j05.ecdf.ed.ac.uk,1,967
57723429,0.00028,of_28229_3,wdewulf,r,08/19/2026,10:46:53,eddie@node1j08.ecdf.ed.ac.uk,1,968
57723429,0.00028,of_28229_3,wdewulf,r,08/19/2026,10:46:53,eddie@node1m07.ecdf.ed.ac.uk,1,969
57723429,0.00028,of_28229_3,wdewulf,r,08/19/2026,10:46:53,eddie@node1m04.ecdf.ed.ac.uk,1,970
57723429,0.00028,of_28229_3,wdewulf,r,08/19/2026,10:46:53,eddie@node1j11.ecdf.ed.ac.uk,1,971
57723429,0.00028,of_28229_3,wdewulf,r,08/19/2026,10:46:53,eddie@node1l04.ecdf.ed.ac.uk,1,972
57723429,0.00028,of_28229_3,wdewulf,r,08/19/2026,10:46:53,eddie@node1k08.ecdf.ed.ac.uk,1,973
57723429,0.00028,of_28229_3,wdewulf,r,08/19/2026,10:46:53,eddie@node1j07.ecdf.ed.ac.uk,1,974
57723429,0.00028,of_28229_3,wdewulf,r,08/19/2026,10:46:53,eddie@node1j09.ecdf.ed.ac.uk,1,975
57723429,0.00028,of_28229_3,wdewulf,r,08/19/2026,10:46:53,eddie@node1j04.ecdf.ed.ac.uk,1,976
57723429,0.00028,of_28229_3,wdewulf,r,08/19/2026,10:46:53,eddie@node1l08.ecdf.ed.ac.uk,1,977
57723429,0.00028,of_28229_3,wdewulf,r,08/19/2026,10:46:53,eddie@node1l19.ecdf.ed.ac.uk,1,978
57723429,0.00028,of_28229_3,wdewulf,r,08/19/2026,10:46:53,eddie@node1j06.ecdf.ed.ac.uk,1,979
57723429,0.00028,of_28229_3,wdewulf,r,08/19/2026,10:46:53,eddie@node1l01.ecdf.ed.ac.uk,1,980
57723429,0.00028,of_28229_3,wdewulf,r,08/19/2026,10:46:53,eddie@node1l09.ecdf.ed.ac.uk,1,981
57723429,0.00028,of_28229_3,wdewulf,r,08/19/2026,10:46:53,eddie@node1k09.ecdf.ed.ac.uk,1,982
57723429,0.00028,of_28229_3,wdewulf,r,08/19/2026,10:46:53,eddie@node1j23.ecdf.ed.ac.uk,1,983
57723429,0.00028,of_28229_3,wdewulf,r,08/19/2026,10:46:53,eddie@node1k07.ecdf.ed.ac.uk,1,984
57723429,0.00028,of_28229_3,wdewulf,r,08/19/2026,10:46:53,eddie@node1m01.ecdf.ed.ac.uk,1,985
57723429,0.00028,of_28229_3,wdewulf,r,08/19/2026,10:46:53,eddie@node1k02.ecdf.ed.ac.uk,1,986
57723429,0.00028,of_28229_3,wdewulf,r,08/19/2026,10:46:53,eddie@node1l10.ecdf.ed.ac.uk,1,987
57723429,0.00028,of_28229_3,wdewulf,r,08/19/2026,10:46:53,eddie@node1l20.ecdf.ed.ac.uk,1,988
57723429,0.00028,of_28229_3,wdewulf,r,08/19/2026,10:46:53,eddie@node1k03.ecdf.ed.ac.uk,1,989
57723429,0.00028,of_28229_3,wdewulf,r,08/19/2026,10:46:53,eddie@node1m05.ecdf.ed.ac.uk,1,990
57723429,0.00028,of_28229_3,wdewulf,r,08/19/2026,10:46:53,eddie@node1k01.ecdf.ed.ac.uk,1,991
57723429,0.00028,of_28229_3,wdewulf,r,08/19/2026,10:46:53,eddie@node1l03.ecdf.ed.ac.uk,1,992
57723429,0.00028,of_28229_3,wdewulf,r,08/19/2026,10:46:53,eddie@node1m11.ecdf.ed.ac.uk,1,993
57723429,0.00028,of_28229_3,wdewulf,r,08/19/2026,10:46:53,eddie@node1l07.ecdf.ed.ac.uk,1,994
57723429,0.00028,of_28229_3,wdewulf,r,08/19/2026,10:46:53,eddie@node1k04.ecdf.ed.ac.uk,1,995
57723429,0.00028,of_28229_3,wdewulf,r,08/19/2026,10:46:53,eddie@node1j17.ecdf.ed.ac.uk,1,996
57723429,0.00028,of_28229_3,wdewulf,r,08/19/2026,10:46:53,eddie@node1j19.ecdf.ed.ac.uk,1,997
57723429,0.00028,of_28229_3,wdewulf,r,08/19/2026,10:46:53,eddie@node1j10.ecdf.ed.ac.uk,1,998
57723429,0.00028,of_28229_3,wdewulf,r,08/19/2026,10:46:53,eddie@node1m02.ecdf.ed.ac.uk,1,999
57723429,0.00028,of_28229_3,wdewulf,r,08/19/2026,10:46:53,eddie@node1j11.ecdf.ed.ac.uk,1,1000
57723429,0.00028,of_28229_3,wdewulf,r,08/19/2026,10:46:53,eddie@node1m04.ecdf.ed.ac.uk,1,1001
57723429,0.00028,of_28229_3,wdewulf,r,08/19/2026,10:46:53,eddie@node1m07.ecdf.ed.ac.uk,1,1002
57723429,0.00028,of_28229_3,wdewulf,r,08/19/2026,10:46:53,eddie@node1j08.ecdf.ed.ac.uk,1,1003
57723429,0.00028,of_28229_3,wdewulf,r,08/19/2026,10:46:53,eddie@node1j05.ecdf.ed.ac.uk,1,1004
57723429,0.00028,of_28229_3,wdewulf,r,08/19/2026,10:46:53,eddie@node1j02.ecdf.ed.ac.uk,1,1005
57723429,0.00028,of_28229_3,wdewulf,r,08/19/2026,10:46:53,eddie@node1j22.ecdf.ed.ac.uk,1,1006
57723429,0.00028,of_28229_3,wdewulf,r,08/19/2026,10:46:53,eddie@node1j18.ecdf.ed.ac.uk,1,1007
57723429,0.00028,of_28229_3,wdewulf,r,08/19/2026,10:46:53,eddie@node1k06.ecdf.ed.ac.uk,1,1008
57723429,0.00028,of_28229_3,wdewulf,r,08/19/2026,10:46:53,eddie@node1m10.ecdf.ed.ac.uk,1,1009
57723429,0.00028,of_28229_3,wdewulf,r,08/19/2026,10:46:53,eddie@node1l05.ecdf.ed.ac.uk,1,1010
57723429,0.00028,of_28229_3,wdewulf,r,08/19/2026,10:46:53,eddie@node1j01.ecdf.ed.ac.uk,1,1011
57723429,0.00028,of_28229_3,wdewulf,r,08/19/2026,10:46:53,eddie@node1m12.ecdf.ed.ac.uk,1,1012
57723429,0.00028,of_28229_3,wdewulf,r,08/19/2026,10:46:53,eddie@node1l01.ecdf.ed.ac.uk,1,1013
57723429,0.00028,of_28229_3,wdewulf,r,08/19/2026,10:46:53,eddie@node1j06.ecdf.ed.ac.uk,1,1014
57723429,0.00028,of_28229_3,wdewulf,r,08/19/2026,10:46:53,eddie@node1l19.ecdf.ed.ac.uk,1,1015
57723429,0.00028,of_28229_3,wdewulf,r,08/19/2026,10:46:53,eddie@node1l08.ecdf.ed.ac.uk,1,1016
57723429,0.00028,of_28229_3,wdewulf,r,08/19/2026,10:46:53,eddie@node1j04.ecdf.ed.ac.uk,1,1017
57723429,0.00028,of_28229_3,wdewulf,r,08/19/2026,10:46:53,eddie@node1j09.ecdf.ed.ac.uk,1,1018
57723429,0.00028,of_28229_3,wdewulf,r,08/19/2026,10:46:53,eddie@node1j07.ecdf.ed.ac.uk,1,1019
57723429,0.00028,of_28229_3,wdewulf,r,08/19/2026,10:46:53,eddie@node1k08.ecdf.ed.ac.uk,1,1020
57723429,0.00028,of_28229_3,wdewulf,r,08/19/2026,10:46:53,eddie@node1l04.ecdf.ed.ac.uk,1,1021
57723429,0.00028,of_28229_3,wdewulf,r,08/19/2026,10:46:53,eddie@node1k07.ecdf.ed.ac.uk,1,1022
57723429,0.00028,of_28229_3,wdewulf,r,08/19/2026,10:46:53,eddie@node1j23.ecdf.ed.ac.uk,1,1023
57723429,0.00028,of_28229_3,wdewulf,r,08/19/2026,10:46:53,eddie@node1k09.ecdf.ed.ac.uk,1,1024
57723429,0.00028,of_28229_3,wdewulf,r,08/19/2026,10:46:53,eddie@node1l09.ecdf.ed.ac.uk,1,1025
57723429,0.00028,of_28229_3,wdewulf,r,08/19/2026,10:46:53,eddie@node1k03.ecdf.ed.ac.uk,1,1026
57723429,0.00028,of_28229_3,wdewulf,r,08/19/2026,10:46:53,eddie@node1l20.ecdf.ed.ac.uk,1,1027
57723429,0.00028,of_28229_3,wdewulf,r,08/19/2026,10:46:53,eddie@node1l10.ecdf.ed.ac.uk,1,1028
57723429,0.00028,of_28229_3,wdewulf,r,08/19/2026,10:46:53,eddie@node1k02.ecdf.ed.ac.uk,1,1029
57723429,0.00028,of_28229_3,wdewulf,r,08/19/2026,10:46:53,eddie@node1m01.ecdf.ed.ac.uk,1,1030
57723429,0.00028,of_28229_3,wdewulf,r,08/19/2026,10:46:53,eddie@node1k01.ecdf.ed.ac.uk,1,1031
57723429,0.00028,of_28229_3,wdewulf,r,08/19/2026,10:46:53,eddie@node1m05.ecdf.ed.ac.uk,1,1032
57723429,0.00028,of_28229_3,wdewulf,r,08/19/2026,10:46:53,eddie@node1l03.ecdf.ed.ac.uk,1,1033
57723429,0.00028,of_28229_3,wdewulf,r,08/19/2026,10:46:53,eddie@node1m11.ecdf.ed.ac.uk,1,1034
57723429,0.00028,of_28229_3,wdewulf,r,08/19/2026,10:46:53,eddie@node1l07.ecdf.ed.ac.uk,1,1035
57723429,0.00028,of_28229_3,wdewulf,r,08/19/2026,10:46:53,eddie@node1k04.ecdf.ed.ac.uk,1,1036
57723429,0.00028,of_28229_3,wdewulf,r,08/19/2026,10:46:53,eddie@node1j03.ecdf.ed.ac.uk,1,1037
57723429,0.00028,of_28229_3,wdewulf,r,08/19/2026,10:46:53,eddie@node1j17.ecdf.ed.ac.uk,1,1038
57723429,0.00028,of_28229_3,wdewulf,r,08/19/2026,10:46:53,eddie@node1j19.ecdf.ed.ac.uk,1,1039
57723429,0.00028,of_28229_3,wdewulf,r,08/19/2026,10:46:53,eddie@node1j10.ecdf.ed.ac.uk,1,1040
57723429,0.00028,of_28229_3,wdewulf,r,08/19/2026,10:46:53,eddie@node1j21.ecdf.ed.ac.uk,1,1041
57723429,0.00028,of_28229_3,wdewulf,r,08/19/2026,10:46:53,eddie@node1m02.ecdf.ed.ac.uk,1,1042
57723429,0.00028,of_28229_3,wdewulf,r,08/19/2026,10:46:53,eddie@node1j01.ecdf.ed.ac.uk,1,1043
57723429,0.00028,of_28229_3,wdewulf,r,08/19/2026,10:46:53,eddie@node1l05.ecdf.ed.ac.uk,1,1044
57723429,0.00028,of_28229_3,wdewulf,r,08/19/2026,10:46:53,eddie@node1m10.ecdf.ed.ac.uk,1,1045
57723429,0.00028,of_28229_3,wdewulf,r,08/19/2026,10:46:53,eddie@node1k06.ecdf.ed.ac.uk,1,1046
57723429,0.00028,of_28229_3,wdewulf,r,08/19/2026,10:46:53,eddie@node1j18.ecdf.ed.ac.uk,1,1047
57723429,0.00028,of_28229_3,wdewulf,r,08/19/2026,10:46:53,eddie@node1j22.ecdf.ed.ac.uk,1,1048
57723429,0.00028,of_28229_3,wdewulf,r,08/19/2026,10:46:53,eddie@node1j02.ecdf.ed.ac.uk,1,1049
57723429,0.00028,of_28229_3,wdewulf,r,08/19/2026,10:46:53,eddie@node1j05.ecdf.ed.ac.uk,1,1050
57723429,0.00028,of_28229_3,wdewulf,r,08/19/2026,10:46:53,eddie@node1j08.ecdf.ed.ac.uk,1,1051
57723429,0.00028,of_28229_3,wdewulf,r,08/19/2026,10:46:53,eddie@node1m07.ecdf.ed.ac.uk,1,1052
57723429,0.00028,of_28229_3,wdewulf,r,08/19/2026,10:46:53,eddie@node1m04.ecdf.ed.ac.uk,1,1053
57723429,0.00028,of_28229_3,wdewulf,r,08/19/2026,10:46:53,eddie@node1j11.ecdf.ed.ac.uk,1,1054
57723429,0.00028,of_28229_3,wdewulf,r,08/19/2026,10:46:53,eddie@node1m12.ecdf.ed.ac.uk,1,1055
57723429,0.00028,of_28229_3,wdewulf,r,08/19/2026,10:46:54,eddie@node1l04.ecdf.ed.ac.uk,1,1056
57723429,0.00028,of_28229_3,wdewulf,r,08/19/2026,10:46:54,eddie@node1k08.ecdf.ed.ac.uk,1,1057
57723429,0.00028,of_28229_3,wdewulf,r,08/19/2026,10:46:54,eddie@node1j07.ecdf.ed.ac.uk,1,1058
57723429,0.00028,of_28229_3,wdewulf,r,08/19/2026,10:46:54,eddie@node1j09.ecdf.ed.ac.uk,1,1059
57723429,0.00028,of_28229_3,wdewulf,r,08/19/2026,10:46:54,eddie@node1j04.ecdf.ed.ac.uk,1,1060
57723429,0.00028,of_28229_3,wdewulf,r,08/19/2026,10:46:54,eddie@node1l08.ecdf.ed.ac.uk,1,1061
57723429,0.00028,of_28229_3,wdewulf,r,08/19/2026,10:46:54,eddie@node1l19.ecdf.ed.ac.uk,1,1062
57723429,0.00028,of_28229_3,wdewulf,r,08/19/2026,10:46:54,eddie@node1j06.ecdf.ed.ac.uk,1,1063
57723429,0.00028,of_28229_3,wdewulf,r,08/19/2026,10:46:54,eddie@node1l01.ecdf.ed.ac.uk,1,1064
57723429,0.00028,of_28229_3,wdewulf,r,08/19/2026,10:46:54,eddie@node1l09.ecdf.ed.ac.uk,1,1065
57723429,0.00028,of_28229_3,wdewulf,r,08/19/2026,10:46:54,eddie@node1k09.ecdf.ed.ac.uk,1,1066
57723429,0.00028,of_28229_3,wdewulf,r,08/19/2026,10:46:54,eddie@node1j23.ecdf.ed.ac.uk,1,1067
57723429,0.00028,of_28229_3,wdewulf,r,08/19/2026,10:46:54,eddie@node1k07.ecdf.ed.ac.uk,1,1068
57723429,0.00028,of_28229_3,wdewulf,r,08/19/2026,10:46:54,eddie@node1m01.ecdf.ed.ac.uk,1,1069
57725508,0.00027,Qualimap_d,s2556897,r,08/19/2026,11:07:03,igmm_long@node1a03.ecdf.ed.ac.,1,33
57725508,0.00027,Qualimap_d,s2556897,r,08/19/2026,11:07:03,igmm_long@node1a07.ecdf.ed.ac.,1,42
57725508,0.00027,Qualimap_d,s2556897,r,08/19/2026,11:07:03,igmm_long@node1c04.ecdf.ed.ac.,1,47
57725508,0.00027,Qualimap_d,s2556897,r,08/19/2026,11:07:03,igmm_long@node1a08.ecdf.ed.ac.,1,52
57725508,0.00027,Qualimap_d,s2556897,r,08/19/2026,11:07:03,igmm_long@node1a03.ecdf.ed.ac.,1,53
57725508,0.00027,Qualimap_d,s2556897,r,08/19/2026,11:07:03,igmm_long@node1a04.ecdf.ed.ac.,1,55
57725508,0.00027,Qualimap_d,s2556897,r,08/19/2026,11:07:03,igmm_long@node1c02.ecdf.ed.ac.,1,63
57725508,0.00027,Qualimap_d,s2556897,r,08/19/2026,11:07:03,igmm_long@node1a01.ecdf.ed.ac.,1,66
57723102,0.00027,hyp1_neglr,belie,r,08/19/2026,10:45:27,eddie@node1m16.ecdf.ed.ac.uk,1
57722827,0.00025,ce1,gs10us1,r,08/19/2026,10:17:20,eddie@node1l15.ecdf.ed.ac.uk,4
57708312,0.00025,ce1,gs10us1,r,08/18/2026,16:20:14,eddie@node1l12.ecdf.ed.ac.uk,1
57722659,0.00025,ce1,gs10us1,r,08/19/2026,08:28:22,eddie@node1l16.ecdf.ed.ac.uk,4
57722736,0.00025,ce1,gs10us1,r,08/19/2026,08:46:37,eddie@node1l18.ecdf.ed.ac.uk,4
57721682,0.00025,ce1,gs10us1,r,08/19/2026,06:33:15,eddie@node1l15.ecdf.ed.ac.uk,1
57723023,0.00025,ce1,gs10us1,r,08/19/2026,10:51:12,eddie@node1l13.ecdf.ed.ac.uk,4
57721714,0.00024,ce1,gs10us1,r,08/19/2026,06:55:15,eddie@node1l18.ecdf.ed.ac.uk,1
57721757,0.00024,ce1,gs10us1,r,08/19/2026,06:56:15,eddie@node1l17.ecdf.ed.ac.uk,1
57721737,0.00024,ce1,gs10us1,r,08/19/2026,06:55:30,eddie@node1l12.ecdf.ed.ac.uk,1
57722732,0.00024,ce1,gs10us1,r,08/19/2026,08:44:52,eddie@node1l18.ecdf.ed.ac.uk,4
57722761,0.00024,ce1,gs10us1,r,08/19/2026,09:01:23,eddie@node1l17.ecdf.ed.ac.uk,4
57721340,0.00024,ce1,gs10us1,r,08/19/2026,04:55:58,eddie@node1l14.ecdf.ed.ac.uk,1
57721224,0.00023,ce1,gs10us1,r,08/19/2026,04:19:43,eddie@node1l18.ecdf.ed.ac.uk,1
57721396,0.00023,ce1,gs10us1,r,08/19/2026,05:28:28,eddie@node1l11.ecdf.ed.ac.uk,1
57721407,0.00023,ce1,gs10us1,r,08/19/2026,05:47:58,eddie@node1l14.ecdf.ed.ac.uk,1
57721838,0.00023,ce1,gs10us1,r,08/19/2026,06:56:15,eddie@node1l17.ecdf.ed.ac.uk,1
57721324,0.00023,ce1,gs10us1,r,08/19/2026,04:20:58,eddie@node1l12.ecdf.ed.ac.uk,1
57722780,0.00023,ce1,gs10us1,r,08/19/2026,09:16:39,eddie@node1l16.ecdf.ed.ac.uk,4
57721948,0.00022,ce1,gs10us1,r,08/19/2026,06:56:30,eddie@node1l15.ecdf.ed.ac.uk,1
57723106,0.00022,hyp1_neglr,belie,r,08/19/2026,10:45:41,eddie@node1r17.ecdf.ed.ac.uk,1
57723109,0.00022,hyp1_neglr,belie,r,08/19/2026,10:45:41,eddie@node1m16.ecdf.ed.ac.uk,1
57723119,0.00022,hyp1_neglr,belie,r,08/19/2026,10:45:41,eddie@node1h11.ecdf.ed.ac.uk,1
57723129,0.00022,hyp1_neglr,belie,r,08/19/2026,10:45:41,eddie@node1o09.ecdf.ed.ac.uk,1
57723130,0.00022,hyp1_neglr,belie,r,08/19/2026,10:45:41,eddie@node1o14.ecdf.ed.ac.uk,1
57723139,0.00022,hyp1_neglr,belie,r,08/19/2026,10:45:42,eddie@node1h24.ecdf.ed.ac.uk,1
57723157,0.00022,hyp1_neglr,belie,r,08/19/2026,10:45:42,eddie@node1m16.ecdf.ed.ac.uk,1
57723162,0.00022,hyp1_neglr,belie,r,08/19/2026,10:45:42,eddie@node1s15.ecdf.ed.ac.uk,1
57723177,0.00022,hyp1_neglr,belie,r,08/19/2026,10:45:42,eddie@node1o08.ecdf.ed.ac.uk,1
57723186,0.00022,hyp1_neglr,belie,r,08/19/2026,10:45:42,eddie@node1s15.ecdf.ed.ac.uk,1
57721988,0.00021,ce1,gs10us1,r,08/19/2026,06:57:00,eddie@node1l17.ecdf.ed.ac.uk,1
57722011,0.00021,ce1,gs10us1,r,08/19/2026,06:58:15,eddie@node1l14.ecdf.ed.ac.uk,1
57722601,0.00019,ce1,gs10us1,r,08/19/2026,08:04:20,eddie@node1l14.ecdf.ed.ac.uk,4
57722208,0.00019,ce1,gs10us1,r,08/19/2026,06:59:30,eddie@node1l15.ecdf.ed.ac.uk,1
57722210,0.00019,ce1,gs10us1,r,08/19/2026,06:59:45,eddie@node1l11.ecdf.ed.ac.uk,1
57709286,0.00018,jay_BES_SI,jburns10,r,08/18/2026,19:25:31,eddie@node1n13.ecdf.ed.ac.uk,1
57709644,0.00018,jay_NFF_v3,jburns10,r,08/18/2026,19:54:01,eddie@node1m04.ecdf.ed.ac.uk,1
57722312,0.00015,ce1,gs10us1,r,08/19/2026,06:59:45,eddie@node1l15.ecdf.ed.ac.uk,1
57709096,0.00014,jay_BES_SI,jburns10,r,08/18/2026,15:46:27,eddie@node1i17.ecdf.ed.ac.uk,1
57722339,0.00014,ce1,gs10us1,r,08/19/2026,07:00:15,eddie@node1l11.ecdf.ed.ac.uk,1
57722359,0.00014,ce1,gs10us1,r,08/19/2026,07:00:45,eddie@node1l11.ecdf.ed.ac.uk,1
57722375,0.00013,ce1,gs10us1,r,08/19/2026,07:00:45,eddie@node1l12.ecdf.ed.ac.uk,1
57722737,0.00013,ce1,gs10us1,r,08/19/2026,08:46:37,eddie@node1l16.ecdf.ed.ac.uk,1
57722738,0.00013,ce1,gs10us1,r,08/19/2026,08:46:37,eddie@node1l16.ecdf.ed.ac.uk,1
57722739,0.00013,ce1,gs10us1,r,08/19/2026,08:46:37,eddie@node1l16.ecdf.ed.ac.uk,1
57722914,0.00012,ce1,gs10us1,r,08/19/2026,09:58:14,eddie@node1l17.ecdf.ed.ac.uk,1
57722915,0.00012,ce1,gs10us1,r,08/19/2026,09:58:14,eddie@node1l12.ecdf.ed.ac.uk,1
57722916,0.00012,ce1,gs10us1,r,08/19/2026,09:58:14,eddie@node1l18.ecdf.ed.ac.uk,1
57722922,0.00012,ce1,gs10us1,r,08/19/2026,10:00:44,eddie@node1l14.ecdf.ed.ac.uk,1
57722749,0.00012,ce1,gs10us1,r,08/19/2026,08:53:08,eddie@node1l18.ecdf.ed.ac.uk,1
57722750,0.00012,ce1,gs10us1,r,08/19/2026,08:53:08,eddie@node1l16.ecdf.ed.ac.uk,1
57722760,0.00012,ce1,gs10us1,r,08/19/2026,09:01:23,eddie@node1l18.ecdf.ed.ac.uk,1
57722923,0.00012,ce1,gs10us1,r,08/19/2026,10:05:14,eddie@node1l13.ecdf.ed.ac.uk,1
57724328,0.00011,ce1,gs10us1,r,08/19/2026,10:51:12,eddie@node1l14.ecdf.ed.ac.uk,1
57722783,0.00011,ce1,gs10us1,r,08/19/2026,09:11:09,eddie@node1l18.ecdf.ed.ac.uk,1
57724331,0.00011,ce1,gs10us1,r,08/19/2026,10:51:12,eddie@node1l13.ecdf.ed.ac.uk,1
57725216,0.00011,ce1,gs10us1,r,08/19/2026,11:00:47,eddie@node1l13.ecdf.ed.ac.uk,1
57725222,0.00011,ce1,gs10us1,r,08/19/2026,11:00:47,eddie@node1l17.ecdf.ed.ac.uk,1
57723659,0.00011,ce1,gs10us1,r,08/19/2026,10:48:12,eddie@node1l13.ecdf.ed.ac.uk,1
57722801,0.00011,ce1,gs10us1,r,08/19/2026,09:25:40,eddie@node1l14.ecdf.ed.ac.uk,1
57722817,0.00010,ce1,gs10us1,r,08/19/2026,09:33:35,eddie@node1l16.ecdf.ed.ac.uk,1
57722554,0.00010,vim_array_,s2469797,r,08/19/2026,10:01:44,eddie@node1h15.ecdf.ed.ac.uk,1,2000
57722554,0.00010,vim_array_,s2469797,r,08/19/2026,10:01:59,eddie@node1o08.ecdf.ed.ac.uk,1,2001
57722825,0.00010,ce1,gs10us1,r,08/19/2026,09:35:42,eddie@node1l13.ecdf.ed.ac.uk,1
57722826,0.00010,ce1,gs10us1,r,08/19/2026,09:35:42,eddie@node1l13.ecdf.ed.ac.uk,1
57722554,0.00010,vim_array_,s2469797,r,08/19/2026,10:00:44,eddie@node1r05.ecdf.ed.ac.uk,1,1999
57722554,0.00010,vim_array_,s2469797,r,08/19/2026,09:58:14,eddie@node1l23.ecdf.ed.ac.uk,1,1984
57722554,0.00010,vim_array_,s2469797,r,08/19/2026,09:58:14,eddie@node1l23.ecdf.ed.ac.uk,1,1985
57722554,0.00010,vim_array_,s2469797,r,08/19/2026,09:58:14,eddie@node1l23.ecdf.ed.ac.uk,1,1986
57722554,0.00010,vim_array_,s2469797,r,08/19/2026,09:58:14,eddie@node1l23.ecdf.ed.ac.uk,1,1987
57722554,0.00010,vim_array_,s2469797,r,08/19/2026,09:58:44,eddie@node1l23.ecdf.ed.ac.uk,1,1989
57722554,0.00010,vim_array_,s2469797,r,08/19/2026,09:58:44,eddie@node1l23.ecdf.ed.ac.uk,1,1990
57722554,0.00010,vim_array_,s2469797,r,08/19/2026,09:58:44,eddie@node1s16.ecdf.ed.ac.uk,1,1991
57722554,0.00010,vim_array_,s2469797,r,08/19/2026,09:58:44,eddie@node1s16.ecdf.ed.ac.uk,1,1992
57722554,0.00010,vim_array_,s2469797,r,08/19/2026,09:58:59,eddie@node1s16.ecdf.ed.ac.uk,1,1993
57722554,0.00010,vim_array_,s2469797,r,08/19/2026,09:58:59,eddie@node1s16.ecdf.ed.ac.uk,1,1994
57722554,0.00010,vim_array_,s2469797,r,08/19/2026,09:58:59,eddie@node1s16.ecdf.ed.ac.uk,1,1995
57722554,0.00010,vim_array_,s2469797,r,08/19/2026,09:59:29,eddie@node1s16.ecdf.ed.ac.uk,1,1996
57722554,0.00010,vim_array_,s2469797,r,08/19/2026,09:59:44,eddie@node1s16.ecdf.ed.ac.uk,1,1997
57722554,0.00010,vim_array_,s2469797,r,08/19/2026,09:59:59,eddie@node1f06.ecdf.ed.ac.uk,1,1998
57722554,0.00010,vim_array_,s2469797,r,08/19/2026,09:58:29,eddie@node1l23.ecdf.ed.ac.uk,1,1988
57722554,0.00010,vim_array_,s2469797,r,08/19/2026,09:57:59,eddie@node1l23.ecdf.ed.ac.uk,1,1983
57722554,0.00010,vim_array_,s2469797,r,08/19/2026,09:57:44,eddie@node1f06.ecdf.ed.ac.uk,1,1982
57722554,0.00009,vim_array_,s2469797,r,08/19/2026,09:51:31,eddie@node1o14.ecdf.ed.ac.uk,1,1969
57722554,0.00009,vim_array_,s2469797,r,08/19/2026,09:51:31,eddie@node1o12.ecdf.ed.ac.uk,1,1970
57722554,0.00009,vim_array_,s2469797,r,08/19/2026,09:51:31,eddie@node1h06.ecdf.ed.ac.uk,1,1971
57722554,0.00009,vim_array_,s2469797,r,08/19/2026,09:51:31,eddie@node1o14.ecdf.ed.ac.uk,1,1972
57722554,0.00009,vim_array_,s2469797,r,08/19/2026,09:51:31,eddie@node1o12.ecdf.ed.ac.uk,1,1973
57722554,0.00009,vim_array_,s2469797,r,08/19/2026,09:51:31,eddie@node1h23.ecdf.ed.ac.uk,1,1974
57722554,0.00009,vim_array_,s2469797,r,08/19/2026,09:51:46,eddie@node1h06.ecdf.ed.ac.uk,1,1975
57722554,0.00009,vim_array_,s2469797,r,08/19/2026,09:51:46,eddie@node1h11.ecdf.ed.ac.uk,1,1976
57722554,0.00009,vim_array_,s2469797,r,08/19/2026,09:51:46,eddie@node1o13.ecdf.ed.ac.uk,1,1977
57722554,0.00009,vim_array_,s2469797,r,08/19/2026,09:52:01,eddie@node1s13.ecdf.ed.ac.uk,1,1978
57722554,0.00009,vim_array_,s2469797,r,08/19/2026,09:52:01,eddie@node1o10.ecdf.ed.ac.uk,1,1979
57722554,0.00009,vim_array_,s2469797,r,08/19/2026,09:52:01,eddie@node1h05.ecdf.ed.ac.uk,1,1980
57722554,0.00009,vim_array_,s2469797,r,08/19/2026,09:52:16,eddie@node1m16.ecdf.ed.ac.uk,1,1981
57722554,0.00009,vim_array_,s2469797,r,08/19/2026,09:51:02,eddie@node1h23.ecdf.ed.ac.uk,1,1968
57722423,0.00009,ce1,gs10us1,r,08/19/2026,07:01:15,eddie@node1l15.ecdf.ed.ac.uk,1
57722554,0.00009,vim_array_,s2469797,r,08/19/2026,09:47:17,eddie@node1h15.ecdf.ed.ac.uk,1,1967
57722554,0.00009,vim_array_,s2469797,r,08/19/2026,09:45:32,eddie@node1f15.ecdf.ed.ac.uk,1,1960
57722554,0.00009,vim_array_,s2469797,r,08/19/2026,09:46:02,eddie@node1h14.ecdf.ed.ac.uk,1,1962
57722554,0.00009,vim_array_,s2469797,r,08/19/2026,09:46:02,eddie@node1h11.ecdf.ed.ac.uk,1,1963
57722554,0.00009,vim_array_,s2469797,r,08/19/2026,09:46:32,eddie@node1o13.ecdf.ed.ac.uk,1,1964
57722554,0.00009,vim_array_,s2469797,r,08/19/2026,09:46:32,eddie@node1j28.ecdf.ed.ac.uk,1,1965
57722554,0.00009,vim_array_,s2469797,r,08/19/2026,09:45:47,eddie@node1o13.ecdf.ed.ac.uk,1,1961
57722554,0.00009,vim_array_,s2469797,r,08/19/2026,09:46:47,eddie@node1h12.ecdf.ed.ac.uk,1,1966
57722554,0.00008,vim_array_,s2469797,r,08/19/2026,09:37:49,eddie@node1h24.ecdf.ed.ac.uk,1,1959
57722554,0.00008,vim_array_,s2469797,r,08/19/2026,09:37:19,eddie@node1h24.ecdf.ed.ac.uk,1,1957
57722554,0.00008,vim_array_,s2469797,r,08/19/2026,09:37:19,eddie@node1o14.ecdf.ed.ac.uk,1,1958
57722554,0.00008,vim_array_,s2469797,r,08/19/2026,09:36:49,eddie@node1h23.ecdf.ed.ac.uk,1,1955
57722554,0.00008,vim_array_,s2469797,r,08/19/2026,09:36:49,eddie@node1r05.ecdf.ed.ac.uk,1,1956
57722554,0.00008,vim_array_,s2469797,r,08/19/2026,09:35:42,eddie@node1h11.ecdf.ed.ac.uk,1,1954
57722554,0.00008,vim_array_,s2469797,r,08/19/2026,09:35:12,eddie@node1o10.ecdf.ed.ac.uk,1,1948
57722554,0.00008,vim_array_,s2469797,r,08/19/2026,09:35:12,eddie@node1r05.ecdf.ed.ac.uk,1,1949
57722554,0.00008,vim_array_,s2469797,r,08/19/2026,09:35:12,eddie@node1h06.ecdf.ed.ac.uk,1,1950
57722554,0.00008,vim_array_,s2469797,r,08/19/2026,09:35:12,eddie@node1o12.ecdf.ed.ac.uk,1,1951
57722554,0.00008,vim_array_,s2469797,r,08/19/2026,09:35:12,eddie@node1h05.ecdf.ed.ac.uk,1,1952
57722554,0.00008,vim_array_,s2469797,r,08/19/2026,09:35:31,eddie@node1r07.ecdf.ed.ac.uk,1,1953
57722554,0.00008,vim_array_,s2469797,r,08/19/2026,09:34:43,eddie@node1h11.ecdf.ed.ac.uk,1,1946
57722554,0.00008,vim_array_,s2469797,r,08/19/2026,09:34:57,eddie@node1h15.ecdf.ed.ac.uk,1,1947
57722554,0.00008,vim_array_,s2469797,r,08/19/2026,09:34:35,eddie@node1r08.ecdf.ed.ac.uk,1,1944
57722554,0.00008,vim_array_,s2469797,r,08/19/2026,09:34:35,eddie@node1h12.ecdf.ed.ac.uk,1,1945
57722554,0.00008,vim_array_,s2469797,r,08/19/2026,09:34:20,eddie@node1h06.ecdf.ed.ac.uk,1,1941
57722554,0.00008,vim_array_,s2469797,r,08/19/2026,09:34:20,eddie@node1r07.ecdf.ed.ac.uk,1,1942
57722554,0.00008,vim_array_,s2469797,r,08/19/2026,09:34:20,eddie@node1h05.ecdf.ed.ac.uk,1,1943
57722554,0.00008,vim_array_,s2469797,r,08/19/2026,09:34:05,eddie@node1r07.ecdf.ed.ac.uk,1,1937
57722554,0.00008,vim_array_,s2469797,r,08/19/2026,09:34:05,eddie@node1h06.ecdf.ed.ac.uk,1,1938
57722554,0.00008,vim_array_,s2469797,r,08/19/2026,09:34:05,eddie@node1r08.ecdf.ed.ac.uk,1,1939
57722554,0.00008,vim_array_,s2469797,r,08/19/2026,09:34:05,eddie@node1h11.ecdf.ed.ac.uk,1,1940
57722554,0.00008,vim_array_,s2469797,r,08/19/2026,09:33:35,eddie@node1h11.ecdf.ed.ac.uk,1,1933
57722554,0.00008,vim_array_,s2469797,r,08/19/2026,09:33:35,eddie@node1r08.ecdf.ed.ac.uk,1,1934
57722554,0.00008,vim_array_,s2469797,r,08/19/2026,09:33:50,eddie@node1h11.ecdf.ed.ac.uk,1,1935
57722554,0.00008,vim_array_,s2469797,r,08/19/2026,09:33:50,eddie@node1h11.ecdf.ed.ac.uk,1,1936
57722554,0.00008,vim_array_,s2469797,r,08/19/2026,09:30:51,eddie@node1h06.ecdf.ed.ac.uk,1,1924
57722554,0.00008,vim_array_,s2469797,r,08/19/2026,09:33:05,eddie@node1h11.ecdf.ed.ac.uk,1,1929
57722554,0.00008,vim_array_,s2469797,r,08/19/2026,09:33:05,eddie@node1h06.ecdf.ed.ac.uk,1,1930
57722554,0.00008,vim_array_,s2469797,r,08/19/2026,09:33:20,eddie@node1h11.ecdf.ed.ac.uk,1,1931
57722554,0.00008,vim_array_,s2469797,r,08/19/2026,09:33:20,eddie@node1h11.ecdf.ed.ac.uk,1,1932
57722554,0.00008,vim_array_,s2469797,r,08/19/2026,09:31:50,eddie@node1h11.ecdf.ed.ac.uk,1,1925
57722554,0.00008,vim_array_,s2469797,r,08/19/2026,09:32:05,eddie@node1h11.ecdf.ed.ac.uk,1,1926
57722554,0.00008,vim_array_,s2469797,r,08/19/2026,09:32:20,eddie@node1h06.ecdf.ed.ac.uk,1,1927
57722554,0.00008,vim_array_,s2469797,r,08/19/2026,09:32:50,eddie@node1h11.ecdf.ed.ac.uk,1,1928
57722554,0.00008,vim_array_,s2469797,r,08/19/2026,09:30:40,eddie@node1h23.ecdf.ed.ac.uk,1,1922
57722554,0.00008,vim_array_,s2469797,r,08/19/2026,09:30:40,eddie@node1h12.ecdf.ed.ac.uk,1,1923
57722554,0.00008,vim_array_,s2469797,r,08/19/2026,09:27:40,eddie@node1f16.ecdf.ed.ac.uk,1,1893
57722554,0.00008,vim_array_,s2469797,r,08/19/2026,09:27:40,eddie@node1o14.ecdf.ed.ac.uk,1,1894
57722554,0.00008,vim_array_,s2469797,r,08/19/2026,09:27:40,eddie@node1o14.ecdf.ed.ac.uk,1,1895
57722554,0.00008,vim_array_,s2469797,r,08/19/2026,09:27:40,eddie@node1j28.ecdf.ed.ac.uk,1,1896
57722554,0.00008,vim_array_,s2469797,r,08/19/2026,09:27:40,eddie@node1h15.ecdf.ed.ac.uk,1,1897
57722554,0.00008,vim_array_,s2469797,r,08/19/2026,09:29:10,eddie@node1h23.ecdf.ed.ac.uk,1,1907
57722554,0.00008,vim_array_,s2469797,r,08/19/2026,09:29:10,eddie@node1o12.ecdf.ed.ac.uk,1,1908
57722554,0.00008,vim_array_,s2469797,r,08/19/2026,09:29:10,eddie@node1j28.ecdf.ed.ac.uk,1,1909
57722554,0.00008,vim_array_,s2469797,r,08/19/2026,09:29:10,eddie@node1o14.ecdf.ed.ac.uk,1,1910
57722554,0.00008,vim_array_,s2469797,r,08/19/2026,09:28:25,eddie@node1o12.ecdf.ed.ac.uk,1,1900
57722554,0.00008,vim_array_,s2469797,r,08/19/2026,09:28:25,eddie@node1j28.ecdf.ed.ac.uk,1,1901
57722554,0.00008,vim_array_,s2469797,r,08/19/2026,09:28:25,eddie@node1o14.ecdf.ed.ac.uk,1,1902
57722554,0.00008,vim_array_,s2469797,r,08/19/2026,09:28:25,eddie@node1h15.ecdf.ed.ac.uk,1,1903
57722554,0.00008,vim_array_,s2469797,r,08/19/2026,09:29:25,eddie@node1h23.ecdf.ed.ac.uk,1,1911
57722554,0.00008,vim_array_,s2469797,r,08/19/2026,09:29:25,eddie@node1r05.ecdf.ed.ac.uk,1,1912
57722554,0.00008,vim_array_,s2469797,r,08/19/2026,09:29:25,eddie@node1o10.ecdf.ed.ac.uk,1,1913
57722554,0.00008,vim_array_,s2469797,r,08/19/2026,09:29:25,eddie@node1r08.ecdf.ed.ac.uk,1,1914
57722554,0.00008,vim_array_,s2469797,r,08/19/2026,09:30:10,eddie@node1h05.ecdf.ed.ac.uk,1,1918
57722554,0.00008,vim_array_,s2469797,r,08/19/2026,09:30:10,eddie@node1o12.ecdf.ed.ac.uk,1,1919
57722554,0.00008,vim_array_,s2469797,r,08/19/2026,09:30:10,eddie@node1h24.ecdf.ed.ac.uk,1,1920
57722554,0.00008,vim_array_,s2469797,r,08/19/2026,09:28:40,eddie@node1r05.ecdf.ed.ac.uk,1,1904
57722554,0.00008,vim_array_,s2469797,r,08/19/2026,09:28:40,eddie@node1o12.ecdf.ed.ac.uk,1,1905
57722554,0.00008,vim_array_,s2469797,r,08/19/2026,09:28:40,eddie@node1h23.ecdf.ed.ac.uk,1,1906
57722554,0.00008,vim_array_,s2469797,r,08/19/2026,09:27:25,eddie@node1h15.ecdf.ed.ac.uk,1,1891
57722554,0.00008,vim_array_,s2469797,r,08/19/2026,09:27:25,eddie@node1o14.ecdf.ed.ac.uk,1,1892
57722554,0.00008,vim_array_,s2469797,r,08/19/2026,09:28:10,eddie@node1o10.ecdf.ed.ac.uk,1,1898
57722554,0.00008,vim_array_,s2469797,r,08/19/2026,09:28:10,eddie@node1o14.ecdf.ed.ac.uk,1,1899
57722554,0.00008,vim_array_,s2469797,r,08/19/2026,09:29:55,eddie@node1r07.ecdf.ed.ac.uk,1,1916
57722554,0.00008,vim_array_,s2469797,r,08/19/2026,09:29:55,eddie@node1h23.ecdf.ed.ac.uk,1,1917
57722554,0.00008,vim_array_,s2469797,r,08/19/2026,09:26:55,eddie@node1o14.ecdf.ed.ac.uk,1,1890
57722554,0.00008,vim_array_,s2469797,r,08/19/2026,09:30:25,eddie@node1r07.ecdf.ed.ac.uk,1,1921
57722554,0.00008,vim_array_,s2469797,r,08/19/2026,09:29:40,eddie@node1h24.ecdf.ed.ac.uk,1,1915
57722554,0.00008,vim_array_,s2469797,r,08/19/2026,09:26:25,eddie@node1r08.ecdf.ed.ac.uk,1,1888
57722554,0.00008,vim_array_,s2469797,r,08/19/2026,09:26:40,eddie@node1j28.ecdf.ed.ac.uk,1,1889
57722554,0.00008,vim_array_,s2469797,r,08/19/2026,09:25:40,eddie@node1r07.ecdf.ed.ac.uk,1,1887
57722554,0.00008,vim_array_,s2469797,r,08/19/2026,09:24:25,eddie@node1r07.ecdf.ed.ac.uk,1,1885
57722554,0.00008,vim_array_,s2469797,r,08/19/2026,09:25:10,eddie@node1f16.ecdf.ed.ac.uk,1,1886
57722554,0.00008,vim_array_,s2469797,r,08/19/2026,09:23:56,eddie@node1h23.ecdf.ed.ac.uk,1,1884
57722554,0.00007,vim_array_,s2469797,r,08/19/2026,09:20:09,eddie@node1i13.ecdf.ed.ac.uk,1,1859
57722554,0.00007,vim_array_,s2469797,r,08/19/2026,09:20:09,eddie@node1o14.ecdf.ed.ac.uk,1,1860
57722554,0.00007,vim_array_,s2469797,r,08/19/2026,09:20:09,eddie@node1h23.ecdf.ed.ac.uk,1,1861
57722554,0.00007,vim_array_,s2469797,r,08/19/2026,09:20:09,eddie@node1o14.ecdf.ed.ac.uk,1,1862
57722554,0.00007,vim_array_,s2469797,r,08/19/2026,09:20:09,eddie@node1j28.ecdf.ed.ac.uk,1,1863
57722554,0.00007,vim_array_,s2469797,r,08/19/2026,09:20:09,eddie@node1o10.ecdf.ed.ac.uk,1,1864
57722554,0.00007,vim_array_,s2469797,r,08/19/2026,09:20:09,eddie@node1h23.ecdf.ed.ac.uk,1,1865
57722554,0.00007,vim_array_,s2469797,r,08/19/2026,09:20:24,eddie@node1h24.ecdf.ed.ac.uk,1,1866
57722554,0.00007,vim_array_,s2469797,r,08/19/2026,09:20:24,eddie@node1h24.ecdf.ed.ac.uk,1,1867
57722554,0.00007,vim_array_,s2469797,r,08/19/2026,09:20:24,eddie@node1h07.ecdf.ed.ac.uk,1,1868
57722554,0.00007,vim_array_,s2469797,r,08/19/2026,09:20:24,eddie@node1h12.ecdf.ed.ac.uk,1,1869
57722554,0.00007,vim_array_,s2469797,r,08/19/2026,09:21:39,eddie@node1o14.ecdf.ed.ac.uk,1,1876
57722554,0.00007,vim_array_,s2469797,r,08/19/2026,09:19:54,eddie@node1h07.ecdf.ed.ac.uk,1,1848
57722554,0.00007,vim_array_,s2469797,r,08/19/2026,09:19:54,eddie@node1h12.ecdf.ed.ac.uk,1,1849
57722554,0.00007,vim_array_,s2469797,r,08/19/2026,09:19:54,eddie@node1h24.ecdf.ed.ac.uk,1,1850
57722554,0.00007,vim_array_,s2469797,r,08/19/2026,09:19:54,eddie@node1o10.ecdf.ed.ac.uk,1,1851
57722554,0.00007,vim_array_,s2469797,r,08/19/2026,09:19:54,eddie@node1h23.ecdf.ed.ac.uk,1,1852
57722554,0.00007,vim_array_,s2469797,r,08/19/2026,09:19:54,eddie@node1h07.ecdf.ed.ac.uk,1,1853
57722554,0.00007,vim_array_,s2469797,r,08/19/2026,09:19:54,eddie@node1o12.ecdf.ed.ac.uk,1,1854
57722554,0.00007,vim_array_,s2469797,r,08/19/2026,09:19:54,eddie@node1j28.ecdf.ed.ac.uk,1,1855
57722554,0.00007,vim_array_,s2469797,r,08/19/2026,09:19:54,eddie@node1h15.ecdf.ed.ac.uk,1,1856
57722554,0.00007,vim_array_,s2469797,r,08/19/2026,09:19:54,eddie@node1h05.ecdf.ed.ac.uk,1,1857
57722554,0.00007,vim_array_,s2469797,r,08/19/2026,09:19:54,eddie@node1h12.ecdf.ed.ac.uk,1,1858
57722554,0.00007,vim_array_,s2469797,r,08/19/2026,09:19:09,eddie@node1h12.ecdf.ed.ac.uk,1,1826
57722554,0.00007,vim_array_,s2469797,r,08/19/2026,09:19:09,eddie@node1o10.ecdf.ed.ac.uk,1,1827
57722554,0.00007,vim_array_,s2469797,r,08/19/2026,09:19:09,eddie@node1h07.ecdf.ed.ac.uk,1,1828
57722554,0.00007,vim_array_,s2469797,r,08/19/2026,09:19:09,eddie@node1s13.ecdf.ed.ac.uk,1,1829
57722554,0.00007,vim_array_,s2469797,r,08/19/2026,09:19:09,eddie@node1r05.ecdf.ed.ac.uk,1,1830
57722554,0.00007,vim_array_,s2469797,r,08/19/2026,09:19:09,eddie@node1r08.ecdf.ed.ac.uk,1,1831
57722554,0.00007,vim_array_,s2469797,r,08/19/2026,09:19:09,eddie@node1o14.ecdf.ed.ac.uk,1,1832
57722554,0.00007,vim_array_,s2469797,r,08/19/2026,09:19:09,eddie@node1r20.ecdf.ed.ac.uk,1,1833
57722554,0.00007,vim_array_,s2469797,r,08/19/2026,09:19:09,eddie@node1s18.ecdf.ed.ac.uk,1,1834
57722554,0.00007,vim_array_,s2469797,r,08/19/2026,09:19:09,eddie@node1s17.ecdf.ed.ac.uk,1,1835
57722554,0.00007,vim_array_,s2469797,r,08/19/2026,09:19:09,eddie@node1h09.ecdf.ed.ac.uk,1,1836
57722554,0.00007,vim_array_,s2469797,r,08/19/2026,09:19:24,eddie@node1o14.ecdf.ed.ac.uk,1,1837
57722554,0.00007,vim_array_,s2469797,r,08/19/2026,09:19:24,eddie@node1h07.ecdf.ed.ac.uk,1,1838
57722554,0.00007,vim_array_,s2469797,r,08/19/2026,09:19:24,eddie@node1o10.ecdf.ed.ac.uk,1,1839
57722554,0.00007,vim_array_,s2469797,r,08/19/2026,09:19:24,eddie@node1j28.ecdf.ed.ac.uk,1,1840
57722554,0.00007,vim_array_,s2469797,r,08/19/2026,09:19:24,eddie@node1h12.ecdf.ed.ac.uk,1,1841
57722554,0.00007,vim_array_,s2469797,r,08/19/2026,09:19:24,eddie@node1s19.ecdf.ed.ac.uk,1,1842
57722554,0.00007,vim_array_,s2469797,r,08/19/2026,09:19:24,eddie@node1o14.ecdf.ed.ac.uk,1,1843
57722554,0.00007,vim_array_,s2469797,r,08/19/2026,09:19:24,eddie@node1r07.ecdf.ed.ac.uk,1,1844
57722554,0.00007,vim_array_,s2469797,r,08/19/2026,09:19:39,eddie@node1i13.ecdf.ed.ac.uk,1,1845
57722554,0.00007,vim_array_,s2469797,r,08/19/2026,09:19:39,eddie@node1h24.ecdf.ed.ac.uk,1,1846
57722554,0.00007,vim_array_,s2469797,r,08/19/2026,09:19:39,eddie@node1h24.ecdf.ed.ac.uk,1,1847
57722554,0.00007,vim_array_,s2469797,r,08/19/2026,09:20:39,eddie@node1h23.ecdf.ed.ac.uk,1,1870
57722554,0.00007,vim_array_,s2469797,r,08/19/2026,09:20:39,eddie@node1h23.ecdf.ed.ac.uk,1,1871
57722554,0.00007,vim_array_,s2469797,r,08/19/2026,09:20:39,eddie@node1j28.ecdf.ed.ac.uk,1,1872
57722554,0.00007,vim_array_,s2469797,r,08/19/2026,09:20:39,eddie@node1r07.ecdf.ed.ac.uk,1,1873
57722554,0.00007,vim_array_,s2469797,r,08/19/2026,09:21:09,eddie@node1o14.ecdf.ed.ac.uk,1,1874
57722554,0.00007,vim_array_,s2469797,r,08/19/2026,09:21:09,eddie@node1o14.ecdf.ed.ac.uk,1,1875
57722554,0.00007,vim_array_,s2469797,r,08/19/2026,09:18:39,eddie@node1h07.ecdf.ed.ac.uk,1,1800
57722554,0.00007,vim_array_,s2469797,r,08/19/2026,09:18:39,eddie@node1o10.ecdf.ed.ac.uk,1,1801
57722554,0.00007,vim_array_,s2469797,r,08/19/2026,09:18:39,eddie@node1h12.ecdf.ed.ac.uk,1,1802
57722554,0.00007,vim_array_,s2469797,r,08/19/2026,09:18:39,eddie@node1h07.ecdf.ed.ac.uk,1,1803
57722554,0.00007,vim_array_,s2469797,r,08/19/2026,09:18:39,eddie@node1j28.ecdf.ed.ac.uk,1,1804
57722554,0.00007,vim_array_,s2469797,r,08/19/2026,09:18:39,eddie@node1r05.ecdf.ed.ac.uk,1,1805
57722554,0.00007,vim_array_,s2469797,r,08/19/2026,09:18:39,eddie@node1o10.ecdf.ed.ac.uk,1,1806
57722554,0.00007,vim_array_,s2469797,r,08/19/2026,09:18:39,eddie@node1r08.ecdf.ed.ac.uk,1,1807
57722554,0.00007,vim_array_,s2469797,r,08/19/2026,09:18:39,eddie@node1r07.ecdf.ed.ac.uk,1,1808
57722554,0.00007,vim_array_,s2469797,r,08/19/2026,09:18:39,eddie@node1o08.ecdf.ed.ac.uk,1,1809
57722554,0.00007,vim_array_,s2469797,r,08/19/2026,09:18:39,eddie@node1o11.ecdf.ed.ac.uk,1,1810
57722554,0.00007,vim_array_,s2469797,r,08/19/2026,09:18:39,eddie@node1m14.ecdf.ed.ac.uk,1,1811
57722554,0.00007,vim_array_,s2469797,r,08/19/2026,09:18:39,eddie@node1h08.ecdf.ed.ac.uk,1,1812
57722554,0.00007,vim_array_,s2469797,r,08/19/2026,09:18:39,eddie@node1j27.ecdf.ed.ac.uk,1,1813
57722554,0.00007,vim_array_,s2469797,r,08/19/2026,09:18:39,eddie@node1h13.ecdf.ed.ac.uk,1,1814
57722554,0.00007,vim_array_,s2469797,r,08/19/2026,09:18:54,eddie@node1h12.ecdf.ed.ac.uk,1,1815
57722554,0.00007,vim_array_,s2469797,r,08/19/2026,09:18:54,eddie@node1h12.ecdf.ed.ac.uk,1,1816
57722554,0.00007,vim_array_,s2469797,r,08/19/2026,09:18:54,eddie@node1o14.ecdf.ed.ac.uk,1,1817
57722554,0.00007,vim_array_,s2469797,r,08/19/2026,09:18:54,eddie@node1h12.ecdf.ed.ac.uk,1,1818
57722554,0.00007,vim_array_,s2469797,r,08/19/2026,09:18:54,eddie@node1h07.ecdf.ed.ac.uk,1,1819
57722554,0.00007,vim_array_,s2469797,r,08/19/2026,09:18:54,eddie@node1h24.ecdf.ed.ac.uk,1,1820
57722554,0.00007,vim_array_,s2469797,r,08/19/2026,09:18:54,eddie@node1h23.ecdf.ed.ac.uk,1,1821
57722554,0.00007,vim_array_,s2469797,r,08/19/2026,09:18:54,eddie@node1h05.ecdf.ed.ac.uk,1,1822
57722554,0.00007,vim_array_,s2469797,r,08/19/2026,09:18:54,eddie@node1o12.ecdf.ed.ac.uk,1,1823
57722554,0.00007,vim_array_,s2469797,r,08/19/2026,09:18:54,eddie@node1j28.ecdf.ed.ac.uk,1,1824
57722554,0.00007,vim_array_,s2469797,r,08/19/2026,09:18:54,eddie@node1h15.ecdf.ed.ac.uk,1,1825
57722554,0.00007,vim_array_,s2469797,r,08/19/2026,09:18:09,eddie@node1i13.ecdf.ed.ac.uk,1,1779
57722554,0.00007,vim_array_,s2469797,r,08/19/2026,09:18:09,eddie@node1h12.ecdf.ed.ac.uk,1,1780
57722554,0.00007,vim_array_,s2469797,r,08/19/2026,09:18:09,eddie@node1h12.ecdf.ed.ac.uk,1,1781
57722554,0.00007,vim_array_,s2469797,r,08/19/2026,09:18:09,eddie@node1o10.ecdf.ed.ac.uk,1,1782
57722554,0.00007,vim_array_,s2469797,r,08/19/2026,09:18:09,eddie@node1h07.ecdf.ed.ac.uk,1,1783
57722554,0.00007,vim_array_,s2469797,r,08/19/2026,09:18:09,eddie@node1h24.ecdf.ed.ac.uk,1,1784
57722554,0.00007,vim_array_,s2469797,r,08/19/2026,09:18:09,eddie@node1r05.ecdf.ed.ac.uk,1,1785
57722554,0.00007,vim_array_,s2469797,r,08/19/2026,09:18:09,eddie@node1h12.ecdf.ed.ac.uk,1,1786
57722554,0.00007,vim_array_,s2469797,r,08/19/2026,09:18:09,eddie@node1s14.ecdf.ed.ac.uk,1,1787
57722554,0.00007,vim_array_,s2469797,r,08/19/2026,09:18:09,eddie@node1s13.ecdf.ed.ac.uk,1,1788
57722554,0.00007,vim_array_,s2469797,r,08/19/2026,09:18:09,eddie@node1o12.ecdf.ed.ac.uk,1,1789
57722554,0.00007,vim_array_,s2469797,r,08/19/2026,09:18:24,eddie@node1o08.ecdf.ed.ac.uk,1,1790
57722554,0.00007,vim_array_,s2469797,r,08/19/2026,09:18:24,eddie@node1h05.ecdf.ed.ac.uk,1,1791
57722554,0.00007,vim_array_,s2469797,r,08/19/2026,09:18:24,eddie@node1h15.ecdf.ed.ac.uk,1,1792
57722554,0.00007,vim_array_,s2469797,r,08/19/2026,09:18:24,eddie@node1h07.ecdf.ed.ac.uk,1,1793
57722554,0.00007,vim_array_,s2469797,r,08/19/2026,09:18:24,eddie@node1r07.ecdf.ed.ac.uk,1,1794
57722554,0.00007,vim_array_,s2469797,r,08/19/2026,09:18:24,eddie@node1r08.ecdf.ed.ac.uk,1,1795
57722554,0.00007,vim_array_,s2469797,r,08/19/2026,09:18:24,eddie@node1o10.ecdf.ed.ac.uk,1,1796
57722554,0.00007,vim_array_,s2469797,r,08/19/2026,09:18:24,eddie@node1m16.ecdf.ed.ac.uk,1,1797
57722554,0.00007,vim_array_,s2469797,r,08/19/2026,09:18:24,eddie@node1r20.ecdf.ed.ac.uk,1,1798
57722554,0.00007,vim_array_,s2469797,r,08/19/2026,09:18:24,eddie@node1h24.ecdf.ed.ac.uk,1,1799
57722554,0.00007,vim_array_,s2469797,r,08/19/2026,09:17:39,eddie@node1r07.ecdf.ed.ac.uk,1,1762
57722554,0.00007,vim_array_,s2469797,r,08/19/2026,09:17:39,eddie@node1s13.ecdf.ed.ac.uk,1,1763
57722554,0.00007,vim_array_,s2469797,r,08/19/2026,09:17:39,eddie@node1j27.ecdf.ed.ac.uk,1,1764
57722554,0.00007,vim_array_,s2469797,r,08/19/2026,09:17:39,eddie@node1h05.ecdf.ed.ac.uk,1,1765
57722554,0.00007,vim_array_,s2469797,r,08/19/2026,09:17:39,eddie@node1m14.ecdf.ed.ac.uk,1,1766
57722554,0.00007,vim_array_,s2469797,r,08/19/2026,09:17:39,eddie@node1h16.ecdf.ed.ac.uk,1,1767
57722554,0.00007,vim_array_,s2469797,r,08/19/2026,09:17:39,eddie@node1o10.ecdf.ed.ac.uk,1,1768
57722554,0.00007,vim_array_,s2469797,r,08/19/2026,09:17:39,eddie@node1r09.ecdf.ed.ac.uk,1,1769
57722554,0.00007,vim_array_,s2469797,r,08/19/2026,09:17:39,eddie@node1h13.ecdf.ed.ac.uk,1,1770
57722554,0.00007,vim_array_,s2469797,r,08/19/2026,09:17:39,eddie@node1r18.ecdf.ed.ac.uk,1,1771
57722554,0.00007,vim_array_,s2469797,r,08/19/2026,09:17:54,eddie@node1r05.ecdf.ed.ac.uk,1,1772
57722554,0.00007,vim_array_,s2469797,r,08/19/2026,09:17:54,eddie@node1r20.ecdf.ed.ac.uk,1,1773
57722554,0.00007,vim_array_,s2469797,r,08/19/2026,09:17:54,eddie@node1r08.ecdf.ed.ac.uk,1,1774
57722554,0.00007,vim_array_,s2469797,r,08/19/2026,09:17:54,eddie@node1j28.ecdf.ed.ac.uk,1,1775
57722554,0.00007,vim_array_,s2469797,r,08/19/2026,09:17:54,eddie@node1h21.ecdf.ed.ac.uk,1,1776
57722554,0.00007,vim_array_,s2469797,r,08/19/2026,09:17:54,eddie@node1h12.ecdf.ed.ac.uk,1,1777
57722554,0.00007,vim_array_,s2469797,r,08/19/2026,09:17:54,eddie@node1r07.ecdf.ed.ac.uk,1,1778
57722554,0.00007,vim_array_,s2469797,r,08/19/2026,09:21:54,eddie@node1h23.ecdf.ed.ac.uk,1,1877
57722554,0.00007,vim_array_,s2469797,r,08/19/2026,09:21:54,eddie@node1o14.ecdf.ed.ac.uk,1,1878
57722554,0.00007,vim_array_,s2469797,r,08/19/2026,09:22:09,eddie@node1h23.ecdf.ed.ac.uk,1,1879
57722554,0.00007,vim_array_,s2469797,r,08/19/2026,09:17:24,eddie@node1r05.ecdf.ed.ac.uk,1,1744
57722554,0.00007,vim_array_,s2469797,r,08/19/2026,09:17:24,eddie@node1r08.ecdf.ed.ac.uk,1,1745
57722554,0.00007,vim_array_,s2469797,r,08/19/2026,09:17:24,eddie@node1r20.ecdf.ed.ac.uk,1,1746
57722554,0.00007,vim_array_,s2469797,r,08/19/2026,09:17:24,eddie@node1s13.ecdf.ed.ac.uk,1,1747
57722554,0.00007,vim_array_,s2469797,r,08/19/2026,09:17:24,eddie@node1h21.ecdf.ed.ac.uk,1,1748
57722554,0.00007,vim_array_,s2469797,r,08/19/2026,09:17:24,eddie@node1h05.ecdf.ed.ac.uk,1,1749
57722554,0.00007,vim_array_,s2469797,r,08/19/2026,09:17:24,eddie@node1r07.ecdf.ed.ac.uk,1,1750
57722554,0.00007,vim_array_,s2469797,r,08/19/2026,09:17:24,eddie@node1h08.ecdf.ed.ac.uk,1,1751
57722554,0.00007,vim_array_,s2469797,r,08/19/2026,09:17:24,eddie@node1o11.ecdf.ed.ac.uk,1,1752
57722554,0.00007,vim_array_,s2469797,r,08/19/2026,09:17:24,eddie@node1h23.ecdf.ed.ac.uk,1,1753
57722554,0.00007,vim_array_,s2469797,r,08/19/2026,09:17:24,eddie@node1o12.ecdf.ed.ac.uk,1,1754
57722554,0.00007,vim_array_,s2469797,r,08/19/2026,09:17:24,eddie@node1s14.ecdf.ed.ac.uk,1,1755
57722554,0.00007,vim_array_,s2469797,r,08/19/2026,09:17:24,eddie@node1r05.ecdf.ed.ac.uk,1,1756
57722554,0.00007,vim_array_,s2469797,r,08/19/2026,09:17:24,eddie@node1r08.ecdf.ed.ac.uk,1,1757
57722554,0.00007,vim_array_,s2469797,r,08/19/2026,09:17:24,eddie@node1s17.ecdf.ed.ac.uk,1,1758
57722554,0.00007,vim_array_,s2469797,r,08/19/2026,09:17:24,eddie@node1h15.ecdf.ed.ac.uk,1,1759
57722554,0.00007,vim_array_,s2469797,r,08/19/2026,09:17:24,eddie@node1r19.ecdf.ed.ac.uk,1,1760
57722554,0.00007,vim_array_,s2469797,r,08/19/2026,09:17:24,eddie@node1r20.ecdf.ed.ac.uk,1,1761
57722554,0.00007,vim_array_,s2469797,r,08/19/2026,09:17:09,eddie@node1h13.ecdf.ed.ac.uk,1,1736
57722554,0.00007,vim_array_,s2469797,r,08/19/2026,09:17:09,eddie@node1o10.ecdf.ed.ac.uk,1,1737
57722554,0.00007,vim_array_,s2469797,r,08/19/2026,09:17:09,eddie@node1o08.ecdf.ed.ac.uk,1,1738
57722554,0.00007,vim_array_,s2469797,r,08/19/2026,09:17:09,eddie@node1r05.ecdf.ed.ac.uk,1,1739
57722554,0.00007,vim_array_,s2469797,r,08/19/2026,09:17:09,eddie@node1m16.ecdf.ed.ac.uk,1,1740
57722554,0.00007,vim_array_,s2469797,r,08/19/2026,09:17:09,eddie@node1h24.ecdf.ed.ac.uk,1,1741
57722554,0.00007,vim_array_,s2469797,r,08/19/2026,09:17:09,eddie@node1o09.ecdf.ed.ac.uk,1,1742
57722554,0.00007,vim_array_,s2469797,r,08/19/2026,09:17:09,eddie@node1h10.ecdf.ed.ac.uk,1,1743
57722554,0.00007,vim_array_,s2469797,r,08/19/2026,09:23:24,eddie@node1n04.ecdf.ed.ac.uk,1,1881
57722554,0.00007,vim_array_,s2469797,r,08/19/2026,09:23:24,eddie@node1n04.ecdf.ed.ac.uk,1,1882
57722554,0.00007,vim_array_,s2469797,r,08/19/2026,09:23:24,eddie@node1h23.ecdf.ed.ac.uk,1,1883
57722554,0.00007,vim_array_,s2469797,r,08/19/2026,09:14:54,eddie@node1h23.ecdf.ed.ac.uk,1,1608
57722554,0.00007,vim_array_,s2469797,r,08/19/2026,09:14:54,eddie@node1h23.ecdf.ed.ac.uk,1,1609
57722554,0.00007,vim_array_,s2469797,r,08/19/2026,09:14:54,eddie@node1h23.ecdf.ed.ac.uk,1,1610
57722554,0.00007,vim_array_,s2469797,r,08/19/2026,09:14:54,eddie@node1h24.ecdf.ed.ac.uk,1,1611
57722554,0.00007,vim_array_,s2469797,r,08/19/2026,09:14:54,eddie@node1h05.ecdf.ed.ac.uk,1,1612
57722554,0.00007,vim_array_,s2469797,r,08/19/2026,09:14:54,eddie@node1r20.ecdf.ed.ac.uk,1,1613
57722554,0.00007,vim_array_,s2469797,r,08/19/2026,09:14:54,eddie@node1s14.ecdf.ed.ac.uk,1,1614
57722554,0.00007,vim_array_,s2469797,r,08/19/2026,09:14:54,eddie@node1h15.ecdf.ed.ac.uk,1,1615
57722554,0.00007,vim_array_,s2469797,r,08/19/2026,09:14:54,eddie@node1s13.ecdf.ed.ac.uk,1,1616
57722554,0.00007,vim_array_,s2469797,r,08/19/2026,09:14:55,eddie@node1r08.ecdf.ed.ac.uk,1,1617
57722554,0.00007,vim_array_,s2469797,r,08/19/2026,09:14:55,eddie@node1m15.ecdf.ed.ac.uk,1,1618
57722554,0.00007,vim_array_,s2469797,r,08/19/2026,09:14:55,eddie@node1s18.ecdf.ed.ac.uk,1,1619
57722554,0.00007,vim_array_,s2469797,r,08/19/2026,09:14:55,eddie@node1h24.ecdf.ed.ac.uk,1,1620
57722554,0.00007,vim_array_,s2469797,r,08/19/2026,09:14:55,eddie@node1h10.ecdf.ed.ac.uk,1,1621
57722554,0.00007,vim_array_,s2469797,r,08/19/2026,09:14:55,eddie@node1o14.ecdf.ed.ac.uk,1,1622
57722554,0.00007,vim_array_,s2469797,r,08/19/2026,09:14:55,eddie@node1o09.ecdf.ed.ac.uk,1,1623
57722554,0.00007,vim_array_,s2469797,r,08/19/2026,09:14:55,eddie@node1h04.ecdf.ed.ac.uk,1,1624
57722554,0.00007,vim_array_,s2469797,r,08/19/2026,09:14:55,eddie@node1m14.ecdf.ed.ac.uk,1,1625
57722554,0.00007,vim_array_,s2469797,r,08/19/2026,09:14:55,eddie@node1m16.ecdf.ed.ac.uk,1,1626
57722554,0.00007,vim_array_,s2469797,r,08/19/2026,09:14:55,eddie@node1r07.ecdf.ed.ac.uk,1,1627
57722554,0.00007,vim_array_,s2469797,r,08/19/2026,09:14:55,eddie@node1h08.ecdf.ed.ac.uk,1,1628
57722554,0.00007,vim_array_,s2469797,r,08/19/2026,09:14:55,eddie@node1o12.ecdf.ed.ac.uk,1,1629
57722554,0.00007,vim_array_,s2469797,r,08/19/2026,09:14:55,eddie@node1o08.ecdf.ed.ac.uk,1,1630
57722554,0.00007,vim_array_,s2469797,r,08/19/2026,09:15:09,eddie@node1h23.ecdf.ed.ac.uk,1,1631
57722554,0.00007,vim_array_,s2469797,r,08/19/2026,09:15:09,eddie@node1h23.ecdf.ed.ac.uk,1,1632
57722554,0.00007,vim_array_,s2469797,r,08/19/2026,09:15:09,eddie@node1h23.ecdf.ed.ac.uk,1,1633
57722554,0.00007,vim_array_,s2469797,r,08/19/2026,09:15:09,eddie@node1o10.ecdf.ed.ac.uk,1,1634
57722554,0.00007,vim_array_,s2469797,r,08/19/2026,09:15:09,eddie@node1r20.ecdf.ed.ac.uk,1,1635
57722554,0.00007,vim_array_,s2469797,r,08/19/2026,09:15:09,eddie@node1h05.ecdf.ed.ac.uk,1,1636
57722554,0.00007,vim_array_,s2469797,r,08/19/2026,09:15:09,eddie@node1j28.ecdf.ed.ac.uk,1,1637
57722554,0.00007,vim_array_,s2469797,r,08/19/2026,09:15:09,eddie@node1r09.ecdf.ed.ac.uk,1,1638
57722554,0.00007,vim_array_,s2469797,r,08/19/2026,09:15:09,eddie@node1r06.ecdf.ed.ac.uk,1,1639
57722554,0.00007,vim_array_,s2469797,r,08/19/2026,09:15:09,eddie@node1r05.ecdf.ed.ac.uk,1,1640
57722554,0.00007,vim_array_,s2469797,r,08/19/2026,09:15:09,eddie@node1h15.ecdf.ed.ac.uk,1,1641
57722554,0.00007,vim_array_,s2469797,r,08/19/2026,09:15:09,eddie@node1s13.ecdf.ed.ac.uk,1,1642
57722554,0.00007,vim_array_,s2469797,r,08/19/2026,09:15:09,eddie@node1s18.ecdf.ed.ac.uk,1,1643
57722554,0.00007,vim_array_,s2469797,r,08/19/2026,09:15:09,eddie@node1s20.ecdf.ed.ac.uk,1,1644
57722554,0.00007,vim_array_,s2469797,r,08/19/2026,09:15:09,eddie@node1r12.ecdf.ed.ac.uk,1,1645
57722554,0.00007,vim_array_,s2469797,r,08/19/2026,09:15:09,eddie@node1h10.ecdf.ed.ac.uk,1,1646
57722554,0.00007,vim_array_,s2469797,r,08/19/2026,09:15:09,eddie@node1h09.ecdf.ed.ac.uk,1,1647
57722554,0.00007,vim_array_,s2469797,r,08/19/2026,09:15:09,eddie@node1r18.ecdf.ed.ac.uk,1,1648
57722554,0.00007,vim_array_,s2469797,r,08/19/2026,09:15:09,eddie@node1j25.ecdf.ed.ac.uk,1,1649
57722554,0.00007,vim_array_,s2469797,r,08/19/2026,09:15:09,eddie@node1h08.ecdf.ed.ac.uk,1,1650
57722554,0.00007,vim_array_,s2469797,r,08/19/2026,09:14:39,eddie@node1f16.ecdf.ed.ac.uk,1,1594
57722554,0.00007,vim_array_,s2469797,r,08/19/2026,09:14:39,eddie@node1f16.ecdf.ed.ac.uk,1,1595
57722554,0.00007,vim_array_,s2469797,r,08/19/2026,09:14:39,eddie@node1r08.ecdf.ed.ac.uk,1,1596
57722554,0.00007,vim_array_,s2469797,r,08/19/2026,09:14:39,eddie@node1m14.ecdf.ed.ac.uk,1,1597
57722554,0.00007,vim_array_,s2469797,r,08/19/2026,09:14:39,eddie@node1m16.ecdf.ed.ac.uk,1,1598
57722554,0.00007,vim_array_,s2469797,r,08/19/2026,09:14:39,eddie@node1h10.ecdf.ed.ac.uk,1,1599
57722554,0.00007,vim_array_,s2469797,r,08/19/2026,09:14:39,eddie@node1s19.ecdf.ed.ac.uk,1,1600
57722554,0.00007,vim_array_,s2469797,r,08/19/2026,09:14:39,eddie@node1o10.ecdf.ed.ac.uk,1,1601
57722554,0.00007,vim_array_,s2469797,r,08/19/2026,09:14:39,eddie@node1r07.ecdf.ed.ac.uk,1,1602
57722554,0.00007,vim_array_,s2469797,r,08/19/2026,09:14:39,eddie@node1r20.ecdf.ed.ac.uk,1,1603
57722554,0.00007,vim_array_,s2469797,r,08/19/2026,09:14:39,eddie@node1j28.ecdf.ed.ac.uk,1,1604
57722554,0.00007,vim_array_,s2469797,r,08/19/2026,09:14:39,eddie@node1r05.ecdf.ed.ac.uk,1,1605
57722554,0.00007,vim_array_,s2469797,r,08/19/2026,09:14:39,eddie@node1r18.ecdf.ed.ac.uk,1,1606
57722554,0.00007,vim_array_,s2469797,r,08/19/2026,09:14:39,eddie@node1h09.ecdf.ed.ac.uk,1,1607
57722554,0.00007,vim_array_,s2469797,r,08/19/2026,09:15:24,eddie@node1f16.ecdf.ed.ac.uk,1,1651
57722554,0.00007,vim_array_,s2469797,r,08/19/2026,09:15:24,eddie@node1m16.ecdf.ed.ac.uk,1,1652
57722554,0.00007,vim_array_,s2469797,r,08/19/2026,09:15:24,eddie@node1m14.ecdf.ed.ac.uk,1,1653
57722554,0.00007,vim_array_,s2469797,r,08/19/2026,09:15:24,eddie@node1r20.ecdf.ed.ac.uk,1,1654
57722554,0.00007,vim_array_,s2469797,r,08/19/2026,09:15:24,eddie@node1h15.ecdf.ed.ac.uk,1,1655
57722554,0.00007,vim_array_,s2469797,r,08/19/2026,09:15:24,eddie@node1r08.ecdf.ed.ac.uk,1,1656
57722554,0.00007,vim_array_,s2469797,r,08/19/2026,09:15:24,eddie@node1r05.ecdf.ed.ac.uk,1,1657
57722554,0.00007,vim_array_,s2469797,r,08/19/2026,09:15:24,eddie@node1h05.ecdf.ed.ac.uk,1,1658
57722554,0.00007,vim_array_,s2469797,r,08/19/2026,09:15:39,eddie@node1r07.ecdf.ed.ac.uk,1,1659
57722554,0.00007,vim_array_,s2469797,r,08/19/2026,09:15:39,eddie@node1s14.ecdf.ed.ac.uk,1,1660
57722554,0.00007,vim_array_,s2469797,r,08/19/2026,09:15:39,eddie@node1m16.ecdf.ed.ac.uk,1,1661
57722554,0.00007,vim_array_,s2469797,r,08/19/2026,09:15:39,eddie@node1h23.ecdf.ed.ac.uk,1,1662
57722554,0.00007,vim_array_,s2469797,r,08/19/2026,09:15:39,eddie@node1j28.ecdf.ed.ac.uk,1,1663
57722554,0.00007,vim_array_,s2469797,r,08/19/2026,09:15:39,eddie@node1o08.ecdf.ed.ac.uk,1,1664
57722554,0.00007,vim_array_,s2469797,r,08/19/2026,09:15:39,eddie@node1s13.ecdf.ed.ac.uk,1,1665
57722554,0.00007,vim_array_,s2469797,r,08/19/2026,09:15:39,eddie@node1h16.ecdf.ed.ac.uk,1,1666
57722554,0.00007,vim_array_,s2469797,r,08/19/2026,09:15:39,eddie@node1o09.ecdf.ed.ac.uk,1,1667
57722554,0.00007,vim_array_,s2469797,r,08/19/2026,09:15:39,eddie@node1h10.ecdf.ed.ac.uk,1,1668
57722554,0.00007,vim_array_,s2469797,r,08/19/2026,09:15:39,eddie@node1r07.ecdf.ed.ac.uk,1,1669
57722554,0.00007,vim_array_,s2469797,r,08/19/2026,09:12:39,eddie@node1f06.ecdf.ed.ac.uk,1,1458
57722554,0.00007,vim_array_,s2469797,r,08/19/2026,09:12:39,eddie@node1l28.ecdf.ed.ac.uk,1,1459
57722554,0.00007,vim_array_,s2469797,r,08/19/2026,09:12:39,eddie@node1l25.ecdf.ed.ac.uk,1,1460
57722554,0.00007,vim_array_,s2469797,r,08/19/2026,09:12:39,eddie@node1o05.ecdf.ed.ac.uk,1,1461
57722554,0.00007,vim_array_,s2469797,r,08/19/2026,09:12:39,eddie@node1l28.ecdf.ed.ac.uk,1,1462
57722554,0.00007,vim_array_,s2469797,r,08/19/2026,09:12:39,eddie@node1l25.ecdf.ed.ac.uk,1,1463
57722554,0.00007,vim_array_,s2469797,r,08/19/2026,09:12:39,eddie@node1o03.ecdf.ed.ac.uk,1,1464
57722554,0.00007,vim_array_,s2469797,r,08/19/2026,09:12:39,eddie@node1l28.ecdf.ed.ac.uk,1,1465
57722554,0.00007,vim_array_,s2469797,r,08/19/2026,09:12:39,eddie@node1o14.ecdf.ed.ac.uk,1,1466
57722554,0.00007,vim_array_,s2469797,r,08/19/2026,09:12:39,eddie@node1j28.ecdf.ed.ac.uk,1,1467
57722554,0.00007,vim_array_,s2469797,r,08/19/2026,09:12:39,eddie@node1o14.ecdf.ed.ac.uk,1,1468
57722554,0.00007,vim_array_,s2469797,r,08/19/2026,09:12:39,eddie@node1o10.ecdf.ed.ac.uk,1,1469
57722554,0.00007,vim_array_,s2469797,r,08/19/2026,09:12:39,eddie@node1j28.ecdf.ed.ac.uk,1,1470
57722554,0.00007,vim_array_,s2469797,r,08/19/2026,09:12:39,eddie@node1o10.ecdf.ed.ac.uk,1,1471
57722554,0.00007,vim_array_,s2469797,r,08/19/2026,09:12:39,eddie@node1j28.ecdf.ed.ac.uk,1,1472
57722554,0.00007,vim_array_,s2469797,r,08/19/2026,09:12:39,eddie@node1m15.ecdf.ed.ac.uk,1,1473
57722554,0.00007,vim_array_,s2469797,r,08/19/2026,09:12:39,eddie@node1s18.ecdf.ed.ac.uk,1,1474
57722554,0.00007,vim_array_,s2469797,r,08/19/2026,09:12:40,eddie@node1m15.ecdf.ed.ac.uk,1,1475
57722554,0.00007,vim_array_,s2469797,r,08/19/2026,09:12:40,eddie@node1h15.ecdf.ed.ac.uk,1,1476
57722554,0.00007,vim_array_,s2469797,r,08/19/2026,09:12:40,eddie@node1r07.ecdf.ed.ac.uk,1,1477
57722554,0.00007,vim_array_,s2469797,r,08/19/2026,09:12:40,eddie@node1o08.ecdf.ed.ac.uk,1,1478
57722554,0.00007,vim_array_,s2469797,r,08/19/2026,09:13:24,eddie@node1o14.ecdf.ed.ac.uk,1,1512
57722554,0.00007,vim_array_,s2469797,r,08/19/2026,09:13:24,eddie@node1o14.ecdf.ed.ac.uk,1,1513
57722554,0.00007,vim_array_,s2469797,r,08/19/2026,09:13:24,eddie@node1h07.ecdf.ed.ac.uk,1,1514
57722554,0.00007,vim_array_,s2469797,r,08/19/2026,09:13:24,eddie@node1s18.ecdf.ed.ac.uk,1,1515
57722554,0.00007,vim_array_,s2469797,r,08/19/2026,09:13:24,eddie@node1o08.ecdf.ed.ac.uk,1,1516
57722554,0.00007,vim_array_,s2469797,r,08/19/2026,09:13:24,eddie@node1h15.ecdf.ed.ac.uk,1,1517
57722554,0.00007,vim_array_,s2469797,r,08/19/2026,09:13:24,eddie@node1j28.ecdf.ed.ac.uk,1,1518
57722554,0.00007,vim_array_,s2469797,r,08/19/2026,09:13:24,eddie@node1h12.ecdf.ed.ac.uk,1,1519
57722554,0.00007,vim_array_,s2469797,r,08/19/2026,09:13:24,eddie@node1h09.ecdf.ed.ac.uk,1,1520
57722554,0.00007,vim_array_,s2469797,r,08/19/2026,09:13:24,eddie@node1h08.ecdf.ed.ac.uk,1,1521
57722554,0.00007,vim_array_,s2469797,r,08/19/2026,09:13:24,eddie@node1s13.ecdf.ed.ac.uk,1,1522
57722554,0.00007,vim_array_,s2469797,r,08/19/2026,09:13:24,eddie@node1h24.ecdf.ed.ac.uk,1,1523
57722554,0.00007,vim_array_,s2469797,r,08/19/2026,09:13:24,eddie@node1h04.ecdf.ed.ac.uk,1,1524
57722554,0.00007,vim_array_,s2469797,r,08/19/2026,09:13:25,eddie@node1o09.ecdf.ed.ac.uk,1,1525
57722554,0.00007,vim_array_,s2469797,r,08/19/2026,09:13:25,eddie@node1m16.ecdf.ed.ac.uk,1,1526
57722554,0.00007,vim_array_,s2469797,r,08/19/2026,09:13:25,eddie@node1o12.ecdf.ed.ac.uk,1,1527
57722554,0.00007,vim_array_,s2469797,r,08/19/2026,09:13:25,eddie@node1r20.ecdf.ed.ac.uk,1,1528
57722554,0.00007,vim_array_,s2469797,r,08/19/2026,09:13:25,eddie@node1m15.ecdf.ed.ac.uk,1,1529
57722554,0.00007,vim_array_,s2469797,r,08/19/2026,09:13:09,eddie@node1i13.ecdf.ed.ac.uk,1,1495
57722554,0.00007,vim_array_,s2469797,r,08/19/2026,09:13:09,eddie@node1h23.ecdf.ed.ac.uk,1,1496
57722554,0.00007,vim_array_,s2469797,r,08/19/2026,09:13:09,eddie@node1m15.ecdf.ed.ac.uk,1,1497
57722554,0.00007,vim_array_,s2469797,r,08/19/2026,09:13:09,eddie@node1o10.ecdf.ed.ac.uk,1,1498
57722554,0.00007,vim_array_,s2469797,r,08/19/2026,09:13:09,eddie@node1j28.ecdf.ed.ac.uk,1,1499
57722554,0.00007,vim_array_,s2469797,r,08/19/2026,09:13:09,eddie@node1o08.ecdf.ed.ac.uk,1,1500
57722554,0.00007,vim_array_,s2469797,r,08/19/2026,09:13:09,eddie@node1m15.ecdf.ed.ac.uk,1,1501
57722554,0.00007,vim_array_,s2469797,r,08/19/2026,09:13:09,eddie@node1o10.ecdf.ed.ac.uk,1,1502
57722554,0.00007,vim_array_,s2469797,r,08/19/2026,09:13:09,eddie@node1h15.ecdf.ed.ac.uk,1,1503
57722554,0.00007,vim_array_,s2469797,r,08/19/2026,09:13:09,eddie@node1h07.ecdf.ed.ac.uk,1,1504
57722554,0.00007,vim_array_,s2469797,r,08/19/2026,09:13:09,eddie@node1s20.ecdf.ed.ac.uk,1,1505
57722554,0.00007,vim_array_,s2469797,r,08/19/2026,09:13:09,eddie@node1s19.ecdf.ed.ac.uk,1,1506
57722554,0.00007,vim_array_,s2469797,r,08/19/2026,09:13:09,eddie@node1s18.ecdf.ed.ac.uk,1,1507
57722554,0.00007,vim_array_,s2469797,r,08/19/2026,09:13:09,eddie@node1s14.ecdf.ed.ac.uk,1,1508
57722554,0.00007,vim_array_,s2469797,r,08/19/2026,09:13:09,eddie@node1h05.ecdf.ed.ac.uk,1,1509
57722554,0.00007,vim_array_,s2469797,r,08/19/2026,09:13:09,eddie@node1r09.ecdf.ed.ac.uk,1,1510
57722554,0.00007,vim_array_,s2469797,r,08/19/2026,09:13:09,eddie@node1r20.ecdf.ed.ac.uk,1,1511
57722554,0.00007,vim_array_,s2469797,r,08/19/2026,09:12:54,eddie@node1f15.ecdf.ed.ac.uk,1,1479
57722554,0.00007,vim_array_,s2469797,r,08/19/2026,09:12:54,eddie@node1o10.ecdf.ed.ac.uk,1,1480
57722554,0.00007,vim_array_,s2469797,r,08/19/2026,09:12:54,eddie@node1j28.ecdf.ed.ac.uk,1,1481
57722554,0.00007,vim_array_,s2469797,r,08/19/2026,09:12:54,eddie@node1s14.ecdf.ed.ac.uk,1,1482
57722554,0.00007,vim_array_,s2469797,r,08/19/2026,09:12:54,eddie@node1h07.ecdf.ed.ac.uk,1,1483
57722554,0.00007,vim_array_,s2469797,r,08/19/2026,09:12:54,eddie@node1h05.ecdf.ed.ac.uk,1,1484
57722554,0.00007,vim_array_,s2469797,r,08/19/2026,09:12:54,eddie@node1s18.ecdf.ed.ac.uk,1,1485
57722554,0.00007,vim_array_,s2469797,r,08/19/2026,09:12:54,eddie@node1s19.ecdf.ed.ac.uk,1,1486
57722554,0.00007,vim_array_,s2469797,r,08/19/2026,09:12:54,eddie@node1r20.ecdf.ed.ac.uk,1,1487
57722554,0.00007,vim_array_,s2469797,r,08/19/2026,09:12:54,eddie@node1h12.ecdf.ed.ac.uk,1,1488
57722554,0.00007,vim_array_,s2469797,r,08/19/2026,09:12:54,eddie@node1h09.ecdf.ed.ac.uk,1,1489
57722554,0.00007,vim_array_,s2469797,r,08/19/2026,09:12:54,eddie@node1o09.ecdf.ed.ac.uk,1,1490
57722554,0.00007,vim_array_,s2469797,r,08/19/2026,09:12:54,eddie@node1r12.ecdf.ed.ac.uk,1,1491
57722554,0.00007,vim_array_,s2469797,r,08/19/2026,09:12:55,eddie@node1s13.ecdf.ed.ac.uk,1,1492
57722554,0.00007,vim_array_,s2469797,r,08/19/2026,09:12:55,eddie@node1m15.ecdf.ed.ac.uk,1,1493
57722554,0.00007,vim_array_,s2469797,r,08/19/2026,09:12:55,eddie@node1h08.ecdf.ed.ac.uk,1,1494
57722554,0.00007,vim_array_,s2469797,r,08/19/2026,09:13:39,eddie@node1i13.ecdf.ed.ac.uk,1,1530
57722554,0.00007,vim_array_,s2469797,r,08/19/2026,09:13:39,eddie@node1h23.ecdf.ed.ac.uk,1,1531
57722554,0.00007,vim_array_,s2469797,r,08/19/2026,09:13:39,eddie@node1o14.ecdf.ed.ac.uk,1,1532
57722554,0.00007,vim_array_,s2469797,r,08/19/2026,09:13:39,eddie@node1m15.ecdf.ed.ac.uk,1,1533
57722554,0.00007,vim_array_,s2469797,r,08/19/2026,09:13:39,eddie@node1h07.ecdf.ed.ac.uk,1,1534
57722554,0.00007,vim_array_,s2469797,r,08/19/2026,09:13:39,eddie@node1h05.ecdf.ed.ac.uk,1,1535
57722554,0.00007,vim_array_,s2469797,r,08/19/2026,09:13:39,eddie@node1s14.ecdf.ed.ac.uk,1,1536
57722554,0.00007,vim_array_,s2469797,r,08/19/2026,09:13:39,eddie@node1s19.ecdf.ed.ac.uk,1,1537
57722554,0.00007,vim_array_,s2469797,r,08/19/2026,09:13:39,eddie@node1r18.ecdf.ed.ac.uk,1,1538
57722554,0.00007,vim_array_,s2469797,r,08/19/2026,09:13:39,eddie@node1h10.ecdf.ed.ac.uk,1,1539
57722554,0.00007,vim_array_,s2469797,r,08/19/2026,09:13:40,eddie@node1s18.ecdf.ed.ac.uk,1,1540
57722554,0.00007,vim_array_,s2469797,r,08/19/2026,09:13:40,eddie@node1r12.ecdf.ed.ac.uk,1,1541
57722554,0.00007,vim_array_,s2469797,r,08/19/2026,09:13:40,eddie@node1o08.ecdf.ed.ac.uk,1,1542
57722554,0.00007,vim_array_,s2469797,r,08/19/2026,09:13:40,eddie@node1o10.ecdf.ed.ac.uk,1,1543
57722554,0.00007,vim_array_,s2469797,r,08/19/2026,09:13:40,eddie@node1r07.ecdf.ed.ac.uk,1,1544
57722554,0.00007,vim_array_,s2469797,r,08/19/2026,09:13:40,eddie@node1r09.ecdf.ed.ac.uk,1,1545
57722554,0.00007,vim_array_,s2469797,r,08/19/2026,09:12:09,eddie@node1f15.ecdf.ed.ac.uk,1,1427
57722554,0.00007,vim_array_,s2469797,r,08/19/2026,09:12:09,eddie@node1r07.ecdf.ed.ac.uk,1,1428
57722554,0.00007,vim_array_,s2469797,r,08/19/2026,09:12:09,eddie@node1r07.ecdf.ed.ac.uk,1,1429
57722554,0.00007,vim_array_,s2469797,r,08/19/2026,09:12:09,eddie@node1r07.ecdf.ed.ac.uk,1,1430
57722554,0.00007,vim_array_,s2469797,r,08/19/2026,09:12:09,eddie@node1o08.ecdf.ed.ac.uk,1,1431
57722554,0.00007,vim_array_,s2469797,r,08/19/2026,09:12:09,eddie@node1s18.ecdf.ed.ac.uk,1,1432
57722554,0.00007,vim_array_,s2469797,r,08/19/2026,09:12:09,eddie@node1o09.ecdf.ed.ac.uk,1,1433
57722554,0.00007,vim_array_,s2469797,r,08/19/2026,09:12:09,eddie@node1h07.ecdf.ed.ac.uk,1,1434
57722554,0.00007,vim_array_,s2469797,r,08/19/2026,09:12:09,eddie@node1h09.ecdf.ed.ac.uk,1,1435
57722554,0.00007,vim_array_,s2469797,r,08/19/2026,09:12:09,eddie@node1h24.ecdf.ed.ac.uk,1,1436
57722554,0.00007,vim_array_,s2469797,r,08/19/2026,09:12:09,eddie@node1o08.ecdf.ed.ac.uk,1,1437
57722554,0.00007,vim_array_,s2469797,r,08/19/2026,09:12:09,eddie@node1s19.ecdf.ed.ac.uk,1,1438
57722554,0.00007,vim_array_,s2469797,r,08/19/2026,09:12:09,eddie@node1r18.ecdf.ed.ac.uk,1,1439
57722554,0.00007,vim_array_,s2469797,r,08/19/2026,09:12:09,eddie@node1r09.ecdf.ed.ac.uk,1,1440
57722554,0.00007,vim_array_,s2469797,r,08/19/2026,09:12:09,eddie@node1m15.ecdf.ed.ac.uk,1,1441
57722554,0.00007,vim_array_,s2469797,r,08/19/2026,09:12:09,eddie@node1h13.ecdf.ed.ac.uk,1,1442
57722554,0.00007,vim_array_,s2469797,r,08/19/2026,09:12:09,eddie@node1j27.ecdf.ed.ac.uk,1,1443
57722554,0.00007,vim_array_,s2469797,r,08/19/2026,09:12:09,eddie@node1s17.ecdf.ed.ac.uk,1,1444
57722554,0.00007,vim_array_,s2469797,r,08/19/2026,09:12:09,eddie@node1h16.ecdf.ed.ac.uk,1,1445
57722554,0.00007,vim_array_,s2469797,r,08/19/2026,09:14:09,eddie@node1h10.ecdf.ed.ac.uk,1,1561
57722554,0.00007,vim_array_,s2469797,r,08/19/2026,09:14:09,eddie@node1s18.ecdf.ed.ac.uk,1,1562
57722554,0.00007,vim_array_,s2469797,r,08/19/2026,09:14:09,eddie@node1o09.ecdf.ed.ac.uk,1,1563
57722554,0.00007,vim_array_,s2469797,r,08/19/2026,09:14:09,eddie@node1h15.ecdf.ed.ac.uk,1,1564
57722554,0.00007,vim_array_,s2469797,r,08/19/2026,09:14:09,eddie@node1o08.ecdf.ed.ac.uk,1,1565
57722554,0.00007,vim_array_,s2469797,r,08/19/2026,09:14:09,eddie@node1s13.ecdf.ed.ac.uk,1,1566
57722554,0.00007,vim_array_,s2469797,r,08/19/2026,09:14:09,eddie@node1r07.ecdf.ed.ac.uk,1,1567
57722554,0.00007,vim_array_,s2469797,r,08/19/2026,09:14:09,eddie@node1s14.ecdf.ed.ac.uk,1,1568
57722554,0.00007,vim_array_,s2469797,r,08/19/2026,09:14:09,eddie@node1r09.ecdf.ed.ac.uk,1,1569
57722554,0.00007,vim_array_,s2469797,r,08/19/2026,09:14:10,eddie@node1h08.ecdf.ed.ac.uk,1,1570
57722554,0.00007,vim_array_,s2469797,r,08/19/2026,09:14:10,eddie@node1r08.ecdf.ed.ac.uk,1,1571
57722554,0.00007,vim_array_,s2469797,r,08/19/2026,09:14:10,eddie@node1r05.ecdf.ed.ac.uk,1,1572
57722554,0.00007,vim_array_,s2469797,r,08/19/2026,09:14:10,eddie@node1h04.ecdf.ed.ac.uk,1,1573
57722554,0.00007,vim_array_,s2469797,r,08/19/2026,09:14:10,eddie@node1m15.ecdf.ed.ac.uk,1,1574
57722554,0.00007,vim_array_,s2469797,r,08/19/2026,09:14:10,eddie@node1h10.ecdf.ed.ac.uk,1,1575
57722554,0.00007,vim_array_,s2469797,r,08/19/2026,09:14:10,eddie@node1s17.ecdf.ed.ac.uk,1,1576
57722554,0.00007,vim_array_,s2469797,r,08/19/2026,09:14:10,eddie@node1m16.ecdf.ed.ac.uk,1,1577
57722554,0.00007,vim_array_,s2469797,r,08/19/2026,09:14:10,eddie@node1h05.ecdf.ed.ac.uk,1,1578
57722554,0.00007,vim_array_,s2469797,r,08/19/2026,09:14:10,eddie@node1r20.ecdf.ed.ac.uk,1,1579
57722554,0.00007,vim_array_,s2469797,r,08/19/2026,09:15:54,eddie@node1r08.ecdf.ed.ac.uk,1,1670
57722554,0.00007,vim_array_,s2469797,r,08/19/2026,09:15:54,eddie@node1r05.ecdf.ed.ac.uk,1,1671
57722554,0.00007,vim_array_,s2469797,r,08/19/2026,09:15:54,eddie@node1m16.ecdf.ed.ac.uk,1,1672
57722554,0.00007,vim_array_,s2469797,r,08/19/2026,09:15:54,eddie@node1r20.ecdf.ed.ac.uk,1,1673
57722554,0.00007,vim_array_,s2469797,r,08/19/2026,09:15:54,eddie@node1o12.ecdf.ed.ac.uk,1,1674
57722554,0.00007,vim_array_,s2469797,r,08/19/2026,09:15:54,eddie@node1o10.ecdf.ed.ac.uk,1,1675
57722554,0.00007,vim_array_,s2469797,r,08/19/2026,09:15:54,eddie@node1m14.ecdf.ed.ac.uk,1,1676
57722554,0.00007,vim_array_,s2469797,r,08/19/2026,09:15:54,eddie@node1h15.ecdf.ed.ac.uk,1,1677
57722554,0.00007,vim_array_,s2469797,r,08/19/2026,09:15:54,eddie@node1h24.ecdf.ed.ac.uk,1,1678
57722554,0.00007,vim_array_,s2469797,r,08/19/2026,09:15:54,eddie@node1o11.ecdf.ed.ac.uk,1,1679
57722554,0.00007,vim_array_,s2469797,r,08/19/2026,09:15:54,eddie@node1h08.ecdf.ed.ac.uk,1,1680
57722554,0.00007,vim_array_,s2469797,r,08/19/2026,09:15:55,eddie@node1r08.ecdf.ed.ac.uk,1,1681
57722554,0.00007,vim_array_,s2469797,r,08/19/2026,09:15:55,eddie@node1s17.ecdf.ed.ac.uk,1,1682
57722554,0.00007,vim_array_,s2469797,r,08/19/2026,09:15:55,eddie@node1h05.ecdf.ed.ac.uk,1,1683
57722554,0.00007,vim_array_,s2469797,r,08/19/2026,09:15:55,eddie@node1r06.ecdf.ed.ac.uk,1,1684
57722554,0.00007,vim_array_,s2469797,r,08/19/2026,09:15:55,eddie@node1r05.ecdf.ed.ac.uk,1,1685
57722554,0.00007,vim_array_,s2469797,r,08/19/2026,09:16:24,eddie@node1m16.ecdf.ed.ac.uk,1,1697
57722554,0.00007,vim_array_,s2469797,r,08/19/2026,09:16:24,eddie@node1o09.ecdf.ed.ac.uk,1,1698
57722554,0.00007,vim_array_,s2469797,r,08/19/2026,09:16:24,eddie@node1h24.ecdf.ed.ac.uk,1,1699
57722554,0.00007,vim_array_,s2469797,r,08/19/2026,09:16:24,eddie@node1r20.ecdf.ed.ac.uk,1,1700
57722554,0.00007,vim_array_,s2469797,r,08/19/2026,09:16:24,eddie@node1s13.ecdf.ed.ac.uk,1,1701
57722554,0.00007,vim_array_,s2469797,r,08/19/2026,09:16:24,eddie@node1s14.ecdf.ed.ac.uk,1,1702
57722554,0.00007,vim_array_,s2469797,r,08/19/2026,09:16:24,eddie@node1o08.ecdf.ed.ac.uk,1,1703
57722554,0.00007,vim_array_,s2469797,r,08/19/2026,09:16:24,eddie@node1r18.ecdf.ed.ac.uk,1,1704
57722554,0.00007,vim_array_,s2469797,r,08/19/2026,09:16:24,eddie@node1m14.ecdf.ed.ac.uk,1,1705
57722554,0.00007,vim_array_,s2469797,r,08/19/2026,09:16:24,eddie@node1h05.ecdf.ed.ac.uk,1,1706
57722554,0.00007,vim_array_,s2469797,r,08/19/2026,09:16:24,eddie@node1r07.ecdf.ed.ac.uk,1,1707
57722554,0.00007,vim_array_,s2469797,r,08/19/2026,09:16:24,eddie@node1o11.ecdf.ed.ac.uk,1,1708
57722554,0.00007,vim_array_,s2469797,r,08/19/2026,09:16:24,eddie@node1h16.ecdf.ed.ac.uk,1,1709
57722554,0.00007,vim_array_,s2469797,r,08/19/2026,09:16:24,eddie@node1h10.ecdf.ed.ac.uk,1,1710
57722554,0.00007,vim_array_,s2469797,r,08/19/2026,09:16:24,eddie@node1s20.ecdf.ed.ac.uk,1,1711
57722554,0.00007,vim_array_,s2469797,r,08/19/2026,09:11:54,eddie@node1o10.ecdf.ed.ac.uk,1,1412
57722554,0.00007,vim_array_,s2469797,r,08/19/2026,09:11:54,eddie@node1r07.ecdf.ed.ac.uk,1,1413
57722554,0.00007,vim_array_,s2469797,r,08/19/2026,09:11:54,eddie@node1h07.ecdf.ed.ac.uk,1,1414
57722554,0.00007,vim_array_,s2469797,r,08/19/2026,09:11:54,eddie@node1h13.ecdf.ed.ac.uk,1,1415
57722554,0.00007,vim_array_,s2469797,r,08/19/2026,09:11:54,eddie@node1h09.ecdf.ed.ac.uk,1,1416
57722554,0.00007,vim_array_,s2469797,r,08/19/2026,09:11:54,eddie@node1r18.ecdf.ed.ac.uk,1,1417
57722554,0.00007,vim_array_,s2469797,r,08/19/2026,09:11:54,eddie@node1r20.ecdf.ed.ac.uk,1,1418
57722554,0.00007,vim_array_,s2469797,r,08/19/2026,09:11:54,eddie@node1s19.ecdf.ed.ac.uk,1,1419
57722554,0.00007,vim_array_,s2469797,r,08/19/2026,09:11:54,eddie@node1s20.ecdf.ed.ac.uk,1,1420
57722554,0.00007,vim_array_,s2469797,r,08/19/2026,09:11:54,eddie@node1h12.ecdf.ed.ac.uk,1,1421
57722554,0.00007,vim_array_,s2469797,r,08/19/2026,09:11:54,eddie@node1s14.ecdf.ed.ac.uk,1,1422
57722554,0.00007,vim_array_,s2469797,r,08/19/2026,09:11:54,eddie@node1s13.ecdf.ed.ac.uk,1,1423
57722554,0.00007,vim_array_,s2469797,r,08/19/2026,09:11:54,eddie@node1h10.ecdf.ed.ac.uk,1,1424
57722554,0.00007,vim_array_,s2469797,r,08/19/2026,09:11:54,eddie@node1h05.ecdf.ed.ac.uk,1,1425
57722554,0.00007,vim_array_,s2469797,r,08/19/2026,09:11:54,eddie@node1o07.ecdf.ed.ac.uk,1,1426
57722554,0.00007,vim_array_,s2469797,r,08/19/2026,09:14:24,eddie@node1o14.ecdf.ed.ac.uk,1,1580
57722554,0.00007,vim_array_,s2469797,r,08/19/2026,09:14:24,eddie@node1h09.ecdf.ed.ac.uk,1,1581
57722554,0.00007,vim_array_,s2469797,r,08/19/2026,09:14:24,eddie@node1o14.ecdf.ed.ac.uk,1,1582
57722554,0.00007,vim_array_,s2469797,r,08/19/2026,09:14:24,eddie@node1s18.ecdf.ed.ac.uk,1,1583
57722554,0.00007,vim_array_,s2469797,r,08/19/2026,09:14:24,eddie@node1o09.ecdf.ed.ac.uk,1,1584
57722554,0.00007,vim_array_,s2469797,r,08/19/2026,09:14:24,eddie@node1j28.ecdf.ed.ac.uk,1,1585
57722554,0.00007,vim_array_,s2469797,r,08/19/2026,09:14:24,eddie@node1o08.ecdf.ed.ac.uk,1,1586
57722554,0.00007,vim_array_,s2469797,r,08/19/2026,09:14:24,eddie@node1o12.ecdf.ed.ac.uk,1,1587
57722554,0.00007,vim_array_,s2469797,r,08/19/2026,09:14:24,eddie@node1r12.ecdf.ed.ac.uk,1,1588
57722554,0.00007,vim_array_,s2469797,r,08/19/2026,09:14:24,eddie@node1h15.ecdf.ed.ac.uk,1,1589
57722554,0.00007,vim_array_,s2469797,r,08/19/2026,09:14:24,eddie@node1h03.ecdf.ed.ac.uk,1,1590
57722554,0.00007,vim_array_,s2469797,r,08/19/2026,09:14:24,eddie@node1j25.ecdf.ed.ac.uk,1,1591
57722554,0.00007,vim_array_,s2469797,r,08/19/2026,09:14:24,eddie@node1s13.ecdf.ed.ac.uk,1,1592
57722554,0.00007,vim_array_,s2469797,r,08/19/2026,09:14:24,eddie@node1h08.ecdf.ed.ac.uk,1,1593
57722554,0.00007,vim_array_,s2469797,r,08/19/2026,09:13:54,eddie@node1i13.ecdf.ed.ac.uk,1,1546
57722554,0.00007,vim_array_,s2469797,r,08/19/2026,09:13:54,eddie@node1o14.ecdf.ed.ac.uk,1,1547
57722554,0.00007,vim_array_,s2469797,r,08/19/2026,09:13:54,eddie@node1h09.ecdf.ed.ac.uk,1,1548
57722554,0.00007,vim_array_,s2469797,r,08/19/2026,09:13:54,eddie@node1s13.ecdf.ed.ac.uk,1,1549
57722554,0.00007,vim_array_,s2469797,r,08/19/2026,09:13:54,eddie@node1h15.ecdf.ed.ac.uk,1,1550
57722554,0.00007,vim_array_,s2469797,r,08/19/2026,09:13:54,eddie@node1m16.ecdf.ed.ac.uk,1,1551
57722554,0.00007,vim_array_,s2469797,r,08/19/2026,09:13:54,eddie@node1m15.ecdf.ed.ac.uk,1,1552
57722554,0.00007,vim_array_,s2469797,r,08/19/2026,09:13:54,eddie@node1h04.ecdf.ed.ac.uk,1,1553
57722554,0.00007,vim_array_,s2469797,r,08/19/2026,09:13:54,eddie@node1j28.ecdf.ed.ac.uk,1,1554
57722554,0.00007,vim_array_,s2469797,r,08/19/2026,09:13:54,eddie@node1r20.ecdf.ed.ac.uk,1,1555
57722554,0.00007,vim_array_,s2469797,r,08/19/2026,09:13:54,eddie@node1h05.ecdf.ed.ac.uk,1,1556
57722554,0.00007,vim_array_,s2469797,r,08/19/2026,09:13:54,eddie@node1s20.ecdf.ed.ac.uk,1,1557
57722554,0.00007,vim_array_,s2469797,r,08/19/2026,09:13:54,eddie@node1h24.ecdf.ed.ac.uk,1,1558
57722554,0.00007,vim_array_,s2469797,r,08/19/2026,09:13:54,eddie@node1m14.ecdf.ed.ac.uk,1,1559
57722554,0.00007,vim_array_,s2469797,r,08/19/2026,09:13:54,eddie@node1s19.ecdf.ed.ac.uk,1,1560
57722554,0.00007,vim_array_,s2469797,r,08/19/2026,09:16:09,eddie@node1f16.ecdf.ed.ac.uk,1,1686
57722554,0.00007,vim_array_,s2469797,r,08/19/2026,09:16:09,eddie@node1f16.ecdf.ed.ac.uk,1,1687
57722554,0.00007,vim_array_,s2469797,r,08/19/2026,09:16:09,eddie@node1m14.ecdf.ed.ac.uk,1,1688
57722554,0.00007,vim_array_,s2469797,r,08/19/2026,09:16:09,eddie@node1s13.ecdf.ed.ac.uk,1,1689
57722554,0.00007,vim_array_,s2469797,r,08/19/2026,09:16:09,eddie@node1m14.ecdf.ed.ac.uk,1,1690
57722554,0.00007,vim_array_,s2469797,r,08/19/2026,09:16:09,eddie@node1r20.ecdf.ed.ac.uk,1,1691
57722554,0.00007,vim_array_,s2469797,r,08/19/2026,09:16:09,eddie@node1h10.ecdf.ed.ac.uk,1,1692
57722554,0.00007,vim_array_,s2469797,r,08/19/2026,09:16:09,eddie@node1h15.ecdf.ed.ac.uk,1,1693
57722554,0.00007,vim_array_,s2469797,r,08/19/2026,09:16:09,eddie@node1j28.ecdf.ed.ac.uk,1,1694
57722554,0.00007,vim_array_,s2469797,r,08/19/2026,09:16:09,eddie@node1r09.ecdf.ed.ac.uk,1,1695
57722554,0.00007,vim_array_,s2469797,r,08/19/2026,09:16:09,eddie@node1r07.ecdf.ed.ac.uk,1,1696
57722554,0.00007,vim_array_,s2469797,r,08/19/2026,09:16:39,eddie@node1r05.ecdf.ed.ac.uk,1,1712
57722554,0.00007,vim_array_,s2469797,r,08/19/2026,09:16:39,eddie@node1r08.ecdf.ed.ac.uk,1,1713
57722554,0.00007,vim_array_,s2469797,r,08/19/2026,09:16:39,eddie@node1m14.ecdf.ed.ac.uk,1,1714
57722554,0.00007,vim_array_,s2469797,r,08/19/2026,09:16:39,eddie@node1h08.ecdf.ed.ac.uk,1,1715
57722554,0.00007,vim_array_,s2469797,r,08/19/2026,09:16:39,eddie@node1h21.ecdf.ed.ac.uk,1,1716
57722554,0.00007,vim_array_,s2469797,r,08/19/2026,09:16:39,eddie@node1r05.ecdf.ed.ac.uk,1,1717
57722554,0.00007,vim_array_,s2469797,r,08/19/2026,09:16:39,eddie@node1h15.ecdf.ed.ac.uk,1,1718
57722554,0.00007,vim_array_,s2469797,r,08/19/2026,09:16:39,eddie@node1h23.ecdf.ed.ac.uk,1,1719
57722554,0.00007,vim_array_,s2469797,r,08/19/2026,09:16:39,eddie@node1o12.ecdf.ed.ac.uk,1,1720
57722554,0.00007,vim_array_,s2469797,r,08/19/2026,09:16:39,eddie@node1m16.ecdf.ed.ac.uk,1,1721
57722554,0.00007,vim_array_,s2469797,r,08/19/2026,09:16:39,eddie@node1s18.ecdf.ed.ac.uk,1,1722
57722554,0.00007,vim_array_,s2469797,r,08/19/2026,09:12:24,eddie@node1f07.ecdf.ed.ac.uk,1,1446
57722554,0.00007,vim_array_,s2469797,r,08/19/2026,09:12:24,eddie@node1l23.ecdf.ed.ac.uk,1,1447
57722554,0.00007,vim_array_,s2469797,r,08/19/2026,09:12:24,eddie@node1l23.ecdf.ed.ac.uk,1,1448
57722554,0.00007,vim_array_,s2469797,r,08/19/2026,09:12:24,eddie@node1l23.ecdf.ed.ac.uk,1,1449
57722554,0.00007,vim_array_,s2469797,r,08/19/2026,09:12:24,eddie@node1l23.ecdf.ed.ac.uk,1,1450
57722554,0.00007,vim_array_,s2469797,r,08/19/2026,09:12:24,eddie@node1l23.ecdf.ed.ac.uk,1,1451
57722554,0.00007,vim_array_,s2469797,r,08/19/2026,09:12:24,eddie@node1l23.ecdf.ed.ac.uk,1,1452
57722554,0.00007,vim_array_,s2469797,r,08/19/2026,09:12:24,eddie@node1o04.ecdf.ed.ac.uk,1,1453
57722554,0.00007,vim_array_,s2469797,r,08/19/2026,09:12:24,eddie@node1l26.ecdf.ed.ac.uk,1,1454
57722554,0.00007,vim_array_,s2469797,r,08/19/2026,09:12:24,eddie@node1l22.ecdf.ed.ac.uk,1,1455
57722554,0.00007,vim_array_,s2469797,r,08/19/2026,09:12:24,eddie@node1l22.ecdf.ed.ac.uk,1,1456
57722554,0.00007,vim_array_,s2469797,r,08/19/2026,09:12:24,eddie@node1o05.ecdf.ed.ac.uk,1,1457
57722554,0.00007,vim_array_,s2469797,r,08/19/2026,09:16:54,eddie@node1r20.ecdf.ed.ac.uk,1,1723
57722554,0.00007,vim_array_,s2469797,r,08/19/2026,09:16:54,eddie@node1r20.ecdf.ed.ac.uk,1,1724
57722554,0.00007,vim_array_,s2469797,r,08/19/2026,09:16:54,eddie@node1r08.ecdf.ed.ac.uk,1,1725
57722554,0.00007,vim_array_,s2469797,r,08/19/2026,09:16:54,eddie@node1s14.ecdf.ed.ac.uk,1,1726
57722554,0.00007,vim_array_,s2469797,r,08/19/2026,09:16:54,eddie@node1r07.ecdf.ed.ac.uk,1,1727
57722554,0.00007,vim_array_,s2469797,r,08/19/2026,09:16:54,eddie@node1m14.ecdf.ed.ac.uk,1,1728
57722554,0.00007,vim_array_,s2469797,r,08/19/2026,09:16:54,eddie@node1s13.ecdf.ed.ac.uk,1,1729
57722554,0.00007,vim_array_,s2469797,r,08/19/2026,09:16:54,eddie@node1h05.ecdf.ed.ac.uk,1,1730
57722554,0.00007,vim_array_,s2469797,r,08/19/2026,09:16:54,eddie@node1r20.ecdf.ed.ac.uk,1,1731
57722554,0.00007,vim_array_,s2469797,r,08/19/2026,09:16:54,eddie@node1j28.ecdf.ed.ac.uk,1,1732
57722554,0.00007,vim_array_,s2469797,r,08/19/2026,09:16:54,eddie@node1h16.ecdf.ed.ac.uk,1,1733
57722554,0.00007,vim_array_,s2469797,r,08/19/2026,09:16:54,eddie@node1r18.ecdf.ed.ac.uk,1,1734
57722554,0.00007,vim_array_,s2469797,r,08/19/2026,09:16:54,eddie@node1r06.ecdf.ed.ac.uk,1,1735
57722554,0.00007,vim_array_,s2469797,r,08/19/2026,09:11:39,eddie@node1o10.ecdf.ed.ac.uk,1,1402
57722554,0.00007,vim_array_,s2469797,r,08/19/2026,09:11:39,eddie@node1m15.ecdf.ed.ac.uk,1,1403
57722554,0.00007,vim_array_,s2469797,r,08/19/2026,09:11:39,eddie@node1m15.ecdf.ed.ac.uk,1,1404
57722554,0.00007,vim_array_,s2469797,r,08/19/2026,09:11:39,eddie@node1m15.ecdf.ed.ac.uk,1,1405
57722554,0.00007,vim_array_,s2469797,r,08/19/2026,09:11:39,eddie@node1h10.ecdf.ed.ac.uk,1,1406
57722554,0.00007,vim_array_,s2469797,r,08/19/2026,09:11:39,eddie@node1r06.ecdf.ed.ac.uk,1,1407
57722554,0.00007,vim_array_,s2469797,r,08/19/2026,09:11:39,eddie@node1h05.ecdf.ed.ac.uk,1,1408
57722554,0.00007,vim_array_,s2469797,r,08/19/2026,09:11:39,eddie@node1s18.ecdf.ed.ac.uk,1,1409
57722554,0.00007,vim_array_,s2469797,r,08/19/2026,09:11:39,eddie@node1o08.ecdf.ed.ac.uk,1,1410
57722554,0.00007,vim_array_,s2469797,r,08/19/2026,09:11:39,eddie@node1h08.ecdf.ed.ac.uk,1,1411
57723203,0.00007,hyp1_neglr,belie,r,08/19/2026,10:45:57,eddie@node1r17.ecdf.ed.ac.uk,1
57722554,0.00007,vim_array_,s2469797,r,08/19/2026,09:11:24,eddie@node1o10.ecdf.ed.ac.uk,1,1385
57722554,0.00007,vim_array_,s2469797,r,08/19/2026,09:11:24,eddie@node1o10.ecdf.ed.ac.uk,1,1386
57722554,0.00007,vim_array_,s2469797,r,08/19/2026,09:11:24,eddie@node1j28.ecdf.ed.ac.uk,1,1387
57722554,0.00007,vim_array_,s2469797,r,08/19/2026,09:11:24,eddie@node1s19.ecdf.ed.ac.uk,1,1388
57722554,0.00007,vim_array_,s2469797,r,08/19/2026,09:11:24,eddie@node1o08.ecdf.ed.ac.uk,1,1389
57722554,0.00007,vim_array_,s2469797,r,08/19/2026,09:11:24,eddie@node1h08.ecdf.ed.ac.uk,1,1390
57722554,0.00007,vim_array_,s2469797,r,08/19/2026,09:11:24,eddie@node1s20.ecdf.ed.ac.uk,1,1391
57722554,0.00007,vim_array_,s2469797,r,08/19/2026,09:11:24,eddie@node1s17.ecdf.ed.ac.uk,1,1392
57722554,0.00007,vim_array_,s2469797,r,08/19/2026,09:11:24,eddie@node1s13.ecdf.ed.ac.uk,1,1393
57722554,0.00007,vim_array_,s2469797,r,08/19/2026,09:11:24,eddie@node1o09.ecdf.ed.ac.uk,1,1394
57722554,0.00007,vim_array_,s2469797,r,08/19/2026,09:11:24,eddie@node1r09.ecdf.ed.ac.uk,1,1395
57722554,0.00007,vim_array_,s2469797,r,08/19/2026,09:11:24,eddie@node1j27.ecdf.ed.ac.uk,1,1396
57722554,0.00007,vim_array_,s2469797,r,08/19/2026,09:11:24,eddie@node1s14.ecdf.ed.ac.uk,1,1397
57722554,0.00007,vim_array_,s2469797,r,08/19/2026,09:11:24,eddie@node1h16.ecdf.ed.ac.uk,1,1398
57722554,0.00007,vim_array_,s2469797,r,08/19/2026,09:11:24,eddie@node1s19.ecdf.ed.ac.uk,1,1399
57722554,0.00007,vim_array_,s2469797,r,08/19/2026,09:11:24,eddie@node1j26.ecdf.ed.ac.uk,1,1400
57722554,0.00007,vim_array_,s2469797,r,08/19/2026,09:11:24,eddie@node1r05.ecdf.ed.ac.uk,1,1401
57722554,0.00007,vim_array_,s2469797,r,08/19/2026,09:11:09,eddie@node1h13.ecdf.ed.ac.uk,1,1372
57722554,0.00007,vim_array_,s2469797,r,08/19/2026,09:11:09,eddie@node1s14.ecdf.ed.ac.uk,1,1373
57722554,0.00007,vim_array_,s2469797,r,08/19/2026,09:11:09,eddie@node1o07.ecdf.ed.ac.uk,1,1374
57722554,0.00007,vim_array_,s2469797,r,08/19/2026,09:11:09,eddie@node1h07.ecdf.ed.ac.uk,1,1375
57722554,0.00007,vim_array_,s2469797,r,08/19/2026,09:11:09,eddie@node1r12.ecdf.ed.ac.uk,1,1376
57722554,0.00007,vim_array_,s2469797,r,08/19/2026,09:11:09,eddie@node1r18.ecdf.ed.ac.uk,1,1377
57722554,0.00007,vim_array_,s2469797,r,08/19/2026,09:11:09,eddie@node1h21.ecdf.ed.ac.uk,1,1378
57722554,0.00007,vim_array_,s2469797,r,08/19/2026,09:11:09,eddie@node1m14.ecdf.ed.ac.uk,1,1379
57722554,0.00007,vim_array_,s2469797,r,08/19/2026,09:11:09,eddie@node1h13.ecdf.ed.ac.uk,1,1380
57722554,0.00007,vim_array_,s2469797,r,08/19/2026,09:11:09,eddie@node1r08.ecdf.ed.ac.uk,1,1381
57722554,0.00007,vim_array_,s2469797,r,08/19/2026,09:11:09,eddie@node1h09.ecdf.ed.ac.uk,1,1382
57722554,0.00007,vim_array_,s2469797,r,08/19/2026,09:11:09,eddie@node1r20.ecdf.ed.ac.uk,1,1383
57722554,0.00007,vim_array_,s2469797,r,08/19/2026,09:11:09,eddie@node1o11.ecdf.ed.ac.uk,1,1384
57723233,0.00007,hyp1_neglr,belie,r,08/19/2026,10:45:58,eddie@node1r18.ecdf.ed.ac.uk,1
57723236,0.00007,hyp1_neglr,belie,r,08/19/2026,10:45:58,eddie@node1s15.ecdf.ed.ac.uk,1
57723243,0.00007,hyp1_neglr,belie,r,08/19/2026,10:45:58,eddie@node1h13.ecdf.ed.ac.uk,1
57723249,0.00007,hyp1_neglr,belie,r,08/19/2026,10:45:58,eddie@node1h14.ecdf.ed.ac.uk,1
57723250,0.00007,hyp1_neglr,belie,r,08/19/2026,10:45:58,eddie@node1r09.ecdf.ed.ac.uk,1
57723261,0.00007,hyp1_neglr,belie,r,08/19/2026,10:45:58,eddie@node1h08.ecdf.ed.ac.uk,1
57723262,0.00007,hyp1_neglr,belie,r,08/19/2026,10:45:58,eddie@node1o14.ecdf.ed.ac.uk,1
57723273,0.00007,hyp1_neglr,belie,r,08/19/2026,10:45:58,eddie@node1h13.ecdf.ed.ac.uk,1
57722554,0.00007,vim_array_,s2469797,r,08/19/2026,09:09:54,eddie@node1f15.ecdf.ed.ac.uk,1,1292
57722554,0.00007,vim_array_,s2469797,r,08/19/2026,09:09:54,eddie@node1f11.ecdf.ed.ac.uk,1,1293
57722554,0.00007,vim_array_,s2469797,r,08/19/2026,09:09:54,eddie@node1h10.ecdf.ed.ac.uk,1,1294
57722554,0.00007,vim_array_,s2469797,r,08/19/2026,09:09:54,eddie@node1r09.ecdf.ed.ac.uk,1,1295
57722554,0.00007,vim_array_,s2469797,r,08/19/2026,09:09:54,eddie@node1o08.ecdf.ed.ac.uk,1,1296
57722554,0.00007,vim_array_,s2469797,r,08/19/2026,09:09:54,eddie@node1s18.ecdf.ed.ac.uk,1,1297
57722554,0.00007,vim_array_,s2469797,r,08/19/2026,09:09:54,eddie@node1s13.ecdf.ed.ac.uk,1,1298
57722554,0.00007,vim_array_,s2469797,r,08/19/2026,09:09:54,eddie@node1o11.ecdf.ed.ac.uk,1,1299
57722554,0.00007,vim_array_,s2469797,r,08/19/2026,09:09:54,eddie@node1h09.ecdf.ed.ac.uk,1,1300
57722554,0.00007,vim_array_,s2469797,r,08/19/2026,09:09:54,eddie@node1h15.ecdf.ed.ac.uk,1,1301
57722554,0.00007,vim_array_,s2469797,r,08/19/2026,09:09:54,eddie@node1s14.ecdf.ed.ac.uk,1,1302
57722554,0.00007,vim_array_,s2469797,r,08/19/2026,09:09:54,eddie@node1r05.ecdf.ed.ac.uk,1,1303
57722554,0.00007,vim_array_,s2469797,r,08/19/2026,09:09:54,eddie@node1r20.ecdf.ed.ac.uk,1,1304
57722554,0.00007,vim_array_,s2469797,r,08/19/2026,09:09:54,eddie@node1s19.ecdf.ed.ac.uk,1,1305
57722554,0.00007,vim_array_,s2469797,r,08/19/2026,09:09:54,eddie@node1r19.ecdf.ed.ac.uk,1,1306
57722554,0.00007,vim_array_,s2469797,r,08/19/2026,09:09:54,eddie@node1h08.ecdf.ed.ac.uk,1,1307
57722554,0.00007,vim_array_,s2469797,r,08/19/2026,09:09:54,eddie@node1h04.ecdf.ed.ac.uk,1,1308
57722554,0.00007,vim_array_,s2469797,r,08/19/2026,09:09:54,eddie@node1s20.ecdf.ed.ac.uk,1,1309
57722554,0.00007,vim_array_,s2469797,r,08/19/2026,09:09:54,eddie@node1j27.ecdf.ed.ac.uk,1,1310
57722554,0.00007,vim_array_,s2469797,r,08/19/2026,09:09:54,eddie@node1s17.ecdf.ed.ac.uk,1,1311
57722554,0.00007,vim_array_,s2469797,r,08/19/2026,09:09:54,eddie@node1o09.ecdf.ed.ac.uk,1,1312
57722554,0.00007,vim_array_,s2469797,r,08/19/2026,09:10:54,eddie@node1o07.ecdf.ed.ac.uk,1,1353
57722554,0.00007,vim_array_,s2469797,r,08/19/2026,09:10:54,eddie@node1h16.ecdf.ed.ac.uk,1,1354
57722554,0.00007,vim_array_,s2469797,r,08/19/2026,09:10:54,eddie@node1h09.ecdf.ed.ac.uk,1,1355
57722554,0.00007,vim_array_,s2469797,r,08/19/2026,09:10:54,eddie@node1r20.ecdf.ed.ac.uk,1,1356
57722554,0.00007,vim_array_,s2469797,r,08/19/2026,09:10:54,eddie@node1o11.ecdf.ed.ac.uk,1,1357
57722554,0.00007,vim_array_,s2469797,r,08/19/2026,09:10:54,eddie@node1s13.ecdf.ed.ac.uk,1,1358
57722554,0.00007,vim_array_,s2469797,r,08/19/2026,09:10:54,eddie@node1o09.ecdf.ed.ac.uk,1,1359
57722554,0.00007,vim_array_,s2469797,r,08/19/2026,09:10:54,eddie@node1h10.ecdf.ed.ac.uk,1,1360
57722554,0.00007,vim_array_,s2469797,r,08/19/2026,09:10:54,eddie@node1o08.ecdf.ed.ac.uk,1,1361
57722554,0.00007,vim_array_,s2469797,r,08/19/2026,09:10:54,eddie@node1s20.ecdf.ed.ac.uk,1,1362
57722554,0.00007,vim_array_,s2469797,r,08/19/2026,09:10:54,eddie@node1s14.ecdf.ed.ac.uk,1,1363
57722554,0.00007,vim_array_,s2469797,r,08/19/2026,09:10:54,eddie@node1h08.ecdf.ed.ac.uk,1,1364
57722554,0.00007,vim_array_,s2469797,r,08/19/2026,09:10:54,eddie@node1s19.ecdf.ed.ac.uk,1,1365
57722554,0.00007,vim_array_,s2469797,r,08/19/2026,09:10:55,eddie@node1h15.ecdf.ed.ac.uk,1,1366
57722554,0.00007,vim_array_,s2469797,r,08/19/2026,09:10:55,eddie@node1h05.ecdf.ed.ac.uk,1,1367
57722554,0.00007,vim_array_,s2469797,r,08/19/2026,09:10:55,eddie@node1r05.ecdf.ed.ac.uk,1,1368
57722554,0.00007,vim_array_,s2469797,r,08/19/2026,09:10:55,eddie@node1s18.ecdf.ed.ac.uk,1,1369
57722554,0.00007,vim_array_,s2469797,r,08/19/2026,09:10:55,eddie@node1j25.ecdf.ed.ac.uk,1,1370
57722554,0.00007,vim_array_,s2469797,r,08/19/2026,09:10:55,eddie@node1m16.ecdf.ed.ac.uk,1,1371
57722554,0.00007,vim_array_,s2469797,r,08/19/2026,09:10:24,eddie@node1f16.ecdf.ed.ac.uk,1,1324
57722554,0.00007,vim_array_,s2469797,r,08/19/2026,09:10:24,eddie@node1f15.ecdf.ed.ac.uk,1,1325
57722554,0.00007,vim_array_,s2469797,r,08/19/2026,09:10:24,eddie@node1h13.ecdf.ed.ac.uk,1,1326
57722554,0.00007,vim_array_,s2469797,r,08/19/2026,09:10:24,eddie@node1s14.ecdf.ed.ac.uk,1,1327
57722554,0.00007,vim_array_,s2469797,r,08/19/2026,09:10:24,eddie@node1r06.ecdf.ed.ac.uk,1,1328
57722554,0.00007,vim_array_,s2469797,r,08/19/2026,09:10:24,eddie@node1r18.ecdf.ed.ac.uk,1,1329
57722554,0.00007,vim_array_,s2469797,r,08/19/2026,09:10:24,eddie@node1h10.ecdf.ed.ac.uk,1,1330
57722554,0.00007,vim_array_,s2469797,r,08/19/2026,09:10:24,eddie@node1r12.ecdf.ed.ac.uk,1,1331
57722554,0.00007,vim_array_,s2469797,r,08/19/2026,09:10:24,eddie@node1h05.ecdf.ed.ac.uk,1,1332
57722554,0.00007,vim_array_,s2469797,r,08/19/2026,09:10:24,eddie@node1h13.ecdf.ed.ac.uk,1,1333
57722554,0.00007,vim_array_,s2469797,r,08/19/2026,09:10:24,eddie@node1h07.ecdf.ed.ac.uk,1,1334
57722554,0.00007,vim_array_,s2469797,r,08/19/2026,09:10:24,eddie@node1s13.ecdf.ed.ac.uk,1,1335
57722554,0.00007,vim_array_,s2469797,r,08/19/2026,09:10:24,eddie@node1s18.ecdf.ed.ac.uk,1,1336
57722554,0.00007,vim_array_,s2469797,r,08/19/2026,09:10:24,eddie@node1o09.ecdf.ed.ac.uk,1,1337
57722554,0.00007,vim_array_,s2469797,r,08/19/2026,09:10:24,eddie@node1s20.ecdf.ed.ac.uk,1,1338
57722554,0.00007,vim_array_,s2469797,r,08/19/2026,09:10:24,eddie@node1o12.ecdf.ed.ac.uk,1,1339
57722554,0.00007,vim_array_,s2469797,r,08/19/2026,09:10:39,eddie@node1o08.ecdf.ed.ac.uk,1,1340
57722554,0.00007,vim_array_,s2469797,r,08/19/2026,09:10:39,eddie@node1r05.ecdf.ed.ac.uk,1,1341
57722554,0.00007,vim_array_,s2469797,r,08/19/2026,09:10:39,eddie@node1s14.ecdf.ed.ac.uk,1,1342
57722554,0.00007,vim_array_,s2469797,r,08/19/2026,09:10:39,eddie@node1s19.ecdf.ed.ac.uk,1,1343
57722554,0.00007,vim_array_,s2469797,r,08/19/2026,09:10:39,eddie@node1h08.ecdf.ed.ac.uk,1,1344
57722554,0.00007,vim_array_,s2469797,r,08/19/2026,09:10:39,eddie@node1j26.ecdf.ed.ac.uk,1,1345
57722554,0.00007,vim_array_,s2469797,r,08/19/2026,09:10:39,eddie@node1h24.ecdf.ed.ac.uk,1,1346
57722554,0.00007,vim_array_,s2469797,r,08/19/2026,09:10:39,eddie@node1r09.ecdf.ed.ac.uk,1,1347
57722554,0.00007,vim_array_,s2469797,r,08/19/2026,09:10:39,eddie@node1r19.ecdf.ed.ac.uk,1,1348
57722554,0.00007,vim_array_,s2469797,r,08/19/2026,09:10:39,eddie@node1h11.ecdf.ed.ac.uk,1,1349
57722554,0.00007,vim_array_,s2469797,r,08/19/2026,09:10:39,eddie@node1r18.ecdf.ed.ac.uk,1,1350
57722554,0.00007,vim_array_,s2469797,r,08/19/2026,09:10:39,eddie@node1j27.ecdf.ed.ac.uk,1,1351
57722554,0.00007,vim_array_,s2469797,r,08/19/2026,09:10:39,eddie@node1s17.ecdf.ed.ac.uk,1,1352
57722554,0.00007,vim_array_,s2469797,r,08/19/2026,09:10:09,eddie@node1h10.ecdf.ed.ac.uk,1,1313
57722554,0.00007,vim_array_,s2469797,r,08/19/2026,09:10:09,eddie@node1r18.ecdf.ed.ac.uk,1,1314
57722554,0.00007,vim_array_,s2469797,r,08/19/2026,09:10:09,eddie@node1o08.ecdf.ed.ac.uk,1,1315
57722554,0.00007,vim_array_,s2469797,r,08/19/2026,09:10:09,eddie@node1j25.ecdf.ed.ac.uk,1,1316
57722554,0.00007,vim_array_,s2469797,r,08/19/2026,09:10:09,eddie@node1h16.ecdf.ed.ac.uk,1,1317
57722554,0.00007,vim_array_,s2469797,r,08/19/2026,09:10:09,eddie@node1h08.ecdf.ed.ac.uk,1,1318
57722554,0.00007,vim_array_,s2469797,r,08/19/2026,09:10:09,eddie@node1r20.ecdf.ed.ac.uk,1,1319
57722554,0.00007,vim_array_,s2469797,r,08/19/2026,09:10:09,eddie@node1m16.ecdf.ed.ac.uk,1,1320
57722554,0.00007,vim_array_,s2469797,r,08/19/2026,09:10:09,eddie@node1h12.ecdf.ed.ac.uk,1,1321
57722554,0.00007,vim_array_,s2469797,r,08/19/2026,09:10:09,eddie@node1m14.ecdf.ed.ac.uk,1,1322
57722554,0.00007,vim_array_,s2469797,r,08/19/2026,09:10:09,eddie@node1r09.ecdf.ed.ac.uk,1,1323
57722554,0.00007,vim_array_,s2469797,r,08/19/2026,09:09:39,eddie@node1f15.ecdf.ed.ac.uk,1,1282
57722554,0.00007,vim_array_,s2469797,r,08/19/2026,09:09:39,eddie@node1s14.ecdf.ed.ac.uk,1,1283
57722554,0.00007,vim_array_,s2469797,r,08/19/2026,09:09:39,eddie@node1s20.ecdf.ed.ac.uk,1,1284
57722554,0.00007,vim_array_,s2469797,r,08/19/2026,09:09:39,eddie@node1h08.ecdf.ed.ac.uk,1,1285
57722554,0.00007,vim_array_,s2469797,r,08/19/2026,09:09:39,eddie@node1h05.ecdf.ed.ac.uk,1,1286
57722554,0.00007,vim_array_,s2469797,r,08/19/2026,09:09:39,eddie@node1m16.ecdf.ed.ac.uk,1,1287
57722554,0.00007,vim_array_,s2469797,r,08/19/2026,09:09:39,eddie@node1m14.ecdf.ed.ac.uk,1,1288
57722554,0.00007,vim_array_,s2469797,r,08/19/2026,09:09:39,eddie@node1r08.ecdf.ed.ac.uk,1,1289
57722554,0.00007,vim_array_,s2469797,r,08/19/2026,09:09:39,eddie@node1r06.ecdf.ed.ac.uk,1,1290
57722554,0.00007,vim_array_,s2469797,r,08/19/2026,09:09:39,eddie@node1r18.ecdf.ed.ac.uk,1,1291
57722554,0.00007,vim_array_,s2469797,r,08/19/2026,09:09:09,eddie@node1r05.ecdf.ed.ac.uk,1,1251
57722554,0.00007,vim_array_,s2469797,r,08/19/2026,09:09:09,eddie@node1r05.ecdf.ed.ac.uk,1,1252
57722554,0.00007,vim_array_,s2469797,r,08/19/2026,09:09:09,eddie@node1s14.ecdf.ed.ac.uk,1,1253
57722554,0.00007,vim_array_,s2469797,r,08/19/2026,09:09:09,eddie@node1h15.ecdf.ed.ac.uk,1,1254
57722554,0.00007,vim_array_,s2469797,r,08/19/2026,09:09:09,eddie@node1r12.ecdf.ed.ac.uk,1,1255
57722554,0.00007,vim_array_,s2469797,r,08/19/2026,09:09:09,eddie@node1m16.ecdf.ed.ac.uk,1,1256
57722554,0.00007,vim_array_,s2469797,r,08/19/2026,09:09:09,eddie@node1r20.ecdf.ed.ac.uk,1,1257
57722554,0.00007,vim_array_,s2469797,r,08/19/2026,09:09:09,eddie@node1h08.ecdf.ed.ac.uk,1,1258
57722554,0.00007,vim_array_,s2469797,r,08/19/2026,09:09:09,eddie@node1r05.ecdf.ed.ac.uk,1,1259
57722554,0.00007,vim_array_,s2469797,r,08/19/2026,09:09:09,eddie@node1o11.ecdf.ed.ac.uk,1,1260
57722554,0.00007,vim_array_,s2469797,r,08/19/2026,09:09:09,eddie@node1s17.ecdf.ed.ac.uk,1,1261
57722554,0.00007,vim_array_,s2469797,r,08/19/2026,09:09:09,eddie@node1r09.ecdf.ed.ac.uk,1,1262
57722554,0.00007,vim_array_,s2469797,r,08/19/2026,09:09:09,eddie@node1h11.ecdf.ed.ac.uk,1,1263
57722554,0.00007,vim_array_,s2469797,r,08/19/2026,09:09:09,eddie@node1h09.ecdf.ed.ac.uk,1,1264
57722554,0.00007,vim_array_,s2469797,r,08/19/2026,09:09:09,eddie@node1r18.ecdf.ed.ac.uk,1,1265
57722554,0.00007,vim_array_,s2469797,r,08/19/2026,09:09:09,eddie@node1h21.ecdf.ed.ac.uk,1,1266
57722554,0.00007,vim_array_,s2469797,r,08/19/2026,09:09:09,eddie@node1m14.ecdf.ed.ac.uk,1,1267
57722554,0.00007,vim_array_,s2469797,r,08/19/2026,09:09:09,eddie@node1o07.ecdf.ed.ac.uk,1,1268
57722554,0.00007,vim_array_,s2469797,r,08/19/2026,09:09:24,eddie@node1f15.ecdf.ed.ac.uk,1,1269
57722554,0.00007,vim_array_,s2469797,r,08/19/2026,09:09:24,eddie@node1f07.ecdf.ed.ac.uk,1,1270
57722554,0.00007,vim_array_,s2469797,r,08/19/2026,09:09:24,eddie@node1h08.ecdf.ed.ac.uk,1,1271
57722554,0.00007,vim_array_,s2469797,r,08/19/2026,09:09:24,eddie@node1o08.ecdf.ed.ac.uk,1,1272
57722554,0.00007,vim_array_,s2469797,r,08/19/2026,09:09:24,eddie@node1r06.ecdf.ed.ac.uk,1,1273
57722554,0.00007,vim_array_,s2469797,r,08/19/2026,09:09:24,eddie@node1h10.ecdf.ed.ac.uk,1,1274
57722554,0.00007,vim_array_,s2469797,r,08/19/2026,09:09:24,eddie@node1r20.ecdf.ed.ac.uk,1,1275
57722554,0.00007,vim_array_,s2469797,r,08/19/2026,09:09:24,eddie@node1j27.ecdf.ed.ac.uk,1,1276
57722554,0.00007,vim_array_,s2469797,r,08/19/2026,09:09:24,eddie@node1r19.ecdf.ed.ac.uk,1,1277
57722554,0.00007,vim_array_,s2469797,r,08/19/2026,09:09:24,eddie@node1s14.ecdf.ed.ac.uk,1,1278
57722554,0.00007,vim_array_,s2469797,r,08/19/2026,09:09:24,eddie@node1h16.ecdf.ed.ac.uk,1,1279
57722554,0.00007,vim_array_,s2469797,r,08/19/2026,09:09:24,eddie@node1h03.ecdf.ed.ac.uk,1,1280
57722554,0.00007,vim_array_,s2469797,r,08/19/2026,09:09:24,eddie@node1o09.ecdf.ed.ac.uk,1,1281
57722554,0.00007,vim_array_,s2469797,r,08/19/2026,09:08:24,eddie@node1n03.ecdf.ed.ac.uk,1,1204
57722554,0.00007,vim_array_,s2469797,r,08/19/2026,09:08:24,eddie@node1h15.ecdf.ed.ac.uk,1,1205
57722554,0.00007,vim_array_,s2469797,r,08/19/2026,09:08:24,eddie@node1s17.ecdf.ed.ac.uk,1,1206
57722554,0.00007,vim_array_,s2469797,r,08/19/2026,09:08:24,eddie@node1h15.ecdf.ed.ac.uk,1,1207
57722554,0.00007,vim_array_,s2469797,r,08/19/2026,09:08:24,eddie@node1h09.ecdf.ed.ac.uk,1,1208
57722554,0.00007,vim_array_,s2469797,r,08/19/2026,09:08:24,eddie@node1r06.ecdf.ed.ac.uk,1,1209
57722554,0.00007,vim_array_,s2469797,r,08/19/2026,09:08:24,eddie@node1r18.ecdf.ed.ac.uk,1,1210
57722554,0.00007,vim_array_,s2469797,r,08/19/2026,09:08:24,eddie@node1h05.ecdf.ed.ac.uk,1,1211
57722554,0.00007,vim_array_,s2469797,r,08/19/2026,09:08:24,eddie@node1o11.ecdf.ed.ac.uk,1,1212
57722554,0.00007,vim_array_,s2469797,r,08/19/2026,09:08:24,eddie@node1o07.ecdf.ed.ac.uk,1,1213
57722554,0.00007,vim_array_,s2469797,r,08/19/2026,09:08:24,eddie@node1h04.ecdf.ed.ac.uk,1,1214
57722554,0.00007,vim_array_,s2469797,r,08/19/2026,09:08:24,eddie@node1s13.ecdf.ed.ac.uk,1,1215
57722554,0.00007,vim_array_,s2469797,r,08/19/2026,09:08:24,eddie@node1s19.ecdf.ed.ac.uk,1,1216
57722554,0.00007,vim_array_,s2469797,r,08/19/2026,09:08:24,eddie@node1m16.ecdf.ed.ac.uk,1,1217
57722554,0.00007,vim_array_,s2469797,r,08/19/2026,09:08:24,eddie@node1h07.ecdf.ed.ac.uk,1,1218
57722554,0.00007,vim_array_,s2469797,r,08/19/2026,09:08:24,eddie@node1r20.ecdf.ed.ac.uk,1,1219
57722554,0.00007,vim_array_,s2469797,r,08/19/2026,09:08:24,eddie@node1h11.ecdf.ed.ac.uk,1,1220
57722554,0.00007,vim_array_,s2469797,r,08/19/2026,09:08:24,eddie@node1o09.ecdf.ed.ac.uk,1,1221
57722554,0.00007,vim_array_,s2469797,r,08/19/2026,09:08:24,eddie@node1r12.ecdf.ed.ac.uk,1,1222
57722554,0.00007,vim_array_,s2469797,r,08/19/2026,09:08:24,eddie@node1o08.ecdf.ed.ac.uk,1,1223
57722554,0.00007,vim_array_,s2469797,r,08/19/2026,09:08:24,eddie@node1r09.ecdf.ed.ac.uk,1,1224
57722554,0.00007,vim_array_,s2469797,r,08/19/2026,09:08:24,eddie@node1h08.ecdf.ed.ac.uk,1,1225
57722554,0.00007,vim_array_,s2469797,r,08/19/2026,09:08:24,eddie@node1s14.ecdf.ed.ac.uk,1,1226
57722554,0.00007,vim_array_,s2469797,r,08/19/2026,09:08:54,eddie@node1r06.ecdf.ed.ac.uk,1,1236
57722554,0.00007,vim_array_,s2469797,r,08/19/2026,09:08:54,eddie@node1r18.ecdf.ed.ac.uk,1,1237
57722554,0.00007,vim_array_,s2469797,r,08/19/2026,09:08:54,eddie@node1h16.ecdf.ed.ac.uk,1,1238
57722554,0.00007,vim_array_,s2469797,r,08/19/2026,09:08:54,eddie@node1h21.ecdf.ed.ac.uk,1,1239
57722554,0.00007,vim_array_,s2469797,r,08/19/2026,09:08:54,eddie@node1o11.ecdf.ed.ac.uk,1,1240
57722554,0.00007,vim_array_,s2469797,r,08/19/2026,09:08:54,eddie@node1h09.ecdf.ed.ac.uk,1,1241
57722554,0.00007,vim_array_,s2469797,r,08/19/2026,09:08:54,eddie@node1r19.ecdf.ed.ac.uk,1,1242
57722554,0.00007,vim_array_,s2469797,r,08/19/2026,09:08:54,eddie@node1h05.ecdf.ed.ac.uk,1,1243
57722554,0.00007,vim_array_,s2469797,r,08/19/2026,09:08:54,eddie@node1o09.ecdf.ed.ac.uk,1,1244
57722554,0.00007,vim_array_,s2469797,r,08/19/2026,09:08:54,eddie@node1j26.ecdf.ed.ac.uk,1,1245
57722554,0.00007,vim_array_,s2469797,r,08/19/2026,09:08:55,eddie@node1s18.ecdf.ed.ac.uk,1,1246
57722554,0.00007,vim_array_,s2469797,r,08/19/2026,09:08:55,eddie@node1s13.ecdf.ed.ac.uk,1,1247
57722554,0.00007,vim_array_,s2469797,r,08/19/2026,09:08:55,eddie@node1s20.ecdf.ed.ac.uk,1,1248
57722554,0.00007,vim_array_,s2469797,r,08/19/2026,09:08:55,eddie@node1h10.ecdf.ed.ac.uk,1,1249
57722554,0.00007,vim_array_,s2469797,r,08/19/2026,09:08:55,eddie@node1j25.ecdf.ed.ac.uk,1,1250
57722554,0.00007,vim_array_,s2469797,r,08/19/2026,09:08:39,eddie@node1f16.ecdf.ed.ac.uk,1,1227
57722554,0.00007,vim_array_,s2469797,r,08/19/2026,09:08:39,eddie@node1f11.ecdf.ed.ac.uk,1,1228
57722554,0.00007,vim_array_,s2469797,r,08/19/2026,09:08:39,eddie@node1m14.ecdf.ed.ac.uk,1,1229
57722554,0.00007,vim_array_,s2469797,r,08/19/2026,09:08:39,eddie@node1h10.ecdf.ed.ac.uk,1,1230
57722554,0.00007,vim_array_,s2469797,r,08/19/2026,09:08:39,eddie@node1s17.ecdf.ed.ac.uk,1,1231
57722554,0.00007,vim_array_,s2469797,r,08/19/2026,09:08:39,eddie@node1h03.ecdf.ed.ac.uk,1,1232
57722554,0.00007,vim_array_,s2469797,r,08/19/2026,09:08:39,eddie@node1m14.ecdf.ed.ac.uk,1,1233
57722554,0.00007,vim_array_,s2469797,r,08/19/2026,09:08:39,eddie@node1m16.ecdf.ed.ac.uk,1,1234
57722554,0.00007,vim_array_,s2469797,r,08/19/2026,09:08:39,eddie@node1h04.ecdf.ed.ac.uk,1,1235
57722554,0.00006,vim_array_,s2469797,r,08/19/2026,09:08:09,eddie@node1f11.ecdf.ed.ac.uk,1,1192
57722554,0.00006,vim_array_,s2469797,r,08/19/2026,09:08:09,eddie@node1o11.ecdf.ed.ac.uk,1,1193
57722554,0.00006,vim_array_,s2469797,r,08/19/2026,09:08:09,eddie@node1r18.ecdf.ed.ac.uk,1,1194
57722554,0.00006,vim_array_,s2469797,r,08/19/2026,09:08:09,eddie@node1o09.ecdf.ed.ac.uk,1,1195
57722554,0.00006,vim_array_,s2469797,r,08/19/2026,09:08:09,eddie@node1r12.ecdf.ed.ac.uk,1,1196
57722554,0.00006,vim_array_,s2469797,r,08/19/2026,09:08:09,eddie@node1h04.ecdf.ed.ac.uk,1,1197
57722554,0.00006,vim_array_,s2469797,r,08/19/2026,09:08:09,eddie@node1h08.ecdf.ed.ac.uk,1,1198
57722554,0.00006,vim_array_,s2469797,r,08/19/2026,09:08:09,eddie@node1h21.ecdf.ed.ac.uk,1,1199
57722554,0.00006,vim_array_,s2469797,r,08/19/2026,09:08:09,eddie@node1h16.ecdf.ed.ac.uk,1,1200
57722554,0.00006,vim_array_,s2469797,r,08/19/2026,09:08:09,eddie@node1h10.ecdf.ed.ac.uk,1,1201
57722554,0.00006,vim_array_,s2469797,r,08/19/2026,09:08:10,eddie@node1s18.ecdf.ed.ac.uk,1,1202
57722554,0.00006,vim_array_,s2469797,r,08/19/2026,09:08:10,eddie@node1j25.ecdf.ed.ac.uk,1,1203
57722554,0.00006,vim_array_,s2469797,r,08/19/2026,09:06:39,eddie@node1f07.ecdf.ed.ac.uk,1,1129
57722554,0.00006,vim_array_,s2469797,r,08/19/2026,09:06:39,eddie@node1f07.ecdf.ed.ac.uk,1,1130
57722554,0.00006,vim_array_,s2469797,r,08/19/2026,09:06:39,eddie@node1h15.ecdf.ed.ac.uk,1,1131
57722554,0.00006,vim_array_,s2469797,r,08/19/2026,09:06:39,eddie@node1h07.ecdf.ed.ac.uk,1,1132
57722554,0.00006,vim_array_,s2469797,r,08/19/2026,09:06:39,eddie@node1o11.ecdf.ed.ac.uk,1,1133
57722554,0.00006,vim_array_,s2469797,r,08/19/2026,09:06:39,eddie@node1o09.ecdf.ed.ac.uk,1,1134
57722554,0.00006,vim_array_,s2469797,r,08/19/2026,09:06:39,eddie@node1s18.ecdf.ed.ac.uk,1,1135
57722554,0.00006,vim_array_,s2469797,r,08/19/2026,09:06:39,eddie@node1s19.ecdf.ed.ac.uk,1,1136
57722554,0.00006,vim_array_,s2469797,r,08/19/2026,09:06:39,eddie@node1s13.ecdf.ed.ac.uk,1,1137
57722554,0.00006,vim_array_,s2469797,r,08/19/2026,09:06:39,eddie@node1h04.ecdf.ed.ac.uk,1,1138
57722554,0.00006,vim_array_,s2469797,r,08/19/2026,09:06:39,eddie@node1s17.ecdf.ed.ac.uk,1,1139
57722554,0.00006,vim_array_,s2469797,r,08/19/2026,09:06:39,eddie@node1h10.ecdf.ed.ac.uk,1,1140
57722554,0.00006,vim_array_,s2469797,r,08/19/2026,09:06:39,eddie@node1h24.ecdf.ed.ac.uk,1,1141
57722554,0.00006,vim_array_,s2469797,r,08/19/2026,09:06:39,eddie@node1r12.ecdf.ed.ac.uk,1,1142
57722554,0.00006,vim_array_,s2469797,r,08/19/2026,09:06:24,eddie@node1i13.ecdf.ed.ac.uk,1,1120
57722554,0.00006,vim_array_,s2469797,r,08/19/2026,09:06:24,eddie@node1r05.ecdf.ed.ac.uk,1,1121
57722554,0.00006,vim_array_,s2469797,r,08/19/2026,09:06:24,eddie@node1s17.ecdf.ed.ac.uk,1,1122
57722554,0.00006,vim_array_,s2469797,r,08/19/2026,09:06:24,eddie@node1h04.ecdf.ed.ac.uk,1,1123
57722554,0.00006,vim_array_,s2469797,r,08/19/2026,09:06:24,eddie@node1h09.ecdf.ed.ac.uk,1,1124
57722554,0.00006,vim_array_,s2469797,r,08/19/2026,09:06:24,eddie@node1r09.ecdf.ed.ac.uk,1,1125
57722554,0.00006,vim_array_,s2469797,r,08/19/2026,09:06:24,eddie@node1h16.ecdf.ed.ac.uk,1,1126
57722554,0.00006,vim_array_,s2469797,r,08/19/2026,09:06:24,eddie@node1r12.ecdf.ed.ac.uk,1,1127
57722554,0.00006,vim_array_,s2469797,r,08/19/2026,09:06:24,eddie@node1s20.ecdf.ed.ac.uk,1,1128
57722554,0.00006,vim_array_,s2469797,r,08/19/2026,09:07:24,eddie@node1f15.ecdf.ed.ac.uk,1,1161
57722554,0.00006,vim_array_,s2469797,r,08/19/2026,09:07:24,eddie@node1f15.ecdf.ed.ac.uk,1,1162
57722554,0.00006,vim_array_,s2469797,r,08/19/2026,09:07:24,eddie@node1h08.ecdf.ed.ac.uk,1,1163
57722554,0.00006,vim_array_,s2469797,r,08/19/2026,09:07:24,eddie@node1h10.ecdf.ed.ac.uk,1,1164
57722554,0.00006,vim_array_,s2469797,r,08/19/2026,09:07:24,eddie@node1h04.ecdf.ed.ac.uk,1,1165
57722554,0.00006,vim_array_,s2469797,r,08/19/2026,09:07:24,eddie@node1j25.ecdf.ed.ac.uk,1,1166
57722554,0.00006,vim_array_,s2469797,r,08/19/2026,09:07:24,eddie@node1o09.ecdf.ed.ac.uk,1,1167
57722554,0.00006,vim_array_,s2469797,r,08/19/2026,09:07:24,eddie@node1r18.ecdf.ed.ac.uk,1,1168
57722554,0.00006,vim_array_,s2469797,r,08/19/2026,09:07:24,eddie@node1s18.ecdf.ed.ac.uk,1,1169
57722554,0.00006,vim_array_,s2469797,r,08/19/2026,09:07:24,eddie@node1h16.ecdf.ed.ac.uk,1,1170
57722554,0.00006,vim_array_,s2469797,r,08/19/2026,09:07:24,eddie@node1j27.ecdf.ed.ac.uk,1,1171
57722554,0.00006,vim_array_,s2469797,r,08/19/2026,09:07:24,eddie@node1r08.ecdf.ed.ac.uk,1,1172
57722554,0.00006,vim_array_,s2469797,r,08/19/2026,09:07:24,eddie@node1h07.ecdf.ed.ac.uk,1,1173
57722554,0.00006,vim_array_,s2469797,r,08/19/2026,09:07:24,eddie@node1o08.ecdf.ed.ac.uk,1,1174
57722554,0.00006,vim_array_,s2469797,r,08/19/2026,09:06:09,eddie@node1h24.ecdf.ed.ac.uk,1,1109
57722554,0.00006,vim_array_,s2469797,r,08/19/2026,09:06:09,eddie@node1o11.ecdf.ed.ac.uk,1,1110
57722554,0.00006,vim_array_,s2469797,r,08/19/2026,09:06:09,eddie@node1j25.ecdf.ed.ac.uk,1,1111
57722554,0.00006,vim_array_,s2469797,r,08/19/2026,09:06:09,eddie@node1h16.ecdf.ed.ac.uk,1,1112
57722554,0.00006,vim_array_,s2469797,r,08/19/2026,09:06:09,eddie@node1s18.ecdf.ed.ac.uk,1,1113
57722554,0.00006,vim_array_,s2469797,r,08/19/2026,09:06:09,eddie@node1o09.ecdf.ed.ac.uk,1,1114
57722554,0.00006,vim_array_,s2469797,r,08/19/2026,09:06:09,eddie@node1r06.ecdf.ed.ac.uk,1,1115
57722554,0.00006,vim_array_,s2469797,r,08/19/2026,09:06:09,eddie@node1s19.ecdf.ed.ac.uk,1,1116
57722554,0.00006,vim_array_,s2469797,r,08/19/2026,09:06:09,eddie@node1o08.ecdf.ed.ac.uk,1,1117
57722554,0.00006,vim_array_,s2469797,r,08/19/2026,09:06:09,eddie@node1r08.ecdf.ed.ac.uk,1,1118
57722554,0.00006,vim_array_,s2469797,r,08/19/2026,09:06:09,eddie@node1r18.ecdf.ed.ac.uk,1,1119
57722554,0.00006,vim_array_,s2469797,r,08/19/2026,09:06:54,eddie@node1f07.ecdf.ed.ac.uk,1,1143
57722554,0.00006,vim_array_,s2469797,r,08/19/2026,09:06:54,eddie@node1h05.ecdf.ed.ac.uk,1,1144
57722554,0.00006,vim_array_,s2469797,r,08/19/2026,09:06:54,eddie@node1h16.ecdf.ed.ac.uk,1,1145
57722554,0.00006,vim_array_,s2469797,r,08/19/2026,09:06:54,eddie@node1r06.ecdf.ed.ac.uk,1,1146
57722554,0.00006,vim_array_,s2469797,r,08/19/2026,09:06:54,eddie@node1h03.ecdf.ed.ac.uk,1,1147
57722554,0.00006,vim_array_,s2469797,r,08/19/2026,09:06:54,eddie@node1h21.ecdf.ed.ac.uk,1,1148
57722554,0.00006,vim_array_,s2469797,r,08/19/2026,09:06:54,eddie@node1s14.ecdf.ed.ac.uk,1,1149
57722554,0.00006,vim_array_,s2469797,r,08/19/2026,09:06:54,eddie@node1h07.ecdf.ed.ac.uk,1,1150
57722554,0.00006,vim_array_,s2469797,r,08/19/2026,09:06:54,eddie@node1o11.ecdf.ed.ac.uk,1,1151
57722554,0.00006,vim_array_,s2469797,r,08/19/2026,09:06:54,eddie@node1o12.ecdf.ed.ac.uk,1,1152
57722554,0.00006,vim_array_,s2469797,r,08/19/2026,09:06:54,eddie@node1h09.ecdf.ed.ac.uk,1,1153
57722554,0.00006,vim_array_,s2469797,r,08/19/2026,09:07:39,eddie@node1f15.ecdf.ed.ac.uk,1,1175
57722554,0.00006,vim_array_,s2469797,r,08/19/2026,09:07:39,eddie@node1f11.ecdf.ed.ac.uk,1,1176
57722554,0.00006,vim_array_,s2469797,r,08/19/2026,09:07:39,eddie@node1s17.ecdf.ed.ac.uk,1,1177
57722554,0.00006,vim_array_,s2469797,r,08/19/2026,09:07:39,eddie@node1h04.ecdf.ed.ac.uk,1,1178
57722554,0.00006,vim_array_,s2469797,r,08/19/2026,09:07:39,eddie@node1r06.ecdf.ed.ac.uk,1,1179
57722554,0.00006,vim_array_,s2469797,r,08/19/2026,09:07:39,eddie@node1h09.ecdf.ed.ac.uk,1,1180
57722554,0.00006,vim_array_,s2469797,r,08/19/2026,09:07:39,eddie@node1m16.ecdf.ed.ac.uk,1,1181
57722554,0.00006,vim_array_,s2469797,r,08/19/2026,09:07:39,eddie@node1h03.ecdf.ed.ac.uk,1,1182
57722554,0.00006,vim_array_,s2469797,r,08/19/2026,09:07:39,eddie@node1s14.ecdf.ed.ac.uk,1,1183
57722554,0.00006,vim_array_,s2469797,r,08/19/2026,09:07:54,eddie@node1r20.ecdf.ed.ac.uk,1,1184
57722554,0.00006,vim_array_,s2469797,r,08/19/2026,09:07:54,eddie@node1h10.ecdf.ed.ac.uk,1,1185
57722554,0.00006,vim_array_,s2469797,r,08/19/2026,09:07:54,eddie@node1h05.ecdf.ed.ac.uk,1,1186
57722554,0.00006,vim_array_,s2469797,r,08/19/2026,09:07:54,eddie@node1s13.ecdf.ed.ac.uk,1,1187
57722554,0.00006,vim_array_,s2469797,r,08/19/2026,09:07:54,eddie@node1r20.ecdf.ed.ac.uk,1,1188
57722554,0.00006,vim_array_,s2469797,r,08/19/2026,09:07:54,eddie@node1h08.ecdf.ed.ac.uk,1,1189
57722554,0.00006,vim_array_,s2469797,r,08/19/2026,09:07:54,eddie@node1s19.ecdf.ed.ac.uk,1,1190
57722554,0.00006,vim_array_,s2469797,r,08/19/2026,09:07:54,eddie@node1r09.ecdf.ed.ac.uk,1,1191
57722554,0.00006,vim_array_,s2469797,r,08/19/2026,09:07:09,eddie@node1f11.ecdf.ed.ac.uk,1,1154
57722554,0.00006,vim_array_,s2469797,r,08/19/2026,09:07:09,eddie@node1h04.ecdf.ed.ac.uk,1,1155
57722554,0.00006,vim_array_,s2469797,r,08/19/2026,09:07:09,eddie@node1s17.ecdf.ed.ac.uk,1,1156
57722554,0.00006,vim_array_,s2469797,r,08/19/2026,09:07:09,eddie@node1r09.ecdf.ed.ac.uk,1,1157
57722554,0.00006,vim_array_,s2469797,r,08/19/2026,09:07:09,eddie@node1s19.ecdf.ed.ac.uk,1,1158
57722554,0.00006,vim_array_,s2469797,r,08/19/2026,09:07:09,eddie@node1h12.ecdf.ed.ac.uk,1,1159
57722554,0.00006,vim_array_,s2469797,r,08/19/2026,09:07:09,eddie@node1r12.ecdf.ed.ac.uk,1,1160
57722554,0.00006,vim_array_,s2469797,r,08/19/2026,09:05:54,eddie@node1f08.ecdf.ed.ac.uk,1,1098
57722554,0.00006,vim_array_,s2469797,r,08/19/2026,09:05:54,eddie@node1f07.ecdf.ed.ac.uk,1,1099
57722554,0.00006,vim_array_,s2469797,r,08/19/2026,09:05:54,eddie@node1h07.ecdf.ed.ac.uk,1,1100
57722554,0.00006,vim_array_,s2469797,r,08/19/2026,09:05:54,eddie@node1s18.ecdf.ed.ac.uk,1,1101
57722554,0.00006,vim_array_,s2469797,r,08/19/2026,09:05:54,eddie@node1s19.ecdf.ed.ac.uk,1,1102
57722554,0.00006,vim_array_,s2469797,r,08/19/2026,09:05:54,eddie@node1r12.ecdf.ed.ac.uk,1,1103
57722554,0.00006,vim_array_,s2469797,r,08/19/2026,09:05:54,eddie@node1h12.ecdf.ed.ac.uk,1,1104
57722554,0.00006,vim_array_,s2469797,r,08/19/2026,09:05:54,eddie@node1h07.ecdf.ed.ac.uk,1,1105
57722554,0.00006,vim_array_,s2469797,r,08/19/2026,09:05:54,eddie@node1h10.ecdf.ed.ac.uk,1,1106
57722554,0.00006,vim_array_,s2469797,r,08/19/2026,09:05:54,eddie@node1j27.ecdf.ed.ac.uk,1,1107
57722554,0.00006,vim_array_,s2469797,r,08/19/2026,09:05:54,eddie@node1h04.ecdf.ed.ac.uk,1,1108
57722554,0.00006,vim_array_,s2469797,r,08/19/2026,09:05:24,eddie@node1f12.ecdf.ed.ac.uk,1,1082
57722554,0.00006,vim_array_,s2469797,r,08/19/2026,09:05:24,eddie@node1r12.ecdf.ed.ac.uk,1,1083
57722554,0.00006,vim_array_,s2469797,r,08/19/2026,09:05:24,eddie@node1s20.ecdf.ed.ac.uk,1,1084
57722554,0.00006,vim_array_,s2469797,r,08/19/2026,09:05:24,eddie@node1s18.ecdf.ed.ac.uk,1,1085
57722554,0.00006,vim_array_,s2469797,r,08/19/2026,09:05:24,eddie@node1s19.ecdf.ed.ac.uk,1,1086
57722554,0.00006,vim_array_,s2469797,r,08/19/2026,09:05:24,eddie@node1o09.ecdf.ed.ac.uk,1,1087
57722554,0.00006,vim_array_,s2469797,r,08/19/2026,09:05:24,eddie@node1r06.ecdf.ed.ac.uk,1,1088
57722554,0.00006,vim_array_,s2469797,r,08/19/2026,09:05:24,eddie@node1s17.ecdf.ed.ac.uk,1,1089
57722554,0.00006,vim_array_,s2469797,r,08/19/2026,09:05:09,eddie@node1h07.ecdf.ed.ac.uk,1,1079
57722554,0.00006,vim_array_,s2469797,r,08/19/2026,09:05:09,eddie@node1j27.ecdf.ed.ac.uk,1,1080
57722554,0.00006,vim_array_,s2469797,r,08/19/2026,09:05:09,eddie@node1j25.ecdf.ed.ac.uk,1,1081
57722554,0.00006,vim_array_,s2469797,r,08/19/2026,09:04:39,eddie@node1f07.ecdf.ed.ac.uk,1,1055
57722554,0.00006,vim_array_,s2469797,r,08/19/2026,09:04:39,eddie@node1f07.ecdf.ed.ac.uk,1,1056
57722554,0.00006,vim_array_,s2469797,r,08/19/2026,09:04:39,eddie@node1f11.ecdf.ed.ac.uk,1,1057
57722554,0.00006,vim_array_,s2469797,r,08/19/2026,09:04:39,eddie@node1o07.ecdf.ed.ac.uk,1,1058
57722554,0.00006,vim_array_,s2469797,r,08/19/2026,09:04:39,eddie@node1s19.ecdf.ed.ac.uk,1,1059
57722554,0.00006,vim_array_,s2469797,r,08/19/2026,09:04:39,eddie@node1s20.ecdf.ed.ac.uk,1,1060
57722554,0.00006,vim_array_,s2469797,r,08/19/2026,09:04:39,eddie@node1r12.ecdf.ed.ac.uk,1,1061
57722554,0.00006,vim_array_,s2469797,r,08/19/2026,09:04:39,eddie@node1r09.ecdf.ed.ac.uk,1,1062
57722554,0.00006,vim_array_,s2469797,r,08/19/2026,09:04:39,eddie@node1o08.ecdf.ed.ac.uk,1,1063
57722554,0.00006,vim_array_,s2469797,r,08/19/2026,09:04:39,eddie@node1s18.ecdf.ed.ac.uk,1,1064
57722554,0.00006,vim_array_,s2469797,r,08/19/2026,09:04:39,eddie@node1o09.ecdf.ed.ac.uk,1,1065
57722554,0.00006,vim_array_,s2469797,r,08/19/2026,09:04:39,eddie@node1s17.ecdf.ed.ac.uk,1,1066
57722554,0.00006,vim_array_,s2469797,r,08/19/2026,09:04:39,eddie@node1h08.ecdf.ed.ac.uk,1,1067
57722554,0.00006,vim_array_,s2469797,r,08/19/2026,09:04:39,eddie@node1o12.ecdf.ed.ac.uk,1,1068
57722554,0.00006,vim_array_,s2469797,r,08/19/2026,09:04:39,eddie@node1r06.ecdf.ed.ac.uk,1,1069
57722554,0.00006,vim_array_,s2469797,r,08/19/2026,09:04:54,eddie@node1f13.ecdf.ed.ac.uk,1,1070
57722554,0.00006,vim_array_,s2469797,r,08/19/2026,09:04:54,eddie@node1h16.ecdf.ed.ac.uk,1,1071
57722554,0.00006,vim_array_,s2469797,r,08/19/2026,09:04:54,eddie@node1h04.ecdf.ed.ac.uk,1,1072
57722554,0.00006,vim_array_,s2469797,r,08/19/2026,09:04:54,eddie@node1h09.ecdf.ed.ac.uk,1,1073
57722554,0.00006,vim_array_,s2469797,r,08/19/2026,09:04:54,eddie@node1s19.ecdf.ed.ac.uk,1,1074
57722554,0.00006,vim_array_,s2469797,r,08/19/2026,09:04:54,eddie@node1s14.ecdf.ed.ac.uk,1,1075
57722554,0.00006,vim_array_,s2469797,r,08/19/2026,09:04:54,eddie@node1o11.ecdf.ed.ac.uk,1,1076
57722554,0.00006,vim_array_,s2469797,r,08/19/2026,09:04:54,eddie@node1j26.ecdf.ed.ac.uk,1,1077
57722554,0.00006,vim_array_,s2469797,r,08/19/2026,09:04:54,eddie@node1r18.ecdf.ed.ac.uk,1,1078
57722554,0.00006,vim_array_,s2469797,r,08/19/2026,09:05:39,eddie@node1f15.ecdf.ed.ac.uk,1,1090
57722554,0.00006,vim_array_,s2469797,r,08/19/2026,09:05:39,eddie@node1f16.ecdf.ed.ac.uk,1,1091
57722554,0.00006,vim_array_,s2469797,r,08/19/2026,09:05:39,eddie@node1r09.ecdf.ed.ac.uk,1,1092
57722554,0.00006,vim_array_,s2469797,r,08/19/2026,09:05:39,eddie@node1r12.ecdf.ed.ac.uk,1,1093
57722554,0.00006,vim_array_,s2469797,r,08/19/2026,09:05:39,eddie@node1s20.ecdf.ed.ac.uk,1,1094
57722554,0.00006,vim_array_,s2469797,r,08/19/2026,09:05:39,eddie@node1h04.ecdf.ed.ac.uk,1,1095
57722554,0.00006,vim_array_,s2469797,r,08/19/2026,09:05:39,eddie@node1h09.ecdf.ed.ac.uk,1,1096
57722554,0.00006,vim_array_,s2469797,r,08/19/2026,09:05:39,eddie@node1s13.ecdf.ed.ac.uk,1,1097
57722554,0.00006,vim_array_,s2469797,r,08/19/2026,09:04:25,eddie@node1i16.ecdf.ed.ac.uk,1,1053
57722554,0.00006,vim_array_,s2469797,r,08/19/2026,09:04:25,eddie@node1r18.ecdf.ed.ac.uk,1,1054
57722554,0.00006,vim_array_,s2469797,r,08/19/2026,09:04:23,eddie@node1i16.ecdf.ed.ac.uk,1,1043
57722554,0.00006,vim_array_,s2469797,r,08/19/2026,09:04:23,eddie@node1s17.ecdf.ed.ac.uk,1,1044
57722554,0.00006,vim_array_,s2469797,r,08/19/2026,09:04:23,eddie@node1r12.ecdf.ed.ac.uk,1,1045
57722554,0.00006,vim_array_,s2469797,r,08/19/2026,09:04:23,eddie@node1h10.ecdf.ed.ac.uk,1,1046
57722554,0.00006,vim_array_,s2469797,r,08/19/2026,09:04:23,eddie@node1j27.ecdf.ed.ac.uk,1,1047
57722554,0.00006,vim_array_,s2469797,r,08/19/2026,09:04:23,eddie@node1h21.ecdf.ed.ac.uk,1,1048
57722554,0.00006,vim_array_,s2469797,r,08/19/2026,09:04:23,eddie@node1o11.ecdf.ed.ac.uk,1,1049
57722554,0.00006,vim_array_,s2469797,r,08/19/2026,09:04:23,eddie@node1h16.ecdf.ed.ac.uk,1,1050
57722554,0.00006,vim_array_,s2469797,r,08/19/2026,09:04:23,eddie@node1j25.ecdf.ed.ac.uk,1,1051
57722554,0.00006,vim_array_,s2469797,r,08/19/2026,09:04:23,eddie@node1r19.ecdf.ed.ac.uk,1,1052
57722554,0.00006,vim_array_,s2469797,r,08/19/2026,09:04:08,eddie@node1f12.ecdf.ed.ac.uk,1,1034
57722554,0.00006,vim_array_,s2469797,r,08/19/2026,09:04:08,eddie@node1j27.ecdf.ed.ac.uk,1,1035
57722554,0.00006,vim_array_,s2469797,r,08/19/2026,09:04:08,eddie@node1r06.ecdf.ed.ac.uk,1,1036
57722554,0.00006,vim_array_,s2469797,r,08/19/2026,09:04:08,eddie@node1h16.ecdf.ed.ac.uk,1,1037
57722554,0.00006,vim_array_,s2469797,r,08/19/2026,09:04:08,eddie@node1o07.ecdf.ed.ac.uk,1,1038
57722554,0.00006,vim_array_,s2469797,r,08/19/2026,09:04:08,eddie@node1s19.ecdf.ed.ac.uk,1,1039
57722554,0.00006,vim_array_,s2469797,r,08/19/2026,09:04:08,eddie@node1j26.ecdf.ed.ac.uk,1,1040
57722554,0.00006,vim_array_,s2469797,r,08/19/2026,09:04:08,eddie@node1r18.ecdf.ed.ac.uk,1,1041
57722554,0.00006,vim_array_,s2469797,r,08/19/2026,09:04:08,eddie@node1o09.ecdf.ed.ac.uk,1,1042
57722554,0.00006,vim_array_,s2469797,r,08/19/2026,09:03:53,eddie@node1f15.ecdf.ed.ac.uk,1,1024
57722554,0.00006,vim_array_,s2469797,r,08/19/2026,09:03:53,eddie@node1s19.ecdf.ed.ac.uk,1,1025
57722554,0.00006,vim_array_,s2469797,r,08/19/2026,09:03:53,eddie@node1o07.ecdf.ed.ac.uk,1,1026
57722554,0.00006,vim_array_,s2469797,r,08/19/2026,09:03:53,eddie@node1j25.ecdf.ed.ac.uk,1,1027
57722554,0.00006,vim_array_,s2469797,r,08/19/2026,09:03:53,eddie@node1h08.ecdf.ed.ac.uk,1,1028
57722554,0.00006,vim_array_,s2469797,r,08/19/2026,09:03:53,eddie@node1s20.ecdf.ed.ac.uk,1,1029
57722554,0.00006,vim_array_,s2469797,r,08/19/2026,09:03:53,eddie@node1s18.ecdf.ed.ac.uk,1,1030
57722554,0.00006,vim_array_,s2469797,r,08/19/2026,09:03:53,eddie@node1r20.ecdf.ed.ac.uk,1,1031
57722554,0.00006,vim_array_,s2469797,r,08/19/2026,09:03:53,eddie@node1o11.ecdf.ed.ac.uk,1,1032
57722554,0.00006,vim_array_,s2469797,r,08/19/2026,09:03:53,eddie@node1h09.ecdf.ed.ac.uk,1,1033
57722554,0.00006,vim_array_,s2469797,r,08/19/2026,09:03:38,eddie@node1o03.ecdf.ed.ac.uk,1,1012
57722554,0.00006,vim_array_,s2469797,r,08/19/2026,09:03:38,eddie@node1r18.ecdf.ed.ac.uk,1,1013
57722554,0.00006,vim_array_,s2469797,r,08/19/2026,09:03:38,eddie@node1s17.ecdf.ed.ac.uk,1,1014
57722554,0.00006,vim_array_,s2469797,r,08/19/2026,09:03:38,eddie@node1j27.ecdf.ed.ac.uk,1,1015
57722554,0.00006,vim_array_,s2469797,r,08/19/2026,09:03:38,eddie@node1r19.ecdf.ed.ac.uk,1,1016
57722554,0.00006,vim_array_,s2469797,r,08/19/2026,09:03:38,eddie@node1r12.ecdf.ed.ac.uk,1,1017
57722554,0.00006,vim_array_,s2469797,r,08/19/2026,09:03:38,eddie@node1h03.ecdf.ed.ac.uk,1,1018
57722554,0.00006,vim_array_,s2469797,r,08/19/2026,09:03:38,eddie@node1h10.ecdf.ed.ac.uk,1,1019
57722554,0.00006,vim_array_,s2469797,r,08/19/2026,09:03:38,eddie@node1h24.ecdf.ed.ac.uk,1,1020
57722554,0.00006,vim_array_,s2469797,r,08/19/2026,09:03:38,eddie@node1h04.ecdf.ed.ac.uk,1,1021
57722554,0.00006,vim_array_,s2469797,r,08/19/2026,09:03:38,eddie@node1r09.ecdf.ed.ac.uk,1,1022
57722554,0.00006,vim_array_,s2469797,r,08/19/2026,09:03:38,eddie@node1h07.ecdf.ed.ac.uk,1,1023
57722554,0.00006,vim_array_,s2469797,r,08/19/2026,09:03:23,eddie@node1h08.ecdf.ed.ac.uk,1,1003
57722554,0.00006,vim_array_,s2469797,r,08/19/2026,09:03:23,eddie@node1s20.ecdf.ed.ac.uk,1,1004
57722554,0.00006,vim_array_,s2469797,r,08/19/2026,09:03:23,eddie@node1h09.ecdf.ed.ac.uk,1,1005
57722554,0.00006,vim_array_,s2469797,r,08/19/2026,09:03:23,eddie@node1h16.ecdf.ed.ac.uk,1,1006
57722554,0.00006,vim_array_,s2469797,r,08/19/2026,09:03:23,eddie@node1r06.ecdf.ed.ac.uk,1,1007
57722554,0.00006,vim_array_,s2469797,r,08/19/2026,09:03:23,eddie@node1m16.ecdf.ed.ac.uk,1,1008
57722554,0.00006,vim_array_,s2469797,r,08/19/2026,09:03:23,eddie@node1o09.ecdf.ed.ac.uk,1,1009
57722554,0.00006,vim_array_,s2469797,r,08/19/2026,09:03:23,eddie@node1o11.ecdf.ed.ac.uk,1,1010
57722554,0.00006,vim_array_,s2469797,r,08/19/2026,09:03:23,eddie@node1o07.ecdf.ed.ac.uk,1,1011
57722554,0.00006,vim_array_,s2469797,r,08/19/2026,09:02:24,eddie@node1i16.ecdf.ed.ac.uk,1,963
57722554,0.00006,vim_array_,s2469797,r,08/19/2026,09:02:24,eddie@node1f10.ecdf.ed.ac.uk,1,964
57722554,0.00006,vim_array_,s2469797,r,08/19/2026,09:02:24,eddie@node1f10.ecdf.ed.ac.uk,1,965
57722554,0.00006,vim_array_,s2469797,r,08/19/2026,09:02:24,eddie@node1r19.ecdf.ed.ac.uk,1,966
57722554,0.00006,vim_array_,s2469797,r,08/19/2026,09:02:24,eddie@node1h04.ecdf.ed.ac.uk,1,967
57722554,0.00006,vim_array_,s2469797,r,08/19/2026,09:02:24,eddie@node1s17.ecdf.ed.ac.uk,1,968
57722554,0.00006,vim_array_,s2469797,r,08/19/2026,09:02:24,eddie@node1r05.ecdf.ed.ac.uk,1,969
57722554,0.00006,vim_array_,s2469797,r,08/19/2026,09:02:24,eddie@node1h21.ecdf.ed.ac.uk,1,970
57722554,0.00006,vim_array_,s2469797,r,08/19/2026,09:02:24,eddie@node1h05.ecdf.ed.ac.uk,1,971
57722554,0.00006,vim_array_,s2469797,r,08/19/2026,09:02:24,eddie@node1h09.ecdf.ed.ac.uk,1,972
57722554,0.00006,vim_array_,s2469797,r,08/19/2026,09:02:38,eddie@node1f13.ecdf.ed.ac.uk,1,973
57722554,0.00006,vim_array_,s2469797,r,08/19/2026,09:02:38,eddie@node1f12.ecdf.ed.ac.uk,1,974
57722554,0.00006,vim_array_,s2469797,r,08/19/2026,09:02:38,eddie@node1l27.ecdf.ed.ac.uk,1,975
57722554,0.00006,vim_array_,s2469797,r,08/19/2026,09:02:38,eddie@node1r06.ecdf.ed.ac.uk,1,976
57722554,0.00006,vim_array_,s2469797,r,08/19/2026,09:02:38,eddie@node1h16.ecdf.ed.ac.uk,1,977
57722554,0.00006,vim_array_,s2469797,r,08/19/2026,09:02:38,eddie@node1h03.ecdf.ed.ac.uk,1,978
57722554,0.00006,vim_array_,s2469797,r,08/19/2026,09:02:38,eddie@node1o07.ecdf.ed.ac.uk,1,979
57722554,0.00006,vim_array_,s2469797,r,08/19/2026,09:02:38,eddie@node1j25.ecdf.ed.ac.uk,1,980
57722554,0.00006,vim_array_,s2469797,r,08/19/2026,09:02:38,eddie@node1j27.ecdf.ed.ac.uk,1,981
57722554,0.00006,vim_array_,s2469797,r,08/19/2026,09:02:38,eddie@node1o09.ecdf.ed.ac.uk,1,982
57722554,0.00006,vim_array_,s2469797,r,08/19/2026,09:02:38,eddie@node1o11.ecdf.ed.ac.uk,1,983
57722554,0.00006,vim_array_,s2469797,r,08/19/2026,09:02:38,eddie@node1r12.ecdf.ed.ac.uk,1,984
57722554,0.00006,vim_array_,s2469797,r,08/19/2026,09:02:08,eddie@node1l28.ecdf.ed.ac.uk,1,954
57722554,0.00006,vim_array_,s2469797,r,08/19/2026,09:02:08,eddie@node1h04.ecdf.ed.ac.uk,1,955
57722554,0.00006,vim_array_,s2469797,r,08/19/2026,09:02:08,eddie@node1h21.ecdf.ed.ac.uk,1,956
57722554,0.00006,vim_array_,s2469797,r,08/19/2026,09:02:08,eddie@node1j25.ecdf.ed.ac.uk,1,957
57722554,0.00006,vim_array_,s2469797,r,08/19/2026,09:02:08,eddie@node1r06.ecdf.ed.ac.uk,1,958
57722554,0.00006,vim_array_,s2469797,r,08/19/2026,09:02:08,eddie@node1m16.ecdf.ed.ac.uk,1,959
57722554,0.00006,vim_array_,s2469797,r,08/19/2026,09:02:08,eddie@node1o07.ecdf.ed.ac.uk,1,960
57722554,0.00006,vim_array_,s2469797,r,08/19/2026,09:02:08,eddie@node1j27.ecdf.ed.ac.uk,1,961
57722554,0.00006,vim_array_,s2469797,r,08/19/2026,09:02:08,eddie@node1h08.ecdf.ed.ac.uk,1,962
57722554,0.00006,vim_array_,s2469797,r,08/19/2026,09:01:38,eddie@node1f11.ecdf.ed.ac.uk,1,938
57722554,0.00006,vim_array_,s2469797,r,08/19/2026,09:01:38,eddie@node1i16.ecdf.ed.ac.uk,1,939
57722554,0.00006,vim_array_,s2469797,r,08/19/2026,09:01:38,eddie@node1f10.ecdf.ed.ac.uk,1,940
57722554,0.00006,vim_array_,s2469797,r,08/19/2026,09:01:38,eddie@node1h04.ecdf.ed.ac.uk,1,941
57722554,0.00006,vim_array_,s2469797,r,08/19/2026,09:01:38,eddie@node1h11.ecdf.ed.ac.uk,1,942
57722554,0.00006,vim_array_,s2469797,r,08/19/2026,09:01:38,eddie@node1h03.ecdf.ed.ac.uk,1,943
57722554,0.00006,vim_array_,s2469797,r,08/19/2026,09:01:38,eddie@node1s17.ecdf.ed.ac.uk,1,944
57722554,0.00006,vim_array_,s2469797,r,08/19/2026,09:01:38,eddie@node1r19.ecdf.ed.ac.uk,1,945
57722554,0.00006,vim_array_,s2469797,r,08/19/2026,09:01:38,eddie@node1o11.ecdf.ed.ac.uk,1,946
57722554,0.00006,vim_array_,s2469797,r,08/19/2026,09:01:53,eddie@node1i16.ecdf.ed.ac.uk,1,947
57722554,0.00006,vim_array_,s2469797,r,08/19/2026,09:01:53,eddie@node1f12.ecdf.ed.ac.uk,1,948
57722554,0.00006,vim_array_,s2469797,r,08/19/2026,09:01:53,eddie@node1o03.ecdf.ed.ac.uk,1,949
57722554,0.00006,vim_array_,s2469797,r,08/19/2026,09:01:53,eddie@node1l27.ecdf.ed.ac.uk,1,950
57722554,0.00006,vim_array_,s2469797,r,08/19/2026,09:01:53,eddie@node1o09.ecdf.ed.ac.uk,1,951
57722554,0.00006,vim_array_,s2469797,r,08/19/2026,09:01:53,eddie@node1h16.ecdf.ed.ac.uk,1,952
57722554,0.00006,vim_array_,s2469797,r,08/19/2026,09:01:53,eddie@node1h04.ecdf.ed.ac.uk,1,953
57722554,0.00006,vim_array_,s2469797,r,08/19/2026,09:03:08,eddie@node1f15.ecdf.ed.ac.uk,1,992
57722554,0.00006,vim_array_,s2469797,r,08/19/2026,09:03:08,eddie@node1f13.ecdf.ed.ac.uk,1,993
57722554,0.00006,vim_array_,s2469797,r,08/19/2026,09:03:08,eddie@node1r14.ecdf.ed.ac.uk,1,994
57722554,0.00006,vim_array_,s2469797,r,08/19/2026,09:03:08,eddie@node1r14.ecdf.ed.ac.uk,1,995
57722554,0.00006,vim_array_,s2469797,r,08/19/2026,09:03:08,eddie@node1r06.ecdf.ed.ac.uk,1,996
57722554,0.00006,vim_array_,s2469797,r,08/19/2026,09:03:08,eddie@node1s17.ecdf.ed.ac.uk,1,997
57722554,0.00006,vim_array_,s2469797,r,08/19/2026,09:03:08,eddie@node1h04.ecdf.ed.ac.uk,1,998
57722554,0.00006,vim_array_,s2469797,r,08/19/2026,09:03:08,eddie@node1s20.ecdf.ed.ac.uk,1,999
57722554,0.00006,vim_array_,s2469797,r,08/19/2026,09:03:08,eddie@node1o07.ecdf.ed.ac.uk,1,1000
57722554,0.00006,vim_array_,s2469797,r,08/19/2026,09:03:08,eddie@node1j25.ecdf.ed.ac.uk,1,1001
57722554,0.00006,vim_array_,s2469797,r,08/19/2026,09:03:08,eddie@node1j27.ecdf.ed.ac.uk,1,1002
57722554,0.00006,vim_array_,s2469797,r,08/19/2026,09:01:23,eddie@node1l28.ecdf.ed.ac.uk,1,931
57722554,0.00006,vim_array_,s2469797,r,08/19/2026,09:01:23,eddie@node1h04.ecdf.ed.ac.uk,1,932
57722554,0.00006,vim_array_,s2469797,r,08/19/2026,09:01:23,eddie@node1h04.ecdf.ed.ac.uk,1,933
57722554,0.00006,vim_array_,s2469797,r,08/19/2026,09:01:23,eddie@node1s17.ecdf.ed.ac.uk,1,934
57722554,0.00006,vim_array_,s2469797,r,08/19/2026,09:01:23,eddie@node1h08.ecdf.ed.ac.uk,1,935
57722554,0.00006,vim_array_,s2469797,r,08/19/2026,09:01:23,eddie@node1r06.ecdf.ed.ac.uk,1,936
57722554,0.00006,vim_array_,s2469797,r,08/19/2026,09:01:23,eddie@node1r12.ecdf.ed.ac.uk,1,937
57722554,0.00006,vim_array_,s2469797,r,08/19/2026,09:02:53,eddie@node1r14.ecdf.ed.ac.uk,1,985
57722554,0.00006,vim_array_,s2469797,r,08/19/2026,09:02:53,eddie@node1h04.ecdf.ed.ac.uk,1,986
57722554,0.00006,vim_array_,s2469797,r,08/19/2026,09:02:53,eddie@node1h08.ecdf.ed.ac.uk,1,987
57722554,0.00006,vim_array_,s2469797,r,08/19/2026,09:02:53,eddie@node1r09.ecdf.ed.ac.uk,1,988
57722554,0.00006,vim_array_,s2469797,r,08/19/2026,09:02:53,eddie@node1h11.ecdf.ed.ac.uk,1,989
57722554,0.00006,vim_array_,s2469797,r,08/19/2026,09:02:53,eddie@node1h10.ecdf.ed.ac.uk,1,990
57722554,0.00006,vim_array_,s2469797,r,08/19/2026,09:02:53,eddie@node1r19.ecdf.ed.ac.uk,1,991
57722554,0.00006,vim_array_,s2469797,r,08/19/2026,09:00:53,eddie@node1r14.ecdf.ed.ac.uk,1,905
57722554,0.00006,vim_array_,s2469797,r,08/19/2026,09:00:53,eddie@node1r14.ecdf.ed.ac.uk,1,906
57722554,0.00006,vim_array_,s2469797,r,08/19/2026,09:00:53,eddie@node1l27.ecdf.ed.ac.uk,1,907
57722554,0.00006,vim_array_,s2469797,r,08/19/2026,09:00:53,eddie@node1h16.ecdf.ed.ac.uk,1,908
57722554,0.00006,vim_array_,s2469797,r,08/19/2026,09:00:53,eddie@node1r06.ecdf.ed.ac.uk,1,909
57722554,0.00006,vim_array_,s2469797,r,08/19/2026,09:00:53,eddie@node1s17.ecdf.ed.ac.uk,1,910
57722554,0.00006,vim_array_,s2469797,r,08/19/2026,09:00:53,eddie@node1r19.ecdf.ed.ac.uk,1,911
57722554,0.00006,vim_array_,s2469797,r,08/19/2026,09:00:53,eddie@node1s20.ecdf.ed.ac.uk,1,912
57722554,0.00006,vim_array_,s2469797,r,08/19/2026,09:00:53,eddie@node1h04.ecdf.ed.ac.uk,1,913
57722554,0.00006,vim_array_,s2469797,r,08/19/2026,09:00:53,eddie@node1h15.ecdf.ed.ac.uk,1,914
57722554,0.00006,vim_array_,s2469797,r,08/19/2026,09:00:53,eddie@node1r08.ecdf.ed.ac.uk,1,915
57722554,0.00006,vim_array_,s2469797,r,08/19/2026,09:00:53,eddie@node1h03.ecdf.ed.ac.uk,1,916
57722554,0.00006,vim_array_,s2469797,r,08/19/2026,09:00:53,eddie@node1j25.ecdf.ed.ac.uk,1,917
57722554,0.00006,vim_array_,s2469797,r,08/19/2026,09:00:53,eddie@node1s14.ecdf.ed.ac.uk,1,918
57722554,0.00006,vim_array_,s2469797,r,08/19/2026,09:00:23,eddie@node1r14.ecdf.ed.ac.uk,1,885
57722554,0.00006,vim_array_,s2469797,r,08/19/2026,09:00:23,eddie@node1r14.ecdf.ed.ac.uk,1,886
57722554,0.00006,vim_array_,s2469797,r,08/19/2026,09:00:23,eddie@node1l24.ecdf.ed.ac.uk,1,887
57722554,0.00006,vim_array_,s2469797,r,08/19/2026,09:00:23,eddie@node1l24.ecdf.ed.ac.uk,1,888
57722554,0.00006,vim_array_,s2469797,r,08/19/2026,09:00:23,eddie@node1h16.ecdf.ed.ac.uk,1,889
57722554,0.00006,vim_array_,s2469797,r,08/19/2026,09:00:23,eddie@node1h04.ecdf.ed.ac.uk,1,890
57722554,0.00006,vim_array_,s2469797,r,08/19/2026,09:00:23,eddie@node1h21.ecdf.ed.ac.uk,1,891
57722554,0.00006,vim_array_,s2469797,r,08/19/2026,09:00:23,eddie@node1o07.ecdf.ed.ac.uk,1,892
57722554,0.00006,vim_array_,s2469797,r,08/19/2026,09:00:23,eddie@node1h23.ecdf.ed.ac.uk,1,893
57722554,0.00006,vim_array_,s2469797,r,08/19/2026,09:00:23,eddie@node1s13.ecdf.ed.ac.uk,1,894
57722554,0.00006,vim_array_,s2469797,r,08/19/2026,09:00:23,eddie@node1r09.ecdf.ed.ac.uk,1,895
57722554,0.00006,vim_array_,s2469797,r,08/19/2026,09:00:23,eddie@node1h12.ecdf.ed.ac.uk,1,896
57722554,0.00006,vim_array_,s2469797,r,08/19/2026,09:00:23,eddie@node1m14.ecdf.ed.ac.uk,1,897
57722554,0.00006,vim_array_,s2469797,r,08/19/2026,09:01:08,eddie@node1f13.ecdf.ed.ac.uk,1,919
57722554,0.00006,vim_array_,s2469797,r,08/19/2026,09:01:08,eddie@node1i16.ecdf.ed.ac.uk,1,920
57722554,0.00006,vim_array_,s2469797,r,08/19/2026,09:01:08,eddie@node1r14.ecdf.ed.ac.uk,1,921
57722554,0.00006,vim_array_,s2469797,r,08/19/2026,09:01:08,eddie@node1o03.ecdf.ed.ac.uk,1,922
57722554,0.00006,vim_array_,s2469797,r,08/19/2026,09:01:08,eddie@node1o03.ecdf.ed.ac.uk,1,923
57722554,0.00006,vim_array_,s2469797,r,08/19/2026,09:01:08,eddie@node1l27.ecdf.ed.ac.uk,1,924
57722554,0.00006,vim_array_,s2469797,r,08/19/2026,09:01:08,eddie@node1h16.ecdf.ed.ac.uk,1,925
57722554,0.00006,vim_array_,s2469797,r,08/19/2026,09:01:08,eddie@node1m14.ecdf.ed.ac.uk,1,926
57722554,0.00006,vim_array_,s2469797,r,08/19/2026,09:01:08,eddie@node1j27.ecdf.ed.ac.uk,1,927
57722554,0.00006,vim_array_,s2469797,r,08/19/2026,09:01:08,eddie@node1h09.ecdf.ed.ac.uk,1,928
57722554,0.00006,vim_array_,s2469797,r,08/19/2026,09:01:08,eddie@node1j28.ecdf.ed.ac.uk,1,929
57722554,0.00006,vim_array_,s2469797,r,08/19/2026,09:01:08,eddie@node1h21.ecdf.ed.ac.uk,1,930
57722554,0.00006,vim_array_,s2469797,r,08/19/2026,08:59:38,eddie@node1o03.ecdf.ed.ac.uk,1,857
57722554,0.00006,vim_array_,s2469797,r,08/19/2026,08:59:38,eddie@node1h21.ecdf.ed.ac.uk,1,858
57722554,0.00006,vim_array_,s2469797,r,08/19/2026,08:59:38,eddie@node1h03.ecdf.ed.ac.uk,1,859
57722554,0.00006,vim_array_,s2469797,r,08/19/2026,08:59:38,eddie@node1h04.ecdf.ed.ac.uk,1,860
57722554,0.00006,vim_array_,s2469797,r,08/19/2026,08:59:38,eddie@node1s19.ecdf.ed.ac.uk,1,861
57722554,0.00006,vim_array_,s2469797,r,08/19/2026,08:59:38,eddie@node1o11.ecdf.ed.ac.uk,1,862
57722554,0.00006,vim_array_,s2469797,r,08/19/2026,08:59:38,eddie@node1s17.ecdf.ed.ac.uk,1,863
57722554,0.00006,vim_array_,s2469797,r,08/19/2026,08:59:38,eddie@node1o07.ecdf.ed.ac.uk,1,864
57722554,0.00006,vim_array_,s2469797,r,08/19/2026,08:59:38,eddie@node1h16.ecdf.ed.ac.uk,1,865
57722554,0.00006,vim_array_,s2469797,r,08/19/2026,08:59:38,eddie@node1m14.ecdf.ed.ac.uk,1,866
57722554,0.00006,vim_array_,s2469797,r,08/19/2026,08:59:38,eddie@node1s20.ecdf.ed.ac.uk,1,867
57722554,0.00006,vim_array_,s2469797,r,08/19/2026,09:00:08,eddie@node1i16.ecdf.ed.ac.uk,1,876
57722554,0.00006,vim_array_,s2469797,r,08/19/2026,09:00:08,eddie@node1f11.ecdf.ed.ac.uk,1,877
57722554,0.00006,vim_array_,s2469797,r,08/19/2026,09:00:08,eddie@node1o03.ecdf.ed.ac.uk,1,878
57722554,0.00006,vim_array_,s2469797,r,08/19/2026,09:00:08,eddie@node1o03.ecdf.ed.ac.uk,1,879
57722554,0.00006,vim_array_,s2469797,r,08/19/2026,09:00:08,eddie@node1o03.ecdf.ed.ac.uk,1,880
57722554,0.00006,vim_array_,s2469797,r,08/19/2026,09:00:08,eddie@node1h04.ecdf.ed.ac.uk,1,881
57722554,0.00006,vim_array_,s2469797,r,08/19/2026,09:00:08,eddie@node1h03.ecdf.ed.ac.uk,1,882
57722554,0.00006,vim_array_,s2469797,r,08/19/2026,09:00:08,eddie@node1r19.ecdf.ed.ac.uk,1,883
57722554,0.00006,vim_array_,s2469797,r,08/19/2026,09:00:08,eddie@node1s17.ecdf.ed.ac.uk,1,884
57722554,0.00006,vim_array_,s2469797,r,08/19/2026,08:59:53,eddie@node1f10.ecdf.ed.ac.uk,1,868
57722554,0.00006,vim_array_,s2469797,r,08/19/2026,08:59:53,eddie@node1f10.ecdf.ed.ac.uk,1,869
57722554,0.00006,vim_array_,s2469797,r,08/19/2026,08:59:53,eddie@node1l27.ecdf.ed.ac.uk,1,870
57722554,0.00006,vim_array_,s2469797,r,08/19/2026,08:59:53,eddie@node1h21.ecdf.ed.ac.uk,1,871
57722554,0.00006,vim_array_,s2469797,r,08/19/2026,08:59:53,eddie@node1r06.ecdf.ed.ac.uk,1,872
57722554,0.00006,vim_array_,s2469797,r,08/19/2026,08:59:53,eddie@node1j25.ecdf.ed.ac.uk,1,873
57722554,0.00006,vim_array_,s2469797,r,08/19/2026,08:59:53,eddie@node1o14.ecdf.ed.ac.uk,1,874
57722554,0.00006,vim_array_,s2469797,r,08/19/2026,08:59:53,eddie@node1r12.ecdf.ed.ac.uk,1,875
57722554,0.00006,vim_array_,s2469797,r,08/19/2026,09:00:38,eddie@node1o03.ecdf.ed.ac.uk,1,898
57722554,0.00006,vim_array_,s2469797,r,08/19/2026,09:00:38,eddie@node1h04.ecdf.ed.ac.uk,1,899
57722554,0.00006,vim_array_,s2469797,r,08/19/2026,09:00:38,eddie@node1h04.ecdf.ed.ac.uk,1,900
57722554,0.00006,vim_array_,s2469797,r,08/19/2026,09:00:38,eddie@node1m14.ecdf.ed.ac.uk,1,901
57722554,0.00006,vim_array_,s2469797,r,08/19/2026,09:00:38,eddie@node1h03.ecdf.ed.ac.uk,1,902
57722554,0.00006,vim_array_,s2469797,r,08/19/2026,09:00:38,eddie@node1o11.ecdf.ed.ac.uk,1,903
57722554,0.00006,vim_array_,s2469797,r,08/19/2026,09:00:38,eddie@node1h11.ecdf.ed.ac.uk,1,904
57722554,0.00006,vim_array_,s2469797,r,08/19/2026,08:59:23,eddie@node1r14.ecdf.ed.ac.uk,1,849
57722554,0.00006,vim_array_,s2469797,r,08/19/2026,08:59:23,eddie@node1r14.ecdf.ed.ac.uk,1,850
57722554,0.00006,vim_array_,s2469797,r,08/19/2026,08:59:23,eddie@node1r14.ecdf.ed.ac.uk,1,851
57722554,0.00006,vim_array_,s2469797,r,08/19/2026,08:59:23,eddie@node1r14.ecdf.ed.ac.uk,1,852
57722554,0.00006,vim_array_,s2469797,r,08/19/2026,08:59:23,eddie@node1o03.ecdf.ed.ac.uk,1,853
57722554,0.00006,vim_array_,s2469797,r,08/19/2026,08:59:23,eddie@node1r06.ecdf.ed.ac.uk,1,854
57722554,0.00006,vim_array_,s2469797,r,08/19/2026,08:59:23,eddie@node1h11.ecdf.ed.ac.uk,1,855
57722554,0.00006,vim_array_,s2469797,r,08/19/2026,08:59:23,eddie@node1j27.ecdf.ed.ac.uk,1,856
57722447,0.00006,ce1,gs10us1,r,08/19/2026,07:01:45,eddie@node1l12.ecdf.ed.ac.uk,1
57722554,0.00006,vim_array_,s2469797,r,08/19/2026,08:58:53,eddie@node1h03.ecdf.ed.ac.uk,1,832
57722554,0.00006,vim_array_,s2469797,r,08/19/2026,08:58:53,eddie@node1s20.ecdf.ed.ac.uk,1,833
57722554,0.00006,vim_array_,s2469797,r,08/19/2026,08:58:53,eddie@node1h21.ecdf.ed.ac.uk,1,834
57722554,0.00006,vim_array_,s2469797,r,08/19/2026,08:58:53,eddie@node1o11.ecdf.ed.ac.uk,1,835
57722554,0.00006,vim_array_,s2469797,r,08/19/2026,08:58:53,eddie@node1r12.ecdf.ed.ac.uk,1,836
57722554,0.00006,vim_array_,s2469797,r,08/19/2026,08:58:53,eddie@node1o12.ecdf.ed.ac.uk,1,837
57722554,0.00006,vim_array_,s2469797,r,08/19/2026,08:58:53,eddie@node1r19.ecdf.ed.ac.uk,1,838
57722554,0.00006,vim_array_,s2469797,r,08/19/2026,08:58:53,eddie@node1j26.ecdf.ed.ac.uk,1,839
57722554,0.00006,vim_array_,s2469797,r,08/19/2026,08:58:53,eddie@node1s18.ecdf.ed.ac.uk,1,840
57722554,0.00006,vim_array_,s2469797,r,08/19/2026,08:58:53,eddie@node1o08.ecdf.ed.ac.uk,1,841
57722554,0.00006,vim_array_,s2469797,r,08/19/2026,08:59:08,eddie@node1f09.ecdf.ed.ac.uk,1,842
57722554,0.00006,vim_array_,s2469797,r,08/19/2026,08:59:08,eddie@node1f10.ecdf.ed.ac.uk,1,843
57722554,0.00006,vim_array_,s2469797,r,08/19/2026,08:59:08,eddie@node1r14.ecdf.ed.ac.uk,1,844
57722554,0.00006,vim_array_,s2469797,r,08/19/2026,08:59:08,eddie@node1o07.ecdf.ed.ac.uk,1,845
57722554,0.00006,vim_array_,s2469797,r,08/19/2026,08:59:08,eddie@node1j25.ecdf.ed.ac.uk,1,846
57722554,0.00006,vim_array_,s2469797,r,08/19/2026,08:59:08,eddie@node1h04.ecdf.ed.ac.uk,1,847
57722554,0.00006,vim_array_,s2469797,r,08/19/2026,08:59:08,eddie@node1s17.ecdf.ed.ac.uk,1,848
57722554,0.00006,vim_array_,s2469797,r,08/19/2026,08:58:23,eddie@node1f12.ecdf.ed.ac.uk,1,809
57722554,0.00006,vim_array_,s2469797,r,08/19/2026,08:58:23,eddie@node1f09.ecdf.ed.ac.uk,1,810
57722554,0.00006,vim_array_,s2469797,r,08/19/2026,08:58:23,eddie@node1f10.ecdf.ed.ac.uk,1,811
57722554,0.00006,vim_array_,s2469797,r,08/19/2026,08:58:23,eddie@node1r14.ecdf.ed.ac.uk,1,812
57722554,0.00006,vim_array_,s2469797,r,08/19/2026,08:58:23,eddie@node1r14.ecdf.ed.ac.uk,1,813
57722554,0.00006,vim_array_,s2469797,r,08/19/2026,08:58:23,eddie@node1l27.ecdf.ed.ac.uk,1,814
57722554,0.00006,vim_array_,s2469797,r,08/19/2026,08:58:23,eddie@node1o10.ecdf.ed.ac.uk,1,815
57722554,0.00006,vim_array_,s2469797,r,08/19/2026,08:58:23,eddie@node1h23.ecdf.ed.ac.uk,1,816
57722554,0.00006,vim_array_,s2469797,r,08/19/2026,08:58:23,eddie@node1s13.ecdf.ed.ac.uk,1,817
57722554,0.00006,vim_array_,s2469797,r,08/19/2026,08:58:23,eddie@node1j25.ecdf.ed.ac.uk,1,818
57722554,0.00006,vim_array_,s2469797,r,08/19/2026,08:58:23,eddie@node1h15.ecdf.ed.ac.uk,1,819
57722554,0.00006,vim_array_,s2469797,r,08/19/2026,08:58:23,eddie@node1r07.ecdf.ed.ac.uk,1,820
57722554,0.00006,vim_array_,s2469797,r,08/19/2026,08:58:23,eddie@node1h11.ecdf.ed.ac.uk,1,821
57722554,0.00006,vim_array_,s2469797,r,08/19/2026,08:58:23,eddie@node1h04.ecdf.ed.ac.uk,1,822
57722554,0.00006,vim_array_,s2469797,r,08/19/2026,08:57:53,eddie@node1f09.ecdf.ed.ac.uk,1,787
57722554,0.00006,vim_array_,s2469797,r,08/19/2026,08:57:53,eddie@node1r14.ecdf.ed.ac.uk,1,788
57722554,0.00006,vim_array_,s2469797,r,08/19/2026,08:57:53,eddie@node1o03.ecdf.ed.ac.uk,1,789
57722554,0.00006,vim_array_,s2469797,r,08/19/2026,08:57:53,eddie@node1l24.ecdf.ed.ac.uk,1,790
57722554,0.00006,vim_array_,s2469797,r,08/19/2026,08:57:53,eddie@node1l28.ecdf.ed.ac.uk,1,791
57722554,0.00006,vim_array_,s2469797,r,08/19/2026,08:57:53,eddie@node1l27.ecdf.ed.ac.uk,1,792
57722554,0.00006,vim_array_,s2469797,r,08/19/2026,08:57:53,eddie@node1s19.ecdf.ed.ac.uk,1,793
57722554,0.00006,vim_array_,s2469797,r,08/19/2026,08:57:53,eddie@node1r12.ecdf.ed.ac.uk,1,794
57722554,0.00006,vim_array_,s2469797,r,08/19/2026,08:57:53,eddie@node1o07.ecdf.ed.ac.uk,1,795
57722554,0.00006,vim_array_,s2469797,r,08/19/2026,08:57:53,eddie@node1j26.ecdf.ed.ac.uk,1,796
57722554,0.00006,vim_array_,s2469797,r,08/19/2026,08:57:53,eddie@node1h10.ecdf.ed.ac.uk,1,797
57722554,0.00006,vim_array_,s2469797,r,08/19/2026,08:57:53,eddie@node1r08.ecdf.ed.ac.uk,1,798
57722554,0.00006,vim_array_,s2469797,r,08/19/2026,08:58:08,eddie@node1f10.ecdf.ed.ac.uk,1,799
57722554,0.00006,vim_array_,s2469797,r,08/19/2026,08:58:08,eddie@node1f10.ecdf.ed.ac.uk,1,800
57722554,0.00006,vim_array_,s2469797,r,08/19/2026,08:58:08,eddie@node1r14.ecdf.ed.ac.uk,1,801
57722554,0.00006,vim_array_,s2469797,r,08/19/2026,08:58:08,eddie@node1o03.ecdf.ed.ac.uk,1,802
57722554,0.00006,vim_array_,s2469797,r,08/19/2026,08:58:08,eddie@node1l28.ecdf.ed.ac.uk,1,803
57722554,0.00006,vim_array_,s2469797,r,08/19/2026,08:58:08,eddie@node1s17.ecdf.ed.ac.uk,1,804
57722554,0.00006,vim_array_,s2469797,r,08/19/2026,08:58:08,eddie@node1r19.ecdf.ed.ac.uk,1,805
57722554,0.00006,vim_array_,s2469797,r,08/19/2026,08:58:08,eddie@node1o14.ecdf.ed.ac.uk,1,806
57722554,0.00006,vim_array_,s2469797,r,08/19/2026,08:58:08,eddie@node1h22.ecdf.ed.ac.uk,1,807
57722554,0.00006,vim_array_,s2469797,r,08/19/2026,08:58:08,eddie@node1h12.ecdf.ed.ac.uk,1,808
57722554,0.00006,vim_array_,s2469797,r,08/19/2026,08:58:38,eddie@node1l24.ecdf.ed.ac.uk,1,823
57722554,0.00006,vim_array_,s2469797,r,08/19/2026,08:58:38,eddie@node1o03.ecdf.ed.ac.uk,1,824
57722554,0.00006,vim_array_,s2469797,r,08/19/2026,08:58:38,eddie@node1o03.ecdf.ed.ac.uk,1,825
57722554,0.00006,vim_array_,s2469797,r,08/19/2026,08:58:38,eddie@node1l27.ecdf.ed.ac.uk,1,826
57722554,0.00006,vim_array_,s2469797,r,08/19/2026,08:58:38,eddie@node1l27.ecdf.ed.ac.uk,1,827
57722554,0.00006,vim_array_,s2469797,r,08/19/2026,08:58:38,eddie@node1o07.ecdf.ed.ac.uk,1,828
57722554,0.00006,vim_array_,s2469797,r,08/19/2026,08:58:38,eddie@node1h16.ecdf.ed.ac.uk,1,829
57722554,0.00006,vim_array_,s2469797,r,08/19/2026,08:58:38,eddie@node1r20.ecdf.ed.ac.uk,1,830
57722554,0.00006,vim_array_,s2469797,r,08/19/2026,08:58:38,eddie@node1r06.ecdf.ed.ac.uk,1,831
57722554,0.00006,vim_array_,s2469797,r,08/19/2026,08:57:24,eddie@node1o11.ecdf.ed.ac.uk,1,777
57722554,0.00006,vim_array_,s2469797,r,08/19/2026,08:57:24,eddie@node1j27.ecdf.ed.ac.uk,1,778
57722554,0.00006,vim_array_,s2469797,r,08/19/2026,08:57:24,eddie@node1h21.ecdf.ed.ac.uk,1,779
57722554,0.00006,vim_array_,s2469797,r,08/19/2026,08:57:24,eddie@node1r18.ecdf.ed.ac.uk,1,780
57722554,0.00006,vim_array_,s2469797,r,08/19/2026,08:57:24,eddie@node1s14.ecdf.ed.ac.uk,1,781
57722554,0.00006,vim_array_,s2469797,r,08/19/2026,08:57:24,eddie@node1h08.ecdf.ed.ac.uk,1,782
57722554,0.00006,vim_array_,s2469797,r,08/19/2026,08:57:38,eddie@node1o07.ecdf.ed.ac.uk,1,783
57722554,0.00006,vim_array_,s2469797,r,08/19/2026,08:57:38,eddie@node1j28.ecdf.ed.ac.uk,1,784
57722554,0.00006,vim_array_,s2469797,r,08/19/2026,08:57:38,eddie@node1h05.ecdf.ed.ac.uk,1,785
57722554,0.00006,vim_array_,s2469797,r,08/19/2026,08:57:38,eddie@node1r05.ecdf.ed.ac.uk,1,786
57722554,0.00006,vim_array_,s2469797,r,08/19/2026,08:56:23,eddie@node1f07.ecdf.ed.ac.uk,1,743
57722554,0.00006,vim_array_,s2469797,r,08/19/2026,08:56:23,eddie@node1i14.ecdf.ed.ac.uk,1,744
57722554,0.00006,vim_array_,s2469797,r,08/19/2026,08:56:23,eddie@node1r14.ecdf.ed.ac.uk,1,745
57722554,0.00006,vim_array_,s2469797,r,08/19/2026,08:56:23,eddie@node1r14.ecdf.ed.ac.uk,1,746
57722554,0.00006,vim_array_,s2469797,r,08/19/2026,08:56:23,eddie@node1r14.ecdf.ed.ac.uk,1,747
57722554,0.00006,vim_array_,s2469797,r,08/19/2026,08:56:23,eddie@node1o03.ecdf.ed.ac.uk,1,748
57722554,0.00006,vim_array_,s2469797,r,08/19/2026,08:56:23,eddie@node1o03.ecdf.ed.ac.uk,1,749
57722554,0.00006,vim_array_,s2469797,r,08/19/2026,08:56:23,eddie@node1o03.ecdf.ed.ac.uk,1,750
57722554,0.00006,vim_array_,s2469797,r,08/19/2026,08:56:23,eddie@node1r16.ecdf.ed.ac.uk,1,751
57722554,0.00006,vim_array_,s2469797,r,08/19/2026,08:56:23,eddie@node1l28.ecdf.ed.ac.uk,1,752
57722554,0.00006,vim_array_,s2469797,r,08/19/2026,08:56:23,eddie@node1h16.ecdf.ed.ac.uk,1,753
57722554,0.00006,vim_array_,s2469797,r,08/19/2026,08:56:23,eddie@node1r19.ecdf.ed.ac.uk,1,754
57722554,0.00006,vim_array_,s2469797,r,08/19/2026,08:55:53,eddie@node1o03.ecdf.ed.ac.uk,1,725
57722554,0.00006,vim_array_,s2469797,r,08/19/2026,08:55:53,eddie@node1o03.ecdf.ed.ac.uk,1,726
57722554,0.00006,vim_array_,s2469797,r,08/19/2026,08:55:53,eddie@node1o03.ecdf.ed.ac.uk,1,727
57722554,0.00006,vim_array_,s2469797,r,08/19/2026,08:55:53,eddie@node1l28.ecdf.ed.ac.uk,1,728
57722554,0.00006,vim_array_,s2469797,r,08/19/2026,08:55:53,eddie@node1l28.ecdf.ed.ac.uk,1,729
57722554,0.00006,vim_array_,s2469797,r,08/19/2026,08:55:53,eddie@node1r16.ecdf.ed.ac.uk,1,730
57722554,0.00006,vim_array_,s2469797,r,08/19/2026,08:55:53,eddie@node1l27.ecdf.ed.ac.uk,1,731
57722554,0.00006,vim_array_,s2469797,r,08/19/2026,08:55:53,eddie@node1l27.ecdf.ed.ac.uk,1,732
57722554,0.00006,vim_array_,s2469797,r,08/19/2026,08:55:53,eddie@node1r19.ecdf.ed.ac.uk,1,733
57722554,0.00006,vim_array_,s2469797,r,08/19/2026,08:55:53,eddie@node1r19.ecdf.ed.ac.uk,1,734
57722554,0.00006,vim_array_,s2469797,r,08/19/2026,08:55:53,eddie@node1h03.ecdf.ed.ac.uk,1,735
57722554,0.00006,vim_array_,s2469797,r,08/19/2026,08:55:53,eddie@node1o09.ecdf.ed.ac.uk,1,736
57722554,0.00006,vim_array_,s2469797,r,08/19/2026,08:56:53,eddie@node1f12.ecdf.ed.ac.uk,1,761
57722554,0.00006,vim_array_,s2469797,r,08/19/2026,08:56:53,eddie@node1j27.ecdf.ed.ac.uk,1,762
57722554,0.00006,vim_array_,s2469797,r,08/19/2026,08:56:53,eddie@node1s18.ecdf.ed.ac.uk,1,763
57722554,0.00006,vim_array_,s2469797,r,08/19/2026,08:56:53,eddie@node1r18.ecdf.ed.ac.uk,1,764
57722554,0.00006,vim_array_,s2469797,r,08/19/2026,08:56:53,eddie@node1j25.ecdf.ed.ac.uk,1,765
57722554,0.00006,vim_array_,s2469797,r,08/19/2026,08:56:53,eddie@node1o12.ecdf.ed.ac.uk,1,766
57722554,0.00006,vim_array_,s2469797,r,08/19/2026,08:56:53,eddie@node1h07.ecdf.ed.ac.uk,1,767
57722554,0.00006,vim_array_,s2469797,r,08/19/2026,08:56:53,eddie@node1h04.ecdf.ed.ac.uk,1,768
57722554,0.00006,vim_array_,s2469797,r,08/19/2026,08:56:53,eddie@node1r06.ecdf.ed.ac.uk,1,769
57722554,0.00006,vim_array_,s2469797,r,08/19/2026,08:56:53,eddie@node1h03.ecdf.ed.ac.uk,1,770
57722554,0.00006,vim_array_,s2469797,r,08/19/2026,08:56:53,eddie@node1o08.ecdf.ed.ac.uk,1,771
57722554,0.00006,vim_array_,s2469797,r,08/19/2026,08:55:38,eddie@node1o03.ecdf.ed.ac.uk,1,717
57722554,0.00006,vim_array_,s2469797,r,08/19/2026,08:55:38,eddie@node1j25.ecdf.ed.ac.uk,1,718
57722554,0.00006,vim_array_,s2469797,r,08/19/2026,08:55:38,eddie@node1h03.ecdf.ed.ac.uk,1,719
57722554,0.00006,vim_array_,s2469797,r,08/19/2026,08:55:38,eddie@node1h04.ecdf.ed.ac.uk,1,720
57722554,0.00006,vim_array_,s2469797,r,08/19/2026,08:55:38,eddie@node1h21.ecdf.ed.ac.uk,1,721
57722554,0.00006,vim_array_,s2469797,r,08/19/2026,08:55:38,eddie@node1j27.ecdf.ed.ac.uk,1,722
57722554,0.00006,vim_array_,s2469797,r,08/19/2026,08:55:38,eddie@node1m14.ecdf.ed.ac.uk,1,723
57722554,0.00006,vim_array_,s2469797,r,08/19/2026,08:55:38,eddie@node1h09.ecdf.ed.ac.uk,1,724
57722554,0.00006,vim_array_,s2469797,r,08/19/2026,08:56:08,eddie@node1f10.ecdf.ed.ac.uk,1,737
57722554,0.00006,vim_array_,s2469797,r,08/19/2026,08:56:08,eddie@node1l28.ecdf.ed.ac.uk,1,738
57722554,0.00006,vim_array_,s2469797,r,08/19/2026,08:56:08,eddie@node1l27.ecdf.ed.ac.uk,1,739
57722554,0.00006,vim_array_,s2469797,r,08/19/2026,08:56:08,eddie@node1j25.ecdf.ed.ac.uk,1,740
57722554,0.00006,vim_array_,s2469797,r,08/19/2026,08:56:08,eddie@node1j26.ecdf.ed.ac.uk,1,741
57722554,0.00006,vim_array_,s2469797,r,08/19/2026,08:56:08,eddie@node1m16.ecdf.ed.ac.uk,1,742
57722554,0.00006,vim_array_,s2469797,r,08/19/2026,08:56:38,eddie@node1f10.ecdf.ed.ac.uk,1,755
57722554,0.00006,vim_array_,s2469797,r,08/19/2026,08:56:38,eddie@node1f10.ecdf.ed.ac.uk,1,756
57722554,0.00006,vim_array_,s2469797,r,08/19/2026,08:56:38,eddie@node1l24.ecdf.ed.ac.uk,1,757
57722554,0.00006,vim_array_,s2469797,r,08/19/2026,08:56:38,eddie@node1l27.ecdf.ed.ac.uk,1,758
57722554,0.00006,vim_array_,s2469797,r,08/19/2026,08:56:38,eddie@node1h03.ecdf.ed.ac.uk,1,759
57722554,0.00006,vim_array_,s2469797,r,08/19/2026,08:56:38,eddie@node1j25.ecdf.ed.ac.uk,1,760
57722554,0.00006,vim_array_,s2469797,r,08/19/2026,08:57:08,eddie@node1l28.ecdf.ed.ac.uk,1,772
57722554,0.00006,vim_array_,s2469797,r,08/19/2026,08:57:08,eddie@node1l28.ecdf.ed.ac.uk,1,773
57722554,0.00006,vim_array_,s2469797,r,08/19/2026,08:57:08,eddie@node1r19.ecdf.ed.ac.uk,1,774
57722554,0.00006,vim_array_,s2469797,r,08/19/2026,08:57:08,eddie@node1o11.ecdf.ed.ac.uk,1,775
57722554,0.00006,vim_array_,s2469797,r,08/19/2026,08:57:08,eddie@node1o07.ecdf.ed.ac.uk,1,776
57722554,0.00006,vim_array_,s2469797,r,08/19/2026,08:55:23,eddie@node1o03.ecdf.ed.ac.uk,1,710
57722554,0.00006,vim_array_,s2469797,r,08/19/2026,08:55:23,eddie@node1l28.ecdf.ed.ac.uk,1,711
57722554,0.00006,vim_array_,s2469797,r,08/19/2026,08:55:23,eddie@node1l28.ecdf.ed.ac.uk,1,712
57722554,0.00006,vim_array_,s2469797,r,08/19/2026,08:55:23,eddie@node1l27.ecdf.ed.ac.uk,1,713
57722554,0.00006,vim_array_,s2469797,r,08/19/2026,08:55:23,eddie@node1l25.ecdf.ed.ac.uk,1,714
57722554,0.00006,vim_array_,s2469797,r,08/19/2026,08:55:23,eddie@node1h03.ecdf.ed.ac.uk,1,715
57722554,0.00006,vim_array_,s2469797,r,08/19/2026,08:55:23,eddie@node1h16.ecdf.ed.ac.uk,1,716
57722554,0.00006,vim_array_,s2469797,r,08/19/2026,08:54:53,eddie@node1i03.ecdf.ed.ac.uk,1,688
57722554,0.00006,vim_array_,s2469797,r,08/19/2026,08:54:53,eddie@node1f10.ecdf.ed.ac.uk,1,689
57722554,0.00006,vim_array_,s2469797,r,08/19/2026,08:54:53,eddie@node1f10.ecdf.ed.ac.uk,1,690
57722554,0.00006,vim_array_,s2469797,r,08/19/2026,08:54:53,eddie@node1l28.ecdf.ed.ac.uk,1,691
57722554,0.00006,vim_array_,s2469797,r,08/19/2026,08:54:53,eddie@node1l28.ecdf.ed.ac.uk,1,692
57722554,0.00006,vim_array_,s2469797,r,08/19/2026,08:54:53,eddie@node1r16.ecdf.ed.ac.uk,1,693
57722554,0.00006,vim_array_,s2469797,r,08/19/2026,08:54:53,eddie@node1l27.ecdf.ed.ac.uk,1,694
57722554,0.00006,vim_array_,s2469797,r,08/19/2026,08:54:53,eddie@node1l27.ecdf.ed.ac.uk,1,695
57722554,0.00006,vim_array_,s2469797,r,08/19/2026,08:54:53,eddie@node1l27.ecdf.ed.ac.uk,1,696
57722554,0.00006,vim_array_,s2469797,r,08/19/2026,08:54:53,eddie@node1l27.ecdf.ed.ac.uk,1,697
57722554,0.00006,vim_array_,s2469797,r,08/19/2026,08:54:53,eddie@node1l25.ecdf.ed.ac.uk,1,698
57722554,0.00006,vim_array_,s2469797,r,08/19/2026,08:54:53,eddie@node1h16.ecdf.ed.ac.uk,1,699
57722554,0.00006,vim_array_,s2469797,r,08/19/2026,08:54:53,eddie@node1m14.ecdf.ed.ac.uk,1,700
57722554,0.00006,vim_array_,s2469797,r,08/19/2026,08:54:53,eddie@node1h21.ecdf.ed.ac.uk,1,701
57722554,0.00006,vim_array_,s2469797,r,08/19/2026,08:54:38,eddie@node1f07.ecdf.ed.ac.uk,1,675
57722554,0.00006,vim_array_,s2469797,r,08/19/2026,08:54:38,eddie@node1i06.ecdf.ed.ac.uk,1,676
57722554,0.00006,vim_array_,s2469797,r,08/19/2026,08:54:38,eddie@node1f12.ecdf.ed.ac.uk,1,677
57722554,0.00006,vim_array_,s2469797,r,08/19/2026,08:54:38,eddie@node1l28.ecdf.ed.ac.uk,1,678
57722554,0.00006,vim_array_,s2469797,r,08/19/2026,08:54:38,eddie@node1r16.ecdf.ed.ac.uk,1,679
57722554,0.00006,vim_array_,s2469797,r,08/19/2026,08:54:38,eddie@node1l27.ecdf.ed.ac.uk,1,680
57722554,0.00006,vim_array_,s2469797,r,08/19/2026,08:54:38,eddie@node1l27.ecdf.ed.ac.uk,1,681
57722554,0.00006,vim_array_,s2469797,r,08/19/2026,08:54:38,eddie@node1l27.ecdf.ed.ac.uk,1,682
57722554,0.00006,vim_array_,s2469797,r,08/19/2026,08:54:38,eddie@node1l27.ecdf.ed.ac.uk,1,683
57722554,0.00006,vim_array_,s2469797,r,08/19/2026,08:54:38,eddie@node1l26.ecdf.ed.ac.uk,1,684
57722554,0.00006,vim_array_,s2469797,r,08/19/2026,08:54:38,eddie@node1l26.ecdf.ed.ac.uk,1,685
57722554,0.00006,vim_array_,s2469797,r,08/19/2026,08:54:38,eddie@node1h03.ecdf.ed.ac.uk,1,686
57722554,0.00006,vim_array_,s2469797,r,08/19/2026,08:54:38,eddie@node1h04.ecdf.ed.ac.uk,1,687
57722554,0.00006,vim_array_,s2469797,r,08/19/2026,08:54:23,eddie@node1o03.ecdf.ed.ac.uk,1,666
57722554,0.00006,vim_array_,s2469797,r,08/19/2026,08:54:23,eddie@node1o03.ecdf.ed.ac.uk,1,667
57722554,0.00006,vim_array_,s2469797,r,08/19/2026,08:54:23,eddie@node1l28.ecdf.ed.ac.uk,1,668
57722554,0.00006,vim_array_,s2469797,r,08/19/2026,08:54:23,eddie@node1o04.ecdf.ed.ac.uk,1,669
57722554,0.00006,vim_array_,s2469797,r,08/19/2026,08:54:23,eddie@node1o04.ecdf.ed.ac.uk,1,670
57722554,0.00006,vim_array_,s2469797,r,08/19/2026,08:54:23,eddie@node1l26.ecdf.ed.ac.uk,1,671
57722554,0.00006,vim_array_,s2469797,r,08/19/2026,08:54:23,eddie@node1r19.ecdf.ed.ac.uk,1,672
57722554,0.00006,vim_array_,s2469797,r,08/19/2026,08:54:23,eddie@node1s20.ecdf.ed.ac.uk,1,673
57722554,0.00006,vim_array_,s2469797,r,08/19/2026,08:54:23,eddie@node1h16.ecdf.ed.ac.uk,1,674
57722554,0.00006,vim_array_,s2469797,r,08/19/2026,08:53:23,eddie@node1l28.ecdf.ed.ac.uk,1,635
57722554,0.00006,vim_array_,s2469797,r,08/19/2026,08:53:23,eddie@node1l28.ecdf.ed.ac.uk,1,636
57722554,0.00006,vim_array_,s2469797,r,08/19/2026,08:53:23,eddie@node1l28.ecdf.ed.ac.uk,1,637
57722554,0.00006,vim_array_,s2469797,r,08/19/2026,08:53:23,eddie@node1l27.ecdf.ed.ac.uk,1,638
57722554,0.00006,vim_array_,s2469797,r,08/19/2026,08:53:23,eddie@node1l27.ecdf.ed.ac.uk,1,639
57722554,0.00006,vim_array_,s2469797,r,08/19/2026,08:53:23,eddie@node1r16.ecdf.ed.ac.uk,1,640
57722554,0.00006,vim_array_,s2469797,r,08/19/2026,08:53:23,eddie@node1l27.ecdf.ed.ac.uk,1,641
57722554,0.00006,vim_array_,s2469797,r,08/19/2026,08:53:23,eddie@node1l26.ecdf.ed.ac.uk,1,642
57722554,0.00006,vim_array_,s2469797,r,08/19/2026,08:53:23,eddie@node1l26.ecdf.ed.ac.uk,1,643
57722554,0.00006,vim_array_,s2469797,r,08/19/2026,08:55:08,eddie@node1f09.ecdf.ed.ac.uk,1,702
57722554,0.00006,vim_array_,s2469797,r,08/19/2026,08:55:08,eddie@node1l24.ecdf.ed.ac.uk,1,703
57722554,0.00006,vim_array_,s2469797,r,08/19/2026,08:55:08,eddie@node1l24.ecdf.ed.ac.uk,1,704
57722554,0.00006,vim_array_,s2469797,r,08/19/2026,08:55:08,eddie@node1l24.ecdf.ed.ac.uk,1,705
57722554,0.00006,vim_array_,s2469797,r,08/19/2026,08:55:08,eddie@node1r19.ecdf.ed.ac.uk,1,706
57722554,0.00006,vim_array_,s2469797,r,08/19/2026,08:55:08,eddie@node1h03.ecdf.ed.ac.uk,1,707
57722554,0.00006,vim_array_,s2469797,r,08/19/2026,08:55:08,eddie@node1j27.ecdf.ed.ac.uk,1,708
57722554,0.00006,vim_array_,s2469797,r,08/19/2026,08:55:08,eddie@node1r19.ecdf.ed.ac.uk,1,709
57722554,0.00006,vim_array_,s2469797,r,08/19/2026,08:53:53,eddie@node1f10.ecdf.ed.ac.uk,1,651
57722554,0.00006,vim_array_,s2469797,r,08/19/2026,08:53:53,eddie@node1f12.ecdf.ed.ac.uk,1,652
57722554,0.00006,vim_array_,s2469797,r,08/19/2026,08:53:53,eddie@node1f12.ecdf.ed.ac.uk,1,653
57722554,0.00006,vim_array_,s2469797,r,08/19/2026,08:53:53,eddie@node1l21.ecdf.ed.ac.uk,1,654
57722554,0.00006,vim_array_,s2469797,r,08/19/2026,08:53:53,eddie@node1o03.ecdf.ed.ac.uk,1,655
57722554,0.00006,vim_array_,s2469797,r,08/19/2026,08:53:53,eddie@node1l27.ecdf.ed.ac.uk,1,656
57722554,0.00006,vim_array_,s2469797,r,08/19/2026,08:53:53,eddie@node1l27.ecdf.ed.ac.uk,1,657
57722554,0.00006,vim_array_,s2469797,r,08/19/2026,08:53:53,eddie@node1r19.ecdf.ed.ac.uk,1,658
57722554,0.00006,vim_array_,s2469797,r,08/19/2026,08:54:08,eddie@node1l21.ecdf.ed.ac.uk,1,659
57722554,0.00006,vim_array_,s2469797,r,08/19/2026,08:54:08,eddie@node1l21.ecdf.ed.ac.uk,1,660
57722554,0.00006,vim_array_,s2469797,r,08/19/2026,08:54:08,eddie@node1l21.ecdf.ed.ac.uk,1,661
57722554,0.00006,vim_array_,s2469797,r,08/19/2026,08:54:08,eddie@node1l25.ecdf.ed.ac.uk,1,662
57722554,0.00006,vim_array_,s2469797,r,08/19/2026,08:54:08,eddie@node1h03.ecdf.ed.ac.uk,1,663
57722554,0.00006,vim_array_,s2469797,r,08/19/2026,08:54:08,eddie@node1h21.ecdf.ed.ac.uk,1,664
57722554,0.00006,vim_array_,s2469797,r,08/19/2026,08:54:08,eddie@node1h16.ecdf.ed.ac.uk,1,665
57722554,0.00006,vim_array_,s2469797,r,08/19/2026,08:53:38,eddie@node1l26.ecdf.ed.ac.uk,1,644
57722554,0.00006,vim_array_,s2469797,r,08/19/2026,08:53:38,eddie@node1m14.ecdf.ed.ac.uk,1,645
57722554,0.00006,vim_array_,s2469797,r,08/19/2026,08:53:38,eddie@node1h03.ecdf.ed.ac.uk,1,646
57722554,0.00006,vim_array_,s2469797,r,08/19/2026,08:53:38,eddie@node1s20.ecdf.ed.ac.uk,1,647
57722554,0.00006,vim_array_,s2469797,r,08/19/2026,08:53:38,eddie@node1h21.ecdf.ed.ac.uk,1,648
57722554,0.00006,vim_array_,s2469797,r,08/19/2026,08:53:38,eddie@node1j26.ecdf.ed.ac.uk,1,649
57722554,0.00006,vim_array_,s2469797,r,08/19/2026,08:53:38,eddie@node1m14.ecdf.ed.ac.uk,1,650
57722554,0.00005,vim_array_,s2469797,r,08/19/2026,08:53:08,eddie@node1f07.ecdf.ed.ac.uk,1,628
57722554,0.00005,vim_array_,s2469797,r,08/19/2026,08:53:08,eddie@node1f10.ecdf.ed.ac.uk,1,629
57722554,0.00005,vim_array_,s2469797,r,08/19/2026,08:53:08,eddie@node1f09.ecdf.ed.ac.uk,1,630
57722554,0.00005,vim_array_,s2469797,r,08/19/2026,08:53:08,eddie@node1l28.ecdf.ed.ac.uk,1,631
57722554,0.00005,vim_array_,s2469797,r,08/19/2026,08:53:08,eddie@node1l28.ecdf.ed.ac.uk,1,632
57722554,0.00005,vim_array_,s2469797,r,08/19/2026,08:53:08,eddie@node1l28.ecdf.ed.ac.uk,1,633
57722554,0.00005,vim_array_,s2469797,r,08/19/2026,08:53:08,eddie@node1l24.ecdf.ed.ac.uk,1,634
57722554,0.00005,vim_array_,s2469797,r,08/19/2026,08:52:53,eddie@node1l24.ecdf.ed.ac.uk,1,625
57722554,0.00005,vim_array_,s2469797,r,08/19/2026,08:52:53,eddie@node1l24.ecdf.ed.ac.uk,1,626
57722554,0.00005,vim_array_,s2469797,r,08/19/2026,08:52:53,eddie@node1l27.ecdf.ed.ac.uk,1,627
57722554,0.00005,vim_array_,s2469797,r,08/19/2026,08:52:22,eddie@node1i14.ecdf.ed.ac.uk,1,607
57722554,0.00005,vim_array_,s2469797,r,08/19/2026,08:52:22,eddie@node1f08.ecdf.ed.ac.uk,1,608
57722554,0.00005,vim_array_,s2469797,r,08/19/2026,08:52:22,eddie@node1r15.ecdf.ed.ac.uk,1,609
57722554,0.00005,vim_array_,s2469797,r,08/19/2026,08:52:22,eddie@node1r15.ecdf.ed.ac.uk,1,610
57722554,0.00005,vim_array_,s2469797,r,08/19/2026,08:52:22,eddie@node1r15.ecdf.ed.ac.uk,1,611
57722554,0.00005,vim_array_,s2469797,r,08/19/2026,08:52:22,eddie@node1l28.ecdf.ed.ac.uk,1,612
57722554,0.00005,vim_array_,s2469797,r,08/19/2026,08:52:22,eddie@node1l28.ecdf.ed.ac.uk,1,613
57722554,0.00005,vim_array_,s2469797,r,08/19/2026,08:52:22,eddie@node1l24.ecdf.ed.ac.uk,1,614
57722554,0.00005,vim_array_,s2469797,r,08/19/2026,08:52:22,eddie@node1o04.ecdf.ed.ac.uk,1,615
57722554,0.00005,vim_array_,s2469797,r,08/19/2026,08:52:22,eddie@node1l26.ecdf.ed.ac.uk,1,616
57722554,0.00005,vim_array_,s2469797,r,08/19/2026,08:52:22,eddie@node1l25.ecdf.ed.ac.uk,1,617
57722554,0.00005,vim_array_,s2469797,r,08/19/2026,08:52:22,eddie@node1h03.ecdf.ed.ac.uk,1,618
57722554,0.00005,vim_array_,s2469797,r,08/19/2026,08:52:22,eddie@node1s20.ecdf.ed.ac.uk,1,619
57722554,0.00005,vim_array_,s2469797,r,08/19/2026,08:52:37,eddie@node1i14.ecdf.ed.ac.uk,1,620
57722554,0.00005,vim_array_,s2469797,r,08/19/2026,08:52:37,eddie@node1i14.ecdf.ed.ac.uk,1,621
57722554,0.00005,vim_array_,s2469797,r,08/19/2026,08:52:37,eddie@node1l21.ecdf.ed.ac.uk,1,622
57722554,0.00005,vim_array_,s2469797,r,08/19/2026,08:52:37,eddie@node1l21.ecdf.ed.ac.uk,1,623
57722554,0.00005,vim_array_,s2469797,r,08/19/2026,08:52:37,eddie@node1h21.ecdf.ed.ac.uk,1,624
57722554,0.00005,vim_array_,s2469797,r,08/19/2026,08:51:52,eddie@node1i06.ecdf.ed.ac.uk,1,591
57722554,0.00005,vim_array_,s2469797,r,08/19/2026,08:51:52,eddie@node1r16.ecdf.ed.ac.uk,1,592
57722554,0.00005,vim_array_,s2469797,r,08/19/2026,08:51:52,eddie@node1o06.ecdf.ed.ac.uk,1,593
57722554,0.00005,vim_array_,s2469797,r,08/19/2026,08:51:52,eddie@node1l25.ecdf.ed.ac.uk,1,594
57722554,0.00005,vim_array_,s2469797,r,08/19/2026,08:51:52,eddie@node1j26.ecdf.ed.ac.uk,1,595
57722554,0.00005,vim_array_,s2469797,r,08/19/2026,08:51:52,eddie@node1s20.ecdf.ed.ac.uk,1,596
57722554,0.00005,vim_array_,s2469797,r,08/19/2026,08:51:52,eddie@node1h03.ecdf.ed.ac.uk,1,597
57722554,0.00005,vim_array_,s2469797,r,08/19/2026,08:51:52,eddie@node1h21.ecdf.ed.ac.uk,1,598
57722554,0.00005,vim_array_,s2469797,r,08/19/2026,08:50:52,eddie@node1l28.ecdf.ed.ac.uk,1,563
57722554,0.00005,vim_array_,s2469797,r,08/19/2026,08:50:52,eddie@node1l28.ecdf.ed.ac.uk,1,564
57722554,0.00005,vim_array_,s2469797,r,08/19/2026,08:50:52,eddie@node1l28.ecdf.ed.ac.uk,1,565
57722554,0.00005,vim_array_,s2469797,r,08/19/2026,08:50:52,eddie@node1l26.ecdf.ed.ac.uk,1,566
57722554,0.00005,vim_array_,s2469797,r,08/19/2026,08:50:52,eddie@node1o06.ecdf.ed.ac.uk,1,567
57722554,0.00005,vim_array_,s2469797,r,08/19/2026,08:50:52,eddie@node1o06.ecdf.ed.ac.uk,1,568
57722554,0.00005,vim_array_,s2469797,r,08/19/2026,08:50:52,eddie@node1l25.ecdf.ed.ac.uk,1,569
57722554,0.00005,vim_array_,s2469797,r,08/19/2026,08:50:52,eddie@node1j26.ecdf.ed.ac.uk,1,570
57722554,0.00005,vim_array_,s2469797,r,08/19/2026,08:52:07,eddie@node1i14.ecdf.ed.ac.uk,1,599
57722554,0.00005,vim_array_,s2469797,r,08/19/2026,08:52:07,eddie@node1l21.ecdf.ed.ac.uk,1,600
57722554,0.00005,vim_array_,s2469797,r,08/19/2026,08:52:07,eddie@node1r15.ecdf.ed.ac.uk,1,601
57722554,0.00005,vim_array_,s2469797,r,08/19/2026,08:52:07,eddie@node1l24.ecdf.ed.ac.uk,1,602
57722554,0.00005,vim_array_,s2469797,r,08/19/2026,08:52:07,eddie@node1l24.ecdf.ed.ac.uk,1,603
57722554,0.00005,vim_array_,s2469797,r,08/19/2026,08:52:07,eddie@node1l24.ecdf.ed.ac.uk,1,604
57722554,0.00005,vim_array_,s2469797,r,08/19/2026,08:52:07,eddie@node1l24.ecdf.ed.ac.uk,1,605
57722554,0.00005,vim_array_,s2469797,r,08/19/2026,08:52:07,eddie@node1o04.ecdf.ed.ac.uk,1,606
57722554,0.00005,vim_array_,s2469797,r,08/19/2026,08:51:22,eddie@node1i14.ecdf.ed.ac.uk,1,577
57722554,0.00005,vim_array_,s2469797,r,08/19/2026,08:51:22,eddie@node1f10.ecdf.ed.ac.uk,1,578
57722554,0.00005,vim_array_,s2469797,r,08/19/2026,08:51:22,eddie@node1f09.ecdf.ed.ac.uk,1,579
57722554,0.00005,vim_array_,s2469797,r,08/19/2026,08:51:22,eddie@node1r15.ecdf.ed.ac.uk,1,580
57722554,0.00005,vim_array_,s2469797,r,08/19/2026,08:51:22,eddie@node1l24.ecdf.ed.ac.uk,1,581
57722554,0.00005,vim_array_,s2469797,r,08/19/2026,08:51:22,eddie@node1l24.ecdf.ed.ac.uk,1,582
57722554,0.00005,vim_array_,s2469797,r,08/19/2026,08:51:22,eddie@node1j26.ecdf.ed.ac.uk,1,583
57722554,0.00005,vim_array_,s2469797,r,08/19/2026,08:51:37,eddie@node1f09.ecdf.ed.ac.uk,1,584
57722554,0.00005,vim_array_,s2469797,r,08/19/2026,08:51:37,eddie@node1i02.ecdf.ed.ac.uk,1,585
57722554,0.00005,vim_array_,s2469797,r,08/19/2026,08:51:37,eddie@node1l21.ecdf.ed.ac.uk,1,586
57722554,0.00005,vim_array_,s2469797,r,08/19/2026,08:51:37,eddie@node1l24.ecdf.ed.ac.uk,1,587
57722554,0.00005,vim_array_,s2469797,r,08/19/2026,08:51:37,eddie@node1o04.ecdf.ed.ac.uk,1,588
57722554,0.00005,vim_array_,s2469797,r,08/19/2026,08:51:37,eddie@node1o04.ecdf.ed.ac.uk,1,589
57722554,0.00005,vim_array_,s2469797,r,08/19/2026,08:51:37,eddie@node1h03.ecdf.ed.ac.uk,1,590
57722554,0.00005,vim_array_,s2469797,r,08/19/2026,08:51:07,eddie@node1r15.ecdf.ed.ac.uk,1,571
57722554,0.00005,vim_array_,s2469797,r,08/19/2026,08:51:07,eddie@node1r15.ecdf.ed.ac.uk,1,572
57722554,0.00005,vim_array_,s2469797,r,08/19/2026,08:51:07,eddie@node1o04.ecdf.ed.ac.uk,1,573
57722554,0.00005,vim_array_,s2469797,r,08/19/2026,08:51:07,eddie@node1r16.ecdf.ed.ac.uk,1,574
57722554,0.00005,vim_array_,s2469797,r,08/19/2026,08:51:07,eddie@node1r16.ecdf.ed.ac.uk,1,575
57722554,0.00005,vim_array_,s2469797,r,08/19/2026,08:51:07,eddie@node1h03.ecdf.ed.ac.uk,1,576
57722554,0.00005,vim_array_,s2469797,r,08/19/2026,08:48:52,eddie@node1o04.ecdf.ed.ac.uk,1,505
57722554,0.00005,vim_array_,s2469797,r,08/19/2026,08:48:52,eddie@node1o04.ecdf.ed.ac.uk,1,506
57722554,0.00005,vim_array_,s2469797,r,08/19/2026,08:48:52,eddie@node1l22.ecdf.ed.ac.uk,1,507
57722554,0.00005,vim_array_,s2469797,r,08/19/2026,08:48:52,eddie@node1l25.ecdf.ed.ac.uk,1,508
57722554,0.00005,vim_array_,s2469797,r,08/19/2026,08:48:52,eddie@node1l25.ecdf.ed.ac.uk,1,509
57722554,0.00005,vim_array_,s2469797,r,08/19/2026,08:48:52,eddie@node1o06.ecdf.ed.ac.uk,1,510
57722554,0.00005,vim_array_,s2469797,r,08/19/2026,08:48:52,eddie@node1l25.ecdf.ed.ac.uk,1,511
57722453,0.00005,ce1,gs10us1,r,08/19/2026,07:03:45,eddie@node1l17.ecdf.ed.ac.uk,1
57722455,0.00005,ce1,gs10us1,r,08/19/2026,07:03:45,eddie@node1l17.ecdf.ed.ac.uk,1
57722554,0.00005,vim_array_,s2469797,r,08/19/2026,08:47:22,eddie@node1i03.ecdf.ed.ac.uk,1,467
57722554,0.00005,vim_array_,s2469797,r,08/19/2026,08:47:22,eddie@node1l24.ecdf.ed.ac.uk,1,468
57722554,0.00005,vim_array_,s2469797,r,08/19/2026,08:47:22,eddie@node1l24.ecdf.ed.ac.uk,1,469
57722554,0.00005,vim_array_,s2469797,r,08/19/2026,08:47:22,eddie@node1l21.ecdf.ed.ac.uk,1,470
57722554,0.00005,vim_array_,s2469797,r,08/19/2026,08:47:22,eddie@node1l24.ecdf.ed.ac.uk,1,471
57722554,0.00005,vim_array_,s2469797,r,08/19/2026,08:47:22,eddie@node1r16.ecdf.ed.ac.uk,1,472
57722554,0.00005,vim_array_,s2469797,r,08/19/2026,08:47:22,eddie@node1r16.ecdf.ed.ac.uk,1,473
57722554,0.00005,vim_array_,s2469797,r,08/19/2026,08:47:22,eddie@node1l25.ecdf.ed.ac.uk,1,474
57722554,0.00005,vim_array_,s2469797,r,08/19/2026,08:49:52,eddie@node1i02.ecdf.ed.ac.uk,1,533
57722554,0.00005,vim_array_,s2469797,r,08/19/2026,08:49:52,eddie@node1l24.ecdf.ed.ac.uk,1,534
57722554,0.00005,vim_array_,s2469797,r,08/19/2026,08:49:52,eddie@node1l28.ecdf.ed.ac.uk,1,535
57722554,0.00005,vim_array_,s2469797,r,08/19/2026,08:49:52,eddie@node1o04.ecdf.ed.ac.uk,1,536
57722554,0.00005,vim_array_,s2469797,r,08/19/2026,08:49:52,eddie@node1o04.ecdf.ed.ac.uk,1,537
57722554,0.00005,vim_array_,s2469797,r,08/19/2026,08:49:52,eddie@node1o04.ecdf.ed.ac.uk,1,538
57722554,0.00005,vim_array_,s2469797,r,08/19/2026,08:49:52,eddie@node1l26.ecdf.ed.ac.uk,1,539
57722554,0.00005,vim_array_,s2469797,r,08/19/2026,08:49:52,eddie@node1l26.ecdf.ed.ac.uk,1,540
57722554,0.00005,vim_array_,s2469797,r,08/19/2026,08:49:52,eddie@node1l23.ecdf.ed.ac.uk,1,541
57722554,0.00005,vim_array_,s2469797,r,08/19/2026,08:49:52,eddie@node1o06.ecdf.ed.ac.uk,1,542
57722554,0.00005,vim_array_,s2469797,r,08/19/2026,08:48:37,eddie@node1r15.ecdf.ed.ac.uk,1,496
57722554,0.00005,vim_array_,s2469797,r,08/19/2026,08:48:37,eddie@node1r15.ecdf.ed.ac.uk,1,497
57722554,0.00005,vim_array_,s2469797,r,08/19/2026,08:48:37,eddie@node1l24.ecdf.ed.ac.uk,1,498
57722554,0.00005,vim_array_,s2469797,r,08/19/2026,08:48:37,eddie@node1l28.ecdf.ed.ac.uk,1,499
57722554,0.00005,vim_array_,s2469797,r,08/19/2026,08:48:37,eddie@node1l28.ecdf.ed.ac.uk,1,500
57722554,0.00005,vim_array_,s2469797,r,08/19/2026,08:48:37,eddie@node1l26.ecdf.ed.ac.uk,1,501
57722554,0.00005,vim_array_,s2469797,r,08/19/2026,08:48:37,eddie@node1l26.ecdf.ed.ac.uk,1,502
57722554,0.00005,vim_array_,s2469797,r,08/19/2026,08:48:37,eddie@node1l26.ecdf.ed.ac.uk,1,503
57722554,0.00005,vim_array_,s2469797,r,08/19/2026,08:48:37,eddie@node1l26.ecdf.ed.ac.uk,1,504
57722554,0.00005,vim_array_,s2469797,r,08/19/2026,08:50:37,eddie@node1f09.ecdf.ed.ac.uk,1,554
57722554,0.00005,vim_array_,s2469797,r,08/19/2026,08:50:37,eddie@node1f09.ecdf.ed.ac.uk,1,555
57722554,0.00005,vim_array_,s2469797,r,08/19/2026,08:50:37,eddie@node1i15.ecdf.ed.ac.uk,1,556
57722554,0.00005,vim_array_,s2469797,r,08/19/2026,08:50:37,eddie@node1r15.ecdf.ed.ac.uk,1,557
57722554,0.00005,vim_array_,s2469797,r,08/19/2026,08:50:37,eddie@node1r16.ecdf.ed.ac.uk,1,558
57722554,0.00005,vim_array_,s2469797,r,08/19/2026,08:50:37,eddie@node1l26.ecdf.ed.ac.uk,1,559
57722554,0.00005,vim_array_,s2469797,r,08/19/2026,08:50:37,eddie@node1l26.ecdf.ed.ac.uk,1,560
57722554,0.00005,vim_array_,s2469797,r,08/19/2026,08:50:37,eddie@node1l26.ecdf.ed.ac.uk,1,561
57722554,0.00005,vim_array_,s2469797,r,08/19/2026,08:50:37,eddie@node1l25.ecdf.ed.ac.uk,1,562
57722554,0.00005,vim_array_,s2469797,r,08/19/2026,08:49:07,eddie@node1f09.ecdf.ed.ac.uk,1,512
57722554,0.00005,vim_array_,s2469797,r,08/19/2026,08:49:07,eddie@node1l24.ecdf.ed.ac.uk,1,513
57722554,0.00005,vim_array_,s2469797,r,08/19/2026,08:49:07,eddie@node1l24.ecdf.ed.ac.uk,1,514
57722554,0.00005,vim_array_,s2469797,r,08/19/2026,08:49:07,eddie@node1o04.ecdf.ed.ac.uk,1,515
57722554,0.00005,vim_array_,s2469797,r,08/19/2026,08:49:07,eddie@node1o04.ecdf.ed.ac.uk,1,516
57722554,0.00005,vim_array_,s2469797,r,08/19/2026,08:49:07,eddie@node1l26.ecdf.ed.ac.uk,1,517
57722554,0.00005,vim_array_,s2469797,r,08/19/2026,08:49:07,eddie@node1l26.ecdf.ed.ac.uk,1,518
57722554,0.00005,vim_array_,s2469797,r,08/19/2026,08:49:07,eddie@node1l26.ecdf.ed.ac.uk,1,519
57722554,0.00005,vim_array_,s2469797,r,08/19/2026,08:50:07,eddie@node1f12.ecdf.ed.ac.uk,1,543
57722554,0.00005,vim_array_,s2469797,r,08/19/2026,08:50:07,eddie@node1l21.ecdf.ed.ac.uk,1,544
57722554,0.00005,vim_array_,s2469797,r,08/19/2026,08:50:07,eddie@node1l21.ecdf.ed.ac.uk,1,545
57722554,0.00005,vim_array_,s2469797,r,08/19/2026,08:50:07,eddie@node1l24.ecdf.ed.ac.uk,1,546
57722554,0.00005,vim_array_,s2469797,r,08/19/2026,08:50:07,eddie@node1l26.ecdf.ed.ac.uk,1,547
57722554,0.00005,vim_array_,s2469797,r,08/19/2026,08:50:07,eddie@node1l26.ecdf.ed.ac.uk,1,548
57722554,0.00005,vim_array_,s2469797,r,08/19/2026,08:50:07,eddie@node1r16.ecdf.ed.ac.uk,1,549
57722554,0.00005,vim_array_,s2469797,r,08/19/2026,08:50:07,eddie@node1l25.ecdf.ed.ac.uk,1,550
57722554,0.00005,vim_array_,s2469797,r,08/19/2026,08:49:22,eddie@node1r16.ecdf.ed.ac.uk,1,520
57722554,0.00005,vim_array_,s2469797,r,08/19/2026,08:49:22,eddie@node1r16.ecdf.ed.ac.uk,1,521
57722554,0.00005,vim_array_,s2469797,r,08/19/2026,08:49:22,eddie@node1r16.ecdf.ed.ac.uk,1,522
57722554,0.00005,vim_array_,s2469797,r,08/19/2026,08:49:22,eddie@node1l25.ecdf.ed.ac.uk,1,523
57722554,0.00005,vim_array_,s2469797,r,08/19/2026,08:49:22,eddie@node1l25.ecdf.ed.ac.uk,1,524
57722554,0.00005,vim_array_,s2469797,r,08/19/2026,08:49:22,eddie@node1l25.ecdf.ed.ac.uk,1,525
57722554,0.00005,vim_array_,s2469797,r,08/19/2026,08:49:22,eddie@node1l25.ecdf.ed.ac.uk,1,526
57722554,0.00005,vim_array_,s2469797,r,08/19/2026,08:49:37,eddie@node1f08.ecdf.ed.ac.uk,1,527
57722554,0.00005,vim_array_,s2469797,r,08/19/2026,08:49:37,eddie@node1r15.ecdf.ed.ac.uk,1,528
57722554,0.00005,vim_array_,s2469797,r,08/19/2026,08:49:37,eddie@node1l26.ecdf.ed.ac.uk,1,529
57722554,0.00005,vim_array_,s2469797,r,08/19/2026,08:49:37,eddie@node1o05.ecdf.ed.ac.uk,1,530
57722554,0.00005,vim_array_,s2469797,r,08/19/2026,08:49:37,eddie@node1j26.ecdf.ed.ac.uk,1,531
57722554,0.00005,vim_array_,s2469797,r,08/19/2026,08:49:37,eddie@node1h03.ecdf.ed.ac.uk,1,532
57722554,0.00005,vim_array_,s2469797,r,08/19/2026,08:50:22,eddie@node1l26.ecdf.ed.ac.uk,1,551
57722554,0.00005,vim_array_,s2469797,r,08/19/2026,08:50:22,eddie@node1l26.ecdf.ed.ac.uk,1,552
57722554,0.00005,vim_array_,s2469797,r,08/19/2026,08:50:22,eddie@node1l26.ecdf.ed.ac.uk,1,553
57722554,0.00005,vim_array_,s2469797,r,08/19/2026,08:46:37,eddie@node1i06.ecdf.ed.ac.uk,1,444
57722554,0.00005,vim_array_,s2469797,r,08/19/2026,08:46:37,eddie@node1f08.ecdf.ed.ac.uk,1,445
57722554,0.00005,vim_array_,s2469797,r,08/19/2026,08:46:37,eddie@node1i15.ecdf.ed.ac.uk,1,446
57722554,0.00005,vim_array_,s2469797,r,08/19/2026,08:46:37,eddie@node1i02.ecdf.ed.ac.uk,1,447
57722554,0.00005,vim_array_,s2469797,r,08/19/2026,08:46:37,eddie@node1i02.ecdf.ed.ac.uk,1,448
57722554,0.00005,vim_array_,s2469797,r,08/19/2026,08:46:37,eddie@node1l25.ecdf.ed.ac.uk,1,449
57722554,0.00005,vim_array_,s2469797,r,08/19/2026,08:46:37,eddie@node1l25.ecdf.ed.ac.uk,1,450
57722554,0.00005,vim_array_,s2469797,r,08/19/2026,08:46:37,eddie@node1h21.ecdf.ed.ac.uk,1,451
57722554,0.00005,vim_array_,s2469797,r,08/19/2026,08:46:52,eddie@node1f13.ecdf.ed.ac.uk,1,452
57722554,0.00005,vim_array_,s2469797,r,08/19/2026,08:46:52,eddie@node1f08.ecdf.ed.ac.uk,1,453
57722554,0.00005,vim_array_,s2469797,r,08/19/2026,08:46:52,eddie@node1i15.ecdf.ed.ac.uk,1,454
57722554,0.00005,vim_array_,s2469797,r,08/19/2026,08:46:52,eddie@node1i15.ecdf.ed.ac.uk,1,455
57722554,0.00005,vim_array_,s2469797,r,08/19/2026,08:46:52,eddie@node1i02.ecdf.ed.ac.uk,1,456
57722554,0.00005,vim_array_,s2469797,r,08/19/2026,08:46:52,eddie@node1l25.ecdf.ed.ac.uk,1,457
57722554,0.00005,vim_array_,s2469797,r,08/19/2026,08:46:52,eddie@node1l25.ecdf.ed.ac.uk,1,458
57722554,0.00005,vim_array_,s2469797,r,08/19/2026,08:46:52,eddie@node1l25.ecdf.ed.ac.uk,1,459
57722554,0.00005,vim_array_,s2469797,r,08/19/2026,08:47:07,eddie@node1l26.ecdf.ed.ac.uk,1,460
57722554,0.00005,vim_array_,s2469797,r,08/19/2026,08:47:07,eddie@node1r16.ecdf.ed.ac.uk,1,461
57722554,0.00005,vim_array_,s2469797,r,08/19/2026,08:47:07,eddie@node1l25.ecdf.ed.ac.uk,1,462
57722554,0.00005,vim_array_,s2469797,r,08/19/2026,08:47:07,eddie@node1o05.ecdf.ed.ac.uk,1,463
57722554,0.00005,vim_array_,s2469797,r,08/19/2026,08:47:07,eddie@node1o05.ecdf.ed.ac.uk,1,464
57722554,0.00005,vim_array_,s2469797,r,08/19/2026,08:47:07,eddie@node1o11.ecdf.ed.ac.uk,1,465
57722554,0.00005,vim_array_,s2469797,r,08/19/2026,08:47:07,eddie@node1r12.ecdf.ed.ac.uk,1,466
57722554,0.00005,vim_array_,s2469797,r,08/19/2026,08:47:37,eddie@node1r16.ecdf.ed.ac.uk,1,475
57722554,0.00005,vim_array_,s2469797,r,08/19/2026,08:47:37,eddie@node1l25.ecdf.ed.ac.uk,1,476
57722554,0.00005,vim_array_,s2469797,r,08/19/2026,08:47:37,eddie@node1l25.ecdf.ed.ac.uk,1,477
57722554,0.00005,vim_array_,s2469797,r,08/19/2026,08:47:37,eddie@node1l25.ecdf.ed.ac.uk,1,478
57722554,0.00005,vim_array_,s2469797,r,08/19/2026,08:47:37,eddie@node1o05.ecdf.ed.ac.uk,1,479
57722554,0.00005,vim_array_,s2469797,r,08/19/2026,08:47:37,eddie@node1j25.ecdf.ed.ac.uk,1,480
57722554,0.00005,vim_array_,s2469797,r,08/19/2026,08:48:22,eddie@node1l25.ecdf.ed.ac.uk,1,490
57722554,0.00005,vim_array_,s2469797,r,08/19/2026,08:48:22,eddie@node1l25.ecdf.ed.ac.uk,1,491
57722554,0.00005,vim_array_,s2469797,r,08/19/2026,08:48:22,eddie@node1o06.ecdf.ed.ac.uk,1,492
57722554,0.00005,vim_array_,s2469797,r,08/19/2026,08:48:22,eddie@node1o06.ecdf.ed.ac.uk,1,493
57722554,0.00005,vim_array_,s2469797,r,08/19/2026,08:48:22,eddie@node1o05.ecdf.ed.ac.uk,1,494
57722554,0.00005,vim_array_,s2469797,r,08/19/2026,08:48:22,eddie@node1r12.ecdf.ed.ac.uk,1,495
57722554,0.00005,vim_array_,s2469797,r,08/19/2026,08:47:52,eddie@node1f07.ecdf.ed.ac.uk,1,481
57722554,0.00005,vim_array_,s2469797,r,08/19/2026,08:47:52,eddie@node1i06.ecdf.ed.ac.uk,1,482
57722554,0.00005,vim_array_,s2469797,r,08/19/2026,08:47:52,eddie@node1f08.ecdf.ed.ac.uk,1,483
57722554,0.00005,vim_array_,s2469797,r,08/19/2026,08:47:52,eddie@node1r15.ecdf.ed.ac.uk,1,484
57722554,0.00005,vim_array_,s2469797,r,08/19/2026,08:47:52,eddie@node1l25.ecdf.ed.ac.uk,1,485
57722554,0.00005,vim_array_,s2469797,r,08/19/2026,08:47:52,eddie@node1o06.ecdf.ed.ac.uk,1,486
57722554,0.00005,vim_array_,s2469797,r,08/19/2026,08:48:07,eddie@node1l23.ecdf.ed.ac.uk,1,487
57722554,0.00005,vim_array_,s2469797,r,08/19/2026,08:48:07,eddie@node1l25.ecdf.ed.ac.uk,1,488
57722554,0.00005,vim_array_,s2469797,r,08/19/2026,08:48:07,eddie@node1o06.ecdf.ed.ac.uk,1,489
57722554,0.00005,vim_array_,s2469797,r,08/19/2026,08:46:07,eddie@node1i02.ecdf.ed.ac.uk,1,433
57722554,0.00005,vim_array_,s2469797,r,08/19/2026,08:46:07,eddie@node1i02.ecdf.ed.ac.uk,1,434
57722554,0.00005,vim_array_,s2469797,r,08/19/2026,08:46:07,eddie@node1i15.ecdf.ed.ac.uk,1,435
57722554,0.00005,vim_array_,s2469797,r,08/19/2026,08:46:07,eddie@node1i02.ecdf.ed.ac.uk,1,436
57722554,0.00005,vim_array_,s2469797,r,08/19/2026,08:46:07,eddie@node1i07.ecdf.ed.ac.uk,1,437
57722554,0.00005,vim_array_,s2469797,r,08/19/2026,08:46:07,eddie@node1i02.ecdf.ed.ac.uk,1,438
57722554,0.00005,vim_array_,s2469797,r,08/19/2026,08:46:07,eddie@node1l23.ecdf.ed.ac.uk,1,439
57722554,0.00005,vim_array_,s2469797,r,08/19/2026,08:45:37,eddie@node1f09.ecdf.ed.ac.uk,1,422
57722554,0.00005,vim_array_,s2469797,r,08/19/2026,08:45:37,eddie@node1f08.ecdf.ed.ac.uk,1,423
57722554,0.00005,vim_array_,s2469797,r,08/19/2026,08:45:37,eddie@node1o06.ecdf.ed.ac.uk,1,424
57722554,0.00005,vim_array_,s2469797,r,08/19/2026,08:45:37,eddie@node1o06.ecdf.ed.ac.uk,1,425
57722554,0.00005,vim_array_,s2469797,r,08/19/2026,08:45:37,eddie@node1o06.ecdf.ed.ac.uk,1,426
57722554,0.00005,vim_array_,s2469797,r,08/19/2026,08:45:37,eddie@node1o05.ecdf.ed.ac.uk,1,427
57722554,0.00005,vim_array_,s2469797,r,08/19/2026,08:45:37,eddie@node1h21.ecdf.ed.ac.uk,1,428
57722554,0.00005,vim_array_,s2469797,r,08/19/2026,08:46:22,eddie@node1l25.ecdf.ed.ac.uk,1,440
57722554,0.00005,vim_array_,s2469797,r,08/19/2026,08:46:22,eddie@node1l25.ecdf.ed.ac.uk,1,441
57722554,0.00005,vim_array_,s2469797,r,08/19/2026,08:46:22,eddie@node1o06.ecdf.ed.ac.uk,1,442
57722554,0.00005,vim_array_,s2469797,r,08/19/2026,08:46:22,eddie@node1h21.ecdf.ed.ac.uk,1,443
57722554,0.00005,vim_array_,s2469797,r,08/19/2026,08:45:52,eddie@node1l25.ecdf.ed.ac.uk,1,429
57722554,0.00005,vim_array_,s2469797,r,08/19/2026,08:45:52,eddie@node1o06.ecdf.ed.ac.uk,1,430
57722554,0.00005,vim_array_,s2469797,r,08/19/2026,08:45:52,eddie@node1o06.ecdf.ed.ac.uk,1,431
57722554,0.00005,vim_array_,s2469797,r,08/19/2026,08:45:52,eddie@node1o05.ecdf.ed.ac.uk,1,432
57722554,0.00005,vim_array_,s2469797,r,08/19/2026,08:45:07,eddie@node1i06.ecdf.ed.ac.uk,1,412
57722554,0.00005,vim_array_,s2469797,r,08/19/2026,08:45:07,eddie@node1i03.ecdf.ed.ac.uk,1,413
57722554,0.00005,vim_array_,s2469797,r,08/19/2026,08:45:07,eddie@node1l22.ecdf.ed.ac.uk,1,414
57722554,0.00005,vim_array_,s2469797,r,08/19/2026,08:45:07,eddie@node1l22.ecdf.ed.ac.uk,1,415
57722554,0.00005,vim_array_,s2469797,r,08/19/2026,08:45:07,eddie@node1o06.ecdf.ed.ac.uk,1,416
57722554,0.00005,vim_array_,s2469797,r,08/19/2026,08:45:07,eddie@node1o05.ecdf.ed.ac.uk,1,417
57722554,0.00005,vim_array_,s2469797,r,08/19/2026,08:45:22,eddie@node1i15.ecdf.ed.ac.uk,1,418
57722554,0.00005,vim_array_,s2469797,r,08/19/2026,08:45:22,eddie@node1o05.ecdf.ed.ac.uk,1,419
57722554,0.00005,vim_array_,s2469797,r,08/19/2026,08:45:22,eddie@node1l22.ecdf.ed.ac.uk,1,420
57722554,0.00005,vim_array_,s2469797,r,08/19/2026,08:45:22,eddie@node1o05.ecdf.ed.ac.uk,1,421
57722554,0.00005,vim_array_,s2469797,r,08/19/2026,08:43:22,eddie@node1i15.ecdf.ed.ac.uk,1,391
57722554,0.00005,vim_array_,s2469797,r,08/19/2026,08:43:22,eddie@node1l25.ecdf.ed.ac.uk,1,392
57722554,0.00005,vim_array_,s2469797,r,08/19/2026,08:43:22,eddie@node1l22.ecdf.ed.ac.uk,1,393
57722554,0.00005,vim_array_,s2469797,r,08/19/2026,08:43:22,eddie@node1l22.ecdf.ed.ac.uk,1,394
57722554,0.00005,vim_array_,s2469797,r,08/19/2026,08:42:52,eddie@node1i15.ecdf.ed.ac.uk,1,384
57722554,0.00005,vim_array_,s2469797,r,08/19/2026,08:42:52,eddie@node1f08.ecdf.ed.ac.uk,1,385
57722554,0.00005,vim_array_,s2469797,r,08/19/2026,08:42:52,eddie@node1i16.ecdf.ed.ac.uk,1,386
57722554,0.00005,vim_array_,s2469797,r,08/19/2026,08:42:52,eddie@node1l22.ecdf.ed.ac.uk,1,387
57722554,0.00005,vim_array_,s2469797,r,08/19/2026,08:42:52,eddie@node1o05.ecdf.ed.ac.uk,1,388
57722554,0.00005,vim_array_,s2469797,r,08/19/2026,08:42:52,eddie@node1l23.ecdf.ed.ac.uk,1,389
57722554,0.00005,vim_array_,s2469797,r,08/19/2026,08:42:52,eddie@node1o07.ecdf.ed.ac.uk,1,390
57722554,0.00005,vim_array_,s2469797,r,08/19/2026,08:42:22,eddie@node1i16.ecdf.ed.ac.uk,1,376
57722554,0.00005,vim_array_,s2469797,r,08/19/2026,08:42:22,eddie@node1i03.ecdf.ed.ac.uk,1,377
57722554,0.00005,vim_array_,s2469797,r,08/19/2026,08:42:22,eddie@node1i07.ecdf.ed.ac.uk,1,378
57722554,0.00005,vim_array_,s2469797,r,08/19/2026,08:42:22,eddie@node1l25.ecdf.ed.ac.uk,1,379
57722554,0.00005,vim_array_,s2469797,r,08/19/2026,08:42:22,eddie@node1l25.ecdf.ed.ac.uk,1,380
57722554,0.00005,vim_array_,s2469797,r,08/19/2026,08:42:22,eddie@node1l22.ecdf.ed.ac.uk,1,381
57722554,0.00005,vim_array_,s2469797,r,08/19/2026,08:43:52,eddie@node1o05.ecdf.ed.ac.uk,1,399
57722554,0.00005,vim_array_,s2469797,r,08/19/2026,08:43:52,eddie@node1o05.ecdf.ed.ac.uk,1,400
57722554,0.00005,vim_array_,s2469797,r,08/19/2026,08:43:52,eddie@node1o06.ecdf.ed.ac.uk,1,401
57722554,0.00005,vim_array_,s2469797,r,08/19/2026,08:43:52,eddie@node1h12.ecdf.ed.ac.uk,1,402
57722554,0.00005,vim_array_,s2469797,r,08/19/2026,08:43:52,eddie@node1s17.ecdf.ed.ac.uk,1,403
57722554,0.00005,vim_array_,s2469797,r,08/19/2026,08:41:22,eddie@node1l22.ecdf.ed.ac.uk,1,363
57722554,0.00005,vim_array_,s2469797,r,08/19/2026,08:41:22,eddie@node1l23.ecdf.ed.ac.uk,1,364
57722554,0.00005,vim_array_,s2469797,r,08/19/2026,08:41:22,eddie@node1l23.ecdf.ed.ac.uk,1,365
57722554,0.00005,vim_array_,s2469797,r,08/19/2026,08:41:22,eddie@node1l23.ecdf.ed.ac.uk,1,366
57722554,0.00005,vim_array_,s2469797,r,08/19/2026,08:41:22,eddie@node1o07.ecdf.ed.ac.uk,1,367
57722554,0.00005,vim_array_,s2469797,r,08/19/2026,08:44:37,eddie@node1o05.ecdf.ed.ac.uk,1,408
57722554,0.00005,vim_array_,s2469797,r,08/19/2026,08:44:37,eddie@node1h21.ecdf.ed.ac.uk,1,409
57722554,0.00005,vim_array_,s2469797,r,08/19/2026,08:44:37,eddie@node1h21.ecdf.ed.ac.uk,1,410
57722554,0.00005,vim_array_,s2469797,r,08/19/2026,08:44:37,eddie@node1j27.ecdf.ed.ac.uk,1,411
57722554,0.00005,vim_array_,s2469797,r,08/19/2026,08:43:37,eddie@node1i06.ecdf.ed.ac.uk,1,395
57722554,0.00005,vim_array_,s2469797,r,08/19/2026,08:43:37,eddie@node1i06.ecdf.ed.ac.uk,1,396
57722554,0.00005,vim_array_,s2469797,r,08/19/2026,08:43:37,eddie@node1l22.ecdf.ed.ac.uk,1,397
57722554,0.00005,vim_array_,s2469797,r,08/19/2026,08:43:37,eddie@node1r09.ecdf.ed.ac.uk,1,398
57722554,0.00005,vim_array_,s2469797,r,08/19/2026,08:41:37,eddie@node1o06.ecdf.ed.ac.uk,1,368
57722554,0.00005,vim_array_,s2469797,r,08/19/2026,08:41:37,eddie@node1o06.ecdf.ed.ac.uk,1,369
57722554,0.00005,vim_array_,s2469797,r,08/19/2026,08:41:37,eddie@node1r12.ecdf.ed.ac.uk,1,370
57722554,0.00005,vim_array_,s2469797,r,08/19/2026,08:41:37,eddie@node1j25.ecdf.ed.ac.uk,1,371
57722554,0.00005,vim_array_,s2469797,r,08/19/2026,08:40:52,eddie@node1l25.ecdf.ed.ac.uk,1,355
57722554,0.00005,vim_array_,s2469797,r,08/19/2026,08:40:52,eddie@node1l23.ecdf.ed.ac.uk,1,356
57722554,0.00005,vim_array_,s2469797,r,08/19/2026,08:40:52,eddie@node1l23.ecdf.ed.ac.uk,1,357
57722554,0.00005,vim_array_,s2469797,r,08/19/2026,08:40:52,eddie@node1l23.ecdf.ed.ac.uk,1,358
57722554,0.00005,vim_array_,s2469797,r,08/19/2026,08:41:07,eddie@node1l22.ecdf.ed.ac.uk,1,359
57722554,0.00005,vim_array_,s2469797,r,08/19/2026,08:41:07,eddie@node1l23.ecdf.ed.ac.uk,1,360
57722554,0.00005,vim_array_,s2469797,r,08/19/2026,08:41:07,eddie@node1o06.ecdf.ed.ac.uk,1,361
57722554,0.00005,vim_array_,s2469797,r,08/19/2026,08:41:07,eddie@node1j25.ecdf.ed.ac.uk,1,362
57722554,0.00005,vim_array_,s2469797,r,08/19/2026,08:41:52,eddie@node1l23.ecdf.ed.ac.uk,1,372
57722554,0.00005,vim_array_,s2469797,r,08/19/2026,08:41:52,eddie@node1h22.ecdf.ed.ac.uk,1,373
57722554,0.00005,vim_array_,s2469797,r,08/19/2026,08:41:52,eddie@node1r06.ecdf.ed.ac.uk,1,374
57722554,0.00005,vim_array_,s2469797,r,08/19/2026,08:44:07,eddie@node1i07.ecdf.ed.ac.uk,1,404
57722554,0.00005,vim_array_,s2469797,r,08/19/2026,08:44:07,eddie@node1l22.ecdf.ed.ac.uk,1,405
57722554,0.00005,vim_array_,s2469797,r,08/19/2026,08:44:07,eddie@node1r12.ecdf.ed.ac.uk,1,406
57722554,0.00005,vim_array_,s2469797,r,08/19/2026,08:40:37,eddie@node1r12.ecdf.ed.ac.uk,1,353
57722554,0.00005,vim_array_,s2469797,r,08/19/2026,08:40:37,eddie@node1j27.ecdf.ed.ac.uk,1,354
57722554,0.00005,vim_array_,s2469797,r,08/19/2026,08:42:37,eddie@node1o05.ecdf.ed.ac.uk,1,382
57722554,0.00005,vim_array_,s2469797,r,08/19/2026,08:42:37,eddie@node1l23.ecdf.ed.ac.uk,1,383
57722554,0.00005,vim_array_,s2469797,r,08/19/2026,08:42:07,eddie@node1l22.ecdf.ed.ac.uk,1,375
57722554,0.00005,vim_array_,s2469797,r,08/19/2026,08:44:22,eddie@node1i16.ecdf.ed.ac.uk,1,407
57722554,0.00005,vim_array_,s2469797,r,08/19/2026,08:40:22,eddie@node1l22.ecdf.ed.ac.uk,1,351
57722554,0.00005,vim_array_,s2469797,r,08/19/2026,08:40:22,eddie@node1o06.ecdf.ed.ac.uk,1,352
57722554,0.00005,vim_array_,s2469797,r,08/19/2026,08:40:07,eddie@node1i02.ecdf.ed.ac.uk,1,348
57722554,0.00005,vim_array_,s2469797,r,08/19/2026,08:40:07,eddie@node1l23.ecdf.ed.ac.uk,1,349
57722554,0.00005,vim_array_,s2469797,r,08/19/2026,08:40:07,eddie@node1l22.ecdf.ed.ac.uk,1,350
57722554,0.00004,vim_array_,s2469797,r,08/19/2026,08:37:52,eddie@node1i07.ecdf.ed.ac.uk,1,308
57722554,0.00004,vim_array_,s2469797,r,08/19/2026,08:37:52,eddie@node1l23.ecdf.ed.ac.uk,1,309
57722554,0.00004,vim_array_,s2469797,r,08/19/2026,08:37:52,eddie@node1o06.ecdf.ed.ac.uk,1,310
57722554,0.00004,vim_array_,s2469797,r,08/19/2026,08:37:52,eddie@node1r12.ecdf.ed.ac.uk,1,311
57722554,0.00004,vim_array_,s2469797,r,08/19/2026,08:37:52,eddie@node1j27.ecdf.ed.ac.uk,1,312
57722554,0.00004,vim_array_,s2469797,r,08/19/2026,08:37:52,eddie@node1o11.ecdf.ed.ac.uk,1,313
57722554,0.00004,vim_array_,s2469797,r,08/19/2026,08:37:52,eddie@node1r12.ecdf.ed.ac.uk,1,314
57722554,0.00004,vim_array_,s2469797,r,08/19/2026,08:38:07,eddie@node1i03.ecdf.ed.ac.uk,1,315
57722554,0.00004,vim_array_,s2469797,r,08/19/2026,08:38:07,eddie@node1l23.ecdf.ed.ac.uk,1,316
57722554,0.00004,vim_array_,s2469797,r,08/19/2026,08:38:07,eddie@node1l23.ecdf.ed.ac.uk,1,317
57722554,0.00004,vim_array_,s2469797,r,08/19/2026,08:38:07,eddie@node1l22.ecdf.ed.ac.uk,1,318
57722554,0.00004,vim_array_,s2469797,r,08/19/2026,08:38:07,eddie@node1o03.ecdf.ed.ac.uk,1,319
57722554,0.00004,vim_array_,s2469797,r,08/19/2026,08:38:37,eddie@node1l23.ecdf.ed.ac.uk,1,323
57722554,0.00004,vim_array_,s2469797,r,08/19/2026,08:38:37,eddie@node1l23.ecdf.ed.ac.uk,1,324
57722554,0.00004,vim_array_,s2469797,r,08/19/2026,08:38:37,eddie@node1j27.ecdf.ed.ac.uk,1,325
57722554,0.00004,vim_array_,s2469797,r,08/19/2026,08:38:37,eddie@node1h07.ecdf.ed.ac.uk,1,326
57722554,0.00004,vim_array_,s2469797,r,08/19/2026,08:38:22,eddie@node1l22.ecdf.ed.ac.uk,1,320
57722554,0.00004,vim_array_,s2469797,r,08/19/2026,08:38:22,eddie@node1m16.ecdf.ed.ac.uk,1,321
57722554,0.00004,vim_array_,s2469797,r,08/19/2026,08:38:22,eddie@node1r12.ecdf.ed.ac.uk,1,322
57722554,0.00004,vim_array_,s2469797,r,08/19/2026,08:38:52,eddie@node1r18.ecdf.ed.ac.uk,1,327
57722554,0.00004,vim_array_,s2469797,r,08/19/2026,08:39:22,eddie@node1i07.ecdf.ed.ac.uk,1,333
57722554,0.00004,vim_array_,s2469797,r,08/19/2026,08:39:22,eddie@node1l23.ecdf.ed.ac.uk,1,334
57722554,0.00004,vim_array_,s2469797,r,08/19/2026,08:39:22,eddie@node1l23.ecdf.ed.ac.uk,1,335
57722554,0.00004,vim_array_,s2469797,r,08/19/2026,08:39:22,eddie@node1r19.ecdf.ed.ac.uk,1,336
57722554,0.00004,vim_array_,s2469797,r,08/19/2026,08:39:22,eddie@node1h09.ecdf.ed.ac.uk,1,337
57722554,0.00004,vim_array_,s2469797,r,08/19/2026,08:39:22,eddie@node1r12.ecdf.ed.ac.uk,1,338
57722554,0.00004,vim_array_,s2469797,r,08/19/2026,08:39:22,eddie@node1j25.ecdf.ed.ac.uk,1,339
57722554,0.00004,vim_array_,s2469797,r,08/19/2026,08:39:07,eddie@node1i06.ecdf.ed.ac.uk,1,328
57722554,0.00004,vim_array_,s2469797,r,08/19/2026,08:39:07,eddie@node1i03.ecdf.ed.ac.uk,1,329
57722554,0.00004,vim_array_,s2469797,r,08/19/2026,08:39:07,eddie@node1i03.ecdf.ed.ac.uk,1,330
57722554,0.00004,vim_array_,s2469797,r,08/19/2026,08:39:07,eddie@node1l23.ecdf.ed.ac.uk,1,331
57722554,0.00004,vim_array_,s2469797,r,08/19/2026,08:39:07,eddie@node1l23.ecdf.ed.ac.uk,1,332
57722554,0.00004,vim_array_,s2469797,r,08/19/2026,08:39:52,eddie@node1i06.ecdf.ed.ac.uk,1,343
57722554,0.00004,vim_array_,s2469797,r,08/19/2026,08:39:52,eddie@node1l22.ecdf.ed.ac.uk,1,344
57722554,0.00004,vim_array_,s2469797,r,08/19/2026,08:39:52,eddie@node1l22.ecdf.ed.ac.uk,1,345
57722554,0.00004,vim_array_,s2469797,r,08/19/2026,08:39:52,eddie@node1o06.ecdf.ed.ac.uk,1,346
57722554,0.00004,vim_array_,s2469797,r,08/19/2026,08:39:52,eddie@node1o06.ecdf.ed.ac.uk,1,347
57722554,0.00004,vim_array_,s2469797,r,08/19/2026,08:37:37,eddie@node1o03.ecdf.ed.ac.uk,1,305
57722554,0.00004,vim_array_,s2469797,r,08/19/2026,08:37:37,eddie@node1o06.ecdf.ed.ac.uk,1,306
57722554,0.00004,vim_array_,s2469797,r,08/19/2026,08:37:37,eddie@node1o06.ecdf.ed.ac.uk,1,307
57722554,0.00004,vim_array_,s2469797,r,08/19/2026,08:39:37,eddie@node1o06.ecdf.ed.ac.uk,1,340
57722554,0.00004,vim_array_,s2469797,r,08/19/2026,08:39:37,eddie@node1r19.ecdf.ed.ac.uk,1,341
57722554,0.00004,vim_array_,s2469797,r,08/19/2026,08:39:37,eddie@node1o11.ecdf.ed.ac.uk,1,342
57722554,0.00004,vim_array_,s2469797,r,08/19/2026,08:37:22,eddie@node1i16.ecdf.ed.ac.uk,1,302
57722554,0.00004,vim_array_,s2469797,r,08/19/2026,08:37:22,eddie@node1i07.ecdf.ed.ac.uk,1,303
57722554,0.00004,vim_array_,s2469797,r,08/19/2026,08:37:22,eddie@node1o03.ecdf.ed.ac.uk,1,304
57722461,0.00004,ce1,gs10us1,r,08/19/2026,07:08:32,eddie@node1l13.ecdf.ed.ac.uk,1
57722554,0.00004,vim_array_,s2469797,r,08/19/2026,08:36:22,eddie@node1o03.ecdf.ed.ac.uk,1,289
57722554,0.00004,vim_array_,s2469797,r,08/19/2026,08:36:22,eddie@node1o03.ecdf.ed.ac.uk,1,290
57722554,0.00004,vim_array_,s2469797,r,08/19/2026,08:36:07,eddie@node1r06.ecdf.ed.ac.uk,1,287
57722554,0.00004,vim_array_,s2469797,r,08/19/2026,08:36:07,eddie@node1o11.ecdf.ed.ac.uk,1,288
57722554,0.00004,vim_array_,s2469797,r,08/19/2026,08:37:07,eddie@node1o03.ecdf.ed.ac.uk,1,297
57722554,0.00004,vim_array_,s2469797,r,08/19/2026,08:37:07,eddie@node1o03.ecdf.ed.ac.uk,1,298
57722554,0.00004,vim_array_,s2469797,r,08/19/2026,08:37:07,eddie@node1l22.ecdf.ed.ac.uk,1,299
57722554,0.00004,vim_array_,s2469797,r,08/19/2026,08:37:07,eddie@node1o06.ecdf.ed.ac.uk,1,300
57722554,0.00004,vim_array_,s2469797,r,08/19/2026,08:37:07,eddie@node1o11.ecdf.ed.ac.uk,1,301
57722554,0.00004,vim_array_,s2469797,r,08/19/2026,08:37:04,eddie@node1r12.ecdf.ed.ac.uk,1,294
57722554,0.00004,vim_array_,s2469797,r,08/19/2026,08:37:04,eddie@node1j25.ecdf.ed.ac.uk,1,295
57722554,0.00004,vim_array_,s2469797,r,08/19/2026,08:37:04,eddie@node1r06.ecdf.ed.ac.uk,1,296
57722554,0.00004,vim_array_,s2469797,r,08/19/2026,08:36:37,eddie@node1o06.ecdf.ed.ac.uk,1,291
57722554,0.00004,vim_array_,s2469797,r,08/19/2026,08:36:37,eddie@node1o06.ecdf.ed.ac.uk,1,292
57722554,0.00004,vim_array_,s2469797,r,08/19/2026,08:36:37,eddie@node1o06.ecdf.ed.ac.uk,1,293
57722554,0.00004,vim_array_,s2469797,r,08/19/2026,08:34:22,eddie@node1o06.ecdf.ed.ac.uk,1,268
57722554,0.00004,vim_array_,s2469797,r,08/19/2026,08:34:22,eddie@node1r08.ecdf.ed.ac.uk,1,269
57722554,0.00004,vim_array_,s2469797,r,08/19/2026,08:34:22,eddie@node1s18.ecdf.ed.ac.uk,1,270
57722554,0.00004,vim_array_,s2469797,r,08/19/2026,08:34:22,eddie@node1h15.ecdf.ed.ac.uk,1,271
57722554,0.00004,vim_array_,s2469797,r,08/19/2026,08:34:22,eddie@node1h23.ecdf.ed.ac.uk,1,272
57722554,0.00004,vim_array_,s2469797,r,08/19/2026,08:34:37,eddie@node1o06.ecdf.ed.ac.uk,1,273
57722554,0.00004,vim_array_,s2469797,r,08/19/2026,08:34:37,eddie@node1j27.ecdf.ed.ac.uk,1,274
57722554,0.00004,vim_array_,s2469797,r,08/19/2026,08:34:37,eddie@node1j25.ecdf.ed.ac.uk,1,275
57722554,0.00004,vim_array_,s2469797,r,08/19/2026,08:34:37,eddie@node1r06.ecdf.ed.ac.uk,1,276
57722554,0.00004,vim_array_,s2469797,r,08/19/2026,08:34:37,eddie@node1o14.ecdf.ed.ac.uk,1,277
57722554,0.00004,vim_array_,s2469797,r,08/19/2026,08:35:22,eddie@node1j25.ecdf.ed.ac.uk,1,282
57722554,0.00004,vim_array_,s2469797,r,08/19/2026,08:35:22,eddie@node1j27.ecdf.ed.ac.uk,1,283
57722554,0.00004,vim_array_,s2469797,r,08/19/2026,08:35:22,eddie@node1s13.ecdf.ed.ac.uk,1,284
57722554,0.00004,vim_array_,s2469797,r,08/19/2026,08:35:22,eddie@node1o09.ecdf.ed.ac.uk,1,285
57722554,0.00004,vim_array_,s2469797,r,08/19/2026,08:34:52,eddie@node1i02.ecdf.ed.ac.uk,1,278
57722554,0.00004,vim_array_,s2469797,r,08/19/2026,08:34:52,eddie@node1o04.ecdf.ed.ac.uk,1,279
57722554,0.00004,vim_array_,s2469797,r,08/19/2026,08:34:52,eddie@node1o12.ecdf.ed.ac.uk,1,280
57722554,0.00004,vim_array_,s2469797,r,08/19/2026,08:35:52,eddie@node1f08.ecdf.ed.ac.uk,1,286
57722554,0.00004,vim_array_,s2469797,r,08/19/2026,08:35:07,eddie@node1o11.ecdf.ed.ac.uk,1,281
57722554,0.00004,vim_array_,s2469797,r,08/19/2026,08:34:07,eddie@node1f06.ecdf.ed.ac.uk,1,265
57722554,0.00004,vim_array_,s2469797,r,08/19/2026,08:34:07,eddie@node1r16.ecdf.ed.ac.uk,1,266
57722554,0.00004,vim_array_,s2469797,r,08/19/2026,08:34:07,eddie@node1j25.ecdf.ed.ac.uk,1,267
57722554,0.00004,vim_array_,s2469797,r,08/19/2026,08:33:52,eddie@node1l22.ecdf.ed.ac.uk,1,262
57722554,0.00004,vim_array_,s2469797,r,08/19/2026,08:33:52,eddie@node1l23.ecdf.ed.ac.uk,1,263
57722554,0.00004,vim_array_,s2469797,r,08/19/2026,08:33:52,eddie@node1r06.ecdf.ed.ac.uk,1,264
57722554,0.00004,vim_array_,s2469797,r,08/19/2026,08:33:37,eddie@node1o12.ecdf.ed.ac.uk,1,260
57722554,0.00004,vim_array_,s2469797,r,08/19/2026,08:33:37,eddie@node1s17.ecdf.ed.ac.uk,1,261
57722554,0.00004,vim_array_,s2469797,r,08/19/2026,08:33:22,eddie@node1l22.ecdf.ed.ac.uk,1,258
57722554,0.00004,vim_array_,s2469797,r,08/19/2026,08:33:22,eddie@node1l22.ecdf.ed.ac.uk,1,259
57722554,0.00004,vim_array_,s2469797,r,08/19/2026,08:32:53,eddie@node1r05.ecdf.ed.ac.uk,1,253
57722554,0.00004,vim_array_,s2469797,r,08/19/2026,08:32:53,eddie@node1h09.ecdf.ed.ac.uk,1,254
57722554,0.00004,vim_array_,s2469797,r,08/19/2026,08:32:53,eddie@node1h07.ecdf.ed.ac.uk,1,255
57722554,0.00004,vim_array_,s2469797,r,08/19/2026,08:32:53,eddie@node1h10.ecdf.ed.ac.uk,1,256
57722554,0.00004,vim_array_,s2469797,r,08/19/2026,08:33:07,eddie@node1h12.ecdf.ed.ac.uk,1,257
57723293,0.00004,hyp1_neglr,belie,r,08/19/2026,10:46:13,eddie@node1s15.ecdf.ed.ac.uk,1
57723302,0.00004,hyp1_neglr,belie,r,08/19/2026,10:46:13,eddie@node1r05.ecdf.ed.ac.uk,1
57723303,0.00004,hyp1_neglr,belie,r,08/19/2026,10:46:13,eddie@node1s19.ecdf.ed.ac.uk,1
57723305,0.00004,hyp1_neglr,belie,r,08/19/2026,10:46:13,eddie@node1r17.ecdf.ed.ac.uk,1
57723311,0.00004,hyp1_neglr,belie,r,08/19/2026,10:46:13,eddie@node1h07.ecdf.ed.ac.uk,1
57723315,0.00004,hyp1_neglr,belie,r,08/19/2026,10:46:13,eddie@node1h09.ecdf.ed.ac.uk,1
57723316,0.00004,hyp1_neglr,belie,r,08/19/2026,10:46:13,eddie@node1o10.ecdf.ed.ac.uk,1
57723323,0.00004,hyp1_neglr,belie,r,08/19/2026,10:46:13,eddie@node1s15.ecdf.ed.ac.uk,1
57723326,0.00004,hyp1_neglr,belie,r,08/19/2026,10:46:13,eddie@node1o12.ecdf.ed.ac.uk,1
57723334,0.00004,hyp1_neglr,belie,r,08/19/2026,10:46:13,eddie@node1s19.ecdf.ed.ac.uk,1
57723335,0.00004,hyp1_neglr,belie,r,08/19/2026,10:46:13,eddie@node1h14.ecdf.ed.ac.uk,1
57723336,0.00004,hyp1_neglr,belie,r,08/19/2026,10:46:13,eddie@node1r17.ecdf.ed.ac.uk,1
57723344,0.00004,hyp1_neglr,belie,r,08/19/2026,10:46:13,eddie@node1r09.ecdf.ed.ac.uk,1
57723347,0.00004,hyp1_neglr,belie,r,08/19/2026,10:46:13,eddie@node1o08.ecdf.ed.ac.uk,1
57722554,0.00004,vim_array_,s2469797,r,08/19/2026,08:29:07,eddie@node1m16.ecdf.ed.ac.uk,1,206
57722554,0.00004,vim_array_,s2469797,r,08/19/2026,08:29:07,eddie@node1o09.ecdf.ed.ac.uk,1,207
57722554,0.00004,vim_array_,s2469797,r,08/19/2026,08:29:07,eddie@node1j27.ecdf.ed.ac.uk,1,208
57722554,0.00004,vim_array_,s2469797,r,08/19/2026,08:29:07,eddie@node1o08.ecdf.ed.ac.uk,1,209
57722554,0.00004,vim_array_,s2469797,r,08/19/2026,08:29:07,eddie@node1h08.ecdf.ed.ac.uk,1,210
57722554,0.00004,vim_array_,s2469797,r,08/19/2026,08:29:07,eddie@node1r06.ecdf.ed.ac.uk,1,211
57722554,0.00004,vim_array_,s2469797,r,08/19/2026,08:31:37,eddie@node1r16.ecdf.ed.ac.uk,1,234
57722554,0.00004,vim_array_,s2469797,r,08/19/2026,08:31:37,eddie@node1r16.ecdf.ed.ac.uk,1,235
57722554,0.00004,vim_array_,s2469797,r,08/19/2026,08:31:37,eddie@node1o05.ecdf.ed.ac.uk,1,236
57722554,0.00004,vim_array_,s2469797,r,08/19/2026,08:31:37,eddie@node1o05.ecdf.ed.ac.uk,1,237
57722554,0.00004,vim_array_,s2469797,r,08/19/2026,08:31:37,eddie@node1h09.ecdf.ed.ac.uk,1,238
57722554,0.00004,vim_array_,s2469797,r,08/19/2026,08:31:52,eddie@node1r05.ecdf.ed.ac.uk,1,239
57722554,0.00004,vim_array_,s2469797,r,08/19/2026,08:31:52,eddie@node1j27.ecdf.ed.ac.uk,1,240
57722554,0.00004,vim_array_,s2469797,r,08/19/2026,08:31:52,eddie@node1r19.ecdf.ed.ac.uk,1,241
57722554,0.00004,vim_array_,s2469797,r,08/19/2026,08:31:52,eddie@node1h09.ecdf.ed.ac.uk,1,242
57722554,0.00004,vim_array_,s2469797,r,08/19/2026,08:30:52,eddie@node1r18.ecdf.ed.ac.uk,1,225
57722554,0.00004,vim_array_,s2469797,r,08/19/2026,08:30:52,eddie@node1r19.ecdf.ed.ac.uk,1,226
57722554,0.00004,vim_array_,s2469797,r,08/19/2026,08:30:52,eddie@node1h07.ecdf.ed.ac.uk,1,227
57722554,0.00004,vim_array_,s2469797,r,08/19/2026,08:30:52,eddie@node1m16.ecdf.ed.ac.uk,1,228
57722554,0.00004,vim_array_,s2469797,r,08/19/2026,08:28:22,eddie@node1m14.ecdf.ed.ac.uk,1,193
57722554,0.00004,vim_array_,s2469797,r,08/19/2026,08:28:22,eddie@node1m14.ecdf.ed.ac.uk,1,194
57722554,0.00004,vim_array_,s2469797,r,08/19/2026,08:28:22,eddie@node1m16.ecdf.ed.ac.uk,1,195
57722554,0.00004,vim_array_,s2469797,r,08/19/2026,08:28:22,eddie@node1o12.ecdf.ed.ac.uk,1,196
57722554,0.00004,vim_array_,s2469797,r,08/19/2026,08:30:22,eddie@node1h09.ecdf.ed.ac.uk,1,219
57722554,0.00004,vim_array_,s2469797,r,08/19/2026,08:30:22,eddie@node1r18.ecdf.ed.ac.uk,1,220
57722554,0.00004,vim_array_,s2469797,r,08/19/2026,08:30:22,eddie@node1r19.ecdf.ed.ac.uk,1,221
57722554,0.00004,vim_array_,s2469797,r,08/19/2026,08:30:22,eddie@node1o09.ecdf.ed.ac.uk,1,222
57722554,0.00004,vim_array_,s2469797,r,08/19/2026,08:28:37,eddie@node1o08.ecdf.ed.ac.uk,1,197
57722554,0.00004,vim_array_,s2469797,r,08/19/2026,08:28:37,eddie@node1o09.ecdf.ed.ac.uk,1,198
57722554,0.00004,vim_array_,s2469797,r,08/19/2026,08:28:37,eddie@node1h03.ecdf.ed.ac.uk,1,199
57722554,0.00004,vim_array_,s2469797,r,08/19/2026,08:28:37,eddie@node1h07.ecdf.ed.ac.uk,1,200
57722554,0.00004,vim_array_,s2469797,r,08/19/2026,08:32:37,eddie@node1o10.ecdf.ed.ac.uk,1,249
57722554,0.00004,vim_array_,s2469797,r,08/19/2026,08:32:37,eddie@node1r07.ecdf.ed.ac.uk,1,250
57722554,0.00004,vim_array_,s2469797,r,08/19/2026,08:32:37,eddie@node1j28.ecdf.ed.ac.uk,1,251
57722554,0.00004,vim_array_,s2469797,r,08/19/2026,08:32:37,eddie@node1h05.ecdf.ed.ac.uk,1,252
57722554,0.00004,vim_array_,s2469797,r,08/19/2026,08:32:07,eddie@node1o04.ecdf.ed.ac.uk,1,243
57722554,0.00004,vim_array_,s2469797,r,08/19/2026,08:32:07,eddie@node1o11.ecdf.ed.ac.uk,1,244
57722554,0.00004,vim_array_,s2469797,r,08/19/2026,08:32:07,eddie@node1h15.ecdf.ed.ac.uk,1,245
57722554,0.00004,vim_array_,s2469797,r,08/19/2026,08:32:07,eddie@node1o12.ecdf.ed.ac.uk,1,246
57722554,0.00004,vim_array_,s2469797,r,08/19/2026,08:28:52,eddie@node1r06.ecdf.ed.ac.uk,1,201
57722554,0.00004,vim_array_,s2469797,r,08/19/2026,08:28:52,eddie@node1h10.ecdf.ed.ac.uk,1,202
57722554,0.00004,vim_array_,s2469797,r,08/19/2026,08:28:52,eddie@node1h12.ecdf.ed.ac.uk,1,203
57722554,0.00004,vim_array_,s2469797,r,08/19/2026,08:28:52,eddie@node1h09.ecdf.ed.ac.uk,1,204
57722554,0.00004,vim_array_,s2469797,r,08/19/2026,08:28:52,eddie@node1s18.ecdf.ed.ac.uk,1,205
57722554,0.00004,vim_array_,s2469797,r,08/19/2026,08:31:22,eddie@node1i07.ecdf.ed.ac.uk,1,231
57722554,0.00004,vim_array_,s2469797,r,08/19/2026,08:31:22,eddie@node1i14.ecdf.ed.ac.uk,1,232
57722554,0.00004,vim_array_,s2469797,r,08/19/2026,08:31:22,eddie@node1i14.ecdf.ed.ac.uk,1,233
57722554,0.00004,vim_array_,s2469797,r,08/19/2026,08:30:07,eddie@node1r18.ecdf.ed.ac.uk,1,217
57722554,0.00004,vim_array_,s2469797,r,08/19/2026,08:30:07,eddie@node1o11.ecdf.ed.ac.uk,1,218
57722554,0.00004,vim_array_,s2469797,r,08/19/2026,08:30:37,eddie@node1o11.ecdf.ed.ac.uk,1,223
57722554,0.00004,vim_array_,s2469797,r,08/19/2026,08:30:37,eddie@node1r06.ecdf.ed.ac.uk,1,224
57722554,0.00004,vim_array_,s2469797,r,08/19/2026,08:31:07,eddie@node1r16.ecdf.ed.ac.uk,1,229
57722554,0.00004,vim_array_,s2469797,r,08/19/2026,08:31:07,eddie@node1r16.ecdf.ed.ac.uk,1,230
57722554,0.00004,vim_array_,s2469797,r,08/19/2026,08:29:37,eddie@node1o04.ecdf.ed.ac.uk,1,213
57722554,0.00004,vim_array_,s2469797,r,08/19/2026,08:29:37,eddie@node1o04.ecdf.ed.ac.uk,1,214
57722554,0.00004,vim_array_,s2469797,r,08/19/2026,08:32:22,eddie@node1r19.ecdf.ed.ac.uk,1,247
57722554,0.00004,vim_array_,s2469797,r,08/19/2026,08:32:22,eddie@node1r18.ecdf.ed.ac.uk,1,248
57722554,0.00004,vim_array_,s2469797,r,08/19/2026,08:29:52,eddie@node1m16.ecdf.ed.ac.uk,1,215
57722554,0.00004,vim_array_,s2469797,r,08/19/2026,08:29:52,eddie@node1h05.ecdf.ed.ac.uk,1,216
57722554,0.00004,vim_array_,s2469797,r,08/19/2026,08:29:22,eddie@node1o05.ecdf.ed.ac.uk,1,212
57722483,0.00004,ce1,gs10us1,r,08/19/2026,07:12:32,eddie@node1l13.ecdf.ed.ac.uk,1
57722554,0.00003,vim_array_,s2469797,r,08/19/2026,08:25:52,eddie@node1o05.ecdf.ed.ac.uk,1,141
57722554,0.00003,vim_array_,s2469797,r,08/19/2026,08:25:52,eddie@node1s17.ecdf.ed.ac.uk,1,142
57722554,0.00003,vim_array_,s2469797,r,08/19/2026,08:25:52,eddie@node1s18.ecdf.ed.ac.uk,1,143
57722554,0.00003,vim_array_,s2469797,r,08/19/2026,08:25:52,eddie@node1h12.ecdf.ed.ac.uk,1,144
57722554,0.00003,vim_array_,s2469797,r,08/19/2026,08:25:52,eddie@node1j28.ecdf.ed.ac.uk,1,145
57722554,0.00003,vim_array_,s2469797,r,08/19/2026,08:25:52,eddie@node1h07.ecdf.ed.ac.uk,1,146
57722554,0.00003,vim_array_,s2469797,r,08/19/2026,08:25:52,eddie@node1h15.ecdf.ed.ac.uk,1,147
57722554,0.00003,vim_array_,s2469797,r,08/19/2026,08:25:52,eddie@node1r07.ecdf.ed.ac.uk,1,148
57722554,0.00003,vim_array_,s2469797,r,08/19/2026,08:25:52,eddie@node1h09.ecdf.ed.ac.uk,1,149
57722554,0.00003,vim_array_,s2469797,r,08/19/2026,08:23:52,eddie@node1o14.ecdf.ed.ac.uk,1,95
57722554,0.00003,vim_array_,s2469797,r,08/19/2026,08:23:52,eddie@node1h08.ecdf.ed.ac.uk,1,96
57722554,0.00003,vim_array_,s2469797,r,08/19/2026,08:23:52,eddie@node1r05.ecdf.ed.ac.uk,1,97
57722554,0.00003,vim_array_,s2469797,r,08/19/2026,08:23:52,eddie@node1h23.ecdf.ed.ac.uk,1,98
57722554,0.00003,vim_array_,s2469797,r,08/19/2026,08:23:52,eddie@node1h12.ecdf.ed.ac.uk,1,99
57722554,0.00003,vim_array_,s2469797,r,08/19/2026,08:23:52,eddie@node1h09.ecdf.ed.ac.uk,1,100
57722554,0.00003,vim_array_,s2469797,r,08/19/2026,08:23:52,eddie@node1h10.ecdf.ed.ac.uk,1,101
57722554,0.00003,vim_array_,s2469797,r,08/19/2026,08:23:52,eddie@node1h05.ecdf.ed.ac.uk,1,102
57722554,0.00003,vim_array_,s2469797,r,08/19/2026,08:27:37,eddie@node1h15.ecdf.ed.ac.uk,1,176
57722554,0.00003,vim_array_,s2469797,r,08/19/2026,08:27:37,eddie@node1s18.ecdf.ed.ac.uk,1,177
57722554,0.00003,vim_array_,s2469797,r,08/19/2026,08:27:37,eddie@node1h23.ecdf.ed.ac.uk,1,178
57722554,0.00003,vim_array_,s2469797,r,08/19/2026,08:27:37,eddie@node1s13.ecdf.ed.ac.uk,1,179
57722554,0.00003,vim_array_,s2469797,r,08/19/2026,08:27:37,eddie@node1h22.ecdf.ed.ac.uk,1,180
57722554,0.00003,vim_array_,s2469797,r,08/19/2026,08:27:37,eddie@node1h08.ecdf.ed.ac.uk,1,181
57722554,0.00003,vim_array_,s2469797,r,08/19/2026,08:27:37,eddie@node1o14.ecdf.ed.ac.uk,1,182
57722554,0.00003,vim_array_,s2469797,r,08/19/2026,08:27:37,eddie@node1o08.ecdf.ed.ac.uk,1,183
57722554,0.00003,vim_array_,s2469797,r,08/19/2026,08:22:22,eddie@node1r14.ecdf.ed.ac.uk,1,60
57722554,0.00003,vim_array_,s2469797,r,08/19/2026,08:22:22,eddie@node1l26.ecdf.ed.ac.uk,1,61
57722554,0.00003,vim_array_,s2469797,r,08/19/2026,08:22:22,eddie@node1o10.ecdf.ed.ac.uk,1,62
57722554,0.00003,vim_array_,s2469797,r,08/19/2026,08:22:22,eddie@node1j27.ecdf.ed.ac.uk,1,63
57722554,0.00003,vim_array_,s2469797,r,08/19/2026,08:22:22,eddie@node1h03.ecdf.ed.ac.uk,1,64
57722554,0.00003,vim_array_,s2469797,r,08/19/2026,08:22:22,eddie@node1h05.ecdf.ed.ac.uk,1,65
57722554,0.00003,vim_array_,s2469797,r,08/19/2026,08:22:22,eddie@node1s19.ecdf.ed.ac.uk,1,66
57722554,0.00003,vim_array_,s2469797,r,08/19/2026,08:23:07,eddie@node1o12.ecdf.ed.ac.uk,1,76
57722554,0.00003,vim_array_,s2469797,r,08/19/2026,08:23:07,eddie@node1h05.ecdf.ed.ac.uk,1,77
57722554,0.00003,vim_array_,s2469797,r,08/19/2026,08:23:07,eddie@node1h04.ecdf.ed.ac.uk,1,78
57722554,0.00003,vim_array_,s2469797,r,08/19/2026,08:23:07,eddie@node1h10.ecdf.ed.ac.uk,1,79
57722554,0.00003,vim_array_,s2469797,r,08/19/2026,08:23:07,eddie@node1r18.ecdf.ed.ac.uk,1,80
57722554,0.00003,vim_array_,s2469797,r,08/19/2026,08:23:07,eddie@node1r06.ecdf.ed.ac.uk,1,81
57722554,0.00003,vim_array_,s2469797,r,08/19/2026,08:23:07,eddie@node1r07.ecdf.ed.ac.uk,1,82
57722554,0.00003,vim_array_,s2469797,r,08/19/2026,08:24:07,eddie@node1r18.ecdf.ed.ac.uk,1,103
57722554,0.00003,vim_array_,s2469797,r,08/19/2026,08:24:07,eddie@node1h07.ecdf.ed.ac.uk,1,104
57722554,0.00003,vim_array_,s2469797,r,08/19/2026,08:24:07,eddie@node1s17.ecdf.ed.ac.uk,1,105
57722554,0.00003,vim_array_,s2469797,r,08/19/2026,08:24:07,eddie@node1j28.ecdf.ed.ac.uk,1,106
57722554,0.00003,vim_array_,s2469797,r,08/19/2026,08:24:07,eddie@node1s18.ecdf.ed.ac.uk,1,107
57722554,0.00003,vim_array_,s2469797,r,08/19/2026,08:24:07,eddie@node1o09.ecdf.ed.ac.uk,1,108
57722554,0.00003,vim_array_,s2469797,r,08/19/2026,08:24:07,eddie@node1m16.ecdf.ed.ac.uk,1,109
57722554,0.00003,vim_array_,s2469797,r,08/19/2026,08:24:22,eddie@node1h15.ecdf.ed.ac.uk,1,110
57722554,0.00003,vim_array_,s2469797,r,08/19/2026,08:24:22,eddie@node1s13.ecdf.ed.ac.uk,1,111
57722554,0.00003,vim_array_,s2469797,r,08/19/2026,08:24:22,eddie@node1r18.ecdf.ed.ac.uk,1,112
57722554,0.00003,vim_array_,s2469797,r,08/19/2026,08:24:22,eddie@node1h04.ecdf.ed.ac.uk,1,113
57722554,0.00003,vim_array_,s2469797,r,08/19/2026,08:24:22,eddie@node1r07.ecdf.ed.ac.uk,1,114
57722554,0.00003,vim_array_,s2469797,r,08/19/2026,08:24:22,eddie@node1r05.ecdf.ed.ac.uk,1,115
57722554,0.00003,vim_array_,s2469797,r,08/19/2026,08:24:22,eddie@node1o14.ecdf.ed.ac.uk,1,116
57722554,0.00003,vim_array_,s2469797,r,08/19/2026,08:27:52,eddie@node1h07.ecdf.ed.ac.uk,1,184
57722554,0.00003,vim_array_,s2469797,r,08/19/2026,08:27:52,eddie@node1h03.ecdf.ed.ac.uk,1,185
57722554,0.00003,vim_array_,s2469797,r,08/19/2026,08:27:52,eddie@node1r06.ecdf.ed.ac.uk,1,186
57722554,0.00003,vim_array_,s2469797,r,08/19/2026,08:27:52,eddie@node1r18.ecdf.ed.ac.uk,1,187
57722554,0.00003,vim_array_,s2469797,r,08/19/2026,08:27:52,eddie@node1o09.ecdf.ed.ac.uk,1,188
57722554,0.00003,vim_array_,s2469797,r,08/19/2026,08:27:52,eddie@node1s14.ecdf.ed.ac.uk,1,189
57722554,0.00003,vim_array_,s2469797,r,08/19/2026,08:27:22,eddie@node1o05.ecdf.ed.ac.uk,1,170
57722554,0.00003,vim_array_,s2469797,r,08/19/2026,08:27:22,eddie@node1o12.ecdf.ed.ac.uk,1,171
57722554,0.00003,vim_array_,s2469797,r,08/19/2026,08:27:22,eddie@node1h12.ecdf.ed.ac.uk,1,172
57722554,0.00003,vim_array_,s2469797,r,08/19/2026,08:27:22,eddie@node1r08.ecdf.ed.ac.uk,1,173
57722554,0.00003,vim_array_,s2469797,r,08/19/2026,08:27:22,eddie@node1r20.ecdf.ed.ac.uk,1,174
57722554,0.00003,vim_array_,s2469797,r,08/19/2026,08:27:22,eddie@node1r12.ecdf.ed.ac.uk,1,175
57722554,0.00003,vim_array_,s2469797,r,08/19/2026,08:23:22,eddie@node1r15.ecdf.ed.ac.uk,1,83
57722554,0.00003,vim_array_,s2469797,r,08/19/2026,08:23:22,eddie@node1r15.ecdf.ed.ac.uk,1,84
57722554,0.00003,vim_array_,s2469797,r,08/19/2026,08:23:22,eddie@node1r14.ecdf.ed.ac.uk,1,85
57722554,0.00003,vim_array_,s2469797,r,08/19/2026,08:23:22,eddie@node1r18.ecdf.ed.ac.uk,1,86
57722554,0.00003,vim_array_,s2469797,r,08/19/2026,08:23:22,eddie@node1r12.ecdf.ed.ac.uk,1,87
57722554,0.00003,vim_array_,s2469797,r,08/19/2026,08:23:22,eddie@node1r18.ecdf.ed.ac.uk,1,88
57722554,0.00003,vim_array_,s2469797,r,08/19/2026,08:23:37,eddie@node1r15.ecdf.ed.ac.uk,1,89
57722554,0.00003,vim_array_,s2469797,r,08/19/2026,08:23:37,eddie@node1l24.ecdf.ed.ac.uk,1,90
57722554,0.00003,vim_array_,s2469797,r,08/19/2026,08:23:37,eddie@node1h03.ecdf.ed.ac.uk,1,91
57722554,0.00003,vim_array_,s2469797,r,08/19/2026,08:23:37,eddie@node1o10.ecdf.ed.ac.uk,1,92
57722554,0.00003,vim_array_,s2469797,r,08/19/2026,08:23:37,eddie@node1s13.ecdf.ed.ac.uk,1,93
57722554,0.00003,vim_array_,s2469797,r,08/19/2026,08:23:37,eddie@node1j28.ecdf.ed.ac.uk,1,94
57722554,0.00003,vim_array_,s2469797,r,08/19/2026,08:22:52,eddie@node1r18.ecdf.ed.ac.uk,1,70
57722554,0.00003,vim_array_,s2469797,r,08/19/2026,08:22:52,eddie@node1h03.ecdf.ed.ac.uk,1,71
57722554,0.00003,vim_array_,s2469797,r,08/19/2026,08:22:52,eddie@node1m16.ecdf.ed.ac.uk,1,72
57722554,0.00003,vim_array_,s2469797,r,08/19/2026,08:22:52,eddie@node1o09.ecdf.ed.ac.uk,1,73
57722554,0.00003,vim_array_,s2469797,r,08/19/2026,08:22:52,eddie@node1j25.ecdf.ed.ac.uk,1,74
57722554,0.00003,vim_array_,s2469797,r,08/19/2026,08:22:52,eddie@node1h15.ecdf.ed.ac.uk,1,75
57722554,0.00003,vim_array_,s2469797,r,08/19/2026,08:25:22,eddie@node1i13.ecdf.ed.ac.uk,1,130
57722554,0.00003,vim_array_,s2469797,r,08/19/2026,08:25:22,eddie@node1o05.ecdf.ed.ac.uk,1,131
57722554,0.00003,vim_array_,s2469797,r,08/19/2026,08:25:22,eddie@node1o05.ecdf.ed.ac.uk,1,132
57722554,0.00003,vim_array_,s2469797,r,08/19/2026,08:25:22,eddie@node1o05.ecdf.ed.ac.uk,1,133
57722554,0.00003,vim_array_,s2469797,r,08/19/2026,08:25:22,eddie@node1s17.ecdf.ed.ac.uk,1,134
57722554,0.00003,vim_array_,s2469797,r,08/19/2026,08:25:22,eddie@node1r05.ecdf.ed.ac.uk,1,135
57722554,0.00003,vim_array_,s2469797,r,08/19/2026,08:26:22,eddie@node1o04.ecdf.ed.ac.uk,1,152
57722554,0.00003,vim_array_,s2469797,r,08/19/2026,08:26:22,eddie@node1o04.ecdf.ed.ac.uk,1,153
57722554,0.00003,vim_array_,s2469797,r,08/19/2026,08:26:22,eddie@node1h12.ecdf.ed.ac.uk,1,154
57722554,0.00003,vim_array_,s2469797,r,08/19/2026,08:26:22,eddie@node1s17.ecdf.ed.ac.uk,1,155
57722554,0.00003,vim_array_,s2469797,r,08/19/2026,08:26:22,eddie@node1h23.ecdf.ed.ac.uk,1,156
57722554,0.00003,vim_array_,s2469797,r,08/19/2026,08:26:22,eddie@node1r05.ecdf.ed.ac.uk,1,157
57722554,0.00003,vim_array_,s2469797,r,08/19/2026,08:26:52,eddie@node1o04.ecdf.ed.ac.uk,1,162
57722554,0.00003,vim_array_,s2469797,r,08/19/2026,08:26:52,eddie@node1o04.ecdf.ed.ac.uk,1,163
57722554,0.00003,vim_array_,s2469797,r,08/19/2026,08:26:52,eddie@node1o05.ecdf.ed.ac.uk,1,164
57722554,0.00003,vim_array_,s2469797,r,08/19/2026,08:26:52,eddie@node1o05.ecdf.ed.ac.uk,1,165
57722554,0.00003,vim_array_,s2469797,r,08/19/2026,08:26:52,eddie@node1h22.ecdf.ed.ac.uk,1,166
57722554,0.00003,vim_array_,s2469797,r,08/19/2026,08:24:37,eddie@node1h12.ecdf.ed.ac.uk,1,117
57722554,0.00003,vim_array_,s2469797,r,08/19/2026,08:24:37,eddie@node1o10.ecdf.ed.ac.uk,1,118
57722554,0.00003,vim_array_,s2469797,r,08/19/2026,08:24:37,eddie@node1j28.ecdf.ed.ac.uk,1,119
57722554,0.00003,vim_array_,s2469797,r,08/19/2026,08:24:37,eddie@node1h10.ecdf.ed.ac.uk,1,120
57722554,0.00003,vim_array_,s2469797,r,08/19/2026,08:24:37,eddie@node1o11.ecdf.ed.ac.uk,1,121
57722554,0.00003,vim_array_,s2469797,r,08/19/2026,08:25:37,eddie@node1o04.ecdf.ed.ac.uk,1,136
57722554,0.00003,vim_array_,s2469797,r,08/19/2026,08:25:37,eddie@node1h23.ecdf.ed.ac.uk,1,137
57722554,0.00003,vim_array_,s2469797,r,08/19/2026,08:25:37,eddie@node1r18.ecdf.ed.ac.uk,1,138
57722554,0.00003,vim_array_,s2469797,r,08/19/2026,08:25:37,eddie@node1s14.ecdf.ed.ac.uk,1,139
57722554,0.00003,vim_array_,s2469797,r,08/19/2026,08:25:37,eddie@node1o12.ecdf.ed.ac.uk,1,140
57722554,0.00003,vim_array_,s2469797,r,08/19/2026,08:22:07,eddie@node1r14.ecdf.ed.ac.uk,1,56
57722554,0.00003,vim_array_,s2469797,r,08/19/2026,08:22:07,eddie@node1r14.ecdf.ed.ac.uk,1,57
57722554,0.00003,vim_array_,s2469797,r,08/19/2026,08:22:07,eddie@node1r14.ecdf.ed.ac.uk,1,58
57722554,0.00003,vim_array_,s2469797,r,08/19/2026,08:22:07,eddie@node1h03.ecdf.ed.ac.uk,1,59
57722554,0.00003,vim_array_,s2469797,r,08/19/2026,08:24:52,eddie@node1r18.ecdf.ed.ac.uk,1,122
57722554,0.00003,vim_array_,s2469797,r,08/19/2026,08:24:52,eddie@node1h15.ecdf.ed.ac.uk,1,123
57722554,0.00003,vim_array_,s2469797,r,08/19/2026,08:24:52,eddie@node1s18.ecdf.ed.ac.uk,1,124
57722554,0.00003,vim_array_,s2469797,r,08/19/2026,08:24:52,eddie@node1h05.ecdf.ed.ac.uk,1,125
57722554,0.00003,vim_array_,s2469797,r,08/19/2026,08:25:07,eddie@node1o05.ecdf.ed.ac.uk,1,126
57722554,0.00003,vim_array_,s2469797,r,08/19/2026,08:25:07,eddie@node1s13.ecdf.ed.ac.uk,1,127
57722554,0.00003,vim_array_,s2469797,r,08/19/2026,08:25:07,eddie@node1j25.ecdf.ed.ac.uk,1,128
57722554,0.00003,vim_array_,s2469797,r,08/19/2026,08:25:07,eddie@node1o14.ecdf.ed.ac.uk,1,129
57722554,0.00003,vim_array_,s2469797,r,08/19/2026,08:26:37,eddie@node1l21.ecdf.ed.ac.uk,1,158
57722554,0.00003,vim_array_,s2469797,r,08/19/2026,08:26:37,eddie@node1r18.ecdf.ed.ac.uk,1,159
57722554,0.00003,vim_array_,s2469797,r,08/19/2026,08:26:37,eddie@node1s18.ecdf.ed.ac.uk,1,160
57722554,0.00003,vim_array_,s2469797,r,08/19/2026,08:26:37,eddie@node1s14.ecdf.ed.ac.uk,1,161
57722554,0.00003,vim_array_,s2469797,r,08/19/2026,08:22:37,eddie@node1o10.ecdf.ed.ac.uk,1,67
57722554,0.00003,vim_array_,s2469797,r,08/19/2026,08:22:37,eddie@node1j27.ecdf.ed.ac.uk,1,68
57722554,0.00003,vim_array_,s2469797,r,08/19/2026,08:22:37,eddie@node1h08.ecdf.ed.ac.uk,1,69
57722554,0.00003,vim_array_,s2469797,r,08/19/2026,08:28:07,eddie@node1m16.ecdf.ed.ac.uk,1,190
57722554,0.00003,vim_array_,s2469797,r,08/19/2026,08:28:07,eddie@node1j27.ecdf.ed.ac.uk,1,191
57722554,0.00003,vim_array_,s2469797,r,08/19/2026,08:28:07,eddie@node1s17.ecdf.ed.ac.uk,1,192
57722554,0.00003,vim_array_,s2469797,r,08/19/2026,08:27:07,eddie@node1o08.ecdf.ed.ac.uk,1,167
57722554,0.00003,vim_array_,s2469797,r,08/19/2026,08:27:07,eddie@node1h07.ecdf.ed.ac.uk,1,168
57722554,0.00003,vim_array_,s2469797,r,08/19/2026,08:27:07,eddie@node1s17.ecdf.ed.ac.uk,1,169
57722554,0.00003,vim_array_,s2469797,r,08/19/2026,08:26:07,eddie@node1o04.ecdf.ed.ac.uk,1,150
57722554,0.00003,vim_array_,s2469797,r,08/19/2026,08:26:07,eddie@node1h22.ecdf.ed.ac.uk,1,151
57722554,0.00003,vim_array_,s2469797,r,08/19/2026,08:21:52,eddie@node1l21.ecdf.ed.ac.uk,1,50
57722554,0.00003,vim_array_,s2469797,r,08/19/2026,08:21:52,eddie@node1l21.ecdf.ed.ac.uk,1,51
57722554,0.00003,vim_array_,s2469797,r,08/19/2026,08:21:52,eddie@node1l21.ecdf.ed.ac.uk,1,52
57722554,0.00003,vim_array_,s2469797,r,08/19/2026,08:21:52,eddie@node1l26.ecdf.ed.ac.uk,1,53
57722554,0.00003,vim_array_,s2469797,r,08/19/2026,08:21:52,eddie@node1l26.ecdf.ed.ac.uk,1,54
57722554,0.00003,vim_array_,s2469797,r,08/19/2026,08:21:52,eddie@node1s19.ecdf.ed.ac.uk,1,55
57722554,0.00003,vim_array_,s2469797,r,08/19/2026,08:21:07,eddie@node1l21.ecdf.ed.ac.uk,1,32
57722554,0.00003,vim_array_,s2469797,r,08/19/2026,08:21:07,eddie@node1l24.ecdf.ed.ac.uk,1,33
57722554,0.00003,vim_array_,s2469797,r,08/19/2026,08:21:07,eddie@node1l21.ecdf.ed.ac.uk,1,34
57722554,0.00003,vim_array_,s2469797,r,08/19/2026,08:21:07,eddie@node1l24.ecdf.ed.ac.uk,1,35
57722554,0.00003,vim_array_,s2469797,r,08/19/2026,08:21:07,eddie@node1l21.ecdf.ed.ac.uk,1,36
57722554,0.00003,vim_array_,s2469797,r,08/19/2026,08:21:07,eddie@node1l24.ecdf.ed.ac.uk,1,37
57722554,0.00003,vim_array_,s2469797,r,08/19/2026,08:21:07,eddie@node1l21.ecdf.ed.ac.uk,1,38
57722554,0.00003,vim_array_,s2469797,r,08/19/2026,08:21:22,eddie@node1r14.ecdf.ed.ac.uk,1,39
57722554,0.00003,vim_array_,s2469797,r,08/19/2026,08:21:22,eddie@node1r14.ecdf.ed.ac.uk,1,40
57722554,0.00003,vim_array_,s2469797,r,08/19/2026,08:21:22,eddie@node1l24.ecdf.ed.ac.uk,1,41
57722554,0.00003,vim_array_,s2469797,r,08/19/2026,08:21:22,eddie@node1l21.ecdf.ed.ac.uk,1,42
57722554,0.00003,vim_array_,s2469797,r,08/19/2026,08:21:22,eddie@node1l26.ecdf.ed.ac.uk,1,43
57722554,0.00003,vim_array_,s2469797,r,08/19/2026,08:21:22,eddie@node1l24.ecdf.ed.ac.uk,1,44
57722554,0.00003,vim_array_,s2469797,r,08/19/2026,08:21:37,eddie@node1r14.ecdf.ed.ac.uk,1,45
57722554,0.00003,vim_array_,s2469797,r,08/19/2026,08:21:37,eddie@node1l26.ecdf.ed.ac.uk,1,46
57722554,0.00003,vim_array_,s2469797,r,08/19/2026,08:21:37,eddie@node1l26.ecdf.ed.ac.uk,1,47
57722554,0.00003,vim_array_,s2469797,r,08/19/2026,08:21:37,eddie@node1l26.ecdf.ed.ac.uk,1,48
57722554,0.00003,vim_array_,s2469797,r,08/19/2026,08:21:37,eddie@node1l26.ecdf.ed.ac.uk,1,49
57722554,0.00003,vim_array_,s2469797,r,08/19/2026,08:20:37,eddie@node1r14.ecdf.ed.ac.uk,1,21
57722554,0.00003,vim_array_,s2469797,r,08/19/2026,08:20:37,eddie@node1l21.ecdf.ed.ac.uk,1,22
57722554,0.00003,vim_array_,s2469797,r,08/19/2026,08:20:37,eddie@node1l24.ecdf.ed.ac.uk,1,23
57722554,0.00003,vim_array_,s2469797,r,08/19/2026,08:20:37,eddie@node1l26.ecdf.ed.ac.uk,1,24
57722554,0.00003,vim_array_,s2469797,r,08/19/2026,08:20:37,eddie@node1m14.ecdf.ed.ac.uk,1,25
57722554,0.00003,vim_array_,s2469797,r,08/19/2026,08:20:37,eddie@node1m14.ecdf.ed.ac.uk,1,26
57722554,0.00003,vim_array_,s2469797,r,08/19/2026,08:20:52,eddie@node1l21.ecdf.ed.ac.uk,1,27
57722554,0.00003,vim_array_,s2469797,r,08/19/2026,08:20:52,eddie@node1l21.ecdf.ed.ac.uk,1,28
57722554,0.00003,vim_array_,s2469797,r,08/19/2026,08:20:52,eddie@node1l24.ecdf.ed.ac.uk,1,29
57722554,0.00003,vim_array_,s2469797,r,08/19/2026,08:20:52,eddie@node1l21.ecdf.ed.ac.uk,1,30
57722554,0.00003,vim_array_,s2469797,r,08/19/2026,08:20:52,eddie@node1l24.ecdf.ed.ac.uk,1,31
57722554,0.00003,vim_array_,s2469797,r,08/19/2026,08:20:22,eddie@node1r14.ecdf.ed.ac.uk,1,19
57722554,0.00003,vim_array_,s2469797,r,08/19/2026,08:20:22,eddie@node1r15.ecdf.ed.ac.uk,1,20
57722554,0.00003,vim_array_,s2469797,r,08/19/2026,08:19:52,eddie@node1r20.ecdf.ed.ac.uk,1,17
57722554,0.00003,vim_array_,s2469797,r,08/19/2026,08:19:52,eddie@node1s17.ecdf.ed.ac.uk,1,18
57722554,0.00003,vim_array_,s2469797,r,08/19/2026,08:19:37,eddie@node1h04.ecdf.ed.ac.uk,1,16
57722554,0.00003,vim_array_,s2469797,r,08/19/2026,08:19:22,eddie@node1r15.ecdf.ed.ac.uk,1,15
57722554,0.00003,vim_array_,s2469797,r,08/19/2026,08:19:07,eddie@node1h07.ecdf.ed.ac.uk,1,13
57722554,0.00003,vim_array_,s2469797,r,08/19/2026,08:19:07,eddie@node1s18.ecdf.ed.ac.uk,1,14
57723351,0.00003,hyp1_neglr,belie,r,08/19/2026,10:46:27,eddie@node1s15.ecdf.ed.ac.uk,1
57723354,0.00003,hyp1_neglr,belie,r,08/19/2026,10:46:27,eddie@node1j25.ecdf.ed.ac.uk,1
57723356,0.00003,hyp1_neglr,belie,r,08/19/2026,10:46:27,eddie@node1o12.ecdf.ed.ac.uk,1
57723357,0.00003,hyp1_neglr,belie,r,08/19/2026,10:46:27,eddie@node1r19.ecdf.ed.ac.uk,1
57723364,0.00003,hyp1_neglr,belie,r,08/19/2026,10:46:27,eddie@node1m15.ecdf.ed.ac.uk,1
57723375,0.00003,hyp1_neglr,belie,r,08/19/2026,10:46:27,eddie@node1h08.ecdf.ed.ac.uk,1
57723379,0.00003,hyp1_neglr,belie,r,08/19/2026,10:46:27,eddie@node1o12.ecdf.ed.ac.uk,1
57723384,0.00003,hyp1_neglr,belie,r,08/19/2026,10:46:27,eddie@node1s20.ecdf.ed.ac.uk,1
57723389,0.00003,hyp1_neglr,belie,r,08/19/2026,10:46:27,eddie@node1o09.ecdf.ed.ac.uk,1
57723391,0.00003,hyp1_neglr,belie,r,08/19/2026,10:46:27,eddie@node1m14.ecdf.ed.ac.uk,1
57723400,0.00003,hyp1_neglr,belie,r,08/19/2026,10:46:27,eddie@node1h23.ecdf.ed.ac.uk,1
57722554,0.00003,vim_array_,s2469797,r,08/19/2026,08:14:37,eddie@node1r06.ecdf.ed.ac.uk,1,3
57722554,0.00003,vim_array_,s2469797,r,08/19/2026,08:17:22,eddie@node1l28.ecdf.ed.ac.uk,1,4
57722554,0.00003,vim_array_,s2469797,r,08/19/2026,08:17:22,eddie@node1l28.ecdf.ed.ac.uk,1,5
57722554,0.00003,vim_array_,s2469797,r,08/19/2026,08:17:22,eddie@node1s13.ecdf.ed.ac.uk,1,6
57722554,0.00003,vim_array_,s2469797,r,08/19/2026,08:17:52,eddie@node1r05.ecdf.ed.ac.uk,1,8
57722554,0.00003,vim_array_,s2469797,r,08/19/2026,08:17:52,eddie@node1o14.ecdf.ed.ac.uk,1,9
57722554,0.00003,vim_array_,s2469797,r,08/19/2026,08:17:37,eddie@node1h23.ecdf.ed.ac.uk,1,7
57722554,0.00003,vim_array_,s2469797,r,08/19/2026,08:18:37,eddie@node1j28.ecdf.ed.ac.uk,1,11
57722554,0.00003,vim_array_,s2469797,r,08/19/2026,08:14:07,eddie@node1j27.ecdf.ed.ac.uk,1,2
57722554,0.00003,vim_array_,s2469797,r,08/19/2026,08:12:52,eddie@node1i07.ecdf.ed.ac.uk,1,1
57722554,0.00003,vim_array_,s2469797,r,08/19/2026,08:18:52,eddie@node1l24.ecdf.ed.ac.uk,1,12
57722554,0.00003,vim_array_,s2469797,r,08/19/2026,08:18:22,eddie@node1h12.ecdf.ed.ac.uk,1,10
57723419,0.00003,hyp1_neglr,belie,r,08/19/2026,10:46:54,eddie@node1s17.ecdf.ed.ac.uk,1
57723420,0.00003,hyp1_neglr,belie,r,08/19/2026,10:46:54,eddie@node1s19.ecdf.ed.ac.uk,1
57723422,0.00003,hyp1_neglr,belie,r,08/19/2026,10:46:54,eddie@node1h21.ecdf.ed.ac.uk,1
57723423,0.00002,hyp1_neglr,belie,r,08/19/2026,10:46:54,eddie@node1k02.ecdf.ed.ac.uk,1
57723424,0.00002,hyp1_neglr,belie,r,08/19/2026,10:46:54,eddie@node1l10.ecdf.ed.ac.uk,1
57723425,0.00002,hyp1_neglr,belie,r,08/19/2026,10:46:54,eddie@node1l20.ecdf.ed.ac.uk,1
57723428,0.00002,hyp1_neglr,belie,r,08/19/2026,10:46:54,eddie@node1k01.ecdf.ed.ac.uk,1
57723431,0.00002,hyp1_neglr,belie,r,08/19/2026,10:46:54,eddie@node1l03.ecdf.ed.ac.uk,1
57723432,0.00002,hyp1_neglr,belie,r,08/19/2026,10:46:54,eddie@node1m11.ecdf.ed.ac.uk,1
57723434,0.00002,hyp1_neglr,belie,r,08/19/2026,10:46:54,eddie@node1k04.ecdf.ed.ac.uk,1
57723437,0.00002,hyp1_neglr,belie,r,08/19/2026,10:46:54,eddie@node1j19.ecdf.ed.ac.uk,1
57723441,0.00002,hyp1_neglr,belie,r,08/19/2026,10:46:54,eddie@node1j11.ecdf.ed.ac.uk,1
57723443,0.00002,hyp1_neglr,belie,r,08/19/2026,10:46:54,eddie@node1m07.ecdf.ed.ac.uk,1
57723450,0.00002,hyp1_neglr,belie,r,08/19/2026,10:47:00,eddie@node1k06.ecdf.ed.ac.uk,1
57723452,0.00002,hyp1_neglr,belie,r,08/19/2026,10:47:00,eddie@node1j22.ecdf.ed.ac.uk,1
57723456,0.00002,hyp1_neglr,belie,r,08/19/2026,10:47:16,eddie@node1j09.ecdf.ed.ac.uk,1
57723460,0.00002,hyp1_neglr,belie,r,08/19/2026,10:47:27,eddie@node1k09.ecdf.ed.ac.uk,1
57723463,0.00002,hyp1_neglr,belie,r,08/19/2026,10:47:27,eddie@node1l07.ecdf.ed.ac.uk,1
57723464,0.00002,hyp1_neglr,belie,r,08/19/2026,10:47:27,eddie@node1k01.ecdf.ed.ac.uk,1
57723467,0.00002,hyp1_neglr,belie,r,08/19/2026,10:47:27,eddie@node1j19.ecdf.ed.ac.uk,1
57723469,0.00002,hyp1_neglr,belie,r,08/19/2026,10:47:27,eddie@node1l10.ecdf.ed.ac.uk,1
57723470,0.00002,hyp1_neglr,belie,r,08/19/2026,10:47:27,eddie@node1k09.ecdf.ed.ac.uk,1
57723471,0.00002,hyp1_neglr,belie,r,08/19/2026,10:47:27,eddie@node1m05.ecdf.ed.ac.uk,1
57723478,0.00002,hyp1_neglr,belie,r,08/19/2026,10:47:27,eddie@node1k08.ecdf.ed.ac.uk,1
57723479,0.00002,hyp1_neglr,belie,r,08/19/2026,10:47:27,eddie@node1l07.ecdf.ed.ac.uk,1
57723486,0.00002,hyp1_neglr,belie,r,08/19/2026,10:47:42,eddie@node1j02.ecdf.ed.ac.uk,1
57723491,0.00002,hyp1_neglr,belie,r,08/19/2026,10:47:42,eddie@node1j01.ecdf.ed.ac.uk,1
57723494,0.00002,hyp1_neglr,belie,r,08/19/2026,10:47:42,eddie@node1m11.ecdf.ed.ac.uk,1
57723497,0.00002,hyp1_neglr,belie,r,08/19/2026,10:47:42,eddie@node1l09.ecdf.ed.ac.uk,1
57723500,0.00002,hyp1_neglr,belie,r,08/19/2026,10:47:42,eddie@node1m12.ecdf.ed.ac.uk,1
57723505,0.00002,hyp1_neglr,belie,r,08/19/2026,10:47:42,eddie@node1l19.ecdf.ed.ac.uk,1
57723507,0.00002,hyp1_neglr,belie,r,08/19/2026,10:47:42,eddie@node1j01.ecdf.ed.ac.uk,1
57723508,0.00002,hyp1_neglr,belie,r,08/19/2026,10:47:42,eddie@node1j09.ecdf.ed.ac.uk,1
57723511,0.00002,hyp1_neglr,belie,r,08/19/2026,10:47:42,eddie@node1k05.ecdf.ed.ac.uk,1
57723512,0.00002,hyp1_neglr,belie,r,08/19/2026,10:47:42,eddie@node1m11.ecdf.ed.ac.uk,1
57723517,0.00002,hyp1_neglr,belie,r,08/19/2026,10:47:42,eddie@node1m10.ecdf.ed.ac.uk,1
57723518,0.00002,hyp1_neglr,belie,r,08/19/2026,10:47:42,eddie@node1l04.ecdf.ed.ac.uk,1
57723521,0.00002,hyp1_neglr,belie,r,08/19/2026,10:47:42,eddie@node1l02.ecdf.ed.ac.uk,1
57723524,0.00002,hyp1_neglr,belie,r,08/19/2026,10:47:42,eddie@node1j07.ecdf.ed.ac.uk,1
57723528,0.00002,hyp1_neglr,belie,r,08/19/2026,10:47:42,eddie@node1j17.ecdf.ed.ac.uk,1
57723530,0.00002,hyp1_neglr,belie,r,08/19/2026,10:47:42,eddie@node1j01.ecdf.ed.ac.uk,1
57723534,0.00002,hyp1_neglr,belie,r,08/19/2026,10:47:42,eddie@node1j18.ecdf.ed.ac.uk,1
57723538,0.00002,hyp1_neglr,belie,r,08/19/2026,10:47:42,eddie@node1l08.ecdf.ed.ac.uk,1
57723540,0.00002,hyp1_neglr,belie,r,08/19/2026,10:47:57,eddie@node1j22.ecdf.ed.ac.uk,1
57723545,0.00002,hyp1_neglr,belie,r,08/19/2026,10:47:57,eddie@node1j06.ecdf.ed.ac.uk,1
57723550,0.00002,hyp1_neglr,belie,r,08/19/2026,10:47:57,eddie@node1j04.ecdf.ed.ac.uk,1
57723553,0.00002,hyp1_neglr,belie,r,08/19/2026,10:47:57,eddie@node1j22.ecdf.ed.ac.uk,1
57723554,0.00002,hyp1_neglr,belie,r,08/19/2026,10:47:57,eddie@node1l09.ecdf.ed.ac.uk,1
57723557,0.00002,hyp1_neglr,belie,r,08/19/2026,10:47:58,eddie@node1l02.ecdf.ed.ac.uk,1
57723559,0.00002,hyp1_neglr,belie,r,08/19/2026,10:47:58,eddie@node1j06.ecdf.ed.ac.uk,1
57723562,0.00002,hyp1_neglr,belie,r,08/19/2026,10:47:58,eddie@node1k05.ecdf.ed.ac.uk,1
57723563,0.00002,hyp1_neglr,belie,r,08/19/2026,10:47:58,eddie@node1j04.ecdf.ed.ac.uk,1
57723565,0.00002,hyp1_neglr,belie,r,08/19/2026,10:47:58,eddie@node1m12.ecdf.ed.ac.uk,1
57723566,0.00002,hyp1_neglr,belie,r,08/19/2026,10:47:58,eddie@node1j22.ecdf.ed.ac.uk,1
57723567,0.00002,hyp1_neglr,belie,r,08/19/2026,10:47:58,eddie@node1l04.ecdf.ed.ac.uk,1
57723572,0.00002,hyp1_neglr,belie,r,08/19/2026,10:47:58,eddie@node1j17.ecdf.ed.ac.uk,1
57723576,0.00002,hyp1_neglr,belie,r,08/19/2026,10:47:58,eddie@node1j03.ecdf.ed.ac.uk,1
57723577,0.00002,hyp1_neglr,belie,r,08/19/2026,10:47:58,eddie@node1k05.ecdf.ed.ac.uk,1
57723582,0.00002,hyp1_neglr,belie,r,08/19/2026,10:47:58,eddie@node1l04.ecdf.ed.ac.uk,1
57723584,0.00002,hyp1_neglr,belie,r,08/19/2026,10:47:58,eddie@node1l09.ecdf.ed.ac.uk,1
57723585,0.00002,hyp1_neglr,belie,r,08/19/2026,10:47:58,eddie@node1j11.ecdf.ed.ac.uk,1
57723586,0.00002,hyp1_neglr,belie,r,08/19/2026,10:47:58,eddie@node1l06.ecdf.ed.ac.uk,1
57723590,0.00002,hyp1_neglr,belie,r,08/19/2026,10:47:58,eddie@node1j21.ecdf.ed.ac.uk,1
57723591,0.00002,hyp1_neglr,belie,r,08/19/2026,10:47:58,eddie@node1j18.ecdf.ed.ac.uk,1
57723592,0.00002,hyp1_neglr,belie,r,08/19/2026,10:47:58,eddie@node1j03.ecdf.ed.ac.uk,1
57723595,0.00002,hyp1_neglr,belie,r,08/19/2026,10:47:58,eddie@node1k05.ecdf.ed.ac.uk,1
57723596,0.00002,hyp1_neglr,belie,r,08/19/2026,10:47:58,eddie@node1j04.ecdf.ed.ac.uk,1
57723597,0.00002,hyp1_neglr,belie,r,08/19/2026,10:47:58,eddie@node1l08.ecdf.ed.ac.uk,1
57723602,0.00002,hyp1_neglr,belie,r,08/19/2026,10:47:58,eddie@node1l09.ecdf.ed.ac.uk,1
57723614,0.00002,hyp1_neglr,belie,r,08/19/2026,10:48:12,eddie@node1j19.ecdf.ed.ac.uk,1
57723615,0.00002,hyp1_neglr,belie,r,08/19/2026,10:48:12,eddie@node1j03.ecdf.ed.ac.uk,1
57723620,0.00002,hyp1_neglr,belie,r,08/19/2026,10:48:12,eddie@node1m01.ecdf.ed.ac.uk,1
57723621,0.00002,hyp1_neglr,belie,r,08/19/2026,10:48:12,eddie@node1m05.ecdf.ed.ac.uk,1
57723622,0.00002,hyp1_neglr,belie,r,08/19/2026,10:48:12,eddie@node1l10.ecdf.ed.ac.uk,1
57723623,0.00002,hyp1_neglr,belie,r,08/19/2026,10:48:12,eddie@node1k05.ecdf.ed.ac.uk,1
57723624,0.00002,hyp1_neglr,belie,r,08/19/2026,10:48:12,eddie@node1m02.ecdf.ed.ac.uk,1
57723627,0.00002,hyp1_neglr,belie,r,08/19/2026,10:48:12,eddie@node1l07.ecdf.ed.ac.uk,1
57723633,0.00002,hyp1_neglr,belie,r,08/19/2026,10:48:12,eddie@node1m04.ecdf.ed.ac.uk,1
57723634,0.00002,hyp1_neglr,belie,r,08/19/2026,10:48:12,eddie@node1k03.ecdf.ed.ac.uk,1
57723635,0.00002,hyp1_neglr,belie,r,08/19/2026,10:48:12,eddie@node1l03.ecdf.ed.ac.uk,1
57723636,0.00002,hyp1_neglr,belie,r,08/19/2026,10:48:12,eddie@node1j23.ecdf.ed.ac.uk,1
57723637,0.00002,hyp1_neglr,belie,r,08/19/2026,10:48:12,eddie@node1m06.ecdf.ed.ac.uk,1
57723638,0.00002,hyp1_neglr,belie,r,08/19/2026,10:48:12,eddie@node1k02.ecdf.ed.ac.uk,1
57723642,0.00002,hyp1_neglr,belie,r,08/19/2026,10:48:12,eddie@node1l10.ecdf.ed.ac.uk,1
57723649,0.00002,hyp1_neglr,belie,r,08/19/2026,10:48:12,eddie@node1l07.ecdf.ed.ac.uk,1
57723650,0.00002,hyp1_neglr,belie,r,08/19/2026,10:48:13,eddie@node1j19.ecdf.ed.ac.uk,1
57723651,0.00002,hyp1_neglr,belie,r,08/19/2026,10:48:13,eddie@node1k06.ecdf.ed.ac.uk,1
57723652,0.00002,hyp1_neglr,belie,r,08/19/2026,10:48:13,eddie@node1j03.ecdf.ed.ac.uk,1
57723653,0.00002,hyp1_neglr,belie,r,08/19/2026,10:48:13,eddie@node1l06.ecdf.ed.ac.uk,1
57723658,0.00002,hyp1_neglr,belie,r,08/19/2026,10:48:13,eddie@node1l03.ecdf.ed.ac.uk,1
57723663,0.00002,hyp1_neglr,belie,r,08/19/2026,10:48:13,eddie@node1m01.ecdf.ed.ac.uk,1
57723664,0.00002,hyp1_neglr,belie,r,08/19/2026,10:48:13,eddie@node1j08.ecdf.ed.ac.uk,1
57723666,0.00002,hyp1_neglr,belie,r,08/19/2026,10:48:13,eddie@node1l10.ecdf.ed.ac.uk,1
57723667,0.00002,hyp1_neglr,belie,r,08/19/2026,10:48:13,eddie@node1m02.ecdf.ed.ac.uk,1
57723670,0.00002,hyp1_neglr,belie,r,08/19/2026,10:48:13,eddie@node1k08.ecdf.ed.ac.uk,1
57723671,0.00002,hyp1_neglr,belie,r,08/19/2026,10:48:13,eddie@node1l07.ecdf.ed.ac.uk,1
57723673,0.00002,hyp1_neglr,belie,r,08/19/2026,10:48:13,eddie@node1k06.ecdf.ed.ac.uk,1
57723674,0.00002,hyp1_neglr,belie,r,08/19/2026,10:48:13,eddie@node1j03.ecdf.ed.ac.uk,1
57723675,0.00001,hyp1_neglr,belie,r,08/19/2026,10:48:27,eddie@node1j05.ecdf.ed.ac.uk,1
57723676,0.00001,hyp1_neglr,belie,r,08/19/2026,10:48:27,eddie@node1m06.ecdf.ed.ac.uk,1
57723677,0.00001,hyp1_neglr,belie,r,08/19/2026,10:48:27,eddie@node1l20.ecdf.ed.ac.uk,1
57723680,0.00001,hyp1_neglr,belie,r,08/19/2026,10:48:27,eddie@node1l19.ecdf.ed.ac.uk,1
57723681,0.00001,hyp1_neglr,belie,r,08/19/2026,10:48:27,eddie@node1m11.ecdf.ed.ac.uk,1
57723686,0.00001,hyp1_neglr,belie,r,08/19/2026,10:48:27,eddie@node1k05.ecdf.ed.ac.uk,1
57723688,0.00001,hyp1_neglr,belie,r,08/19/2026,10:48:27,eddie@node1j09.ecdf.ed.ac.uk,1
57723691,0.00001,hyp1_neglr,belie,r,08/19/2026,10:48:27,eddie@node1m11.ecdf.ed.ac.uk,1
57723692,0.00001,hyp1_neglr,belie,r,08/19/2026,10:48:27,eddie@node1m12.ecdf.ed.ac.uk,1
57723694,0.00001,hyp1_neglr,belie,r,08/19/2026,10:48:27,eddie@node1m06.ecdf.ed.ac.uk,1
57723695,0.00001,hyp1_neglr,belie,r,08/19/2026,10:48:27,eddie@node1k05.ecdf.ed.ac.uk,1
57723696,0.00001,hyp1_neglr,belie,r,08/19/2026,10:48:27,eddie@node1l06.ecdf.ed.ac.uk,1
57723697,0.00001,hyp1_neglr,belie,r,08/19/2026,10:48:27,eddie@node1l20.ecdf.ed.ac.uk,1
57723703,0.00001,hyp1_neglr,belie,r,08/19/2026,10:48:28,eddie@node1k04.ecdf.ed.ac.uk,1
57723704,0.00001,hyp1_neglr,belie,r,08/19/2026,10:48:28,eddie@node1m11.ecdf.ed.ac.uk,1
57723707,0.00001,hyp1_neglr,belie,r,08/19/2026,10:48:28,eddie@node1m12.ecdf.ed.ac.uk,1
57723710,0.00001,hyp1_neglr,belie,r,08/19/2026,10:48:28,eddie@node1k05.ecdf.ed.ac.uk,1
57723718,0.00001,hyp1_neglr,belie,r,08/19/2026,10:48:28,eddie@node1k04.ecdf.ed.ac.uk,1
57723720,0.00001,hyp1_neglr,belie,r,08/19/2026,10:48:28,eddie@node1m12.ecdf.ed.ac.uk,1
57723721,0.00001,hyp1_neglr,belie,r,08/19/2026,10:48:28,eddie@node1j05.ecdf.ed.ac.uk,1
57723725,0.00001,hyp1_neglr,belie,r,08/19/2026,10:48:28,eddie@node1j11.ecdf.ed.ac.uk,1
57723737,0.00001,hyp1_neglr,belie,r,08/19/2026,10:48:28,eddie@node1l09.ecdf.ed.ac.uk,1
57723739,0.00001,hyp1_neglr,belie,r,08/19/2026,10:48:28,eddie@node1m11.ecdf.ed.ac.uk,1
57723743,0.00001,hyp1_neglr,belie,r,08/19/2026,10:48:28,eddie@node1k05.ecdf.ed.ac.uk,1
57723744,0.00001,hyp1_neglr,belie,r,08/19/2026,10:48:28,eddie@node1j06.ecdf.ed.ac.uk,1
57723746,0.00001,hyp1_neglr,belie,r,08/19/2026,10:48:28,eddie@node1j18.ecdf.ed.ac.uk,1
57723748,0.00001,hyp1_neglr,belie,r,08/19/2026,10:48:28,eddie@node1j11.ecdf.ed.ac.uk,1
57723749,0.00001,hyp1_neglr,belie,r,08/19/2026,10:48:28,eddie@node1l08.ecdf.ed.ac.uk,1
57723750,0.00001,hyp1_neglr,belie,r,08/19/2026,10:48:28,eddie@node1l20.ecdf.ed.ac.uk,1
57723751,0.00001,hyp1_neglr,belie,r,08/19/2026,10:48:28,eddie@node1j04.ecdf.ed.ac.uk,1
57723752,0.00001,hyp1_neglr,belie,r,08/19/2026,10:48:42,eddie@node1l04.ecdf.ed.ac.uk,1
57723753,0.00001,hyp1_neglr,belie,r,08/19/2026,10:48:42,eddie@node1j22.ecdf.ed.ac.uk,1
57723754,0.00001,hyp1_neglr,belie,r,08/19/2026,10:48:42,eddie@node1m07.ecdf.ed.ac.uk,1
57723759,0.00001,hyp1_neglr,belie,r,08/19/2026,10:48:42,eddie@node1m12.ecdf.ed.ac.uk,1
57723760,0.00001,hyp1_neglr,belie,r,08/19/2026,10:48:42,eddie@node1l08.ecdf.ed.ac.uk,1
57723763,0.00001,hyp1_neglr,belie,r,08/19/2026,10:48:42,eddie@node1l04.ecdf.ed.ac.uk,1
57723767,0.00001,hyp1_neglr,belie,r,08/19/2026,10:48:42,eddie@node1j22.ecdf.ed.ac.uk,1
57723769,0.00001,hyp1_neglr,belie,r,08/19/2026,10:48:42,eddie@node1k09.ecdf.ed.ac.uk,1
57723770,0.00001,hyp1_neglr,belie,r,08/19/2026,10:48:42,eddie@node1k05.ecdf.ed.ac.uk,1
57723771,0.00001,hyp1_neglr,belie,r,08/19/2026,10:48:42,eddie@node1j10.ecdf.ed.ac.uk,1
57723772,0.00001,hyp1_neglr,belie,r,08/19/2026,10:48:42,eddie@node1j17.ecdf.ed.ac.uk,1
57723774,0.00001,hyp1_neglr,belie,r,08/19/2026,10:48:42,eddie@node1m12.ecdf.ed.ac.uk,1
57723775,0.00001,hyp1_neglr,belie,r,08/19/2026,10:48:42,eddie@node1l06.ecdf.ed.ac.uk,1
57723781,0.00001,hyp1_neglr,belie,r,08/19/2026,10:48:42,eddie@node1j11.ecdf.ed.ac.uk,1
57723789,0.00001,hyp1_neglr,belie,r,08/19/2026,10:48:42,eddie@node1l04.ecdf.ed.ac.uk,1
57723791,0.00001,hyp1_neglr,belie,r,08/19/2026,10:48:42,eddie@node1l02.ecdf.ed.ac.uk,1
57723793,0.00001,hyp1_neglr,belie,r,08/19/2026,10:48:42,eddie@node1m07.ecdf.ed.ac.uk,1
57723794,0.00001,hyp1_neglr,belie,r,08/19/2026,10:48:42,eddie@node1k09.ecdf.ed.ac.uk,1
57723797,0.00001,hyp1_neglr,belie,r,08/19/2026,10:48:42,eddie@node1j17.ecdf.ed.ac.uk,1
57723800,0.00001,hyp1_neglr,belie,r,08/19/2026,10:48:42,eddie@node1m12.ecdf.ed.ac.uk,1
57723801,0.00001,hyp1_neglr,belie,r,08/19/2026,10:48:42,eddie@node1j21.ecdf.ed.ac.uk,1
57723803,0.00001,hyp1_neglr,belie,r,08/19/2026,10:48:42,eddie@node1j03.ecdf.ed.ac.uk,1
57723804,0.00001,hyp1_neglr,belie,r,08/19/2026,10:48:42,eddie@node1j11.ecdf.ed.ac.uk,1
57723806,0.00001,hyp1_neglr,belie,r,08/19/2026,10:48:42,eddie@node1l04.ecdf.ed.ac.uk,1
57723808,0.00001,hyp1_neglr,belie,r,08/19/2026,10:48:42,eddie@node1j22.ecdf.ed.ac.uk,1
57723809,0.00001,hyp1_neglr,belie,r,08/19/2026,10:48:42,eddie@node1m07.ecdf.ed.ac.uk,1
57723810,0.00001,hyp1_neglr,belie,r,08/19/2026,10:48:42,eddie@node1k09.ecdf.ed.ac.uk,1
57723813,0.00001,hyp1_neglr,belie,r,08/19/2026,10:48:42,eddie@node1j17.ecdf.ed.ac.uk,1
57723815,0.00001,hyp1_neglr,belie,r,08/19/2026,10:48:43,eddie@node1m12.ecdf.ed.ac.uk,1
57723817,0.00001,hyp1_neglr,belie,r,08/19/2026,10:48:43,eddie@node1j21.ecdf.ed.ac.uk,1
57723818,0.00001,hyp1_neglr,belie,r,08/19/2026,10:48:43,eddie@node1l08.ecdf.ed.ac.uk,1
57723822,0.00001,hyp1_neglr,belie,r,08/19/2026,10:48:57,eddie@node1l03.ecdf.ed.ac.uk,1
57723828,0.00001,hyp1_neglr,belie,r,08/19/2026,10:48:57,eddie@node1j08.ecdf.ed.ac.uk,1
57723829,0.00001,hyp1_neglr,belie,r,08/19/2026,10:48:57,eddie@node1l01.ecdf.ed.ac.uk,1
57723831,0.00001,hyp1_neglr,belie,r,08/19/2026,10:48:57,eddie@node1m02.ecdf.ed.ac.uk,1
57723836,0.00001,hyp1_neglr,belie,r,08/19/2026,10:48:57,eddie@node1l03.ecdf.ed.ac.uk,1
57723837,0.00001,hyp1_neglr,belie,r,08/19/2026,10:48:57,eddie@node1m10.ecdf.ed.ac.uk,1
57723839,0.00001,hyp1_neglr,belie,r,08/19/2026,10:48:57,eddie@node1j21.ecdf.ed.ac.uk,1
57723840,0.00001,hyp1_neglr,belie,r,08/19/2026,10:48:57,eddie@node1m05.ecdf.ed.ac.uk,1
57723841,0.00001,hyp1_neglr,belie,r,08/19/2026,10:48:57,eddie@node1k02.ecdf.ed.ac.uk,1
57723842,0.00001,hyp1_neglr,belie,r,08/19/2026,10:48:57,eddie@node1j23.ecdf.ed.ac.uk,1
57723843,0.00001,hyp1_neglr,belie,r,08/19/2026,10:48:57,eddie@node1m04.ecdf.ed.ac.uk,1
57723844,0.00001,hyp1_neglr,belie,r,08/19/2026,10:48:57,eddie@node1j08.ecdf.ed.ac.uk,1
57723845,0.00001,hyp1_neglr,belie,r,08/19/2026,10:48:57,eddie@node1l01.ecdf.ed.ac.uk,1
57723846,0.00001,hyp1_neglr,belie,r,08/19/2026,10:48:57,eddie@node1k08.ecdf.ed.ac.uk,1
57723848,0.00001,hyp1_neglr,belie,r,08/19/2026,10:48:58,eddie@node1k06.ecdf.ed.ac.uk,1
57723854,0.00001,hyp1_neglr,belie,r,08/19/2026,10:48:58,eddie@node1k03.ecdf.ed.ac.uk,1
57723856,0.00001,hyp1_neglr,belie,r,08/19/2026,10:48:58,eddie@node1l03.ecdf.ed.ac.uk,1
57723857,0.00001,hyp1_neglr,belie,r,08/19/2026,10:48:58,eddie@node1m10.ecdf.ed.ac.uk,1
57723858,0.00001,hyp1_neglr,belie,r,08/19/2026,10:48:58,eddie@node1j07.ecdf.ed.ac.uk,1
57723860,0.00001,hyp1_neglr,belie,r,08/19/2026,10:48:58,eddie@node1j01.ecdf.ed.ac.uk,1
57723863,0.00001,hyp1_neglr,belie,r,08/19/2026,10:48:58,eddie@node1m05.ecdf.ed.ac.uk,1
57723864,0.00001,hyp1_neglr,belie,r,08/19/2026,10:48:58,eddie@node1k02.ecdf.ed.ac.uk,1
57723866,0.00001,hyp1_neglr,belie,r,08/19/2026,10:48:58,eddie@node1m04.ecdf.ed.ac.uk,1
57723868,0.00001,hyp1_neglr,belie,r,08/19/2026,10:48:58,eddie@node1l01.ecdf.ed.ac.uk,1
57723870,0.00001,hyp1_neglr,belie,r,08/19/2026,10:48:58,eddie@node1m06.ecdf.ed.ac.uk,1
57723873,0.00001,hyp1_neglr,belie,r,08/19/2026,10:48:58,eddie@node1m02.ecdf.ed.ac.uk,1
57723875,0.00001,hyp1_neglr,belie,r,08/19/2026,10:49:12,eddie@node1m06.ecdf.ed.ac.uk,1
57723876,0.00001,hyp1_neglr,belie,r,08/19/2026,10:49:12,eddie@node1m06.ecdf.ed.ac.uk,1
57723878,0.00001,hyp1_neglr,belie,r,08/19/2026,10:49:12,eddie@node1m06.ecdf.ed.ac.uk,1
57723879,0.00001,hyp1_neglr,belie,r,08/19/2026,10:49:12,eddie@node1m11.ecdf.ed.ac.uk,1
57723880,0.00001,hyp1_neglr,belie,r,08/19/2026,10:49:12,eddie@node1l19.ecdf.ed.ac.uk,1
57723882,0.00001,hyp1_neglr,belie,r,08/19/2026,10:49:12,eddie@node1l06.ecdf.ed.ac.uk,1
57723885,0.00001,hyp1_neglr,belie,r,08/19/2026,10:49:12,eddie@node1l09.ecdf.ed.ac.uk,1
57723886,0.00001,hyp1_neglr,belie,r,08/19/2026,10:49:12,eddie@node1m11.ecdf.ed.ac.uk,1
57723887,0.00001,hyp1_neglr,belie,r,08/19/2026,10:49:12,eddie@node1l19.ecdf.ed.ac.uk,1
57723890,0.00001,hyp1_neglr,belie,r,08/19/2026,10:49:12,eddie@node1j06.ecdf.ed.ac.uk,1
57723892,0.00001,hyp1_neglr,belie,r,08/19/2026,10:49:12,eddie@node1j04.ecdf.ed.ac.uk,1
57723896,0.00001,hyp1_neglr,belie,r,08/19/2026,10:49:12,eddie@node1l09.ecdf.ed.ac.uk,1
57723900,0.00001,hyp1_neglr,belie,r,08/19/2026,10:49:12,eddie@node1l19.ecdf.ed.ac.uk,1
57723906,0.00001,hyp1_neglr,belie,r,08/19/2026,10:49:27,eddie@node1k04.ecdf.ed.ac.uk,1
57723908,0.00001,hyp1_neglr,belie,r,08/19/2026,10:49:27,eddie@node1j10.ecdf.ed.ac.uk,1
57723911,0.00001,hyp1_neglr,belie,r,08/19/2026,10:49:27,eddie@node1k01.ecdf.ed.ac.uk,1
57723913,0.00001,hyp1_neglr,belie,r,08/19/2026,10:49:27,eddie@node1k04.ecdf.ed.ac.uk,1
57723915,0.00001,hyp1_neglr,belie,r,08/19/2026,10:49:27,eddie@node1j10.ecdf.ed.ac.uk,1
57723916,0.00001,hyp1_neglr,belie,r,08/19/2026,10:49:27,eddie@node1k09.ecdf.ed.ac.uk,1
57723917,0.00001,hyp1_neglr,belie,r,08/19/2026,10:49:27,eddie@node1j03.ecdf.ed.ac.uk,1
57723919,0.00001,hyp1_neglr,belie,r,08/19/2026,10:49:27,eddie@node1m07.ecdf.ed.ac.uk,1
57723923,0.00001,hyp1_neglr,belie,r,08/19/2026,10:49:27,eddie@node1l02.ecdf.ed.ac.uk,1
57723927,0.00001,hyp1_neglr,belie,r,08/19/2026,10:49:27,eddie@node1k09.ecdf.ed.ac.uk,1
57723931,0.00001,hyp1_neglr,belie,r,08/19/2026,10:49:27,eddie@node1k01.ecdf.ed.ac.uk,1
57723932,0.00001,hyp1_neglr,belie,r,08/19/2026,10:49:27,eddie@node1l06.ecdf.ed.ac.uk,1
57723933,0.00001,hyp1_neglr,belie,r,08/19/2026,10:49:27,eddie@node1k04.ecdf.ed.ac.uk,1
57723934,0.00001,hyp1_neglr,belie,r,08/19/2026,10:49:27,eddie@node1l02.ecdf.ed.ac.uk,1
57723939,0.00001,hyp1_neglr,belie,r,08/19/2026,10:49:27,eddie@node1l03.ecdf.ed.ac.uk,1
57723941,0.00001,hyp1_neglr,belie,r,08/19/2026,10:49:27,eddie@node1l10.ecdf.ed.ac.uk,1
57723942,0.00001,hyp1_neglr,belie,r,08/19/2026,10:49:27,eddie@node1k09.ecdf.ed.ac.uk,1
57723943,0.00001,hyp1_neglr,belie,r,08/19/2026,10:49:27,eddie@node1j07.ecdf.ed.ac.uk,1
57723944,0.00001,hyp1_neglr,belie,r,08/19/2026,10:49:27,eddie@node1l01.ecdf.ed.ac.uk,1
57723946,0.00001,hyp1_neglr,belie,r,08/19/2026,10:49:27,eddie@node1j03.ecdf.ed.ac.uk,1
57723947,0.00001,hyp1_neglr,belie,r,08/19/2026,10:49:27,eddie@node1j21.ecdf.ed.ac.uk,1
57723949,0.00001,hyp1_neglr,belie,r,08/19/2026,10:49:27,eddie@node1j19.ecdf.ed.ac.uk,1
57723951,0.00001,hyp1_neglr,belie,r,08/19/2026,10:49:27,eddie@node1m05.ecdf.ed.ac.uk,1
57723952,0.00001,hyp1_neglr,belie,r,08/19/2026,10:49:27,eddie@node1j01.ecdf.ed.ac.uk,1
57723954,0.00001,hyp1_neglr,belie,r,08/19/2026,10:49:27,eddie@node1l06.ecdf.ed.ac.uk,1
57723956,0.00001,hyp1_neglr,belie,r,08/19/2026,10:49:27,eddie@node1k06.ecdf.ed.ac.uk,1
57723958,0.00001,hyp1_neglr,belie,r,08/19/2026,10:49:42,eddie@node1m10.ecdf.ed.ac.uk,1
57723959,0.00001,hyp1_neglr,belie,r,08/19/2026,10:49:42,eddie@node1m01.ecdf.ed.ac.uk,1
57723961,0.00001,hyp1_neglr,belie,r,08/19/2026,10:49:42,eddie@node1l10.ecdf.ed.ac.uk,1
57723962,0.00001,hyp1_neglr,belie,r,08/19/2026,10:49:42,eddie@node1j07.ecdf.ed.ac.uk,1
57723964,0.00001,hyp1_neglr,belie,r,08/19/2026,10:49:42,eddie@node1j02.ecdf.ed.ac.uk,1
57723965,0.00001,hyp1_neglr,belie,r,08/19/2026,10:49:42,eddie@node1j01.ecdf.ed.ac.uk,1
57723966,0.00001,hyp1_neglr,belie,r,08/19/2026,10:49:42,eddie@node1k06.ecdf.ed.ac.uk,1
57723967,0.00001,hyp1_neglr,belie,r,08/19/2026,10:49:42,eddie@node1m06.ecdf.ed.ac.uk,1
57723968,0.00001,hyp1_neglr,belie,r,08/19/2026,10:49:42,eddie@node1l03.ecdf.ed.ac.uk,1
57723970,0.00001,hyp1_neglr,belie,r,08/19/2026,10:49:42,eddie@node1m01.ecdf.ed.ac.uk,1
57723972,0.00001,hyp1_neglr,belie,r,08/19/2026,10:49:42,eddie@node1k05.ecdf.ed.ac.uk,1
57723973,0.00001,hyp1_neglr,belie,r,08/19/2026,10:49:43,eddie@node1l10.ecdf.ed.ac.uk,1
57723974,0.00001,hyp1_neglr,belie,r,08/19/2026,10:49:43,eddie@node1j07.ecdf.ed.ac.uk,1
57723975,0.00001,hyp1_neglr,belie,r,08/19/2026,10:49:43,eddie@node1l01.ecdf.ed.ac.uk,1
57723976,0.00001,hyp1_neglr,belie,r,08/19/2026,10:49:43,eddie@node1j02.ecdf.ed.ac.uk,1
57723978,0.00001,hyp1_neglr,belie,r,08/19/2026,10:49:43,eddie@node1k06.ecdf.ed.ac.uk,1
57723979,0.00001,hyp1_neglr,belie,r,08/19/2026,10:49:43,eddie@node1m06.ecdf.ed.ac.uk,1
57723980,0.00001,hyp1_neglr,belie,r,08/19/2026,10:49:43,eddie@node1l03.ecdf.ed.ac.uk,1
57723981,0.00001,hyp1_neglr,belie,r,08/19/2026,10:49:43,eddie@node1m10.ecdf.ed.ac.uk,1
57723987,0.00001,hyp1_neglr,belie,r,08/19/2026,10:49:43,eddie@node1l10.ecdf.ed.ac.uk,1
57723989,0.00001,hyp1_neglr,belie,r,08/19/2026,10:49:43,eddie@node1l01.ecdf.ed.ac.uk,1
57723991,0.00001,hyp1_neglr,belie,r,08/19/2026,10:49:43,eddie@node1j02.ecdf.ed.ac.uk,1
57723992,0.00001,hyp1_neglr,belie,r,08/19/2026,10:49:43,eddie@node1j01.ecdf.ed.ac.uk,1
57723993,0.00001,hyp1_neglr,belie,r,08/19/2026,10:49:43,eddie@node1k06.ecdf.ed.ac.uk,1
57723994,0.00001,hyp1_neglr,belie,r,08/19/2026,10:49:43,eddie@node1m06.ecdf.ed.ac.uk,1
57723996,0.00001,hyp1_neglr,belie,r,08/19/2026,10:49:43,eddie@node1l03.ecdf.ed.ac.uk,1
57723997,0.00001,hyp1_neglr,belie,r,08/19/2026,10:49:43,eddie@node1m10.ecdf.ed.ac.uk,1
57724000,0.00001,hyp1_neglr,belie,r,08/19/2026,10:49:43,eddie@node1k05.ecdf.ed.ac.uk,1
57724001,0.00001,hyp1_neglr,belie,r,08/19/2026,10:49:43,eddie@node1l10.ecdf.ed.ac.uk,1
57724002,0.00001,hyp1_neglr,belie,r,08/19/2026,10:49:43,eddie@node1j07.ecdf.ed.ac.uk,1
57724004,0.00001,hyp1_neglr,belie,r,08/19/2026,10:49:43,eddie@node1m12.ecdf.ed.ac.uk,1
57724005,0.00001,hyp1_neglr,belie,r,08/19/2026,10:49:43,eddie@node1l05.ecdf.ed.ac.uk,1
57724006,0.00001,hyp1_neglr,belie,r,08/19/2026,10:49:43,eddie@node1j02.ecdf.ed.ac.uk,1
57724007,0.00001,hyp1_neglr,belie,r,08/19/2026,10:49:43,eddie@node1j01.ecdf.ed.ac.uk,1
57724008,0.00001,hyp1_neglr,belie,r,08/19/2026,10:49:43,eddie@node1k06.ecdf.ed.ac.uk,1
57724009,0.00001,hyp1_neglr,belie,r,08/19/2026,10:49:43,eddie@node1m06.ecdf.ed.ac.uk,1
57724010,0.00001,hyp1_neglr,belie,r,08/19/2026,10:49:43,eddie@node1j09.ecdf.ed.ac.uk,1
57724011,0.00001,hyp1_neglr,belie,r,08/19/2026,10:49:43,eddie@node1l03.ecdf.ed.ac.uk,1
57724012,0.00001,hyp1_neglr,belie,r,08/19/2026,10:49:43,eddie@node1m10.ecdf.ed.ac.uk,1
57724014,0.00001,hyp1_neglr,belie,r,08/19/2026,10:49:43,eddie@node1k05.ecdf.ed.ac.uk,1
57724016,0.00001,hyp1_neglr,belie,r,08/19/2026,10:49:43,eddie@node1l10.ecdf.ed.ac.uk,1
57724018,0.00001,hyp1_neglr,belie,r,08/19/2026,10:49:43,eddie@node1j07.ecdf.ed.ac.uk,1
57724019,0.00001,hyp1_neglr,belie,r,08/19/2026,10:49:43,eddie@node1l01.ecdf.ed.ac.uk,1
57724021,0.00001,hyp1_neglr,belie,r,08/19/2026,10:49:43,eddie@node1j04.ecdf.ed.ac.uk,1
57724022,0.00001,hyp1_neglr,belie,r,08/19/2026,10:49:43,eddie@node1m12.ecdf.ed.ac.uk,1
57724024,0.00001,hyp1_neglr,belie,r,08/19/2026,10:49:43,eddie@node1j02.ecdf.ed.ac.uk,1
57724026,0.00001,hyp1_neglr,belie,r,08/19/2026,10:49:43,eddie@node1m11.ecdf.ed.ac.uk,1
57724027,0.00001,hyp1_neglr,belie,r,08/19/2026,10:49:43,eddie@node1k06.ecdf.ed.ac.uk,1
57724029,0.00001,hyp1_neglr,belie,r,08/19/2026,10:49:57,eddie@node1j05.ecdf.ed.ac.uk,1
57724030,0.00001,hyp1_neglr,belie,r,08/19/2026,10:49:57,eddie@node1j06.ecdf.ed.ac.uk,1
57724032,0.00001,hyp1_neglr,belie,r,08/19/2026,10:49:57,eddie@node1j04.ecdf.ed.ac.uk,1
57724035,0.00001,hyp1_neglr,belie,r,08/19/2026,10:49:57,eddie@node1m12.ecdf.ed.ac.uk,1
57724036,0.00001,hyp1_neglr,belie,r,08/19/2026,10:49:57,eddie@node1j05.ecdf.ed.ac.uk,1
57724037,0.00001,hyp1_neglr,belie,r,08/19/2026,10:49:57,eddie@node1l04.ecdf.ed.ac.uk,1
57724039,0.00001,hyp1_neglr,belie,r,08/19/2026,10:49:57,eddie@node1l09.ecdf.ed.ac.uk,1
57724040,0.00001,hyp1_neglr,belie,r,08/19/2026,10:49:57,eddie@node1j04.ecdf.ed.ac.uk,1
57724041,0.00001,hyp1_neglr,belie,r,08/19/2026,10:49:57,eddie@node1l02.ecdf.ed.ac.uk,1
57724043,0.00001,hyp1_neglr,belie,r,08/19/2026,10:49:57,eddie@node1j18.ecdf.ed.ac.uk,1
57724047,0.00001,hyp1_neglr,belie,r,08/19/2026,10:49:58,eddie@node1j05.ecdf.ed.ac.uk,1
57724048,0.00001,hyp1_neglr,belie,r,08/19/2026,10:49:58,eddie@node1l06.ecdf.ed.ac.uk,1
57724049,0.00001,hyp1_neglr,belie,r,08/19/2026,10:49:58,eddie@node1j22.ecdf.ed.ac.uk,1
57724050,0.00001,hyp1_neglr,belie,r,08/19/2026,10:49:58,eddie@node1l04.ecdf.ed.ac.uk,1
57724051,0.00001,hyp1_neglr,belie,r,08/19/2026,10:49:58,eddie@node1j06.ecdf.ed.ac.uk,1
57724054,0.00001,hyp1_neglr,belie,r,08/19/2026,10:49:58,eddie@node1l02.ecdf.ed.ac.uk,1
57724055,0.00001,hyp1_neglr,belie,r,08/19/2026,10:49:58,eddie@node1j10.ecdf.ed.ac.uk,1
57724056,0.00001,hyp1_neglr,belie,r,08/19/2026,10:49:58,eddie@node1j03.ecdf.ed.ac.uk,1
57724060,0.00001,hyp1_neglr,belie,r,08/19/2026,10:49:58,eddie@node1j11.ecdf.ed.ac.uk,1
57724062,0.00001,hyp1_neglr,belie,r,08/19/2026,10:49:58,eddie@node1j05.ecdf.ed.ac.uk,1
57724063,0.00001,hyp1_neglr,belie,r,08/19/2026,10:49:58,eddie@node1l06.ecdf.ed.ac.uk,1
57724064,0.00001,hyp1_neglr,belie,r,08/19/2026,10:49:58,eddie@node1j22.ecdf.ed.ac.uk,1
57724065,0.00001,hyp1_neglr,belie,r,08/19/2026,10:49:58,eddie@node1l04.ecdf.ed.ac.uk,1
57724066,0.00001,hyp1_neglr,belie,r,08/19/2026,10:49:58,eddie@node1j06.ecdf.ed.ac.uk,1
57724068,0.00001,hyp1_neglr,belie,r,08/19/2026,10:49:58,eddie@node1l09.ecdf.ed.ac.uk,1
57724072,0.00001,hyp1_neglr,belie,r,08/19/2026,10:49:58,eddie@node1l02.ecdf.ed.ac.uk,1
57724076,0.00001,hyp1_neglr,belie,r,08/19/2026,10:49:58,eddie@node1j18.ecdf.ed.ac.uk,1
57724077,0.00001,hyp1_neglr,belie,r,08/19/2026,10:49:58,eddie@node1j17.ecdf.ed.ac.uk,1
57724078,0.00001,hyp1_neglr,belie,r,08/19/2026,10:49:58,eddie@node1j11.ecdf.ed.ac.uk,1
57724079,0.00001,hyp1_neglr,belie,r,08/19/2026,10:49:58,eddie@node1m12.ecdf.ed.ac.uk,1
57724080,0.00001,hyp1_neglr,belie,r,08/19/2026,10:49:58,eddie@node1j05.ecdf.ed.ac.uk,1
57724081,0.00001,hyp1_neglr,belie,r,08/19/2026,10:49:58,eddie@node1m04.ecdf.ed.ac.uk,1
57724083,0.00001,hyp1_neglr,belie,r,08/19/2026,10:50:12,eddie@node1l07.ecdf.ed.ac.uk,1
57724085,0.00001,hyp1_neglr,belie,r,08/19/2026,10:50:12,eddie@node1k04.ecdf.ed.ac.uk,1
57724086,0.00001,hyp1_neglr,belie,r,08/19/2026,10:50:12,eddie@node1k08.ecdf.ed.ac.uk,1
57724087,0.00001,hyp1_neglr,belie,r,08/19/2026,10:50:12,eddie@node1k03.ecdf.ed.ac.uk,1
57724088,0.00001,hyp1_neglr,belie,r,08/19/2026,10:50:12,eddie@node1m02.ecdf.ed.ac.uk,1
57724090,0.00001,hyp1_neglr,belie,r,08/19/2026,10:50:12,eddie@node1j10.ecdf.ed.ac.uk,1
57724091,0.00001,hyp1_neglr,belie,r,08/19/2026,10:50:12,eddie@node1j03.ecdf.ed.ac.uk,1
57724093,0.00001,hyp1_neglr,belie,r,08/19/2026,10:50:12,eddie@node1m04.ecdf.ed.ac.uk,1
57724094,0.00001,hyp1_neglr,belie,r,08/19/2026,10:50:12,eddie@node1m05.ecdf.ed.ac.uk,1
57724096,0.00001,hyp1_neglr,belie,r,08/19/2026,10:50:12,eddie@node1k09.ecdf.ed.ac.uk,1
57724097,0.00001,hyp1_neglr,belie,r,08/19/2026,10:50:12,eddie@node1l07.ecdf.ed.ac.uk,1
57724098,0.00001,hyp1_neglr,belie,r,08/19/2026,10:50:12,eddie@node1k02.ecdf.ed.ac.uk,1
57724099,0.00001,hyp1_neglr,belie,r,08/19/2026,10:50:12,eddie@node1k04.ecdf.ed.ac.uk,1
57724102,0.00001,hyp1_neglr,belie,r,08/19/2026,10:50:12,eddie@node1k08.ecdf.ed.ac.uk,1
57724104,0.00001,hyp1_neglr,belie,r,08/19/2026,10:50:12,eddie@node1m02.ecdf.ed.ac.uk,1
57724105,0.00001,hyp1_neglr,belie,r,08/19/2026,10:50:12,eddie@node1l06.ecdf.ed.ac.uk,1
57724106,0.00001,hyp1_neglr,belie,r,08/19/2026,10:50:12,eddie@node1j08.ecdf.ed.ac.uk,1
57724113,0.00001,hyp1_neglr,belie,r,08/19/2026,10:50:12,eddie@node1j19.ecdf.ed.ac.uk,1
57724114,0.00001,hyp1_neglr,belie,r,08/19/2026,10:50:12,eddie@node1m05.ecdf.ed.ac.uk,1
57724115,0.00001,hyp1_neglr,belie,r,08/19/2026,10:50:12,eddie@node1l02.ecdf.ed.ac.uk,1
57724116,0.00001,hyp1_neglr,belie,r,08/19/2026,10:50:12,eddie@node1k09.ecdf.ed.ac.uk,1
57724117,0.00001,hyp1_neglr,belie,r,08/19/2026,10:50:12,eddie@node1l07.ecdf.ed.ac.uk,1
57724118,0.00001,hyp1_neglr,belie,r,08/19/2026,10:50:12,eddie@node1k02.ecdf.ed.ac.uk,1
57724121,0.00001,hyp1_neglr,belie,r,08/19/2026,10:50:12,eddie@node1k08.ecdf.ed.ac.uk,1
57724122,0.00001,hyp1_neglr,belie,r,08/19/2026,10:50:27,eddie@node1m06.ecdf.ed.ac.uk,1
57724123,0.00001,hyp1_neglr,belie,r,08/19/2026,10:50:27,eddie@node1m06.ecdf.ed.ac.uk,1
57724124,0.00001,hyp1_neglr,belie,r,08/19/2026,10:50:27,eddie@node1l05.ecdf.ed.ac.uk,1
57724125,0.00001,hyp1_neglr,belie,r,08/19/2026,10:50:27,eddie@node1m06.ecdf.ed.ac.uk,1
57724128,0.00001,hyp1_neglr,belie,r,08/19/2026,10:50:27,eddie@node1l20.ecdf.ed.ac.uk,1
57724130,0.00001,hyp1_neglr,belie,r,08/19/2026,10:50:27,eddie@node1l19.ecdf.ed.ac.uk,1
57724131,0.00001,hyp1_neglr,belie,r,08/19/2026,10:50:27,eddie@node1m11.ecdf.ed.ac.uk,1
57724132,0.00001,hyp1_neglr,belie,r,08/19/2026,10:50:27,eddie@node1l05.ecdf.ed.ac.uk,1
57724133,0.00001,hyp1_neglr,belie,r,08/19/2026,10:50:27,eddie@node1m06.ecdf.ed.ac.uk,1
57724134,0.00001,hyp1_neglr,belie,r,08/19/2026,10:50:27,eddie@node1l20.ecdf.ed.ac.uk,1
57724136,0.00001,hyp1_neglr,belie,r,08/19/2026,10:50:27,eddie@node1l19.ecdf.ed.ac.uk,1
57724138,0.00001,hyp1_neglr,belie,r,08/19/2026,10:50:27,eddie@node1l05.ecdf.ed.ac.uk,1
57724140,0.00001,hyp1_neglr,belie,r,08/19/2026,10:50:28,eddie@node1l20.ecdf.ed.ac.uk,1
57724141,0.00001,hyp1_neglr,belie,r,08/19/2026,10:50:28,eddie@node1m12.ecdf.ed.ac.uk,1
57724142,0.00001,hyp1_neglr,belie,r,08/19/2026,10:50:28,eddie@node1j09.ecdf.ed.ac.uk,1
57724144,0.00001,hyp1_neglr,belie,r,08/19/2026,10:50:28,eddie@node1m11.ecdf.ed.ac.uk,1
57724145,0.00001,hyp1_neglr,belie,r,08/19/2026,10:50:28,eddie@node1l05.ecdf.ed.ac.uk,1
57724146,0.00001,hyp1_neglr,belie,r,08/19/2026,10:50:28,eddie@node1m06.ecdf.ed.ac.uk,1
57724152,0.00001,hyp1_neglr,belie,r,08/19/2026,10:50:28,eddie@node1l08.ecdf.ed.ac.uk,1
57724158,0.00001,hyp1_neglr,belie,r,08/19/2026,10:50:28,eddie@node1m11.ecdf.ed.ac.uk,1
57724159,0.00001,hyp1_neglr,belie,r,08/19/2026,10:50:28,eddie@node1m07.ecdf.ed.ac.uk,1
57724160,0.00001,hyp1_neglr,belie,r,08/19/2026,10:50:28,eddie@node1k01.ecdf.ed.ac.uk,1
57724161,0.00001,hyp1_neglr,belie,r,08/19/2026,10:50:28,eddie@node1j18.ecdf.ed.ac.uk,1
57724162,0.00001,hyp1_neglr,belie,r,08/19/2026,10:50:28,eddie@node1j04.ecdf.ed.ac.uk,1
57724165,0.00001,hyp1_neglr,belie,r,08/19/2026,10:50:28,eddie@node1j17.ecdf.ed.ac.uk,1
57724166,0.00001,hyp1_neglr,belie,r,08/19/2026,10:50:28,eddie@node1j11.ecdf.ed.ac.uk,1
57724170,0.00001,hyp1_neglr,belie,r,08/19/2026,10:50:28,eddie@node1j22.ecdf.ed.ac.uk,1
57724172,0.00001,hyp1_neglr,belie,r,08/19/2026,10:50:28,eddie@node1k05.ecdf.ed.ac.uk,1
57724173,0.00001,hyp1_neglr,belie,r,08/19/2026,10:50:28,eddie@node1l20.ecdf.ed.ac.uk,1
57724174,0.00001,hyp1_neglr,belie,r,08/19/2026,10:50:28,eddie@node1j05.ecdf.ed.ac.uk,1
57724175,0.00001,hyp1_neglr,belie,r,08/19/2026,10:50:28,eddie@node1l08.ecdf.ed.ac.uk,1
57725154,0.00001,hyp1_neglr,belie,r,08/19/2026,11:02:18,eddie@node1s14.ecdf.ed.ac.uk,1
57724177,0.00001,hyp1_neglr,belie,r,08/19/2026,10:50:28,eddie@node1j09.ecdf.ed.ac.uk,1
57724179,0.00001,hyp1_neglr,belie,r,08/19/2026,10:50:28,eddie@node1l09.ecdf.ed.ac.uk,1
57724180,0.00001,hyp1_neglr,belie,r,08/19/2026,10:50:28,eddie@node1l19.ecdf.ed.ac.uk,1
57724181,0.00001,hyp1_neglr,belie,r,08/19/2026,10:50:28,eddie@node1l04.ecdf.ed.ac.uk,1
57724182,0.00001,hyp1_neglr,belie,r,08/19/2026,10:50:28,eddie@node1m11.ecdf.ed.ac.uk,1
57724183,0.00001,hyp1_neglr,belie,r,08/19/2026,10:50:28,eddie@node1m07.ecdf.ed.ac.uk,1
57724184,0.00001,hyp1_neglr,belie,r,08/19/2026,10:50:28,eddie@node1k01.ecdf.ed.ac.uk,1
57725150,0.00001,hyp1_neglr,belie,r,08/19/2026,11:02:03,eddie@node1s15.ecdf.ed.ac.uk,1
57725151,0.00001,hyp1_neglr,belie,r,08/19/2026,11:02:03,eddie@node1s14.ecdf.ed.ac.uk,1
57725156,0.00001,hyp1_neglr,belie,r,08/19/2026,11:02:18,eddie@node1r20.ecdf.ed.ac.uk,1
57725152,0.00001,hyp1_neglr,belie,r,08/19/2026,11:02:03,eddie@node1j28.ecdf.ed.ac.uk,1
57725153,0.00001,hyp1_neglr,belie,r,08/19/2026,11:02:03,eddie@node1h09.ecdf.ed.ac.uk,1
57725157,0.00001,hyp1_neglr,belie,r,08/19/2026,11:02:18,eddie@node1j27.ecdf.ed.ac.uk,1
57725143,0.00001,hyp1_neglr,belie,r,08/19/2026,11:01:48,eddie@node1h23.ecdf.ed.ac.uk,1
57725144,0.00001,hyp1_neglr,belie,r,08/19/2026,11:01:48,eddie@node1r18.ecdf.ed.ac.uk,1
57724185,0.00001,hyp1_neglr,belie,r,08/19/2026,10:50:42,eddie@node1j17.ecdf.ed.ac.uk,1
57724186,0.00001,hyp1_neglr,belie,r,08/19/2026,10:50:42,eddie@node1j11.ecdf.ed.ac.uk,1
57724187,0.00001,hyp1_neglr,belie,r,08/19/2026,10:50:42,eddie@node1j22.ecdf.ed.ac.uk,1
57725145,0.00001,hyp1_neglr,belie,r,08/19/2026,11:01:48,eddie@node1r06.ecdf.ed.ac.uk,1
57724188,0.00001,hyp1_neglr,belie,r,08/19/2026,10:50:42,eddie@node1j21.ecdf.ed.ac.uk,1
57725146,0.00001,hyp1_neglr,belie,r,08/19/2026,11:01:48,eddie@node1o09.ecdf.ed.ac.uk,1
57725148,0.00001,hyp1_neglr,belie,r,08/19/2026,11:01:48,eddie@node1m03.ecdf.ed.ac.uk,1
57724190,0.00001,hyp1_neglr,belie,r,08/19/2026,10:50:42,eddie@node1j03.ecdf.ed.ac.uk,1
57724193,0.00001,hyp1_neglr,belie,r,08/19/2026,10:50:42,eddie@node1l08.ecdf.ed.ac.uk,1
57724195,0.00001,hyp1_neglr,belie,r,08/19/2026,10:50:42,eddie@node1m02.ecdf.ed.ac.uk,1
57725149,0.00001,hyp1_neglr,belie,r,08/19/2026,11:01:48,eddie@node1l01.ecdf.ed.ac.uk,1
57724196,0.00001,hyp1_neglr,belie,r,08/19/2026,10:50:42,eddie@node1l04.ecdf.ed.ac.uk,1
57724198,0.00001,hyp1_neglr,belie,r,08/19/2026,10:50:42,eddie@node1l06.ecdf.ed.ac.uk,1
57725158,0.00001,hyp1_neglr,belie,r,08/19/2026,11:02:18,eddie@node1o08.ecdf.ed.ac.uk,1
57724202,0.00001,hyp1_neglr,belie,r,08/19/2026,10:50:42,eddie@node1m12.ecdf.ed.ac.uk,1
57724203,0.00001,hyp1_neglr,belie,r,08/19/2026,10:50:42,eddie@node1k01.ecdf.ed.ac.uk,1
57724204,0.00001,hyp1_neglr,belie,r,08/19/2026,10:50:42,eddie@node1k05.ecdf.ed.ac.uk,1
57724205,0.00001,hyp1_neglr,belie,r,08/19/2026,10:50:42,eddie@node1j17.ecdf.ed.ac.uk,1
57724207,0.00001,hyp1_neglr,belie,r,08/19/2026,10:50:42,eddie@node1m05.ecdf.ed.ac.uk,1
57724208,0.00001,hyp1_neglr,belie,r,08/19/2026,10:50:42,eddie@node1l02.ecdf.ed.ac.uk,1
57724209,0.00001,hyp1_neglr,belie,r,08/19/2026,10:50:42,eddie@node1j10.ecdf.ed.ac.uk,1
57724210,0.00001,hyp1_neglr,belie,r,08/19/2026,10:50:42,eddie@node1j22.ecdf.ed.ac.uk,1
57724212,0.00001,hyp1_neglr,belie,r,08/19/2026,10:50:42,eddie@node1j19.ecdf.ed.ac.uk,1
57724216,0.00001,hyp1_neglr,belie,r,08/19/2026,10:50:43,eddie@node1l08.ecdf.ed.ac.uk,1
57724217,0.00001,hyp1_neglr,belie,r,08/19/2026,10:50:43,eddie@node1m04.ecdf.ed.ac.uk,1
57724219,0.00001,hyp1_neglr,belie,r,08/19/2026,10:50:43,eddie@node1k02.ecdf.ed.ac.uk,1
57724221,0.00001,hyp1_neglr,belie,r,08/19/2026,10:50:43,eddie@node1l04.ecdf.ed.ac.uk,1
57724222,0.00001,hyp1_neglr,belie,r,08/19/2026,10:50:43,eddie@node1k04.ecdf.ed.ac.uk,1
57724225,0.00001,hyp1_neglr,belie,r,08/19/2026,10:50:43,eddie@node1l06.ecdf.ed.ac.uk,1
57724228,0.00001,hyp1_neglr,belie,r,08/19/2026,10:50:43,eddie@node1j08.ecdf.ed.ac.uk,1
57724231,0.00001,hyp1_neglr,belie,r,08/19/2026,10:50:43,eddie@node1m12.ecdf.ed.ac.uk,1
57724232,0.00001,hyp1_neglr,belie,r,08/19/2026,10:50:43,eddie@node1k01.ecdf.ed.ac.uk,1
57724234,0.00001,hyp1_neglr,belie,r,08/19/2026,10:50:43,eddie@node1j17.ecdf.ed.ac.uk,1
57725137,0.00001,hyp1_neglr,belie,r,08/19/2026,11:01:32,eddie@node1r07.ecdf.ed.ac.uk,1
57725138,0.00001,hyp1_neglr,belie,r,08/19/2026,11:01:32,eddie@node1o12.ecdf.ed.ac.uk,1
57725139,0.00001,hyp1_neglr,belie,r,08/19/2026,11:01:32,eddie@node1m14.ecdf.ed.ac.uk,1
57724235,0.00001,hyp1_neglr,belie,r,08/19/2026,10:50:43,eddie@node1j11.ecdf.ed.ac.uk,1
57724236,0.00001,hyp1_neglr,belie,r,08/19/2026,10:50:43,eddie@node1m05.ecdf.ed.ac.uk,1
57724237,0.00001,hyp1_neglr,belie,r,08/19/2026,10:50:43,eddie@node1l02.ecdf.ed.ac.uk,1
57724238,0.00001,hyp1_neglr,belie,r,08/19/2026,10:50:43,eddie@node1j10.ecdf.ed.ac.uk,1
57725140,0.00001,hyp1_neglr,belie,r,08/19/2026,11:01:32,eddie@node1h08.ecdf.ed.ac.uk,1
57725141,0.00001,hyp1_neglr,belie,r,08/19/2026,11:01:32,eddie@node1m07.ecdf.ed.ac.uk,1
57725142,0.00001,hyp1_neglr,belie,r,08/19/2026,11:01:34,eddie@node1j17.ecdf.ed.ac.uk,1
57724239,0.00001,hyp1_neglr,belie,r,08/19/2026,10:50:43,eddie@node1j22.ecdf.ed.ac.uk,1
57724240,0.00001,hyp1_neglr,belie,r,08/19/2026,10:50:43,eddie@node1j21.ecdf.ed.ac.uk,1
57724241,0.00001,hyp1_neglr,belie,r,08/19/2026,10:50:43,eddie@node1j19.ecdf.ed.ac.uk,1
57724242,0.00001,hyp1_neglr,belie,r,08/19/2026,10:50:43,eddie@node1k08.ecdf.ed.ac.uk,1
57724246,0.00001,hyp1_neglr,belie,r,08/19/2026,10:50:43,eddie@node1m04.ecdf.ed.ac.uk,1
57724247,0.00001,hyp1_neglr,belie,r,08/19/2026,10:50:43,eddie@node1l09.ecdf.ed.ac.uk,1
57724248,0.00001,hyp1_neglr,belie,r,08/19/2026,10:50:43,eddie@node1k02.ecdf.ed.ac.uk,1
57724251,0.00001,hyp1_neglr,belie,r,08/19/2026,10:50:43,eddie@node1l04.ecdf.ed.ac.uk,1
57725132,0.00001,hyp1_neglr,belie,r,08/19/2026,11:01:17,eddie@node1s14.ecdf.ed.ac.uk,1
57725133,0.00001,hyp1_neglr,belie,r,08/19/2026,11:01:17,eddie@node1h09.ecdf.ed.ac.uk,1
57725134,0.00001,hyp1_neglr,belie,r,08/19/2026,11:01:17,eddie@node1m12.ecdf.ed.ac.uk,1
57725135,0.00001,hyp1_neglr,belie,r,08/19/2026,11:01:17,eddie@node1m05.ecdf.ed.ac.uk,1
57725160,0.00001,hyp1_lowlr,belie,r,08/19/2026,11:02:18,eddie@node1j28.ecdf.ed.ac.uk,1
57725164,0.00001,hyp1_lowlr,belie,r,08/19/2026,11:02:33,eddie@node1l24.ecdf.ed.ac.uk,1
57723453,0.00001,of_26648_1,wdewulf,r,08/19/2026,10:47:00,eddie@node1j07.ecdf.ed.ac.uk,1,1
57723453,0.00001,of_26648_1,wdewulf,r,08/19/2026,10:47:00,eddie@node1j09.ecdf.ed.ac.uk,1,2
57723453,0.00001,of_26648_1,wdewulf,r,08/19/2026,10:47:00,eddie@node1j04.ecdf.ed.ac.uk,1,3
57723453,0.00001,of_26648_1,wdewulf,r,08/19/2026,10:47:00,eddie@node1l08.ecdf.ed.ac.uk,1,4
57723453,0.00001,of_26648_1,wdewulf,r,08/19/2026,10:47:00,eddie@node1l19.ecdf.ed.ac.uk,1,5
57723453,0.00001,of_26648_1,wdewulf,r,08/19/2026,10:47:00,eddie@node1j06.ecdf.ed.ac.uk,1,6
57723453,0.00001,of_26648_1,wdewulf,r,08/19/2026,10:47:00,eddie@node1l04.ecdf.ed.ac.uk,1,7
57723453,0.00001,of_26648_1,wdewulf,r,08/19/2026,10:47:00,eddie@node1k08.ecdf.ed.ac.uk,1,8
57723453,0.00001,of_26648_1,wdewulf,r,08/19/2026,10:47:00,eddie@node1l09.ecdf.ed.ac.uk,1,9
57723453,0.00001,of_26648_1,wdewulf,r,08/19/2026,10:47:00,eddie@node1k09.ecdf.ed.ac.uk,1,10
57723453,0.00001,of_26648_1,wdewulf,r,08/19/2026,10:47:00,eddie@node1j23.ecdf.ed.ac.uk,1,11
57723453,0.00001,of_26648_1,wdewulf,r,08/19/2026,10:47:00,eddie@node1k07.ecdf.ed.ac.uk,1,12
57723453,0.00001,of_26648_1,wdewulf,r,08/19/2026,10:47:00,eddie@node1m01.ecdf.ed.ac.uk,1,13
57723453,0.00001,of_26648_1,wdewulf,r,08/19/2026,10:47:00,eddie@node1k02.ecdf.ed.ac.uk,1,14
57723453,0.00001,of_26648_1,wdewulf,r,08/19/2026,10:47:00,eddie@node1l10.ecdf.ed.ac.uk,1,15
57723453,0.00001,of_26648_1,wdewulf,r,08/19/2026,10:47:00,eddie@node1l20.ecdf.ed.ac.uk,1,16
57723453,0.00001,of_26648_1,wdewulf,r,08/19/2026,10:47:00,eddie@node1l01.ecdf.ed.ac.uk,1,17
57723453,0.00001,of_26648_1,wdewulf,r,08/19/2026,10:47:00,eddie@node1m05.ecdf.ed.ac.uk,1,18
57723453,0.00001,of_26648_1,wdewulf,r,08/19/2026,10:47:00,eddie@node1l03.ecdf.ed.ac.uk,1,19
57723453,0.00001,of_26648_1,wdewulf,r,08/19/2026,10:47:00,eddie@node1k03.ecdf.ed.ac.uk,1,20
57723453,0.00001,of_26648_1,wdewulf,r,08/19/2026,10:47:00,eddie@node1k01.ecdf.ed.ac.uk,1,21
57723453,0.00001,of_26648_1,wdewulf,r,08/19/2026,10:47:00,eddie@node1m11.ecdf.ed.ac.uk,1,22
57723453,0.00001,of_26648_1,wdewulf,r,08/19/2026,10:47:00,eddie@node1l07.ecdf.ed.ac.uk,1,23
57723453,0.00001,of_26648_1,wdewulf,r,08/19/2026,10:47:00,eddie@node1j17.ecdf.ed.ac.uk,1,24
57723453,0.00001,of_26648_1,wdewulf,r,08/19/2026,10:47:00,eddie@node1j19.ecdf.ed.ac.uk,1,25
57723453,0.00001,of_26648_1,wdewulf,r,08/19/2026,10:47:00,eddie@node1m12.ecdf.ed.ac.uk,1,26
57723453,0.00001,of_26648_1,wdewulf,r,08/19/2026,10:47:00,eddie@node1m02.ecdf.ed.ac.uk,1,27
57723453,0.00001,of_26648_1,wdewulf,r,08/19/2026,10:47:00,eddie@node1k04.ecdf.ed.ac.uk,1,28
57723453,0.00001,of_26648_1,wdewulf,r,08/19/2026,10:47:00,eddie@node1j03.ecdf.ed.ac.uk,1,29
57723453,0.00001,of_26648_1,wdewulf,r,08/19/2026,10:47:00,eddie@node1j10.ecdf.ed.ac.uk,1,30
57723453,0.00001,of_26648_1,wdewulf,r,08/19/2026,10:47:00,eddie@node1j21.ecdf.ed.ac.uk,1,31
57723453,0.00001,of_26648_1,wdewulf,r,08/19/2026,10:47:00,eddie@node1j08.ecdf.ed.ac.uk,1,32
57723453,0.00001,of_26648_1,wdewulf,r,08/19/2026,10:47:00,eddie@node1j05.ecdf.ed.ac.uk,1,33
57723453,0.00001,of_26648_1,wdewulf,r,08/19/2026,10:47:00,eddie@node1j02.ecdf.ed.ac.uk,1,34
57723453,0.00001,of_26648_1,wdewulf,r,08/19/2026,10:47:01,eddie@node1j22.ecdf.ed.ac.uk,1,35
57723453,0.00001,of_26648_1,wdewulf,r,08/19/2026,10:47:01,eddie@node1j18.ecdf.ed.ac.uk,1,36
57723453,0.00001,of_26648_1,wdewulf,r,08/19/2026,10:47:01,eddie@node1k06.ecdf.ed.ac.uk,1,37
57723453,0.00001,of_26648_1,wdewulf,r,08/19/2026,10:47:01,eddie@node1m10.ecdf.ed.ac.uk,1,38
57723453,0.00001,of_26648_1,wdewulf,r,08/19/2026,10:47:01,eddie@node1l05.ecdf.ed.ac.uk,1,39
57723453,0.00001,of_26648_1,wdewulf,r,08/19/2026,10:47:01,eddie@node1j01.ecdf.ed.ac.uk,1,40
57723453,0.00001,of_26648_1,wdewulf,r,08/19/2026,10:47:01,eddie@node1j06.ecdf.ed.ac.uk,1,41
57723453,0.00001,of_26648_1,wdewulf,r,08/19/2026,10:47:01,eddie@node1l19.ecdf.ed.ac.uk,1,42
57723453,0.00001,of_26648_1,wdewulf,r,08/19/2026,10:47:01,eddie@node1l08.ecdf.ed.ac.uk,1,43
57723453,0.00001,of_26648_1,wdewulf,r,08/19/2026,10:47:01,eddie@node1j04.ecdf.ed.ac.uk,1,44
57723453,0.00001,of_26648_1,wdewulf,r,08/19/2026,10:47:01,eddie@node1j09.ecdf.ed.ac.uk,1,45
57723453,0.00001,of_26648_1,wdewulf,r,08/19/2026,10:47:01,eddie@node1j07.ecdf.ed.ac.uk,1,46
57723453,0.00001,of_26648_1,wdewulf,r,08/19/2026,10:47:01,eddie@node1k08.ecdf.ed.ac.uk,1,47
57723453,0.00001,of_26648_1,wdewulf,r,08/19/2026,10:47:01,eddie@node1l04.ecdf.ed.ac.uk,1,48
57723453,0.00001,of_26648_1,wdewulf,r,08/19/2026,10:47:01,eddie@node1j11.ecdf.ed.ac.uk,1,49
57723453,0.00001,of_26648_1,wdewulf,r,08/19/2026,10:47:01,eddie@node1m04.ecdf.ed.ac.uk,1,50
57723453,0.00001,of_26648_1,wdewulf,r,08/19/2026,10:47:01,eddie@node1m07.ecdf.ed.ac.uk,1,51
57723453,0.00001,of_26648_1,wdewulf,r,08/19/2026,10:47:01,eddie@node1k07.ecdf.ed.ac.uk,1,52
57723453,0.00001,of_26648_1,wdewulf,r,08/19/2026,10:47:01,eddie@node1j23.ecdf.ed.ac.uk,1,53
57723453,0.00001,of_26648_1,wdewulf,r,08/19/2026,10:47:01,eddie@node1k09.ecdf.ed.ac.uk,1,54
57723453,0.00001,of_26648_1,wdewulf,r,08/19/2026,10:47:01,eddie@node1l09.ecdf.ed.ac.uk,1,55
57723453,0.00001,of_26648_1,wdewulf,r,08/19/2026,10:47:01,eddie@node1l20.ecdf.ed.ac.uk,1,56
57723453,0.00001,of_26648_1,wdewulf,r,08/19/2026,10:47:01,eddie@node1l10.ecdf.ed.ac.uk,1,57
57723453,0.00001,of_26648_1,wdewulf,r,08/19/2026,10:47:01,eddie@node1k02.ecdf.ed.ac.uk,1,58
57723453,0.00001,of_26648_1,wdewulf,r,08/19/2026,10:47:01,eddie@node1m01.ecdf.ed.ac.uk,1,59
57723453,0.00001,of_26648_1,wdewulf,r,08/19/2026,10:47:01,eddie@node1l01.ecdf.ed.ac.uk,1,60
57723453,0.00001,of_26648_1,wdewulf,r,08/19/2026,10:47:01,eddie@node1m05.ecdf.ed.ac.uk,1,61
57723453,0.00001,of_26648_1,wdewulf,r,08/19/2026,10:47:01,eddie@node1l03.ecdf.ed.ac.uk,1,62
57723453,0.00001,of_26648_1,wdewulf,r,08/19/2026,10:47:01,eddie@node1k03.ecdf.ed.ac.uk,1,63
57723453,0.00001,of_26648_1,wdewulf,r,08/19/2026,10:47:01,eddie@node1k01.ecdf.ed.ac.uk,1,64
57723453,0.00001,of_26648_1,wdewulf,r,08/19/2026,10:47:01,eddie@node1m11.ecdf.ed.ac.uk,1,65
57723453,0.00001,of_26648_1,wdewulf,r,08/19/2026,10:47:01,eddie@node1j17.ecdf.ed.ac.uk,1,66
57723453,0.00001,of_26648_1,wdewulf,r,08/19/2026,10:47:01,eddie@node1l07.ecdf.ed.ac.uk,1,67
57723453,0.00001,of_26648_1,wdewulf,r,08/19/2026,10:47:01,eddie@node1j19.ecdf.ed.ac.uk,1,68
57723453,0.00001,of_26648_1,wdewulf,r,08/19/2026,10:47:01,eddie@node1m12.ecdf.ed.ac.uk,1,69
57723453,0.00001,of_26648_1,wdewulf,r,08/19/2026,10:47:01,eddie@node1m02.ecdf.ed.ac.uk,1,70
57723453,0.00001,of_26648_1,wdewulf,r,08/19/2026,10:47:01,eddie@node1k04.ecdf.ed.ac.uk,1,71
57723453,0.00001,of_26648_1,wdewulf,r,08/19/2026,10:47:01,eddie@node1j03.ecdf.ed.ac.uk,1,72
57723453,0.00001,of_26648_1,wdewulf,r,08/19/2026,10:47:01,eddie@node1j10.ecdf.ed.ac.uk,1,73
57723453,0.00001,of_26648_1,wdewulf,r,08/19/2026,10:47:01,eddie@node1j21.ecdf.ed.ac.uk,1,74
57723453,0.00001,of_26648_1,wdewulf,r,08/19/2026,10:47:01,eddie@node1j02.ecdf.ed.ac.uk,1,75
57723453,0.00001,of_26648_1,wdewulf,r,08/19/2026,10:47:01,eddie@node1j05.ecdf.ed.ac.uk,1,76
57723453,0.00001,of_26648_1,wdewulf,r,08/19/2026,10:47:01,eddie@node1j08.ecdf.ed.ac.uk,1,77
57723453,0.00001,of_26648_1,wdewulf,r,08/19/2026,10:47:01,eddie@node1j01.ecdf.ed.ac.uk,1,78
57723453,0.00001,of_26648_1,wdewulf,r,08/19/2026,10:47:01,eddie@node1l05.ecdf.ed.ac.uk,1,79
57723453,0.00001,of_26648_1,wdewulf,r,08/19/2026,10:47:01,eddie@node1m10.ecdf.ed.ac.uk,1,80
57723453,0.00001,of_26648_1,wdewulf,r,08/19/2026,10:47:01,eddie@node1k06.ecdf.ed.ac.uk,1,81
57723453,0.00001,of_26648_1,wdewulf,r,08/19/2026,10:47:01,eddie@node1j18.ecdf.ed.ac.uk,1,82
57723453,0.00001,of_26648_1,wdewulf,r,08/19/2026,10:47:01,eddie@node1j22.ecdf.ed.ac.uk,1,83
57723453,0.00001,of_26648_1,wdewulf,r,08/19/2026,10:47:01,eddie@node1j07.ecdf.ed.ac.uk,1,84
57723453,0.00001,of_26648_1,wdewulf,r,08/19/2026,10:47:01,eddie@node1j09.ecdf.ed.ac.uk,1,85
57723453,0.00001,of_26648_1,wdewulf,r,08/19/2026,10:47:01,eddie@node1j04.ecdf.ed.ac.uk,1,86
57723453,0.00001,of_26648_1,wdewulf,r,08/19/2026,10:47:01,eddie@node1l08.ecdf.ed.ac.uk,1,87
57723453,0.00001,of_26648_1,wdewulf,r,08/19/2026,10:47:01,eddie@node1l19.ecdf.ed.ac.uk,1,88
57723453,0.00001,of_26648_1,wdewulf,r,08/19/2026,10:47:01,eddie@node1j06.ecdf.ed.ac.uk,1,89
57723453,0.00001,of_26648_1,wdewulf,r,08/19/2026,10:47:01,eddie@node1l04.ecdf.ed.ac.uk,1,90
57723453,0.00001,of_26648_1,wdewulf,r,08/19/2026,10:47:01,eddie@node1k08.ecdf.ed.ac.uk,1,91
57723453,0.00001,of_26648_1,wdewulf,r,08/19/2026,10:47:01,eddie@node1m07.ecdf.ed.ac.uk,1,92
57723453,0.00001,of_26648_1,wdewulf,r,08/19/2026,10:47:01,eddie@node1m04.ecdf.ed.ac.uk,1,93
57723453,0.00001,of_26648_1,wdewulf,r,08/19/2026,10:47:01,eddie@node1j11.ecdf.ed.ac.uk,1,94
57723453,0.00001,of_26648_1,wdewulf,r,08/19/2026,10:47:01,eddie@node1l09.ecdf.ed.ac.uk,1,95
57723453,0.00001,of_26648_1,wdewulf,r,08/19/2026,10:47:01,eddie@node1k09.ecdf.ed.ac.uk,1,96
57723453,0.00001,of_26648_1,wdewulf,r,08/19/2026,10:47:01,eddie@node1j23.ecdf.ed.ac.uk,1,97
57723453,0.00001,of_26648_1,wdewulf,r,08/19/2026,10:47:01,eddie@node1k07.ecdf.ed.ac.uk,1,98
57723453,0.00001,of_26648_1,wdewulf,r,08/19/2026,10:47:01,eddie@node1m01.ecdf.ed.ac.uk,1,99
57723453,0.00001,of_26648_1,wdewulf,r,08/19/2026,10:47:01,eddie@node1k02.ecdf.ed.ac.uk,1,100
57723453,0.00001,of_26648_1,wdewulf,r,08/19/2026,10:47:01,eddie@node1l10.ecdf.ed.ac.uk,1,101
57723453,0.00001,of_26648_1,wdewulf,r,08/19/2026,10:47:01,eddie@node1l20.ecdf.ed.ac.uk,1,102
57723453,0.00001,of_26648_1,wdewulf,r,08/19/2026,10:47:01,eddie@node1l01.ecdf.ed.ac.uk,1,103
57723453,0.00001,of_26648_1,wdewulf,r,08/19/2026,10:47:01,eddie@node1m05.ecdf.ed.ac.uk,1,104
57723453,0.00001,of_26648_1,wdewulf,r,08/19/2026,10:47:01,eddie@node1l03.ecdf.ed.ac.uk,1,105
57723453,0.00001,of_26648_1,wdewulf,r,08/19/2026,10:47:01,eddie@node1k03.ecdf.ed.ac.uk,1,106
57723453,0.00001,of_26648_1,wdewulf,r,08/19/2026,10:47:01,eddie@node1k01.ecdf.ed.ac.uk,1,107
57723453,0.00001,of_26648_1,wdewulf,r,08/19/2026,10:47:01,eddie@node1m11.ecdf.ed.ac.uk,1,108
57723453,0.00001,of_26648_1,wdewulf,r,08/19/2026,10:47:01,eddie@node1l07.ecdf.ed.ac.uk,1,109
57723453,0.00001,of_26648_1,wdewulf,r,08/19/2026,10:47:01,eddie@node1j17.ecdf.ed.ac.uk,1,110
57723453,0.00001,of_26648_1,wdewulf,r,08/19/2026,10:47:01,eddie@node1j19.ecdf.ed.ac.uk,1,111
57723453,0.00001,of_26648_1,wdewulf,r,08/19/2026,10:47:01,eddie@node1m12.ecdf.ed.ac.uk,1,112
57723453,0.00001,of_26648_1,wdewulf,r,08/19/2026,10:47:01,eddie@node1m02.ecdf.ed.ac.uk,1,113
57723453,0.00001,of_26648_1,wdewulf,r,08/19/2026,10:47:01,eddie@node1k04.ecdf.ed.ac.uk,1,114
57723453,0.00001,of_26648_1,wdewulf,r,08/19/2026,10:47:01,eddie@node1j03.ecdf.ed.ac.uk,1,115
57723453,0.00001,of_26648_1,wdewulf,r,08/19/2026,10:47:01,eddie@node1j10.ecdf.ed.ac.uk,1,116
57723453,0.00001,of_26648_1,wdewulf,r,08/19/2026,10:47:01,eddie@node1j21.ecdf.ed.ac.uk,1,117
57723453,0.00001,of_26648_1,wdewulf,r,08/19/2026,10:47:01,eddie@node1j08.ecdf.ed.ac.uk,1,118
57723453,0.00001,of_26648_1,wdewulf,r,08/19/2026,10:47:01,eddie@node1j05.ecdf.ed.ac.uk,1,119
57723453,0.00001,of_26648_1,wdewulf,r,08/19/2026,10:47:01,eddie@node1j02.ecdf.ed.ac.uk,1,120
57723453,0.00001,of_26648_1,wdewulf,r,08/19/2026,10:47:01,eddie@node1j22.ecdf.ed.ac.uk,1,121
57723453,0.00001,of_26648_1,wdewulf,r,08/19/2026,10:47:01,eddie@node1j18.ecdf.ed.ac.uk,1,122
57723453,0.00001,of_26648_1,wdewulf,r,08/19/2026,10:47:01,eddie@node1k06.ecdf.ed.ac.uk,1,123
57723453,0.00001,of_26648_1,wdewulf,r,08/19/2026,10:47:01,eddie@node1m10.ecdf.ed.ac.uk,1,124
57723453,0.00001,of_26648_1,wdewulf,r,08/19/2026,10:47:01,eddie@node1l05.ecdf.ed.ac.uk,1,125
57723453,0.00001,of_26648_1,wdewulf,r,08/19/2026,10:47:01,eddie@node1j01.ecdf.ed.ac.uk,1,126
57723453,0.00001,of_26648_1,wdewulf,r,08/19/2026,10:47:01,eddie@node1j06.ecdf.ed.ac.uk,1,127
57723453,0.00001,of_26648_1,wdewulf,r,08/19/2026,10:47:01,eddie@node1l19.ecdf.ed.ac.uk,1,128
57723453,0.00001,of_26648_1,wdewulf,r,08/19/2026,10:47:01,eddie@node1l08.ecdf.ed.ac.uk,1,129
57723453,0.00001,of_26648_1,wdewulf,r,08/19/2026,10:47:01,eddie@node1j04.ecdf.ed.ac.uk,1,130
57723453,0.00001,of_26648_1,wdewulf,r,08/19/2026,10:47:01,eddie@node1j09.ecdf.ed.ac.uk,1,131
57723453,0.00001,of_26648_1,wdewulf,r,08/19/2026,10:47:01,eddie@node1j07.ecdf.ed.ac.uk,1,132
57723453,0.00001,of_26648_1,wdewulf,r,08/19/2026,10:47:01,eddie@node1k08.ecdf.ed.ac.uk,1,133
57723453,0.00001,of_26648_1,wdewulf,r,08/19/2026,10:47:01,eddie@node1l04.ecdf.ed.ac.uk,1,134
57723453,0.00001,of_26648_1,wdewulf,r,08/19/2026,10:47:01,eddie@node1j11.ecdf.ed.ac.uk,1,135
57723453,0.00001,of_26648_1,wdewulf,r,08/19/2026,10:47:01,eddie@node1m04.ecdf.ed.ac.uk,1,136
57723453,0.00001,of_26648_1,wdewulf,r,08/19/2026,10:47:01,eddie@node1m07.ecdf.ed.ac.uk,1,137
57723453,0.00001,of_26648_1,wdewulf,r,08/19/2026,10:47:01,eddie@node1k07.ecdf.ed.ac.uk,1,138
57723453,0.00001,of_26648_1,wdewulf,r,08/19/2026,10:47:01,eddie@node1j23.ecdf.ed.ac.uk,1,139
57723453,0.00001,of_26648_1,wdewulf,r,08/19/2026,10:47:01,eddie@node1k09.ecdf.ed.ac.uk,1,140
57723453,0.00001,of_26648_1,wdewulf,r,08/19/2026,10:47:01,eddie@node1l09.ecdf.ed.ac.uk,1,141
57723453,0.00001,of_26648_1,wdewulf,r,08/19/2026,10:47:01,eddie@node1l20.ecdf.ed.ac.uk,1,142
57723453,0.00001,of_26648_1,wdewulf,r,08/19/2026,10:47:01,eddie@node1l10.ecdf.ed.ac.uk,1,143
57723453,0.00001,of_26648_1,wdewulf,r,08/19/2026,10:47:01,eddie@node1k02.ecdf.ed.ac.uk,1,144
57723453,0.00001,of_26648_1,wdewulf,r,08/19/2026,10:47:01,eddie@node1m01.ecdf.ed.ac.uk,1,145
57723453,0.00001,of_26648_1,wdewulf,r,08/19/2026,10:47:01,eddie@node1l01.ecdf.ed.ac.uk,1,146
57723453,0.00001,of_26648_1,wdewulf,r,08/19/2026,10:47:01,eddie@node1m05.ecdf.ed.ac.uk,1,147
57723453,0.00001,of_26648_1,wdewulf,r,08/19/2026,10:47:01,eddie@node1l03.ecdf.ed.ac.uk,1,148
57723453,0.00001,of_26648_1,wdewulf,r,08/19/2026,10:47:01,eddie@node1k03.ecdf.ed.ac.uk,1,149
57723453,0.00001,of_26648_1,wdewulf,r,08/19/2026,10:47:01,eddie@node1k01.ecdf.ed.ac.uk,1,150
57723453,0.00001,of_26648_1,wdewulf,r,08/19/2026,10:47:01,eddie@node1m11.ecdf.ed.ac.uk,1,151
57723453,0.00001,of_26648_1,wdewulf,r,08/19/2026,10:47:01,eddie@node1j17.ecdf.ed.ac.uk,1,152
57723453,0.00001,of_26648_1,wdewulf,r,08/19/2026,10:47:01,eddie@node1l07.ecdf.ed.ac.uk,1,153
57723453,0.00001,of_26648_1,wdewulf,r,08/19/2026,10:47:01,eddie@node1j19.ecdf.ed.ac.uk,1,154
57723453,0.00001,of_26648_1,wdewulf,r,08/19/2026,10:47:01,eddie@node1m12.ecdf.ed.ac.uk,1,155
57723453,0.00001,of_26648_1,wdewulf,r,08/19/2026,10:47:01,eddie@node1m02.ecdf.ed.ac.uk,1,156
57723453,0.00001,of_26648_1,wdewulf,r,08/19/2026,10:47:01,eddie@node1k04.ecdf.ed.ac.uk,1,157
57723453,0.00001,of_26648_1,wdewulf,r,08/19/2026,10:47:01,eddie@node1j03.ecdf.ed.ac.uk,1,158
57723453,0.00001,of_26648_1,wdewulf,r,08/19/2026,10:47:01,eddie@node1j10.ecdf.ed.ac.uk,1,159
57723453,0.00001,of_26648_1,wdewulf,r,08/19/2026,10:47:01,eddie@node1j21.ecdf.ed.ac.uk,1,160
57723453,0.00001,of_26648_1,wdewulf,r,08/19/2026,10:47:01,eddie@node1j02.ecdf.ed.ac.uk,1,161
57723453,0.00001,of_26648_1,wdewulf,r,08/19/2026,10:47:01,eddie@node1j05.ecdf.ed.ac.uk,1,162
57723453,0.00001,of_26648_1,wdewulf,r,08/19/2026,10:47:01,eddie@node1j08.ecdf.ed.ac.uk,1,163
57723453,0.00001,of_26648_1,wdewulf,r,08/19/2026,10:47:01,eddie@node1j01.ecdf.ed.ac.uk,1,164
57723453,0.00001,of_26648_1,wdewulf,r,08/19/2026,10:47:01,eddie@node1l05.ecdf.ed.ac.uk,1,165
57723453,0.00001,of_26648_1,wdewulf,r,08/19/2026,10:47:01,eddie@node1m10.ecdf.ed.ac.uk,1,166
57723453,0.00001,of_26648_1,wdewulf,r,08/19/2026,10:47:01,eddie@node1k06.ecdf.ed.ac.uk,1,167
57723453,0.00001,of_26648_1,wdewulf,r,08/19/2026,10:47:01,eddie@node1j18.ecdf.ed.ac.uk,1,168
57723453,0.00001,of_26648_1,wdewulf,r,08/19/2026,10:47:01,eddie@node1j22.ecdf.ed.ac.uk,1,169
57723453,0.00001,of_26648_1,wdewulf,r,08/19/2026,10:47:01,eddie@node1j07.ecdf.ed.ac.uk,1,170
57723453,0.00001,of_26648_1,wdewulf,r,08/19/2026,10:47:01,eddie@node1j09.ecdf.ed.ac.uk,1,171
57723453,0.00001,of_26648_1,wdewulf,r,08/19/2026,10:47:02,eddie@node1j04.ecdf.ed.ac.uk,1,172
57723453,0.00001,of_26648_1,wdewulf,r,08/19/2026,10:47:02,eddie@node1l08.ecdf.ed.ac.uk,1,173
57723453,0.00001,of_26648_1,wdewulf,r,08/19/2026,10:47:02,eddie@node1l19.ecdf.ed.ac.uk,1,174
57723453,0.00001,of_26648_1,wdewulf,r,08/19/2026,10:47:02,eddie@node1j06.ecdf.ed.ac.uk,1,175
57723453,0.00001,of_26648_1,wdewulf,r,08/19/2026,10:47:02,eddie@node1l04.ecdf.ed.ac.uk,1,176
57723453,0.00001,of_26648_1,wdewulf,r,08/19/2026,10:47:02,eddie@node1k08.ecdf.ed.ac.uk,1,177
57723453,0.00001,of_26648_1,wdewulf,r,08/19/2026,10:47:02,eddie@node1m07.ecdf.ed.ac.uk,1,178
57723453,0.00001,of_26648_1,wdewulf,r,08/19/2026,10:47:02,eddie@node1m04.ecdf.ed.ac.uk,1,179
57723453,0.00001,of_26648_1,wdewulf,r,08/19/2026,10:47:02,eddie@node1j11.ecdf.ed.ac.uk,1,180
57723453,0.00001,of_26648_1,wdewulf,r,08/19/2026,10:47:02,eddie@node1l09.ecdf.ed.ac.uk,1,181
57723453,0.00001,of_26648_1,wdewulf,r,08/19/2026,10:47:02,eddie@node1k09.ecdf.ed.ac.uk,1,182
57723453,0.00001,of_26648_1,wdewulf,r,08/19/2026,10:47:02,eddie@node1j23.ecdf.ed.ac.uk,1,183
57723453,0.00001,of_26648_1,wdewulf,r,08/19/2026,10:47:02,eddie@node1k07.ecdf.ed.ac.uk,1,184
57723453,0.00001,of_26648_1,wdewulf,r,08/19/2026,10:47:02,eddie@node1m01.ecdf.ed.ac.uk,1,185
57723453,0.00001,of_26648_1,wdewulf,r,08/19/2026,10:47:02,eddie@node1k02.ecdf.ed.ac.uk,1,186
57723453,0.00001,of_26648_1,wdewulf,r,08/19/2026,10:47:02,eddie@node1l10.ecdf.ed.ac.uk,1,187
57723453,0.00001,of_26648_1,wdewulf,r,08/19/2026,10:47:02,eddie@node1l20.ecdf.ed.ac.uk,1,188
57723453,0.00001,of_26648_1,wdewulf,r,08/19/2026,10:47:02,eddie@node1l01.ecdf.ed.ac.uk,1,189
57723453,0.00001,of_26648_1,wdewulf,r,08/19/2026,10:47:02,eddie@node1m05.ecdf.ed.ac.uk,1,190
57723453,0.00001,of_26648_1,wdewulf,r,08/19/2026,10:47:02,eddie@node1l03.ecdf.ed.ac.uk,1,191
57723453,0.00001,of_26648_1,wdewulf,r,08/19/2026,10:47:02,eddie@node1k03.ecdf.ed.ac.uk,1,192
57723453,0.00001,of_26648_1,wdewulf,r,08/19/2026,10:47:02,eddie@node1k01.ecdf.ed.ac.uk,1,193
57723453,0.00001,of_26648_1,wdewulf,r,08/19/2026,10:47:02,eddie@node1m11.ecdf.ed.ac.uk,1,194
57723453,0.00001,of_26648_1,wdewulf,r,08/19/2026,10:47:02,eddie@node1l07.ecdf.ed.ac.uk,1,195
57723453,0.00001,of_26648_1,wdewulf,r,08/19/2026,10:47:02,eddie@node1j17.ecdf.ed.ac.uk,1,196
57723453,0.00001,of_26648_1,wdewulf,r,08/19/2026,10:47:02,eddie@node1j19.ecdf.ed.ac.uk,1,197
57723453,0.00001,of_26648_1,wdewulf,r,08/19/2026,10:47:02,eddie@node1m12.ecdf.ed.ac.uk,1,198
57723453,0.00001,of_26648_1,wdewulf,r,08/19/2026,10:47:02,eddie@node1m02.ecdf.ed.ac.uk,1,199
57723453,0.00001,of_26648_1,wdewulf,r,08/19/2026,10:47:02,eddie@node1k04.ecdf.ed.ac.uk,1,200
57723453,0.00001,of_26648_1,wdewulf,r,08/19/2026,10:47:02,eddie@node1m03.ecdf.ed.ac.uk,1,201
57723453,0.00001,of_26648_1,wdewulf,r,08/19/2026,10:47:02,eddie@node1j03.ecdf.ed.ac.uk,1,202
57723453,0.00001,of_26648_1,wdewulf,r,08/19/2026,10:47:02,eddie@node1j10.ecdf.ed.ac.uk,1,203
57723453,0.00001,of_26648_1,wdewulf,r,08/19/2026,10:47:02,eddie@node1j21.ecdf.ed.ac.uk,1,204
57723453,0.00001,of_26648_1,wdewulf,r,08/19/2026,10:47:02,eddie@node1j08.ecdf.ed.ac.uk,1,205
57723453,0.00001,of_26648_1,wdewulf,r,08/19/2026,10:47:02,eddie@node1j05.ecdf.ed.ac.uk,1,206
57723453,0.00001,of_26648_1,wdewulf,r,08/19/2026,10:47:02,eddie@node1j02.ecdf.ed.ac.uk,1,207
57723453,0.00001,of_26648_1,wdewulf,r,08/19/2026,10:47:02,eddie@node1j22.ecdf.ed.ac.uk,1,208
57723453,0.00001,of_26648_1,wdewulf,r,08/19/2026,10:47:02,eddie@node1j18.ecdf.ed.ac.uk,1,209
57723453,0.00001,of_26648_1,wdewulf,r,08/19/2026,10:47:02,eddie@node1k06.ecdf.ed.ac.uk,1,210
57723453,0.00001,of_26648_1,wdewulf,r,08/19/2026,10:47:02,eddie@node1m10.ecdf.ed.ac.uk,1,211
57723453,0.00001,of_26648_1,wdewulf,r,08/19/2026,10:47:02,eddie@node1l05.ecdf.ed.ac.uk,1,212
57723453,0.00001,of_26648_1,wdewulf,r,08/19/2026,10:47:02,eddie@node1j01.ecdf.ed.ac.uk,1,213
57723453,0.00001,of_26648_1,wdewulf,r,08/19/2026,10:47:02,eddie@node1j06.ecdf.ed.ac.uk,1,214
57723453,0.00001,of_26648_1,wdewulf,r,08/19/2026,10:47:02,eddie@node1l19.ecdf.ed.ac.uk,1,215
57723453,0.00001,of_26648_1,wdewulf,r,08/19/2026,10:47:02,eddie@node1l08.ecdf.ed.ac.uk,1,216
57723453,0.00001,of_26648_1,wdewulf,r,08/19/2026,10:47:02,eddie@node1j04.ecdf.ed.ac.uk,1,217
57723453,0.00001,of_26648_1,wdewulf,r,08/19/2026,10:47:02,eddie@node1j09.ecdf.ed.ac.uk,1,218
57723453,0.00001,of_26648_1,wdewulf,r,08/19/2026,10:47:02,eddie@node1j07.ecdf.ed.ac.uk,1,219
57723453,0.00001,of_26648_1,wdewulf,r,08/19/2026,10:47:02,eddie@node1k08.ecdf.ed.ac.uk,1,220
57723453,0.00001,of_26648_1,wdewulf,r,08/19/2026,10:47:02,eddie@node1l04.ecdf.ed.ac.uk,1,221
57723453,0.00001,of_26648_1,wdewulf,r,08/19/2026,10:47:02,eddie@node1j11.ecdf.ed.ac.uk,1,222
57723453,0.00001,of_26648_1,wdewulf,r,08/19/2026,10:47:02,eddie@node1m04.ecdf.ed.ac.uk,1,223
57723453,0.00001,of_26648_1,wdewulf,r,08/19/2026,10:47:02,eddie@node1m07.ecdf.ed.ac.uk,1,224
57723453,0.00001,of_26648_1,wdewulf,r,08/19/2026,10:47:02,eddie@node1k07.ecdf.ed.ac.uk,1,225
57723453,0.00001,of_26648_1,wdewulf,r,08/19/2026,10:47:02,eddie@node1j23.ecdf.ed.ac.uk,1,226
57723453,0.00001,of_26648_1,wdewulf,r,08/19/2026,10:47:02,eddie@node1k09.ecdf.ed.ac.uk,1,227
57723453,0.00001,of_26648_1,wdewulf,r,08/19/2026,10:47:02,eddie@node1l09.ecdf.ed.ac.uk,1,228
57723453,0.00001,of_26648_1,wdewulf,r,08/19/2026,10:47:02,eddie@node1l20.ecdf.ed.ac.uk,1,229
57723453,0.00001,of_26648_1,wdewulf,r,08/19/2026,10:47:02,eddie@node1l10.ecdf.ed.ac.uk,1,230
57723453,0.00001,of_26648_1,wdewulf,r,08/19/2026,10:47:02,eddie@node1k02.ecdf.ed.ac.uk,1,231
57723453,0.00001,of_26648_1,wdewulf,r,08/19/2026,10:47:02,eddie@node1m01.ecdf.ed.ac.uk,1,232
57723453,0.00001,of_26648_1,wdewulf,r,08/19/2026,10:47:02,eddie@node1l01.ecdf.ed.ac.uk,1,233
57723453,0.00001,of_26648_1,wdewulf,r,08/19/2026,10:47:02,eddie@node1m05.ecdf.ed.ac.uk,1,234
57723453,0.00001,of_26648_1,wdewulf,r,08/19/2026,10:47:02,eddie@node1l03.ecdf.ed.ac.uk,1,235
57723453,0.00001,of_26648_1,wdewulf,r,08/19/2026,10:47:02,eddie@node1k03.ecdf.ed.ac.uk,1,236
57723453,0.00001,of_26648_1,wdewulf,r,08/19/2026,10:47:02,eddie@node1k01.ecdf.ed.ac.uk,1,237
57723453,0.00001,of_26648_1,wdewulf,r,08/19/2026,10:47:02,eddie@node1m11.ecdf.ed.ac.uk,1,238
57723453,0.00001,of_26648_1,wdewulf,r,08/19/2026,10:47:02,eddie@node1j17.ecdf.ed.ac.uk,1,239
57723453,0.00001,of_26648_1,wdewulf,r,08/19/2026,10:47:02,eddie@node1l07.ecdf.ed.ac.uk,1,240
57723453,0.00001,of_26648_1,wdewulf,r,08/19/2026,10:47:02,eddie@node1j19.ecdf.ed.ac.uk,1,241
57723453,0.00001,of_26648_1,wdewulf,r,08/19/2026,10:47:02,eddie@node1m12.ecdf.ed.ac.uk,1,242
57723453,0.00001,of_26648_1,wdewulf,r,08/19/2026,10:47:02,eddie@node1m02.ecdf.ed.ac.uk,1,243
57723453,0.00001,of_26648_1,wdewulf,r,08/19/2026,10:47:02,eddie@node1k04.ecdf.ed.ac.uk,1,244
57723453,0.00001,of_26648_1,wdewulf,r,08/19/2026,10:47:02,eddie@node1m03.ecdf.ed.ac.uk,1,245
57723453,0.00001,of_26648_1,wdewulf,r,08/19/2026,10:47:02,eddie@node1j03.ecdf.ed.ac.uk,1,246
57723453,0.00001,of_26648_1,wdewulf,r,08/19/2026,10:47:02,eddie@node1j10.ecdf.ed.ac.uk,1,247
57723453,0.00001,of_26648_1,wdewulf,r,08/19/2026,10:47:02,eddie@node1j21.ecdf.ed.ac.uk,1,248
57723453,0.00001,of_26648_1,wdewulf,r,08/19/2026,10:47:02,eddie@node1j02.ecdf.ed.ac.uk,1,249
57723453,0.00001,of_26648_1,wdewulf,r,08/19/2026,10:47:02,eddie@node1j05.ecdf.ed.ac.uk,1,250
57723453,0.00001,of_26648_1,wdewulf,r,08/19/2026,10:47:02,eddie@node1j08.ecdf.ed.ac.uk,1,251
57723453,0.00001,of_26648_1,wdewulf,r,08/19/2026,10:47:02,eddie@node1j01.ecdf.ed.ac.uk,1,252
57723453,0.00001,of_26648_1,wdewulf,r,08/19/2026,10:47:02,eddie@node1l05.ecdf.ed.ac.uk,1,253
57723453,0.00001,of_26648_1,wdewulf,r,08/19/2026,10:47:02,eddie@node1m10.ecdf.ed.ac.uk,1,254
57723453,0.00001,of_26648_1,wdewulf,r,08/19/2026,10:47:02,eddie@node1k06.ecdf.ed.ac.uk,1,255
57723453,0.00001,of_26648_1,wdewulf,r,08/19/2026,10:47:02,eddie@node1j18.ecdf.ed.ac.uk,1,256
57723453,0.00001,of_26648_1,wdewulf,r,08/19/2026,10:47:02,eddie@node1j22.ecdf.ed.ac.uk,1,257
57723453,0.00001,of_26648_1,wdewulf,r,08/19/2026,10:47:02,eddie@node1j07.ecdf.ed.ac.uk,1,258
57723453,0.00001,of_26648_1,wdewulf,r,08/19/2026,10:47:02,eddie@node1j09.ecdf.ed.ac.uk,1,259
57723453,0.00001,of_26648_1,wdewulf,r,08/19/2026,10:47:02,eddie@node1j04.ecdf.ed.ac.uk,1,260
57723453,0.00001,of_26648_1,wdewulf,r,08/19/2026,10:47:02,eddie@node1l08.ecdf.ed.ac.uk,1,261
57723453,0.00001,of_26648_1,wdewulf,r,08/19/2026,10:47:02,eddie@node1l19.ecdf.ed.ac.uk,1,262
57723453,0.00001,of_26648_1,wdewulf,r,08/19/2026,10:47:02,eddie@node1j06.ecdf.ed.ac.uk,1,263
57723453,0.00001,of_26648_1,wdewulf,r,08/19/2026,10:47:02,eddie@node1l04.ecdf.ed.ac.uk,1,264
57723453,0.00001,of_26648_1,wdewulf,r,08/19/2026,10:47:02,eddie@node1k08.ecdf.ed.ac.uk,1,265
57723453,0.00001,of_26648_1,wdewulf,r,08/19/2026,10:47:02,eddie@node1m07.ecdf.ed.ac.uk,1,266
57723453,0.00001,of_26648_1,wdewulf,r,08/19/2026,10:47:02,eddie@node1m04.ecdf.ed.ac.uk,1,267
57723453,0.00001,of_26648_1,wdewulf,r,08/19/2026,10:47:02,eddie@node1j11.ecdf.ed.ac.uk,1,268
57723453,0.00001,of_26648_1,wdewulf,r,08/19/2026,10:47:02,eddie@node1l09.ecdf.ed.ac.uk,1,269
57723453,0.00001,of_26648_1,wdewulf,r,08/19/2026,10:47:02,eddie@node1k09.ecdf.ed.ac.uk,1,270
57723453,0.00001,of_26648_1,wdewulf,r,08/19/2026,10:47:02,eddie@node1j23.ecdf.ed.ac.uk,1,271
57723453,0.00001,of_26648_1,wdewulf,r,08/19/2026,10:47:02,eddie@node1k07.ecdf.ed.ac.uk,1,272
57723453,0.00001,of_26648_1,wdewulf,r,08/19/2026,10:47:02,eddie@node1m01.ecdf.ed.ac.uk,1,273
57723453,0.00001,of_26648_1,wdewulf,r,08/19/2026,10:47:03,eddie@node1k02.ecdf.ed.ac.uk,1,274
57723453,0.00001,of_26648_1,wdewulf,r,08/19/2026,10:47:03,eddie@node1l10.ecdf.ed.ac.uk,1,275
57723453,0.00001,of_26648_1,wdewulf,r,08/19/2026,10:47:03,eddie@node1l20.ecdf.ed.ac.uk,1,276
57723453,0.00001,of_26648_1,wdewulf,r,08/19/2026,10:47:03,eddie@node1l01.ecdf.ed.ac.uk,1,277
57723453,0.00001,of_26648_1,wdewulf,r,08/19/2026,10:47:03,eddie@node1m05.ecdf.ed.ac.uk,1,278
57723453,0.00001,of_26648_1,wdewulf,r,08/19/2026,10:47:03,eddie@node1l03.ecdf.ed.ac.uk,1,279
57723453,0.00001,of_26648_1,wdewulf,r,08/19/2026,10:47:03,eddie@node1k03.ecdf.ed.ac.uk,1,280
57723453,0.00001,of_26648_1,wdewulf,r,08/19/2026,10:47:03,eddie@node1k01.ecdf.ed.ac.uk,1,281
57723453,0.00001,of_26648_1,wdewulf,r,08/19/2026,10:47:03,eddie@node1m11.ecdf.ed.ac.uk,1,282
57723453,0.00001,of_26648_1,wdewulf,r,08/19/2026,10:47:03,eddie@node1l07.ecdf.ed.ac.uk,1,283
57723453,0.00001,of_26648_1,wdewulf,r,08/19/2026,10:47:03,eddie@node1j17.ecdf.ed.ac.uk,1,284
57723453,0.00001,of_26648_1,wdewulf,r,08/19/2026,10:47:03,eddie@node1j19.ecdf.ed.ac.uk,1,285
57723453,0.00001,of_26648_1,wdewulf,r,08/19/2026,10:47:03,eddie@node1m12.ecdf.ed.ac.uk,1,286
57723453,0.00001,of_26648_1,wdewulf,r,08/19/2026,10:47:03,eddie@node1m02.ecdf.ed.ac.uk,1,287
57723453,0.00001,of_26648_1,wdewulf,r,08/19/2026,10:47:03,eddie@node1k04.ecdf.ed.ac.uk,1,288
57723453,0.00001,of_26648_1,wdewulf,r,08/19/2026,10:47:03,eddie@node1m03.ecdf.ed.ac.uk,1,289
57723453,0.00001,of_26648_1,wdewulf,r,08/19/2026,10:47:03,eddie@node1j03.ecdf.ed.ac.uk,1,290
57723453,0.00001,of_26648_1,wdewulf,r,08/19/2026,10:47:03,eddie@node1j10.ecdf.ed.ac.uk,1,291
57723453,0.00001,of_26648_1,wdewulf,r,08/19/2026,10:47:03,eddie@node1j21.ecdf.ed.ac.uk,1,292
57723453,0.00001,of_26648_1,wdewulf,r,08/19/2026,10:47:03,eddie@node1j08.ecdf.ed.ac.uk,1,293
57723453,0.00001,of_26648_1,wdewulf,r,08/19/2026,10:47:03,eddie@node1j05.ecdf.ed.ac.uk,1,294
57723453,0.00001,of_26648_1,wdewulf,r,08/19/2026,10:47:03,eddie@node1j02.ecdf.ed.ac.uk,1,295
57723453,0.00001,of_26648_1,wdewulf,r,08/19/2026,10:47:03,eddie@node1j22.ecdf.ed.ac.uk,1,296
57723453,0.00001,of_26648_1,wdewulf,r,08/19/2026,10:47:03,eddie@node1j18.ecdf.ed.ac.uk,1,297
57723453,0.00001,of_26648_1,wdewulf,r,08/19/2026,10:47:03,eddie@node1k06.ecdf.ed.ac.uk,1,298
57723453,0.00001,of_26648_1,wdewulf,r,08/19/2026,10:47:03,eddie@node1m10.ecdf.ed.ac.uk,1,299
57723453,0.00001,of_26648_1,wdewulf,r,08/19/2026,10:47:03,eddie@node1l05.ecdf.ed.ac.uk,1,300
57723453,0.00001,of_26648_1,wdewulf,r,08/19/2026,10:47:03,eddie@node1j01.ecdf.ed.ac.uk,1,301
57723453,0.00001,of_26648_1,wdewulf,r,08/19/2026,10:47:03,eddie@node1j06.ecdf.ed.ac.uk,1,302
57723453,0.00001,of_26648_1,wdewulf,r,08/19/2026,10:47:03,eddie@node1l19.ecdf.ed.ac.uk,1,303
57723453,0.00001,of_26648_1,wdewulf,r,08/19/2026,10:47:03,eddie@node1l08.ecdf.ed.ac.uk,1,304
57723453,0.00001,of_26648_1,wdewulf,r,08/19/2026,10:47:03,eddie@node1j04.ecdf.ed.ac.uk,1,305
57723453,0.00001,of_26648_1,wdewulf,r,08/19/2026,10:47:03,eddie@node1j09.ecdf.ed.ac.uk,1,306
57723453,0.00001,of_26648_1,wdewulf,r,08/19/2026,10:47:03,eddie@node1j07.ecdf.ed.ac.uk,1,307
57723453,0.00001,of_26648_1,wdewulf,r,08/19/2026,10:47:03,eddie@node1k08.ecdf.ed.ac.uk,1,308
57723453,0.00001,of_26648_1,wdewulf,r,08/19/2026,10:47:03,eddie@node1l04.ecdf.ed.ac.uk,1,309
57723453,0.00001,of_26648_1,wdewulf,r,08/19/2026,10:47:03,eddie@node1j11.ecdf.ed.ac.uk,1,310
57723453,0.00001,of_26648_1,wdewulf,r,08/19/2026,10:47:03,eddie@node1m04.ecdf.ed.ac.uk,1,311
57723453,0.00001,of_26648_1,wdewulf,r,08/19/2026,10:47:03,eddie@node1m07.ecdf.ed.ac.uk,1,312
57723453,0.00001,of_26648_1,wdewulf,r,08/19/2026,10:47:03,eddie@node1k07.ecdf.ed.ac.uk,1,313
57723453,0.00001,of_26648_1,wdewulf,r,08/19/2026,10:47:03,eddie@node1j23.ecdf.ed.ac.uk,1,314
57723453,0.00001,of_26648_1,wdewulf,r,08/19/2026,10:47:03,eddie@node1k09.ecdf.ed.ac.uk,1,315
57723453,0.00001,of_26648_1,wdewulf,r,08/19/2026,10:47:03,eddie@node1l09.ecdf.ed.ac.uk,1,316
57723453,0.00001,of_26648_1,wdewulf,r,08/19/2026,10:47:03,eddie@node1l20.ecdf.ed.ac.uk,1,317
57723453,0.00001,of_26648_1,wdewulf,r,08/19/2026,10:47:03,eddie@node1l10.ecdf.ed.ac.uk,1,318
57723453,0.00001,of_26648_1,wdewulf,r,08/19/2026,10:47:03,eddie@node1k02.ecdf.ed.ac.uk,1,319
57723453,0.00001,of_26648_1,wdewulf,r,08/19/2026,10:47:03,eddie@node1m01.ecdf.ed.ac.uk,1,320
57723453,0.00001,of_26648_1,wdewulf,r,08/19/2026,10:47:03,eddie@node1l01.ecdf.ed.ac.uk,1,321
57723453,0.00001,of_26648_1,wdewulf,r,08/19/2026,10:47:03,eddie@node1m05.ecdf.ed.ac.uk,1,322
57723453,0.00001,of_26648_1,wdewulf,r,08/19/2026,10:47:03,eddie@node1l03.ecdf.ed.ac.uk,1,323
57723453,0.00001,of_26648_1,wdewulf,r,08/19/2026,10:47:03,eddie@node1k03.ecdf.ed.ac.uk,1,324
57723453,0.00001,of_26648_1,wdewulf,r,08/19/2026,10:47:03,eddie@node1k01.ecdf.ed.ac.uk,1,325
57723453,0.00001,of_26648_1,wdewulf,r,08/19/2026,10:47:03,eddie@node1m11.ecdf.ed.ac.uk,1,326
57723453,0.00001,of_26648_1,wdewulf,r,08/19/2026,10:47:03,eddie@node1j17.ecdf.ed.ac.uk,1,327
57723453,0.00001,of_26648_1,wdewulf,r,08/19/2026,10:47:03,eddie@node1l07.ecdf.ed.ac.uk,1,328
57723453,0.00001,of_26648_1,wdewulf,r,08/19/2026,10:47:03,eddie@node1j19.ecdf.ed.ac.uk,1,329
57723453,0.00001,of_26648_1,wdewulf,r,08/19/2026,10:47:03,eddie@node1m12.ecdf.ed.ac.uk,1,330
57723453,0.00001,of_26648_1,wdewulf,r,08/19/2026,10:47:03,eddie@node1m02.ecdf.ed.ac.uk,1,331
57723453,0.00001,of_26648_1,wdewulf,r,08/19/2026,10:47:03,eddie@node1k04.ecdf.ed.ac.uk,1,332
57723453,0.00001,of_26648_1,wdewulf,r,08/19/2026,10:47:03,eddie@node1m03.ecdf.ed.ac.uk,1,333
57723453,0.00001,of_26648_1,wdewulf,r,08/19/2026,10:47:03,eddie@node1j03.ecdf.ed.ac.uk,1,334
57723453,0.00001,of_26648_1,wdewulf,r,08/19/2026,10:47:03,eddie@node1j10.ecdf.ed.ac.uk,1,335
57723453,0.00001,of_26648_1,wdewulf,r,08/19/2026,10:47:03,eddie@node1j21.ecdf.ed.ac.uk,1,336
57723453,0.00001,of_26648_1,wdewulf,r,08/19/2026,10:47:03,eddie@node1j02.ecdf.ed.ac.uk,1,337
57723453,0.00001,of_26648_1,wdewulf,r,08/19/2026,10:47:03,eddie@node1j05.ecdf.ed.ac.uk,1,338
57723453,0.00001,of_26648_1,wdewulf,r,08/19/2026,10:47:03,eddie@node1j08.ecdf.ed.ac.uk,1,339
57723453,0.00001,of_26648_1,wdewulf,r,08/19/2026,10:47:03,eddie@node1j01.ecdf.ed.ac.uk,1,340
57723453,0.00001,of_26648_1,wdewulf,r,08/19/2026,10:47:03,eddie@node1l05.ecdf.ed.ac.uk,1,341
57723453,0.00001,of_26648_1,wdewulf,r,08/19/2026,10:47:03,eddie@node1m10.ecdf.ed.ac.uk,1,342
57723453,0.00001,of_26648_1,wdewulf,r,08/19/2026,10:47:03,eddie@node1k06.ecdf.ed.ac.uk,1,343
57723453,0.00001,of_26648_1,wdewulf,r,08/19/2026,10:47:03,eddie@node1j18.ecdf.ed.ac.uk,1,344
57723453,0.00001,of_26648_1,wdewulf,r,08/19/2026,10:47:03,eddie@node1j22.ecdf.ed.ac.uk,1,345
57723453,0.00001,of_26648_1,wdewulf,r,08/19/2026,10:47:03,eddie@node1j07.ecdf.ed.ac.uk,1,346
57723453,0.00001,of_26648_1,wdewulf,r,08/19/2026,10:47:03,eddie@node1j09.ecdf.ed.ac.uk,1,347
57723453,0.00001,of_26648_1,wdewulf,r,08/19/2026,10:47:03,eddie@node1j04.ecdf.ed.ac.uk,1,348
57723453,0.00001,of_26648_1,wdewulf,r,08/19/2026,10:47:03,eddie@node1l08.ecdf.ed.ac.uk,1,349
57723453,0.00001,of_26648_1,wdewulf,r,08/19/2026,10:47:03,eddie@node1l19.ecdf.ed.ac.uk,1,350
57723453,0.00001,of_26648_1,wdewulf,r,08/19/2026,10:47:03,eddie@node1j06.ecdf.ed.ac.uk,1,351
57723453,0.00001,of_26648_1,wdewulf,r,08/19/2026,10:47:03,eddie@node1l04.ecdf.ed.ac.uk,1,352
57723453,0.00001,of_26648_1,wdewulf,r,08/19/2026,10:47:03,eddie@node1k08.ecdf.ed.ac.uk,1,353
57723453,0.00001,of_26648_1,wdewulf,r,08/19/2026,10:47:03,eddie@node1m07.ecdf.ed.ac.uk,1,354
57723453,0.00001,of_26648_1,wdewulf,r,08/19/2026,10:47:03,eddie@node1m04.ecdf.ed.ac.uk,1,355
57723453,0.00001,of_26648_1,wdewulf,r,08/19/2026,10:47:03,eddie@node1j11.ecdf.ed.ac.uk,1,356
57723453,0.00001,of_26648_1,wdewulf,r,08/19/2026,10:47:03,eddie@node1l09.ecdf.ed.ac.uk,1,357
57723453,0.00001,of_26648_1,wdewulf,r,08/19/2026,10:47:03,eddie@node1k09.ecdf.ed.ac.uk,1,358
57723453,0.00001,of_26648_1,wdewulf,r,08/19/2026,10:47:03,eddie@node1j23.ecdf.ed.ac.uk,1,359
57723453,0.00001,of_26648_1,wdewulf,r,08/19/2026,10:47:03,eddie@node1k07.ecdf.ed.ac.uk,1,360
57723453,0.00001,of_26648_1,wdewulf,r,08/19/2026,10:47:03,eddie@node1m01.ecdf.ed.ac.uk,1,361
57723453,0.00001,of_26648_1,wdewulf,r,08/19/2026,10:47:03,eddie@node1k02.ecdf.ed.ac.uk,1,362
57723453,0.00001,of_26648_1,wdewulf,r,08/19/2026,10:47:03,eddie@node1l10.ecdf.ed.ac.uk,1,363
57723453,0.00001,of_26648_1,wdewulf,r,08/19/2026,10:47:03,eddie@node1l20.ecdf.ed.ac.uk,1,364
57723453,0.00001,of_26648_1,wdewulf,r,08/19/2026,10:47:04,eddie@node1l01.ecdf.ed.ac.uk,1,365
57723453,0.00001,of_26648_1,wdewulf,r,08/19/2026,10:47:04,eddie@node1m05.ecdf.ed.ac.uk,1,366
57723453,0.00001,of_26648_1,wdewulf,r,08/19/2026,10:47:04,eddie@node1l03.ecdf.ed.ac.uk,1,367
57723453,0.00001,of_26648_1,wdewulf,r,08/19/2026,10:47:04,eddie@node1k03.ecdf.ed.ac.uk,1,368
57723453,0.00001,of_26648_1,wdewulf,r,08/19/2026,10:47:04,eddie@node1k01.ecdf.ed.ac.uk,1,369
57723453,0.00001,of_26648_1,wdewulf,r,08/19/2026,10:47:04,eddie@node1m11.ecdf.ed.ac.uk,1,370
57723453,0.00001,of_26648_1,wdewulf,r,08/19/2026,10:47:04,eddie@node1l07.ecdf.ed.ac.uk,1,371
57723453,0.00001,of_26648_1,wdewulf,r,08/19/2026,10:47:04,eddie@node1j17.ecdf.ed.ac.uk,1,372
57723453,0.00001,of_26648_1,wdewulf,r,08/19/2026,10:47:04,eddie@node1j19.ecdf.ed.ac.uk,1,373
57723453,0.00001,of_26648_1,wdewulf,r,08/19/2026,10:47:04,eddie@node1m12.ecdf.ed.ac.uk,1,374
57723453,0.00001,of_26648_1,wdewulf,r,08/19/2026,10:47:04,eddie@node1m02.ecdf.ed.ac.uk,1,375
57723453,0.00001,of_26648_1,wdewulf,r,08/19/2026,10:47:04,eddie@node1k04.ecdf.ed.ac.uk,1,376
57723453,0.00001,of_26648_1,wdewulf,r,08/19/2026,10:47:04,eddie@node1m03.ecdf.ed.ac.uk,1,377
57723453,0.00001,of_26648_1,wdewulf,r,08/19/2026,10:47:04,eddie@node1j03.ecdf.ed.ac.uk,1,378
57723453,0.00001,of_26648_1,wdewulf,r,08/19/2026,10:47:04,eddie@node1j10.ecdf.ed.ac.uk,1,379
57723453,0.00001,of_26648_1,wdewulf,r,08/19/2026,10:47:04,eddie@node1j21.ecdf.ed.ac.uk,1,380
57723453,0.00001,of_26648_1,wdewulf,r,08/19/2026,10:47:04,eddie@node1j08.ecdf.ed.ac.uk,1,381
57723453,0.00001,of_26648_1,wdewulf,r,08/19/2026,10:47:04,eddie@node1j05.ecdf.ed.ac.uk,1,382
57723453,0.00001,of_26648_1,wdewulf,r,08/19/2026,10:47:04,eddie@node1j02.ecdf.ed.ac.uk,1,383
57723453,0.00001,of_26648_1,wdewulf,r,08/19/2026,10:47:04,eddie@node1j22.ecdf.ed.ac.uk,1,384
57723453,0.00001,of_26648_1,wdewulf,r,08/19/2026,10:47:04,eddie@node1j18.ecdf.ed.ac.uk,1,385
57723453,0.00001,of_26648_1,wdewulf,r,08/19/2026,10:47:04,eddie@node1k06.ecdf.ed.ac.uk,1,386
57723453,0.00001,of_26648_1,wdewulf,r,08/19/2026,10:47:04,eddie@node1m10.ecdf.ed.ac.uk,1,387
57723453,0.00001,of_26648_1,wdewulf,r,08/19/2026,10:47:04,eddie@node1l05.ecdf.ed.ac.uk,1,388
57723453,0.00001,of_26648_1,wdewulf,r,08/19/2026,10:47:04,eddie@node1j01.ecdf.ed.ac.uk,1,389
57723453,0.00001,of_26648_1,wdewulf,r,08/19/2026,10:47:04,eddie@node1j06.ecdf.ed.ac.uk,1,390
57723453,0.00001,of_26648_1,wdewulf,r,08/19/2026,10:47:04,eddie@node1l19.ecdf.ed.ac.uk,1,391
57723453,0.00001,of_26648_1,wdewulf,r,08/19/2026,10:47:04,eddie@node1l08.ecdf.ed.ac.uk,1,392
57723453,0.00001,of_26648_1,wdewulf,r,08/19/2026,10:47:04,eddie@node1j04.ecdf.ed.ac.uk,1,393
57723453,0.00001,of_26648_1,wdewulf,r,08/19/2026,10:47:04,eddie@node1j09.ecdf.ed.ac.uk,1,394
57723453,0.00001,of_26648_1,wdewulf,r,08/19/2026,10:47:04,eddie@node1j07.ecdf.ed.ac.uk,1,395
57723453,0.00001,of_26648_1,wdewulf,r,08/19/2026,10:47:04,eddie@node1k08.ecdf.ed.ac.uk,1,396
57723453,0.00001,of_26648_1,wdewulf,r,08/19/2026,10:47:04,eddie@node1l04.ecdf.ed.ac.uk,1,397
57723453,0.00001,of_26648_1,wdewulf,r,08/19/2026,10:47:04,eddie@node1j11.ecdf.ed.ac.uk,1,398
57723453,0.00001,of_26648_1,wdewulf,r,08/19/2026,10:47:04,eddie@node1m04.ecdf.ed.ac.uk,1,399
57723453,0.00001,of_26648_1,wdewulf,r,08/19/2026,10:47:04,eddie@node1m07.ecdf.ed.ac.uk,1,400
57723453,0.00001,of_26648_1,wdewulf,r,08/19/2026,10:47:04,eddie@node1k07.ecdf.ed.ac.uk,1,401
57723453,0.00001,of_26648_1,wdewulf,r,08/19/2026,10:47:04,eddie@node1j23.ecdf.ed.ac.uk,1,402
57723453,0.00001,of_26648_1,wdewulf,r,08/19/2026,10:47:04,eddie@node1k09.ecdf.ed.ac.uk,1,403
57723453,0.00001,of_26648_1,wdewulf,r,08/19/2026,10:47:04,eddie@node1l09.ecdf.ed.ac.uk,1,404
57723453,0.00001,of_26648_1,wdewulf,r,08/19/2026,10:47:04,eddie@node1l20.ecdf.ed.ac.uk,1,405
57723453,0.00001,of_26648_1,wdewulf,r,08/19/2026,10:47:04,eddie@node1l10.ecdf.ed.ac.uk,1,406
57723453,0.00001,of_26648_1,wdewulf,r,08/19/2026,10:47:04,eddie@node1k02.ecdf.ed.ac.uk,1,407
57723453,0.00001,of_26648_1,wdewulf,r,08/19/2026,10:47:04,eddie@node1m01.ecdf.ed.ac.uk,1,408
57723453,0.00001,of_26648_1,wdewulf,r,08/19/2026,10:47:04,eddie@node1l01.ecdf.ed.ac.uk,1,409
57723453,0.00001,of_26648_1,wdewulf,r,08/19/2026,10:47:04,eddie@node1m05.ecdf.ed.ac.uk,1,410
57723453,0.00001,of_26648_1,wdewulf,r,08/19/2026,10:47:04,eddie@node1l03.ecdf.ed.ac.uk,1,411
57723453,0.00001,of_26648_1,wdewulf,r,08/19/2026,10:47:04,eddie@node1k03.ecdf.ed.ac.uk,1,412
57723453,0.00001,of_26648_1,wdewulf,r,08/19/2026,10:47:04,eddie@node1k01.ecdf.ed.ac.uk,1,413
57723453,0.00001,of_26648_1,wdewulf,r,08/19/2026,10:47:04,eddie@node1m11.ecdf.ed.ac.uk,1,414
57723453,0.00001,of_26648_1,wdewulf,r,08/19/2026,10:47:04,eddie@node1j17.ecdf.ed.ac.uk,1,415
57723453,0.00001,of_26648_1,wdewulf,r,08/19/2026,10:47:04,eddie@node1l07.ecdf.ed.ac.uk,1,416
57723453,0.00001,of_26648_1,wdewulf,r,08/19/2026,10:47:04,eddie@node1j19.ecdf.ed.ac.uk,1,417
57723453,0.00001,of_26648_1,wdewulf,r,08/19/2026,10:47:04,eddie@node1m12.ecdf.ed.ac.uk,1,418
57723453,0.00001,of_26648_1,wdewulf,r,08/19/2026,10:47:04,eddie@node1m02.ecdf.ed.ac.uk,1,419
57723453,0.00001,of_26648_1,wdewulf,r,08/19/2026,10:47:04,eddie@node1k04.ecdf.ed.ac.uk,1,420
57723453,0.00001,of_26648_1,wdewulf,r,08/19/2026,10:47:04,eddie@node1m03.ecdf.ed.ac.uk,1,421
57723453,0.00001,of_26648_1,wdewulf,r,08/19/2026,10:47:04,eddie@node1j03.ecdf.ed.ac.uk,1,422
57723453,0.00001,of_26648_1,wdewulf,r,08/19/2026,10:47:04,eddie@node1j10.ecdf.ed.ac.uk,1,423
57723453,0.00001,of_26648_1,wdewulf,r,08/19/2026,10:47:04,eddie@node1j21.ecdf.ed.ac.uk,1,424
57723453,0.00001,of_26648_1,wdewulf,r,08/19/2026,10:47:04,eddie@node1j02.ecdf.ed.ac.uk,1,425
57723453,0.00001,of_26648_1,wdewulf,r,08/19/2026,10:47:04,eddie@node1j05.ecdf.ed.ac.uk,1,426
57723453,0.00001,of_26648_1,wdewulf,r,08/19/2026,10:47:04,eddie@node1j08.ecdf.ed.ac.uk,1,427
57723453,0.00001,of_26648_1,wdewulf,r,08/19/2026,10:47:04,eddie@node1j01.ecdf.ed.ac.uk,1,428
57723453,0.00001,of_26648_1,wdewulf,r,08/19/2026,10:47:04,eddie@node1l05.ecdf.ed.ac.uk,1,429
57723453,0.00001,of_26648_1,wdewulf,r,08/19/2026,10:47:04,eddie@node1m10.ecdf.ed.ac.uk,1,430
57723453,0.00001,of_26648_1,wdewulf,r,08/19/2026,10:47:04,eddie@node1k06.ecdf.ed.ac.uk,1,431
57723453,0.00001,of_26648_1,wdewulf,r,08/19/2026,10:47:04,eddie@node1j18.ecdf.ed.ac.uk,1,432
57723453,0.00001,of_26648_1,wdewulf,r,08/19/2026,10:47:04,eddie@node1j22.ecdf.ed.ac.uk,1,433
57723453,0.00001,of_26648_1,wdewulf,r,08/19/2026,10:47:04,eddie@node1j07.ecdf.ed.ac.uk,1,434
57723453,0.00001,of_26648_1,wdewulf,r,08/19/2026,10:47:04,eddie@node1j09.ecdf.ed.ac.uk,1,435
57723453,0.00001,of_26648_1,wdewulf,r,08/19/2026,10:47:04,eddie@node1j04.ecdf.ed.ac.uk,1,436
57723453,0.00001,of_26648_1,wdewulf,r,08/19/2026,10:47:04,eddie@node1l08.ecdf.ed.ac.uk,1,437
57723453,0.00001,of_26648_1,wdewulf,r,08/19/2026,10:47:04,eddie@node1l19.ecdf.ed.ac.uk,1,438
57723453,0.00001,of_26648_1,wdewulf,r,08/19/2026,10:47:04,eddie@node1j06.ecdf.ed.ac.uk,1,439
57723453,0.00001,of_26648_1,wdewulf,r,08/19/2026,10:47:04,eddie@node1l04.ecdf.ed.ac.uk,1,440
57723453,0.00001,of_26648_1,wdewulf,r,08/19/2026,10:47:04,eddie@node1k08.ecdf.ed.ac.uk,1,441
57723453,0.00001,of_26648_1,wdewulf,r,08/19/2026,10:47:04,eddie@node1m07.ecdf.ed.ac.uk,1,442
57723453,0.00001,of_26648_1,wdewulf,r,08/19/2026,10:47:04,eddie@node1m04.ecdf.ed.ac.uk,1,443
57723453,0.00001,of_26648_1,wdewulf,r,08/19/2026,10:47:04,eddie@node1j11.ecdf.ed.ac.uk,1,444
57723453,0.00001,of_26648_1,wdewulf,r,08/19/2026,10:47:04,eddie@node1l09.ecdf.ed.ac.uk,1,445
57723453,0.00001,of_26648_1,wdewulf,r,08/19/2026,10:47:04,eddie@node1k09.ecdf.ed.ac.uk,1,446
57723453,0.00001,of_26648_1,wdewulf,r,08/19/2026,10:47:04,eddie@node1j23.ecdf.ed.ac.uk,1,447
57723453,0.00001,of_26648_1,wdewulf,r,08/19/2026,10:47:04,eddie@node1k07.ecdf.ed.ac.uk,1,448
57723453,0.00001,of_26648_1,wdewulf,r,08/19/2026,10:47:04,eddie@node1m01.ecdf.ed.ac.uk,1,449
57723453,0.00001,of_26648_1,wdewulf,r,08/19/2026,10:47:04,eddie@node1k02.ecdf.ed.ac.uk,1,450
57723453,0.00001,of_26648_1,wdewulf,r,08/19/2026,10:47:04,eddie@node1l10.ecdf.ed.ac.uk,1,451
57723453,0.00001,of_26648_1,wdewulf,r,08/19/2026,10:47:04,eddie@node1l20.ecdf.ed.ac.uk,1,452
57723453,0.00001,of_26648_1,wdewulf,r,08/19/2026,10:47:04,eddie@node1l01.ecdf.ed.ac.uk,1,453
57723453,0.00001,of_26648_1,wdewulf,r,08/19/2026,10:47:04,eddie@node1m05.ecdf.ed.ac.uk,1,454
57723453,0.00001,of_26648_1,wdewulf,r,08/19/2026,10:47:04,eddie@node1l03.ecdf.ed.ac.uk,1,455
57723453,0.00001,of_26648_1,wdewulf,r,08/19/2026,10:47:04,eddie@node1k03.ecdf.ed.ac.uk,1,456
57723453,0.00001,of_26648_1,wdewulf,r,08/19/2026,10:47:04,eddie@node1k01.ecdf.ed.ac.uk,1,457
57723453,0.00001,of_26648_1,wdewulf,r,08/19/2026,10:47:04,eddie@node1m11.ecdf.ed.ac.uk,1,458
57723453,0.00001,of_26648_1,wdewulf,r,08/19/2026,10:47:04,eddie@node1l07.ecdf.ed.ac.uk,1,459
57723453,0.00001,of_26648_1,wdewulf,r,08/19/2026,10:47:04,eddie@node1j17.ecdf.ed.ac.uk,1,460
57723453,0.00001,of_26648_1,wdewulf,r,08/19/2026,10:47:04,eddie@node1j19.ecdf.ed.ac.uk,1,461
57723453,0.00001,of_26648_1,wdewulf,r,08/19/2026,10:47:04,eddie@node1m12.ecdf.ed.ac.uk,1,462
57723453,0.00001,of_26648_1,wdewulf,r,08/19/2026,10:47:04,eddie@node1m02.ecdf.ed.ac.uk,1,463
57723453,0.00001,of_26648_1,wdewulf,r,08/19/2026,10:47:05,eddie@node1k04.ecdf.ed.ac.uk,1,464
57723453,0.00001,of_26648_1,wdewulf,r,08/19/2026,10:47:05,eddie@node1m03.ecdf.ed.ac.uk,1,465
57723453,0.00001,of_26648_1,wdewulf,r,08/19/2026,10:47:05,eddie@node1j03.ecdf.ed.ac.uk,1,466
57723453,0.00001,of_26648_1,wdewulf,r,08/19/2026,10:47:05,eddie@node1j10.ecdf.ed.ac.uk,1,467
57723453,0.00001,of_26648_1,wdewulf,r,08/19/2026,10:47:05,eddie@node1j21.ecdf.ed.ac.uk,1,468
57723453,0.00001,of_26648_1,wdewulf,r,08/19/2026,10:47:05,eddie@node1j08.ecdf.ed.ac.uk,1,469
57723453,0.00001,of_26648_1,wdewulf,r,08/19/2026,10:47:05,eddie@node1j05.ecdf.ed.ac.uk,1,470
57723453,0.00001,of_26648_1,wdewulf,r,08/19/2026,10:47:05,eddie@node1j02.ecdf.ed.ac.uk,1,471
57723453,0.00001,of_26648_1,wdewulf,r,08/19/2026,10:47:05,eddie@node1j22.ecdf.ed.ac.uk,1,472
57723453,0.00001,of_26648_1,wdewulf,r,08/19/2026,10:47:05,eddie@node1j18.ecdf.ed.ac.uk,1,473
57723453,0.00001,of_26648_1,wdewulf,r,08/19/2026,10:47:05,eddie@node1k06.ecdf.ed.ac.uk,1,474
57723453,0.00001,of_26648_1,wdewulf,r,08/19/2026,10:47:05,eddie@node1m10.ecdf.ed.ac.uk,1,475
57723453,0.00001,of_26648_1,wdewulf,r,08/19/2026,10:47:05,eddie@node1l05.ecdf.ed.ac.uk,1,476
57723453,0.00001,of_26648_1,wdewulf,r,08/19/2026,10:47:05,eddie@node1j01.ecdf.ed.ac.uk,1,477
57723453,0.00001,of_26648_1,wdewulf,r,08/19/2026,10:47:05,eddie@node1j06.ecdf.ed.ac.uk,1,478
57723453,0.00001,of_26648_1,wdewulf,r,08/19/2026,10:47:05,eddie@node1l19.ecdf.ed.ac.uk,1,479
57723453,0.00001,of_26648_1,wdewulf,r,08/19/2026,10:47:05,eddie@node1l08.ecdf.ed.ac.uk,1,480
57723453,0.00001,of_26648_1,wdewulf,r,08/19/2026,10:47:05,eddie@node1j04.ecdf.ed.ac.uk,1,481
57723453,0.00001,of_26648_1,wdewulf,r,08/19/2026,10:47:05,eddie@node1j09.ecdf.ed.ac.uk,1,482
57723453,0.00001,of_26648_1,wdewulf,r,08/19/2026,10:47:05,eddie@node1j07.ecdf.ed.ac.uk,1,483
57723453,0.00001,of_26648_1,wdewulf,r,08/19/2026,10:47:05,eddie@node1k08.ecdf.ed.ac.uk,1,484
57723453,0.00001,of_26648_1,wdewulf,r,08/19/2026,10:47:05,eddie@node1l04.ecdf.ed.ac.uk,1,485
57723453,0.00001,of_26648_1,wdewulf,r,08/19/2026,10:47:05,eddie@node1j11.ecdf.ed.ac.uk,1,486
57723453,0.00001,of_26648_1,wdewulf,r,08/19/2026,10:47:05,eddie@node1m04.ecdf.ed.ac.uk,1,487
57723453,0.00001,of_26648_1,wdewulf,r,08/19/2026,10:47:05,eddie@node1m07.ecdf.ed.ac.uk,1,488
57723453,0.00001,of_26648_1,wdewulf,r,08/19/2026,10:47:05,eddie@node1k07.ecdf.ed.ac.uk,1,489
57723453,0.00001,of_26648_1,wdewulf,r,08/19/2026,10:47:05,eddie@node1j23.ecdf.ed.ac.uk,1,490
57723453,0.00001,of_26648_1,wdewulf,r,08/19/2026,10:47:05,eddie@node1k09.ecdf.ed.ac.uk,1,491
57723453,0.00001,of_26648_1,wdewulf,r,08/19/2026,10:47:05,eddie@node1l09.ecdf.ed.ac.uk,1,492
57723453,0.00001,of_26648_1,wdewulf,r,08/19/2026,10:47:05,eddie@node1l20.ecdf.ed.ac.uk,1,493
57723453,0.00001,of_26648_1,wdewulf,r,08/19/2026,10:47:05,eddie@node1l10.ecdf.ed.ac.uk,1,494
57723453,0.00001,of_26648_1,wdewulf,r,08/19/2026,10:47:05,eddie@node1k02.ecdf.ed.ac.uk,1,495
57723453,0.00001,of_26648_1,wdewulf,r,08/19/2026,10:47:05,eddie@node1m01.ecdf.ed.ac.uk,1,496
57723453,0.00001,of_26648_1,wdewulf,r,08/19/2026,10:47:05,eddie@node1l01.ecdf.ed.ac.uk,1,497
57723453,0.00001,of_26648_1,wdewulf,r,08/19/2026,10:47:05,eddie@node1m05.ecdf.ed.ac.uk,1,498
57723453,0.00001,of_26648_1,wdewulf,r,08/19/2026,10:47:05,eddie@node1l03.ecdf.ed.ac.uk,1,499
57723453,0.00001,of_26648_1,wdewulf,r,08/19/2026,10:47:05,eddie@node1k03.ecdf.ed.ac.uk,1,500
57723453,0.00001,of_26648_1,wdewulf,r,08/19/2026,10:47:05,eddie@node1k01.ecdf.ed.ac.uk,1,501
57723453,0.00001,of_26648_1,wdewulf,r,08/19/2026,10:47:05,eddie@node1m11.ecdf.ed.ac.uk,1,502
57723453,0.00001,of_26648_1,wdewulf,r,08/19/2026,10:47:05,eddie@node1j17.ecdf.ed.ac.uk,1,503
57723453,0.00001,of_26648_1,wdewulf,r,08/19/2026,10:47:05,eddie@node1l07.ecdf.ed.ac.uk,1,504
57723453,0.00001,of_26648_1,wdewulf,r,08/19/2026,10:47:05,eddie@node1j19.ecdf.ed.ac.uk,1,505
57723453,0.00001,of_26648_1,wdewulf,r,08/19/2026,10:47:05,eddie@node1m12.ecdf.ed.ac.uk,1,506
57723453,0.00001,of_26648_1,wdewulf,r,08/19/2026,10:47:05,eddie@node1m02.ecdf.ed.ac.uk,1,507
57723453,0.00001,of_26648_1,wdewulf,r,08/19/2026,10:47:05,eddie@node1k04.ecdf.ed.ac.uk,1,508
57723453,0.00001,of_26648_1,wdewulf,r,08/19/2026,10:47:05,eddie@node1m03.ecdf.ed.ac.uk,1,509
57723453,0.00001,of_26648_1,wdewulf,r,08/19/2026,10:47:05,eddie@node1j03.ecdf.ed.ac.uk,1,510
57723453,0.00001,of_26648_1,wdewulf,r,08/19/2026,10:47:05,eddie@node1j10.ecdf.ed.ac.uk,1,511
57723453,0.00001,of_26648_1,wdewulf,r,08/19/2026,10:47:05,eddie@node1j21.ecdf.ed.ac.uk,1,512
57723453,0.00001,of_26648_1,wdewulf,r,08/19/2026,10:47:05,eddie@node1j02.ecdf.ed.ac.uk,1,513
57723453,0.00001,of_26648_1,wdewulf,r,08/19/2026,10:47:05,eddie@node1j05.ecdf.ed.ac.uk,1,514
57723453,0.00001,of_26648_1,wdewulf,r,08/19/2026,10:47:05,eddie@node1j08.ecdf.ed.ac.uk,1,515
57723453,0.00001,of_26648_1,wdewulf,r,08/19/2026,10:47:05,eddie@node1j01.ecdf.ed.ac.uk,1,516
57723453,0.00001,of_26648_1,wdewulf,r,08/19/2026,10:47:05,eddie@node1l05.ecdf.ed.ac.uk,1,517
57723453,0.00001,of_26648_1,wdewulf,r,08/19/2026,10:47:05,eddie@node1m10.ecdf.ed.ac.uk,1,518
57723453,0.00001,of_26648_1,wdewulf,r,08/19/2026,10:47:05,eddie@node1k06.ecdf.ed.ac.uk,1,519
57723453,0.00001,of_26648_1,wdewulf,r,08/19/2026,10:47:05,eddie@node1j18.ecdf.ed.ac.uk,1,520
57723453,0.00001,of_26648_1,wdewulf,r,08/19/2026,10:47:05,eddie@node1j22.ecdf.ed.ac.uk,1,521
57723453,0.00001,of_26648_1,wdewulf,r,08/19/2026,10:47:05,eddie@node1j07.ecdf.ed.ac.uk,1,522
57723453,0.00001,of_26648_1,wdewulf,r,08/19/2026,10:47:05,eddie@node1j09.ecdf.ed.ac.uk,1,523
57723453,0.00001,of_26648_1,wdewulf,r,08/19/2026,10:47:06,eddie@node1j04.ecdf.ed.ac.uk,1,524
57723453,0.00001,of_26648_1,wdewulf,r,08/19/2026,10:47:06,eddie@node1l08.ecdf.ed.ac.uk,1,525
57723453,0.00001,of_26648_1,wdewulf,r,08/19/2026,10:47:06,eddie@node1l19.ecdf.ed.ac.uk,1,526
57723453,0.00001,of_26648_1,wdewulf,r,08/19/2026,10:47:06,eddie@node1j06.ecdf.ed.ac.uk,1,527
57723453,0.00001,of_26648_1,wdewulf,r,08/19/2026,10:47:06,eddie@node1l04.ecdf.ed.ac.uk,1,528
57723453,0.00001,of_26648_1,wdewulf,r,08/19/2026,10:47:06,eddie@node1k08.ecdf.ed.ac.uk,1,529
57723453,0.00001,of_26648_1,wdewulf,r,08/19/2026,10:47:06,eddie@node1m07.ecdf.ed.ac.uk,1,530
57723453,0.00001,of_26648_1,wdewulf,r,08/19/2026,10:47:06,eddie@node1m04.ecdf.ed.ac.uk,1,531
57723453,0.00001,of_26648_1,wdewulf,r,08/19/2026,10:47:06,eddie@node1j11.ecdf.ed.ac.uk,1,532
57723453,0.00001,of_26648_1,wdewulf,r,08/19/2026,10:47:06,eddie@node1l09.ecdf.ed.ac.uk,1,533
57723453,0.00001,of_26648_1,wdewulf,r,08/19/2026,10:47:06,eddie@node1k09.ecdf.ed.ac.uk,1,534
57723453,0.00001,of_26648_1,wdewulf,r,08/19/2026,10:47:06,eddie@node1j23.ecdf.ed.ac.uk,1,535
57723453,0.00001,of_26648_1,wdewulf,r,08/19/2026,10:47:06,eddie@node1k07.ecdf.ed.ac.uk,1,536
57723453,0.00001,of_26648_1,wdewulf,r,08/19/2026,10:47:06,eddie@node1m01.ecdf.ed.ac.uk,1,537
57723453,0.00001,of_26648_1,wdewulf,r,08/19/2026,10:47:06,eddie@node1k02.ecdf.ed.ac.uk,1,538
57723453,0.00001,of_26648_1,wdewulf,r,08/19/2026,10:47:06,eddie@node1l10.ecdf.ed.ac.uk,1,539
57723453,0.00001,of_26648_1,wdewulf,r,08/19/2026,10:47:06,eddie@node1l20.ecdf.ed.ac.uk,1,540
57723453,0.00001,of_26648_1,wdewulf,r,08/19/2026,10:47:06,eddie@node1l01.ecdf.ed.ac.uk,1,541
57723453,0.00001,of_26648_1,wdewulf,r,08/19/2026,10:47:06,eddie@node1m05.ecdf.ed.ac.uk,1,542
57723453,0.00001,of_26648_1,wdewulf,r,08/19/2026,10:47:06,eddie@node1l03.ecdf.ed.ac.uk,1,543
57723453,0.00001,of_26648_1,wdewulf,r,08/19/2026,10:47:06,eddie@node1k03.ecdf.ed.ac.uk,1,544
57723453,0.00001,of_26648_1,wdewulf,r,08/19/2026,10:47:06,eddie@node1k01.ecdf.ed.ac.uk,1,545
57723453,0.00001,of_26648_1,wdewulf,r,08/19/2026,10:47:06,eddie@node1m11.ecdf.ed.ac.uk,1,546
57723453,0.00001,of_26648_1,wdewulf,r,08/19/2026,10:47:06,eddie@node1l07.ecdf.ed.ac.uk,1,547
57723453,0.00001,of_26648_1,wdewulf,r,08/19/2026,10:47:06,eddie@node1j17.ecdf.ed.ac.uk,1,548
57723453,0.00001,of_26648_1,wdewulf,r,08/19/2026,10:47:06,eddie@node1j19.ecdf.ed.ac.uk,1,549
57723453,0.00001,of_26648_1,wdewulf,r,08/19/2026,10:47:06,eddie@node1m12.ecdf.ed.ac.uk,1,550
57723453,0.00001,of_26648_1,wdewulf,r,08/19/2026,10:47:06,eddie@node1m02.ecdf.ed.ac.uk,1,551
57723453,0.00001,of_26648_1,wdewulf,r,08/19/2026,10:47:06,eddie@node1k04.ecdf.ed.ac.uk,1,552
57723453,0.00001,of_26648_1,wdewulf,r,08/19/2026,10:47:06,eddie@node1m03.ecdf.ed.ac.uk,1,553
57723453,0.00001,of_26648_1,wdewulf,r,08/19/2026,10:47:06,eddie@node1j03.ecdf.ed.ac.uk,1,554
57723453,0.00001,of_26648_1,wdewulf,r,08/19/2026,10:47:06,eddie@node1j10.ecdf.ed.ac.uk,1,555
57723453,0.00001,of_26648_1,wdewulf,r,08/19/2026,10:47:06,eddie@node1j21.ecdf.ed.ac.uk,1,556
57723453,0.00001,of_26648_1,wdewulf,r,08/19/2026,10:47:06,eddie@node1j08.ecdf.ed.ac.uk,1,557
57723453,0.00001,of_26648_1,wdewulf,r,08/19/2026,10:47:06,eddie@node1j05.ecdf.ed.ac.uk,1,558
57723453,0.00001,of_26648_1,wdewulf,r,08/19/2026,10:47:06,eddie@node1j02.ecdf.ed.ac.uk,1,559
57723453,0.00001,of_26648_1,wdewulf,r,08/19/2026,10:47:06,eddie@node1j22.ecdf.ed.ac.uk,1,560
57723453,0.00001,of_26648_1,wdewulf,r,08/19/2026,10:47:06,eddie@node1j18.ecdf.ed.ac.uk,1,561
57723453,0.00001,of_26648_1,wdewulf,r,08/19/2026,10:47:06,eddie@node1k06.ecdf.ed.ac.uk,1,562
57723453,0.00001,of_26648_1,wdewulf,r,08/19/2026,10:47:06,eddie@node1m10.ecdf.ed.ac.uk,1,563
57723453,0.00001,of_26648_1,wdewulf,r,08/19/2026,10:47:06,eddie@node1l05.ecdf.ed.ac.uk,1,564
57723453,0.00001,of_26648_1,wdewulf,r,08/19/2026,10:47:06,eddie@node1j01.ecdf.ed.ac.uk,1,565
57723453,0.00001,of_26648_1,wdewulf,r,08/19/2026,10:47:06,eddie@node1j06.ecdf.ed.ac.uk,1,566
57723453,0.00001,of_26648_1,wdewulf,r,08/19/2026,10:47:06,eddie@node1l19.ecdf.ed.ac.uk,1,567
57723453,0.00001,of_26648_1,wdewulf,r,08/19/2026,10:47:06,eddie@node1l08.ecdf.ed.ac.uk,1,568
57723453,0.00001,of_26648_1,wdewulf,r,08/19/2026,10:47:06,eddie@node1j04.ecdf.ed.ac.uk,1,569
57723453,0.00001,of_26648_1,wdewulf,r,08/19/2026,10:47:06,eddie@node1j09.ecdf.ed.ac.uk,1,570
57723453,0.00001,of_26648_1,wdewulf,r,08/19/2026,10:47:06,eddie@node1j07.ecdf.ed.ac.uk,1,571
57723453,0.00001,of_26648_1,wdewulf,r,08/19/2026,10:47:06,eddie@node1k08.ecdf.ed.ac.uk,1,572
57723453,0.00001,of_26648_1,wdewulf,r,08/19/2026,10:47:06,eddie@node1l04.ecdf.ed.ac.uk,1,573
57723453,0.00001,of_26648_1,wdewulf,r,08/19/2026,10:47:06,eddie@node1j11.ecdf.ed.ac.uk,1,574
57723453,0.00001,of_26648_1,wdewulf,r,08/19/2026,10:47:06,eddie@node1m04.ecdf.ed.ac.uk,1,575
57723453,0.00001,of_26648_1,wdewulf,r,08/19/2026,10:47:06,eddie@node1m07.ecdf.ed.ac.uk,1,576
57723453,0.00001,of_26648_1,wdewulf,r,08/19/2026,10:47:06,eddie@node1k07.ecdf.ed.ac.uk,1,577
57723453,0.00001,of_26648_1,wdewulf,r,08/19/2026,10:47:06,eddie@node1j23.ecdf.ed.ac.uk,1,578
57723453,0.00001,of_26648_1,wdewulf,r,08/19/2026,10:47:06,eddie@node1k09.ecdf.ed.ac.uk,1,579
57723453,0.00001,of_26648_1,wdewulf,r,08/19/2026,10:47:06,eddie@node1l09.ecdf.ed.ac.uk,1,580
57723453,0.00001,of_26648_1,wdewulf,r,08/19/2026,10:47:06,eddie@node1l20.ecdf.ed.ac.uk,1,581
57723453,0.00001,of_26648_1,wdewulf,r,08/19/2026,10:47:06,eddie@node1l10.ecdf.ed.ac.uk,1,582
57723453,0.00001,of_26648_1,wdewulf,r,08/19/2026,10:47:06,eddie@node1k02.ecdf.ed.ac.uk,1,583
57723453,0.00001,of_26648_1,wdewulf,r,08/19/2026,10:47:06,eddie@node1m01.ecdf.ed.ac.uk,1,584
57723453,0.00001,of_26648_1,wdewulf,r,08/19/2026,10:47:06,eddie@node1l01.ecdf.ed.ac.uk,1,585
57723453,0.00001,of_26648_1,wdewulf,r,08/19/2026,10:47:06,eddie@node1m05.ecdf.ed.ac.uk,1,586
57723453,0.00001,of_26648_1,wdewulf,r,08/19/2026,10:47:06,eddie@node1l03.ecdf.ed.ac.uk,1,587
57723453,0.00001,of_26648_1,wdewulf,r,08/19/2026,10:47:07,eddie@node1k03.ecdf.ed.ac.uk,1,588
57723453,0.00001,of_26648_1,wdewulf,r,08/19/2026,10:47:07,eddie@node1k01.ecdf.ed.ac.uk,1,589
57723453,0.00001,of_26648_1,wdewulf,r,08/19/2026,10:47:07,eddie@node1m11.ecdf.ed.ac.uk,1,590
57723453,0.00001,of_26648_1,wdewulf,r,08/19/2026,10:47:07,eddie@node1j17.ecdf.ed.ac.uk,1,591
57723453,0.00001,of_26648_1,wdewulf,r,08/19/2026,10:47:07,eddie@node1l07.ecdf.ed.ac.uk,1,592
57723453,0.00001,of_26648_1,wdewulf,r,08/19/2026,10:47:07,eddie@node1j19.ecdf.ed.ac.uk,1,593
57723453,0.00001,of_26648_1,wdewulf,r,08/19/2026,10:47:07,eddie@node1m12.ecdf.ed.ac.uk,1,594
57723453,0.00001,of_26648_1,wdewulf,r,08/19/2026,10:47:07,eddie@node1m02.ecdf.ed.ac.uk,1,595
57723453,0.00001,of_26648_1,wdewulf,r,08/19/2026,10:47:07,eddie@node1k04.ecdf.ed.ac.uk,1,596
57723453,0.00001,of_26648_1,wdewulf,r,08/19/2026,10:47:07,eddie@node1m03.ecdf.ed.ac.uk,1,597
57723453,0.00001,of_26648_1,wdewulf,r,08/19/2026,10:47:07,eddie@node1j03.ecdf.ed.ac.uk,1,598
57723453,0.00001,of_26648_1,wdewulf,r,08/19/2026,10:47:07,eddie@node1j10.ecdf.ed.ac.uk,1,599
57723453,0.00001,of_26648_1,wdewulf,r,08/19/2026,10:47:07,eddie@node1j21.ecdf.ed.ac.uk,1,600
57723453,0.00001,of_26648_1,wdewulf,r,08/19/2026,10:47:07,eddie@node1j02.ecdf.ed.ac.uk,1,601
57723453,0.00001,of_26648_1,wdewulf,r,08/19/2026,10:47:07,eddie@node1j05.ecdf.ed.ac.uk,1,602
57723453,0.00001,of_26648_1,wdewulf,r,08/19/2026,10:47:07,eddie@node1j08.ecdf.ed.ac.uk,1,603
57723453,0.00001,of_26648_1,wdewulf,r,08/19/2026,10:47:07,eddie@node1j01.ecdf.ed.ac.uk,1,604
57723453,0.00001,of_26648_1,wdewulf,r,08/19/2026,10:47:07,eddie@node1l05.ecdf.ed.ac.uk,1,605
57723453,0.00001,of_26648_1,wdewulf,r,08/19/2026,10:47:07,eddie@node1m10.ecdf.ed.ac.uk,1,606
57723453,0.00001,of_26648_1,wdewulf,r,08/19/2026,10:47:07,eddie@node1k06.ecdf.ed.ac.uk,1,607
57723453,0.00001,of_26648_1,wdewulf,r,08/19/2026,10:47:07,eddie@node1j18.ecdf.ed.ac.uk,1,608
57723453,0.00001,of_26648_1,wdewulf,r,08/19/2026,10:47:07,eddie@node1j22.ecdf.ed.ac.uk,1,609
57723453,0.00001,of_26648_1,wdewulf,r,08/19/2026,10:47:07,eddie@node1j07.ecdf.ed.ac.uk,1,610
57723453,0.00001,of_26648_1,wdewulf,r,08/19/2026,10:47:07,eddie@node1j09.ecdf.ed.ac.uk,1,611
57723453,0.00001,of_26648_1,wdewulf,r,08/19/2026,10:47:07,eddie@node1j04.ecdf.ed.ac.uk,1,612
57723453,0.00001,of_26648_1,wdewulf,r,08/19/2026,10:47:07,eddie@node1l08.ecdf.ed.ac.uk,1,613
57723453,0.00001,of_26648_1,wdewulf,r,08/19/2026,10:47:07,eddie@node1l19.ecdf.ed.ac.uk,1,614
57723453,0.00001,of_26648_1,wdewulf,r,08/19/2026,10:47:07,eddie@node1j06.ecdf.ed.ac.uk,1,615
57723453,0.00001,of_26648_1,wdewulf,r,08/19/2026,10:47:07,eddie@node1l04.ecdf.ed.ac.uk,1,616
57723453,0.00001,of_26648_1,wdewulf,r,08/19/2026,10:47:07,eddie@node1k08.ecdf.ed.ac.uk,1,617
57723453,0.00001,of_26648_1,wdewulf,r,08/19/2026,10:47:07,eddie@node1m07.ecdf.ed.ac.uk,1,618
57723453,0.00001,of_26648_1,wdewulf,r,08/19/2026,10:47:07,eddie@node1m04.ecdf.ed.ac.uk,1,619
57723453,0.00001,of_26648_1,wdewulf,r,08/19/2026,10:47:07,eddie@node1j11.ecdf.ed.ac.uk,1,620
57723453,0.00001,of_26648_1,wdewulf,r,08/19/2026,10:47:07,eddie@node1l09.ecdf.ed.ac.uk,1,621
57723453,0.00001,of_26648_1,wdewulf,r,08/19/2026,10:47:07,eddie@node1k09.ecdf.ed.ac.uk,1,622
57723453,0.00001,of_26648_1,wdewulf,r,08/19/2026,10:47:07,eddie@node1j23.ecdf.ed.ac.uk,1,623
57723453,0.00001,of_26648_1,wdewulf,r,08/19/2026,10:47:07,eddie@node1k07.ecdf.ed.ac.uk,1,624
57723453,0.00001,of_26648_1,wdewulf,r,08/19/2026,10:47:07,eddie@node1m01.ecdf.ed.ac.uk,1,625
57723453,0.00001,of_26648_1,wdewulf,r,08/19/2026,10:47:07,eddie@node1k02.ecdf.ed.ac.uk,1,626
57723453,0.00001,of_26648_1,wdewulf,r,08/19/2026,10:47:07,eddie@node1l10.ecdf.ed.ac.uk,1,627
57723453,0.00001,of_26648_1,wdewulf,r,08/19/2026,10:47:07,eddie@node1l20.ecdf.ed.ac.uk,1,628
57723453,0.00001,of_26648_1,wdewulf,r,08/19/2026,10:47:07,eddie@node1l01.ecdf.ed.ac.uk,1,629
57723453,0.00001,of_26648_1,wdewulf,r,08/19/2026,10:47:07,eddie@node1m05.ecdf.ed.ac.uk,1,630
57723453,0.00001,of_26648_1,wdewulf,r,08/19/2026,10:47:07,eddie@node1l03.ecdf.ed.ac.uk,1,631
57723453,0.00001,of_26648_1,wdewulf,r,08/19/2026,10:47:07,eddie@node1k03.ecdf.ed.ac.uk,1,632
57723453,0.00001,of_26648_1,wdewulf,r,08/19/2026,10:47:07,eddie@node1k01.ecdf.ed.ac.uk,1,633
57723453,0.00001,of_26648_1,wdewulf,r,08/19/2026,10:47:07,eddie@node1m11.ecdf.ed.ac.uk,1,634
57723453,0.00001,of_26648_1,wdewulf,r,08/19/2026,10:47:07,eddie@node1l07.ecdf.ed.ac.uk,1,635
57723453,0.00001,of_26648_1,wdewulf,r,08/19/2026,10:47:07,eddie@node1j17.ecdf.ed.ac.uk,1,636
57723453,0.00001,of_26648_1,wdewulf,r,08/19/2026,10:47:07,eddie@node1j19.ecdf.ed.ac.uk,1,637
57723453,0.00001,of_26648_1,wdewulf,r,08/19/2026,10:47:07,eddie@node1m12.ecdf.ed.ac.uk,1,638
57723453,0.00001,of_26648_1,wdewulf,r,08/19/2026,10:47:07,eddie@node1m02.ecdf.ed.ac.uk,1,639
57723453,0.00001,of_26648_1,wdewulf,r,08/19/2026,10:47:07,eddie@node1k04.ecdf.ed.ac.uk,1,640
57723453,0.00001,of_26648_1,wdewulf,r,08/19/2026,10:47:07,eddie@node1m03.ecdf.ed.ac.uk,1,641
57723453,0.00001,of_26648_1,wdewulf,r,08/19/2026,10:47:07,eddie@node1j03.ecdf.ed.ac.uk,1,642
57723453,0.00001,of_26648_1,wdewulf,r,08/19/2026,10:47:08,eddie@node1j10.ecdf.ed.ac.uk,1,643
57723453,0.00001,of_26648_1,wdewulf,r,08/19/2026,10:47:08,eddie@node1j21.ecdf.ed.ac.uk,1,644
57723453,0.00001,of_26648_1,wdewulf,r,08/19/2026,10:47:08,eddie@node1j08.ecdf.ed.ac.uk,1,645
57723453,0.00001,of_26648_1,wdewulf,r,08/19/2026,10:47:08,eddie@node1j05.ecdf.ed.ac.uk,1,646
57723453,0.00001,of_26648_1,wdewulf,r,08/19/2026,10:47:08,eddie@node1j02.ecdf.ed.ac.uk,1,647
57723453,0.00001,of_26648_1,wdewulf,r,08/19/2026,10:47:08,eddie@node1j22.ecdf.ed.ac.uk,1,648
57723453,0.00001,of_26648_1,wdewulf,r,08/19/2026,10:47:08,eddie@node1j18.ecdf.ed.ac.uk,1,649
57723453,0.00001,of_26648_1,wdewulf,r,08/19/2026,10:47:08,eddie@node1k06.ecdf.ed.ac.uk,1,650
57723453,0.00001,of_26648_1,wdewulf,r,08/19/2026,10:47:08,eddie@node1m10.ecdf.ed.ac.uk,1,651
57723453,0.00001,of_26648_1,wdewulf,r,08/19/2026,10:47:08,eddie@node1l05.ecdf.ed.ac.uk,1,652
57723453,0.00001,of_26648_1,wdewulf,r,08/19/2026,10:47:08,eddie@node1j01.ecdf.ed.ac.uk,1,653
57723453,0.00001,of_26648_1,wdewulf,r,08/19/2026,10:47:08,eddie@node1j06.ecdf.ed.ac.uk,1,654
57723453,0.00001,of_26648_1,wdewulf,r,08/19/2026,10:47:08,eddie@node1l19.ecdf.ed.ac.uk,1,655
57723453,0.00001,of_26648_1,wdewulf,r,08/19/2026,10:47:08,eddie@node1l08.ecdf.ed.ac.uk,1,656
57723453,0.00001,of_26648_1,wdewulf,r,08/19/2026,10:47:08,eddie@node1j04.ecdf.ed.ac.uk,1,657
57723453,0.00001,of_26648_1,wdewulf,r,08/19/2026,10:47:08,eddie@node1j09.ecdf.ed.ac.uk,1,658
57723453,0.00001,of_26648_1,wdewulf,r,08/19/2026,10:47:08,eddie@node1j07.ecdf.ed.ac.uk,1,659
57723453,0.00001,of_26648_1,wdewulf,r,08/19/2026,10:47:08,eddie@node1k08.ecdf.ed.ac.uk,1,660
57723453,0.00001,of_26648_1,wdewulf,r,08/19/2026,10:47:08,eddie@node1l04.ecdf.ed.ac.uk,1,661
57723453,0.00001,of_26648_1,wdewulf,r,08/19/2026,10:47:08,eddie@node1j11.ecdf.ed.ac.uk,1,662
57723453,0.00001,of_26648_1,wdewulf,r,08/19/2026,10:47:08,eddie@node1m04.ecdf.ed.ac.uk,1,663
57723453,0.00001,of_26648_1,wdewulf,r,08/19/2026,10:47:08,eddie@node1m07.ecdf.ed.ac.uk,1,664
57723453,0.00001,of_26648_1,wdewulf,r,08/19/2026,10:47:08,eddie@node1k07.ecdf.ed.ac.uk,1,665
57723453,0.00001,of_26648_1,wdewulf,r,08/19/2026,10:47:08,eddie@node1j23.ecdf.ed.ac.uk,1,666
57723453,0.00001,of_26648_1,wdewulf,r,08/19/2026,10:47:08,eddie@node1k09.ecdf.ed.ac.uk,1,667
57723453,0.00001,of_26648_1,wdewulf,r,08/19/2026,10:47:08,eddie@node1l09.ecdf.ed.ac.uk,1,668
57723453,0.00001,of_26648_1,wdewulf,r,08/19/2026,10:47:08,eddie@node1l20.ecdf.ed.ac.uk,1,669
57723453,0.00001,of_26648_1,wdewulf,r,08/19/2026,10:47:08,eddie@node1l10.ecdf.ed.ac.uk,1,670
57723453,0.00001,of_26648_1,wdewulf,r,08/19/2026,10:47:08,eddie@node1k02.ecdf.ed.ac.uk,1,671
57723453,0.00001,of_26648_1,wdewulf,r,08/19/2026,10:47:08,eddie@node1m01.ecdf.ed.ac.uk,1,672
57723453,0.00001,of_26648_1,wdewulf,r,08/19/2026,10:47:08,eddie@node1l01.ecdf.ed.ac.uk,1,673
57723453,0.00001,of_26648_1,wdewulf,r,08/19/2026,10:47:08,eddie@node1m05.ecdf.ed.ac.uk,1,674
57723453,0.00001,of_26648_1,wdewulf,r,08/19/2026,10:47:08,eddie@node1l03.ecdf.ed.ac.uk,1,675
57723453,0.00001,of_26648_1,wdewulf,r,08/19/2026,10:47:08,eddie@node1k03.ecdf.ed.ac.uk,1,676
57723453,0.00001,of_26648_1,wdewulf,r,08/19/2026,10:47:08,eddie@node1k01.ecdf.ed.ac.uk,1,677
57723453,0.00001,of_26648_1,wdewulf,r,08/19/2026,10:47:08,eddie@node1m11.ecdf.ed.ac.uk,1,678
57723453,0.00001,of_26648_1,wdewulf,r,08/19/2026,10:47:08,eddie@node1j17.ecdf.ed.ac.uk,1,679
57723453,0.00001,of_26648_1,wdewulf,r,08/19/2026,10:47:08,eddie@node1l07.ecdf.ed.ac.uk,1,680
57723453,0.00001,of_26648_1,wdewulf,r,08/19/2026,10:47:08,eddie@node1j19.ecdf.ed.ac.uk,1,681
57723453,0.00001,of_26648_1,wdewulf,r,08/19/2026,10:47:08,eddie@node1m12.ecdf.ed.ac.uk,1,682
57723453,0.00001,of_26648_1,wdewulf,r,08/19/2026,10:47:08,eddie@node1m02.ecdf.ed.ac.uk,1,683
57723453,0.00001,of_26648_1,wdewulf,r,08/19/2026,10:47:08,eddie@node1k04.ecdf.ed.ac.uk,1,684
57723453,0.00001,of_26648_1,wdewulf,r,08/19/2026,10:47:08,eddie@node1m03.ecdf.ed.ac.uk,1,685
57723453,0.00001,of_26648_1,wdewulf,r,08/19/2026,10:47:08,eddie@node1j03.ecdf.ed.ac.uk,1,686
57723453,0.00001,of_26648_1,wdewulf,r,08/19/2026,10:47:08,eddie@node1j10.ecdf.ed.ac.uk,1,687
57723453,0.00001,of_26648_1,wdewulf,r,08/19/2026,10:47:08,eddie@node1j21.ecdf.ed.ac.uk,1,688
57723453,0.00001,of_26648_1,wdewulf,r,08/19/2026,10:47:08,eddie@node1j02.ecdf.ed.ac.uk,1,689
57723453,0.00001,of_26648_1,wdewulf,r,08/19/2026,10:47:08,eddie@node1j05.ecdf.ed.ac.uk,1,690
57723453,0.00001,of_26648_1,wdewulf,r,08/19/2026,10:47:08,eddie@node1j08.ecdf.ed.ac.uk,1,691
57723453,0.00001,of_26648_1,wdewulf,r,08/19/2026,10:47:08,eddie@node1j01.ecdf.ed.ac.uk,1,692
57723453,0.00001,of_26648_1,wdewulf,r,08/19/2026,10:47:08,eddie@node1l05.ecdf.ed.ac.uk,1,693
57723453,0.00001,of_26648_1,wdewulf,r,08/19/2026,10:47:08,eddie@node1m10.ecdf.ed.ac.uk,1,694
57723453,0.00001,of_26648_1,wdewulf,r,08/19/2026,10:47:08,eddie@node1k06.ecdf.ed.ac.uk,1,695
57723453,0.00001,of_26648_1,wdewulf,r,08/19/2026,10:47:08,eddie@node1j18.ecdf.ed.ac.uk,1,696
57723453,0.00001,of_26648_1,wdewulf,r,08/19/2026,10:47:08,eddie@node1j22.ecdf.ed.ac.uk,1,697
57723453,0.00001,of_26648_1,wdewulf,r,08/19/2026,10:47:08,eddie@node1j07.ecdf.ed.ac.uk,1,698
57723453,0.00001,of_26648_1,wdewulf,r,08/19/2026,10:47:08,eddie@node1j09.ecdf.ed.ac.uk,1,699
57723453,0.00001,of_26648_1,wdewulf,r,08/19/2026,10:47:08,eddie@node1j04.ecdf.ed.ac.uk,1,700
57723453,0.00001,of_26648_1,wdewulf,r,08/19/2026,10:47:08,eddie@node1l08.ecdf.ed.ac.uk,1,701
57723453,0.00001,of_26648_1,wdewulf,r,08/19/2026,10:47:08,eddie@node1l19.ecdf.ed.ac.uk,1,702
57723453,0.00001,of_26648_1,wdewulf,r,08/19/2026,10:47:08,eddie@node1j06.ecdf.ed.ac.uk,1,703
57723453,0.00001,of_26648_1,wdewulf,r,08/19/2026,10:47:08,eddie@node1l04.ecdf.ed.ac.uk,1,704
57723453,0.00001,of_26648_1,wdewulf,r,08/19/2026,10:47:08,eddie@node1k08.ecdf.ed.ac.uk,1,705
57723453,0.00001,of_26648_1,wdewulf,r,08/19/2026,10:47:08,eddie@node1m07.ecdf.ed.ac.uk,1,706
57723453,0.00001,of_26648_1,wdewulf,r,08/19/2026,10:47:09,eddie@node1m04.ecdf.ed.ac.uk,1,707
57723453,0.00001,of_26648_1,wdewulf,r,08/19/2026,10:47:09,eddie@node1j11.ecdf.ed.ac.uk,1,708
57723453,0.00001,of_26648_1,wdewulf,r,08/19/2026,10:47:09,eddie@node1l09.ecdf.ed.ac.uk,1,709
57723453,0.00001,of_26648_1,wdewulf,r,08/19/2026,10:47:09,eddie@node1k09.ecdf.ed.ac.uk,1,710
57723453,0.00001,of_26648_1,wdewulf,r,08/19/2026,10:47:09,eddie@node1j23.ecdf.ed.ac.uk,1,711
57723453,0.00001,of_26648_1,wdewulf,r,08/19/2026,10:47:09,eddie@node1k07.ecdf.ed.ac.uk,1,712
57723453,0.00001,of_26648_1,wdewulf,r,08/19/2026,10:47:09,eddie@node1m01.ecdf.ed.ac.uk,1,713
57723453,0.00001,of_26648_1,wdewulf,r,08/19/2026,10:47:09,eddie@node1k02.ecdf.ed.ac.uk,1,714
57723453,0.00001,of_26648_1,wdewulf,r,08/19/2026,10:47:09,eddie@node1l10.ecdf.ed.ac.uk,1,715
57723453,0.00001,of_26648_1,wdewulf,r,08/19/2026,10:47:09,eddie@node1l20.ecdf.ed.ac.uk,1,716
57723453,0.00001,of_26648_1,wdewulf,r,08/19/2026,10:47:09,eddie@node1l01.ecdf.ed.ac.uk,1,717
57723453,0.00001,of_26648_1,wdewulf,r,08/19/2026,10:47:09,eddie@node1m05.ecdf.ed.ac.uk,1,718
57723453,0.00001,of_26648_1,wdewulf,r,08/19/2026,10:47:09,eddie@node1l03.ecdf.ed.ac.uk,1,719
57723453,0.00001,of_26648_1,wdewulf,r,08/19/2026,10:47:09,eddie@node1k03.ecdf.ed.ac.uk,1,720
57723453,0.00001,of_26648_1,wdewulf,r,08/19/2026,10:47:09,eddie@node1k01.ecdf.ed.ac.uk,1,721
57723453,0.00001,of_26648_1,wdewulf,r,08/19/2026,10:47:09,eddie@node1m11.ecdf.ed.ac.uk,1,722
57723453,0.00001,of_26648_1,wdewulf,r,08/19/2026,10:47:09,eddie@node1l07.ecdf.ed.ac.uk,1,723
57723453,0.00001,of_26648_1,wdewulf,r,08/19/2026,10:47:09,eddie@node1j17.ecdf.ed.ac.uk,1,724
57723453,0.00001,of_26648_1,wdewulf,r,08/19/2026,10:47:09,eddie@node1j19.ecdf.ed.ac.uk,1,725
57723453,0.00001,of_26648_1,wdewulf,r,08/19/2026,10:47:09,eddie@node1m12.ecdf.ed.ac.uk,1,726
57723453,0.00001,of_26648_1,wdewulf,r,08/19/2026,10:47:09,eddie@node1m02.ecdf.ed.ac.uk,1,727
57723453,0.00001,of_26648_1,wdewulf,r,08/19/2026,10:47:09,eddie@node1k04.ecdf.ed.ac.uk,1,728
57723453,0.00001,of_26648_1,wdewulf,r,08/19/2026,10:47:09,eddie@node1m03.ecdf.ed.ac.uk,1,729
57723453,0.00001,of_26648_1,wdewulf,r,08/19/2026,10:47:09,eddie@node1j03.ecdf.ed.ac.uk,1,730
57723453,0.00001,of_26648_1,wdewulf,r,08/19/2026,10:47:09,eddie@node1j10.ecdf.ed.ac.uk,1,731
57723453,0.00001,of_26648_1,wdewulf,r,08/19/2026,10:47:09,eddie@node1j21.ecdf.ed.ac.uk,1,732
57723453,0.00001,of_26648_1,wdewulf,r,08/19/2026,10:47:09,eddie@node1k05.ecdf.ed.ac.uk,1,733
57723453,0.00001,of_26648_1,wdewulf,r,08/19/2026,10:47:09,eddie@node1j08.ecdf.ed.ac.uk,1,734
57723453,0.00001,of_26648_1,wdewulf,r,08/19/2026,10:47:09,eddie@node1j05.ecdf.ed.ac.uk,1,735
57723453,0.00001,of_26648_1,wdewulf,r,08/19/2026,10:47:09,eddie@node1j02.ecdf.ed.ac.uk,1,736
57723453,0.00001,of_26648_1,wdewulf,r,08/19/2026,10:47:09,eddie@node1j22.ecdf.ed.ac.uk,1,737
57723453,0.00001,of_26648_1,wdewulf,r,08/19/2026,10:47:09,eddie@node1j18.ecdf.ed.ac.uk,1,738
57723453,0.00001,of_26648_1,wdewulf,r,08/19/2026,10:47:09,eddie@node1k06.ecdf.ed.ac.uk,1,739
57723453,0.00001,of_26648_1,wdewulf,r,08/19/2026,10:47:09,eddie@node1m10.ecdf.ed.ac.uk,1,740
57723453,0.00001,of_26648_1,wdewulf,r,08/19/2026,10:47:09,eddie@node1l05.ecdf.ed.ac.uk,1,741
57723453,0.00001,of_26648_1,wdewulf,r,08/19/2026,10:47:09,eddie@node1j01.ecdf.ed.ac.uk,1,742
57723453,0.00001,of_26648_1,wdewulf,r,08/19/2026,10:47:09,eddie@node1j06.ecdf.ed.ac.uk,1,743
57723453,0.00001,of_26648_1,wdewulf,r,08/19/2026,10:47:09,eddie@node1l19.ecdf.ed.ac.uk,1,744
57723453,0.00001,of_26648_1,wdewulf,r,08/19/2026,10:47:09,eddie@node1l08.ecdf.ed.ac.uk,1,745
57723453,0.00001,of_26648_1,wdewulf,r,08/19/2026,10:47:09,eddie@node1j04.ecdf.ed.ac.uk,1,746
57723453,0.00001,of_26648_1,wdewulf,r,08/19/2026,10:47:09,eddie@node1j09.ecdf.ed.ac.uk,1,747
57723453,0.00001,of_26648_1,wdewulf,r,08/19/2026,10:47:09,eddie@node1j07.ecdf.ed.ac.uk,1,748
57723453,0.00001,of_26648_1,wdewulf,r,08/19/2026,10:47:09,eddie@node1k08.ecdf.ed.ac.uk,1,749
57723453,0.00001,of_26648_1,wdewulf,r,08/19/2026,10:47:09,eddie@node1l04.ecdf.ed.ac.uk,1,750
57723453,0.00001,of_26648_1,wdewulf,r,08/19/2026,10:47:09,eddie@node1j11.ecdf.ed.ac.uk,1,751
57723453,0.00001,of_26648_1,wdewulf,r,08/19/2026,10:47:09,eddie@node1m04.ecdf.ed.ac.uk,1,752
57723453,0.00001,of_26648_1,wdewulf,r,08/19/2026,10:47:09,eddie@node1m07.ecdf.ed.ac.uk,1,753
57723453,0.00001,of_26648_1,wdewulf,r,08/19/2026,10:47:09,eddie@node1k07.ecdf.ed.ac.uk,1,754
57723453,0.00001,of_26648_1,wdewulf,r,08/19/2026,10:47:09,eddie@node1j23.ecdf.ed.ac.uk,1,755
57723453,0.00001,of_26648_1,wdewulf,r,08/19/2026,10:47:09,eddie@node1k09.ecdf.ed.ac.uk,1,756
57723453,0.00001,of_26648_1,wdewulf,r,08/19/2026,10:47:09,eddie@node1l09.ecdf.ed.ac.uk,1,757
57723453,0.00001,of_26648_1,wdewulf,r,08/19/2026,10:47:09,eddie@node1l20.ecdf.ed.ac.uk,1,758
57723453,0.00001,of_26648_1,wdewulf,r,08/19/2026,10:47:09,eddie@node1l10.ecdf.ed.ac.uk,1,759
57723453,0.00001,of_26648_1,wdewulf,r,08/19/2026,10:47:09,eddie@node1k02.ecdf.ed.ac.uk,1,760
57723453,0.00001,of_26648_1,wdewulf,r,08/19/2026,10:47:09,eddie@node1m01.ecdf.ed.ac.uk,1,761
57723453,0.00001,of_26648_1,wdewulf,r,08/19/2026,10:47:09,eddie@node1l01.ecdf.ed.ac.uk,1,762
57723453,0.00001,of_26648_1,wdewulf,r,08/19/2026,10:47:09,eddie@node1m05.ecdf.ed.ac.uk,1,763
57723453,0.00001,of_26648_1,wdewulf,r,08/19/2026,10:47:10,eddie@node1l03.ecdf.ed.ac.uk,1,764
57723453,0.00001,of_26648_1,wdewulf,r,08/19/2026,10:47:10,eddie@node1k03.ecdf.ed.ac.uk,1,765
57723453,0.00001,of_26648_1,wdewulf,r,08/19/2026,10:47:10,eddie@node1k01.ecdf.ed.ac.uk,1,766
57723453,0.00001,of_26648_1,wdewulf,r,08/19/2026,10:47:10,eddie@node1m11.ecdf.ed.ac.uk,1,767
57723453,0.00001,of_26648_1,wdewulf,r,08/19/2026,10:47:10,eddie@node1j17.ecdf.ed.ac.uk,1,768
57723453,0.00001,of_26648_1,wdewulf,r,08/19/2026,10:47:10,eddie@node1l07.ecdf.ed.ac.uk,1,769
57723453,0.00001,of_26648_1,wdewulf,r,08/19/2026,10:47:10,eddie@node1j19.ecdf.ed.ac.uk,1,770
57723453,0.00001,of_26648_1,wdewulf,r,08/19/2026,10:47:10,eddie@node1m12.ecdf.ed.ac.uk,1,771
57723453,0.00001,of_26648_1,wdewulf,r,08/19/2026,10:47:10,eddie@node1m02.ecdf.ed.ac.uk,1,772
57723453,0.00001,of_26648_1,wdewulf,r,08/19/2026,10:47:10,eddie@node1k04.ecdf.ed.ac.uk,1,773
57723453,0.00001,of_26648_1,wdewulf,r,08/19/2026,10:47:10,eddie@node1m03.ecdf.ed.ac.uk,1,774
57723453,0.00001,of_26648_1,wdewulf,r,08/19/2026,10:47:10,eddie@node1j03.ecdf.ed.ac.uk,1,775
57723453,0.00001,of_26648_1,wdewulf,r,08/19/2026,10:47:10,eddie@node1j10.ecdf.ed.ac.uk,1,776
57723453,0.00001,of_26648_1,wdewulf,r,08/19/2026,10:47:10,eddie@node1j21.ecdf.ed.ac.uk,1,777
57723453,0.00001,of_26648_1,wdewulf,r,08/19/2026,10:47:10,eddie@node1k05.ecdf.ed.ac.uk,1,778
57723453,0.00001,of_26648_1,wdewulf,r,08/19/2026,10:47:10,eddie@node1l02.ecdf.ed.ac.uk,1,779
57723453,0.00001,of_26648_1,wdewulf,r,08/19/2026,10:47:10,eddie@node1l06.ecdf.ed.ac.uk,1,780
57723453,0.00001,of_26648_1,wdewulf,r,08/19/2026,10:47:10,eddie@node1j02.ecdf.ed.ac.uk,1,781
57723453,0.00001,of_26648_1,wdewulf,r,08/19/2026,10:47:10,eddie@node1j05.ecdf.ed.ac.uk,1,782
57723453,0.00001,of_26648_1,wdewulf,r,08/19/2026,10:47:10,eddie@node1j08.ecdf.ed.ac.uk,1,783
57723453,0.00001,of_26648_1,wdewulf,r,08/19/2026,10:47:10,eddie@node1j01.ecdf.ed.ac.uk,1,784
57723453,0.00001,of_26648_1,wdewulf,r,08/19/2026,10:47:10,eddie@node1l05.ecdf.ed.ac.uk,1,785
57723453,0.00001,of_26648_1,wdewulf,r,08/19/2026,10:47:10,eddie@node1m10.ecdf.ed.ac.uk,1,786
57723453,0.00001,of_26648_1,wdewulf,r,08/19/2026,10:47:10,eddie@node1k06.ecdf.ed.ac.uk,1,787
57723453,0.00001,of_26648_1,wdewulf,r,08/19/2026,10:47:10,eddie@node1j18.ecdf.ed.ac.uk,1,788
57723453,0.00001,of_26648_1,wdewulf,r,08/19/2026,10:47:10,eddie@node1j22.ecdf.ed.ac.uk,1,789
57723453,0.00001,of_26648_1,wdewulf,r,08/19/2026,10:47:10,eddie@node1j07.ecdf.ed.ac.uk,1,790
57723453,0.00001,of_26648_1,wdewulf,r,08/19/2026,10:47:10,eddie@node1j09.ecdf.ed.ac.uk,1,791
57723453,0.00001,of_26648_1,wdewulf,r,08/19/2026,10:47:10,eddie@node1j04.ecdf.ed.ac.uk,1,792
57723453,0.00001,of_26648_1,wdewulf,r,08/19/2026,10:47:10,eddie@node1l08.ecdf.ed.ac.uk,1,793
57723453,0.00001,of_26648_1,wdewulf,r,08/19/2026,10:47:10,eddie@node1l19.ecdf.ed.ac.uk,1,794
57723453,0.00001,of_26648_1,wdewulf,r,08/19/2026,10:47:10,eddie@node1j06.ecdf.ed.ac.uk,1,795
57723453,0.00001,of_26648_1,wdewulf,r,08/19/2026,10:47:10,eddie@node1l04.ecdf.ed.ac.uk,1,796
57723453,0.00001,of_26648_1,wdewulf,r,08/19/2026,10:47:10,eddie@node1k08.ecdf.ed.ac.uk,1,797
57723453,0.00001,of_26648_1,wdewulf,r,08/19/2026,10:47:10,eddie@node1m07.ecdf.ed.ac.uk,1,798
57723453,0.00001,of_26648_1,wdewulf,r,08/19/2026,10:47:10,eddie@node1m04.ecdf.ed.ac.uk,1,799
57723453,0.00001,of_26648_1,wdewulf,r,08/19/2026,10:47:10,eddie@node1j11.ecdf.ed.ac.uk,1,800
57723453,0.00001,of_26648_1,wdewulf,r,08/19/2026,10:47:10,eddie@node1l09.ecdf.ed.ac.uk,1,801
57723453,0.00001,of_26648_1,wdewulf,r,08/19/2026,10:47:10,eddie@node1k09.ecdf.ed.ac.uk,1,802
57723453,0.00001,of_26648_1,wdewulf,r,08/19/2026,10:47:10,eddie@node1j23.ecdf.ed.ac.uk,1,803
57723453,0.00001,of_26648_1,wdewulf,r,08/19/2026,10:47:10,eddie@node1k07.ecdf.ed.ac.uk,1,804
57723453,0.00001,of_26648_1,wdewulf,r,08/19/2026,10:47:10,eddie@node1m01.ecdf.ed.ac.uk,1,805
57723453,0.00001,of_26648_1,wdewulf,r,08/19/2026,10:47:10,eddie@node1k02.ecdf.ed.ac.uk,1,806
57723453,0.00001,of_26648_1,wdewulf,r,08/19/2026,10:47:10,eddie@node1l10.ecdf.ed.ac.uk,1,807
57723453,0.00001,of_26648_1,wdewulf,r,08/19/2026,10:47:10,eddie@node1l20.ecdf.ed.ac.uk,1,808
57723453,0.00001,of_26648_1,wdewulf,r,08/19/2026,10:47:10,eddie@node1l01.ecdf.ed.ac.uk,1,809
57723453,0.00001,of_26648_1,wdewulf,r,08/19/2026,10:47:10,eddie@node1m05.ecdf.ed.ac.uk,1,810
57723453,0.00001,of_26648_1,wdewulf,r,08/19/2026,10:47:10,eddie@node1l03.ecdf.ed.ac.uk,1,811
57723453,0.00001,of_26648_1,wdewulf,r,08/19/2026,10:47:10,eddie@node1k03.ecdf.ed.ac.uk,1,812
57723453,0.00001,of_26648_1,wdewulf,r,08/19/2026,10:47:10,eddie@node1k01.ecdf.ed.ac.uk,1,813
57723453,0.00001,of_26648_1,wdewulf,r,08/19/2026,10:47:10,eddie@node1m11.ecdf.ed.ac.uk,1,814
57723453,0.00001,of_26648_1,wdewulf,r,08/19/2026,10:47:10,eddie@node1l07.ecdf.ed.ac.uk,1,815
57723453,0.00001,of_26648_1,wdewulf,r,08/19/2026,10:47:10,eddie@node1j17.ecdf.ed.ac.uk,1,816
57723453,0.00001,of_26648_1,wdewulf,r,08/19/2026,10:47:10,eddie@node1j19.ecdf.ed.ac.uk,1,817
57723453,0.00001,of_26648_1,wdewulf,r,08/19/2026,10:47:10,eddie@node1m12.ecdf.ed.ac.uk,1,818
57723453,0.00001,of_26648_1,wdewulf,r,08/19/2026,10:47:10,eddie@node1m02.ecdf.ed.ac.uk,1,819
57723453,0.00001,of_26648_1,wdewulf,r,08/19/2026,10:47:10,eddie@node1k04.ecdf.ed.ac.uk,1,820
57723453,0.00001,of_26648_1,wdewulf,r,08/19/2026,10:47:10,eddie@node1m03.ecdf.ed.ac.uk,1,821
57723453,0.00001,of_26648_1,wdewulf,r,08/19/2026,10:47:10,eddie@node1j03.ecdf.ed.ac.uk,1,822
57723453,0.00001,of_26648_1,wdewulf,r,08/19/2026,10:47:10,eddie@node1j10.ecdf.ed.ac.uk,1,823
57723453,0.00001,of_26648_1,wdewulf,r,08/19/2026,10:47:10,eddie@node1j21.ecdf.ed.ac.uk,1,824
57723453,0.00001,of_26648_1,wdewulf,r,08/19/2026,10:47:10,eddie@node1k05.ecdf.ed.ac.uk,1,825
57723453,0.00001,of_26648_1,wdewulf,r,08/19/2026,10:47:10,eddie@node1l02.ecdf.ed.ac.uk,1,826
57723453,0.00001,of_26648_1,wdewulf,r,08/19/2026,10:47:10,eddie@node1l06.ecdf.ed.ac.uk,1,827
57723453,0.00001,of_26648_1,wdewulf,r,08/19/2026,10:47:10,eddie@node1j08.ecdf.ed.ac.uk,1,828
57723453,0.00001,of_26648_1,wdewulf,r,08/19/2026,10:47:10,eddie@node1j05.ecdf.ed.ac.uk,1,829
57723453,0.00001,of_26648_1,wdewulf,r,08/19/2026,10:47:10,eddie@node1j02.ecdf.ed.ac.uk,1,830
57723453,0.00001,of_26648_1,wdewulf,r,08/19/2026,10:47:10,eddie@node1j22.ecdf.ed.ac.uk,1,831
57723453,0.00001,of_26648_1,wdewulf,r,08/19/2026,10:47:10,eddie@node1j18.ecdf.ed.ac.uk,1,832
57723453,0.00001,of_26648_1,wdewulf,r,08/19/2026,10:47:10,eddie@node1k06.ecdf.ed.ac.uk,1,833
57723453,0.00001,of_26648_1,wdewulf,r,08/19/2026,10:47:10,eddie@node1m10.ecdf.ed.ac.uk,1,834
57723453,0.00001,of_26648_1,wdewulf,r,08/19/2026,10:47:10,eddie@node1l05.ecdf.ed.ac.uk,1,835
57723453,0.00001,of_26648_1,wdewulf,r,08/19/2026,10:47:10,eddie@node1j01.ecdf.ed.ac.uk,1,836
57723453,0.00001,of_26648_1,wdewulf,r,08/19/2026,10:47:10,eddie@node1j06.ecdf.ed.ac.uk,1,837
57725123,0.00001,hyp1_neglr,belie,r,08/19/2026,11:01:02,eddie@node1o13.ecdf.ed.ac.uk,1
57725162,0.00001,hyp1_lowlr,belie,r,08/19/2026,11:02:18,eddie@node1o09.ecdf.ed.ac.uk,1
57725124,0.00001,hyp1_neglr,belie,r,08/19/2026,11:01:02,eddie@node1o13.ecdf.ed.ac.uk,1
57725125,0.00001,hyp1_neglr,belie,r,08/19/2026,11:01:02,eddie@node1o13.ecdf.ed.ac.uk,1
57725126,0.00001,hyp1_neglr,belie,r,08/19/2026,11:01:02,eddie@node1m14.ecdf.ed.ac.uk,1
57725127,0.00001,hyp1_neglr,belie,r,08/19/2026,11:01:02,eddie@node1o13.ecdf.ed.ac.uk,1
57725128,0.00001,hyp1_neglr,belie,r,08/19/2026,11:01:02,eddie@node1m15.ecdf.ed.ac.uk,1
57725129,0.00001,hyp1_neglr,belie,r,08/19/2026,11:01:02,eddie@node1s13.ecdf.ed.ac.uk,1
57725130,0.00001,hyp1_neglr,belie,r,08/19/2026,11:01:02,eddie@node1s13.ecdf.ed.ac.uk,1
57725131,0.00001,hyp1_neglr,belie,r,08/19/2026,11:01:02,eddie@node1r05.ecdf.ed.ac.uk,1
57725165,0.00001,hyp1_lowlr,belie,r,08/19/2026,11:02:33,eddie@node1r20.ecdf.ed.ac.uk,1
57725163,0.00001,hyp1_lowlr,belie,r,08/19/2026,11:02:18,eddie@node1l06.ecdf.ed.ac.uk,1
57724252,0.00001,hyp1_neglr,belie,r,08/19/2026,10:50:57,eddie@node1f09.ecdf.ed.ac.uk,1
57724253,0.00001,hyp1_neglr,belie,r,08/19/2026,10:50:57,eddie@node1j08.ecdf.ed.ac.uk,1
57724254,0.00001,hyp1_neglr,belie,r,08/19/2026,10:50:57,eddie@node1k03.ecdf.ed.ac.uk,1
57724255,0.00001,hyp1_neglr,belie,r,08/19/2026,10:50:57,eddie@node1m05.ecdf.ed.ac.uk,1
57724256,0.00001,hyp1_neglr,belie,r,08/19/2026,10:50:57,eddie@node1j19.ecdf.ed.ac.uk,1
57724257,0.00001,hyp1_neglr,belie,r,08/19/2026,10:50:57,eddie@node1k08.ecdf.ed.ac.uk,1
57724258,0.00001,hyp1_neglr,belie,r,08/19/2026,10:50:57,eddie@node1m01.ecdf.ed.ac.uk,1
57724259,0.00001,hyp1_neglr,belie,r,08/19/2026,10:50:57,eddie@node1j01.ecdf.ed.ac.uk,1
57724260,0.00001,hyp1_neglr,belie,r,08/19/2026,10:50:57,eddie@node1k02.ecdf.ed.ac.uk,1
57724261,0.00001,hyp1_neglr,belie,r,08/19/2026,10:50:57,eddie@node1m02.ecdf.ed.ac.uk,1
57724262,0.00001,hyp1_neglr,belie,r,08/19/2026,10:50:57,eddie@node1m04.ecdf.ed.ac.uk,1
57724263,0.00001,hyp1_neglr,belie,r,08/19/2026,10:50:57,eddie@node1l01.ecdf.ed.ac.uk,1
57724264,0.00001,hyp1_neglr,belie,r,08/19/2026,10:50:57,eddie@node1j21.ecdf.ed.ac.uk,1
57724266,0.00001,hyp1_neglr,belie,r,08/19/2026,10:50:57,eddie@node1j08.ecdf.ed.ac.uk,1
57724267,0.00001,hyp1_neglr,belie,r,08/19/2026,10:50:57,eddie@node1k03.ecdf.ed.ac.uk,1
57724268,0.00001,hyp1_neglr,belie,r,08/19/2026,10:50:57,eddie@node1m10.ecdf.ed.ac.uk,1
57724269,0.00001,hyp1_neglr,belie,r,08/19/2026,10:50:57,eddie@node1j07.ecdf.ed.ac.uk,1
57725114,0.00001,hyp1_neglr,belie,r,08/19/2026,11:00:47,eddie@node1r14.ecdf.ed.ac.uk,1
57725115,0.00001,hyp1_neglr,belie,r,08/19/2026,11:00:47,eddie@node1r20.ecdf.ed.ac.uk,1
57725116,0.00001,hyp1_neglr,belie,r,08/19/2026,11:00:47,eddie@node1m16.ecdf.ed.ac.uk,1
57724270,0.00001,hyp1_neglr,belie,r,08/19/2026,10:50:57,eddie@node1m05.ecdf.ed.ac.uk,1
57724271,0.00001,hyp1_neglr,belie,r,08/19/2026,10:50:57,eddie@node1l10.ecdf.ed.ac.uk,1
57724273,0.00001,hyp1_neglr,belie,r,08/19/2026,10:50:57,eddie@node1k06.ecdf.ed.ac.uk,1
57725117,0.00001,hyp1_neglr,belie,r,08/19/2026,11:00:47,eddie@node1h10.ecdf.ed.ac.uk,1
57725118,0.00001,hyp1_neglr,belie,r,08/19/2026,11:00:47,eddie@node1h05.ecdf.ed.ac.uk,1
57725119,0.00001,hyp1_neglr,belie,r,08/19/2026,11:00:47,eddie@node1h15.ecdf.ed.ac.uk,1
57725120,0.00001,hyp1_neglr,belie,r,08/19/2026,11:00:47,eddie@node1h05.ecdf.ed.ac.uk,1
57724274,0.00001,hyp1_neglr,belie,r,08/19/2026,10:50:57,eddie@node1j19.ecdf.ed.ac.uk,1
57725121,0.00001,hyp1_neglr,belie,r,08/19/2026,11:00:47,eddie@node1h06.ecdf.ed.ac.uk,1
57725122,0.00001,hyp1_neglr,belie,r,08/19/2026,11:00:47,eddie@node1k02.ecdf.ed.ac.uk,1
57725166,0.00001,hyp1_lowlr,belie,r,08/19/2026,11:02:33,eddie@node1h24.ecdf.ed.ac.uk,1
57724277,0.00001,hyp1_neglr,belie,r,08/19/2026,10:50:57,eddie@node1j01.ecdf.ed.ac.uk,1
57724278,0.00001,hyp1_neglr,belie,r,08/19/2026,10:50:57,eddie@node1m02.ecdf.ed.ac.uk,1
57724281,0.00001,hyp1_neglr,belie,r,08/19/2026,10:50:57,eddie@node1k02.ecdf.ed.ac.uk,1
57724282,0.00001,hyp1_neglr,belie,r,08/19/2026,10:50:57,eddie@node1m04.ecdf.ed.ac.uk,1
57724283,0.00001,hyp1_neglr,belie,r,08/19/2026,10:50:57,eddie@node1l01.ecdf.ed.ac.uk,1
57724284,0.00001,hyp1_neglr,belie,r,08/19/2026,10:50:57,eddie@node1j21.ecdf.ed.ac.uk,1
57724286,0.00001,hyp1_neglr,belie,r,08/19/2026,10:50:57,eddie@node1j23.ecdf.ed.ac.uk,1
57724287,0.00001,hyp1_neglr,belie,r,08/19/2026,10:50:57,eddie@node1j08.ecdf.ed.ac.uk,1
57724291,0.00001,hyp1_neglr,belie,r,08/19/2026,10:50:57,eddie@node1m05.ecdf.ed.ac.uk,1
57724292,0.00001,hyp1_neglr,belie,r,08/19/2026,10:50:57,eddie@node1l03.ecdf.ed.ac.uk,1
57724293,0.00001,hyp1_neglr,belie,r,08/19/2026,10:50:57,eddie@node1j02.ecdf.ed.ac.uk,1
57724294,0.00001,hyp1_neglr,belie,r,08/19/2026,10:50:57,eddie@node1l10.ecdf.ed.ac.uk,1
57724295,0.00001,hyp1_neglr,belie,r,08/19/2026,10:50:57,eddie@node1k06.ecdf.ed.ac.uk,1
57724296,0.00001,hyp1_neglr,belie,r,08/19/2026,10:50:57,eddie@node1j19.ecdf.ed.ac.uk,1
57724297,0.00001,hyp1_neglr,belie,r,08/19/2026,10:50:57,eddie@node1k08.ecdf.ed.ac.uk,1
57724298,0.00001,hyp1_neglr,belie,r,08/19/2026,10:50:57,eddie@node1m01.ecdf.ed.ac.uk,1
57724301,0.00001,hyp1_neglr,belie,r,08/19/2026,10:50:57,eddie@node1j01.ecdf.ed.ac.uk,1
57725110,0.00001,hyp1_neglr,belie,r,08/19/2026,11:00:32,eddie@node1o03.ecdf.ed.ac.uk,1
57725111,0.00001,hyp1_neglr,belie,r,08/19/2026,11:00:32,eddie@node1l28.ecdf.ed.ac.uk,1
57725112,0.00001,hyp1_neglr,belie,r,08/19/2026,11:00:32,eddie@node1h23.ecdf.ed.ac.uk,1
57725113,0.00001,hyp1_neglr,belie,r,08/19/2026,11:00:32,eddie@node1h15.ecdf.ed.ac.uk,1
57725167,0.00001,hyp1_lowlr,belie,r,08/19/2026,11:02:33,eddie@node1m14.ecdf.ed.ac.uk,1
57724302,0.00001,hyp1_neglr,belie,r,08/19/2026,10:51:12,eddie@node1m06.ecdf.ed.ac.uk,1
57724304,0.00001,hyp1_neglr,belie,r,08/19/2026,10:51:12,eddie@node1l05.ecdf.ed.ac.uk,1
57724305,0.00001,hyp1_neglr,belie,r,08/19/2026,10:51:12,eddie@node1l20.ecdf.ed.ac.uk,1
57724306,0.00001,hyp1_neglr,belie,r,08/19/2026,10:51:12,eddie@node1j09.ecdf.ed.ac.uk,1
57724307,0.00001,hyp1_neglr,belie,r,08/19/2026,10:51:12,eddie@node1j18.ecdf.ed.ac.uk,1
57724308,0.00001,hyp1_neglr,belie,r,08/19/2026,10:51:12,eddie@node1m11.ecdf.ed.ac.uk,1
57724309,0.00001,hyp1_neglr,belie,r,08/19/2026,10:51:12,eddie@node1l19.ecdf.ed.ac.uk,1
57724311,0.00001,hyp1_neglr,belie,r,08/19/2026,10:51:12,eddie@node1l05.ecdf.ed.ac.uk,1
57724312,0.00001,hyp1_neglr,belie,r,08/19/2026,10:51:12,eddie@node1j05.ecdf.ed.ac.uk,1
57724314,0.00001,hyp1_neglr,belie,r,08/19/2026,10:51:12,eddie@node1j04.ecdf.ed.ac.uk,1
57725099,0.00001,hyp1_neglr,belie,r,08/19/2026,11:00:17,eddie@node1o04.ecdf.ed.ac.uk,1
57725100,0.00001,hyp1_neglr,belie,r,08/19/2026,11:00:17,eddie@node1o03.ecdf.ed.ac.uk,1
57724315,0.00001,hyp1_neglr,belie,r,08/19/2026,10:51:12,eddie@node1j09.ecdf.ed.ac.uk,1
57724316,0.00001,hyp1_neglr,belie,r,08/19/2026,10:51:12,eddie@node1j18.ecdf.ed.ac.uk,1
57725101,0.00001,hyp1_neglr,belie,r,08/19/2026,11:00:17,eddie@node1l28.ecdf.ed.ac.uk,1
57725102,0.00001,hyp1_neglr,belie,r,08/19/2026,11:00:17,eddie@node1r20.ecdf.ed.ac.uk,1
57725103,0.00001,hyp1_neglr,belie,r,08/19/2026,11:00:17,eddie@node1r20.ecdf.ed.ac.uk,1
57725104,0.00001,hyp1_neglr,belie,r,08/19/2026,11:00:17,eddie@node1h15.ecdf.ed.ac.uk,1
57725105,0.00001,hyp1_neglr,belie,r,08/19/2026,11:00:17,eddie@node1r05.ecdf.ed.ac.uk,1
57724318,0.00001,hyp1_neglr,belie,r,08/19/2026,10:51:12,eddie@node1l19.ecdf.ed.ac.uk,1
57725106,0.00001,hyp1_neglr,belie,r,08/19/2026,11:00:17,eddie@node1o09.ecdf.ed.ac.uk,1
57725107,0.00001,hyp1_neglr,belie,r,08/19/2026,11:00:17,eddie@node1o14.ecdf.ed.ac.uk,1
57724321,0.00001,hyp1_neglr,belie,r,08/19/2026,10:51:12,eddie@node1l05.ecdf.ed.ac.uk,1
57724322,0.00001,hyp1_neglr,belie,r,08/19/2026,10:51:12,eddie@node1j05.ecdf.ed.ac.uk,1
57725108,0.00001,hyp1_neglr,belie,r,08/19/2026,11:00:17,eddie@node1o09.ecdf.ed.ac.uk,1
57725109,0.00001,hyp1_neglr,belie,r,08/19/2026,11:00:17,eddie@node1j25.ecdf.ed.ac.uk,1
57724324,0.00001,hyp1_neglr,belie,r,08/19/2026,10:51:12,eddie@node1l20.ecdf.ed.ac.uk,1
57724325,0.00001,hyp1_neglr,belie,r,08/19/2026,10:51:12,eddie@node1j04.ecdf.ed.ac.uk,1
57724326,0.00001,hyp1_neglr,belie,r,08/19/2026,10:51:12,eddie@node1j09.ecdf.ed.ac.uk,1
57724327,0.00001,hyp1_neglr,belie,r,08/19/2026,10:51:12,eddie@node1l07.ecdf.ed.ac.uk,1
57725168,0.00001,hyp1_lowlr,belie,r,08/19/2026,11:02:33,eddie@node1h03.ecdf.ed.ac.uk,1
57724329,0.00001,hyp1_neglr,belie,r,08/19/2026,10:51:12,eddie@node1k09.ecdf.ed.ac.uk,1
57724330,0.00001,hyp1_neglr,belie,r,08/19/2026,10:51:12,eddie@node1j18.ecdf.ed.ac.uk,1
57725169,0.00001,hyp1_lowlr,belie,r,08/19/2026,11:02:33,eddie@node1j28.ecdf.ed.ac.uk,1
57725170,0.00001,hyp1_lowlr,belie,r,08/19/2026,11:02:33,eddie@node1j28.ecdf.ed.ac.uk,1
57725090,0.00001,hyp1_neglr,belie,r,08/19/2026,11:00:02,eddie@node1s14.ecdf.ed.ac.uk,1
57725091,0.00001,hyp1_neglr,belie,r,08/19/2026,11:00:02,eddie@node1o13.ecdf.ed.ac.uk,1
57725092,0.00001,hyp1_neglr,belie,r,08/19/2026,11:00:02,eddie@node1o13.ecdf.ed.ac.uk,1
57725093,0.00001,hyp1_neglr,belie,r,08/19/2026,11:00:02,eddie@node1h23.ecdf.ed.ac.uk,1
57725094,0.00001,hyp1_neglr,belie,r,08/19/2026,11:00:02,eddie@node1o13.ecdf.ed.ac.uk,1
57725095,0.00001,hyp1_neglr,belie,r,08/19/2026,11:00:02,eddie@node1o13.ecdf.ed.ac.uk,1
57725096,0.00001,hyp1_neglr,belie,r,08/19/2026,11:00:02,eddie@node1r17.ecdf.ed.ac.uk,1
57724336,0.00001,hyp1_neglr,belie,r,08/19/2026,10:51:27,eddie@node1k01.ecdf.ed.ac.uk,1
57725097,0.00001,hyp1_neglr,belie,r,08/19/2026,11:00:02,eddie@node1o14.ecdf.ed.ac.uk,1
57724338,0.00001,hyp1_neglr,belie,r,08/19/2026,10:51:27,eddie@node1j03.ecdf.ed.ac.uk,1
57724339,0.00001,hyp1_neglr,belie,r,08/19/2026,10:51:27,eddie@node1l07.ecdf.ed.ac.uk,1
57724340,0.00001,hyp1_neglr,belie,r,08/19/2026,10:51:27,eddie@node1k09.ecdf.ed.ac.uk,1
57725098,0.00001,hyp1_neglr,belie,r,08/19/2026,11:00:02,eddie@node1h09.ecdf.ed.ac.uk,1
57724341,0.00001,hyp1_neglr,belie,r,08/19/2026,10:51:27,eddie@node1l06.ecdf.ed.ac.uk,1
57724342,0.00001,hyp1_neglr,belie,r,08/19/2026,10:51:27,eddie@node1k05.ecdf.ed.ac.uk,1
57724343,0.00001,hyp1_neglr,belie,r,08/19/2026,10:51:27,eddie@node1k01.ecdf.ed.ac.uk,1
57724344,0.00001,hyp1_neglr,belie,r,08/19/2026,10:51:27,eddie@node1j10.ecdf.ed.ac.uk,1
57724345,0.00001,hyp1_neglr,belie,r,08/19/2026,10:51:27,eddie@node1j22.ecdf.ed.ac.uk,1
57724348,0.00001,hyp1_neglr,belie,r,08/19/2026,10:51:27,eddie@node1l02.ecdf.ed.ac.uk,1
57724349,0.00001,hyp1_neglr,belie,r,08/19/2026,10:51:27,eddie@node1j03.ecdf.ed.ac.uk,1
57724350,0.00001,hyp1_neglr,belie,r,08/19/2026,10:51:27,eddie@node1j21.ecdf.ed.ac.uk,1
57724352,0.00001,hyp1_neglr,belie,r,08/19/2026,10:51:27,eddie@node1k09.ecdf.ed.ac.uk,1
57724354,0.00001,hyp1_neglr,belie,r,08/19/2026,10:51:27,eddie@node1k01.ecdf.ed.ac.uk,1
57724355,0.00001,hyp1_neglr,belie,r,08/19/2026,10:51:27,eddie@node1j10.ecdf.ed.ac.uk,1
57724356,0.00001,hyp1_neglr,belie,r,08/19/2026,10:51:27,eddie@node1m04.ecdf.ed.ac.uk,1
57724358,0.00001,hyp1_neglr,belie,r,08/19/2026,10:51:27,eddie@node1j22.ecdf.ed.ac.uk,1
57725174,0.00001,hyp1_lowlr,belie,r,08/19/2026,11:02:48,eddie@node1f16.ecdf.ed.ac.uk,1
57724359,0.00001,hyp1_neglr,belie,r,08/19/2026,10:51:27,eddie@node1m07.ecdf.ed.ac.uk,1
57724360,0.00001,hyp1_neglr,belie,r,08/19/2026,10:51:27,eddie@node1k07.ecdf.ed.ac.uk,1
57724361,0.00001,hyp1_neglr,belie,r,08/19/2026,10:51:27,eddie@node1l02.ecdf.ed.ac.uk,1
57724363,0.00001,hyp1_neglr,belie,r,08/19/2026,10:51:27,eddie@node1j03.ecdf.ed.ac.uk,1
57724364,0.00001,hyp1_neglr,belie,r,08/19/2026,10:51:27,eddie@node1l01.ecdf.ed.ac.uk,1
57724365,0.00001,hyp1_neglr,belie,r,08/19/2026,10:51:27,eddie@node1k03.ecdf.ed.ac.uk,1
57724366,0.00001,hyp1_neglr,belie,r,08/19/2026,10:51:27,eddie@node1m05.ecdf.ed.ac.uk,1
57725175,0.00001,hyp1_lowlr,belie,r,08/19/2026,11:02:48,eddie@node1f16.ecdf.ed.ac.uk,1
57724368,0.00001,hyp1_neglr,belie,r,08/19/2026,10:51:27,eddie@node1m10.ecdf.ed.ac.uk,1
57724369,0.00001,hyp1_neglr,belie,r,08/19/2026,10:51:27,eddie@node1j21.ecdf.ed.ac.uk,1
57724370,0.00001,hyp1_neglr,belie,r,08/19/2026,10:51:27,eddie@node1l07.ecdf.ed.ac.uk,1
57724371,0.00001,hyp1_neglr,belie,r,08/19/2026,10:51:27,eddie@node1k09.ecdf.ed.ac.uk,1
57724372,0.00001,hyp1_neglr,belie,r,08/19/2026,10:51:27,eddie@node1l06.ecdf.ed.ac.uk,1
57724373,0.00001,hyp1_neglr,belie,r,08/19/2026,10:51:27,eddie@node1k01.ecdf.ed.ac.uk,1
57725176,0.00001,hyp1_lowlr,belie,r,08/19/2026,11:02:48,eddie@node1f16.ecdf.ed.ac.uk,1
57725172,0.00001,hyp1_lowlr,belie,r,08/19/2026,11:02:33,eddie@node1r09.ecdf.ed.ac.uk,1
57725183,0.00001,hyp1_lowlr,belie,r,08/19/2026,11:03:03,eddie@node1h12.ecdf.ed.ac.uk,1
57724374,0.00001,hyp1_neglr,belie,r,08/19/2026,10:51:42,eddie@node1l03.ecdf.ed.ac.uk,1
57724375,0.00001,hyp1_neglr,belie,r,08/19/2026,10:51:42,eddie@node1j23.ecdf.ed.ac.uk,1
57724376,0.00001,hyp1_neglr,belie,r,08/19/2026,10:51:42,eddie@node1j01.ecdf.ed.ac.uk,1
57724377,0.00001,hyp1_neglr,belie,r,08/19/2026,10:51:42,eddie@node1l10.ecdf.ed.ac.uk,1
57724379,0.00001,hyp1_neglr,belie,r,08/19/2026,10:51:42,eddie@node1k06.ecdf.ed.ac.uk,1
57724381,0.00001,hyp1_neglr,belie,r,08/19/2026,10:51:42,eddie@node1j07.ecdf.ed.ac.uk,1
57724382,0.00001,hyp1_neglr,belie,r,08/19/2026,10:51:42,eddie@node1m10.ecdf.ed.ac.uk,1
57724383,0.00001,hyp1_neglr,belie,r,08/19/2026,10:51:42,eddie@node1l03.ecdf.ed.ac.uk,1
57724384,0.00001,hyp1_neglr,belie,r,08/19/2026,10:51:42,eddie@node1j23.ecdf.ed.ac.uk,1
57724385,0.00001,hyp1_neglr,belie,r,08/19/2026,10:51:42,eddie@node1j21.ecdf.ed.ac.uk,1
57724386,0.00001,hyp1_neglr,belie,r,08/19/2026,10:51:42,eddie@node1j01.ecdf.ed.ac.uk,1
57724387,0.00001,hyp1_neglr,belie,r,08/19/2026,10:51:42,eddie@node1l10.ecdf.ed.ac.uk,1
57724388,0.00001,hyp1_neglr,belie,r,08/19/2026,10:51:42,eddie@node1m01.ecdf.ed.ac.uk,1
57724389,0.00001,hyp1_neglr,belie,r,08/19/2026,10:51:42,eddie@node1k06.ecdf.ed.ac.uk,1
57724391,0.00001,hyp1_neglr,belie,r,08/19/2026,10:51:42,eddie@node1j07.ecdf.ed.ac.uk,1
57724392,0.00001,hyp1_neglr,belie,r,08/19/2026,10:51:42,eddie@node1m10.ecdf.ed.ac.uk,1
57724393,0.00001,hyp1_neglr,belie,r,08/19/2026,10:51:42,eddie@node1j02.ecdf.ed.ac.uk,1
57724394,0.00001,hyp1_neglr,belie,r,08/19/2026,10:51:42,eddie@node1l03.ecdf.ed.ac.uk,1
57724398,0.00001,hyp1_neglr,belie,r,08/19/2026,10:51:42,eddie@node1j23.ecdf.ed.ac.uk,1
57725173,0.00001,hyp1_lowlr,belie,r,08/19/2026,11:02:33,eddie@node1m12.ecdf.ed.ac.uk,1
57724400,0.00001,hyp1_neglr,belie,r,08/19/2026,10:51:42,eddie@node1j21.ecdf.ed.ac.uk,1
57724401,0.00001,hyp1_neglr,belie,r,08/19/2026,10:51:42,eddie@node1j01.ecdf.ed.ac.uk,1
57724402,0.00001,hyp1_neglr,belie,r,08/19/2026,10:51:42,eddie@node1l10.ecdf.ed.ac.uk,1
57724403,0.00001,hyp1_neglr,belie,r,08/19/2026,10:51:42,eddie@node1m01.ecdf.ed.ac.uk,1
57724404,0.00001,hyp1_neglr,belie,r,08/19/2026,10:51:42,eddie@node1k06.ecdf.ed.ac.uk,1
57724405,0.00001,hyp1_neglr,belie,r,08/19/2026,10:51:42,eddie@node1l01.ecdf.ed.ac.uk,1
57724406,0.00001,hyp1_neglr,belie,r,08/19/2026,10:51:42,eddie@node1j07.ecdf.ed.ac.uk,1
57725178,0.00001,hyp1_lowlr,belie,r,08/19/2026,11:02:48,eddie@node1f16.ecdf.ed.ac.uk,1
57725184,0.00001,hyp1_lowlr,belie,r,08/19/2026,11:03:03,eddie@node1h24.ecdf.ed.ac.uk,1
57724408,0.00001,hyp1_neglr,belie,r,08/19/2026,10:51:42,eddie@node1j02.ecdf.ed.ac.uk,1
57724409,0.00001,hyp1_neglr,belie,r,08/19/2026,10:51:42,eddie@node1l03.ecdf.ed.ac.uk,1
57725084,0.00001,hyp1_neglr,belie,r,08/19/2026,10:59:32,eddie@node1r07.ecdf.ed.ac.uk,1
57725085,0.00001,hyp1_neglr,belie,r,08/19/2026,10:59:32,eddie@node1s14.ecdf.ed.ac.uk,1
57725086,0.00001,hyp1_neglr,belie,r,08/19/2026,10:59:32,eddie@node1r19.ecdf.ed.ac.uk,1
57724412,0.00001,hyp1_neglr,belie,r,08/19/2026,10:51:42,eddie@node1j01.ecdf.ed.ac.uk,1
57724413,0.00001,hyp1_neglr,belie,r,08/19/2026,10:51:42,eddie@node1l10.ecdf.ed.ac.uk,1
57725179,0.00001,hyp1_lowlr,belie,r,08/19/2026,11:02:48,eddie@node1h10.ecdf.ed.ac.uk,1
57725087,0.00001,hyp1_neglr,belie,r,08/19/2026,10:59:32,eddie@node1m16.ecdf.ed.ac.uk,1
57725088,0.00001,hyp1_neglr,belie,r,08/19/2026,10:59:32,eddie@node1h05.ecdf.ed.ac.uk,1
57724415,0.00001,hyp1_neglr,belie,r,08/19/2026,10:51:42,eddie@node1k06.ecdf.ed.ac.uk,1
57724416,0.00001,hyp1_neglr,belie,r,08/19/2026,10:51:42,eddie@node1l01.ecdf.ed.ac.uk,1
57724417,0.00001,hyp1_neglr,belie,r,08/19/2026,10:51:43,eddie@node1j07.ecdf.ed.ac.uk,1
57725180,0.00001,hyp1_lowlr,belie,r,08/19/2026,11:02:48,eddie@node1h10.ecdf.ed.ac.uk,1
57725181,0.00001,hyp1_lowlr,belie,r,08/19/2026,11:02:48,eddie@node1h06.ecdf.ed.ac.uk,1
57725089,0.00001,hyp1_neglr,belie,r,08/19/2026,10:59:32,eddie@node1s19.ecdf.ed.ac.uk,1
57724419,0.00001,hyp1_neglr,belie,r,08/19/2026,10:51:43,eddie@node1j02.ecdf.ed.ac.uk,1
57724420,0.00001,hyp1_neglr,belie,r,08/19/2026,10:51:43,eddie@node1l03.ecdf.ed.ac.uk,1
57724423,0.00001,hyp1_neglr,belie,r,08/19/2026,10:51:43,eddie@node1j01.ecdf.ed.ac.uk,1
57724424,0.00001,hyp1_neglr,belie,r,08/19/2026,10:51:43,eddie@node1l10.ecdf.ed.ac.uk,1
57724425,0.00001,hyp1_neglr,belie,r,08/19/2026,10:51:43,eddie@node1m01.ecdf.ed.ac.uk,1
57724427,0.00001,hyp1_neglr,belie,r,08/19/2026,10:51:43,eddie@node1k06.ecdf.ed.ac.uk,1
57724428,0.00001,hyp1_neglr,belie,r,08/19/2026,10:51:43,eddie@node1l01.ecdf.ed.ac.uk,1
57725186,0.00001,hyp1_lowlr,belie,r,08/19/2026,11:03:03,eddie@node1m15.ecdf.ed.ac.uk,1
57724429,0.00001,hyp1_neglr,belie,r,08/19/2026,10:51:43,eddie@node1j07.ecdf.ed.ac.uk,1
57724430,0.00001,hyp1_neglr,belie,r,08/19/2026,10:51:43,eddie@node1m10.ecdf.ed.ac.uk,1
57724431,0.00001,hyp1_neglr,belie,r,08/19/2026,10:51:43,eddie@node1j02.ecdf.ed.ac.uk,1
57724432,0.00001,hyp1_neglr,belie,r,08/19/2026,10:51:43,eddie@node1l03.ecdf.ed.ac.uk,1
57725188,0.00001,hyp1_lowlr,belie,r,08/19/2026,11:03:03,eddie@node1r17.ecdf.ed.ac.uk,1
57725182,0.00001,hyp1_lowlr,belie,r,08/19/2026,11:02:48,eddie@node1j03.ecdf.ed.ac.uk,1
57725081,0.00001,hyp1_neglr,belie,r,08/19/2026,10:59:17,eddie@node1m15.ecdf.ed.ac.uk,1
57725082,0.00001,hyp1_neglr,belie,r,08/19/2026,10:59:17,eddie@node1h16.ecdf.ed.ac.uk,1
57725189,0.00001,hyp1_lowlr,belie,r,08/19/2026,11:03:03,eddie@node1h04.ecdf.ed.ac.uk,1
57725083,0.00001,hyp1_neglr,belie,r,08/19/2026,10:59:17,eddie@node1j28.ecdf.ed.ac.uk,1
57725190,0.00001,hyp1_lowlr,belie,r,08/19/2026,11:03:03,eddie@node1r17.ecdf.ed.ac.uk,1
57725191,0.00001,hyp1_lowlr,belie,r,08/19/2026,11:03:03,eddie@node1o14.ecdf.ed.ac.uk,1
57725192,0.00001,hyp1_lowlr,belie,r,08/19/2026,11:03:03,eddie@node1j25.ecdf.ed.ac.uk,1
57725193,0.00001,hyp1_lowlr,belie,r,08/19/2026,11:03:03,eddie@node1r09.ecdf.ed.ac.uk,1
57724434,0.00001,hyp1_neglr,belie,r,08/19/2026,10:51:57,eddie@node1j17.ecdf.ed.ac.uk,1
57724435,0.00001,hyp1_neglr,belie,r,08/19/2026,10:51:57,eddie@node1j05.ecdf.ed.ac.uk,1
57725076,0.00001,hyp1_neglr,belie,r,08/19/2026,10:59:02,eddie@node1o03.ecdf.ed.ac.uk,1
57724437,0.00001,hyp1_neglr,belie,r,08/19/2026,10:51:57,eddie@node1m12.ecdf.ed.ac.uk,1
57724438,0.00001,hyp1_neglr,belie,r,08/19/2026,10:51:57,eddie@node1j04.ecdf.ed.ac.uk,1
57725077,0.00001,hyp1_neglr,belie,r,08/19/2026,10:59:02,eddie@node1o06.ecdf.ed.ac.uk,1
57725079,0.00001,hyp1_neglr,belie,r,08/19/2026,10:59:02,eddie@node1l25.ecdf.ed.ac.uk,1
57724439,0.00001,hyp1_neglr,belie,r,08/19/2026,10:51:57,eddie@node1j18.ecdf.ed.ac.uk,1
57725080,0.00001,hyp1_neglr,belie,r,08/19/2026,10:59:02,eddie@node1o10.ecdf.ed.ac.uk,1
57724440,0.00001,hyp1_neglr,belie,r,08/19/2026,10:51:57,eddie@node1j17.ecdf.ed.ac.uk,1
57724441,0.00001,hyp1_neglr,belie,r,08/19/2026,10:51:57,eddie@node1j11.ecdf.ed.ac.uk,1
57724442,0.00001,hyp1_neglr,belie,r,08/19/2026,10:51:57,eddie@node1j05.ecdf.ed.ac.uk,1
57724443,0.00001,hyp1_neglr,belie,r,08/19/2026,10:51:57,eddie@node1l04.ecdf.ed.ac.uk,1
57724444,0.00001,hyp1_neglr,belie,r,08/19/2026,10:51:57,eddie@node1l09.ecdf.ed.ac.uk,1
57724445,0.00001,hyp1_neglr,belie,r,08/19/2026,10:51:57,eddie@node1l08.ecdf.ed.ac.uk,1
57724446,0.00001,hyp1_neglr,belie,r,08/19/2026,10:51:57,eddie@node1m12.ecdf.ed.ac.uk,1
57724447,0.00001,hyp1_neglr,belie,r,08/19/2026,10:51:57,eddie@node1j04.ecdf.ed.ac.uk,1
57724448,0.00001,hyp1_neglr,belie,r,08/19/2026,10:51:57,eddie@node1j18.ecdf.ed.ac.uk,1
57724449,0.00001,hyp1_neglr,belie,r,08/19/2026,10:51:57,eddie@node1j17.ecdf.ed.ac.uk,1
57724450,0.00001,hyp1_neglr,belie,r,08/19/2026,10:51:57,eddie@node1l06.ecdf.ed.ac.uk,1
57724451,0.00001,hyp1_neglr,belie,r,08/19/2026,10:51:57,eddie@node1j11.ecdf.ed.ac.uk,1
57724453,0.00001,hyp1_neglr,belie,r,08/19/2026,10:51:57,eddie@node1l04.ecdf.ed.ac.uk,1
57724454,0.00001,hyp1_neglr,belie,r,08/19/2026,10:51:57,eddie@node1l09.ecdf.ed.ac.uk,1
57724455,0.00001,hyp1_neglr,belie,r,08/19/2026,10:51:57,eddie@node1l02.ecdf.ed.ac.uk,1
57724456,0.00001,hyp1_neglr,belie,r,08/19/2026,10:51:57,eddie@node1k07.ecdf.ed.ac.uk,1
57724459,0.00001,hyp1_neglr,belie,r,08/19/2026,10:51:57,eddie@node1m12.ecdf.ed.ac.uk,1
57724460,0.00001,hyp1_neglr,belie,r,08/19/2026,10:51:57,eddie@node1j04.ecdf.ed.ac.uk,1
57724462,0.00001,hyp1_neglr,belie,r,08/19/2026,10:51:57,eddie@node1j18.ecdf.ed.ac.uk,1
57724463,0.00001,hyp1_neglr,belie,r,08/19/2026,10:51:57,eddie@node1j06.ecdf.ed.ac.uk,1
57724464,0.00001,hyp1_neglr,belie,r,08/19/2026,10:51:57,eddie@node1j19.ecdf.ed.ac.uk,1
57725196,0.00001,hyp1_lowlr,belie,r,08/19/2026,11:03:18,eddie@node1r20.ecdf.ed.ac.uk,1
57724465,0.00001,hyp1_neglr,belie,r,08/19/2026,10:51:57,eddie@node1m07.ecdf.ed.ac.uk,1
57724466,0.00001,hyp1_neglr,belie,r,08/19/2026,10:51:57,eddie@node1j03.ecdf.ed.ac.uk,1
57725075,0.00001,hyp1_neglr,belie,r,08/19/2026,10:58:47,eddie@node1l28.ecdf.ed.ac.uk,1
57724467,0.00001,hyp1_neglr,belie,r,08/19/2026,10:51:57,eddie@node1l07.ecdf.ed.ac.uk,1
57724468,0.00001,hyp1_neglr,belie,r,08/19/2026,10:52:12,eddie@node1m02.ecdf.ed.ac.uk,1
57725208,0.00001,hyp1_lowlr,belie,r,08/19/2026,11:03:33,eddie@node1h12.ecdf.ed.ac.uk,1
57724469,0.00001,hyp1_neglr,belie,r,08/19/2026,10:52:12,eddie@node1k02.ecdf.ed.ac.uk,1
57724470,0.00001,hyp1_neglr,belie,r,08/19/2026,10:52:12,eddie@node1j08.ecdf.ed.ac.uk,1
57725197,0.00001,hyp1_lowlr,belie,r,08/19/2026,11:03:18,eddie@node1h23.ecdf.ed.ac.uk,1
57724472,0.00001,hyp1_neglr,belie,r,08/19/2026,10:52:12,eddie@node1k08.ecdf.ed.ac.uk,1
57725209,0.00001,hyp1_lowlr,belie,r,08/19/2026,11:03:33,eddie@node1o08.ecdf.ed.ac.uk,1
57725198,0.00001,hyp1_lowlr,belie,r,08/19/2026,11:03:18,eddie@node1r12.ecdf.ed.ac.uk,1
57724473,0.00001,hyp1_neglr,belie,r,08/19/2026,10:52:12,eddie@node1m04.ecdf.ed.ac.uk,1
57724474,0.00001,hyp1_neglr,belie,r,08/19/2026,10:52:12,eddie@node1k01.ecdf.ed.ac.uk,1
57725210,0.00001,hyp1_lowlr,belie,r,08/19/2026,11:03:33,eddie@node1h10.ecdf.ed.ac.uk,1
57725211,0.00001,hyp1_lowlr,belie,r,08/19/2026,11:03:33,eddie@node1o09.ecdf.ed.ac.uk,1
57725194,0.00001,hyp1_lowlr,belie,r,08/19/2026,11:03:03,eddie@node1l20.ecdf.ed.ac.uk,1
57725199,0.00001,hyp1_lowlr,belie,r,08/19/2026,11:03:18,eddie@node1o10.ecdf.ed.ac.uk,1
57724475,0.00001,hyp1_neglr,belie,r,08/19/2026,10:52:12,eddie@node1k03.ecdf.ed.ac.uk,1
57724476,0.00001,hyp1_neglr,belie,r,08/19/2026,10:52:12,eddie@node1l06.ecdf.ed.ac.uk,1
57724477,0.00001,hyp1_neglr,belie,r,08/19/2026,10:52:12,eddie@node1m05.ecdf.ed.ac.uk,1
57725200,0.00001,hyp1_lowlr,belie,r,08/19/2026,11:03:18,eddie@node1o08.ecdf.ed.ac.uk,1
57724479,0.00001,hyp1_neglr,belie,r,08/19/2026,10:52:12,eddie@node1l07.ecdf.ed.ac.uk,1
57724481,0.00001,hyp1_neglr,belie,r,08/19/2026,10:52:12,eddie@node1l02.ecdf.ed.ac.uk,1
57724482,0.00001,hyp1_neglr,belie,r,08/19/2026,10:52:12,eddie@node1m02.ecdf.ed.ac.uk,1
57725212,0.00001,hyp1_lowlr,belie,r,08/19/2026,11:03:33,eddie@node1k05.ecdf.ed.ac.uk,1
57725195,0.00001,hyp1_lowlr,belie,r,08/19/2026,11:03:03,eddie@node1j04.ecdf.ed.ac.uk,1
57725201,0.00001,hyp1_lowlr,belie,r,08/19/2026,11:03:18,eddie@node1r18.ecdf.ed.ac.uk,1
57725202,0.00001,hyp1_lowlr,belie,r,08/19/2026,11:03:18,eddie@node1s13.ecdf.ed.ac.uk,1
57724483,0.00001,hyp1_neglr,belie,r,08/19/2026,10:52:12,eddie@node1k02.ecdf.ed.ac.uk,1
57724485,0.00001,hyp1_neglr,belie,r,08/19/2026,10:52:12,eddie@node1j08.ecdf.ed.ac.uk,1
57724486,0.00001,hyp1_neglr,belie,r,08/19/2026,10:52:12,eddie@node1k09.ecdf.ed.ac.uk,1
57724487,0.00001,hyp1_neglr,belie,r,08/19/2026,10:52:12,eddie@node1m04.ecdf.ed.ac.uk,1
57724488,0.00001,hyp1_neglr,belie,r,08/19/2026,10:52:12,eddie@node1k08.ecdf.ed.ac.uk,1
57725217,0.00001,hyp1_lowlr,belie,r,08/19/2026,11:03:48,eddie@node1h12.ecdf.ed.ac.uk,1
57725218,0.00001,hyp1_lowlr,belie,r,08/19/2026,11:03:48,eddie@node1h05.ecdf.ed.ac.uk,1
57724489,0.00001,hyp1_neglr,belie,r,08/19/2026,10:52:13,eddie@node1k01.ecdf.ed.ac.uk,1
57724490,0.00001,hyp1_neglr,belie,r,08/19/2026,10:52:13,eddie@node1k03.ecdf.ed.ac.uk,1
57724491,0.00001,hyp1_neglr,belie,r,08/19/2026,10:52:13,eddie@node1m05.ecdf.ed.ac.uk,1
57725219,0.00001,hyp1_lowlr,belie,r,08/19/2026,11:03:48,eddie@node1o14.ecdf.ed.ac.uk,1
57725220,0.00001,hyp1_lowlr,belie,r,08/19/2026,11:03:48,eddie@node1r18.ecdf.ed.ac.uk,1
57725221,0.00001,hyp1_lowlr,belie,r,08/19/2026,11:03:48,eddie@node1h06.ecdf.ed.ac.uk,1
57725213,0.00001,hyp1_lowlr,belie,r,08/19/2026,11:03:33,eddie@node1j03.ecdf.ed.ac.uk,1
57724492,0.00001,hyp1_neglr,belie,r,08/19/2026,10:52:13,eddie@node1j19.ecdf.ed.ac.uk,1
57724493,0.00001,hyp1_neglr,belie,r,08/19/2026,10:52:13,eddie@node1l07.ecdf.ed.ac.uk,1
57724494,0.00001,hyp1_neglr,belie,r,08/19/2026,10:52:13,eddie@node1m07.ecdf.ed.ac.uk,1
57725223,0.00001,hyp1_lowlr,belie,r,08/19/2026,11:03:48,eddie@node1l06.ecdf.ed.ac.uk,1
57725224,0.00001,hyp1_lowlr,belie,r,08/19/2026,11:03:48,eddie@node1m12.ecdf.ed.ac.uk,1
57724505,0.00001,hyp1_neglr,belie,r,08/19/2026,10:52:27,eddie@node1k07.ecdf.ed.ac.uk,1
57724507,0.00001,hyp1_neglr,belie,r,08/19/2026,10:52:27,eddie@node1k07.ecdf.ed.ac.uk,1
57724495,0.00001,hyp1_neglr,belie,r,08/19/2026,10:52:13,eddie@node1m02.ecdf.ed.ac.uk,1
57724496,0.00001,hyp1_neglr,belie,r,08/19/2026,10:52:13,eddie@node1k02.ecdf.ed.ac.uk,1
57724498,0.00001,hyp1_neglr,belie,r,08/19/2026,10:52:13,eddie@node1j08.ecdf.ed.ac.uk,1
57724508,0.00001,hyp1_neglr,belie,r,08/19/2026,10:52:27,eddie@node1l01.ecdf.ed.ac.uk,1
57725204,0.00001,hyp1_lowlr,belie,r,08/19/2026,11:03:18,eddie@node1h15.ecdf.ed.ac.uk,1
57724500,0.00001,hyp1_neglr,belie,r,08/19/2026,10:52:13,eddie@node1k08.ecdf.ed.ac.uk,1
57724501,0.00001,hyp1_neglr,belie,r,08/19/2026,10:52:13,eddie@node1m04.ecdf.ed.ac.uk,1
57724510,0.00001,hyp1_neglr,belie,r,08/19/2026,10:52:27,eddie@node1l01.ecdf.ed.ac.uk,1
57724511,0.00001,hyp1_neglr,belie,r,08/19/2026,10:52:27,eddie@node1j09.ecdf.ed.ac.uk,1
57724512,0.00001,hyp1_neglr,belie,r,08/19/2026,10:52:27,eddie@node1l19.ecdf.ed.ac.uk,1
57724513,0.00001,hyp1_neglr,belie,r,08/19/2026,10:52:27,eddie@node1l20.ecdf.ed.ac.uk,1
57725205,0.00001,hyp1_lowlr,belie,r,08/19/2026,11:03:18,eddie@node1k04.ecdf.ed.ac.uk,1
57724502,0.00001,hyp1_neglr,belie,r,08/19/2026,10:52:13,eddie@node1k01.ecdf.ed.ac.uk,1
57724503,0.00001,hyp1_neglr,belie,r,08/19/2026,10:52:13,eddie@node1k03.ecdf.ed.ac.uk,1
57724504,0.00001,hyp1_neglr,belie,r,08/19/2026,10:52:13,eddie@node1m05.ecdf.ed.ac.uk,1
57725225,0.00001,hyp1_lowlr,belie,r,08/19/2026,11:03:48,eddie@node1k06.ecdf.ed.ac.uk,1
57725072,0.00001,hyp1_neglr,belie,r,08/19/2026,10:58:32,eddie@node1r14.ecdf.ed.ac.uk,1
57725073,0.00001,hyp1_neglr,belie,r,08/19/2026,10:58:32,eddie@node1o08.ecdf.ed.ac.uk,1
57724514,0.00001,hyp1_neglr,belie,r,08/19/2026,10:52:27,eddie@node1k07.ecdf.ed.ac.uk,1
57724515,0.00001,hyp1_neglr,belie,r,08/19/2026,10:52:27,eddie@node1l05.ecdf.ed.ac.uk,1
57725214,0.00001,hyp1_lowlr,belie,r,08/19/2026,11:03:33,eddie@node1j02.ecdf.ed.ac.uk,1
57725206,0.00001,hyp1_lowlr,belie,r,08/19/2026,11:03:18,eddie@node1l05.ecdf.ed.ac.uk,1
57724516,0.00001,hyp1_neglr,belie,r,08/19/2026,10:52:27,eddie@node1m11.ecdf.ed.ac.uk,1
57724517,0.00001,hyp1_neglr,belie,r,08/19/2026,10:52:27,eddie@node1j09.ecdf.ed.ac.uk,1
57724519,0.00001,hyp1_neglr,belie,r,08/19/2026,10:52:28,eddie@node1j11.ecdf.ed.ac.uk,1
57725207,0.00001,hyp1_lowlr,belie,r,08/19/2026,11:03:18,eddie@node1j19.ecdf.ed.ac.uk,1
57724520,0.00001,hyp1_neglr,belie,r,08/19/2026,10:52:28,eddie@node1l20.ecdf.ed.ac.uk,1
57724521,0.00001,hyp1_neglr,belie,r,08/19/2026,10:52:28,eddie@node1k07.ecdf.ed.ac.uk,1
57724522,0.00001,hyp1_neglr,belie,r,08/19/2026,10:52:28,eddie@node1j17.ecdf.ed.ac.uk,1
57725228,0.00001,hyp1_lowlr,belie,r,08/19/2026,11:04:03,eddie@node1h16.ecdf.ed.ac.uk,1
57725229,0.00001,hyp1_lowlr,belie,r,08/19/2026,11:04:03,eddie@node1o10.ecdf.ed.ac.uk,1
57725230,0.00001,hyp1_lowlr,belie,r,08/19/2026,11:04:03,eddie@node1r12.ecdf.ed.ac.uk,1
57725226,0.00001,hyp1_lowlr,belie,r,08/19/2026,11:03:48,eddie@node1j07.ecdf.ed.ac.uk,1
57724523,0.00001,hyp1_neglr,belie,r,08/19/2026,10:52:28,eddie@node1l04.ecdf.ed.ac.uk,1
57724524,0.00001,hyp1_neglr,belie,r,08/19/2026,10:52:28,eddie@node1l05.ecdf.ed.ac.uk,1
57724525,0.00001,hyp1_neglr,belie,r,08/19/2026,10:52:28,eddie@node1j05.ecdf.ed.ac.uk,1
57724526,0.00001,hyp1_neglr,belie,r,08/19/2026,10:52:28,eddie@node1j04.ecdf.ed.ac.uk,1
57725231,0.00001,hyp1_lowlr,belie,r,08/19/2026,11:04:03,eddie@node1r18.ecdf.ed.ac.uk,1
57724527,0.00001,hyp1_neglr,belie,r,08/19/2026,10:52:28,eddie@node1m11.ecdf.ed.ac.uk,1
57724529,0.00001,hyp1_neglr,belie,r,08/19/2026,10:52:28,eddie@node1j22.ecdf.ed.ac.uk,1
57724530,0.00001,hyp1_neglr,belie,r,08/19/2026,10:52:28,eddie@node1l08.ecdf.ed.ac.uk,1
57724531,0.00001,hyp1_neglr,belie,r,08/19/2026,10:52:28,eddie@node1j09.ecdf.ed.ac.uk,1
57724532,0.00001,hyp1_neglr,belie,r,08/19/2026,10:52:28,eddie@node1l19.ecdf.ed.ac.uk,1
57724533,0.00001,hyp1_neglr,belie,r,08/19/2026,10:52:28,eddie@node1j11.ecdf.ed.ac.uk,1
57724534,0.00001,hyp1_neglr,belie,r,08/19/2026,10:52:28,eddie@node1j06.ecdf.ed.ac.uk,1
57724535,0.00001,hyp1_neglr,belie,r,08/19/2026,10:52:28,eddie@node1l20.ecdf.ed.ac.uk,1
57724536,0.00001,hyp1_neglr,belie,r,08/19/2026,10:52:28,eddie@node1k07.ecdf.ed.ac.uk,1
57724537,0.00001,hyp1_neglr,belie,r,08/19/2026,10:52:28,eddie@node1l09.ecdf.ed.ac.uk,1
57724538,0.00001,hyp1_neglr,belie,r,08/19/2026,10:52:28,eddie@node1j17.ecdf.ed.ac.uk,1
57724539,0.00001,hyp1_neglr,belie,r,08/19/2026,10:52:28,eddie@node1l04.ecdf.ed.ac.uk,1
57724540,0.00001,hyp1_neglr,belie,r,08/19/2026,10:52:28,eddie@node1l05.ecdf.ed.ac.uk,1
57724541,0.00001,hyp1_neglr,belie,r,08/19/2026,10:52:28,eddie@node1j05.ecdf.ed.ac.uk,1
57724542,0.00001,hyp1_neglr,belie,r,08/19/2026,10:52:28,eddie@node1j04.ecdf.ed.ac.uk,1
57724543,0.00001,hyp1_neglr,belie,r,08/19/2026,10:52:28,eddie@node1m11.ecdf.ed.ac.uk,1
57724544,0.00001,hyp1_neglr,belie,r,08/19/2026,10:52:28,eddie@node1m12.ecdf.ed.ac.uk,1
57725232,0.00001,hyp1_lowlr,belie,r,08/19/2026,11:04:03,eddie@node1k05.ecdf.ed.ac.uk,1
57724545,0.00001,hyp1_neglr,belie,r,08/19/2026,10:52:28,eddie@node1j22.ecdf.ed.ac.uk,1
57724546,0.00001,hyp1_neglr,belie,r,08/19/2026,10:52:28,eddie@node1l08.ecdf.ed.ac.uk,1
57724547,0.00001,hyp1_neglr,belie,r,08/19/2026,10:52:28,eddie@node1j09.ecdf.ed.ac.uk,1
57724548,0.00001,hyp1_neglr,belie,r,08/19/2026,10:52:28,eddie@node1l19.ecdf.ed.ac.uk,1
57724549,0.00001,hyp1_neglr,belie,r,08/19/2026,10:52:28,eddie@node1j11.ecdf.ed.ac.uk,1
57724551,0.00001,hyp1_neglr,belie,r,08/19/2026,10:52:28,eddie@node1l20.ecdf.ed.ac.uk,1
57725233,0.00001,hyp1_lowlr,belie,r,08/19/2026,11:04:03,eddie@node1j10.ecdf.ed.ac.uk,1
57724552,0.00001,hyp1_neglr,belie,r,08/19/2026,10:52:28,eddie@node1k07.ecdf.ed.ac.uk,1
57724553,0.00001,hyp1_neglr,belie,r,08/19/2026,10:52:28,eddie@node1l09.ecdf.ed.ac.uk,1
57724554,0.00001,hyp1_neglr,belie,r,08/19/2026,10:52:28,eddie@node1j17.ecdf.ed.ac.uk,1
57725234,0.00001,hyp1_lowlr,belie,r,08/19/2026,11:04:03,eddie@node1j08.ecdf.ed.ac.uk,1
57725239,0.00001,hyp1_lowlr,belie,r,08/19/2026,11:04:18,eddie@node1l28.ecdf.ed.ac.uk,1
57725241,0.00001,hyp1_lowlr,belie,r,08/19/2026,11:04:18,eddie@node1r06.ecdf.ed.ac.uk,1
57724556,0.00001,hyp1_neglr,belie,r,08/19/2026,10:52:42,eddie@node1l04.ecdf.ed.ac.uk,1
57724557,0.00001,hyp1_neglr,belie,r,08/19/2026,10:52:42,eddie@node1j04.ecdf.ed.ac.uk,1
57724558,0.00001,hyp1_neglr,belie,r,08/19/2026,10:52:42,eddie@node1j22.ecdf.ed.ac.uk,1
57724559,0.00001,hyp1_neglr,belie,r,08/19/2026,10:52:42,eddie@node1l08.ecdf.ed.ac.uk,1
57724560,0.00001,hyp1_neglr,belie,r,08/19/2026,10:52:42,eddie@node1j11.ecdf.ed.ac.uk,1
57725242,0.00001,hyp1_lowlr,belie,r,08/19/2026,11:04:18,eddie@node1r17.ecdf.ed.ac.uk,1
57725243,0.00001,hyp1_lowlr,belie,r,08/19/2026,11:04:18,eddie@node1r12.ecdf.ed.ac.uk,1
57725250,0.00001,hyp1_lowlr,belie,r,08/19/2026,11:04:33,eddie@node1h12.ecdf.ed.ac.uk,1
57725251,0.00001,hyp1_lowlr,belie,r,08/19/2026,11:04:33,eddie@node1r07.ecdf.ed.ac.uk,1
57724561,0.00001,hyp1_neglr,belie,r,08/19/2026,10:52:42,eddie@node1l07.ecdf.ed.ac.uk,1
57724563,0.00001,hyp1_neglr,belie,r,08/19/2026,10:52:42,eddie@node1j06.ecdf.ed.ac.uk,1
57724565,0.00001,hyp1_neglr,belie,r,08/19/2026,10:52:42,eddie@node1m07.ecdf.ed.ac.uk,1
57724566,0.00001,hyp1_neglr,belie,r,08/19/2026,10:52:42,eddie@node1l09.ecdf.ed.ac.uk,1
57724567,0.00001,hyp1_neglr,belie,r,08/19/2026,10:52:42,eddie@node1k02.ecdf.ed.ac.uk,1
57725235,0.00001,hyp1_lowlr,belie,r,08/19/2026,11:04:03,eddie@node1l04.ecdf.ed.ac.uk,1
57724569,0.00001,hyp1_neglr,belie,r,08/19/2026,10:52:42,eddie@node1j03.ecdf.ed.ac.uk,1
57724570,0.00001,hyp1_neglr,belie,r,08/19/2026,10:52:42,eddie@node1j08.ecdf.ed.ac.uk,1
57724571,0.00001,hyp1_neglr,belie,r,08/19/2026,10:52:42,eddie@node1l04.ecdf.ed.ac.uk,1
57724572,0.00001,hyp1_neglr,belie,r,08/19/2026,10:52:42,eddie@node1k08.ecdf.ed.ac.uk,1
57724573,0.00001,hyp1_neglr,belie,r,08/19/2026,10:52:42,eddie@node1m02.ecdf.ed.ac.uk,1
57724575,0.00001,hyp1_neglr,belie,r,08/19/2026,10:52:42,eddie@node1m04.ecdf.ed.ac.uk,1
57725236,0.00001,hyp1_lowlr,belie,r,08/19/2026,11:04:03,eddie@node1j23.ecdf.ed.ac.uk,1
57725244,0.00001,hyp1_lowlr,belie,r,08/19/2026,11:04:18,eddie@node1r09.ecdf.ed.ac.uk,1
57724576,0.00001,hyp1_neglr,belie,r,08/19/2026,10:52:42,eddie@node1j22.ecdf.ed.ac.uk,1
57724577,0.00001,hyp1_neglr,belie,r,08/19/2026,10:52:42,eddie@node1l08.ecdf.ed.ac.uk,1
57724578,0.00001,hyp1_neglr,belie,r,08/19/2026,10:52:42,eddie@node1k09.ecdf.ed.ac.uk,1
57724579,0.00001,hyp1_neglr,belie,r,08/19/2026,10:52:42,eddie@node1k01.ecdf.ed.ac.uk,1
57725237,0.00001,hyp1_lowlr,belie,r,08/19/2026,11:04:03,eddie@node1m10.ecdf.ed.ac.uk,1
57725068,0.00001,hyp1_neglr,belie,r,08/19/2026,10:58:02,eddie@node1r14.ecdf.ed.ac.uk,1
57725252,0.00001,hyp1_lowlr,belie,r,08/19/2026,11:04:33,eddie@node1h14.ecdf.ed.ac.uk,1
57724580,0.00001,hyp1_neglr,belie,r,08/19/2026,10:52:42,eddie@node1l07.ecdf.ed.ac.uk,1
57724581,0.00001,hyp1_neglr,belie,r,08/19/2026,10:52:42,eddie@node1m12.ecdf.ed.ac.uk,1
57724582,0.00001,hyp1_neglr,belie,r,08/19/2026,10:52:42,eddie@node1j06.ecdf.ed.ac.uk,1
57725238,0.00001,hyp1_lowlr,belie,r,08/19/2026,11:04:03,eddie@node1m01.ecdf.ed.ac.uk,1
57725253,0.00001,hyp1_lowlr,belie,r,08/19/2026,11:04:33,eddie@node1h14.ecdf.ed.ac.uk,1
57724583,0.00001,hyp1_neglr,belie,r,08/19/2026,10:52:42,eddie@node1j19.ecdf.ed.ac.uk,1
57724584,0.00001,hyp1_neglr,belie,r,08/19/2026,10:52:42,eddie@node1m07.ecdf.ed.ac.uk,1
57724585,0.00001,hyp1_neglr,belie,r,08/19/2026,10:52:43,eddie@node1k02.ecdf.ed.ac.uk,1
57724586,0.00001,hyp1_neglr,belie,r,08/19/2026,10:52:43,eddie@node1m05.ecdf.ed.ac.uk,1
57724587,0.00001,hyp1_neglr,belie,r,08/19/2026,10:52:43,eddie@node1j03.ecdf.ed.ac.uk,1
57724588,0.00001,hyp1_neglr,belie,r,08/19/2026,10:52:43,eddie@node1j08.ecdf.ed.ac.uk,1
57724589,0.00001,hyp1_neglr,belie,r,08/19/2026,10:52:43,eddie@node1k08.ecdf.ed.ac.uk,1
57724590,0.00001,hyp1_neglr,belie,r,08/19/2026,10:52:43,eddie@node1m02.ecdf.ed.ac.uk,1
57724591,0.00001,hyp1_neglr,belie,r,08/19/2026,10:52:43,eddie@node1k07.ecdf.ed.ac.uk,1
57724592,0.00001,hyp1_neglr,belie,r,08/19/2026,10:52:43,eddie@node1m04.ecdf.ed.ac.uk,1
57724593,0.00001,hyp1_neglr,belie,r,08/19/2026,10:52:43,eddie@node1j23.ecdf.ed.ac.uk,1
57725246,0.00001,hyp1_lowlr,belie,r,08/19/2026,11:04:18,eddie@node1m03.ecdf.ed.ac.uk,1
57725254,0.00001,hyp1_lowlr,belie,r,08/19/2026,11:04:33,eddie@node1r05.ecdf.ed.ac.uk,1
57724594,0.00001,hyp1_neglr,belie,r,08/19/2026,10:52:43,eddie@node1k09.ecdf.ed.ac.uk,1
57724595,0.00001,hyp1_neglr,belie,r,08/19/2026,10:52:43,eddie@node1k03.ecdf.ed.ac.uk,1
57724596,0.00001,hyp1_neglr,belie,r,08/19/2026,10:52:43,eddie@node1l07.ecdf.ed.ac.uk,1
57724597,0.00001,hyp1_neglr,belie,r,08/19/2026,10:52:43,eddie@node1m12.ecdf.ed.ac.uk,1
57724598,0.00001,hyp1_neglr,belie,r,08/19/2026,10:52:43,eddie@node1j19.ecdf.ed.ac.uk,1
57724599,0.00001,hyp1_neglr,belie,r,08/19/2026,10:52:43,eddie@node1m07.ecdf.ed.ac.uk,1
57724600,0.00001,hyp1_neglr,belie,r,08/19/2026,10:52:43,eddie@node1k02.ecdf.ed.ac.uk,1
57724601,0.00001,hyp1_neglr,belie,r,08/19/2026,10:52:43,eddie@node1m05.ecdf.ed.ac.uk,1
57724602,0.00001,hyp1_neglr,belie,r,08/19/2026,10:52:43,eddie@node1l10.ecdf.ed.ac.uk,1
57724603,0.00001,hyp1_neglr,belie,r,08/19/2026,10:52:43,eddie@node1m01.ecdf.ed.ac.uk,1
57725247,0.00001,hyp1_lowlr,belie,r,08/19/2026,11:04:18,eddie@node1j06.ecdf.ed.ac.uk,1
57724604,0.00001,hyp1_neglr,belie,r,08/19/2026,10:52:43,eddie@node1j08.ecdf.ed.ac.uk,1
57724605,0.00001,hyp1_neglr,belie,r,08/19/2026,10:52:43,eddie@node1k08.ecdf.ed.ac.uk,1
57724606,0.00001,hyp1_neglr,belie,r,08/19/2026,10:52:43,eddie@node1m02.ecdf.ed.ac.uk,1
57724607,0.00001,hyp1_neglr,belie,r,08/19/2026,10:52:43,eddie@node1k07.ecdf.ed.ac.uk,1
57725248,0.00001,hyp1_lowlr,belie,r,08/19/2026,11:04:18,eddie@node1k17.ecdf.ed.ac.uk,1
57725249,0.00001,hyp1_lowlr,belie,r,08/19/2026,11:04:18,eddie@node1l05.ecdf.ed.ac.uk,1
57725255,0.00001,hyp1_lowlr,belie,r,08/19/2026,11:04:33,eddie@node1r06.ecdf.ed.ac.uk,1
57725262,0.00001,hyp1_lowlr,belie,r,08/19/2026,11:04:48,eddie@node1r07.ecdf.ed.ac.uk,1
57725263,0.00001,hyp1_lowlr,belie,r,08/19/2026,11:04:48,eddie@node1m16.ecdf.ed.ac.uk,1
57724608,0.00001,hyp1_neglr,belie,r,08/19/2026,10:52:57,eddie@node1m04.ecdf.ed.ac.uk,1
57724609,0.00001,hyp1_neglr,belie,r,08/19/2026,10:52:57,eddie@node1j02.ecdf.ed.ac.uk,1
57724610,0.00001,hyp1_neglr,belie,r,08/19/2026,10:52:57,eddie@node1j23.ecdf.ed.ac.uk,1
57724611,0.00001,hyp1_neglr,belie,r,08/19/2026,10:52:57,eddie@node1j01.ecdf.ed.ac.uk,1
57725281,0.00001,hyp1_lowlr,belie,r,08/19/2026,11:05:18,eddie@node1s20.ecdf.ed.ac.uk,1
57725282,0.00001,hyp1_lowlr,belie,r,08/19/2026,11:05:18,eddie@node1h23.ecdf.ed.ac.uk,1
57724613,0.00001,hyp1_neglr,belie,r,08/19/2026,10:52:57,eddie@node1m10.ecdf.ed.ac.uk,1
57724614,0.00001,hyp1_neglr,belie,r,08/19/2026,10:52:57,eddie@node1j07.ecdf.ed.ac.uk,1
57724615,0.00001,hyp1_neglr,belie,r,08/19/2026,10:52:57,eddie@node1l03.ecdf.ed.ac.uk,1
57725067,0.00001,hyp1_neglr,belie,r,08/19/2026,10:57:47,eddie@node1o05.ecdf.ed.ac.uk,1
57724617,0.00001,hyp1_neglr,belie,r,08/19/2026,10:52:57,eddie@node1k03.ecdf.ed.ac.uk,1
57724619,0.00001,hyp1_neglr,belie,r,08/19/2026,10:52:57,eddie@node1k02.ecdf.ed.ac.uk,1
57725264,0.00001,hyp1_lowlr,belie,r,08/19/2026,11:04:48,eddie@node1m15.ecdf.ed.ac.uk,1
57725265,0.00001,hyp1_lowlr,belie,r,08/19/2026,11:04:48,eddie@node1m16.ecdf.ed.ac.uk,1
57724620,0.00001,hyp1_neglr,belie,r,08/19/2026,10:52:57,eddie@node1m01.ecdf.ed.ac.uk,1
57724621,0.00001,hyp1_neglr,belie,r,08/19/2026,10:52:57,eddie@node1l10.ecdf.ed.ac.uk,1
57724622,0.00001,hyp1_neglr,belie,r,08/19/2026,10:52:57,eddie@node1j02.ecdf.ed.ac.uk,1
57725266,0.00001,hyp1_lowlr,belie,r,08/19/2026,11:04:48,eddie@node1h15.ecdf.ed.ac.uk,1
57725283,0.00001,hyp1_lowlr,belie,r,08/19/2026,11:05:18,eddie@node1j27.ecdf.ed.ac.uk,1
57724623,0.00001,hyp1_neglr,belie,r,08/19/2026,10:52:57,eddie@node1j23.ecdf.ed.ac.uk,1
57724624,0.00001,hyp1_neglr,belie,r,08/19/2026,10:52:57,eddie@node1j01.ecdf.ed.ac.uk,1
57724625,0.00001,hyp1_neglr,belie,r,08/19/2026,10:52:57,eddie@node1k06.ecdf.ed.ac.uk,1
57725267,0.00001,hyp1_lowlr,belie,r,08/19/2026,11:04:48,eddie@node1r12.ecdf.ed.ac.uk,1
57725284,0.00001,hyp1_lowlr,belie,r,08/19/2026,11:05:18,eddie@node1h11.ecdf.ed.ac.uk,1
57724627,0.00001,hyp1_neglr,belie,r,08/19/2026,10:52:57,eddie@node1j07.ecdf.ed.ac.uk,1
57724628,0.00001,hyp1_neglr,belie,r,08/19/2026,10:52:57,eddie@node1l03.ecdf.ed.ac.uk,1
57724629,0.00001,hyp1_neglr,belie,r,08/19/2026,10:52:57,eddie@node1j21.ecdf.ed.ac.uk,1
57725268,0.00001,hyp1_lowlr,belie,r,08/19/2026,11:04:48,eddie@node1h10.ecdf.ed.ac.uk,1
57725285,0.00001,hyp1_lowlr,belie,r,08/19/2026,11:05:18,eddie@node1h09.ecdf.ed.ac.uk,1
57724631,0.00001,hyp1_neglr,belie,r,08/19/2026,10:52:58,eddie@node1l10.ecdf.ed.ac.uk,1
57724632,0.00001,hyp1_neglr,belie,r,08/19/2026,10:52:58,eddie@node1j02.ecdf.ed.ac.uk,1
57724633,0.00001,hyp1_neglr,belie,r,08/19/2026,10:52:58,eddie@node1k07.ecdf.ed.ac.uk,1
57724634,0.00001,hyp1_neglr,belie,r,08/19/2026,10:52:58,eddie@node1j18.ecdf.ed.ac.uk,1
57725286,0.00001,hyp1_lowlr,belie,r,08/19/2026,11:05:18,eddie@node1h11.ecdf.ed.ac.uk,1
57724635,0.00001,hyp1_neglr,belie,r,08/19/2026,10:52:58,eddie@node1k07.ecdf.ed.ac.uk,1
57724636,0.00001,hyp1_neglr,belie,r,08/19/2026,10:52:58,eddie@node1k07.ecdf.ed.ac.uk,1
57724637,0.00001,hyp1_neglr,belie,r,08/19/2026,10:52:58,eddie@node1k07.ecdf.ed.ac.uk,1
57724638,0.00001,hyp1_neglr,belie,r,08/19/2026,10:52:58,eddie@node1k07.ecdf.ed.ac.uk,1
57724639,0.00001,hyp1_neglr,belie,r,08/19/2026,10:52:58,eddie@node1k07.ecdf.ed.ac.uk,1
57724640,0.00001,hyp1_neglr,belie,r,08/19/2026,10:52:58,eddie@node1k07.ecdf.ed.ac.uk,1
57725287,0.00001,hyp1_lowlr,belie,r,08/19/2026,11:05:18,eddie@node1s13.ecdf.ed.ac.uk,1
57724642,0.00001,hyp1_neglr,belie,r,08/19/2026,10:52:58,eddie@node1k07.ecdf.ed.ac.uk,1
57724643,0.00001,hyp1_neglr,belie,r,08/19/2026,10:52:58,eddie@node1k07.ecdf.ed.ac.uk,1
57724644,0.00001,hyp1_neglr,belie,r,08/19/2026,10:52:58,eddie@node1k07.ecdf.ed.ac.uk,1
57724645,0.00001,hyp1_neglr,belie,r,08/19/2026,10:52:58,eddie@node1j13.ecdf.ed.ac.uk,1
57725256,0.00001,hyp1_lowlr,belie,r,08/19/2026,11:04:33,eddie@node1s13.ecdf.ed.ac.uk,1
57724646,0.00001,hyp1_neglr,belie,r,08/19/2026,10:52:58,eddie@node1k18.ecdf.ed.ac.uk,1
57724647,0.00001,hyp1_neglr,belie,r,08/19/2026,10:52:58,eddie@node1k11.ecdf.ed.ac.uk,1
57724648,0.00001,hyp1_neglr,belie,r,08/19/2026,10:52:58,eddie@node1k12.ecdf.ed.ac.uk,1
57724649,0.00001,hyp1_neglr,belie,r,08/19/2026,10:52:58,eddie@node1j13.ecdf.ed.ac.uk,1
57725257,0.00001,hyp1_lowlr,belie,r,08/19/2026,11:04:33,eddie@node1s13.ecdf.ed.ac.uk,1
57725258,0.00001,hyp1_lowlr,belie,r,08/19/2026,11:04:33,eddie@node1l20.ecdf.ed.ac.uk,1
57724650,0.00001,hyp1_neglr,belie,r,08/19/2026,10:52:58,eddie@node1k14.ecdf.ed.ac.uk,1
57724651,0.00001,hyp1_neglr,belie,r,08/19/2026,10:52:58,eddie@node1k18.ecdf.ed.ac.uk,1
57724652,0.00001,hyp1_neglr,belie,r,08/19/2026,10:52:58,eddie@node1k11.ecdf.ed.ac.uk,1
57725259,0.00001,hyp1_lowlr,belie,r,08/19/2026,11:04:33,eddie@node1j06.ecdf.ed.ac.uk,1
57725260,0.00001,hyp1_lowlr,belie,r,08/19/2026,11:04:33,eddie@node1l05.ecdf.ed.ac.uk,1
57725299,0.00001,hyp1_lowlr,belie,r,08/19/2026,11:05:33,eddie@node1m15.ecdf.ed.ac.uk,1
57724653,0.00001,hyp1_neglr,belie,r,08/19/2026,10:52:58,eddie@node1k12.ecdf.ed.ac.uk,1
57724654,0.00001,hyp1_neglr,belie,r,08/19/2026,10:52:58,eddie@node1j13.ecdf.ed.ac.uk,1
57724655,0.00001,hyp1_neglr,belie,r,08/19/2026,10:52:58,eddie@node1k14.ecdf.ed.ac.uk,1
57725269,0.00001,hyp1_lowlr,belie,r,08/19/2026,11:04:48,eddie@node1s13.ecdf.ed.ac.uk,1
57725270,0.00001,hyp1_lowlr,belie,r,08/19/2026,11:04:48,eddie@node1s13.ecdf.ed.ac.uk,1
57725288,0.00001,hyp1_lowlr,belie,r,08/19/2026,11:05:18,eddie@node1k05.ecdf.ed.ac.uk,1
57725261,0.00001,hyp1_lowlr,belie,r,08/19/2026,11:04:33,eddie@node1n15.ecdf.ed.ac.uk,1
57724656,0.00001,hyp1_neglr,belie,r,08/19/2026,10:52:58,eddie@node1k18.ecdf.ed.ac.uk,1
57724657,0.00001,hyp1_neglr,belie,r,08/19/2026,10:52:58,eddie@node1k16.ecdf.ed.ac.uk,1
57724658,0.00001,hyp1_neglr,belie,r,08/19/2026,10:52:58,eddie@node1n12.ecdf.ed.ac.uk,1
57724659,0.00001,hyp1_neglr,belie,r,08/19/2026,10:52:58,eddie@node1k15.ecdf.ed.ac.uk,1
57725271,0.00001,hyp1_lowlr,belie,r,08/19/2026,11:04:48,eddie@node1k03.ecdf.ed.ac.uk,1
57725272,0.00001,hyp1_lowlr,belie,r,08/19/2026,11:04:48,eddie@node1l09.ecdf.ed.ac.uk,1
57725275,0.00001,hyp1_lowlr,belie,r,08/19/2026,11:05:06,eddie@node1m14.ecdf.ed.ac.uk,1
57725289,0.00001,hyp1_lowlr,belie,r,08/19/2026,11:05:18,eddie@node1k05.ecdf.ed.ac.uk,1
57725290,0.00001,hyp1_lowlr,belie,r,08/19/2026,11:05:18,eddie@node1l06.ecdf.ed.ac.uk,1
57725291,0.00001,hyp1_lowlr,belie,r,08/19/2026,11:05:18,eddie@node1j21.ecdf.ed.ac.uk,1
57725292,0.00001,hyp1_lowlr,belie,r,08/19/2026,11:05:18,eddie@node1j22.ecdf.ed.ac.uk,1
57725293,0.00001,hyp1_lowlr,belie,r,08/19/2026,11:05:18,eddie@node1l19.ecdf.ed.ac.uk,1
57725294,0.00001,hyp1_lowlr,belie,r,08/19/2026,11:05:18,eddie@node1j01.ecdf.ed.ac.uk,1
57724660,0.00001,hyp1_neglr,belie,r,08/19/2026,10:53:12,eddie@node1k11.ecdf.ed.ac.uk,1
57724661,0.00001,hyp1_neglr,belie,r,08/19/2026,10:53:12,eddie@node1k12.ecdf.ed.ac.uk,1
57724662,0.00001,hyp1_neglr,belie,r,08/19/2026,10:53:12,eddie@node1j13.ecdf.ed.ac.uk,1
57725273,0.00001,hyp1_lowlr,belie,r,08/19/2026,11:04:48,eddie@node1j04.ecdf.ed.ac.uk,1
57725295,0.00001,hyp1_lowlr,belie,r,08/19/2026,11:05:18,eddie@node1k03.ecdf.ed.ac.uk,1
57724663,0.00001,hyp1_neglr,belie,r,08/19/2026,10:53:12,eddie@node1k14.ecdf.ed.ac.uk,1
57725300,0.00001,hyp1_lowlr,belie,r,08/19/2026,11:05:33,eddie@node1h15.ecdf.ed.ac.uk,1
57724664,0.00001,hyp1_neglr,belie,r,08/19/2026,10:53:12,eddie@node1k16.ecdf.ed.ac.uk,1
57724665,0.00001,hyp1_neglr,belie,r,08/19/2026,10:53:12,eddie@node1k11.ecdf.ed.ac.uk,1
57724666,0.00001,hyp1_neglr,belie,r,08/19/2026,10:53:12,eddie@node1n12.ecdf.ed.ac.uk,1
57725312,0.00001,hyp1_lowlr,belie,r,08/19/2026,11:05:48,eddie@node1r20.ecdf.ed.ac.uk,1
57725296,0.00001,hyp1_lowlr,belie,r,08/19/2026,11:05:18,eddie@node1l19.ecdf.ed.ac.uk,1
57725297,0.00001,hyp1_lowlr,belie,r,08/19/2026,11:05:18,eddie@node1j23.ecdf.ed.ac.uk,1
57724667,0.00001,hyp1_neglr,belie,r,08/19/2026,10:53:12,eddie@node1k15.ecdf.ed.ac.uk,1
57724668,0.00001,hyp1_neglr,belie,r,08/19/2026,10:53:12,eddie@node1j13.ecdf.ed.ac.uk,1
57724669,0.00001,hyp1_neglr,belie,r,08/19/2026,10:53:12,eddie@node1k14.ecdf.ed.ac.uk,1
57725301,0.00001,hyp1_lowlr,belie,r,08/19/2026,11:05:33,eddie@node1r18.ecdf.ed.ac.uk,1
57725313,0.00001,hyp1_lowlr,belie,r,08/19/2026,11:05:48,eddie@node1o11.ecdf.ed.ac.uk,1
57725324,0.00001,hyp1_lowlr,belie,r,08/19/2026,11:06:03,eddie@node1l22.ecdf.ed.ac.uk,1
57724670,0.00001,hyp1_neglr,belie,r,08/19/2026,10:53:12,eddie@node1k16.ecdf.ed.ac.uk,1
57724671,0.00001,hyp1_neglr,belie,r,08/19/2026,10:53:12,eddie@node1k11.ecdf.ed.ac.uk,1
57724672,0.00001,hyp1_neglr,belie,r,08/19/2026,10:53:12,eddie@node1k13.ecdf.ed.ac.uk,1
57724673,0.00001,hyp1_neglr,belie,r,08/19/2026,10:53:12,eddie@node1n12.ecdf.ed.ac.uk,1
57725325,0.00001,hyp1_lowlr,belie,r,08/19/2026,11:06:03,eddie@node1s20.ecdf.ed.ac.uk,1
57725298,0.00001,hyp1_lowlr,belie,r,08/19/2026,11:05:18,eddie@node1l19.ecdf.ed.ac.uk,1
57724674,0.00001,hyp1_neglr,belie,r,08/19/2026,10:53:12,eddie@node1k15.ecdf.ed.ac.uk,1
57724675,0.00001,hyp1_neglr,belie,r,08/19/2026,10:53:12,eddie@node1k19.ecdf.ed.ac.uk,1
57724676,0.00001,hyp1_neglr,belie,r,08/19/2026,10:53:12,eddie@node1j12.ecdf.ed.ac.uk,1
57725302,0.00001,hyp1_lowlr,belie,r,08/19/2026,11:05:33,eddie@node1h11.ecdf.ed.ac.uk,1
57725303,0.00001,hyp1_lowlr,belie,r,08/19/2026,11:05:33,eddie@node1m03.ecdf.ed.ac.uk,1
57725304,0.00001,hyp1_lowlr,belie,r,08/19/2026,11:05:33,eddie@node1l02.ecdf.ed.ac.uk,1
57725276,0.00001,hyp1_lowlr,belie,r,08/19/2026,11:05:06,eddie@node1h14.ecdf.ed.ac.uk,1
57725277,0.00001,hyp1_lowlr,belie,r,08/19/2026,11:05:06,eddie@node1r09.ecdf.ed.ac.uk,1
57725278,0.00001,hyp1_lowlr,belie,r,08/19/2026,11:05:06,eddie@node1j21.ecdf.ed.ac.uk,1
57725274,0.00001,hyp1_lowlr,belie,r,08/19/2026,11:04:48,eddie@node1l20.ecdf.ed.ac.uk,1
57725314,0.00001,hyp1_lowlr,belie,r,08/19/2026,11:05:48,eddie@node1h06.ecdf.ed.ac.uk,1
57725315,0.00001,hyp1_lowlr,belie,r,08/19/2026,11:05:48,eddie@node1h16.ecdf.ed.ac.uk,1
57725326,0.00001,hyp1_lowlr,belie,r,08/19/2026,11:06:03,eddie@node1s20.ecdf.ed.ac.uk,1
57724677,0.00001,hyp1_neglr,belie,r,08/19/2026,10:53:12,eddie@node1j13.ecdf.ed.ac.uk,1
57724678,0.00001,hyp1_neglr,belie,r,08/19/2026,10:53:12,eddie@node1k14.ecdf.ed.ac.uk,1
57724679,0.00001,hyp1_neglr,belie,r,08/19/2026,10:53:12,eddie@node1n12.ecdf.ed.ac.uk,1
57724680,0.00001,hyp1_neglr,belie,r,08/19/2026,10:53:12,eddie@node1k19.ecdf.ed.ac.uk,1
57725316,0.00001,hyp1_lowlr,belie,r,08/19/2026,11:05:48,eddie@node1o10.ecdf.ed.ac.uk,1
57725317,0.00001,hyp1_lowlr,belie,r,08/19/2026,11:05:48,eddie@node1h11.ecdf.ed.ac.uk,1
57725327,0.00001,hyp1_lowlr,belie,r,08/19/2026,11:06:03,eddie@node1o10.ecdf.ed.ac.uk,1
57724681,0.00001,hyp1_neglr,belie,r,08/19/2026,10:53:12,eddie@node1j12.ecdf.ed.ac.uk,1
57724682,0.00001,hyp1_neglr,belie,r,08/19/2026,10:53:12,eddie@node1n11.ecdf.ed.ac.uk,1
57724683,0.00001,hyp1_neglr,belie,r,08/19/2026,10:53:12,eddie@node1j12.ecdf.ed.ac.uk,1
57725305,0.00001,hyp1_lowlr,belie,r,08/19/2026,11:05:33,eddie@node1m04.ecdf.ed.ac.uk,1
57725279,0.00001,hyp1_lowlr,belie,r,08/19/2026,11:05:06,eddie@node1j04.ecdf.ed.ac.uk,1
57725280,0.00001,hyp1_lowlr,belie,r,08/19/2026,11:05:06,eddie@node1n16.ecdf.ed.ac.uk,1
57725319,0.00001,hyp1_lowlr,belie,r,08/19/2026,11:05:48,eddie@node1s19.ecdf.ed.ac.uk,1
57725328,0.00001,hyp1_lowlr,belie,r,08/19/2026,11:06:03,eddie@node1o09.ecdf.ed.ac.uk,1
57725329,0.00001,hyp1_lowlr,belie,r,08/19/2026,11:06:03,eddie@node1o10.ecdf.ed.ac.uk,1
57724684,0.00001,hyp1_neglr,belie,r,08/19/2026,10:53:12,eddie@node1k10.ecdf.ed.ac.uk,1
57724685,0.00001,hyp1_neglr,belie,r,08/19/2026,10:53:12,eddie@node1n09.ecdf.ed.ac.uk,1
57725306,0.00001,hyp1_lowlr,belie,r,08/19/2026,11:05:33,eddie@node1j05.ecdf.ed.ac.uk,1
57725320,0.00001,hyp1_lowlr,belie,r,08/19/2026,11:05:48,eddie@node1k04.ecdf.ed.ac.uk,1
57725307,0.00001,hyp1_lowlr,belie,r,08/19/2026,11:05:33,eddie@node1j07.ecdf.ed.ac.uk,1
57725330,0.00001,hyp1_lowlr,belie,r,08/19/2026,11:06:03,eddie@node1o09.ecdf.ed.ac.uk,1
57725331,0.00001,hyp1_lowlr,belie,r,08/19/2026,11:06:03,eddie@node1k05.ecdf.ed.ac.uk,1
57724695,0.00001,hyp1_neglr,belie,r,08/19/2026,10:53:27,eddie@node1i17.ecdf.ed.ac.uk,1
57724696,0.00001,hyp1_neglr,belie,r,08/19/2026,10:53:27,eddie@node1i17.ecdf.ed.ac.uk,1
57724686,0.00001,hyp1_neglr,belie,r,08/19/2026,10:53:12,eddie@node1n10.ecdf.ed.ac.uk,1
57724687,0.00001,hyp1_neglr,belie,r,08/19/2026,10:53:12,eddie@node1k17.ecdf.ed.ac.uk,1
57724688,0.00001,hyp1_neglr,belie,r,08/19/2026,10:53:12,eddie@node1k10.ecdf.ed.ac.uk,1
57725321,0.00001,hyp1_lowlr,belie,r,08/19/2026,11:05:48,eddie@node1j03.ecdf.ed.ac.uk,1
57725332,0.00001,hyp1_lowlr,belie,r,08/19/2026,11:06:03,eddie@node1l02.ecdf.ed.ac.uk,1
57724697,0.00001,hyp1_neglr,belie,r,08/19/2026,10:53:27,eddie@node1i17.ecdf.ed.ac.uk,1
57724698,0.00001,hyp1_neglr,belie,r,08/19/2026,10:53:27,eddie@node1i17.ecdf.ed.ac.uk,1
57724699,0.00001,hyp1_neglr,belie,r,08/19/2026,10:53:27,eddie@node1i17.ecdf.ed.ac.uk,1
57724689,0.00001,hyp1_neglr,belie,r,08/19/2026,10:53:12,eddie@node1n09.ecdf.ed.ac.uk,1
57724690,0.00001,hyp1_neglr,belie,r,08/19/2026,10:53:12,eddie@node1n10.ecdf.ed.ac.uk,1
57724691,0.00001,hyp1_neglr,belie,r,08/19/2026,10:53:12,eddie@node1k17.ecdf.ed.ac.uk,1
57724692,0.00001,hyp1_neglr,belie,r,08/19/2026,10:53:12,eddie@node1k20.ecdf.ed.ac.uk,1
57725308,0.00001,hyp1_lowlr,belie,r,08/19/2026,11:05:33,eddie@node1l09.ecdf.ed.ac.uk,1
57725063,0.00001,hyp1_neglr,belie,r,08/19/2026,10:57:17,eddie@node1r14.ecdf.ed.ac.uk,1
57725064,0.00001,hyp1_neglr,belie,r,08/19/2026,10:57:17,eddie@node1r14.ecdf.ed.ac.uk,1
57725349,0.00001,hyp1_lowlr,belie,r,08/19/2026,11:06:18,eddie@node1m16.ecdf.ed.ac.uk,1
57725333,0.00001,hyp1_lowlr,belie,r,08/19/2026,11:06:03,eddie@node1l06.ecdf.ed.ac.uk,1
57724700,0.00001,hyp1_neglr,belie,r,08/19/2026,10:53:27,eddie@node1i17.ecdf.ed.ac.uk,1
57724701,0.00001,hyp1_neglr,belie,r,08/19/2026,10:53:27,eddie@node1i17.ecdf.ed.ac.uk,1
57724702,0.00001,hyp1_neglr,belie,r,08/19/2026,10:53:27,eddie@node1i17.ecdf.ed.ac.uk,1
57724693,0.00001,hyp1_neglr,belie,r,08/19/2026,10:53:12,eddie@node1i17.ecdf.ed.ac.uk,1
57724694,0.00001,hyp1_neglr,belie,r,08/19/2026,10:53:12,eddie@node1i17.ecdf.ed.ac.uk,1
57725065,0.00001,hyp1_neglr,belie,r,08/19/2026,10:57:17,eddie@node1h03.ecdf.ed.ac.uk,1
57725350,0.00001,hyp1_lowlr,belie,r,08/19/2026,11:06:18,eddie@node1m15.ecdf.ed.ac.uk,1
57725322,0.00001,hyp1_lowlr,belie,r,08/19/2026,11:05:48,eddie@node1j17.ecdf.ed.ac.uk,1
57725323,0.00001,hyp1_lowlr,belie,r,08/19/2026,11:05:48,eddie@node1l20.ecdf.ed.ac.uk,1
57724703,0.00001,hyp1_neglr,belie,r,08/19/2026,10:53:27,eddie@node1i17.ecdf.ed.ac.uk,1
57724704,0.00001,hyp1_neglr,belie,r,08/19/2026,10:53:27,eddie@node1i17.ecdf.ed.ac.uk,1
57724705,0.00001,hyp1_neglr,belie,r,08/19/2026,10:53:27,eddie@node1i17.ecdf.ed.ac.uk,1
57725334,0.00001,hyp1_lowlr,belie,r,08/19/2026,11:06:03,eddie@node1j21.ecdf.ed.ac.uk,1
57724706,0.00001,hyp1_neglr,belie,r,08/19/2026,10:53:27,eddie@node1i17.ecdf.ed.ac.uk,1
57724707,0.00001,hyp1_neglr,belie,r,08/19/2026,10:53:27,eddie@node1i17.ecdf.ed.ac.uk,1
57724708,0.00001,hyp1_neglr,belie,r,08/19/2026,10:53:27,eddie@node1i17.ecdf.ed.ac.uk,1
57725351,0.00001,hyp1_lowlr,belie,r,08/19/2026,11:06:18,eddie@node1r17.ecdf.ed.ac.uk,1
57725335,0.00001,hyp1_lowlr,belie,r,08/19/2026,11:06:03,eddie@node1j03.ecdf.ed.ac.uk,1
57725336,0.00001,hyp1_lowlr,belie,r,08/19/2026,11:06:03,eddie@node1k07.ecdf.ed.ac.uk,1
57724709,0.00001,hyp1_neglr,belie,r,08/19/2026,10:53:27,eddie@node1i17.ecdf.ed.ac.uk,1
57724710,0.00001,hyp1_neglr,belie,r,08/19/2026,10:53:27,eddie@node1i17.ecdf.ed.ac.uk,1
57724711,0.00001,hyp1_neglr,belie,r,08/19/2026,10:53:27,eddie@node1i17.ecdf.ed.ac.uk,1
57725309,0.00001,hyp1_lowlr,belie,r,08/19/2026,11:05:33,eddie@node1j23.ecdf.ed.ac.uk,1
57725352,0.00001,hyp1_lowlr,belie,r,08/19/2026,11:06:18,eddie@node1o14.ecdf.ed.ac.uk,1
57725353,0.00001,hyp1_lowlr,belie,r,08/19/2026,11:06:18,eddie@node1j28.ecdf.ed.ac.uk,1
57724712,0.00001,hyp1_neglr,belie,r,08/19/2026,10:53:27,eddie@node1i17.ecdf.ed.ac.uk,1
57724713,0.00001,hyp1_neglr,belie,r,08/19/2026,10:53:27,eddie@node1i17.ecdf.ed.ac.uk,1
57724714,0.00001,hyp1_neglr,belie,r,08/19/2026,10:53:27,eddie@node1i17.ecdf.ed.ac.uk,1
57725310,0.00001,hyp1_lowlr,belie,r,08/19/2026,11:05:33,eddie@node1j02.ecdf.ed.ac.uk,1
57724715,0.00001,hyp1_neglr,belie,r,08/19/2026,10:53:27,eddie@node1i17.ecdf.ed.ac.uk,1
57724716,0.00001,hyp1_neglr,belie,r,08/19/2026,10:53:27,eddie@node1i17.ecdf.ed.ac.uk,1
57724717,0.00001,hyp1_neglr,belie,r,08/19/2026,10:53:27,eddie@node1i17.ecdf.ed.ac.uk,1
57724718,0.00001,hyp1_neglr,belie,r,08/19/2026,10:53:27,eddie@node1i17.ecdf.ed.ac.uk,1
57725311,0.00001,hyp1_lowlr,belie,r,08/19/2026,11:05:33,eddie@node1l19.ecdf.ed.ac.uk,1
57725367,0.00001,hyp1_lowlr,belie,r,08/19/2026,11:06:33,eddie@node1s14.ecdf.ed.ac.uk,1
57725354,0.00001,hyp1_lowlr,belie,r,08/19/2026,11:06:18,eddie@node1h11.ecdf.ed.ac.uk,1
57725337,0.00001,hyp1_lowlr,belie,r,08/19/2026,11:06:03,eddie@node1j08.ecdf.ed.ac.uk,1
57724719,0.00001,hyp1_neglr,belie,r,08/19/2026,10:53:27,eddie@node1i17.ecdf.ed.ac.uk,1
57724720,0.00001,hyp1_neglr,belie,r,08/19/2026,10:53:27,eddie@node1i17.ecdf.ed.ac.uk,1
57725355,0.00001,hyp1_lowlr,belie,r,08/19/2026,11:06:18,eddie@node1j10.ecdf.ed.ac.uk,1
57725338,0.00001,hyp1_lowlr,belie,r,08/19/2026,11:06:03,eddie@node1j06.ecdf.ed.ac.uk,1
57724721,0.00001,hyp1_neglr,belie,r,08/19/2026,10:53:27,eddie@node1i25.ecdf.ed.ac.uk,1
57725368,0.00001,hyp1_lowlr,belie,r,08/19/2026,11:06:33,eddie@node1h23.ecdf.ed.ac.uk,1
57725356,0.00001,hyp1_lowlr,belie,r,08/19/2026,11:06:18,eddie@node1j03.ecdf.ed.ac.uk,1
57725357,0.00001,hyp1_lowlr,belie,r,08/19/2026,11:06:18,eddie@node1j03.ecdf.ed.ac.uk,1
57725339,0.00001,hyp1_lowlr,belie,r,08/19/2026,11:06:03,eddie@node1m07.ecdf.ed.ac.uk,1
57724722,0.00001,hyp1_neglr,belie,r,08/19/2026,10:53:27,eddie@node1i17.ecdf.ed.ac.uk,1
57724724,0.00001,hyp1_neglr,belie,r,08/19/2026,10:53:27,eddie@node1i17.ecdf.ed.ac.uk,1
57724726,0.00001,hyp1_neglr,belie,r,08/19/2026,10:53:27,eddie@node1i17.ecdf.ed.ac.uk,1
57724727,0.00001,hyp1_neglr,belie,r,08/19/2026,10:53:27,eddie@node1i25.ecdf.ed.ac.uk,1
57725344,0.00001,hyp1_lowlr,belie,r,08/19/2026,11:06:03,eddie@node1l01.ecdf.ed.ac.uk,1
57724728,0.00001,hyp1_neglr,belie,r,08/19/2026,10:53:28,eddie@node1i17.ecdf.ed.ac.uk,1
57724729,0.00001,hyp1_neglr,belie,r,08/19/2026,10:53:28,eddie@node1i25.ecdf.ed.ac.uk,1
57724730,0.00001,hyp1_neglr,belie,r,08/19/2026,10:53:28,eddie@node1i17.ecdf.ed.ac.uk,1
57724731,0.00001,hyp1_neglr,belie,r,08/19/2026,10:53:28,eddie@node1i25.ecdf.ed.ac.uk,1
57725369,0.00001,hyp1_lowlr,belie,r,08/19/2026,11:06:33,eddie@node1m16.ecdf.ed.ac.uk,1
57725346,0.00001,hyp1_lowlr,belie,r,08/19/2026,11:06:03,eddie@node1j19.ecdf.ed.ac.uk,1
57725347,0.00001,hyp1_lowlr,belie,r,08/19/2026,11:06:03,eddie@node1m01.ecdf.ed.ac.uk,1
57724732,0.00001,hyp1_neglr,belie,r,08/19/2026,10:53:28,eddie@node1i17.ecdf.ed.ac.uk,1
57724733,0.00001,hyp1_neglr,belie,r,08/19/2026,10:53:28,eddie@node1i25.ecdf.ed.ac.uk,1
57724734,0.00001,hyp1_neglr,belie,r,08/19/2026,10:53:28,eddie@node1i17.ecdf.ed.ac.uk,1
57725370,0.00001,hyp1_lowlr,belie,r,08/19/2026,11:06:33,eddie@node1o08.ecdf.ed.ac.uk,1
57725348,0.00001,hyp1_lowlr,belie,r,08/19/2026,11:06:03,eddie@node1m01.ecdf.ed.ac.uk,1
57724735,0.00001,hyp1_neglr,belie,r,08/19/2026,10:53:28,eddie@node1i25.ecdf.ed.ac.uk,1
57724736,0.00001,hyp1_neglr,belie,r,08/19/2026,10:53:28,eddie@node1i25.ecdf.ed.ac.uk,1
57724737,0.00001,hyp1_neglr,belie,r,08/19/2026,10:53:28,eddie@node1i25.ecdf.ed.ac.uk,1
57725358,0.00001,hyp1_lowlr,belie,r,08/19/2026,11:06:18,eddie@node1j11.ecdf.ed.ac.uk,1
57724738,0.00001,hyp1_neglr,belie,r,08/19/2026,10:53:40,eddie@node1i25.ecdf.ed.ac.uk,1
57724741,0.00001,hyp1_neglr,belie,r,08/19/2026,10:53:40,eddie@node1i25.ecdf.ed.ac.uk,1
57724742,0.00001,hyp1_neglr,belie,r,08/19/2026,10:53:40,eddie@node1i25.ecdf.ed.ac.uk,1
57724743,0.00001,hyp1_neglr,belie,r,08/19/2026,10:53:40,eddie@node1i25.ecdf.ed.ac.uk,1
57725359,0.00001,hyp1_lowlr,belie,r,08/19/2026,11:06:18,eddie@node1j09.ecdf.ed.ac.uk,1
57725360,0.00001,hyp1_lowlr,belie,r,08/19/2026,11:06:18,eddie@node1j22.ecdf.ed.ac.uk,1
57724744,0.00001,hyp1_neglr,belie,r,08/19/2026,10:53:40,eddie@node1q05.ecdf.ed.ac.uk,1
57724745,0.00001,hyp1_neglr,belie,r,08/19/2026,10:53:40,eddie@node1q06.ecdf.ed.ac.uk,1
57724746,0.00001,hyp1_neglr,belie,r,08/19/2026,10:53:40,eddie@node1q05.ecdf.ed.ac.uk,1
57724747,0.00001,hyp1_neglr,belie,r,08/19/2026,10:53:40,eddie@node1q06.ecdf.ed.ac.uk,1
57725361,0.00001,hyp1_lowlr,belie,r,08/19/2026,11:06:18,eddie@node1k03.ecdf.ed.ac.uk,1
57724748,0.00001,hyp1_neglr,belie,r,08/19/2026,10:53:40,eddie@node1q05.ecdf.ed.ac.uk,1
57724749,0.00001,hyp1_neglr,belie,r,08/19/2026,10:53:40,eddie@node1q06.ecdf.ed.ac.uk,1
57725362,0.00001,hyp1_lowlr,belie,r,08/19/2026,11:06:18,eddie@node1m05.ecdf.ed.ac.uk,1
57725363,0.00001,hyp1_lowlr,belie,r,08/19/2026,11:06:18,eddie@node1l09.ecdf.ed.ac.uk,1
57724750,0.00001,hyp1_neglr,belie,r,08/19/2026,10:53:40,eddie@node1q05.ecdf.ed.ac.uk,1
57724751,0.00001,hyp1_neglr,belie,r,08/19/2026,10:53:40,eddie@node1q06.ecdf.ed.ac.uk,1
57724752,0.00001,hyp1_neglr,belie,r,08/19/2026,10:53:40,eddie@node1q05.ecdf.ed.ac.uk,1
57725364,0.00001,hyp1_lowlr,belie,r,08/19/2026,11:06:18,eddie@node1m01.ecdf.ed.ac.uk,1
57724753,0.00001,hyp1_neglr,belie,r,08/19/2026,10:53:40,eddie@node1q06.ecdf.ed.ac.uk,1
57724754,0.00001,hyp1_neglr,belie,r,08/19/2026,10:53:40,eddie@node1q05.ecdf.ed.ac.uk,1
57724755,0.00001,hyp1_neglr,belie,r,08/19/2026,10:53:40,eddie@node1q06.ecdf.ed.ac.uk,1
57724756,0.00001,hyp1_neglr,belie,r,08/19/2026,10:53:40,eddie@node1q05.ecdf.ed.ac.uk,1
57725365,0.00001,hyp1_lowlr,belie,r,08/19/2026,11:06:18,eddie@node1j06.ecdf.ed.ac.uk,1
57724757,0.00001,hyp1_neglr,belie,r,08/19/2026,10:53:40,eddie@node1q06.ecdf.ed.ac.uk,1
57724758,0.00001,hyp1_neglr,belie,r,08/19/2026,10:53:40,eddie@node1q05.ecdf.ed.ac.uk,1
57725366,0.00001,hyp1_lowlr,belie,r,08/19/2026,11:06:18,eddie@node1n15.ecdf.ed.ac.uk,1
57724759,0.00001,hyp1_neglr,belie,r,08/19/2026,10:53:40,eddie@node1q06.ecdf.ed.ac.uk,1
57724760,0.00001,hyp1_neglr,belie,r,08/19/2026,10:53:40,eddie@node1q05.ecdf.ed.ac.uk,1
57724761,0.00001,hyp1_neglr,belie,r,08/19/2026,10:53:40,eddie@node1q06.ecdf.ed.ac.uk,1
57725372,0.00001,hyp1_lowlr,belie,r,08/19/2026,11:06:33,eddie@node1h05.ecdf.ed.ac.uk,1
57725391,0.00001,hyp1_lowlr,belie,r,08/19/2026,11:06:48,eddie@node1m14.ecdf.ed.ac.uk,1
57724762,0.00001,hyp1_neglr,belie,r,08/19/2026,10:53:40,eddie@node1q05.ecdf.ed.ac.uk,1
57724763,0.00001,hyp1_neglr,belie,r,08/19/2026,10:53:40,eddie@node1q06.ecdf.ed.ac.uk,1
57724764,0.00001,hyp1_neglr,belie,r,08/19/2026,10:53:40,eddie@node1q05.ecdf.ed.ac.uk,1
57725392,0.00001,hyp1_lowlr,belie,r,08/19/2026,11:06:48,eddie@node1h06.ecdf.ed.ac.uk,1
57724765,0.00001,hyp1_neglr,belie,r,08/19/2026,10:53:40,eddie@node1q06.ecdf.ed.ac.uk,1
57724766,0.00001,hyp1_neglr,belie,r,08/19/2026,10:53:40,eddie@node1q05.ecdf.ed.ac.uk,1
57724767,0.00001,hyp1_neglr,belie,r,08/19/2026,10:53:40,eddie@node1q06.ecdf.ed.ac.uk,1
57724768,0.00001,hyp1_neglr,belie,r,08/19/2026,10:53:40,eddie@node1q05.ecdf.ed.ac.uk,1
57725373,0.00001,hyp1_lowlr,belie,r,08/19/2026,11:06:33,eddie@node1h15.ecdf.ed.ac.uk,1
57725374,0.00001,hyp1_lowlr,belie,r,08/19/2026,11:06:33,eddie@node1h09.ecdf.ed.ac.uk,1
57725393,0.00001,hyp1_lowlr,belie,r,08/19/2026,11:06:48,eddie@node1m15.ecdf.ed.ac.uk,1
57725394,0.00001,hyp1_lowlr,belie,r,08/19/2026,11:06:48,eddie@node1m16.ecdf.ed.ac.uk,1
57724769,0.00001,hyp1_neglr,belie,r,08/19/2026,10:53:40,eddie@node1q06.ecdf.ed.ac.uk,1
57724770,0.00001,hyp1_neglr,belie,r,08/19/2026,10:53:40,eddie@node1q05.ecdf.ed.ac.uk,1
57724771,0.00001,hyp1_neglr,belie,r,08/19/2026,10:53:40,eddie@node1q06.ecdf.ed.ac.uk,1
57724778,0.00001,hyp1_neglr,belie,r,08/19/2026,10:53:54,eddie@node1q06.ecdf.ed.ac.uk,1
57724779,0.00001,hyp1_neglr,belie,r,08/19/2026,10:53:54,eddie@node1q05.ecdf.ed.ac.uk,1
57725375,0.00001,hyp1_lowlr,belie,r,08/19/2026,11:06:33,eddie@node1o14.ecdf.ed.ac.uk,1
57725395,0.00001,hyp1_lowlr,belie,r,08/19/2026,11:06:48,eddie@node1r05.ecdf.ed.ac.uk,1
57724772,0.00001,hyp1_neglr,belie,r,08/19/2026,10:53:40,eddie@node1q05.ecdf.ed.ac.uk,1
57724773,0.00001,hyp1_neglr,belie,r,08/19/2026,10:53:40,eddie@node1q06.ecdf.ed.ac.uk,1
57724774,0.00001,hyp1_neglr,belie,r,08/19/2026,10:53:40,eddie@node1q05.ecdf.ed.ac.uk,1
57724775,0.00001,hyp1_neglr,belie,r,08/19/2026,10:53:40,eddie@node1q06.ecdf.ed.ac.uk,1
57724780,0.00001,hyp1_neglr,belie,r,08/19/2026,10:53:54,eddie@node1q06.ecdf.ed.ac.uk,1
57724781,0.00001,hyp1_neglr,belie,r,08/19/2026,10:53:54,eddie@node1q05.ecdf.ed.ac.uk,1
57725376,0.00001,hyp1_lowlr,belie,r,08/19/2026,11:06:33,eddie@node1h15.ecdf.ed.ac.uk,1
57725377,0.00001,hyp1_lowlr,belie,r,08/19/2026,11:06:33,eddie@node1h10.ecdf.ed.ac.uk,1
57725378,0.00001,hyp1_lowlr,belie,r,08/19/2026,11:06:33,eddie@node1o09.ecdf.ed.ac.uk,1
57725379,0.00001,hyp1_lowlr,belie,r,08/19/2026,11:06:33,eddie@node1j28.ecdf.ed.ac.uk,1
57725396,0.00001,hyp1_lowlr,belie,r,08/19/2026,11:06:48,eddie@node1o08.ecdf.ed.ac.uk,1
57725397,0.00001,hyp1_lowlr,belie,r,08/19/2026,11:06:48,eddie@node1r05.ecdf.ed.ac.uk,1
57724776,0.00001,hyp1_neglr,belie,r,08/19/2026,10:53:40,eddie@node1q05.ecdf.ed.ac.uk,1
57724782,0.00001,hyp1_neglr,belie,r,08/19/2026,10:53:54,eddie@node1q06.ecdf.ed.ac.uk,1
57724783,0.00001,hyp1_neglr,belie,r,08/19/2026,10:53:54,eddie@node1q05.ecdf.ed.ac.uk,1
57724784,0.00001,hyp1_neglr,belie,r,08/19/2026,10:53:54,eddie@node1q06.ecdf.ed.ac.uk,1
57725398,0.00001,hyp1_lowlr,belie,r,08/19/2026,11:06:48,eddie@node1r05.ecdf.ed.ac.uk,1
57724785,0.00001,hyp1_neglr,belie,r,08/19/2026,10:53:54,eddie@node1q05.ecdf.ed.ac.uk,1
57724786,0.00001,hyp1_neglr,belie,r,08/19/2026,10:53:54,eddie@node1q06.ecdf.ed.ac.uk,1
57724787,0.00001,hyp1_neglr,belie,r,08/19/2026,10:53:54,eddie@node1q05.ecdf.ed.ac.uk,1
57725380,0.00001,hyp1_lowlr,belie,r,08/19/2026,11:06:33,eddie@node1s13.ecdf.ed.ac.uk,1
57724788,0.00001,hyp1_neglr,belie,r,08/19/2026,10:53:54,eddie@node1q06.ecdf.ed.ac.uk,1
57724789,0.00001,hyp1_neglr,belie,r,08/19/2026,10:53:54,eddie@node1q05.ecdf.ed.ac.uk,1
57724790,0.00001,hyp1_neglr,belie,r,08/19/2026,10:53:54,eddie@node1q06.ecdf.ed.ac.uk,1
57724791,0.00001,hyp1_neglr,belie,r,08/19/2026,10:53:54,eddie@node1q05.ecdf.ed.ac.uk,1
57725381,0.00001,hyp1_lowlr,belie,r,08/19/2026,11:06:33,eddie@node1k05.ecdf.ed.ac.uk,1
57725399,0.00001,hyp1_lowlr,belie,r,08/19/2026,11:06:48,eddie@node1h15.ecdf.ed.ac.uk,1
57724792,0.00001,hyp1_neglr,belie,r,08/19/2026,10:53:54,eddie@node1q06.ecdf.ed.ac.uk,1
57724793,0.00001,hyp1_neglr,belie,r,08/19/2026,10:53:54,eddie@node1q05.ecdf.ed.ac.uk,1
57724794,0.00001,hyp1_neglr,belie,r,08/19/2026,10:53:54,eddie@node1q06.ecdf.ed.ac.uk,1
57725382,0.00001,hyp1_lowlr,belie,r,08/19/2026,11:06:33,eddie@node1l02.ecdf.ed.ac.uk,1
57725400,0.00001,hyp1_lowlr,belie,r,08/19/2026,11:06:48,eddie@node1j28.ecdf.ed.ac.uk,1
57724795,0.00001,hyp1_neglr,belie,r,08/19/2026,10:53:54,eddie@node1q05.ecdf.ed.ac.uk,1
57724796,0.00001,hyp1_neglr,belie,r,08/19/2026,10:53:54,eddie@node1q06.ecdf.ed.ac.uk,1
57724797,0.00001,hyp1_neglr,belie,r,08/19/2026,10:53:54,eddie@node1q05.ecdf.ed.ac.uk,1
57725383,0.00001,hyp1_lowlr,belie,r,08/19/2026,11:06:33,eddie@node1k04.ecdf.ed.ac.uk,1
57725384,0.00001,hyp1_lowlr,belie,r,08/19/2026,11:06:33,eddie@node1j11.ecdf.ed.ac.uk,1
57725385,0.00001,hyp1_lowlr,belie,r,08/19/2026,11:06:33,eddie@node1j05.ecdf.ed.ac.uk,1
57725401,0.00001,hyp1_lowlr,belie,r,08/19/2026,11:06:48,eddie@node1r09.ecdf.ed.ac.uk,1
57725452,0.00001,hyp1_lowlr,belie,r,08/19/2026,11:07:34,eddie@node1h24.ecdf.ed.ac.uk,1
57724798,0.00001,hyp1_neglr,belie,r,08/19/2026,10:53:54,eddie@node1q06.ecdf.ed.ac.uk,1
57724799,0.00001,hyp1_neglr,belie,r,08/19/2026,10:53:54,eddie@node1q05.ecdf.ed.ac.uk,1
57724800,0.00001,hyp1_neglr,belie,r,08/19/2026,10:53:54,eddie@node1q06.ecdf.ed.ac.uk,1
57724801,0.00001,hyp1_neglr,belie,r,08/19/2026,10:53:54,eddie@node1q05.ecdf.ed.ac.uk,1
57725386,0.00001,hyp1_lowlr,belie,r,08/19/2026,11:06:33,eddie@node1m12.ecdf.ed.ac.uk,1
57725387,0.00001,hyp1_lowlr,belie,r,08/19/2026,11:06:33,eddie@node1m10.ecdf.ed.ac.uk,1
57725402,0.00001,hyp1_lowlr,belie,r,08/19/2026,11:06:48,eddie@node1l02.ecdf.ed.ac.uk,1
57725501,0.00001,hyp1_lowlr,belie,r,08/19/2026,11:08:03,eddie@node1s15.ecdf.ed.ac.uk,1
57725453,0.00001,hyp1_lowlr,belie,r,08/19/2026,11:07:34,eddie@node1r20.ecdf.ed.ac.uk,1
57725454,0.00001,hyp1_lowlr,belie,r,08/19/2026,11:07:34,eddie@node1r20.ecdf.ed.ac.uk,1
57724802,0.00001,hyp1_neglr,belie,r,08/19/2026,10:53:54,eddie@node1q06.ecdf.ed.ac.uk,1
57724804,0.00001,hyp1_neglr,belie,r,08/19/2026,10:53:54,eddie@node1q06.ecdf.ed.ac.uk,1
57725414,0.00001,hyp1_lowlr,belie,r,08/19/2026,11:07:04,eddie@node1l28.ecdf.ed.ac.uk,1
57725388,0.00001,hyp1_lowlr,belie,r,08/19/2026,11:06:33,eddie@node1m05.ecdf.ed.ac.uk,1
57725502,0.00001,hyp1_lowlr,belie,r,08/19/2026,11:08:03,eddie@node1h24.ecdf.ed.ac.uk,1
57725455,0.00001,hyp1_lowlr,belie,r,08/19/2026,11:07:34,eddie@node1h14.ecdf.ed.ac.uk,1
57725456,0.00001,hyp1_lowlr,belie,r,08/19/2026,11:07:34,eddie@node1r17.ecdf.ed.ac.uk,1
57725457,0.00001,hyp1_lowlr,belie,r,08/19/2026,11:07:34,eddie@node1o14.ecdf.ed.ac.uk,1
57725435,0.00001,hyp1_lowlr,belie,r,08/19/2026,11:07:18,eddie@node1o08.ecdf.ed.ac.uk,1
57724805,0.00001,hyp1_neglr,belie,r,08/19/2026,10:53:55,eddie@node1n15.ecdf.ed.ac.uk,1
57724806,0.00001,hyp1_neglr,belie,r,08/19/2026,10:53:55,eddie@node1q05.ecdf.ed.ac.uk,1
57725415,0.00001,hyp1_lowlr,belie,r,08/19/2026,11:07:04,eddie@node1s15.ecdf.ed.ac.uk,1
57725416,0.00001,hyp1_lowlr,belie,r,08/19/2026,11:07:04,eddie@node1h24.ecdf.ed.ac.uk,1
57725389,0.00001,hyp1_lowlr,belie,r,08/19/2026,11:06:33,eddie@node1m07.ecdf.ed.ac.uk,1
57725390,0.00001,hyp1_lowlr,belie,r,08/19/2026,11:06:33,eddie@node1j19.ecdf.ed.ac.uk,1
57725503,0.00001,hyp1_lowlr,belie,r,08/19/2026,11:08:03,eddie@node1s14.ecdf.ed.ac.uk,1
57725504,0.00001,hyp1_lowlr,belie,r,08/19/2026,11:08:03,eddie@node1m14.ecdf.ed.ac.uk,1
57725505,0.00001,hyp1_lowlr,belie,r,08/19/2026,11:08:03,eddie@node1j25.ecdf.ed.ac.uk,1
57725506,0.00001,hyp1_lowlr,belie,r,08/19/2026,11:08:03,eddie@node1m16.ecdf.ed.ac.uk,1
57725458,0.00001,hyp1_lowlr,belie,r,08/19/2026,11:07:34,eddie@node1o08.ecdf.ed.ac.uk,1
57725459,0.00001,hyp1_lowlr,belie,r,08/19/2026,11:07:34,eddie@node1h10.ecdf.ed.ac.uk,1
57725460,0.00001,hyp1_lowlr,belie,r,08/19/2026,11:07:34,eddie@node1h11.ecdf.ed.ac.uk,1
57725461,0.00001,hyp1_lowlr,belie,r,08/19/2026,11:07:34,eddie@node1s19.ecdf.ed.ac.uk,1
57725436,0.00001,hyp1_lowlr,belie,r,08/19/2026,11:07:18,eddie@node1k05.ecdf.ed.ac.uk,1
57724808,0.00001,hyp1_neglr,belie,r,08/19/2026,10:53:55,eddie@node1n15.ecdf.ed.ac.uk,1
57724809,0.00001,hyp1_neglr,belie,r,08/19/2026,10:53:55,eddie@node1q05.ecdf.ed.ac.uk,1
57724810,0.00001,hyp1_neglr,belie,r,08/19/2026,10:53:55,eddie@node1q06.ecdf.ed.ac.uk,1
57724811,0.00001,hyp1_neglr,belie,r,08/19/2026,10:53:55,eddie@node1n15.ecdf.ed.ac.uk,1
57725417,0.00001,hyp1_lowlr,belie,r,08/19/2026,11:07:04,eddie@node1h24.ecdf.ed.ac.uk,1
57725403,0.00001,hyp1_lowlr,belie,r,08/19/2026,11:06:48,eddie@node1k04.ecdf.ed.ac.uk,1
57725507,0.00001,hyp1_lowlr,belie,r,08/19/2026,11:08:03,eddie@node1h05.ecdf.ed.ac.uk,1
57725509,0.00001,hyp1_lowlr,belie,r,08/19/2026,11:08:03,eddie@node1h15.ecdf.ed.ac.uk,1
57725462,0.00001,hyp1_lowlr,belie,r,08/19/2026,11:07:34,eddie@node1k05.ecdf.ed.ac.uk,1
57725463,0.00001,hyp1_lowlr,belie,r,08/19/2026,11:07:34,eddie@node1l02.ecdf.ed.ac.uk,1
57724812,0.00001,hyp1_neglr,belie,r,08/19/2026,10:53:55,eddie@node1q05.ecdf.ed.ac.uk,1
57724813,0.00001,hyp1_neglr,belie,r,08/19/2026,10:53:55,eddie@node1q06.ecdf.ed.ac.uk,1
57725482,0.00001,hyp1_lowlr,belie,r,08/19/2026,11:07:48,eddie@node1h23.ecdf.ed.ac.uk,1
57725404,0.00001,hyp1_lowlr,belie,r,08/19/2026,11:06:48,eddie@node1m06.ecdf.ed.ac.uk,1
57725510,0.00001,hyp1_lowlr,belie,r,08/19/2026,11:08:03,eddie@node1l06.ecdf.ed.ac.uk,1
57725511,0.00001,hyp1_lowlr,belie,r,08/19/2026,11:08:03,eddie@node1m06.ecdf.ed.ac.uk,1
57725512,0.00001,hyp1_lowlr,belie,r,08/19/2026,11:08:03,eddie@node1j21.ecdf.ed.ac.uk,1
57725464,0.00001,hyp1_lowlr,belie,r,08/19/2026,11:07:34,eddie@node1l02.ecdf.ed.ac.uk,1
57724815,0.00001,hyp1_neglr,belie,r,08/19/2026,10:53:55,eddie@node1q05.ecdf.ed.ac.uk,1
57725418,0.00001,hyp1_lowlr,belie,r,08/19/2026,11:07:04,eddie@node1o12.ecdf.ed.ac.uk,1
57725483,0.00001,hyp1_lowlr,belie,r,08/19/2026,11:07:48,eddie@node1h14.ecdf.ed.ac.uk,1
57725484,0.00001,hyp1_lowlr,belie,r,08/19/2026,11:07:48,eddie@node1s13.ecdf.ed.ac.uk,1
57725513,0.00001,hyp1_lowlr,belie,r,08/19/2026,11:08:03,eddie@node1j18.ecdf.ed.ac.uk,1
57725514,0.00001,hyp1_lowlr,belie,r,08/19/2026,11:08:03,eddie@node1j21.ecdf.ed.ac.uk,1
57724823,0.00001,hyp1_neglr,belie,r,08/19/2026,10:54:09,eddie@node1q06.ecdf.ed.ac.uk,1
57725465,0.00001,hyp1_lowlr,belie,r,08/19/2026,11:07:34,eddie@node1k04.ecdf.ed.ac.uk,1
57725466,0.00001,hyp1_lowlr,belie,r,08/19/2026,11:07:34,eddie@node1j21.ecdf.ed.ac.uk,1
57724816,0.00001,hyp1_neglr,belie,r,08/19/2026,10:53:55,eddie@node1q06.ecdf.ed.ac.uk,1
57724818,0.00001,hyp1_neglr,belie,r,08/19/2026,10:53:55,eddie@node1q05.ecdf.ed.ac.uk,1
57725420,0.00001,hyp1_lowlr,belie,r,08/19/2026,11:07:04,eddie@node1h14.ecdf.ed.ac.uk,1
57725421,0.00001,hyp1_lowlr,belie,r,08/19/2026,11:07:04,eddie@node1r17.ecdf.ed.ac.uk,1
57725485,0.00001,hyp1_lowlr,belie,r,08/19/2026,11:07:48,eddie@node1r09.ecdf.ed.ac.uk,1
57725486,0.00001,hyp1_lowlr,belie,r,08/19/2026,11:07:48,eddie@node1l06.ecdf.ed.ac.uk,1
57724824,0.00001,hyp1_neglr,belie,r,08/19/2026,10:54:09,eddie@node1q06.ecdf.ed.ac.uk,1
57724825,0.00001,hyp1_neglr,belie,r,08/19/2026,10:54:09,eddie@node1n13.ecdf.ed.ac.uk,1
57725060,0.00001,hyp1_neglr,belie,r,08/19/2026,10:56:47,eddie@node1l28.ecdf.ed.ac.uk,1
57725467,0.00001,hyp1_lowlr,belie,r,08/19/2026,11:07:34,eddie@node1l08.ecdf.ed.ac.uk,1
57725468,0.00001,hyp1_lowlr,belie,r,08/19/2026,11:07:34,eddie@node1j03.ecdf.ed.ac.uk,1
57724819,0.00001,hyp1_neglr,belie,r,08/19/2026,10:53:55,eddie@node1q06.ecdf.ed.ac.uk,1
57724820,0.00001,hyp1_neglr,belie,r,08/19/2026,10:53:55,eddie@node1n15.ecdf.ed.ac.uk,1
57724821,0.00001,hyp1_neglr,belie,r,08/19/2026,10:53:55,eddie@node1q05.ecdf.ed.ac.uk,1
57725422,0.00001,hyp1_lowlr,belie,r,08/19/2026,11:07:04,eddie@node1r06.ecdf.ed.ac.uk,1
57724827,0.00001,hyp1_neglr,belie,r,08/19/2026,10:54:09,eddie@node1n16.ecdf.ed.ac.uk,1
57725405,0.00001,hyp1_lowlr,belie,r,08/19/2026,11:06:48,eddie@node1j03.ecdf.ed.ac.uk,1
57724828,0.00001,hyp1_neglr,belie,r,08/19/2026,10:54:09,eddie@node1q06.ecdf.ed.ac.uk,1
57724829,0.00001,hyp1_neglr,belie,r,08/19/2026,10:54:09,eddie@node1n13.ecdf.ed.ac.uk,1
57725469,0.00001,hyp1_lowlr,belie,r,08/19/2026,11:07:34,eddie@node1j11.ecdf.ed.ac.uk,1
57725423,0.00001,hyp1_lowlr,belie,r,08/19/2026,11:07:04,eddie@node1h05.ecdf.ed.ac.uk,1
57725487,0.00001,hyp1_lowlr,belie,r,08/19/2026,11:07:48,eddie@node1l06.ecdf.ed.ac.uk,1
57725488,0.00001,hyp1_lowlr,belie,r,08/19/2026,11:07:48,eddie@node1l02.ecdf.ed.ac.uk,1
57725489,0.00001,hyp1_lowlr,belie,r,08/19/2026,11:07:48,eddie@node1j10.ecdf.ed.ac.uk,1
57725406,0.00001,hyp1_lowlr,belie,r,08/19/2026,11:06:48,eddie@node1m02.ecdf.ed.ac.uk,1
57725515,0.00001,hyp1_lowlr,belie,r,08/19/2026,11:08:03,eddie@node1l08.ecdf.ed.ac.uk,1
57724831,0.00001,hyp1_neglr,belie,r,08/19/2026,10:54:09,eddie@node1q05.ecdf.ed.ac.uk,1
57724832,0.00001,hyp1_neglr,belie,r,08/19/2026,10:54:09,eddie@node1n14.ecdf.ed.ac.uk,1
57725470,0.00001,hyp1_lowlr,belie,r,08/19/2026,11:07:34,eddie@node1j09.ecdf.ed.ac.uk,1
57725471,0.00001,hyp1_lowlr,belie,r,08/19/2026,11:07:34,eddie@node1m04.ecdf.ed.ac.uk,1
57725424,0.00001,hyp1_lowlr,belie,r,08/19/2026,11:07:04,eddie@node1o10.ecdf.ed.ac.uk,1
57725425,0.00001,hyp1_lowlr,belie,r,08/19/2026,11:07:04,eddie@node1r05.ecdf.ed.ac.uk,1
57725490,0.00001,hyp1_lowlr,belie,r,08/19/2026,11:07:48,eddie@node1l02.ecdf.ed.ac.uk,1
57725491,0.00001,hyp1_lowlr,belie,r,08/19/2026,11:07:48,eddie@node1l02.ecdf.ed.ac.uk,1
57725407,0.00001,hyp1_lowlr,belie,r,08/19/2026,11:06:48,eddie@node1k09.ecdf.ed.ac.uk,1
57725408,0.00001,hyp1_lowlr,belie,r,08/19/2026,11:06:48,eddie@node1m04.ecdf.ed.ac.uk,1
57725516,0.00001,hyp1_lowlr,belie,r,08/19/2026,11:08:03,eddie@node1m11.ecdf.ed.ac.uk,1
57725517,0.00001,hyp1_lowlr,belie,r,08/19/2026,11:08:03,eddie@node1j04.ecdf.ed.ac.uk,1
57724833,0.00001,hyp1_neglr,belie,r,08/19/2026,10:54:09,eddie@node1n16.ecdf.ed.ac.uk,1
57724834,0.00001,hyp1_neglr,belie,r,08/19/2026,10:54:09,eddie@node1q06.ecdf.ed.ac.uk,1
57724836,0.00001,hyp1_neglr,belie,r,08/19/2026,10:54:09,eddie@node1n13.ecdf.ed.ac.uk,1
57724837,0.00001,hyp1_neglr,belie,r,08/19/2026,10:54:09,eddie@node1n15.ecdf.ed.ac.uk,1
57725472,0.00001,hyp1_lowlr,belie,r,08/19/2026,11:07:34,eddie@node1j05.ecdf.ed.ac.uk,1
57725473,0.00001,hyp1_lowlr,belie,r,08/19/2026,11:07:34,eddie@node1m10.ecdf.ed.ac.uk,1
57725437,0.00001,hyp1_lowlr,belie,r,08/19/2026,11:07:18,eddie@node1k05.ecdf.ed.ac.uk,1
57725438,0.00001,hyp1_lowlr,belie,r,08/19/2026,11:07:18,eddie@node1l06.ecdf.ed.ac.uk,1
57725439,0.00001,hyp1_lowlr,belie,r,08/19/2026,11:07:18,eddie@node1j21.ecdf.ed.ac.uk,1
57725426,0.00001,hyp1_lowlr,belie,r,08/19/2026,11:07:04,eddie@node1l06.ecdf.ed.ac.uk,1
57725427,0.00001,hyp1_lowlr,belie,r,08/19/2026,11:07:04,eddie@node1j10.ecdf.ed.ac.uk,1
57725428,0.00001,hyp1_lowlr,belie,r,08/19/2026,11:07:04,eddie@node1j10.ecdf.ed.ac.uk,1
57725492,0.00001,hyp1_lowlr,belie,r,08/19/2026,11:07:48,eddie@node1m06.ecdf.ed.ac.uk,1
57725493,0.00001,hyp1_lowlr,belie,r,08/19/2026,11:07:48,eddie@node1m11.ecdf.ed.ac.uk,1
57725409,0.00001,hyp1_lowlr,belie,r,08/19/2026,11:06:48,eddie@node1j09.ecdf.ed.ac.uk,1
57725518,0.00001,hyp1_lowlr,belie,r,08/19/2026,11:08:03,eddie@node1j11.ecdf.ed.ac.uk,1
57724838,0.00001,hyp1_neglr,belie,r,08/19/2026,10:54:09,eddie@node1q05.ecdf.ed.ac.uk,1
57725474,0.00001,hyp1_lowlr,belie,r,08/19/2026,11:07:34,eddie@node1l09.ecdf.ed.ac.uk,1
57725440,0.00001,hyp1_lowlr,belie,r,08/19/2026,11:07:18,eddie@node1k01.ecdf.ed.ac.uk,1
57725441,0.00001,hyp1_lowlr,belie,r,08/19/2026,11:07:18,eddie@node1m12.ecdf.ed.ac.uk,1
57725442,0.00001,hyp1_lowlr,belie,r,08/19/2026,11:07:18,eddie@node1m02.ecdf.ed.ac.uk,1
57725429,0.00001,hyp1_lowlr,belie,r,08/19/2026,11:07:04,eddie@node1k08.ecdf.ed.ac.uk,1
57725430,0.00001,hyp1_lowlr,belie,r,08/19/2026,11:07:04,eddie@node1k03.ecdf.ed.ac.uk,1
57725494,0.00001,hyp1_lowlr,belie,r,08/19/2026,11:07:48,eddie@node1l07.ecdf.ed.ac.uk,1
57725410,0.00001,hyp1_lowlr,belie,r,08/19/2026,11:06:48,eddie@node1j09.ecdf.ed.ac.uk,1
57725411,0.00001,hyp1_lowlr,belie,r,08/19/2026,11:06:48,eddie@node1j17.ecdf.ed.ac.uk,1
57724839,0.00001,hyp1_neglr,belie,r,08/19/2026,10:54:09,eddie@node1n14.ecdf.ed.ac.uk,1
57725475,0.00001,hyp1_lowlr,belie,r,08/19/2026,11:07:34,eddie@node1j05.ecdf.ed.ac.uk,1
57725476,0.00001,hyp1_lowlr,belie,r,08/19/2026,11:07:34,eddie@node1m10.ecdf.ed.ac.uk,1
57724849,0.00001,hyp1_neglr,belie,r,08/19/2026,10:54:24,eddie@node1q05.ecdf.ed.ac.uk,1
57724850,0.00001,hyp1_neglr,belie,r,08/19/2026,10:54:24,eddie@node1q05.ecdf.ed.ac.uk,1
57725443,0.00001,hyp1_lowlr,belie,r,08/19/2026,11:07:18,eddie@node1j05.ecdf.ed.ac.uk,1
57725444,0.00001,hyp1_lowlr,belie,r,08/19/2026,11:07:18,eddie@node1m12.ecdf.ed.ac.uk,1
57725431,0.00001,hyp1_lowlr,belie,r,08/19/2026,11:07:04,eddie@node1l01.ecdf.ed.ac.uk,1
57725412,0.00001,hyp1_lowlr,belie,r,08/19/2026,11:06:48,eddie@node1l01.ecdf.ed.ac.uk,1
57725519,0.00001,hyp1_lowlr,belie,r,08/19/2026,11:08:03,eddie@node1m07.ecdf.ed.ac.uk,1
57725520,0.00001,hyp1_lowlr,belie,r,08/19/2026,11:08:03,eddie@node1k03.ecdf.ed.ac.uk,1
57725477,0.00001,hyp1_lowlr,belie,r,08/19/2026,11:07:34,eddie@node1j08.ecdf.ed.ac.uk,1
57724851,0.00001,hyp1_neglr,belie,r,08/19/2026,10:54:24,eddie@node1n15.ecdf.ed.ac.uk,1
57724852,0.00001,hyp1_neglr,belie,r,08/19/2026,10:54:24,eddie@node1n14.ecdf.ed.ac.uk,1
57724853,0.00001,hyp1_neglr,belie,r,08/19/2026,10:54:24,eddie@node1n16.ecdf.ed.ac.uk,1
57724854,0.00001,hyp1_neglr,belie,r,08/19/2026,10:54:24,eddie@node1n13.ecdf.ed.ac.uk,1
57725445,0.00001,hyp1_lowlr,belie,r,08/19/2026,11:07:18,eddie@node1m04.ecdf.ed.ac.uk,1
57725432,0.00001,hyp1_lowlr,belie,r,08/19/2026,11:07:04,eddie@node1l01.ecdf.ed.ac.uk,1
57725495,0.00001,hyp1_lowlr,belie,r,08/19/2026,11:07:48,eddie@node1k03.ecdf.ed.ac.uk,1
57725496,0.00001,hyp1_lowlr,belie,r,08/19/2026,11:07:48,eddie@node1j09.ecdf.ed.ac.uk,1
57725521,0.00001,hyp1_lowlr,belie,r,08/19/2026,11:08:03,eddie@node1l19.ecdf.ed.ac.uk,1
57724841,0.00001,hyp1_neglr,belie,r,08/19/2026,10:54:09,eddie@node1q06.ecdf.ed.ac.uk,1
57725478,0.00001,hyp1_lowlr,belie,r,08/19/2026,11:07:34,eddie@node1j07.ecdf.ed.ac.uk,1
57725479,0.00001,hyp1_lowlr,belie,r,08/19/2026,11:07:34,eddie@node1l01.ecdf.ed.ac.uk,1
57724855,0.00001,hyp1_neglr,belie,r,08/19/2026,10:54:24,eddie@node1q05.ecdf.ed.ac.uk,1
57724856,0.00001,hyp1_neglr,belie,r,08/19/2026,10:54:24,eddie@node1n15.ecdf.ed.ac.uk,1
57725433,0.00001,hyp1_lowlr,belie,r,08/19/2026,11:07:04,eddie@node1n15.ecdf.ed.ac.uk,1
57725497,0.00001,hyp1_lowlr,belie,r,08/19/2026,11:07:48,eddie@node1j17.ecdf.ed.ac.uk,1
57725498,0.00001,hyp1_lowlr,belie,r,08/19/2026,11:07:48,eddie@node1m05.ecdf.ed.ac.uk,1
57725499,0.00001,hyp1_lowlr,belie,r,08/19/2026,11:07:48,eddie@node1j23.ecdf.ed.ac.uk,1
57725413,0.00001,hyp1_lowlr,belie,r,08/19/2026,11:06:48,eddie@node1l20.ecdf.ed.ac.uk,1
57725522,0.00001,hyp1_lowlr,belie,r,08/19/2026,11:08:03,eddie@node1j09.ecdf.ed.ac.uk,1
57724842,0.00001,hyp1_neglr,belie,r,08/19/2026,10:54:09,eddie@node1n13.ecdf.ed.ac.uk,1
57724844,0.00001,hyp1_neglr,belie,r,08/19/2026,10:54:09,eddie@node1q05.ecdf.ed.ac.uk,1
57725480,0.00001,hyp1_lowlr,belie,r,08/19/2026,11:07:34,eddie@node1j06.ecdf.ed.ac.uk,1
57725481,0.00001,hyp1_lowlr,belie,r,08/19/2026,11:07:34,eddie@node1n15.ecdf.ed.ac.uk,1
57724857,0.00001,hyp1_neglr,belie,r,08/19/2026,10:54:24,eddie@node1n14.ecdf.ed.ac.uk,1
57725447,0.00001,hyp1_lowlr,belie,r,08/19/2026,11:07:18,eddie@node1j08.ecdf.ed.ac.uk,1
57725448,0.00001,hyp1_lowlr,belie,r,08/19/2026,11:07:18,eddie@node1j07.ecdf.ed.ac.uk,1
57725434,0.00001,hyp1_lowlr,belie,r,08/19/2026,11:07:04,eddie@node1n15.ecdf.ed.ac.uk,1
57725775,0.00001,hyp1_lowlr,belie,r,08/19/2026,11:10:23,eddie@node1r20.ecdf.ed.ac.uk,1
57725776,0.00001,hyp1_lowlr,belie,r,08/19/2026,11:10:23,eddie@node1h06.ecdf.ed.ac.uk,1
57725777,0.00001,hyp1_lowlr,belie,r,08/19/2026,11:10:23,eddie@node1r18.ecdf.ed.ac.uk,1
57725500,0.00001,hyp1_lowlr,belie,r,08/19/2026,11:07:48,eddie@node1n15.ecdf.ed.ac.uk,1
57725735,0.00001,hyp1_lowlr,belie,r,08/19/2026,11:10:02,eddie@node1s15.ecdf.ed.ac.uk,1
57725736,0.00001,hyp1_lowlr,belie,r,08/19/2026,11:10:02,eddie@node1m16.ecdf.ed.ac.uk,1
57724845,0.00001,hyp1_neglr,belie,r,08/19/2026,10:54:09,eddie@node1n14.ecdf.ed.ac.uk,1
57724846,0.00001,hyp1_neglr,belie,r,08/19/2026,10:54:09,eddie@node1n16.ecdf.ed.ac.uk,1
57724847,0.00001,hyp1_neglr,belie,r,08/19/2026,10:54:09,eddie@node1q06.ecdf.ed.ac.uk,1
57725552,0.00001,hyp1_lowlr,belie,r,08/19/2026,11:08:30,eddie@node1s15.ecdf.ed.ac.uk,1
57724858,0.00001,hyp1_neglr,belie,r,08/19/2026,10:54:24,eddie@node1n16.ecdf.ed.ac.uk,1
57724859,0.00001,hyp1_neglr,belie,r,08/19/2026,10:54:24,eddie@node1n13.ecdf.ed.ac.uk,1
57725449,0.00001,hyp1_lowlr,belie,r,08/19/2026,11:07:18,eddie@node1j06.ecdf.ed.ac.uk,1
57725778,0.00001,hyp1_lowlr,belie,r,08/19/2026,11:10:23,eddie@node1m16.ecdf.ed.ac.uk,1
57725779,0.00001,hyp1_lowlr,belie,r,08/19/2026,11:10:23,eddie@node1h14.ecdf.ed.ac.uk,1
57725780,0.00001,hyp1_lowlr,belie,r,08/19/2026,11:10:23,eddie@node1r05.ecdf.ed.ac.uk,1
57725737,0.00001,hyp1_lowlr,belie,r,08/19/2026,11:10:02,eddie@node1s19.ecdf.ed.ac.uk,1
57725738,0.00001,hyp1_lowlr,belie,r,08/19/2026,11:10:02,eddie@node1k04.ecdf.ed.ac.uk,1
57725553,0.00001,hyp1_lowlr,belie,r,08/19/2026,11:08:30,eddie@node1h07.ecdf.ed.ac.uk,1
57725554,0.00001,hyp1_lowlr,belie,r,08/19/2026,11:08:30,eddie@node1h08.ecdf.ed.ac.uk,1
57725555,0.00001,hyp1_lowlr,belie,r,08/19/2026,11:08:30,eddie@node1h08.ecdf.ed.ac.uk,1
57724861,0.00001,hyp1_neglr,belie,r,08/19/2026,10:54:24,eddie@node1q05.ecdf.ed.ac.uk,1
57725450,0.00001,hyp1_lowlr,belie,r,08/19/2026,11:07:18,eddie@node1n15.ecdf.ed.ac.uk,1
57725451,0.00001,hyp1_lowlr,belie,r,08/19/2026,11:07:18,eddie@node1n15.ecdf.ed.ac.uk,1
57725781,0.00001,hyp1_lowlr,belie,r,08/19/2026,11:10:23,eddie@node1s19.ecdf.ed.ac.uk,1
57725782,0.00001,hyp1_lowlr,belie,r,08/19/2026,11:10:23,eddie@node1k04.ecdf.ed.ac.uk,1
57725783,0.00001,hyp1_lowlr,belie,r,08/19/2026,11:10:23,eddie@node1l06.ecdf.ed.ac.uk,1
57725740,0.00001,hyp1_lowlr,belie,r,08/19/2026,11:10:02,eddie@node1j10.ecdf.ed.ac.uk,1
57725523,0.00001,hyp1_lowlr,belie,r,08/19/2026,11:08:03,eddie@node1l05.ecdf.ed.ac.uk,1
57725524,0.00001,hyp1_lowlr,belie,r,08/19/2026,11:08:03,eddie@node1j09.ecdf.ed.ac.uk,1
57725525,0.00001,hyp1_lowlr,belie,r,08/19/2026,11:08:03,eddie@node1l20.ecdf.ed.ac.uk,1
57725576,0.00001,hyp1_lowlr,belie,r,08/19/2026,11:08:44,eddie@node1l22.ecdf.ed.ac.uk,1
57725556,0.00001,hyp1_lowlr,belie,r,08/19/2026,11:08:30,eddie@node1j25.ecdf.ed.ac.uk,1
57725557,0.00001,hyp1_lowlr,belie,r,08/19/2026,11:08:30,eddie@node1r06.ecdf.ed.ac.uk,1
57725558,0.00001,hyp1_lowlr,belie,r,08/19/2026,11:08:30,eddie@node1h09.ecdf.ed.ac.uk,1
57724862,0.00001,hyp1_neglr,belie,r,08/19/2026,10:54:24,eddie@node1n15.ecdf.ed.ac.uk,1
57724863,0.00001,hyp1_neglr,belie,r,08/19/2026,10:54:24,eddie@node1n14.ecdf.ed.ac.uk,1
57724864,0.00001,hyp1_neglr,belie,r,08/19/2026,10:54:24,eddie@node1n16.ecdf.ed.ac.uk,1
57724873,0.00001,hyp1_neglr,belie,r,08/19/2026,10:54:39,eddie@node1q06.ecdf.ed.ac.uk,1
57724875,0.00001,hyp1_neglr,belie,r,08/19/2026,10:54:39,eddie@node1n14.ecdf.ed.ac.uk,1
57725784,0.00001,hyp1_lowlr,belie,r,08/19/2026,11:10:23,eddie@node1j10.ecdf.ed.ac.uk,1
57725785,0.00001,hyp1_lowlr,belie,r,08/19/2026,11:10:23,eddie@node1j03.ecdf.ed.ac.uk,1
57725786,0.00001,hyp1_lowlr,belie,r,08/19/2026,11:10:23,eddie@node1j03.ecdf.ed.ac.uk,1
57725787,0.00001,hyp1_lowlr,belie,r,08/19/2026,11:10:23,eddie@node1j22.ecdf.ed.ac.uk,1
57725811,0.00001,hyp1_lowlr,belie,r,08/19/2026,11:10:38,eddie@node1l22.ecdf.ed.ac.uk,1
57725741,0.00001,hyp1_lowlr,belie,r,08/19/2026,11:10:02,eddie@node1l02.ecdf.ed.ac.uk,1
57725526,0.00001,hyp1_lowlr,belie,r,08/19/2026,11:08:03,eddie@node1j09.ecdf.ed.ac.uk,1
57725527,0.00001,hyp1_lowlr,belie,r,08/19/2026,11:08:03,eddie@node1n15.ecdf.ed.ac.uk,1
57724848,0.00001,hyp1_neglr,belie,r,08/19/2026,10:54:09,eddie@node1n13.ecdf.ed.ac.uk,1
57725559,0.00001,hyp1_lowlr,belie,r,08/19/2026,11:08:30,eddie@node1h09.ecdf.ed.ac.uk,1
57724865,0.00001,hyp1_neglr,belie,r,08/19/2026,10:54:24,eddie@node1n13.ecdf.ed.ac.uk,1
57724866,0.00001,hyp1_neglr,belie,r,08/19/2026,10:54:24,eddie@node1q05.ecdf.ed.ac.uk,1
57724867,0.00001,hyp1_neglr,belie,r,08/19/2026,10:54:24,eddie@node1n15.ecdf.ed.ac.uk,1
57724876,0.00001,hyp1_neglr,belie,r,08/19/2026,10:54:39,eddie@node1n16.ecdf.ed.ac.uk,1
57724877,0.00001,hyp1_neglr,belie,r,08/19/2026,10:54:39,eddie@node1n13.ecdf.ed.ac.uk,1
57724878,0.00001,hyp1_neglr,belie,r,08/19/2026,10:54:39,eddie@node1q06.ecdf.ed.ac.uk,1
57725788,0.00001,hyp1_lowlr,belie,r,08/19/2026,11:10:23,eddie@node1l04.ecdf.ed.ac.uk,1
57725789,0.00001,hyp1_lowlr,belie,r,08/19/2026,11:10:23,eddie@node1j04.ecdf.ed.ac.uk,1
57725812,0.00001,hyp1_lowlr,belie,r,08/19/2026,11:10:38,eddie@node1r14.ecdf.ed.ac.uk,1
57725813,0.00001,hyp1_lowlr,belie,r,08/19/2026,11:10:38,eddie@node1h23.ecdf.ed.ac.uk,1
57725742,0.00001,hyp1_lowlr,belie,r,08/19/2026,11:10:02,eddie@node1l02.ecdf.ed.ac.uk,1
57725743,0.00001,hyp1_lowlr,belie,r,08/19/2026,11:10:02,eddie@node1l02.ecdf.ed.ac.uk,1
57725528,0.00001,hyp1_lowlr,belie,r,08/19/2026,11:08:03,eddie@node1n15.ecdf.ed.ac.uk,1
57725560,0.00001,hyp1_lowlr,belie,r,08/19/2026,11:08:30,eddie@node1m03.ecdf.ed.ac.uk,1
57725561,0.00001,hyp1_lowlr,belie,r,08/19/2026,11:08:30,eddie@node1j10.ecdf.ed.ac.uk,1
57724868,0.00001,hyp1_neglr,belie,r,08/19/2026,10:54:24,eddie@node1n14.ecdf.ed.ac.uk,1
57724869,0.00001,hyp1_neglr,belie,r,08/19/2026,10:54:24,eddie@node1n16.ecdf.ed.ac.uk,1
57724879,0.00001,hyp1_neglr,belie,r,08/19/2026,10:54:39,eddie@node1n15.ecdf.ed.ac.uk,1
57724880,0.00001,hyp1_neglr,belie,r,08/19/2026,10:54:39,eddie@node1n14.ecdf.ed.ac.uk,1
57725790,0.00001,hyp1_lowlr,belie,r,08/19/2026,11:10:23,eddie@node1k08.ecdf.ed.ac.uk,1
57725791,0.00001,hyp1_lowlr,belie,r,08/19/2026,11:10:23,eddie@node1j21.ecdf.ed.ac.uk,1
57725792,0.00001,hyp1_lowlr,belie,r,08/19/2026,11:10:23,eddie@node1k09.ecdf.ed.ac.uk,1
57725793,0.00001,hyp1_lowlr,belie,r,08/19/2026,11:10:23,eddie@node1k01.ecdf.ed.ac.uk,1
57725711,0.00001,hyp1_lowlr,belie,r,08/19/2026,11:09:47,eddie@node1l24.ecdf.ed.ac.uk,1
57725712,0.00001,hyp1_lowlr,belie,r,08/19/2026,11:09:47,eddie@node1h06.ecdf.ed.ac.uk,1
57725713,0.00001,hyp1_lowlr,belie,r,08/19/2026,11:09:47,eddie@node1h14.ecdf.ed.ac.uk,1
57725814,0.00001,hyp1_lowlr,belie,r,08/19/2026,11:10:38,eddie@node1j25.ecdf.ed.ac.uk,1
57725744,0.00001,hyp1_lowlr,belie,r,08/19/2026,11:10:02,eddie@node1k09.ecdf.ed.ac.uk,1
57725745,0.00001,hyp1_lowlr,belie,r,08/19/2026,11:10:02,eddie@node1l09.ecdf.ed.ac.uk,1
57725577,0.00001,hyp1_lowlr,belie,r,08/19/2026,11:08:44,eddie@node1l28.ecdf.ed.ac.uk,1
57725578,0.00001,hyp1_lowlr,belie,r,08/19/2026,11:08:44,eddie@node1h23.ecdf.ed.ac.uk,1
57725562,0.00001,hyp1_lowlr,belie,r,08/19/2026,11:08:30,eddie@node1l02.ecdf.ed.ac.uk,1
57725563,0.00001,hyp1_lowlr,belie,r,08/19/2026,11:08:30,eddie@node1j21.ecdf.ed.ac.uk,1
57724882,0.00001,hyp1_neglr,belie,r,08/19/2026,10:54:39,eddie@node1n13.ecdf.ed.ac.uk,1
57724883,0.00001,hyp1_neglr,belie,r,08/19/2026,10:54:39,eddie@node1q06.ecdf.ed.ac.uk,1
57724884,0.00001,hyp1_neglr,belie,r,08/19/2026,10:54:39,eddie@node1n15.ecdf.ed.ac.uk,1
57725794,0.00001,hyp1_lowlr,belie,r,08/19/2026,11:10:23,eddie@node1k08.ecdf.ed.ac.uk,1
57725795,0.00001,hyp1_lowlr,belie,r,08/19/2026,11:10:23,eddie@node1j21.ecdf.ed.ac.uk,1
57725796,0.00001,hyp1_lowlr,belie,r,08/19/2026,11:10:23,eddie@node1j21.ecdf.ed.ac.uk,1
57725714,0.00001,hyp1_lowlr,belie,r,08/19/2026,11:09:47,eddie@node1h11.ecdf.ed.ac.uk,1
57725715,0.00001,hyp1_lowlr,belie,r,08/19/2026,11:09:47,eddie@node1k04.ecdf.ed.ac.uk,1
57725716,0.00001,hyp1_lowlr,belie,r,08/19/2026,11:09:47,eddie@node1l06.ecdf.ed.ac.uk,1
57725746,0.00001,hyp1_lowlr,belie,r,08/19/2026,11:10:02,eddie@node1j18.ecdf.ed.ac.uk,1
57725747,0.00001,hyp1_lowlr,belie,r,08/19/2026,11:10:02,eddie@node1j17.ecdf.ed.ac.uk,1
57725579,0.00001,hyp1_lowlr,belie,r,08/19/2026,11:08:44,eddie@node1h08.ecdf.ed.ac.uk,1
57725580,0.00001,hyp1_lowlr,belie,r,08/19/2026,11:08:44,eddie@node1m16.ecdf.ed.ac.uk,1
57725581,0.00001,hyp1_lowlr,belie,r,08/19/2026,11:08:44,eddie@node1h09.ecdf.ed.ac.uk,1
57725529,0.00001,hyp1_lowlr,belie,r,08/19/2026,11:08:18,eddie@node1l26.ecdf.ed.ac.uk,1
57725530,0.00001,hyp1_lowlr,belie,r,08/19/2026,11:08:18,eddie@node1l24.ecdf.ed.ac.uk,1
57725564,0.00001,hyp1_lowlr,belie,r,08/19/2026,11:08:30,eddie@node1k07.ecdf.ed.ac.uk,1
57725565,0.00001,hyp1_lowlr,belie,r,08/19/2026,11:08:30,eddie@node1j21.ecdf.ed.ac.uk,1
57724885,0.00001,hyp1_neglr,belie,r,08/19/2026,10:54:39,eddie@node1n14.ecdf.ed.ac.uk,1
57724886,0.00001,hyp1_neglr,belie,r,08/19/2026,10:54:39,eddie@node1n16.ecdf.ed.ac.uk,1
57725797,0.00001,hyp1_lowlr,belie,r,08/19/2026,11:10:23,eddie@node1m11.ecdf.ed.ac.uk,1
57725717,0.00001,hyp1_lowlr,belie,r,08/19/2026,11:09:47,eddie@node1l02.ecdf.ed.ac.uk,1
57725748,0.00001,hyp1_lowlr,belie,r,08/19/2026,11:10:02,eddie@node1l07.ecdf.ed.ac.uk,1
57725582,0.00001,hyp1_lowlr,belie,r,08/19/2026,11:08:44,eddie@node1r09.ecdf.ed.ac.uk,1
57725583,0.00001,hyp1_lowlr,belie,r,08/19/2026,11:08:44,eddie@node1k05.ecdf.ed.ac.uk,1
57725531,0.00001,hyp1_lowlr,belie,r,08/19/2026,11:08:18,eddie@node1r07.ecdf.ed.ac.uk,1
57724887,0.00001,hyp1_neglr,belie,r,08/19/2026,10:54:39,eddie@node1n13.ecdf.ed.ac.uk,1
57724888,0.00001,hyp1_neglr,belie,r,08/19/2026,10:54:39,eddie@node1q06.ecdf.ed.ac.uk,1
57724889,0.00001,hyp1_neglr,belie,r,08/19/2026,10:54:39,eddie@node1n15.ecdf.ed.ac.uk,1
57724890,0.00001,hyp1_neglr,belie,r,08/19/2026,10:54:39,eddie@node1n14.ecdf.ed.ac.uk,1
57725798,0.00001,hyp1_lowlr,belie,r,08/19/2026,11:10:23,eddie@node1j17.ecdf.ed.ac.uk,1
57725799,0.00001,hyp1_lowlr,belie,r,08/19/2026,11:10:23,eddie@node1l08.ecdf.ed.ac.uk,1
57725800,0.00001,hyp1_lowlr,belie,r,08/19/2026,11:10:23,eddie@node1l19.ecdf.ed.ac.uk,1
57725718,0.00001,hyp1_lowlr,belie,r,08/19/2026,11:09:47,eddie@node1l02.ecdf.ed.ac.uk,1
57725815,0.00001,hyp1_lowlr,belie,r,08/19/2026,11:10:38,eddie@node1o10.ecdf.ed.ac.uk,1
57725584,0.00001,hyp1_lowlr,belie,r,08/19/2026,11:08:44,eddie@node1k05.ecdf.ed.ac.uk,1
57725532,0.00001,hyp1_lowlr,belie,r,08/19/2026,11:08:18,eddie@node1r19.ecdf.ed.ac.uk,1
57725533,0.00001,hyp1_lowlr,belie,r,08/19/2026,11:08:18,eddie@node1r17.ecdf.ed.ac.uk,1
57725534,0.00001,hyp1_lowlr,belie,r,08/19/2026,11:08:18,eddie@node1j28.ecdf.ed.ac.uk,1
57725566,0.00001,hyp1_lowlr,belie,r,08/19/2026,11:08:30,eddie@node1j02.ecdf.ed.ac.uk,1
57724892,0.00001,hyp1_neglr,belie,r,08/19/2026,10:54:39,eddie@node1n13.ecdf.ed.ac.uk,1
57724893,0.00001,hyp1_neglr,belie,r,08/19/2026,10:54:39,eddie@node1q06.ecdf.ed.ac.uk,1
57725801,0.00001,hyp1_lowlr,belie,r,08/19/2026,11:10:23,eddie@node1j18.ecdf.ed.ac.uk,1
57725719,0.00001,hyp1_lowlr,belie,r,08/19/2026,11:09:47,eddie@node1m06.ecdf.ed.ac.uk,1
57725720,0.00001,hyp1_lowlr,belie,r,08/19/2026,11:09:47,eddie@node1m06.ecdf.ed.ac.uk,1
57725816,0.00001,hyp1_lowlr,belie,r,08/19/2026,11:10:38,eddie@node1r12.ecdf.ed.ac.uk,1
57725817,0.00001,hyp1_lowlr,belie,r,08/19/2026,11:10:38,eddie@node1h09.ecdf.ed.ac.uk,1
57725585,0.00001,hyp1_lowlr,belie,r,08/19/2026,11:08:44,eddie@node1k04.ecdf.ed.ac.uk,1
57725586,0.00001,hyp1_lowlr,belie,r,08/19/2026,11:08:44,eddie@node1l06.ecdf.ed.ac.uk,1
57725587,0.00001,hyp1_lowlr,belie,r,08/19/2026,11:08:44,eddie@node1l06.ecdf.ed.ac.uk,1
57725535,0.00001,hyp1_lowlr,belie,r,08/19/2026,11:08:18,eddie@node1j28.ecdf.ed.ac.uk,1
57725567,0.00001,hyp1_lowlr,belie,r,08/19/2026,11:08:30,eddie@node1j11.ecdf.ed.ac.uk,1
57724895,0.00001,hyp1_neglr,belie,r,08/19/2026,10:54:39,eddie@node1n14.ecdf.ed.ac.uk,1
57724896,0.00001,hyp1_neglr,belie,r,08/19/2026,10:54:39,eddie@node1n16.ecdf.ed.ac.uk,1
57725608,0.00001,hyp1_lowlr,belie,r,08/19/2026,11:08:58,eddie@node1r14.ecdf.ed.ac.uk,1
57725802,0.00001,hyp1_lowlr,belie,r,08/19/2026,11:10:23,eddie@node1l08.ecdf.ed.ac.uk,1
57725722,0.00001,hyp1_lowlr,belie,r,08/19/2026,11:09:47,eddie@node1l09.ecdf.ed.ac.uk,1
57725818,0.00001,hyp1_lowlr,belie,r,08/19/2026,11:10:38,eddie@node1m16.ecdf.ed.ac.uk,1
57725819,0.00001,hyp1_lowlr,belie,r,08/19/2026,11:10:38,eddie@node1s19.ecdf.ed.ac.uk,1
57725749,0.00001,hyp1_lowlr,belie,r,08/19/2026,11:10:02,eddie@node1l09.ecdf.ed.ac.uk,1
57725588,0.00001,hyp1_lowlr,belie,r,08/19/2026,11:08:44,eddie@node1j10.ecdf.ed.ac.uk,1
57725589,0.00001,hyp1_lowlr,belie,r,08/19/2026,11:08:44,eddie@node1j10.ecdf.ed.ac.uk,1
57725568,0.00001,hyp1_lowlr,belie,r,08/19/2026,11:08:30,eddie@node1m07.ecdf.ed.ac.uk,1
57725569,0.00001,hyp1_lowlr,belie,r,08/19/2026,11:08:30,eddie@node1l05.ecdf.ed.ac.uk,1
57724872,0.00001,hyp1_neglr,belie,r,08/19/2026,10:54:24,eddie@node1q06.ecdf.ed.ac.uk,1
57724897,0.00001,hyp1_neglr,belie,r,08/19/2026,10:54:39,eddie@node1n13.ecdf.ed.ac.uk,1
57724898,0.00001,hyp1_neglr,belie,r,08/19/2026,10:54:39,eddie@node1q06.ecdf.ed.ac.uk,1
57724900,0.00001,hyp1_neglr,belie,r,08/19/2026,10:54:39,eddie@node1n14.ecdf.ed.ac.uk,1
57725803,0.00001,hyp1_lowlr,belie,r,08/19/2026,11:10:23,eddie@node1j05.ecdf.ed.ac.uk,1
57725804,0.00001,hyp1_lowlr,belie,r,08/19/2026,11:10:23,eddie@node1m01.ecdf.ed.ac.uk,1
57725723,0.00001,hyp1_lowlr,belie,r,08/19/2026,11:09:47,eddie@node1l07.ecdf.ed.ac.uk,1
57725724,0.00001,hyp1_lowlr,belie,r,08/19/2026,11:09:47,eddie@node1l08.ecdf.ed.ac.uk,1
57725725,0.00001,hyp1_lowlr,belie,r,08/19/2026,11:09:47,eddie@node1j05.ecdf.ed.ac.uk,1
57725820,0.00001,hyp1_lowlr,belie,r,08/19/2026,11:10:38,eddie@node1l06.ecdf.ed.ac.uk,1
57725821,0.00001,hyp1_lowlr,belie,r,08/19/2026,11:10:38,eddie@node1l02.ecdf.ed.ac.uk,1
57725750,0.00001,hyp1_lowlr,belie,r,08/19/2026,11:10:02,eddie@node1l08.ecdf.ed.ac.uk,1
57725751,0.00001,hyp1_lowlr,belie,r,08/19/2026,11:10:02,eddie@node1m10.ecdf.ed.ac.uk,1
57725590,0.00001,hyp1_lowlr,belie,r,08/19/2026,11:08:44,eddie@node1m06.ecdf.ed.ac.uk,1
57725591,0.00001,hyp1_lowlr,belie,r,08/19/2026,11:08:44,eddie@node1m06.ecdf.ed.ac.uk,1
57725570,0.00001,hyp1_lowlr,belie,r,08/19/2026,11:08:30,eddie@node1l05.ecdf.ed.ac.uk,1
57724902,0.00001,hyp1_neglr,belie,r,08/19/2026,10:54:39,eddie@node1n13.ecdf.ed.ac.uk,1
57724903,0.00001,hyp1_neglr,belie,r,08/19/2026,10:54:39,eddie@node1q06.ecdf.ed.ac.uk,1
57725609,0.00001,hyp1_lowlr,belie,r,08/19/2026,11:08:58,eddie@node1r14.ecdf.ed.ac.uk,1
57725805,0.00001,hyp1_lowlr,belie,r,08/19/2026,11:10:23,eddie@node1j23.ecdf.ed.ac.uk,1
57725726,0.00001,hyp1_lowlr,belie,r,08/19/2026,11:09:47,eddie@node1m01.ecdf.ed.ac.uk,1
57725727,0.00001,hyp1_lowlr,belie,r,08/19/2026,11:09:47,eddie@node1l01.ecdf.ed.ac.uk,1
57725822,0.00001,hyp1_lowlr,belie,r,08/19/2026,11:10:38,eddie@node1l03.ecdf.ed.ac.uk,1
57725823,0.00001,hyp1_lowlr,belie,r,08/19/2026,11:10:38,eddie@node1m12.ecdf.ed.ac.uk,1
57725752,0.00001,hyp1_lowlr,belie,r,08/19/2026,11:10:02,eddie@node1l09.ecdf.ed.ac.uk,1
57725753,0.00001,hyp1_lowlr,belie,r,08/19/2026,11:10:02,eddie@node1j11.ecdf.ed.ac.uk,1
57725754,0.00001,hyp1_lowlr,belie,r,08/19/2026,11:10:02,eddie@node1m01.ecdf.ed.ac.uk,1
57725592,0.00001,hyp1_lowlr,belie,r,08/19/2026,11:08:44,eddie@node1j22.ecdf.ed.ac.uk,1
57725593,0.00001,hyp1_lowlr,belie,r,08/19/2026,11:08:45,eddie@node1k01.ecdf.ed.ac.uk,1
57725594,0.00001,hyp1_lowlr,belie,r,08/19/2026,11:08:45,eddie@node1j01.ecdf.ed.ac.uk,1
57725536,0.00001,hyp1_lowlr,belie,r,08/19/2026,11:08:18,eddie@node1s19.ecdf.ed.ac.uk,1
57725571,0.00001,hyp1_lowlr,belie,r,08/19/2026,11:08:30,eddie@node1n15.ecdf.ed.ac.uk,1
57725572,0.00001,hyp1_lowlr,belie,r,08/19/2026,11:08:30,eddie@node1n15.ecdf.ed.ac.uk,1
57724904,0.00001,hyp1_neglr,belie,r,08/19/2026,10:54:39,eddie@node1n15.ecdf.ed.ac.uk,1
57724905,0.00001,hyp1_neglr,belie,r,08/19/2026,10:54:39,eddie@node1n14.ecdf.ed.ac.uk,1
57724906,0.00001,hyp1_neglr,belie,r,08/19/2026,10:54:39,eddie@node1n16.ecdf.ed.ac.uk,1
57725610,0.00001,hyp1_lowlr,belie,r,08/19/2026,11:08:58,eddie@node1r12.ecdf.ed.ac.uk,1
57725758,0.00001,hyp1_lowlr,belie,r,08/19/2026,11:10:08,eddie@node1l26.ecdf.ed.ac.uk,1
57725806,0.00001,hyp1_lowlr,belie,r,08/19/2026,11:10:23,eddie@node1j18.ecdf.ed.ac.uk,1
57725728,0.00001,hyp1_lowlr,belie,r,08/19/2026,11:09:47,eddie@node1k03.ecdf.ed.ac.uk,1
57725730,0.00001,hyp1_lowlr,belie,r,08/19/2026,11:09:47,eddie@node1j23.ecdf.ed.ac.uk,1
57725824,0.00001,hyp1_lowlr,belie,r,08/19/2026,11:10:38,eddie@node1k02.ecdf.ed.ac.uk,1
57725755,0.00001,hyp1_lowlr,belie,r,08/19/2026,11:10:02,eddie@node1j02.ecdf.ed.ac.uk,1
57725595,0.00001,hyp1_lowlr,belie,r,08/19/2026,11:08:45,eddie@node1k07.ecdf.ed.ac.uk,1
57725537,0.00001,hyp1_lowlr,belie,r,08/19/2026,11:08:18,eddie@node1k05.ecdf.ed.ac.uk,1
57725538,0.00001,hyp1_lowlr,belie,r,08/19/2026,11:08:18,eddie@node1j10.ecdf.ed.ac.uk,1
57724907,0.00001,hyp1_neglr,belie,r,08/19/2026,10:54:39,eddie@node1n13.ecdf.ed.ac.uk,1
57724908,0.00001,hyp1_neglr,belie,r,08/19/2026,10:54:39,eddie@node1q06.ecdf.ed.ac.uk,1
57724910,0.00001,hyp1_neglr,belie,r,08/19/2026,10:54:39,eddie@node1n14.ecdf.ed.ac.uk,1
57725683,0.00001,hyp1_lowlr,belie,r,08/19/2026,11:09:32,eddie@node1l24.ecdf.ed.ac.uk,1
57725611,0.00001,hyp1_lowlr,belie,r,08/19/2026,11:08:58,eddie@node1h04.ecdf.ed.ac.uk,1
57725612,0.00001,hyp1_lowlr,belie,r,08/19/2026,11:08:58,eddie@node1h14.ecdf.ed.ac.uk,1
57725807,0.00001,hyp1_lowlr,belie,r,08/19/2026,11:10:23,eddie@node1l05.ecdf.ed.ac.uk,1
57725808,0.00001,hyp1_lowlr,belie,r,08/19/2026,11:10:23,eddie@node1i25.ecdf.ed.ac.uk,1
57725731,0.00001,hyp1_lowlr,belie,r,08/19/2026,11:09:47,eddie@node1j06.ecdf.ed.ac.uk,1
57725732,0.00001,hyp1_lowlr,belie,r,08/19/2026,11:09:47,eddie@node1q06.ecdf.ed.ac.uk,1
57725825,0.00001,hyp1_lowlr,belie,r,08/19/2026,11:10:38,eddie@node1j03.ecdf.ed.ac.uk,1
57725826,0.00001,hyp1_lowlr,belie,r,08/19/2026,11:10:38,eddie@node1j22.ecdf.ed.ac.uk,1
57725756,0.00001,hyp1_lowlr,belie,r,08/19/2026,11:10:02,eddie@node1n13.ecdf.ed.ac.uk,1
57725757,0.00001,hyp1_lowlr,belie,r,08/19/2026,11:10:02,eddie@node1n15.ecdf.ed.ac.uk,1
57725596,0.00001,hyp1_lowlr,belie,r,08/19/2026,11:08:45,eddie@node1l08.ecdf.ed.ac.uk,1
57725539,0.00001,hyp1_lowlr,belie,r,08/19/2026,11:08:18,eddie@node1l02.ecdf.ed.ac.uk,1
57725540,0.00001,hyp1_lowlr,belie,r,08/19/2026,11:08:18,eddie@node1m06.ecdf.ed.ac.uk,1
57725541,0.00001,hyp1_lowlr,belie,r,08/19/2026,11:08:18,eddie@node1k01.ecdf.ed.ac.uk,1
57724911,0.00001,hyp1_neglr,belie,r,08/19/2026,10:54:39,eddie@node1n16.ecdf.ed.ac.uk,1
57724912,0.00001,hyp1_neglr,belie,r,08/19/2026,10:54:39,eddie@node1n13.ecdf.ed.ac.uk,1
57724913,0.00001,hyp1_neglr,belie,r,08/19/2026,10:54:40,eddie@node1q06.ecdf.ed.ac.uk,1
57725684,0.00001,hyp1_lowlr,belie,r,08/19/2026,11:09:32,eddie@node1r20.ecdf.ed.ac.uk,1
57725685,0.00001,hyp1_lowlr,belie,r,08/19/2026,11:09:32,eddie@node1s20.ecdf.ed.ac.uk,1
57724919,0.00001,hyp1_neglr,belie,r,08/19/2026,10:54:54,eddie@node1q05.ecdf.ed.ac.uk,1
57725613,0.00001,hyp1_lowlr,belie,r,08/19/2026,11:08:58,eddie@node1h05.ecdf.ed.ac.uk,1
57725759,0.00001,hyp1_lowlr,belie,r,08/19/2026,11:10:08,eddie@node1h06.ecdf.ed.ac.uk,1
57725760,0.00001,hyp1_lowlr,belie,r,08/19/2026,11:10:08,eddie@node1o14.ecdf.ed.ac.uk,1
57725809,0.00001,hyp1_lowlr,belie,r,08/19/2026,11:10:23,eddie@node1n14.ecdf.ed.ac.uk,1
57725810,0.00001,hyp1_lowlr,belie,r,08/19/2026,11:10:23,eddie@node1n15.ecdf.ed.ac.uk,1
57725733,0.00001,hyp1_lowlr,belie,r,08/19/2026,11:09:47,eddie@node1n15.ecdf.ed.ac.uk,1
57725734,0.00001,hyp1_lowlr,belie,r,08/19/2026,11:09:47,eddie@node1n16.ecdf.ed.ac.uk,1
57725827,0.00001,hyp1_lowlr,belie,r,08/19/2026,11:10:38,eddie@node1k06.ecdf.ed.ac.uk,1
57725597,0.00001,hyp1_lowlr,belie,r,08/19/2026,11:08:45,eddie@node1m02.ecdf.ed.ac.uk,1
57725598,0.00001,hyp1_lowlr,belie,r,08/19/2026,11:08:45,eddie@node1j21.ecdf.ed.ac.uk,1
57725542,0.00001,hyp1_lowlr,belie,r,08/19/2026,11:08:18,eddie@node1j03.ecdf.ed.ac.uk,1
57725543,0.00001,hyp1_lowlr,belie,r,08/19/2026,11:08:18,eddie@node1k08.ecdf.ed.ac.uk,1
57725544,0.00001,hyp1_lowlr,belie,r,08/19/2026,11:08:18,eddie@node1j21.ecdf.ed.ac.uk,1
57725545,0.00001,hyp1_lowlr,belie,r,08/19/2026,11:08:18,eddie@node1j18.ecdf.ed.ac.uk,1
57725573,0.00001,hyp1_lowlr,belie,r,08/19/2026,11:08:30,eddie@node1n16.ecdf.ed.ac.uk,1
57724915,0.00001,hyp1_neglr,belie,r,08/19/2026,10:54:40,eddie@node1n14.ecdf.ed.ac.uk,1
57725686,0.00001,hyp1_lowlr,belie,r,08/19/2026,11:09:32,eddie@node1o10.ecdf.ed.ac.uk,1
57725687,0.00001,hyp1_lowlr,belie,r,08/19/2026,11:09:32,eddie@node1h14.ecdf.ed.ac.uk,1
57725688,0.00001,hyp1_lowlr,belie,r,08/19/2026,11:09:32,eddie@node1r17.ecdf.ed.ac.uk,1
57724922,0.00001,hyp1_neglr,belie,r,08/19/2026,10:54:54,eddie@node1q05.ecdf.ed.ac.uk,1
57725614,0.00001,hyp1_lowlr,belie,r,08/19/2026,11:08:58,eddie@node1r09.ecdf.ed.ac.uk,1
57725616,0.00001,hyp1_lowlr,belie,r,08/19/2026,11:08:58,eddie@node1k04.ecdf.ed.ac.uk,1
57725761,0.00001,hyp1_lowlr,belie,r,08/19/2026,11:10:08,eddie@node1k05.ecdf.ed.ac.uk,1
57725828,0.00001,hyp1_lowlr,belie,r,08/19/2026,11:10:38,eddie@node1j04.ecdf.ed.ac.uk,1
57725599,0.00001,hyp1_lowlr,belie,r,08/19/2026,11:08:45,eddie@node1j17.ecdf.ed.ac.uk,1
57725600,0.00001,hyp1_lowlr,belie,r,08/19/2026,11:08:45,eddie@node1m04.ecdf.ed.ac.uk,1
57725601,0.00001,hyp1_lowlr,belie,r,08/19/2026,11:08:45,eddie@node1j11.ecdf.ed.ac.uk,1
57725546,0.00001,hyp1_lowlr,belie,r,08/19/2026,11:08:18,eddie@node1m12.ecdf.ed.ac.uk,1
57725547,0.00001,hyp1_lowlr,belie,r,08/19/2026,11:08:18,eddie@node1l08.ecdf.ed.ac.uk,1
57724916,0.00001,hyp1_neglr,belie,r,08/19/2026,10:54:40,eddie@node1q05.ecdf.ed.ac.uk,1
57724918,0.00001,hyp1_neglr,belie,r,08/19/2026,10:54:40,eddie@node1n13.ecdf.ed.ac.uk,1
57725654,0.00001,hyp1_lowlr,belie,r,08/19/2026,11:09:17,eddie@node1r15.ecdf.ed.ac.uk,1
57725689,0.00001,hyp1_lowlr,belie,r,08/19/2026,11:09:32,eddie@node1h05.ecdf.ed.ac.uk,1
57724924,0.00001,hyp1_neglr,belie,r,08/19/2026,10:54:54,eddie@node1n16.ecdf.ed.ac.uk,1
57724925,0.00001,hyp1_neglr,belie,r,08/19/2026,10:54:54,eddie@node1q05.ecdf.ed.ac.uk,1
57724926,0.00001,hyp1_neglr,belie,r,08/19/2026,10:54:54,eddie@node1n14.ecdf.ed.ac.uk,1
57725617,0.00001,hyp1_lowlr,belie,r,08/19/2026,11:08:58,eddie@node1l02.ecdf.ed.ac.uk,1
57725618,0.00001,hyp1_lowlr,belie,r,08/19/2026,11:08:58,eddie@node1l02.ecdf.ed.ac.uk,1
57725762,0.00001,hyp1_lowlr,belie,r,08/19/2026,11:10:08,eddie@node1l06.ecdf.ed.ac.uk,1
57725829,0.00001,hyp1_lowlr,belie,r,08/19/2026,11:10:38,eddie@node1j04.ecdf.ed.ac.uk,1
57725830,0.00001,hyp1_lowlr,belie,r,08/19/2026,11:10:38,eddie@node1m02.ecdf.ed.ac.uk,1
57725831,0.00001,hyp1_lowlr,belie,r,08/19/2026,11:10:38,eddie@node1m07.ecdf.ed.ac.uk,1
57725602,0.00001,hyp1_lowlr,belie,r,08/19/2026,11:08:45,eddie@node1l19.ecdf.ed.ac.uk,1
57725603,0.00001,hyp1_lowlr,belie,r,08/19/2026,11:08:45,eddie@node1j11.ecdf.ed.ac.uk,1
57725548,0.00001,hyp1_lowlr,belie,r,08/19/2026,11:08:18,eddie@node1m11.ecdf.ed.ac.uk,1
57725549,0.00001,hyp1_lowlr,belie,r,08/19/2026,11:08:18,eddie@node1m07.ecdf.ed.ac.uk,1
57725574,0.00001,hyp1_lowlr,belie,r,08/19/2026,11:08:30,eddie@node1n15.ecdf.ed.ac.uk,1
57725655,0.00001,hyp1_lowlr,belie,r,08/19/2026,11:09:17,eddie@node1l22.ecdf.ed.ac.uk,1
57725656,0.00001,hyp1_lowlr,belie,r,08/19/2026,11:09:17,eddie@node1o14.ecdf.ed.ac.uk,1
57725657,0.00001,hyp1_lowlr,belie,r,08/19/2026,11:09:17,eddie@node1r17.ecdf.ed.ac.uk,1
57725690,0.00001,hyp1_lowlr,belie,r,08/19/2026,11:09:32,eddie@node1k05.ecdf.ed.ac.uk,1
57725691,0.00001,hyp1_lowlr,belie,r,08/19/2026,11:09:32,eddie@node1k05.ecdf.ed.ac.uk,1
57724928,0.00001,hyp1_neglr,belie,r,08/19/2026,10:54:54,eddie@node1n16.ecdf.ed.ac.uk,1
57724929,0.00001,hyp1_neglr,belie,r,08/19/2026,10:54:54,eddie@node1q05.ecdf.ed.ac.uk,1
57724930,0.00001,hyp1_neglr,belie,r,08/19/2026,10:54:54,eddie@node1n14.ecdf.ed.ac.uk,1
57725763,0.00001,hyp1_lowlr,belie,r,08/19/2026,11:10:09,eddie@node1k09.ecdf.ed.ac.uk,1
57725764,0.00001,hyp1_lowlr,belie,r,08/19/2026,11:10:09,eddie@node1j18.ecdf.ed.ac.uk,1
57725832,0.00001,hyp1_lowlr,belie,r,08/19/2026,11:10:38,eddie@node1j05.ecdf.ed.ac.uk,1
57725833,0.00001,hyp1_lowlr,belie,r,08/19/2026,11:10:38,eddie@node1k03.ecdf.ed.ac.uk,1
57725604,0.00001,hyp1_lowlr,belie,r,08/19/2026,11:08:45,eddie@node1j08.ecdf.ed.ac.uk,1
57725605,0.00001,hyp1_lowlr,belie,r,08/19/2026,11:08:45,eddie@node1j06.ecdf.ed.ac.uk,1
57725606,0.00001,hyp1_lowlr,belie,r,08/19/2026,11:08:45,eddie@node1j09.ecdf.ed.ac.uk,1
57725550,0.00001,hyp1_lowlr,belie,r,08/19/2026,11:08:18,eddie@node1j23.ecdf.ed.ac.uk,1
57725575,0.00001,hyp1_lowlr,belie,r,08/19/2026,11:08:30,eddie@node1n16.ecdf.ed.ac.uk,1
57725658,0.00001,hyp1_lowlr,belie,r,08/19/2026,11:09:17,eddie@node1r05.ecdf.ed.ac.uk,1
57725692,0.00001,hyp1_lowlr,belie,r,08/19/2026,11:09:32,eddie@node1k05.ecdf.ed.ac.uk,1
57725693,0.00001,hyp1_lowlr,belie,r,08/19/2026,11:09:32,eddie@node1l06.ecdf.ed.ac.uk,1
57725694,0.00001,hyp1_lowlr,belie,r,08/19/2026,11:09:32,eddie@node1m06.ecdf.ed.ac.uk,1
57724931,0.00001,hyp1_neglr,belie,r,08/19/2026,10:54:54,eddie@node1n15.ecdf.ed.ac.uk,1
57724932,0.00001,hyp1_neglr,belie,r,08/19/2026,10:54:54,eddie@node1n16.ecdf.ed.ac.uk,1
57725765,0.00001,hyp1_lowlr,belie,r,08/19/2026,11:10:09,eddie@node1j17.ecdf.ed.ac.uk,1
57725766,0.00001,hyp1_lowlr,belie,r,08/19/2026,11:10:09,eddie@node1l19.ecdf.ed.ac.uk,1
57725767,0.00001,hyp1_lowlr,belie,r,08/19/2026,11:10:09,eddie@node1j18.ecdf.ed.ac.uk,1
57725834,0.00001,hyp1_lowlr,belie,r,08/19/2026,11:10:38,eddie@node1j23.ecdf.ed.ac.uk,1
57725607,0.00001,hyp1_lowlr,belie,r,08/19/2026,11:08:45,eddie@node1j09.ecdf.ed.ac.uk,1
57725551,0.00001,hyp1_lowlr,belie,r,08/19/2026,11:08:18,eddie@node1n16.ecdf.ed.ac.uk,1
57725659,0.00001,hyp1_lowlr,belie,r,08/19/2026,11:09:17,eddie@node1s19.ecdf.ed.ac.uk,1
57725660,0.00001,hyp1_lowlr,belie,r,08/19/2026,11:09:17,eddie@node1k04.ecdf.ed.ac.uk,1
57725661,0.00001,hyp1_lowlr,belie,r,08/19/2026,11:09:17,eddie@node1k04.ecdf.ed.ac.uk,1
57725695,0.00001,hyp1_lowlr,belie,r,08/19/2026,11:09:32,eddie@node1l07.ecdf.ed.ac.uk,1
57725696,0.00001,hyp1_lowlr,belie,r,08/19/2026,11:09:32,eddie@node1k08.ecdf.ed.ac.uk,1
57725697,0.00001,hyp1_lowlr,belie,r,08/19/2026,11:09:32,eddie@node1j18.ecdf.ed.ac.uk,1
57725698,0.00001,hyp1_lowlr,belie,r,08/19/2026,11:09:32,eddie@node1j21.ecdf.ed.ac.uk,1
57724934,0.00001,hyp1_neglr,belie,r,08/19/2026,10:54:54,eddie@node1q05.ecdf.ed.ac.uk,1
57724935,0.00001,hyp1_neglr,belie,r,08/19/2026,10:54:54,eddie@node1n14.ecdf.ed.ac.uk,1
57724936,0.00001,hyp1_neglr,belie,r,08/19/2026,10:54:54,eddie@node1n15.ecdf.ed.ac.uk,1
57725620,0.00001,hyp1_lowlr,belie,r,08/19/2026,11:08:58,eddie@node1l02.ecdf.ed.ac.uk,1
57725768,0.00001,hyp1_lowlr,belie,r,08/19/2026,11:10:09,eddie@node1m10.ecdf.ed.ac.uk,1
57725769,0.00001,hyp1_lowlr,belie,r,08/19/2026,11:10:09,eddie@node1j05.ecdf.ed.ac.uk,1
57725770,0.00001,hyp1_lowlr,belie,r,08/19/2026,11:10:09,eddie@node1m06.ecdf.ed.ac.uk,1
57725835,0.00001,hyp1_lowlr,belie,r,08/19/2026,11:10:38,eddie@node1j18.ecdf.ed.ac.uk,1
57725662,0.00001,hyp1_lowlr,belie,r,08/19/2026,11:09:17,eddie@node1j10.ecdf.ed.ac.uk,1
57725663,0.00001,hyp1_lowlr,belie,r,08/19/2026,11:09:17,eddie@node1j10.ecdf.ed.ac.uk,1
57725664,0.00001,hyp1_lowlr,belie,r,08/19/2026,11:09:17,eddie@node1j18.ecdf.ed.ac.uk,1
57725699,0.00001,hyp1_lowlr,belie,r,08/19/2026,11:09:32,eddie@node1m10.ecdf.ed.ac.uk,1
57725700,0.00001,hyp1_lowlr,belie,r,08/19/2026,11:09:32,eddie@node1j05.ecdf.ed.ac.uk,1
57724938,0.00001,hyp1_neglr,belie,r,08/19/2026,10:54:54,eddie@node1n13.ecdf.ed.ac.uk,1
57724939,0.00001,hyp1_neglr,belie,r,08/19/2026,10:54:54,eddie@node1q05.ecdf.ed.ac.uk,1
57725771,0.00001,hyp1_lowlr,belie,r,08/19/2026,11:10:09,eddie@node1k03.ecdf.ed.ac.uk,1
57725772,0.00001,hyp1_lowlr,belie,r,08/19/2026,11:10:09,eddie@node1i25.ecdf.ed.ac.uk,1
57725773,0.00001,hyp1_lowlr,belie,r,08/19/2026,11:10:09,eddie@node1q05.ecdf.ed.ac.uk,1
57725836,0.00001,hyp1_lowlr,belie,r,08/19/2026,11:10:38,eddie@node1l20.ecdf.ed.ac.uk,1
57725665,0.00001,hyp1_lowlr,belie,r,08/19/2026,11:09:17,eddie@node1l07.ecdf.ed.ac.uk,1
57725666,0.00001,hyp1_lowlr,belie,r,08/19/2026,11:09:17,eddie@node1j18.ecdf.ed.ac.uk,1
57725668,0.00001,hyp1_lowlr,belie,r,08/19/2026,11:09:17,eddie@node1m11.ecdf.ed.ac.uk,1
57725701,0.00001,hyp1_lowlr,belie,r,08/19/2026,11:09:32,eddie@node1m02.ecdf.ed.ac.uk,1
57724940,0.00001,hyp1_neglr,belie,r,08/19/2026,10:54:54,eddie@node1n14.ecdf.ed.ac.uk,1
57724942,0.00001,hyp1_neglr,belie,r,08/19/2026,10:54:54,eddie@node1n16.ecdf.ed.ac.uk,1
57724943,0.00001,hyp1_neglr,belie,r,08/19/2026,10:54:54,eddie@node1n13.ecdf.ed.ac.uk,1
57725621,0.00001,hyp1_lowlr,belie,r,08/19/2026,11:08:58,eddie@node1k06.ecdf.ed.ac.uk,1
57725624,0.00001,hyp1_lowlr,belie,r,08/19/2026,11:08:58,eddie@node1l04.ecdf.ed.ac.uk,1
57725774,0.00001,hyp1_lowlr,belie,r,08/19/2026,11:10:09,eddie@node1n16.ecdf.ed.ac.uk,1
57725837,0.00001,hyp1_lowlr,belie,r,08/19/2026,11:10:38,eddie@node1j23.ecdf.ed.ac.uk,1
57725838,0.00001,hyp1_lowlr,belie,r,08/19/2026,11:10:38,eddie@node1i25.ecdf.ed.ac.uk,1
57725669,0.00001,hyp1_lowlr,belie,r,08/19/2026,11:09:17,eddie@node1j21.ecdf.ed.ac.uk,1
57725670,0.00001,hyp1_lowlr,belie,r,08/19/2026,11:09:17,eddie@node1k01.ecdf.ed.ac.uk,1
57725702,0.00001,hyp1_lowlr,belie,r,08/19/2026,11:09:32,eddie@node1j02.ecdf.ed.ac.uk,1
57725703,0.00001,hyp1_lowlr,belie,r,08/19/2026,11:09:32,eddie@node1j19.ecdf.ed.ac.uk,1
57724944,0.00001,hyp1_neglr,belie,r,08/19/2026,10:54:54,eddie@node1q05.ecdf.ed.ac.uk,1
57724945,0.00001,hyp1_neglr,belie,r,08/19/2026,10:54:54,eddie@node1n14.ecdf.ed.ac.uk,1
57725625,0.00001,hyp1_lowlr,belie,r,08/19/2026,11:08:58,eddie@node1k01.ecdf.ed.ac.uk,1
57725626,0.00001,hyp1_lowlr,belie,r,08/19/2026,11:08:58,eddie@node1k07.ecdf.ed.ac.uk,1
57725627,0.00001,hyp1_lowlr,belie,r,08/19/2026,11:08:58,eddie@node1j02.ecdf.ed.ac.uk,1
57725839,0.00001,hyp1_lowlr,belie,r,08/19/2026,11:10:38,eddie@node1n15.ecdf.ed.ac.uk,1
57725840,0.00001,hyp1_lowlr,belie,r,08/19/2026,11:10:38,eddie@node1n15.ecdf.ed.ac.uk,1
57725841,0.00001,hyp1_lowlr,belie,r,08/19/2026,11:10:38,eddie@node1n16.ecdf.ed.ac.uk,1
57725842,0.00001,hyp1_lowlr,belie,r,08/19/2026,11:10:44,eddie@node1k04.ecdf.ed.ac.uk,1
57725671,0.00001,hyp1_lowlr,belie,r,08/19/2026,11:09:18,eddie@node1m10.ecdf.ed.ac.uk,1
57725672,0.00001,hyp1_lowlr,belie,r,08/19/2026,11:09:18,eddie@node1m02.ecdf.ed.ac.uk,1
57725704,0.00001,hyp1_lowlr,belie,r,08/19/2026,11:09:32,eddie@node1m11.ecdf.ed.ac.uk,1
57725705,0.00001,hyp1_lowlr,belie,r,08/19/2026,11:09:32,eddie@node1j02.ecdf.ed.ac.uk,1
57725706,0.00001,hyp1_lowlr,belie,r,08/19/2026,11:09:32,eddie@node1j23.ecdf.ed.ac.uk,1
57724947,0.00001,hyp1_neglr,belie,r,08/19/2026,10:54:54,eddie@node1n16.ecdf.ed.ac.uk,1
57724948,0.00001,hyp1_neglr,belie,r,08/19/2026,10:54:54,eddie@node1n13.ecdf.ed.ac.uk,1
57724949,0.00001,hyp1_neglr,belie,r,08/19/2026,10:54:54,eddie@node1q05.ecdf.ed.ac.uk,1
57725673,0.00001,hyp1_lowlr,belie,r,08/19/2026,11:09:18,eddie@node1l19.ecdf.ed.ac.uk,1
57725674,0.00001,hyp1_lowlr,belie,r,08/19/2026,11:09:18,eddie@node1j19.ecdf.ed.ac.uk,1
57725707,0.00001,hyp1_lowlr,belie,r,08/19/2026,11:09:32,eddie@node1j06.ecdf.ed.ac.uk,1
57725708,0.00001,hyp1_lowlr,belie,r,08/19/2026,11:09:32,eddie@node1j06.ecdf.ed.ac.uk,1
57725709,0.00001,hyp1_lowlr,belie,r,08/19/2026,11:09:32,eddie@node1l05.ecdf.ed.ac.uk,1
57725710,0.00001,hyp1_lowlr,belie,r,08/19/2026,11:09:32,eddie@node1n16.ecdf.ed.ac.uk,1
57724950,0.00001,hyp1_neglr,belie,r,08/19/2026,10:54:54,eddie@node1n14.ecdf.ed.ac.uk,1
57724951,0.00001,hyp1_neglr,belie,r,08/19/2026,10:54:54,eddie@node1n15.ecdf.ed.ac.uk,1
57725843,0.00001,hyp1_lowlr,belie,r,08/19/2026,11:10:44,eddie@node1k02.ecdf.ed.ac.uk,1
57725844,0.00001,hyp1_lowlr,belie,r,08/19/2026,11:10:44,eddie@node1j01.ecdf.ed.ac.uk,1
57725675,0.00001,hyp1_lowlr,belie,r,08/19/2026,11:09:18,eddie@node1m01.ecdf.ed.ac.uk,1
57724952,0.00001,hyp1_neglr,belie,r,08/19/2026,10:54:54,eddie@node1n16.ecdf.ed.ac.uk,1
57724953,0.00001,hyp1_neglr,belie,r,08/19/2026,10:54:54,eddie@node1n13.ecdf.ed.ac.uk,1
57724954,0.00001,hyp1_neglr,belie,r,08/19/2026,10:54:54,eddie@node1q05.ecdf.ed.ac.uk,1
57724965,0.00001,hyp1_neglr,belie,r,08/19/2026,10:55:09,eddie@node1q05.ecdf.ed.ac.uk,1
57724966,0.00001,hyp1_neglr,belie,r,08/19/2026,10:55:09,eddie@node1q06.ecdf.ed.ac.uk,1
57725845,0.00001,hyp1_lowlr,belie,r,08/19/2026,11:10:44,eddie@node1l04.ecdf.ed.ac.uk,1
57725676,0.00000,hyp1_lowlr,belie,r,08/19/2026,11:09:18,eddie@node1m07.ecdf.ed.ac.uk,1
57725677,0.00000,hyp1_lowlr,belie,r,08/19/2026,11:09:18,eddie@node1j08.ecdf.ed.ac.uk,1
57725678,0.00000,hyp1_lowlr,belie,r,08/19/2026,11:09:18,eddie@node1l20.ecdf.ed.ac.uk,1
57724955,0.00000,hyp1_neglr,belie,r,08/19/2026,10:54:54,eddie@node1n14.ecdf.ed.ac.uk,1
57724957,0.00000,hyp1_neglr,belie,r,08/19/2026,10:54:54,eddie@node1n16.ecdf.ed.ac.uk,1
57724958,0.00000,hyp1_neglr,belie,r,08/19/2026,10:54:54,eddie@node1n13.ecdf.ed.ac.uk,1
57725853,0.00000,hyp1_lowlr,belie,r,08/19/2026,11:10:51,eddie@node1h08.ecdf.ed.ac.uk,1
57725854,0.00000,hyp1_lowlr,belie,r,08/19/2026,11:10:51,eddie@node1h05.ecdf.ed.ac.uk,1
57725855,0.00000,hyp1_lowlr,belie,r,08/19/2026,11:10:51,eddie@node1k04.ecdf.ed.ac.uk,1
57724967,0.00000,hyp1_neglr,belie,r,08/19/2026,10:55:09,eddie@node1q05.ecdf.ed.ac.uk,1
57724968,0.00000,hyp1_neglr,belie,r,08/19/2026,10:55:09,eddie@node1n14.ecdf.ed.ac.uk,1
57724969,0.00000,hyp1_neglr,belie,r,08/19/2026,10:55:09,eddie@node1q06.ecdf.ed.ac.uk,1
57725846,0.00000,hyp1_lowlr,belie,r,08/19/2026,11:10:44,eddie@node1k08.ecdf.ed.ac.uk,1
57725679,0.00000,hyp1_lowlr,belie,r,08/19/2026,11:09:18,eddie@node1l05.ecdf.ed.ac.uk,1
57724959,0.00000,hyp1_neglr,belie,r,08/19/2026,10:54:54,eddie@node1q05.ecdf.ed.ac.uk,1
57724960,0.00000,hyp1_neglr,belie,r,08/19/2026,10:54:54,eddie@node1n14.ecdf.ed.ac.uk,1
57724961,0.00000,hyp1_neglr,belie,r,08/19/2026,10:54:54,eddie@node1n15.ecdf.ed.ac.uk,1
57725856,0.00000,hyp1_lowlr,belie,r,08/19/2026,11:10:51,eddie@node1l03.ecdf.ed.ac.uk,1
57725857,0.00000,hyp1_lowlr,belie,r,08/19/2026,11:10:51,eddie@node1m12.ecdf.ed.ac.uk,1
57724970,0.00000,hyp1_neglr,belie,r,08/19/2026,10:55:09,eddie@node1n13.ecdf.ed.ac.uk,1
57724971,0.00000,hyp1_neglr,belie,r,08/19/2026,10:55:09,eddie@node1q05.ecdf.ed.ac.uk,1
57724972,0.00000,hyp1_neglr,belie,r,08/19/2026,10:55:09,eddie@node1n14.ecdf.ed.ac.uk,1
57725847,0.00000,hyp1_lowlr,belie,r,08/19/2026,11:10:44,eddie@node1l19.ecdf.ed.ac.uk,1
57725848,0.00000,hyp1_lowlr,belie,r,08/19/2026,11:10:44,eddie@node1j06.ecdf.ed.ac.uk,1
57725849,0.00000,hyp1_lowlr,belie,r,08/19/2026,11:10:44,eddie@node1j23.ecdf.ed.ac.uk,1
57725680,0.00000,hyp1_lowlr,belie,r,08/19/2026,11:09:18,eddie@node1n15.ecdf.ed.ac.uk,1
57725681,0.00000,hyp1_lowlr,belie,r,08/19/2026,11:09:18,eddie@node1n15.ecdf.ed.ac.uk,1
57724962,0.00000,hyp1_neglr,belie,r,08/19/2026,10:54:54,eddie@node1q06.ecdf.ed.ac.uk,1
57724963,0.00000,hyp1_neglr,belie,r,08/19/2026,10:54:54,eddie@node1n16.ecdf.ed.ac.uk,1
57724964,0.00000,hyp1_neglr,belie,r,08/19/2026,10:54:54,eddie@node1n13.ecdf.ed.ac.uk,1
57725630,0.00000,hyp1_lowlr,belie,r,08/19/2026,11:08:58,eddie@node1l08.ecdf.ed.ac.uk,1
57725631,0.00000,hyp1_lowlr,belie,r,08/19/2026,11:08:58,eddie@node1j19.ecdf.ed.ac.uk,1
57725632,0.00000,hyp1_lowlr,belie,r,08/19/2026,11:08:58,eddie@node1j07.ecdf.ed.ac.uk,1
57725858,0.00000,hyp1_lowlr,belie,r,08/19/2026,11:10:51,eddie@node1m12.ecdf.ed.ac.uk,1
57724973,0.00000,hyp1_neglr,belie,r,08/19/2026,10:55:09,eddie@node1q06.ecdf.ed.ac.uk,1
57724974,0.00000,hyp1_neglr,belie,r,08/19/2026,10:55:09,eddie@node1n13.ecdf.ed.ac.uk,1
57724975,0.00000,hyp1_neglr,belie,r,08/19/2026,10:55:09,eddie@node1q05.ecdf.ed.ac.uk,1
57724976,0.00000,hyp1_neglr,belie,r,08/19/2026,10:55:09,eddie@node1n14.ecdf.ed.ac.uk,1
57725850,0.00000,hyp1_lowlr,belie,r,08/19/2026,11:10:44,eddie@node1n16.ecdf.ed.ac.uk,1
57725852,0.00000,hyp1_lowlr,belie,r,08/19/2026,11:10:44,eddie@node1n16.ecdf.ed.ac.uk,1
57725682,0.00000,hyp1_lowlr,belie,r,08/19/2026,11:09:18,eddie@node1n16.ecdf.ed.ac.uk,1
57725634,0.00000,hyp1_lowlr,belie,r,08/19/2026,11:08:58,eddie@node1m07.ecdf.ed.ac.uk,1
57725635,0.00000,hyp1_lowlr,belie,r,08/19/2026,11:08:58,eddie@node1j08.ecdf.ed.ac.uk,1
57725636,0.00000,hyp1_lowlr,belie,r,08/19/2026,11:08:58,eddie@node1j11.ecdf.ed.ac.uk,1
57724977,0.00000,hyp1_neglr,belie,r,08/19/2026,10:55:09,eddie@node1q06.ecdf.ed.ac.uk,1
57724978,0.00000,hyp1_neglr,belie,r,08/19/2026,10:55:09,eddie@node1n13.ecdf.ed.ac.uk,1
57725643,0.00000,hyp1_lowlr,belie,r,08/19/2026,11:09:03,eddie@node1l06.ecdf.ed.ac.uk,1
57725637,0.00000,hyp1_lowlr,belie,r,08/19/2026,11:08:58,eddie@node1j07.ecdf.ed.ac.uk,1
57725638,0.00000,hyp1_lowlr,belie,r,08/19/2026,11:08:58,eddie@node1l20.ecdf.ed.ac.uk,1
57725639,0.00000,hyp1_lowlr,belie,r,08/19/2026,11:08:58,eddie@node1l05.ecdf.ed.ac.uk,1
57724979,0.00000,hyp1_neglr,belie,r,08/19/2026,10:55:09,eddie@node1q05.ecdf.ed.ac.uk,1
57725644,0.00000,hyp1_lowlr,belie,r,08/19/2026,11:09:03,eddie@node1j03.ecdf.ed.ac.uk,1
57725646,0.00000,hyp1_lowlr,belie,r,08/19/2026,11:09:03,eddie@node1k03.ecdf.ed.ac.uk,1
57725647,0.00000,hyp1_lowlr,belie,r,08/19/2026,11:09:03,eddie@node1m04.ecdf.ed.ac.uk,1
57725648,0.00000,hyp1_lowlr,belie,r,08/19/2026,11:09:03,eddie@node1j02.ecdf.ed.ac.uk,1
57725640,0.00000,hyp1_lowlr,belie,r,08/19/2026,11:08:58,eddie@node1l05.ecdf.ed.ac.uk,1
57725641,0.00000,hyp1_lowlr,belie,r,08/19/2026,11:08:58,eddie@node1n13.ecdf.ed.ac.uk,1
57725642,0.00000,hyp1_lowlr,belie,r,08/19/2026,11:08:58,eddie@node1n16.ecdf.ed.ac.uk,1
57725860,0.00000,hyp1_lowlr,belie,r,08/19/2026,11:10:51,eddie@node1k02.ecdf.ed.ac.uk,1
57725861,0.00000,hyp1_lowlr,belie,r,08/19/2026,11:10:51,eddie@node1l08.ecdf.ed.ac.uk,1
57725862,0.00000,hyp1_lowlr,belie,r,08/19/2026,11:10:51,eddie@node1m01.ecdf.ed.ac.uk,1
57724980,0.00000,hyp1_neglr,belie,r,08/19/2026,10:55:09,eddie@node1n14.ecdf.ed.ac.uk,1
57724981,0.00000,hyp1_neglr,belie,r,08/19/2026,10:55:09,eddie@node1q06.ecdf.ed.ac.uk,1
57725649,0.00000,hyp1_lowlr,belie,r,08/19/2026,11:09:03,eddie@node1k03.ecdf.ed.ac.uk,1
57725650,0.00000,hyp1_lowlr,belie,r,08/19/2026,11:09:03,eddie@node1j23.ecdf.ed.ac.uk,1
57725651,0.00000,hyp1_lowlr,belie,r,08/19/2026,11:09:03,eddie@node1l20.ecdf.ed.ac.uk,1
57725863,0.00000,hyp1_lowlr,belie,r,08/19/2026,11:10:51,eddie@node1n16.ecdf.ed.ac.uk,1
57724982,0.00000,hyp1_neglr,belie,r,08/19/2026,10:55:09,eddie@node1n13.ecdf.ed.ac.uk,1
57725652,0.00000,hyp1_lowlr,belie,r,08/19/2026,11:09:03,eddie@node1j06.ecdf.ed.ac.uk,1
57725653,0.00000,hyp1_lowlr,belie,r,08/19/2026,11:09:03,eddie@node1i25.ecdf.ed.ac.uk,1
57724983,0.00000,hyp1_neglr,belie,r,08/19/2026,10:55:09,eddie@node1q05.ecdf.ed.ac.uk,1
57724984,0.00000,hyp1_neglr,belie,r,08/19/2026,10:55:09,eddie@node1n15.ecdf.ed.ac.uk,1
57724985,0.00000,hyp1_neglr,belie,r,08/19/2026,10:55:09,eddie@node1n14.ecdf.ed.ac.uk,1
57724987,0.00000,hyp1_neglr,belie,r,08/19/2026,10:55:09,eddie@node1q06.ecdf.ed.ac.uk,1
57724988,0.00000,hyp1_neglr,belie,r,08/19/2026,10:55:09,eddie@node1n13.ecdf.ed.ac.uk,1
57724989,0.00000,hyp1_neglr,belie,r,08/19/2026,10:55:09,eddie@node1q05.ecdf.ed.ac.uk,1
57725005,0.00000,hyp1_neglr,belie,r,08/19/2026,10:55:24,eddie@node1q06.ecdf.ed.ac.uk,1
57725006,0.00000,hyp1_neglr,belie,r,08/19/2026,10:55:24,eddie@node1q06.ecdf.ed.ac.uk,1
57725007,0.00000,hyp1_neglr,belie,r,08/19/2026,10:55:24,eddie@node1n13.ecdf.ed.ac.uk,1
57724990,0.00000,hyp1_neglr,belie,r,08/19/2026,10:55:09,eddie@node1n15.ecdf.ed.ac.uk,1
57724991,0.00000,hyp1_neglr,belie,r,08/19/2026,10:55:09,eddie@node1n14.ecdf.ed.ac.uk,1
57724992,0.00000,hyp1_neglr,belie,r,08/19/2026,10:55:09,eddie@node1n16.ecdf.ed.ac.uk,1
57725009,0.00000,hyp1_neglr,belie,r,08/19/2026,10:55:24,eddie@node1n16.ecdf.ed.ac.uk,1
57725010,0.00000,hyp1_neglr,belie,r,08/19/2026,10:55:24,eddie@node1q06.ecdf.ed.ac.uk,1
57725011,0.00000,hyp1_neglr,belie,r,08/19/2026,10:55:24,eddie@node1n13.ecdf.ed.ac.uk,1
57724993,0.00000,hyp1_neglr,belie,r,08/19/2026,10:55:09,eddie@node1q06.ecdf.ed.ac.uk,1
57724994,0.00000,hyp1_neglr,belie,r,08/19/2026,10:55:09,eddie@node1n13.ecdf.ed.ac.uk,1
57724995,0.00000,hyp1_neglr,belie,r,08/19/2026,10:55:09,eddie@node1q05.ecdf.ed.ac.uk,1
57725013,0.00000,hyp1_neglr,belie,r,08/19/2026,10:55:24,eddie@node1n15.ecdf.ed.ac.uk,1
57724996,0.00000,hyp1_neglr,belie,r,08/19/2026,10:55:09,eddie@node1n15.ecdf.ed.ac.uk,1
57724997,0.00000,hyp1_neglr,belie,r,08/19/2026,10:55:09,eddie@node1n14.ecdf.ed.ac.uk,1
57724998,0.00000,hyp1_neglr,belie,r,08/19/2026,10:55:09,eddie@node1n16.ecdf.ed.ac.uk,1
57725014,0.00000,hyp1_neglr,belie,r,08/19/2026,10:55:24,eddie@node1n16.ecdf.ed.ac.uk,1
57724999,0.00000,hyp1_neglr,belie,r,08/19/2026,10:55:09,eddie@node1q06.ecdf.ed.ac.uk,1
57725000,0.00000,hyp1_neglr,belie,r,08/19/2026,10:55:09,eddie@node1n13.ecdf.ed.ac.uk,1
57725001,0.00000,hyp1_neglr,belie,r,08/19/2026,10:55:09,eddie@node1q05.ecdf.ed.ac.uk,1
57725015,0.00000,hyp1_neglr,belie,r,08/19/2026,10:55:24,eddie@node1q06.ecdf.ed.ac.uk,1
57725016,0.00000,hyp1_neglr,belie,r,08/19/2026,10:55:24,eddie@node1n13.ecdf.ed.ac.uk,1
57725003,0.00000,hyp1_neglr,belie,r,08/19/2026,10:55:09,eddie@node1n14.ecdf.ed.ac.uk,1
57725004,0.00000,hyp1_neglr,belie,r,08/19/2026,10:55:09,eddie@node1n16.ecdf.ed.ac.uk,1
57725019,0.00000,hyp1_neglr,belie,r,08/19/2026,10:55:24,eddie@node1n13.ecdf.ed.ac.uk,1
57725021,0.00000,hyp1_neglr,belie,r,08/19/2026,10:55:24,eddie@node1n16.ecdf.ed.ac.uk,1
57725022,0.00000,hyp1_neglr,belie,r,08/19/2026,10:55:24,eddie@node1n13.ecdf.ed.ac.uk,1
57725023,0.00000,hyp1_neglr,belie,r,08/19/2026,10:55:24,eddie@node1n15.ecdf.ed.ac.uk,1
57725024,0.00000,hyp1_neglr,belie,r,08/19/2026,10:55:24,eddie@node1n16.ecdf.ed.ac.uk,1
57725025,0.00000,hyp1_neglr,belie,r,08/19/2026,10:55:24,eddie@node1n13.ecdf.ed.ac.uk,1
57725026,0.00000,hyp1_neglr,belie,r,08/19/2026,10:55:24,eddie@node1n15.ecdf.ed.ac.uk,1
57725043,0.00000,hyp1_neglr,belie,r,08/19/2026,10:55:39,eddie@node1n14.ecdf.ed.ac.uk,1
57725045,0.00000,hyp1_neglr,belie,r,08/19/2026,10:55:39,eddie@node1n14.ecdf.ed.ac.uk,1
57725027,0.00000,hyp1_neglr,belie,r,08/19/2026,10:55:24,eddie@node1n16.ecdf.ed.ac.uk,1
57725046,0.00000,hyp1_neglr,belie,r,08/19/2026,10:55:39,eddie@node1n16.ecdf.ed.ac.uk,1
57725047,0.00000,hyp1_neglr,belie,r,08/19/2026,10:55:39,eddie@node1n14.ecdf.ed.ac.uk,1
57725028,0.00000,hyp1_neglr,belie,r,08/19/2026,10:55:24,eddie@node1n13.ecdf.ed.ac.uk,1
57725049,0.00000,hyp1_neglr,belie,r,08/19/2026,10:55:39,eddie@node1n14.ecdf.ed.ac.uk,1
57725050,0.00000,hyp1_neglr,belie,r,08/19/2026,10:55:39,eddie@node1n14.ecdf.ed.ac.uk,1
57725051,0.00000,hyp1_neglr,belie,r,08/19/2026,10:55:39,eddie@node1n14.ecdf.ed.ac.uk,1
57725029,0.00000,hyp1_neglr,belie,r,08/19/2026,10:55:24,eddie@node1n14.ecdf.ed.ac.uk,1
57725030,0.00000,hyp1_neglr,belie,r,08/19/2026,10:55:24,eddie@node1n15.ecdf.ed.ac.uk,1
57725031,0.00000,hyp1_neglr,belie,r,08/19/2026,10:55:24,eddie@node1n16.ecdf.ed.ac.uk,1
57725052,0.00000,hyp1_neglr,belie,r,08/19/2026,10:55:39,eddie@node1n14.ecdf.ed.ac.uk,1
57725053,0.00000,hyp1_neglr,belie,r,08/19/2026,10:55:39,eddie@node1n13.ecdf.ed.ac.uk,1
57725032,0.00000,hyp1_neglr,belie,r,08/19/2026,10:55:24,eddie@node1n13.ecdf.ed.ac.uk,1
57725033,0.00000,hyp1_neglr,belie,r,08/19/2026,10:55:24,eddie@node1n14.ecdf.ed.ac.uk,1
57725034,0.00000,hyp1_neglr,belie,r,08/19/2026,10:55:24,eddie@node1n16.ecdf.ed.ac.uk,1
57725035,0.00000,hyp1_neglr,belie,r,08/19/2026,10:55:24,eddie@node1n13.ecdf.ed.ac.uk,1
57725036,0.00000,hyp1_neglr,belie,r,08/19/2026,10:55:24,eddie@node1n14.ecdf.ed.ac.uk,1
57725038,0.00000,hyp1_neglr,belie,r,08/19/2026,10:55:24,eddie@node1n13.ecdf.ed.ac.uk,1
57725039,0.00000,hyp1_neglr,belie,r,08/19/2026,10:55:24,eddie@node1n14.ecdf.ed.ac.uk,1
57723458,0.00000,of_26648_2,wdewulf,r,08/19/2026,10:47:27,eddie@node1m02.ecdf.ed.ac.uk,1,1
57723458,0.00000,of_26648_2,wdewulf,r,08/19/2026,10:47:27,eddie@node1m04.ecdf.ed.ac.uk,1,2
57723458,0.00000,of_26648_2,wdewulf,r,08/19/2026,10:47:27,eddie@node1j10.ecdf.ed.ac.uk,1,3
57723458,0.00000,of_26648_2,wdewulf,r,08/19/2026,10:47:27,eddie@node1k02.ecdf.ed.ac.uk,1,4
57723458,0.00000,of_26648_2,wdewulf,r,08/19/2026,10:47:27,eddie@node1k04.ecdf.ed.ac.uk,1,5
57723458,0.00000,of_26648_2,wdewulf,r,08/19/2026,10:47:27,eddie@node1j03.ecdf.ed.ac.uk,1,6
57723458,0.00000,of_26648_2,wdewulf,r,08/19/2026,10:47:27,eddie@node1j19.ecdf.ed.ac.uk,1,7
57723458,0.00000,of_26648_2,wdewulf,r,08/19/2026,10:47:27,eddie@node1l01.ecdf.ed.ac.uk,1,8
57723458,0.00000,of_26648_2,wdewulf,r,08/19/2026,10:47:27,eddie@node1j21.ecdf.ed.ac.uk,1,9
57723458,0.00000,of_26648_2,wdewulf,r,08/19/2026,10:47:27,eddie@node1l10.ecdf.ed.ac.uk,1,10
57723458,0.00000,of_26648_2,wdewulf,r,08/19/2026,10:47:27,eddie@node1m01.ecdf.ed.ac.uk,1,11
57723458,0.00000,of_26648_2,wdewulf,r,08/19/2026,10:47:27,eddie@node1k09.ecdf.ed.ac.uk,1,12
57723458,0.00000,of_26648_2,wdewulf,r,08/19/2026,10:47:27,eddie@node1j01.ecdf.ed.ac.uk,1,13
57723458,0.00000,of_26648_2,wdewulf,r,08/19/2026,10:47:27,eddie@node1m05.ecdf.ed.ac.uk,1,14
57723458,0.00000,of_26648_2,wdewulf,r,08/19/2026,10:47:27,eddie@node1m07.ecdf.ed.ac.uk,1,15
57723458,0.00000,of_26648_2,wdewulf,r,08/19/2026,10:47:27,eddie@node1k03.ecdf.ed.ac.uk,1,16
57723458,0.00000,of_26648_2,wdewulf,r,08/19/2026,10:47:27,eddie@node1l03.ecdf.ed.ac.uk,1,17
57723458,0.00000,of_26648_2,wdewulf,r,08/19/2026,10:47:27,eddie@node1k08.ecdf.ed.ac.uk,1,18
57723458,0.00000,of_26648_2,wdewulf,r,08/19/2026,10:47:27,eddie@node1l07.ecdf.ed.ac.uk,1,19
57723458,0.00000,of_26648_2,wdewulf,r,08/19/2026,10:47:27,eddie@node1k01.ecdf.ed.ac.uk,1,20
57723458,0.00000,of_26648_2,wdewulf,r,08/19/2026,10:47:27,eddie@node1j08.ecdf.ed.ac.uk,1,21
57723458,0.00000,of_26648_2,wdewulf,r,08/19/2026,10:47:28,eddie@node1k06.ecdf.ed.ac.uk,1,22
57723458,0.00000,of_26648_2,wdewulf,r,08/19/2026,10:47:28,eddie@node1j23.ecdf.ed.ac.uk,1,23
57723458,0.00000,of_26648_2,wdewulf,r,08/19/2026,10:47:28,eddie@node1m02.ecdf.ed.ac.uk,1,24
57723458,0.00000,of_26648_2,wdewulf,r,08/19/2026,10:47:28,eddie@node1m04.ecdf.ed.ac.uk,1,25
57723458,0.00000,of_26648_2,wdewulf,r,08/19/2026,10:47:28,eddie@node1m10.ecdf.ed.ac.uk,1,26
57723458,0.00000,of_26648_2,wdewulf,r,08/19/2026,10:47:28,eddie@node1j10.ecdf.ed.ac.uk,1,27
57723458,0.00000,of_26648_2,wdewulf,r,08/19/2026,10:47:28,eddie@node1k02.ecdf.ed.ac.uk,1,28
57723458,0.00000,of_26648_2,wdewulf,r,08/19/2026,10:47:28,eddie@node1k04.ecdf.ed.ac.uk,1,29
57723458,0.00000,of_26648_2,wdewulf,r,08/19/2026,10:47:28,eddie@node1j02.ecdf.ed.ac.uk,1,30
57723458,0.00000,of_26648_2,wdewulf,r,08/19/2026,10:47:28,eddie@node1l06.ecdf.ed.ac.uk,1,31
57723458,0.00000,of_26648_2,wdewulf,r,08/19/2026,10:47:28,eddie@node1j03.ecdf.ed.ac.uk,1,32
57723458,0.00000,of_26648_2,wdewulf,r,08/19/2026,10:47:28,eddie@node1j19.ecdf.ed.ac.uk,1,33
57723458,0.00000,of_26648_2,wdewulf,r,08/19/2026,10:47:28,eddie@node1j07.ecdf.ed.ac.uk,1,34
57723458,0.00000,of_26648_2,wdewulf,r,08/19/2026,10:47:28,eddie@node1l01.ecdf.ed.ac.uk,1,35
57723458,0.00000,of_26648_2,wdewulf,r,08/19/2026,10:47:28,eddie@node1k05.ecdf.ed.ac.uk,1,36
57723458,0.00000,of_26648_2,wdewulf,r,08/19/2026,10:47:28,eddie@node1j21.ecdf.ed.ac.uk,1,37
57723458,0.00000,of_26648_2,wdewulf,r,08/19/2026,10:47:28,eddie@node1m01.ecdf.ed.ac.uk,1,38
57723458,0.00000,of_26648_2,wdewulf,r,08/19/2026,10:47:28,eddie@node1l10.ecdf.ed.ac.uk,1,39
57723458,0.00000,of_26648_2,wdewulf,r,08/19/2026,10:47:28,eddie@node1k09.ecdf.ed.ac.uk,1,40
57723458,0.00000,of_26648_2,wdewulf,r,08/19/2026,10:47:28,eddie@node1j01.ecdf.ed.ac.uk,1,41
57723458,0.00000,of_26648_2,wdewulf,r,08/19/2026,10:47:28,eddie@node1m05.ecdf.ed.ac.uk,1,42
57723458,0.00000,of_26648_2,wdewulf,r,08/19/2026,10:47:28,eddie@node1m07.ecdf.ed.ac.uk,1,43
57723458,0.00000,of_26648_2,wdewulf,r,08/19/2026,10:47:28,eddie@node1k03.ecdf.ed.ac.uk,1,44
57723458,0.00000,of_26648_2,wdewulf,r,08/19/2026,10:47:28,eddie@node1l03.ecdf.ed.ac.uk,1,45
57723458,0.00000,of_26648_2,wdewulf,r,08/19/2026,10:47:28,eddie@node1k08.ecdf.ed.ac.uk,1,46
57723458,0.00000,of_26648_2,wdewulf,r,08/19/2026,10:47:28,eddie@node1l07.ecdf.ed.ac.uk,1,47
57723458,0.00000,of_26648_2,wdewulf,r,08/19/2026,10:47:28,eddie@node1k01.ecdf.ed.ac.uk,1,48
57723458,0.00000,of_26648_2,wdewulf,r,08/19/2026,10:47:28,eddie@node1j08.ecdf.ed.ac.uk,1,49
57723458,0.00000,of_26648_2,wdewulf,r,08/19/2026,10:47:28,eddie@node1l02.ecdf.ed.ac.uk,1,50
57723458,0.00000,of_26648_2,wdewulf,r,08/19/2026,10:47:28,eddie@node1k06.ecdf.ed.ac.uk,1,51
57723458,0.00000,of_26648_2,wdewulf,r,08/19/2026,10:47:28,eddie@node1j23.ecdf.ed.ac.uk,1,52
57723458,0.00000,of_26648_2,wdewulf,r,08/19/2026,10:47:28,eddie@node1m02.ecdf.ed.ac.uk,1,53
57723458,0.00000,of_26648_2,wdewulf,r,08/19/2026,10:47:28,eddie@node1m04.ecdf.ed.ac.uk,1,54
57723458,0.00000,of_26648_2,wdewulf,r,08/19/2026,10:47:28,eddie@node1m03.ecdf.ed.ac.uk,1,55
57723458,0.00000,of_26648_2,wdewulf,r,08/19/2026,10:47:28,eddie@node1m10.ecdf.ed.ac.uk,1,56
57723458,0.00000,of_26648_2,wdewulf,r,08/19/2026,10:47:28,eddie@node1j10.ecdf.ed.ac.uk,1,57
57723458,0.00000,of_26648_2,wdewulf,r,08/19/2026,10:47:28,eddie@node1k02.ecdf.ed.ac.uk,1,58
57723458,0.00000,of_26648_2,wdewulf,r,08/19/2026,10:47:28,eddie@node1k04.ecdf.ed.ac.uk,1,59
57723458,0.00000,of_26648_2,wdewulf,r,08/19/2026,10:47:28,eddie@node1j02.ecdf.ed.ac.uk,1,60
57723458,0.00000,of_26648_2,wdewulf,r,08/19/2026,10:47:28,eddie@node1l06.ecdf.ed.ac.uk,1,61
57723458,0.00000,of_26648_2,wdewulf,r,08/19/2026,10:47:28,eddie@node1j03.ecdf.ed.ac.uk,1,62
57723458,0.00000,of_26648_2,wdewulf,r,08/19/2026,10:47:28,eddie@node1j19.ecdf.ed.ac.uk,1,63
57723458,0.00000,of_26648_2,wdewulf,r,08/19/2026,10:47:28,eddie@node1l20.ecdf.ed.ac.uk,1,64
57723458,0.00000,of_26648_2,wdewulf,r,08/19/2026,10:47:28,eddie@node1j07.ecdf.ed.ac.uk,1,65
57723458,0.00000,of_26648_2,wdewulf,r,08/19/2026,10:47:28,eddie@node1l01.ecdf.ed.ac.uk,1,66
57723458,0.00000,of_26648_2,wdewulf,r,08/19/2026,10:47:28,eddie@node1l19.ecdf.ed.ac.uk,1,67
57723458,0.00000,of_26648_2,wdewulf,r,08/19/2026,10:47:28,eddie@node1j09.ecdf.ed.ac.uk,1,68
57723458,0.00000,of_26648_2,wdewulf,r,08/19/2026,10:47:28,eddie@node1k05.ecdf.ed.ac.uk,1,69
57723458,0.00000,of_26648_2,wdewulf,r,08/19/2026,10:47:28,eddie@node1j21.ecdf.ed.ac.uk,1,70
57723458,0.00000,of_26648_2,wdewulf,r,08/19/2026,10:47:28,eddie@node1l10.ecdf.ed.ac.uk,1,71
57723458,0.00000,of_26648_2,wdewulf,r,08/19/2026,10:47:28,eddie@node1m01.ecdf.ed.ac.uk,1,72
57723458,0.00000,of_26648_2,wdewulf,r,08/19/2026,10:47:28,eddie@node1k09.ecdf.ed.ac.uk,1,73
57723458,0.00000,of_26648_2,wdewulf,r,08/19/2026,10:47:28,eddie@node1l05.ecdf.ed.ac.uk,1,74
57723458,0.00000,of_26648_2,wdewulf,r,08/19/2026,10:47:28,eddie@node1j01.ecdf.ed.ac.uk,1,75
57723458,0.00000,of_26648_2,wdewulf,r,08/19/2026,10:47:28,eddie@node1m05.ecdf.ed.ac.uk,1,76
57723458,0.00000,of_26648_2,wdewulf,r,08/19/2026,10:47:28,eddie@node1m07.ecdf.ed.ac.uk,1,77
57723458,0.00000,of_26648_2,wdewulf,r,08/19/2026,10:47:28,eddie@node1k03.ecdf.ed.ac.uk,1,78
57723458,0.00000,of_26648_2,wdewulf,r,08/19/2026,10:47:28,eddie@node1l03.ecdf.ed.ac.uk,1,79
57723458,0.00000,of_26648_2,wdewulf,r,08/19/2026,10:47:28,eddie@node1k08.ecdf.ed.ac.uk,1,80
57723458,0.00000,of_26648_2,wdewulf,r,08/19/2026,10:47:28,eddie@node1m11.ecdf.ed.ac.uk,1,81
57723458,0.00000,of_26648_2,wdewulf,r,08/19/2026,10:47:28,eddie@node1l07.ecdf.ed.ac.uk,1,82
57723458,0.00000,of_26648_2,wdewulf,r,08/19/2026,10:47:28,eddie@node1m12.ecdf.ed.ac.uk,1,83
57723458,0.00000,of_26648_2,wdewulf,r,08/19/2026,10:47:28,eddie@node1k01.ecdf.ed.ac.uk,1,84
57723458,0.00000,of_26648_2,wdewulf,r,08/19/2026,10:47:28,eddie@node1j08.ecdf.ed.ac.uk,1,85
57723458,0.00000,of_26648_2,wdewulf,r,08/19/2026,10:47:28,eddie@node1l02.ecdf.ed.ac.uk,1,86
57723458,0.00000,of_26648_2,wdewulf,r,08/19/2026,10:47:28,eddie@node1k06.ecdf.ed.ac.uk,1,87
57723458,0.00000,of_26648_2,wdewulf,r,08/19/2026,10:47:28,eddie@node1j23.ecdf.ed.ac.uk,1,88
57723458,0.00000,of_26648_2,wdewulf,r,08/19/2026,10:47:28,eddie@node1m02.ecdf.ed.ac.uk,1,89
57723458,0.00000,of_26648_2,wdewulf,r,08/19/2026,10:47:28,eddie@node1m04.ecdf.ed.ac.uk,1,90
57723458,0.00000,of_26648_2,wdewulf,r,08/19/2026,10:47:28,eddie@node1m03.ecdf.ed.ac.uk,1,91
57723458,0.00000,of_26648_2,wdewulf,r,08/19/2026,10:47:28,eddie@node1m10.ecdf.ed.ac.uk,1,92
57723458,0.00000,of_26648_2,wdewulf,r,08/19/2026,10:47:28,eddie@node1j10.ecdf.ed.ac.uk,1,93
57723458,0.00000,of_26648_2,wdewulf,r,08/19/2026,10:47:28,eddie@node1k02.ecdf.ed.ac.uk,1,94
