job-ID,prior,name,user,state,submit/start,at,queue,jclass,slots,ja-task-ID
------------------------------------------------------------------------------------------------------------------------------------------------
56976090,0.02919,Experiment,s2060501,r,08/19/2026,09:24:25,eddie@node1n04.ecdf.ed.ac.uk,10,55
56976090,0.02919,Experiment,s2060501,r,08/19/2026,09:45:02,eddie@node1n04.ecdf.ed.ac.uk,10,57
56976090,0.02853,Experiment,s2060501,r,08/18/2026,10:36:27,eddie@node1s12.ecdf.ed.ac.uk,10,39
56976090,0.02841,Experiment,s2060501,r,08/18/2026,10:12:37,eddie@node1s10.ecdf.ed.ac.uk,10,38
57722449,0.02779,mixer_biva,knicodem,r,08/19/2026,06:41:00,eddie@node1k14.ecdf.ed.ac.uk,1,9
56976090,0.02768,Experiment,s2060501,r,08/17/2026,19:08:55,eddie@node1s11.ecdf.ed.ac.uk,10,35
56976090,0.02766,Experiment,s2060501,r,08/17/2026,18:55:24,eddie@node1s10.ecdf.ed.ac.uk,10,34
56976090,0.02766,Experiment,s2060501,r,08/17/2026,18:41:43,eddie@node1s11.ecdf.ed.ac.uk,10,31
56976090,0.02756,Experiment,s2060501,r,08/17/2026,18:50:22,eddie@node1s09.ecdf.ed.ac.uk,10,33
56976090,0.02756,Experiment,s2060501,r,08/17/2026,18:45:53,eddie@node1s12.ecdf.ed.ac.uk,10,32
56860680,0.02695,runlisfloo,awilso19,r,08/10/2026,05:40:07,eddie@node1m20.ecdf.ed.ac.uk,1,5998
56860680,0.02695,runlisfloo,awilso19,r,08/10/2026,05:41:14,eddie@node1m18.ecdf.ed.ac.uk,1,5999
56860680,0.02695,runlisfloo,awilso19,r,08/10/2026,05:41:52,eddie@node1m19.ecdf.ed.ac.uk,1,6000
56860680,0.02695,runlisfloo,awilso19,r,08/10/2026,05:36:50,eddie@node1m22.ecdf.ed.ac.uk,1,5996
56860680,0.02695,runlisfloo,awilso19,r,08/10/2026,05:28:34,eddie@node1m20.ecdf.ed.ac.uk,1,5988
56860680,0.02695,runlisfloo,awilso19,r,08/10/2026,05:28:54,eddie@node1m21.ecdf.ed.ac.uk,1,5990
56860680,0.02695,runlisfloo,awilso19,r,08/10/2026,05:29:47,eddie@node1m23.ecdf.ed.ac.uk,1,5993
56860680,0.02695,runlisfloo,awilso19,r,08/10/2026,05:27:08,eddie@node1m21.ecdf.ed.ac.uk,1,5985
56860680,0.02694,runlisfloo,awilso19,r,08/10/2026,05:19:41,eddie@node1m23.ecdf.ed.ac.uk,1,5980
56860680,0.02694,runlisfloo,awilso19,r,08/10/2026,05:22:01,eddie@node1m18.ecdf.ed.ac.uk,1,5982
56860680,0.02694,runlisfloo,awilso19,r,08/10/2026,05:22:19,eddie@node1m24.ecdf.ed.ac.uk,1,5983
56860680,0.02694,runlisfloo,awilso19,r,08/10/2026,05:13:36,eddie@node1m19.ecdf.ed.ac.uk,1,5975
56860680,0.02694,runlisfloo,awilso19,r,08/10/2026,05:13:22,eddie@node1m21.ecdf.ed.ac.uk,1,5974
56860680,0.02694,runlisfloo,awilso19,r,08/10/2026,05:15:44,eddie@node1k13.ecdf.ed.ac.uk,1,5978
56860680,0.02694,runlisfloo,awilso19,r,08/10/2026,05:11:28,eddie@node1m18.ecdf.ed.ac.uk,1,5971
56860680,0.02693,runlisfloo,awilso19,r,08/10/2026,05:06:07,eddie@node1m21.ecdf.ed.ac.uk,1,5964
56860680,0.02693,runlisfloo,awilso19,r,08/10/2026,05:07:18,eddie@node1m21.ecdf.ed.ac.uk,1,5965
56860680,0.02693,runlisfloo,awilso19,r,08/10/2026,04:58:52,eddie@node1m20.ecdf.ed.ac.uk,1,5950
56860680,0.02693,runlisfloo,awilso19,r,08/10/2026,05:01:24,eddie@node1m21.ecdf.ed.ac.uk,1,5953
56860680,0.02693,runlisfloo,awilso19,r,08/10/2026,05:01:24,eddie@node1m24.ecdf.ed.ac.uk,1,5954
56860680,0.02693,runlisfloo,awilso19,r,08/10/2026,05:02:57,eddie@node1m23.ecdf.ed.ac.uk,1,5957
56860680,0.02693,runlisfloo,awilso19,r,08/10/2026,05:04:12,eddie@node1m21.ecdf.ed.ac.uk,1,5959
56860680,0.02693,runlisfloo,awilso19,r,08/10/2026,05:07:55,eddie@node1m23.ecdf.ed.ac.uk,1,5966
56860680,0.02693,runlisfloo,awilso19,r,08/10/2026,05:08:20,eddie@node1m19.ecdf.ed.ac.uk,1,5967
56860680,0.02693,runlisfloo,awilso19,r,08/10/2026,04:55:25,eddie@node1m18.ecdf.ed.ac.uk,1,5947
56860680,0.02693,runlisfloo,awilso19,r,08/10/2026,04:56:09,eddie@node1m18.ecdf.ed.ac.uk,1,5948
56860680,0.02692,runlisfloo,awilso19,r,08/10/2026,04:47:38,eddie@node1m23.ecdf.ed.ac.uk,1,5933
56860680,0.02692,runlisfloo,awilso19,r,08/10/2026,04:48:38,eddie@node1m21.ecdf.ed.ac.uk,1,5934
56860680,0.02692,runlisfloo,awilso19,r,08/10/2026,04:47:19,eddie@node1m24.ecdf.ed.ac.uk,1,5932
56860680,0.02692,runlisfloo,awilso19,r,08/10/2026,04:52:23,eddie@node1m18.ecdf.ed.ac.uk,1,5942
56860680,0.02692,runlisfloo,awilso19,r,08/10/2026,04:53:55,eddie@node1m23.ecdf.ed.ac.uk,1,5944
56860680,0.02691,runlisfloo,awilso19,r,08/10/2026,04:37:06,eddie@node1m19.ecdf.ed.ac.uk,1,5919
56860680,0.02691,runlisfloo,awilso19,r,08/10/2026,04:37:51,eddie@node1m22.ecdf.ed.ac.uk,1,5920
56860680,0.02691,runlisfloo,awilso19,r,08/10/2026,04:41:39,eddie@node1m18.ecdf.ed.ac.uk,1,5925
56860680,0.02691,runlisfloo,awilso19,r,08/10/2026,04:41:56,eddie@node1m20.ecdf.ed.ac.uk,1,5926
56860680,0.02691,runlisfloo,awilso19,r,08/10/2026,04:42:29,eddie@node1m18.ecdf.ed.ac.uk,1,5928
56860680,0.02691,runlisfloo,awilso19,r,08/10/2026,04:35:17,eddie@node1m19.ecdf.ed.ac.uk,1,5916
56860680,0.02691,runlisfloo,awilso19,r,08/10/2026,04:43:42,eddie@node1m21.ecdf.ed.ac.uk,1,5930
56860680,0.02691,runlisfloo,awilso19,r,08/10/2026,04:26:15,eddie@node1m22.ecdf.ed.ac.uk,1,5903
56860680,0.02691,runlisfloo,awilso19,r,08/10/2026,04:25:52,eddie@node1m22.ecdf.ed.ac.uk,1,5902
56860680,0.02691,runlisfloo,awilso19,r,08/10/2026,04:25:13,eddie@node1m23.ecdf.ed.ac.uk,1,5901
56860680,0.02691,runlisfloo,awilso19,r,08/10/2026,04:23:58,eddie@node1m19.ecdf.ed.ac.uk,1,5899
56860680,0.02691,runlisfloo,awilso19,r,08/10/2026,04:28:32,eddie@node1m19.ecdf.ed.ac.uk,1,5905
56860680,0.02691,runlisfloo,awilso19,r,08/10/2026,04:29:11,eddie@node1k18.ecdf.ed.ac.uk,1,5906
56860680,0.02691,runlisfloo,awilso19,r,08/10/2026,04:31:24,eddie@node1m18.ecdf.ed.ac.uk,1,5908
56860680,0.02691,runlisfloo,awilso19,r,08/10/2026,04:31:33,eddie@node1m22.ecdf.ed.ac.uk,1,5909
56860680,0.02691,runlisfloo,awilso19,r,08/10/2026,04:31:41,eddie@node1m22.ecdf.ed.ac.uk,1,5910
56860680,0.02690,runlisfloo,awilso19,r,08/10/2026,04:21:23,eddie@node1k11.ecdf.ed.ac.uk,1,5890
56860680,0.02690,runlisfloo,awilso19,r,08/10/2026,04:22:01,eddie@node1m18.ecdf.ed.ac.uk,1,5892
56860680,0.02690,runlisfloo,awilso19,r,08/10/2026,04:16:48,eddie@node1m20.ecdf.ed.ac.uk,1,5877
56860680,0.02690,runlisfloo,awilso19,r,08/10/2026,04:17:10,eddie@node1k13.ecdf.ed.ac.uk,1,5880
56860680,0.02690,runlisfloo,awilso19,r,08/10/2026,04:14:08,eddie@node1m19.ecdf.ed.ac.uk,1,5874
56860680,0.02689,runlisfloo,awilso19,r,08/10/2026,03:52:28,eddie@node1m24.ecdf.ed.ac.uk,1,5839
56860680,0.02689,runlisfloo,awilso19,r,08/10/2026,04:04:10,eddie@node1m21.ecdf.ed.ac.uk,1,5853
56860680,0.02689,runlisfloo,awilso19,r,08/10/2026,04:05:26,eddie@node1m19.ecdf.ed.ac.uk,1,5855
56860680,0.02689,runlisfloo,awilso19,r,08/10/2026,04:05:45,eddie@node1k20.ecdf.ed.ac.uk,1,5856
56860680,0.02689,runlisfloo,awilso19,r,08/10/2026,04:06:30,eddie@node1m20.ecdf.ed.ac.uk,1,5857
56860680,0.02689,runlisfloo,awilso19,r,08/10/2026,04:07:34,eddie@node1m20.ecdf.ed.ac.uk,1,5860
56860680,0.02688,runlisfloo,awilso19,r,08/10/2026,03:48:34,eddie@node1m21.ecdf.ed.ac.uk,1,5833
56860680,0.02688,runlisfloo,awilso19,r,08/10/2026,04:19:31,eddie@node1m19.ecdf.ed.ac.uk,1,5886
56860680,0.02688,runlisfloo,awilso19,r,08/10/2026,03:43:05,eddie@node1m24.ecdf.ed.ac.uk,1,5828
56860680,0.02688,runlisfloo,awilso19,r,08/10/2026,03:27:15,eddie@node1m20.ecdf.ed.ac.uk,1,5798
56860680,0.02688,runlisfloo,awilso19,r,08/10/2026,03:41:19,eddie@node1n08.ecdf.ed.ac.uk,1,5822
56860680,0.02687,runlisfloo,awilso19,r,08/10/2026,03:26:27,eddie@node1m18.ecdf.ed.ac.uk,1,5795
56860680,0.02687,runlisfloo,awilso19,r,08/10/2026,03:26:17,eddie@node1m18.ecdf.ed.ac.uk,1,5794
56860680,0.02686,runlisfloo,awilso19,r,08/10/2026,03:12:14,eddie@node1n12.ecdf.ed.ac.uk,1,5774
56860680,0.02685,runlisfloo,awilso19,r,08/10/2026,02:57:19,eddie@node1k10.ecdf.ed.ac.uk,1,5750
56860680,0.02684,runlisfloo,awilso19,r,08/10/2026,02:49:21,eddie@node1m19.ecdf.ed.ac.uk,1,5738
56860680,0.02684,runlisfloo,awilso19,r,08/10/2026,02:43:38,eddie@node1n08.ecdf.ed.ac.uk,1,5729
56860680,0.02684,runlisfloo,awilso19,r,08/10/2026,02:44:53,eddie@node1m21.ecdf.ed.ac.uk,1,5733
56860680,0.02683,runlisfloo,awilso19,r,08/10/2026,02:24:22,eddie@node1m21.ecdf.ed.ac.uk,1,5713
56860680,0.02682,runlisfloo,awilso19,r,08/10/2026,02:17:11,eddie@node1k12.ecdf.ed.ac.uk,1,5703
56860680,0.02679,runlisfloo,awilso19,r,08/10/2026,01:18:01,eddie@node1n06.ecdf.ed.ac.uk,1,5673
56860680,0.02678,runlisfloo,awilso19,r,08/10/2026,01:06:09,eddie@node1k20.ecdf.ed.ac.uk,1,5672
56860680,0.02674,runlisfloo,awilso19,r,08/10/2026,00:28:44,eddie@node1k12.ecdf.ed.ac.uk,1,5666
56860680,0.02674,runlisfloo,awilso19,r,08/10/2026,00:12:52,eddie@node1j12.ecdf.ed.ac.uk,1,5664
56860680,0.02666,runlisfloo,awilso19,r,08/09/2026,22:17:20,eddie@node1n12.ecdf.ed.ac.uk,1,5663
56860680,0.02664,runlisfloo,awilso19,r,08/09/2026,21:38:05,eddie@node1n12.ecdf.ed.ac.uk,1,5662
56860680,0.02663,runlisfloo,awilso19,r,08/09/2026,21:30:38,eddie@node1n06.ecdf.ed.ac.uk,1,5661
56860680,0.02662,runlisfloo,awilso19,r,08/09/2026,21:00:24,eddie@node1n11.ecdf.ed.ac.uk,1,5654
56860680,0.02662,runlisfloo,awilso19,r,08/09/2026,21:00:56,eddie@node1n11.ecdf.ed.ac.uk,1,5655
56860680,0.02662,runlisfloo,awilso19,r,08/09/2026,21:06:11,eddie@node1n11.ecdf.ed.ac.uk,1,5658
56860680,0.02662,runlisfloo,awilso19,r,08/09/2026,21:07:08,eddie@node1n11.ecdf.ed.ac.uk,1,5659
56860680,0.02662,runlisfloo,awilso19,r,08/09/2026,21:07:24,eddie@node1n11.ecdf.ed.ac.uk,1,5660
56860680,0.02662,runlisfloo,awilso19,r,08/09/2026,21:05:10,eddie@node1n11.ecdf.ed.ac.uk,1,5656
56860680,0.02662,runlisfloo,awilso19,r,08/09/2026,21:05:54,eddie@node1n11.ecdf.ed.ac.uk,1,5657
56860680,0.02662,runlisfloo,awilso19,r,08/09/2026,20:59:57,eddie@node1n11.ecdf.ed.ac.uk,1,5653
56860680,0.02661,runlisfloo,awilso19,r,08/09/2026,20:55:08,eddie@node1n11.ecdf.ed.ac.uk,1,5646
56860680,0.02661,runlisfloo,awilso19,r,08/09/2026,20:55:38,eddie@node1n11.ecdf.ed.ac.uk,1,5647
56860680,0.02661,runlisfloo,awilso19,r,08/09/2026,20:57:53,eddie@node1n11.ecdf.ed.ac.uk,1,5652
56860680,0.02661,runlisfloo,awilso19,r,08/09/2026,20:55:53,eddie@node1n11.ecdf.ed.ac.uk,1,5648
56860680,0.02661,runlisfloo,awilso19,r,08/09/2026,20:56:10,eddie@node1n11.ecdf.ed.ac.uk,1,5649
56860680,0.02661,runlisfloo,awilso19,r,08/09/2026,20:57:22,eddie@node1n05.ecdf.ed.ac.uk,1,5650
56860680,0.02661,runlisfloo,awilso19,r,08/09/2026,20:57:26,eddie@node1n11.ecdf.ed.ac.uk,1,5651
56860680,0.02661,runlisfloo,awilso19,r,08/09/2026,20:54:38,eddie@node1n11.ecdf.ed.ac.uk,1,5645
56860680,0.02660,runlisfloo,awilso19,r,08/09/2026,20:43:54,eddie@node1n08.ecdf.ed.ac.uk,1,5644
56860680,0.02658,runlisfloo,awilso19,r,08/09/2026,20:10:15,eddie@node1n12.ecdf.ed.ac.uk,1,5643
56860680,0.02652,runlisfloo,awilso19,r,08/09/2026,18:27:27,eddie@node1n08.ecdf.ed.ac.uk,1,5641
56860680,0.02652,runlisfloo,awilso19,r,08/09/2026,18:32:27,eddie@node1n02.ecdf.ed.ac.uk,1,5642
56860680,0.02650,runlisfloo,awilso19,r,08/09/2026,18:19:05,eddie@node1k20.ecdf.ed.ac.uk,1,5640
56860680,0.02645,runlisfloo,awilso19,r,08/09/2026,16:53:07,eddie@node1n12.ecdf.ed.ac.uk,1,5638
56860680,0.02645,runlisfloo,awilso19,r,08/09/2026,16:55:31,eddie@node1k19.ecdf.ed.ac.uk,1,5639
56860680,0.02641,runlisfloo,awilso19,r,08/09/2026,15:53:11,eddie@node1n06.ecdf.ed.ac.uk,1,5637
56860680,0.02640,runlisfloo,awilso19,r,08/09/2026,15:28:48,eddie@node1n03.ecdf.ed.ac.uk,1,5636
56860680,0.02640,runlisfloo,awilso19,r,08/09/2026,15:20:36,eddie@node1k20.ecdf.ed.ac.uk,1,5634
56860680,0.02637,runlisfloo,awilso19,r,08/09/2026,14:40:37,eddie@node1n03.ecdf.ed.ac.uk,1,5633
56860680,0.02636,runlisfloo,awilso19,r,08/09/2026,14:26:41,eddie@node1k10.ecdf.ed.ac.uk,1,5632
56860680,0.02635,runlisfloo,awilso19,r,08/09/2026,14:00:14,eddie@node1n06.ecdf.ed.ac.uk,1,5631
56860680,0.02634,runlisfloo,awilso19,r,08/09/2026,13:49:04,eddie@node1n05.ecdf.ed.ac.uk,1,5630
56860680,0.02633,runlisfloo,awilso19,r,08/09/2026,13:33:30,eddie@node1n06.ecdf.ed.ac.uk,1,5629
56860680,0.02633,runlisfloo,awilso19,r,08/09/2026,13:27:52,eddie@node1n03.ecdf.ed.ac.uk,1,5628
56860680,0.02631,runlisfloo,awilso19,r,08/09/2026,13:16:59,eddie@node1k10.ecdf.ed.ac.uk,1,5627
56860680,0.02631,runlisfloo,awilso19,r,08/09/2026,12:57:11,eddie@node1k11.ecdf.ed.ac.uk,1,5626
56860680,0.02629,runlisfloo,awilso19,r,08/09/2026,12:34:35,eddie@node1k20.ecdf.ed.ac.uk,1,5625
56860680,0.02627,runlisfloo,awilso19,r,08/09/2026,12:05:38,eddie@node1k20.ecdf.ed.ac.uk,1,5624
56860680,0.02626,runlisfloo,awilso19,r,08/09/2026,11:48:14,eddie@node1n06.ecdf.ed.ac.uk,1,5623
56860680,0.02625,runlisfloo,awilso19,r,08/09/2026,11:43:07,eddie@node1n12.ecdf.ed.ac.uk,1,5622
56860680,0.02624,runlisfloo,awilso19,r,08/09/2026,11:30:15,eddie@node1j12.ecdf.ed.ac.uk,1,5621
56860680,0.02624,runlisfloo,awilso19,r,08/09/2026,11:25:41,eddie@node1k10.ecdf.ed.ac.uk,1,5620
56860680,0.02623,runlisfloo,awilso19,r,08/09/2026,11:04:28,eddie@node1k20.ecdf.ed.ac.uk,1,5619
56860680,0.02622,runlisfloo,awilso19,r,08/09/2026,10:35:20,eddie@node1k10.ecdf.ed.ac.uk,1,5618
56860680,0.02621,runlisfloo,awilso19,r,08/09/2026,10:32:54,eddie@node1k20.ecdf.ed.ac.uk,1,5616
56860680,0.02621,runlisfloo,awilso19,r,08/09/2026,10:34:08,eddie@node1n05.ecdf.ed.ac.uk,1,5617
56860680,0.02620,runlisfloo,awilso19,r,08/09/2026,10:10:28,eddie@node1k10.ecdf.ed.ac.uk,1,5615
56860680,0.02618,runlisfloo,awilso19,r,08/09/2026,09:49:06,eddie@node1n05.ecdf.ed.ac.uk,1,5614
56860680,0.02618,runlisfloo,awilso19,r,08/09/2026,09:46:56,eddie@node1n12.ecdf.ed.ac.uk,1,5613
56860680,0.02617,runlisfloo,awilso19,r,08/09/2026,09:40:36,eddie@node1k10.ecdf.ed.ac.uk,1,5612
56860680,0.02617,runlisfloo,awilso19,r,08/09/2026,09:33:57,eddie@node1k11.ecdf.ed.ac.uk,1,5611
56860680,0.02617,runlisfloo,awilso19,r,08/09/2026,09:31:55,eddie@node1k10.ecdf.ed.ac.uk,1,5610
56860680,0.02615,runlisfloo,awilso19,r,08/09/2026,09:17:05,eddie@node1k11.ecdf.ed.ac.uk,1,5608
56860680,0.02615,runlisfloo,awilso19,r,08/09/2026,09:21:13,eddie@node1n06.ecdf.ed.ac.uk,1,5609
56860680,0.02612,runlisfloo,awilso19,r,08/09/2026,08:17:51,eddie@node1n08.ecdf.ed.ac.uk,1,5607
56860680,0.02611,runlisfloo,awilso19,r,08/09/2026,08:03:57,eddie@node1k11.ecdf.ed.ac.uk,1,5606
56860680,0.02608,runlisfloo,awilso19,r,08/09/2026,07:22:31,eddie@node1k20.ecdf.ed.ac.uk,1,5605
56860680,0.02608,runlisfloo,awilso19,r,08/09/2026,07:20:52,eddie@node1k11.ecdf.ed.ac.uk,1,5603
56860680,0.02608,runlisfloo,awilso19,r,08/09/2026,07:21:25,eddie@node1k11.ecdf.ed.ac.uk,1,5604
56860680,0.02604,runlisfloo,awilso19,r,08/09/2026,06:19:22,eddie@node1n12.ecdf.ed.ac.uk,1,5602
56860680,0.02603,runlisfloo,awilso19,r,08/09/2026,06:01:22,eddie@node1n05.ecdf.ed.ac.uk,1,5601
56860680,0.02598,runlisfloo,awilso19,r,08/09/2026,04:37:58,eddie@node1n06.ecdf.ed.ac.uk,1,5600
56860680,0.02598,runlisfloo,awilso19,r,08/09/2026,04:27:30,eddie@node1n02.ecdf.ed.ac.uk,1,5598
56860680,0.02598,runlisfloo,awilso19,r,08/09/2026,04:27:36,eddie@node1k11.ecdf.ed.ac.uk,1,5599
56860680,0.02597,runlisfloo,awilso19,r,08/09/2026,04:14:02,eddie@node1n06.ecdf.ed.ac.uk,1,5597
56860680,0.02591,runlisfloo,awilso19,r,08/09/2026,02:53:33,eddie@node1n12.ecdf.ed.ac.uk,1,5595
56860680,0.02587,runlisfloo,awilso19,r,08/09/2026,03:06:11,eddie@node1n02.ecdf.ed.ac.uk,1,5596
56860680,0.02586,runlisfloo,awilso19,r,08/09/2026,01:28:28,eddie@node1n06.ecdf.ed.ac.uk,1,5594
56860680,0.02583,runlisfloo,awilso19,r,08/09/2026,00:43:35,eddie@node1k20.ecdf.ed.ac.uk,1,5592
56860680,0.02583,runlisfloo,awilso19,r,08/09/2026,00:33:50,eddie@node1n06.ecdf.ed.ac.uk,1,5591
56860680,0.02582,runlisfloo,awilso19,r,08/09/2026,01:25:58,eddie@node1k11.ecdf.ed.ac.uk,1,5593
56860680,0.02582,runlisfloo,awilso19,r,08/09/2026,00:23:35,eddie@node1n03.ecdf.ed.ac.uk,1,5589
56860680,0.02582,runlisfloo,awilso19,r,08/09/2026,00:29:05,eddie@node1k20.ecdf.ed.ac.uk,1,5590
56860680,0.02581,runlisfloo,awilso19,r,08/09/2026,00:11:19,eddie@node1n08.ecdf.ed.ac.uk,1,5587
56860680,0.02580,runlisfloo,awilso19,r,08/09/2026,00:13:19,eddie@node1k11.ecdf.ed.ac.uk,1,5588
56860680,0.02579,runlisfloo,awilso19,r,08/08/2026,23:42:39,eddie@node1n06.ecdf.ed.ac.uk,1,5586
56860680,0.02579,runlisfloo,awilso19,r,08/08/2026,23:38:39,eddie@node1k10.ecdf.ed.ac.uk,1,5585
56860680,0.02576,runlisfloo,awilso19,r,08/08/2026,22:59:40,eddie@node1n08.ecdf.ed.ac.uk,1,5584
56860680,0.02576,runlisfloo,awilso19,r,08/08/2026,22:50:25,eddie@node1n12.ecdf.ed.ac.uk,1,5583
56860680,0.02575,runlisfloo,awilso19,r,08/08/2026,22:41:55,eddie@node1n06.ecdf.ed.ac.uk,1,5582
56860680,0.02575,runlisfloo,awilso19,r,08/08/2026,22:34:08,eddie@node1n08.ecdf.ed.ac.uk,1,5581
56860680,0.02574,runlisfloo,awilso19,r,08/08/2026,22:28:23,eddie@node1k12.ecdf.ed.ac.uk,1,5580
56860680,0.02574,runlisfloo,awilso19,r,08/08/2026,22:25:38,eddie@node1n12.ecdf.ed.ac.uk,1,5579
56860680,0.02574,runlisfloo,awilso19,r,08/08/2026,22:19:53,eddie@node1k20.ecdf.ed.ac.uk,1,5578
56860680,0.02573,runlisfloo,awilso19,r,08/08/2026,22:07:19,eddie@node1n05.ecdf.ed.ac.uk,1,5576
56860680,0.02570,runlisfloo,awilso19,r,08/08/2026,21:28:49,eddie@node1n02.ecdf.ed.ac.uk,1,5572
56860680,0.02570,runlisfloo,awilso19,r,08/08/2026,21:28:49,eddie@node1n03.ecdf.ed.ac.uk,1,5573
56860680,0.02570,runlisfloo,awilso19,r,08/08/2026,21:28:49,eddie@node1k20.ecdf.ed.ac.uk,1,5574
56860680,0.02570,runlisfloo,awilso19,r,08/08/2026,21:28:49,eddie@node1k16.ecdf.ed.ac.uk,1,5575
56860680,0.02570,runlisfloo,awilso19,r,08/08/2026,21:18:34,eddie@node1s09.ecdf.ed.ac.uk,1,5564
56860680,0.02570,runlisfloo,awilso19,r,08/08/2026,21:18:34,eddie@node1s09.ecdf.ed.ac.uk,1,5565
56860680,0.02570,runlisfloo,awilso19,r,08/08/2026,21:18:34,eddie@node1s09.ecdf.ed.ac.uk,1,5566
56860680,0.02570,runlisfloo,awilso19,r,08/08/2026,21:18:34,eddie@node1s09.ecdf.ed.ac.uk,1,5567
56860680,0.02570,runlisfloo,awilso19,r,08/08/2026,21:18:34,eddie@node1s09.ecdf.ed.ac.uk,1,5568
56860680,0.02570,runlisfloo,awilso19,r,08/08/2026,21:18:34,eddie@node1s09.ecdf.ed.ac.uk,1,5569
56860680,0.02570,runlisfloo,awilso19,r,08/08/2026,21:18:34,eddie@node1s09.ecdf.ed.ac.uk,1,5570
56860680,0.02570,runlisfloo,awilso19,r,08/08/2026,21:18:34,eddie@node1s09.ecdf.ed.ac.uk,1,5571
56860680,0.02570,runlisfloo,awilso19,r,08/08/2026,21:18:19,eddie@node1n12.ecdf.ed.ac.uk,1,5563
56860680,0.02569,runlisfloo,awilso19,r,08/08/2026,21:06:34,eddie@node1j12.ecdf.ed.ac.uk,1,5562
56860680,0.02565,runlisfloo,awilso19,r,08/08/2026,20:14:05,eddie@node1n06.ecdf.ed.ac.uk,1,5561
56860680,0.02565,runlisfloo,awilso19,r,08/08/2026,19:56:18,eddie@node1k20.ecdf.ed.ac.uk,1,5560
56860680,0.02563,runlisfloo,awilso19,r,08/08/2026,19:27:47,eddie@node1k12.ecdf.ed.ac.uk,1,5558
56860680,0.02563,runlisfloo,awilso19,r,08/08/2026,19:29:02,eddie@node1n02.ecdf.ed.ac.uk,1,5559
56860680,0.02560,runlisfloo,awilso19,r,08/08/2026,18:48:24,eddie@node1n06.ecdf.ed.ac.uk,1,5556
56860680,0.02560,runlisfloo,awilso19,r,08/08/2026,18:47:54,eddie@node1k19.ecdf.ed.ac.uk,1,5555
56860680,0.02560,runlisfloo,awilso19,r,08/08/2026,18:51:24,eddie@node1k20.ecdf.ed.ac.uk,1,5557
56860680,0.02557,runlisfloo,awilso19,r,08/08/2026,18:06:23,eddie@node1k20.ecdf.ed.ac.uk,1,5554
56860680,0.02555,runlisfloo,awilso19,r,08/08/2026,17:28:38,eddie@node1k13.ecdf.ed.ac.uk,1,5553
56860680,0.02549,runlisfloo,awilso19,r,08/08/2026,15:52:58,eddie@node1k12.ecdf.ed.ac.uk,1,5552
56860680,0.02549,runlisfloo,awilso19,r,08/08/2026,15:49:58,eddie@node1n06.ecdf.ed.ac.uk,1,5551
56860680,0.02548,runlisfloo,awilso19,r,08/08/2026,15:44:28,eddie@node1n03.ecdf.ed.ac.uk,1,5550
56860680,0.02545,runlisfloo,awilso19,r,08/08/2026,15:14:56,eddie@node1k19.ecdf.ed.ac.uk,1,5549
56860680,0.02545,runlisfloo,awilso19,r,08/08/2026,14:49:41,eddie@node1k13.ecdf.ed.ac.uk,1,5548
56860680,0.02544,runlisfloo,awilso19,r,08/08/2026,14:36:26,eddie@node1n12.ecdf.ed.ac.uk,1,5546
56860680,0.02535,runlisfloo,awilso19,r,08/08/2026,12:10:22,eddie@node1n08.ecdf.ed.ac.uk,1,5543
56860680,0.02533,runlisfloo,awilso19,r,08/08/2026,11:38:40,eddie@node1k13.ecdf.ed.ac.uk,1,5542
56860680,0.02531,runlisfloo,awilso19,r,08/08/2026,11:14:14,eddie@node1n08.ecdf.ed.ac.uk,1,5541
56860680,0.02530,runlisfloo,awilso19,r,08/08/2026,10:53:14,eddie@node1n03.ecdf.ed.ac.uk,1,5540
56860680,0.02529,runlisfloo,awilso19,r,08/08/2026,10:44:14,eddie@node1k12.ecdf.ed.ac.uk,1,5539
56860680,0.02528,runlisfloo,awilso19,r,08/08/2026,10:28:30,eddie@node1n06.ecdf.ed.ac.uk,1,5537
56860680,0.02528,runlisfloo,awilso19,r,08/08/2026,10:29:45,eddie@node1k10.ecdf.ed.ac.uk,1,5538
56860680,0.02527,runlisfloo,awilso19,r,08/08/2026,10:02:00,eddie@node1n07.ecdf.ed.ac.uk,1,5535
56860680,0.02526,runlisfloo,awilso19,r,08/08/2026,10:19:00,eddie@node1n11.ecdf.ed.ac.uk,1,5536
56860680,0.02525,runlisfloo,awilso19,r,08/08/2026,09:37:45,eddie@node1k10.ecdf.ed.ac.uk,1,5533
56860680,0.02520,runlisfloo,awilso19,r,08/08/2026,08:17:37,eddie@node1n06.ecdf.ed.ac.uk,1,5532
56860680,0.02518,runlisfloo,awilso19,r,08/08/2026,07:52:37,eddie@node1n05.ecdf.ed.ac.uk,1,5530
56860680,0.02511,runlisfloo,awilso19,r,08/08/2026,06:00:22,eddie@node1n11.ecdf.ed.ac.uk,1,5528
56860680,0.02511,runlisfloo,awilso19,r,08/08/2026,06:06:52,eddie@node1k13.ecdf.ed.ac.uk,1,5529
56860680,0.02509,runlisfloo,awilso19,r,08/08/2026,05:28:22,eddie@node1n07.ecdf.ed.ac.uk,1,5527
56860680,0.02507,runlisfloo,awilso19,r,08/08/2026,04:54:37,eddie@node1k13.ecdf.ed.ac.uk,1,5526
56860680,0.02504,runlisfloo,awilso19,r,08/08/2026,04:11:52,eddie@node1n06.ecdf.ed.ac.uk,1,5525
56860680,0.02503,runlisfloo,awilso19,r,08/08/2026,03:50:52,eddie@node1k12.ecdf.ed.ac.uk,1,5524
57722449,0.02501,mixer_biva,knicodem,r,08/19/2026,06:43:00,eddie@node1k10.ecdf.ed.ac.uk,1,10
56860680,0.02500,runlisfloo,awilso19,r,08/08/2026,03:21:20,eddie@node1n06.ecdf.ed.ac.uk,1,5522
56860680,0.02500,runlisfloo,awilso19,r,08/08/2026,03:08:20,eddie@node1k13.ecdf.ed.ac.uk,1,5521
56860680,0.02495,runlisfloo,awilso19,r,08/08/2026,02:48:35,eddie@node1n06.ecdf.ed.ac.uk,1,5520
56860680,0.02493,runlisfloo,awilso19,r,08/08/2026,01:26:35,eddie@node1j12.ecdf.ed.ac.uk,1,5518
56860680,0.02491,runlisfloo,awilso19,r,08/08/2026,00:49:14,eddie@node1k10.ecdf.ed.ac.uk,1,5515
56860680,0.02491,runlisfloo,awilso19,r,08/08/2026,00:44:29,eddie@node1n03.ecdf.ed.ac.uk,1,5514
56860680,0.02490,runlisfloo,awilso19,r,08/08/2026,00:39:59,eddie@node1n05.ecdf.ed.ac.uk,1,5513
56860680,0.02489,runlisfloo,awilso19,r,08/08/2026,00:31:29,eddie@node1n07.ecdf.ed.ac.uk,1,5512
56860680,0.02488,runlisfloo,awilso19,r,08/08/2026,00:18:09,eddie@node1k13.ecdf.ed.ac.uk,1,5510
56860680,0.02488,runlisfloo,awilso19,r,08/08/2026,00:07:42,eddie@node1k10.ecdf.ed.ac.uk,1,5509
56860680,0.02487,runlisfloo,awilso19,r,08/07/2026,23:57:01,eddie@node1k13.ecdf.ed.ac.uk,1,5508
56860680,0.02485,runlisfloo,awilso19,r,08/07/2026,23:11:46,eddie@node1k13.ecdf.ed.ac.uk,1,5507
56860680,0.02484,runlisfloo,awilso19,r,08/07/2026,23:01:46,eddie@node1k10.ecdf.ed.ac.uk,1,5506
56860680,0.02483,runlisfloo,awilso19,r,08/07/2026,22:49:18,eddie@node1n11.ecdf.ed.ac.uk,1,5504
56860680,0.02482,runlisfloo,awilso19,r,08/07/2026,22:31:02,eddie@node1k10.ecdf.ed.ac.uk,1,5503
56860680,0.02480,runlisfloo,awilso19,r,08/07/2026,22:02:47,eddie@node1n11.ecdf.ed.ac.uk,1,5501
56860680,0.02480,runlisfloo,awilso19,r,08/07/2026,22:20:47,eddie@node1n06.ecdf.ed.ac.uk,1,5502
56860680,0.02479,runlisfloo,awilso19,r,08/07/2026,21:48:17,eddie@node1k13.ecdf.ed.ac.uk,1,5500
56860680,0.02476,runlisfloo,awilso19,r,08/07/2026,21:07:47,eddie@node1n07.ecdf.ed.ac.uk,1,5498
56860680,0.02476,runlisfloo,awilso19,r,08/07/2026,21:07:47,eddie@node1k10.ecdf.ed.ac.uk,1,5499
56860680,0.02475,runlisfloo,awilso19,r,08/07/2026,20:37:47,eddie@node1k12.ecdf.ed.ac.uk,1,5495
56860680,0.02474,runlisfloo,awilso19,r,08/07/2026,20:26:17,eddie@node1n11.ecdf.ed.ac.uk,1,5492
56860680,0.02473,runlisfloo,awilso19,r,08/07/2026,20:16:02,eddie@node1n03.ecdf.ed.ac.uk,1,5490
56860680,0.02473,runlisfloo,awilso19,r,08/07/2026,20:16:17,eddie@node1n06.ecdf.ed.ac.uk,1,5491
56860680,0.02471,runlisfloo,awilso19,r,08/07/2026,19:38:20,eddie@node1k12.ecdf.ed.ac.uk,1,5488
56860680,0.02470,runlisfloo,awilso19,r,08/07/2026,19:28:05,eddie@node1k10.ecdf.ed.ac.uk,1,5487
56860680,0.02468,runlisfloo,awilso19,r,08/07/2026,19:03:50,eddie@node1n07.ecdf.ed.ac.uk,1,5486
56860680,0.02465,runlisfloo,awilso19,r,08/07/2026,18:04:00,eddie@node1n07.ecdf.ed.ac.uk,1,5485
56860680,0.02465,runlisfloo,awilso19,r,08/07/2026,17:55:45,eddie@node1n11.ecdf.ed.ac.uk,1,5484
56860680,0.02464,runlisfloo,awilso19,r,08/07/2026,17:45:30,eddie@node1n07.ecdf.ed.ac.uk,1,5483
56860680,0.02462,runlisfloo,awilso19,r,08/07/2026,17:17:28,eddie@node1n07.ecdf.ed.ac.uk,1,5481
56860680,0.02462,runlisfloo,awilso19,r,08/07/2026,17:13:28,eddie@node1n11.ecdf.ed.ac.uk,1,5479
56860680,0.02462,runlisfloo,awilso19,r,08/07/2026,17:13:58,eddie@node1n07.ecdf.ed.ac.uk,1,5480
56860680,0.02461,runlisfloo,awilso19,r,08/07/2026,17:03:28,eddie@node1n03.ecdf.ed.ac.uk,1,5478
56860680,0.02460,runlisfloo,awilso19,r,08/07/2026,16:49:43,eddie@node1n05.ecdf.ed.ac.uk,1,5477
56860680,0.02457,runlisfloo,awilso19,r,08/07/2026,15:57:54,eddie@node1k10.ecdf.ed.ac.uk,1,5476
56860680,0.02451,runlisfloo,awilso19,r,08/07/2026,14:23:59,eddie@node1n07.ecdf.ed.ac.uk,1,5473
56860680,0.02450,runlisfloo,awilso19,r,08/07/2026,14:05:52,eddie@node1k10.ecdf.ed.ac.uk,1,5472
56860680,0.02449,runlisfloo,awilso19,r,08/07/2026,13:53:47,eddie@node1n07.ecdf.ed.ac.uk,1,5471
56860680,0.02444,runlisfloo,awilso19,r,08/07/2026,12:46:23,eddie@node1n03.ecdf.ed.ac.uk,1,5469
56860680,0.02444,runlisfloo,awilso19,r,08/07/2026,12:43:13,eddie@node1n03.ecdf.ed.ac.uk,1,5468
56860680,0.02443,runlisfloo,awilso19,r,08/07/2026,12:21:20,eddie@node1n11.ecdf.ed.ac.uk,1,5467
56860680,0.02440,runlisfloo,awilso19,r,08/07/2026,11:33:58,eddie@node1n11.ecdf.ed.ac.uk,1,5466
56860680,0.02440,runlisfloo,awilso19,r,08/07/2026,11:31:13,eddie@node1n11.ecdf.ed.ac.uk,1,5465
56860680,0.02438,runlisfloo,awilso19,r,08/07/2026,11:23:53,eddie@node1k10.ecdf.ed.ac.uk,1,5464
56860680,0.02436,runlisfloo,awilso19,r,08/07/2026,10:37:26,eddie@node1k12.ecdf.ed.ac.uk,1,5463
56860680,0.02430,runlisfloo,awilso19,r,08/07/2026,08:58:49,eddie@node1n05.ecdf.ed.ac.uk,1,5461
56860680,0.02430,runlisfloo,awilso19,r,08/07/2026,08:59:19,eddie@node1n07.ecdf.ed.ac.uk,1,5462
56860680,0.02424,runlisfloo,awilso19,r,08/07/2026,07:47:06,eddie@node1k16.ecdf.ed.ac.uk,1,5460
56860680,0.02419,runlisfloo,awilso19,r,08/07/2026,06:19:21,eddie@node1k16.ecdf.ed.ac.uk,1,5457
56860680,0.02408,runlisfloo,awilso19,r,08/07/2026,03:21:49,eddie@node1k12.ecdf.ed.ac.uk,1,5453
56860680,0.02406,runlisfloo,awilso19,r,08/07/2026,02:58:19,eddie@node1k12.ecdf.ed.ac.uk,1,5452
56860680,0.02405,runlisfloo,awilso19,r,08/07/2026,02:51:19,eddie@node1k12.ecdf.ed.ac.uk,1,5450
56860680,0.02401,runlisfloo,awilso19,r,08/07/2026,01:53:19,eddie@node1k12.ecdf.ed.ac.uk,1,5449
56860680,0.02401,runlisfloo,awilso19,r,08/07/2026,01:44:04,eddie@node1n05.ecdf.ed.ac.uk,1,5448
56860680,0.02399,runlisfloo,awilso19,r,08/07/2026,01:10:04,eddie@node1k12.ecdf.ed.ac.uk,1,5445
56860680,0.02398,runlisfloo,awilso19,r,08/07/2026,00:56:49,eddie@node1k12.ecdf.ed.ac.uk,1,5444
56860680,0.02398,runlisfloo,awilso19,r,08/07/2026,00:43:32,eddie@node1k12.ecdf.ed.ac.uk,1,5442
56860680,0.02397,runlisfloo,awilso19,r,08/07/2026,00:53:04,eddie@node1k12.ecdf.ed.ac.uk,1,5443
56860680,0.02393,runlisfloo,awilso19,r,08/06/2026,23:40:08,eddie@node1k12.ecdf.ed.ac.uk,1,5439
56860680,0.02393,runlisfloo,awilso19,r,08/06/2026,23:31:08,eddie@node1k16.ecdf.ed.ac.uk,1,5438
56860680,0.02393,runlisfloo,awilso19,r,08/06/2026,23:48:23,eddie@node1k16.ecdf.ed.ac.uk,1,5441
56860680,0.02392,runlisfloo,awilso19,r,08/06/2026,23:24:53,eddie@node1k13.ecdf.ed.ac.uk,1,5437
56860680,0.02389,runlisfloo,awilso19,r,08/06/2026,22:31:19,eddie@node1k12.ecdf.ed.ac.uk,1,5434
56860680,0.02389,runlisfloo,awilso19,r,08/06/2026,22:24:19,eddie@node1s09.ecdf.ed.ac.uk,1,5414
56860680,0.02389,runlisfloo,awilso19,r,08/06/2026,22:24:19,eddie@node1s09.ecdf.ed.ac.uk,1,5415
56860680,0.02389,runlisfloo,awilso19,r,08/06/2026,22:24:19,eddie@node1s09.ecdf.ed.ac.uk,1,5416
56860680,0.02389,runlisfloo,awilso19,r,08/06/2026,22:24:19,eddie@node1s09.ecdf.ed.ac.uk,1,5417
56860680,0.02389,runlisfloo,awilso19,r,08/06/2026,22:24:19,eddie@node1s09.ecdf.ed.ac.uk,1,5418
56860680,0.02389,runlisfloo,awilso19,r,08/06/2026,22:24:19,eddie@node1s09.ecdf.ed.ac.uk,1,5419
56860680,0.02389,runlisfloo,awilso19,r,08/06/2026,22:24:19,eddie@node1s09.ecdf.ed.ac.uk,1,5420
56860680,0.02389,runlisfloo,awilso19,r,08/06/2026,22:24:19,eddie@node1s09.ecdf.ed.ac.uk,1,5421
56860680,0.02389,runlisfloo,awilso19,r,08/06/2026,22:24:19,eddie@node1s09.ecdf.ed.ac.uk,1,5422
56860680,0.02389,runlisfloo,awilso19,r,08/06/2026,22:24:19,eddie@node1s09.ecdf.ed.ac.uk,1,5423
56860680,0.02389,runlisfloo,awilso19,r,08/06/2026,22:24:19,eddie@node1s09.ecdf.ed.ac.uk,1,5424
56860680,0.02389,runlisfloo,awilso19,r,08/06/2026,22:24:19,eddie@node1s09.ecdf.ed.ac.uk,1,5425
56860680,0.02389,runlisfloo,awilso19,r,08/06/2026,22:24:19,eddie@node1s09.ecdf.ed.ac.uk,1,5426
56860680,0.02389,runlisfloo,awilso19,r,08/06/2026,22:24:19,eddie@node1s09.ecdf.ed.ac.uk,1,5427
56860680,0.02389,runlisfloo,awilso19,r,08/06/2026,22:24:19,eddie@node1s09.ecdf.ed.ac.uk,1,5428
56860680,0.02389,runlisfloo,awilso19,r,08/06/2026,22:24:19,eddie@node1s09.ecdf.ed.ac.uk,1,5429
56860680,0.02389,runlisfloo,awilso19,r,08/06/2026,22:24:19,eddie@node1s09.ecdf.ed.ac.uk,1,5430
56860680,0.02389,runlisfloo,awilso19,r,08/06/2026,22:24:19,eddie@node1s09.ecdf.ed.ac.uk,1,5431
56860680,0.02389,runlisfloo,awilso19,r,08/06/2026,22:24:19,eddie@node1s09.ecdf.ed.ac.uk,1,5432
56860680,0.02389,runlisfloo,awilso19,r,08/06/2026,22:24:19,eddie@node1s09.ecdf.ed.ac.uk,1,5433
56860680,0.02387,runlisfloo,awilso19,r,08/06/2026,21:53:34,eddie@node1k12.ecdf.ed.ac.uk,1,5412
56860680,0.02377,runlisfloo,awilso19,r,08/06/2026,19:29:20,eddie@node1n08.ecdf.ed.ac.uk,1,5408
56860680,0.02356,runlisfloo,awilso19,r,08/06/2026,14:04:27,eddie@node1k13.ecdf.ed.ac.uk,1,5400
56860680,0.02350,runlisfloo,awilso19,r,08/06/2026,12:41:03,eddie@node1k13.ecdf.ed.ac.uk,1,5397
56860680,0.02290,runlisfloo,awilso19,r,08/05/2026,20:50:58,eddie@node1k13.ecdf.ed.ac.uk,1,5383
57722449,0.02273,mixer_biva,knicodem,r,08/19/2026,06:44:30,eddie@node1k13.ecdf.ed.ac.uk,1,11
56860680,0.02257,runlisfloo,awilso19,r,08/05/2026,12:26:24,eddie@node1n11.ecdf.ed.ac.uk,1,5378
56860680,0.02257,runlisfloo,awilso19,r,08/05/2026,12:26:24,eddie@node1n11.ecdf.ed.ac.uk,1,5379
57722449,0.02084,mixer_biva,knicodem,r,08/19/2026,06:44:30,eddie@node1n10.ecdf.ed.ac.uk,1,12
57750512,0.02049,eqw_npt_ri,s2713107,r,08/19/2026,20:43:22,eddie@node1f16.ecdf.ed.ac.uk,256
57722449,0.01924,mixer_biva,knicodem,r,08/19/2026,06:44:45,eddie@node1k17.ecdf.ed.ac.uk,1,13
57722449,0.01787,mixer_biva,knicodem,r,08/19/2026,06:50:30,eddie@node1k20.ecdf.ed.ac.uk,1,14
57722449,0.01668,mixer_biva,knicodem,r,08/19/2026,06:50:30,eddie@node1n12.ecdf.ed.ac.uk,1,15
57722449,0.01564,mixer_biva,knicodem,r,08/19/2026,06:50:30,eddie@node1k11.ecdf.ed.ac.uk,1,16
57722449,0.01472,mixer_biva,knicodem,r,08/19/2026,06:53:15,eddie@node1n09.ecdf.ed.ac.uk,1,17
57722449,0.01391,mixer_biva,knicodem,r,08/19/2026,06:54:30,eddie@node1k17.ecdf.ed.ac.uk,1,18
57722449,0.01317,mixer_biva,knicodem,r,08/19/2026,06:54:30,eddie@node1k11.ecdf.ed.ac.uk,1,19
57722449,0.01252,mixer_biva,knicodem,r,08/19/2026,06:56:00,eddie@node1k12.ecdf.ed.ac.uk,1,20
57383932,0.01176,runlisfloo,nfische2,r,08/10/2026,05:42:49,eddie@node1m20.ecdf.ed.ac.uk,1,6003
57753365,0.01126,QLOGIN,s2880191,r,08/19/2026,21:15:05,gpu@node1g04.ecdf.ed.ac.uk,32
57562825,0.01117,step7_gate,s2116644,r,08/19/2026,22:20:22,eddie@node1s16.ecdf.ed.ac.uk,8,1687
57562825,0.01116,step7_gate,s2116644,r,08/19/2026,22:07:36,eddie@node1i07.ecdf.ed.ac.uk,8,1685
57562825,0.01116,step7_gate,s2116644,r,08/19/2026,22:12:39,eddie@node1r14.ecdf.ed.ac.uk,8,1686
57562825,0.01115,step7_gate,s2116644,r,08/19/2026,21:48:35,eddie@node1o03.ecdf.ed.ac.uk,8,1683
57562825,0.01115,step7_gate,s2116644,r,08/19/2026,22:06:50,eddie@node1o13.ecdf.ed.ac.uk,8,1684
57562825,0.01112,step7_gate,s2116644,r,08/19/2026,21:05:41,eddie@node1f16.ecdf.ed.ac.uk,8,1682
57562825,0.01110,step7_gate,s2116644,r,08/19/2026,20:36:21,eddie@node1i16.ecdf.ed.ac.uk,8,1681
57562825,0.01108,step7_gate,s2116644,r,08/19/2026,20:18:21,eddie@node1i03.ecdf.ed.ac.uk,8,1680
57562825,0.01107,step7_gate,s2116644,r,08/19/2026,20:10:18,eddie@node1m16.ecdf.ed.ac.uk,8,1679
57562825,0.01107,step7_gate,s2116644,r,08/19/2026,19:58:15,eddie@node1r16.ecdf.ed.ac.uk,8,1678
57562825,0.01106,step7_gate,s2116644,r,08/19/2026,19:46:45,eddie@node1l28.ecdf.ed.ac.uk,8,1677
57562825,0.01105,step7_gate,s2116644,r,08/19/2026,19:35:30,eddie@node1l24.ecdf.ed.ac.uk,8,1676
57562825,0.01105,step7_gate,s2116644,r,08/19/2026,19:35:15,eddie@node1o07.ecdf.ed.ac.uk,8,1675
57562825,0.01103,step7_gate,s2116644,r,08/19/2026,19:16:15,eddie@node1f08.ecdf.ed.ac.uk,8,1674
57562825,0.01099,step7_gate,s2116644,r,08/19/2026,18:26:53,eddie@node1l26.ecdf.ed.ac.uk,8,1673
57562825,0.01092,step7_gate,s2116644,r,08/19/2026,17:27:13,eddie@node1f12.ecdf.ed.ac.uk,8,1672
57754606,0.01091,cover_sim,s2441782,r,08/19/2026,22:54:07,eddie@node1h07.ecdf.ed.ac.uk,8,1
57562825,0.01090,step7_gate,s2116644,r,08/19/2026,17:07:06,eddie@node1i06.ecdf.ed.ac.uk,8,1671
57562825,0.01090,step7_gate,s2116644,r,08/19/2026,16:58:57,eddie@node1h03.ecdf.ed.ac.uk,8,1670
57562825,0.01089,step7_gate,s2116644,r,08/19/2026,16:47:38,eddie@node1h13.ecdf.ed.ac.uk,8,1669
57562825,0.01088,step7_gate,s2116644,r,08/19/2026,16:38:20,eddie@node1l27.ecdf.ed.ac.uk,8,1668
57562825,0.01087,step7_gate,s2116644,r,08/19/2026,15:56:52,eddie@node1r08.ecdf.ed.ac.uk,8,1667
57562825,0.01082,step7_gate,s2116644,r,08/19/2026,14:55:59,eddie@node1r08.ecdf.ed.ac.uk,8,1665
57754484,0.01082,nf-NFCORE_,s1744040,r,08/19/2026,22:11:09,eddie@node1s14.ecdf.ed.ac.uk,8
57562825,0.01081,step7_gate,s2116644,r,08/19/2026,13:55:46,eddie@node1l26.ecdf.ed.ac.uk,8,1663
57562825,0.01078,step7_gate,s2116644,r,08/19/2026,13:28:57,eddie@node1f16.ecdf.ed.ac.uk,8,1662
57562825,0.01077,step7_gate,s2116644,r,08/19/2026,13:23:31,eddie@node1h13.ecdf.ed.ac.uk,8,1661
57562825,0.01071,step7_gate,s2116644,r,08/19/2026,11:24:47,eddie@node1i15.ecdf.ed.ac.uk,8,1653
57562825,0.01070,step7_gate,s2116644,r,08/19/2026,11:08:30,eddie@node1s15.ecdf.ed.ac.uk,8,1652
57383932,0.01069,runlisfloo,nfische2,r,08/10/2026,05:43:45,eddie@node1m23.ecdf.ed.ac.uk,1,6004
57746180,0.01062,cluster_ki,yyou,r,08/19/2026,20:11:03,eddie@node1j03.ecdf.ed.ac.uk,10
57562825,0.01061,step7_gate,s2116644,r,08/19/2026,09:38:34,eddie@node1f06.ecdf.ed.ac.uk,8,1647
57754495,0.01046,QLOGIN,kelshak,r,08/19/2026,22:18:37,igmm_long@node1h02.ecdf.ed.ac.,1
57752713,0.01020,DuckJoint,v1nayele,r,08/19/2026,20:25:21,eddie@node1o03.ecdf.ed.ac.uk,1,1
57750722,0.01018,QLOGIN,s1613478,r,08/19/2026,19:06:43,eddie@node1j24.ecdf.ed.ac.uk,16
57753315,0.01012,QLOGIN,s2744405,r,08/19/2026,20:54:57,eddie@node1j24.ecdf.ed.ac.uk,1
57723063,0.00999,gssn16,s1833252,r,08/19/2026,10:44:26,eddie@node1m06.ecdf.ed.ac.uk,32
57383932,0.00998,runlisfloo,nfische2,r,08/10/2026,05:43:54,eddie@node1m20.ecdf.ed.ac.uk,1,6005
57308110,0.00969,runlisfloo,asiripat,r,08/10/2026,14:04:20,eddie@node1k13.ecdf.ed.ac.uk,1,8081
57308110,0.00968,runlisfloo,asiripat,r,08/10/2026,13:52:35,eddie@node1m19.ecdf.ed.ac.uk,1,8079
57308110,0.00968,runlisfloo,asiripat,r,08/10/2026,13:55:35,eddie@node1k18.ecdf.ed.ac.uk,1,8080
57308110,0.00968,runlisfloo,asiripat,r,08/10/2026,13:45:49,eddie@node1k18.ecdf.ed.ac.uk,1,8078
57308110,0.00968,runlisfloo,asiripat,r,08/10/2026,13:45:04,eddie@node1n11.ecdf.ed.ac.uk,1,8077
57308110,0.00963,runlisfloo,asiripat,r,08/10/2026,12:26:01,eddie@node1k18.ecdf.ed.ac.uk,1,8076
57308110,0.00962,runlisfloo,asiripat,r,08/10/2026,12:09:27,eddie@node1k13.ecdf.ed.ac.uk,1,8075
57308110,0.00962,runlisfloo,asiripat,r,08/10/2026,12:04:44,eddie@node1m19.ecdf.ed.ac.uk,1,8074
57308110,0.00961,runlisfloo,asiripat,r,08/10/2026,11:58:43,eddie@node1m18.ecdf.ed.ac.uk,1,8073
57308110,0.00959,runlisfloo,asiripat,r,08/10/2026,11:15:47,eddie@node1k13.ecdf.ed.ac.uk,1,8072
57308110,0.00956,runlisfloo,asiripat,r,08/10/2026,10:50:37,eddie@node1k18.ecdf.ed.ac.uk,1,8071
57308110,0.00955,runlisfloo,asiripat,r,08/10/2026,10:32:09,eddie@node1m23.ecdf.ed.ac.uk,1,8070
57308110,0.00954,runlisfloo,asiripat,r,08/10/2026,10:22:03,eddie@node1k13.ecdf.ed.ac.uk,1,8069
57308110,0.00954,runlisfloo,asiripat,r,08/10/2026,10:17:14,eddie@node1n05.ecdf.ed.ac.uk,1,8068
57308110,0.00954,runlisfloo,asiripat,r,08/10/2026,10:16:10,eddie@node1m22.ecdf.ed.ac.uk,1,8067
57582772,0.00954,lw_b11_24h,pminervi,r,08/19/2026,14:48:06,eddie@node1h14.ecdf.ed.ac.uk,1,8467
57582772,0.00954,lw_b11_24h,pminervi,r,08/19/2026,14:45:50,eddie@node1o04.ecdf.ed.ac.uk,1,8466
57308110,0.00953,runlisfloo,asiripat,r,08/10/2026,10:05:22,eddie@node1m20.ecdf.ed.ac.uk,1,8066
57582772,0.00953,lw_b11_24h,pminervi,r,08/19/2026,14:38:12,eddie@node1i16.ecdf.ed.ac.uk,1,8465
57582772,0.00953,lw_b11_24h,pminervi,r,08/19/2026,14:36:57,eddie@node1i16.ecdf.ed.ac.uk,1,8464
57582772,0.00953,lw_b11_24h,pminervi,r,08/19/2026,14:36:42,eddie@node1i16.ecdf.ed.ac.uk,1,8463
57308110,0.00952,runlisfloo,asiripat,r,08/10/2026,09:49:40,eddie@node1m24.ecdf.ed.ac.uk,1,8065
57582772,0.00952,lw_b11_24h,pminervi,r,08/19/2026,14:18:15,eddie@node1r07.ecdf.ed.ac.uk,1,8462
57582772,0.00952,lw_b11_24h,pminervi,r,08/19/2026,14:17:45,eddie@node1f11.ecdf.ed.ac.uk,1,8461
57582772,0.00952,lw_b11_24h,pminervi,r,08/19/2026,14:13:05,eddie@node1i14.ecdf.ed.ac.uk,1,8460
57582772,0.00951,lw_b11_24h,pminervi,r,08/19/2026,14:07:35,eddie@node1i06.ecdf.ed.ac.uk,1,8459
57308110,0.00951,runlisfloo,asiripat,r,08/10/2026,09:17:07,eddie@node1m19.ecdf.ed.ac.uk,1,8064
57582772,0.00951,lw_b11_24h,pminervi,r,08/19/2026,14:01:46,eddie@node1o03.ecdf.ed.ac.uk,1,8458
57308110,0.00950,runlisfloo,asiripat,r,08/10/2026,09:07:52,eddie@node1m24.ecdf.ed.ac.uk,1,8063
57582772,0.00950,lw_b11_24h,pminervi,r,08/19/2026,13:49:58,eddie@node1k15.ecdf.ed.ac.uk,1,8457
57308110,0.00950,runlisfloo,asiripat,r,08/10/2026,09:00:08,eddie@node1k18.ecdf.ed.ac.uk,1,8062
57582772,0.00950,lw_b11_24h,pminervi,r,08/19/2026,13:43:58,eddie@node1l07.ecdf.ed.ac.uk,1,8456
57308110,0.00949,runlisfloo,asiripat,r,08/10/2026,08:53:41,eddie@node1m24.ecdf.ed.ac.uk,1,8060
57308110,0.00949,runlisfloo,asiripat,r,08/10/2026,08:45:38,eddie@node1m23.ecdf.ed.ac.uk,1,8059
57308110,0.00949,runlisfloo,asiripat,r,08/10/2026,08:56:11,eddie@node1k18.ecdf.ed.ac.uk,1,8061
57308110,0.00948,runlisfloo,asiripat,r,08/10/2026,08:31:22,eddie@node1m21.ecdf.ed.ac.uk,1,8058
57582772,0.00947,lw_b11_24h,pminervi,r,08/19/2026,13:05:09,eddie@node1j17.ecdf.ed.ac.uk,1,8455
57582772,0.00947,lw_b11_24h,pminervi,r,08/19/2026,13:03:07,eddie@node1o10.ecdf.ed.ac.uk,1,8454
57582772,0.00946,lw_b11_24h,pminervi,r,08/19/2026,12:52:12,eddie@node1f16.ecdf.ed.ac.uk,1,8453
57582772,0.00946,lw_b11_24h,pminervi,r,08/19/2026,12:40:08,eddie@node1l05.ecdf.ed.ac.uk,1,8452
57308110,0.00945,runlisfloo,asiripat,r,08/10/2026,07:46:20,eddie@node1m22.ecdf.ed.ac.uk,1,8053
57582772,0.00945,lw_b11_24h,pminervi,r,08/19/2026,12:31:53,eddie@node1s20.ecdf.ed.ac.uk,1,8451
57582772,0.00944,lw_b11_24h,pminervi,r,08/19/2026,12:22:23,eddie@node1o08.ecdf.ed.ac.uk,1,8450
57308110,0.00944,runlisfloo,asiripat,r,08/10/2026,07:42:28,eddie@node1k12.ecdf.ed.ac.uk,1,8052
57308110,0.00944,runlisfloo,asiripat,r,08/10/2026,07:51:35,eddie@node1m21.ecdf.ed.ac.uk,1,8054
57308110,0.00944,runlisfloo,asiripat,r,08/10/2026,07:52:07,eddie@node1m24.ecdf.ed.ac.uk,1,8055
57308110,0.00944,runlisfloo,asiripat,r,08/10/2026,07:57:13,eddie@node1k13.ecdf.ed.ac.uk,1,8056
57308110,0.00944,runlisfloo,asiripat,r,08/10/2026,07:32:53,eddie@node1m20.ecdf.ed.ac.uk,1,8049
57308110,0.00944,runlisfloo,asiripat,r,08/10/2026,07:33:16,eddie@node1k13.ecdf.ed.ac.uk,1,8050
57308110,0.00944,runlisfloo,asiripat,r,08/10/2026,07:34:10,eddie@node1k13.ecdf.ed.ac.uk,1,8051
57582772,0.00944,lw_b11_24h,pminervi,r,08/19/2026,12:16:28,eddie@node1f16.ecdf.ed.ac.uk,1,8449
57308110,0.00944,runlisfloo,asiripat,r,08/10/2026,07:29:32,eddie@node1m23.ecdf.ed.ac.uk,1,8048
57308110,0.00943,runlisfloo,asiripat,r,08/10/2026,07:11:40,eddie@node1m20.ecdf.ed.ac.uk,1,8046
57308110,0.00943,runlisfloo,asiripat,r,08/10/2026,07:14:27,eddie@node1m18.ecdf.ed.ac.uk,1,8047
57308110,0.00942,runlisfloo,asiripat,r,08/10/2026,06:58:55,eddie@node1m19.ecdf.ed.ac.uk,1,8041
57308110,0.00942,runlisfloo,asiripat,r,08/10/2026,07:06:18,eddie@node1m19.ecdf.ed.ac.uk,1,8043
57582772,0.00941,lw_b11_24h,pminervi,r,08/19/2026,11:34:27,eddie@node1h09.ecdf.ed.ac.uk,1,8448
57582772,0.00941,lw_b11_24h,pminervi,r,08/19/2026,11:33:27,eddie@node1f09.ecdf.ed.ac.uk,1,8447
57308110,0.00941,runlisfloo,asiripat,r,08/10/2026,06:42:07,eddie@node1m21.ecdf.ed.ac.uk,1,8032
57308110,0.00941,runlisfloo,asiripat,r,08/10/2026,06:42:07,eddie@node1m21.ecdf.ed.ac.uk,1,8033
57308110,0.00941,runlisfloo,asiripat,r,08/10/2026,06:48:25,eddie@node1m23.ecdf.ed.ac.uk,1,8036
57308110,0.00941,runlisfloo,asiripat,r,08/10/2026,06:53:14,eddie@node1m21.ecdf.ed.ac.uk,1,8039
57308110,0.00941,runlisfloo,asiripat,r,08/10/2026,06:43:30,eddie@node1m21.ecdf.ed.ac.uk,1,8034
57308110,0.00941,runlisfloo,asiripat,r,08/10/2026,06:45:04,eddie@node1m21.ecdf.ed.ac.uk,1,8035
57308110,0.00941,runlisfloo,asiripat,r,08/10/2026,06:50:54,eddie@node1m21.ecdf.ed.ac.uk,1,8038
57308110,0.00941,runlisfloo,asiripat,r,08/10/2026,06:50:37,eddie@node1m18.ecdf.ed.ac.uk,1,8037
57308110,0.00941,runlisfloo,asiripat,r,08/10/2026,06:55:25,eddie@node1k12.ecdf.ed.ac.uk,1,8040
57582772,0.00941,lw_b11_24h,pminervi,r,08/19/2026,11:23:03,eddie@node1h06.ecdf.ed.ac.uk,1,8446
57308110,0.00940,runlisfloo,asiripat,r,08/10/2026,06:33:00,eddie@node1m21.ecdf.ed.ac.uk,1,8029
57308110,0.00940,runlisfloo,asiripat,r,08/10/2026,06:30:14,eddie@node1m20.ecdf.ed.ac.uk,1,8028
57582772,0.00939,lw_b11_24h,pminervi,r,08/19/2026,11:04:18,eddie@node1r07.ecdf.ed.ac.uk,1,8445
57308110,0.00939,runlisfloo,asiripat,r,08/10/2026,06:16:53,eddie@node1m20.ecdf.ed.ac.uk,1,8020
57308110,0.00939,runlisfloo,asiripat,r,08/10/2026,06:17:32,eddie@node1m21.ecdf.ed.ac.uk,1,8021
57308110,0.00939,runlisfloo,asiripat,r,08/10/2026,06:22:17,eddie@node1m20.ecdf.ed.ac.uk,1,8026
57308110,0.00939,runlisfloo,asiripat,r,08/10/2026,06:16:01,eddie@node1m18.ecdf.ed.ac.uk,1,8019
57308110,0.00939,runlisfloo,asiripat,r,08/10/2026,06:19:05,eddie@node1m20.ecdf.ed.ac.uk,1,8024
57308110,0.00939,runlisfloo,asiripat,r,08/10/2026,06:19:13,eddie@node1m23.ecdf.ed.ac.uk,1,8025
57308110,0.00939,runlisfloo,asiripat,r,08/10/2026,06:24:21,eddie@node1m20.ecdf.ed.ac.uk,1,8027
57308110,0.00939,runlisfloo,asiripat,r,08/10/2026,07:09:08,eddie@node1m23.ecdf.ed.ac.uk,1,8044
57308110,0.00939,runlisfloo,asiripat,r,08/10/2026,07:09:19,eddie@node1m23.ecdf.ed.ac.uk,1,8045
57308110,0.00939,runlisfloo,asiripat,r,08/10/2026,08:01:46,eddie@node1m22.ecdf.ed.ac.uk,1,8057
57308110,0.00939,runlisfloo,asiripat,r,08/10/2026,06:07:43,eddie@node1m18.ecdf.ed.ac.uk,1,8017
57308110,0.00939,runlisfloo,asiripat,r,08/10/2026,06:10:59,eddie@node1m19.ecdf.ed.ac.uk,1,8018
57308110,0.00938,runlisfloo,asiripat,r,08/10/2026,06:04:14,eddie@node1m23.ecdf.ed.ac.uk,1,8015
57308110,0.00938,runlisfloo,asiripat,r,08/10/2026,06:04:29,eddie@node1m20.ecdf.ed.ac.uk,1,8016
57582772,0.00938,lw_b11_24h,pminervi,r,08/19/2026,10:42:51,eddie@node1r17.ecdf.ed.ac.uk,1,8444
57308110,0.00938,runlisfloo,asiripat,r,08/10/2026,05:56:26,eddie@node1m22.ecdf.ed.ac.uk,1,8011
57308110,0.00938,runlisfloo,asiripat,r,08/10/2026,05:56:26,eddie@node1m21.ecdf.ed.ac.uk,1,8012
57308110,0.00938,runlisfloo,asiripat,r,08/10/2026,05:58:49,eddie@node1m20.ecdf.ed.ac.uk,1,8013
57308110,0.00938,runlisfloo,asiripat,r,08/10/2026,05:56:16,eddie@node1m20.ecdf.ed.ac.uk,1,8010
57308110,0.00938,runlisfloo,asiripat,r,08/10/2026,05:53:15,eddie@node1m18.ecdf.ed.ac.uk,1,8007
57308110,0.00938,runlisfloo,asiripat,r,08/10/2026,05:53:39,eddie@node1m21.ecdf.ed.ac.uk,1,8008
57582772,0.00938,lw_b11_24h,pminervi,r,08/19/2026,10:37:52,eddie@node1m16.ecdf.ed.ac.uk,1,8443
57308110,0.00937,runlisfloo,asiripat,r,08/10/2026,05:52:35,eddie@node1m20.ecdf.ed.ac.uk,1,8006
57308110,0.00937,runlisfloo,asiripat,r,08/10/2026,05:50:06,eddie@node1m21.ecdf.ed.ac.uk,1,8004
57308110,0.00937,runlisfloo,asiripat,r,08/10/2026,05:50:11,eddie@node1m24.ecdf.ed.ac.uk,1,8005
57582772,0.00937,lw_b11_24h,pminervi,r,08/19/2026,10:31:57,eddie@node1m16.ecdf.ed.ac.uk,1,8442
57308110,0.00937,runlisfloo,asiripat,r,08/10/2026,05:47:07,eddie@node1m20.ecdf.ed.ac.uk,1,8003
57308110,0.00937,runlisfloo,asiripat,r,08/10/2026,05:44:42,eddie@node1m24.ecdf.ed.ac.uk,1,8002
57582772,0.00937,lw_b11_24h,pminervi,r,08/19/2026,10:23:37,eddie@node1j28.ecdf.ed.ac.uk,1,8441
57582772,0.00936,lw_b11_24h,pminervi,r,08/19/2026,10:16:50,eddie@node1s15.ecdf.ed.ac.uk,1,8440
57582772,0.00936,lw_b11_24h,pminervi,r,08/19/2026,10:16:05,eddie@node1h12.ecdf.ed.ac.uk,1,8439
57582772,0.00936,lw_b11_24h,pminervi,r,08/19/2026,10:15:35,eddie@node1h12.ecdf.ed.ac.uk,1,8438
57582772,0.00936,lw_b11_24h,pminervi,r,08/19/2026,10:09:10,eddie@node1s14.ecdf.ed.ac.uk,1,8437
57582772,0.00936,lw_b11_24h,pminervi,r,08/19/2026,10:07:55,eddie@node1s14.ecdf.ed.ac.uk,1,8436
57582772,0.00936,lw_b11_24h,pminervi,r,08/19/2026,10:06:26,eddie@node1s14.ecdf.ed.ac.uk,1,8435
57582772,0.00935,lw_b11_24h,pminervi,r,08/19/2026,09:59:29,eddie@node1n01.ecdf.ed.ac.uk,1,8434
57582772,0.00935,lw_b11_24h,pminervi,r,08/19/2026,09:57:59,eddie@node1f06.ecdf.ed.ac.uk,1,8433
57582772,0.00935,lw_b11_24h,pminervi,r,08/19/2026,09:56:09,eddie@node1f06.ecdf.ed.ac.uk,1,8432
57582772,0.00935,lw_b11_24h,pminervi,r,08/19/2026,09:54:12,eddie@node1n08.ecdf.ed.ac.uk,1,8431
57582772,0.00934,lw_b11_24h,pminervi,r,08/19/2026,09:50:02,eddie@node1h11.ecdf.ed.ac.uk,1,8430
57582772,0.00934,lw_b11_24h,pminervi,r,08/19/2026,09:44:32,eddie@node1o13.ecdf.ed.ac.uk,1,8429
57582772,0.00934,lw_b11_24h,pminervi,r,08/19/2026,09:44:02,eddie@node1f16.ecdf.ed.ac.uk,1,8428
57582772,0.00934,lw_b11_24h,pminervi,r,08/19/2026,09:40:17,eddie@node1f11.ecdf.ed.ac.uk,1,8427
57582772,0.00934,lw_b11_24h,pminervi,r,08/19/2026,09:38:19,eddie@node1s13.ecdf.ed.ac.uk,1,8426
57582772,0.00934,lw_b11_24h,pminervi,r,08/19/2026,09:36:49,eddie@node1o10.ecdf.ed.ac.uk,1,8425
57582772,0.00933,lw_b11_24h,pminervi,r,08/19/2026,09:35:31,eddie@node1j28.ecdf.ed.ac.uk,1,8424
57749248,0.00933,quantile,s2150450,r,08/19/2026,18:07:23,eddie@node1l23.ecdf.ed.ac.uk,5,1
57582772,0.00933,lw_b11_24h,pminervi,r,08/19/2026,09:29:10,eddie@node1o10.ecdf.ed.ac.uk,1,8423
57582772,0.00933,lw_b11_24h,pminervi,r,08/19/2026,09:25:55,eddie@node1o12.ecdf.ed.ac.uk,1,8422
57582772,0.00933,lw_b11_24h,pminervi,r,08/19/2026,09:24:25,eddie@node1n07.ecdf.ed.ac.uk,1,8421
57582772,0.00932,lw_b11_24h,pminervi,r,08/19/2026,09:19:24,eddie@node1h12.ecdf.ed.ac.uk,1,8420
57582772,0.00932,lw_b11_24h,pminervi,r,08/19/2026,09:17:54,eddie@node1r08.ecdf.ed.ac.uk,1,8419
57582772,0.00932,lw_b11_24h,pminervi,r,08/19/2026,09:17:24,eddie@node1i03.ecdf.ed.ac.uk,1,8418
57582772,0.00932,lw_b11_24h,pminervi,r,08/19/2026,09:15:24,eddie@node1r08.ecdf.ed.ac.uk,1,8417
57582772,0.00932,lw_b11_24h,pminervi,r,08/19/2026,09:08:54,eddie@node1h08.ecdf.ed.ac.uk,1,8416
57582772,0.00931,lw_b11_24h,pminervi,r,08/19/2026,09:03:38,eddie@node1i16.ecdf.ed.ac.uk,1,8415
57582772,0.00931,lw_b11_24h,pminervi,r,08/19/2026,09:00:38,eddie@node1r14.ecdf.ed.ac.uk,1,8411
57582772,0.00931,lw_b11_24h,pminervi,r,08/19/2026,09:00:38,eddie@node1r14.ecdf.ed.ac.uk,1,8412
57582772,0.00931,lw_b11_24h,pminervi,r,08/19/2026,09:00:53,eddie@node1f13.ecdf.ed.ac.uk,1,8413
57582772,0.00931,lw_b11_24h,pminervi,r,08/19/2026,09:00:53,eddie@node1f13.ecdf.ed.ac.uk,1,8414
57582772,0.00931,lw_b11_24h,pminervi,r,08/19/2026,08:59:38,eddie@node1r14.ecdf.ed.ac.uk,1,8408
57582772,0.00931,lw_b11_24h,pminervi,r,08/19/2026,08:59:53,eddie@node1f11.ecdf.ed.ac.uk,1,8409
57582772,0.00931,lw_b11_24h,pminervi,r,08/19/2026,09:00:23,eddie@node1r14.ecdf.ed.ac.uk,1,8410
57582772,0.00931,lw_b11_24h,pminervi,r,08/19/2026,08:58:53,eddie@node1f07.ecdf.ed.ac.uk,1,8405
57582772,0.00931,lw_b11_24h,pminervi,r,08/19/2026,08:58:53,eddie@node1o03.ecdf.ed.ac.uk,1,8406
57582772,0.00931,lw_b11_24h,pminervi,r,08/19/2026,08:58:53,eddie@node1l27.ecdf.ed.ac.uk,1,8407
57582772,0.00931,lw_b11_24h,pminervi,r,08/19/2026,08:57:53,eddie@node1f07.ecdf.ed.ac.uk,1,8403
57582772,0.00931,lw_b11_24h,pminervi,r,08/19/2026,08:57:53,eddie@node1f12.ecdf.ed.ac.uk,1,8404
57582772,0.00931,lw_b11_24h,pminervi,r,08/19/2026,08:57:23,eddie@node1f10.ecdf.ed.ac.uk,1,8400
57582772,0.00931,lw_b11_24h,pminervi,r,08/19/2026,08:57:23,eddie@node1l28.ecdf.ed.ac.uk,1,8401
57582772,0.00931,lw_b11_24h,pminervi,r,08/19/2026,08:57:38,eddie@node1h07.ecdf.ed.ac.uk,1,8402
57582772,0.00931,lw_b11_24h,pminervi,r,08/19/2026,08:55:38,eddie@node1l21.ecdf.ed.ac.uk,1,8398
57582772,0.00931,lw_b11_24h,pminervi,r,08/19/2026,08:57:08,eddie@node1f10.ecdf.ed.ac.uk,1,8399
57582772,0.00931,lw_b11_24h,pminervi,r,08/19/2026,08:53:38,eddie@node1f12.ecdf.ed.ac.uk,1,8392
57582772,0.00931,lw_b11_24h,pminervi,r,08/19/2026,08:53:38,eddie@node1l21.ecdf.ed.ac.uk,1,8393
57582772,0.00931,lw_b11_24h,pminervi,r,08/19/2026,08:53:38,eddie@node1l27.ecdf.ed.ac.uk,1,8394
57582772,0.00931,lw_b11_24h,pminervi,r,08/19/2026,08:53:23,eddie@node1f11.ecdf.ed.ac.uk,1,8390
57582772,0.00931,lw_b11_24h,pminervi,r,08/19/2026,08:53:23,eddie@node1f12.ecdf.ed.ac.uk,1,8391
57582772,0.00931,lw_b11_24h,pminervi,r,08/19/2026,08:54:23,eddie@node1i02.ecdf.ed.ac.uk,1,8396
57582772,0.00931,lw_b11_24h,pminervi,r,08/19/2026,08:54:23,eddie@node1f09.ecdf.ed.ac.uk,1,8397
57582772,0.00931,lw_b11_24h,pminervi,r,08/19/2026,08:54:08,eddie@node1f09.ecdf.ed.ac.uk,1,8395
57582772,0.00931,lw_b11_24h,pminervi,r,08/19/2026,08:52:22,eddie@node1f11.ecdf.ed.ac.uk,1,8389
57582772,0.00931,lw_b11_24h,pminervi,r,08/19/2026,08:51:52,eddie@node1f12.ecdf.ed.ac.uk,1,8388
57582772,0.00931,lw_b11_24h,pminervi,r,08/19/2026,08:50:52,eddie@node1l21.ecdf.ed.ac.uk,1,8386
57582772,0.00931,lw_b11_24h,pminervi,r,08/19/2026,08:51:07,eddie@node1i15.ecdf.ed.ac.uk,1,8387
57582772,0.00930,lw_b11_24h,pminervi,r,08/19/2026,08:49:22,eddie@node1f12.ecdf.ed.ac.uk,1,8382
57582772,0.00930,lw_b11_24h,pminervi,r,08/19/2026,08:49:22,eddie@node1i07.ecdf.ed.ac.uk,1,8383
57582772,0.00930,lw_b11_24h,pminervi,r,08/19/2026,08:49:22,eddie@node1i03.ecdf.ed.ac.uk,1,8384
57582772,0.00930,lw_b11_24h,pminervi,r,08/19/2026,08:49:22,eddie@node1l28.ecdf.ed.ac.uk,1,8385
57582772,0.00930,lw_b11_24h,pminervi,r,08/19/2026,08:48:37,eddie@node1i02.ecdf.ed.ac.uk,1,8381
57582772,0.00930,lw_b11_24h,pminervi,r,08/19/2026,08:47:07,eddie@node1f08.ecdf.ed.ac.uk,1,8373
57582772,0.00930,lw_b11_24h,pminervi,r,08/19/2026,08:47:07,eddie@node1i02.ecdf.ed.ac.uk,1,8374
57582772,0.00930,lw_b11_24h,pminervi,r,08/19/2026,08:47:07,eddie@node1r15.ecdf.ed.ac.uk,1,8375
57582772,0.00930,lw_b11_24h,pminervi,r,08/19/2026,08:47:37,eddie@node1r15.ecdf.ed.ac.uk,1,8376
57582772,0.00930,lw_b11_24h,pminervi,r,08/19/2026,08:47:37,eddie@node1l26.ecdf.ed.ac.uk,1,8377
57582772,0.00930,lw_b11_24h,pminervi,r,08/19/2026,08:48:22,eddie@node1l21.ecdf.ed.ac.uk,1,8379
57582772,0.00930,lw_b11_24h,pminervi,r,08/19/2026,08:48:22,eddie@node1o04.ecdf.ed.ac.uk,1,8380
57582772,0.00930,lw_b11_24h,pminervi,r,08/19/2026,08:46:37,eddie@node1f15.ecdf.ed.ac.uk,1,8372
57582772,0.00930,lw_b11_24h,pminervi,r,08/19/2026,08:48:07,eddie@node1i03.ecdf.ed.ac.uk,1,8378
57582772,0.00930,lw_b11_24h,pminervi,r,08/19/2026,08:46:22,eddie@node1f09.ecdf.ed.ac.uk,1,8370
57582772,0.00930,lw_b11_24h,pminervi,r,08/19/2026,08:46:22,eddie@node1i03.ecdf.ed.ac.uk,1,8371
57582772,0.00930,lw_b11_24h,pminervi,r,08/19/2026,08:45:22,eddie@node1i15.ecdf.ed.ac.uk,1,8369
57582772,0.00930,lw_b11_24h,pminervi,r,08/19/2026,08:43:07,eddie@node1r12.ecdf.ed.ac.uk,1,8363
57582772,0.00930,lw_b11_24h,pminervi,r,08/19/2026,08:41:52,eddie@node1f09.ecdf.ed.ac.uk,1,8359
57582772,0.00930,lw_b11_24h,pminervi,r,08/19/2026,08:41:52,eddie@node1f09.ecdf.ed.ac.uk,1,8360
57582772,0.00930,lw_b11_24h,pminervi,r,08/19/2026,08:40:37,eddie@node1f06.ecdf.ed.ac.uk,1,8357
57582772,0.00930,lw_b11_24h,pminervi,r,08/19/2026,08:40:37,eddie@node1j25.ecdf.ed.ac.uk,1,8358
57582772,0.00930,lw_b11_24h,pminervi,r,08/19/2026,08:44:37,eddie@node1f08.ecdf.ed.ac.uk,1,8367
57582772,0.00930,lw_b11_24h,pminervi,r,08/19/2026,08:44:37,eddie@node1r16.ecdf.ed.ac.uk,1,8368
57582772,0.00930,lw_b11_24h,pminervi,r,08/19/2026,08:44:07,eddie@node1f08.ecdf.ed.ac.uk,1,8366
57582772,0.00930,lw_b11_24h,pminervi,r,08/19/2026,08:42:22,eddie@node1f08.ecdf.ed.ac.uk,1,8361
57582772,0.00930,lw_b11_24h,pminervi,r,08/19/2026,08:42:37,eddie@node1i07.ecdf.ed.ac.uk,1,8362
57582772,0.00930,lw_b11_24h,pminervi,r,08/19/2026,08:43:37,eddie@node1f13.ecdf.ed.ac.uk,1,8364
57582772,0.00930,lw_b11_24h,pminervi,r,08/19/2026,08:43:52,eddie@node1i16.ecdf.ed.ac.uk,1,8365
57582772,0.00930,lw_b11_24h,pminervi,r,08/19/2026,08:40:22,eddie@node1i15.ecdf.ed.ac.uk,1,8356
57582772,0.00930,lw_b11_24h,pminervi,r,08/19/2026,08:40:07,eddie@node1f09.ecdf.ed.ac.uk,1,8355
57582772,0.00930,lw_b11_24h,pminervi,r,08/19/2026,08:38:22,eddie@node1l23.ecdf.ed.ac.uk,1,8350
57582772,0.00930,lw_b11_24h,pminervi,r,08/19/2026,08:38:22,eddie@node1o06.ecdf.ed.ac.uk,1,8351
57582772,0.00930,lw_b11_24h,pminervi,r,08/19/2026,08:38:22,eddie@node1h09.ecdf.ed.ac.uk,1,8352
57582772,0.00930,lw_b11_24h,pminervi,r,08/19/2026,08:38:52,eddie@node1l22.ecdf.ed.ac.uk,1,8353
57582772,0.00930,lw_b11_24h,pminervi,r,08/19/2026,08:37:37,eddie@node1f06.ecdf.ed.ac.uk,1,8348
57582772,0.00930,lw_b11_24h,pminervi,r,08/19/2026,08:37:37,eddie@node1l22.ecdf.ed.ac.uk,1,8349
57582772,0.00930,lw_b11_24h,pminervi,r,08/19/2026,08:39:22,eddie@node1i16.ecdf.ed.ac.uk,1,8354
57582772,0.00930,lw_b11_24h,pminervi,r,08/19/2026,08:37:04,eddie@node1l22.ecdf.ed.ac.uk,1,8346
57582772,0.00930,lw_b11_24h,pminervi,r,08/19/2026,08:37:04,eddie@node1o05.ecdf.ed.ac.uk,1,8347
57582772,0.00930,lw_b11_24h,pminervi,r,08/19/2026,08:36:37,eddie@node1l22.ecdf.ed.ac.uk,1,8345
57582772,0.00930,lw_b11_24h,pminervi,r,08/19/2026,08:35:22,eddie@node1o03.ecdf.ed.ac.uk,1,8343
57582772,0.00930,lw_b11_24h,pminervi,r,08/19/2026,08:35:22,eddie@node1o06.ecdf.ed.ac.uk,1,8344
57582772,0.00930,lw_b11_24h,pminervi,r,08/19/2026,08:34:22,eddie@node1l22.ecdf.ed.ac.uk,1,8341
57582772,0.00930,lw_b11_24h,pminervi,r,08/19/2026,08:34:37,eddie@node1l23.ecdf.ed.ac.uk,1,8342
57582772,0.00929,lw_b11_24h,pminervi,r,08/19/2026,08:33:37,eddie@node1j25.ecdf.ed.ac.uk,1,8340
57582772,0.00929,lw_b11_24h,pminervi,r,08/19/2026,08:33:07,eddie@node1l22.ecdf.ed.ac.uk,1,8337
57582772,0.00929,lw_b11_24h,pminervi,r,08/19/2026,08:33:07,eddie@node1r19.ecdf.ed.ac.uk,1,8338
57582772,0.00929,lw_b11_24h,pminervi,r,08/19/2026,08:33:07,eddie@node1j27.ecdf.ed.ac.uk,1,8339
57582772,0.00929,lw_b11_24h,pminervi,r,08/19/2026,08:32:52,eddie@node1o12.ecdf.ed.ac.uk,1,8336
57582772,0.00929,lw_b11_24h,pminervi,r,08/19/2026,08:31:22,eddie@node1f16.ecdf.ed.ac.uk,1,8331
57582772,0.00929,lw_b11_24h,pminervi,r,08/19/2026,08:31:22,eddie@node1f06.ecdf.ed.ac.uk,1,8332
57582772,0.00929,lw_b11_24h,pminervi,r,08/19/2026,08:31:52,eddie@node1r18.ecdf.ed.ac.uk,1,8334
57582772,0.00929,lw_b11_24h,pminervi,r,08/19/2026,08:31:52,eddie@node1j28.ecdf.ed.ac.uk,1,8335
57582772,0.00929,lw_b11_24h,pminervi,r,08/19/2026,08:29:07,eddie@node1f06.ecdf.ed.ac.uk,1,8325
57582772,0.00929,lw_b11_24h,pminervi,r,08/19/2026,08:29:07,eddie@node1r16.ecdf.ed.ac.uk,1,8326
57582772,0.00929,lw_b11_24h,pminervi,r,08/19/2026,08:28:22,eddie@node1o04.ecdf.ed.ac.uk,1,8323
57582772,0.00929,lw_b11_24h,pminervi,r,08/19/2026,08:30:22,eddie@node1f06.ecdf.ed.ac.uk,1,8328
57582772,0.00929,lw_b11_24h,pminervi,r,08/19/2026,08:30:37,eddie@node1o12.ecdf.ed.ac.uk,1,8329
57582772,0.00929,lw_b11_24h,pminervi,r,08/19/2026,08:30:52,eddie@node1r16.ecdf.ed.ac.uk,1,8330
57582772,0.00929,lw_b11_24h,pminervi,r,08/19/2026,08:31:37,eddie@node1o04.ecdf.ed.ac.uk,1,8333
57582772,0.00929,lw_b11_24h,pminervi,r,08/19/2026,08:30:07,eddie@node1r16.ecdf.ed.ac.uk,1,8327
57582772,0.00929,lw_b11_24h,pminervi,r,08/19/2026,08:28:52,eddie@node1o05.ecdf.ed.ac.uk,1,8324
57582772,0.00929,lw_b11_24h,pminervi,r,08/19/2026,08:24:37,eddie@node1h03.ecdf.ed.ac.uk,1,8314
57582772,0.00929,lw_b11_24h,pminervi,r,08/19/2026,08:24:37,eddie@node1h23.ecdf.ed.ac.uk,1,8315
57582772,0.00929,lw_b11_24h,pminervi,r,08/19/2026,08:24:37,eddie@node1h08.ecdf.ed.ac.uk,1,8316
57582772,0.00929,lw_b11_24h,pminervi,r,08/19/2026,08:22:22,eddie@node1r14.ecdf.ed.ac.uk,1,8306
57582772,0.00929,lw_b11_24h,pminervi,r,08/19/2026,08:22:22,eddie@node1l24.ecdf.ed.ac.uk,1,8307
57582772,0.00929,lw_b11_24h,pminervi,r,08/19/2026,08:23:07,eddie@node1r15.ecdf.ed.ac.uk,1,8309
57582772,0.00929,lw_b11_24h,pminervi,r,08/19/2026,08:23:07,eddie@node1o11.ecdf.ed.ac.uk,1,8310
57582772,0.00929,lw_b11_24h,pminervi,r,08/19/2026,08:27:37,eddie@node1r16.ecdf.ed.ac.uk,1,8320
57582772,0.00929,lw_b11_24h,pminervi,r,08/19/2026,08:27:37,eddie@node1o09.ecdf.ed.ac.uk,1,8321
57582772,0.00929,lw_b11_24h,pminervi,r,08/19/2026,08:22:37,eddie@node1r07.ecdf.ed.ac.uk,1,8308
57582772,0.00929,lw_b11_24h,pminervi,r,08/19/2026,08:23:52,eddie@node1o04.ecdf.ed.ac.uk,1,8311
57582772,0.00929,lw_b11_24h,pminervi,r,08/19/2026,08:24:07,eddie@node1i13.ecdf.ed.ac.uk,1,8312
57582772,0.00929,lw_b11_24h,pminervi,r,08/19/2026,08:24:22,eddie@node1o05.ecdf.ed.ac.uk,1,8313
57582772,0.00929,lw_b11_24h,pminervi,r,08/19/2026,08:22:07,eddie@node1r15.ecdf.ed.ac.uk,1,8305
57582772,0.00929,lw_b11_24h,pminervi,r,08/19/2026,08:24:52,eddie@node1s14.ecdf.ed.ac.uk,1,8317
57582772,0.00929,lw_b11_24h,pminervi,r,08/19/2026,08:26:52,eddie@node1o04.ecdf.ed.ac.uk,1,8318
57582772,0.00929,lw_b11_24h,pminervi,r,08/19/2026,08:27:22,eddie@node1o04.ecdf.ed.ac.uk,1,8319
57582772,0.00929,lw_b11_24h,pminervi,r,08/19/2026,08:27:52,eddie@node1o05.ecdf.ed.ac.uk,1,8322
57582772,0.00929,lw_b11_24h,pminervi,r,08/19/2026,08:21:52,eddie@node1r15.ecdf.ed.ac.uk,1,8302
57582772,0.00929,lw_b11_24h,pminervi,r,08/19/2026,08:21:52,eddie@node1r15.ecdf.ed.ac.uk,1,8303
57582772,0.00929,lw_b11_24h,pminervi,r,08/19/2026,08:21:52,eddie@node1r15.ecdf.ed.ac.uk,1,8304
57582772,0.00929,lw_b11_24h,pminervi,r,08/19/2026,08:21:22,eddie@node1i14.ecdf.ed.ac.uk,1,8299
57582772,0.00929,lw_b11_24h,pminervi,r,08/19/2026,08:21:22,eddie@node1r14.ecdf.ed.ac.uk,1,8300
57582772,0.00929,lw_b11_24h,pminervi,r,08/19/2026,08:21:07,eddie@node1i07.ecdf.ed.ac.uk,1,8298
57582772,0.00929,lw_b11_24h,pminervi,r,08/19/2026,08:21:37,eddie@node1r14.ecdf.ed.ac.uk,1,8301
57582772,0.00929,lw_b11_24h,pminervi,r,08/19/2026,08:20:37,eddie@node1l21.ecdf.ed.ac.uk,1,8297
57582772,0.00929,lw_b11_24h,pminervi,r,08/19/2026,08:20:07,eddie@node1i13.ecdf.ed.ac.uk,1,8294
57582772,0.00929,lw_b11_24h,pminervi,r,08/19/2026,08:20:07,eddie@node1r12.ecdf.ed.ac.uk,1,8295
57582772,0.00929,lw_b11_24h,pminervi,r,08/19/2026,08:20:07,eddie@node1o12.ecdf.ed.ac.uk,1,8296
57582772,0.00929,lw_b11_24h,pminervi,r,08/19/2026,08:19:52,eddie@node1l24.ecdf.ed.ac.uk,1,8292
57582772,0.00929,lw_b11_24h,pminervi,r,08/19/2026,08:19:52,eddie@node1l24.ecdf.ed.ac.uk,1,8293
57582772,0.00929,lw_b11_24h,pminervi,r,08/19/2026,08:19:07,eddie@node1r07.ecdf.ed.ac.uk,1,8289
57582772,0.00929,lw_b11_24h,pminervi,r,08/19/2026,08:19:07,eddie@node1h15.ecdf.ed.ac.uk,1,8290
57582772,0.00929,lw_b11_24h,pminervi,r,08/19/2026,08:19:37,eddie@node1r15.ecdf.ed.ac.uk,1,8291
57582772,0.00928,lw_b11_24h,pminervi,r,08/19/2026,08:14:37,eddie@node1h08.ecdf.ed.ac.uk,1,8268
57582772,0.00928,lw_b11_24h,pminervi,r,08/19/2026,08:15:52,eddie@node1i03.ecdf.ed.ac.uk,1,8269
57582772,0.00928,lw_b11_24h,pminervi,r,08/19/2026,08:15:52,eddie@node1h04.ecdf.ed.ac.uk,1,8270
57582772,0.00928,lw_b11_24h,pminervi,r,08/19/2026,08:15:52,eddie@node1m16.ecdf.ed.ac.uk,1,8271
57582772,0.00928,lw_b11_24h,pminervi,r,08/19/2026,08:15:52,eddie@node1h04.ecdf.ed.ac.uk,1,8272
57582772,0.00928,lw_b11_24h,pminervi,r,08/19/2026,08:15:52,eddie@node1m16.ecdf.ed.ac.uk,1,8273
57582772,0.00928,lw_b11_24h,pminervi,r,08/19/2026,08:18:22,eddie@node1f07.ecdf.ed.ac.uk,1,8283
57582772,0.00928,lw_b11_24h,pminervi,r,08/19/2026,08:18:22,eddie@node1o10.ecdf.ed.ac.uk,1,8284
57582772,0.00928,lw_b11_24h,pminervi,r,08/19/2026,08:18:22,eddie@node1j25.ecdf.ed.ac.uk,1,8285
57582772,0.00928,lw_b11_24h,pminervi,r,08/19/2026,08:18:22,eddie@node1h05.ecdf.ed.ac.uk,1,8286
57582772,0.00928,lw_b11_24h,pminervi,r,08/19/2026,08:14:07,eddie@node1f06.ecdf.ed.ac.uk,1,8264
57582772,0.00928,lw_b11_24h,pminervi,r,08/19/2026,08:14:07,eddie@node1o09.ecdf.ed.ac.uk,1,8265
57582772,0.00928,lw_b11_24h,pminervi,r,08/19/2026,08:14:07,eddie@node1h07.ecdf.ed.ac.uk,1,8266
57582772,0.00928,lw_b11_24h,pminervi,r,08/19/2026,08:10:07,eddie@node1i14.ecdf.ed.ac.uk,1,8253
57582772,0.00928,lw_b11_24h,pminervi,r,08/19/2026,08:10:07,eddie@node1i14.ecdf.ed.ac.uk,1,8254
57582772,0.00928,lw_b11_24h,pminervi,r,08/19/2026,08:11:07,eddie@node1j25.ecdf.ed.ac.uk,1,8257
57582772,0.00928,lw_b11_24h,pminervi,r,08/19/2026,08:11:07,eddie@node1r05.ecdf.ed.ac.uk,1,8258
57582772,0.00928,lw_b11_24h,pminervi,r,08/19/2026,08:13:07,eddie@node1m14.ecdf.ed.ac.uk,1,8261
57582772,0.00928,lw_b11_24h,pminervi,r,08/19/2026,08:13:07,eddie@node1o14.ecdf.ed.ac.uk,1,8262
57582772,0.00928,lw_b11_24h,pminervi,r,08/19/2026,08:16:37,eddie@node1i02.ecdf.ed.ac.uk,1,8275
57582772,0.00928,lw_b11_24h,pminervi,r,08/19/2026,08:16:37,eddie@node1r06.ecdf.ed.ac.uk,1,8276
57582772,0.00928,lw_b11_24h,pminervi,r,08/19/2026,08:17:07,eddie@node1r18.ecdf.ed.ac.uk,1,8278
57582772,0.00928,lw_b11_24h,pminervi,r,08/19/2026,08:17:07,eddie@node1o09.ecdf.ed.ac.uk,1,8279
57582772,0.00928,lw_b11_24h,pminervi,r,08/19/2026,08:18:37,eddie@node1i16.ecdf.ed.ac.uk,1,8287
57582772,0.00928,lw_b11_24h,pminervi,r,08/19/2026,08:18:37,eddie@node1i02.ecdf.ed.ac.uk,1,8288
57582772,0.00928,lw_b11_24h,pminervi,r,08/19/2026,08:17:22,eddie@node1r15.ecdf.ed.ac.uk,1,8280
57582772,0.00928,lw_b11_24h,pminervi,r,08/19/2026,08:17:37,eddie@node1h08.ecdf.ed.ac.uk,1,8281
57582772,0.00928,lw_b11_24h,pminervi,r,08/19/2026,08:09:37,eddie@node1r18.ecdf.ed.ac.uk,1,8252
57582772,0.00928,lw_b11_24h,pminervi,r,08/19/2026,08:10:22,eddie@node1o11.ecdf.ed.ac.uk,1,8255
57582772,0.00928,lw_b11_24h,pminervi,r,08/19/2026,08:10:37,eddie@node1h23.ecdf.ed.ac.uk,1,8256
57582772,0.00928,lw_b11_24h,pminervi,r,08/19/2026,08:11:22,eddie@node1i15.ecdf.ed.ac.uk,1,8259
57582772,0.00928,lw_b11_24h,pminervi,r,08/19/2026,08:11:52,eddie@node1h04.ecdf.ed.ac.uk,1,8260
57582772,0.00928,lw_b11_24h,pminervi,r,08/19/2026,08:16:22,eddie@node1s19.ecdf.ed.ac.uk,1,8274
57582772,0.00928,lw_b11_24h,pminervi,r,08/19/2026,08:16:52,eddie@node1h04.ecdf.ed.ac.uk,1,8277
57582772,0.00928,lw_b11_24h,pminervi,r,08/19/2026,08:17:52,eddie@node1o11.ecdf.ed.ac.uk,1,8282
57582772,0.00928,lw_b11_24h,pminervi,r,08/19/2026,08:13:22,eddie@node1s13.ecdf.ed.ac.uk,1,8263
57582772,0.00928,lw_b11_24h,pminervi,r,08/19/2026,08:14:22,eddie@node1h04.ecdf.ed.ac.uk,1,8267
57582772,0.00928,lw_b11_24h,pminervi,r,08/19/2026,08:09:22,eddie@node1f12.ecdf.ed.ac.uk,1,8251
57582772,0.00928,lw_b11_24h,pminervi,r,08/19/2026,08:08:52,eddie@node1s18.ecdf.ed.ac.uk,1,8249
57582772,0.00928,lw_b11_24h,pminervi,r,08/19/2026,08:08:37,eddie@node1h12.ecdf.ed.ac.uk,1,8246
57582772,0.00928,lw_b11_24h,pminervi,r,08/19/2026,08:08:37,eddie@node1h15.ecdf.ed.ac.uk,1,8247
57582772,0.00928,lw_b11_24h,pminervi,r,08/19/2026,08:08:37,eddie@node1j28.ecdf.ed.ac.uk,1,8248
57582772,0.00928,lw_b11_24h,pminervi,r,08/19/2026,08:09:07,eddie@node1r07.ecdf.ed.ac.uk,1,8250
57582772,0.00928,lw_b11_24h,pminervi,r,08/19/2026,08:08:22,eddie@node1f06.ecdf.ed.ac.uk,1,8245
57582772,0.00928,lw_b11_24h,pminervi,r,08/19/2026,08:05:20,eddie@node1l22.ecdf.ed.ac.uk,1,8239
57582772,0.00928,lw_b11_24h,pminervi,r,08/19/2026,08:05:05,eddie@node1l22.ecdf.ed.ac.uk,1,8238
57582772,0.00928,lw_b11_24h,pminervi,r,08/19/2026,08:04:35,eddie@node1h23.ecdf.ed.ac.uk,1,8237
57582772,0.00928,lw_b11_24h,pminervi,r,08/19/2026,08:04:20,eddie@node1o05.ecdf.ed.ac.uk,1,8235
57582772,0.00928,lw_b11_24h,pminervi,r,08/19/2026,08:04:20,eddie@node1j25.ecdf.ed.ac.uk,1,8236
57582772,0.00928,lw_b11_24h,pminervi,r,08/19/2026,08:04:05,eddie@node1i14.ecdf.ed.ac.uk,1,8234
57582772,0.00927,lw_b11_24h,pminervi,r,08/19/2026,08:02:20,eddie@node1r07.ecdf.ed.ac.uk,1,8228
57582772,0.00927,lw_b11_24h,pminervi,r,08/19/2026,08:02:20,eddie@node1j28.ecdf.ed.ac.uk,1,8229
57582772,0.00927,lw_b11_24h,pminervi,r,08/19/2026,08:01:35,eddie@node1h12.ecdf.ed.ac.uk,1,8227
57582772,0.00927,lw_b11_24h,pminervi,r,08/19/2026,08:03:20,eddie@node1f15.ecdf.ed.ac.uk,1,8232
57582772,0.00927,lw_b11_24h,pminervi,r,08/19/2026,08:03:50,eddie@node1i14.ecdf.ed.ac.uk,1,8233
57582772,0.00927,lw_b11_24h,pminervi,r,08/19/2026,08:02:50,eddie@node1s18.ecdf.ed.ac.uk,1,8230
57582772,0.00927,lw_b11_24h,pminervi,r,08/19/2026,08:02:50,eddie@node1o11.ecdf.ed.ac.uk,1,8231
57582772,0.00927,lw_b11_24h,pminervi,r,08/19/2026,08:00:05,eddie@node1s13.ecdf.ed.ac.uk,1,8224
57582772,0.00927,lw_b11_24h,pminervi,r,08/19/2026,08:00:50,eddie@node1h15.ecdf.ed.ac.uk,1,8225
57582772,0.00927,lw_b11_24h,pminervi,r,08/19/2026,08:01:20,eddie@node1r05.ecdf.ed.ac.uk,1,8226
57582772,0.00927,lw_b11_24h,pminervi,r,08/19/2026,08:06:05,eddie@node1l22.ecdf.ed.ac.uk,1,8240
57582772,0.00927,lw_b11_24h,pminervi,r,08/19/2026,08:06:05,eddie@node1l22.ecdf.ed.ac.uk,1,8241
57582772,0.00927,lw_b11_24h,pminervi,r,08/19/2026,08:06:20,eddie@node1i02.ecdf.ed.ac.uk,1,8242
57582772,0.00927,lw_b11_24h,pminervi,r,08/19/2026,08:06:35,eddie@node1s13.ecdf.ed.ac.uk,1,8243
57582772,0.00927,lw_b11_24h,pminervi,r,08/19/2026,08:07:20,eddie@node1s19.ecdf.ed.ac.uk,1,8244
57582772,0.00927,lw_b11_24h,pminervi,r,08/19/2026,07:56:20,eddie@node1o09.ecdf.ed.ac.uk,1,8216
57582772,0.00927,lw_b11_24h,pminervi,r,08/19/2026,07:56:20,eddie@node1h04.ecdf.ed.ac.uk,1,8217
57582772,0.00927,lw_b11_24h,pminervi,r,08/19/2026,07:56:20,eddie@node1h05.ecdf.ed.ac.uk,1,8218
57582772,0.00927,lw_b11_24h,pminervi,r,08/19/2026,07:59:35,eddie@node1o14.ecdf.ed.ac.uk,1,8223
57582772,0.00927,lw_b11_24h,pminervi,r,08/19/2026,07:59:20,eddie@node1r18.ecdf.ed.ac.uk,1,8222
57582772,0.00927,lw_b11_24h,pminervi,r,08/19/2026,07:56:50,eddie@node1h04.ecdf.ed.ac.uk,1,8219
57582772,0.00927,lw_b11_24h,pminervi,r,08/19/2026,07:57:05,eddie@node1o09.ecdf.ed.ac.uk,1,8220
57582772,0.00927,lw_b11_24h,pminervi,r,08/19/2026,07:58:35,eddie@node1h05.ecdf.ed.ac.uk,1,8221
57582772,0.00927,lw_b11_24h,pminervi,r,08/19/2026,07:55:35,eddie@node1j28.ecdf.ed.ac.uk,1,8215
57582772,0.00927,lw_b11_24h,pminervi,r,08/19/2026,07:55:16,eddie@node1r07.ecdf.ed.ac.uk,1,8213
57582772,0.00927,lw_b11_24h,pminervi,r,08/19/2026,07:55:31,eddie@node1o14.ecdf.ed.ac.uk,1,8214
57582772,0.00927,lw_b11_24h,pminervi,r,08/19/2026,07:52:46,eddie@node1s19.ecdf.ed.ac.uk,1,8205
57582772,0.00927,lw_b11_24h,pminervi,r,08/19/2026,07:53:01,eddie@node1s13.ecdf.ed.ac.uk,1,8206
57582772,0.00927,lw_b11_24h,pminervi,r,08/19/2026,07:53:46,eddie@node1i06.ecdf.ed.ac.uk,1,8207
57582772,0.00927,lw_b11_24h,pminervi,r,08/19/2026,07:54:31,eddie@node1h12.ecdf.ed.ac.uk,1,8210
57582772,0.00927,lw_b11_24h,pminervi,r,08/19/2026,07:54:31,eddie@node1r05.ecdf.ed.ac.uk,1,8211
57582772,0.00927,lw_b11_24h,pminervi,r,08/19/2026,07:54:31,eddie@node1h15.ecdf.ed.ac.uk,1,8212
57582772,0.00927,lw_b11_24h,pminervi,r,08/19/2026,07:54:16,eddie@node1i06.ecdf.ed.ac.uk,1,8208
57582772,0.00927,lw_b11_24h,pminervi,r,08/19/2026,07:54:16,eddie@node1r18.ecdf.ed.ac.uk,1,8209
57582772,0.00927,lw_b11_24h,pminervi,r,08/19/2026,07:52:16,eddie@node1s18.ecdf.ed.ac.uk,1,8203
57582772,0.00927,lw_b11_24h,pminervi,r,08/19/2026,07:52:16,eddie@node1r06.ecdf.ed.ac.uk,1,8204
57582772,0.00927,lw_b11_24h,pminervi,r,08/19/2026,07:52:01,eddie@node1s14.ecdf.ed.ac.uk,1,8202
57582772,0.00927,lw_b11_24h,pminervi,r,08/19/2026,07:51:06,eddie@node1r06.ecdf.ed.ac.uk,1,8199
57582772,0.00927,lw_b11_24h,pminervi,r,08/19/2026,07:51:21,eddie@node1s14.ecdf.ed.ac.uk,1,8200
57582772,0.00927,lw_b11_24h,pminervi,r,08/19/2026,07:51:51,eddie@node1s19.ecdf.ed.ac.uk,1,8201
57582772,0.00926,lw_b11_24h,pminervi,r,08/19/2026,07:48:51,eddie@node1r06.ecdf.ed.ac.uk,1,8195
57582772,0.00926,lw_b11_24h,pminervi,r,08/19/2026,07:49:36,eddie@node1s20.ecdf.ed.ac.uk,1,8196
57582772,0.00926,lw_b11_24h,pminervi,r,08/19/2026,07:50:21,eddie@node1r06.ecdf.ed.ac.uk,1,8197
57582772,0.00926,lw_b11_24h,pminervi,r,08/19/2026,07:50:51,eddie@node1s20.ecdf.ed.ac.uk,1,8198
57582772,0.00926,lw_b11_24h,pminervi,r,08/19/2026,07:47:51,eddie@node1f08.ecdf.ed.ac.uk,1,8192
57582772,0.00926,lw_b11_24h,pminervi,r,08/19/2026,07:48:06,eddie@node1s20.ecdf.ed.ac.uk,1,8193
57582772,0.00926,lw_b11_24h,pminervi,r,08/19/2026,07:48:21,eddie@node1s20.ecdf.ed.ac.uk,1,8194
57582772,0.00926,lw_b11_24h,pminervi,r,08/19/2026,07:41:21,eddie@node1r06.ecdf.ed.ac.uk,1,8181
57582772,0.00926,lw_b11_24h,pminervi,r,08/19/2026,07:41:21,eddie@node1h23.ecdf.ed.ac.uk,1,8182
57582772,0.00926,lw_b11_24h,pminervi,r,08/19/2026,07:42:51,eddie@node1r06.ecdf.ed.ac.uk,1,8185
57582772,0.00926,lw_b11_24h,pminervi,r,08/19/2026,07:42:51,eddie@node1r06.ecdf.ed.ac.uk,1,8186
57582772,0.00926,lw_b11_24h,pminervi,r,08/19/2026,07:41:06,eddie@node1h05.ecdf.ed.ac.uk,1,8180
57582772,0.00926,lw_b11_24h,pminervi,r,08/19/2026,07:41:36,eddie@node1s19.ecdf.ed.ac.uk,1,8183
57582772,0.00926,lw_b11_24h,pminervi,r,08/19/2026,07:42:36,eddie@node1r06.ecdf.ed.ac.uk,1,8184
57582772,0.00926,lw_b11_24h,pminervi,r,08/19/2026,07:43:36,eddie@node1r06.ecdf.ed.ac.uk,1,8187
57582772,0.00926,lw_b11_24h,pminervi,r,08/19/2026,07:44:21,eddie@node1r06.ecdf.ed.ac.uk,1,8188
57582772,0.00926,lw_b11_24h,pminervi,r,08/19/2026,07:44:51,eddie@node1s18.ecdf.ed.ac.uk,1,8189
57582772,0.00926,lw_b11_24h,pminervi,r,08/19/2026,07:45:06,eddie@node1s13.ecdf.ed.ac.uk,1,8190
57582772,0.00926,lw_b11_24h,pminervi,r,08/19/2026,07:47:36,eddie@node1f08.ecdf.ed.ac.uk,1,8191
57582772,0.00926,lw_b11_24h,pminervi,r,08/19/2026,07:40:51,eddie@node1h15.ecdf.ed.ac.uk,1,8179
57582772,0.00926,lw_b11_24h,pminervi,r,08/19/2026,07:39:42,eddie@node1r05.ecdf.ed.ac.uk,1,8174
57582772,0.00926,lw_b11_24h,pminervi,r,08/19/2026,07:39:42,eddie@node1s18.ecdf.ed.ac.uk,1,8175
57582772,0.00926,lw_b11_24h,pminervi,r,08/19/2026,07:40:27,eddie@node1i14.ecdf.ed.ac.uk,1,8177
57582772,0.00926,lw_b11_24h,pminervi,r,08/19/2026,07:40:27,eddie@node1h04.ecdf.ed.ac.uk,1,8178
57582772,0.00926,lw_b11_24h,pminervi,r,08/19/2026,07:39:27,eddie@node1h12.ecdf.ed.ac.uk,1,8173
57582772,0.00926,lw_b11_24h,pminervi,r,08/19/2026,07:39:57,eddie@node1o14.ecdf.ed.ac.uk,1,8176
57582772,0.00926,lw_b11_24h,pminervi,r,08/19/2026,07:38:57,eddie@node1f11.ecdf.ed.ac.uk,1,8171
57582772,0.00926,lw_b11_24h,pminervi,r,08/19/2026,07:38:57,eddie@node1r07.ecdf.ed.ac.uk,1,8172
57582772,0.00926,lw_b11_24h,pminervi,r,08/19/2026,07:38:27,eddie@node1h23.ecdf.ed.ac.uk,1,8169
57582772,0.00926,lw_b11_24h,pminervi,r,08/19/2026,07:38:42,eddie@node1h03.ecdf.ed.ac.uk,1,8170
57582772,0.00926,lw_b11_24h,pminervi,r,08/19/2026,07:36:27,eddie@node1i06.ecdf.ed.ac.uk,1,8165
57582772,0.00926,lw_b11_24h,pminervi,r,08/19/2026,07:36:42,eddie@node1h23.ecdf.ed.ac.uk,1,8166
57582772,0.00926,lw_b11_24h,pminervi,r,08/19/2026,07:37:27,eddie@node1o14.ecdf.ed.ac.uk,1,8167
57582772,0.00926,lw_b11_24h,pminervi,r,08/19/2026,07:37:42,eddie@node1r05.ecdf.ed.ac.uk,1,8168
57582772,0.00926,lw_b11_24h,pminervi,r,08/19/2026,07:35:27,eddie@node1s18.ecdf.ed.ac.uk,1,8163
57582772,0.00926,lw_b11_24h,pminervi,r,08/19/2026,07:34:27,eddie@node1h23.ecdf.ed.ac.uk,1,8159
57582772,0.00926,lw_b11_24h,pminervi,r,08/19/2026,07:34:27,eddie@node1h12.ecdf.ed.ac.uk,1,8160
57582772,0.00926,lw_b11_24h,pminervi,r,08/19/2026,07:34:42,eddie@node1r07.ecdf.ed.ac.uk,1,8161
57582772,0.00926,lw_b11_24h,pminervi,r,08/19/2026,07:34:42,eddie@node1h04.ecdf.ed.ac.uk,1,8162
57582772,0.00925,lw_b11_24h,pminervi,r,08/19/2026,07:33:42,eddie@node1i03.ecdf.ed.ac.uk,1,8156
57582772,0.00925,lw_b11_24h,pminervi,r,08/19/2026,07:33:42,eddie@node1f08.ecdf.ed.ac.uk,1,8157
57582772,0.00925,lw_b11_24h,pminervi,r,08/19/2026,07:33:42,eddie@node1h12.ecdf.ed.ac.uk,1,8158
57582772,0.00925,lw_b11_24h,pminervi,r,08/19/2026,07:30:27,eddie@node1r07.ecdf.ed.ac.uk,1,8146
57582772,0.00925,lw_b11_24h,pminervi,r,08/19/2026,07:30:27,eddie@node1h23.ecdf.ed.ac.uk,1,8147
57582772,0.00925,lw_b11_24h,pminervi,r,08/19/2026,07:30:42,eddie@node1r07.ecdf.ed.ac.uk,1,8148
57582772,0.00925,lw_b11_24h,pminervi,r,08/19/2026,07:30:42,eddie@node1h12.ecdf.ed.ac.uk,1,8149
57582772,0.00925,lw_b11_24h,pminervi,r,08/19/2026,07:31:57,eddie@node1i02.ecdf.ed.ac.uk,1,8152
57582772,0.00925,lw_b11_24h,pminervi,r,08/19/2026,07:31:57,eddie@node1s18.ecdf.ed.ac.uk,1,8153
57582772,0.00925,lw_b11_24h,pminervi,r,08/19/2026,07:31:27,eddie@node1r08.ecdf.ed.ac.uk,1,8150
57582772,0.00925,lw_b11_24h,pminervi,r,08/19/2026,07:31:42,eddie@node1h23.ecdf.ed.ac.uk,1,8151
57582772,0.00925,lw_b11_24h,pminervi,r,08/19/2026,07:35:57,eddie@node1i06.ecdf.ed.ac.uk,1,8164
57582772,0.00925,lw_b11_24h,pminervi,r,08/19/2026,07:32:12,eddie@node1h23.ecdf.ed.ac.uk,1,8154
57582772,0.00925,lw_b11_24h,pminervi,r,08/19/2026,07:33:12,eddie@node1i03.ecdf.ed.ac.uk,1,8155
57582772,0.00925,lw_b11_24h,pminervi,r,08/19/2026,07:29:27,eddie@node1i14.ecdf.ed.ac.uk,1,8142
57582772,0.00925,lw_b11_24h,pminervi,r,08/19/2026,07:29:27,eddie@node1l25.ecdf.ed.ac.uk,1,8143
57582772,0.00925,lw_b11_24h,pminervi,r,08/19/2026,07:29:42,eddie@node1h08.ecdf.ed.ac.uk,1,8144
57582772,0.00925,lw_b11_24h,pminervi,r,08/19/2026,07:29:57,eddie@node1f12.ecdf.ed.ac.uk,1,8145
57582772,0.00925,lw_b11_24h,pminervi,r,08/19/2026,07:29:16,eddie@node1f15.ecdf.ed.ac.uk,1,8141
57582772,0.00925,lw_b11_24h,pminervi,r,08/19/2026,07:27:02,eddie@node1j27.ecdf.ed.ac.uk,1,8139
57582772,0.00925,lw_b11_24h,pminervi,r,08/19/2026,07:27:32,eddie@node1n07.ecdf.ed.ac.uk,1,8140
57582772,0.00925,lw_b11_24h,pminervi,r,08/19/2026,07:25:02,eddie@node1f10.ecdf.ed.ac.uk,1,8134
57582772,0.00925,lw_b11_24h,pminervi,r,08/19/2026,07:25:02,eddie@node1o08.ecdf.ed.ac.uk,1,8135
57582772,0.00925,lw_b11_24h,pminervi,r,08/19/2026,07:25:02,eddie@node1o11.ecdf.ed.ac.uk,1,8136
57582772,0.00925,lw_b11_24h,pminervi,r,08/19/2026,07:25:47,eddie@node1h08.ecdf.ed.ac.uk,1,8137
57582772,0.00925,lw_b11_24h,pminervi,r,08/19/2026,07:26:02,eddie@node1r17.ecdf.ed.ac.uk,1,8138
57582772,0.00925,lw_b11_24h,pminervi,r,08/19/2026,07:24:02,eddie@node1m15.ecdf.ed.ac.uk,1,8132
57582772,0.00925,lw_b11_24h,pminervi,r,08/19/2026,07:24:32,eddie@node1o14.ecdf.ed.ac.uk,1,8133
57582772,0.00925,lw_b11_24h,pminervi,r,08/19/2026,07:23:32,eddie@node1r12.ecdf.ed.ac.uk,1,8131
57582772,0.00925,lw_b11_24h,pminervi,r,08/19/2026,07:23:02,eddie@node1f09.ecdf.ed.ac.uk,1,8127
57582772,0.00925,lw_b11_24h,pminervi,r,08/19/2026,07:23:02,eddie@node1h15.ecdf.ed.ac.uk,1,8128
57582772,0.00925,lw_b11_24h,pminervi,r,08/19/2026,07:22:02,eddie@node1h13.ecdf.ed.ac.uk,1,8124
57582772,0.00925,lw_b11_24h,pminervi,r,08/19/2026,07:22:02,eddie@node1o10.ecdf.ed.ac.uk,1,8125
57582772,0.00925,lw_b11_24h,pminervi,r,08/19/2026,07:23:17,eddie@node1s18.ecdf.ed.ac.uk,1,8129
57582772,0.00925,lw_b11_24h,pminervi,r,08/19/2026,07:23:17,eddie@node1r06.ecdf.ed.ac.uk,1,8130
57582772,0.00925,lw_b11_24h,pminervi,r,08/19/2026,07:21:32,eddie@node1m16.ecdf.ed.ac.uk,1,8122
57582772,0.00925,lw_b11_24h,pminervi,r,08/19/2026,07:21:32,eddie@node1h09.ecdf.ed.ac.uk,1,8123
57582772,0.00925,lw_b11_24h,pminervi,r,08/19/2026,07:22:32,eddie@node1i16.ecdf.ed.ac.uk,1,8126
57582772,0.00925,lw_b11_24h,pminervi,r,08/19/2026,07:20:17,eddie@node1h11.ecdf.ed.ac.uk,1,8117
57582772,0.00925,lw_b11_24h,pminervi,r,08/19/2026,07:20:47,eddie@node1h11.ecdf.ed.ac.uk,1,8119
57582772,0.00925,lw_b11_24h,pminervi,r,08/19/2026,07:20:32,eddie@node1h21.ecdf.ed.ac.uk,1,8118
57582772,0.00925,lw_b11_24h,pminervi,r,08/19/2026,07:21:02,eddie@node1s13.ecdf.ed.ac.uk,1,8120
57582772,0.00925,lw_b11_24h,pminervi,r,08/19/2026,07:21:17,eddie@node1h06.ecdf.ed.ac.uk,1,8121
57582772,0.00925,lw_b11_24h,pminervi,r,08/19/2026,07:19:47,eddie@node1r18.ecdf.ed.ac.uk,1,8116
57582772,0.00925,lw_b11_24h,pminervi,r,08/19/2026,07:19:17,eddie@node1h07.ecdf.ed.ac.uk,1,8113
57582772,0.00925,lw_b11_24h,pminervi,r,08/19/2026,07:19:17,eddie@node1m15.ecdf.ed.ac.uk,1,8114
57582772,0.00925,lw_b11_24h,pminervi,r,08/19/2026,07:19:32,eddie@node1j25.ecdf.ed.ac.uk,1,8115
57582772,0.00924,lw_b11_24h,pminervi,r,08/19/2026,07:15:02,eddie@node1m16.ecdf.ed.ac.uk,1,8098
57582772,0.00924,lw_b11_24h,pminervi,r,08/19/2026,07:15:17,eddie@node1o10.ecdf.ed.ac.uk,1,8099
57582772,0.00924,lw_b11_24h,pminervi,r,08/19/2026,07:13:17,eddie@node1h09.ecdf.ed.ac.uk,1,8095
57582772,0.00924,lw_b11_24h,pminervi,r,08/19/2026,07:13:17,eddie@node1s18.ecdf.ed.ac.uk,1,8096
57582772,0.00924,lw_b11_24h,pminervi,r,08/19/2026,07:11:02,eddie@node1s17.ecdf.ed.ac.uk,1,8084
57582772,0.00924,lw_b11_24h,pminervi,r,08/19/2026,07:11:02,eddie@node1r17.ecdf.ed.ac.uk,1,8085
57582772,0.00924,lw_b11_24h,pminervi,r,08/19/2026,07:10:32,eddie@node1j28.ecdf.ed.ac.uk,1,8083
57582772,0.00924,lw_b11_24h,pminervi,r,08/19/2026,07:10:02,eddie@node1r18.ecdf.ed.ac.uk,1,8082
57582772,0.00924,lw_b11_24h,pminervi,r,08/19/2026,07:07:08,eddie@node1s14.ecdf.ed.ac.uk,1,8066
57582772,0.00924,lw_b11_24h,pminervi,r,08/19/2026,07:07:08,eddie@node1s14.ecdf.ed.ac.uk,1,8067
57582772,0.00924,lw_b11_24h,pminervi,r,08/19/2026,07:07:43,eddie@node1s14.ecdf.ed.ac.uk,1,8070
57582772,0.00924,lw_b11_24h,pminervi,r,08/19/2026,07:07:43,eddie@node1s14.ecdf.ed.ac.uk,1,8071
57582772,0.00924,lw_b11_24h,pminervi,r,08/19/2026,07:07:24,eddie@node1i02.ecdf.ed.ac.uk,1,8068
57582772,0.00924,lw_b11_24h,pminervi,r,08/19/2026,07:07:24,eddie@node1i02.ecdf.ed.ac.uk,1,8069
57582772,0.00924,lw_b11_24h,pminervi,r,08/19/2026,07:07:51,eddie@node1h24.ecdf.ed.ac.uk,1,8072
57582772,0.00924,lw_b11_24h,pminervi,r,08/19/2026,07:06:53,eddie@node1r19.ecdf.ed.ac.uk,1,8065
57582772,0.00924,lw_b11_24h,pminervi,r,08/19/2026,07:05:51,eddie@node1j26.ecdf.ed.ac.uk,1,8058
57582772,0.00924,lw_b11_24h,pminervi,r,08/19/2026,07:05:51,eddie@node1j26.ecdf.ed.ac.uk,1,8059
57582772,0.00924,lw_b11_24h,pminervi,r,08/19/2026,07:05:51,eddie@node1o12.ecdf.ed.ac.uk,1,8060
57582772,0.00924,lw_b11_24h,pminervi,r,08/19/2026,07:06:38,eddie@node1s16.ecdf.ed.ac.uk,1,8062
57582772,0.00924,lw_b11_24h,pminervi,r,08/19/2026,07:06:38,eddie@node1s16.ecdf.ed.ac.uk,1,8063
57582772,0.00924,lw_b11_24h,pminervi,r,08/19/2026,07:06:38,eddie@node1h16.ecdf.ed.ac.uk,1,8064
57582772,0.00924,lw_b11_24h,pminervi,r,08/19/2026,07:06:22,eddie@node1j26.ecdf.ed.ac.uk,1,8061
57582772,0.00924,lw_b11_24h,pminervi,r,08/19/2026,07:05:37,eddie@node1n08.ecdf.ed.ac.uk,1,8051
57582772,0.00924,lw_b11_24h,pminervi,r,08/19/2026,07:05:37,eddie@node1h14.ecdf.ed.ac.uk,1,8052
57582772,0.00924,lw_b11_24h,pminervi,r,08/19/2026,07:05:37,eddie@node1h14.ecdf.ed.ac.uk,1,8053
57582772,0.00924,lw_b11_24h,pminervi,r,08/19/2026,07:05:37,eddie@node1h14.ecdf.ed.ac.uk,1,8054
57582772,0.00924,lw_b11_24h,pminervi,r,08/19/2026,07:05:37,eddie@node1h22.ecdf.ed.ac.uk,1,8055
57582772,0.00924,lw_b11_24h,pminervi,r,08/19/2026,07:05:37,eddie@node1h07.ecdf.ed.ac.uk,1,8056
57582772,0.00924,lw_b11_24h,pminervi,r,08/19/2026,07:05:37,eddie@node1j26.ecdf.ed.ac.uk,1,8057
57582772,0.00924,lw_b11_24h,pminervi,r,08/19/2026,07:05:24,eddie@node1r09.ecdf.ed.ac.uk,1,8047
57582772,0.00924,lw_b11_24h,pminervi,r,08/19/2026,07:05:24,eddie@node1h03.ecdf.ed.ac.uk,1,8048
57582772,0.00924,lw_b11_24h,pminervi,r,08/19/2026,07:05:24,eddie@node1r09.ecdf.ed.ac.uk,1,8049
57582772,0.00924,lw_b11_24h,pminervi,r,08/19/2026,07:05:24,eddie@node1o07.ecdf.ed.ac.uk,1,8050
57582772,0.00924,lw_b11_24h,pminervi,r,08/19/2026,07:04:56,eddie@node1i13.ecdf.ed.ac.uk,1,8043
57582772,0.00924,lw_b11_24h,pminervi,r,08/19/2026,07:04:56,eddie@node1r09.ecdf.ed.ac.uk,1,8044
57582772,0.00924,lw_b11_24h,pminervi,r,08/19/2026,07:05:08,eddie@node1i13.ecdf.ed.ac.uk,1,8045
57582772,0.00924,lw_b11_24h,pminervi,r,08/19/2026,07:05:08,eddie@node1h05.ecdf.ed.ac.uk,1,8046
57582772,0.00924,lw_b11_24h,pminervi,r,08/19/2026,07:04:00,eddie@node1f08.ecdf.ed.ac.uk,1,8033
57582772,0.00924,lw_b11_24h,pminervi,r,08/19/2026,07:04:00,eddie@node1h11.ecdf.ed.ac.uk,1,8034
57582772,0.00924,lw_b11_24h,pminervi,r,08/19/2026,07:04:00,eddie@node1h14.ecdf.ed.ac.uk,1,8035
57582772,0.00924,lw_b11_24h,pminervi,r,08/19/2026,07:04:00,eddie@node1o13.ecdf.ed.ac.uk,1,8036
57582772,0.00924,lw_b11_24h,pminervi,r,08/19/2026,07:04:00,eddie@node1h21.ecdf.ed.ac.uk,1,8037
57582772,0.00924,lw_b11_24h,pminervi,r,08/19/2026,07:04:00,eddie@node1s16.ecdf.ed.ac.uk,1,8038
57582772,0.00924,lw_b11_24h,pminervi,r,08/19/2026,07:04:00,eddie@node1r07.ecdf.ed.ac.uk,1,8039
57582772,0.00924,lw_b11_24h,pminervi,r,08/19/2026,07:03:45,eddie@node1o08.ecdf.ed.ac.uk,1,8032
57582772,0.00924,lw_b11_24h,pminervi,r,08/19/2026,07:04:15,eddie@node1r06.ecdf.ed.ac.uk,1,8040
57582772,0.00924,lw_b11_24h,pminervi,r,08/19/2026,07:04:15,eddie@node1m15.ecdf.ed.ac.uk,1,8041
57582772,0.00924,lw_b11_24h,pminervi,r,08/19/2026,07:04:15,eddie@node1r05.ecdf.ed.ac.uk,1,8042
57582772,0.00924,lw_b11_24h,pminervi,r,08/19/2026,07:17:02,eddie@node1h07.ecdf.ed.ac.uk,1,8105
57582772,0.00924,lw_b11_24h,pminervi,r,08/19/2026,07:17:02,eddie@node1j25.ecdf.ed.ac.uk,1,8106
57582772,0.00924,lw_b11_24h,pminervi,r,08/19/2026,07:18:17,eddie@node1i06.ecdf.ed.ac.uk,1,8109
57582772,0.00924,lw_b11_24h,pminervi,r,08/19/2026,07:18:17,eddie@node1r05.ecdf.ed.ac.uk,1,8110
57582772,0.00924,lw_b11_24h,pminervi,r,08/19/2026,07:17:32,eddie@node1h10.ecdf.ed.ac.uk,1,8107
57582772,0.00924,lw_b11_24h,pminervi,r,08/19/2026,07:17:47,eddie@node1r05.ecdf.ed.ac.uk,1,8108
57582772,0.00924,lw_b11_24h,pminervi,r,08/19/2026,07:18:32,eddie@node1h10.ecdf.ed.ac.uk,1,8111
57582772,0.00924,lw_b11_24h,pminervi,r,08/19/2026,07:18:47,eddie@node1i02.ecdf.ed.ac.uk,1,8112
57582772,0.00924,lw_b11_24h,pminervi,r,08/19/2026,07:08:02,eddie@node1i06.ecdf.ed.ac.uk,1,8073
57582772,0.00924,lw_b11_24h,pminervi,r,08/19/2026,07:08:02,eddie@node1i06.ecdf.ed.ac.uk,1,8074
57582772,0.00924,lw_b11_24h,pminervi,r,08/19/2026,07:08:02,eddie@node1m14.ecdf.ed.ac.uk,1,8075
57582772,0.00924,lw_b11_24h,pminervi,r,08/19/2026,07:08:02,eddie@node1j27.ecdf.ed.ac.uk,1,8076
57582772,0.00924,lw_b11_24h,pminervi,r,08/19/2026,07:03:15,eddie@node1s16.ecdf.ed.ac.uk,1,8026
57582772,0.00924,lw_b11_24h,pminervi,r,08/19/2026,07:03:15,eddie@node1j28.ecdf.ed.ac.uk,1,8027
57582772,0.00924,lw_b11_24h,pminervi,r,08/19/2026,07:03:15,eddie@node1o12.ecdf.ed.ac.uk,1,8028
57582772,0.00924,lw_b11_24h,pminervi,r,08/19/2026,07:03:30,eddie@node1h05.ecdf.ed.ac.uk,1,8029
57582772,0.00924,lw_b11_24h,pminervi,r,08/19/2026,07:03:30,eddie@node1r19.ecdf.ed.ac.uk,1,8030
57582772,0.00924,lw_b11_24h,pminervi,r,08/19/2026,07:03:30,eddie@node1j26.ecdf.ed.ac.uk,1,8031
57582772,0.00924,lw_b11_24h,pminervi,r,08/19/2026,07:13:02,eddie@node1f09.ecdf.ed.ac.uk,1,8093
57582772,0.00924,lw_b11_24h,pminervi,r,08/19/2026,07:13:02,eddie@node1o14.ecdf.ed.ac.uk,1,8094
57582772,0.00924,lw_b11_24h,pminervi,r,08/19/2026,07:11:47,eddie@node1h08.ecdf.ed.ac.uk,1,8087
57582772,0.00924,lw_b11_24h,pminervi,r,08/19/2026,07:11:47,eddie@node1o09.ecdf.ed.ac.uk,1,8088
57582772,0.00924,lw_b11_24h,pminervi,r,08/19/2026,07:12:02,eddie@node1o08.ecdf.ed.ac.uk,1,8089
57582772,0.00924,lw_b11_24h,pminervi,r,08/19/2026,07:12:02,eddie@node1h13.ecdf.ed.ac.uk,1,8090
57582772,0.00924,lw_b11_24h,pminervi,r,08/19/2026,07:12:47,eddie@node1r12.ecdf.ed.ac.uk,1,8091
57582772,0.00924,lw_b11_24h,pminervi,r,08/19/2026,07:12:47,eddie@node1o11.ecdf.ed.ac.uk,1,8092
57582772,0.00924,lw_b11_24h,pminervi,r,08/19/2026,07:15:47,eddie@node1f07.ecdf.ed.ac.uk,1,8100
57582772,0.00924,lw_b11_24h,pminervi,r,08/19/2026,07:15:47,eddie@node1m14.ecdf.ed.ac.uk,1,8101
57582772,0.00924,lw_b11_24h,pminervi,r,08/19/2026,07:14:02,eddie@node1s13.ecdf.ed.ac.uk,1,8097
57582772,0.00924,lw_b11_24h,pminervi,r,08/19/2026,07:08:47,eddie@node1h24.ecdf.ed.ac.uk,1,8077
57582772,0.00924,lw_b11_24h,pminervi,r,08/19/2026,07:09:02,eddie@node1l27.ecdf.ed.ac.uk,1,8078
57582772,0.00924,lw_b11_24h,pminervi,r,08/19/2026,07:09:17,eddie@node1h04.ecdf.ed.ac.uk,1,8079
57582772,0.00924,lw_b11_24h,pminervi,r,08/19/2026,07:09:32,eddie@node1s15.ecdf.ed.ac.uk,1,8080
57582772,0.00924,lw_b11_24h,pminervi,r,08/19/2026,07:09:47,eddie@node1m15.ecdf.ed.ac.uk,1,8081
57582772,0.00924,lw_b11_24h,pminervi,r,08/19/2026,07:11:32,eddie@node1h16.ecdf.ed.ac.uk,1,8086
57582772,0.00924,lw_b11_24h,pminervi,r,08/19/2026,07:16:17,eddie@node1h15.ecdf.ed.ac.uk,1,8102
57582772,0.00924,lw_b11_24h,pminervi,r,08/19/2026,07:16:32,eddie@node1m14.ecdf.ed.ac.uk,1,8103
57582772,0.00924,lw_b11_24h,pminervi,r,08/19/2026,07:16:47,eddie@node1h06.ecdf.ed.ac.uk,1,8104
57582772,0.00924,lw_b11_24h,pminervi,r,08/19/2026,07:02:15,eddie@node1l22.ecdf.ed.ac.uk,1,8010
57582772,0.00924,lw_b11_24h,pminervi,r,08/19/2026,07:02:15,eddie@node1h09.ecdf.ed.ac.uk,1,8011
57582772,0.00924,lw_b11_24h,pminervi,r,08/19/2026,07:02:15,eddie@node1r05.ecdf.ed.ac.uk,1,8012
57582772,0.00924,lw_b11_24h,pminervi,r,08/19/2026,07:02:15,eddie@node1h10.ecdf.ed.ac.uk,1,8013
57582772,0.00924,lw_b11_24h,pminervi,r,08/19/2026,07:02:15,eddie@node1h22.ecdf.ed.ac.uk,1,8014
57582772,0.00924,lw_b11_24h,pminervi,r,08/19/2026,07:02:15,eddie@node1o11.ecdf.ed.ac.uk,1,8015
57582772,0.00924,lw_b11_24h,pminervi,r,08/19/2026,07:02:30,eddie@node1f07.ecdf.ed.ac.uk,1,8016
57582772,0.00924,lw_b11_24h,pminervi,r,08/19/2026,07:02:30,eddie@node1f07.ecdf.ed.ac.uk,1,8017
57582772,0.00924,lw_b11_24h,pminervi,r,08/19/2026,07:02:30,eddie@node1r17.ecdf.ed.ac.uk,1,8018
57582772,0.00924,lw_b11_24h,pminervi,r,08/19/2026,07:02:30,eddie@node1s17.ecdf.ed.ac.uk,1,8019
57582772,0.00924,lw_b11_24h,pminervi,r,08/19/2026,07:02:30,eddie@node1h03.ecdf.ed.ac.uk,1,8020
57582772,0.00924,lw_b11_24h,pminervi,r,08/19/2026,07:02:30,eddie@node1j25.ecdf.ed.ac.uk,1,8021
57582772,0.00924,lw_b11_24h,pminervi,r,08/19/2026,07:02:00,eddie@node1h08.ecdf.ed.ac.uk,1,8005
57582772,0.00924,lw_b11_24h,pminervi,r,08/19/2026,07:02:00,eddie@node1h04.ecdf.ed.ac.uk,1,8006
57582772,0.00924,lw_b11_24h,pminervi,r,08/19/2026,07:02:00,eddie@node1r07.ecdf.ed.ac.uk,1,8007
57582772,0.00924,lw_b11_24h,pminervi,r,08/19/2026,07:02:00,eddie@node1o14.ecdf.ed.ac.uk,1,8008
57582772,0.00924,lw_b11_24h,pminervi,r,08/19/2026,07:02:00,eddie@node1s14.ecdf.ed.ac.uk,1,8009
57582772,0.00924,lw_b11_24h,pminervi,r,08/19/2026,07:02:45,eddie@node1f09.ecdf.ed.ac.uk,1,8022
57582772,0.00924,lw_b11_24h,pminervi,r,08/19/2026,07:02:45,eddie@node1r06.ecdf.ed.ac.uk,1,8023
57582772,0.00924,lw_b11_24h,pminervi,r,08/19/2026,07:02:45,eddie@node1o13.ecdf.ed.ac.uk,1,8024
57582772,0.00924,lw_b11_24h,pminervi,r,08/19/2026,07:02:45,eddie@node1o09.ecdf.ed.ac.uk,1,8025
57582772,0.00924,lw_b11_24h,pminervi,r,08/19/2026,07:01:30,eddie@node1s15.ecdf.ed.ac.uk,1,8002
57582772,0.00924,lw_b11_24h,pminervi,r,08/19/2026,07:01:30,eddie@node1r12.ecdf.ed.ac.uk,1,8003
57582772,0.00924,lw_b11_24h,pminervi,r,08/19/2026,07:01:15,eddie@node1h15.ecdf.ed.ac.uk,1,8001
57582772,0.00924,lw_b11_24h,pminervi,r,08/19/2026,07:01:45,eddie@node1s18.ecdf.ed.ac.uk,1,8004
57722933,0.00924,QLOGIN,sthorn,r,08/19/2026,10:02:45,igmm_long@node1h02.ecdf.ed.ac.,1
57582772,0.00923,lw_b11_24h,pminervi,r,08/19/2026,07:00:45,eddie@node1h21.ecdf.ed.ac.uk,1,7996
57582772,0.00923,lw_b11_24h,pminervi,r,08/19/2026,07:00:45,eddie@node1j27.ecdf.ed.ac.uk,1,7997
57582772,0.00923,lw_b11_24h,pminervi,r,08/19/2026,07:00:45,eddie@node1r18.ecdf.ed.ac.uk,1,7998
57582772,0.00923,lw_b11_24h,pminervi,r,08/19/2026,07:01:00,eddie@node1h13.ecdf.ed.ac.uk,1,7999
57582772,0.00923,lw_b11_24h,pminervi,r,08/19/2026,07:01:00,eddie@node1s13.ecdf.ed.ac.uk,1,8000
57582772,0.00923,lw_b11_24h,pminervi,r,08/19/2026,07:00:30,eddie@node1f09.ecdf.ed.ac.uk,1,7995
57582772,0.00923,lw_b11_24h,pminervi,r,08/19/2026,06:59:45,eddie@node1n05.ecdf.ed.ac.uk,1,7988
57582772,0.00923,lw_b11_24h,pminervi,r,08/19/2026,06:59:45,eddie@node1h16.ecdf.ed.ac.uk,1,7989
57582772,0.00923,lw_b11_24h,pminervi,r,08/19/2026,06:59:45,eddie@node1o10.ecdf.ed.ac.uk,1,7990
57582772,0.00923,lw_b11_24h,pminervi,r,08/19/2026,06:59:45,eddie@node1h14.ecdf.ed.ac.uk,1,7991
57582772,0.00923,lw_b11_24h,pminervi,r,08/19/2026,06:59:45,eddie@node1m16.ecdf.ed.ac.uk,1,7992
57582772,0.00923,lw_b11_24h,pminervi,r,08/19/2026,07:00:00,eddie@node1o07.ecdf.ed.ac.uk,1,7993
57582772,0.00923,lw_b11_24h,pminervi,r,08/19/2026,07:00:00,eddie@node1h07.ecdf.ed.ac.uk,1,7994
57582772,0.00923,lw_b11_24h,pminervi,r,08/19/2026,06:59:15,eddie@node1h06.ecdf.ed.ac.uk,1,7987
57582772,0.00923,lw_b11_24h,pminervi,r,08/19/2026,06:56:45,eddie@node1s15.ecdf.ed.ac.uk,1,7977
57582772,0.00923,lw_b11_24h,pminervi,r,08/19/2026,06:56:45,eddie@node1r07.ecdf.ed.ac.uk,1,7978
57582772,0.00923,lw_b11_24h,pminervi,r,08/19/2026,06:56:45,eddie@node1o10.ecdf.ed.ac.uk,1,7979
57582772,0.00923,lw_b11_24h,pminervi,r,08/19/2026,06:57:00,eddie@node1i07.ecdf.ed.ac.uk,1,7980
57582772,0.00923,lw_b11_24h,pminervi,r,08/19/2026,06:57:00,eddie@node1h11.ecdf.ed.ac.uk,1,7981
57582772,0.00923,lw_b11_24h,pminervi,r,08/19/2026,06:57:45,eddie@node1r06.ecdf.ed.ac.uk,1,7982
57582772,0.00923,lw_b11_24h,pminervi,r,08/19/2026,06:57:45,eddie@node1o13.ecdf.ed.ac.uk,1,7983
57582772,0.00923,lw_b11_24h,pminervi,r,08/19/2026,06:58:00,eddie@node1n03.ecdf.ed.ac.uk,1,7984
57582772,0.00923,lw_b11_24h,pminervi,r,08/19/2026,06:58:00,eddie@node1o07.ecdf.ed.ac.uk,1,7985
57582772,0.00923,lw_b11_24h,pminervi,r,08/19/2026,06:58:15,eddie@node1n07.ecdf.ed.ac.uk,1,7986
57582772,0.00923,lw_b11_24h,pminervi,r,08/19/2026,06:56:30,eddie@node1r09.ecdf.ed.ac.uk,1,7975
57582772,0.00923,lw_b11_24h,pminervi,r,08/19/2026,06:56:30,eddie@node1r05.ecdf.ed.ac.uk,1,7976
57582772,0.00923,lw_b11_24h,pminervi,r,08/19/2026,06:55:45,eddie@node1r09.ecdf.ed.ac.uk,1,7967
57582772,0.00923,lw_b11_24h,pminervi,r,08/19/2026,06:55:45,eddie@node1h07.ecdf.ed.ac.uk,1,7968
57582772,0.00923,lw_b11_24h,pminervi,r,08/19/2026,06:55:45,eddie@node1r17.ecdf.ed.ac.uk,1,7969
57582772,0.00923,lw_b11_24h,pminervi,r,08/19/2026,06:55:45,eddie@node1s18.ecdf.ed.ac.uk,1,7970
57582772,0.00923,lw_b11_24h,pminervi,r,08/19/2026,06:55:45,eddie@node1h22.ecdf.ed.ac.uk,1,7971
57582772,0.00923,lw_b11_24h,pminervi,r,08/19/2026,06:56:15,eddie@node1f13.ecdf.ed.ac.uk,1,7973
57582772,0.00923,lw_b11_24h,pminervi,r,08/19/2026,06:56:15,eddie@node1f13.ecdf.ed.ac.uk,1,7974
57582772,0.00923,lw_b11_24h,pminervi,r,08/19/2026,06:56:00,eddie@node1h04.ecdf.ed.ac.uk,1,7972
57582772,0.00923,lw_b11_24h,pminervi,r,08/19/2026,06:55:00,eddie@node1o11.ecdf.ed.ac.uk,1,7962
57582772,0.00923,lw_b11_24h,pminervi,r,08/19/2026,06:55:00,eddie@node1s13.ecdf.ed.ac.uk,1,7963
57582772,0.00923,lw_b11_24h,pminervi,r,08/19/2026,06:55:00,eddie@node1r12.ecdf.ed.ac.uk,1,7964
57582772,0.00923,lw_b11_24h,pminervi,r,08/19/2026,06:55:15,eddie@node1i07.ecdf.ed.ac.uk,1,7965
57582772,0.00923,lw_b11_24h,pminervi,r,08/19/2026,06:55:15,eddie@node1r18.ecdf.ed.ac.uk,1,7966
57582772,0.00923,lw_b11_24h,pminervi,r,08/19/2026,06:54:45,eddie@node1h13.ecdf.ed.ac.uk,1,7961
57582772,0.00923,lw_b11_24h,pminervi,r,08/19/2026,06:54:30,eddie@node1h09.ecdf.ed.ac.uk,1,7957
57582772,0.00923,lw_b11_24h,pminervi,r,08/19/2026,06:54:30,eddie@node1h10.ecdf.ed.ac.uk,1,7958
57582772,0.00923,lw_b11_24h,pminervi,r,08/19/2026,06:54:30,eddie@node1h08.ecdf.ed.ac.uk,1,7959
57582772,0.00923,lw_b11_24h,pminervi,r,08/19/2026,06:54:30,eddie@node1j27.ecdf.ed.ac.uk,1,7960
57582772,0.00923,lw_b11_24h,pminervi,r,08/19/2026,06:54:15,eddie@node1s14.ecdf.ed.ac.uk,1,7953
57582772,0.00923,lw_b11_24h,pminervi,r,08/19/2026,06:54:15,eddie@node1h03.ecdf.ed.ac.uk,1,7954
57582772,0.00923,lw_b11_24h,pminervi,r,08/19/2026,06:54:15,eddie@node1h06.ecdf.ed.ac.uk,1,7955
57582772,0.00923,lw_b11_24h,pminervi,r,08/19/2026,06:54:15,eddie@node1s17.ecdf.ed.ac.uk,1,7956
57582772,0.00923,lw_b11_24h,pminervi,r,08/19/2026,06:53:30,eddie@node1m16.ecdf.ed.ac.uk,1,7949
57582772,0.00923,lw_b11_24h,pminervi,r,08/19/2026,06:53:30,eddie@node1o09.ecdf.ed.ac.uk,1,7950
57582772,0.00923,lw_b11_24h,pminervi,r,08/19/2026,06:53:45,eddie@node1s16.ecdf.ed.ac.uk,1,7951
57582772,0.00923,lw_b11_24h,pminervi,r,08/19/2026,06:54:00,eddie@node1o10.ecdf.ed.ac.uk,1,7952
57582772,0.00923,lw_b11_24h,pminervi,r,08/19/2026,06:52:45,eddie@node1h14.ecdf.ed.ac.uk,1,7943
57582772,0.00923,lw_b11_24h,pminervi,r,08/19/2026,06:52:45,eddie@node1j25.ecdf.ed.ac.uk,1,7944
57582772,0.00923,lw_b11_24h,pminervi,r,08/19/2026,06:52:45,eddie@node1h05.ecdf.ed.ac.uk,1,7945
57582772,0.00923,lw_b11_24h,pminervi,r,08/19/2026,06:53:15,eddie@node1h15.ecdf.ed.ac.uk,1,7946
57582772,0.00923,lw_b11_24h,pminervi,r,08/19/2026,06:53:15,eddie@node1o14.ecdf.ed.ac.uk,1,7947
57582772,0.00923,lw_b11_24h,pminervi,r,08/19/2026,06:53:15,eddie@node1j28.ecdf.ed.ac.uk,1,7948
57582772,0.00923,lw_b11_24h,pminervi,r,08/19/2026,06:47:30,eddie@node1f10.ecdf.ed.ac.uk,1,7893
57582772,0.00923,lw_b11_24h,pminervi,r,08/19/2026,06:47:30,eddie@node1f10.ecdf.ed.ac.uk,1,7894
57582772,0.00923,lw_b11_24h,pminervi,r,08/19/2026,06:47:30,eddie@node1o12.ecdf.ed.ac.uk,1,7895
57582772,0.00923,lw_b11_24h,pminervi,r,08/19/2026,06:47:30,eddie@node1o10.ecdf.ed.ac.uk,1,7896
57582772,0.00923,lw_b11_24h,pminervi,r,08/19/2026,06:47:30,eddie@node1h10.ecdf.ed.ac.uk,1,7897
57582772,0.00923,lw_b11_24h,pminervi,r,08/19/2026,06:47:30,eddie@node1h16.ecdf.ed.ac.uk,1,7898
57582772,0.00923,lw_b11_24h,pminervi,r,08/19/2026,06:47:30,eddie@node1h09.ecdf.ed.ac.uk,1,7899
57582772,0.00923,lw_b11_24h,pminervi,r,08/19/2026,06:49:45,eddie@node1i15.ecdf.ed.ac.uk,1,7912
57582772,0.00923,lw_b11_24h,pminervi,r,08/19/2026,06:49:45,eddie@node1i15.ecdf.ed.ac.uk,1,7913
57582772,0.00923,lw_b11_24h,pminervi,r,08/19/2026,06:49:45,eddie@node1m16.ecdf.ed.ac.uk,1,7914
57582772,0.00923,lw_b11_24h,pminervi,r,08/19/2026,06:49:45,eddie@node1o14.ecdf.ed.ac.uk,1,7915
57582772,0.00923,lw_b11_24h,pminervi,r,08/19/2026,06:49:45,eddie@node1h15.ecdf.ed.ac.uk,1,7916
57582772,0.00923,lw_b11_24h,pminervi,r,08/19/2026,06:49:45,eddie@node1s16.ecdf.ed.ac.uk,1,7917
57582772,0.00923,lw_b11_24h,pminervi,r,08/19/2026,06:49:30,eddie@node1h11.ecdf.ed.ac.uk,1,7907
57582772,0.00923,lw_b11_24h,pminervi,r,08/19/2026,06:49:30,eddie@node1r12.ecdf.ed.ac.uk,1,7908
57582772,0.00923,lw_b11_24h,pminervi,r,08/19/2026,06:49:30,eddie@node1o11.ecdf.ed.ac.uk,1,7909
57582772,0.00923,lw_b11_24h,pminervi,r,08/19/2026,06:49:30,eddie@node1h13.ecdf.ed.ac.uk,1,7910
57582772,0.00923,lw_b11_24h,pminervi,r,08/19/2026,06:49:30,eddie@node1j27.ecdf.ed.ac.uk,1,7911
57582772,0.00923,lw_b11_24h,pminervi,r,08/19/2026,06:50:30,eddie@node1f06.ecdf.ed.ac.uk,1,7922
57582772,0.00923,lw_b11_24h,pminervi,r,08/19/2026,06:50:30,eddie@node1s15.ecdf.ed.ac.uk,1,7923
57582772,0.00923,lw_b11_24h,pminervi,r,08/19/2026,06:50:30,eddie@node1r05.ecdf.ed.ac.uk,1,7924
57582772,0.00923,lw_b11_24h,pminervi,r,08/19/2026,06:50:30,eddie@node1h22.ecdf.ed.ac.uk,1,7925
57582772,0.00923,lw_b11_24h,pminervi,r,08/19/2026,06:50:45,eddie@node1s18.ecdf.ed.ac.uk,1,7926
57582772,0.00923,lw_b11_24h,pminervi,r,08/19/2026,06:50:45,eddie@node1o07.ecdf.ed.ac.uk,1,7927
57582772,0.00923,lw_b11_24h,pminervi,r,08/19/2026,06:50:45,eddie@node1s13.ecdf.ed.ac.uk,1,7928
57582772,0.00923,lw_b11_24h,pminervi,r,08/19/2026,06:50:45,eddie@node1h11.ecdf.ed.ac.uk,1,7929
57582772,0.00923,lw_b11_24h,pminervi,r,08/19/2026,06:50:00,eddie@node1r18.ecdf.ed.ac.uk,1,7918
57582772,0.00923,lw_b11_24h,pminervi,r,08/19/2026,06:50:00,eddie@node1h04.ecdf.ed.ac.uk,1,7919
57582772,0.00923,lw_b11_24h,pminervi,r,08/19/2026,06:50:00,eddie@node1h07.ecdf.ed.ac.uk,1,7920
57582772,0.00923,lw_b11_24h,pminervi,r,08/19/2026,06:51:00,eddie@node1r07.ecdf.ed.ac.uk,1,7930
57582772,0.00923,lw_b11_24h,pminervi,r,08/19/2026,06:51:00,eddie@node1h16.ecdf.ed.ac.uk,1,7931
57582772,0.00923,lw_b11_24h,pminervi,r,08/19/2026,06:51:00,eddie@node1r19.ecdf.ed.ac.uk,1,7932
57582772,0.00923,lw_b11_24h,pminervi,r,08/19/2026,06:47:45,eddie@node1o07.ecdf.ed.ac.uk,1,7900
57582772,0.00923,lw_b11_24h,pminervi,r,08/19/2026,06:47:45,eddie@node1s13.ecdf.ed.ac.uk,1,7901
57582772,0.00923,lw_b11_24h,pminervi,r,08/19/2026,06:49:15,eddie@node1h24.ecdf.ed.ac.uk,1,7905
57582772,0.00923,lw_b11_24h,pminervi,r,08/19/2026,06:49:15,eddie@node1r19.ecdf.ed.ac.uk,1,7906
57582772,0.00923,lw_b11_24h,pminervi,r,08/19/2026,06:48:15,eddie@node1h24.ecdf.ed.ac.uk,1,7902
57582772,0.00923,lw_b11_24h,pminervi,r,08/19/2026,06:48:30,eddie@node1j25.ecdf.ed.ac.uk,1,7903
57582772,0.00923,lw_b11_24h,pminervi,r,08/19/2026,06:48:45,eddie@node1h21.ecdf.ed.ac.uk,1,7904
57582772,0.00923,lw_b11_24h,pminervi,r,08/19/2026,06:50:15,eddie@node1h21.ecdf.ed.ac.uk,1,7921
57582772,0.00923,lw_b11_24h,pminervi,r,08/19/2026,06:51:15,eddie@node1f13.ecdf.ed.ac.uk,1,7933
57582772,0.00923,lw_b11_24h,pminervi,r,08/19/2026,06:46:45,eddie@node1s14.ecdf.ed.ac.uk,1,7887
57582772,0.00923,lw_b11_24h,pminervi,r,08/19/2026,06:46:45,eddie@node1s17.ecdf.ed.ac.uk,1,7888
57582772,0.00923,lw_b11_24h,pminervi,r,08/19/2026,06:46:45,eddie@node1o09.ecdf.ed.ac.uk,1,7889
57582772,0.00923,lw_b11_24h,pminervi,r,08/19/2026,06:46:45,eddie@node1h06.ecdf.ed.ac.uk,1,7890
57582772,0.00923,lw_b11_24h,pminervi,r,08/19/2026,06:52:00,eddie@node1m14.ecdf.ed.ac.uk,1,7934
57582772,0.00923,lw_b11_24h,pminervi,r,08/19/2026,06:52:00,eddie@node1m14.ecdf.ed.ac.uk,1,7935
57582772,0.00923,lw_b11_24h,pminervi,r,08/19/2026,06:52:00,eddie@node1r09.ecdf.ed.ac.uk,1,7936
57582772,0.00923,lw_b11_24h,pminervi,r,08/19/2026,06:52:30,eddie@node1f06.ecdf.ed.ac.uk,1,7940
57582772,0.00923,lw_b11_24h,pminervi,r,08/19/2026,06:52:30,eddie@node1r16.ecdf.ed.ac.uk,1,7941
57582772,0.00923,lw_b11_24h,pminervi,r,08/19/2026,06:52:30,eddie@node1o08.ecdf.ed.ac.uk,1,7942
57582772,0.00923,lw_b11_24h,pminervi,r,08/19/2026,06:52:15,eddie@node1o10.ecdf.ed.ac.uk,1,7937
57582772,0.00923,lw_b11_24h,pminervi,r,08/19/2026,06:52:15,eddie@node1o12.ecdf.ed.ac.uk,1,7938
57582772,0.00923,lw_b11_24h,pminervi,r,08/19/2026,06:52:15,eddie@node1j26.ecdf.ed.ac.uk,1,7939
57582772,0.00923,lw_b11_24h,pminervi,r,08/19/2026,06:47:15,eddie@node1j28.ecdf.ed.ac.uk,1,7891
57582772,0.00923,lw_b11_24h,pminervi,r,08/19/2026,06:47:15,eddie@node1h08.ecdf.ed.ac.uk,1,7892
57582772,0.00922,lw_b11_24h,pminervi,r,08/19/2026,06:41:45,eddie@node1f13.ecdf.ed.ac.uk,1,7845
57582772,0.00922,lw_b11_24h,pminervi,r,08/19/2026,06:41:45,eddie@node1o11.ecdf.ed.ac.uk,1,7846
57582772,0.00922,lw_b11_24h,pminervi,r,08/19/2026,06:41:45,eddie@node1s13.ecdf.ed.ac.uk,1,7847
57582772,0.00922,lw_b11_24h,pminervi,r,08/19/2026,06:41:45,eddie@node1o10.ecdf.ed.ac.uk,1,7848
57582772,0.00922,lw_b11_24h,pminervi,r,08/19/2026,06:41:45,eddie@node1r09.ecdf.ed.ac.uk,1,7849
57582772,0.00922,lw_b11_24h,pminervi,r,08/19/2026,06:44:45,eddie@node1f06.ecdf.ed.ac.uk,1,7871
57582772,0.00922,lw_b11_24h,pminervi,r,08/19/2026,06:44:45,eddie@node1f06.ecdf.ed.ac.uk,1,7872
57582772,0.00922,lw_b11_24h,pminervi,r,08/19/2026,06:44:45,eddie@node1o12.ecdf.ed.ac.uk,1,7873
57582772,0.00922,lw_b11_24h,pminervi,r,08/19/2026,06:44:45,eddie@node1s13.ecdf.ed.ac.uk,1,7874
57582772,0.00922,lw_b11_24h,pminervi,r,08/19/2026,06:44:45,eddie@node1o07.ecdf.ed.ac.uk,1,7875
57582772,0.00922,lw_b11_24h,pminervi,r,08/19/2026,06:41:00,eddie@node1j26.ecdf.ed.ac.uk,1,7838
57582772,0.00922,lw_b11_24h,pminervi,r,08/19/2026,06:41:00,eddie@node1h09.ecdf.ed.ac.uk,1,7839
57582772,0.00922,lw_b11_24h,pminervi,r,08/19/2026,06:41:00,eddie@node1h13.ecdf.ed.ac.uk,1,7840
57582772,0.00922,lw_b11_24h,pminervi,r,08/19/2026,06:41:00,eddie@node1r12.ecdf.ed.ac.uk,1,7841
57582772,0.00922,lw_b11_24h,pminervi,r,08/19/2026,06:43:30,eddie@node1m14.ecdf.ed.ac.uk,1,7858
57582772,0.00922,lw_b11_24h,pminervi,r,08/19/2026,06:43:30,eddie@node1r09.ecdf.ed.ac.uk,1,7859
57582772,0.00922,lw_b11_24h,pminervi,r,08/19/2026,06:43:30,eddie@node1j28.ecdf.ed.ac.uk,1,7860
57582772,0.00922,lw_b11_24h,pminervi,r,08/19/2026,06:43:30,eddie@node1h11.ecdf.ed.ac.uk,1,7861
57582772,0.00922,lw_b11_24h,pminervi,r,08/19/2026,06:43:00,eddie@node1f10.ecdf.ed.ac.uk,1,7854
57582772,0.00922,lw_b11_24h,pminervi,r,08/19/2026,06:43:00,eddie@node1o09.ecdf.ed.ac.uk,1,7855
57582772,0.00922,lw_b11_24h,pminervi,r,08/19/2026,06:43:00,eddie@node1r19.ecdf.ed.ac.uk,1,7856
57582772,0.00922,lw_b11_24h,pminervi,r,08/19/2026,06:44:00,eddie@node1r17.ecdf.ed.ac.uk,1,7863
57582772,0.00922,lw_b11_24h,pminervi,r,08/19/2026,06:44:00,eddie@node1h06.ecdf.ed.ac.uk,1,7864
57582772,0.00922,lw_b11_24h,pminervi,r,08/19/2026,06:44:00,eddie@node1j25.ecdf.ed.ac.uk,1,7865
57582772,0.00922,lw_b11_24h,pminervi,r,08/19/2026,06:44:30,eddie@node1i14.ecdf.ed.ac.uk,1,7868
57582772,0.00922,lw_b11_24h,pminervi,r,08/19/2026,06:44:30,eddie@node1o08.ecdf.ed.ac.uk,1,7869
57582772,0.00922,lw_b11_24h,pminervi,r,08/19/2026,06:44:30,eddie@node1h21.ecdf.ed.ac.uk,1,7870
57582772,0.00922,lw_b11_24h,pminervi,r,08/19/2026,06:45:00,eddie@node1r09.ecdf.ed.ac.uk,1,7876
57582772,0.00922,lw_b11_24h,pminervi,r,08/19/2026,06:45:00,eddie@node1j26.ecdf.ed.ac.uk,1,7877
57582772,0.00922,lw_b11_24h,pminervi,r,08/19/2026,06:45:00,eddie@node1h14.ecdf.ed.ac.uk,1,7878
57582772,0.00922,lw_b11_24h,pminervi,r,08/19/2026,06:46:00,eddie@node1o14.ecdf.ed.ac.uk,1,7880
57582772,0.00922,lw_b11_24h,pminervi,r,08/19/2026,06:46:00,eddie@node1h11.ecdf.ed.ac.uk,1,7881
57582772,0.00922,lw_b11_24h,pminervi,r,08/19/2026,06:46:00,eddie@node1s16.ecdf.ed.ac.uk,1,7882
57582772,0.00922,lw_b11_24h,pminervi,r,08/19/2026,06:46:15,eddie@node1m16.ecdf.ed.ac.uk,1,7883
57582772,0.00922,lw_b11_24h,pminervi,r,08/19/2026,06:46:15,eddie@node1h03.ecdf.ed.ac.uk,1,7884
57582772,0.00922,lw_b11_24h,pminervi,r,08/19/2026,06:46:15,eddie@node1h05.ecdf.ed.ac.uk,1,7885
57582772,0.00922,lw_b11_24h,pminervi,r,08/19/2026,06:41:30,eddie@node1s14.ecdf.ed.ac.uk,1,7843
57582772,0.00922,lw_b11_24h,pminervi,r,08/19/2026,06:41:30,eddie@node1o12.ecdf.ed.ac.uk,1,7844
57582772,0.00922,lw_b11_24h,pminervi,r,08/19/2026,06:42:00,eddie@node1h08.ecdf.ed.ac.uk,1,7850
57582772,0.00922,lw_b11_24h,pminervi,r,08/19/2026,06:42:00,eddie@node1h03.ecdf.ed.ac.uk,1,7851
57582772,0.00922,lw_b11_24h,pminervi,r,08/19/2026,06:44:15,eddie@node1h05.ecdf.ed.ac.uk,1,7866
57582772,0.00922,lw_b11_24h,pminervi,r,08/19/2026,06:44:15,eddie@node1j26.ecdf.ed.ac.uk,1,7867
57582772,0.00922,lw_b11_24h,pminervi,r,08/19/2026,06:41:15,eddie@node1j25.ecdf.ed.ac.uk,1,7842
57582772,0.00922,lw_b11_24h,pminervi,r,08/19/2026,06:42:15,eddie@node1f09.ecdf.ed.ac.uk,1,7852
57582772,0.00922,lw_b11_24h,pminervi,r,08/19/2026,06:42:30,eddie@node1m14.ecdf.ed.ac.uk,1,7853
57582772,0.00922,lw_b11_24h,pminervi,r,08/19/2026,06:43:15,eddie@node1j27.ecdf.ed.ac.uk,1,7857
57582772,0.00922,lw_b11_24h,pminervi,r,08/19/2026,06:43:45,eddie@node1s17.ecdf.ed.ac.uk,1,7862
57582772,0.00922,lw_b11_24h,pminervi,r,08/19/2026,06:45:30,eddie@node1h15.ecdf.ed.ac.uk,1,7879
57582772,0.00922,lw_b11_24h,pminervi,r,08/19/2026,06:46:30,eddie@node1o08.ecdf.ed.ac.uk,1,7886
57582772,0.00922,lw_b11_24h,pminervi,r,08/19/2026,06:38:15,eddie@node1r17.ecdf.ed.ac.uk,1,7817
57582772,0.00922,lw_b11_24h,pminervi,r,08/19/2026,06:38:15,eddie@node1h11.ecdf.ed.ac.uk,1,7818
57582772,0.00922,lw_b11_24h,pminervi,r,08/19/2026,06:38:15,eddie@node1h21.ecdf.ed.ac.uk,1,7819
57582772,0.00922,lw_b11_24h,pminervi,r,08/19/2026,06:39:15,eddie@node1r16.ecdf.ed.ac.uk,1,7824
57582772,0.00922,lw_b11_24h,pminervi,r,08/19/2026,06:39:15,eddie@node1s14.ecdf.ed.ac.uk,1,7825
57582772,0.00922,lw_b11_24h,pminervi,r,08/19/2026,06:39:15,eddie@node1j26.ecdf.ed.ac.uk,1,7826
57582772,0.00922,lw_b11_24h,pminervi,r,08/19/2026,06:39:30,eddie@node1h24.ecdf.ed.ac.uk,1,7827
57582772,0.00922,lw_b11_24h,pminervi,r,08/19/2026,06:39:30,eddie@node1h03.ecdf.ed.ac.uk,1,7828
57582772,0.00922,lw_b11_24h,pminervi,r,08/19/2026,06:39:30,eddie@node1o10.ecdf.ed.ac.uk,1,7829
57582772,0.00922,lw_b11_24h,pminervi,r,08/19/2026,06:40:30,eddie@node1l28.ecdf.ed.ac.uk,1,7834
57582772,0.00922,lw_b11_24h,pminervi,r,08/19/2026,06:40:30,eddie@node1o08.ecdf.ed.ac.uk,1,7835
57582772,0.00922,lw_b11_24h,pminervi,r,08/19/2026,06:40:30,eddie@node1h10.ecdf.ed.ac.uk,1,7836
57582772,0.00922,lw_b11_24h,pminervi,r,08/19/2026,06:38:30,eddie@node1h06.ecdf.ed.ac.uk,1,7820
57582772,0.00922,lw_b11_24h,pminervi,r,08/19/2026,06:38:30,eddie@node1r19.ecdf.ed.ac.uk,1,7821
57582772,0.00922,lw_b11_24h,pminervi,r,08/19/2026,06:39:00,eddie@node1h24.ecdf.ed.ac.uk,1,7822
57582772,0.00922,lw_b11_24h,pminervi,r,08/19/2026,06:39:00,eddie@node1o09.ecdf.ed.ac.uk,1,7823
57582772,0.00922,lw_b11_24h,pminervi,r,08/19/2026,06:40:00,eddie@node1j28.ecdf.ed.ac.uk,1,7830
57582772,0.00922,lw_b11_24h,pminervi,r,08/19/2026,06:40:00,eddie@node1h24.ecdf.ed.ac.uk,1,7831
57582772,0.00922,lw_b11_24h,pminervi,r,08/19/2026,06:40:15,eddie@node1h06.ecdf.ed.ac.uk,1,7832
57582772,0.00922,lw_b11_24h,pminervi,r,08/19/2026,06:40:15,eddie@node1h05.ecdf.ed.ac.uk,1,7833
57582772,0.00922,lw_b11_24h,pminervi,r,08/19/2026,06:40:45,eddie@node1h14.ecdf.ed.ac.uk,1,7837
57582772,0.00922,lw_b11_24h,pminervi,r,08/19/2026,06:36:45,eddie@node1i07.ecdf.ed.ac.uk,1,7797
57582772,0.00922,lw_b11_24h,pminervi,r,08/19/2026,06:36:45,eddie@node1i07.ecdf.ed.ac.uk,1,7798
57582772,0.00922,lw_b11_24h,pminervi,r,08/19/2026,06:36:45,eddie@node1i06.ecdf.ed.ac.uk,1,7799
57582772,0.00922,lw_b11_24h,pminervi,r,08/19/2026,06:36:45,eddie@node1h24.ecdf.ed.ac.uk,1,7800
57582772,0.00922,lw_b11_24h,pminervi,r,08/19/2026,06:36:45,eddie@node1h03.ecdf.ed.ac.uk,1,7801
57582772,0.00922,lw_b11_24h,pminervi,r,08/19/2026,06:36:45,eddie@node1j28.ecdf.ed.ac.uk,1,7802
57582772,0.00922,lw_b11_24h,pminervi,r,08/19/2026,06:38:00,eddie@node1f06.ecdf.ed.ac.uk,1,7812
57582772,0.00922,lw_b11_24h,pminervi,r,08/19/2026,06:38:00,eddie@node1h14.ecdf.ed.ac.uk,1,7813
57582772,0.00922,lw_b11_24h,pminervi,r,08/19/2026,06:38:00,eddie@node1h08.ecdf.ed.ac.uk,1,7814
57582772,0.00922,lw_b11_24h,pminervi,r,08/19/2026,06:38:00,eddie@node1h05.ecdf.ed.ac.uk,1,7815
57582772,0.00922,lw_b11_24h,pminervi,r,08/19/2026,06:38:00,eddie@node1o08.ecdf.ed.ac.uk,1,7816
57582772,0.00922,lw_b11_24h,pminervi,r,08/19/2026,06:37:15,eddie@node1i15.ecdf.ed.ac.uk,1,7804
57582772,0.00922,lw_b11_24h,pminervi,r,08/19/2026,06:37:15,eddie@node1i15.ecdf.ed.ac.uk,1,7805
57582772,0.00922,lw_b11_24h,pminervi,r,08/19/2026,06:37:15,eddie@node1r17.ecdf.ed.ac.uk,1,7806
57582772,0.00922,lw_b11_24h,pminervi,r,08/19/2026,06:37:15,eddie@node1j25.ecdf.ed.ac.uk,1,7807
57582772,0.00922,lw_b11_24h,pminervi,r,08/19/2026,06:37:45,eddie@node1h10.ecdf.ed.ac.uk,1,7809
57582772,0.00922,lw_b11_24h,pminervi,r,08/19/2026,06:37:45,eddie@node1s17.ecdf.ed.ac.uk,1,7810
57582772,0.00922,lw_b11_24h,pminervi,r,08/19/2026,06:37:45,eddie@node1j26.ecdf.ed.ac.uk,1,7811
57582772,0.00922,lw_b11_24h,pminervi,r,08/19/2026,06:37:00,eddie@node1h09.ecdf.ed.ac.uk,1,7803
57582772,0.00922,lw_b11_24h,pminervi,r,08/19/2026,06:37:30,eddie@node1h14.ecdf.ed.ac.uk,1,7808
57582772,0.00922,lw_b11_24h,pminervi,r,08/19/2026,06:32:00,eddie@node1j25.ecdf.ed.ac.uk,1,7754
57582772,0.00922,lw_b11_24h,pminervi,r,08/19/2026,06:32:00,eddie@node1s17.ecdf.ed.ac.uk,1,7755
57582772,0.00922,lw_b11_24h,pminervi,r,08/19/2026,06:32:00,eddie@node1j27.ecdf.ed.ac.uk,1,7756
57582772,0.00922,lw_b11_24h,pminervi,r,08/19/2026,06:32:00,eddie@node1r17.ecdf.ed.ac.uk,1,7757
57582772,0.00922,lw_b11_24h,pminervi,r,08/19/2026,06:31:30,eddie@node1h13.ecdf.ed.ac.uk,1,7750
57582772,0.00922,lw_b11_24h,pminervi,r,08/19/2026,06:31:30,eddie@node1r12.ecdf.ed.ac.uk,1,7751
57582772,0.00922,lw_b11_24h,pminervi,r,08/19/2026,06:31:30,eddie@node1h08.ecdf.ed.ac.uk,1,7752
57582772,0.00922,lw_b11_24h,pminervi,r,08/19/2026,06:32:45,eddie@node1s14.ecdf.ed.ac.uk,1,7760
57582772,0.00922,lw_b11_24h,pminervi,r,08/19/2026,06:32:45,eddie@node1h21.ecdf.ed.ac.uk,1,7761
57582772,0.00922,lw_b11_24h,pminervi,r,08/19/2026,06:32:45,eddie@node1o10.ecdf.ed.ac.uk,1,7762
57582772,0.00922,lw_b11_24h,pminervi,r,08/19/2026,06:32:15,eddie@node1i06.ecdf.ed.ac.uk,1,7758
57582772,0.00922,lw_b11_24h,pminervi,r,08/19/2026,06:31:45,eddie@node1f06.ecdf.ed.ac.uk,1,7753
57582772,0.00922,lw_b11_24h,pminervi,r,08/19/2026,06:32:30,eddie@node1o09.ecdf.ed.ac.uk,1,7759
57582772,0.00922,lw_b11_24h,pminervi,r,08/19/2026,06:31:15,eddie@node1i06.ecdf.ed.ac.uk,1,7747
57582772,0.00922,lw_b11_24h,pminervi,r,08/19/2026,06:31:15,eddie@node1i06.ecdf.ed.ac.uk,1,7748
57582772,0.00922,lw_b11_24h,pminervi,r,08/19/2026,06:31:15,eddie@node1h21.ecdf.ed.ac.uk,1,7749
57582772,0.00922,lw_b11_24h,pminervi,r,08/19/2026,06:31:00,eddie@node1h10.ecdf.ed.ac.uk,1,7744
57582772,0.00922,lw_b11_24h,pminervi,r,08/19/2026,06:31:00,eddie@node1o11.ecdf.ed.ac.uk,1,7745
57582772,0.00922,lw_b11_24h,pminervi,r,08/19/2026,06:31:00,eddie@node1h09.ecdf.ed.ac.uk,1,7746
57582772,0.00921,lw_b11_24h,pminervi,r,08/19/2026,06:34:15,eddie@node1o11.ecdf.ed.ac.uk,1,7773
57582772,0.00921,lw_b11_24h,pminervi,r,08/19/2026,06:34:15,eddie@node1h13.ecdf.ed.ac.uk,1,7774
57582772,0.00921,lw_b11_24h,pminervi,r,08/19/2026,06:34:15,eddie@node1r12.ecdf.ed.ac.uk,1,7775
57582772,0.00921,lw_b11_24h,pminervi,r,08/19/2026,06:34:15,eddie@node1h09.ecdf.ed.ac.uk,1,7776
57582772,0.00921,lw_b11_24h,pminervi,r,08/19/2026,06:34:15,eddie@node1o10.ecdf.ed.ac.uk,1,7777
57582772,0.00921,lw_b11_24h,pminervi,r,08/19/2026,06:34:15,eddie@node1r17.ecdf.ed.ac.uk,1,7778
57582772,0.00921,lw_b11_24h,pminervi,r,08/19/2026,06:34:15,eddie@node1h10.ecdf.ed.ac.uk,1,7779
57582772,0.00921,lw_b11_24h,pminervi,r,08/19/2026,06:33:30,eddie@node1i14.ecdf.ed.ac.uk,1,7765
57582772,0.00921,lw_b11_24h,pminervi,r,08/19/2026,06:33:30,eddie@node1h09.ecdf.ed.ac.uk,1,7766
57582772,0.00921,lw_b11_24h,pminervi,r,08/19/2026,06:33:30,eddie@node1h10.ecdf.ed.ac.uk,1,7767
57582772,0.00921,lw_b11_24h,pminervi,r,08/19/2026,06:34:00,eddie@node1j25.ecdf.ed.ac.uk,1,7770
57582772,0.00921,lw_b11_24h,pminervi,r,08/19/2026,06:34:00,eddie@node1r19.ecdf.ed.ac.uk,1,7771
57582772,0.00921,lw_b11_24h,pminervi,r,08/19/2026,06:34:00,eddie@node1o09.ecdf.ed.ac.uk,1,7772
57582772,0.00921,lw_b11_24h,pminervi,r,08/19/2026,06:35:15,eddie@node1h08.ecdf.ed.ac.uk,1,7786
57582772,0.00921,lw_b11_24h,pminervi,r,08/19/2026,06:35:15,eddie@node1o09.ecdf.ed.ac.uk,1,7787
57582772,0.00921,lw_b11_24h,pminervi,r,08/19/2026,06:35:15,eddie@node1s14.ecdf.ed.ac.uk,1,7788
57582772,0.00921,lw_b11_24h,pminervi,r,08/19/2026,06:36:00,eddie@node1i16.ecdf.ed.ac.uk,1,7792
57582772,0.00921,lw_b11_24h,pminervi,r,08/19/2026,06:36:00,eddie@node1m14.ecdf.ed.ac.uk,1,7793
57582772,0.00921,lw_b11_24h,pminervi,r,08/19/2026,06:36:00,eddie@node1j27.ecdf.ed.ac.uk,1,7794
57582772,0.00921,lw_b11_24h,pminervi,r,08/19/2026,06:36:15,eddie@node1f13.ecdf.ed.ac.uk,1,7795
57582772,0.00921,lw_b11_24h,pminervi,r,08/19/2026,06:36:15,eddie@node1m14.ecdf.ed.ac.uk,1,7796
57582772,0.00921,lw_b11_24h,pminervi,r,08/19/2026,06:33:15,eddie@node1h14.ecdf.ed.ac.uk,1,7763
57582772,0.00921,lw_b11_24h,pminervi,r,08/19/2026,06:33:15,eddie@node1h08.ecdf.ed.ac.uk,1,7764
57582772,0.00921,lw_b11_24h,pminervi,r,08/19/2026,06:33:45,eddie@node1h03.ecdf.ed.ac.uk,1,7768
57582772,0.00921,lw_b11_24h,pminervi,r,08/19/2026,06:33:45,eddie@node1s14.ecdf.ed.ac.uk,1,7769
57582772,0.00921,lw_b11_24h,pminervi,r,08/19/2026,06:34:30,eddie@node1h03.ecdf.ed.ac.uk,1,7780
57582772,0.00921,lw_b11_24h,pminervi,r,08/19/2026,06:34:30,eddie@node1j28.ecdf.ed.ac.uk,1,7781
57582772,0.00921,lw_b11_24h,pminervi,r,08/19/2026,06:34:45,eddie@node1h14.ecdf.ed.ac.uk,1,7782
57582772,0.00921,lw_b11_24h,pminervi,r,08/19/2026,06:34:45,eddie@node1h21.ecdf.ed.ac.uk,1,7783
57582772,0.00921,lw_b11_24h,pminervi,r,08/19/2026,06:35:00,eddie@node1m14.ecdf.ed.ac.uk,1,7784
57582772,0.00921,lw_b11_24h,pminervi,r,08/19/2026,06:35:00,eddie@node1o11.ecdf.ed.ac.uk,1,7785
57582772,0.00921,lw_b11_24h,pminervi,r,08/19/2026,06:35:30,eddie@node1h13.ecdf.ed.ac.uk,1,7789
57582772,0.00921,lw_b11_24h,pminervi,r,08/19/2026,06:35:30,eddie@node1r12.ecdf.ed.ac.uk,1,7790
57582772,0.00921,lw_b11_24h,pminervi,r,08/19/2026,06:35:45,eddie@node1o10.ecdf.ed.ac.uk,1,7791
57582772,0.00921,lw_b11_24h,pminervi,r,08/19/2026,06:30:45,eddie@node1h21.ecdf.ed.ac.uk,1,7740
57582772,0.00921,lw_b11_24h,pminervi,r,08/19/2026,06:30:45,eddie@node1j25.ecdf.ed.ac.uk,1,7741
57582772,0.00921,lw_b11_24h,pminervi,r,08/19/2026,06:30:45,eddie@node1h08.ecdf.ed.ac.uk,1,7742
57582772,0.00921,lw_b11_24h,pminervi,r,08/19/2026,06:30:45,eddie@node1s17.ecdf.ed.ac.uk,1,7743
57582772,0.00921,lw_b11_24h,pminervi,r,08/19/2026,06:30:15,eddie@node1o11.ecdf.ed.ac.uk,1,7736
57582772,0.00921,lw_b11_24h,pminervi,r,08/19/2026,06:30:15,eddie@node1r12.ecdf.ed.ac.uk,1,7737
57582772,0.00921,lw_b11_24h,pminervi,r,08/19/2026,06:30:15,eddie@node1h09.ecdf.ed.ac.uk,1,7738
57582772,0.00921,lw_b11_24h,pminervi,r,08/19/2026,06:30:00,eddie@node1h13.ecdf.ed.ac.uk,1,7734
57582772,0.00921,lw_b11_24h,pminervi,r,08/19/2026,06:30:00,eddie@node1j27.ecdf.ed.ac.uk,1,7735
57582772,0.00921,lw_b11_24h,pminervi,r,08/19/2026,06:30:30,eddie@node1r17.ecdf.ed.ac.uk,1,7739
57582772,0.00921,lw_b11_24h,pminervi,r,08/19/2026,06:26:30,eddie@node1i15.ecdf.ed.ac.uk,1,7701
57582772,0.00921,lw_b11_24h,pminervi,r,08/19/2026,06:26:30,eddie@node1i02.ecdf.ed.ac.uk,1,7702
57582772,0.00921,lw_b11_24h,pminervi,r,08/19/2026,06:26:30,eddie@node1r17.ecdf.ed.ac.uk,1,7703
57582772,0.00921,lw_b11_24h,pminervi,r,08/19/2026,06:26:30,eddie@node1h09.ecdf.ed.ac.uk,1,7704
57582772,0.00921,lw_b11_24h,pminervi,r,08/19/2026,06:26:30,eddie@node1r12.ecdf.ed.ac.uk,1,7705
57582772,0.00921,lw_b11_24h,pminervi,r,08/19/2026,06:26:30,eddie@node1j25.ecdf.ed.ac.uk,1,7706
57582772,0.00921,lw_b11_24h,pminervi,r,08/19/2026,06:26:30,eddie@node1h13.ecdf.ed.ac.uk,1,7707
57582772,0.00921,lw_b11_24h,pminervi,r,08/19/2026,06:29:45,eddie@node1j25.ecdf.ed.ac.uk,1,7728
57582772,0.00921,lw_b11_24h,pminervi,r,08/19/2026,06:29:45,eddie@node1r17.ecdf.ed.ac.uk,1,7729
57582772,0.00921,lw_b11_24h,pminervi,r,08/19/2026,06:29:45,eddie@node1r12.ecdf.ed.ac.uk,1,7730
57582772,0.00921,lw_b11_24h,pminervi,r,08/19/2026,06:29:45,eddie@node1h09.ecdf.ed.ac.uk,1,7731
57582772,0.00921,lw_b11_24h,pminervi,r,08/19/2026,06:29:45,eddie@node1j27.ecdf.ed.ac.uk,1,7732
57582772,0.00921,lw_b11_24h,pminervi,r,08/19/2026,06:29:45,eddie@node1h10.ecdf.ed.ac.uk,1,7733
57582772,0.00921,lw_b11_24h,pminervi,r,08/19/2026,06:28:45,eddie@node1h13.ecdf.ed.ac.uk,1,7716
57582772,0.00921,lw_b11_24h,pminervi,r,08/19/2026,06:28:45,eddie@node1h09.ecdf.ed.ac.uk,1,7717
57582772,0.00921,lw_b11_24h,pminervi,r,08/19/2026,06:28:45,eddie@node1j25.ecdf.ed.ac.uk,1,7718
57582772,0.00921,lw_b11_24h,pminervi,r,08/19/2026,06:28:45,eddie@node1r17.ecdf.ed.ac.uk,1,7719
57582772,0.00921,lw_b11_24h,pminervi,r,08/19/2026,06:28:45,eddie@node1s17.ecdf.ed.ac.uk,1,7720
57582772,0.00921,lw_b11_24h,pminervi,r,08/19/2026,06:27:00,eddie@node1i06.ecdf.ed.ac.uk,1,7709
57582772,0.00921,lw_b11_24h,pminervi,r,08/19/2026,06:27:00,eddie@node1i06.ecdf.ed.ac.uk,1,7710
57582772,0.00921,lw_b11_24h,pminervi,r,08/19/2026,06:27:00,eddie@node1h10.ecdf.ed.ac.uk,1,7711
57582772,0.00921,lw_b11_24h,pminervi,r,08/19/2026,06:27:00,eddie@node1o11.ecdf.ed.ac.uk,1,7712
57582772,0.00921,lw_b11_24h,pminervi,r,08/19/2026,06:28:15,eddie@node1j27.ecdf.ed.ac.uk,1,7713
57582772,0.00921,lw_b11_24h,pminervi,r,08/19/2026,06:28:15,eddie@node1r19.ecdf.ed.ac.uk,1,7714
57582772,0.00921,lw_b11_24h,pminervi,r,08/19/2026,06:28:15,eddie@node1r12.ecdf.ed.ac.uk,1,7715
57582772,0.00921,lw_b11_24h,pminervi,r,08/19/2026,06:29:15,eddie@node1r16.ecdf.ed.ac.uk,1,7722
57582772,0.00921,lw_b11_24h,pminervi,r,08/19/2026,06:29:15,eddie@node1s17.ecdf.ed.ac.uk,1,7723
57582772,0.00921,lw_b11_24h,pminervi,r,08/19/2026,06:29:15,eddie@node1h10.ecdf.ed.ac.uk,1,7724
57582772,0.00921,lw_b11_24h,pminervi,r,08/19/2026,06:29:30,eddie@node1f08.ecdf.ed.ac.uk,1,7725
57582772,0.00921,lw_b11_24h,pminervi,r,08/19/2026,06:29:30,eddie@node1h13.ecdf.ed.ac.uk,1,7726
57582772,0.00921,lw_b11_24h,pminervi,r,08/19/2026,06:29:30,eddie@node1o11.ecdf.ed.ac.uk,1,7727
57582772,0.00921,lw_b11_24h,pminervi,r,08/19/2026,06:26:45,eddie@node1l21.ecdf.ed.ac.uk,1,7708
57582772,0.00921,lw_b11_24h,pminervi,r,08/19/2026,06:29:00,eddie@node1j27.ecdf.ed.ac.uk,1,7721
57582772,0.00921,lw_b11_24h,pminervi,r,08/19/2026,06:26:00,eddie@node1o11.ecdf.ed.ac.uk,1,7697
57582772,0.00921,lw_b11_24h,pminervi,r,08/19/2026,06:26:00,eddie@node1r19.ecdf.ed.ac.uk,1,7698
57582772,0.00921,lw_b11_24h,pminervi,r,08/19/2026,06:26:15,eddie@node1i02.ecdf.ed.ac.uk,1,7699
57582772,0.00921,lw_b11_24h,pminervi,r,08/19/2026,06:26:15,eddie@node1j27.ecdf.ed.ac.uk,1,7700
57582772,0.00921,lw_b11_24h,pminervi,r,08/19/2026,06:25:45,eddie@node1h10.ecdf.ed.ac.uk,1,7696
57582772,0.00921,lw_b11_24h,pminervi,r,08/19/2026,06:25:30,eddie@node1o11.ecdf.ed.ac.uk,1,7695
57582772,0.00921,lw_b11_24h,pminervi,r,08/19/2026,06:24:15,eddie@node1i16.ecdf.ed.ac.uk,1,7690
57582772,0.00921,lw_b11_24h,pminervi,r,08/19/2026,06:24:15,eddie@node1i16.ecdf.ed.ac.uk,1,7691
57582772,0.00921,lw_b11_24h,pminervi,r,08/19/2026,06:24:15,eddie@node1o04.ecdf.ed.ac.uk,1,7692
57582772,0.00921,lw_b11_24h,pminervi,r,08/19/2026,06:24:30,eddie@node1j27.ecdf.ed.ac.uk,1,7693
57582772,0.00921,lw_b11_24h,pminervi,r,08/19/2026,06:24:30,eddie@node1s17.ecdf.ed.ac.uk,1,7694
57582772,0.00921,lw_b11_24h,pminervi,r,08/19/2026,06:24:00,eddie@node1h10.ecdf.ed.ac.uk,1,7686
57582772,0.00921,lw_b11_24h,pminervi,r,08/19/2026,06:24:00,eddie@node1o07.ecdf.ed.ac.uk,1,7687
57582772,0.00921,lw_b11_24h,pminervi,r,08/19/2026,06:24:00,eddie@node1s17.ecdf.ed.ac.uk,1,7688
57582772,0.00921,lw_b11_24h,pminervi,r,08/19/2026,06:24:00,eddie@node1h10.ecdf.ed.ac.uk,1,7689
57582772,0.00921,lw_b11_24h,pminervi,r,08/19/2026,06:23:45,eddie@node1s17.ecdf.ed.ac.uk,1,7684
57582772,0.00921,lw_b11_24h,pminervi,r,08/19/2026,06:23:45,eddie@node1j27.ecdf.ed.ac.uk,1,7685
57582772,0.00921,lw_b11_24h,pminervi,r,08/19/2026,06:23:15,eddie@node1j27.ecdf.ed.ac.uk,1,7682
57582772,0.00921,lw_b11_24h,pminervi,r,08/19/2026,06:23:30,eddie@node1o07.ecdf.ed.ac.uk,1,7683
57582772,0.00921,lw_b11_24h,pminervi,r,08/19/2026,06:22:30,eddie@node1j27.ecdf.ed.ac.uk,1,7681
57582772,0.00921,lw_b11_24h,pminervi,r,08/19/2026,06:21:45,eddie@node1s17.ecdf.ed.ac.uk,1,7675
57582772,0.00921,lw_b11_24h,pminervi,r,08/19/2026,06:21:45,eddie@node1o07.ecdf.ed.ac.uk,1,7676
57582772,0.00921,lw_b11_24h,pminervi,r,08/19/2026,06:22:00,eddie@node1s17.ecdf.ed.ac.uk,1,7677
57582772,0.00921,lw_b11_24h,pminervi,r,08/19/2026,06:22:00,eddie@node1o07.ecdf.ed.ac.uk,1,7678
57582772,0.00921,lw_b11_24h,pminervi,r,08/19/2026,06:22:15,eddie@node1r19.ecdf.ed.ac.uk,1,7679
57582772,0.00921,lw_b11_24h,pminervi,r,08/19/2026,06:22:15,eddie@node1s17.ecdf.ed.ac.uk,1,7680
57582772,0.00920,lw_b11_24h,pminervi,r,08/19/2026,06:20:30,eddie@node1r19.ecdf.ed.ac.uk,1,7664
57582772,0.00920,lw_b11_24h,pminervi,r,08/19/2026,06:20:30,eddie@node1r19.ecdf.ed.ac.uk,1,7665
57582772,0.00920,lw_b11_24h,pminervi,r,08/19/2026,06:20:30,eddie@node1h22.ecdf.ed.ac.uk,1,7666
57582772,0.00920,lw_b11_24h,pminervi,r,08/19/2026,06:20:30,eddie@node1r19.ecdf.ed.ac.uk,1,7667
57582772,0.00920,lw_b11_24h,pminervi,r,08/19/2026,06:21:15,eddie@node1i07.ecdf.ed.ac.uk,1,7672
57582772,0.00920,lw_b11_24h,pminervi,r,08/19/2026,06:21:15,eddie@node1i07.ecdf.ed.ac.uk,1,7673
57582772,0.00920,lw_b11_24h,pminervi,r,08/19/2026,06:21:15,eddie@node1r19.ecdf.ed.ac.uk,1,7674
57582772,0.00920,lw_b11_24h,pminervi,r,08/19/2026,06:20:15,eddie@node1r19.ecdf.ed.ac.uk,1,7661
57582772,0.00920,lw_b11_24h,pminervi,r,08/19/2026,06:20:15,eddie@node1r19.ecdf.ed.ac.uk,1,7662
57582772,0.00920,lw_b11_24h,pminervi,r,08/19/2026,06:20:15,eddie@node1r19.ecdf.ed.ac.uk,1,7663
57582772,0.00920,lw_b11_24h,pminervi,r,08/19/2026,06:19:15,eddie@node1f15.ecdf.ed.ac.uk,1,7653
57582772,0.00920,lw_b11_24h,pminervi,r,08/19/2026,06:19:15,eddie@node1h22.ecdf.ed.ac.uk,1,7654
57582772,0.00920,lw_b11_24h,pminervi,r,08/19/2026,06:19:15,eddie@node1h22.ecdf.ed.ac.uk,1,7655
57582772,0.00920,lw_b11_24h,pminervi,r,08/19/2026,06:19:45,eddie@node1r19.ecdf.ed.ac.uk,1,7658
57582772,0.00920,lw_b11_24h,pminervi,r,08/19/2026,06:19:45,eddie@node1r19.ecdf.ed.ac.uk,1,7659
57582772,0.00920,lw_b11_24h,pminervi,r,08/19/2026,06:20:45,eddie@node1h22.ecdf.ed.ac.uk,1,7668
57582772,0.00920,lw_b11_24h,pminervi,r,08/19/2026,06:20:45,eddie@node1h22.ecdf.ed.ac.uk,1,7669
57582772,0.00920,lw_b11_24h,pminervi,r,08/19/2026,06:19:30,eddie@node1h22.ecdf.ed.ac.uk,1,7656
57582772,0.00920,lw_b11_24h,pminervi,r,08/19/2026,06:19:30,eddie@node1r19.ecdf.ed.ac.uk,1,7657
57582772,0.00920,lw_b11_24h,pminervi,r,08/19/2026,06:21:00,eddie@node1f09.ecdf.ed.ac.uk,1,7670
57582772,0.00920,lw_b11_24h,pminervi,r,08/19/2026,06:21:00,eddie@node1r19.ecdf.ed.ac.uk,1,7671
57582772,0.00920,lw_b11_24h,pminervi,r,08/19/2026,06:20:00,eddie@node1r19.ecdf.ed.ac.uk,1,7660
57582772,0.00920,lw_b11_24h,pminervi,r,08/19/2026,06:18:45,eddie@node1h22.ecdf.ed.ac.uk,1,7644
57582772,0.00920,lw_b11_24h,pminervi,r,08/19/2026,06:18:45,eddie@node1h22.ecdf.ed.ac.uk,1,7645
57582772,0.00920,lw_b11_24h,pminervi,r,08/19/2026,06:18:45,eddie@node1h22.ecdf.ed.ac.uk,1,7646
57582772,0.00920,lw_b11_24h,pminervi,r,08/19/2026,06:18:45,eddie@node1h22.ecdf.ed.ac.uk,1,7647
57582772,0.00920,lw_b11_24h,pminervi,r,08/19/2026,06:18:45,eddie@node1h22.ecdf.ed.ac.uk,1,7648
57582772,0.00920,lw_b11_24h,pminervi,r,08/19/2026,06:18:45,eddie@node1h22.ecdf.ed.ac.uk,1,7649
57582772,0.00920,lw_b11_24h,pminervi,r,08/19/2026,06:19:00,eddie@node1h22.ecdf.ed.ac.uk,1,7650
57582772,0.00920,lw_b11_24h,pminervi,r,08/19/2026,06:19:00,eddie@node1h22.ecdf.ed.ac.uk,1,7651
57582772,0.00920,lw_b11_24h,pminervi,r,08/19/2026,06:19:00,eddie@node1r19.ecdf.ed.ac.uk,1,7652
57582772,0.00920,lw_b11_24h,pminervi,r,08/19/2026,06:18:30,eddie@node1h22.ecdf.ed.ac.uk,1,7637
57582772,0.00920,lw_b11_24h,pminervi,r,08/19/2026,06:18:30,eddie@node1h22.ecdf.ed.ac.uk,1,7638
57582772,0.00920,lw_b11_24h,pminervi,r,08/19/2026,06:18:30,eddie@node1h22.ecdf.ed.ac.uk,1,7639
57582772,0.00920,lw_b11_24h,pminervi,r,08/19/2026,06:18:30,eddie@node1h22.ecdf.ed.ac.uk,1,7640
57582772,0.00920,lw_b11_24h,pminervi,r,08/19/2026,06:18:30,eddie@node1h22.ecdf.ed.ac.uk,1,7641
57582772,0.00920,lw_b11_24h,pminervi,r,08/19/2026,06:18:30,eddie@node1h22.ecdf.ed.ac.uk,1,7642
57582772,0.00920,lw_b11_24h,pminervi,r,08/19/2026,06:18:30,eddie@node1h22.ecdf.ed.ac.uk,1,7643
57582772,0.00920,lw_b11_24h,pminervi,r,08/19/2026,06:16:45,eddie@node1f08.ecdf.ed.ac.uk,1,7621
57582772,0.00920,lw_b11_24h,pminervi,r,08/19/2026,06:16:45,eddie@node1f08.ecdf.ed.ac.uk,1,7622
57582772,0.00920,lw_b11_24h,pminervi,r,08/19/2026,06:16:45,eddie@node1h22.ecdf.ed.ac.uk,1,7623
57582772,0.00920,lw_b11_24h,pminervi,r,08/19/2026,06:16:45,eddie@node1h22.ecdf.ed.ac.uk,1,7624
57582772,0.00920,lw_b11_24h,pminervi,r,08/19/2026,06:16:45,eddie@node1h22.ecdf.ed.ac.uk,1,7625
57582772,0.00920,lw_b11_24h,pminervi,r,08/19/2026,06:15:45,eddie@node1o06.ecdf.ed.ac.uk,1,7610
57582772,0.00920,lw_b11_24h,pminervi,r,08/19/2026,06:15:45,eddie@node1o03.ecdf.ed.ac.uk,1,7611
57582772,0.00920,lw_b11_24h,pminervi,r,08/19/2026,06:15:45,eddie@node1l27.ecdf.ed.ac.uk,1,7612
57582772,0.00920,lw_b11_24h,pminervi,r,08/19/2026,06:17:15,eddie@node1h22.ecdf.ed.ac.uk,1,7628
57582772,0.00920,lw_b11_24h,pminervi,r,08/19/2026,06:17:15,eddie@node1h22.ecdf.ed.ac.uk,1,7629
57582772,0.00920,lw_b11_24h,pminervi,r,08/19/2026,06:17:15,eddie@node1h22.ecdf.ed.ac.uk,1,7630
57582772,0.00920,lw_b11_24h,pminervi,r,08/19/2026,06:15:15,eddie@node1r16.ecdf.ed.ac.uk,1,7607
57582772,0.00920,lw_b11_24h,pminervi,r,08/19/2026,06:15:15,eddie@node1l28.ecdf.ed.ac.uk,1,7608
57582772,0.00920,lw_b11_24h,pminervi,r,08/19/2026,06:15:15,eddie@node1o06.ecdf.ed.ac.uk,1,7609
57582772,0.00920,lw_b11_24h,pminervi,r,08/19/2026,06:16:00,eddie@node1i06.ecdf.ed.ac.uk,1,7613
57582772,0.00920,lw_b11_24h,pminervi,r,08/19/2026,06:16:00,eddie@node1l22.ecdf.ed.ac.uk,1,7614
57582772,0.00920,lw_b11_24h,pminervi,r,08/19/2026,06:16:00,eddie@node1h22.ecdf.ed.ac.uk,1,7615
57582772,0.00920,lw_b11_24h,pminervi,r,08/19/2026,06:16:30,eddie@node1h22.ecdf.ed.ac.uk,1,7618
57582772,0.00920,lw_b11_24h,pminervi,r,08/19/2026,06:16:30,eddie@node1h22.ecdf.ed.ac.uk,1,7619
57582772,0.00920,lw_b11_24h,pminervi,r,08/19/2026,06:16:30,eddie@node1h22.ecdf.ed.ac.uk,1,7620
57582772,0.00920,lw_b11_24h,pminervi,r,08/19/2026,06:17:45,eddie@node1h22.ecdf.ed.ac.uk,1,7632
57582772,0.00920,lw_b11_24h,pminervi,r,08/19/2026,06:17:45,eddie@node1h22.ecdf.ed.ac.uk,1,7633
57582772,0.00920,lw_b11_24h,pminervi,r,08/19/2026,06:18:00,eddie@node1h22.ecdf.ed.ac.uk,1,7634
57582772,0.00920,lw_b11_24h,pminervi,r,08/19/2026,06:18:00,eddie@node1h22.ecdf.ed.ac.uk,1,7635
57582772,0.00920,lw_b11_24h,pminervi,r,08/19/2026,06:14:30,eddie@node1r16.ecdf.ed.ac.uk,1,7602
57582772,0.00920,lw_b11_24h,pminervi,r,08/19/2026,06:14:30,eddie@node1r16.ecdf.ed.ac.uk,1,7603
57582772,0.00920,lw_b11_24h,pminervi,r,08/19/2026,06:14:45,eddie@node1l26.ecdf.ed.ac.uk,1,7604
57582772,0.00920,lw_b11_24h,pminervi,r,08/19/2026,06:14:45,eddie@node1r16.ecdf.ed.ac.uk,1,7605
57582772,0.00920,lw_b11_24h,pminervi,r,08/19/2026,06:16:15,eddie@node1h22.ecdf.ed.ac.uk,1,7616
57582772,0.00920,lw_b11_24h,pminervi,r,08/19/2026,06:16:15,eddie@node1h22.ecdf.ed.ac.uk,1,7617
57582772,0.00920,lw_b11_24h,pminervi,r,08/19/2026,06:17:00,eddie@node1h22.ecdf.ed.ac.uk,1,7626
57582772,0.00920,lw_b11_24h,pminervi,r,08/19/2026,06:17:00,eddie@node1h22.ecdf.ed.ac.uk,1,7627
57582772,0.00920,lw_b11_24h,pminervi,r,08/19/2026,06:17:30,eddie@node1l21.ecdf.ed.ac.uk,1,7631
57582772,0.00920,lw_b11_24h,pminervi,r,08/19/2026,06:18:15,eddie@node1h22.ecdf.ed.ac.uk,1,7636
57582772,0.00920,lw_b11_24h,pminervi,r,08/19/2026,06:15:00,eddie@node1l26.ecdf.ed.ac.uk,1,7606
57582772,0.00920,lw_b11_24h,pminervi,r,08/19/2026,06:13:00,eddie@node1r15.ecdf.ed.ac.uk,1,7581
57582772,0.00920,lw_b11_24h,pminervi,r,08/19/2026,06:13:00,eddie@node1r15.ecdf.ed.ac.uk,1,7582
57582772,0.00920,lw_b11_24h,pminervi,r,08/19/2026,06:13:00,eddie@node1r15.ecdf.ed.ac.uk,1,7583
57582772,0.00920,lw_b11_24h,pminervi,r,08/19/2026,06:13:00,eddie@node1l21.ecdf.ed.ac.uk,1,7584
57582772,0.00920,lw_b11_24h,pminervi,r,08/19/2026,06:13:00,eddie@node1r15.ecdf.ed.ac.uk,1,7585
57582772,0.00920,lw_b11_24h,pminervi,r,08/19/2026,06:13:00,eddie@node1l21.ecdf.ed.ac.uk,1,7586
57582772,0.00920,lw_b11_24h,pminervi,r,08/19/2026,06:12:00,eddie@node1i03.ecdf.ed.ac.uk,1,7570
57582772,0.00920,lw_b11_24h,pminervi,r,08/19/2026,06:12:00,eddie@node1f12.ecdf.ed.ac.uk,1,7571
57582772,0.00920,lw_b11_24h,pminervi,r,08/19/2026,06:12:00,eddie@node1f08.ecdf.ed.ac.uk,1,7572
57582772,0.00920,lw_b11_24h,pminervi,r,08/19/2026,06:12:00,eddie@node1i06.ecdf.ed.ac.uk,1,7573
57582772,0.00920,lw_b11_24h,pminervi,r,08/19/2026,06:12:00,eddie@node1r15.ecdf.ed.ac.uk,1,7574
57582772,0.00920,lw_b11_24h,pminervi,r,08/19/2026,06:14:00,eddie@node1l21.ecdf.ed.ac.uk,1,7592
57582772,0.00920,lw_b11_24h,pminervi,r,08/19/2026,06:14:00,eddie@node1o04.ecdf.ed.ac.uk,1,7593
57582772,0.00920,lw_b11_24h,pminervi,r,08/19/2026,06:14:00,eddie@node1o04.ecdf.ed.ac.uk,1,7594
57582772,0.00920,lw_b11_24h,pminervi,r,08/19/2026,06:14:00,eddie@node1o04.ecdf.ed.ac.uk,1,7595
57582772,0.00920,lw_b11_24h,pminervi,r,08/19/2026,06:14:00,eddie@node1r14.ecdf.ed.ac.uk,1,7596
57582772,0.00920,lw_b11_24h,pminervi,r,08/19/2026,06:14:15,eddie@node1o04.ecdf.ed.ac.uk,1,7597
57582772,0.00920,lw_b11_24h,pminervi,r,08/19/2026,06:14:15,eddie@node1o04.ecdf.ed.ac.uk,1,7598
57582772,0.00920,lw_b11_24h,pminervi,r,08/19/2026,06:14:15,eddie@node1o05.ecdf.ed.ac.uk,1,7599
57582772,0.00920,lw_b11_24h,pminervi,r,08/19/2026,06:14:15,eddie@node1o05.ecdf.ed.ac.uk,1,7600
57582772,0.00920,lw_b11_24h,pminervi,r,08/19/2026,06:14:15,eddie@node1o05.ecdf.ed.ac.uk,1,7601
57582772,0.00920,lw_b11_24h,pminervi,r,08/19/2026,06:11:30,eddie@node1i14.ecdf.ed.ac.uk,1,7565
57582772,0.00920,lw_b11_24h,pminervi,r,08/19/2026,06:11:30,eddie@node1i03.ecdf.ed.ac.uk,1,7566
57582772,0.00920,lw_b11_24h,pminervi,r,08/19/2026,06:11:30,eddie@node1f09.ecdf.ed.ac.uk,1,7567
57582772,0.00920,lw_b11_24h,pminervi,r,08/19/2026,06:11:30,eddie@node1f08.ecdf.ed.ac.uk,1,7568
57582772,0.00920,lw_b11_24h,pminervi,r,08/19/2026,06:10:15,eddie@node1f13.ecdf.ed.ac.uk,1,7559
57582772,0.00920,lw_b11_24h,pminervi,r,08/19/2026,06:10:15,eddie@node1f12.ecdf.ed.ac.uk,1,7560
57582772,0.00920,lw_b11_24h,pminervi,r,08/19/2026,06:10:15,eddie@node1i03.ecdf.ed.ac.uk,1,7561
57582772,0.00920,lw_b11_24h,pminervi,r,08/19/2026,06:12:45,eddie@node1f10.ecdf.ed.ac.uk,1,7578
57582772,0.00920,lw_b11_24h,pminervi,r,08/19/2026,06:12:45,eddie@node1r15.ecdf.ed.ac.uk,1,7579
57582772,0.00920,lw_b11_24h,pminervi,r,08/19/2026,06:12:45,eddie@node1r15.ecdf.ed.ac.uk,1,7580
57582772,0.00920,lw_b11_24h,pminervi,r,08/19/2026,06:13:30,eddie@node1l21.ecdf.ed.ac.uk,1,7587
57582772,0.00920,lw_b11_24h,pminervi,r,08/19/2026,06:13:30,eddie@node1r15.ecdf.ed.ac.uk,1,7588
57582772,0.00920,lw_b11_24h,pminervi,r,08/19/2026,06:13:30,eddie@node1l21.ecdf.ed.ac.uk,1,7589
57582772,0.00920,lw_b11_24h,pminervi,r,08/19/2026,06:10:30,eddie@node1i07.ecdf.ed.ac.uk,1,7562
57582772,0.00920,lw_b11_24h,pminervi,r,08/19/2026,06:10:30,eddie@node1i13.ecdf.ed.ac.uk,1,7563
57582772,0.00920,lw_b11_24h,pminervi,r,08/19/2026,06:12:30,eddie@node1f12.ecdf.ed.ac.uk,1,7576
57582772,0.00920,lw_b11_24h,pminervi,r,08/19/2026,06:12:30,eddie@node1f12.ecdf.ed.ac.uk,1,7577
57582772,0.00920,lw_b11_24h,pminervi,r,08/19/2026,06:13:45,eddie@node1r15.ecdf.ed.ac.uk,1,7590
57582772,0.00920,lw_b11_24h,pminervi,r,08/19/2026,06:13:45,eddie@node1l21.ecdf.ed.ac.uk,1,7591
57582772,0.00920,lw_b11_24h,pminervi,r,08/19/2026,06:10:00,eddie@node1f09.ecdf.ed.ac.uk,1,7558
57582772,0.00920,lw_b11_24h,pminervi,r,08/19/2026,06:11:15,eddie@node1f08.ecdf.ed.ac.uk,1,7564
57582772,0.00920,lw_b11_24h,pminervi,r,08/19/2026,06:11:45,eddie@node1i14.ecdf.ed.ac.uk,1,7569
57582772,0.00920,lw_b11_24h,pminervi,r,08/19/2026,06:12:15,eddie@node1n07.ecdf.ed.ac.uk,1,7575
57582772,0.00920,lw_b11_24h,pminervi,r,08/19/2026,06:08:45,eddie@node1f07.ecdf.ed.ac.uk,1,7552
57582772,0.00920,lw_b11_24h,pminervi,r,08/19/2026,06:08:45,eddie@node1i16.ecdf.ed.ac.uk,1,7553
57582772,0.00920,lw_b11_24h,pminervi,r,08/19/2026,06:09:30,eddie@node1i14.ecdf.ed.ac.uk,1,7556
57582772,0.00920,lw_b11_24h,pminervi,r,08/19/2026,06:09:30,eddie@node1i03.ecdf.ed.ac.uk,1,7557
57582772,0.00920,lw_b11_24h,pminervi,r,08/19/2026,06:09:00,eddie@node1f16.ecdf.ed.ac.uk,1,7554
57582772,0.00920,lw_b11_24h,pminervi,r,08/19/2026,06:09:15,eddie@node1i02.ecdf.ed.ac.uk,1,7555
57582772,0.00920,lw_b11_24h,pminervi,r,08/19/2026,06:08:15,eddie@node1i14.ecdf.ed.ac.uk,1,7551
57723050,0.00920,QLOGIN,abrether,r,08/19/2026,10:43:12,gpu@node1o15.ecdf.ed.ac.uk,10
57582772,0.00920,lw_b11_24h,pminervi,r,08/19/2026,06:07:45,eddie@node1f09.ecdf.ed.ac.uk,1,7545
57582772,0.00920,lw_b11_24h,pminervi,r,08/19/2026,06:07:45,eddie@node1f11.ecdf.ed.ac.uk,1,7546
57582772,0.00920,lw_b11_24h,pminervi,r,08/19/2026,06:07:45,eddie@node1i15.ecdf.ed.ac.uk,1,7547
57582772,0.00920,lw_b11_24h,pminervi,r,08/19/2026,06:07:45,eddie@node1i07.ecdf.ed.ac.uk,1,7548
57582772,0.00920,lw_b11_24h,pminervi,r,08/19/2026,06:07:45,eddie@node1i03.ecdf.ed.ac.uk,1,7549
57582772,0.00920,lw_b11_24h,pminervi,r,08/19/2026,06:07:45,eddie@node1f10.ecdf.ed.ac.uk,1,7550
57582772,0.00920,lw_b11_24h,pminervi,r,08/19/2026,06:07:15,eddie@node1i16.ecdf.ed.ac.uk,1,7541
57582772,0.00920,lw_b11_24h,pminervi,r,08/19/2026,06:07:15,eddie@node1i14.ecdf.ed.ac.uk,1,7542
57582772,0.00920,lw_b11_24h,pminervi,r,08/19/2026,06:06:30,eddie@node1f09.ecdf.ed.ac.uk,1,7537
57582772,0.00920,lw_b11_24h,pminervi,r,08/19/2026,06:06:30,eddie@node1i14.ecdf.ed.ac.uk,1,7538
57582772,0.00920,lw_b11_24h,pminervi,r,08/19/2026,06:07:00,eddie@node1f12.ecdf.ed.ac.uk,1,7539
57582772,0.00920,lw_b11_24h,pminervi,r,08/19/2026,06:07:00,eddie@node1i07.ecdf.ed.ac.uk,1,7540
57582772,0.00920,lw_b11_24h,pminervi,r,08/19/2026,06:07:30,eddie@node1i13.ecdf.ed.ac.uk,1,7543
57582772,0.00920,lw_b11_24h,pminervi,r,08/19/2026,06:07:30,eddie@node1f13.ecdf.ed.ac.uk,1,7544
57582772,0.00920,lw_b11_24h,pminervi,r,08/19/2026,06:05:00,eddie@node1i16.ecdf.ed.ac.uk,1,7525
57582772,0.00920,lw_b11_24h,pminervi,r,08/19/2026,06:05:00,eddie@node1f12.ecdf.ed.ac.uk,1,7526
57582772,0.00920,lw_b11_24h,pminervi,r,08/19/2026,06:05:00,eddie@node1f13.ecdf.ed.ac.uk,1,7527
57582772,0.00920,lw_b11_24h,pminervi,r,08/19/2026,06:05:00,eddie@node1i13.ecdf.ed.ac.uk,1,7528
57582772,0.00920,lw_b11_24h,pminervi,r,08/19/2026,06:05:30,eddie@node1f15.ecdf.ed.ac.uk,1,7530
57582772,0.00920,lw_b11_24h,pminervi,r,08/19/2026,06:05:30,eddie@node1f09.ecdf.ed.ac.uk,1,7531
57582772,0.00920,lw_b11_24h,pminervi,r,08/19/2026,06:05:30,eddie@node1f10.ecdf.ed.ac.uk,1,7532
57582772,0.00920,lw_b11_24h,pminervi,r,08/19/2026,06:05:30,eddie@node1i07.ecdf.ed.ac.uk,1,7533
57582772,0.00920,lw_b11_24h,pminervi,r,08/19/2026,06:04:30,eddie@node1f11.ecdf.ed.ac.uk,1,7522
57582772,0.00920,lw_b11_24h,pminervi,r,08/19/2026,06:04:30,eddie@node1i02.ecdf.ed.ac.uk,1,7523
57582772,0.00920,lw_b11_24h,pminervi,r,08/19/2026,06:06:15,eddie@node1i14.ecdf.ed.ac.uk,1,7535
57582772,0.00920,lw_b11_24h,pminervi,r,08/19/2026,06:06:15,eddie@node1f07.ecdf.ed.ac.uk,1,7536
57582772,0.00920,lw_b11_24h,pminervi,r,08/19/2026,06:04:45,eddie@node1f09.ecdf.ed.ac.uk,1,7524
57582772,0.00920,lw_b11_24h,pminervi,r,08/19/2026,06:05:15,eddie@node1i15.ecdf.ed.ac.uk,1,7529
57582772,0.00920,lw_b11_24h,pminervi,r,08/19/2026,06:06:00,eddie@node1i03.ecdf.ed.ac.uk,1,7534
57582772,0.00919,lw_b11_24h,pminervi,r,08/19/2026,06:01:43,eddie@node1f11.ecdf.ed.ac.uk,1,7503
57582772,0.00919,lw_b11_24h,pminervi,r,08/19/2026,06:01:43,eddie@node1f13.ecdf.ed.ac.uk,1,7504
57582772,0.00919,lw_b11_24h,pminervi,r,08/19/2026,06:01:43,eddie@node1i15.ecdf.ed.ac.uk,1,7505
57582772,0.00919,lw_b11_24h,pminervi,r,08/19/2026,06:02:13,eddie@node1i16.ecdf.ed.ac.uk,1,7507
57582772,0.00919,lw_b11_24h,pminervi,r,08/19/2026,06:02:13,eddie@node1i03.ecdf.ed.ac.uk,1,7508
57582772,0.00919,lw_b11_24h,pminervi,r,08/19/2026,06:02:13,eddie@node1i07.ecdf.ed.ac.uk,1,7509
57582772,0.00919,lw_b11_24h,pminervi,r,08/19/2026,06:02:43,eddie@node1i16.ecdf.ed.ac.uk,1,7511
57582772,0.00919,lw_b11_24h,pminervi,r,08/19/2026,06:02:43,eddie@node1f10.ecdf.ed.ac.uk,1,7512
57582772,0.00919,lw_b11_24h,pminervi,r,08/19/2026,06:02:43,eddie@node1f09.ecdf.ed.ac.uk,1,7513
57582772,0.00919,lw_b11_24h,pminervi,r,08/19/2026,06:01:28,eddie@node1i07.ecdf.ed.ac.uk,1,7500
57582772,0.00919,lw_b11_24h,pminervi,r,08/19/2026,06:01:28,eddie@node1f09.ecdf.ed.ac.uk,1,7501
57582772,0.00919,lw_b11_24h,pminervi,r,08/19/2026,06:01:28,eddie@node1f07.ecdf.ed.ac.uk,1,7502
57582772,0.00919,lw_b11_24h,pminervi,r,08/19/2026,06:01:58,eddie@node1f10.ecdf.ed.ac.uk,1,7506
57582772,0.00919,lw_b11_24h,pminervi,r,08/19/2026,06:02:28,eddie@node1i02.ecdf.ed.ac.uk,1,7510
57582772,0.00919,lw_b11_24h,pminervi,r,08/19/2026,06:02:58,eddie@node1f12.ecdf.ed.ac.uk,1,7514
57582772,0.00919,lw_b11_24h,pminervi,r,08/19/2026,06:03:13,eddie@node1f11.ecdf.ed.ac.uk,1,7515
57582772,0.00919,lw_b11_24h,pminervi,r,08/19/2026,06:04:15,eddie@node1i13.ecdf.ed.ac.uk,1,7518
57582772,0.00919,lw_b11_24h,pminervi,r,08/19/2026,06:04:15,eddie@node1i03.ecdf.ed.ac.uk,1,7519
57582772,0.00919,lw_b11_24h,pminervi,r,08/19/2026,06:04:15,eddie@node1i07.ecdf.ed.ac.uk,1,7520
57582772,0.00919,lw_b11_24h,pminervi,r,08/19/2026,06:04:15,eddie@node1f07.ecdf.ed.ac.uk,1,7521
57582772,0.00919,lw_b11_24h,pminervi,r,08/19/2026,05:56:43,eddie@node1i02.ecdf.ed.ac.uk,1,7474
57582772,0.00919,lw_b11_24h,pminervi,r,08/19/2026,05:56:43,eddie@node1f11.ecdf.ed.ac.uk,1,7475
57582772,0.00919,lw_b11_24h,pminervi,r,08/19/2026,05:56:43,eddie@node1f13.ecdf.ed.ac.uk,1,7476
57582772,0.00919,lw_b11_24h,pminervi,r,08/19/2026,05:56:43,eddie@node1f10.ecdf.ed.ac.uk,1,7477
57582772,0.00919,lw_b11_24h,pminervi,r,08/19/2026,05:56:28,eddie@node1i02.ecdf.ed.ac.uk,1,7471
57582772,0.00919,lw_b11_24h,pminervi,r,08/19/2026,05:56:28,eddie@node1i02.ecdf.ed.ac.uk,1,7472
57582772,0.00919,lw_b11_24h,pminervi,r,08/19/2026,05:56:28,eddie@node1f11.ecdf.ed.ac.uk,1,7473
57582772,0.00919,lw_b11_24h,pminervi,r,08/19/2026,06:00:13,eddie@node1f11.ecdf.ed.ac.uk,1,7493
57582772,0.00919,lw_b11_24h,pminervi,r,08/19/2026,06:00:13,eddie@node1i15.ecdf.ed.ac.uk,1,7494
57582772,0.00919,lw_b11_24h,pminervi,r,08/19/2026,06:00:13,eddie@node1f10.ecdf.ed.ac.uk,1,7495
57582772,0.00919,lw_b11_24h,pminervi,r,08/19/2026,05:56:58,eddie@node1i02.ecdf.ed.ac.uk,1,7478
57582772,0.00919,lw_b11_24h,pminervi,r,08/19/2026,05:56:58,eddie@node1f11.ecdf.ed.ac.uk,1,7479
57582772,0.00919,lw_b11_24h,pminervi,r,08/19/2026,05:56:58,eddie@node1i15.ecdf.ed.ac.uk,1,7480
57582772,0.00919,lw_b11_24h,pminervi,r,08/19/2026,05:59:58,eddie@node1f13.ecdf.ed.ac.uk,1,7491
57582772,0.00919,lw_b11_24h,pminervi,r,08/19/2026,05:59:58,eddie@node1f07.ecdf.ed.ac.uk,1,7492
57582772,0.00919,lw_b11_24h,pminervi,r,08/19/2026,05:57:43,eddie@node1f13.ecdf.ed.ac.uk,1,7482
57582772,0.00919,lw_b11_24h,pminervi,r,08/19/2026,05:57:43,eddie@node1f11.ecdf.ed.ac.uk,1,7483
57582772,0.00919,lw_b11_24h,pminervi,r,08/19/2026,05:59:28,eddie@node1f07.ecdf.ed.ac.uk,1,7489
57582772,0.00919,lw_b11_24h,pminervi,r,08/19/2026,05:59:28,eddie@node1i03.ecdf.ed.ac.uk,1,7490
57582772,0.00919,lw_b11_24h,pminervi,r,08/19/2026,06:01:13,eddie@node1f06.ecdf.ed.ac.uk,1,7498
57582772,0.00919,lw_b11_24h,pminervi,r,08/19/2026,06:01:13,eddie@node1i02.ecdf.ed.ac.uk,1,7499
57582772,0.00919,lw_b11_24h,pminervi,r,08/19/2026,06:03:45,eddie@node1f13.ecdf.ed.ac.uk,1,7516
57582772,0.00919,lw_b11_24h,pminervi,r,08/19/2026,06:03:45,eddie@node1i15.ecdf.ed.ac.uk,1,7517
57582772,0.00919,lw_b11_24h,pminervi,r,08/19/2026,05:58:28,eddie@node1f10.ecdf.ed.ac.uk,1,7486
57582772,0.00919,lw_b11_24h,pminervi,r,08/19/2026,05:58:28,eddie@node1f11.ecdf.ed.ac.uk,1,7487
57582772,0.00919,lw_b11_24h,pminervi,r,08/19/2026,06:00:28,eddie@node1i03.ecdf.ed.ac.uk,1,7496
57582772,0.00919,lw_b11_24h,pminervi,r,08/19/2026,05:54:58,eddie@node1f15.ecdf.ed.ac.uk,1,7468
57582772,0.00919,lw_b11_24h,pminervi,r,08/19/2026,05:55:28,eddie@node1f16.ecdf.ed.ac.uk,1,7470
57582772,0.00919,lw_b11_24h,pminervi,r,08/19/2026,05:58:13,eddie@node1i15.ecdf.ed.ac.uk,1,7485
57582772,0.00919,lw_b11_24h,pminervi,r,08/19/2026,06:00:43,eddie@node1f13.ecdf.ed.ac.uk,1,7497
57582772,0.00919,lw_b11_24h,pminervi,r,08/19/2026,05:55:13,eddie@node1f15.ecdf.ed.ac.uk,1,7469
57582772,0.00919,lw_b11_24h,pminervi,r,08/19/2026,05:57:28,eddie@node1f10.ecdf.ed.ac.uk,1,7481
57582772,0.00919,lw_b11_24h,pminervi,r,08/19/2026,05:57:58,eddie@node1i02.ecdf.ed.ac.uk,1,7484
57582772,0.00919,lw_b11_24h,pminervi,r,08/19/2026,05:59:13,eddie@node1f13.ecdf.ed.ac.uk,1,7488
57725185,0.00917,Kirsty_Abu,s1626483,r,08/19/2026,11:49:12,eddie@node1r17.ecdf.ed.ac.uk,16
57735383,0.00884,QLOGIN,s2749210,r,08/19/2026,14:30:34,igmm_long@node1h02.ecdf.ed.ac.,24
57735269,0.00862,BESS049,s1908796,r,08/19/2026,14:24:05,eddie@node1l01.ecdf.ed.ac.uk,12
57729320,0.00861,twoabentst,mcross2,r,08/19/2026,11:58:58,eddie@node1s19.ecdf.ed.ac.uk,8
57735204,0.00837,QLOGIN,s2673716,r,08/19/2026,14:23:36,gpu@node1g07.ecdf.ed.ac.uk,4
57729396,0.00824,batch_1_1A,eshrimpt,r,08/19/2026,12:31:53,eddie@node1l07.ecdf.ed.ac.uk,4
57660904,0.00820,snakemake,rroehe,r,08/18/2026,15:11:51,eddie@node1m15.ecdf.ed.ac.uk,8,4
57731134,0.00818,test,s2764368,r,08/19/2026,13:05:09,eddie@node1k04.ecdf.ed.ac.uk,4
57722661,0.00817,nf-runDora,hdunnda,r,08/19/2026,08:28:52,gpu@node1q09.ecdf.ed.ac.uk,4
57735356,0.00812,QLOGIN,psmith20,r,08/19/2026,14:27:02,eddie@node1j14.ecdf.ed.ac.uk,1
57739227,0.00781,NBE_4kappa,jricha3,r,08/19/2026,15:41:55,gpu@node1s04.ecdf.ed.ac.uk,4
57738859,0.00764,QLOGIN,s1835145,r,08/19/2026,15:36:53,eddie@node1j14.ecdf.ed.ac.uk,4
57738379,0.00763,power_rsc_,ajonausk,r,08/19/2026,15:33:39,eddie@node1r14.ecdf.ed.ac.uk,1
57743575,0.00755,r2dell,telahma,r,08/19/2026,16:56:29,eddie@node1n11.ecdf.ed.ac.uk,1
57710703,0.00739,QLOGIN,s2113174,r,08/18/2026,16:47:47,eddie@node1j15.ecdf.ed.ac.uk,1
57747007,0.00730,P4,s2594881,r,08/19/2026,17:00:58,gpu@node1q08.ecdf.ed.ac.uk,1
57746801,0.00730,R,v1ybhak,r,08/19/2026,16:56:43,eddie@node1j14.ecdf.ed.ac.uk,1
57747137,0.00725,r_512_d_1d,sbenavid,r,08/19/2026,17:05:51,gpu@node1g02.ecdf.ed.ac.uk,1
57626787,0.00715,Ti4O8-C12-,s1829244,r,08/17/2026,21:08:12,eddie@node1n11.ecdf.ed.ac.uk,2
57626796,0.00689,Ti4O8-C12-,s1829244,r,08/18/2026,04:54:10,eddie@node1k13.ecdf.ed.ac.uk,2
57660904,0.00682,snakemake,rroehe,r,08/18/2026,15:11:51,eddie@node1s20.ecdf.ed.ac.uk,8,5
57720638,0.00669,SortMeRNA,s2556897,r,08/18/2026,21:38:27,igmm_long@node1a02.ecdf.ed.ac.,8,21
57626814,0.00666,Ti4O8-C12-,s1829244,r,08/18/2026,05:39:55,eddie@node1k13.ecdf.ed.ac.uk,2
57626819,0.00654,Ti4O8-C12-,s1829244,r,08/18/2026,07:53:17,eddie@node1k18.ecdf.ed.ac.uk,2
57653359,0.00610,sftp_downl,alopezc3,r,08/14/2026,10:36:22,eddie@node1k15.ecdf.ed.ac.uk,1
57660904,0.00574,snakemake,rroehe,r,08/18/2026,15:12:03,eddie@node1o07.ecdf.ed.ac.uk,8,7
57754606,0.00559,cover_sim,s2441782,r,08/19/2026,22:54:07,eddie@node1j05.ecdf.ed.ac.uk,8,2
57707481,0.00559,QLOGIN,s2309496,r,08/18/2026,12:02:03,eddie@node1j14.ecdf.ed.ac.uk,8
57754485,0.00555,nf-NFCORE_,s1744040,r,08/19/2026,22:11:09,eddie@node1j19.ecdf.ed.ac.uk,8
57722434,0.00544,QLOGIN,cmullen2,r,08/19/2026,06:03:15,eddie@node1j14.ecdf.ed.ac.uk,4
57754494,0.00539,QLOGIN,s1835145,r,08/19/2026,22:17:03,eddie@node1j24.ecdf.ed.ac.uk,4
57731200,0.00530,miniseed_c,lzhu4,r,08/19/2026,13:37:42,eddie@node1j26.ecdf.ed.ac.uk,32
57381920,0.00525,QLOGIN,crobert,r,08/03/2026,11:33:36,eddie@node1i24.ecdf.ed.ac.uk,1
57752713,0.00510,DuckJoint,v1nayele,r,08/19/2026,20:25:21,eddie@node1l25.ecdf.ed.ac.uk,1,2
57722547,0.00505,autoep_can,mharvey2,r,08/19/2026,18:10:53,gpu@node1o01.ecdf.ed.ac.uk,1,1
57752544,0.00502,QLOGIN,abrether,r,08/19/2026,20:20:07,igmm_long@node1h02.ecdf.ed.ac.,1
57731135,0.00495,STAR_mappi,s1913073,r,08/19/2026,13:05:54,eddie@node1l04.ecdf.ed.ac.uk,24
57653208,0.00493,Ti4O8-C12-,s1829244,r,08/18/2026,09:08:29,eddie@node1n07.ecdf.ed.ac.uk,2
57706906,0.00492,nf-NFCORE_,lglendin,r,08/18/2026,20:18:27,eddie@node1l23.ecdf.ed.ac.uk,16
57656292,0.00491,S0_20_vf_5,adixon3,r,08/18/2026,17:13:24,gpu@node1p05.ecdf.ed.ac.uk,1
57660905,0.00487,snakemake,rroehe,r,08/18/2026,22:58:39,eddie@node1s10.ecdf.ed.ac.uk,8,11
57725187,0.00483,Kirsty_PAs,s1626483,r,08/19/2026,11:54:00,eddie@node1l06.ecdf.ed.ac.uk,16
57656253,0.00481,S0_40_vf_5,adixon3,r,08/18/2026,17:04:19,gpu@node1o17.ecdf.ed.ac.uk,1
57656304,0.00475,S0_20_vf_5,adixon3,r,08/18/2026,17:17:25,gpu@node1r03.ecdf.ed.ac.uk,1
57656283,0.00475,S0_20_vf_5,adixon3,r,08/18/2026,17:10:09,gpu@node1s05.ecdf.ed.ac.uk,1
57656282,0.00475,S0_20_vf_5,adixon3,r,08/18/2026,17:09:54,gpu@node1r02.ecdf.ed.ac.uk,1
57656284,0.00475,S0_20_vf_5,adixon3,r,08/18/2026,17:10:39,gpu@node1r02.ecdf.ed.ac.uk,1
57749248,0.00475,quantile,s2150450,r,08/19/2026,18:07:23,eddie@node1l23.ecdf.ed.ac.uk,5,2
57656252,0.00474,S0_40_vf_5,adixon3,r,08/18/2026,17:03:49,gpu@node1p07.ecdf.ed.ac.uk,1
57656314,0.00474,S0_20_vf_5,adixon3,r,08/18/2026,17:22:16,gpu@node1r02.ecdf.ed.ac.uk,1
57656313,0.00474,S0_20_vf_5,adixon3,r,08/18/2026,17:21:46,gpu@node1o17.ecdf.ed.ac.uk,1
57656312,0.00474,S0_20_vf_5,adixon3,r,08/18/2026,17:21:16,gpu@node1s05.ecdf.ed.ac.uk,1
57709682,0.00470,g16a_kenp_,s2678360,r,08/18/2026,15:52:44,eddie@node1o12.ecdf.ed.ac.uk,8
57656333,0.00465,S0_20_vf_5,adixon3,r,08/18/2026,17:52:18,gpu@node1s05.ecdf.ed.ac.uk,1
57656224,0.00460,S0_40_vf_5,adixon3,r,08/18/2026,16:56:35,gpu@node1s05.ecdf.ed.ac.uk,1
57722788,0.00450,pggb_testD,tregan,r,08/19/2026,09:14:09,eddie@node1h12.ecdf.ed.ac.uk,16
57704779,0.00441,jCC116,s1951420,r,08/18/2026,20:58:18,eddie@node1h06.ecdf.ed.ac.uk,32
57746335,0.00418,transfer,s1687781,r,08/19/2026,16:47:53,gpu@node1p04.ecdf.ed.ac.uk,15
57708232,0.00414,pcb_T1-3,wwong3,r,08/18/2026,13:51:59,gpu@node1q07.ecdf.ed.ac.uk,16
57736311,0.00413,QLOGIN,s2749210,r,08/19/2026,15:12:06,igmm_long@node1h02.ecdf.ed.ac.,8
57722824,0.00411,humann4,npeker,r,08/19/2026,09:35:12,eddie@node1q13.ecdf.ed.ac.uk,8,1
57739231,0.00397,NBE_4kappa,jricha3,r,08/19/2026,15:41:56,gpu@node1p05.ecdf.ed.ac.uk,4
57753333,0.00396,transfer,s1687781,r,08/19/2026,21:04:26,gpu@node1p04.ecdf.ed.ac.uk,15
57704785,0.00388,jCC117,s1951420,r,08/18/2026,20:58:18,eddie@node1h14.ecdf.ed.ac.uk,32
57735692,0.00385,QLOGIN,s2403385,r,08/19/2026,15:01:12,eddie@node1j14.ecdf.ed.ac.uk,1
57741956,0.00382,miniseed_c,lzhu4,r,08/19/2026,16:07:41,eddie@node1s15.ecdf.ed.ac.uk,32
57754606,0.00382,cover_sim,s2441782,r,08/19/2026,22:54:07,eddie@node1m02.ecdf.ed.ac.uk,8,3
57738389,0.00382,power_rsc_,ajonausk,r,08/19/2026,15:33:54,eddie@node1o03.ecdf.ed.ac.uk,1
57707385,0.00369,SegA,s2465418,r,08/18/2026,11:34:55,eddie@node1q12.ecdf.ed.ac.uk,1
57747140,0.00366,PO_256_m1d,sbenavid,r,08/19/2026,17:16:28,gpu@node1g06.ecdf.ed.ac.uk,1
57743085,0.00365,miniseed_c,lzhu4,r,08/19/2026,20:52:36,eddie@node1k01.ecdf.ed.ac.uk,24
57686457,0.00365,nf-estimat,akhamseh,r,08/15/2026,14:32:14,igmm_long@node1c07.ecdf.ed.ac.,32
57753423,0.00355,QLOGIN,abrether,r,08/19/2026,21:33:06,igmm_long@node1h02.ecdf.ed.ac.,1
57722547,0.00349,autoep_can,mharvey2,r,08/19/2026,18:15:53,gpu@node1o02.ecdf.ed.ac.uk,1,5
57385939,0.00344,QLOGIN,crobert,r,08/03/2026,16:37:12,eddie@node1i24.ecdf.ed.ac.uk,1
57752713,0.00340,DuckJoint,v1nayele,r,08/19/2026,20:25:21,eddie@node1o08.ecdf.ed.ac.uk,1,3
57702346,0.00332,perm-windo,v1malmar,r,08/19/2026,21:08:26,gpu@node1o02.ecdf.ed.ac.uk,8
57722918,0.00331,Pan_3,s2745005,r,08/19/2026,09:59:44,eddie@node1q14.ecdf.ed.ac.uk,24
57662983,0.00328,trax_map_s,s2906787,r,08/15/2026,19:31:02,eddie@node1j13.ecdf.ed.ac.uk,1,2
57702345,0.00327,perm-windo,v1malmar,r,08/19/2026,20:13:18,gpu@node1o01.ecdf.ed.ac.uk,8
57731222,0.00325,miniseed_c,lzhu4,r,08/19/2026,14:40:42,eddie@node1r09.ecdf.ed.ac.uk,32
57702344,0.00324,perm-windo,v1malmar,r,08/19/2026,19:55:15,gpu@node1o01.ecdf.ed.ac.uk,8
57749248,0.00322,quantile,s2150450,r,08/19/2026,18:07:23,eddie@node1s16.ecdf.ed.ac.uk,5,3
57702343,0.00319,perm-windo,v1malmar,r,08/19/2026,19:15:30,gpu@node1p06.ecdf.ed.ac.uk,8
57702342,0.00315,perm-windo,v1malmar,r,08/19/2026,18:38:53,gpu@node1o02.ecdf.ed.ac.uk,8
57702341,0.00314,perm-windo,v1malmar,r,08/19/2026,18:26:38,gpu@node1o01.ecdf.ed.ac.uk,8
57699057,0.00314,oil2d_mass,s2673720,r,08/19/2026,02:00:13,eddie@node1n15.ecdf.ed.ac.uk,20
57753334,0.00311,transfer,s1687781,r,08/19/2026,21:04:26,gpu@node1q07.ecdf.ed.ac.uk,15
57748951,0.00308,trial100nm,s2278359,r,08/19/2026,17:59:16,gpu@node1r02.ecdf.ed.ac.uk,1
57729326,0.00308,twoadouble,mcross2,r,08/19/2026,12:00:21,eddie@node1s19.ecdf.ed.ac.uk,8
57699058,0.00304,oil2d_mala,s2673720,r,08/19/2026,02:05:28,eddie@node1i25.ecdf.ed.ac.uk,20
57699059,0.00296,oil2d_ssv,s2673720,r,08/19/2026,02:14:28,eddie@node1n13.ecdf.ed.ac.uk,20
57702340,0.00296,perm-windo,v1malmar,r,08/19/2026,17:39:28,gpu@node1r03.ecdf.ed.ac.uk,8
57754606,0.00293,cover_sim,s2441782,r,08/19/2026,22:54:07,eddie@node1j01.ecdf.ed.ac.uk,8,4
57702339,0.00293,perm-windo,v1malmar,r,08/19/2026,17:21:07,gpu@node1o17.ecdf.ed.ac.uk,8
57699060,0.00290,oil3d_ssv,s2673720,r,08/19/2026,02:19:18,eddie@node1n16.ecdf.ed.ac.uk,20
57702338,0.00290,perm-windo,v1malmar,r,08/19/2026,16:22:44,gpu@node1p07.ecdf.ed.ac.uk,8
57702337,0.00287,perm-windo,v1malmar,r,08/19/2026,14:46:06,gpu@node1g02.ecdf.ed.ac.uk,8
57702334,0.00287,perm-windo,v1malmar,r,08/19/2026,14:39:42,gpu@node1o17.ecdf.ed.ac.uk,8
57702335,0.00287,perm-windo,v1malmar,r,08/19/2026,14:41:12,gpu@node1p06.ecdf.ed.ac.uk,8
57727103,0.00282,datastore_,mharvey2,r,08/19/2026,11:22:48,staging@node1f17.ecdf.ed.ac.uk,1
57752244,0.00281,g16a_kenp_,s2678360,r,08/19/2026,20:14:18,eddie@node1n13.ecdf.ed.ac.uk,8
57699062,0.00281,oil3d_mass,s2673720,r,08/19/2026,02:19:28,eddie@node1k05.ecdf.ed.ac.uk,20
57739075,0.00281,gssn16,s1833252,r,08/19/2026,15:39:38,eddie@node1k03.ecdf.ed.ac.uk,8
57699061,0.00279,oil3d_mala,s2673720,r,08/19/2026,02:24:43,eddie@node1n14.ecdf.ed.ac.uk,20
57699063,0.00279,oil3d_sv,s2673720,r,08/19/2026,02:23:28,eddie@node1i17.ecdf.ed.ac.uk,20
57707386,0.00277,SegB,s2465418,r,08/18/2026,11:35:10,eddie@node1q15.ecdf.ed.ac.uk,1
57710568,0.00268,TRANCEPTIO,blivesey,r,08/19/2026,22:29:37,gpu@node1g07.ecdf.ed.ac.uk,1,30
57710568,0.00268,TRANCEPTIO,blivesey,r,08/19/2026,22:06:20,gpu@node1g06.ecdf.ed.ac.uk,1,29
57742697,0.00260,runPlum.sh,jburns10,r,08/19/2026,16:03:16,eddie@node1l01.ecdf.ed.ac.uk,1
57710568,0.00259,TRANCEPTIO,blivesey,r,08/19/2026,21:09:41,gpu@node1g07.ecdf.ed.ac.uk,1,28
57752713,0.00255,DuckJoint,v1nayele,r,08/19/2026,20:25:21,eddie@node1r12.ecdf.ed.ac.uk,1,4
57738414,0.00255,power_rsc_,ajonausk,r,08/19/2026,15:33:54,eddie@node1l22.ecdf.ed.ac.uk,1
57710568,0.00254,TRANCEPTIO,blivesey,r,08/19/2026,20:20:36,gpu@node1g06.ecdf.ed.ac.uk,1,27
57749248,0.00245,quantile,s2150450,r,08/19/2026,18:07:23,eddie@node1s13.ecdf.ed.ac.uk,5,4
57705983,0.00241,ce1,gl03pi9,r,08/19/2026,07:03:00,eddie@node1l15.ecdf.ed.ac.uk,8
57754606,0.00240,cover_sim,s2441782,r,08/19/2026,22:54:07,eddie@node1j19.ecdf.ed.ac.uk,8,5
57750196,0.00240,trial200nm,s2278359,r,08/19/2026,18:44:53,gpu@node1p05.ecdf.ed.ac.uk,1
57743520,0.00228,qc725,s2745005,r,08/19/2026,16:13:52,eddie@node1q12.ecdf.ed.ac.uk,10
57699435,0.00226,Ti4O8-C12-,s1829244,r,08/18/2026,10:36:27,eddie@node1k19.ecdf.ed.ac.uk,2
57707387,0.00222,VP2,s2465418,r,08/18/2026,11:35:10,eddie@node1q13.ecdf.ed.ac.uk,1
57722824,0.00219,humann4,npeker,r,08/19/2026,09:35:12,eddie@node1q02.ecdf.ed.ac.uk,8,3
57699446,0.00214,Ti4O8-C12-,s1829244,r,08/18/2026,10:39:25,eddie@node1k16.ecdf.ed.ac.uk,2
57706793,0.00212,ce2,gl03pi18,r,08/19/2026,07:21:17,eddie@node1l13.ecdf.ed.ac.uk,8
57706873,0.00211,ce1,gl03pi9,r,08/19/2026,07:22:02,eddie@node1l15.ecdf.ed.ac.uk,8
57754606,0.00205,cover_sim,s2441782,r,08/19/2026,22:54:07,eddie@node1k08.ecdf.ed.ac.uk,8,6
57752713,0.00204,DuckJoint,v1nayele,r,08/19/2026,20:25:22,eddie@node1o14.ecdf.ed.ac.uk,1,5
57710568,0.00203,TRANCEPTIO,blivesey,r,08/19/2026,17:17:43,gpu@node1g07.ecdf.ed.ac.uk,1,23
57706819,0.00202,ce2,gl03pi18,r,08/19/2026,07:24:47,eddie@node1l12.ecdf.ed.ac.uk,8
57729400,0.00202,hap1.btau.,s2520601,r,08/19/2026,12:34:08,eddie@node1q04.ecdf.ed.ac.uk,1,3
57706875,0.00200,ce1,gl03pi9,r,08/19/2026,07:26:17,eddie@node1l16.ecdf.ed.ac.uk,8
57749248,0.00199,quantile,s2150450,r,08/19/2026,18:07:38,eddie@node1l21.ecdf.ed.ac.uk,5,5
57705230,0.00199,QLOGIN,ddunica2,r,08/17/2026,22:01:56,eddie@node1i24.ecdf.ed.ac.uk,1
57699413,0.00199,Ti4O8-C12-,s1829244,r,08/18/2026,09:54:00,eddie@node1k12.ecdf.ed.ac.uk,2
57706829,0.00193,ce2,gl03pi18,r,08/19/2026,07:29:07,eddie@node1l18.ecdf.ed.ac.uk,8
57707079,0.00191,ce1,gl03pi9,r,08/19/2026,07:30:27,eddie@node1l11.ecdf.ed.ac.uk,8
57699345,0.00190,Ti4O8-C12-,s1829244,r,08/18/2026,09:34:20,eddie@node1k12.ecdf.ed.ac.uk,2
57738471,0.00189,power_rsc_,ajonausk,r,08/19/2026,15:34:24,eddie@node1k08.ecdf.ed.ac.uk,1
57706562,0.00187,ce2,gl03pi18,r,08/19/2026,05:44:43,eddie@node1l11.ecdf.ed.ac.uk,8
57706584,0.00187,ce2,gl03pi18,r,08/19/2026,05:45:28,eddie@node1l16.ecdf.ed.ac.uk,8
57704339,0.00182,QLOGIN,crobert,r,08/17/2026,15:56:51,eddie@node1i24.ecdf.ed.ac.uk,1
57722824,0.00181,humann4,npeker,r,08/19/2026,09:35:12,eddie@node1q04.ecdf.ed.ac.uk,8,4
57754606,0.00180,cover_sim,s2441782,r,08/19/2026,22:54:07,eddie@node1k09.ecdf.ed.ac.uk,8,7
57662983,0.00180,trax_map_s,s2906787,r,08/16/2026,00:31:04,eddie@node1n10.ecdf.ed.ac.uk,1,3
57713055,0.00179,peb_S0-1,wwong3,r,08/18/2026,20:19:19,eddie@node1m15.ecdf.ed.ac.uk,16
57721217,0.00177,g16a_kenp_,s2678360,r,08/18/2026,22:58:54,eddie@node1o05.ecdf.ed.ac.uk,8
57662983,0.00171,trax_map_s,s2906787,r,08/16/2026,02:11:13,eddie@node1k17.ecdf.ed.ac.uk,1,7
57752713,0.00170,DuckJoint,v1nayele,r,08/19/2026,20:25:22,eddie@node1h03.ecdf.ed.ac.uk,1,6
57713058,0.00170,peb_T1-2,wwong3,r,08/18/2026,20:34:32,eddie@node1h24.ecdf.ed.ac.uk,16
57749248,0.00169,quantile,s2150450,r,08/19/2026,18:07:38,eddie@node1l28.ecdf.ed.ac.uk,5,6
57722865,0.00168,q_0nm-sat,jross7,r,08/19/2026,22:41:37,gpu@node1s04.ecdf.ed.ac.uk,1,569
57722865,0.00167,q_0nm-sat,jross7,r,08/19/2026,22:39:37,gpu@node1q08.ecdf.ed.ac.uk,1,566
57754606,0.00161,cover_sim,s2441782,r,08/19/2026,22:54:07,eddie@node1j22.ecdf.ed.ac.uk,8,8
57744006,0.00156,gpu_input,s2538679,r,08/19/2026,21:52:50,gpu@node1r03.ecdf.ed.ac.uk,1
57662983,0.00156,trax_map_s,s2906787,r,08/16/2026,00:31:19,eddie@node1j13.ecdf.ed.ac.uk,1,4
57722865,0.00156,q_0nm-sat,jross7,r,08/19/2026,22:41:37,gpu@node1r03.ecdf.ed.ac.uk,1,570
57749945,0.00155,nf-NFCORE_,psmith20,r,08/19/2026,18:47:53,eddie@node1j03.ecdf.ed.ac.uk,6
57722824,0.00155,humann4,npeker,r,08/19/2026,09:35:12,eddie@node1q13.ecdf.ed.ac.uk,8,5
57722865,0.00155,q_0nm-sat,jross7,r,08/19/2026,22:39:37,gpu@node1q09.ecdf.ed.ac.uk,1,567
57729352,0.00155,admixture,s2745005,r,08/19/2026,12:09:58,eddie@node1q04.ecdf.ed.ac.uk,10
57713016,0.00154,ce2,gl03pi18,r,08/19/2026,07:41:36,eddie@node1l11.ecdf.ed.ac.uk,8
57735752,0.00154,QLOGIN,crobert,r,08/19/2026,15:02:58,eddie@node1j14.ecdf.ed.ac.uk,1
57704466,0.00152,runlisfloo,nfische2,r,08/19/2026,06:25:45,eddie@node1k19.ecdf.ed.ac.uk,1,7000
57704466,0.00152,runlisfloo,nfische2,r,08/19/2026,06:24:00,eddie@node1k14.ecdf.ed.ac.uk,1,6999
57738511,0.00152,power_rsc_,ajonausk,r,08/19/2026,15:34:24,eddie@node1k08.ecdf.ed.ac.uk,1
57722495,0.00151,ce1,gl03pi9,r,08/19/2026,21:31:49,eddie@node1l13.ecdf.ed.ac.uk,8
57704466,0.00151,runlisfloo,nfische2,r,08/19/2026,06:19:15,eddie@node1k11.ecdf.ed.ac.uk,1,6996
57704466,0.00151,runlisfloo,nfische2,r,08/19/2026,06:20:15,eddie@node1n09.ecdf.ed.ac.uk,1,6997
57704466,0.00151,runlisfloo,nfische2,r,08/19/2026,06:21:00,eddie@node1k17.ecdf.ed.ac.uk,1,6998
57720643,0.00151,step7_ext,s2116644,r,08/19/2026,21:42:50,eddie@node1f16.ecdf.ed.ac.uk,8,63
57720643,0.00151,step7_ext,s2116644,r,08/19/2026,21:42:50,eddie@node1f13.ecdf.ed.ac.uk,8,64
57720643,0.00151,step7_ext,s2116644,r,08/19/2026,21:42:50,eddie@node1f07.ecdf.ed.ac.uk,8,65
57720643,0.00151,step7_ext,s2116644,r,08/19/2026,21:42:50,eddie@node1i13.ecdf.ed.ac.uk,8,66
57720643,0.00151,step7_ext,s2116644,r,08/19/2026,21:42:50,eddie@node1o06.ecdf.ed.ac.uk,8,67
57720643,0.00151,step7_ext,s2116644,r,08/19/2026,21:42:50,eddie@node1l25.ecdf.ed.ac.uk,8,68
57720643,0.00151,step7_ext,s2116644,r,08/19/2026,21:42:50,eddie@node1l22.ecdf.ed.ac.uk,8,69
57720643,0.00151,step7_ext,s2116644,r,08/19/2026,21:42:50,eddie@node1r14.ecdf.ed.ac.uk,8,70
57720643,0.00151,step7_ext,s2116644,r,08/19/2026,21:42:50,eddie@node1o04.ecdf.ed.ac.uk,8,71
57720643,0.00151,step7_ext,s2116644,r,08/19/2026,21:42:50,eddie@node1l21.ecdf.ed.ac.uk,8,72
57720643,0.00151,step7_ext,s2116644,r,08/19/2026,21:42:50,eddie@node1r16.ecdf.ed.ac.uk,8,73
57704466,0.00151,runlisfloo,nfische2,r,08/19/2026,06:15:45,eddie@node1k18.ecdf.ed.ac.uk,1,6989
57704466,0.00151,runlisfloo,nfische2,r,08/19/2026,06:16:00,eddie@node1n12.ecdf.ed.ac.uk,1,6990
57704466,0.00151,runlisfloo,nfische2,r,08/19/2026,06:16:15,eddie@node1k15.ecdf.ed.ac.uk,1,6991
57704466,0.00151,runlisfloo,nfische2,r,08/19/2026,06:16:30,eddie@node1k15.ecdf.ed.ac.uk,1,6992
57704466,0.00151,runlisfloo,nfische2,r,08/19/2026,06:17:15,eddie@node1k15.ecdf.ed.ac.uk,1,6993
57704466,0.00151,runlisfloo,nfische2,r,08/19/2026,06:18:00,eddie@node1k14.ecdf.ed.ac.uk,1,6994
57704466,0.00151,runlisfloo,nfische2,r,08/19/2026,06:18:30,eddie@node1k12.ecdf.ed.ac.uk,1,6995
57704466,0.00151,runlisfloo,nfische2,r,08/19/2026,06:10:30,eddie@node1k12.ecdf.ed.ac.uk,1,6986
57704466,0.00151,runlisfloo,nfische2,r,08/19/2026,06:10:30,eddie@node1j12.ecdf.ed.ac.uk,1,6987
57704466,0.00151,runlisfloo,nfische2,r,08/19/2026,06:13:30,eddie@node1k17.ecdf.ed.ac.uk,1,6988
57704466,0.00150,runlisfloo,nfische2,r,08/19/2026,06:05:30,eddie@node1j13.ecdf.ed.ac.uk,1,6981
57704466,0.00150,runlisfloo,nfische2,r,08/19/2026,06:05:30,eddie@node1n12.ecdf.ed.ac.uk,1,6982
57704466,0.00150,runlisfloo,nfische2,r,08/19/2026,06:05:30,eddie@node1j13.ecdf.ed.ac.uk,1,6983
57704466,0.00150,runlisfloo,nfische2,r,08/19/2026,06:06:00,eddie@node1n12.ecdf.ed.ac.uk,1,6984
57704466,0.00150,runlisfloo,nfische2,r,08/19/2026,06:06:15,eddie@node1n09.ecdf.ed.ac.uk,1,6985
57713018,0.00150,ce2,gl03pi18,r,08/19/2026,07:56:35,eddie@node1l14.ecdf.ed.ac.uk,8
57722865,0.00150,q_0nm-sat,jross7,r,08/19/2026,22:52:22,gpu@node1s04.ecdf.ed.ac.uk,1,575
57722865,0.00150,q_0nm-sat,jross7,r,08/19/2026,22:52:07,gpu@node1o16.ecdf.ed.ac.uk,1,574
57704466,0.00149,runlisfloo,nfische2,r,08/19/2026,06:02:13,eddie@node1j12.ecdf.ed.ac.uk,1,6979
57704466,0.00149,runlisfloo,nfische2,r,08/19/2026,05:50:58,eddie@node1n01.ecdf.ed.ac.uk,1,6969
57704466,0.00149,runlisfloo,nfische2,r,08/19/2026,06:02:43,eddie@node1n08.ecdf.ed.ac.uk,1,6980
57722865,0.00149,q_0nm-sat,jross7,r,08/19/2026,22:47:07,gpu@node1p06.ecdf.ed.ac.uk,1,573
57704466,0.00149,runlisfloo,nfische2,r,08/19/2026,05:52:13,eddie@node1k19.ecdf.ed.ac.uk,1,6970
57704466,0.00149,runlisfloo,nfische2,r,08/19/2026,05:53:43,eddie@node1k11.ecdf.ed.ac.uk,1,6971
57704466,0.00149,runlisfloo,nfische2,r,08/19/2026,05:54:43,eddie@node1n10.ecdf.ed.ac.uk,1,6972
57704466,0.00149,runlisfloo,nfische2,r,08/19/2026,05:54:58,eddie@node1n12.ecdf.ed.ac.uk,1,6973
57704466,0.00149,runlisfloo,nfische2,r,08/19/2026,05:56:43,eddie@node1k10.ecdf.ed.ac.uk,1,6974
57704466,0.00149,runlisfloo,nfische2,r,08/19/2026,05:56:58,eddie@node1n10.ecdf.ed.ac.uk,1,6975
57704466,0.00149,runlisfloo,nfische2,r,08/19/2026,05:59:13,eddie@node1n09.ecdf.ed.ac.uk,1,6976
57704466,0.00149,runlisfloo,nfische2,r,08/19/2026,05:59:58,eddie@node1n12.ecdf.ed.ac.uk,1,6977
57704466,0.00149,runlisfloo,nfische2,r,08/19/2026,06:00:13,eddie@node1k14.ecdf.ed.ac.uk,1,6978
57722865,0.00149,q_0nm-sat,jross7,r,08/19/2026,22:54:22,gpu@node1q07.ecdf.ed.ac.uk,1,577
57722865,0.00149,q_0nm-sat,jross7,r,08/19/2026,22:54:07,gpu@node1g06.ecdf.ed.ac.uk,1,576
57720643,0.00149,step7_ext,s2116644,r,08/19/2026,21:55:50,eddie@node1o14.ecdf.ed.ac.uk,8,80
57720643,0.00149,step7_ext,s2116644,r,08/19/2026,21:55:50,eddie@node1o08.ecdf.ed.ac.uk,8,81
57720643,0.00149,step7_ext,s2116644,r,08/19/2026,21:55:50,eddie@node1o13.ecdf.ed.ac.uk,8,82
57720643,0.00149,step7_ext,s2116644,r,08/19/2026,21:55:50,eddie@node1o13.ecdf.ed.ac.uk,8,83
57720643,0.00149,step7_ext,s2116644,r,08/19/2026,21:55:50,eddie@node1k06.ecdf.ed.ac.uk,8,84
57720643,0.00149,step7_ext,s2116644,r,08/19/2026,21:55:50,eddie@node1j18.ecdf.ed.ac.uk,8,85
57704466,0.00149,runlisfloo,nfische2,r,08/19/2026,05:39:13,eddie@node1k12.ecdf.ed.ac.uk,1,6954
57704466,0.00149,runlisfloo,nfische2,r,08/19/2026,05:39:13,eddie@node1k12.ecdf.ed.ac.uk,1,6955
57704466,0.00149,runlisfloo,nfische2,r,08/19/2026,05:39:13,eddie@node1k12.ecdf.ed.ac.uk,1,6956
57704466,0.00149,runlisfloo,nfische2,r,08/19/2026,05:39:13,eddie@node1k12.ecdf.ed.ac.uk,1,6957
57704466,0.00149,runlisfloo,nfische2,r,08/19/2026,05:40:13,eddie@node1j13.ecdf.ed.ac.uk,1,6958
57704466,0.00149,runlisfloo,nfische2,r,08/19/2026,05:40:43,eddie@node1k15.ecdf.ed.ac.uk,1,6959
57704466,0.00149,runlisfloo,nfische2,r,08/19/2026,05:40:58,eddie@node1k15.ecdf.ed.ac.uk,1,6960
57704466,0.00149,runlisfloo,nfische2,r,08/19/2026,05:41:43,eddie@node1k19.ecdf.ed.ac.uk,1,6961
57704466,0.00149,runlisfloo,nfische2,r,08/19/2026,05:41:43,eddie@node1n12.ecdf.ed.ac.uk,1,6962
57704466,0.00149,runlisfloo,nfische2,r,08/19/2026,05:42:28,eddie@node1k14.ecdf.ed.ac.uk,1,6963
57704466,0.00149,runlisfloo,nfische2,r,08/19/2026,05:38:28,eddie@node1n02.ecdf.ed.ac.uk,1,6953
57704466,0.00149,runlisfloo,nfische2,r,08/19/2026,05:43:13,eddie@node1k20.ecdf.ed.ac.uk,1,6964
57704466,0.00149,runlisfloo,nfische2,r,08/19/2026,05:44:28,eddie@node1k12.ecdf.ed.ac.uk,1,6965
57704466,0.00149,runlisfloo,nfische2,r,08/19/2026,05:44:43,eddie@node1k19.ecdf.ed.ac.uk,1,6966
57704466,0.00149,runlisfloo,nfische2,r,08/19/2026,05:44:58,eddie@node1j13.ecdf.ed.ac.uk,1,6967
57704466,0.00149,runlisfloo,nfische2,r,08/19/2026,05:48:58,eddie@node1k18.ecdf.ed.ac.uk,1,6968
57704466,0.00148,runlisfloo,nfische2,r,08/19/2026,05:35:43,eddie@node1k17.ecdf.ed.ac.uk,1,6952
57722497,0.00148,ce1,gl03pi9,r,08/19/2026,21:37:05,eddie@node1l14.ecdf.ed.ac.uk,8
57704466,0.00148,runlisfloo,nfische2,r,08/19/2026,05:28:43,eddie@node1k20.ecdf.ed.ac.uk,1,6951
57704466,0.00148,runlisfloo,nfische2,r,08/19/2026,05:27:28,eddie@node1n12.ecdf.ed.ac.uk,1,6950
57704466,0.00147,runlisfloo,nfische2,r,08/19/2026,05:26:43,eddie@node1n01.ecdf.ed.ac.uk,1,6949
57704466,0.00147,runlisfloo,nfische2,r,08/19/2026,05:22:43,eddie@node1n01.ecdf.ed.ac.uk,1,6946
57704466,0.00147,runlisfloo,nfische2,r,08/19/2026,05:22:43,eddie@node1k14.ecdf.ed.ac.uk,1,6947
57704466,0.00147,runlisfloo,nfische2,r,08/19/2026,05:23:43,eddie@node1k17.ecdf.ed.ac.uk,1,6948
57704466,0.00147,runlisfloo,nfische2,r,08/19/2026,05:19:13,eddie@node1k14.ecdf.ed.ac.uk,1,6944
57704466,0.00147,runlisfloo,nfische2,r,08/19/2026,05:20:58,eddie@node1j12.ecdf.ed.ac.uk,1,6945
57722494,0.00147,ce1,gl03pi9,r,08/19/2026,20:46:51,eddie@node1l17.ecdf.ed.ac.uk,8
57704466,0.00147,runlisfloo,nfische2,r,08/19/2026,05:16:28,eddie@node1n02.ecdf.ed.ac.uk,1,6937
57704466,0.00147,runlisfloo,nfische2,r,08/19/2026,05:16:58,eddie@node1k15.ecdf.ed.ac.uk,1,6938
57704466,0.00147,runlisfloo,nfische2,r,08/19/2026,05:16:58,eddie@node1k17.ecdf.ed.ac.uk,1,6939
57704466,0.00147,runlisfloo,nfische2,r,08/19/2026,05:17:28,eddie@node1k11.ecdf.ed.ac.uk,1,6940
57704466,0.00147,runlisfloo,nfische2,r,08/19/2026,05:18:13,eddie@node1k15.ecdf.ed.ac.uk,1,6941
57704466,0.00147,runlisfloo,nfische2,r,08/19/2026,05:18:13,eddie@node1k11.ecdf.ed.ac.uk,1,6942
57704466,0.00147,runlisfloo,nfische2,r,08/19/2026,05:18:58,eddie@node1j13.ecdf.ed.ac.uk,1,6943
57749248,0.00147,quantile,s2150450,r,08/19/2026,18:07:38,eddie@node1s18.ecdf.ed.ac.uk,5,7
57713022,0.00147,ce2,gl03pi18,r,08/19/2026,08:07:05,eddie@node1l15.ecdf.ed.ac.uk,8
57722492,0.00147,ce1,gl03pi9,r,08/19/2026,20:44:36,eddie@node1l18.ecdf.ed.ac.uk,8
57704466,0.00147,runlisfloo,nfische2,r,08/19/2026,05:10:58,eddie@node1n10.ecdf.ed.ac.uk,1,6934
57704466,0.00147,runlisfloo,nfische2,r,08/19/2026,05:13:28,eddie@node1k11.ecdf.ed.ac.uk,1,6935
57704466,0.00147,runlisfloo,nfische2,r,08/19/2026,05:13:58,eddie@node1n07.ecdf.ed.ac.uk,1,6936
57722493,0.00147,ce1,gl03pi9,r,08/19/2026,20:44:51,eddie@node1l13.ecdf.ed.ac.uk,8
57722865,0.00147,q_0nm-sat,jross7,r,08/19/2026,22:41:37,gpu@node1p07.ecdf.ed.ac.uk,1,571
57722865,0.00147,q_0nm-sat,jross7,r,08/19/2026,22:41:52,gpu@node1q08.ecdf.ed.ac.uk,1,572
57722498,0.00146,ce1,gl03pi9,r,08/19/2026,22:07:21,eddie@node1l15.ecdf.ed.ac.uk,8
57704466,0.00146,runlisfloo,nfische2,r,08/19/2026,04:59:58,eddie@node1k10.ecdf.ed.ac.uk,1,6932
57704466,0.00146,runlisfloo,nfische2,r,08/19/2026,05:01:28,eddie@node1k20.ecdf.ed.ac.uk,1,6933
57722603,0.00146,ce2,gl03pi18,r,08/19/2026,22:52:07,eddie@node1l13.ecdf.ed.ac.uk,8
57720643,0.00146,step7_ext,s2116644,r,08/19/2026,21:42:35,eddie@node1i14.ecdf.ed.ac.uk,8,61
57720643,0.00146,step7_ext,s2116644,r,08/19/2026,21:42:35,eddie@node1f11.ecdf.ed.ac.uk,8,62
57754606,0.00146,cover_sim,s2441782,r,08/19/2026,22:54:07,eddie@node1l08.ecdf.ed.ac.uk,8,9
57722473,0.00146,ce1,gl02ad2,r,08/19/2026,22:42:22,eddie@node1l16.ecdf.ed.ac.uk,8
57752713,0.00146,DuckJoint,v1nayele,r,08/19/2026,20:25:22,eddie@node1l06.ecdf.ed.ac.uk,1,7
57722452,0.00146,ce1,gl02ad2,r,08/19/2026,22:14:24,eddie@node1l14.ecdf.ed.ac.uk,8
57720643,0.00145,step7_ext,s2116644,r,08/19/2026,21:44:35,eddie@node1r15.ecdf.ed.ac.uk,8,79
57722454,0.00145,ce1,gl02ad2,r,08/19/2026,22:18:02,eddie@node1l11.ecdf.ed.ac.uk,8
57704466,0.00145,runlisfloo,nfische2,r,08/19/2026,04:48:13,eddie@node1n10.ecdf.ed.ac.uk,1,6926
57704466,0.00145,runlisfloo,nfische2,r,08/19/2026,04:51:43,eddie@node1n10.ecdf.ed.ac.uk,1,6927
57704466,0.00145,runlisfloo,nfische2,r,08/19/2026,04:53:28,eddie@node1k14.ecdf.ed.ac.uk,1,6928
57704466,0.00145,runlisfloo,nfische2,r,08/19/2026,04:54:43,eddie@node1j13.ecdf.ed.ac.uk,1,6929
57704466,0.00145,runlisfloo,nfische2,r,08/19/2026,04:54:43,eddie@node1n09.ecdf.ed.ac.uk,1,6930
57744019,0.00145,gpu_input,s2538679,r,08/19/2026,22:47:07,gpu@node1o02.ecdf.ed.ac.uk,1
57704466,0.00145,runlisfloo,nfische2,r,08/19/2026,04:41:13,eddie@node1k11.ecdf.ed.ac.uk,1,6917
57704466,0.00145,runlisfloo,nfische2,r,08/19/2026,04:41:13,eddie@node1k10.ecdf.ed.ac.uk,1,6918
57704466,0.00145,runlisfloo,nfische2,r,08/19/2026,04:42:28,eddie@node1n01.ecdf.ed.ac.uk,1,6919
57704466,0.00145,runlisfloo,nfische2,r,08/19/2026,04:42:28,eddie@node1n01.ecdf.ed.ac.uk,1,6920
57704466,0.00145,runlisfloo,nfische2,r,08/19/2026,04:42:28,eddie@node1n01.ecdf.ed.ac.uk,1,6921
57704466,0.00145,runlisfloo,nfische2,r,08/19/2026,04:42:28,eddie@node1n01.ecdf.ed.ac.uk,1,6922
57704466,0.00145,runlisfloo,nfische2,r,08/19/2026,04:42:43,eddie@node1k18.ecdf.ed.ac.uk,1,6923
57704466,0.00145,runlisfloo,nfische2,r,08/19/2026,04:43:13,eddie@node1k12.ecdf.ed.ac.uk,1,6924
57704466,0.00145,runlisfloo,nfische2,r,08/19/2026,04:44:28,eddie@node1n05.ecdf.ed.ac.uk,1,6925
57704466,0.00145,runlisfloo,nfische2,r,08/19/2026,04:58:28,eddie@node1k20.ecdf.ed.ac.uk,1,6931
57722451,0.00145,ce1,gl02ad2,r,08/19/2026,22:08:05,eddie@node1l16.ecdf.ed.ac.uk,8
57735491,0.00145,ev1_imageg,s2874947,r,08/19/2026,21:38:50,gpu@node1p05.ecdf.ed.ac.uk,4
57722471,0.00145,ce1,gl02ad2,r,08/19/2026,22:39:07,eddie@node1l17.ecdf.ed.ac.uk,8
57722598,0.00145,ce2,gl03pi18,r,08/19/2026,22:42:37,eddie@node1l17.ecdf.ed.ac.uk,8
57722467,0.00144,ce1,gl02ad2,r,08/19/2026,22:19:07,eddie@node1l16.ecdf.ed.ac.uk,8
57722469,0.00144,ce1,gl02ad2,r,08/19/2026,22:35:37,eddie@node1l11.ecdf.ed.ac.uk,8
57704466,0.00144,runlisfloo,nfische2,r,08/19/2026,04:30:28,eddie@node1n12.ecdf.ed.ac.uk,1,6914
57704466,0.00144,runlisfloo,nfische2,r,08/19/2026,04:33:58,eddie@node1n02.ecdf.ed.ac.uk,1,6915
57704466,0.00144,runlisfloo,nfische2,r,08/19/2026,04:35:43,eddie@node1k10.ecdf.ed.ac.uk,1,6916
57722484,0.00144,ce1,gl02ad2,r,08/19/2026,22:54:07,eddie@node1l17.ecdf.ed.ac.uk,8
57722499,0.00144,ce1,gl03pi9,r,08/19/2026,22:26:37,eddie@node1l12.ecdf.ed.ac.uk,8
57722501,0.00144,ce1,gl03pi9,r,08/19/2026,22:45:07,eddie@node1l11.ecdf.ed.ac.uk,8
57704466,0.00144,runlisfloo,nfische2,r,08/19/2026,04:23:43,eddie@node1n10.ecdf.ed.ac.uk,1,6910
57704466,0.00144,runlisfloo,nfische2,r,08/19/2026,04:24:58,eddie@node1n12.ecdf.ed.ac.uk,1,6911
57704466,0.00144,runlisfloo,nfische2,r,08/19/2026,04:26:43,eddie@node1k14.ecdf.ed.ac.uk,1,6912
57704466,0.00144,runlisfloo,nfische2,r,08/19/2026,04:29:13,eddie@node1n09.ecdf.ed.ac.uk,1,6913
57722480,0.00143,ce1,gl02ad2,r,08/19/2026,22:47:22,eddie@node1l15.ecdf.ed.ac.uk,8
57704466,0.00143,runlisfloo,nfische2,r,08/19/2026,04:15:13,eddie@node1j13.ecdf.ed.ac.uk,1,6905
57704466,0.00143,runlisfloo,nfische2,r,08/19/2026,04:16:13,eddie@node1n10.ecdf.ed.ac.uk,1,6906
57704466,0.00143,runlisfloo,nfische2,r,08/19/2026,04:16:58,eddie@node1k18.ecdf.ed.ac.uk,1,6907
57704466,0.00143,runlisfloo,nfische2,r,08/19/2026,04:17:13,eddie@node1n12.ecdf.ed.ac.uk,1,6908
57704466,0.00143,runlisfloo,nfische2,r,08/19/2026,04:18:43,eddie@node1k19.ecdf.ed.ac.uk,1,6909
57707186,0.00143,ce1,gl02ad2,r,08/19/2026,08:11:52,eddie@node1l16.ecdf.ed.ac.uk,8
57704466,0.00143,runlisfloo,nfische2,r,08/19/2026,04:13:58,eddie@node1n12.ecdf.ed.ac.uk,1,6904
57704466,0.00143,runlisfloo,nfische2,r,08/19/2026,04:10:43,eddie@node1k10.ecdf.ed.ac.uk,1,6902
57704466,0.00143,runlisfloo,nfische2,r,08/19/2026,04:12:28,eddie@node1n10.ecdf.ed.ac.uk,1,6903
57735460,0.00143,ev2_dond_Q,s2874947,r,08/19/2026,18:23:53,gpu@node1s04.ecdf.ed.ac.uk,4
57704466,0.00143,runlisfloo,nfische2,r,08/19/2026,04:09:28,eddie@node1k15.ecdf.ed.ac.uk,1,6901
57722040,0.00143,ce1,gl03pi9,r,08/19/2026,13:07:09,eddie@node1l14.ecdf.ed.ac.uk,8
57704466,0.00143,runlisfloo,nfische2,r,08/19/2026,04:04:58,eddie@node1k15.ecdf.ed.ac.uk,1,6900
57662983,0.00142,trax_map_s,s2906787,r,08/16/2026,00:31:19,eddie@node1n09.ecdf.ed.ac.uk,1,5
57704466,0.00142,runlisfloo,nfische2,r,08/19/2026,04:02:58,eddie@node1k14.ecdf.ed.ac.uk,1,6899
57704466,0.00142,runlisfloo,nfische2,r,08/19/2026,03:59:13,eddie@node1k19.ecdf.ed.ac.uk,1,6896
57704466,0.00142,runlisfloo,nfische2,r,08/19/2026,03:59:43,eddie@node1k12.ecdf.ed.ac.uk,1,6897
57704466,0.00142,runlisfloo,nfische2,r,08/19/2026,03:59:43,eddie@node1k14.ecdf.ed.ac.uk,1,6898
57704466,0.00142,runlisfloo,nfische2,r,08/19/2026,03:54:43,eddie@node1k19.ecdf.ed.ac.uk,1,6894
57704466,0.00142,runlisfloo,nfische2,r,08/19/2026,03:57:28,eddie@node1k15.ecdf.ed.ac.uk,1,6895
57722486,0.00142,ce1,gl02ad2,r,08/19/2026,22:54:07,eddie@node1l18.ecdf.ed.ac.uk,8
57744009,0.00141,gpu_input,s2538679,r,08/19/2026,21:54:20,gpu@node1o01.ecdf.ed.ac.uk,1
57704466,0.00141,runlisfloo,nfische2,r,08/19/2026,03:48:43,eddie@node1k14.ecdf.ed.ac.uk,1,6892
57704466,0.00141,runlisfloo,nfische2,r,08/19/2026,03:50:13,eddie@node1n10.ecdf.ed.ac.uk,1,6893
57744016,0.00141,gpu_input,s2538679,r,08/19/2026,22:19:52,gpu@node1o02.ecdf.ed.ac.uk,1
57735499,0.00141,ev1_matchi,s2874947,r,08/19/2026,22:46:07,gpu@node1o01.ecdf.ed.ac.uk,4
57721708,0.00141,ce1,gl02ad2,r,08/19/2026,18:53:23,eddie@node1l12.ecdf.ed.ac.uk,8
57704466,0.00140,runlisfloo,nfische2,r,08/19/2026,03:29:58,eddie@node1k15.ecdf.ed.ac.uk,1,6882
57704466,0.00140,runlisfloo,nfische2,r,08/19/2026,03:29:58,eddie@node1j13.ecdf.ed.ac.uk,1,6883
57704466,0.00140,runlisfloo,nfische2,r,08/19/2026,03:30:13,eddie@node1k19.ecdf.ed.ac.uk,1,6884
57704466,0.00140,runlisfloo,nfische2,r,08/19/2026,03:31:43,eddie@node1j13.ecdf.ed.ac.uk,1,6885
57704466,0.00140,runlisfloo,nfische2,r,08/19/2026,03:31:58,eddie@node1k14.ecdf.ed.ac.uk,1,6886
57704466,0.00140,runlisfloo,nfische2,r,08/19/2026,03:32:13,eddie@node1k15.ecdf.ed.ac.uk,1,6887
57704466,0.00140,runlisfloo,nfische2,r,08/19/2026,03:32:28,eddie@node1k15.ecdf.ed.ac.uk,1,6888
57704466,0.00140,runlisfloo,nfische2,r,08/19/2026,03:34:28,eddie@node1k17.ecdf.ed.ac.uk,1,6889
57704466,0.00140,runlisfloo,nfische2,r,08/19/2026,03:38:58,eddie@node1n02.ecdf.ed.ac.uk,1,6890
57704466,0.00140,runlisfloo,nfische2,r,08/19/2026,03:40:28,eddie@node1k15.ecdf.ed.ac.uk,1,6891
57722551,0.00140,ce2,gl03pi18,r,08/19/2026,20:33:06,eddie@node1l18.ecdf.ed.ac.uk,8
57704466,0.00140,runlisfloo,nfische2,r,08/19/2026,03:27:28,eddie@node1j12.ecdf.ed.ac.uk,1,6881
57704466,0.00140,runlisfloo,nfische2,r,08/19/2026,03:25:58,eddie@node1k14.ecdf.ed.ac.uk,1,6880
57704466,0.00140,runlisfloo,nfische2,r,08/19/2026,03:23:43,eddie@node1k15.ecdf.ed.ac.uk,1,6878
57704466,0.00140,runlisfloo,nfische2,r,08/19/2026,03:23:58,eddie@node1n12.ecdf.ed.ac.uk,1,6879
57721715,0.00140,ce1,gl02ad2,r,08/19/2026,19:17:15,eddie@node1l17.ecdf.ed.ac.uk,8
57704466,0.00139,runlisfloo,nfische2,r,08/19/2026,03:20:58,eddie@node1k14.ecdf.ed.ac.uk,1,6877
57744003,0.00139,gpu_input,s2538679,r,08/19/2026,21:36:50,gpu@node1p07.ecdf.ed.ac.uk,1
57721218,0.00139,g16a_kenp_,s2678360,r,08/18/2026,22:59:11,eddie@node1o06.ecdf.ed.ac.uk,8
57704466,0.00139,runlisfloo,nfische2,r,08/19/2026,03:15:28,eddie@node1n09.ecdf.ed.ac.uk,1,6876
57704466,0.00139,runlisfloo,nfische2,r,08/19/2026,03:11:58,eddie@node1j13.ecdf.ed.ac.uk,1,6874
57704466,0.00139,runlisfloo,nfische2,r,08/19/2026,03:11:58,eddie@node1n09.ecdf.ed.ac.uk,1,6875
57721694,0.00139,ce2,gl03pi18,r,08/19/2026,13:29:57,eddie@node1l12.ecdf.ed.ac.uk,8
57746802,0.00139,ctMA-Tc-dr,wwong3,r,08/19/2026,17:46:43,eddie@node1r20.ecdf.ed.ac.uk,16
57662983,0.00138,trax_map_s,s2906787,r,08/16/2026,02:03:13,eddie@node1k14.ecdf.ed.ac.uk,1,6
57721697,0.00138,ce2,gl03pi18,r,08/19/2026,15:28:26,eddie@node1l15.ecdf.ed.ac.uk,8
57722550,0.00138,ce2,gl03pi18,r,08/19/2026,20:18:49,eddie@node1l18.ecdf.ed.ac.uk,8
57704466,0.00138,runlisfloo,nfische2,r,08/19/2026,02:58:28,eddie@node1n12.ecdf.ed.ac.uk,1,6869
57704466,0.00138,runlisfloo,nfische2,r,08/19/2026,03:00:28,eddie@node1k16.ecdf.ed.ac.uk,1,6870
57704466,0.00138,runlisfloo,nfische2,r,08/19/2026,03:00:43,eddie@node1k17.ecdf.ed.ac.uk,1,6871
57704466,0.00138,runlisfloo,nfische2,r,08/19/2026,03:01:43,eddie@node1j13.ecdf.ed.ac.uk,1,6872
57704466,0.00138,runlisfloo,nfische2,r,08/19/2026,03:04:13,eddie@node1k20.ecdf.ed.ac.uk,1,6873
57722491,0.00138,ce1,gl03pi9,r,08/19/2026,19:59:15,eddie@node1l14.ecdf.ed.ac.uk,8
57704466,0.00138,runlisfloo,nfische2,r,08/19/2026,02:50:13,eddie@node1n12.ecdf.ed.ac.uk,1,6868
57704466,0.00137,runlisfloo,nfische2,r,08/19/2026,02:48:43,eddie@node1k19.ecdf.ed.ac.uk,1,6865
57704466,0.00137,runlisfloo,nfische2,r,08/19/2026,02:49:13,eddie@node1n09.ecdf.ed.ac.uk,1,6866
57704466,0.00137,runlisfloo,nfische2,r,08/19/2026,02:47:28,eddie@node1k10.ecdf.ed.ac.uk,1,6864
57704466,0.00137,runlisfloo,nfische2,r,08/19/2026,02:49:43,eddie@node1j13.ecdf.ed.ac.uk,1,6867
57704466,0.00137,runlisfloo,nfische2,r,08/19/2026,02:44:28,eddie@node1n01.ecdf.ed.ac.uk,1,6863
57722824,0.00137,humann4,npeker,r,08/19/2026,09:35:12,eddie@node1q03.ecdf.ed.ac.uk,8,6
57721712,0.00137,ce1,gl02ad2,r,08/19/2026,19:00:23,eddie@node1l16.ecdf.ed.ac.uk,8
57735497,0.00137,ev2_imageg,s2874947,r,08/19/2026,22:26:07,gpu@node1o02.ecdf.ed.ac.uk,4
57713059,0.00137,pub_T1-2,wwong3,r,08/18/2026,20:42:33,eddie@node1h11.ecdf.ed.ac.uk,16
57704466,0.00137,runlisfloo,nfische2,r,08/19/2026,02:38:28,eddie@node1k11.ecdf.ed.ac.uk,1,6862
57722489,0.00137,ce1,gl03pi9,r,08/19/2026,19:19:01,eddie@node1l16.ecdf.ed.ac.uk,8
57722386,0.00137,ce1,gl03pi9,r,08/19/2026,17:06:06,eddie@node1l18.ecdf.ed.ac.uk,8
57704466,0.00136,runlisfloo,nfische2,r,08/19/2026,02:34:13,eddie@node1n08.ecdf.ed.ac.uk,1,6861
57722488,0.00136,ce1,gl03pi9,r,08/19/2026,18:32:08,eddie@node1l18.ecdf.ed.ac.uk,8
57722544,0.00136,ce2,gl03pi18,r,08/19/2026,20:00:30,eddie@node1l17.ecdf.ed.ac.uk,8
57704466,0.00136,runlisfloo,nfische2,r,08/19/2026,02:28:43,eddie@node1j12.ecdf.ed.ac.uk,1,6859
57704466,0.00136,runlisfloo,nfische2,r,08/19/2026,02:28:58,eddie@node1k17.ecdf.ed.ac.uk,1,6860
57720906,0.00136,ce1,gl02ad2,r,08/19/2026,17:13:51,eddie@node1l14.ecdf.ed.ac.uk,8
57704466,0.00136,runlisfloo,nfische2,r,08/19/2026,02:23:58,eddie@node1k10.ecdf.ed.ac.uk,1,6858
57722919,0.00135,CO23d_mass,s2673720,r,08/19/2026,09:59:59,eddie@node1l06.ecdf.ed.ac.uk,20
57704466,0.00135,runlisfloo,nfische2,r,08/19/2026,02:17:43,eddie@node1k19.ecdf.ed.ac.uk,1,6856
57704466,0.00135,runlisfloo,nfische2,r,08/19/2026,02:17:58,eddie@node1n12.ecdf.ed.ac.uk,1,6857
57704466,0.00135,runlisfloo,nfische2,r,08/19/2026,02:13:13,eddie@node1k18.ecdf.ed.ac.uk,1,6855
57704466,0.00135,runlisfloo,nfische2,r,08/19/2026,02:10:13,eddie@node1n02.ecdf.ed.ac.uk,1,6854
57704466,0.00134,runlisfloo,nfische2,r,08/19/2026,02:03:58,eddie@node1k18.ecdf.ed.ac.uk,1,6853
57721053,0.00134,ce1,gl02ad2,r,08/19/2026,17:18:28,eddie@node1l11.ecdf.ed.ac.uk,8
57743970,0.00134,gpu_input,s2538679,r,08/19/2026,21:19:34,gpu@node1q07.ecdf.ed.ac.uk,1
57721696,0.00134,ce2,gl03pi18,r,08/19/2026,13:38:42,eddie@node1l15.ecdf.ed.ac.uk,8
57749946,0.00134,nf-NFCORE_,psmith20,r,08/19/2026,18:37:38,eddie@node1i07.ecdf.ed.ac.uk,1
57754606,0.00134,cover_sim,s2441782,r,08/19/2026,22:54:07,eddie@node1l05.ecdf.ed.ac.uk,8,10
57722490,0.00134,ce1,gl03pi9,r,08/19/2026,19:23:45,eddie@node1l11.ecdf.ed.ac.uk,8
57704466,0.00134,runlisfloo,nfische2,r,08/19/2026,01:53:28,eddie@node1k17.ecdf.ed.ac.uk,1,6849
57704466,0.00134,runlisfloo,nfische2,r,08/19/2026,01:54:58,eddie@node1k17.ecdf.ed.ac.uk,1,6850
57704466,0.00134,runlisfloo,nfische2,r,08/19/2026,01:55:58,eddie@node1n09.ecdf.ed.ac.uk,1,6851
57704466,0.00134,runlisfloo,nfische2,r,08/19/2026,01:58:43,eddie@node1k16.ecdf.ed.ac.uk,1,6852
57722387,0.00134,ce1,gl03pi9,r,08/19/2026,17:21:52,eddie@node1l13.ecdf.ed.ac.uk,8
57722432,0.00134,ce2,gl03pi18,r,08/19/2026,18:01:53,eddie@node1l12.ecdf.ed.ac.uk,8
57704466,0.00133,runlisfloo,nfische2,r,08/19/2026,01:47:28,eddie@node1n09.ecdf.ed.ac.uk,1,6845
57704466,0.00133,runlisfloo,nfische2,r,08/19/2026,01:48:28,eddie@node1n10.ecdf.ed.ac.uk,1,6846
57704466,0.00133,runlisfloo,nfische2,r,08/19/2026,01:49:13,eddie@node1n10.ecdf.ed.ac.uk,1,6847
57704466,0.00133,runlisfloo,nfische2,r,08/19/2026,01:50:13,eddie@node1k11.ecdf.ed.ac.uk,1,6848
57704466,0.00133,runlisfloo,nfische2,r,08/19/2026,01:41:58,eddie@node1k14.ecdf.ed.ac.uk,1,6843
57704466,0.00133,runlisfloo,nfische2,r,08/19/2026,01:46:43,eddie@node1k10.ecdf.ed.ac.uk,1,6844
57735482,0.00133,ev1_guessw,s2874947,r,08/19/2026,20:10:03,gpu@node1q09.ecdf.ed.ac.uk,4
57704466,0.00133,runlisfloo,nfische2,r,08/19/2026,01:35:43,eddie@node1k15.ecdf.ed.ac.uk,1,6841
57704466,0.00132,runlisfloo,nfische2,r,08/19/2026,01:36:58,eddie@node1k10.ecdf.ed.ac.uk,1,6842
57704466,0.00132,runlisfloo,nfische2,r,08/19/2026,01:32:58,eddie@node1k20.ecdf.ed.ac.uk,1,6838
57704466,0.00132,runlisfloo,nfische2,r,08/19/2026,01:33:28,eddie@node1k11.ecdf.ed.ac.uk,1,6839
57704466,0.00132,runlisfloo,nfische2,r,08/19/2026,01:33:43,eddie@node1k17.ecdf.ed.ac.uk,1,6840
57704466,0.00132,runlisfloo,nfische2,r,08/19/2026,01:31:58,eddie@node1k10.ecdf.ed.ac.uk,1,6837
57704466,0.00132,runlisfloo,nfische2,r,08/19/2026,01:30:13,eddie@node1k18.ecdf.ed.ac.uk,1,6836
57704466,0.00132,runlisfloo,nfische2,r,08/19/2026,01:27:43,eddie@node1n09.ecdf.ed.ac.uk,1,6835
57722920,0.00132,CO23d_mala,s2673720,r,08/19/2026,10:00:14,eddie@node1i25.ecdf.ed.ac.uk,20
57704466,0.00132,runlisfloo,nfische2,r,08/19/2026,01:22:43,eddie@node1j12.ecdf.ed.ac.uk,1,6832
57704466,0.00132,runlisfloo,nfische2,r,08/19/2026,01:23:13,eddie@node1n08.ecdf.ed.ac.uk,1,6833
57704466,0.00132,runlisfloo,nfische2,r,08/19/2026,01:23:58,eddie@node1j13.ecdf.ed.ac.uk,1,6834
57704466,0.00132,runlisfloo,nfische2,r,08/19/2026,01:21:58,eddie@node1k13.ecdf.ed.ac.uk,1,6831
57704466,0.00132,runlisfloo,nfische2,r,08/19/2026,01:20:13,eddie@node1k20.ecdf.ed.ac.uk,1,6828
57704466,0.00132,runlisfloo,nfische2,r,08/19/2026,01:21:13,eddie@node1n09.ecdf.ed.ac.uk,1,6829
57704466,0.00132,runlisfloo,nfische2,r,08/19/2026,01:21:13,eddie@node1k14.ecdf.ed.ac.uk,1,6830
57704466,0.00131,runlisfloo,nfische2,r,08/19/2026,01:17:58,eddie@node1k10.ecdf.ed.ac.uk,1,6827
57704466,0.00131,runlisfloo,nfische2,r,08/19/2026,01:15:58,eddie@node1j13.ecdf.ed.ac.uk,1,6825
57704466,0.00131,runlisfloo,nfische2,r,08/19/2026,01:15:58,eddie@node1k14.ecdf.ed.ac.uk,1,6826
57704466,0.00131,runlisfloo,nfische2,r,08/19/2026,01:14:13,eddie@node1n01.ecdf.ed.ac.uk,1,6824
57704466,0.00131,runlisfloo,nfische2,r,08/19/2026,01:12:28,eddie@node1k11.ecdf.ed.ac.uk,1,6822
57704466,0.00131,runlisfloo,nfische2,r,08/19/2026,01:12:43,eddie@node1j12.ecdf.ed.ac.uk,1,6823
57704466,0.00131,runlisfloo,nfische2,r,08/19/2026,01:11:28,eddie@node1k18.ecdf.ed.ac.uk,1,6821
57704466,0.00131,runlisfloo,nfische2,r,08/19/2026,01:10:58,eddie@node1n10.ecdf.ed.ac.uk,1,6820
57749248,0.00131,quantile,s2150450,r,08/19/2026,18:07:38,eddie@node1r19.ecdf.ed.ac.uk,5,8
57743967,0.00130,gpu_input,s2538679,r,08/19/2026,20:30:06,gpu@node1p06.ecdf.ed.ac.uk,1
57723026,0.00130,oil2d_mcmc,s2673720,r,08/19/2026,10:27:52,eddie@node1m03.ecdf.ed.ac.uk,20
57704466,0.00130,runlisfloo,nfische2,r,08/18/2026,00:41:24,eddie@node1k16.ecdf.ed.ac.uk,1,6000
57704466,0.00130,runlisfloo,nfische2,r,08/19/2026,00:56:13,eddie@node1n02.ecdf.ed.ac.uk,1,6815
57704466,0.00130,runlisfloo,nfische2,r,08/19/2026,00:57:28,eddie@node1n09.ecdf.ed.ac.uk,1,6816
57704466,0.00130,runlisfloo,nfische2,r,08/19/2026,00:59:43,eddie@node1n10.ecdf.ed.ac.uk,1,6817
57704466,0.00130,runlisfloo,nfische2,r,08/19/2026,01:03:13,eddie@node1n09.ecdf.ed.ac.uk,1,6818
57704466,0.00130,runlisfloo,nfische2,r,08/19/2026,01:03:43,eddie@node1n10.ecdf.ed.ac.uk,1,6819
57722414,0.00130,ce1,gl03pi9,r,08/19/2026,17:27:58,eddie@node1l13.ecdf.ed.ac.uk,8
57704466,0.00129,runlisfloo,nfische2,r,08/19/2026,00:53:43,eddie@node1n06.ecdf.ed.ac.uk,1,6813
57704466,0.00129,runlisfloo,nfische2,r,08/19/2026,00:43:43,eddie@node1k17.ecdf.ed.ac.uk,1,6810
57704466,0.00129,runlisfloo,nfische2,r,08/19/2026,00:45:43,eddie@node1k10.ecdf.ed.ac.uk,1,6811
57704466,0.00129,runlisfloo,nfische2,r,08/19/2026,00:46:58,eddie@node1k15.ecdf.ed.ac.uk,1,6812
57704466,0.00129,runlisfloo,nfische2,r,08/19/2026,00:53:58,eddie@node1n09.ecdf.ed.ac.uk,1,6814
57713105,0.00129,pvb_T1-2,wwong3,r,08/18/2026,20:43:03,eddie@node1h16.ecdf.ed.ac.uk,16
57735459,0.00129,ev1_dond_Q,s2874947,r,08/19/2026,18:20:54,gpu@node1o16.ecdf.ed.ac.uk,4
57704466,0.00129,runlisfloo,nfische2,r,08/19/2026,00:40:43,eddie@node1k11.ecdf.ed.ac.uk,1,6805
57704466,0.00129,runlisfloo,nfische2,r,08/19/2026,00:40:58,eddie@node1k11.ecdf.ed.ac.uk,1,6806
57704466,0.00129,runlisfloo,nfische2,r,08/19/2026,00:41:28,eddie@node1n10.ecdf.ed.ac.uk,1,6807
57704466,0.00129,runlisfloo,nfische2,r,08/19/2026,00:41:43,eddie@node1k20.ecdf.ed.ac.uk,1,6808
57704466,0.00129,runlisfloo,nfische2,r,08/19/2026,00:41:43,eddie@node1k17.ecdf.ed.ac.uk,1,6809
57704466,0.00129,runlisfloo,nfische2,r,08/19/2026,00:39:58,eddie@node1k10.ecdf.ed.ac.uk,1,6804
57735496,0.00129,ev1_imageg,s2874947,r,08/19/2026,21:48:35,gpu@node1o02.ecdf.ed.ac.uk,4
57721382,0.00129,ce1,gl02ad2,r,08/19/2026,17:35:44,eddie@node1l12.ecdf.ed.ac.uk,8
57722921,0.00129,CO23d_ssv,s2673720,r,08/19/2026,10:00:14,eddie@node1l02.ecdf.ed.ac.uk,20
57704466,0.00129,runlisfloo,nfische2,r,08/19/2026,00:36:28,eddie@node1k12.ecdf.ed.ac.uk,1,6803
57704466,0.00128,runlisfloo,nfische2,r,08/19/2026,00:31:58,eddie@node1k18.ecdf.ed.ac.uk,1,6800
57704466,0.00128,runlisfloo,nfische2,r,08/19/2026,00:33:28,eddie@node1n08.ecdf.ed.ac.uk,1,6801
57704466,0.00128,runlisfloo,nfische2,r,08/19/2026,00:33:43,eddie@node1k13.ecdf.ed.ac.uk,1,6802
57704466,0.00128,runlisfloo,nfische2,r,08/19/2026,00:25:28,eddie@node1n12.ecdf.ed.ac.uk,1,6795
57704466,0.00128,runlisfloo,nfische2,r,08/19/2026,00:26:28,eddie@node1n10.ecdf.ed.ac.uk,1,6796
57704466,0.00128,runlisfloo,nfische2,r,08/19/2026,00:26:58,eddie@node1k12.ecdf.ed.ac.uk,1,6797
57704466,0.00128,runlisfloo,nfische2,r,08/19/2026,00:27:28,eddie@node1k18.ecdf.ed.ac.uk,1,6798
57704466,0.00128,runlisfloo,nfische2,r,08/19/2026,00:28:13,eddie@node1n09.ecdf.ed.ac.uk,1,6799
57704466,0.00128,runlisfloo,nfische2,r,08/19/2026,00:21:58,eddie@node1n09.ecdf.ed.ac.uk,1,6793
57704466,0.00128,runlisfloo,nfische2,r,08/19/2026,00:22:43,eddie@node1j13.ecdf.ed.ac.uk,1,6794
57704466,0.00128,runlisfloo,nfische2,r,08/19/2026,00:20:28,eddie@node1k17.ecdf.ed.ac.uk,1,6791
57704466,0.00128,runlisfloo,nfische2,r,08/19/2026,00:20:58,eddie@node1k18.ecdf.ed.ac.uk,1,6792
57752713,0.00128,DuckJoint,v1nayele,r,08/19/2026,20:25:22,eddie@node1m11.ecdf.ed.ac.uk,1,8
57731174,0.00127,ttMA-Tt,wwong3,r,08/19/2026,13:19:48,gpu@node1o01.ecdf.ed.ac.uk,16
57721385,0.00127,ce1,gl02ad2,r,08/19/2026,17:35:44,eddie@node1l12.ecdf.ed.ac.uk,8
57735483,0.00127,ev2_guessw,s2874947,r,08/19/2026,20:28:21,gpu@node1o01.ecdf.ed.ac.uk,4
57704466,0.00127,runlisfloo,nfische2,r,08/19/2026,00:10:58,eddie@node1n05.ecdf.ed.ac.uk,1,6787
57704466,0.00127,runlisfloo,nfische2,r,08/19/2026,00:11:13,eddie@node1k13.ecdf.ed.ac.uk,1,6788
57704466,0.00127,runlisfloo,nfische2,r,08/19/2026,00:11:43,eddie@node1k15.ecdf.ed.ac.uk,1,6789
57704466,0.00127,runlisfloo,nfische2,r,08/19/2026,00:13:28,eddie@node1k19.ecdf.ed.ac.uk,1,6790
57704466,0.00127,runlisfloo,nfische2,r,08/19/2026,00:08:13,eddie@node1k18.ecdf.ed.ac.uk,1,6786
57704466,0.00127,runlisfloo,nfische2,r,08/19/2026,00:07:43,eddie@node1n02.ecdf.ed.ac.uk,1,6785
57704466,0.00127,runlisfloo,nfische2,r,08/19/2026,00:06:28,eddie@node1n10.ecdf.ed.ac.uk,1,6784
57729389,0.00127,pub_S0-1,wwong3,r,08/19/2026,12:23:23,eddie@node1m10.ecdf.ed.ac.uk,16
57704466,0.00127,runlisfloo,nfische2,r,08/19/2026,00:03:43,eddie@node1n05.ecdf.ed.ac.uk,1,6782
57704466,0.00127,runlisfloo,nfische2,r,08/19/2026,00:04:13,eddie@node1k10.ecdf.ed.ac.uk,1,6783
57704466,0.00126,runlisfloo,nfische2,r,08/19/2026,00:01:43,eddie@node1k14.ecdf.ed.ac.uk,1,6781
57704466,0.00126,runlisfloo,nfische2,r,08/18/2026,23:59:43,eddie@node1k20.ecdf.ed.ac.uk,1,6779
57704466,0.00126,runlisfloo,nfische2,r,08/19/2026,00:00:19,eddie@node1k14.ecdf.ed.ac.uk,1,6780
57704466,0.00126,runlisfloo,nfische2,r,08/18/2026,23:57:58,eddie@node1n09.ecdf.ed.ac.uk,1,6778
57704466,0.00126,runlisfloo,nfische2,r,08/18/2026,23:57:28,eddie@node1n09.ecdf.ed.ac.uk,1,6777
57704466,0.00126,runlisfloo,nfische2,r,08/18/2026,23:55:28,eddie@node1k13.ecdf.ed.ac.uk,1,6776
57704466,0.00126,runlisfloo,nfische2,r,08/18/2026,23:48:13,eddie@node1j13.ecdf.ed.ac.uk,1,6772
57704466,0.00126,runlisfloo,nfische2,r,08/18/2026,23:50:13,eddie@node1n10.ecdf.ed.ac.uk,1,6773
57704466,0.00126,runlisfloo,nfische2,r,08/18/2026,23:51:43,eddie@node1k20.ecdf.ed.ac.uk,1,6774
57721456,0.00125,ce1,gl02ad2,r,08/19/2026,17:43:13,eddie@node1l13.ecdf.ed.ac.uk,8
57722430,0.00125,ce2,gl03pi18,r,08/19/2026,17:40:44,eddie@node1l18.ecdf.ed.ac.uk,8
57704466,0.00125,runlisfloo,nfische2,r,08/18/2026,23:46:28,eddie@node1n09.ecdf.ed.ac.uk,1,6771
57704466,0.00125,runlisfloo,nfische2,r,08/18/2026,23:53:43,eddie@node1k14.ecdf.ed.ac.uk,1,6775
57704466,0.00125,runlisfloo,nfische2,r,08/18/2026,23:45:58,eddie@node1k14.ecdf.ed.ac.uk,1,6769
57704466,0.00125,runlisfloo,nfische2,r,08/18/2026,23:46:13,eddie@node1k12.ecdf.ed.ac.uk,1,6770
57704466,0.00125,runlisfloo,nfische2,r,08/18/2026,23:37:52,eddie@node1k18.ecdf.ed.ac.uk,1,6768
57704466,0.00125,runlisfloo,nfische2,r,08/18/2026,23:35:22,eddie@node1k20.ecdf.ed.ac.uk,1,6767
57754606,0.00124,cover_sim,s2441782,r,08/19/2026,22:54:07,eddie@node1j17.ecdf.ed.ac.uk,8,11
57704466,0.00124,runlisfloo,nfische2,r,08/18/2026,23:30:07,eddie@node1k12.ecdf.ed.ac.uk,1,6766
57704466,0.00124,runlisfloo,nfische2,r,08/18/2026,23:29:22,eddie@node1k14.ecdf.ed.ac.uk,1,6765
57704466,0.00124,runlisfloo,nfische2,r,08/18/2026,23:27:37,eddie@node1n12.ecdf.ed.ac.uk,1,6764
57735689,0.00124,QLOGIN,npeker,r,08/19/2026,14:59:56,eddie@node1j14.ecdf.ed.ac.uk,8
57704466,0.00124,runlisfloo,nfische2,r,08/18/2026,23:23:52,eddie@node1n01.ecdf.ed.ac.uk,1,6762
57704466,0.00124,runlisfloo,nfische2,r,08/18/2026,23:25:37,eddie@node1n10.ecdf.ed.ac.uk,1,6763
57704466,0.00124,runlisfloo,nfische2,r,08/18/2026,23:21:09,eddie@node1n07.ecdf.ed.ac.uk,1,6760
57704466,0.00124,runlisfloo,nfische2,r,08/18/2026,23:22:07,eddie@node1n10.ecdf.ed.ac.uk,1,6761
57704466,0.00124,runlisfloo,nfische2,r,08/18/2026,23:19:24,eddie@node1k17.ecdf.ed.ac.uk,1,6759
57722824,0.00123,humann4,npeker,r,08/19/2026,09:35:12,eddie@node1q02.ecdf.ed.ac.uk,8,7
57721695,0.00123,ce1,gl02ad2,r,08/19/2026,17:52:13,eddie@node1l14.ecdf.ed.ac.uk,8
57704466,0.00123,runlisfloo,nfische2,r,08/18/2026,23:16:24,eddie@node1n10.ecdf.ed.ac.uk,1,6758
57704466,0.00123,runlisfloo,nfische2,r,08/18/2026,23:14:39,eddie@node1n12.ecdf.ed.ac.uk,1,6757
57704466,0.00123,runlisfloo,nfische2,r,08/18/2026,23:08:31,eddie@node1n09.ecdf.ed.ac.uk,1,6755
57704466,0.00123,runlisfloo,nfische2,r,08/18/2026,23:09:59,eddie@node1k11.ecdf.ed.ac.uk,1,6756
57736233,0.00123,heme_S0,wwong3,r,08/19/2026,15:10:45,eddie@node1j04.ecdf.ed.ac.uk,16
57704466,0.00123,runlisfloo,nfische2,r,08/18/2026,23:05:09,eddie@node1k20.ecdf.ed.ac.uk,1,6752
57704466,0.00123,runlisfloo,nfische2,r,08/18/2026,23:05:24,eddie@node1k14.ecdf.ed.ac.uk,1,6753
57704466,0.00123,runlisfloo,nfische2,r,08/18/2026,23:06:59,eddie@node1j13.ecdf.ed.ac.uk,1,6754
57704466,0.00123,runlisfloo,nfische2,r,08/18/2026,23:03:54,eddie@node1n02.ecdf.ed.ac.uk,1,6751
57704466,0.00122,runlisfloo,nfische2,r,08/18/2026,22:57:39,eddie@node1j12.ecdf.ed.ac.uk,1,6748
57704466,0.00122,runlisfloo,nfische2,r,08/18/2026,22:51:09,eddie@node1k10.ecdf.ed.ac.uk,1,6745
57704466,0.00122,runlisfloo,nfische2,r,08/18/2026,22:52:24,eddie@node1k14.ecdf.ed.ac.uk,1,6746
57704466,0.00122,runlisfloo,nfische2,r,08/18/2026,22:53:24,eddie@node1k15.ecdf.ed.ac.uk,1,6747
57704466,0.00122,runlisfloo,nfische2,r,08/18/2026,22:47:36,eddie@node1k14.ecdf.ed.ac.uk,1,6742
57704466,0.00122,runlisfloo,nfische2,r,08/18/2026,22:48:51,eddie@node1k14.ecdf.ed.ac.uk,1,6743
57704466,0.00122,runlisfloo,nfische2,r,08/18/2026,22:50:21,eddie@node1k11.ecdf.ed.ac.uk,1,6744
57704466,0.00122,runlisfloo,nfische2,r,08/18/2026,22:58:54,eddie@node1k15.ecdf.ed.ac.uk,1,6749
57704466,0.00122,runlisfloo,nfische2,r,08/18/2026,23:02:24,eddie@node1k13.ecdf.ed.ac.uk,1,6750
57704466,0.00122,runlisfloo,nfische2,r,08/18/2026,22:43:51,eddie@node1n02.ecdf.ed.ac.uk,1,6739
57704466,0.00122,runlisfloo,nfische2,r,08/18/2026,22:44:36,eddie@node1k15.ecdf.ed.ac.uk,1,6740
57704466,0.00122,runlisfloo,nfische2,r,08/18/2026,22:44:51,eddie@node1n10.ecdf.ed.ac.uk,1,6741
57704466,0.00121,runlisfloo,nfische2,r,08/18/2026,22:41:45,eddie@node1n09.ecdf.ed.ac.uk,1,6738
57704466,0.00121,runlisfloo,nfische2,r,08/18/2026,22:37:30,eddie@node1n12.ecdf.ed.ac.uk,1,6733
57704466,0.00121,runlisfloo,nfische2,r,08/18/2026,22:37:45,eddie@node1k15.ecdf.ed.ac.uk,1,6734
57704466,0.00121,runlisfloo,nfische2,r,08/18/2026,22:39:45,eddie@node1k15.ecdf.ed.ac.uk,1,6735
57704466,0.00121,runlisfloo,nfische2,r,08/18/2026,22:40:15,eddie@node1n06.ecdf.ed.ac.uk,1,6736
57704466,0.00121,runlisfloo,nfische2,r,08/18/2026,22:40:15,eddie@node1k14.ecdf.ed.ac.uk,1,6737
57704466,0.00121,runlisfloo,nfische2,r,08/18/2026,22:34:45,eddie@node1k14.ecdf.ed.ac.uk,1,6732
57704466,0.00121,runlisfloo,nfische2,r,08/18/2026,22:27:30,eddie@node1k11.ecdf.ed.ac.uk,1,6731
57704466,0.00120,runlisfloo,nfische2,r,08/18/2026,22:26:15,eddie@node1k12.ecdf.ed.ac.uk,1,6730
57704466,0.00120,runlisfloo,nfische2,r,08/18/2026,22:23:30,eddie@node1j13.ecdf.ed.ac.uk,1,6728
57704466,0.00120,runlisfloo,nfische2,r,08/18/2026,22:24:00,eddie@node1n12.ecdf.ed.ac.uk,1,6729
57704466,0.00120,runlisfloo,nfische2,r,08/18/2026,22:22:00,eddie@node1k19.ecdf.ed.ac.uk,1,6727
57754523,0.00120,nf-NFCORE_,cmetheri,r,08/19/2026,22:28:37,eddie@node1s14.ecdf.ed.ac.uk,2
57704466,0.00120,runlisfloo,nfische2,r,08/18/2026,22:18:45,eddie@node1k15.ecdf.ed.ac.uk,1,6726
57704466,0.00120,runlisfloo,nfische2,r,08/18/2026,22:17:30,eddie@node1n02.ecdf.ed.ac.uk,1,6725
57704466,0.00120,runlisfloo,nfische2,r,08/18/2026,22:16:27,eddie@node1n02.ecdf.ed.ac.uk,1,6724
57704466,0.00120,runlisfloo,nfische2,r,08/18/2026,22:14:27,eddie@node1k12.ecdf.ed.ac.uk,1,6723
57704466,0.00119,runlisfloo,nfische2,r,08/18/2026,22:13:42,eddie@node1j12.ecdf.ed.ac.uk,1,6722
57704466,0.00119,runlisfloo,nfische2,r,08/18/2026,22:12:42,eddie@node1s12.ecdf.ed.ac.uk,1,6721
57704466,0.00119,runlisfloo,nfische2,r,08/18/2026,22:09:57,eddie@node1n09.ecdf.ed.ac.uk,1,6720
57704466,0.00119,runlisfloo,nfische2,r,08/18/2026,22:06:27,eddie@node1k11.ecdf.ed.ac.uk,1,6719
57704466,0.00119,runlisfloo,nfische2,r,08/18/2026,22:05:57,eddie@node1k15.ecdf.ed.ac.uk,1,6718
57704466,0.00119,runlisfloo,nfische2,r,08/18/2026,22:04:27,eddie@node1n09.ecdf.ed.ac.uk,1,6717
57704466,0.00119,runlisfloo,nfische2,r,08/18/2026,22:03:42,eddie@node1s12.ecdf.ed.ac.uk,1,6715
57704466,0.00119,runlisfloo,nfische2,r,08/18/2026,22:04:12,eddie@node1n12.ecdf.ed.ac.uk,1,6716
57704466,0.00119,runlisfloo,nfische2,r,08/18/2026,21:59:27,eddie@node1j13.ecdf.ed.ac.uk,1,6714
57704466,0.00119,runlisfloo,nfische2,r,08/18/2026,21:58:42,eddie@node1k16.ecdf.ed.ac.uk,1,6712
57704466,0.00119,runlisfloo,nfische2,r,08/18/2026,21:58:42,eddie@node1k10.ecdf.ed.ac.uk,1,6713
57704466,0.00118,runlisfloo,nfische2,r,08/18/2026,21:56:12,eddie@node1k12.ecdf.ed.ac.uk,1,6711
57704466,0.00118,runlisfloo,nfische2,r,08/18/2026,21:52:12,eddie@node1s12.ecdf.ed.ac.uk,1,6710
57749248,0.00118,quantile,s2150450,r,08/19/2026,18:07:38,eddie@node1o11.ecdf.ed.ac.uk,5,9
57736234,0.00118,heme_T1,wwong3,r,08/19/2026,15:10:45,eddie@node1m06.ecdf.ed.ac.uk,16
57704466,0.00118,runlisfloo,nfische2,r,08/18/2026,21:46:12,eddie@node1n03.ecdf.ed.ac.uk,1,6709
57704466,0.00117,runlisfloo,nfische2,r,08/18/2026,00:50:09,eddie@node1j12.ecdf.ed.ac.uk,1,6001
57704466,0.00117,runlisfloo,nfische2,r,08/18/2026,21:40:12,eddie@node1s12.ecdf.ed.ac.uk,1,6707
57704466,0.00117,runlisfloo,nfische2,r,08/18/2026,21:43:42,eddie@node1n10.ecdf.ed.ac.uk,1,6708
57704466,0.00117,runlisfloo,nfische2,r,08/18/2026,21:38:57,eddie@node1k10.ecdf.ed.ac.uk,1,6705
57704466,0.00117,runlisfloo,nfische2,r,08/18/2026,21:39:12,eddie@node1k15.ecdf.ed.ac.uk,1,6706
57704466,0.00117,runlisfloo,nfische2,r,08/18/2026,21:37:27,eddie@node1k14.ecdf.ed.ac.uk,1,6704
57704466,0.00117,runlisfloo,nfische2,r,08/18/2026,21:33:42,eddie@node1n12.ecdf.ed.ac.uk,1,6702
57704466,0.00117,runlisfloo,nfische2,r,08/18/2026,21:35:12,eddie@node1k18.ecdf.ed.ac.uk,1,6703
57704466,0.00117,runlisfloo,nfische2,r,08/18/2026,21:30:27,eddie@node1k18.ecdf.ed.ac.uk,1,6701
57754606,0.00116,cover_sim,s2441782,r,08/19/2026,22:54:07,eddie@node1j07.ecdf.ed.ac.uk,8,12
57704466,0.00116,runlisfloo,nfische2,r,08/18/2026,21:19:57,eddie@node1n09.ecdf.ed.ac.uk,1,6700
57704466,0.00116,runlisfloo,nfische2,r,08/18/2026,21:16:42,eddie@node1k13.ecdf.ed.ac.uk,1,6698
57704466,0.00116,runlisfloo,nfische2,r,08/18/2026,21:18:57,eddie@node1k11.ecdf.ed.ac.uk,1,6699
57704466,0.00116,runlisfloo,nfische2,r,08/18/2026,21:12:57,eddie@node1k17.ecdf.ed.ac.uk,1,6697
57704466,0.00115,runlisfloo,nfische2,r,08/18/2026,21:04:27,eddie@node1j12.ecdf.ed.ac.uk,1,6696
57704466,0.00115,runlisfloo,nfische2,r,08/18/2026,21:03:42,eddie@node1k10.ecdf.ed.ac.uk,1,6695
57704466,0.00115,runlisfloo,nfische2,r,08/18/2026,21:02:17,eddie@node1k14.ecdf.ed.ac.uk,1,6694
57704466,0.00114,runlisfloo,nfische2,r,08/18/2026,20:55:47,eddie@node1k20.ecdf.ed.ac.uk,1,6693
57704466,0.00114,runlisfloo,nfische2,r,08/18/2026,20:52:33,eddie@node1n09.ecdf.ed.ac.uk,1,6692
57704466,0.00114,runlisfloo,nfische2,r,08/18/2026,20:49:32,eddie@node1k10.ecdf.ed.ac.uk,1,6691
57704466,0.00114,runlisfloo,nfische2,r,08/18/2026,20:47:18,eddie@node1k11.ecdf.ed.ac.uk,1,6690
57704466,0.00114,runlisfloo,nfische2,r,08/18/2026,20:46:18,eddie@node1k15.ecdf.ed.ac.uk,1,6689
57704466,0.00114,runlisfloo,nfische2,r,08/18/2026,20:45:03,eddie@node1j13.ecdf.ed.ac.uk,1,6688
57704466,0.00114,runlisfloo,nfische2,r,08/18/2026,20:38:32,eddie@node1j13.ecdf.ed.ac.uk,1,6684
57704466,0.00114,runlisfloo,nfische2,r,08/18/2026,20:43:03,eddie@node1k13.ecdf.ed.ac.uk,1,6687
57704466,0.00114,runlisfloo,nfische2,r,08/18/2026,20:37:17,eddie@node1n05.ecdf.ed.ac.uk,1,6683
57752713,0.00113,DuckJoint,v1nayele,r,08/19/2026,20:25:22,eddie@node1m11.ecdf.ed.ac.uk,1,9
57704466,0.00113,runlisfloo,nfische2,r,08/18/2026,20:29:02,eddie@node1j13.ecdf.ed.ac.uk,1,6682
57704466,0.00113,runlisfloo,nfische2,r,08/18/2026,20:25:17,eddie@node1n06.ecdf.ed.ac.uk,1,6678
57704466,0.00113,runlisfloo,nfische2,r,08/18/2026,20:25:32,eddie@node1n02.ecdf.ed.ac.uk,1,6679
57704466,0.00113,runlisfloo,nfische2,r,08/18/2026,20:27:02,eddie@node1k17.ecdf.ed.ac.uk,1,6680
57704466,0.00113,runlisfloo,nfische2,r,08/18/2026,20:28:17,eddie@node1n09.ecdf.ed.ac.uk,1,6681
57704466,0.00113,runlisfloo,nfische2,r,08/18/2026,20:23:17,eddie@node1k18.ecdf.ed.ac.uk,1,6676
57704466,0.00113,runlisfloo,nfische2,r,08/18/2026,20:23:17,eddie@node1k14.ecdf.ed.ac.uk,1,6677
57704466,0.00113,runlisfloo,nfische2,r,08/18/2026,20:23:02,eddie@node1n07.ecdf.ed.ac.uk,1,6675
57704466,0.00112,runlisfloo,nfische2,r,08/18/2026,20:22:33,eddie@node1k17.ecdf.ed.ac.uk,1,6674
57704466,0.00112,runlisfloo,nfische2,r,08/18/2026,20:21:02,eddie@node1j13.ecdf.ed.ac.uk,1,6673
57704466,0.00112,runlisfloo,nfische2,r,08/18/2026,20:20:47,eddie@node1n10.ecdf.ed.ac.uk,1,6672
57704466,0.00112,runlisfloo,nfische2,r,08/18/2026,20:20:17,eddie@node1j13.ecdf.ed.ac.uk,1,6671
57704466,0.00112,runlisfloo,nfische2,r,08/18/2026,20:19:08,eddie@node1n05.ecdf.ed.ac.uk,1,6669
57704466,0.00112,runlisfloo,nfische2,r,08/18/2026,20:19:08,eddie@node1s12.ecdf.ed.ac.uk,1,6670
57704466,0.00112,runlisfloo,nfische2,r,08/18/2026,20:16:16,eddie@node1n08.ecdf.ed.ac.uk,1,6655
57704466,0.00112,runlisfloo,nfische2,r,08/18/2026,20:18:27,eddie@node1n02.ecdf.ed.ac.uk,1,6656
57704466,0.00112,runlisfloo,nfische2,r,08/18/2026,20:18:27,eddie@node1n05.ecdf.ed.ac.uk,1,6657
57704466,0.00112,runlisfloo,nfische2,r,08/18/2026,20:18:27,eddie@node1n01.ecdf.ed.ac.uk,1,6658
57704466,0.00112,runlisfloo,nfische2,r,08/18/2026,20:18:27,eddie@node1n08.ecdf.ed.ac.uk,1,6659
57704466,0.00112,runlisfloo,nfische2,r,08/18/2026,20:18:27,eddie@node1n01.ecdf.ed.ac.uk,1,6660
57704466,0.00112,runlisfloo,nfische2,r,08/18/2026,20:18:27,eddie@node1n08.ecdf.ed.ac.uk,1,6661
57704466,0.00112,runlisfloo,nfische2,r,08/18/2026,20:18:27,eddie@node1s12.ecdf.ed.ac.uk,1,6662
57704466,0.00112,runlisfloo,nfische2,r,08/18/2026,20:18:27,eddie@node1s12.ecdf.ed.ac.uk,1,6663
57704466,0.00112,runlisfloo,nfische2,r,08/18/2026,20:18:27,eddie@node1k13.ecdf.ed.ac.uk,1,6664
57704466,0.00112,runlisfloo,nfische2,r,08/18/2026,20:18:51,eddie@node1n07.ecdf.ed.ac.uk,1,6665
57704466,0.00112,runlisfloo,nfische2,r,08/18/2026,20:18:51,eddie@node1n06.ecdf.ed.ac.uk,1,6666
57704466,0.00112,runlisfloo,nfische2,r,08/18/2026,20:18:51,eddie@node1n08.ecdf.ed.ac.uk,1,6667
57704466,0.00112,runlisfloo,nfische2,r,08/18/2026,20:18:51,eddie@node1n11.ecdf.ed.ac.uk,1,6668
57704466,0.00112,runlisfloo,nfische2,r,08/18/2026,20:14:02,eddie@node1n01.ecdf.ed.ac.uk,1,6654
57704466,0.00112,runlisfloo,nfische2,r,08/18/2026,20:13:32,eddie@node1n11.ecdf.ed.ac.uk,1,6653
57704466,0.00112,runlisfloo,nfische2,r,08/18/2026,20:12:17,eddie@node1n12.ecdf.ed.ac.uk,1,6652
57704466,0.00112,runlisfloo,nfische2,r,08/18/2026,20:11:46,eddie@node1n06.ecdf.ed.ac.uk,1,6651
57704466,0.00112,runlisfloo,nfische2,r,08/18/2026,20:11:01,eddie@node1k16.ecdf.ed.ac.uk,1,6650
57704466,0.00112,runlisfloo,nfische2,r,08/18/2026,20:08:17,eddie@node1k10.ecdf.ed.ac.uk,1,6649
57722807,0.00112,s5_21_2021,yhu5,r,08/19/2026,09:26:55,eddie@node1o04.ecdf.ed.ac.uk,1
57704466,0.00111,runlisfloo,nfische2,r,08/18/2026,20:06:17,eddie@node1k20.ecdf.ed.ac.uk,1,6648
57704466,0.00111,runlisfloo,nfische2,r,08/18/2026,20:04:32,eddie@node1k14.ecdf.ed.ac.uk,1,6646
57704466,0.00111,runlisfloo,nfische2,r,08/18/2026,20:05:02,eddie@node1n09.ecdf.ed.ac.uk,1,6647
57704466,0.00111,runlisfloo,nfische2,r,08/18/2026,20:01:47,eddie@node1j12.ecdf.ed.ac.uk,1,6641
57704466,0.00111,runlisfloo,nfische2,r,08/18/2026,20:02:02,eddie@node1n08.ecdf.ed.ac.uk,1,6642
57704466,0.00111,runlisfloo,nfische2,r,08/18/2026,20:03:17,eddie@node1k18.ecdf.ed.ac.uk,1,6643
57704466,0.00111,runlisfloo,nfische2,r,08/18/2026,20:04:02,eddie@node1n06.ecdf.ed.ac.uk,1,6644
57704466,0.00111,runlisfloo,nfische2,r,08/18/2026,20:04:17,eddie@node1n02.ecdf.ed.ac.uk,1,6645
57704466,0.00111,runlisfloo,nfische2,r,08/18/2026,19:58:02,eddie@node1k14.ecdf.ed.ac.uk,1,6638
57704466,0.00111,runlisfloo,nfische2,r,08/18/2026,19:59:47,eddie@node1k11.ecdf.ed.ac.uk,1,6639
57704466,0.00111,runlisfloo,nfische2,r,08/18/2026,20:00:01,eddie@node1k19.ecdf.ed.ac.uk,1,6640
57752336,0.00111,CO22d_fab,s2673720,r,08/19/2026,20:47:21,eddie@node1j05.ecdf.ed.ac.uk,10
57704466,0.00111,runlisfloo,nfische2,r,08/18/2026,19:53:46,eddie@node1k18.ecdf.ed.ac.uk,1,6633
57704466,0.00111,runlisfloo,nfische2,r,08/18/2026,19:54:01,eddie@node1k16.ecdf.ed.ac.uk,1,6634
57704466,0.00111,runlisfloo,nfische2,r,08/18/2026,19:54:46,eddie@node1k17.ecdf.ed.ac.uk,1,6635
57704466,0.00111,runlisfloo,nfische2,r,08/18/2026,19:56:16,eddie@node1k18.ecdf.ed.ac.uk,1,6636
57704466,0.00111,runlisfloo,nfische2,r,08/18/2026,19:56:31,eddie@node1n10.ecdf.ed.ac.uk,1,6637
57704466,0.00110,runlisfloo,nfische2,r,08/18/2026,19:51:01,eddie@node1k13.ecdf.ed.ac.uk,1,6631
57704466,0.00110,runlisfloo,nfische2,r,08/18/2026,19:52:31,eddie@node1j13.ecdf.ed.ac.uk,1,6632
57704466,0.00110,runlisfloo,nfische2,r,08/18/2026,19:49:01,eddie@node1k16.ecdf.ed.ac.uk,1,6630
57704466,0.00110,runlisfloo,nfische2,r,08/18/2026,19:47:46,eddie@node1n05.ecdf.ed.ac.uk,1,6629
57704466,0.00110,runlisfloo,nfische2,r,08/18/2026,19:45:01,eddie@node1k12.ecdf.ed.ac.uk,1,6627
57704466,0.00110,runlisfloo,nfische2,r,08/18/2026,19:45:01,eddie@node1k10.ecdf.ed.ac.uk,1,6628
57704466,0.00110,runlisfloo,nfische2,r,08/18/2026,19:44:01,eddie@node1k17.ecdf.ed.ac.uk,1,6626
57704466,0.00110,runlisfloo,nfische2,r,08/18/2026,19:43:31,eddie@node1k10.ecdf.ed.ac.uk,1,6625
57704466,0.00110,runlisfloo,nfische2,r,08/18/2026,19:43:00,eddie@node1j13.ecdf.ed.ac.uk,1,6624
57704466,0.00110,runlisfloo,nfische2,r,08/18/2026,19:42:15,eddie@node1n01.ecdf.ed.ac.uk,1,6623
57704466,0.00110,runlisfloo,nfische2,r,08/18/2026,19:41:45,eddie@node1n05.ecdf.ed.ac.uk,1,6621
57704466,0.00110,runlisfloo,nfische2,r,08/18/2026,19:41:46,eddie@node1n09.ecdf.ed.ac.uk,1,6622
57704466,0.00110,runlisfloo,nfische2,r,08/18/2026,19:40:30,eddie@node1n10.ecdf.ed.ac.uk,1,6620
57754606,0.00110,cover_sim,s2441782,r,08/19/2026,22:54:07,eddie@node1k03.ecdf.ed.ac.uk,8,13
57704466,0.00109,runlisfloo,nfische2,r,08/18/2026,19:31:31,eddie@node1n10.ecdf.ed.ac.uk,1,6616
57704466,0.00109,runlisfloo,nfische2,r,08/18/2026,19:28:01,eddie@node1k14.ecdf.ed.ac.uk,1,6612
57704466,0.00109,runlisfloo,nfische2,r,08/18/2026,19:31:46,eddie@node1k13.ecdf.ed.ac.uk,1,6617
57704466,0.00109,runlisfloo,nfische2,r,08/18/2026,19:29:16,eddie@node1n02.ecdf.ed.ac.uk,1,6613
57704466,0.00109,runlisfloo,nfische2,r,08/18/2026,19:29:46,eddie@node1j12.ecdf.ed.ac.uk,1,6614
57704466,0.00109,runlisfloo,nfische2,r,08/18/2026,19:35:16,eddie@node1j12.ecdf.ed.ac.uk,1,6619
57704466,0.00109,runlisfloo,nfische2,r,08/18/2026,19:30:01,eddie@node1n10.ecdf.ed.ac.uk,1,6615
57704466,0.00109,runlisfloo,nfische2,r,08/18/2026,19:32:16,eddie@node1k14.ecdf.ed.ac.uk,1,6618
57704466,0.00108,runlisfloo,nfische2,r,08/18/2026,19:17:46,eddie@node1k15.ecdf.ed.ac.uk,1,6611
57704466,0.00108,runlisfloo,nfische2,r,08/18/2026,19:12:46,eddie@node1k20.ecdf.ed.ac.uk,1,6607
57704466,0.00108,runlisfloo,nfische2,r,08/18/2026,19:13:01,eddie@node1k17.ecdf.ed.ac.uk,1,6608
57704466,0.00108,runlisfloo,nfische2,r,08/18/2026,19:13:16,eddie@node1k17.ecdf.ed.ac.uk,1,6609
57704466,0.00108,runlisfloo,nfische2,r,08/18/2026,19:14:16,eddie@node1n05.ecdf.ed.ac.uk,1,6610
57704466,0.00108,runlisfloo,nfische2,r,08/18/2026,19:09:01,eddie@node1n10.ecdf.ed.ac.uk,1,6603
57704466,0.00108,runlisfloo,nfische2,r,08/18/2026,01:11:17,eddie@node1k15.ecdf.ed.ac.uk,1,6002
57704466,0.00108,runlisfloo,nfische2,r,08/18/2026,19:08:16,eddie@node1n01.ecdf.ed.ac.uk,1,6602
57749248,0.00108,quantile,s2150450,r,08/19/2026,18:07:38,eddie@node1h07.ecdf.ed.ac.uk,5,10
57704466,0.00108,runlisfloo,nfische2,r,08/18/2026,19:07:01,eddie@node1k18.ecdf.ed.ac.uk,1,6599
57704466,0.00108,runlisfloo,nfische2,r,08/18/2026,19:08:01,eddie@node1k19.ecdf.ed.ac.uk,1,6601
57704466,0.00108,runlisfloo,nfische2,r,08/18/2026,19:06:31,eddie@node1k14.ecdf.ed.ac.uk,1,6598
57704466,0.00107,runlisfloo,nfische2,r,08/18/2026,19:05:31,eddie@node1n01.ecdf.ed.ac.uk,1,6597
57704466,0.00107,runlisfloo,nfische2,r,08/18/2026,19:04:31,eddie@node1n12.ecdf.ed.ac.uk,1,6596
57704466,0.00107,runlisfloo,nfische2,r,08/18/2026,19:03:31,eddie@node1n01.ecdf.ed.ac.uk,1,6595
57743940,0.00107,gpu_input,s2538679,r,08/19/2026,16:16:08,gpu@node1q09.ecdf.ed.ac.uk,1
57704466,0.00107,runlisfloo,nfische2,r,08/18/2026,18:57:06,eddie@node1k16.ecdf.ed.ac.uk,1,6592
57704466,0.00107,runlisfloo,nfische2,r,08/18/2026,18:58:22,eddie@node1k14.ecdf.ed.ac.uk,1,6593
57704466,0.00107,runlisfloo,nfische2,r,08/18/2026,19:02:42,eddie@node1k15.ecdf.ed.ac.uk,1,6594
57704466,0.00107,runlisfloo,nfische2,r,08/18/2026,18:56:22,eddie@node1n12.ecdf.ed.ac.uk,1,6591
57704466,0.00107,runlisfloo,nfische2,r,08/18/2026,18:55:36,eddie@node1k14.ecdf.ed.ac.uk,1,6590
57704466,0.00106,runlisfloo,nfische2,r,08/18/2026,18:54:22,eddie@node1k13.ecdf.ed.ac.uk,1,6588
57704466,0.00106,runlisfloo,nfische2,r,08/18/2026,18:54:37,eddie@node1k19.ecdf.ed.ac.uk,1,6589
57704466,0.00106,runlisfloo,nfische2,r,08/18/2026,18:51:07,eddie@node1n10.ecdf.ed.ac.uk,1,6585
57704466,0.00106,runlisfloo,nfische2,r,08/18/2026,18:52:52,eddie@node1k16.ecdf.ed.ac.uk,1,6586
57704466,0.00106,runlisfloo,nfische2,r,08/18/2026,18:54:07,eddie@node1k17.ecdf.ed.ac.uk,1,6587
57704466,0.00106,runlisfloo,nfische2,r,08/18/2026,18:47:07,eddie@node1s12.ecdf.ed.ac.uk,1,6584
57752338,0.00106,CO23d_fab,s2673720,r,08/19/2026,20:47:21,eddie@node1j08.ecdf.ed.ac.uk,10
57704466,0.00105,runlisfloo,nfische2,r,08/18/2026,18:36:22,eddie@node1n10.ecdf.ed.ac.uk,1,6580
57704466,0.00105,runlisfloo,nfische2,r,08/18/2026,18:33:52,eddie@node1k15.ecdf.ed.ac.uk,1,6577
57704466,0.00105,runlisfloo,nfische2,r,08/18/2026,18:33:52,eddie@node1k17.ecdf.ed.ac.uk,1,6578
57704466,0.00105,runlisfloo,nfische2,r,08/18/2026,18:35:22,eddie@node1j13.ecdf.ed.ac.uk,1,6579
57704466,0.00105,runlisfloo,nfische2,r,08/18/2026,18:41:37,eddie@node1k17.ecdf.ed.ac.uk,1,6581
57704466,0.00105,runlisfloo,nfische2,r,08/18/2026,18:44:22,eddie@node1n01.ecdf.ed.ac.uk,1,6582
57704466,0.00105,runlisfloo,nfische2,r,08/18/2026,18:44:22,eddie@node1n09.ecdf.ed.ac.uk,1,6583
57704466,0.00105,runlisfloo,nfische2,r,08/18/2026,18:33:22,eddie@node1k10.ecdf.ed.ac.uk,1,6576
57704379,0.00105,Pan_4,s2745005,r,08/17/2026,16:07:42,eddie@node1t01.ecdf.ed.ac.uk,24
57704466,0.00105,runlisfloo,nfische2,r,08/18/2026,18:31:18,eddie@node1k15.ecdf.ed.ac.uk,1,6575
57704466,0.00105,runlisfloo,nfische2,r,08/18/2026,18:27:33,eddie@node1k16.ecdf.ed.ac.uk,1,6571
57704466,0.00105,runlisfloo,nfische2,r,08/18/2026,18:28:03,eddie@node1s12.ecdf.ed.ac.uk,1,6572
57704466,0.00105,runlisfloo,nfische2,r,08/18/2026,18:30:03,eddie@node1k11.ecdf.ed.ac.uk,1,6573
57704466,0.00105,runlisfloo,nfische2,r,08/18/2026,18:30:48,eddie@node1k11.ecdf.ed.ac.uk,1,6574
57704466,0.00104,runlisfloo,nfische2,r,08/18/2026,18:19:33,eddie@node1s11.ecdf.ed.ac.uk,1,6570
57704466,0.00104,runlisfloo,nfische2,r,08/18/2026,18:14:33,eddie@node1k12.ecdf.ed.ac.uk,1,6562
57704466,0.00104,runlisfloo,nfische2,r,08/18/2026,18:14:48,eddie@node1s12.ecdf.ed.ac.uk,1,6563
57704466,0.00104,runlisfloo,nfische2,r,08/18/2026,18:15:33,eddie@node1n12.ecdf.ed.ac.uk,1,6564
57704466,0.00104,runlisfloo,nfische2,r,08/18/2026,18:16:03,eddie@node1k12.ecdf.ed.ac.uk,1,6565
57704466,0.00104,runlisfloo,nfische2,r,08/18/2026,18:16:18,eddie@node1k14.ecdf.ed.ac.uk,1,6566
57704466,0.00104,runlisfloo,nfische2,r,08/18/2026,18:16:33,eddie@node1n12.ecdf.ed.ac.uk,1,6567
57704466,0.00104,runlisfloo,nfische2,r,08/18/2026,18:17:18,eddie@node1k19.ecdf.ed.ac.uk,1,6568
57704466,0.00104,runlisfloo,nfische2,r,08/18/2026,18:18:03,eddie@node1s12.ecdf.ed.ac.uk,1,6569
57704466,0.00104,runlisfloo,nfische2,r,08/18/2026,18:09:03,eddie@node1j12.ecdf.ed.ac.uk,1,6556
57704466,0.00104,runlisfloo,nfische2,r,08/18/2026,18:09:48,eddie@node1k13.ecdf.ed.ac.uk,1,6557
57704466,0.00104,runlisfloo,nfische2,r,08/18/2026,18:10:48,eddie@node1j13.ecdf.ed.ac.uk,1,6558
57704466,0.00104,runlisfloo,nfische2,r,08/18/2026,18:11:33,eddie@node1s09.ecdf.ed.ac.uk,1,6559
57704466,0.00104,runlisfloo,nfische2,r,08/18/2026,18:11:48,eddie@node1k10.ecdf.ed.ac.uk,1,6560
57704466,0.00104,runlisfloo,nfische2,r,08/18/2026,18:12:33,eddie@node1s11.ecdf.ed.ac.uk,1,6561
57754606,0.00104,cover_sim,s2441782,r,08/19/2026,22:54:07,eddie@node1j09.ecdf.ed.ac.uk,8,14
57704466,0.00104,runlisfloo,nfische2,r,08/18/2026,18:04:33,eddie@node1n03.ecdf.ed.ac.uk,1,6553
57704466,0.00104,runlisfloo,nfische2,r,08/18/2026,18:05:48,eddie@node1k10.ecdf.ed.ac.uk,1,6554
57704466,0.00104,runlisfloo,nfische2,r,08/18/2026,18:06:48,eddie@node1k15.ecdf.ed.ac.uk,1,6555
57704466,0.00102,runlisfloo,nfische2,r,08/18/2026,17:59:18,eddie@node1k11.ecdf.ed.ac.uk,1,6550
57704466,0.00102,runlisfloo,nfische2,r,08/18/2026,17:59:33,eddie@node1k13.ecdf.ed.ac.uk,1,6551
57704466,0.00102,runlisfloo,nfische2,r,08/18/2026,18:01:33,eddie@node1k19.ecdf.ed.ac.uk,1,6552
57704466,0.00102,runlisfloo,nfische2,r,08/18/2026,17:47:18,eddie@node1k18.ecdf.ed.ac.uk,1,6546
57704466,0.00102,runlisfloo,nfische2,r,08/18/2026,17:47:48,eddie@node1n08.ecdf.ed.ac.uk,1,6547
57704466,0.00102,runlisfloo,nfische2,r,08/18/2026,17:49:33,eddie@node1k11.ecdf.ed.ac.uk,1,6548
57704466,0.00102,runlisfloo,nfische2,r,08/18/2026,17:50:33,eddie@node1k12.ecdf.ed.ac.uk,1,6549
57752713,0.00102,DuckJoint,v1nayele,r,08/19/2026,20:25:22,eddie@node1k04.ecdf.ed.ac.uk,1,10
57752342,0.00102,CO23d_elbo,s2673720,r,08/19/2026,20:47:36,eddie@node1j21.ecdf.ed.ac.uk,10
57704466,0.00102,runlisfloo,nfische2,r,08/18/2026,17:35:50,eddie@node1k14.ecdf.ed.ac.uk,1,6544
57704466,0.00102,runlisfloo,nfische2,r,08/18/2026,17:37:05,eddie@node1k16.ecdf.ed.ac.uk,1,6545
57704466,0.00101,runlisfloo,nfische2,r,08/18/2026,17:32:50,eddie@node1k17.ecdf.ed.ac.uk,1,6543
57704466,0.00101,runlisfloo,nfische2,r,08/18/2026,17:31:31,eddie@node1s12.ecdf.ed.ac.uk,1,6541
57704466,0.00101,runlisfloo,nfische2,r,08/18/2026,17:31:31,eddie@node1s12.ecdf.ed.ac.uk,1,6542
57704466,0.00101,runlisfloo,nfische2,r,08/18/2026,17:27:46,eddie@node1n10.ecdf.ed.ac.uk,1,6536
57704466,0.00101,runlisfloo,nfische2,r,08/18/2026,17:27:01,eddie@node1k17.ecdf.ed.ac.uk,1,6535
57704466,0.00101,runlisfloo,nfische2,r,08/18/2026,17:25:32,eddie@node1k17.ecdf.ed.ac.uk,1,6534
57704466,0.00101,runlisfloo,nfische2,r,08/18/2026,17:24:02,eddie@node1n12.ecdf.ed.ac.uk,1,6533
57704466,0.00101,runlisfloo,nfische2,r,08/18/2026,17:28:16,eddie@node1s12.ecdf.ed.ac.uk,1,6537
57704466,0.00101,runlisfloo,nfische2,r,08/18/2026,17:28:16,eddie@node1s12.ecdf.ed.ac.uk,1,6538
57704466,0.00101,runlisfloo,nfische2,r,08/18/2026,17:28:16,eddie@node1s12.ecdf.ed.ac.uk,1,6539
57704466,0.00101,runlisfloo,nfische2,r,08/18/2026,17:28:16,eddie@node1s12.ecdf.ed.ac.uk,1,6540
57704466,0.00101,runlisfloo,nfische2,r,08/18/2026,17:23:02,eddie@node1k18.ecdf.ed.ac.uk,1,6532
57704466,0.00101,runlisfloo,nfische2,r,08/18/2026,17:20:32,eddie@node1k20.ecdf.ed.ac.uk,1,6531
57704466,0.00101,runlisfloo,nfische2,r,08/18/2026,17:15:39,eddie@node1s10.ecdf.ed.ac.uk,1,6529
57705262,0.00101,QLOGIN,crobert,r,08/17/2026,22:14:14,eddie@node1i22.ecdf.ed.ac.uk,1
57704466,0.00101,runlisfloo,nfische2,r,08/18/2026,17:16:54,eddie@node1n01.ecdf.ed.ac.uk,1,6530
57704466,0.00100,runlisfloo,nfische2,r,08/18/2026,17:10:09,eddie@node1s12.ecdf.ed.ac.uk,1,6522
57704466,0.00100,runlisfloo,nfische2,r,08/18/2026,17:12:54,eddie@node1k14.ecdf.ed.ac.uk,1,6526
57704466,0.00100,runlisfloo,nfische2,r,08/18/2026,17:13:54,eddie@node1k15.ecdf.ed.ac.uk,1,6527
57704466,0.00100,runlisfloo,nfische2,r,08/18/2026,17:14:24,eddie@node1k15.ecdf.ed.ac.uk,1,6528
57704466,0.00100,runlisfloo,nfische2,r,08/18/2026,17:10:40,eddie@node1s11.ecdf.ed.ac.uk,1,6523
57704466,0.00100,runlisfloo,nfische2,r,08/18/2026,17:10:55,eddie@node1s11.ecdf.ed.ac.uk,1,6524
57704466,0.00100,runlisfloo,nfische2,r,08/18/2026,17:11:54,eddie@node1n08.ecdf.ed.ac.uk,1,6525
57704466,0.00100,runlisfloo,nfische2,r,08/18/2026,17:07:34,eddie@node1k14.ecdf.ed.ac.uk,1,6521
57704466,0.00100,runlisfloo,nfische2,r,08/18/2026,17:06:49,eddie@node1k17.ecdf.ed.ac.uk,1,6520
57704466,0.00100,runlisfloo,nfische2,r,08/18/2026,17:05:49,eddie@node1k14.ecdf.ed.ac.uk,1,6519
57704466,0.00100,runlisfloo,nfische2,r,08/18/2026,17:05:35,eddie@node1n06.ecdf.ed.ac.uk,1,6518
57704466,0.00100,runlisfloo,nfische2,r,08/18/2026,17:03:04,eddie@node1s10.ecdf.ed.ac.uk,1,6517
57704466,0.00100,runlisfloo,nfische2,r,08/18/2026,01:14:02,eddie@node1k17.ecdf.ed.ac.uk,1,6003
57704466,0.00099,runlisfloo,nfische2,r,08/18/2026,17:00:49,eddie@node1k13.ecdf.ed.ac.uk,1,6516
57704466,0.00099,runlisfloo,nfische2,r,08/18/2026,17:00:20,eddie@node1s12.ecdf.ed.ac.uk,1,6515
57749248,0.00099,quantile,s2150450,r,08/19/2026,18:07:38,eddie@node1h05.ecdf.ed.ac.uk,5,11
57704466,0.00099,runlisfloo,nfische2,r,08/18/2026,16:57:50,eddie@node1s11.ecdf.ed.ac.uk,1,6513
57704466,0.00099,runlisfloo,nfische2,r,08/18/2026,16:57:50,eddie@node1j13.ecdf.ed.ac.uk,1,6514
57704466,0.00099,runlisfloo,nfische2,r,08/18/2026,16:57:20,eddie@node1s11.ecdf.ed.ac.uk,1,6512
57704466,0.00099,runlisfloo,nfische2,r,08/18/2026,16:55:50,eddie@node1s10.ecdf.ed.ac.uk,1,6511
57704466,0.00099,runlisfloo,nfische2,r,08/18/2026,16:53:05,eddie@node1k13.ecdf.ed.ac.uk,1,6510
57704466,0.00099,runlisfloo,nfische2,r,08/18/2026,16:52:05,eddie@node1n08.ecdf.ed.ac.uk,1,6509
57704466,0.00099,runlisfloo,nfische2,r,08/18/2026,16:50:56,eddie@node1s11.ecdf.ed.ac.uk,1,6508
57704466,0.00099,runlisfloo,nfische2,r,08/18/2026,16:50:06,eddie@node1s11.ecdf.ed.ac.uk,1,6506
57704466,0.00099,runlisfloo,nfische2,r,08/18/2026,16:50:21,eddie@node1k17.ecdf.ed.ac.uk,1,6507
57754606,0.00099,cover_sim,s2441782,r,08/19/2026,22:54:07,eddie@node1l19.ecdf.ed.ac.uk,8,15
57704466,0.00099,runlisfloo,nfische2,r,08/18/2026,16:47:25,eddie@node1k15.ecdf.ed.ac.uk,1,6505
57704466,0.00098,runlisfloo,nfische2,r,08/18/2026,16:45:06,eddie@node1s11.ecdf.ed.ac.uk,1,6502
57704466,0.00098,runlisfloo,nfische2,r,08/18/2026,16:45:06,eddie@node1k12.ecdf.ed.ac.uk,1,6503
57704466,0.00098,runlisfloo,nfische2,r,08/18/2026,16:46:06,eddie@node1s11.ecdf.ed.ac.uk,1,6504
57704466,0.00098,runlisfloo,nfische2,r,08/18/2026,16:44:21,eddie@node1k12.ecdf.ed.ac.uk,1,6501
57704466,0.00098,runlisfloo,nfische2,r,08/18/2026,16:43:51,eddie@node1s09.ecdf.ed.ac.uk,1,6500
57704466,0.00098,runlisfloo,nfische2,r,08/18/2026,16:43:36,eddie@node1k13.ecdf.ed.ac.uk,1,6499
57704466,0.00098,runlisfloo,nfische2,r,08/18/2026,16:41:51,eddie@node1j13.ecdf.ed.ac.uk,1,6498
57704466,0.00098,runlisfloo,nfische2,r,08/18/2026,16:40:39,eddie@node1s12.ecdf.ed.ac.uk,1,6495
57704466,0.00098,runlisfloo,nfische2,r,08/18/2026,16:40:39,eddie@node1k15.ecdf.ed.ac.uk,1,6496
57704466,0.00098,runlisfloo,nfische2,r,08/18/2026,16:40:39,eddie@node1n10.ecdf.ed.ac.uk,1,6497
57752343,0.00098,CO23d_bvi,s2673720,r,08/19/2026,20:47:36,eddie@node1j22.ecdf.ed.ac.uk,10
57704466,0.00098,runlisfloo,nfische2,r,08/18/2026,16:38:34,eddie@node1k19.ecdf.ed.ac.uk,1,6494
57704466,0.00098,runlisfloo,nfische2,r,08/18/2026,16:34:04,eddie@node1s10.ecdf.ed.ac.uk,1,6493
57722808,0.00098,s5_21_2021,yhu5,r,08/19/2026,09:26:55,eddie@node1l26.ecdf.ed.ac.uk,1
57704466,0.00098,runlisfloo,nfische2,r,08/18/2026,16:32:38,eddie@node1s11.ecdf.ed.ac.uk,1,6492
57704466,0.00097,runlisfloo,nfische2,r,08/18/2026,16:30:53,eddie@node1j13.ecdf.ed.ac.uk,1,6490
57704466,0.00097,runlisfloo,nfische2,r,08/18/2026,16:31:23,eddie@node1k20.ecdf.ed.ac.uk,1,6491
57704466,0.00097,runlisfloo,nfische2,r,08/18/2026,16:30:38,eddie@node1k15.ecdf.ed.ac.uk,1,6489
57704466,0.00097,runlisfloo,nfische2,r,08/18/2026,16:25:57,eddie@node1k13.ecdf.ed.ac.uk,1,6488
57704466,0.00097,runlisfloo,nfische2,r,08/18/2026,16:24:42,eddie@node1k13.ecdf.ed.ac.uk,1,6487
57704466,0.00097,runlisfloo,nfische2,r,08/18/2026,16:23:54,eddie@node1k16.ecdf.ed.ac.uk,1,6486
57704466,0.00097,runlisfloo,nfische2,r,08/18/2026,16:23:30,eddie@node1n07.ecdf.ed.ac.uk,1,6485
57704466,0.00097,runlisfloo,nfische2,r,08/18/2026,16:20:59,eddie@node1k16.ecdf.ed.ac.uk,1,6484
57704466,0.00096,runlisfloo,nfische2,r,08/18/2026,16:14:43,eddie@node1s11.ecdf.ed.ac.uk,1,6482
57704466,0.00096,runlisfloo,nfische2,r,08/18/2026,16:15:28,eddie@node1k12.ecdf.ed.ac.uk,1,6483
57704466,0.00096,runlisfloo,nfische2,r,08/18/2026,16:08:35,eddie@node1s12.ecdf.ed.ac.uk,1,6480
57704466,0.00096,runlisfloo,nfische2,r,08/18/2026,16:06:36,eddie@node1s11.ecdf.ed.ac.uk,1,6479
57704466,0.00096,runlisfloo,nfische2,r,08/18/2026,16:03:12,eddie@node1k14.ecdf.ed.ac.uk,1,6477
57704466,0.00096,runlisfloo,nfische2,r,08/18/2026,16:03:28,eddie@node1s11.ecdf.ed.ac.uk,1,6478
57704466,0.00096,runlisfloo,nfische2,r,08/18/2026,16:09:35,eddie@node1k17.ecdf.ed.ac.uk,1,6481
57704466,0.00095,runlisfloo,nfische2,r,08/18/2026,15:56:14,eddie@node1k19.ecdf.ed.ac.uk,1,6476
57704466,0.00095,runlisfloo,nfische2,r,08/18/2026,15:53:00,eddie@node1k19.ecdf.ed.ac.uk,1,6475
57704466,0.00095,runlisfloo,nfische2,r,08/18/2026,15:48:56,eddie@node1k14.ecdf.ed.ac.uk,1,6474
57704466,0.00095,runlisfloo,nfische2,r,08/18/2026,15:44:57,eddie@node1n09.ecdf.ed.ac.uk,1,6473
57752345,0.00095,CO23d_diag,s2673720,r,08/19/2026,20:47:36,eddie@node1l10.ecdf.ed.ac.uk,10
57704466,0.00095,runlisfloo,nfische2,r,08/18/2026,01:25:20,eddie@node1k17.ecdf.ed.ac.uk,1,6004
57704466,0.00095,runlisfloo,nfische2,r,08/18/2026,15:42:23,eddie@node1j12.ecdf.ed.ac.uk,1,6472
57754606,0.00094,cover_sim,s2441782,r,08/19/2026,22:54:07,eddie@node1l03.ecdf.ed.ac.uk,8,16
57704466,0.00094,runlisfloo,nfische2,r,08/18/2026,15:35:12,eddie@node1j13.ecdf.ed.ac.uk,1,6471
57704466,0.00094,runlisfloo,nfische2,r,08/18/2026,15:28:28,eddie@node1n11.ecdf.ed.ac.uk,1,6464
57704466,0.00094,runlisfloo,nfische2,r,08/18/2026,15:28:28,eddie@node1n11.ecdf.ed.ac.uk,1,6465
57704466,0.00094,runlisfloo,nfische2,r,08/18/2026,15:28:28,eddie@node1n11.ecdf.ed.ac.uk,1,6466
57704466,0.00094,runlisfloo,nfische2,r,08/18/2026,15:28:28,eddie@node1n11.ecdf.ed.ac.uk,1,6467
57704466,0.00094,runlisfloo,nfische2,r,08/18/2026,15:28:28,eddie@node1n11.ecdf.ed.ac.uk,1,6468
57704466,0.00094,runlisfloo,nfische2,r,08/18/2026,15:28:42,eddie@node1k18.ecdf.ed.ac.uk,1,6469
57704466,0.00094,runlisfloo,nfische2,r,08/18/2026,15:28:43,eddie@node1j12.ecdf.ed.ac.uk,1,6470
57704466,0.00094,runlisfloo,nfische2,r,08/18/2026,15:26:49,eddie@node1k18.ecdf.ed.ac.uk,1,6463
57704466,0.00094,runlisfloo,nfische2,r,08/18/2026,15:26:36,eddie@node1n09.ecdf.ed.ac.uk,1,6462
57704466,0.00093,runlisfloo,nfische2,r,08/18/2026,15:25:48,eddie@node1k19.ecdf.ed.ac.uk,1,6461
57704466,0.00093,runlisfloo,nfische2,r,08/18/2026,15:21:03,eddie@node1k20.ecdf.ed.ac.uk,1,6460
57704466,0.00093,runlisfloo,nfische2,r,08/18/2026,15:19:48,eddie@node1k19.ecdf.ed.ac.uk,1,6459
57704466,0.00093,runlisfloo,nfische2,r,08/18/2026,15:15:34,eddie@node1n11.ecdf.ed.ac.uk,1,6456
57704466,0.00093,runlisfloo,nfische2,r,08/18/2026,15:15:34,eddie@node1n11.ecdf.ed.ac.uk,1,6457
57704466,0.00093,runlisfloo,nfische2,r,08/18/2026,15:16:49,eddie@node1k17.ecdf.ed.ac.uk,1,6458
57704466,0.00093,runlisfloo,nfische2,r,08/18/2026,15:15:18,eddie@node1n11.ecdf.ed.ac.uk,1,6455
57752713,0.00093,DuckJoint,v1nayele,r,08/19/2026,20:25:22,eddie@node1j06.ecdf.ed.ac.uk,1,11
57744905,0.00093,smk.benchA,jverburg,r,08/19/2026,16:26:00,eddie@node1n13.ecdf.ed.ac.uk,1
57749248,0.00092,quantile,s2150450,r,08/19/2026,18:07:38,eddie@node1k02.ecdf.ed.ac.uk,5,12
57704466,0.00092,runlisfloo,nfische2,r,08/18/2026,15:08:32,eddie@node1n08.ecdf.ed.ac.uk,1,6453
57704466,0.00092,runlisfloo,nfische2,r,08/18/2026,15:08:32,eddie@node1k19.ecdf.ed.ac.uk,1,6454
57704466,0.00092,runlisfloo,nfische2,r,08/18/2026,15:03:23,eddie@node1k16.ecdf.ed.ac.uk,1,6452
57704466,0.00092,runlisfloo,nfische2,r,08/18/2026,15:01:11,eddie@node1k16.ecdf.ed.ac.uk,1,6451
57704466,0.00092,runlisfloo,nfische2,r,08/18/2026,14:55:11,eddie@node1n11.ecdf.ed.ac.uk,1,6449
57704466,0.00092,runlisfloo,nfische2,r,08/18/2026,14:57:41,eddie@node1n09.ecdf.ed.ac.uk,1,6450
57704466,0.00091,runlisfloo,nfische2,r,08/18/2026,14:48:26,eddie@node1k15.ecdf.ed.ac.uk,1,6448
57704466,0.00090,runlisfloo,nfische2,r,08/18/2026,14:46:56,eddie@node1j12.ecdf.ed.ac.uk,1,6447
57704466,0.00090,runlisfloo,nfische2,r,08/18/2026,14:44:11,eddie@node1j13.ecdf.ed.ac.uk,1,6446
57704466,0.00090,runlisfloo,nfische2,r,08/18/2026,14:41:58,eddie@node1n10.ecdf.ed.ac.uk,1,6444
57754606,0.00090,cover_sim,s2441782,r,08/19/2026,22:54:07,eddie@node1j11.ecdf.ed.ac.uk,8,17
57704466,0.00090,runlisfloo,nfische2,r,08/18/2026,14:43:43,eddie@node1j13.ecdf.ed.ac.uk,1,6445
57704466,0.00090,runlisfloo,nfische2,r,08/18/2026,14:35:45,eddie@node1j13.ecdf.ed.ac.uk,1,6443
57704466,0.00090,runlisfloo,nfische2,r,08/18/2026,14:33:49,eddie@node1k16.ecdf.ed.ac.uk,1,6442
57704466,0.00089,runlisfloo,nfische2,r,08/18/2026,01:28:32,eddie@node1j12.ecdf.ed.ac.uk,1,6005
57704466,0.00089,runlisfloo,nfische2,r,08/18/2026,14:26:28,eddie@node1j13.ecdf.ed.ac.uk,1,6441
57704466,0.00089,runlisfloo,nfische2,r,08/18/2026,14:24:46,eddie@node1k13.ecdf.ed.ac.uk,1,6440
57704466,0.00089,runlisfloo,nfische2,r,08/18/2026,14:22:25,eddie@node1k16.ecdf.ed.ac.uk,1,6437
57704466,0.00089,runlisfloo,nfische2,r,08/18/2026,14:22:40,eddie@node1k18.ecdf.ed.ac.uk,1,6438
57704466,0.00089,runlisfloo,nfische2,r,08/18/2026,14:23:25,eddie@node1n09.ecdf.ed.ac.uk,1,6439
57704466,0.00089,runlisfloo,nfische2,r,08/18/2026,14:20:55,eddie@node1k10.ecdf.ed.ac.uk,1,6436
57704466,0.00089,runlisfloo,nfische2,r,08/18/2026,14:14:51,eddie@node1k19.ecdf.ed.ac.uk,1,6435
57704466,0.00088,runlisfloo,nfische2,r,08/18/2026,14:08:45,eddie@node1k15.ecdf.ed.ac.uk,1,6434
57704466,0.00088,runlisfloo,nfische2,r,08/18/2026,14:07:14,eddie@node1k20.ecdf.ed.ac.uk,1,6433
57704466,0.00087,runlisfloo,nfische2,r,08/18/2026,13:55:52,eddie@node1n11.ecdf.ed.ac.uk,1,6432
57704466,0.00087,runlisfloo,nfische2,r,08/18/2026,13:54:00,eddie@node1k11.ecdf.ed.ac.uk,1,6431
57754590,0.00087,ce1,gs10us1,r,08/19/2026,22:47:22,eddie@node1l13.ecdf.ed.ac.uk,4
57704466,0.00087,runlisfloo,nfische2,r,08/18/2026,13:51:45,eddie@node1k19.ecdf.ed.ac.uk,1,6429
57704466,0.00087,runlisfloo,nfische2,r,08/18/2026,13:51:45,eddie@node1k19.ecdf.ed.ac.uk,1,6430
57704466,0.00087,runlisfloo,nfische2,r,08/18/2026,13:50:49,eddie@node1j12.ecdf.ed.ac.uk,1,6428
57704466,0.00087,runlisfloo,nfische2,r,08/18/2026,13:47:08,eddie@node1k17.ecdf.ed.ac.uk,1,6427
57722809,0.00087,s5_24_2024,yhu5,r,08/19/2026,09:30:40,eddie@node1o05.ecdf.ed.ac.uk,1
57754606,0.00087,cover_sim,s2441782,r,08/19/2026,22:54:07,eddie@node1j02.ecdf.ed.ac.uk,8,18
57704466,0.00087,runlisfloo,nfische2,r,08/18/2026,13:46:48,eddie@node1k19.ecdf.ed.ac.uk,1,6426
57749248,0.00087,quantile,s2150450,r,08/19/2026,18:07:53,eddie@node1o04.ecdf.ed.ac.uk,5,13
57704466,0.00087,runlisfloo,nfische2,r,08/18/2026,13:44:18,eddie@node1k11.ecdf.ed.ac.uk,1,6425
57704466,0.00086,runlisfloo,nfische2,r,08/18/2026,13:43:18,eddie@node1j13.ecdf.ed.ac.uk,1,6424
57704466,0.00086,runlisfloo,nfische2,r,08/18/2026,13:41:48,eddie@node1n09.ecdf.ed.ac.uk,1,6423
57708234,0.00086,prepro_OG_,smoon,r,08/19/2026,05:46:13,eddie@node1q15.ecdf.ed.ac.uk,2,50
57708234,0.00086,prepro_OG_,smoon,r,08/19/2026,05:41:13,eddie@node1q03.ecdf.ed.ac.uk,2,49
57704466,0.00086,runlisfloo,nfische2,r,08/18/2026,13:41:18,eddie@node1k14.ecdf.ed.ac.uk,1,6421
57704466,0.00086,runlisfloo,nfische2,r,08/18/2026,13:41:33,eddie@node1k11.ecdf.ed.ac.uk,1,6422
57704466,0.00086,runlisfloo,nfische2,r,08/18/2026,13:40:43,eddie@node1k19.ecdf.ed.ac.uk,1,6420
57704466,0.00086,runlisfloo,nfische2,r,08/18/2026,13:37:07,eddie@node1k11.ecdf.ed.ac.uk,1,6419
57704466,0.00086,runlisfloo,nfische2,r,08/18/2026,13:34:13,eddie@node1n09.ecdf.ed.ac.uk,1,6418
57704466,0.00086,runlisfloo,nfische2,r,08/18/2026,13:27:45,eddie@node1j12.ecdf.ed.ac.uk,1,6417
57704466,0.00085,runlisfloo,nfische2,r,08/18/2026,13:22:45,eddie@node1s12.ecdf.ed.ac.uk,1,6416
57704466,0.00085,runlisfloo,nfische2,r,08/18/2026,01:29:02,eddie@node1j12.ecdf.ed.ac.uk,1,6006
57752713,0.00085,DuckJoint,v1nayele,r,08/19/2026,20:25:22,eddie@node1m10.ecdf.ed.ac.uk,1,12
57708234,0.00084,prepro_OG_,smoon,r,08/19/2026,05:14:28,eddie@node1q03.ecdf.ed.ac.uk,2,47
57704466,0.00084,runlisfloo,nfische2,r,08/18/2026,13:04:00,eddie@node1k13.ecdf.ed.ac.uk,1,6412
57723062,0.00084,Ti4O8-C12-,s1829244,r,08/19/2026,10:43:41,eddie@node1k18.ecdf.ed.ac.uk,2
57704466,0.00084,runlisfloo,nfische2,r,08/18/2026,13:14:42,eddie@node1k19.ecdf.ed.ac.uk,1,6415
57704466,0.00084,runlisfloo,nfische2,r,08/18/2026,13:02:00,eddie@node1k19.ecdf.ed.ac.uk,1,6409
57704466,0.00084,runlisfloo,nfische2,r,08/18/2026,13:02:01,eddie@node1j13.ecdf.ed.ac.uk,1,6410
57704466,0.00084,runlisfloo,nfische2,r,08/18/2026,13:02:15,eddie@node1n02.ecdf.ed.ac.uk,1,6411
57704466,0.00084,runlisfloo,nfische2,r,08/18/2026,13:13:27,eddie@node1k16.ecdf.ed.ac.uk,1,6413
57704466,0.00084,runlisfloo,nfische2,r,08/18/2026,13:13:57,eddie@node1n09.ecdf.ed.ac.uk,1,6414
57704466,0.00084,runlisfloo,nfische2,r,08/18/2026,12:58:45,eddie@node1k11.ecdf.ed.ac.uk,1,6407
57704466,0.00084,runlisfloo,nfische2,r,08/18/2026,12:57:01,eddie@node1n11.ecdf.ed.ac.uk,1,6405
57704466,0.00084,runlisfloo,nfische2,r,08/18/2026,13:00:00,eddie@node1n10.ecdf.ed.ac.uk,1,6408
57704466,0.00084,runlisfloo,nfische2,r,08/18/2026,12:57:45,eddie@node1k14.ecdf.ed.ac.uk,1,6406
57704466,0.00084,runlisfloo,nfische2,r,08/18/2026,12:55:47,eddie@node1n10.ecdf.ed.ac.uk,1,6404
57704466,0.00084,runlisfloo,nfische2,r,08/18/2026,12:54:59,eddie@node1n11.ecdf.ed.ac.uk,1,6403
57704466,0.00084,runlisfloo,nfische2,r,08/18/2026,12:54:14,eddie@node1n12.ecdf.ed.ac.uk,1,6402
57754606,0.00084,cover_sim,s2441782,r,08/19/2026,22:54:07,eddie@node1j10.ecdf.ed.ac.uk,8,19
57704466,0.00084,runlisfloo,nfische2,r,08/18/2026,12:50:06,eddie@node1n02.ecdf.ed.ac.uk,1,6400
57704466,0.00083,runlisfloo,nfische2,r,08/18/2026,12:50:51,eddie@node1j13.ecdf.ed.ac.uk,1,6401
57704466,0.00083,runlisfloo,nfische2,r,08/18/2026,10:01:56,eddie@node1j13.ecdf.ed.ac.uk,1,6069
57704466,0.00083,runlisfloo,nfische2,r,08/18/2026,10:01:56,eddie@node1j13.ecdf.ed.ac.uk,1,6070
57704466,0.00083,runlisfloo,nfische2,r,08/18/2026,10:01:56,eddie@node1k14.ecdf.ed.ac.uk,1,6071
57704466,0.00083,runlisfloo,nfische2,r,08/18/2026,10:01:56,eddie@node1j12.ecdf.ed.ac.uk,1,6072
57704466,0.00083,runlisfloo,nfische2,r,08/18/2026,12:46:53,eddie@node1n12.ecdf.ed.ac.uk,1,6398
57704466,0.00083,runlisfloo,nfische2,r,08/18/2026,12:47:08,eddie@node1n10.ecdf.ed.ac.uk,1,6399
57704466,0.00083,runlisfloo,nfische2,r,08/18/2026,12:45:39,eddie@node1k13.ecdf.ed.ac.uk,1,6397
57704466,0.00083,runlisfloo,nfische2,r,08/18/2026,12:45:24,eddie@node1k13.ecdf.ed.ac.uk,1,6396
57704466,0.00083,runlisfloo,nfische2,r,08/18/2026,12:44:25,eddie@node1k19.ecdf.ed.ac.uk,1,6395
57704466,0.00083,runlisfloo,nfische2,r,08/18/2026,10:24:48,eddie@node1k16.ecdf.ed.ac.uk,1,6108
57704466,0.00083,runlisfloo,nfische2,r,08/18/2026,10:25:18,eddie@node1n01.ecdf.ed.ac.uk,1,6109
57743947,0.00083,gpu_input,s2538679,r,08/19/2026,16:25:44,gpu@node1q08.ecdf.ed.ac.uk,1
57704466,0.00083,runlisfloo,nfische2,r,08/18/2026,10:25:33,eddie@node1s09.ecdf.ed.ac.uk,1,6110
57704466,0.00083,runlisfloo,nfische2,r,08/18/2026,10:25:33,eddie@node1k15.ecdf.ed.ac.uk,1,6111
57704466,0.00083,runlisfloo,nfische2,r,08/18/2026,12:43:12,eddie@node1n12.ecdf.ed.ac.uk,1,6394
57704466,0.00083,runlisfloo,nfische2,r,08/18/2026,10:02:41,eddie@node1m24.ecdf.ed.ac.uk,1,6073
57704466,0.00083,runlisfloo,nfische2,r,08/18/2026,10:25:48,eddie@node1j13.ecdf.ed.ac.uk,1,6112
57704466,0.00083,runlisfloo,nfische2,r,08/18/2026,12:36:41,eddie@node1k14.ecdf.ed.ac.uk,1,6393
57704466,0.00083,runlisfloo,nfische2,r,08/18/2026,12:36:11,eddie@node1k20.ecdf.ed.ac.uk,1,6392
57704466,0.00083,runlisfloo,nfische2,r,08/18/2026,10:29:31,eddie@node1n09.ecdf.ed.ac.uk,1,6118
57704466,0.00083,runlisfloo,nfische2,r,08/18/2026,10:29:31,eddie@node1k19.ecdf.ed.ac.uk,1,6119
57704466,0.00083,runlisfloo,nfische2,r,08/18/2026,10:29:31,eddie@node1j12.ecdf.ed.ac.uk,1,6120
57704466,0.00083,runlisfloo,nfische2,r,08/18/2026,10:29:31,eddie@node1n10.ecdf.ed.ac.uk,1,6121
57704466,0.00083,runlisfloo,nfische2,r,08/18/2026,10:29:31,eddie@node1n10.ecdf.ed.ac.uk,1,6122
57704466,0.00083,runlisfloo,nfische2,r,08/18/2026,10:26:17,eddie@node1k18.ecdf.ed.ac.uk,1,6113
57704466,0.00083,runlisfloo,nfische2,r,08/18/2026,12:30:26,eddie@node1k16.ecdf.ed.ac.uk,1,6389
57704466,0.00083,runlisfloo,nfische2,r,08/18/2026,12:30:26,eddie@node1k20.ecdf.ed.ac.uk,1,6390
57704466,0.00083,runlisfloo,nfische2,r,08/18/2026,10:03:26,eddie@node1k17.ecdf.ed.ac.uk,1,6074
57704466,0.00083,runlisfloo,nfische2,r,08/18/2026,12:35:26,eddie@node1n05.ecdf.ed.ac.uk,1,6391
57704466,0.00083,runlisfloo,nfische2,r,08/18/2026,10:26:32,eddie@node1k19.ecdf.ed.ac.uk,1,6114
57754589,0.00083,ce1,gs10us1,r,08/19/2026,22:47:07,eddie@node1l17.ecdf.ed.ac.uk,1
57704466,0.00083,runlisfloo,nfische2,r,08/18/2026,10:04:56,eddie@node1k17.ecdf.ed.ac.uk,1,6075
57704466,0.00083,runlisfloo,nfische2,r,08/18/2026,10:27:03,eddie@node1k12.ecdf.ed.ac.uk,1,6115
57704466,0.00083,runlisfloo,nfische2,r,08/18/2026,12:29:26,eddie@node1n09.ecdf.ed.ac.uk,1,6388
57704466,0.00083,runlisfloo,nfische2,r,08/18/2026,10:05:41,eddie@node1n07.ecdf.ed.ac.uk,1,6076
57704466,0.00082,runlisfloo,nfische2,r,08/18/2026,12:27:26,eddie@node1k15.ecdf.ed.ac.uk,1,6387
57704466,0.00082,runlisfloo,nfische2,r,08/18/2026,10:27:33,eddie@node1n10.ecdf.ed.ac.uk,1,6116
57704466,0.00082,runlisfloo,nfische2,r,08/18/2026,10:05:56,eddie@node1k16.ecdf.ed.ac.uk,1,6077
57704466,0.00082,runlisfloo,nfische2,r,08/18/2026,10:28:03,eddie@node1n09.ecdf.ed.ac.uk,1,6117
57704466,0.00082,runlisfloo,nfische2,r,08/18/2026,10:20:06,eddie@node1k17.ecdf.ed.ac.uk,1,6098
57704466,0.00082,runlisfloo,nfische2,r,08/18/2026,10:30:01,eddie@node1k15.ecdf.ed.ac.uk,1,6123
57704466,0.00082,runlisfloo,nfische2,r,08/18/2026,12:26:27,eddie@node1k15.ecdf.ed.ac.uk,1,6384
57704466,0.00082,runlisfloo,nfische2,r,08/18/2026,10:30:30,eddie@node1k20.ecdf.ed.ac.uk,1,6124
57704466,0.00082,runlisfloo,nfische2,r,08/18/2026,12:26:42,eddie@node1k20.ecdf.ed.ac.uk,1,6385
57704466,0.00082,runlisfloo,nfische2,r,08/18/2026,12:26:56,eddie@node1k18.ecdf.ed.ac.uk,1,6386
57704466,0.00082,runlisfloo,nfische2,r,08/18/2026,10:20:21,eddie@node1n10.ecdf.ed.ac.uk,1,6099
57704466,0.00082,runlisfloo,nfische2,r,08/18/2026,10:07:26,eddie@node1k11.ecdf.ed.ac.uk,1,6078
57704466,0.00082,runlisfloo,nfische2,r,08/18/2026,10:30:45,eddie@node1j12.ecdf.ed.ac.uk,1,6125
57704466,0.00082,runlisfloo,nfische2,r,08/18/2026,10:20:52,eddie@node1n09.ecdf.ed.ac.uk,1,6100
57704466,0.00082,runlisfloo,nfische2,r,08/18/2026,10:20:52,eddie@node1k19.ecdf.ed.ac.uk,1,6101
57704466,0.00082,runlisfloo,nfische2,r,08/18/2026,10:09:35,eddie@node1k18.ecdf.ed.ac.uk,1,6079
57704466,0.00082,runlisfloo,nfische2,r,08/18/2026,10:31:30,eddie@node1k18.ecdf.ed.ac.uk,1,6126
57704466,0.00082,runlisfloo,nfische2,r,08/18/2026,09:58:06,eddie@node1n10.ecdf.ed.ac.uk,1,6061
57704466,0.00082,runlisfloo,nfische2,r,08/18/2026,10:31:46,eddie@node1n07.ecdf.ed.ac.uk,1,6127
57704466,0.00082,runlisfloo,nfische2,r,08/18/2026,10:31:46,eddie@node1n10.ecdf.ed.ac.uk,1,6128
57704466,0.00082,runlisfloo,nfische2,r,08/18/2026,10:09:50,eddie@node1k20.ecdf.ed.ac.uk,1,6080
57704466,0.00082,runlisfloo,nfische2,r,08/18/2026,10:32:33,eddie@node1k16.ecdf.ed.ac.uk,1,6130
57704466,0.00082,runlisfloo,nfische2,r,08/18/2026,10:21:06,eddie@node1j12.ecdf.ed.ac.uk,1,6102
57704466,0.00082,runlisfloo,nfische2,r,08/18/2026,10:33:34,eddie@node1n05.ecdf.ed.ac.uk,1,6131
57704466,0.00082,runlisfloo,nfische2,r,08/18/2026,10:33:34,eddie@node1k17.ecdf.ed.ac.uk,1,6132
57704466,0.00082,runlisfloo,nfische2,r,08/18/2026,10:33:34,eddie@node1j12.ecdf.ed.ac.uk,1,6133
57704466,0.00082,runlisfloo,nfische2,r,08/18/2026,10:32:01,eddie@node1n07.ecdf.ed.ac.uk,1,6129
57704466,0.00082,runlisfloo,nfische2,r,08/18/2026,09:58:21,eddie@node1k16.ecdf.ed.ac.uk,1,6062
57704466,0.00082,runlisfloo,nfische2,r,08/18/2026,10:10:07,eddie@node1j12.ecdf.ed.ac.uk,1,6081
57704466,0.00082,runlisfloo,nfische2,r,08/18/2026,10:21:21,eddie@node1k15.ecdf.ed.ac.uk,1,6103
57704466,0.00082,runlisfloo,nfische2,r,08/18/2026,10:10:22,eddie@node1n01.ecdf.ed.ac.uk,1,6082
57704466,0.00082,runlisfloo,nfische2,r,08/18/2026,10:23:17,eddie@node1j13.ecdf.ed.ac.uk,1,6106
57704466,0.00082,runlisfloo,nfische2,r,08/18/2026,12:13:31,eddie@node1k13.ecdf.ed.ac.uk,1,6375
57704466,0.00082,runlisfloo,nfische2,r,08/18/2026,12:13:31,eddie@node1k19.ecdf.ed.ac.uk,1,6376
57704466,0.00082,runlisfloo,nfische2,r,08/18/2026,12:13:31,eddie@node1k16.ecdf.ed.ac.uk,1,6377
57704466,0.00082,runlisfloo,nfische2,r,08/18/2026,12:13:31,eddie@node1j12.ecdf.ed.ac.uk,1,6378
57704466,0.00082,runlisfloo,nfische2,r,08/18/2026,12:13:31,eddie@node1k14.ecdf.ed.ac.uk,1,6379
57704466,0.00082,runlisfloo,nfische2,r,08/18/2026,12:13:31,eddie@node1j12.ecdf.ed.ac.uk,1,6380
57704466,0.00082,runlisfloo,nfische2,r,08/18/2026,12:13:46,eddie@node1j13.ecdf.ed.ac.uk,1,6381
57704466,0.00082,runlisfloo,nfische2,r,08/18/2026,12:13:46,eddie@node1k10.ecdf.ed.ac.uk,1,6382
57704466,0.00082,runlisfloo,nfische2,r,08/18/2026,09:58:51,eddie@node1n09.ecdf.ed.ac.uk,1,6063
57704466,0.00082,runlisfloo,nfische2,r,08/18/2026,09:58:51,eddie@node1n10.ecdf.ed.ac.uk,1,6064
57704466,0.00082,runlisfloo,nfische2,r,08/18/2026,10:33:49,eddie@node1k15.ecdf.ed.ac.uk,1,6134
57704466,0.00082,runlisfloo,nfische2,r,08/18/2026,12:14:01,eddie@node1k11.ecdf.ed.ac.uk,1,6383
57704466,0.00082,runlisfloo,nfische2,r,08/18/2026,10:10:37,eddie@node1k12.ecdf.ed.ac.uk,1,6083
57704466,0.00082,runlisfloo,nfische2,r,08/18/2026,09:42:34,eddie@node1n10.ecdf.ed.ac.uk,1,6059
57704466,0.00082,runlisfloo,nfische2,r,08/18/2026,10:24:33,eddie@node1k20.ecdf.ed.ac.uk,1,6107
57704466,0.00081,runlisfloo,nfische2,r,08/18/2026,10:34:28,eddie@node1k12.ecdf.ed.ac.uk,1,6135
57704466,0.00081,runlisfloo,nfische2,r,08/18/2026,10:34:28,eddie@node1k16.ecdf.ed.ac.uk,1,6136
57749248,0.00081,quantile,s2150450,r,08/19/2026,18:07:53,eddie@node1l25.ecdf.ed.ac.uk,5,14
57704466,0.00081,runlisfloo,nfische2,r,08/18/2026,10:35:13,eddie@node1k15.ecdf.ed.ac.uk,1,6137
57704466,0.00081,runlisfloo,nfische2,r,08/18/2026,10:11:22,eddie@node1n10.ecdf.ed.ac.uk,1,6084
57704466,0.00081,runlisfloo,nfische2,r,08/18/2026,10:11:22,eddie@node1j12.ecdf.ed.ac.uk,1,6085
57704466,0.00081,runlisfloo,nfische2,r,08/18/2026,10:11:22,eddie@node1k16.ecdf.ed.ac.uk,1,6086
57704466,0.00081,runlisfloo,nfische2,r,08/18/2026,10:35:58,eddie@node1j13.ecdf.ed.ac.uk,1,6138
57704466,0.00081,runlisfloo,nfische2,r,08/18/2026,10:35:58,eddie@node1k11.ecdf.ed.ac.uk,1,6139
57704466,0.00081,runlisfloo,nfische2,r,08/18/2026,09:59:51,eddie@node1k19.ecdf.ed.ac.uk,1,6065
57704466,0.00081,runlisfloo,nfische2,r,08/18/2026,10:00:51,eddie@node1k19.ecdf.ed.ac.uk,1,6067
57704466,0.00081,runlisfloo,nfische2,r,08/18/2026,10:00:51,eddie@node1k16.ecdf.ed.ac.uk,1,6068
57704466,0.00081,runlisfloo,nfische2,r,08/18/2026,10:00:06,eddie@node1k18.ecdf.ed.ac.uk,1,6066
57704466,0.00081,runlisfloo,nfische2,r,08/18/2026,10:21:51,eddie@node1s10.ecdf.ed.ac.uk,1,6104
57704466,0.00081,runlisfloo,nfische2,r,08/18/2026,10:21:51,eddie@node1s10.ecdf.ed.ac.uk,1,6105
57704466,0.00081,runlisfloo,nfische2,r,08/18/2026,10:11:37,eddie@node1n05.ecdf.ed.ac.uk,1,6087
57704466,0.00081,runlisfloo,nfische2,r,08/18/2026,10:11:37,eddie@node1k17.ecdf.ed.ac.uk,1,6088
57704466,0.00081,runlisfloo,nfische2,r,08/18/2026,10:11:37,eddie@node1n11.ecdf.ed.ac.uk,1,6089
57754606,0.00081,cover_sim,s2441782,r,08/19/2026,22:54:07,eddie@node1l09.ecdf.ed.ac.uk,8,20
57704466,0.00081,runlisfloo,nfische2,r,08/18/2026,10:14:37,eddie@node1n01.ecdf.ed.ac.uk,1,6092
57704466,0.00081,runlisfloo,nfische2,r,08/18/2026,11:59:58,eddie@node1k18.ecdf.ed.ac.uk,1,6371
57704466,0.00081,runlisfloo,nfische2,r,08/18/2026,12:00:28,eddie@node1k11.ecdf.ed.ac.uk,1,6373
57704466,0.00081,runlisfloo,nfische2,r,08/18/2026,12:00:43,eddie@node1n10.ecdf.ed.ac.uk,1,6374
57704466,0.00081,runlisfloo,nfische2,r,08/18/2026,12:00:13,eddie@node1n07.ecdf.ed.ac.uk,1,6372
57704466,0.00081,runlisfloo,nfische2,r,08/18/2026,11:58:50,eddie@node1k13.ecdf.ed.ac.uk,1,6368
57704466,0.00081,runlisfloo,nfische2,r,08/18/2026,11:58:50,eddie@node1n09.ecdf.ed.ac.uk,1,6369
57704466,0.00081,runlisfloo,nfische2,r,08/18/2026,11:59:05,eddie@node1n11.ecdf.ed.ac.uk,1,6370
57704466,0.00081,runlisfloo,nfische2,r,08/18/2026,10:12:52,eddie@node1k19.ecdf.ed.ac.uk,1,6090
57704466,0.00081,runlisfloo,nfische2,r,08/18/2026,11:57:05,eddie@node1j13.ecdf.ed.ac.uk,1,6365
57704466,0.00081,runlisfloo,nfische2,r,08/18/2026,11:57:50,eddie@node1n03.ecdf.ed.ac.uk,1,6366
57704466,0.00081,runlisfloo,nfische2,r,08/18/2026,11:58:35,eddie@node1k17.ecdf.ed.ac.uk,1,6367
57704466,0.00081,runlisfloo,nfische2,r,08/18/2026,10:13:22,eddie@node1n09.ecdf.ed.ac.uk,1,6091
57704466,0.00080,runlisfloo,nfische2,r,08/18/2026,11:53:10,eddie@node1k11.ecdf.ed.ac.uk,1,6364
57704466,0.00080,runlisfloo,nfische2,r,08/18/2026,11:48:24,eddie@node1j12.ecdf.ed.ac.uk,1,6363
57704466,0.00080,runlisfloo,nfische2,r,08/18/2026,10:36:28,eddie@node1n09.ecdf.ed.ac.uk,1,6140
57704466,0.00080,runlisfloo,nfische2,r,08/18/2026,10:36:28,eddie@node1k17.ecdf.ed.ac.uk,1,6141
57704466,0.00080,runlisfloo,nfische2,r,08/18/2026,10:40:10,eddie@node1k18.ecdf.ed.ac.uk,1,6146
57704466,0.00080,runlisfloo,nfische2,r,08/18/2026,10:40:10,eddie@node1j13.ecdf.ed.ac.uk,1,6147
57704466,0.00080,runlisfloo,nfische2,r,08/18/2026,10:40:10,eddie@node1k16.ecdf.ed.ac.uk,1,6148
57704466,0.00080,runlisfloo,nfische2,r,08/18/2026,10:37:56,eddie@node1k18.ecdf.ed.ac.uk,1,6145
57704466,0.00080,runlisfloo,nfische2,r,08/18/2026,11:45:54,eddie@node1n05.ecdf.ed.ac.uk,1,6362
57704466,0.00080,runlisfloo,nfische2,r,08/18/2026,10:36:43,eddie@node1k19.ecdf.ed.ac.uk,1,6142
57704466,0.00080,runlisfloo,nfische2,r,08/18/2026,10:36:43,eddie@node1k20.ecdf.ed.ac.uk,1,6143
57704466,0.00080,runlisfloo,nfische2,r,08/18/2026,10:43:09,eddie@node1n01.ecdf.ed.ac.uk,1,6153
57704466,0.00080,runlisfloo,nfische2,r,08/18/2026,10:43:09,eddie@node1s12.ecdf.ed.ac.uk,1,6154
57704466,0.00080,runlisfloo,nfische2,r,08/18/2026,10:43:39,eddie@node1n10.ecdf.ed.ac.uk,1,6155
57704466,0.00080,runlisfloo,nfische2,r,08/18/2026,10:40:26,eddie@node1n10.ecdf.ed.ac.uk,1,6149
57704466,0.00080,runlisfloo,nfische2,r,08/18/2026,10:36:58,eddie@node1k17.ecdf.ed.ac.uk,1,6144
57704466,0.00080,runlisfloo,nfische2,r,08/18/2026,10:44:35,eddie@node1k16.ecdf.ed.ac.uk,1,6157
57704466,0.00080,runlisfloo,nfische2,r,08/18/2026,10:40:56,eddie@node1n11.ecdf.ed.ac.uk,1,6150
57704466,0.00080,runlisfloo,nfische2,r,08/18/2026,10:45:05,eddie@node1k11.ecdf.ed.ac.uk,1,6158
57704466,0.00080,runlisfloo,nfische2,r,08/18/2026,10:45:05,eddie@node1k17.ecdf.ed.ac.uk,1,6159
57704466,0.00080,runlisfloo,nfische2,r,08/18/2026,10:44:09,eddie@node1m22.ecdf.ed.ac.uk,1,6156
57704466,0.00080,runlisfloo,nfische2,r,08/18/2026,11:42:09,eddie@node1n12.ecdf.ed.ac.uk,1,6360
57704466,0.00080,runlisfloo,nfische2,r,08/18/2026,10:45:20,eddie@node1n09.ecdf.ed.ac.uk,1,6160
57704466,0.00080,runlisfloo,nfische2,r,08/18/2026,10:41:26,eddie@node1k14.ecdf.ed.ac.uk,1,6151
57704466,0.00080,runlisfloo,nfische2,r,08/18/2026,11:42:25,eddie@node1k11.ecdf.ed.ac.uk,1,6361
57704466,0.00080,runlisfloo,nfische2,r,08/18/2026,10:46:06,eddie@node1k16.ecdf.ed.ac.uk,1,6161
57704466,0.00080,runlisfloo,nfische2,r,08/18/2026,10:42:10,eddie@node1k20.ecdf.ed.ac.uk,1,6152
57704466,0.00080,runlisfloo,nfische2,r,08/18/2026,10:46:21,eddie@node1k19.ecdf.ed.ac.uk,1,6162
57704466,0.00080,runlisfloo,nfische2,r,08/18/2026,10:46:36,eddie@node1k16.ecdf.ed.ac.uk,1,6163
57704466,0.00080,runlisfloo,nfische2,r,08/18/2026,10:46:36,eddie@node1k20.ecdf.ed.ac.uk,1,6164
57704466,0.00080,runlisfloo,nfische2,r,08/18/2026,11:40:10,eddie@node1k16.ecdf.ed.ac.uk,1,6359
57704466,0.00080,runlisfloo,nfische2,r,08/18/2026,10:46:51,eddie@node1k18.ecdf.ed.ac.uk,1,6165
57704466,0.00080,runlisfloo,nfische2,r,08/18/2026,10:46:51,eddie@node1n12.ecdf.ed.ac.uk,1,6166
57704466,0.00080,runlisfloo,nfische2,r,08/18/2026,10:46:51,eddie@node1k16.ecdf.ed.ac.uk,1,6167
57704466,0.00080,runlisfloo,nfische2,r,08/18/2026,11:01:12,eddie@node1n01.ecdf.ed.ac.uk,1,6191
57704466,0.00080,runlisfloo,nfische2,r,08/18/2026,11:01:12,eddie@node1k16.ecdf.ed.ac.uk,1,6192
57704466,0.00080,runlisfloo,nfische2,r,08/18/2026,11:01:12,eddie@node1k10.ecdf.ed.ac.uk,1,6193
57704466,0.00080,runlisfloo,nfische2,r,08/18/2026,10:58:08,eddie@node1j12.ecdf.ed.ac.uk,1,6187
57704466,0.00080,runlisfloo,nfische2,r,08/18/2026,10:58:39,eddie@node1n11.ecdf.ed.ac.uk,1,6188
57704466,0.00080,runlisfloo,nfische2,r,08/18/2026,10:49:02,eddie@node1n12.ecdf.ed.ac.uk,1,6170
57704466,0.00080,runlisfloo,nfische2,r,08/18/2026,10:57:18,eddie@node1j13.ecdf.ed.ac.uk,1,6186
57704466,0.00080,runlisfloo,nfische2,r,08/18/2026,11:01:42,eddie@node1k19.ecdf.ed.ac.uk,1,6196
57704466,0.00080,runlisfloo,nfische2,r,08/18/2026,11:02:14,eddie@node1n07.ecdf.ed.ac.uk,1,6198
57704466,0.00080,runlisfloo,nfische2,r,08/18/2026,10:47:06,eddie@node1j12.ecdf.ed.ac.uk,1,6168
57704466,0.00080,runlisfloo,nfische2,r,08/18/2026,11:00:09,eddie@node1j13.ecdf.ed.ac.uk,1,6189
57704466,0.00080,runlisfloo,nfische2,r,08/18/2026,11:01:57,eddie@node1n03.ecdf.ed.ac.uk,1,6197
57704466,0.00080,runlisfloo,nfische2,r,08/18/2026,11:02:42,eddie@node1k18.ecdf.ed.ac.uk,1,6199
57704466,0.00080,runlisfloo,nfische2,r,08/18/2026,10:50:03,eddie@node1n03.ecdf.ed.ac.uk,1,6171
57704466,0.00080,runlisfloo,nfische2,r,08/18/2026,10:53:03,eddie@node1j12.ecdf.ed.ac.uk,1,6177
57704466,0.00080,runlisfloo,nfische2,r,08/18/2026,11:00:24,eddie@node1s09.ecdf.ed.ac.uk,1,6190
57704466,0.00080,runlisfloo,nfische2,r,08/18/2026,10:47:51,eddie@node1n09.ecdf.ed.ac.uk,1,6169
57704466,0.00080,runlisfloo,nfische2,r,08/18/2026,11:02:57,eddie@node1k13.ecdf.ed.ac.uk,1,6200
57704466,0.00080,runlisfloo,nfische2,r,08/18/2026,11:35:10,eddie@node1k20.ecdf.ed.ac.uk,1,6353
57704466,0.00080,runlisfloo,nfische2,r,08/18/2026,11:35:25,eddie@node1k16.ecdf.ed.ac.uk,1,6354
57704466,0.00080,runlisfloo,nfische2,r,08/18/2026,10:50:33,eddie@node1k19.ecdf.ed.ac.uk,1,6172
57704466,0.00080,runlisfloo,nfische2,r,08/18/2026,11:34:55,eddie@node1n10.ecdf.ed.ac.uk,1,6352
57704466,0.00080,runlisfloo,nfische2,r,08/18/2026,11:35:40,eddie@node1j12.ecdf.ed.ac.uk,1,6355
57704466,0.00079,runlisfloo,nfische2,r,08/18/2026,10:53:18,eddie@node1n03.ecdf.ed.ac.uk,1,6178
57704466,0.00079,runlisfloo,nfische2,r,08/18/2026,10:53:18,eddie@node1k16.ecdf.ed.ac.uk,1,6179
57704466,0.00079,runlisfloo,nfische2,r,08/18/2026,11:36:55,eddie@node1n03.ecdf.ed.ac.uk,1,6356
57704466,0.00079,runlisfloo,nfische2,r,08/18/2026,11:03:12,eddie@node1k19.ecdf.ed.ac.uk,1,6201
57704466,0.00079,runlisfloo,nfische2,r,08/18/2026,11:03:12,eddie@node1k14.ecdf.ed.ac.uk,1,6202
57704466,0.00079,runlisfloo,nfische2,r,08/18/2026,11:37:25,eddie@node1k17.ecdf.ed.ac.uk,1,6357
57704466,0.00079,runlisfloo,nfische2,r,08/18/2026,10:51:48,eddie@node1k17.ecdf.ed.ac.uk,1,6174
57704466,0.00079,runlisfloo,nfische2,r,08/18/2026,11:37:40,eddie@node1k16.ecdf.ed.ac.uk,1,6358
57704466,0.00079,runlisfloo,nfische2,r,08/18/2026,10:50:47,eddie@node1k17.ecdf.ed.ac.uk,1,6173
57704466,0.00079,runlisfloo,nfische2,r,08/18/2026,11:34:10,eddie@node1k10.ecdf.ed.ac.uk,1,6350
57704466,0.00079,runlisfloo,nfische2,r,08/18/2026,11:34:25,eddie@node1n03.ecdf.ed.ac.uk,1,6351
57704466,0.00079,runlisfloo,nfische2,r,08/18/2026,10:52:18,eddie@node1j12.ecdf.ed.ac.uk,1,6175
57704466,0.00079,runlisfloo,nfische2,r,08/18/2026,10:52:18,eddie@node1j12.ecdf.ed.ac.uk,1,6176
57704466,0.00079,runlisfloo,nfische2,r,08/18/2026,11:03:42,eddie@node1n09.ecdf.ed.ac.uk,1,6203
57704466,0.00079,runlisfloo,nfische2,r,08/18/2026,11:03:42,eddie@node1k20.ecdf.ed.ac.uk,1,6204
57704466,0.00079,runlisfloo,nfische2,r,08/18/2026,11:03:43,eddie@node1n09.ecdf.ed.ac.uk,1,6205
57704466,0.00079,runlisfloo,nfische2,r,08/18/2026,11:03:43,eddie@node1n09.ecdf.ed.ac.uk,1,6206
57704466,0.00079,runlisfloo,nfische2,r,08/18/2026,10:53:33,eddie@node1n02.ecdf.ed.ac.uk,1,6180
57704466,0.00079,runlisfloo,nfische2,r,08/18/2026,11:01:27,eddie@node1k16.ecdf.ed.ac.uk,1,6194
57704466,0.00079,runlisfloo,nfische2,r,08/18/2026,11:01:27,eddie@node1k16.ecdf.ed.ac.uk,1,6195
57704466,0.00079,runlisfloo,nfische2,r,08/18/2026,10:53:48,eddie@node1k20.ecdf.ed.ac.uk,1,6181
57704466,0.00079,runlisfloo,nfische2,r,08/18/2026,10:53:48,eddie@node1n11.ecdf.ed.ac.uk,1,6182
57704466,0.00079,runlisfloo,nfische2,r,08/18/2026,11:22:25,eddie@node1k12.ecdf.ed.ac.uk,1,6319
57704466,0.00079,runlisfloo,nfische2,r,08/18/2026,11:22:25,eddie@node1k10.ecdf.ed.ac.uk,1,6320
57704466,0.00079,runlisfloo,nfische2,r,08/18/2026,11:03:57,eddie@node1n10.ecdf.ed.ac.uk,1,6207
57704466,0.00079,runlisfloo,nfische2,r,08/18/2026,11:03:57,eddie@node1j12.ecdf.ed.ac.uk,1,6208
57704466,0.00079,runlisfloo,nfische2,r,08/18/2026,11:03:57,eddie@node1n09.ecdf.ed.ac.uk,1,6209
57704466,0.00079,runlisfloo,nfische2,r,08/18/2026,10:54:03,eddie@node1n11.ecdf.ed.ac.uk,1,6183
57704466,0.00079,runlisfloo,nfische2,r,08/18/2026,11:04:27,eddie@node1k12.ecdf.ed.ac.uk,1,6214
57704466,0.00079,runlisfloo,nfische2,r,08/18/2026,11:04:27,eddie@node1j13.ecdf.ed.ac.uk,1,6215
57704466,0.00079,runlisfloo,nfische2,r,08/18/2026,11:22:55,eddie@node1k10.ecdf.ed.ac.uk,1,6321
57704466,0.00079,runlisfloo,nfische2,r,08/18/2026,10:54:48,eddie@node1n12.ecdf.ed.ac.uk,1,6185
57704466,0.00079,runlisfloo,nfische2,r,08/18/2026,11:23:25,eddie@node1k18.ecdf.ed.ac.uk,1,6322
57704466,0.00079,runlisfloo,nfische2,r,08/18/2026,11:23:25,eddie@node1j12.ecdf.ed.ac.uk,1,6323
57704466,0.00079,runlisfloo,nfische2,r,08/18/2026,10:54:18,eddie@node1k11.ecdf.ed.ac.uk,1,6184
57704466,0.00079,runlisfloo,nfische2,r,08/18/2026,11:23:40,eddie@node1n10.ecdf.ed.ac.uk,1,6324
57704466,0.00079,runlisfloo,nfische2,r,08/18/2026,11:23:40,eddie@node1j12.ecdf.ed.ac.uk,1,6325
57704466,0.00079,runlisfloo,nfische2,r,08/18/2026,09:57:51,eddie@node1s12.ecdf.ed.ac.uk,1,6060
57704466,0.00079,runlisfloo,nfische2,r,08/18/2026,11:19:44,eddie@node1k19.ecdf.ed.ac.uk,1,6318
57704466,0.00079,runlisfloo,nfische2,r,08/18/2026,11:04:12,eddie@node1n07.ecdf.ed.ac.uk,1,6210
57704466,0.00079,runlisfloo,nfische2,r,08/18/2026,11:04:12,eddie@node1k11.ecdf.ed.ac.uk,1,6211
57704466,0.00079,runlisfloo,nfische2,r,08/18/2026,11:04:12,eddie@node1j12.ecdf.ed.ac.uk,1,6212
57704466,0.00079,runlisfloo,nfische2,r,08/18/2026,11:04:12,eddie@node1n11.ecdf.ed.ac.uk,1,6213
57704466,0.00079,runlisfloo,nfische2,r,08/18/2026,11:07:12,eddie@node1n08.ecdf.ed.ac.uk,1,6231
57704466,0.00079,runlisfloo,nfische2,r,08/18/2026,11:04:42,eddie@node1n03.ecdf.ed.ac.uk,1,6216
57704466,0.00079,runlisfloo,nfische2,r,08/18/2026,11:07:27,eddie@node1n02.ecdf.ed.ac.uk,1,6232
57704466,0.00079,runlisfloo,nfische2,r,08/18/2026,11:07:27,eddie@node1k13.ecdf.ed.ac.uk,1,6233
57704466,0.00079,runlisfloo,nfische2,r,08/18/2026,11:07:27,eddie@node1j13.ecdf.ed.ac.uk,1,6234
57704466,0.00079,runlisfloo,nfische2,r,08/18/2026,11:07:27,eddie@node1n09.ecdf.ed.ac.uk,1,6235
57704466,0.00079,runlisfloo,nfische2,r,08/18/2026,11:05:12,eddie@node1k18.ecdf.ed.ac.uk,1,6217
57704466,0.00079,runlisfloo,nfische2,r,08/18/2026,11:17:44,eddie@node1n03.ecdf.ed.ac.uk,1,6309
57704466,0.00079,runlisfloo,nfische2,r,08/18/2026,11:17:44,eddie@node1j12.ecdf.ed.ac.uk,1,6310
57704466,0.00079,runlisfloo,nfische2,r,08/18/2026,11:05:27,eddie@node1n03.ecdf.ed.ac.uk,1,6218
57704466,0.00079,runlisfloo,nfische2,r,08/18/2026,11:05:27,eddie@node1k15.ecdf.ed.ac.uk,1,6219
57704466,0.00079,runlisfloo,nfische2,r,08/18/2026,11:05:27,eddie@node1k10.ecdf.ed.ac.uk,1,6220
57704466,0.00079,runlisfloo,nfische2,r,08/18/2026,11:05:27,eddie@node1j12.ecdf.ed.ac.uk,1,6221
57704466,0.00079,runlisfloo,nfische2,r,08/18/2026,11:07:42,eddie@node1n02.ecdf.ed.ac.uk,1,6236
57704466,0.00079,runlisfloo,nfische2,r,08/18/2026,11:07:42,eddie@node1k12.ecdf.ed.ac.uk,1,6237
57704466,0.00079,runlisfloo,nfische2,r,08/18/2026,11:07:42,eddie@node1k11.ecdf.ed.ac.uk,1,6238
57704466,0.00079,runlisfloo,nfische2,r,08/18/2026,11:18:14,eddie@node1k13.ecdf.ed.ac.uk,1,6311
57704466,0.00079,runlisfloo,nfische2,r,08/18/2026,11:18:14,eddie@node1k19.ecdf.ed.ac.uk,1,6312
57704466,0.00079,runlisfloo,nfische2,r,08/18/2026,11:18:14,eddie@node1k18.ecdf.ed.ac.uk,1,6313
57704466,0.00079,runlisfloo,nfische2,r,08/18/2026,11:18:14,eddie@node1j12.ecdf.ed.ac.uk,1,6314
57704466,0.00079,runlisfloo,nfische2,r,08/18/2026,11:07:57,eddie@node1k15.ecdf.ed.ac.uk,1,6239
57704466,0.00079,runlisfloo,nfische2,r,08/18/2026,11:18:29,eddie@node1n01.ecdf.ed.ac.uk,1,6315
57704466,0.00079,runlisfloo,nfische2,r,08/18/2026,11:18:29,eddie@node1n05.ecdf.ed.ac.uk,1,6316
57704466,0.00079,runlisfloo,nfische2,r,08/18/2026,11:05:42,eddie@node1k12.ecdf.ed.ac.uk,1,6222
57704466,0.00079,runlisfloo,nfische2,r,08/18/2026,11:05:42,eddie@node1n12.ecdf.ed.ac.uk,1,6223
57704466,0.00079,runlisfloo,nfische2,r,08/18/2026,11:18:59,eddie@node1n01.ecdf.ed.ac.uk,1,6317
57754598,0.00079,ce1,gs10us1,r,08/19/2026,22:50:37,eddie@node1l15.ecdf.ed.ac.uk,4
57704466,0.00079,runlisfloo,nfische2,r,08/18/2026,10:15:34,eddie@node1n11.ecdf.ed.ac.uk,1,6093
57704466,0.00079,runlisfloo,nfische2,r,08/18/2026,11:05:57,eddie@node1n11.ecdf.ed.ac.uk,1,6224
57704466,0.00079,runlisfloo,nfische2,r,08/18/2026,11:08:12,eddie@node1k18.ecdf.ed.ac.uk,1,6240
57704466,0.00079,runlisfloo,nfische2,r,08/18/2026,11:08:12,eddie@node1k10.ecdf.ed.ac.uk,1,6241
57704466,0.00079,runlisfloo,nfische2,r,08/18/2026,11:08:12,eddie@node1k10.ecdf.ed.ac.uk,1,6242
57704466,0.00079,runlisfloo,nfische2,r,08/18/2026,11:08:12,eddie@node1n11.ecdf.ed.ac.uk,1,6243
57704466,0.00079,runlisfloo,nfische2,r,08/18/2026,10:15:49,eddie@node1k20.ecdf.ed.ac.uk,1,6094
57704466,0.00079,runlisfloo,nfische2,r,08/18/2026,11:06:12,eddie@node1n07.ecdf.ed.ac.uk,1,6225
57704466,0.00079,runlisfloo,nfische2,r,08/18/2026,11:06:12,eddie@node1n02.ecdf.ed.ac.uk,1,6226
57704466,0.00079,runlisfloo,nfische2,r,08/18/2026,11:09:12,eddie@node1k20.ecdf.ed.ac.uk,1,6252
57704466,0.00079,runlisfloo,nfische2,r,08/18/2026,11:08:27,eddie@node1n01.ecdf.ed.ac.uk,1,6244
57704466,0.00079,runlisfloo,nfische2,r,08/18/2026,11:08:27,eddie@node1k16.ecdf.ed.ac.uk,1,6245
57704466,0.00079,runlisfloo,nfische2,r,08/18/2026,11:08:27,eddie@node1k19.ecdf.ed.ac.uk,1,6246
57704466,0.00079,runlisfloo,nfische2,r,08/18/2026,11:08:27,eddie@node1k10.ecdf.ed.ac.uk,1,6247
57704466,0.00079,runlisfloo,nfische2,r,08/18/2026,11:08:27,eddie@node1n11.ecdf.ed.ac.uk,1,6248
57704466,0.00079,runlisfloo,nfische2,r,08/18/2026,11:09:27,eddie@node1k20.ecdf.ed.ac.uk,1,6253
57704466,0.00079,runlisfloo,nfische2,r,08/18/2026,11:06:27,eddie@node1k10.ecdf.ed.ac.uk,1,6227
57704466,0.00079,runlisfloo,nfische2,r,08/18/2026,11:09:30,eddie@node1n03.ecdf.ed.ac.uk,1,6254
57704466,0.00079,runlisfloo,nfische2,r,08/18/2026,11:09:59,eddie@node1k17.ecdf.ed.ac.uk,1,6255
57704466,0.00079,runlisfloo,nfische2,r,08/18/2026,11:09:59,eddie@node1j12.ecdf.ed.ac.uk,1,6256
57704466,0.00079,runlisfloo,nfische2,r,08/18/2026,11:10:14,eddie@node1n05.ecdf.ed.ac.uk,1,6257
57704466,0.00079,runlisfloo,nfische2,r,08/18/2026,11:10:14,eddie@node1k11.ecdf.ed.ac.uk,1,6258
57704466,0.00079,runlisfloo,nfische2,r,08/18/2026,11:10:14,eddie@node1n12.ecdf.ed.ac.uk,1,6259
57704466,0.00079,runlisfloo,nfische2,r,08/18/2026,11:06:57,eddie@node1n08.ecdf.ed.ac.uk,1,6228
57704466,0.00079,runlisfloo,nfische2,r,08/18/2026,11:06:57,eddie@node1n05.ecdf.ed.ac.uk,1,6229
57704466,0.00079,runlisfloo,nfische2,r,08/18/2026,11:06:57,eddie@node1k10.ecdf.ed.ac.uk,1,6230
57704466,0.00079,runlisfloo,nfische2,r,08/18/2026,10:16:18,eddie@node1k16.ecdf.ed.ac.uk,1,6095
57704466,0.00079,runlisfloo,nfische2,r,08/18/2026,11:10:44,eddie@node1n05.ecdf.ed.ac.uk,1,6263
57704466,0.00079,runlisfloo,nfische2,r,08/18/2026,11:10:44,eddie@node1n11.ecdf.ed.ac.uk,1,6264
57704466,0.00079,runlisfloo,nfische2,r,08/18/2026,11:11:14,eddie@node1k13.ecdf.ed.ac.uk,1,6267
57704466,0.00079,runlisfloo,nfische2,r,08/18/2026,11:11:14,eddie@node1k14.ecdf.ed.ac.uk,1,6268
57704466,0.00079,runlisfloo,nfische2,r,08/18/2026,11:11:14,eddie@node1n09.ecdf.ed.ac.uk,1,6269
57704466,0.00079,runlisfloo,nfische2,r,08/18/2026,11:08:42,eddie@node1k19.ecdf.ed.ac.uk,1,6249
57704466,0.00079,runlisfloo,nfische2,r,08/18/2026,11:08:42,eddie@node1k20.ecdf.ed.ac.uk,1,6250
57704466,0.00079,runlisfloo,nfische2,r,08/18/2026,11:10:29,eddie@node1k13.ecdf.ed.ac.uk,1,6260
57704466,0.00079,runlisfloo,nfische2,r,08/18/2026,11:10:29,eddie@node1k18.ecdf.ed.ac.uk,1,6261
57704466,0.00079,runlisfloo,nfische2,r,08/18/2026,11:10:29,eddie@node1j12.ecdf.ed.ac.uk,1,6262
57704466,0.00079,runlisfloo,nfische2,r,08/18/2026,11:25:25,eddie@node1k17.ecdf.ed.ac.uk,1,6327
57704466,0.00079,runlisfloo,nfische2,r,08/18/2026,11:25:55,eddie@node1n12.ecdf.ed.ac.uk,1,6328
57704466,0.00079,runlisfloo,nfische2,r,08/18/2026,11:08:57,eddie@node1n12.ecdf.ed.ac.uk,1,6251
57704466,0.00079,runlisfloo,nfische2,r,08/18/2026,11:25:10,eddie@node1j12.ecdf.ed.ac.uk,1,6326
57704466,0.00079,runlisfloo,nfische2,r,08/18/2026,11:26:10,eddie@node1k20.ecdf.ed.ac.uk,1,6329
57704466,0.00079,runlisfloo,nfische2,r,08/18/2026,11:11:29,eddie@node1n02.ecdf.ed.ac.uk,1,6270
57704466,0.00079,runlisfloo,nfische2,r,08/18/2026,11:11:29,eddie@node1k16.ecdf.ed.ac.uk,1,6271
57704466,0.00079,runlisfloo,nfische2,r,08/18/2026,11:11:29,eddie@node1k20.ecdf.ed.ac.uk,1,6272
57704466,0.00079,runlisfloo,nfische2,r,08/18/2026,11:11:29,eddie@node1n11.ecdf.ed.ac.uk,1,6273
57704466,0.00079,runlisfloo,nfische2,r,08/18/2026,10:16:48,eddie@node1k15.ecdf.ed.ac.uk,1,6096
57704466,0.00079,runlisfloo,nfische2,r,08/18/2026,11:13:44,eddie@node1n01.ecdf.ed.ac.uk,1,6282
57704466,0.00079,runlisfloo,nfische2,r,08/18/2026,11:12:59,eddie@node1k16.ecdf.ed.ac.uk,1,6279
57704466,0.00079,runlisfloo,nfische2,r,08/18/2026,11:26:25,eddie@node1j12.ecdf.ed.ac.uk,1,6330
57704466,0.00079,runlisfloo,nfische2,r,08/18/2026,11:13:14,eddie@node1n03.ecdf.ed.ac.uk,1,6280
57704466,0.00079,runlisfloo,nfische2,r,08/18/2026,11:13:14,eddie@node1n05.ecdf.ed.ac.uk,1,6281
57704466,0.00079,runlisfloo,nfische2,r,08/18/2026,11:12:14,eddie@node1k10.ecdf.ed.ac.uk,1,6277
57704466,0.00079,runlisfloo,nfische2,r,08/18/2026,10:18:34,eddie@node1n09.ecdf.ed.ac.uk,1,6097
57704466,0.00079,runlisfloo,nfische2,r,08/18/2026,11:12:44,eddie@node1k17.ecdf.ed.ac.uk,1,6278
57704466,0.00079,runlisfloo,nfische2,r,08/18/2026,11:11:44,eddie@node1n12.ecdf.ed.ac.uk,1,6274
57704466,0.00079,runlisfloo,nfische2,r,08/18/2026,11:13:59,eddie@node1j13.ecdf.ed.ac.uk,1,6283
57704466,0.00079,runlisfloo,nfische2,r,08/18/2026,11:14:00,eddie@node1n09.ecdf.ed.ac.uk,1,6284
57704466,0.00079,runlisfloo,nfische2,r,08/18/2026,11:14:00,eddie@node1n11.ecdf.ed.ac.uk,1,6285
57704466,0.00079,runlisfloo,nfische2,r,08/18/2026,11:10:59,eddie@node1k18.ecdf.ed.ac.uk,1,6265
57704466,0.00079,runlisfloo,nfische2,r,08/18/2026,11:10:59,eddie@node1k20.ecdf.ed.ac.uk,1,6266
57704466,0.00079,runlisfloo,nfische2,r,08/18/2026,11:11:59,eddie@node1n06.ecdf.ed.ac.uk,1,6275
57704466,0.00079,runlisfloo,nfische2,r,08/18/2026,11:11:59,eddie@node1n10.ecdf.ed.ac.uk,1,6276
57704466,0.00079,runlisfloo,nfische2,r,08/18/2026,11:14:29,eddie@node1j12.ecdf.ed.ac.uk,1,6288
57704466,0.00079,runlisfloo,nfische2,r,08/18/2026,11:14:44,eddie@node1n06.ecdf.ed.ac.uk,1,6289
57704466,0.00079,runlisfloo,nfische2,r,08/18/2026,11:14:44,eddie@node1k10.ecdf.ed.ac.uk,1,6290
57704466,0.00079,runlisfloo,nfische2,r,08/18/2026,11:14:59,eddie@node1k15.ecdf.ed.ac.uk,1,6291
57704466,0.00079,runlisfloo,nfische2,r,08/18/2026,11:14:59,eddie@node1k11.ecdf.ed.ac.uk,1,6292
57704466,0.00079,runlisfloo,nfische2,r,08/18/2026,11:14:14,eddie@node1k18.ecdf.ed.ac.uk,1,6286
57704466,0.00079,runlisfloo,nfische2,r,08/18/2026,11:14:14,eddie@node1k17.ecdf.ed.ac.uk,1,6287
57704466,0.00079,runlisfloo,nfische2,r,08/18/2026,11:15:14,eddie@node1s09.ecdf.ed.ac.uk,1,6293
57704466,0.00079,runlisfloo,nfische2,r,08/18/2026,11:15:29,eddie@node1n03.ecdf.ed.ac.uk,1,6294
57704466,0.00079,runlisfloo,nfische2,r,08/18/2026,11:15:29,eddie@node1k18.ecdf.ed.ac.uk,1,6295
57704466,0.00079,runlisfloo,nfische2,r,08/18/2026,11:15:29,eddie@node1k11.ecdf.ed.ac.uk,1,6296
57704466,0.00079,runlisfloo,nfische2,r,08/18/2026,11:15:44,eddie@node1n02.ecdf.ed.ac.uk,1,6297
57704466,0.00079,runlisfloo,nfische2,r,08/18/2026,11:15:44,eddie@node1k16.ecdf.ed.ac.uk,1,6298
57704466,0.00079,runlisfloo,nfische2,r,08/18/2026,11:15:44,eddie@node1n12.ecdf.ed.ac.uk,1,6299
57704466,0.00079,runlisfloo,nfische2,r,08/18/2026,11:15:44,eddie@node1k14.ecdf.ed.ac.uk,1,6300
57704466,0.00079,runlisfloo,nfische2,r,08/18/2026,11:15:44,eddie@node1k17.ecdf.ed.ac.uk,1,6301
57704466,0.00079,runlisfloo,nfische2,r,08/18/2026,11:15:59,eddie@node1n10.ecdf.ed.ac.uk,1,6302
57704466,0.00079,runlisfloo,nfische2,r,08/18/2026,11:15:59,eddie@node1n11.ecdf.ed.ac.uk,1,6303
57704466,0.00079,runlisfloo,nfische2,r,08/18/2026,11:32:55,eddie@node1k20.ecdf.ed.ac.uk,1,6349
57704466,0.00079,runlisfloo,nfische2,r,08/18/2026,11:16:29,eddie@node1n10.ecdf.ed.ac.uk,1,6305
57704466,0.00079,runlisfloo,nfische2,r,08/18/2026,11:16:44,eddie@node1n02.ecdf.ed.ac.uk,1,6306
57704466,0.00079,runlisfloo,nfische2,r,08/18/2026,11:16:14,eddie@node1n12.ecdf.ed.ac.uk,1,6304
57704466,0.00079,runlisfloo,nfische2,r,08/18/2026,11:16:59,eddie@node1k19.ecdf.ed.ac.uk,1,6307
57704466,0.00079,runlisfloo,nfische2,r,08/18/2026,11:16:59,eddie@node1k10.ecdf.ed.ac.uk,1,6308
57752713,0.00078,DuckJoint,v1nayele,r,08/19/2026,20:25:22,eddie@node1j22.ecdf.ed.ac.uk,1,13
57704466,0.00078,runlisfloo,nfische2,r,08/18/2026,09:29:06,eddie@node1j13.ecdf.ed.ac.uk,1,6058
57754606,0.00078,cover_sim,s2441782,r,08/19/2026,22:54:07,eddie@node1j23.ecdf.ed.ac.uk,8,21
57704466,0.00078,runlisfloo,nfische2,r,08/18/2026,11:26:40,eddie@node1j13.ecdf.ed.ac.uk,1,6331
57704466,0.00078,runlisfloo,nfische2,r,08/18/2026,11:26:40,eddie@node1k11.ecdf.ed.ac.uk,1,6332
57704466,0.00078,runlisfloo,nfische2,r,08/18/2026,11:26:40,eddie@node1n12.ecdf.ed.ac.uk,1,6333
57704466,0.00078,runlisfloo,nfische2,r,08/18/2026,11:27:10,eddie@node1k20.ecdf.ed.ac.uk,1,6334
57704466,0.00078,runlisfloo,nfische2,r,08/18/2026,11:27:10,eddie@node1k11.ecdf.ed.ac.uk,1,6335
57704466,0.00078,runlisfloo,nfische2,r,08/18/2026,11:27:55,eddie@node1j13.ecdf.ed.ac.uk,1,6336
57704466,0.00078,runlisfloo,nfische2,r,08/18/2026,11:27:55,eddie@node1n11.ecdf.ed.ac.uk,1,6337
57704466,0.00078,runlisfloo,nfische2,r,08/18/2026,11:28:40,eddie@node1k13.ecdf.ed.ac.uk,1,6338
57704466,0.00078,runlisfloo,nfische2,r,08/18/2026,11:28:55,eddie@node1j12.ecdf.ed.ac.uk,1,6339
57704466,0.00078,runlisfloo,nfische2,r,08/18/2026,11:29:10,eddie@node1k14.ecdf.ed.ac.uk,1,6340
57704466,0.00078,runlisfloo,nfische2,r,08/18/2026,11:29:10,eddie@node1j12.ecdf.ed.ac.uk,1,6341
57704466,0.00078,runlisfloo,nfische2,r,08/18/2026,11:30:10,eddie@node1k20.ecdf.ed.ac.uk,1,6343
57704466,0.00078,runlisfloo,nfische2,r,08/18/2026,11:30:25,eddie@node1n07.ecdf.ed.ac.uk,1,6344
57704466,0.00078,runlisfloo,nfische2,r,08/18/2026,11:30:25,eddie@node1k19.ecdf.ed.ac.uk,1,6345
57704466,0.00078,runlisfloo,nfische2,r,08/18/2026,11:29:41,eddie@node1n10.ecdf.ed.ac.uk,1,6342
57722810,0.00078,s5_24_2024,yhu5,r,08/19/2026,09:30:40,eddie@node1o06.ecdf.ed.ac.uk,1
57704466,0.00078,runlisfloo,nfische2,r,08/18/2026,11:30:40,eddie@node1k16.ecdf.ed.ac.uk,1,6346
57704466,0.00078,runlisfloo,nfische2,r,08/18/2026,11:31:10,eddie@node1k15.ecdf.ed.ac.uk,1,6347
57704466,0.00078,runlisfloo,nfische2,r,08/18/2026,11:31:55,eddie@node1k20.ecdf.ed.ac.uk,1,6348
57704466,0.00078,runlisfloo,nfische2,r,08/18/2026,09:18:41,eddie@node1n01.ecdf.ed.ac.uk,1,6056
57704466,0.00078,runlisfloo,nfische2,r,08/18/2026,09:21:57,eddie@node1j13.ecdf.ed.ac.uk,1,6057
57749248,0.00077,quantile,s2150450,r,08/19/2026,18:07:53,eddie@node1l25.ecdf.ed.ac.uk,5,15
57708234,0.00076,prepro_OG_,smoon,r,08/19/2026,03:44:28,eddie@node1q02.ecdf.ed.ac.uk,2,46
57754606,0.00076,cover_sim,s2441782,r,08/19/2026,22:54:07,eddie@node1l10.ecdf.ed.ac.uk,8,22
57735445,0.00076,ev1_codena,s2874947,r,08/19/2026,16:35:43,gpu@node1o16.ecdf.ed.ac.uk,4
57708234,0.00074,prepro_OG_,smoon,r,08/19/2026,03:10:28,eddie@node1q13.ecdf.ed.ac.uk,2,45
57754606,0.00074,cover_sim,s2441782,r,08/19/2026,22:54:08,eddie@node1m05.ecdf.ed.ac.uk,8,23
57749248,0.00073,quantile,s2150450,r,08/19/2026,18:07:53,eddie@node1o03.ecdf.ed.ac.uk,5,16
57752713,0.00073,DuckJoint,v1nayele,r,08/19/2026,20:25:22,eddie@node1j23.ecdf.ed.ac.uk,1,14
57722897,0.00073,QLOGIN,blivesey,r,08/19/2026,09:53:43,igmm_long@node1h02.ecdf.ed.ac.,1
57754606,0.00072,cover_sim,s2441782,r,08/19/2026,22:54:08,eddie@node1m12.ecdf.ed.ac.uk,8,24
57735446,0.00072,ev2_codena,s2874947,r,08/19/2026,16:35:43,gpu@node1o16.ecdf.ed.ac.uk,4
57754597,0.00072,ce1,gs10us1,r,08/19/2026,22:50:37,eddie@node1l17.ecdf.ed.ac.uk,1
57722811,0.00071,s5_24_2024,yhu5,r,08/19/2026,09:30:40,eddie@node1l28.ecdf.ed.ac.uk,1
57708234,0.00070,prepro_OG_,smoon,r,08/19/2026,02:16:28,eddie@node1q02.ecdf.ed.ac.uk,2,43
57754606,0.00070,cover_sim,s2441782,r,08/19/2026,22:54:08,eddie@node1m04.ecdf.ed.ac.uk,8,25
57749248,0.00070,quantile,s2150450,r,08/19/2026,18:07:53,eddie@node1r16.ecdf.ed.ac.uk,5,17
57754606,0.00069,cover_sim,s2441782,r,08/19/2026,22:54:08,eddie@node1m07.ecdf.ed.ac.uk,8,26
57704466,0.00068,runlisfloo,nfische2,r,08/18/2026,01:47:47,eddie@node1k17.ecdf.ed.ac.uk,1,6007
57752713,0.00068,DuckJoint,v1nayele,r,08/19/2026,20:25:22,eddie@node1j02.ecdf.ed.ac.uk,1,15
57754606,0.00067,cover_sim,s2441782,r,08/19/2026,22:54:08,eddie@node1j18.ecdf.ed.ac.uk,8,27
57754606,0.00067,cover_sim,s2441782,r,08/19/2026,22:54:08,eddie@node1l01.ecdf.ed.ac.uk,8,28
57754606,0.00067,cover_sim,s2441782,r,08/19/2026,22:54:08,eddie@node1j05.ecdf.ed.ac.uk,8,29
57754606,0.00067,cover_sim,s2441782,r,08/19/2026,22:54:08,eddie@node1m02.ecdf.ed.ac.uk,8,30
57754606,0.00067,cover_sim,s2441782,r,08/19/2026,22:54:08,eddie@node1j01.ecdf.ed.ac.uk,8,31
57754606,0.00067,cover_sim,s2441782,r,08/19/2026,22:54:08,eddie@node1j19.ecdf.ed.ac.uk,8,32
57754606,0.00067,cover_sim,s2441782,r,08/19/2026,22:54:08,eddie@node1k08.ecdf.ed.ac.uk,8,33
57754606,0.00067,cover_sim,s2441782,r,08/19/2026,22:54:08,eddie@node1k09.ecdf.ed.ac.uk,8,34
57754606,0.00067,cover_sim,s2441782,r,08/19/2026,22:54:08,eddie@node1l08.ecdf.ed.ac.uk,8,35
57754606,0.00067,cover_sim,s2441782,r,08/19/2026,22:54:08,eddie@node1j22.ecdf.ed.ac.uk,8,36
57754606,0.00067,cover_sim,s2441782,r,08/19/2026,22:54:08,eddie@node1k06.ecdf.ed.ac.uk,8,37
57754606,0.00067,cover_sim,s2441782,r,08/19/2026,22:54:08,eddie@node1j17.ecdf.ed.ac.uk,8,38
57754606,0.00067,cover_sim,s2441782,r,08/19/2026,22:54:08,eddie@node1l05.ecdf.ed.ac.uk,8,39
57754606,0.00067,cover_sim,s2441782,r,08/19/2026,22:54:08,eddie@node1j07.ecdf.ed.ac.uk,8,40
57754606,0.00067,cover_sim,s2441782,r,08/19/2026,22:54:08,eddie@node1k03.ecdf.ed.ac.uk,8,41
57754606,0.00067,cover_sim,s2441782,r,08/19/2026,22:54:08,eddie@node1j09.ecdf.ed.ac.uk,8,42
57754606,0.00067,cover_sim,s2441782,r,08/19/2026,22:54:08,eddie@node1l19.ecdf.ed.ac.uk,8,43
57754606,0.00067,cover_sim,s2441782,r,08/19/2026,22:54:08,eddie@node1l03.ecdf.ed.ac.uk,8,44
57754606,0.00067,cover_sim,s2441782,r,08/19/2026,22:54:08,eddie@node1j11.ecdf.ed.ac.uk,8,45
57754606,0.00067,cover_sim,s2441782,r,08/19/2026,22:54:08,eddie@node1j02.ecdf.ed.ac.uk,8,46
57754606,0.00067,cover_sim,s2441782,r,08/19/2026,22:54:08,eddie@node1j10.ecdf.ed.ac.uk,8,47
57754606,0.00067,cover_sim,s2441782,r,08/19/2026,22:54:08,eddie@node1l09.ecdf.ed.ac.uk,8,48
57754606,0.00067,cover_sim,s2441782,r,08/19/2026,22:54:08,eddie@node1j23.ecdf.ed.ac.uk,8,49
57754606,0.00067,cover_sim,s2441782,r,08/19/2026,22:54:08,eddie@node1l10.ecdf.ed.ac.uk,8,50
57754606,0.00067,cover_sim,s2441782,r,08/19/2026,22:54:08,eddie@node1m05.ecdf.ed.ac.uk,8,51
57754606,0.00067,cover_sim,s2441782,r,08/19/2026,22:54:08,eddie@node1j08.ecdf.ed.ac.uk,8,52
57754606,0.00067,cover_sim,s2441782,r,08/19/2026,22:54:08,eddie@node1m11.ecdf.ed.ac.uk,8,53
57754606,0.00067,cover_sim,s2441782,r,08/19/2026,22:54:08,eddie@node1m12.ecdf.ed.ac.uk,8,54
57754606,0.00067,cover_sim,s2441782,r,08/19/2026,22:54:08,eddie@node1m04.ecdf.ed.ac.uk,8,55
57754606,0.00067,cover_sim,s2441782,r,08/19/2026,22:54:08,eddie@node1k02.ecdf.ed.ac.uk,8,56
57754606,0.00067,cover_sim,s2441782,r,08/19/2026,22:54:08,eddie@node1m07.ecdf.ed.ac.uk,8,57
57754606,0.00067,cover_sim,s2441782,r,08/19/2026,22:54:08,eddie@node1m01.ecdf.ed.ac.uk,8,58
57754606,0.00067,cover_sim,s2441782,r,08/19/2026,22:54:08,eddie@node1j21.ecdf.ed.ac.uk,8,59
57754606,0.00067,cover_sim,s2441782,r,08/19/2026,22:54:08,eddie@node1l20.ecdf.ed.ac.uk,8,60
57754606,0.00067,cover_sim,s2441782,r,08/19/2026,22:54:08,eddie@node1j18.ecdf.ed.ac.uk,8,61
57754606,0.00067,cover_sim,s2441782,r,08/19/2026,22:54:08,eddie@node1l01.ecdf.ed.ac.uk,8,62
57754606,0.00067,cover_sim,s2441782,r,08/19/2026,22:54:08,eddie@node1j05.ecdf.ed.ac.uk,8,63
57754606,0.00067,cover_sim,s2441782,r,08/19/2026,22:54:08,eddie@node1l07.ecdf.ed.ac.uk,8,64
57754606,0.00067,cover_sim,s2441782,r,08/19/2026,22:54:08,eddie@node1m02.ecdf.ed.ac.uk,8,65
57754606,0.00067,cover_sim,s2441782,r,08/19/2026,22:54:08,eddie@node1j01.ecdf.ed.ac.uk,8,66
57754606,0.00067,cover_sim,s2441782,r,08/19/2026,22:54:08,eddie@node1j19.ecdf.ed.ac.uk,8,67
57754606,0.00067,cover_sim,s2441782,r,08/19/2026,22:54:08,eddie@node1k08.ecdf.ed.ac.uk,8,68
57754606,0.00067,cover_sim,s2441782,r,08/19/2026,22:54:08,eddie@node1k09.ecdf.ed.ac.uk,8,69
57754606,0.00067,cover_sim,s2441782,r,08/19/2026,22:54:08,eddie@node1j22.ecdf.ed.ac.uk,8,70
57754606,0.00067,cover_sim,s2441782,r,08/19/2026,22:54:08,eddie@node1l08.ecdf.ed.ac.uk,8,71
57754606,0.00067,cover_sim,s2441782,r,08/19/2026,22:54:08,eddie@node1k06.ecdf.ed.ac.uk,8,72
57754606,0.00067,cover_sim,s2441782,r,08/19/2026,22:54:08,eddie@node1l05.ecdf.ed.ac.uk,8,73
57754606,0.00067,cover_sim,s2441782,r,08/19/2026,22:54:08,eddie@node1j17.ecdf.ed.ac.uk,8,74
57754606,0.00067,cover_sim,s2441782,r,08/19/2026,22:54:08,eddie@node1j07.ecdf.ed.ac.uk,8,75
57754606,0.00067,cover_sim,s2441782,r,08/19/2026,22:54:08,eddie@node1k03.ecdf.ed.ac.uk,8,76
57754606,0.00067,cover_sim,s2441782,r,08/19/2026,22:54:08,eddie@node1j09.ecdf.ed.ac.uk,8,77
57754606,0.00067,cover_sim,s2441782,r,08/19/2026,22:54:08,eddie@node1l19.ecdf.ed.ac.uk,8,78
57754606,0.00067,cover_sim,s2441782,r,08/19/2026,22:54:08,eddie@node1l03.ecdf.ed.ac.uk,8,79
57754606,0.00067,cover_sim,s2441782,r,08/19/2026,22:54:08,eddie@node1j11.ecdf.ed.ac.uk,8,80
57754606,0.00067,cover_sim,s2441782,r,08/19/2026,22:54:08,eddie@node1j02.ecdf.ed.ac.uk,8,81
57754606,0.00067,cover_sim,s2441782,r,08/19/2026,22:54:08,eddie@node1j10.ecdf.ed.ac.uk,8,82
57754606,0.00067,cover_sim,s2441782,r,08/19/2026,22:54:08,eddie@node1l09.ecdf.ed.ac.uk,8,83
57754606,0.00067,cover_sim,s2441782,r,08/19/2026,22:54:08,eddie@node1j23.ecdf.ed.ac.uk,8,84
57754606,0.00067,cover_sim,s2441782,r,08/19/2026,22:54:08,eddie@node1l10.ecdf.ed.ac.uk,8,85
57754606,0.00067,cover_sim,s2441782,r,08/19/2026,22:54:08,eddie@node1m05.ecdf.ed.ac.uk,8,86
57754606,0.00067,cover_sim,s2441782,r,08/19/2026,22:54:08,eddie@node1j08.ecdf.ed.ac.uk,8,87
57754606,0.00067,cover_sim,s2441782,r,08/19/2026,22:54:08,eddie@node1m11.ecdf.ed.ac.uk,8,88
57754606,0.00067,cover_sim,s2441782,r,08/19/2026,22:54:08,eddie@node1m03.ecdf.ed.ac.uk,8,89
57754606,0.00067,cover_sim,s2441782,r,08/19/2026,22:54:08,eddie@node1m12.ecdf.ed.ac.uk,8,90
57754606,0.00067,cover_sim,s2441782,r,08/19/2026,22:54:08,eddie@node1m04.ecdf.ed.ac.uk,8,91
57754606,0.00067,cover_sim,s2441782,r,08/19/2026,22:54:08,eddie@node1k02.ecdf.ed.ac.uk,8,92
57754606,0.00067,cover_sim,s2441782,r,08/19/2026,22:54:08,eddie@node1m07.ecdf.ed.ac.uk,8,93
57754606,0.00067,cover_sim,s2441782,r,08/19/2026,22:54:08,eddie@node1m01.ecdf.ed.ac.uk,8,94
57754606,0.00067,cover_sim,s2441782,r,08/19/2026,22:54:08,eddie@node1j21.ecdf.ed.ac.uk,8,95
57754606,0.00067,cover_sim,s2441782,r,08/19/2026,22:54:08,eddie@node1l20.ecdf.ed.ac.uk,8,96
57754606,0.00067,cover_sim,s2441782,r,08/19/2026,22:54:08,eddie@node1j18.ecdf.ed.ac.uk,8,97
57754606,0.00067,cover_sim,s2441782,r,08/19/2026,22:54:08,eddie@node1l01.ecdf.ed.ac.uk,8,98
57754606,0.00067,cover_sim,s2441782,r,08/19/2026,22:54:08,eddie@node1j05.ecdf.ed.ac.uk,8,99
57754606,0.00067,cover_sim,s2441782,r,08/19/2026,22:54:08,eddie@node1l07.ecdf.ed.ac.uk,8,100
57754606,0.00067,cover_sim,s2441782,r,08/19/2026,22:54:08,eddie@node1k05.ecdf.ed.ac.uk,8,101
57754606,0.00067,cover_sim,s2441782,r,08/19/2026,22:54:08,eddie@node1m02.ecdf.ed.ac.uk,8,102
57754606,0.00067,cover_sim,s2441782,r,08/19/2026,22:54:08,eddie@node1j01.ecdf.ed.ac.uk,8,103
57754606,0.00067,cover_sim,s2441782,r,08/19/2026,22:54:08,eddie@node1k07.ecdf.ed.ac.uk,8,104
57754606,0.00067,cover_sim,s2441782,r,08/19/2026,22:54:08,eddie@node1j19.ecdf.ed.ac.uk,8,105
57754606,0.00067,cover_sim,s2441782,r,08/19/2026,22:54:08,eddie@node1k08.ecdf.ed.ac.uk,8,106
57754606,0.00067,cover_sim,s2441782,r,08/19/2026,22:54:08,eddie@node1k09.ecdf.ed.ac.uk,8,107
57754606,0.00067,cover_sim,s2441782,r,08/19/2026,22:54:08,eddie@node1l08.ecdf.ed.ac.uk,8,108
57754606,0.00067,cover_sim,s2441782,r,08/19/2026,22:54:08,eddie@node1j22.ecdf.ed.ac.uk,8,109
57754606,0.00067,cover_sim,s2441782,r,08/19/2026,22:54:08,eddie@node1k06.ecdf.ed.ac.uk,8,110
57754606,0.00067,cover_sim,s2441782,r,08/19/2026,22:54:08,eddie@node1j17.ecdf.ed.ac.uk,8,111
57754606,0.00067,cover_sim,s2441782,r,08/19/2026,22:54:08,eddie@node1l05.ecdf.ed.ac.uk,8,112
57754606,0.00067,cover_sim,s2441782,r,08/19/2026,22:54:08,eddie@node1j07.ecdf.ed.ac.uk,8,113
57754606,0.00067,cover_sim,s2441782,r,08/19/2026,22:54:08,eddie@node1k03.ecdf.ed.ac.uk,8,114
57754606,0.00067,cover_sim,s2441782,r,08/19/2026,22:54:08,eddie@node1j09.ecdf.ed.ac.uk,8,115
57754606,0.00067,cover_sim,s2441782,r,08/19/2026,22:54:08,eddie@node1l19.ecdf.ed.ac.uk,8,116
57754606,0.00067,cover_sim,s2441782,r,08/19/2026,22:54:08,eddie@node1l03.ecdf.ed.ac.uk,8,117
57754606,0.00067,cover_sim,s2441782,r,08/19/2026,22:54:08,eddie@node1j11.ecdf.ed.ac.uk,8,118
57754606,0.00067,cover_sim,s2441782,r,08/19/2026,22:54:08,eddie@node1j02.ecdf.ed.ac.uk,8,119
57754606,0.00067,cover_sim,s2441782,r,08/19/2026,22:54:08,eddie@node1j10.ecdf.ed.ac.uk,8,120
57754606,0.00067,cover_sim,s2441782,r,08/19/2026,22:54:08,eddie@node1l09.ecdf.ed.ac.uk,8,121
57754606,0.00067,cover_sim,s2441782,r,08/19/2026,22:54:08,eddie@node1j23.ecdf.ed.ac.uk,8,122
57754606,0.00067,cover_sim,s2441782,r,08/19/2026,22:54:08,eddie@node1l10.ecdf.ed.ac.uk,8,123
57754606,0.00067,cover_sim,s2441782,r,08/19/2026,22:54:08,eddie@node1m05.ecdf.ed.ac.uk,8,124
57754606,0.00067,cover_sim,s2441782,r,08/19/2026,22:54:08,eddie@node1j08.ecdf.ed.ac.uk,8,125
57754606,0.00067,cover_sim,s2441782,r,08/19/2026,22:54:08,eddie@node1m10.ecdf.ed.ac.uk,8,126
57754606,0.00067,cover_sim,s2441782,r,08/19/2026,22:54:08,eddie@node1m11.ecdf.ed.ac.uk,8,127
57754606,0.00067,cover_sim,s2441782,r,08/19/2026,22:54:08,eddie@node1m12.ecdf.ed.ac.uk,8,128
57754606,0.00067,cover_sim,s2441782,r,08/19/2026,22:54:08,eddie@node1m04.ecdf.ed.ac.uk,8,129
57754606,0.00067,cover_sim,s2441782,r,08/19/2026,22:54:08,eddie@node1k02.ecdf.ed.ac.uk,8,130
57754606,0.00067,cover_sim,s2441782,r,08/19/2026,22:54:08,eddie@node1l02.ecdf.ed.ac.uk,8,131
57754606,0.00067,cover_sim,s2441782,r,08/19/2026,22:54:08,eddie@node1m07.ecdf.ed.ac.uk,8,132
57754606,0.00067,cover_sim,s2441782,r,08/19/2026,22:54:08,eddie@node1m01.ecdf.ed.ac.uk,8,133
57754606,0.00067,cover_sim,s2441782,r,08/19/2026,22:54:08,eddie@node1k04.ecdf.ed.ac.uk,8,134
57754606,0.00067,cover_sim,s2441782,r,08/19/2026,22:54:08,eddie@node1j21.ecdf.ed.ac.uk,8,135
57754606,0.00067,cover_sim,s2441782,r,08/19/2026,22:54:08,eddie@node1k01.ecdf.ed.ac.uk,8,136
57754606,0.00067,cover_sim,s2441782,r,08/19/2026,22:54:08,eddie@node1l20.ecdf.ed.ac.uk,8,137
57754606,0.00067,cover_sim,s2441782,r,08/19/2026,22:54:08,eddie@node1j18.ecdf.ed.ac.uk,8,138
57754606,0.00067,cover_sim,s2441782,r,08/19/2026,22:54:08,eddie@node1l01.ecdf.ed.ac.uk,8,139
57754606,0.00067,cover_sim,s2441782,r,08/19/2026,22:54:08,eddie@node1l07.ecdf.ed.ac.uk,8,140
57754606,0.00067,cover_sim,s2441782,r,08/19/2026,22:54:08,eddie@node1k05.ecdf.ed.ac.uk,8,141
57754606,0.00067,cover_sim,s2441782,r,08/19/2026,22:54:08,eddie@node1m02.ecdf.ed.ac.uk,8,142
57754606,0.00067,cover_sim,s2441782,r,08/19/2026,22:54:09,eddie@node1j01.ecdf.ed.ac.uk,8,143
57754606,0.00067,cover_sim,s2441782,r,08/19/2026,22:54:09,eddie@node1k07.ecdf.ed.ac.uk,8,144
57754606,0.00067,cover_sim,s2441782,r,08/19/2026,22:54:09,eddie@node1j19.ecdf.ed.ac.uk,8,145
57754606,0.00067,cover_sim,s2441782,r,08/19/2026,22:54:09,eddie@node1k08.ecdf.ed.ac.uk,8,146
57754606,0.00067,cover_sim,s2441782,r,08/19/2026,22:54:09,eddie@node1k09.ecdf.ed.ac.uk,8,147
57754606,0.00067,cover_sim,s2441782,r,08/19/2026,22:54:09,eddie@node1j22.ecdf.ed.ac.uk,8,148
57754606,0.00067,cover_sim,s2441782,r,08/19/2026,22:54:09,eddie@node1l08.ecdf.ed.ac.uk,8,149
57754606,0.00067,cover_sim,s2441782,r,08/19/2026,22:54:09,eddie@node1k06.ecdf.ed.ac.uk,8,150
57749248,0.00067,quantile,s2150450,r,08/19/2026,18:07:53,eddie@node1r07.ecdf.ed.ac.uk,5,18
57704466,0.00066,runlisfloo,nfische2,r,08/18/2026,01:49:17,eddie@node1k18.ecdf.ed.ac.uk,1,6008
57754535,0.00065,nf-NFCORE_,cmetheri,r,08/19/2026,22:30:07,eddie@node1o09.ecdf.ed.ac.uk,2
57722812,0.00065,s5_24_2024,yhu5,r,08/19/2026,09:30:40,eddie@node1o06.ecdf.ed.ac.uk,1
57708234,0.00064,prepro_OG_,smoon,r,08/19/2026,00:47:43,eddie@node1q12.ecdf.ed.ac.uk,2,38
57749248,0.00064,quantile,s2150450,r,08/19/2026,18:07:54,eddie@node1h04.ecdf.ed.ac.uk,5,19
57704466,0.00064,runlisfloo,nfische2,r,08/18/2026,01:49:47,eddie@node1k11.ecdf.ed.ac.uk,1,6009
57752713,0.00064,DuckJoint,v1nayele,r,08/19/2026,20:25:22,eddie@node1k01.ecdf.ed.ac.uk,1,16
57754599,0.00063,ce1,gs10us1,r,08/19/2026,22:50:52,eddie@node1l17.ecdf.ed.ac.uk,1
57704466,0.00063,runlisfloo,nfische2,r,08/18/2026,01:55:32,eddie@node1k20.ecdf.ed.ac.uk,1,6010
57753432,0.00063,DuckHC,v1nayele,r,08/19/2026,21:37:35,eddie@node1f16.ecdf.ed.ac.uk,1,1
57704466,0.00062,runlisfloo,nfische2,r,08/18/2026,05:59:26,eddie@node1j12.ecdf.ed.ac.uk,1,6052
57749248,0.00061,quantile,s2150450,r,08/19/2026,18:08:08,eddie@node1r15.ecdf.ed.ac.uk,5,20
57704466,0.00061,runlisfloo,nfische2,r,08/18/2026,01:58:17,eddie@node1k19.ecdf.ed.ac.uk,1,6011
57704466,0.00061,runlisfloo,nfische2,r,08/18/2026,06:12:41,eddie@node1n11.ecdf.ed.ac.uk,1,6053
57704466,0.00061,runlisfloo,nfische2,r,08/18/2026,05:42:41,eddie@node1k19.ecdf.ed.ac.uk,1,6051
57704466,0.00061,runlisfloo,nfische2,r,08/18/2026,02:03:32,eddie@node1k14.ecdf.ed.ac.uk,1,6012
57704466,0.00060,runlisfloo,nfische2,r,08/18/2026,02:06:32,eddie@node1k16.ecdf.ed.ac.uk,1,6013
57754600,0.00060,ce1,gs10us1,r,08/19/2026,22:50:52,eddie@node1l13.ecdf.ed.ac.uk,1
57704466,0.00060,runlisfloo,nfische2,r,08/18/2026,05:19:26,eddie@node1n09.ecdf.ed.ac.uk,1,6049
57749248,0.00059,quantile,s2150450,r,08/19/2026,18:08:08,eddie@node1o05.ecdf.ed.ac.uk,5,21
57704466,0.00059,runlisfloo,nfische2,r,08/18/2026,02:12:47,eddie@node1k15.ecdf.ed.ac.uk,1,6014
57704466,0.00059,runlisfloo,nfische2,r,08/18/2026,05:15:11,eddie@node1n03.ecdf.ed.ac.uk,1,6048
57753432,0.00059,DuckHC,v1nayele,r,08/19/2026,21:37:35,eddie@node1f16.ecdf.ed.ac.uk,1,2
57704466,0.00058,runlisfloo,nfische2,r,08/18/2026,02:13:32,eddie@node1k20.ecdf.ed.ac.uk,1,6015
57704466,0.00058,runlisfloo,nfische2,r,08/18/2026,05:22:41,eddie@node1n01.ecdf.ed.ac.uk,1,6050
57704466,0.00058,runlisfloo,nfische2,r,08/18/2026,04:56:41,eddie@node1n12.ecdf.ed.ac.uk,1,6046
57708234,0.00058,prepro_OG_,smoon,r,08/18/2026,21:31:57,eddie@node1q04.ecdf.ed.ac.uk,2,34
57704466,0.00058,runlisfloo,nfische2,r,08/18/2026,02:30:17,eddie@node1k19.ecdf.ed.ac.uk,1,6017
57704466,0.00058,runlisfloo,nfische2,r,08/18/2026,04:57:56,eddie@node1k16.ecdf.ed.ac.uk,1,6047
57704466,0.00058,runlisfloo,nfische2,r,08/18/2026,04:31:26,eddie@node1k18.ecdf.ed.ac.uk,1,6039
57704466,0.00058,runlisfloo,nfische2,r,08/18/2026,02:16:02,eddie@node1k18.ecdf.ed.ac.uk,1,6016
57704466,0.00058,runlisfloo,nfische2,r,08/18/2026,02:36:47,eddie@node1k18.ecdf.ed.ac.uk,1,6018
57704466,0.00057,runlisfloo,nfische2,r,08/18/2026,04:26:41,eddie@node1k16.ecdf.ed.ac.uk,1,6038
57704466,0.00057,runlisfloo,nfische2,r,08/18/2026,04:36:41,eddie@node1k16.ecdf.ed.ac.uk,1,6040
57704466,0.00057,runlisfloo,nfische2,r,08/18/2026,03:00:17,eddie@node1j12.ecdf.ed.ac.uk,1,6021
57704466,0.00057,runlisfloo,nfische2,r,08/18/2026,03:19:19,eddie@node1n10.ecdf.ed.ac.uk,1,6024
57704466,0.00057,runlisfloo,nfische2,r,08/18/2026,03:19:19,eddie@node1k11.ecdf.ed.ac.uk,1,6025
57749248,0.00057,quantile,s2150450,r,08/19/2026,18:08:08,eddie@node1h22.ecdf.ed.ac.uk,5,22
57704466,0.00057,runlisfloo,nfische2,r,08/18/2026,04:37:11,eddie@node1k20.ecdf.ed.ac.uk,1,6041
57704466,0.00057,runlisfloo,nfische2,r,08/18/2026,03:07:17,eddie@node1n01.ecdf.ed.ac.uk,1,6022
57704466,0.00057,runlisfloo,nfische2,r,08/18/2026,02:57:47,eddie@node1k17.ecdf.ed.ac.uk,1,6020
57704466,0.00057,runlisfloo,nfische2,r,08/18/2026,04:42:41,eddie@node1k15.ecdf.ed.ac.uk,1,6042
57704466,0.00057,runlisfloo,nfische2,r,08/18/2026,04:44:26,eddie@node1k11.ecdf.ed.ac.uk,1,6043
57704466,0.00057,runlisfloo,nfische2,r,08/18/2026,04:17:41,eddie@node1k17.ecdf.ed.ac.uk,1,6037
57704466,0.00057,runlisfloo,nfische2,r,08/18/2026,03:08:47,eddie@node1k16.ecdf.ed.ac.uk,1,6023
57704466,0.00057,runlisfloo,nfische2,r,08/18/2026,04:10:26,eddie@node1k19.ecdf.ed.ac.uk,1,6036
57704466,0.00057,runlisfloo,nfische2,r,08/18/2026,04:46:41,eddie@node1k14.ecdf.ed.ac.uk,1,6045
57704466,0.00057,runlisfloo,nfische2,r,08/18/2026,02:38:47,eddie@node1j12.ecdf.ed.ac.uk,1,6019
57704466,0.00056,runlisfloo,nfische2,r,08/18/2026,03:20:04,eddie@node1n10.ecdf.ed.ac.uk,1,6026
57704466,0.00056,runlisfloo,nfische2,r,08/18/2026,03:40:49,eddie@node1k16.ecdf.ed.ac.uk,1,6029
57704466,0.00056,runlisfloo,nfische2,r,08/18/2026,03:45:19,eddie@node1k17.ecdf.ed.ac.uk,1,6031
57704466,0.00056,runlisfloo,nfische2,r,08/18/2026,04:03:34,eddie@node1k19.ecdf.ed.ac.uk,1,6035
57704466,0.00056,runlisfloo,nfische2,r,08/18/2026,03:57:49,eddie@node1n10.ecdf.ed.ac.uk,1,6034
57704466,0.00056,runlisfloo,nfische2,r,08/18/2026,03:50:34,eddie@node1k20.ecdf.ed.ac.uk,1,6032
57704466,0.00056,runlisfloo,nfische2,r,08/18/2026,03:43:04,eddie@node1k16.ecdf.ed.ac.uk,1,6030
57704466,0.00056,runlisfloo,nfische2,r,08/18/2026,03:20:34,eddie@node1k19.ecdf.ed.ac.uk,1,6027
57753432,0.00056,DuckHC,v1nayele,r,08/19/2026,21:37:35,eddie@node1f16.ecdf.ed.ac.uk,1,3
57704466,0.00056,runlisfloo,nfische2,r,08/18/2026,03:22:49,eddie@node1k15.ecdf.ed.ac.uk,1,6028
57704466,0.00056,runlisfloo,nfische2,r,08/18/2026,03:51:49,eddie@node1n11.ecdf.ed.ac.uk,1,6033
57749248,0.00056,quantile,s2150450,r,08/19/2026,18:08:08,eddie@node1j25.ecdf.ed.ac.uk,5,23
57754550,0.00055,nf-NFCORE_,s2745005,r,08/19/2026,22:37:37,eddie@node1q12.ecdf.ed.ac.uk,2
57704466,0.00054,runlisfloo,nfische2,r,08/18/2026,06:40:41,eddie@node1n09.ecdf.ed.ac.uk,1,6054
57704466,0.00054,runlisfloo,nfische2,r,08/18/2026,06:43:41,eddie@node1j12.ecdf.ed.ac.uk,1,6055
57708234,0.00054,prepro_OG_,smoon,r,08/18/2026,20:45:03,eddie@node1q15.ecdf.ed.ac.uk,2,33
57749248,0.00054,quantile,s2150450,r,08/19/2026,18:08:08,eddie@node1h15.ecdf.ed.ac.uk,5,24
57754602,0.00054,nf-NFCORE_,s2745005,r,08/19/2026,22:53:22,eddie@node1q15.ecdf.ed.ac.uk,1
57700172,0.00054,plot_cons_,s2559269,r,08/17/2026,10:33:15,igmm_long@node1b04.ecdf.ed.ac.,13,1
57753432,0.00053,DuckHC,v1nayele,r,08/19/2026,21:37:35,eddie@node1o05.ecdf.ed.ac.uk,1,4
57754568,0.00053,nf-NFCORE_,cmetheri,r,08/19/2026,22:38:07,eddie@node1h05.ecdf.ed.ac.uk,2
57754551,0.00053,nf-NFCORE_,s2745005,r,08/19/2026,22:37:37,eddie@node1q12.ecdf.ed.ac.uk,2
57749248,0.00052,quantile,s2150450,r,08/19/2026,18:08:23,eddie@node1r06.ecdf.ed.ac.uk,5,25
57754603,0.00051,nf-NFCORE_,s2745005,r,08/19/2026,22:53:22,eddie@node1q15.ecdf.ed.ac.uk,1
57749248,0.00051,quantile,s2150450,r,08/19/2026,18:08:23,eddie@node1h10.ecdf.ed.ac.uk,5,26
57754569,0.00051,nf-NFCORE_,cmetheri,r,08/19/2026,22:38:07,eddie@node1r05.ecdf.ed.ac.uk,2
57754552,0.00051,nf-NFCORE_,s2745005,r,08/19/2026,22:37:37,eddie@node1q12.ecdf.ed.ac.uk,2
57753432,0.00051,DuckHC,v1nayele,r,08/19/2026,21:37:35,eddie@node1r18.ecdf.ed.ac.uk,1,5
57749248,0.00050,quantile,s2150450,r,08/19/2026,18:08:38,eddie@node1h23.ecdf.ed.ac.uk,5,27
57754604,0.00049,nf-NFCORE_,s2745005,r,08/19/2026,22:53:22,eddie@node1q15.ecdf.ed.ac.uk,1
57754570,0.00049,nf-NFCORE_,cmetheri,r,08/19/2026,22:38:07,eddie@node1r12.ecdf.ed.ac.uk,2
57749248,0.00049,quantile,s2150450,r,08/19/2026,18:08:38,eddie@node1j25.ecdf.ed.ac.uk,5,28
57749248,0.00049,quantile,s2150450,r,08/19/2026,18:08:38,eddie@node1o10.ecdf.ed.ac.uk,5,29
57749248,0.00049,quantile,s2150450,r,08/19/2026,18:08:38,eddie@node1m03.ecdf.ed.ac.uk,5,30
57753432,0.00048,DuckHC,v1nayele,r,08/19/2026,21:37:35,eddie@node1s19.ecdf.ed.ac.uk,1,6
57728307,0.00047,runlisfloo,asiripat,r,08/19/2026,22:53:22,eddie@node1m18.ecdf.ed.ac.uk,1,8435
57728307,0.00047,runlisfloo,asiripat,r,08/19/2026,22:52:37,eddie@node1m20.ecdf.ed.ac.uk,1,8434
57728307,0.00047,runlisfloo,asiripat,r,08/19/2026,22:51:07,eddie@node1m23.ecdf.ed.ac.uk,1,8432
57728307,0.00047,runlisfloo,asiripat,r,08/19/2026,22:52:07,eddie@node1n08.ecdf.ed.ac.uk,1,8433
57728307,0.00047,runlisfloo,asiripat,r,08/19/2026,22:48:07,eddie@node1m20.ecdf.ed.ac.uk,1,8429
57728307,0.00047,runlisfloo,asiripat,r,08/19/2026,22:48:37,eddie@node1m19.ecdf.ed.ac.uk,1,8430
57728307,0.00047,runlisfloo,asiripat,r,08/19/2026,22:49:52,eddie@node1n12.ecdf.ed.ac.uk,1,8431
57728307,0.00047,runlisfloo,asiripat,r,08/19/2026,22:47:22,eddie@node1m23.ecdf.ed.ac.uk,1,8428
57754571,0.00047,nf-NFCORE_,cmetheri,r,08/19/2026,22:38:07,eddie@node1h09.ecdf.ed.ac.uk,2
57728307,0.00047,runlisfloo,asiripat,r,08/19/2026,22:44:52,eddie@node1m23.ecdf.ed.ac.uk,1,8422
57699758,0.00047,Germline_s,s2559269,r,08/17/2026,10:13:12,igmm_long@node1c06.ecdf.ed.ac.,3,1
57699758,0.00047,Germline_s,s2559269,r,08/17/2026,10:13:12,igmm_long@node1c03.ecdf.ed.ac.,3,2
57699758,0.00047,Germline_s,s2559269,r,08/17/2026,10:13:12,igmm_long@node1a07.ecdf.ed.ac.,3,3
57699758,0.00047,Germline_s,s2559269,r,08/17/2026,10:13:12,igmm_long@node1a03.ecdf.ed.ac.,3,4
57699758,0.00047,Germline_s,s2559269,r,08/17/2026,10:13:12,igmm_long@node1b07.ecdf.ed.ac.,3,5
57699758,0.00047,Germline_s,s2559269,r,08/17/2026,10:13:12,igmm_long@node1c01.ecdf.ed.ac.,3,6
57699758,0.00047,Germline_s,s2559269,r,08/17/2026,10:13:12,igmm_long@node1a04.ecdf.ed.ac.,3,7
57699758,0.00047,Germline_s,s2559269,r,08/17/2026,10:13:12,igmm_long@node1c06.ecdf.ed.ac.,3,8
57699758,0.00047,Germline_s,s2559269,r,08/17/2026,10:13:12,igmm_long@node1a06.ecdf.ed.ac.,3,9
57728307,0.00047,runlisfloo,asiripat,r,08/19/2026,22:45:22,eddie@node1m19.ecdf.ed.ac.uk,1,8423
57728307,0.00047,runlisfloo,asiripat,r,08/19/2026,22:45:52,eddie@node1m23.ecdf.ed.ac.uk,1,8424
57728307,0.00047,runlisfloo,asiripat,r,08/19/2026,22:46:22,eddie@node1m19.ecdf.ed.ac.uk,1,8425
57728307,0.00047,runlisfloo,asiripat,r,08/19/2026,22:46:22,eddie@node1m23.ecdf.ed.ac.uk,1,8426
57728307,0.00047,runlisfloo,asiripat,r,08/19/2026,22:46:37,eddie@node1m24.ecdf.ed.ac.uk,1,8427
57754605,0.00047,nf-NFCORE_,s2745005,r,08/19/2026,22:53:22,eddie@node1q15.ecdf.ed.ac.uk,1
57728307,0.00047,runlisfloo,asiripat,r,08/19/2026,22:43:22,eddie@node1m21.ecdf.ed.ac.uk,1,8421
57728307,0.00046,runlisfloo,asiripat,r,08/19/2026,22:38:22,eddie@node1m21.ecdf.ed.ac.uk,1,8417
57728307,0.00046,runlisfloo,asiripat,r,08/19/2026,22:38:37,eddie@node1m21.ecdf.ed.ac.uk,1,8418
57753432,0.00046,DuckHC,v1nayele,r,08/19/2026,21:37:35,eddie@node1s18.ecdf.ed.ac.uk,1,7
57728307,0.00046,runlisfloo,asiripat,r,08/19/2026,22:31:37,eddie@node1m22.ecdf.ed.ac.uk,1,8408
57728307,0.00046,runlisfloo,asiripat,r,08/19/2026,22:32:07,eddie@node1m19.ecdf.ed.ac.uk,1,8409
57728307,0.00046,runlisfloo,asiripat,r,08/19/2026,22:32:22,eddie@node1m19.ecdf.ed.ac.uk,1,8410
57728307,0.00046,runlisfloo,asiripat,r,08/19/2026,22:32:52,eddie@node1m23.ecdf.ed.ac.uk,1,8411
57728307,0.00046,runlisfloo,asiripat,r,08/19/2026,22:34:37,eddie@node1m21.ecdf.ed.ac.uk,1,8412
57728307,0.00046,runlisfloo,asiripat,r,08/19/2026,22:35:37,eddie@node1m23.ecdf.ed.ac.uk,1,8413
57728307,0.00046,runlisfloo,asiripat,r,08/19/2026,22:36:37,eddie@node1m21.ecdf.ed.ac.uk,1,8414
57728307,0.00046,runlisfloo,asiripat,r,08/19/2026,22:36:52,eddie@node1m23.ecdf.ed.ac.uk,1,8415
57728307,0.00046,runlisfloo,asiripat,r,08/19/2026,22:37:07,eddie@node1m20.ecdf.ed.ac.uk,1,8416
57754543,0.00046,nf-NFCORE_,cmetheri,r,08/19/2026,22:30:07,eddie@node1o10.ecdf.ed.ac.uk,2
57728307,0.00046,runlisfloo,asiripat,r,08/19/2026,22:39:07,eddie@node1m22.ecdf.ed.ac.uk,1,8419
57728307,0.00046,runlisfloo,asiripat,r,08/19/2026,22:26:22,eddie@node1m19.ecdf.ed.ac.uk,1,8403
57728307,0.00046,runlisfloo,asiripat,r,08/19/2026,22:26:37,eddie@node1m20.ecdf.ed.ac.uk,1,8404
57728307,0.00046,runlisfloo,asiripat,r,08/19/2026,22:26:37,eddie@node1m22.ecdf.ed.ac.uk,1,8405
57728307,0.00046,runlisfloo,asiripat,r,08/19/2026,22:27:22,eddie@node1n08.ecdf.ed.ac.uk,1,8406
57728307,0.00046,runlisfloo,asiripat,r,08/19/2026,22:29:07,eddie@node1m20.ecdf.ed.ac.uk,1,8407
57754585,0.00045,ce1,gs10us1,r,08/19/2026,22:40:52,eddie@node1l17.ecdf.ed.ac.uk,1
57749248,0.00045,quantile,s2150450,r,08/19/2026,18:08:53,eddie@node1l26.ecdf.ed.ac.uk,5,31
57749248,0.00045,quantile,s2150450,r,08/19/2026,18:08:53,eddie@node1l26.ecdf.ed.ac.uk,5,32
57728307,0.00045,runlisfloo,asiripat,r,08/19/2026,22:21:37,eddie@node1m19.ecdf.ed.ac.uk,1,8397
57728307,0.00045,runlisfloo,asiripat,r,08/19/2026,22:22:07,eddie@node1m20.ecdf.ed.ac.uk,1,8398
57728307,0.00045,runlisfloo,asiripat,r,08/19/2026,22:23:22,eddie@node1m22.ecdf.ed.ac.uk,1,8399
57728307,0.00045,runlisfloo,asiripat,r,08/19/2026,22:23:52,eddie@node1m22.ecdf.ed.ac.uk,1,8400
57728307,0.00045,runlisfloo,asiripat,r,08/19/2026,22:24:07,eddie@node1m19.ecdf.ed.ac.uk,1,8401
57728307,0.00045,runlisfloo,asiripat,r,08/19/2026,22:24:22,eddie@node1m19.ecdf.ed.ac.uk,1,8402
57728307,0.00045,runlisfloo,asiripat,r,08/19/2026,22:18:52,eddie@node1m23.ecdf.ed.ac.uk,1,8396
57754547,0.00045,ce1,gs10us1,r,08/19/2026,22:34:52,eddie@node1l17.ecdf.ed.ac.uk,4
57754572,0.00045,nf-NFCORE_,cmetheri,r,08/19/2026,22:38:07,eddie@node1o12.ecdf.ed.ac.uk,2
57728307,0.00045,runlisfloo,asiripat,r,08/19/2026,22:40:07,eddie@node1m19.ecdf.ed.ac.uk,1,8420
57728307,0.00045,runlisfloo,asiripat,r,08/19/2026,22:14:39,eddie@node1m20.ecdf.ed.ac.uk,1,8391
57728307,0.00045,runlisfloo,asiripat,r,08/19/2026,22:17:32,eddie@node1m24.ecdf.ed.ac.uk,1,8392
57728307,0.00045,runlisfloo,asiripat,r,08/19/2026,22:17:47,eddie@node1m20.ecdf.ed.ac.uk,1,8393
57728307,0.00045,runlisfloo,asiripat,r,08/19/2026,22:17:47,eddie@node1m20.ecdf.ed.ac.uk,1,8394
57728307,0.00045,runlisfloo,asiripat,r,08/19/2026,22:18:17,eddie@node1m19.ecdf.ed.ac.uk,1,8395
57728307,0.00045,runlisfloo,asiripat,r,08/19/2026,22:08:20,eddie@node1m23.ecdf.ed.ac.uk,1,8388
57728307,0.00044,runlisfloo,asiripat,r,08/19/2026,22:10:09,eddie@node1m19.ecdf.ed.ac.uk,1,8389
57728307,0.00044,runlisfloo,asiripat,r,08/19/2026,22:13:09,eddie@node1m21.ecdf.ed.ac.uk,1,8390
57753432,0.00044,DuckHC,v1nayele,r,08/19/2026,21:37:35,eddie@node1s18.ecdf.ed.ac.uk,1,8
57728307,0.00044,runlisfloo,asiripat,r,08/19/2026,22:02:20,eddie@node1m19.ecdf.ed.ac.uk,1,8387
57728307,0.00044,runlisfloo,asiripat,r,08/19/2026,21:56:05,eddie@node1m21.ecdf.ed.ac.uk,1,8380
57728307,0.00044,runlisfloo,asiripat,r,08/19/2026,21:56:35,eddie@node1m21.ecdf.ed.ac.uk,1,8381
57728307,0.00044,runlisfloo,asiripat,r,08/19/2026,21:56:50,eddie@node1m23.ecdf.ed.ac.uk,1,8382
57728307,0.00044,runlisfloo,asiripat,r,08/19/2026,21:57:20,eddie@node1m23.ecdf.ed.ac.uk,1,8383
57728307,0.00044,runlisfloo,asiripat,r,08/19/2026,21:58:50,eddie@node1m20.ecdf.ed.ac.uk,1,8384
57728307,0.00044,runlisfloo,asiripat,r,08/19/2026,22:00:20,eddie@node1m18.ecdf.ed.ac.uk,1,8385
57728307,0.00044,runlisfloo,asiripat,r,08/19/2026,22:01:05,eddie@node1m23.ecdf.ed.ac.uk,1,8386
57728307,0.00044,runlisfloo,asiripat,r,08/19/2026,21:52:35,eddie@node1m21.ecdf.ed.ac.uk,1,8372
57728307,0.00044,runlisfloo,asiripat,r,08/19/2026,21:52:35,eddie@node1m23.ecdf.ed.ac.uk,1,8373
57728307,0.00044,runlisfloo,asiripat,r,08/19/2026,21:52:50,eddie@node1m18.ecdf.ed.ac.uk,1,8374
57728307,0.00044,runlisfloo,asiripat,r,08/19/2026,21:53:20,eddie@node1m24.ecdf.ed.ac.uk,1,8375
57728307,0.00044,runlisfloo,asiripat,r,08/19/2026,21:53:20,eddie@node1m22.ecdf.ed.ac.uk,1,8376
57728307,0.00044,runlisfloo,asiripat,r,08/19/2026,21:53:35,eddie@node1m21.ecdf.ed.ac.uk,1,8377
57749248,0.00044,quantile,s2150450,r,08/19/2026,18:09:08,eddie@node1m14.ecdf.ed.ac.uk,5,33
57749248,0.00044,quantile,s2150450,r,08/19/2026,18:09:08,eddie@node1h04.ecdf.ed.ac.uk,5,34
57749248,0.00044,quantile,s2150450,r,08/19/2026,18:09:08,eddie@node1j28.ecdf.ed.ac.uk,5,35
57728307,0.00044,runlisfloo,asiripat,r,08/19/2026,21:51:50,eddie@node1m22.ecdf.ed.ac.uk,1,8370
57728307,0.00044,runlisfloo,asiripat,r,08/19/2026,21:52:05,eddie@node1m22.ecdf.ed.ac.uk,1,8371
57728307,0.00044,runlisfloo,asiripat,r,08/19/2026,21:53:50,eddie@node1m23.ecdf.ed.ac.uk,1,8378
57728307,0.00044,runlisfloo,asiripat,r,08/19/2026,21:55:05,eddie@node1m24.ecdf.ed.ac.uk,1,8379
57728307,0.00043,runlisfloo,asiripat,r,08/19/2026,21:42:35,eddie@node1m20.ecdf.ed.ac.uk,1,8360
57728307,0.00043,runlisfloo,asiripat,r,08/19/2026,21:43:35,eddie@node1m18.ecdf.ed.ac.uk,1,8361
57728307,0.00043,runlisfloo,asiripat,r,08/19/2026,21:44:05,eddie@node1m22.ecdf.ed.ac.uk,1,8362
57728307,0.00043,runlisfloo,asiripat,r,08/19/2026,21:45:05,eddie@node1m20.ecdf.ed.ac.uk,1,8363
57728307,0.00043,runlisfloo,asiripat,r,08/19/2026,21:45:35,eddie@node1m23.ecdf.ed.ac.uk,1,8364
57728307,0.00043,runlisfloo,asiripat,r,08/19/2026,21:47:50,eddie@node1m19.ecdf.ed.ac.uk,1,8365
57728307,0.00043,runlisfloo,asiripat,r,08/19/2026,21:47:50,eddie@node1m18.ecdf.ed.ac.uk,1,8366
57728307,0.00043,runlisfloo,asiripat,r,08/19/2026,21:48:05,eddie@node1n02.ecdf.ed.ac.uk,1,8367
57728307,0.00043,runlisfloo,asiripat,r,08/19/2026,21:48:20,eddie@node1m24.ecdf.ed.ac.uk,1,8368
57728307,0.00043,runlisfloo,asiripat,r,08/19/2026,21:49:20,eddie@node1m23.ecdf.ed.ac.uk,1,8369
57728307,0.00043,runlisfloo,asiripat,r,08/19/2026,21:39:20,eddie@node1m20.ecdf.ed.ac.uk,1,8359
57728307,0.00043,runlisfloo,asiripat,r,08/19/2026,21:35:50,eddie@node1m19.ecdf.ed.ac.uk,1,8356
57728307,0.00043,runlisfloo,asiripat,r,08/19/2026,21:36:05,eddie@node1m22.ecdf.ed.ac.uk,1,8357
57728307,0.00043,runlisfloo,asiripat,r,08/19/2026,21:37:20,eddie@node1m23.ecdf.ed.ac.uk,1,8358
57728307,0.00043,runlisfloo,asiripat,r,08/19/2026,21:34:50,eddie@node1m22.ecdf.ed.ac.uk,1,8355
57754520,0.00043,ce1,gs10us1,r,08/19/2026,22:27:22,eddie@node1l17.ecdf.ed.ac.uk,4
57753432,0.00043,DuckHC,v1nayele,r,08/19/2026,21:37:35,eddie@node1r05.ecdf.ed.ac.uk,1,9
57728307,0.00043,runlisfloo,asiripat,r,08/19/2026,21:33:35,eddie@node1m18.ecdf.ed.ac.uk,1,8351
57728307,0.00043,runlisfloo,asiripat,r,08/19/2026,21:33:35,eddie@node1m23.ecdf.ed.ac.uk,1,8352
57728307,0.00043,runlisfloo,asiripat,r,08/19/2026,21:33:50,eddie@node1m19.ecdf.ed.ac.uk,1,8353
57728307,0.00043,runlisfloo,asiripat,r,08/19/2026,21:34:05,eddie@node1m21.ecdf.ed.ac.uk,1,8354
57728307,0.00042,runlisfloo,asiripat,r,08/19/2026,21:32:34,eddie@node1m22.ecdf.ed.ac.uk,1,8350
57728307,0.00042,runlisfloo,asiripat,r,08/19/2026,21:31:49,eddie@node1m20.ecdf.ed.ac.uk,1,8348
57728307,0.00042,runlisfloo,asiripat,r,08/19/2026,21:31:49,eddie@node1m22.ecdf.ed.ac.uk,1,8349
57728307,0.00042,runlisfloo,asiripat,r,08/19/2026,21:28:19,eddie@node1n08.ecdf.ed.ac.uk,1,8345
57728307,0.00042,runlisfloo,asiripat,r,08/19/2026,21:28:19,eddie@node1m24.ecdf.ed.ac.uk,1,8346
57728307,0.00042,runlisfloo,asiripat,r,08/19/2026,21:27:19,eddie@node1m22.ecdf.ed.ac.uk,1,8344
57728307,0.00042,runlisfloo,asiripat,r,08/19/2026,21:28:34,eddie@node1m23.ecdf.ed.ac.uk,1,8347
57728307,0.00042,runlisfloo,asiripat,r,08/19/2026,21:25:04,eddie@node1m18.ecdf.ed.ac.uk,1,8341
57728307,0.00042,runlisfloo,asiripat,r,08/19/2026,21:25:19,eddie@node1m21.ecdf.ed.ac.uk,1,8342
57728307,0.00042,runlisfloo,asiripat,r,08/19/2026,21:25:49,eddie@node1m24.ecdf.ed.ac.uk,1,8343
57723018,0.00042,Housekeepi,s2559269,r,08/19/2026,10:26:24,igmm_long@node1c02.ecdf.ed.ac.,6,1
57723018,0.00042,Housekeepi,s2559269,r,08/19/2026,10:26:24,igmm_long@node1b02.ecdf.ed.ac.,6,2
57723018,0.00042,Housekeepi,s2559269,r,08/19/2026,10:26:24,igmm_long@node1a01.ecdf.ed.ac.,6,3
57723018,0.00042,Housekeepi,s2559269,r,08/19/2026,10:26:24,igmm_long@node1a07.ecdf.ed.ac.,6,4
57723018,0.00042,Housekeepi,s2559269,r,08/19/2026,10:26:24,igmm_long@node1b08.ecdf.ed.ac.,6,5
57723018,0.00042,Housekeepi,s2559269,r,08/19/2026,10:26:24,igmm_long@node1b05.ecdf.ed.ac.,6,6
57723018,0.00042,Housekeepi,s2559269,r,08/19/2026,10:26:24,igmm_long@node1c03.ecdf.ed.ac.,6,7
57723018,0.00042,Housekeepi,s2559269,r,08/19/2026,10:26:24,igmm_long@node1b07.ecdf.ed.ac.,6,8
57723018,0.00042,Housekeepi,s2559269,r,08/19/2026,10:26:24,igmm_long@node1a04.ecdf.ed.ac.,6,9
57728307,0.00042,runlisfloo,asiripat,r,08/19/2026,21:19:19,eddie@node1m19.ecdf.ed.ac.uk,1,8336
57728307,0.00042,runlisfloo,asiripat,r,08/19/2026,21:19:34,eddie@node1m23.ecdf.ed.ac.uk,1,8337
57728307,0.00042,runlisfloo,asiripat,r,08/19/2026,21:20:34,eddie@node1m20.ecdf.ed.ac.uk,1,8338
57728307,0.00042,runlisfloo,asiripat,r,08/19/2026,21:21:19,eddie@node1m19.ecdf.ed.ac.uk,1,8339
57728307,0.00042,runlisfloo,asiripat,r,08/19/2026,21:22:34,eddie@node1m18.ecdf.ed.ac.uk,1,8340
57728307,0.00042,runlisfloo,asiripat,r,08/19/2026,21:18:49,eddie@node1m20.ecdf.ed.ac.uk,1,8335
57728307,0.00041,runlisfloo,asiripat,r,08/19/2026,21:15:19,eddie@node1m20.ecdf.ed.ac.uk,1,8332
57728307,0.00041,runlisfloo,asiripat,r,08/19/2026,21:15:49,eddie@node1m18.ecdf.ed.ac.uk,1,8333
57749248,0.00041,quantile,s2150450,r,08/19/2026,18:09:23,eddie@node1r05.ecdf.ed.ac.uk,5,36
57749248,0.00041,quantile,s2150450,r,08/19/2026,18:09:23,eddie@node1s17.ecdf.ed.ac.uk,5,37
57749248,0.00041,quantile,s2150450,r,08/19/2026,18:09:23,eddie@node1h09.ecdf.ed.ac.uk,5,38
57749248,0.00041,quantile,s2150450,r,08/19/2026,18:09:23,eddie@node1h21.ecdf.ed.ac.uk,5,39
57749248,0.00041,quantile,s2150450,r,08/19/2026,18:09:23,eddie@node1l06.ecdf.ed.ac.uk,5,40
57728307,0.00041,runlisfloo,asiripat,r,08/19/2026,21:16:34,eddie@node1m22.ecdf.ed.ac.uk,1,8334
57699760,0.00041,Housekeepi,s2559269,r,08/17/2026,10:13:27,igmm_long@node1c03.ecdf.ed.ac.,6,1
57699760,0.00041,Housekeepi,s2559269,r,08/17/2026,10:13:27,igmm_long@node1c08.ecdf.ed.ac.,6,2
57699760,0.00041,Housekeepi,s2559269,r,08/17/2026,10:13:27,igmm_long@node1c05.ecdf.ed.ac.,6,3
57699760,0.00041,Housekeepi,s2559269,r,08/17/2026,10:13:27,igmm_long@node1b07.ecdf.ed.ac.,6,4
57699760,0.00041,Housekeepi,s2559269,r,08/17/2026,10:13:27,igmm_long@node1c02.ecdf.ed.ac.,6,5
57699760,0.00041,Housekeepi,s2559269,r,08/17/2026,10:13:27,igmm_long@node1a01.ecdf.ed.ac.,6,6
57699760,0.00041,Housekeepi,s2559269,r,08/17/2026,10:13:27,igmm_long@node1c06.ecdf.ed.ac.,6,7
57699760,0.00041,Housekeepi,s2559269,r,08/17/2026,10:13:27,igmm_long@node1b02.ecdf.ed.ac.,6,8
57699760,0.00041,Housekeepi,s2559269,r,08/17/2026,10:13:27,igmm_long@node1b01.ecdf.ed.ac.,6,9
57728307,0.00041,runlisfloo,asiripat,r,08/19/2026,21:11:26,eddie@node1m21.ecdf.ed.ac.uk,1,8330
57728307,0.00041,runlisfloo,asiripat,r,08/19/2026,21:14:11,eddie@node1m24.ecdf.ed.ac.uk,1,8331
57728307,0.00041,runlisfloo,asiripat,r,08/19/2026,21:08:56,eddie@node1m22.ecdf.ed.ac.uk,1,8327
57728307,0.00041,runlisfloo,asiripat,r,08/19/2026,21:09:56,eddie@node1m21.ecdf.ed.ac.uk,1,8328
57728307,0.00041,runlisfloo,asiripat,r,08/19/2026,21:09:56,eddie@node1m18.ecdf.ed.ac.uk,1,8329
57753432,0.00041,DuckHC,v1nayele,r,08/19/2026,21:37:36,eddie@node1r05.ecdf.ed.ac.uk,1,10
57728307,0.00041,runlisfloo,asiripat,r,08/19/2026,21:06:11,eddie@node1m20.ecdf.ed.ac.uk,1,8325
57728307,0.00041,runlisfloo,asiripat,r,08/19/2026,21:06:11,eddie@node1m19.ecdf.ed.ac.uk,1,8326
57754577,0.00041,nf-NFCORE_,cmetheri,r,08/19/2026,22:38:07,eddie@node1h21.ecdf.ed.ac.uk,2
57754579,0.00041,nf-NFCORE_,cmetheri,r,08/19/2026,22:38:07,eddie@node1h15.ecdf.ed.ac.uk,2
57754580,0.00041,nf-NFCORE_,cmetheri,r,08/19/2026,22:38:07,eddie@node1s16.ecdf.ed.ac.uk,2
57754559,0.00041,nf-NFCORE_,s2745005,r,08/19/2026,22:37:37,eddie@node1q15.ecdf.ed.ac.uk,2
57754561,0.00041,nf-NFCORE_,s2745005,r,08/19/2026,22:37:37,eddie@node1q04.ecdf.ed.ac.uk,2
57754564,0.00041,nf-NFCORE_,s2745005,r,08/19/2026,22:37:37,eddie@node1q15.ecdf.ed.ac.uk,2
57728307,0.00041,runlisfloo,asiripat,r,08/19/2026,21:02:41,eddie@node1m18.ecdf.ed.ac.uk,1,8322
57728307,0.00041,runlisfloo,asiripat,r,08/19/2026,21:02:56,eddie@node1m23.ecdf.ed.ac.uk,1,8323
57754497,0.00041,nf-NFCORE_,s2745005,r,08/19/2026,22:20:07,eddie@node1q12.ecdf.ed.ac.uk,1
57728307,0.00041,runlisfloo,asiripat,r,08/19/2026,21:03:11,eddie@node1m19.ecdf.ed.ac.uk,1,8324
57728307,0.00040,runlisfloo,asiripat,r,08/19/2026,21:00:26,eddie@node1m18.ecdf.ed.ac.uk,1,8320
57728307,0.00040,runlisfloo,asiripat,r,08/19/2026,21:01:26,eddie@node1m22.ecdf.ed.ac.uk,1,8321
57728307,0.00040,runlisfloo,asiripat,r,08/19/2026,20:49:51,eddie@node1m24.ecdf.ed.ac.uk,1,8309
57728307,0.00040,runlisfloo,asiripat,r,08/19/2026,20:49:51,eddie@node1m18.ecdf.ed.ac.uk,1,8310
57729400,0.00040,hap1.btau.,s2520601,r,08/19/2026,12:34:08,eddie@node1q12.ecdf.ed.ac.uk,1,19
57728307,0.00040,runlisfloo,asiripat,r,08/19/2026,20:58:26,eddie@node1m19.ecdf.ed.ac.uk,1,8318
57728307,0.00040,runlisfloo,asiripat,r,08/19/2026,20:59:11,eddie@node1m22.ecdf.ed.ac.uk,1,8319
57728307,0.00040,runlisfloo,asiripat,r,08/19/2026,20:55:26,eddie@node1m18.ecdf.ed.ac.uk,1,8316
57728307,0.00040,runlisfloo,asiripat,r,08/19/2026,20:55:56,eddie@node1m18.ecdf.ed.ac.uk,1,8317
57728307,0.00040,runlisfloo,asiripat,r,08/19/2026,20:53:06,eddie@node1m18.ecdf.ed.ac.uk,1,8312
57728307,0.00040,runlisfloo,asiripat,r,08/19/2026,20:53:21,eddie@node1m22.ecdf.ed.ac.uk,1,8313
57728307,0.00040,runlisfloo,asiripat,r,08/19/2026,20:54:21,eddie@node1m23.ecdf.ed.ac.uk,1,8314
57728307,0.00040,runlisfloo,asiripat,r,08/19/2026,20:54:21,eddie@node1m18.ecdf.ed.ac.uk,1,8315
57728307,0.00040,runlisfloo,asiripat,r,08/19/2026,20:51:51,eddie@node1m23.ecdf.ed.ac.uk,1,8311
57728307,0.00040,runlisfloo,asiripat,r,08/19/2026,20:44:51,eddie@node1m18.ecdf.ed.ac.uk,1,8308
57728307,0.00039,runlisfloo,asiripat,r,08/19/2026,20:43:06,eddie@node1m20.ecdf.ed.ac.uk,1,8305
57728307,0.00039,runlisfloo,asiripat,r,08/19/2026,20:43:06,eddie@node1m23.ecdf.ed.ac.uk,1,8306
57753407,0.00039,nf-NFCORE_,s2745005,r,08/19/2026,21:32:19,eddie@node1q13.ecdf.ed.ac.uk,2
57753409,0.00039,nf-NFCORE_,s2745005,r,08/19/2026,21:32:19,eddie@node1q13.ecdf.ed.ac.uk,2
57753412,0.00039,nf-NFCORE_,s2745005,r,08/19/2026,21:32:19,eddie@node1q02.ecdf.ed.ac.uk,2
57753415,0.00039,nf-NFCORE_,s2745005,r,08/19/2026,21:32:19,eddie@node1q13.ecdf.ed.ac.uk,2
57753422,0.00039,nf-NFCORE_,s2745005,r,08/19/2026,21:32:19,eddie@node1q03.ecdf.ed.ac.uk,2
57728307,0.00039,runlisfloo,asiripat,r,08/19/2026,20:44:06,eddie@node1m18.ecdf.ed.ac.uk,1,8307
57753432,0.00039,DuckHC,v1nayele,r,08/19/2026,21:37:36,eddie@node1h23.ecdf.ed.ac.uk,1,11
57728307,0.00039,runlisfloo,asiripat,r,08/19/2026,20:40:22,eddie@node1m18.ecdf.ed.ac.uk,1,8302
57728307,0.00039,runlisfloo,asiripat,r,08/19/2026,20:41:21,eddie@node1m23.ecdf.ed.ac.uk,1,8303
57728307,0.00039,runlisfloo,asiripat,r,08/19/2026,20:41:36,eddie@node1m20.ecdf.ed.ac.uk,1,8304
57728307,0.00039,runlisfloo,asiripat,r,08/19/2026,20:38:51,eddie@node1m23.ecdf.ed.ac.uk,1,8301
57728307,0.00039,runlisfloo,asiripat,r,08/19/2026,20:38:21,eddie@node1m21.ecdf.ed.ac.uk,1,8300
57754587,0.00039,nf-NFCORE_,cmetheri,r,08/19/2026,22:43:22,eddie@node1k08.ecdf.ed.ac.uk,2
57728307,0.00039,runlisfloo,asiripat,r,08/19/2026,20:37:51,eddie@node1m22.ecdf.ed.ac.uk,1,8299
57728307,0.00039,runlisfloo,asiripat,r,08/19/2026,20:34:51,eddie@node1m19.ecdf.ed.ac.uk,1,8298
57728307,0.00039,runlisfloo,asiripat,r,08/19/2026,20:33:51,eddie@node1m22.ecdf.ed.ac.uk,1,8297
57728307,0.00039,runlisfloo,asiripat,r,08/19/2026,20:33:21,eddie@node1m18.ecdf.ed.ac.uk,1,8296
57728307,0.00039,runlisfloo,asiripat,r,08/19/2026,20:32:06,eddie@node1m20.ecdf.ed.ac.uk,1,8294
57728307,0.00039,runlisfloo,asiripat,r,08/19/2026,20:32:21,eddie@node1m19.ecdf.ed.ac.uk,1,8295
57728307,0.00039,runlisfloo,asiripat,r,08/19/2026,20:31:21,eddie@node1m22.ecdf.ed.ac.uk,1,8293
57728307,0.00039,runlisfloo,asiripat,r,08/19/2026,20:30:21,eddie@node1m24.ecdf.ed.ac.uk,1,8292
57728307,0.00039,runlisfloo,asiripat,r,08/19/2026,20:28:52,eddie@node1m24.ecdf.ed.ac.uk,1,8291
57722880,0.00039,QLOGIN,blivesey,r,08/19/2026,09:52:32,igmm_long@node1h02.ecdf.ed.ac.,1
57728307,0.00039,runlisfloo,asiripat,r,08/19/2026,20:28:06,eddie@node1m22.ecdf.ed.ac.uk,1,8290
57728307,0.00039,runlisfloo,asiripat,r,08/19/2026,20:27:36,eddie@node1m18.ecdf.ed.ac.uk,1,8289
57728307,0.00039,runlisfloo,asiripat,r,08/19/2026,20:26:21,eddie@node1k16.ecdf.ed.ac.uk,1,8288
57728307,0.00039,runlisfloo,asiripat,r,08/19/2026,20:25:06,eddie@node1m23.ecdf.ed.ac.uk,1,8287
57728307,0.00039,runlisfloo,asiripat,r,08/19/2026,20:24:21,eddie@node1m20.ecdf.ed.ac.uk,1,8286
57728307,0.00038,runlisfloo,asiripat,r,08/19/2026,20:22:51,eddie@node1m19.ecdf.ed.ac.uk,1,8285
57728307,0.00038,runlisfloo,asiripat,r,08/19/2026,20:21:21,eddie@node1m21.ecdf.ed.ac.uk,1,8284
57749248,0.00038,quantile,s2150450,r,08/19/2026,18:09:38,eddie@node1l21.ecdf.ed.ac.uk,5,41
57749248,0.00038,quantile,s2150450,r,08/19/2026,18:09:38,eddie@node1l28.ecdf.ed.ac.uk,5,42
57749248,0.00038,quantile,s2150450,r,08/19/2026,18:09:39,eddie@node1o03.ecdf.ed.ac.uk,5,43
57749248,0.00038,quantile,s2150450,r,08/19/2026,18:09:39,eddie@node1r16.ecdf.ed.ac.uk,5,44
57749248,0.00038,quantile,s2150450,r,08/19/2026,18:09:39,eddie@node1h22.ecdf.ed.ac.uk,5,45
57749248,0.00038,quantile,s2150450,r,08/19/2026,18:09:39,eddie@node1n16.ecdf.ed.ac.uk,5,46
57728307,0.00038,runlisfloo,asiripat,r,08/19/2026,20:20:37,eddie@node1m18.ecdf.ed.ac.uk,1,8283
57728307,0.00038,runlisfloo,asiripat,r,08/19/2026,20:18:49,eddie@node1m24.ecdf.ed.ac.uk,1,8281
57728307,0.00038,runlisfloo,asiripat,r,08/19/2026,20:19:19,eddie@node1m19.ecdf.ed.ac.uk,1,8282
57728307,0.00038,runlisfloo,asiripat,r,08/19/2026,20:16:48,eddie@node1m24.ecdf.ed.ac.uk,1,8277
57728307,0.00038,runlisfloo,asiripat,r,08/19/2026,20:17:03,eddie@node1m23.ecdf.ed.ac.uk,1,8278
57728307,0.00038,runlisfloo,asiripat,r,08/19/2026,20:17:03,eddie@node1m18.ecdf.ed.ac.uk,1,8279
57728307,0.00038,runlisfloo,asiripat,r,08/19/2026,20:17:33,eddie@node1m24.ecdf.ed.ac.uk,1,8280
57753432,0.00038,DuckHC,v1nayele,r,08/19/2026,21:37:36,eddie@node1s14.ecdf.ed.ac.uk,1,12
57753432,0.00038,DuckHC,v1nayele,r,08/19/2026,21:37:36,eddie@node1s17.ecdf.ed.ac.uk,1,13
57753432,0.00038,DuckHC,v1nayele,r,08/19/2026,21:37:36,eddie@node1m14.ecdf.ed.ac.uk,1,14
57753432,0.00038,DuckHC,v1nayele,r,08/19/2026,21:37:36,eddie@node1j25.ecdf.ed.ac.uk,1,15
57753432,0.00038,DuckHC,v1nayele,r,08/19/2026,21:37:36,eddie@node1s20.ecdf.ed.ac.uk,1,16
57728307,0.00038,runlisfloo,asiripat,r,08/19/2026,20:14:49,eddie@node1m20.ecdf.ed.ac.uk,1,8276
57723019,0.00038,Somatic_sp,s2559269,r,08/19/2026,10:26:24,igmm_long@node1b04.ecdf.ed.ac.,5,1
57723019,0.00038,Somatic_sp,s2559269,r,08/19/2026,10:26:24,igmm_long@node1a03.ecdf.ed.ac.,5,2
57723019,0.00038,Somatic_sp,s2559269,r,08/19/2026,10:26:24,igmm_long@node1c01.ecdf.ed.ac.,5,3
57723019,0.00038,Somatic_sp,s2559269,r,08/19/2026,10:26:24,igmm_long@node1a08.ecdf.ed.ac.,5,4
57723019,0.00038,Somatic_sp,s2559269,r,08/19/2026,10:26:24,igmm_long@node1c05.ecdf.ed.ac.,5,5
57723019,0.00038,Somatic_sp,s2559269,r,08/19/2026,10:26:24,igmm_long@node1b01.ecdf.ed.ac.,5,6
57723019,0.00038,Somatic_sp,s2559269,r,08/19/2026,10:26:24,igmm_long@node1b03.ecdf.ed.ac.,5,7
57723019,0.00038,Somatic_sp,s2559269,r,08/19/2026,10:26:24,igmm_long@node1a05.ecdf.ed.ac.,5,8
57723019,0.00038,Somatic_sp,s2559269,r,08/19/2026,10:26:24,igmm_long@node1b06.ecdf.ed.ac.,5,9
57728307,0.00038,runlisfloo,asiripat,r,08/19/2026,20:12:04,eddie@node1m20.ecdf.ed.ac.uk,1,8275
57728307,0.00038,runlisfloo,asiripat,r,08/19/2026,20:11:19,eddie@node1m21.ecdf.ed.ac.uk,1,8273
57728307,0.00038,runlisfloo,asiripat,r,08/19/2026,20:11:19,eddie@node1m18.ecdf.ed.ac.uk,1,8274
57728307,0.00038,runlisfloo,asiripat,r,08/19/2026,20:10:33,eddie@node1k16.ecdf.ed.ac.uk,1,8271
57728307,0.00038,runlisfloo,asiripat,r,08/19/2026,20:10:48,eddie@node1m18.ecdf.ed.ac.uk,1,8272
57728307,0.00038,runlisfloo,asiripat,r,08/19/2026,20:09:19,eddie@node1m21.ecdf.ed.ac.uk,1,8270
57728307,0.00038,runlisfloo,asiripat,r,08/19/2026,20:08:19,eddie@node1m18.ecdf.ed.ac.uk,1,8269
57728307,0.00037,runlisfloo,asiripat,r,08/19/2026,20:06:45,eddie@node1m21.ecdf.ed.ac.uk,1,8268
57728307,0.00037,runlisfloo,asiripat,r,08/19/2026,20:06:31,eddie@node1m24.ecdf.ed.ac.uk,1,8267
57728307,0.00037,runlisfloo,asiripat,r,08/19/2026,20:02:15,eddie@node1m24.ecdf.ed.ac.uk,1,8266
57728307,0.00037,runlisfloo,asiripat,r,08/19/2026,20:02:01,eddie@node1m19.ecdf.ed.ac.uk,1,8265
57728307,0.00037,runlisfloo,asiripat,r,08/19/2026,20:01:15,eddie@node1m20.ecdf.ed.ac.uk,1,8264
57723017,0.00037,Germline_s,s2559269,r,08/19/2026,10:26:09,igmm_long@node1b08.ecdf.ed.ac.,3,1
57728307,0.00037,runlisfloo,asiripat,r,08/19/2026,19:58:15,eddie@node1m20.ecdf.ed.ac.uk,1,8263
57728307,0.00037,runlisfloo,asiripat,r,08/19/2026,19:56:15,eddie@node1m18.ecdf.ed.ac.uk,1,8262
57728307,0.00037,runlisfloo,asiripat,r,08/19/2026,19:55:15,eddie@node1m18.ecdf.ed.ac.uk,1,8261
57728307,0.00037,runlisfloo,asiripat,r,08/19/2026,19:53:45,eddie@node1m24.ecdf.ed.ac.uk,1,8260
57728307,0.00037,runlisfloo,asiripat,r,08/19/2026,19:51:30,eddie@node1m22.ecdf.ed.ac.uk,1,8255
57728307,0.00037,runlisfloo,asiripat,r,08/19/2026,19:51:30,eddie@node1m19.ecdf.ed.ac.uk,1,8256
57728307,0.00037,runlisfloo,asiripat,r,08/19/2026,19:52:30,eddie@node1m19.ecdf.ed.ac.uk,1,8259
57728307,0.00037,runlisfloo,asiripat,r,08/19/2026,19:51:01,eddie@node1m21.ecdf.ed.ac.uk,1,8253
57728307,0.00037,runlisfloo,asiripat,r,08/19/2026,19:51:01,eddie@node1m24.ecdf.ed.ac.uk,1,8254
57728307,0.00037,runlisfloo,asiripat,r,08/19/2026,19:52:00,eddie@node1m18.ecdf.ed.ac.uk,1,8258
57728307,0.00037,runlisfloo,asiripat,r,08/19/2026,19:51:45,eddie@node1m21.ecdf.ed.ac.uk,1,8257
57728307,0.00037,runlisfloo,asiripat,r,08/19/2026,19:49:45,eddie@node1m18.ecdf.ed.ac.uk,1,8252
57728307,0.00037,runlisfloo,asiripat,r,08/19/2026,19:49:01,eddie@node1m24.ecdf.ed.ac.uk,1,8251
57728307,0.00036,runlisfloo,asiripat,r,08/19/2026,19:47:30,eddie@node1m23.ecdf.ed.ac.uk,1,8250
57728307,0.00036,runlisfloo,asiripat,r,08/19/2026,19:45:15,eddie@node1m24.ecdf.ed.ac.uk,1,8248
57728307,0.00036,runlisfloo,asiripat,r,08/19/2026,19:45:15,eddie@node1m21.ecdf.ed.ac.uk,1,8249
57723017,0.00036,Germline_s,s2559269,r,08/19/2026,10:26:09,igmm_long@node1b05.ecdf.ed.ac.,3,2
57728307,0.00036,runlisfloo,asiripat,r,08/19/2026,19:40:15,eddie@node1m23.ecdf.ed.ac.uk,1,8246
57728307,0.00036,runlisfloo,asiripat,r,08/19/2026,19:40:15,eddie@node1m18.ecdf.ed.ac.uk,1,8247
57728307,0.00036,runlisfloo,asiripat,r,08/19/2026,19:38:31,eddie@node1m21.ecdf.ed.ac.uk,1,8245
57749248,0.00036,quantile,s2150450,r,08/19/2026,18:09:53,eddie@node1l24.ecdf.ed.ac.uk,5,47
57728307,0.00036,runlisfloo,asiripat,r,08/19/2026,19:34:00,eddie@node1m21.ecdf.ed.ac.uk,1,8243
57728307,0.00036,runlisfloo,asiripat,r,08/19/2026,19:34:00,eddie@node1m19.ecdf.ed.ac.uk,1,8244
57728307,0.00035,runlisfloo,asiripat,r,08/19/2026,19:31:45,eddie@node1m23.ecdf.ed.ac.uk,1,8242
57728307,0.00035,runlisfloo,asiripat,r,08/19/2026,19:30:31,eddie@node1m20.ecdf.ed.ac.uk,1,8241
57728307,0.00035,runlisfloo,asiripat,r,08/19/2026,19:29:30,eddie@node1m22.ecdf.ed.ac.uk,1,8240
57749248,0.00035,quantile,s2150450,r,08/19/2026,18:10:08,eddie@node1o04.ecdf.ed.ac.uk,5,48
57749248,0.00035,quantile,s2150450,r,08/19/2026,18:10:08,eddie@node1o04.ecdf.ed.ac.uk,5,49
57749248,0.00035,quantile,s2150450,r,08/19/2026,18:10:08,eddie@node1r17.ecdf.ed.ac.uk,5,50
57749248,0.00035,quantile,s2150450,r,08/19/2026,18:10:08,eddie@node1m01.ecdf.ed.ac.uk,5,51
57749248,0.00035,quantile,s2150450,r,08/19/2026,18:10:08,eddie@node1m07.ecdf.ed.ac.uk,5,52
57723017,0.00035,Germline_s,s2559269,r,08/19/2026,10:26:09,igmm_long@node1a08.ecdf.ed.ac.,3,3
57728307,0.00035,runlisfloo,asiripat,r,08/19/2026,19:26:45,eddie@node1m20.ecdf.ed.ac.uk,1,8239
57728307,0.00035,runlisfloo,asiripat,r,08/19/2026,19:26:00,eddie@node1m23.ecdf.ed.ac.uk,1,8238
57728307,0.00035,runlisfloo,asiripat,r,08/19/2026,19:25:31,eddie@node1m21.ecdf.ed.ac.uk,1,8237
57728307,0.00035,runlisfloo,asiripat,r,08/19/2026,19:25:16,eddie@node1m18.ecdf.ed.ac.uk,1,8236
57728307,0.00035,runlisfloo,asiripat,r,08/19/2026,19:24:15,eddie@node1m23.ecdf.ed.ac.uk,1,8235
57728307,0.00035,runlisfloo,asiripat,r,08/19/2026,19:22:30,eddie@node1m22.ecdf.ed.ac.uk,1,8232
57728307,0.00035,runlisfloo,asiripat,r,08/19/2026,19:22:30,eddie@node1k12.ecdf.ed.ac.uk,1,8233
57728307,0.00035,runlisfloo,asiripat,r,08/19/2026,19:23:00,eddie@node1m21.ecdf.ed.ac.uk,1,8234
57728307,0.00035,runlisfloo,asiripat,r,08/19/2026,19:21:45,eddie@node1m22.ecdf.ed.ac.uk,1,8231
57728307,0.00035,runlisfloo,asiripat,r,08/19/2026,19:18:31,eddie@node1m19.ecdf.ed.ac.uk,1,8229
57728307,0.00035,runlisfloo,asiripat,r,08/19/2026,19:18:15,eddie@node1m20.ecdf.ed.ac.uk,1,8228
57728307,0.00035,runlisfloo,asiripat,r,08/19/2026,19:18:46,eddie@node1m23.ecdf.ed.ac.uk,1,8230
57728307,0.00035,runlisfloo,asiripat,r,08/19/2026,19:17:45,eddie@node1m21.ecdf.ed.ac.uk,1,8227
57754595,0.00035,ce1,gl02ad2,r,08/19/2026,22:50:22,eddie@node1l17.ecdf.ed.ac.uk,1
57728307,0.00035,runlisfloo,asiripat,r,08/19/2026,19:15:00,eddie@node1m20.ecdf.ed.ac.uk,1,8226
57728307,0.00035,runlisfloo,asiripat,r,08/19/2026,19:14:30,eddie@node1m19.ecdf.ed.ac.uk,1,8225
57728307,0.00035,runlisfloo,asiripat,r,08/19/2026,19:13:15,eddie@node1m23.ecdf.ed.ac.uk,1,8224
57723017,0.00035,Germline_s,s2559269,r,08/19/2026,10:26:09,igmm_long@node1c08.ecdf.ed.ac.,3,4
57728307,0.00034,runlisfloo,asiripat,r,08/19/2026,19:11:42,eddie@node1m18.ecdf.ed.ac.uk,1,8223
57728307,0.00034,runlisfloo,asiripat,r,08/19/2026,19:04:08,eddie@node1m24.ecdf.ed.ac.uk,1,8222
57728307,0.00034,runlisfloo,asiripat,r,08/19/2026,19:02:53,eddie@node1m20.ecdf.ed.ac.uk,1,8221
57728307,0.00034,runlisfloo,asiripat,r,08/19/2026,19:02:38,eddie@node1m22.ecdf.ed.ac.uk,1,8220
57728307,0.00034,runlisfloo,asiripat,r,08/19/2026,19:01:38,eddie@node1n05.ecdf.ed.ac.uk,1,8219
57728307,0.00034,runlisfloo,asiripat,r,08/19/2026,18:59:23,eddie@node1m18.ecdf.ed.ac.uk,1,8218
57728307,0.00034,runlisfloo,asiripat,r,08/19/2026,18:58:53,eddie@node1m24.ecdf.ed.ac.uk,1,8217
57723017,0.00034,Germline_s,s2559269,r,08/19/2026,10:26:09,igmm_long@node1c04.ecdf.ed.ac.,3,5
57728307,0.00034,runlisfloo,asiripat,r,08/19/2026,18:56:23,eddie@node1m24.ecdf.ed.ac.uk,1,8216
57749248,0.00034,quantile,s2150450,r,08/19/2026,18:10:23,eddie@node1s20.ecdf.ed.ac.uk,5,53
57728307,0.00033,runlisfloo,asiripat,r,08/19/2026,18:53:08,eddie@node1m19.ecdf.ed.ac.uk,1,8215
57728307,0.00033,runlisfloo,asiripat,r,08/19/2026,18:51:08,eddie@node1m24.ecdf.ed.ac.uk,1,8214
57728307,0.00033,runlisfloo,asiripat,r,08/19/2026,18:50:08,eddie@node1m22.ecdf.ed.ac.uk,1,8213
57749248,0.00033,quantile,s2150450,r,08/19/2026,18:10:38,eddie@node1l28.ecdf.ed.ac.uk,5,54
57749248,0.00033,quantile,s2150450,r,08/19/2026,18:10:38,eddie@node1l28.ecdf.ed.ac.uk,5,55
57749248,0.00033,quantile,s2150450,r,08/19/2026,18:10:38,eddie@node1r12.ecdf.ed.ac.uk,5,56
57749248,0.00033,quantile,s2150450,r,08/19/2026,18:10:38,eddie@node1h12.ecdf.ed.ac.uk,5,57
57749248,0.00033,quantile,s2150450,r,08/19/2026,18:10:38,eddie@node1h12.ecdf.ed.ac.uk,5,58
57749248,0.00033,quantile,s2150450,r,08/19/2026,18:10:38,eddie@node1l02.ecdf.ed.ac.uk,5,59
57728307,0.00033,runlisfloo,asiripat,r,08/19/2026,18:49:53,eddie@node1m22.ecdf.ed.ac.uk,1,8212
57728307,0.00033,runlisfloo,asiripat,r,08/19/2026,18:46:23,eddie@node1m18.ecdf.ed.ac.uk,1,8209
57728307,0.00033,runlisfloo,asiripat,r,08/19/2026,18:46:23,eddie@node1m20.ecdf.ed.ac.uk,1,8210
57728307,0.00033,runlisfloo,asiripat,r,08/19/2026,18:46:23,eddie@node1m19.ecdf.ed.ac.uk,1,8211
57723017,0.00033,Germline_s,s2559269,r,08/19/2026,10:26:09,igmm_long@node1a05.ecdf.ed.ac.,3,6
57728307,0.00033,runlisfloo,asiripat,r,08/19/2026,18:44:54,eddie@node1k12.ecdf.ed.ac.uk,1,8208
57728307,0.00033,runlisfloo,asiripat,r,08/19/2026,18:43:54,eddie@node1m23.ecdf.ed.ac.uk,1,8207
57728307,0.00033,runlisfloo,asiripat,r,08/19/2026,18:43:08,eddie@node1m19.ecdf.ed.ac.uk,1,8206
57728307,0.00033,runlisfloo,asiripat,r,08/19/2026,18:41:39,eddie@node1m20.ecdf.ed.ac.uk,1,8205
57735547,0.00033,of_28063_1,wdewulf,r,08/19/2026,22:54:09,eddie@node1o03.ecdf.ed.ac.uk,1,697
57735547,0.00033,of_28063_1,wdewulf,r,08/19/2026,22:54:09,eddie@node1o05.ecdf.ed.ac.uk,1,698
57735547,0.00033,of_28063_1,wdewulf,r,08/19/2026,22:54:09,eddie@node1h07.ecdf.ed.ac.uk,1,699
57735547,0.00033,of_28063_1,wdewulf,r,08/19/2026,22:54:09,eddie@node1h07.ecdf.ed.ac.uk,1,700
57735547,0.00033,of_28063_1,wdewulf,r,08/19/2026,22:54:22,eddie@node1h07.ecdf.ed.ac.uk,1,701
57735547,0.00033,of_28063_1,wdewulf,r,08/19/2026,22:53:07,eddie@node1f06.ecdf.ed.ac.uk,1,692
57735547,0.00033,of_28063_1,wdewulf,r,08/19/2026,22:53:07,eddie@node1l23.ecdf.ed.ac.uk,1,693
57735547,0.00033,of_28063_1,wdewulf,r,08/19/2026,22:53:07,eddie@node1l23.ecdf.ed.ac.uk,1,694
57735547,0.00033,of_28063_1,wdewulf,r,08/19/2026,22:53:07,eddie@node1h07.ecdf.ed.ac.uk,1,695
57735547,0.00033,of_28063_1,wdewulf,r,08/19/2026,22:53:07,eddie@node1h07.ecdf.ed.ac.uk,1,696
57735547,0.00033,of_28063_1,wdewulf,r,08/19/2026,22:52:52,eddie@node1i15.ecdf.ed.ac.uk,1,689
57735547,0.00033,of_28063_1,wdewulf,r,08/19/2026,22:52:52,eddie@node1f07.ecdf.ed.ac.uk,1,690
57735547,0.00033,of_28063_1,wdewulf,r,08/19/2026,22:52:52,eddie@node1k09.ecdf.ed.ac.uk,1,691
57735547,0.00033,of_28063_1,wdewulf,r,08/19/2026,22:52:37,eddie@node1f10.ecdf.ed.ac.uk,1,687
57735547,0.00033,of_28063_1,wdewulf,r,08/19/2026,22:52:37,eddie@node1j19.ecdf.ed.ac.uk,1,688
57735547,0.00033,of_28063_1,wdewulf,r,08/19/2026,22:52:22,eddie@node1o05.ecdf.ed.ac.uk,1,686
57735547,0.00033,of_28063_1,wdewulf,r,08/19/2026,22:51:37,eddie@node1o14.ecdf.ed.ac.uk,1,679
57735547,0.00033,of_28063_1,wdewulf,r,08/19/2026,22:51:37,eddie@node1l09.ecdf.ed.ac.uk,1,680
57735547,0.00033,of_28063_1,wdewulf,r,08/19/2026,22:51:37,eddie@node1l03.ecdf.ed.ac.uk,1,681
57735547,0.00033,of_28063_1,wdewulf,r,08/19/2026,22:50:52,eddie@node1l24.ecdf.ed.ac.uk,1,674
57735547,0.00033,of_28063_1,wdewulf,r,08/19/2026,22:50:52,eddie@node1k08.ecdf.ed.ac.uk,1,675
57735547,0.00033,of_28063_1,wdewulf,r,08/19/2026,22:51:22,eddie@node1f08.ecdf.ed.ac.uk,1,677
57735547,0.00033,of_28063_1,wdewulf,r,08/19/2026,22:51:22,eddie@node1l23.ecdf.ed.ac.uk,1,678
57735547,0.00033,of_28063_1,wdewulf,r,08/19/2026,22:51:52,eddie@node1i14.ecdf.ed.ac.uk,1,682
57735547,0.00033,of_28063_1,wdewulf,r,08/19/2026,22:51:52,eddie@node1l09.ecdf.ed.ac.uk,1,683
57735547,0.00033,of_28063_1,wdewulf,r,08/19/2026,22:52:07,eddie@node1f10.ecdf.ed.ac.uk,1,684
57735547,0.00033,of_28063_1,wdewulf,r,08/19/2026,22:52:07,eddie@node1l03.ecdf.ed.ac.uk,1,685
57735547,0.00033,of_28063_1,wdewulf,r,08/19/2026,22:51:07,eddie@node1l09.ecdf.ed.ac.uk,1,676
57735547,0.00033,of_28063_1,wdewulf,r,08/19/2026,22:50:37,eddie@node1o09.ecdf.ed.ac.uk,1,673
57735547,0.00033,of_28063_1,wdewulf,r,08/19/2026,22:50:22,eddie@node1l09.ecdf.ed.ac.uk,1,671
57735547,0.00033,of_28063_1,wdewulf,r,08/19/2026,22:50:22,eddie@node1l03.ecdf.ed.ac.uk,1,672
57728307,0.00032,runlisfloo,asiripat,r,08/19/2026,18:36:53,eddie@node1m24.ecdf.ed.ac.uk,1,8204
57728307,0.00032,runlisfloo,asiripat,r,08/19/2026,18:36:24,eddie@node1m24.ecdf.ed.ac.uk,1,8203
57735547,0.00032,of_28063_1,wdewulf,r,08/19/2026,22:47:22,eddie@node1s15.ecdf.ed.ac.uk,1,649
57735547,0.00032,of_28063_1,wdewulf,r,08/19/2026,22:47:37,eddie@node1l25.ecdf.ed.ac.uk,1,650
57735547,0.00032,of_28063_1,wdewulf,r,08/19/2026,22:47:37,eddie@node1s15.ecdf.ed.ac.uk,1,651
57735547,0.00032,of_28063_1,wdewulf,r,08/19/2026,22:47:37,eddie@node1s15.ecdf.ed.ac.uk,1,652
57735547,0.00032,of_28063_1,wdewulf,r,08/19/2026,22:47:37,eddie@node1l03.ecdf.ed.ac.uk,1,653
57735547,0.00032,of_28063_1,wdewulf,r,08/19/2026,22:47:37,eddie@node1l03.ecdf.ed.ac.uk,1,654
57735547,0.00032,of_28063_1,wdewulf,r,08/19/2026,22:49:37,eddie@node1f11.ecdf.ed.ac.uk,1,664
57735547,0.00032,of_28063_1,wdewulf,r,08/19/2026,22:49:37,eddie@node1i14.ecdf.ed.ac.uk,1,665
57735547,0.00032,of_28063_1,wdewulf,r,08/19/2026,22:49:37,eddie@node1f08.ecdf.ed.ac.uk,1,666
57735547,0.00032,of_28063_1,wdewulf,r,08/19/2026,22:49:37,eddie@node1m16.ecdf.ed.ac.uk,1,667
57735547,0.00032,of_28063_1,wdewulf,r,08/19/2026,22:49:22,eddie@node1l26.ecdf.ed.ac.uk,1,661
57735547,0.00032,of_28063_1,wdewulf,r,08/19/2026,22:49:22,eddie@node1l09.ecdf.ed.ac.uk,1,662
57735547,0.00032,of_28063_1,wdewulf,r,08/19/2026,22:49:22,eddie@node1k08.ecdf.ed.ac.uk,1,663
57735547,0.00032,of_28063_1,wdewulf,r,08/19/2026,22:50:07,eddie@node1o03.ecdf.ed.ac.uk,1,668
57735547,0.00032,of_28063_1,wdewulf,r,08/19/2026,22:50:07,eddie@node1l03.ecdf.ed.ac.uk,1,669
57735547,0.00032,of_28063_1,wdewulf,r,08/19/2026,22:50:07,eddie@node1k08.ecdf.ed.ac.uk,1,670
57735547,0.00032,of_28063_1,wdewulf,r,08/19/2026,22:48:37,eddie@node1o04.ecdf.ed.ac.uk,1,657
57735547,0.00032,of_28063_1,wdewulf,r,08/19/2026,22:48:37,eddie@node1l09.ecdf.ed.ac.uk,1,658
57735547,0.00032,of_28063_1,wdewulf,r,08/19/2026,22:47:52,eddie@node1l03.ecdf.ed.ac.uk,1,655
57735547,0.00032,of_28063_1,wdewulf,r,08/19/2026,22:48:22,eddie@node1o03.ecdf.ed.ac.uk,1,656
57735547,0.00032,of_28063_1,wdewulf,r,08/19/2026,22:48:52,eddie@node1h12.ecdf.ed.ac.uk,1,659
57735547,0.00032,of_28063_1,wdewulf,r,08/19/2026,22:47:07,eddie@node1s15.ecdf.ed.ac.uk,1,648
57735547,0.00032,of_28063_1,wdewulf,r,08/19/2026,22:49:07,eddie@node1k08.ecdf.ed.ac.uk,1,660
57723017,0.00032,Germline_s,s2559269,r,08/19/2026,10:26:09,igmm_long@node1c05.ecdf.ed.ac.,3,7
57728307,0.00032,runlisfloo,asiripat,r,08/19/2026,18:33:53,eddie@node1m18.ecdf.ed.ac.uk,1,8202
57728307,0.00032,runlisfloo,asiripat,r,08/19/2026,18:33:23,eddie@node1m22.ecdf.ed.ac.uk,1,8201
57735547,0.00032,of_28063_1,wdewulf,r,08/19/2026,22:46:52,eddie@node1o04.ecdf.ed.ac.uk,1,645
57735547,0.00032,of_28063_1,wdewulf,r,08/19/2026,22:46:52,eddie@node1s15.ecdf.ed.ac.uk,1,646
57735547,0.00032,of_28063_1,wdewulf,r,08/19/2026,22:46:52,eddie@node1s15.ecdf.ed.ac.uk,1,647
57735547,0.00032,of_28063_1,wdewulf,r,08/19/2026,22:46:07,eddie@node1h03.ecdf.ed.ac.uk,1,639
57735547,0.00032,of_28063_1,wdewulf,r,08/19/2026,22:46:07,eddie@node1r09.ecdf.ed.ac.uk,1,640
57735547,0.00032,of_28063_1,wdewulf,r,08/19/2026,22:46:22,eddie@node1f08.ecdf.ed.ac.uk,1,641
57735547,0.00032,of_28063_1,wdewulf,r,08/19/2026,22:46:22,eddie@node1r17.ecdf.ed.ac.uk,1,642
57735547,0.00032,of_28063_1,wdewulf,r,08/19/2026,22:46:37,eddie@node1h04.ecdf.ed.ac.uk,1,643
57735547,0.00032,of_28063_1,wdewulf,r,08/19/2026,22:46:37,eddie@node1s15.ecdf.ed.ac.uk,1,644
57735547,0.00032,of_28063_1,wdewulf,r,08/19/2026,22:45:37,eddie@node1r20.ecdf.ed.ac.uk,1,635
57735547,0.00032,of_28063_1,wdewulf,r,08/19/2026,22:45:37,eddie@node1r09.ecdf.ed.ac.uk,1,636
57735547,0.00032,of_28063_1,wdewulf,r,08/19/2026,22:45:52,eddie@node1r09.ecdf.ed.ac.uk,1,637
57735547,0.00032,of_28063_1,wdewulf,r,08/19/2026,22:45:52,eddie@node1r09.ecdf.ed.ac.uk,1,638
57735547,0.00032,of_28063_1,wdewulf,r,08/19/2026,22:44:37,eddie@node1s19.ecdf.ed.ac.uk,1,630
57735547,0.00032,of_28063_1,wdewulf,r,08/19/2026,22:44:37,eddie@node1s19.ecdf.ed.ac.uk,1,631
57735547,0.00032,of_28063_1,wdewulf,r,08/19/2026,22:44:52,eddie@node1i07.ecdf.ed.ac.uk,1,632
57735547,0.00032,of_28063_1,wdewulf,r,08/19/2026,22:44:52,eddie@node1s19.ecdf.ed.ac.uk,1,633
57735547,0.00032,of_28063_1,wdewulf,r,08/19/2026,22:45:22,eddie@node1s19.ecdf.ed.ac.uk,1,634
57728307,0.00032,runlisfloo,asiripat,r,08/19/2026,18:31:53,eddie@node1n02.ecdf.ed.ac.uk,1,8200
57735547,0.00032,of_28063_1,wdewulf,r,08/19/2026,22:43:22,eddie@node1h04.ecdf.ed.ac.uk,1,622
57735547,0.00032,of_28063_1,wdewulf,r,08/19/2026,22:43:22,eddie@node1j19.ecdf.ed.ac.uk,1,623
57735547,0.00032,of_28063_1,wdewulf,r,08/19/2026,22:43:22,eddie@node1m05.ecdf.ed.ac.uk,1,624
57735547,0.00032,of_28063_1,wdewulf,r,08/19/2026,22:43:37,eddie@node1r18.ecdf.ed.ac.uk,1,625
57735547,0.00032,of_28063_1,wdewulf,r,08/19/2026,22:43:37,eddie@node1l10.ecdf.ed.ac.uk,1,626
57735547,0.00032,of_28063_1,wdewulf,r,08/19/2026,22:44:07,eddie@node1r19.ecdf.ed.ac.uk,1,628
57735547,0.00032,of_28063_1,wdewulf,r,08/19/2026,22:44:07,eddie@node1l09.ecdf.ed.ac.uk,1,629
57735547,0.00032,of_28063_1,wdewulf,r,08/19/2026,22:43:07,eddie@node1h04.ecdf.ed.ac.uk,1,621
57735547,0.00032,of_28063_1,wdewulf,r,08/19/2026,22:43:52,eddie@node1l08.ecdf.ed.ac.uk,1,627
57735547,0.00032,of_28063_1,wdewulf,r,08/19/2026,22:42:52,eddie@node1m04.ecdf.ed.ac.uk,1,618
57735547,0.00032,of_28063_1,wdewulf,r,08/19/2026,22:42:52,eddie@node1m04.ecdf.ed.ac.uk,1,619
57735547,0.00032,of_28063_1,wdewulf,r,08/19/2026,22:42:52,eddie@node1m04.ecdf.ed.ac.uk,1,620
57735547,0.00032,of_28063_1,wdewulf,r,08/19/2026,22:42:22,eddie@node1l25.ecdf.ed.ac.uk,1,615
57735547,0.00032,of_28063_1,wdewulf,r,08/19/2026,22:42:22,eddie@node1m04.ecdf.ed.ac.uk,1,616
57735547,0.00032,of_28063_1,wdewulf,r,08/19/2026,22:42:37,eddie@node1m04.ecdf.ed.ac.uk,1,617
57735547,0.00032,of_28063_1,wdewulf,r,08/19/2026,22:41:37,eddie@node1l25.ecdf.ed.ac.uk,1,607
57735547,0.00032,of_28063_1,wdewulf,r,08/19/2026,22:41:37,eddie@node1r14.ecdf.ed.ac.uk,1,608
57735547,0.00032,of_28063_1,wdewulf,r,08/19/2026,22:41:37,eddie@node1h11.ecdf.ed.ac.uk,1,609
57735547,0.00032,of_28063_1,wdewulf,r,08/19/2026,22:41:52,eddie@node1r07.ecdf.ed.ac.uk,1,610
57735547,0.00032,of_28063_1,wdewulf,r,08/19/2026,22:41:52,eddie@node1j10.ecdf.ed.ac.uk,1,611
57735547,0.00032,of_28063_1,wdewulf,r,08/19/2026,22:41:52,eddie@node1j11.ecdf.ed.ac.uk,1,612
57735547,0.00032,of_28063_1,wdewulf,r,08/19/2026,22:42:07,eddie@node1j07.ecdf.ed.ac.uk,1,613
57735547,0.00032,of_28063_1,wdewulf,r,08/19/2026,22:42:07,eddie@node1j17.ecdf.ed.ac.uk,1,614
57735547,0.00032,of_28063_1,wdewulf,r,08/19/2026,22:41:07,eddie@node1l25.ecdf.ed.ac.uk,1,605
57735547,0.00032,of_28063_1,wdewulf,r,08/19/2026,22:41:22,eddie@node1o05.ecdf.ed.ac.uk,1,606
57735547,0.00032,of_28063_1,wdewulf,r,08/19/2026,22:40:37,eddie@node1k09.ecdf.ed.ac.uk,1,604
57728307,0.00032,runlisfloo,asiripat,r,08/19/2026,18:27:53,eddie@node1m19.ecdf.ed.ac.uk,1,8199
57728307,0.00032,runlisfloo,asiripat,r,08/19/2026,18:27:23,eddie@node1m23.ecdf.ed.ac.uk,1,8198
57735547,0.00032,of_28063_1,wdewulf,r,08/19/2026,22:38:22,eddie@node1o06.ecdf.ed.ac.uk,1,590
57735547,0.00032,of_28063_1,wdewulf,r,08/19/2026,22:38:22,eddie@node1l05.ecdf.ed.ac.uk,1,591
57735547,0.00032,of_28063_1,wdewulf,r,08/19/2026,22:38:37,eddie@node1l25.ecdf.ed.ac.uk,1,592
57735547,0.00032,of_28063_1,wdewulf,r,08/19/2026,22:38:37,eddie@node1h04.ecdf.ed.ac.uk,1,593
57735547,0.00032,of_28063_1,wdewulf,r,08/19/2026,22:38:52,eddie@node1j09.ecdf.ed.ac.uk,1,594
57735547,0.00032,of_28063_1,wdewulf,r,08/19/2026,22:37:52,eddie@node1o05.ecdf.ed.ac.uk,1,589
57723017,0.00032,Germline_s,s2559269,r,08/19/2026,10:26:09,igmm_long@node1b01.ecdf.ed.ac.,3,8
57723017,0.00032,Germline_s,s2559269,r,08/19/2026,10:26:09,igmm_long@node1b03.ecdf.ed.ac.,3,9
57751530,0.00032,ce1,gs10us1,r,08/19/2026,19:43:00,eddie@node1l14.ecdf.ed.ac.uk,1
57749248,0.00032,quantile,s2150450,r,08/19/2026,18:10:53,eddie@node1o05.ecdf.ed.ac.uk,5,60
57749248,0.00032,quantile,s2150450,r,08/19/2026,18:10:53,eddie@node1r12.ecdf.ed.ac.uk,5,61
57749248,0.00032,quantile,s2150450,r,08/19/2026,18:10:53,eddie@node1h03.ecdf.ed.ac.uk,5,62
57728307,0.00031,runlisfloo,asiripat,r,08/19/2026,18:21:08,eddie@node1m22.ecdf.ed.ac.uk,1,8197
57728307,0.00031,runlisfloo,asiripat,r,08/19/2026,18:18:53,eddie@node1m22.ecdf.ed.ac.uk,1,8196
57735547,0.00031,of_28063_1,wdewulf,r,08/19/2026,22:37:07,eddie@node1f12.ecdf.ed.ac.uk,1,584
57735547,0.00031,of_28063_1,wdewulf,r,08/19/2026,22:37:07,eddie@node1l24.ecdf.ed.ac.uk,1,585
57735547,0.00031,of_28063_1,wdewulf,r,08/19/2026,22:37:07,eddie@node1j23.ecdf.ed.ac.uk,1,586
57735547,0.00031,of_28063_1,wdewulf,r,08/19/2026,22:31:37,eddie@node1o05.ecdf.ed.ac.uk,1,563
57735547,0.00031,of_28063_1,wdewulf,r,08/19/2026,22:31:37,eddie@node1r09.ecdf.ed.ac.uk,1,564
57735547,0.00031,of_28063_1,wdewulf,r,08/19/2026,22:36:52,eddie@node1f07.ecdf.ed.ac.uk,1,582
57735547,0.00031,of_28063_1,wdewulf,r,08/19/2026,22:36:52,eddie@node1j26.ecdf.ed.ac.uk,1,583
57735547,0.00031,of_28063_1,wdewulf,r,08/19/2026,22:33:22,eddie@node1h04.ecdf.ed.ac.uk,1,568
57735547,0.00031,of_28063_1,wdewulf,r,08/19/2026,22:33:22,eddie@node1s15.ecdf.ed.ac.uk,1,569
57735547,0.00031,of_28063_1,wdewulf,r,08/19/2026,22:35:22,eddie@node1h04.ecdf.ed.ac.uk,1,576
57735547,0.00031,of_28063_1,wdewulf,r,08/19/2026,22:35:22,eddie@node1j02.ecdf.ed.ac.uk,1,577
57735547,0.00031,of_28063_1,wdewulf,r,08/19/2026,22:36:22,eddie@node1h13.ecdf.ed.ac.uk,1,580
57735547,0.00031,of_28063_1,wdewulf,r,08/19/2026,22:36:22,eddie@node1l08.ecdf.ed.ac.uk,1,581
57735547,0.00031,of_28063_1,wdewulf,r,08/19/2026,22:35:07,eddie@node1f07.ecdf.ed.ac.uk,1,574
57735547,0.00031,of_28063_1,wdewulf,r,08/19/2026,22:35:07,eddie@node1m05.ecdf.ed.ac.uk,1,575
57735547,0.00031,of_28063_1,wdewulf,r,08/19/2026,22:36:07,eddie@node1l24.ecdf.ed.ac.uk,1,578
57735547,0.00031,of_28063_1,wdewulf,r,08/19/2026,22:36:07,eddie@node1j19.ecdf.ed.ac.uk,1,579
57735547,0.00031,of_28063_1,wdewulf,r,08/19/2026,22:32:37,eddie@node1r09.ecdf.ed.ac.uk,1,566
57735547,0.00031,of_28063_1,wdewulf,r,08/19/2026,22:32:52,eddie@node1o12.ecdf.ed.ac.uk,1,567
57735547,0.00031,of_28063_1,wdewulf,r,08/19/2026,22:37:22,eddie@node1l27.ecdf.ed.ac.uk,1,587
57735547,0.00031,of_28063_1,wdewulf,r,08/19/2026,22:33:52,eddie@node1m05.ecdf.ed.ac.uk,1,570
57735547,0.00031,of_28063_1,wdewulf,r,08/19/2026,22:34:22,eddie@node1m05.ecdf.ed.ac.uk,1,571
57735547,0.00031,of_28063_1,wdewulf,r,08/19/2026,22:34:37,eddie@node1l08.ecdf.ed.ac.uk,1,572
57735547,0.00031,of_28063_1,wdewulf,r,08/19/2026,22:34:52,eddie@node1l24.ecdf.ed.ac.uk,1,573
57735547,0.00031,of_28063_1,wdewulf,r,08/19/2026,22:37:37,eddie@node1j17.ecdf.ed.ac.uk,1,588
57735547,0.00031,of_28063_1,wdewulf,r,08/19/2026,22:32:07,eddie@node1l24.ecdf.ed.ac.uk,1,565
57735547,0.00031,of_28063_1,wdewulf,r,08/19/2026,22:31:22,eddie@node1r09.ecdf.ed.ac.uk,1,562
57735547,0.00031,of_28063_1,wdewulf,r,08/19/2026,22:39:22,eddie@node1l28.ecdf.ed.ac.uk,1,596
57735547,0.00031,of_28063_1,wdewulf,r,08/19/2026,22:39:22,eddie@node1s15.ecdf.ed.ac.uk,1,597
57735547,0.00031,of_28063_1,wdewulf,r,08/19/2026,22:29:22,eddie@node1s19.ecdf.ed.ac.uk,1,556
57735547,0.00031,of_28063_1,wdewulf,r,08/19/2026,22:29:22,eddie@node1l10.ecdf.ed.ac.uk,1,557
57735547,0.00031,of_28063_1,wdewulf,r,08/19/2026,22:30:07,eddie@node1k09.ecdf.ed.ac.uk,1,559
57735547,0.00031,of_28063_1,wdewulf,r,08/19/2026,22:39:07,eddie@node1m02.ecdf.ed.ac.uk,1,595
57735547,0.00031,of_28063_1,wdewulf,r,08/19/2026,22:29:37,eddie@node1h04.ecdf.ed.ac.uk,1,558
57735547,0.00031,of_28063_1,wdewulf,r,08/19/2026,22:30:37,eddie@node1s19.ecdf.ed.ac.uk,1,560
57735547,0.00031,of_28063_1,wdewulf,r,08/19/2026,22:30:52,eddie@node1j26.ecdf.ed.ac.uk,1,561
57735547,0.00031,of_28063_1,wdewulf,r,08/19/2026,22:28:22,eddie@node1j09.ecdf.ed.ac.uk,1,551
57735547,0.00031,of_28063_1,wdewulf,r,08/19/2026,22:28:22,eddie@node1j01.ecdf.ed.ac.uk,1,552
57735547,0.00031,of_28063_1,wdewulf,r,08/19/2026,22:28:22,eddie@node1j05.ecdf.ed.ac.uk,1,553
57735547,0.00031,of_28063_1,wdewulf,r,08/19/2026,22:26:22,eddie@node1o06.ecdf.ed.ac.uk,1,543
57735547,0.00031,of_28063_1,wdewulf,r,08/19/2026,22:26:22,eddie@node1s15.ecdf.ed.ac.uk,1,544
57735547,0.00031,of_28063_1,wdewulf,r,08/19/2026,22:26:22,eddie@node1l08.ecdf.ed.ac.uk,1,545
57735547,0.00031,of_28063_1,wdewulf,r,08/19/2026,22:27:52,eddie@node1l19.ecdf.ed.ac.uk,1,549
57735547,0.00031,of_28063_1,wdewulf,r,08/19/2026,22:27:52,eddie@node1j02.ecdf.ed.ac.uk,1,550
57735547,0.00031,of_28063_1,wdewulf,r,08/19/2026,22:29:07,eddie@node1l28.ecdf.ed.ac.uk,1,555
57735547,0.00031,of_28063_1,wdewulf,r,08/19/2026,22:26:52,eddie@node1o06.ecdf.ed.ac.uk,1,547
57735547,0.00031,of_28063_1,wdewulf,r,08/19/2026,22:28:37,eddie@node1m02.ecdf.ed.ac.uk,1,554
57735547,0.00031,of_28063_1,wdewulf,r,08/19/2026,22:26:37,eddie@node1l27.ecdf.ed.ac.uk,1,546
57735547,0.00031,of_28063_1,wdewulf,r,08/19/2026,22:27:07,eddie@node1j26.ecdf.ed.ac.uk,1,548
57728307,0.00031,runlisfloo,asiripat,r,08/19/2026,18:12:38,eddie@node1m24.ecdf.ed.ac.uk,1,8195
57699762,0.00031,Somatic_sp,s2559269,r,08/17/2026,10:13:42,igmm_long@node1a08.ecdf.ed.ac.,5,1
57699762,0.00031,Somatic_sp,s2559269,r,08/17/2026,10:13:42,igmm_long@node1a03.ecdf.ed.ac.,5,2
57699762,0.00031,Somatic_sp,s2559269,r,08/17/2026,10:13:42,igmm_long@node1a06.ecdf.ed.ac.,5,3
57699762,0.00031,Somatic_sp,s2559269,r,08/17/2026,10:13:42,igmm_long@node1b06.ecdf.ed.ac.,5,4
57699762,0.00031,Somatic_sp,s2559269,r,08/17/2026,10:13:42,igmm_long@node1c01.ecdf.ed.ac.,5,5
57699762,0.00031,Somatic_sp,s2559269,r,08/17/2026,10:13:42,igmm_long@node1b04.ecdf.ed.ac.,5,6
57699762,0.00031,Somatic_sp,s2559269,r,08/17/2026,10:13:42,igmm_long@node1a05.ecdf.ed.ac.,5,7
57699762,0.00031,Somatic_sp,s2559269,r,08/17/2026,10:13:42,igmm_long@node1a04.ecdf.ed.ac.,5,8
57699762,0.00031,Somatic_sp,s2559269,r,08/17/2026,10:13:42,igmm_long@node1c04.ecdf.ed.ac.,5,9
57728307,0.00031,runlisfloo,asiripat,r,08/19/2026,18:10:23,eddie@node1m19.ecdf.ed.ac.uk,1,8193
57728307,0.00031,runlisfloo,asiripat,r,08/19/2026,18:10:38,eddie@node1m19.ecdf.ed.ac.uk,1,8194
57749248,0.00031,quantile,s2150450,r,08/19/2026,18:11:08,eddie@node1l24.ecdf.ed.ac.uk,5,63
57749248,0.00031,quantile,s2150450,r,08/19/2026,18:11:08,eddie@node1h23.ecdf.ed.ac.uk,5,64
57749248,0.00031,quantile,s2150450,r,08/19/2026,18:11:08,eddie@node1l01.ecdf.ed.ac.uk,5,65
57735547,0.00031,of_28063_1,wdewulf,r,08/19/2026,22:21:52,eddie@node1f10.ecdf.ed.ac.uk,1,513
57735547,0.00031,of_28063_1,wdewulf,r,08/19/2026,22:21:52,eddie@node1l24.ecdf.ed.ac.uk,1,514
57735547,0.00031,of_28063_1,wdewulf,r,08/19/2026,22:21:52,eddie@node1h08.ecdf.ed.ac.uk,1,515
57735547,0.00031,of_28063_1,wdewulf,r,08/19/2026,22:21:52,eddie@node1j23.ecdf.ed.ac.uk,1,516
57735547,0.00031,of_28063_1,wdewulf,r,08/19/2026,22:21:22,eddie@node1r14.ecdf.ed.ac.uk,1,510
57735547,0.00031,of_28063_1,wdewulf,r,08/19/2026,22:21:22,eddie@node1o04.ecdf.ed.ac.uk,1,511
57735547,0.00031,of_28063_1,wdewulf,r,08/19/2026,22:20:37,eddie@node1l24.ecdf.ed.ac.uk,1,507
57735547,0.00031,of_28063_1,wdewulf,r,08/19/2026,22:20:37,eddie@node1l08.ecdf.ed.ac.uk,1,508
57735547,0.00031,of_28063_1,wdewulf,r,08/19/2026,22:22:07,eddie@node1j11.ecdf.ed.ac.uk,1,517
57735547,0.00031,of_28063_1,wdewulf,r,08/19/2026,22:21:37,eddie@node1l05.ecdf.ed.ac.uk,1,512
57735547,0.00031,of_28063_1,wdewulf,r,08/19/2026,22:20:52,eddie@node1k09.ecdf.ed.ac.uk,1,509
57735547,0.00031,of_28063_1,wdewulf,r,08/19/2026,22:22:52,eddie@node1o03.ecdf.ed.ac.uk,1,521
57735547,0.00031,of_28063_1,wdewulf,r,08/19/2026,22:22:52,eddie@node1l23.ecdf.ed.ac.uk,1,522
57735547,0.00031,of_28063_1,wdewulf,r,08/19/2026,22:22:52,eddie@node1h04.ecdf.ed.ac.uk,1,523
57735547,0.00031,of_28063_1,wdewulf,r,08/19/2026,22:22:52,eddie@node1j02.ecdf.ed.ac.uk,1,524
57735547,0.00031,of_28063_1,wdewulf,r,08/19/2026,22:23:22,eddie@node1r17.ecdf.ed.ac.uk,1,527
57735547,0.00031,of_28063_1,wdewulf,r,08/19/2026,22:23:22,eddie@node1j23.ecdf.ed.ac.uk,1,528
57735547,0.00031,of_28063_1,wdewulf,r,08/19/2026,22:23:22,eddie@node1l05.ecdf.ed.ac.uk,1,529
57735547,0.00031,of_28063_1,wdewulf,r,08/19/2026,22:23:52,eddie@node1i15.ecdf.ed.ac.uk,1,530
57735547,0.00031,of_28063_1,wdewulf,r,08/19/2026,22:23:52,eddie@node1l26.ecdf.ed.ac.uk,1,531
57735547,0.00031,of_28063_1,wdewulf,r,08/19/2026,22:23:52,eddie@node1l23.ecdf.ed.ac.uk,1,532
57735547,0.00031,of_28063_1,wdewulf,r,08/19/2026,22:23:07,eddie@node1r16.ecdf.ed.ac.uk,1,525
57735547,0.00031,of_28063_1,wdewulf,r,08/19/2026,22:23:07,eddie@node1j26.ecdf.ed.ac.uk,1,526
57735547,0.00031,of_28063_1,wdewulf,r,08/19/2026,22:25:07,eddie@node1o03.ecdf.ed.ac.uk,1,536
57735547,0.00031,of_28063_1,wdewulf,r,08/19/2026,22:25:07,eddie@node1o04.ecdf.ed.ac.uk,1,537
57735547,0.00031,of_28063_1,wdewulf,r,08/19/2026,22:22:37,eddie@node1k09.ecdf.ed.ac.uk,1,520
57735547,0.00031,of_28063_1,wdewulf,r,08/19/2026,22:24:22,eddie@node1s15.ecdf.ed.ac.uk,1,534
57735547,0.00031,of_28063_1,wdewulf,r,08/19/2026,22:24:52,eddie@node1m14.ecdf.ed.ac.uk,1,535
57735547,0.00031,of_28063_1,wdewulf,r,08/19/2026,22:24:07,eddie@node1j07.ecdf.ed.ac.uk,1,533
57735547,0.00031,of_28063_1,wdewulf,r,08/19/2026,22:22:22,eddie@node1l25.ecdf.ed.ac.uk,1,518
57735547,0.00031,of_28063_1,wdewulf,r,08/19/2026,22:22:22,eddie@node1h15.ecdf.ed.ac.uk,1,519
57735547,0.00031,of_28063_1,wdewulf,r,08/19/2026,22:20:22,eddie@node1o08.ecdf.ed.ac.uk,1,505
57735547,0.00031,of_28063_1,wdewulf,r,08/19/2026,22:20:22,eddie@node1r20.ecdf.ed.ac.uk,1,506
57735547,0.00031,of_28063_1,wdewulf,r,08/19/2026,22:40:07,eddie@node1o05.ecdf.ed.ac.uk,1,598
57735547,0.00031,of_28063_1,wdewulf,r,08/19/2026,22:40:07,eddie@node1h03.ecdf.ed.ac.uk,1,599
57735547,0.00031,of_28063_1,wdewulf,r,08/19/2026,22:40:07,eddie@node1j23.ecdf.ed.ac.uk,1,600
57735547,0.00031,of_28063_1,wdewulf,r,08/19/2026,22:40:22,eddie@node1j17.ecdf.ed.ac.uk,1,601
57735547,0.00031,of_28063_1,wdewulf,r,08/19/2026,22:40:22,eddie@node1j01.ecdf.ed.ac.uk,1,602
57735547,0.00031,of_28063_1,wdewulf,r,08/19/2026,22:40:22,eddie@node1l19.ecdf.ed.ac.uk,1,603
57735547,0.00031,of_28063_1,wdewulf,r,08/19/2026,22:25:37,eddie@node1j02.ecdf.ed.ac.uk,1,539
57735547,0.00031,of_28063_1,wdewulf,r,08/19/2026,22:25:37,eddie@node1j10.ecdf.ed.ac.uk,1,540
57735547,0.00031,of_28063_1,wdewulf,r,08/19/2026,22:25:22,eddie@node1r20.ecdf.ed.ac.uk,1,538
57735547,0.00031,of_28063_1,wdewulf,r,08/19/2026,22:25:52,eddie@node1h03.ecdf.ed.ac.uk,1,541
57735547,0.00031,of_28063_1,wdewulf,r,08/19/2026,22:26:07,eddie@node1j11.ecdf.ed.ac.uk,1,542
57735547,0.00030,of_28063_1,wdewulf,r,08/19/2026,22:19:22,eddie@node1o03.ecdf.ed.ac.uk,1,499
57735547,0.00030,of_28063_1,wdewulf,r,08/19/2026,22:19:22,eddie@node1o03.ecdf.ed.ac.uk,1,500
57735547,0.00030,of_28063_1,wdewulf,r,08/19/2026,22:19:22,eddie@node1l21.ecdf.ed.ac.uk,1,501
57735547,0.00030,of_28063_1,wdewulf,r,08/19/2026,22:19:52,eddie@node1i16.ecdf.ed.ac.uk,1,502
57735547,0.00030,of_28063_1,wdewulf,r,08/19/2026,22:19:52,eddie@node1s19.ecdf.ed.ac.uk,1,503
57735547,0.00030,of_28063_1,wdewulf,r,08/19/2026,22:19:52,eddie@node1s19.ecdf.ed.ac.uk,1,504
57735547,0.00030,of_28063_1,wdewulf,r,08/19/2026,22:18:52,eddie@node1s19.ecdf.ed.ac.uk,1,498
57728307,0.00030,runlisfloo,asiripat,r,08/19/2026,18:02:53,eddie@node1m22.ecdf.ed.ac.uk,1,8192
57728307,0.00030,runlisfloo,asiripat,r,08/19/2026,18:02:23,eddie@node1m24.ecdf.ed.ac.uk,1,8191
57728307,0.00030,runlisfloo,asiripat,r,08/19/2026,17:59:01,eddie@node1m19.ecdf.ed.ac.uk,1,8188
57728307,0.00030,runlisfloo,asiripat,r,08/19/2026,17:59:16,eddie@node1m22.ecdf.ed.ac.uk,1,8189
57735547,0.00030,of_28063_1,wdewulf,r,08/19/2026,22:15:09,eddie@node1r20.ecdf.ed.ac.uk,1,483
57735547,0.00030,of_28063_1,wdewulf,r,08/19/2026,22:14:54,eddie@node1r15.ecdf.ed.ac.uk,1,482
57735547,0.00030,of_28063_1,wdewulf,r,08/19/2026,22:15:24,eddie@node1r18.ecdf.ed.ac.uk,1,484
57735547,0.00030,of_28063_1,wdewulf,r,08/19/2026,22:14:39,eddie@node1l26.ecdf.ed.ac.uk,1,481
57728307,0.00030,runlisfloo,asiripat,r,08/19/2026,17:59:31,eddie@node1m23.ecdf.ed.ac.uk,1,8190
57749248,0.00030,quantile,s2150450,r,08/19/2026,18:11:23,eddie@node1o05.ecdf.ed.ac.uk,5,66
57749248,0.00030,quantile,s2150450,r,08/19/2026,18:11:24,eddie@node1o05.ecdf.ed.ac.uk,5,67
57749248,0.00030,quantile,s2150450,r,08/19/2026,18:11:24,eddie@node1o03.ecdf.ed.ac.uk,5,68
57735547,0.00030,of_28063_1,wdewulf,r,08/19/2026,22:17:17,eddie@node1o06.ecdf.ed.ac.uk,1,492
57735547,0.00030,of_28063_1,wdewulf,r,08/19/2026,22:17:17,eddie@node1o08.ecdf.ed.ac.uk,1,493
57735547,0.00030,of_28063_1,wdewulf,r,08/19/2026,22:17:17,eddie@node1j10.ecdf.ed.ac.uk,1,494
57735547,0.00030,of_28063_1,wdewulf,r,08/19/2026,22:16:09,eddie@node1f12.ecdf.ed.ac.uk,1,485
57735547,0.00030,of_28063_1,wdewulf,r,08/19/2026,22:16:09,eddie@node1m14.ecdf.ed.ac.uk,1,486
57735547,0.00030,of_28063_1,wdewulf,r,08/19/2026,22:16:39,eddie@node1l23.ecdf.ed.ac.uk,1,489
57735547,0.00030,of_28063_1,wdewulf,r,08/19/2026,22:16:39,eddie@node1j07.ecdf.ed.ac.uk,1,490
57735547,0.00030,of_28063_1,wdewulf,r,08/19/2026,22:18:32,eddie@node1h07.ecdf.ed.ac.uk,1,496
57735547,0.00030,of_28063_1,wdewulf,r,08/19/2026,22:18:32,eddie@node1m14.ecdf.ed.ac.uk,1,497
57735547,0.00030,of_28063_1,wdewulf,r,08/19/2026,22:14:09,eddie@node1o12.ecdf.ed.ac.uk,1,479
57735547,0.00030,of_28063_1,wdewulf,r,08/19/2026,22:14:09,eddie@node1l19.ecdf.ed.ac.uk,1,480
57735547,0.00030,of_28063_1,wdewulf,r,08/19/2026,22:16:24,eddie@node1l27.ecdf.ed.ac.uk,1,487
57735547,0.00030,of_28063_1,wdewulf,r,08/19/2026,22:16:24,eddie@node1l28.ecdf.ed.ac.uk,1,488
57735547,0.00030,of_28063_1,wdewulf,r,08/19/2026,22:13:39,eddie@node1h03.ecdf.ed.ac.uk,1,477
57735547,0.00030,of_28063_1,wdewulf,r,08/19/2026,22:13:54,eddie@node1r20.ecdf.ed.ac.uk,1,478
57735547,0.00030,of_28063_1,wdewulf,r,08/19/2026,22:17:03,eddie@node1l23.ecdf.ed.ac.uk,1,491
57735547,0.00030,of_28063_1,wdewulf,r,08/19/2026,22:17:32,eddie@node1l26.ecdf.ed.ac.uk,1,495
57749491,0.00030,ce1,gs10us1,r,08/19/2026,18:17:53,eddie@node1l13.ecdf.ed.ac.uk,1
57735547,0.00030,of_28063_1,wdewulf,r,08/19/2026,22:08:50,eddie@node1o03.ecdf.ed.ac.uk,1,453
57735547,0.00030,of_28063_1,wdewulf,r,08/19/2026,22:08:50,eddie@node1o04.ecdf.ed.ac.uk,1,454
57735547,0.00030,of_28063_1,wdewulf,r,08/19/2026,22:09:09,eddie@node1o14.ecdf.ed.ac.uk,1,455
57735547,0.00030,of_28063_1,wdewulf,r,08/19/2026,22:09:09,eddie@node1r08.ecdf.ed.ac.uk,1,456
57735547,0.00030,of_28063_1,wdewulf,r,08/19/2026,22:08:05,eddie@node1l24.ecdf.ed.ac.uk,1,449
57735547,0.00030,of_28063_1,wdewulf,r,08/19/2026,22:08:05,eddie@node1l28.ecdf.ed.ac.uk,1,450
57735547,0.00030,of_28063_1,wdewulf,r,08/19/2026,22:08:05,eddie@node1r20.ecdf.ed.ac.uk,1,451
57735547,0.00030,of_28063_1,wdewulf,r,08/19/2026,22:08:05,eddie@node1j09.ecdf.ed.ac.uk,1,452
57735547,0.00030,of_28063_1,wdewulf,r,08/19/2026,22:12:54,eddie@node1l28.ecdf.ed.ac.uk,1,473
57735547,0.00030,of_28063_1,wdewulf,r,08/19/2026,22:12:54,eddie@node1l22.ecdf.ed.ac.uk,1,474
57735547,0.00030,of_28063_1,wdewulf,r,08/19/2026,22:12:54,eddie@node1h06.ecdf.ed.ac.uk,1,475
57735547,0.00030,of_28063_1,wdewulf,r,08/19/2026,22:09:54,eddie@node1r07.ecdf.ed.ac.uk,1,457
57735547,0.00030,of_28063_1,wdewulf,r,08/19/2026,22:09:54,eddie@node1r20.ecdf.ed.ac.uk,1,458
57735547,0.00030,of_28063_1,wdewulf,r,08/19/2026,22:07:36,eddie@node1f12.ecdf.ed.ac.uk,1,445
57735547,0.00030,of_28063_1,wdewulf,r,08/19/2026,22:07:36,eddie@node1h06.ecdf.ed.ac.uk,1,446
57735547,0.00030,of_28063_1,wdewulf,r,08/19/2026,22:12:09,eddie@node1r05.ecdf.ed.ac.uk,1,467
57735547,0.00030,of_28063_1,wdewulf,r,08/19/2026,22:12:09,eddie@node1o13.ecdf.ed.ac.uk,1,468
57735547,0.00030,of_28063_1,wdewulf,r,08/19/2026,22:12:24,eddie@node1r14.ecdf.ed.ac.uk,1,469
57735547,0.00030,of_28063_1,wdewulf,r,08/19/2026,22:12:24,eddie@node1h15.ecdf.ed.ac.uk,1,470
57735547,0.00030,of_28063_1,wdewulf,r,08/19/2026,22:12:39,eddie@node1l22.ecdf.ed.ac.uk,1,471
57735547,0.00030,of_28063_1,wdewulf,r,08/19/2026,22:12:39,eddie@node1r20.ecdf.ed.ac.uk,1,472
57735547,0.00030,of_28063_1,wdewulf,r,08/19/2026,22:10:39,eddie@node1s15.ecdf.ed.ac.uk,1,460
57735547,0.00030,of_28063_1,wdewulf,r,08/19/2026,22:10:39,eddie@node1m02.ecdf.ed.ac.uk,1,461
57735547,0.00030,of_28063_1,wdewulf,r,08/19/2026,22:11:39,eddie@node1l26.ecdf.ed.ac.uk,1,463
57735547,0.00030,of_28063_1,wdewulf,r,08/19/2026,22:11:39,eddie@node1h10.ecdf.ed.ac.uk,1,464
57735547,0.00030,of_28063_1,wdewulf,r,08/19/2026,22:11:54,eddie@node1h15.ecdf.ed.ac.uk,1,465
57735547,0.00030,of_28063_1,wdewulf,r,08/19/2026,22:11:54,eddie@node1s20.ecdf.ed.ac.uk,1,466
57735547,0.00030,of_28063_1,wdewulf,r,08/19/2026,22:10:09,eddie@node1l23.ecdf.ed.ac.uk,1,459
57735547,0.00030,of_28063_1,wdewulf,r,08/19/2026,22:13:09,eddie@node1h03.ecdf.ed.ac.uk,1,476
57735547,0.00030,of_28063_1,wdewulf,r,08/19/2026,22:07:21,eddie@node1l22.ecdf.ed.ac.uk,1,443
57735547,0.00030,of_28063_1,wdewulf,r,08/19/2026,22:07:21,eddie@node1r20.ecdf.ed.ac.uk,1,444
57735547,0.00030,of_28063_1,wdewulf,r,08/19/2026,22:11:09,eddie@node1l22.ecdf.ed.ac.uk,1,462
57735547,0.00030,of_28063_1,wdewulf,r,08/19/2026,22:07:37,eddie@node1i16.ecdf.ed.ac.uk,1,447
57735547,0.00030,of_28063_1,wdewulf,r,08/19/2026,22:07:51,eddie@node1m05.ecdf.ed.ac.uk,1,448
57749248,0.00030,quantile,s2150450,r,08/19/2026,18:11:38,eddie@node1s20.ecdf.ed.ac.uk,5,69
57749248,0.00030,quantile,s2150450,r,08/19/2026,18:11:38,eddie@node1k05.ecdf.ed.ac.uk,5,70
57735547,0.00030,of_28063_1,wdewulf,r,08/19/2026,22:05:20,eddie@node1j01.ecdf.ed.ac.uk,1,436
57735547,0.00030,of_28063_1,wdewulf,r,08/19/2026,22:04:50,eddie@node1o10.ecdf.ed.ac.uk,1,434
57735547,0.00030,of_28063_1,wdewulf,r,08/19/2026,22:05:05,eddie@node1r05.ecdf.ed.ac.uk,1,435
57735547,0.00030,of_28063_1,wdewulf,r,08/19/2026,22:04:35,eddie@node1l23.ecdf.ed.ac.uk,1,433
57735547,0.00030,of_28063_1,wdewulf,r,08/19/2026,22:04:05,eddie@node1r12.ecdf.ed.ac.uk,1,432
57735547,0.00029,of_28063_1,wdewulf,r,08/19/2026,22:01:50,eddie@node1r15.ecdf.ed.ac.uk,1,423
57735547,0.00029,of_28063_1,wdewulf,r,08/19/2026,22:02:20,eddie@node1h16.ecdf.ed.ac.uk,1,424
57735547,0.00029,of_28063_1,wdewulf,r,08/19/2026,22:02:35,eddie@node1h24.ecdf.ed.ac.uk,1,425
57749248,0.00029,quantile,s2150450,r,08/19/2026,18:11:53,eddie@node1r14.ecdf.ed.ac.uk,5,71
57735547,0.00029,of_28063_1,wdewulf,r,08/19/2026,21:57:50,eddie@node1o08.ecdf.ed.ac.uk,1,403
57735547,0.00029,of_28063_1,wdewulf,r,08/19/2026,21:57:50,eddie@node1j19.ecdf.ed.ac.uk,1,404
57735547,0.00029,of_28063_1,wdewulf,r,08/19/2026,21:58:05,eddie@node1h15.ecdf.ed.ac.uk,1,405
57735547,0.00029,of_28063_1,wdewulf,r,08/19/2026,21:58:05,eddie@node1o08.ecdf.ed.ac.uk,1,406
57735547,0.00029,of_28063_1,wdewulf,r,08/19/2026,21:57:35,eddie@node1l05.ecdf.ed.ac.uk,1,402
57749248,0.00029,quantile,s2150450,r,08/19/2026,18:12:39,eddie@node1s17.ecdf.ed.ac.uk,5,72
57728307,0.00029,runlisfloo,asiripat,r,08/19/2026,17:53:46,eddie@node1m21.ecdf.ed.ac.uk,1,8187
57735547,0.00029,of_28063_1,wdewulf,r,08/19/2026,21:58:20,eddie@node1h05.ecdf.ed.ac.uk,1,407
57735547,0.00029,of_28063_1,wdewulf,r,08/19/2026,21:58:20,eddie@node1h15.ecdf.ed.ac.uk,1,408
57735547,0.00029,of_28063_1,wdewulf,r,08/19/2026,21:58:20,eddie@node1j26.ecdf.ed.ac.uk,1,409
57735547,0.00029,of_28063_1,wdewulf,r,08/19/2026,21:59:20,eddie@node1l24.ecdf.ed.ac.uk,1,413
57735547,0.00029,of_28063_1,wdewulf,r,08/19/2026,21:59:20,eddie@node1l22.ecdf.ed.ac.uk,1,414
57735547,0.00029,of_28063_1,wdewulf,r,08/19/2026,21:59:20,eddie@node1r05.ecdf.ed.ac.uk,1,415
57735547,0.00029,of_28063_1,wdewulf,r,08/19/2026,21:58:35,eddie@node1s15.ecdf.ed.ac.uk,1,410
57735547,0.00029,of_28063_1,wdewulf,r,08/19/2026,21:58:35,eddie@node1j11.ecdf.ed.ac.uk,1,411
57735547,0.00029,of_28063_1,wdewulf,r,08/19/2026,21:57:05,eddie@node1h24.ecdf.ed.ac.uk,1,399
57735547,0.00029,of_28063_1,wdewulf,r,08/19/2026,21:57:05,eddie@node1h06.ecdf.ed.ac.uk,1,400
57735547,0.00029,of_28063_1,wdewulf,r,08/19/2026,21:56:05,eddie@node1o12.ecdf.ed.ac.uk,1,393
57735547,0.00029,of_28063_1,wdewulf,r,08/19/2026,21:56:05,eddie@node1o14.ecdf.ed.ac.uk,1,394
57735547,0.00029,of_28063_1,wdewulf,r,08/19/2026,21:56:35,eddie@node1r20.ecdf.ed.ac.uk,1,395
57735547,0.00029,of_28063_1,wdewulf,r,08/19/2026,21:56:35,eddie@node1r20.ecdf.ed.ac.uk,1,396
57735547,0.00029,of_28063_1,wdewulf,r,08/19/2026,21:56:50,eddie@node1r08.ecdf.ed.ac.uk,1,397
57735547,0.00029,of_28063_1,wdewulf,r,08/19/2026,21:56:50,eddie@node1o08.ecdf.ed.ac.uk,1,398
57735547,0.00029,of_28063_1,wdewulf,r,08/19/2026,22:00:35,eddie@node1s15.ecdf.ed.ac.uk,1,419
57735547,0.00029,of_28063_1,wdewulf,r,08/19/2026,22:00:35,eddie@node1s15.ecdf.ed.ac.uk,1,420
57735547,0.00029,of_28063_1,wdewulf,r,08/19/2026,22:03:20,eddie@node1m05.ecdf.ed.ac.uk,1,427
57735547,0.00029,of_28063_1,wdewulf,r,08/19/2026,22:03:20,eddie@node1j07.ecdf.ed.ac.uk,1,428
57735547,0.00029,of_28063_1,wdewulf,r,08/19/2026,21:57:20,eddie@node1o04.ecdf.ed.ac.uk,1,401
57735547,0.00029,of_28063_1,wdewulf,r,08/19/2026,21:59:05,eddie@node1r07.ecdf.ed.ac.uk,1,412
57735547,0.00029,of_28063_1,wdewulf,r,08/19/2026,21:59:50,eddie@node1h07.ecdf.ed.ac.uk,1,416
57735547,0.00029,of_28063_1,wdewulf,r,08/19/2026,22:00:20,eddie@node1i14.ecdf.ed.ac.uk,1,418
57735547,0.00029,of_28063_1,wdewulf,r,08/19/2026,22:00:05,eddie@node1r19.ecdf.ed.ac.uk,1,417
57735547,0.00029,of_28063_1,wdewulf,r,08/19/2026,22:00:50,eddie@node1r12.ecdf.ed.ac.uk,1,421
57735547,0.00029,of_28063_1,wdewulf,r,08/19/2026,22:02:50,eddie@node1r07.ecdf.ed.ac.uk,1,426
57735547,0.00029,of_28063_1,wdewulf,r,08/19/2026,22:03:35,eddie@node1h15.ecdf.ed.ac.uk,1,429
57735547,0.00029,of_28063_1,wdewulf,r,08/19/2026,22:01:05,eddie@node1s13.ecdf.ed.ac.uk,1,422
57735547,0.00029,of_28063_1,wdewulf,r,08/19/2026,21:55:50,eddie@node1j01.ecdf.ed.ac.uk,1,392
57735547,0.00029,of_28063_1,wdewulf,r,08/19/2026,21:55:35,eddie@node1o08.ecdf.ed.ac.uk,1,388
57735547,0.00029,of_28063_1,wdewulf,r,08/19/2026,21:55:35,eddie@node1h23.ecdf.ed.ac.uk,1,389
57735547,0.00029,of_28063_1,wdewulf,r,08/19/2026,21:55:35,eddie@node1h24.ecdf.ed.ac.uk,1,390
57735547,0.00029,of_28063_1,wdewulf,r,08/19/2026,21:55:35,eddie@node1m05.ecdf.ed.ac.uk,1,391
57735547,0.00029,of_28063_1,wdewulf,r,08/19/2026,21:55:20,eddie@node1r17.ecdf.ed.ac.uk,1,386
57735547,0.00029,of_28063_1,wdewulf,r,08/19/2026,21:55:20,eddie@node1h09.ecdf.ed.ac.uk,1,387
57749248,0.00029,quantile,s2150450,r,08/19/2026,18:12:54,eddie@node1j27.ecdf.ed.ac.uk,5,73
57749248,0.00029,quantile,s2150450,r,08/19/2026,18:12:54,eddie@node1j27.ecdf.ed.ac.uk,5,74
57728307,0.00029,runlisfloo,asiripat,r,08/19/2026,17:50:28,eddie@node1m21.ecdf.ed.ac.uk,1,8185
57728307,0.00029,runlisfloo,asiripat,r,08/19/2026,17:50:43,eddie@node1m21.ecdf.ed.ac.uk,1,8186
57735547,0.00029,of_28063_1,wdewulf,r,08/19/2026,21:52:50,eddie@node1l21.ecdf.ed.ac.uk,1,366
57735547,0.00029,of_28063_1,wdewulf,r,08/19/2026,21:52:50,eddie@node1h05.ecdf.ed.ac.uk,1,367
57735547,0.00029,of_28063_1,wdewulf,r,08/19/2026,21:52:50,eddie@node1o14.ecdf.ed.ac.uk,1,368
57735547,0.00029,of_28063_1,wdewulf,r,08/19/2026,21:52:50,eddie@node1r20.ecdf.ed.ac.uk,1,369
57735547,0.00029,of_28063_1,wdewulf,r,08/19/2026,21:52:50,eddie@node1j23.ecdf.ed.ac.uk,1,370
57735547,0.00029,of_28063_1,wdewulf,r,08/19/2026,21:53:20,eddie@node1s16.ecdf.ed.ac.uk,1,371
57735547,0.00029,of_28063_1,wdewulf,r,08/19/2026,21:53:20,eddie@node1h23.ecdf.ed.ac.uk,1,372
57735547,0.00029,of_28063_1,wdewulf,r,08/19/2026,21:53:20,eddie@node1r20.ecdf.ed.ac.uk,1,373
57735547,0.00029,of_28063_1,wdewulf,r,08/19/2026,21:52:35,eddie@node1l27.ecdf.ed.ac.uk,1,364
57735547,0.00029,of_28063_1,wdewulf,r,08/19/2026,21:52:35,eddie@node1s14.ecdf.ed.ac.uk,1,365
57735547,0.00029,of_28063_1,wdewulf,r,08/19/2026,21:53:35,eddie@node1h10.ecdf.ed.ac.uk,1,374
57735547,0.00029,of_28063_1,wdewulf,r,08/19/2026,21:53:35,eddie@node1r05.ecdf.ed.ac.uk,1,375
57735547,0.00029,of_28063_1,wdewulf,r,08/19/2026,21:54:05,eddie@node1i13.ecdf.ed.ac.uk,1,376
57735547,0.00029,of_28063_1,wdewulf,r,08/19/2026,21:54:05,eddie@node1o14.ecdf.ed.ac.uk,1,377
57735547,0.00029,of_28063_1,wdewulf,r,08/19/2026,21:54:05,eddie@node1m14.ecdf.ed.ac.uk,1,378
57735547,0.00029,of_28063_1,wdewulf,r,08/19/2026,21:54:05,eddie@node1r08.ecdf.ed.ac.uk,1,379
57735547,0.00029,of_28063_1,wdewulf,r,08/19/2026,21:54:50,eddie@node1h04.ecdf.ed.ac.uk,1,383
57735547,0.00029,of_28063_1,wdewulf,r,08/19/2026,21:54:50,eddie@node1k08.ecdf.ed.ac.uk,1,384
57735547,0.00029,of_28063_1,wdewulf,r,08/19/2026,21:54:50,eddie@node1k09.ecdf.ed.ac.uk,1,385
57735547,0.00029,of_28063_1,wdewulf,r,08/19/2026,21:51:20,eddie@node1o14.ecdf.ed.ac.uk,1,357
57735547,0.00029,of_28063_1,wdewulf,r,08/19/2026,21:51:20,eddie@node1o13.ecdf.ed.ac.uk,1,358
57735547,0.00029,of_28063_1,wdewulf,r,08/19/2026,21:51:20,eddie@node1l08.ecdf.ed.ac.uk,1,359
57735547,0.00029,of_28063_1,wdewulf,r,08/19/2026,21:51:35,eddie@node1r07.ecdf.ed.ac.uk,1,360
57735547,0.00029,of_28063_1,wdewulf,r,08/19/2026,21:51:35,eddie@node1h04.ecdf.ed.ac.uk,1,361
57735547,0.00029,of_28063_1,wdewulf,r,08/19/2026,21:51:35,eddie@node1o13.ecdf.ed.ac.uk,1,362
57735547,0.00029,of_28063_1,wdewulf,r,08/19/2026,21:54:20,eddie@node1l27.ecdf.ed.ac.uk,1,380
57735547,0.00029,of_28063_1,wdewulf,r,08/19/2026,21:54:20,eddie@node1r06.ecdf.ed.ac.uk,1,381
57735547,0.00029,of_28063_1,wdewulf,r,08/19/2026,21:54:35,eddie@node1j09.ecdf.ed.ac.uk,1,382
57735547,0.00029,of_28063_1,wdewulf,r,08/19/2026,21:51:50,eddie@node1r06.ecdf.ed.ac.uk,1,363
57749248,0.00029,quantile,s2150450,r,08/19/2026,18:13:08,eddie@node1m14.ecdf.ed.ac.uk,5,75
57749248,0.00028,quantile,s2150450,r,08/19/2026,18:13:23,eddie@node1l24.ecdf.ed.ac.uk,5,76
57728307,0.00028,runlisfloo,asiripat,r,08/19/2026,17:43:58,eddie@node1m24.ecdf.ed.ac.uk,1,8182
57728307,0.00028,runlisfloo,asiripat,r,08/19/2026,17:43:58,eddie@node1m22.ecdf.ed.ac.uk,1,8183
57728307,0.00028,runlisfloo,asiripat,r,08/19/2026,17:43:58,eddie@node1m22.ecdf.ed.ac.uk,1,8184
57735547,0.00028,of_28063_1,wdewulf,r,08/19/2026,21:47:35,eddie@node1r08.ecdf.ed.ac.uk,1,330
57749248,0.00028,quantile,s2150450,r,08/19/2026,18:13:38,eddie@node1r14.ecdf.ed.ac.uk,5,77
57728307,0.00028,runlisfloo,asiripat,r,08/19/2026,17:41:14,eddie@node1m23.ecdf.ed.ac.uk,1,8181
57749248,0.00028,quantile,s2150450,r,08/19/2026,18:14:08,eddie@node1h09.ecdf.ed.ac.uk,5,78
57749248,0.00028,quantile,s2150450,r,08/19/2026,18:14:23,eddie@node1h15.ecdf.ed.ac.uk,5,79
57728307,0.00028,runlisfloo,asiripat,r,08/19/2026,17:37:50,eddie@node1m24.ecdf.ed.ac.uk,1,8180
57728307,0.00028,runlisfloo,asiripat,r,08/19/2026,17:36:58,eddie@node1m24.ecdf.ed.ac.uk,1,8179
57735547,0.00028,of_28063_1,wdewulf,r,08/19/2026,21:42:20,eddie@node1o14.ecdf.ed.ac.uk,1,284
57735547,0.00028,of_28063_1,wdewulf,r,08/19/2026,21:42:20,eddie@node1h10.ecdf.ed.ac.uk,1,285
57735547,0.00028,of_28063_1,wdewulf,r,08/19/2026,21:42:20,eddie@node1m16.ecdf.ed.ac.uk,1,286
57735547,0.00028,of_28063_1,wdewulf,r,08/19/2026,21:42:20,eddie@node1m16.ecdf.ed.ac.uk,1,287
57735547,0.00028,of_28063_1,wdewulf,r,08/19/2026,21:42:20,eddie@node1h24.ecdf.ed.ac.uk,1,288
57735547,0.00028,of_28063_1,wdewulf,r,08/19/2026,21:42:20,eddie@node1o08.ecdf.ed.ac.uk,1,289
57735547,0.00028,of_28063_1,wdewulf,r,08/19/2026,21:42:50,eddie@node1h08.ecdf.ed.ac.uk,1,294
57735547,0.00028,of_28063_1,wdewulf,r,08/19/2026,21:42:50,eddie@node1s13.ecdf.ed.ac.uk,1,295
57735547,0.00028,of_28063_1,wdewulf,r,08/19/2026,21:42:50,eddie@node1h11.ecdf.ed.ac.uk,1,296
57735547,0.00028,of_28063_1,wdewulf,r,08/19/2026,21:42:50,eddie@node1m15.ecdf.ed.ac.uk,1,297
57735547,0.00028,of_28063_1,wdewulf,r,08/19/2026,21:42:50,eddie@node1r20.ecdf.ed.ac.uk,1,298
57735547,0.00028,of_28063_1,wdewulf,r,08/19/2026,21:43:35,eddie@node1r08.ecdf.ed.ac.uk,1,301
57735547,0.00028,of_28063_1,wdewulf,r,08/19/2026,21:43:35,eddie@node1o13.ecdf.ed.ac.uk,1,302
57735547,0.00028,of_28063_1,wdewulf,r,08/19/2026,21:43:35,eddie@node1j26.ecdf.ed.ac.uk,1,303
57735547,0.00028,of_28063_1,wdewulf,r,08/19/2026,21:43:35,eddie@node1h14.ecdf.ed.ac.uk,1,304
57735547,0.00028,of_28063_1,wdewulf,r,08/19/2026,21:43:35,eddie@node1h14.ecdf.ed.ac.uk,1,305
57735547,0.00028,of_28063_1,wdewulf,r,08/19/2026,21:42:05,eddie@node1s19.ecdf.ed.ac.uk,1,280
57735547,0.00028,of_28063_1,wdewulf,r,08/19/2026,21:42:05,eddie@node1o10.ecdf.ed.ac.uk,1,281
57735547,0.00028,of_28063_1,wdewulf,r,08/19/2026,21:42:05,eddie@node1h21.ecdf.ed.ac.uk,1,282
57735547,0.00028,of_28063_1,wdewulf,r,08/19/2026,21:42:05,eddie@node1s20.ecdf.ed.ac.uk,1,283
57735547,0.00028,of_28063_1,wdewulf,r,08/19/2026,21:42:35,eddie@node1o06.ecdf.ed.ac.uk,1,290
57735547,0.00028,of_28063_1,wdewulf,r,08/19/2026,21:42:35,eddie@node1r07.ecdf.ed.ac.uk,1,291
57735547,0.00028,of_28063_1,wdewulf,r,08/19/2026,21:42:35,eddie@node1r18.ecdf.ed.ac.uk,1,292
57735547,0.00028,of_28063_1,wdewulf,r,08/19/2026,21:42:35,eddie@node1h13.ecdf.ed.ac.uk,1,293
57735547,0.00028,of_28063_1,wdewulf,r,08/19/2026,21:44:05,eddie@node1j28.ecdf.ed.ac.uk,1,308
57735547,0.00028,of_28063_1,wdewulf,r,08/19/2026,21:44:05,eddie@node1s19.ecdf.ed.ac.uk,1,309
57735547,0.00028,of_28063_1,wdewulf,r,08/19/2026,21:44:05,eddie@node1h24.ecdf.ed.ac.uk,1,310
57735547,0.00028,of_28063_1,wdewulf,r,08/19/2026,21:44:05,eddie@node1h14.ecdf.ed.ac.uk,1,311
57735547,0.00028,of_28063_1,wdewulf,r,08/19/2026,21:45:20,eddie@node1j28.ecdf.ed.ac.uk,1,318
57735547,0.00028,of_28063_1,wdewulf,r,08/19/2026,21:45:20,eddie@node1s20.ecdf.ed.ac.uk,1,319
57735547,0.00028,of_28063_1,wdewulf,r,08/19/2026,21:45:20,eddie@node1j23.ecdf.ed.ac.uk,1,320
57735547,0.00028,of_28063_1,wdewulf,r,08/19/2026,21:45:05,eddie@node1r07.ecdf.ed.ac.uk,1,315
57735547,0.00028,of_28063_1,wdewulf,r,08/19/2026,21:45:05,eddie@node1s16.ecdf.ed.ac.uk,1,316
57735547,0.00028,of_28063_1,wdewulf,r,08/19/2026,21:45:05,eddie@node1h15.ecdf.ed.ac.uk,1,317
57735547,0.00028,of_28063_1,wdewulf,r,08/19/2026,21:48:20,eddie@node1s20.ecdf.ed.ac.uk,1,334
57735547,0.00028,of_28063_1,wdewulf,r,08/19/2026,21:48:20,eddie@node1h24.ecdf.ed.ac.uk,1,335
57735547,0.00028,of_28063_1,wdewulf,r,08/19/2026,21:48:20,eddie@node1j26.ecdf.ed.ac.uk,1,336
57735547,0.00028,of_28063_1,wdewulf,r,08/19/2026,21:47:50,eddie@node1h08.ecdf.ed.ac.uk,1,331
57735547,0.00028,of_28063_1,wdewulf,r,08/19/2026,21:47:50,eddie@node1h05.ecdf.ed.ac.uk,1,332
57735547,0.00028,of_28063_1,wdewulf,r,08/19/2026,21:47:50,eddie@node1r20.ecdf.ed.ac.uk,1,333
57735547,0.00028,of_28063_1,wdewulf,r,08/19/2026,21:49:05,eddie@node1s16.ecdf.ed.ac.uk,1,338
57735547,0.00028,of_28063_1,wdewulf,r,08/19/2026,21:49:05,eddie@node1s15.ecdf.ed.ac.uk,1,339
57735547,0.00028,of_28063_1,wdewulf,r,08/19/2026,21:49:05,eddie@node1j23.ecdf.ed.ac.uk,1,340
57735547,0.00028,of_28063_1,wdewulf,r,08/19/2026,21:49:50,eddie@node1o08.ecdf.ed.ac.uk,1,345
57735547,0.00028,of_28063_1,wdewulf,r,08/19/2026,21:49:50,eddie@node1m15.ecdf.ed.ac.uk,1,346
57735547,0.00028,of_28063_1,wdewulf,r,08/19/2026,21:49:50,eddie@node1s15.ecdf.ed.ac.uk,1,347
57735547,0.00028,of_28063_1,wdewulf,r,08/19/2026,21:46:50,eddie@node1r07.ecdf.ed.ac.uk,1,327
57735547,0.00028,of_28063_1,wdewulf,r,08/19/2026,21:46:50,eddie@node1o13.ecdf.ed.ac.uk,1,328
57735547,0.00028,of_28063_1,wdewulf,r,08/19/2026,21:46:50,eddie@node1j09.ecdf.ed.ac.uk,1,329
57735547,0.00028,of_28063_1,wdewulf,r,08/19/2026,21:49:20,eddie@node1m14.ecdf.ed.ac.uk,1,341
57735547,0.00028,of_28063_1,wdewulf,r,08/19/2026,21:49:20,eddie@node1h23.ecdf.ed.ac.uk,1,342
57735547,0.00028,of_28063_1,wdewulf,r,08/19/2026,21:49:20,eddie@node1h11.ecdf.ed.ac.uk,1,343
57735547,0.00028,of_28063_1,wdewulf,r,08/19/2026,21:50:35,eddie@node1r05.ecdf.ed.ac.uk,1,352
57735547,0.00028,of_28063_1,wdewulf,r,08/19/2026,21:50:35,eddie@node1o14.ecdf.ed.ac.uk,1,353
57735547,0.00028,of_28063_1,wdewulf,r,08/19/2026,21:50:35,eddie@node1o14.ecdf.ed.ac.uk,1,354
57735547,0.00028,of_28063_1,wdewulf,r,08/19/2026,21:43:50,eddie@node1h16.ecdf.ed.ac.uk,1,306
57735547,0.00028,of_28063_1,wdewulf,r,08/19/2026,21:43:50,eddie@node1o13.ecdf.ed.ac.uk,1,307
57735547,0.00028,of_28063_1,wdewulf,r,08/19/2026,21:44:35,eddie@node1m14.ecdf.ed.ac.uk,1,313
57735547,0.00028,of_28063_1,wdewulf,r,08/19/2026,21:44:35,eddie@node1r20.ecdf.ed.ac.uk,1,314
57735547,0.00028,of_28063_1,wdewulf,r,08/19/2026,21:43:05,eddie@node1h07.ecdf.ed.ac.uk,1,299
57735547,0.00028,of_28063_1,wdewulf,r,08/19/2026,21:43:05,eddie@node1j26.ecdf.ed.ac.uk,1,300
57735547,0.00028,of_28063_1,wdewulf,r,08/19/2026,21:45:50,eddie@node1j28.ecdf.ed.ac.uk,1,322
57735547,0.00028,of_28063_1,wdewulf,r,08/19/2026,21:45:50,eddie@node1r08.ecdf.ed.ac.uk,1,323
57735547,0.00028,of_28063_1,wdewulf,r,08/19/2026,21:46:05,eddie@node1h11.ecdf.ed.ac.uk,1,324
57735547,0.00028,of_28063_1,wdewulf,r,08/19/2026,21:46:05,eddie@node1j23.ecdf.ed.ac.uk,1,325
57735547,0.00028,of_28063_1,wdewulf,r,08/19/2026,21:50:05,eddie@node1h23.ecdf.ed.ac.uk,1,348
57735547,0.00028,of_28063_1,wdewulf,r,08/19/2026,21:50:05,eddie@node1l08.ecdf.ed.ac.uk,1,349
57735547,0.00028,of_28063_1,wdewulf,r,08/19/2026,21:50:20,eddie@node1h05.ecdf.ed.ac.uk,1,350
57735547,0.00028,of_28063_1,wdewulf,r,08/19/2026,21:50:20,eddie@node1h06.ecdf.ed.ac.uk,1,351
57735547,0.00028,of_28063_1,wdewulf,r,08/19/2026,21:45:35,eddie@node1m14.ecdf.ed.ac.uk,1,321
57735547,0.00028,of_28063_1,wdewulf,r,08/19/2026,21:44:20,eddie@node1o14.ecdf.ed.ac.uk,1,312
57735547,0.00028,of_28063_1,wdewulf,r,08/19/2026,21:48:35,eddie@node1s15.ecdf.ed.ac.uk,1,337
57735547,0.00028,of_28063_1,wdewulf,r,08/19/2026,21:50:50,eddie@node1s13.ecdf.ed.ac.uk,1,355
57735547,0.00028,of_28063_1,wdewulf,r,08/19/2026,21:51:05,eddie@node1o10.ecdf.ed.ac.uk,1,356
57735547,0.00028,of_28063_1,wdewulf,r,08/19/2026,21:46:20,eddie@node1h23.ecdf.ed.ac.uk,1,326
57735547,0.00028,of_28063_1,wdewulf,r,08/19/2026,21:49:35,eddie@node1h05.ecdf.ed.ac.uk,1,344
57735547,0.00028,of_28063_1,wdewulf,r,08/19/2026,21:40:50,eddie@node1h21.ecdf.ed.ac.uk,1,272
57735547,0.00028,of_28063_1,wdewulf,r,08/19/2026,21:40:50,eddie@node1s18.ecdf.ed.ac.uk,1,273
57735547,0.00028,of_28063_1,wdewulf,r,08/19/2026,21:40:50,eddie@node1h21.ecdf.ed.ac.uk,1,274
57735547,0.00028,of_28063_1,wdewulf,r,08/19/2026,21:41:20,eddie@node1o09.ecdf.ed.ac.uk,1,276
57735547,0.00028,of_28063_1,wdewulf,r,08/19/2026,21:41:20,eddie@node1h21.ecdf.ed.ac.uk,1,277
57735547,0.00028,of_28063_1,wdewulf,r,08/19/2026,21:41:50,eddie@node1h10.ecdf.ed.ac.uk,1,278
57735547,0.00028,of_28063_1,wdewulf,r,08/19/2026,21:41:50,eddie@node1h21.ecdf.ed.ac.uk,1,279
57735547,0.00028,of_28063_1,wdewulf,r,08/19/2026,21:41:05,eddie@node1o10.ecdf.ed.ac.uk,1,275
57735547,0.00028,of_28063_1,wdewulf,r,08/19/2026,22:03:50,eddie@node1o10.ecdf.ed.ac.uk,1,430
57735547,0.00028,of_28063_1,wdewulf,r,08/19/2026,22:03:50,eddie@node1j26.ecdf.ed.ac.uk,1,431
57735547,0.00028,of_28063_1,wdewulf,r,08/19/2026,22:06:20,eddie@node1h16.ecdf.ed.ac.uk,1,437
57735547,0.00028,of_28063_1,wdewulf,r,08/19/2026,22:06:20,eddie@node1o13.ecdf.ed.ac.uk,1,438
57735547,0.00028,of_28063_1,wdewulf,r,08/19/2026,22:06:50,eddie@node1l23.ecdf.ed.ac.uk,1,440
57735547,0.00028,of_28063_1,wdewulf,r,08/19/2026,22:06:50,eddie@node1o13.ecdf.ed.ac.uk,1,441
57735547,0.00028,of_28063_1,wdewulf,r,08/19/2026,22:06:35,eddie@node1l23.ecdf.ed.ac.uk,1,439
57735547,0.00028,of_28063_1,wdewulf,r,08/19/2026,22:07:01,eddie@node1h05.ecdf.ed.ac.uk,1,442
57735547,0.00028,of_28063_1,wdewulf,r,08/19/2026,21:40:05,eddie@node1o05.ecdf.ed.ac.uk,1,265
57735547,0.00028,of_28063_1,wdewulf,r,08/19/2026,21:40:05,eddie@node1h10.ecdf.ed.ac.uk,1,266
57735547,0.00028,of_28063_1,wdewulf,r,08/19/2026,21:40:05,eddie@node1r12.ecdf.ed.ac.uk,1,267
57735547,0.00028,of_28063_1,wdewulf,r,08/19/2026,21:40:05,eddie@node1h07.ecdf.ed.ac.uk,1,268
57735547,0.00028,of_28063_1,wdewulf,r,08/19/2026,21:39:35,eddie@node1r06.ecdf.ed.ac.uk,1,260
57735547,0.00028,of_28063_1,wdewulf,r,08/19/2026,21:39:35,eddie@node1h24.ecdf.ed.ac.uk,1,261
57735547,0.00028,of_28063_1,wdewulf,r,08/19/2026,21:39:35,eddie@node1h14.ecdf.ed.ac.uk,1,262
57735547,0.00028,of_28063_1,wdewulf,r,08/19/2026,21:39:50,eddie@node1s13.ecdf.ed.ac.uk,1,263
57735547,0.00028,of_28063_1,wdewulf,r,08/19/2026,21:39:50,eddie@node1r08.ecdf.ed.ac.uk,1,264
57735547,0.00028,of_28063_1,wdewulf,r,08/19/2026,21:40:35,eddie@node1h21.ecdf.ed.ac.uk,1,270
57735547,0.00028,of_28063_1,wdewulf,r,08/19/2026,21:40:35,eddie@node1h21.ecdf.ed.ac.uk,1,271
57735547,0.00028,of_28063_1,wdewulf,r,08/19/2026,21:40:20,eddie@node1h21.ecdf.ed.ac.uk,1,269
57735547,0.00028,of_28063_1,wdewulf,r,08/19/2026,21:39:20,eddie@node1o12.ecdf.ed.ac.uk,1,259
57749248,0.00028,quantile,s2150450,r,08/19/2026,18:14:38,eddie@node1r14.ecdf.ed.ac.uk,5,80
57735547,0.00028,of_28063_1,wdewulf,r,08/19/2026,21:38:50,eddie@node1h15.ecdf.ed.ac.uk,1,248
57735547,0.00028,of_28063_1,wdewulf,r,08/19/2026,21:38:50,eddie@node1h24.ecdf.ed.ac.uk,1,249
57735547,0.00028,of_28063_1,wdewulf,r,08/19/2026,21:38:50,eddie@node1s20.ecdf.ed.ac.uk,1,250
57735547,0.00028,of_28063_1,wdewulf,r,08/19/2026,21:38:50,eddie@node1o08.ecdf.ed.ac.uk,1,251
57735547,0.00028,of_28063_1,wdewulf,r,08/19/2026,21:38:50,eddie@node1m15.ecdf.ed.ac.uk,1,252
57735547,0.00028,of_28063_1,wdewulf,r,08/19/2026,21:38:50,eddie@node1r09.ecdf.ed.ac.uk,1,253
57735547,0.00028,of_28063_1,wdewulf,r,08/19/2026,21:38:35,eddie@node1r08.ecdf.ed.ac.uk,1,245
57735547,0.00028,of_28063_1,wdewulf,r,08/19/2026,21:38:35,eddie@node1o13.ecdf.ed.ac.uk,1,246
57735547,0.00028,of_28063_1,wdewulf,r,08/19/2026,21:38:35,eddie@node1l09.ecdf.ed.ac.uk,1,247
57735547,0.00028,of_28063_1,wdewulf,r,08/19/2026,21:38:05,eddie@node1o08.ecdf.ed.ac.uk,1,238
57735547,0.00028,of_28063_1,wdewulf,r,08/19/2026,21:38:05,eddie@node1o13.ecdf.ed.ac.uk,1,239
57735547,0.00028,of_28063_1,wdewulf,r,08/19/2026,21:38:05,eddie@node1h06.ecdf.ed.ac.uk,1,240
57735547,0.00028,of_28063_1,wdewulf,r,08/19/2026,21:38:05,eddie@node1j10.ecdf.ed.ac.uk,1,241
57735547,0.00028,of_28063_1,wdewulf,r,08/19/2026,21:38:20,eddie@node1h05.ecdf.ed.ac.uk,1,242
57735547,0.00028,of_28063_1,wdewulf,r,08/19/2026,21:38:20,eddie@node1o10.ecdf.ed.ac.uk,1,243
57735547,0.00028,of_28063_1,wdewulf,r,08/19/2026,21:38:20,eddie@node1s20.ecdf.ed.ac.uk,1,244
57735547,0.00028,of_28063_1,wdewulf,r,08/19/2026,21:37:50,eddie@node1s20.ecdf.ed.ac.uk,1,236
57735547,0.00028,of_28063_1,wdewulf,r,08/19/2026,21:37:50,eddie@node1h16.ecdf.ed.ac.uk,1,237
57735547,0.00028,of_28063_1,wdewulf,r,08/19/2026,21:37:36,eddie@node1o08.ecdf.ed.ac.uk,1,231
57735547,0.00028,of_28063_1,wdewulf,r,08/19/2026,21:37:36,eddie@node1h11.ecdf.ed.ac.uk,1,232
57735547,0.00028,of_28063_1,wdewulf,r,08/19/2026,21:37:36,eddie@node1l09.ecdf.ed.ac.uk,1,233
57735547,0.00028,of_28063_1,wdewulf,r,08/19/2026,21:37:36,eddie@node1l05.ecdf.ed.ac.uk,1,234
57735547,0.00028,of_28063_1,wdewulf,r,08/19/2026,21:37:36,eddie@node1l03.ecdf.ed.ac.uk,1,235
57735547,0.00028,of_28063_1,wdewulf,r,08/19/2026,21:39:05,eddie@node1h16.ecdf.ed.ac.uk,1,254
57735547,0.00028,of_28063_1,wdewulf,r,08/19/2026,21:39:05,eddie@node1h13.ecdf.ed.ac.uk,1,255
57735547,0.00028,of_28063_1,wdewulf,r,08/19/2026,21:39:05,eddie@node1r20.ecdf.ed.ac.uk,1,256
57735547,0.00028,of_28063_1,wdewulf,r,08/19/2026,21:39:05,eddie@node1j09.ecdf.ed.ac.uk,1,257
57735547,0.00028,of_28063_1,wdewulf,r,08/19/2026,21:39:05,eddie@node1m04.ecdf.ed.ac.uk,1,258
57749248,0.00028,quantile,s2150450,r,08/19/2026,18:14:53,eddie@node1k07.ecdf.ed.ac.uk,5,81
57749248,0.00028,quantile,s2150450,r,08/19/2026,18:15:53,eddie@node1l25.ecdf.ed.ac.uk,5,82
57749248,0.00028,quantile,s2150450,r,08/19/2026,18:15:53,eddie@node1m12.ecdf.ed.ac.uk,5,83
57735547,0.00028,of_28063_1,wdewulf,r,08/19/2026,21:37:20,eddie@node1h07.ecdf.ed.ac.uk,1,227
57735547,0.00028,of_28063_1,wdewulf,r,08/19/2026,21:37:20,eddie@node1h16.ecdf.ed.ac.uk,1,228
57735547,0.00028,of_28063_1,wdewulf,r,08/19/2026,21:37:20,eddie@node1h12.ecdf.ed.ac.uk,1,229
57735547,0.00028,of_28063_1,wdewulf,r,08/19/2026,21:37:20,eddie@node1h11.ecdf.ed.ac.uk,1,230
57735547,0.00028,of_28063_1,wdewulf,r,08/19/2026,21:35:35,eddie@node1s20.ecdf.ed.ac.uk,1,217
57735547,0.00028,of_28063_1,wdewulf,r,08/19/2026,21:35:35,eddie@node1l08.ecdf.ed.ac.uk,1,218
57735547,0.00028,of_28063_1,wdewulf,r,08/19/2026,21:35:35,eddie@node1j19.ecdf.ed.ac.uk,1,219
57735547,0.00028,of_28063_1,wdewulf,r,08/19/2026,21:37:05,eddie@node1o08.ecdf.ed.ac.uk,1,225
57735547,0.00028,of_28063_1,wdewulf,r,08/19/2026,21:37:05,eddie@node1j01.ecdf.ed.ac.uk,1,226
57735547,0.00028,of_28063_1,wdewulf,r,08/19/2026,21:36:20,eddie@node1s18.ecdf.ed.ac.uk,1,221
57735547,0.00028,of_28063_1,wdewulf,r,08/19/2026,21:36:20,eddie@node1m15.ecdf.ed.ac.uk,1,222
57735547,0.00028,of_28063_1,wdewulf,r,08/19/2026,21:36:35,eddie@node1r05.ecdf.ed.ac.uk,1,223
57735547,0.00028,of_28063_1,wdewulf,r,08/19/2026,21:36:50,eddie@node1h15.ecdf.ed.ac.uk,1,224
57735547,0.00028,of_28063_1,wdewulf,r,08/19/2026,21:35:50,eddie@node1m15.ecdf.ed.ac.uk,1,220
57735547,0.00028,of_28063_1,wdewulf,r,08/19/2026,21:35:05,eddie@node1r05.ecdf.ed.ac.uk,1,212
57735547,0.00028,of_28063_1,wdewulf,r,08/19/2026,21:35:05,eddie@node1j09.ecdf.ed.ac.uk,1,213
57735547,0.00028,of_28063_1,wdewulf,r,08/19/2026,21:35:05,eddie@node1m04.ecdf.ed.ac.uk,1,214
57735547,0.00028,of_28063_1,wdewulf,r,08/19/2026,21:34:50,eddie@node1f06.ecdf.ed.ac.uk,1,210
57735547,0.00028,of_28063_1,wdewulf,r,08/19/2026,21:34:50,eddie@node1h24.ecdf.ed.ac.uk,1,211
57735547,0.00028,of_28063_1,wdewulf,r,08/19/2026,21:35:20,eddie@node1h05.ecdf.ed.ac.uk,1,215
57735547,0.00028,of_28063_1,wdewulf,r,08/19/2026,21:35:20,eddie@node1j09.ecdf.ed.ac.uk,1,216
57735547,0.00027,of_28063_1,wdewulf,r,08/19/2026,21:33:20,eddie@node1m15.ecdf.ed.ac.uk,1,199
57735547,0.00027,of_28063_1,wdewulf,r,08/19/2026,21:33:20,eddie@node1h14.ecdf.ed.ac.uk,1,200
57735547,0.00027,of_28063_1,wdewulf,r,08/19/2026,21:33:20,eddie@node1j26.ecdf.ed.ac.uk,1,201
57735547,0.00027,of_28063_1,wdewulf,r,08/19/2026,21:34:05,eddie@node1r05.ecdf.ed.ac.uk,1,206
57735547,0.00027,of_28063_1,wdewulf,r,08/19/2026,21:34:05,eddie@node1h16.ecdf.ed.ac.uk,1,207
57735547,0.00027,of_28063_1,wdewulf,r,08/19/2026,21:34:05,eddie@node1s13.ecdf.ed.ac.uk,1,208
57735547,0.00027,of_28063_1,wdewulf,r,08/19/2026,21:33:35,eddie@node1r05.ecdf.ed.ac.uk,1,202
57735547,0.00027,of_28063_1,wdewulf,r,08/19/2026,21:33:35,eddie@node1j10.ecdf.ed.ac.uk,1,203
57735547,0.00027,of_28063_1,wdewulf,r,08/19/2026,21:33:50,eddie@node1r18.ecdf.ed.ac.uk,1,204
57735547,0.00027,of_28063_1,wdewulf,r,08/19/2026,21:33:50,eddie@node1h05.ecdf.ed.ac.uk,1,205
57735547,0.00027,of_28063_1,wdewulf,r,08/19/2026,21:33:06,eddie@node1h24.ecdf.ed.ac.uk,1,198
57735547,0.00027,of_28063_1,wdewulf,r,08/19/2026,21:34:20,eddie@node1h09.ecdf.ed.ac.uk,1,209
57735547,0.00027,of_28063_1,wdewulf,r,08/19/2026,21:32:49,eddie@node1h15.ecdf.ed.ac.uk,1,191
57735547,0.00027,of_28063_1,wdewulf,r,08/19/2026,21:32:49,eddie@node1j27.ecdf.ed.ac.uk,1,192
57735547,0.00027,of_28063_1,wdewulf,r,08/19/2026,21:32:49,eddie@node1m15.ecdf.ed.ac.uk,1,193
57735547,0.00027,of_28063_1,wdewulf,r,08/19/2026,21:32:49,eddie@node1r20.ecdf.ed.ac.uk,1,194
57735547,0.00027,of_28063_1,wdewulf,r,08/19/2026,21:32:19,eddie@node1h08.ecdf.ed.ac.uk,1,186
57735547,0.00027,of_28063_1,wdewulf,r,08/19/2026,21:32:19,eddie@node1h08.ecdf.ed.ac.uk,1,187
57735547,0.00027,of_28063_1,wdewulf,r,08/19/2026,21:32:19,eddie@node1h23.ecdf.ed.ac.uk,1,188
57735547,0.00027,of_28063_1,wdewulf,r,08/19/2026,21:33:04,eddie@node1l28.ecdf.ed.ac.uk,1,195
57735547,0.00027,of_28063_1,wdewulf,r,08/19/2026,21:33:04,eddie@node1o13.ecdf.ed.ac.uk,1,196
57735547,0.00027,of_28063_1,wdewulf,r,08/19/2026,21:33:04,eddie@node1j26.ecdf.ed.ac.uk,1,197
57735547,0.00027,of_28063_1,wdewulf,r,08/19/2026,21:32:34,eddie@node1o12.ecdf.ed.ac.uk,1,189
57735547,0.00027,of_28063_1,wdewulf,r,08/19/2026,21:32:34,eddie@node1m14.ecdf.ed.ac.uk,1,190
57749248,0.00027,quantile,s2150450,r,08/19/2026,18:16:08,eddie@node1h21.ecdf.ed.ac.uk,5,84
57735547,0.00027,of_28063_1,wdewulf,r,08/19/2026,21:31:49,eddie@node1r16.ecdf.ed.ac.uk,1,182
57735547,0.00027,of_28063_1,wdewulf,r,08/19/2026,21:31:49,eddie@node1r07.ecdf.ed.ac.uk,1,183
57735547,0.00027,of_28063_1,wdewulf,r,08/19/2026,21:31:34,eddie@node1o09.ecdf.ed.ac.uk,1,178
57735547,0.00027,of_28063_1,wdewulf,r,08/19/2026,21:31:34,eddie@node1j28.ecdf.ed.ac.uk,1,179
57735547,0.00027,of_28063_1,wdewulf,r,08/19/2026,21:31:34,eddie@node1j28.ecdf.ed.ac.uk,1,180
57735547,0.00027,of_28063_1,wdewulf,r,08/19/2026,21:31:34,eddie@node1k09.ecdf.ed.ac.uk,1,181
57735547,0.00027,of_28063_1,wdewulf,r,08/19/2026,21:32:04,eddie@node1r07.ecdf.ed.ac.uk,1,184
57735547,0.00027,of_28063_1,wdewulf,r,08/19/2026,21:32:04,eddie@node1h21.ecdf.ed.ac.uk,1,185
57735547,0.00027,of_28063_1,wdewulf,r,08/19/2026,21:30:49,eddie@node1h09.ecdf.ed.ac.uk,1,168
57735547,0.00027,of_28063_1,wdewulf,r,08/19/2026,21:30:49,eddie@node1r08.ecdf.ed.ac.uk,1,169
57735547,0.00027,of_28063_1,wdewulf,r,08/19/2026,21:30:49,eddie@node1r08.ecdf.ed.ac.uk,1,170
57735547,0.00027,of_28063_1,wdewulf,r,08/19/2026,21:30:49,eddie@node1k08.ecdf.ed.ac.uk,1,171
57735547,0.00027,of_28063_1,wdewulf,r,08/19/2026,21:30:34,eddie@node1m16.ecdf.ed.ac.uk,1,161
57735547,0.00027,of_28063_1,wdewulf,r,08/19/2026,21:30:34,eddie@node1h11.ecdf.ed.ac.uk,1,162
57735547,0.00027,of_28063_1,wdewulf,r,08/19/2026,21:30:34,eddie@node1h06.ecdf.ed.ac.uk,1,163
57735547,0.00027,of_28063_1,wdewulf,r,08/19/2026,21:30:34,eddie@node1m04.ecdf.ed.ac.uk,1,164
57735547,0.00027,of_28063_1,wdewulf,r,08/19/2026,21:30:34,eddie@node1j19.ecdf.ed.ac.uk,1,165
57735547,0.00027,of_28063_1,wdewulf,r,08/19/2026,21:30:34,eddie@node1m05.ecdf.ed.ac.uk,1,166
57735547,0.00027,of_28063_1,wdewulf,r,08/19/2026,21:30:34,eddie@node1l05.ecdf.ed.ac.uk,1,167
57749248,0.00027,quantile,s2150450,r,08/19/2026,18:16:23,eddie@node1h22.ecdf.ed.ac.uk,5,85
57735547,0.00027,of_28063_1,wdewulf,r,08/19/2026,21:30:19,eddie@node1s13.ecdf.ed.ac.uk,1,157
57735547,0.00027,of_28063_1,wdewulf,r,08/19/2026,21:30:19,eddie@node1j10.ecdf.ed.ac.uk,1,158
57735547,0.00027,of_28063_1,wdewulf,r,08/19/2026,21:30:19,eddie@node1j18.ecdf.ed.ac.uk,1,159
57735547,0.00027,of_28063_1,wdewulf,r,08/19/2026,21:30:19,eddie@node1j11.ecdf.ed.ac.uk,1,160
57735547,0.00027,of_28063_1,wdewulf,r,08/19/2026,21:31:19,eddie@node1s13.ecdf.ed.ac.uk,1,174
57735547,0.00027,of_28063_1,wdewulf,r,08/19/2026,21:31:19,eddie@node1j10.ecdf.ed.ac.uk,1,175
57735547,0.00027,of_28063_1,wdewulf,r,08/19/2026,21:31:19,eddie@node1l19.ecdf.ed.ac.uk,1,176
57735547,0.00027,of_28063_1,wdewulf,r,08/19/2026,21:31:19,eddie@node1l09.ecdf.ed.ac.uk,1,177
57735547,0.00027,of_28063_1,wdewulf,r,08/19/2026,21:31:04,eddie@node1r12.ecdf.ed.ac.uk,1,172
57735547,0.00027,of_28063_1,wdewulf,r,08/19/2026,21:31:04,eddie@node1m16.ecdf.ed.ac.uk,1,173
57749248,0.00027,quantile,s2150450,r,08/19/2026,18:16:53,eddie@node1o08.ecdf.ed.ac.uk,5,86
57749248,0.00027,quantile,s2150450,r,08/19/2026,18:17:38,eddie@node1l22.ecdf.ed.ac.uk,5,88
57749248,0.00027,quantile,s2150450,r,08/19/2026,18:17:08,eddie@node1l22.ecdf.ed.ac.uk,5,87
57749248,0.00027,quantile,s2150450,r,08/19/2026,18:18:38,eddie@node1l22.ecdf.ed.ac.uk,5,89
57735547,0.00027,of_28063_1,wdewulf,r,08/19/2026,21:30:04,eddie@node1h08.ecdf.ed.ac.uk,1,150
57735547,0.00027,of_28063_1,wdewulf,r,08/19/2026,21:30:04,eddie@node1h21.ecdf.ed.ac.uk,1,151
57735547,0.00027,of_28063_1,wdewulf,r,08/19/2026,21:30:04,eddie@node1s20.ecdf.ed.ac.uk,1,152
57735547,0.00027,of_28063_1,wdewulf,r,08/19/2026,21:30:04,eddie@node1h24.ecdf.ed.ac.uk,1,153
57735547,0.00027,of_28063_1,wdewulf,r,08/19/2026,21:30:04,eddie@node1j10.ecdf.ed.ac.uk,1,154
57735547,0.00027,of_28063_1,wdewulf,r,08/19/2026,21:30:04,eddie@node1m02.ecdf.ed.ac.uk,1,155
57735547,0.00027,of_28063_1,wdewulf,r,08/19/2026,21:30:04,eddie@node1j01.ecdf.ed.ac.uk,1,156
57735547,0.00027,of_28063_1,wdewulf,r,08/19/2026,21:28:49,eddie@node1h10.ecdf.ed.ac.uk,1,129
57735547,0.00027,of_28063_1,wdewulf,r,08/19/2026,21:28:49,eddie@node1s13.ecdf.ed.ac.uk,1,130
57735547,0.00027,of_28063_1,wdewulf,r,08/19/2026,21:28:49,eddie@node1r06.ecdf.ed.ac.uk,1,131
57735547,0.00027,of_28063_1,wdewulf,r,08/19/2026,21:28:49,eddie@node1h23.ecdf.ed.ac.uk,1,132
57735547,0.00027,of_28063_1,wdewulf,r,08/19/2026,21:28:49,eddie@node1j27.ecdf.ed.ac.uk,1,133
57735547,0.00027,of_28063_1,wdewulf,r,08/19/2026,21:28:49,eddie@node1j01.ecdf.ed.ac.uk,1,134
57735547,0.00027,of_28063_1,wdewulf,r,08/19/2026,21:28:49,eddie@node1l05.ecdf.ed.ac.uk,1,135
57735547,0.00027,of_28063_1,wdewulf,r,08/19/2026,21:27:49,eddie@node1o11.ecdf.ed.ac.uk,1,117
57735547,0.00027,of_28063_1,wdewulf,r,08/19/2026,21:27:49,eddie@node1h24.ecdf.ed.ac.uk,1,118
57735547,0.00027,of_28063_1,wdewulf,r,08/19/2026,21:27:49,eddie@node1h06.ecdf.ed.ac.uk,1,119
57735547,0.00027,of_28063_1,wdewulf,r,08/19/2026,21:27:49,eddie@node1h14.ecdf.ed.ac.uk,1,120
57735547,0.00027,of_28063_1,wdewulf,r,08/19/2026,21:27:49,eddie@node1h06.ecdf.ed.ac.uk,1,121
57735547,0.00027,of_28063_1,wdewulf,r,08/19/2026,21:28:04,eddie@node1s14.ecdf.ed.ac.uk,1,122
57735547,0.00027,of_28063_1,wdewulf,r,08/19/2026,21:28:04,eddie@node1m16.ecdf.ed.ac.uk,1,123
57735547,0.00027,of_28063_1,wdewulf,r,08/19/2026,21:28:04,eddie@node1r08.ecdf.ed.ac.uk,1,124
57735547,0.00027,of_28063_1,wdewulf,r,08/19/2026,21:28:04,eddie@node1r08.ecdf.ed.ac.uk,1,125
57735547,0.00027,of_28063_1,wdewulf,r,08/19/2026,21:29:04,eddie@node1h10.ecdf.ed.ac.uk,1,136
57735547,0.00027,of_28063_1,wdewulf,r,08/19/2026,21:29:04,eddie@node1o14.ecdf.ed.ac.uk,1,137
57735547,0.00027,of_28063_1,wdewulf,r,08/19/2026,21:29:04,eddie@node1o13.ecdf.ed.ac.uk,1,138
57735547,0.00027,of_28063_1,wdewulf,r,08/19/2026,21:29:04,eddie@node1m05.ecdf.ed.ac.uk,1,139
57735547,0.00027,of_28063_1,wdewulf,r,08/19/2026,21:29:34,eddie@node1r05.ecdf.ed.ac.uk,1,142
57735547,0.00027,of_28063_1,wdewulf,r,08/19/2026,21:29:34,eddie@node1m16.ecdf.ed.ac.uk,1,143
57735547,0.00027,of_28063_1,wdewulf,r,08/19/2026,21:29:34,eddie@node1h23.ecdf.ed.ac.uk,1,144
57735547,0.00027,of_28063_1,wdewulf,r,08/19/2026,21:29:34,eddie@node1h09.ecdf.ed.ac.uk,1,145
57735547,0.00027,of_28063_1,wdewulf,r,08/19/2026,21:29:49,eddie@node1o07.ecdf.ed.ac.uk,1,146
57735547,0.00027,of_28063_1,wdewulf,r,08/19/2026,21:29:49,eddie@node1h05.ecdf.ed.ac.uk,1,147
57735547,0.00027,of_28063_1,wdewulf,r,08/19/2026,21:29:49,eddie@node1h11.ecdf.ed.ac.uk,1,148
57735547,0.00027,of_28063_1,wdewulf,r,08/19/2026,21:29:49,eddie@node1r09.ecdf.ed.ac.uk,1,149
57735547,0.00027,of_28063_1,wdewulf,r,08/19/2026,21:27:34,eddie@node1o12.ecdf.ed.ac.uk,1,114
57735547,0.00027,of_28063_1,wdewulf,r,08/19/2026,21:27:34,eddie@node1r08.ecdf.ed.ac.uk,1,115
57735547,0.00027,of_28063_1,wdewulf,r,08/19/2026,21:27:34,eddie@node1h16.ecdf.ed.ac.uk,1,116
57735547,0.00027,of_28063_1,wdewulf,r,08/19/2026,21:27:19,eddie@node1r06.ecdf.ed.ac.uk,1,112
57735547,0.00027,of_28063_1,wdewulf,r,08/19/2026,21:27:19,eddie@node1h12.ecdf.ed.ac.uk,1,113
57735547,0.00027,of_28063_1,wdewulf,r,08/19/2026,21:28:19,eddie@node1h09.ecdf.ed.ac.uk,1,126
57735547,0.00027,of_28063_1,wdewulf,r,08/19/2026,21:28:19,eddie@node1r08.ecdf.ed.ac.uk,1,127
57735547,0.00027,of_28063_1,wdewulf,r,08/19/2026,21:29:19,eddie@node1f07.ecdf.ed.ac.uk,1,140
57735547,0.00027,of_28063_1,wdewulf,r,08/19/2026,21:29:19,eddie@node1m04.ecdf.ed.ac.uk,1,141
57735547,0.00027,of_28063_1,wdewulf,r,08/19/2026,21:27:04,eddie@node1h11.ecdf.ed.ac.uk,1,111
57735547,0.00027,of_28063_1,wdewulf,r,08/19/2026,21:28:34,eddie@node1m05.ecdf.ed.ac.uk,1,128
57749248,0.00027,quantile,s2150450,r,08/19/2026,18:18:54,eddie@node1r16.ecdf.ed.ac.uk,5,90
57735547,0.00027,of_28063_1,wdewulf,r,08/19/2026,21:25:19,eddie@node1r18.ecdf.ed.ac.uk,1,91
57735547,0.00027,of_28063_1,wdewulf,r,08/19/2026,21:25:19,eddie@node1o11.ecdf.ed.ac.uk,1,92
57735547,0.00027,of_28063_1,wdewulf,r,08/19/2026,21:25:19,eddie@node1o10.ecdf.ed.ac.uk,1,93
57735547,0.00027,of_28063_1,wdewulf,r,08/19/2026,21:25:19,eddie@node1r08.ecdf.ed.ac.uk,1,94
57735547,0.00027,of_28063_1,wdewulf,r,08/19/2026,21:24:49,eddie@node1s20.ecdf.ed.ac.uk,1,85
57735547,0.00027,of_28063_1,wdewulf,r,08/19/2026,21:24:49,eddie@node1h13.ecdf.ed.ac.uk,1,86
57735547,0.00027,of_28063_1,wdewulf,r,08/19/2026,21:24:49,eddie@node1j18.ecdf.ed.ac.uk,1,87
57735547,0.00027,of_28063_1,wdewulf,r,08/19/2026,21:25:04,eddie@node1r18.ecdf.ed.ac.uk,1,88
57735547,0.00027,of_28063_1,wdewulf,r,08/19/2026,21:25:04,eddie@node1s14.ecdf.ed.ac.uk,1,89
57735547,0.00027,of_28063_1,wdewulf,r,08/19/2026,21:25:04,eddie@node1o10.ecdf.ed.ac.uk,1,90
57735547,0.00027,of_28063_1,wdewulf,r,08/19/2026,21:24:19,eddie@node1r12.ecdf.ed.ac.uk,1,71
57735547,0.00027,of_28063_1,wdewulf,r,08/19/2026,21:24:19,eddie@node1r06.ecdf.ed.ac.uk,1,72
57735547,0.00027,of_28063_1,wdewulf,r,08/19/2026,21:24:19,eddie@node1h16.ecdf.ed.ac.uk,1,73
57735547,0.00027,of_28063_1,wdewulf,r,08/19/2026,21:24:19,eddie@node1h24.ecdf.ed.ac.uk,1,74
57735547,0.00027,of_28063_1,wdewulf,r,08/19/2026,21:24:19,eddie@node1h14.ecdf.ed.ac.uk,1,75
57735547,0.00027,of_28063_1,wdewulf,r,08/19/2026,21:24:19,eddie@node1h14.ecdf.ed.ac.uk,1,76
57735547,0.00027,of_28063_1,wdewulf,r,08/19/2026,21:24:19,eddie@node1j19.ecdf.ed.ac.uk,1,77
57735547,0.00027,of_28063_1,wdewulf,r,08/19/2026,21:24:19,eddie@node1l19.ecdf.ed.ac.uk,1,78
57735547,0.00027,of_28063_1,wdewulf,r,08/19/2026,21:24:19,eddie@node1l08.ecdf.ed.ac.uk,1,79
57735547,0.00027,of_28063_1,wdewulf,r,08/19/2026,21:24:34,eddie@node1h16.ecdf.ed.ac.uk,1,80
57735547,0.00027,of_28063_1,wdewulf,r,08/19/2026,21:24:34,eddie@node1s16.ecdf.ed.ac.uk,1,81
57735547,0.00027,of_28063_1,wdewulf,r,08/19/2026,21:24:34,eddie@node1k09.ecdf.ed.ac.uk,1,82
57735547,0.00027,of_28063_1,wdewulf,r,08/19/2026,21:24:34,eddie@node1j02.ecdf.ed.ac.uk,1,83
57735547,0.00027,of_28063_1,wdewulf,r,08/19/2026,21:24:34,eddie@node1m02.ecdf.ed.ac.uk,1,84
57735547,0.00027,of_28063_1,wdewulf,r,08/19/2026,21:24:04,eddie@node1o13.ecdf.ed.ac.uk,1,68
57735547,0.00027,of_28063_1,wdewulf,r,08/19/2026,21:24:04,eddie@node1h14.ecdf.ed.ac.uk,1,69
57735547,0.00027,of_28063_1,wdewulf,r,08/19/2026,21:24:04,eddie@node1h14.ecdf.ed.ac.uk,1,70
57749248,0.00027,quantile,s2150450,r,08/19/2026,18:19:23,eddie@node1l21.ecdf.ed.ac.uk,5,91
57749248,0.00027,quantile,s2150450,r,08/19/2026,18:19:38,eddie@node1o04.ecdf.ed.ac.uk,5,92
57749639,0.00027,ce1,gs10us1,r,08/19/2026,18:36:08,eddie@node1l17.ecdf.ed.ac.uk,1
57735547,0.00027,of_28063_1,wdewulf,r,08/19/2026,21:26:34,eddie@node1h15.ecdf.ed.ac.uk,1,104
57735547,0.00027,of_28063_1,wdewulf,r,08/19/2026,21:26:34,eddie@node1h15.ecdf.ed.ac.uk,1,105
57735547,0.00027,of_28063_1,wdewulf,r,08/19/2026,21:26:34,eddie@node1s18.ecdf.ed.ac.uk,1,106
57735547,0.00027,of_28063_1,wdewulf,r,08/19/2026,21:26:34,eddie@node1h15.ecdf.ed.ac.uk,1,107
57735547,0.00027,of_28063_1,wdewulf,r,08/19/2026,21:26:34,eddie@node1h15.ecdf.ed.ac.uk,1,108
57735547,0.00027,of_28063_1,wdewulf,r,08/19/2026,21:26:04,eddie@node1o12.ecdf.ed.ac.uk,1,100
57735547,0.00027,of_28063_1,wdewulf,r,08/19/2026,21:26:04,eddie@node1j25.ecdf.ed.ac.uk,1,101
57735547,0.00027,of_28063_1,wdewulf,r,08/19/2026,21:26:19,eddie@node1h16.ecdf.ed.ac.uk,1,102
57735547,0.00027,of_28063_1,wdewulf,r,08/19/2026,21:26:19,eddie@node1h24.ecdf.ed.ac.uk,1,103
57735547,0.00027,of_28063_1,wdewulf,r,08/19/2026,21:26:49,eddie@node1r08.ecdf.ed.ac.uk,1,109
57735547,0.00027,of_28063_1,wdewulf,r,08/19/2026,21:26:49,eddie@node1m14.ecdf.ed.ac.uk,1,110
57749248,0.00027,quantile,s2150450,r,08/19/2026,18:22:23,eddie@node1m15.ecdf.ed.ac.uk,5,94
57735547,0.00027,of_28063_1,wdewulf,r,08/19/2026,21:25:34,eddie@node1l27.ecdf.ed.ac.uk,1,95
57735547,0.00027,of_28063_1,wdewulf,r,08/19/2026,21:25:34,eddie@node1h21.ecdf.ed.ac.uk,1,96
57735547,0.00027,of_28063_1,wdewulf,r,08/19/2026,21:25:34,eddie@node1j28.ecdf.ed.ac.uk,1,97
57735547,0.00027,of_28063_1,wdewulf,r,08/19/2026,21:25:34,eddie@node1m14.ecdf.ed.ac.uk,1,98
57735547,0.00027,of_28063_1,wdewulf,r,08/19/2026,21:25:49,eddie@node1o10.ecdf.ed.ac.uk,1,99
57735547,0.00027,of_28063_1,wdewulf,r,08/19/2026,21:23:49,eddie@node1h05.ecdf.ed.ac.uk,1,61
57735547,0.00027,of_28063_1,wdewulf,r,08/19/2026,21:23:49,eddie@node1h15.ecdf.ed.ac.uk,1,62
57735547,0.00027,of_28063_1,wdewulf,r,08/19/2026,21:23:49,eddie@node1h09.ecdf.ed.ac.uk,1,63
57735547,0.00027,of_28063_1,wdewulf,r,08/19/2026,21:23:49,eddie@node1m14.ecdf.ed.ac.uk,1,64
57735547,0.00027,of_28063_1,wdewulf,r,08/19/2026,21:23:49,eddie@node1r09.ecdf.ed.ac.uk,1,65
57735547,0.00027,of_28063_1,wdewulf,r,08/19/2026,21:23:49,eddie@node1j01.ecdf.ed.ac.uk,1,66
57735547,0.00027,of_28063_1,wdewulf,r,08/19/2026,21:23:49,eddie@node1m04.ecdf.ed.ac.uk,1,67
57735547,0.00027,of_28063_1,wdewulf,r,08/19/2026,21:23:34,eddie@node1o13.ecdf.ed.ac.uk,1,56
57735547,0.00027,of_28063_1,wdewulf,r,08/19/2026,21:23:34,eddie@node1j11.ecdf.ed.ac.uk,1,57
57735547,0.00027,of_28063_1,wdewulf,r,08/19/2026,21:23:34,eddie@node1j17.ecdf.ed.ac.uk,1,58
57735547,0.00027,of_28063_1,wdewulf,r,08/19/2026,21:23:34,eddie@node1j02.ecdf.ed.ac.uk,1,59
57735547,0.00027,of_28063_1,wdewulf,r,08/19/2026,21:23:34,eddie@node1m02.ecdf.ed.ac.uk,1,60
57735547,0.00027,of_28063_1,wdewulf,r,08/19/2026,21:23:19,eddie@node1o07.ecdf.ed.ac.uk,1,53
57735547,0.00027,of_28063_1,wdewulf,r,08/19/2026,21:23:19,eddie@node1h12.ecdf.ed.ac.uk,1,54
57735547,0.00027,of_28063_1,wdewulf,r,08/19/2026,21:23:19,eddie@node1m02.ecdf.ed.ac.uk,1,55
57735547,0.00027,of_28063_1,wdewulf,r,08/19/2026,21:23:04,eddie@node1m04.ecdf.ed.ac.uk,1,51
57735547,0.00027,of_28063_1,wdewulf,r,08/19/2026,21:23:04,eddie@node1j07.ecdf.ed.ac.uk,1,52
57735547,0.00027,of_28063_1,wdewulf,r,08/19/2026,21:22:49,eddie@node1o07.ecdf.ed.ac.uk,1,46
57735547,0.00027,of_28063_1,wdewulf,r,08/19/2026,21:22:49,eddie@node1h24.ecdf.ed.ac.uk,1,47
57735547,0.00027,of_28063_1,wdewulf,r,08/19/2026,21:22:49,eddie@node1s20.ecdf.ed.ac.uk,1,48
57735547,0.00027,of_28063_1,wdewulf,r,08/19/2026,21:22:49,eddie@node1m02.ecdf.ed.ac.uk,1,49
57735547,0.00027,of_28063_1,wdewulf,r,08/19/2026,21:22:49,eddie@node1k09.ecdf.ed.ac.uk,1,50
57728307,0.00027,runlisfloo,asiripat,r,08/19/2026,17:19:28,eddie@node1m22.ecdf.ed.ac.uk,1,8178
57749248,0.00027,quantile,s2150450,r,08/19/2026,18:23:23,eddie@node1l21.ecdf.ed.ac.uk,5,95
57749248,0.00027,quantile,s2150450,r,08/19/2026,18:23:23,eddie@node1s14.ecdf.ed.ac.uk,5,96
57749248,0.00027,quantile,s2150450,r,08/19/2026,18:25:08,eddie@node1l22.ecdf.ed.ac.uk,5,97
57749248,0.00027,quantile,s2150450,r,08/19/2026,18:20:08,eddie@node1s20.ecdf.ed.ac.uk,5,93
57749248,0.00027,quantile,s2150450,r,08/19/2026,18:25:23,eddie@node1r15.ecdf.ed.ac.uk,5,98
57735525,0.00027,of_28063_5,wdewulf,r,08/19/2026,21:19:34,eddie@node1l27.ecdf.ed.ac.uk,1,730
57735525,0.00027,of_28063_5,wdewulf,r,08/19/2026,21:19:34,eddie@node1r17.ecdf.ed.ac.uk,1,731
57735525,0.00027,of_28063_5,wdewulf,r,08/19/2026,21:19:34,eddie@node1s13.ecdf.ed.ac.uk,1,732
57735525,0.00027,of_28063_5,wdewulf,r,08/19/2026,21:19:34,eddie@node1m14.ecdf.ed.ac.uk,1,733
57735525,0.00027,of_28063_5,wdewulf,r,08/19/2026,21:19:34,eddie@node1j27.ecdf.ed.ac.uk,1,734
57735525,0.00027,of_28063_5,wdewulf,r,08/19/2026,21:19:34,eddie@node1j25.ecdf.ed.ac.uk,1,735
57735525,0.00027,of_28063_5,wdewulf,r,08/19/2026,21:19:19,eddie@node1l27.ecdf.ed.ac.uk,1,725
57735525,0.00027,of_28063_5,wdewulf,r,08/19/2026,21:19:19,eddie@node1l27.ecdf.ed.ac.uk,1,726
57735525,0.00027,of_28063_5,wdewulf,r,08/19/2026,21:19:19,eddie@node1l27.ecdf.ed.ac.uk,1,727
57735525,0.00027,of_28063_5,wdewulf,r,08/19/2026,21:19:19,eddie@node1l27.ecdf.ed.ac.uk,1,728
57735525,0.00027,of_28063_5,wdewulf,r,08/19/2026,21:19:19,eddie@node1l27.ecdf.ed.ac.uk,1,729
57735525,0.00027,of_28063_5,wdewulf,r,08/19/2026,21:19:49,eddie@node1o12.ecdf.ed.ac.uk,1,736
57735525,0.00027,of_28063_5,wdewulf,r,08/19/2026,21:19:49,eddie@node1o12.ecdf.ed.ac.uk,1,737
57735525,0.00027,of_28063_5,wdewulf,r,08/19/2026,21:19:49,eddie@node1j27.ecdf.ed.ac.uk,1,738
57735525,0.00027,of_28063_5,wdewulf,r,08/19/2026,21:19:49,eddie@node1r06.ecdf.ed.ac.uk,1,739
57735525,0.00027,of_28063_5,wdewulf,r,08/19/2026,21:19:04,eddie@node1f11.ecdf.ed.ac.uk,1,723
57735525,0.00027,of_28063_5,wdewulf,r,08/19/2026,21:19:04,eddie@node1l27.ecdf.ed.ac.uk,1,724
57735525,0.00027,of_28063_5,wdewulf,r,08/19/2026,21:20:04,eddie@node1o09.ecdf.ed.ac.uk,1,740
57735525,0.00027,of_28063_5,wdewulf,r,08/19/2026,21:20:04,eddie@node1r12.ecdf.ed.ac.uk,1,741
57735525,0.00027,of_28063_5,wdewulf,r,08/19/2026,21:20:05,eddie@node1j27.ecdf.ed.ac.uk,1,742
57735525,0.00027,of_28063_5,wdewulf,r,08/19/2026,21:20:05,eddie@node1s20.ecdf.ed.ac.uk,1,743
57735525,0.00027,of_28063_5,wdewulf,r,08/19/2026,21:20:05,eddie@node1s16.ecdf.ed.ac.uk,1,744
57735547,0.00027,of_28063_1,wdewulf,r,08/19/2026,21:22:04,eddie@node1o06.ecdf.ed.ac.uk,1,30
57735547,0.00027,of_28063_1,wdewulf,r,08/19/2026,21:22:04,eddie@node1o11.ecdf.ed.ac.uk,1,31
57735547,0.00027,of_28063_1,wdewulf,r,08/19/2026,21:22:04,eddie@node1s16.ecdf.ed.ac.uk,1,32
57735547,0.00027,of_28063_1,wdewulf,r,08/19/2026,21:22:04,eddie@node1j07.ecdf.ed.ac.uk,1,33
57735547,0.00027,of_28063_1,wdewulf,r,08/19/2026,21:22:04,eddie@node1k06.ecdf.ed.ac.uk,1,34
57735547,0.00027,of_28063_1,wdewulf,r,08/19/2026,21:22:04,eddie@node1m02.ecdf.ed.ac.uk,1,35
57735547,0.00027,of_28063_1,wdewulf,r,08/19/2026,21:22:04,eddie@node1l03.ecdf.ed.ac.uk,1,36
57735547,0.00027,of_28063_1,wdewulf,r,08/19/2026,21:22:04,eddie@node1l19.ecdf.ed.ac.uk,1,37
57735547,0.00027,of_28063_1,wdewulf,r,08/19/2026,21:21:19,eddie@node1l27.ecdf.ed.ac.uk,1,14
57735547,0.00027,of_28063_1,wdewulf,r,08/19/2026,21:21:19,eddie@node1r07.ecdf.ed.ac.uk,1,15
57735547,0.00027,of_28063_1,wdewulf,r,08/19/2026,21:21:19,eddie@node1j28.ecdf.ed.ac.uk,1,16
57735547,0.00027,of_28063_1,wdewulf,r,08/19/2026,21:21:19,eddie@node1m16.ecdf.ed.ac.uk,1,17
57735547,0.00027,of_28063_1,wdewulf,r,08/19/2026,21:21:19,eddie@node1h23.ecdf.ed.ac.uk,1,18
57735547,0.00027,of_28063_1,wdewulf,r,08/19/2026,21:21:19,eddie@node1m15.ecdf.ed.ac.uk,1,19
57735547,0.00027,of_28063_1,wdewulf,r,08/19/2026,21:21:34,eddie@node1i02.ecdf.ed.ac.uk,1,20
57735547,0.00027,of_28063_1,wdewulf,r,08/19/2026,21:21:34,eddie@node1h15.ecdf.ed.ac.uk,1,21
57735547,0.00027,of_28063_1,wdewulf,r,08/19/2026,21:21:34,eddie@node1o09.ecdf.ed.ac.uk,1,22
57735547,0.00027,of_28063_1,wdewulf,r,08/19/2026,21:21:34,eddie@node1s20.ecdf.ed.ac.uk,1,23
57735547,0.00027,of_28063_1,wdewulf,r,08/19/2026,21:21:34,eddie@node1j11.ecdf.ed.ac.uk,1,24
57735547,0.00027,of_28063_1,wdewulf,r,08/19/2026,21:21:34,eddie@node1l19.ecdf.ed.ac.uk,1,25
57735547,0.00027,of_28063_1,wdewulf,r,08/19/2026,21:22:19,eddie@node1r14.ecdf.ed.ac.uk,1,38
57735547,0.00027,of_28063_1,wdewulf,r,08/19/2026,21:22:19,eddie@node1h15.ecdf.ed.ac.uk,1,39
57735547,0.00027,of_28063_1,wdewulf,r,08/19/2026,21:22:19,eddie@node1h12.ecdf.ed.ac.uk,1,40
57735547,0.00027,of_28063_1,wdewulf,r,08/19/2026,21:22:19,eddie@node1j19.ecdf.ed.ac.uk,1,41
57735547,0.00027,of_28063_1,wdewulf,r,08/19/2026,21:22:19,eddie@node1j18.ecdf.ed.ac.uk,1,42
57735547,0.00027,of_28063_1,wdewulf,r,08/19/2026,21:22:19,eddie@node1j07.ecdf.ed.ac.uk,1,43
57735547,0.00027,of_28063_1,wdewulf,r,08/19/2026,21:21:49,eddie@node1l27.ecdf.ed.ac.uk,1,26
57735547,0.00027,of_28063_1,wdewulf,r,08/19/2026,21:21:49,eddie@node1r07.ecdf.ed.ac.uk,1,27
57735547,0.00027,of_28063_1,wdewulf,r,08/19/2026,21:21:49,eddie@node1o12.ecdf.ed.ac.uk,1,28
57735547,0.00027,of_28063_1,wdewulf,r,08/19/2026,21:21:49,eddie@node1h12.ecdf.ed.ac.uk,1,29
57735547,0.00027,of_28063_1,wdewulf,r,08/19/2026,21:20:49,eddie@node1h16.ecdf.ed.ac.uk,1,6
57735547,0.00027,of_28063_1,wdewulf,r,08/19/2026,21:20:49,eddie@node1h16.ecdf.ed.ac.uk,1,7
57735547,0.00027,of_28063_1,wdewulf,r,08/19/2026,21:20:49,eddie@node1j11.ecdf.ed.ac.uk,1,8
57735547,0.00027,of_28063_1,wdewulf,r,08/19/2026,21:20:49,eddie@node1l19.ecdf.ed.ac.uk,1,9
57735547,0.00027,of_28063_1,wdewulf,r,08/19/2026,21:21:04,eddie@node1h23.ecdf.ed.ac.uk,1,10
57735547,0.00027,of_28063_1,wdewulf,r,08/19/2026,21:21:04,eddie@node1h06.ecdf.ed.ac.uk,1,11
57735547,0.00027,of_28063_1,wdewulf,r,08/19/2026,21:21:04,eddie@node1j18.ecdf.ed.ac.uk,1,12
57735547,0.00027,of_28063_1,wdewulf,r,08/19/2026,21:21:04,eddie@node1j19.ecdf.ed.ac.uk,1,13
57735547,0.00027,of_28063_1,wdewulf,r,08/19/2026,21:20:34,eddie@node1h23.ecdf.ed.ac.uk,1,4
57735547,0.00027,of_28063_1,wdewulf,r,08/19/2026,21:20:34,eddie@node1h14.ecdf.ed.ac.uk,1,5
57735547,0.00027,of_28063_1,wdewulf,r,08/19/2026,21:22:34,eddie@node1s20.ecdf.ed.ac.uk,1,44
57735547,0.00027,of_28063_1,wdewulf,r,08/19/2026,21:22:34,eddie@node1s20.ecdf.ed.ac.uk,1,45
57735547,0.00027,of_28063_1,wdewulf,r,08/19/2026,21:20:05,eddie@node1s19.ecdf.ed.ac.uk,1,1
57735547,0.00027,of_28063_1,wdewulf,r,08/19/2026,21:20:19,eddie@node1s20.ecdf.ed.ac.uk,1,2
57735547,0.00027,of_28063_1,wdewulf,r,08/19/2026,21:20:19,eddie@node1s19.ecdf.ed.ac.uk,1,3
57749248,0.00027,quantile,s2150450,r,08/19/2026,18:25:38,eddie@node1n15.ecdf.ed.ac.uk,5,99
57735525,0.00026,of_28063_5,wdewulf,r,08/19/2026,21:18:34,eddie@node1r18.ecdf.ed.ac.uk,1,709
57735525,0.00026,of_28063_5,wdewulf,r,08/19/2026,21:18:34,eddie@node1o09.ecdf.ed.ac.uk,1,710
57735525,0.00026,of_28063_5,wdewulf,r,08/19/2026,21:18:34,eddie@node1m16.ecdf.ed.ac.uk,1,711
57735525,0.00026,of_28063_5,wdewulf,r,08/19/2026,21:18:34,eddie@node1r06.ecdf.ed.ac.uk,1,712
57735525,0.00026,of_28063_5,wdewulf,r,08/19/2026,21:18:34,eddie@node1j17.ecdf.ed.ac.uk,1,713
57735525,0.00026,of_28063_5,wdewulf,r,08/19/2026,21:18:34,eddie@node1j11.ecdf.ed.ac.uk,1,714
57735525,0.00026,of_28063_5,wdewulf,r,08/19/2026,21:18:34,eddie@node1k08.ecdf.ed.ac.uk,1,715
57735525,0.00026,of_28063_5,wdewulf,r,08/19/2026,21:18:49,eddie@node1s18.ecdf.ed.ac.uk,1,716
57735525,0.00026,of_28063_5,wdewulf,r,08/19/2026,21:18:49,eddie@node1h04.ecdf.ed.ac.uk,1,717
57735525,0.00026,of_28063_5,wdewulf,r,08/19/2026,21:18:49,eddie@node1r06.ecdf.ed.ac.uk,1,718
57735525,0.00026,of_28063_5,wdewulf,r,08/19/2026,21:18:49,eddie@node1r06.ecdf.ed.ac.uk,1,719
57735525,0.00026,of_28063_5,wdewulf,r,08/19/2026,21:18:49,eddie@node1h11.ecdf.ed.ac.uk,1,720
57735525,0.00026,of_28063_5,wdewulf,r,08/19/2026,21:18:49,eddie@node1j18.ecdf.ed.ac.uk,1,721
57735525,0.00026,of_28063_5,wdewulf,r,08/19/2026,21:18:49,eddie@node1j07.ecdf.ed.ac.uk,1,722
57735525,0.00026,of_28063_5,wdewulf,r,08/19/2026,21:18:19,eddie@node1h21.ecdf.ed.ac.uk,1,704
57735525,0.00026,of_28063_5,wdewulf,r,08/19/2026,21:18:19,eddie@node1j28.ecdf.ed.ac.uk,1,705
57735525,0.00026,of_28063_5,wdewulf,r,08/19/2026,21:18:19,eddie@node1o09.ecdf.ed.ac.uk,1,706
57735525,0.00026,of_28063_5,wdewulf,r,08/19/2026,21:18:19,eddie@node1s18.ecdf.ed.ac.uk,1,707
57735525,0.00026,of_28063_5,wdewulf,r,08/19/2026,21:18:19,eddie@node1l19.ecdf.ed.ac.uk,1,708
57735525,0.00026,of_28063_5,wdewulf,r,08/19/2026,21:18:05,eddie@node1j17.ecdf.ed.ac.uk,1,702
57735525,0.00026,of_28063_5,wdewulf,r,08/19/2026,21:18:05,eddie@node1j17.ecdf.ed.ac.uk,1,703
57749248,0.00026,quantile,s2150450,r,08/19/2026,18:25:53,eddie@node1r15.ecdf.ed.ac.uk,5,100
57735525,0.00026,of_28063_5,wdewulf,r,08/19/2026,21:17:49,eddie@node1r19.ecdf.ed.ac.uk,1,696
57735525,0.00026,of_28063_5,wdewulf,r,08/19/2026,21:17:49,eddie@node1h11.ecdf.ed.ac.uk,1,697
57735525,0.00026,of_28063_5,wdewulf,r,08/19/2026,21:17:49,eddie@node1h24.ecdf.ed.ac.uk,1,698
57735525,0.00026,of_28063_5,wdewulf,r,08/19/2026,21:17:49,eddie@node1h14.ecdf.ed.ac.uk,1,699
57735525,0.00026,of_28063_5,wdewulf,r,08/19/2026,21:17:49,eddie@node1h06.ecdf.ed.ac.uk,1,700
57735525,0.00026,of_28063_5,wdewulf,r,08/19/2026,21:17:49,eddie@node1j02.ecdf.ed.ac.uk,1,701
57735525,0.00026,of_28063_5,wdewulf,r,08/19/2026,21:17:34,eddie@node1r19.ecdf.ed.ac.uk,1,694
57735525,0.00026,of_28063_5,wdewulf,r,08/19/2026,21:17:34,eddie@node1l19.ecdf.ed.ac.uk,1,695
57735525,0.00026,of_28063_5,wdewulf,r,08/19/2026,21:17:19,eddie@node1o08.ecdf.ed.ac.uk,1,691
57735525,0.00026,of_28063_5,wdewulf,r,08/19/2026,21:17:19,eddie@node1h13.ecdf.ed.ac.uk,1,692
57735525,0.00026,of_28063_5,wdewulf,r,08/19/2026,21:17:19,eddie@node1j17.ecdf.ed.ac.uk,1,693
57735525,0.00026,of_28063_5,wdewulf,r,08/19/2026,21:15:34,eddie@node1r17.ecdf.ed.ac.uk,1,664
57735525,0.00026,of_28063_5,wdewulf,r,08/19/2026,21:15:34,eddie@node1r19.ecdf.ed.ac.uk,1,665
57735525,0.00026,of_28063_5,wdewulf,r,08/19/2026,21:15:34,eddie@node1o14.ecdf.ed.ac.uk,1,666
57735525,0.00026,of_28063_5,wdewulf,r,08/19/2026,21:15:34,eddie@node1h06.ecdf.ed.ac.uk,1,667
57735525,0.00026,of_28063_5,wdewulf,r,08/19/2026,21:15:34,eddie@node1h06.ecdf.ed.ac.uk,1,668
57735525,0.00026,of_28063_5,wdewulf,r,08/19/2026,21:16:34,eddie@node1h16.ecdf.ed.ac.uk,1,679
57735525,0.00026,of_28063_5,wdewulf,r,08/19/2026,21:16:34,eddie@node1j26.ecdf.ed.ac.uk,1,680
57735525,0.00026,of_28063_5,wdewulf,r,08/19/2026,21:16:34,eddie@node1h14.ecdf.ed.ac.uk,1,681
57735525,0.00026,of_28063_5,wdewulf,r,08/19/2026,21:16:34,eddie@node1h14.ecdf.ed.ac.uk,1,682
57735525,0.00026,of_28063_5,wdewulf,r,08/19/2026,21:16:34,eddie@node1j02.ecdf.ed.ac.uk,1,683
57735525,0.00026,of_28063_5,wdewulf,r,08/19/2026,21:16:19,eddie@node1h09.ecdf.ed.ac.uk,1,675
57735525,0.00026,of_28063_5,wdewulf,r,08/19/2026,21:16:19,eddie@node1s17.ecdf.ed.ac.uk,1,676
57735525,0.00026,of_28063_5,wdewulf,r,08/19/2026,21:16:19,eddie@node1j26.ecdf.ed.ac.uk,1,677
57735525,0.00026,of_28063_5,wdewulf,r,08/19/2026,21:16:19,eddie@node1h06.ecdf.ed.ac.uk,1,678
57735525,0.00026,of_28063_5,wdewulf,r,08/19/2026,21:15:49,eddie@node1o12.ecdf.ed.ac.uk,1,669
57735525,0.00026,of_28063_5,wdewulf,r,08/19/2026,21:15:49,eddie@node1h13.ecdf.ed.ac.uk,1,670
57735525,0.00026,of_28063_5,wdewulf,r,08/19/2026,21:15:49,eddie@node1j26.ecdf.ed.ac.uk,1,671
57735525,0.00026,of_28063_5,wdewulf,r,08/19/2026,21:15:49,eddie@node1j26.ecdf.ed.ac.uk,1,672
57735525,0.00026,of_28063_5,wdewulf,r,08/19/2026,21:17:04,eddie@node1h21.ecdf.ed.ac.uk,1,687
57735525,0.00026,of_28063_5,wdewulf,r,08/19/2026,21:17:04,eddie@node1s14.ecdf.ed.ac.uk,1,688
57735525,0.00026,of_28063_5,wdewulf,r,08/19/2026,21:17:04,eddie@node1j02.ecdf.ed.ac.uk,1,689
57735525,0.00026,of_28063_5,wdewulf,r,08/19/2026,21:17:04,eddie@node1j17.ecdf.ed.ac.uk,1,690
57735525,0.00026,of_28063_5,wdewulf,r,08/19/2026,21:16:49,eddie@node1l24.ecdf.ed.ac.uk,1,684
57735525,0.00026,of_28063_5,wdewulf,r,08/19/2026,21:16:49,eddie@node1r09.ecdf.ed.ac.uk,1,685
57735525,0.00026,of_28063_5,wdewulf,r,08/19/2026,21:16:49,eddie@node1k06.ecdf.ed.ac.uk,1,686
57735525,0.00026,of_28063_5,wdewulf,r,08/19/2026,21:16:04,eddie@node1r19.ecdf.ed.ac.uk,1,673
57735525,0.00026,of_28063_5,wdewulf,r,08/19/2026,21:16:04,eddie@node1s17.ecdf.ed.ac.uk,1,674
57735525,0.00026,of_28063_5,wdewulf,r,08/19/2026,21:15:19,eddie@node1m16.ecdf.ed.ac.uk,1,663
57735525,0.00026,of_28063_5,wdewulf,r,08/19/2026,21:14:41,eddie@node1o11.ecdf.ed.ac.uk,1,649
57735525,0.00026,of_28063_5,wdewulf,r,08/19/2026,21:14:41,eddie@node1s14.ecdf.ed.ac.uk,1,650
57735525,0.00026,of_28063_5,wdewulf,r,08/19/2026,21:14:41,eddie@node1r12.ecdf.ed.ac.uk,1,651
57735525,0.00026,of_28063_5,wdewulf,r,08/19/2026,21:14:41,eddie@node1r09.ecdf.ed.ac.uk,1,652
57735525,0.00026,of_28063_5,wdewulf,r,08/19/2026,21:14:41,eddie@node1h06.ecdf.ed.ac.uk,1,653
57735525,0.00026,of_28063_5,wdewulf,r,08/19/2026,21:14:41,eddie@node1r09.ecdf.ed.ac.uk,1,654
57735525,0.00026,of_28063_5,wdewulf,r,08/19/2026,21:14:41,eddie@node1h06.ecdf.ed.ac.uk,1,655
57735525,0.00026,of_28063_5,wdewulf,r,08/19/2026,21:14:41,eddie@node1h06.ecdf.ed.ac.uk,1,656
57735525,0.00026,of_28063_5,wdewulf,r,08/19/2026,21:14:56,eddie@node1j27.ecdf.ed.ac.uk,1,657
57735525,0.00026,of_28063_5,wdewulf,r,08/19/2026,21:14:56,eddie@node1r08.ecdf.ed.ac.uk,1,658
57735525,0.00026,of_28063_5,wdewulf,r,08/19/2026,21:14:56,eddie@node1o08.ecdf.ed.ac.uk,1,659
57735525,0.00026,of_28063_5,wdewulf,r,08/19/2026,21:14:56,eddie@node1h06.ecdf.ed.ac.uk,1,660
57735525,0.00026,of_28063_5,wdewulf,r,08/19/2026,21:15:05,eddie@node1h06.ecdf.ed.ac.uk,1,661
57735525,0.00026,of_28063_5,wdewulf,r,08/19/2026,21:15:05,eddie@node1j26.ecdf.ed.ac.uk,1,662
57735525,0.00026,of_28063_5,wdewulf,r,08/19/2026,21:11:26,eddie@node1f13.ecdf.ed.ac.uk,1,595
57735525,0.00026,of_28063_5,wdewulf,r,08/19/2026,21:11:26,eddie@node1m16.ecdf.ed.ac.uk,1,596
57735525,0.00026,of_28063_5,wdewulf,r,08/19/2026,21:11:26,eddie@node1r12.ecdf.ed.ac.uk,1,597
57735525,0.00026,of_28063_5,wdewulf,r,08/19/2026,21:11:26,eddie@node1h15.ecdf.ed.ac.uk,1,598
57735525,0.00026,of_28063_5,wdewulf,r,08/19/2026,21:11:26,eddie@node1h15.ecdf.ed.ac.uk,1,599
57735525,0.00026,of_28063_5,wdewulf,r,08/19/2026,21:11:26,eddie@node1h15.ecdf.ed.ac.uk,1,600
57735525,0.00026,of_28063_5,wdewulf,r,08/19/2026,21:11:26,eddie@node1o08.ecdf.ed.ac.uk,1,601
57735525,0.00026,of_28063_5,wdewulf,r,08/19/2026,21:11:26,eddie@node1r08.ecdf.ed.ac.uk,1,602
57735525,0.00026,of_28063_5,wdewulf,r,08/19/2026,21:11:56,eddie@node1i13.ecdf.ed.ac.uk,1,607
57735525,0.00026,of_28063_5,wdewulf,r,08/19/2026,21:11:56,eddie@node1h23.ecdf.ed.ac.uk,1,608
57735525,0.00026,of_28063_5,wdewulf,r,08/19/2026,21:11:56,eddie@node1h15.ecdf.ed.ac.uk,1,609
57735525,0.00026,of_28063_5,wdewulf,r,08/19/2026,21:11:56,eddie@node1h15.ecdf.ed.ac.uk,1,610
57735525,0.00026,of_28063_5,wdewulf,r,08/19/2026,21:11:56,eddie@node1h15.ecdf.ed.ac.uk,1,611
57735525,0.00026,of_28063_5,wdewulf,r,08/19/2026,21:13:26,eddie@node1s20.ecdf.ed.ac.uk,1,628
57735525,0.00026,of_28063_5,wdewulf,r,08/19/2026,21:13:26,eddie@node1m15.ecdf.ed.ac.uk,1,629
57735525,0.00026,of_28063_5,wdewulf,r,08/19/2026,21:13:26,eddie@node1r20.ecdf.ed.ac.uk,1,630
57735525,0.00026,of_28063_5,wdewulf,r,08/19/2026,21:13:26,eddie@node1r09.ecdf.ed.ac.uk,1,631
57735525,0.00026,of_28063_5,wdewulf,r,08/19/2026,21:13:26,eddie@node1o13.ecdf.ed.ac.uk,1,632
57735525,0.00026,of_28063_5,wdewulf,r,08/19/2026,21:14:26,eddie@node1r19.ecdf.ed.ac.uk,1,644
57735525,0.00026,of_28063_5,wdewulf,r,08/19/2026,21:14:26,eddie@node1r12.ecdf.ed.ac.uk,1,645
57735525,0.00026,of_28063_5,wdewulf,r,08/19/2026,21:14:26,eddie@node1s20.ecdf.ed.ac.uk,1,646
57735525,0.00026,of_28063_5,wdewulf,r,08/19/2026,21:14:26,eddie@node1r20.ecdf.ed.ac.uk,1,647
57735525,0.00026,of_28063_5,wdewulf,r,08/19/2026,21:14:26,eddie@node1o13.ecdf.ed.ac.uk,1,648
57735525,0.00026,of_28063_5,wdewulf,r,08/19/2026,21:11:41,eddie@node1r20.ecdf.ed.ac.uk,1,603
57735525,0.00026,of_28063_5,wdewulf,r,08/19/2026,21:11:41,eddie@node1h15.ecdf.ed.ac.uk,1,604
57735525,0.00026,of_28063_5,wdewulf,r,08/19/2026,21:11:41,eddie@node1r08.ecdf.ed.ac.uk,1,605
57735525,0.00026,of_28063_5,wdewulf,r,08/19/2026,21:11:41,eddie@node1r20.ecdf.ed.ac.uk,1,606
57735525,0.00026,of_28063_5,wdewulf,r,08/19/2026,21:13:41,eddie@node1s13.ecdf.ed.ac.uk,1,633
57735525,0.00026,of_28063_5,wdewulf,r,08/19/2026,21:13:41,eddie@node1s17.ecdf.ed.ac.uk,1,634
57735525,0.00026,of_28063_5,wdewulf,r,08/19/2026,21:13:41,eddie@node1r20.ecdf.ed.ac.uk,1,635
57735525,0.00026,of_28063_5,wdewulf,r,08/19/2026,21:13:41,eddie@node1o13.ecdf.ed.ac.uk,1,636
57735525,0.00026,of_28063_5,wdewulf,r,08/19/2026,21:10:41,eddie@node1i02.ecdf.ed.ac.uk,1,586
57735525,0.00026,of_28063_5,wdewulf,r,08/19/2026,21:10:41,eddie@node1r08.ecdf.ed.ac.uk,1,587
57735525,0.00026,of_28063_5,wdewulf,r,08/19/2026,21:10:41,eddie@node1h15.ecdf.ed.ac.uk,1,588
57735525,0.00026,of_28063_5,wdewulf,r,08/19/2026,21:10:41,eddie@node1r08.ecdf.ed.ac.uk,1,589
57735525,0.00026,of_28063_5,wdewulf,r,08/19/2026,21:10:56,eddie@node1r20.ecdf.ed.ac.uk,1,590
57735525,0.00026,of_28063_5,wdewulf,r,08/19/2026,21:10:56,eddie@node1r20.ecdf.ed.ac.uk,1,591
57735525,0.00026,of_28063_5,wdewulf,r,08/19/2026,21:10:56,eddie@node1h15.ecdf.ed.ac.uk,1,592
57735525,0.00026,of_28063_5,wdewulf,r,08/19/2026,21:10:56,eddie@node1r20.ecdf.ed.ac.uk,1,593
57735525,0.00026,of_28063_5,wdewulf,r,08/19/2026,21:14:11,eddie@node1r18.ecdf.ed.ac.uk,1,640
57735525,0.00026,of_28063_5,wdewulf,r,08/19/2026,21:14:11,eddie@node1j25.ecdf.ed.ac.uk,1,641
57735525,0.00026,of_28063_5,wdewulf,r,08/19/2026,21:14:11,eddie@node1o13.ecdf.ed.ac.uk,1,642
57735525,0.00026,of_28063_5,wdewulf,r,08/19/2026,21:14:11,eddie@node1r09.ecdf.ed.ac.uk,1,643
57735525,0.00026,of_28063_5,wdewulf,r,08/19/2026,21:12:41,eddie@node1o07.ecdf.ed.ac.uk,1,617
57735525,0.00026,of_28063_5,wdewulf,r,08/19/2026,21:12:41,eddie@node1r08.ecdf.ed.ac.uk,1,618
57735525,0.00026,of_28063_5,wdewulf,r,08/19/2026,21:12:41,eddie@node1o13.ecdf.ed.ac.uk,1,619
57735525,0.00026,of_28063_5,wdewulf,r,08/19/2026,21:13:56,eddie@node1h21.ecdf.ed.ac.uk,1,637
57735525,0.00026,of_28063_5,wdewulf,r,08/19/2026,21:13:56,eddie@node1h16.ecdf.ed.ac.uk,1,638
57735525,0.00026,of_28063_5,wdewulf,r,08/19/2026,21:13:56,eddie@node1r09.ecdf.ed.ac.uk,1,639
57735525,0.00026,of_28063_5,wdewulf,r,08/19/2026,21:12:26,eddie@node1s17.ecdf.ed.ac.uk,1,614
57735525,0.00026,of_28063_5,wdewulf,r,08/19/2026,21:12:26,eddie@node1s17.ecdf.ed.ac.uk,1,615
57735525,0.00026,of_28063_5,wdewulf,r,08/19/2026,21:12:26,eddie@node1r20.ecdf.ed.ac.uk,1,616
57735525,0.00026,of_28063_5,wdewulf,r,08/19/2026,21:12:11,eddie@node1o14.ecdf.ed.ac.uk,1,612
57735525,0.00026,of_28063_5,wdewulf,r,08/19/2026,21:12:11,eddie@node1h11.ecdf.ed.ac.uk,1,613
57735525,0.00026,of_28063_5,wdewulf,r,08/19/2026,21:12:56,eddie@node1j27.ecdf.ed.ac.uk,1,620
57735525,0.00026,of_28063_5,wdewulf,r,08/19/2026,21:12:56,eddie@node1r20.ecdf.ed.ac.uk,1,621
57735525,0.00026,of_28063_5,wdewulf,r,08/19/2026,21:10:26,eddie@node1r05.ecdf.ed.ac.uk,1,585
57735525,0.00026,of_28063_5,wdewulf,r,08/19/2026,21:11:11,eddie@node1r08.ecdf.ed.ac.uk,1,594
57728307,0.00026,runlisfloo,asiripat,r,08/19/2026,17:06:52,eddie@node1m24.ecdf.ed.ac.uk,1,8177
57735525,0.00026,of_28063_5,wdewulf,r,08/19/2026,21:13:11,eddie@node1r05.ecdf.ed.ac.uk,1,622
57735525,0.00026,of_28063_5,wdewulf,r,08/19/2026,21:13:11,eddie@node1r06.ecdf.ed.ac.uk,1,623
57735525,0.00026,of_28063_5,wdewulf,r,08/19/2026,21:13:11,eddie@node1o07.ecdf.ed.ac.uk,1,624
57735525,0.00026,of_28063_5,wdewulf,r,08/19/2026,21:13:11,eddie@node1j27.ecdf.ed.ac.uk,1,625
57735525,0.00026,of_28063_5,wdewulf,r,08/19/2026,21:13:11,eddie@node1r20.ecdf.ed.ac.uk,1,626
57735525,0.00026,of_28063_5,wdewulf,r,08/19/2026,21:13:11,eddie@node1o13.ecdf.ed.ac.uk,1,627
57728307,0.00026,runlisfloo,asiripat,r,08/19/2026,17:05:28,eddie@node1m18.ecdf.ed.ac.uk,1,8176
57735525,0.00026,of_28063_5,wdewulf,r,08/19/2026,21:08:26,eddie@node1r18.ecdf.ed.ac.uk,1,543
57735525,0.00026,of_28063_5,wdewulf,r,08/19/2026,21:08:26,eddie@node1r12.ecdf.ed.ac.uk,1,544
57735525,0.00026,of_28063_5,wdewulf,r,08/19/2026,21:08:26,eddie@node1j27.ecdf.ed.ac.uk,1,545
57735525,0.00026,of_28063_5,wdewulf,r,08/19/2026,21:08:26,eddie@node1m15.ecdf.ed.ac.uk,1,546
57735525,0.00026,of_28063_5,wdewulf,r,08/19/2026,21:08:26,eddie@node1h13.ecdf.ed.ac.uk,1,547
57735525,0.00026,of_28063_5,wdewulf,r,08/19/2026,21:08:26,eddie@node1o07.ecdf.ed.ac.uk,1,548
57735525,0.00026,of_28063_5,wdewulf,r,08/19/2026,21:08:26,eddie@node1h11.ecdf.ed.ac.uk,1,549
57735525,0.00026,of_28063_5,wdewulf,r,08/19/2026,21:08:26,eddie@node1s19.ecdf.ed.ac.uk,1,550
57735525,0.00026,of_28063_5,wdewulf,r,08/19/2026,21:08:26,eddie@node1h24.ecdf.ed.ac.uk,1,551
57735525,0.00026,of_28063_5,wdewulf,r,08/19/2026,21:09:26,eddie@node1o11.ecdf.ed.ac.uk,1,568
57735525,0.00026,of_28063_5,wdewulf,r,08/19/2026,21:09:26,eddie@node1m16.ecdf.ed.ac.uk,1,569
57735525,0.00026,of_28063_5,wdewulf,r,08/19/2026,21:09:26,eddie@node1o14.ecdf.ed.ac.uk,1,570
57735525,0.00026,of_28063_5,wdewulf,r,08/19/2026,21:09:26,eddie@node1s17.ecdf.ed.ac.uk,1,571
57735525,0.00026,of_28063_5,wdewulf,r,08/19/2026,21:09:26,eddie@node1h16.ecdf.ed.ac.uk,1,572
57735525,0.00026,of_28063_5,wdewulf,r,08/19/2026,21:09:26,eddie@node1r20.ecdf.ed.ac.uk,1,573
57735525,0.00026,of_28063_5,wdewulf,r,08/19/2026,21:09:26,eddie@node1r20.ecdf.ed.ac.uk,1,574
57735525,0.00026,of_28063_5,wdewulf,r,08/19/2026,21:09:26,eddie@node1o13.ecdf.ed.ac.uk,1,575
57735525,0.00026,of_28063_5,wdewulf,r,08/19/2026,21:09:26,eddie@node1r09.ecdf.ed.ac.uk,1,576
57735525,0.00026,of_28063_5,wdewulf,r,08/19/2026,21:09:11,eddie@node1j28.ecdf.ed.ac.uk,1,561
57735525,0.00026,of_28063_5,wdewulf,r,08/19/2026,21:09:11,eddie@node1r06.ecdf.ed.ac.uk,1,562
57735525,0.00026,of_28063_5,wdewulf,r,08/19/2026,21:09:11,eddie@node1m15.ecdf.ed.ac.uk,1,563
57735525,0.00026,of_28063_5,wdewulf,r,08/19/2026,21:09:11,eddie@node1h11.ecdf.ed.ac.uk,1,564
57735525,0.00026,of_28063_5,wdewulf,r,08/19/2026,21:09:11,eddie@node1o13.ecdf.ed.ac.uk,1,565
57735525,0.00026,of_28063_5,wdewulf,r,08/19/2026,21:09:11,eddie@node1h13.ecdf.ed.ac.uk,1,566
57735525,0.00026,of_28063_5,wdewulf,r,08/19/2026,21:09:11,eddie@node1r09.ecdf.ed.ac.uk,1,567
57735525,0.00026,of_28063_5,wdewulf,r,08/19/2026,21:08:56,eddie@node1h07.ecdf.ed.ac.uk,1,555
57735525,0.00026,of_28063_5,wdewulf,r,08/19/2026,21:08:56,eddie@node1r18.ecdf.ed.ac.uk,1,556
57735525,0.00026,of_28063_5,wdewulf,r,08/19/2026,21:08:56,eddie@node1h11.ecdf.ed.ac.uk,1,557
57735525,0.00026,of_28063_5,wdewulf,r,08/19/2026,21:08:56,eddie@node1s19.ecdf.ed.ac.uk,1,558
57735525,0.00026,of_28063_5,wdewulf,r,08/19/2026,21:08:56,eddie@node1h13.ecdf.ed.ac.uk,1,559
57735525,0.00026,of_28063_5,wdewulf,r,08/19/2026,21:08:56,eddie@node1s20.ecdf.ed.ac.uk,1,560
57735525,0.00026,of_28063_5,wdewulf,r,08/19/2026,21:09:56,eddie@node1h08.ecdf.ed.ac.uk,1,580
57735525,0.00026,of_28063_5,wdewulf,r,08/19/2026,21:09:56,eddie@node1s17.ecdf.ed.ac.uk,1,581
57735525,0.00026,of_28063_5,wdewulf,r,08/19/2026,21:09:56,eddie@node1r08.ecdf.ed.ac.uk,1,582
57735525,0.00026,of_28063_5,wdewulf,r,08/19/2026,21:09:56,eddie@node1h11.ecdf.ed.ac.uk,1,583
57735525,0.00026,of_28063_5,wdewulf,r,08/19/2026,21:09:56,eddie@node1r20.ecdf.ed.ac.uk,1,584
57735525,0.00026,of_28063_5,wdewulf,r,08/19/2026,21:08:41,eddie@node1h13.ecdf.ed.ac.uk,1,552
57735525,0.00026,of_28063_5,wdewulf,r,08/19/2026,21:08:41,eddie@node1m15.ecdf.ed.ac.uk,1,553
57735525,0.00026,of_28063_5,wdewulf,r,08/19/2026,21:08:41,eddie@node1h12.ecdf.ed.ac.uk,1,554
57735525,0.00026,of_28063_5,wdewulf,r,08/19/2026,21:09:41,eddie@node1r17.ecdf.ed.ac.uk,1,577
57735525,0.00026,of_28063_5,wdewulf,r,08/19/2026,21:09:41,eddie@node1r08.ecdf.ed.ac.uk,1,578
57735525,0.00026,of_28063_5,wdewulf,r,08/19/2026,21:09:41,eddie@node1r08.ecdf.ed.ac.uk,1,579
57735525,0.00026,of_28063_5,wdewulf,r,08/19/2026,21:08:11,eddie@node1j28.ecdf.ed.ac.uk,1,537
57735525,0.00026,of_28063_5,wdewulf,r,08/19/2026,21:08:11,eddie@node1m15.ecdf.ed.ac.uk,1,538
57735525,0.00026,of_28063_5,wdewulf,r,08/19/2026,21:08:11,eddie@node1o07.ecdf.ed.ac.uk,1,539
57735525,0.00026,of_28063_5,wdewulf,r,08/19/2026,21:08:11,eddie@node1s16.ecdf.ed.ac.uk,1,540
57735525,0.00026,of_28063_5,wdewulf,r,08/19/2026,21:08:11,eddie@node1h13.ecdf.ed.ac.uk,1,541
57735525,0.00026,of_28063_5,wdewulf,r,08/19/2026,21:08:11,eddie@node1h24.ecdf.ed.ac.uk,1,542
57728307,0.00026,runlisfloo,asiripat,r,08/19/2026,17:01:28,eddie@node1k19.ecdf.ed.ac.uk,1,8175
57728307,0.00026,runlisfloo,asiripat,r,08/19/2026,16:59:28,eddie@node1m24.ecdf.ed.ac.uk,1,8174
57735525,0.00026,of_28063_5,wdewulf,r,08/19/2026,21:06:11,eddie@node1r18.ecdf.ed.ac.uk,1,495
57735525,0.00026,of_28063_5,wdewulf,r,08/19/2026,21:06:11,eddie@node1s14.ecdf.ed.ac.uk,1,496
57735525,0.00026,of_28063_5,wdewulf,r,08/19/2026,21:06:11,eddie@node1r19.ecdf.ed.ac.uk,1,497
57735525,0.00026,of_28063_5,wdewulf,r,08/19/2026,21:06:11,eddie@node1m14.ecdf.ed.ac.uk,1,498
57735525,0.00026,of_28063_5,wdewulf,r,08/19/2026,21:06:11,eddie@node1o07.ecdf.ed.ac.uk,1,499
57735525,0.00026,of_28063_5,wdewulf,r,08/19/2026,21:06:11,eddie@node1s17.ecdf.ed.ac.uk,1,500
57735525,0.00026,of_28063_5,wdewulf,r,08/19/2026,21:06:11,eddie@node1h23.ecdf.ed.ac.uk,1,501
57735525,0.00026,of_28063_5,wdewulf,r,08/19/2026,21:06:11,eddie@node1o12.ecdf.ed.ac.uk,1,502
57735525,0.00026,of_28063_5,wdewulf,r,08/19/2026,21:06:11,eddie@node1s19.ecdf.ed.ac.uk,1,503
57735525,0.00026,of_28063_5,wdewulf,r,08/19/2026,21:05:56,eddie@node1h07.ecdf.ed.ac.uk,1,491
57735525,0.00026,of_28063_5,wdewulf,r,08/19/2026,21:05:56,eddie@node1o07.ecdf.ed.ac.uk,1,492
57735525,0.00026,of_28063_5,wdewulf,r,08/19/2026,21:05:56,eddie@node1r06.ecdf.ed.ac.uk,1,493
57735525,0.00026,of_28063_5,wdewulf,r,08/19/2026,21:05:56,eddie@node1h12.ecdf.ed.ac.uk,1,494
57735525,0.00026,of_28063_5,wdewulf,r,08/19/2026,21:05:41,eddie@node1l25.ecdf.ed.ac.uk,1,486
57735525,0.00026,of_28063_5,wdewulf,r,08/19/2026,21:05:41,eddie@node1l25.ecdf.ed.ac.uk,1,487
57735525,0.00026,of_28063_5,wdewulf,r,08/19/2026,21:05:41,eddie@node1l25.ecdf.ed.ac.uk,1,488
57735525,0.00026,of_28063_5,wdewulf,r,08/19/2026,21:05:41,eddie@node1l25.ecdf.ed.ac.uk,1,489
57735525,0.00026,of_28063_5,wdewulf,r,08/19/2026,21:05:41,eddie@node1r12.ecdf.ed.ac.uk,1,490
57735525,0.00026,of_28063_5,wdewulf,r,08/19/2026,21:05:26,eddie@node1s16.ecdf.ed.ac.uk,1,481
57735525,0.00026,of_28063_5,wdewulf,r,08/19/2026,21:05:26,eddie@node1s17.ecdf.ed.ac.uk,1,482
57735525,0.00026,of_28063_5,wdewulf,r,08/19/2026,21:05:26,eddie@node1h11.ecdf.ed.ac.uk,1,483
57735525,0.00026,of_28063_5,wdewulf,r,08/19/2026,21:05:26,eddie@node1h12.ecdf.ed.ac.uk,1,484
57735525,0.00026,of_28063_5,wdewulf,r,08/19/2026,21:05:26,eddie@node1h16.ecdf.ed.ac.uk,1,485
57735525,0.00026,of_28063_5,wdewulf,r,08/19/2026,21:05:11,eddie@node1o11.ecdf.ed.ac.uk,1,475
57735525,0.00026,of_28063_5,wdewulf,r,08/19/2026,21:05:11,eddie@node1h23.ecdf.ed.ac.uk,1,476
57735525,0.00026,of_28063_5,wdewulf,r,08/19/2026,21:05:11,eddie@node1o12.ecdf.ed.ac.uk,1,477
57735525,0.00026,of_28063_5,wdewulf,r,08/19/2026,21:05:11,eddie@node1s13.ecdf.ed.ac.uk,1,478
57735525,0.00026,of_28063_5,wdewulf,r,08/19/2026,21:05:11,eddie@node1j25.ecdf.ed.ac.uk,1,479
57735525,0.00026,of_28063_5,wdewulf,r,08/19/2026,21:05:11,eddie@node1h13.ecdf.ed.ac.uk,1,480
57735525,0.00026,of_28063_5,wdewulf,r,08/19/2026,21:04:56,eddie@node1r06.ecdf.ed.ac.uk,1,470
57735525,0.00026,of_28063_5,wdewulf,r,08/19/2026,21:04:56,eddie@node1s17.ecdf.ed.ac.uk,1,471
57735525,0.00026,of_28063_5,wdewulf,r,08/19/2026,21:04:56,eddie@node1o07.ecdf.ed.ac.uk,1,472
57735525,0.00026,of_28063_5,wdewulf,r,08/19/2026,21:04:56,eddie@node1h11.ecdf.ed.ac.uk,1,473
57735525,0.00026,of_28063_5,wdewulf,r,08/19/2026,21:04:56,eddie@node1m15.ecdf.ed.ac.uk,1,474
57735525,0.00026,of_28063_5,wdewulf,r,08/19/2026,21:04:41,eddie@node1i13.ecdf.ed.ac.uk,1,467
57735525,0.00026,of_28063_5,wdewulf,r,08/19/2026,21:04:41,eddie@node1r07.ecdf.ed.ac.uk,1,468
57735525,0.00026,of_28063_5,wdewulf,r,08/19/2026,21:04:41,eddie@node1s16.ecdf.ed.ac.uk,1,469
57735525,0.00026,of_28063_5,wdewulf,r,08/19/2026,21:04:11,eddie@node1f07.ecdf.ed.ac.uk,1,458
57735525,0.00026,of_28063_5,wdewulf,r,08/19/2026,21:04:11,eddie@node1s13.ecdf.ed.ac.uk,1,459
57735525,0.00026,of_28063_5,wdewulf,r,08/19/2026,21:04:11,eddie@node1o12.ecdf.ed.ac.uk,1,460
57735525,0.00026,of_28063_5,wdewulf,r,08/19/2026,21:04:11,eddie@node1j25.ecdf.ed.ac.uk,1,461
57735525,0.00026,of_28063_5,wdewulf,r,08/19/2026,21:04:11,eddie@node1o07.ecdf.ed.ac.uk,1,462
57735525,0.00026,of_28063_5,wdewulf,r,08/19/2026,21:04:11,eddie@node1m14.ecdf.ed.ac.uk,1,463
57735525,0.00026,of_28063_5,wdewulf,r,08/19/2026,21:03:56,eddie@node1s14.ecdf.ed.ac.uk,1,452
57735525,0.00026,of_28063_5,wdewulf,r,08/19/2026,21:03:56,eddie@node1s18.ecdf.ed.ac.uk,1,453
57735525,0.00026,of_28063_5,wdewulf,r,08/19/2026,21:03:56,eddie@node1m16.ecdf.ed.ac.uk,1,454
57735525,0.00026,of_28063_5,wdewulf,r,08/19/2026,21:03:56,eddie@node1s17.ecdf.ed.ac.uk,1,455
57735525,0.00026,of_28063_5,wdewulf,r,08/19/2026,21:03:56,eddie@node1h16.ecdf.ed.ac.uk,1,456
57735525,0.00026,of_28063_5,wdewulf,r,08/19/2026,21:03:56,eddie@node1h12.ecdf.ed.ac.uk,1,457
57735525,0.00026,of_28063_5,wdewulf,r,08/19/2026,21:04:26,eddie@node1o14.ecdf.ed.ac.uk,1,464
57735525,0.00026,of_28063_5,wdewulf,r,08/19/2026,21:04:26,eddie@node1h13.ecdf.ed.ac.uk,1,465
57735525,0.00026,of_28063_5,wdewulf,r,08/19/2026,21:04:26,eddie@node1s13.ecdf.ed.ac.uk,1,466
57735525,0.00025,of_28063_5,wdewulf,r,08/19/2026,21:01:41,eddie@node1i14.ecdf.ed.ac.uk,1,404
57735525,0.00025,of_28063_5,wdewulf,r,08/19/2026,21:01:41,eddie@node1s18.ecdf.ed.ac.uk,1,405
57735525,0.00025,of_28063_5,wdewulf,r,08/19/2026,21:01:41,eddie@node1m14.ecdf.ed.ac.uk,1,406
57735525,0.00025,of_28063_5,wdewulf,r,08/19/2026,21:01:41,eddie@node1r05.ecdf.ed.ac.uk,1,407
57735525,0.00025,of_28063_5,wdewulf,r,08/19/2026,21:01:41,eddie@node1h13.ecdf.ed.ac.uk,1,408
57735525,0.00025,of_28063_5,wdewulf,r,08/19/2026,21:01:41,eddie@node1m14.ecdf.ed.ac.uk,1,409
57735525,0.00025,of_28063_5,wdewulf,r,08/19/2026,21:01:41,eddie@node1j27.ecdf.ed.ac.uk,1,410
57735525,0.00025,of_28063_5,wdewulf,r,08/19/2026,21:01:41,eddie@node1s16.ecdf.ed.ac.uk,1,411
57735525,0.00025,of_28063_5,wdewulf,r,08/19/2026,21:02:56,eddie@node1i13.ecdf.ed.ac.uk,1,434
57735525,0.00025,of_28063_5,wdewulf,r,08/19/2026,21:02:56,eddie@node1m15.ecdf.ed.ac.uk,1,435
57735525,0.00025,of_28063_5,wdewulf,r,08/19/2026,21:02:56,eddie@node1o07.ecdf.ed.ac.uk,1,436
57735525,0.00025,of_28063_5,wdewulf,r,08/19/2026,21:02:56,eddie@node1h13.ecdf.ed.ac.uk,1,437
57735525,0.00025,of_28063_5,wdewulf,r,08/19/2026,21:02:56,eddie@node1m15.ecdf.ed.ac.uk,1,438
57735525,0.00025,of_28063_5,wdewulf,r,08/19/2026,21:02:56,eddie@node1o07.ecdf.ed.ac.uk,1,439
57735525,0.00025,of_28063_5,wdewulf,r,08/19/2026,21:02:11,eddie@node1i06.ecdf.ed.ac.uk,1,418
57735525,0.00025,of_28063_5,wdewulf,r,08/19/2026,21:02:11,eddie@node1h08.ecdf.ed.ac.uk,1,419
57735525,0.00025,of_28063_5,wdewulf,r,08/19/2026,21:02:11,eddie@node1r18.ecdf.ed.ac.uk,1,420
57735525,0.00025,of_28063_5,wdewulf,r,08/19/2026,21:02:11,eddie@node1h04.ecdf.ed.ac.uk,1,421
57735525,0.00025,of_28063_5,wdewulf,r,08/19/2026,21:02:11,eddie@node1s18.ecdf.ed.ac.uk,1,422
57735525,0.00025,of_28063_5,wdewulf,r,08/19/2026,21:02:11,eddie@node1r05.ecdf.ed.ac.uk,1,423
57735525,0.00025,of_28063_5,wdewulf,r,08/19/2026,21:02:11,eddie@node1m15.ecdf.ed.ac.uk,1,424
57735525,0.00025,of_28063_5,wdewulf,r,08/19/2026,21:02:41,eddie@node1s17.ecdf.ed.ac.uk,1,427
57735525,0.00025,of_28063_5,wdewulf,r,08/19/2026,21:02:41,eddie@node1h10.ecdf.ed.ac.uk,1,428
57735525,0.00025,of_28063_5,wdewulf,r,08/19/2026,21:02:41,eddie@node1h09.ecdf.ed.ac.uk,1,429
57735525,0.00025,of_28063_5,wdewulf,r,08/19/2026,21:02:41,eddie@node1j25.ecdf.ed.ac.uk,1,430
57735525,0.00025,of_28063_5,wdewulf,r,08/19/2026,21:02:41,eddie@node1s17.ecdf.ed.ac.uk,1,431
57735525,0.00025,of_28063_5,wdewulf,r,08/19/2026,21:02:41,eddie@node1s13.ecdf.ed.ac.uk,1,432
57735525,0.00025,of_28063_5,wdewulf,r,08/19/2026,21:02:41,eddie@node1h11.ecdf.ed.ac.uk,1,433
57735525,0.00025,of_28063_5,wdewulf,r,08/19/2026,21:03:26,eddie@node1f09.ecdf.ed.ac.uk,1,444
57735525,0.00025,of_28063_5,wdewulf,r,08/19/2026,21:03:26,eddie@node1i15.ecdf.ed.ac.uk,1,445
57735525,0.00025,of_28063_5,wdewulf,r,08/19/2026,21:03:26,eddie@node1i13.ecdf.ed.ac.uk,1,446
57735525,0.00025,of_28063_5,wdewulf,r,08/19/2026,21:03:26,eddie@node1o10.ecdf.ed.ac.uk,1,447
57735525,0.00025,of_28063_5,wdewulf,r,08/19/2026,21:03:26,eddie@node1s18.ecdf.ed.ac.uk,1,448
57735525,0.00025,of_28063_5,wdewulf,r,08/19/2026,21:01:56,eddie@node1s17.ecdf.ed.ac.uk,1,412
57735525,0.00025,of_28063_5,wdewulf,r,08/19/2026,21:01:56,eddie@node1h10.ecdf.ed.ac.uk,1,413
57735525,0.00025,of_28063_5,wdewulf,r,08/19/2026,21:01:56,eddie@node1s17.ecdf.ed.ac.uk,1,414
57735525,0.00025,of_28063_5,wdewulf,r,08/19/2026,21:01:56,eddie@node1h23.ecdf.ed.ac.uk,1,415
57735525,0.00025,of_28063_5,wdewulf,r,08/19/2026,21:01:56,eddie@node1s16.ecdf.ed.ac.uk,1,416
57735525,0.00025,of_28063_5,wdewulf,r,08/19/2026,21:01:56,eddie@node1s13.ecdf.ed.ac.uk,1,417
57735525,0.00025,of_28063_5,wdewulf,r,08/19/2026,21:03:11,eddie@node1f11.ecdf.ed.ac.uk,1,440
57735525,0.00025,of_28063_5,wdewulf,r,08/19/2026,21:03:11,eddie@node1s16.ecdf.ed.ac.uk,1,441
57735525,0.00025,of_28063_5,wdewulf,r,08/19/2026,21:03:11,eddie@node1s13.ecdf.ed.ac.uk,1,442
57735525,0.00025,of_28063_5,wdewulf,r,08/19/2026,21:03:11,eddie@node1s19.ecdf.ed.ac.uk,1,443
57735525,0.00025,of_28063_5,wdewulf,r,08/19/2026,21:02:26,eddie@node1h13.ecdf.ed.ac.uk,1,425
57735525,0.00025,of_28063_5,wdewulf,r,08/19/2026,21:02:26,eddie@node1m14.ecdf.ed.ac.uk,1,426
57735525,0.00025,of_28063_5,wdewulf,r,08/19/2026,21:03:41,eddie@node1i06.ecdf.ed.ac.uk,1,449
57735525,0.00025,of_28063_5,wdewulf,r,08/19/2026,21:03:41,eddie@node1h05.ecdf.ed.ac.uk,1,450
57735525,0.00025,of_28063_5,wdewulf,r,08/19/2026,21:03:41,eddie@node1r12.ecdf.ed.ac.uk,1,451
57735525,0.00025,of_28063_5,wdewulf,r,08/19/2026,21:06:56,eddie@node1h21.ecdf.ed.ac.uk,1,510
57735525,0.00025,of_28063_5,wdewulf,r,08/19/2026,21:06:56,eddie@node1o09.ecdf.ed.ac.uk,1,511
57735525,0.00025,of_28063_5,wdewulf,r,08/19/2026,21:06:56,eddie@node1h13.ecdf.ed.ac.uk,1,512
57735525,0.00025,of_28063_5,wdewulf,r,08/19/2026,21:06:56,eddie@node1o08.ecdf.ed.ac.uk,1,513
57735525,0.00025,of_28063_5,wdewulf,r,08/19/2026,21:06:56,eddie@node1h23.ecdf.ed.ac.uk,1,514
57735525,0.00025,of_28063_5,wdewulf,r,08/19/2026,21:06:56,eddie@node1h11.ecdf.ed.ac.uk,1,515
57735525,0.00025,of_28063_5,wdewulf,r,08/19/2026,21:06:56,eddie@node1m15.ecdf.ed.ac.uk,1,516
57735525,0.00025,of_28063_5,wdewulf,r,08/19/2026,21:06:56,eddie@node1j25.ecdf.ed.ac.uk,1,517
57735525,0.00025,of_28063_5,wdewulf,r,08/19/2026,21:07:11,eddie@node1o11.ecdf.ed.ac.uk,1,518
57735525,0.00025,of_28063_5,wdewulf,r,08/19/2026,21:07:11,eddie@node1o07.ecdf.ed.ac.uk,1,519
57735525,0.00025,of_28063_5,wdewulf,r,08/19/2026,21:07:11,eddie@node1s16.ecdf.ed.ac.uk,1,520
57735525,0.00025,of_28063_5,wdewulf,r,08/19/2026,21:07:11,eddie@node1h13.ecdf.ed.ac.uk,1,521
57735525,0.00025,of_28063_5,wdewulf,r,08/19/2026,21:07:11,eddie@node1h12.ecdf.ed.ac.uk,1,522
57735525,0.00025,of_28063_5,wdewulf,r,08/19/2026,21:07:11,eddie@node1o07.ecdf.ed.ac.uk,1,523
57735525,0.00025,of_28063_5,wdewulf,r,08/19/2026,21:07:11,eddie@node1s19.ecdf.ed.ac.uk,1,524
57735525,0.00025,of_28063_5,wdewulf,r,08/19/2026,21:06:41,eddie@node1h12.ecdf.ed.ac.uk,1,506
57735525,0.00025,of_28063_5,wdewulf,r,08/19/2026,21:06:41,eddie@node1s16.ecdf.ed.ac.uk,1,507
57735525,0.00025,of_28063_5,wdewulf,r,08/19/2026,21:06:41,eddie@node1m14.ecdf.ed.ac.uk,1,508
57735525,0.00025,of_28063_5,wdewulf,r,08/19/2026,21:06:41,eddie@node1s17.ecdf.ed.ac.uk,1,509
57735525,0.00025,of_28063_5,wdewulf,r,08/19/2026,21:07:26,eddie@node1h11.ecdf.ed.ac.uk,1,525
57735525,0.00025,of_28063_5,wdewulf,r,08/19/2026,21:07:26,eddie@node1j27.ecdf.ed.ac.uk,1,526
57735525,0.00025,of_28063_5,wdewulf,r,08/19/2026,21:07:26,eddie@node1o08.ecdf.ed.ac.uk,1,527
57735525,0.00025,of_28063_5,wdewulf,r,08/19/2026,21:07:41,eddie@node1h13.ecdf.ed.ac.uk,1,528
57735525,0.00025,of_28063_5,wdewulf,r,08/19/2026,21:07:41,eddie@node1o07.ecdf.ed.ac.uk,1,529
57735525,0.00025,of_28063_5,wdewulf,r,08/19/2026,21:07:41,eddie@node1h12.ecdf.ed.ac.uk,1,530
57735525,0.00025,of_28063_5,wdewulf,r,08/19/2026,21:06:26,eddie@node1o07.ecdf.ed.ac.uk,1,504
57735525,0.00025,of_28063_5,wdewulf,r,08/19/2026,21:06:26,eddie@node1o07.ecdf.ed.ac.uk,1,505
57735525,0.00025,of_28063_5,wdewulf,r,08/19/2026,21:07:56,eddie@node1i15.ecdf.ed.ac.uk,1,531
57735525,0.00025,of_28063_5,wdewulf,r,08/19/2026,21:07:56,eddie@node1s14.ecdf.ed.ac.uk,1,532
57735525,0.00025,of_28063_5,wdewulf,r,08/19/2026,21:07:56,eddie@node1h23.ecdf.ed.ac.uk,1,533
57735525,0.00025,of_28063_5,wdewulf,r,08/19/2026,21:07:56,eddie@node1h11.ecdf.ed.ac.uk,1,534
57735525,0.00025,of_28063_5,wdewulf,r,08/19/2026,21:07:56,eddie@node1j25.ecdf.ed.ac.uk,1,535
57735525,0.00025,of_28063_5,wdewulf,r,08/19/2026,21:07:56,eddie@node1m15.ecdf.ed.ac.uk,1,536
57735525,0.00025,of_28063_5,wdewulf,r,08/19/2026,21:01:26,eddie@node1o09.ecdf.ed.ac.uk,1,395
57735525,0.00025,of_28063_5,wdewulf,r,08/19/2026,21:01:26,eddie@node1o09.ecdf.ed.ac.uk,1,396
57735525,0.00025,of_28063_5,wdewulf,r,08/19/2026,21:01:26,eddie@node1s14.ecdf.ed.ac.uk,1,397
57735525,0.00025,of_28063_5,wdewulf,r,08/19/2026,21:01:26,eddie@node1r19.ecdf.ed.ac.uk,1,398
57735525,0.00025,of_28063_5,wdewulf,r,08/19/2026,21:01:26,eddie@node1o14.ecdf.ed.ac.uk,1,399
57735525,0.00025,of_28063_5,wdewulf,r,08/19/2026,21:01:26,eddie@node1s13.ecdf.ed.ac.uk,1,400
57735525,0.00025,of_28063_5,wdewulf,r,08/19/2026,21:01:26,eddie@node1r12.ecdf.ed.ac.uk,1,401
57735525,0.00025,of_28063_5,wdewulf,r,08/19/2026,21:01:26,eddie@node1h16.ecdf.ed.ac.uk,1,402
57735525,0.00025,of_28063_5,wdewulf,r,08/19/2026,21:01:26,eddie@node1s19.ecdf.ed.ac.uk,1,403
57735525,0.00025,of_28063_5,wdewulf,r,08/19/2026,21:00:41,eddie@node1l21.ecdf.ed.ac.uk,1,376
57735525,0.00025,of_28063_5,wdewulf,r,08/19/2026,21:00:41,eddie@node1r17.ecdf.ed.ac.uk,1,377
57735525,0.00025,of_28063_5,wdewulf,r,08/19/2026,21:00:41,eddie@node1j28.ecdf.ed.ac.uk,1,378
57735525,0.00025,of_28063_5,wdewulf,r,08/19/2026,21:00:41,eddie@node1s17.ecdf.ed.ac.uk,1,379
57735525,0.00025,of_28063_5,wdewulf,r,08/19/2026,21:00:41,eddie@node1h12.ecdf.ed.ac.uk,1,380
57735525,0.00025,of_28063_5,wdewulf,r,08/19/2026,21:00:41,eddie@node1m14.ecdf.ed.ac.uk,1,381
57735525,0.00025,of_28063_5,wdewulf,r,08/19/2026,21:00:41,eddie@node1h23.ecdf.ed.ac.uk,1,382
57735525,0.00025,of_28063_5,wdewulf,r,08/19/2026,21:00:41,eddie@node1h10.ecdf.ed.ac.uk,1,383
57735525,0.00025,of_28063_5,wdewulf,r,08/19/2026,21:00:11,eddie@node1s13.ecdf.ed.ac.uk,1,364
57735525,0.00025,of_28063_5,wdewulf,r,08/19/2026,21:00:11,eddie@node1o08.ecdf.ed.ac.uk,1,365
57735525,0.00025,of_28063_5,wdewulf,r,08/19/2026,21:00:11,eddie@node1h16.ecdf.ed.ac.uk,1,366
57735525,0.00025,of_28063_5,wdewulf,r,08/19/2026,21:00:11,eddie@node1h23.ecdf.ed.ac.uk,1,367
57735525,0.00025,of_28063_5,wdewulf,r,08/19/2026,21:00:11,eddie@node1r12.ecdf.ed.ac.uk,1,368
57735525,0.00025,of_28063_5,wdewulf,r,08/19/2026,21:00:11,eddie@node1h09.ecdf.ed.ac.uk,1,369
57735525,0.00025,of_28063_5,wdewulf,r,08/19/2026,21:00:11,eddie@node1j25.ecdf.ed.ac.uk,1,370
57735525,0.00025,of_28063_5,wdewulf,r,08/19/2026,21:01:11,eddie@node1l24.ecdf.ed.ac.uk,1,388
57735525,0.00025,of_28063_5,wdewulf,r,08/19/2026,21:01:11,eddie@node1h21.ecdf.ed.ac.uk,1,389
57735525,0.00025,of_28063_5,wdewulf,r,08/19/2026,21:01:11,eddie@node1s17.ecdf.ed.ac.uk,1,390
57735525,0.00025,of_28063_5,wdewulf,r,08/19/2026,21:01:11,eddie@node1r05.ecdf.ed.ac.uk,1,391
57735525,0.00025,of_28063_5,wdewulf,r,08/19/2026,21:01:11,eddie@node1m16.ecdf.ed.ac.uk,1,392
57735525,0.00025,of_28063_5,wdewulf,r,08/19/2026,21:01:11,eddie@node1o12.ecdf.ed.ac.uk,1,393
57735525,0.00025,of_28063_5,wdewulf,r,08/19/2026,21:01:11,eddie@node1o11.ecdf.ed.ac.uk,1,394
57735525,0.00025,of_28063_5,wdewulf,r,08/19/2026,20:59:56,eddie@node1r17.ecdf.ed.ac.uk,1,358
57735525,0.00025,of_28063_5,wdewulf,r,08/19/2026,20:59:56,eddie@node1o14.ecdf.ed.ac.uk,1,359
57735525,0.00025,of_28063_5,wdewulf,r,08/19/2026,20:59:56,eddie@node1r18.ecdf.ed.ac.uk,1,360
57735525,0.00025,of_28063_5,wdewulf,r,08/19/2026,20:59:56,eddie@node1o12.ecdf.ed.ac.uk,1,361
57735525,0.00025,of_28063_5,wdewulf,r,08/19/2026,20:59:56,eddie@node1o14.ecdf.ed.ac.uk,1,362
57735525,0.00025,of_28063_5,wdewulf,r,08/19/2026,20:59:56,eddie@node1s16.ecdf.ed.ac.uk,1,363
57735525,0.00025,of_28063_5,wdewulf,r,08/19/2026,21:00:26,eddie@node1h21.ecdf.ed.ac.uk,1,371
57735525,0.00025,of_28063_5,wdewulf,r,08/19/2026,21:00:26,eddie@node1o11.ecdf.ed.ac.uk,1,372
57735525,0.00025,of_28063_5,wdewulf,r,08/19/2026,21:00:26,eddie@node1r05.ecdf.ed.ac.uk,1,373
57735525,0.00025,of_28063_5,wdewulf,r,08/19/2026,21:00:26,eddie@node1s19.ecdf.ed.ac.uk,1,374
57735525,0.00025,of_28063_5,wdewulf,r,08/19/2026,21:00:26,eddie@node1r12.ecdf.ed.ac.uk,1,375
57735525,0.00025,of_28063_5,wdewulf,r,08/19/2026,20:59:26,eddie@node1o09.ecdf.ed.ac.uk,1,350
57735525,0.00025,of_28063_5,wdewulf,r,08/19/2026,20:59:26,eddie@node1h08.ecdf.ed.ac.uk,1,351
57735525,0.00025,of_28063_5,wdewulf,r,08/19/2026,20:59:26,eddie@node1s13.ecdf.ed.ac.uk,1,352
57735525,0.00025,of_28063_5,wdewulf,r,08/19/2026,20:59:26,eddie@node1s18.ecdf.ed.ac.uk,1,353
57735525,0.00025,of_28063_5,wdewulf,r,08/19/2026,20:59:41,eddie@node1r07.ecdf.ed.ac.uk,1,354
57735525,0.00025,of_28063_5,wdewulf,r,08/19/2026,20:59:41,eddie@node1o11.ecdf.ed.ac.uk,1,355
57735525,0.00025,of_28063_5,wdewulf,r,08/19/2026,20:59:41,eddie@node1r05.ecdf.ed.ac.uk,1,356
57735525,0.00025,of_28063_5,wdewulf,r,08/19/2026,20:59:41,eddie@node1r18.ecdf.ed.ac.uk,1,357
57735525,0.00025,of_28063_5,wdewulf,r,08/19/2026,21:00:56,eddie@node1h13.ecdf.ed.ac.uk,1,384
57735525,0.00025,of_28063_5,wdewulf,r,08/19/2026,21:00:56,eddie@node1s13.ecdf.ed.ac.uk,1,385
57735525,0.00025,of_28063_5,wdewulf,r,08/19/2026,21:00:56,eddie@node1o10.ecdf.ed.ac.uk,1,386
57735525,0.00025,of_28063_5,wdewulf,r,08/19/2026,21:00:56,eddie@node1o08.ecdf.ed.ac.uk,1,387
57735525,0.00025,of_28063_5,wdewulf,r,08/19/2026,20:58:26,eddie@node1o03.ecdf.ed.ac.uk,1,326
57735525,0.00025,of_28063_5,wdewulf,r,08/19/2026,20:58:26,eddie@node1m14.ecdf.ed.ac.uk,1,327
57735525,0.00025,of_28063_5,wdewulf,r,08/19/2026,20:58:26,eddie@node1s19.ecdf.ed.ac.uk,1,328
57735525,0.00025,of_28063_5,wdewulf,r,08/19/2026,20:58:26,eddie@node1m14.ecdf.ed.ac.uk,1,329
57735525,0.00025,of_28063_5,wdewulf,r,08/19/2026,20:58:26,eddie@node1r12.ecdf.ed.ac.uk,1,330
57735525,0.00025,of_28063_5,wdewulf,r,08/19/2026,20:58:26,eddie@node1r05.ecdf.ed.ac.uk,1,331
57735525,0.00025,of_28063_5,wdewulf,r,08/19/2026,20:58:26,eddie@node1s19.ecdf.ed.ac.uk,1,332
57735525,0.00025,of_28063_5,wdewulf,r,08/19/2026,20:58:26,eddie@node1s20.ecdf.ed.ac.uk,1,333
57735525,0.00025,of_28063_5,wdewulf,r,08/19/2026,20:58:26,eddie@node1h09.ecdf.ed.ac.uk,1,334
57735525,0.00025,of_28063_5,wdewulf,r,08/19/2026,20:57:11,eddie@node1r12.ecdf.ed.ac.uk,1,292
57735525,0.00025,of_28063_5,wdewulf,r,08/19/2026,20:57:12,eddie@node1h24.ecdf.ed.ac.uk,1,293
57735525,0.00025,of_28063_5,wdewulf,r,08/19/2026,20:57:12,eddie@node1h04.ecdf.ed.ac.uk,1,294
57735525,0.00025,of_28063_5,wdewulf,r,08/19/2026,20:57:12,eddie@node1o12.ecdf.ed.ac.uk,1,295
57735525,0.00025,of_28063_5,wdewulf,r,08/19/2026,20:57:12,eddie@node1h21.ecdf.ed.ac.uk,1,296
57735525,0.00025,of_28063_5,wdewulf,r,08/19/2026,20:57:12,eddie@node1o10.ecdf.ed.ac.uk,1,297
57735525,0.00025,of_28063_5,wdewulf,r,08/19/2026,20:57:12,eddie@node1o11.ecdf.ed.ac.uk,1,298
57735525,0.00025,of_28063_5,wdewulf,r,08/19/2026,20:57:12,eddie@node1s16.ecdf.ed.ac.uk,1,299
57735525,0.00025,of_28063_5,wdewulf,r,08/19/2026,20:57:12,eddie@node1r12.ecdf.ed.ac.uk,1,300
57735525,0.00025,of_28063_5,wdewulf,r,08/19/2026,20:56:42,eddie@node1o10.ecdf.ed.ac.uk,1,281
57735525,0.00025,of_28063_5,wdewulf,r,08/19/2026,20:56:42,eddie@node1s18.ecdf.ed.ac.uk,1,282
57735525,0.00025,of_28063_5,wdewulf,r,08/19/2026,20:56:42,eddie@node1r18.ecdf.ed.ac.uk,1,283
57735525,0.00025,of_28063_5,wdewulf,r,08/19/2026,20:56:42,eddie@node1s14.ecdf.ed.ac.uk,1,284
57735525,0.00025,of_28063_5,wdewulf,r,08/19/2026,20:56:42,eddie@node1s16.ecdf.ed.ac.uk,1,285
57735525,0.00025,of_28063_5,wdewulf,r,08/19/2026,20:56:42,eddie@node1o10.ecdf.ed.ac.uk,1,286
57735525,0.00025,of_28063_5,wdewulf,r,08/19/2026,20:56:42,eddie@node1s18.ecdf.ed.ac.uk,1,287
57735525,0.00025,of_28063_5,wdewulf,r,08/19/2026,20:56:42,eddie@node1o12.ecdf.ed.ac.uk,1,288
57735525,0.00025,of_28063_5,wdewulf,r,08/19/2026,20:57:41,eddie@node1f11.ecdf.ed.ac.uk,1,306
57735525,0.00025,of_28063_5,wdewulf,r,08/19/2026,20:57:41,eddie@node1m16.ecdf.ed.ac.uk,1,307
57735525,0.00025,of_28063_5,wdewulf,r,08/19/2026,20:57:41,eddie@node1r05.ecdf.ed.ac.uk,1,308
57735525,0.00025,of_28063_5,wdewulf,r,08/19/2026,20:57:41,eddie@node1s14.ecdf.ed.ac.uk,1,309
57735525,0.00025,of_28063_5,wdewulf,r,08/19/2026,20:57:41,eddie@node1r18.ecdf.ed.ac.uk,1,310
57735525,0.00025,of_28063_5,wdewulf,r,08/19/2026,20:57:41,eddie@node1o11.ecdf.ed.ac.uk,1,311
57735525,0.00025,of_28063_5,wdewulf,r,08/19/2026,20:57:42,eddie@node1h16.ecdf.ed.ac.uk,1,312
57735525,0.00025,of_28063_5,wdewulf,r,08/19/2026,20:57:42,eddie@node1m16.ecdf.ed.ac.uk,1,313
57735525,0.00025,of_28063_5,wdewulf,r,08/19/2026,20:58:11,eddie@node1l24.ecdf.ed.ac.uk,1,318
57735525,0.00025,of_28063_5,wdewulf,r,08/19/2026,20:58:11,eddie@node1r07.ecdf.ed.ac.uk,1,319
57735525,0.00025,of_28063_5,wdewulf,r,08/19/2026,20:58:11,eddie@node1s13.ecdf.ed.ac.uk,1,320
57735525,0.00025,of_28063_5,wdewulf,r,08/19/2026,20:58:11,eddie@node1s13.ecdf.ed.ac.uk,1,321
57735525,0.00025,of_28063_5,wdewulf,r,08/19/2026,20:58:11,eddie@node1s13.ecdf.ed.ac.uk,1,322
57735525,0.00025,of_28063_5,wdewulf,r,08/19/2026,20:58:11,eddie@node1m14.ecdf.ed.ac.uk,1,323
57735525,0.00025,of_28063_5,wdewulf,r,08/19/2026,20:58:11,eddie@node1s19.ecdf.ed.ac.uk,1,324
57735525,0.00025,of_28063_5,wdewulf,r,08/19/2026,20:58:11,eddie@node1s13.ecdf.ed.ac.uk,1,325
57735525,0.00025,of_28063_5,wdewulf,r,08/19/2026,20:59:11,eddie@node1l25.ecdf.ed.ac.uk,1,342
57735525,0.00025,of_28063_5,wdewulf,r,08/19/2026,20:59:11,eddie@node1h21.ecdf.ed.ac.uk,1,343
57735525,0.00025,of_28063_5,wdewulf,r,08/19/2026,20:59:11,eddie@node1s13.ecdf.ed.ac.uk,1,344
57735525,0.00025,of_28063_5,wdewulf,r,08/19/2026,20:59:11,eddie@node1o11.ecdf.ed.ac.uk,1,345
57735525,0.00025,of_28063_5,wdewulf,r,08/19/2026,20:59:11,eddie@node1h10.ecdf.ed.ac.uk,1,346
57735525,0.00025,of_28063_5,wdewulf,r,08/19/2026,20:59:11,eddie@node1r19.ecdf.ed.ac.uk,1,347
57735525,0.00025,of_28063_5,wdewulf,r,08/19/2026,20:59:11,eddie@node1h23.ecdf.ed.ac.uk,1,348
57735525,0.00025,of_28063_5,wdewulf,r,08/19/2026,20:59:11,eddie@node1m14.ecdf.ed.ac.uk,1,349
57735525,0.00025,of_28063_5,wdewulf,r,08/19/2026,20:57:26,eddie@node1r19.ecdf.ed.ac.uk,1,301
57735525,0.00025,of_28063_5,wdewulf,r,08/19/2026,20:57:26,eddie@node1r18.ecdf.ed.ac.uk,1,302
57735525,0.00025,of_28063_5,wdewulf,r,08/19/2026,20:57:26,eddie@node1h16.ecdf.ed.ac.uk,1,303
57735525,0.00025,of_28063_5,wdewulf,r,08/19/2026,20:57:26,eddie@node1h21.ecdf.ed.ac.uk,1,304
57735525,0.00025,of_28063_5,wdewulf,r,08/19/2026,20:57:26,eddie@node1h08.ecdf.ed.ac.uk,1,305
57735525,0.00025,of_28063_5,wdewulf,r,08/19/2026,20:57:56,eddie@node1r18.ecdf.ed.ac.uk,1,314
57735525,0.00025,of_28063_5,wdewulf,r,08/19/2026,20:57:56,eddie@node1o12.ecdf.ed.ac.uk,1,315
57735525,0.00025,of_28063_5,wdewulf,r,08/19/2026,20:57:56,eddie@node1j25.ecdf.ed.ac.uk,1,316
57735525,0.00025,of_28063_5,wdewulf,r,08/19/2026,20:57:56,eddie@node1r18.ecdf.ed.ac.uk,1,317
57735525,0.00025,of_28063_5,wdewulf,r,08/19/2026,20:58:56,eddie@node1f06.ecdf.ed.ac.uk,1,338
57735525,0.00025,of_28063_5,wdewulf,r,08/19/2026,20:58:56,eddie@node1r16.ecdf.ed.ac.uk,1,339
57735525,0.00025,of_28063_5,wdewulf,r,08/19/2026,20:58:56,eddie@node1h07.ecdf.ed.ac.uk,1,340
57735525,0.00025,of_28063_5,wdewulf,r,08/19/2026,20:58:56,eddie@node1r06.ecdf.ed.ac.uk,1,341
57735525,0.00025,of_28063_5,wdewulf,r,08/19/2026,20:56:56,eddie@node1r07.ecdf.ed.ac.uk,1,289
57735525,0.00025,of_28063_5,wdewulf,r,08/19/2026,20:56:56,eddie@node1j28.ecdf.ed.ac.uk,1,290
57735525,0.00025,of_28063_5,wdewulf,r,08/19/2026,20:56:56,eddie@node1r05.ecdf.ed.ac.uk,1,291
57735525,0.00025,of_28063_5,wdewulf,r,08/19/2026,20:58:41,eddie@node1h10.ecdf.ed.ac.uk,1,335
57735525,0.00025,of_28063_5,wdewulf,r,08/19/2026,20:58:41,eddie@node1o10.ecdf.ed.ac.uk,1,336
57735525,0.00025,of_28063_5,wdewulf,r,08/19/2026,20:58:41,eddie@node1s16.ecdf.ed.ac.uk,1,337
57735525,0.00025,of_28063_5,wdewulf,r,08/19/2026,20:55:56,eddie@node1o09.ecdf.ed.ac.uk,1,266
57735525,0.00025,of_28063_5,wdewulf,r,08/19/2026,20:55:56,eddie@node1h03.ecdf.ed.ac.uk,1,267
57735525,0.00025,of_28063_5,wdewulf,r,08/19/2026,20:55:56,eddie@node1r19.ecdf.ed.ac.uk,1,268
57735525,0.00025,of_28063_5,wdewulf,r,08/19/2026,20:55:56,eddie@node1h08.ecdf.ed.ac.uk,1,269
57735525,0.00025,of_28063_5,wdewulf,r,08/19/2026,20:55:56,eddie@node1s16.ecdf.ed.ac.uk,1,270
57735525,0.00025,of_28063_5,wdewulf,r,08/19/2026,20:55:56,eddie@node1h09.ecdf.ed.ac.uk,1,271
57735525,0.00025,of_28063_5,wdewulf,r,08/19/2026,20:55:56,eddie@node1r12.ecdf.ed.ac.uk,1,272
57735525,0.00025,of_28063_5,wdewulf,r,08/19/2026,20:55:26,eddie@node1i02.ecdf.ed.ac.uk,1,258
57735525,0.00025,of_28063_5,wdewulf,r,08/19/2026,20:55:26,eddie@node1r17.ecdf.ed.ac.uk,1,259
57735525,0.00025,of_28063_5,wdewulf,r,08/19/2026,20:55:26,eddie@node1r17.ecdf.ed.ac.uk,1,260
57735525,0.00025,of_28063_5,wdewulf,r,08/19/2026,20:55:26,eddie@node1h07.ecdf.ed.ac.uk,1,261
57735525,0.00025,of_28063_5,wdewulf,r,08/19/2026,20:55:26,eddie@node1h05.ecdf.ed.ac.uk,1,262
57735525,0.00025,of_28063_5,wdewulf,r,08/19/2026,20:55:26,eddie@node1r18.ecdf.ed.ac.uk,1,263
57735525,0.00025,of_28063_5,wdewulf,r,08/19/2026,20:56:26,eddie@node1l26.ecdf.ed.ac.uk,1,277
57735525,0.00025,of_28063_5,wdewulf,r,08/19/2026,20:56:26,eddie@node1h07.ecdf.ed.ac.uk,1,278
57735525,0.00025,of_28063_5,wdewulf,r,08/19/2026,20:56:26,eddie@node1o12.ecdf.ed.ac.uk,1,279
57735525,0.00025,of_28063_5,wdewulf,r,08/19/2026,20:56:26,eddie@node1h21.ecdf.ed.ac.uk,1,280
57735525,0.00025,of_28063_5,wdewulf,r,08/19/2026,20:56:11,eddie@node1r15.ecdf.ed.ac.uk,1,273
57735525,0.00025,of_28063_5,wdewulf,r,08/19/2026,20:56:11,eddie@node1o09.ecdf.ed.ac.uk,1,274
57735525,0.00025,of_28063_5,wdewulf,r,08/19/2026,20:56:11,eddie@node1s14.ecdf.ed.ac.uk,1,275
57735525,0.00025,of_28063_5,wdewulf,r,08/19/2026,20:56:11,eddie@node1s18.ecdf.ed.ac.uk,1,276
57735525,0.00025,of_28063_5,wdewulf,r,08/19/2026,20:55:41,eddie@node1s18.ecdf.ed.ac.uk,1,264
57735525,0.00025,of_28063_5,wdewulf,r,08/19/2026,20:55:41,eddie@node1j27.ecdf.ed.ac.uk,1,265
57735525,0.00025,of_28063_5,wdewulf,r,08/19/2026,20:55:11,eddie@node1f08.ecdf.ed.ac.uk,1,255
57735525,0.00025,of_28063_5,wdewulf,r,08/19/2026,20:55:11,eddie@node1o10.ecdf.ed.ac.uk,1,256
57735525,0.00025,of_28063_5,wdewulf,r,08/19/2026,20:55:11,eddie@node1o11.ecdf.ed.ac.uk,1,257
57735525,0.00025,of_28063_5,wdewulf,r,08/19/2026,20:54:57,eddie@node1l28.ecdf.ed.ac.uk,1,252
57735525,0.00025,of_28063_5,wdewulf,r,08/19/2026,20:54:57,eddie@node1o14.ecdf.ed.ac.uk,1,253
57735525,0.00025,of_28063_5,wdewulf,r,08/19/2026,20:54:57,eddie@node1o12.ecdf.ed.ac.uk,1,254
57728307,0.00025,runlisfloo,asiripat,r,08/19/2026,16:49:15,eddie@node1m22.ecdf.ed.ac.uk,1,8173
57735525,0.00025,of_28063_5,wdewulf,r,08/19/2026,20:53:06,eddie@node1i07.ecdf.ed.ac.uk,1,203
57735525,0.00025,of_28063_5,wdewulf,r,08/19/2026,20:53:06,eddie@node1l23.ecdf.ed.ac.uk,1,204
57735525,0.00025,of_28063_5,wdewulf,r,08/19/2026,20:53:06,eddie@node1l21.ecdf.ed.ac.uk,1,205
57735525,0.00025,of_28063_5,wdewulf,r,08/19/2026,20:53:06,eddie@node1h04.ecdf.ed.ac.uk,1,206
57735525,0.00025,of_28063_5,wdewulf,r,08/19/2026,20:53:06,eddie@node1r19.ecdf.ed.ac.uk,1,207
57735525,0.00025,of_28063_5,wdewulf,r,08/19/2026,20:53:06,eddie@node1h08.ecdf.ed.ac.uk,1,208
57735525,0.00025,of_28063_5,wdewulf,r,08/19/2026,20:53:06,eddie@node1o12.ecdf.ed.ac.uk,1,209
57735525,0.00025,of_28063_5,wdewulf,r,08/19/2026,20:53:06,eddie@node1h24.ecdf.ed.ac.uk,1,210
57735525,0.00025,of_28063_5,wdewulf,r,08/19/2026,20:53:06,eddie@node1o12.ecdf.ed.ac.uk,1,211
57735525,0.00025,of_28063_5,wdewulf,r,08/19/2026,20:53:06,eddie@node1s17.ecdf.ed.ac.uk,1,212
57735525,0.00025,of_28063_5,wdewulf,r,08/19/2026,20:52:36,eddie@node1l24.ecdf.ed.ac.uk,1,189
57735525,0.00025,of_28063_5,wdewulf,r,08/19/2026,20:52:36,eddie@node1r07.ecdf.ed.ac.uk,1,190
57735525,0.00025,of_28063_5,wdewulf,r,08/19/2026,20:52:36,eddie@node1r06.ecdf.ed.ac.uk,1,191
57735525,0.00025,of_28063_5,wdewulf,r,08/19/2026,20:52:36,eddie@node1s14.ecdf.ed.ac.uk,1,192
57735525,0.00025,of_28063_5,wdewulf,r,08/19/2026,20:52:36,eddie@node1h09.ecdf.ed.ac.uk,1,193
57735525,0.00025,of_28063_5,wdewulf,r,08/19/2026,20:52:36,eddie@node1h08.ecdf.ed.ac.uk,1,194
57735525,0.00025,of_28063_5,wdewulf,r,08/19/2026,20:52:36,eddie@node1j25.ecdf.ed.ac.uk,1,195
57735525,0.00025,of_28063_5,wdewulf,r,08/19/2026,20:52:36,eddie@node1h03.ecdf.ed.ac.uk,1,196
57735525,0.00025,of_28063_5,wdewulf,r,08/19/2026,20:52:36,eddie@node1h24.ecdf.ed.ac.uk,1,197
57735525,0.00025,of_28063_5,wdewulf,r,08/19/2026,20:53:21,eddie@node1i13.ecdf.ed.ac.uk,1,213
57735525,0.00025,of_28063_5,wdewulf,r,08/19/2026,20:53:21,eddie@node1h05.ecdf.ed.ac.uk,1,214
57735525,0.00025,of_28063_5,wdewulf,r,08/19/2026,20:53:21,eddie@node1h21.ecdf.ed.ac.uk,1,215
57735525,0.00025,of_28063_5,wdewulf,r,08/19/2026,20:53:21,eddie@node1h21.ecdf.ed.ac.uk,1,216
57735525,0.00025,of_28063_5,wdewulf,r,08/19/2026,20:53:21,eddie@node1h09.ecdf.ed.ac.uk,1,217
57735525,0.00025,of_28063_5,wdewulf,r,08/19/2026,20:53:21,eddie@node1j25.ecdf.ed.ac.uk,1,218
57735525,0.00025,of_28063_5,wdewulf,r,08/19/2026,20:53:21,eddie@node1r18.ecdf.ed.ac.uk,1,219
57735525,0.00025,of_28063_5,wdewulf,r,08/19/2026,20:53:21,eddie@node1o14.ecdf.ed.ac.uk,1,220
57735525,0.00025,of_28063_5,wdewulf,r,08/19/2026,20:53:21,eddie@node1j25.ecdf.ed.ac.uk,1,221
57735525,0.00025,of_28063_5,wdewulf,r,08/19/2026,20:52:21,eddie@node1l23.ecdf.ed.ac.uk,1,181
57735525,0.00025,of_28063_5,wdewulf,r,08/19/2026,20:52:21,eddie@node1s18.ecdf.ed.ac.uk,1,182
57735525,0.00025,of_28063_5,wdewulf,r,08/19/2026,20:52:21,eddie@node1h08.ecdf.ed.ac.uk,1,183
57735525,0.00025,of_28063_5,wdewulf,r,08/19/2026,20:52:21,eddie@node1h10.ecdf.ed.ac.uk,1,184
57735525,0.00025,of_28063_5,wdewulf,r,08/19/2026,20:52:21,eddie@node1o11.ecdf.ed.ac.uk,1,185
57735525,0.00025,of_28063_5,wdewulf,r,08/19/2026,20:52:21,eddie@node1h23.ecdf.ed.ac.uk,1,186
57735525,0.00025,of_28063_5,wdewulf,r,08/19/2026,20:52:21,eddie@node1s19.ecdf.ed.ac.uk,1,187
57735525,0.00025,of_28063_5,wdewulf,r,08/19/2026,20:52:21,eddie@node1r12.ecdf.ed.ac.uk,1,188
57735525,0.00025,of_28063_5,wdewulf,r,08/19/2026,20:53:51,eddie@node1i02.ecdf.ed.ac.uk,1,226
57735525,0.00025,of_28063_5,wdewulf,r,08/19/2026,20:53:51,eddie@node1s18.ecdf.ed.ac.uk,1,227
57735525,0.00025,of_28063_5,wdewulf,r,08/19/2026,20:53:51,eddie@node1o10.ecdf.ed.ac.uk,1,228
57735525,0.00025,of_28063_5,wdewulf,r,08/19/2026,20:53:51,eddie@node1h12.ecdf.ed.ac.uk,1,229
57735525,0.00025,of_28063_5,wdewulf,r,08/19/2026,20:53:51,eddie@node1o10.ecdf.ed.ac.uk,1,230
57735525,0.00025,of_28063_5,wdewulf,r,08/19/2026,20:53:51,eddie@node1h08.ecdf.ed.ac.uk,1,231
57735525,0.00025,of_28063_5,wdewulf,r,08/19/2026,20:53:51,eddie@node1o12.ecdf.ed.ac.uk,1,232
57735525,0.00025,of_28063_5,wdewulf,r,08/19/2026,20:53:51,eddie@node1h23.ecdf.ed.ac.uk,1,233
57735525,0.00025,of_28063_5,wdewulf,r,08/19/2026,20:54:51,eddie@node1h05.ecdf.ed.ac.uk,1,246
57735525,0.00025,of_28063_5,wdewulf,r,08/19/2026,20:54:51,eddie@node1r06.ecdf.ed.ac.uk,1,247
57735525,0.00025,of_28063_5,wdewulf,r,08/19/2026,20:54:51,eddie@node1o09.ecdf.ed.ac.uk,1,248
57735525,0.00025,of_28063_5,wdewulf,r,08/19/2026,20:54:51,eddie@node1h21.ecdf.ed.ac.uk,1,249
57735525,0.00025,of_28063_5,wdewulf,r,08/19/2026,20:54:51,eddie@node1r18.ecdf.ed.ac.uk,1,250
57735525,0.00025,of_28063_5,wdewulf,r,08/19/2026,20:54:51,eddie@node1r05.ecdf.ed.ac.uk,1,251
57735525,0.00025,of_28063_5,wdewulf,r,08/19/2026,20:54:21,eddie@node1l28.ecdf.ed.ac.uk,1,239
57735525,0.00025,of_28063_5,wdewulf,r,08/19/2026,20:54:21,eddie@node1r16.ecdf.ed.ac.uk,1,240
57735525,0.00025,of_28063_5,wdewulf,r,08/19/2026,20:54:21,eddie@node1h05.ecdf.ed.ac.uk,1,241
57735525,0.00025,of_28063_5,wdewulf,r,08/19/2026,20:54:21,eddie@node1s18.ecdf.ed.ac.uk,1,242
57735525,0.00025,of_28063_5,wdewulf,r,08/19/2026,20:54:21,eddie@node1r05.ecdf.ed.ac.uk,1,243
57735525,0.00025,of_28063_5,wdewulf,r,08/19/2026,20:54:21,eddie@node1r05.ecdf.ed.ac.uk,1,244
57735525,0.00025,of_28063_5,wdewulf,r,08/19/2026,20:54:06,eddie@node1r17.ecdf.ed.ac.uk,1,234
57735525,0.00025,of_28063_5,wdewulf,r,08/19/2026,20:54:06,eddie@node1r07.ecdf.ed.ac.uk,1,235
57735525,0.00025,of_28063_5,wdewulf,r,08/19/2026,20:54:06,eddie@node1h07.ecdf.ed.ac.uk,1,236
57735525,0.00025,of_28063_5,wdewulf,r,08/19/2026,20:54:06,eddie@node1r18.ecdf.ed.ac.uk,1,237
57735525,0.00025,of_28063_5,wdewulf,r,08/19/2026,20:54:06,eddie@node1h16.ecdf.ed.ac.uk,1,238
57735525,0.00025,of_28063_5,wdewulf,r,08/19/2026,20:52:51,eddie@node1o06.ecdf.ed.ac.uk,1,198
57735525,0.00025,of_28063_5,wdewulf,r,08/19/2026,20:52:51,eddie@node1l26.ecdf.ed.ac.uk,1,199
57735525,0.00025,of_28063_5,wdewulf,r,08/19/2026,20:52:51,eddie@node1h09.ecdf.ed.ac.uk,1,200
57735525,0.00025,of_28063_5,wdewulf,r,08/19/2026,20:52:51,eddie@node1h09.ecdf.ed.ac.uk,1,201
57735525,0.00025,of_28063_5,wdewulf,r,08/19/2026,20:52:51,eddie@node1s19.ecdf.ed.ac.uk,1,202
57735525,0.00025,of_28063_5,wdewulf,r,08/19/2026,20:53:36,eddie@node1h10.ecdf.ed.ac.uk,1,222
57735525,0.00025,of_28063_5,wdewulf,r,08/19/2026,20:53:36,eddie@node1j28.ecdf.ed.ac.uk,1,223
57735525,0.00025,of_28063_5,wdewulf,r,08/19/2026,20:53:36,eddie@node1j28.ecdf.ed.ac.uk,1,224
57735525,0.00025,of_28063_5,wdewulf,r,08/19/2026,20:53:36,eddie@node1h08.ecdf.ed.ac.uk,1,225
57735525,0.00025,of_28063_5,wdewulf,r,08/19/2026,20:54:36,eddie@node1f09.ecdf.ed.ac.uk,1,245
57728307,0.00025,runlisfloo,asiripat,r,08/19/2026,16:45:30,eddie@node1m22.ecdf.ed.ac.uk,1,8172
57735525,0.00025,of_28063_5,wdewulf,r,08/19/2026,20:50:21,eddie@node1f07.ecdf.ed.ac.uk,1,134
57735525,0.00025,of_28063_5,wdewulf,r,08/19/2026,20:50:21,eddie@node1o06.ecdf.ed.ac.uk,1,135
57735525,0.00025,of_28063_5,wdewulf,r,08/19/2026,20:50:21,eddie@node1o03.ecdf.ed.ac.uk,1,136
57735525,0.00025,of_28063_5,wdewulf,r,08/19/2026,20:50:21,eddie@node1r16.ecdf.ed.ac.uk,1,137
57735525,0.00025,of_28063_5,wdewulf,r,08/19/2026,20:50:21,eddie@node1h05.ecdf.ed.ac.uk,1,138
57735525,0.00025,of_28063_5,wdewulf,r,08/19/2026,20:50:21,eddie@node1h04.ecdf.ed.ac.uk,1,139
57735525,0.00025,of_28063_5,wdewulf,r,08/19/2026,20:50:21,eddie@node1o09.ecdf.ed.ac.uk,1,140
57735525,0.00025,of_28063_5,wdewulf,r,08/19/2026,20:50:21,eddie@node1o11.ecdf.ed.ac.uk,1,141
57735525,0.00025,of_28063_5,wdewulf,r,08/19/2026,20:50:21,eddie@node1h03.ecdf.ed.ac.uk,1,142
57735525,0.00025,of_28063_5,wdewulf,r,08/19/2026,20:50:21,eddie@node1r12.ecdf.ed.ac.uk,1,143
57735525,0.00025,of_28063_5,wdewulf,r,08/19/2026,20:50:51,eddie@node1l22.ecdf.ed.ac.uk,1,150
57735525,0.00025,of_28063_5,wdewulf,r,08/19/2026,20:50:51,eddie@node1r07.ecdf.ed.ac.uk,1,151
57735525,0.00025,of_28063_5,wdewulf,r,08/19/2026,20:50:51,eddie@node1s18.ecdf.ed.ac.uk,1,152
57735525,0.00025,of_28063_5,wdewulf,r,08/19/2026,20:50:51,eddie@node1h09.ecdf.ed.ac.uk,1,153
57735525,0.00025,of_28063_5,wdewulf,r,08/19/2026,20:50:51,eddie@node1h10.ecdf.ed.ac.uk,1,154
57735525,0.00025,of_28063_5,wdewulf,r,08/19/2026,20:50:51,eddie@node1o09.ecdf.ed.ac.uk,1,155
57735525,0.00025,of_28063_5,wdewulf,r,08/19/2026,20:50:51,eddie@node1o14.ecdf.ed.ac.uk,1,156
57735525,0.00025,of_28063_5,wdewulf,r,08/19/2026,20:50:51,eddie@node1h16.ecdf.ed.ac.uk,1,157
57735525,0.00025,of_28063_5,wdewulf,r,08/19/2026,20:49:06,eddie@node1r17.ecdf.ed.ac.uk,1,103
57735525,0.00025,of_28063_5,wdewulf,r,08/19/2026,20:49:06,eddie@node1s14.ecdf.ed.ac.uk,1,104
57735525,0.00025,of_28063_5,wdewulf,r,08/19/2026,20:49:06,eddie@node1h09.ecdf.ed.ac.uk,1,105
57735525,0.00025,of_28063_5,wdewulf,r,08/19/2026,20:49:06,eddie@node1r19.ecdf.ed.ac.uk,1,106
57735525,0.00025,of_28063_5,wdewulf,r,08/19/2026,20:49:06,eddie@node1o11.ecdf.ed.ac.uk,1,107
57735525,0.00025,of_28063_5,wdewulf,r,08/19/2026,20:49:06,eddie@node1j25.ecdf.ed.ac.uk,1,108
57735525,0.00025,of_28063_5,wdewulf,r,08/19/2026,20:49:06,eddie@node1h07.ecdf.ed.ac.uk,1,109
57735525,0.00025,of_28063_5,wdewulf,r,08/19/2026,20:49:06,eddie@node1m16.ecdf.ed.ac.uk,1,110
57735525,0.00025,of_28063_5,wdewulf,r,08/19/2026,20:49:36,eddie@node1f10.ecdf.ed.ac.uk,1,116
57735525,0.00025,of_28063_5,wdewulf,r,08/19/2026,20:49:36,eddie@node1r16.ecdf.ed.ac.uk,1,117
57735525,0.00025,of_28063_5,wdewulf,r,08/19/2026,20:49:36,eddie@node1o14.ecdf.ed.ac.uk,1,118
57735525,0.00025,of_28063_5,wdewulf,r,08/19/2026,20:49:36,eddie@node1m15.ecdf.ed.ac.uk,1,119
57735525,0.00025,of_28063_5,wdewulf,r,08/19/2026,20:49:36,eddie@node1o14.ecdf.ed.ac.uk,1,120
57735525,0.00025,of_28063_5,wdewulf,r,08/19/2026,20:49:36,eddie@node1h24.ecdf.ed.ac.uk,1,121
57735525,0.00025,of_28063_5,wdewulf,r,08/19/2026,20:49:36,eddie@node1h03.ecdf.ed.ac.uk,1,122
57735525,0.00025,of_28063_5,wdewulf,r,08/19/2026,20:50:06,eddie@node1l21.ecdf.ed.ac.uk,1,128
57735525,0.00025,of_28063_5,wdewulf,r,08/19/2026,20:50:06,eddie@node1s18.ecdf.ed.ac.uk,1,129
57735525,0.00025,of_28063_5,wdewulf,r,08/19/2026,20:50:06,eddie@node1h08.ecdf.ed.ac.uk,1,130
57735525,0.00025,of_28063_5,wdewulf,r,08/19/2026,20:50:06,eddie@node1j28.ecdf.ed.ac.uk,1,131
57735525,0.00025,of_28063_5,wdewulf,r,08/19/2026,20:50:06,eddie@node1h16.ecdf.ed.ac.uk,1,132
57735525,0.00025,of_28063_5,wdewulf,r,08/19/2026,20:50:06,eddie@node1s16.ecdf.ed.ac.uk,1,133
57735525,0.00025,of_28063_5,wdewulf,r,08/19/2026,20:48:06,eddie@node1r06.ecdf.ed.ac.uk,1,84
57735525,0.00025,of_28063_5,wdewulf,r,08/19/2026,20:48:06,eddie@node1h03.ecdf.ed.ac.uk,1,85
57735525,0.00025,of_28063_5,wdewulf,r,08/19/2026,20:48:06,eddie@node1j28.ecdf.ed.ac.uk,1,86
57735525,0.00025,of_28063_5,wdewulf,r,08/19/2026,20:48:06,eddie@node1o09.ecdf.ed.ac.uk,1,87
57735525,0.00025,of_28063_5,wdewulf,r,08/19/2026,20:48:06,eddie@node1m16.ecdf.ed.ac.uk,1,88
57735525,0.00025,of_28063_5,wdewulf,r,08/19/2026,20:48:06,eddie@node1s16.ecdf.ed.ac.uk,1,89
57735525,0.00025,of_28063_5,wdewulf,r,08/19/2026,20:48:36,eddie@node1f06.ecdf.ed.ac.uk,1,95
57735525,0.00025,of_28063_5,wdewulf,r,08/19/2026,20:48:36,eddie@node1f09.ecdf.ed.ac.uk,1,96
57735525,0.00025,of_28063_5,wdewulf,r,08/19/2026,20:48:36,eddie@node1l27.ecdf.ed.ac.uk,1,97
57735525,0.00025,of_28063_5,wdewulf,r,08/19/2026,20:48:36,eddie@node1o05.ecdf.ed.ac.uk,1,98
57735525,0.00025,of_28063_5,wdewulf,r,08/19/2026,20:48:36,eddie@node1r06.ecdf.ed.ac.uk,1,99
57735525,0.00025,of_28063_5,wdewulf,r,08/19/2026,20:48:36,eddie@node1h10.ecdf.ed.ac.uk,1,100
57735525,0.00025,of_28063_5,wdewulf,r,08/19/2026,20:48:21,eddie@node1l21.ecdf.ed.ac.uk,1,90
57735525,0.00025,of_28063_5,wdewulf,r,08/19/2026,20:48:21,eddie@node1j27.ecdf.ed.ac.uk,1,91
57735525,0.00025,of_28063_5,wdewulf,r,08/19/2026,20:48:21,eddie@node1h03.ecdf.ed.ac.uk,1,92
57735525,0.00025,of_28063_5,wdewulf,r,08/19/2026,20:48:21,eddie@node1h03.ecdf.ed.ac.uk,1,93
57735525,0.00025,of_28063_5,wdewulf,r,08/19/2026,20:48:21,eddie@node1h03.ecdf.ed.ac.uk,1,94
57735525,0.00025,of_28063_5,wdewulf,r,08/19/2026,20:50:36,eddie@node1r17.ecdf.ed.ac.uk,1,144
57735525,0.00025,of_28063_5,wdewulf,r,08/19/2026,20:50:36,eddie@node1h05.ecdf.ed.ac.uk,1,145
57735525,0.00025,of_28063_5,wdewulf,r,08/19/2026,20:50:36,eddie@node1j27.ecdf.ed.ac.uk,1,146
57735525,0.00025,of_28063_5,wdewulf,r,08/19/2026,20:50:36,eddie@node1j28.ecdf.ed.ac.uk,1,147
57735525,0.00025,of_28063_5,wdewulf,r,08/19/2026,20:50:36,eddie@node1m16.ecdf.ed.ac.uk,1,148
57735525,0.00025,of_28063_5,wdewulf,r,08/19/2026,20:50:36,eddie@node1s17.ecdf.ed.ac.uk,1,149
57735525,0.00025,of_28063_5,wdewulf,r,08/19/2026,20:49:21,eddie@node1i13.ecdf.ed.ac.uk,1,111
57735525,0.00025,of_28063_5,wdewulf,r,08/19/2026,20:49:21,eddie@node1r06.ecdf.ed.ac.uk,1,112
57735525,0.00025,of_28063_5,wdewulf,r,08/19/2026,20:49:21,eddie@node1j27.ecdf.ed.ac.uk,1,113
57735525,0.00025,of_28063_5,wdewulf,r,08/19/2026,20:49:21,eddie@node1o14.ecdf.ed.ac.uk,1,114
57735525,0.00025,of_28063_5,wdewulf,r,08/19/2026,20:49:21,eddie@node1j25.ecdf.ed.ac.uk,1,115
57735525,0.00025,of_28063_5,wdewulf,r,08/19/2026,20:49:51,eddie@node1i13.ecdf.ed.ac.uk,1,123
57735525,0.00025,of_28063_5,wdewulf,r,08/19/2026,20:49:51,eddie@node1l27.ecdf.ed.ac.uk,1,124
57735525,0.00025,of_28063_5,wdewulf,r,08/19/2026,20:49:51,eddie@node1l24.ecdf.ed.ac.uk,1,125
57735525,0.00025,of_28063_5,wdewulf,r,08/19/2026,20:49:51,eddie@node1l26.ecdf.ed.ac.uk,1,126
57735525,0.00025,of_28063_5,wdewulf,r,08/19/2026,20:49:51,eddie@node1s20.ecdf.ed.ac.uk,1,127
57735525,0.00025,of_28063_5,wdewulf,r,08/19/2026,20:51:06,eddie@node1f10.ecdf.ed.ac.uk,1,158
57735525,0.00025,of_28063_5,wdewulf,r,08/19/2026,20:51:06,eddie@node1i13.ecdf.ed.ac.uk,1,159
57735525,0.00025,of_28063_5,wdewulf,r,08/19/2026,20:51:06,eddie@node1l28.ecdf.ed.ac.uk,1,160
57735525,0.00025,of_28063_5,wdewulf,r,08/19/2026,20:51:06,eddie@node1o03.ecdf.ed.ac.uk,1,161
57735525,0.00025,of_28063_5,wdewulf,r,08/19/2026,20:51:06,eddie@node1h04.ecdf.ed.ac.uk,1,162
57735525,0.00025,of_28063_5,wdewulf,r,08/19/2026,20:48:51,eddie@node1o08.ecdf.ed.ac.uk,1,101
57735525,0.00025,of_28063_5,wdewulf,r,08/19/2026,20:48:51,eddie@node1o09.ecdf.ed.ac.uk,1,102
57735525,0.00025,of_28063_5,wdewulf,r,08/19/2026,20:51:21,eddie@node1h08.ecdf.ed.ac.uk,1,163
57728307,0.00025,runlisfloo,asiripat,r,08/19/2026,16:41:21,eddie@node1m24.ecdf.ed.ac.uk,1,8170
57728307,0.00025,runlisfloo,asiripat,r,08/19/2026,16:41:50,eddie@node1m22.ecdf.ed.ac.uk,1,8171
57735525,0.00024,of_28063_5,wdewulf,r,08/19/2026,20:47:51,eddie@node1s18.ecdf.ed.ac.uk,1,79
57735525,0.00024,of_28063_5,wdewulf,r,08/19/2026,20:47:51,eddie@node1h07.ecdf.ed.ac.uk,1,80
57735525,0.00024,of_28063_5,wdewulf,r,08/19/2026,20:47:51,eddie@node1s17.ecdf.ed.ac.uk,1,81
57735525,0.00024,of_28063_5,wdewulf,r,08/19/2026,20:47:51,eddie@node1o09.ecdf.ed.ac.uk,1,82
57735525,0.00024,of_28063_5,wdewulf,r,08/19/2026,20:47:51,eddie@node1j25.ecdf.ed.ac.uk,1,83
57735525,0.00024,of_28063_5,wdewulf,r,08/19/2026,20:51:36,eddie@node1s20.ecdf.ed.ac.uk,1,164
57735525,0.00024,of_28063_5,wdewulf,r,08/19/2026,20:51:36,eddie@node1h09.ecdf.ed.ac.uk,1,165
57735525,0.00024,of_28063_5,wdewulf,r,08/19/2026,20:51:37,eddie@node1r19.ecdf.ed.ac.uk,1,166
57735525,0.00024,of_28063_5,wdewulf,r,08/19/2026,20:51:37,eddie@node1o09.ecdf.ed.ac.uk,1,167
57735525,0.00024,of_28063_5,wdewulf,r,08/19/2026,20:51:37,eddie@node1j28.ecdf.ed.ac.uk,1,168
57735525,0.00024,of_28063_5,wdewulf,r,08/19/2026,20:51:37,eddie@node1m16.ecdf.ed.ac.uk,1,169
57735525,0.00024,of_28063_5,wdewulf,r,08/19/2026,20:52:06,eddie@node1f06.ecdf.ed.ac.uk,1,175
57735525,0.00024,of_28063_5,wdewulf,r,08/19/2026,20:52:06,eddie@node1h21.ecdf.ed.ac.uk,1,176
57735525,0.00024,of_28063_5,wdewulf,r,08/19/2026,20:52:06,eddie@node1j27.ecdf.ed.ac.uk,1,177
57735525,0.00024,of_28063_5,wdewulf,r,08/19/2026,20:52:06,eddie@node1r18.ecdf.ed.ac.uk,1,178
57735525,0.00024,of_28063_5,wdewulf,r,08/19/2026,20:52:06,eddie@node1r12.ecdf.ed.ac.uk,1,179
57735525,0.00024,of_28063_5,wdewulf,r,08/19/2026,20:52:06,eddie@node1h07.ecdf.ed.ac.uk,1,180
57735525,0.00024,of_28063_5,wdewulf,r,08/19/2026,20:51:51,eddie@node1r15.ecdf.ed.ac.uk,1,170
57735525,0.00024,of_28063_5,wdewulf,r,08/19/2026,20:51:51,eddie@node1h03.ecdf.ed.ac.uk,1,171
57735525,0.00024,of_28063_5,wdewulf,r,08/19/2026,20:51:51,eddie@node1h24.ecdf.ed.ac.uk,1,172
57735525,0.00024,of_28063_5,wdewulf,r,08/19/2026,20:51:51,eddie@node1s17.ecdf.ed.ac.uk,1,173
57735525,0.00024,of_28063_5,wdewulf,r,08/19/2026,20:51:51,eddie@node1h03.ecdf.ed.ac.uk,1,174
57735525,0.00024,of_28063_5,wdewulf,r,08/19/2026,20:47:21,eddie@node1f08.ecdf.ed.ac.uk,1,73
57735525,0.00024,of_28063_5,wdewulf,r,08/19/2026,20:47:21,eddie@node1o10.ecdf.ed.ac.uk,1,74
57735525,0.00024,of_28063_5,wdewulf,r,08/19/2026,20:47:21,eddie@node1r05.ecdf.ed.ac.uk,1,75
57735525,0.00024,of_28063_5,wdewulf,r,08/19/2026,20:47:36,eddie@node1l24.ecdf.ed.ac.uk,1,76
57735525,0.00024,of_28063_5,wdewulf,r,08/19/2026,20:47:36,eddie@node1l22.ecdf.ed.ac.uk,1,77
57735525,0.00024,of_28063_5,wdewulf,r,08/19/2026,20:47:36,eddie@node1h05.ecdf.ed.ac.uk,1,78
57735525,0.00024,of_28063_5,wdewulf,r,08/19/2026,20:46:51,eddie@node1f10.ecdf.ed.ac.uk,1,62
57735525,0.00024,of_28063_5,wdewulf,r,08/19/2026,20:46:51,eddie@node1l27.ecdf.ed.ac.uk,1,63
57735525,0.00024,of_28063_5,wdewulf,r,08/19/2026,20:46:51,eddie@node1o06.ecdf.ed.ac.uk,1,64
57735525,0.00024,of_28063_5,wdewulf,r,08/19/2026,20:46:51,eddie@node1l26.ecdf.ed.ac.uk,1,65
57735525,0.00024,of_28063_5,wdewulf,r,08/19/2026,20:46:51,eddie@node1h10.ecdf.ed.ac.uk,1,66
57735525,0.00024,of_28063_5,wdewulf,r,08/19/2026,20:46:51,eddie@node1o09.ecdf.ed.ac.uk,1,67
57735525,0.00024,of_28063_5,wdewulf,r,08/19/2026,20:46:51,eddie@node1j28.ecdf.ed.ac.uk,1,68
57735525,0.00024,of_28063_5,wdewulf,r,08/19/2026,20:47:06,eddie@node1f07.ecdf.ed.ac.uk,1,69
57735525,0.00024,of_28063_5,wdewulf,r,08/19/2026,20:47:06,eddie@node1l28.ecdf.ed.ac.uk,1,70
57735525,0.00024,of_28063_5,wdewulf,r,08/19/2026,20:47:06,eddie@node1h10.ecdf.ed.ac.uk,1,71
57735525,0.00024,of_28063_5,wdewulf,r,08/19/2026,20:47:06,eddie@node1h15.ecdf.ed.ac.uk,1,72
57735525,0.00024,of_28063_5,wdewulf,r,08/19/2026,20:46:36,eddie@node1s20.ecdf.ed.ac.uk,1,60
57735525,0.00024,of_28063_5,wdewulf,r,08/19/2026,20:46:36,eddie@node1h08.ecdf.ed.ac.uk,1,61
57735525,0.00024,of_28063_5,wdewulf,r,08/19/2026,20:45:06,eddie@node1f08.ecdf.ed.ac.uk,1,26
57735525,0.00024,of_28063_5,wdewulf,r,08/19/2026,20:45:06,eddie@node1l24.ecdf.ed.ac.uk,1,27
57735525,0.00024,of_28063_5,wdewulf,r,08/19/2026,20:45:06,eddie@node1r16.ecdf.ed.ac.uk,1,28
57735525,0.00024,of_28063_5,wdewulf,r,08/19/2026,20:45:06,eddie@node1h09.ecdf.ed.ac.uk,1,29
57735525,0.00024,of_28063_5,wdewulf,r,08/19/2026,20:45:06,eddie@node1h04.ecdf.ed.ac.uk,1,30
57735525,0.00024,of_28063_5,wdewulf,r,08/19/2026,20:45:06,eddie@node1h04.ecdf.ed.ac.uk,1,31
57735525,0.00024,of_28063_5,wdewulf,r,08/19/2026,20:45:06,eddie@node1s17.ecdf.ed.ac.uk,1,32
57735525,0.00024,of_28063_5,wdewulf,r,08/19/2026,20:45:06,eddie@node1o10.ecdf.ed.ac.uk,1,33
57735525,0.00024,of_28063_5,wdewulf,r,08/19/2026,20:45:06,eddie@node1j25.ecdf.ed.ac.uk,1,34
57735525,0.00024,of_28063_5,wdewulf,r,08/19/2026,20:45:36,eddie@node1l23.ecdf.ed.ac.uk,1,40
57735525,0.00024,of_28063_5,wdewulf,r,08/19/2026,20:45:36,eddie@node1l21.ecdf.ed.ac.uk,1,41
57735525,0.00024,of_28063_5,wdewulf,r,08/19/2026,20:45:36,eddie@node1l26.ecdf.ed.ac.uk,1,42
57735525,0.00024,of_28063_5,wdewulf,r,08/19/2026,20:45:36,eddie@node1r07.ecdf.ed.ac.uk,1,43
57735525,0.00024,of_28063_5,wdewulf,r,08/19/2026,20:45:36,eddie@node1h05.ecdf.ed.ac.uk,1,44
57735525,0.00024,of_28063_5,wdewulf,r,08/19/2026,20:45:36,eddie@node1j27.ecdf.ed.ac.uk,1,45
57735525,0.00024,of_28063_5,wdewulf,r,08/19/2026,20:45:36,eddie@node1o08.ecdf.ed.ac.uk,1,46
57735525,0.00024,of_28063_5,wdewulf,r,08/19/2026,20:46:06,eddie@node1f12.ecdf.ed.ac.uk,1,51
57735525,0.00024,of_28063_5,wdewulf,r,08/19/2026,20:46:06,eddie@node1r19.ecdf.ed.ac.uk,1,52
57735525,0.00024,of_28063_5,wdewulf,r,08/19/2026,20:46:06,eddie@node1r05.ecdf.ed.ac.uk,1,53
57735525,0.00024,of_28063_5,wdewulf,r,08/19/2026,20:46:06,eddie@node1o11.ecdf.ed.ac.uk,1,54
57735525,0.00024,of_28063_5,wdewulf,r,08/19/2026,20:46:06,eddie@node1o09.ecdf.ed.ac.uk,1,55
57735525,0.00024,of_28063_5,wdewulf,r,08/19/2026,20:45:21,eddie@node1i07.ecdf.ed.ac.uk,1,35
57735525,0.00024,of_28063_5,wdewulf,r,08/19/2026,20:45:21,eddie@node1l21.ecdf.ed.ac.uk,1,36
57735525,0.00024,of_28063_5,wdewulf,r,08/19/2026,20:45:21,eddie@node1l25.ecdf.ed.ac.uk,1,37
57735525,0.00024,of_28063_5,wdewulf,r,08/19/2026,20:45:21,eddie@node1m14.ecdf.ed.ac.uk,1,38
57735525,0.00024,of_28063_5,wdewulf,r,08/19/2026,20:45:21,eddie@node1h10.ecdf.ed.ac.uk,1,39
57735525,0.00024,of_28063_5,wdewulf,r,08/19/2026,20:44:36,eddie@node1i13.ecdf.ed.ac.uk,1,18
57735525,0.00024,of_28063_5,wdewulf,r,08/19/2026,20:44:36,eddie@node1l21.ecdf.ed.ac.uk,1,19
57735525,0.00024,of_28063_5,wdewulf,r,08/19/2026,20:44:36,eddie@node1l22.ecdf.ed.ac.uk,1,20
57735525,0.00024,of_28063_5,wdewulf,r,08/19/2026,20:44:36,eddie@node1o08.ecdf.ed.ac.uk,1,21
57735525,0.00024,of_28063_5,wdewulf,r,08/19/2026,20:44:36,eddie@node1r19.ecdf.ed.ac.uk,1,22
57735525,0.00024,of_28063_5,wdewulf,r,08/19/2026,20:44:21,eddie@node1i15.ecdf.ed.ac.uk,1,13
57735525,0.00024,of_28063_5,wdewulf,r,08/19/2026,20:44:21,eddie@node1o04.ecdf.ed.ac.uk,1,14
57735525,0.00024,of_28063_5,wdewulf,r,08/19/2026,20:44:21,eddie@node1l28.ecdf.ed.ac.uk,1,15
57735525,0.00024,of_28063_5,wdewulf,r,08/19/2026,20:44:21,eddie@node1o06.ecdf.ed.ac.uk,1,16
57735525,0.00024,of_28063_5,wdewulf,r,08/19/2026,20:44:21,eddie@node1l22.ecdf.ed.ac.uk,1,17
57735525,0.00024,of_28063_5,wdewulf,r,08/19/2026,20:46:21,eddie@node1l25.ecdf.ed.ac.uk,1,56
57735525,0.00024,of_28063_5,wdewulf,r,08/19/2026,20:46:21,eddie@node1h05.ecdf.ed.ac.uk,1,57
57735525,0.00024,of_28063_5,wdewulf,r,08/19/2026,20:46:21,eddie@node1o11.ecdf.ed.ac.uk,1,58
57735525,0.00024,of_28063_5,wdewulf,r,08/19/2026,20:46:21,eddie@node1m16.ecdf.ed.ac.uk,1,59
57735525,0.00024,of_28063_5,wdewulf,r,08/19/2026,20:45:51,eddie@node1f13.ecdf.ed.ac.uk,1,47
57735525,0.00024,of_28063_5,wdewulf,r,08/19/2026,20:45:51,eddie@node1o06.ecdf.ed.ac.uk,1,48
57735525,0.00024,of_28063_5,wdewulf,r,08/19/2026,20:45:51,eddie@node1o04.ecdf.ed.ac.uk,1,49
57735525,0.00024,of_28063_5,wdewulf,r,08/19/2026,20:45:51,eddie@node1r17.ecdf.ed.ac.uk,1,50
57735525,0.00024,of_28063_5,wdewulf,r,08/19/2026,20:44:51,eddie@node1o03.ecdf.ed.ac.uk,1,23
57735525,0.00024,of_28063_5,wdewulf,r,08/19/2026,20:44:51,eddie@node1r17.ecdf.ed.ac.uk,1,24
57735525,0.00024,of_28063_5,wdewulf,r,08/19/2026,20:44:51,eddie@node1r07.ecdf.ed.ac.uk,1,25
57735494,0.00024,of_25953_4,wdewulf,r,08/19/2026,20:43:36,eddie@node1r17.ecdf.ed.ac.uk,1,551
57735494,0.00024,of_25953_4,wdewulf,r,08/19/2026,20:43:36,eddie@node1h15.ecdf.ed.ac.uk,1,552
57735494,0.00024,of_25953_4,wdewulf,r,08/19/2026,20:43:36,eddie@node1o09.ecdf.ed.ac.uk,1,553
57735494,0.00024,of_25953_4,wdewulf,r,08/19/2026,20:43:36,eddie@node1m03.ecdf.ed.ac.uk,1,554
57735494,0.00024,of_25953_4,wdewulf,r,08/19/2026,20:43:06,eddie@node1i16.ecdf.ed.ac.uk,1,536
57735494,0.00024,of_25953_4,wdewulf,r,08/19/2026,20:43:06,eddie@node1r14.ecdf.ed.ac.uk,1,537
57735494,0.00024,of_25953_4,wdewulf,r,08/19/2026,20:43:06,eddie@node1s18.ecdf.ed.ac.uk,1,538
57735494,0.00024,of_25953_4,wdewulf,r,08/19/2026,20:43:06,eddie@node1h04.ecdf.ed.ac.uk,1,539
57735494,0.00024,of_25953_4,wdewulf,r,08/19/2026,20:43:06,eddie@node1s18.ecdf.ed.ac.uk,1,540
57735494,0.00024,of_25953_4,wdewulf,r,08/19/2026,20:43:06,eddie@node1h08.ecdf.ed.ac.uk,1,541
57735494,0.00024,of_25953_4,wdewulf,r,08/19/2026,20:43:06,eddie@node1m14.ecdf.ed.ac.uk,1,542
57735494,0.00024,of_25953_4,wdewulf,r,08/19/2026,20:43:06,eddie@node1h10.ecdf.ed.ac.uk,1,543
57735494,0.00024,of_25953_4,wdewulf,r,08/19/2026,20:43:22,eddie@node1j07.ecdf.ed.ac.uk,1,544
57735494,0.00024,of_25953_4,wdewulf,r,08/19/2026,20:43:22,eddie@node1j07.ecdf.ed.ac.uk,1,545
57735494,0.00024,of_25953_4,wdewulf,r,08/19/2026,20:43:22,eddie@node1l20.ecdf.ed.ac.uk,1,546
57735494,0.00024,of_25953_4,wdewulf,r,08/19/2026,20:43:22,eddie@node1k06.ecdf.ed.ac.uk,1,547
57735494,0.00024,of_25953_4,wdewulf,r,08/19/2026,20:43:22,eddie@node1k06.ecdf.ed.ac.uk,1,548
57735494,0.00024,of_25953_4,wdewulf,r,08/19/2026,20:43:22,eddie@node1k06.ecdf.ed.ac.uk,1,549
57735494,0.00024,of_25953_4,wdewulf,r,08/19/2026,20:43:22,eddie@node1k06.ecdf.ed.ac.uk,1,550
57735494,0.00024,of_25953_4,wdewulf,r,08/19/2026,20:42:06,eddie@node1r17.ecdf.ed.ac.uk,1,518
57735494,0.00024,of_25953_4,wdewulf,r,08/19/2026,20:42:06,eddie@node1r06.ecdf.ed.ac.uk,1,519
57735494,0.00024,of_25953_4,wdewulf,r,08/19/2026,20:42:06,eddie@node1h07.ecdf.ed.ac.uk,1,520
57735494,0.00024,of_25953_4,wdewulf,r,08/19/2026,20:42:06,eddie@node1h11.ecdf.ed.ac.uk,1,521
57735494,0.00024,of_25953_4,wdewulf,r,08/19/2026,20:42:06,eddie@node1o12.ecdf.ed.ac.uk,1,522
57735494,0.00024,of_25953_4,wdewulf,r,08/19/2026,20:42:06,eddie@node1r08.ecdf.ed.ac.uk,1,523
57735494,0.00024,of_25953_4,wdewulf,r,08/19/2026,20:42:06,eddie@node1m06.ecdf.ed.ac.uk,1,524
57735494,0.00024,of_25953_4,wdewulf,r,08/19/2026,20:42:36,eddie@node1o05.ecdf.ed.ac.uk,1,528
57735494,0.00024,of_25953_4,wdewulf,r,08/19/2026,20:42:36,eddie@node1l26.ecdf.ed.ac.uk,1,529
57735494,0.00024,of_25953_4,wdewulf,r,08/19/2026,20:42:36,eddie@node1r06.ecdf.ed.ac.uk,1,530
57735494,0.00024,of_25953_4,wdewulf,r,08/19/2026,20:42:36,eddie@node1h23.ecdf.ed.ac.uk,1,531
57735494,0.00024,of_25953_4,wdewulf,r,08/19/2026,20:42:36,eddie@node1o09.ecdf.ed.ac.uk,1,532
57735494,0.00024,of_25953_4,wdewulf,r,08/19/2026,20:42:21,eddie@node1o08.ecdf.ed.ac.uk,1,525
57735494,0.00024,of_25953_4,wdewulf,r,08/19/2026,20:42:21,eddie@node1j25.ecdf.ed.ac.uk,1,526
57735494,0.00024,of_25953_4,wdewulf,r,08/19/2026,20:42:21,eddie@node1h24.ecdf.ed.ac.uk,1,527
57735494,0.00024,of_25953_4,wdewulf,r,08/19/2026,20:42:51,eddie@node1i03.ecdf.ed.ac.uk,1,533
57735494,0.00024,of_25953_4,wdewulf,r,08/19/2026,20:42:51,eddie@node1o03.ecdf.ed.ac.uk,1,534
57735494,0.00024,of_25953_4,wdewulf,r,08/19/2026,20:42:51,eddie@node1l21.ecdf.ed.ac.uk,1,535
57735494,0.00024,of_25953_4,wdewulf,r,08/19/2026,20:41:51,eddie@node1f09.ecdf.ed.ac.uk,1,515
57735494,0.00024,of_25953_4,wdewulf,r,08/19/2026,20:41:51,eddie@node1s18.ecdf.ed.ac.uk,1,516
57735494,0.00024,of_25953_4,wdewulf,r,08/19/2026,20:41:51,eddie@node1h07.ecdf.ed.ac.uk,1,517
57735525,0.00024,of_28063_5,wdewulf,r,08/19/2026,20:43:36,eddie@node1l03.ecdf.ed.ac.uk,1,1
57735525,0.00024,of_28063_5,wdewulf,r,08/19/2026,20:43:36,eddie@node1l03.ecdf.ed.ac.uk,1,2
57735525,0.00024,of_28063_5,wdewulf,r,08/19/2026,20:43:36,eddie@node1k07.ecdf.ed.ac.uk,1,3
57735525,0.00024,of_28063_5,wdewulf,r,08/19/2026,20:43:36,eddie@node1j08.ecdf.ed.ac.uk,1,4
57735525,0.00024,of_28063_5,wdewulf,r,08/19/2026,20:43:36,eddie@node1k07.ecdf.ed.ac.uk,1,5
57735525,0.00024,of_28063_5,wdewulf,r,08/19/2026,20:43:51,eddie@node1i15.ecdf.ed.ac.uk,1,6
57735525,0.00024,of_28063_5,wdewulf,r,08/19/2026,20:43:51,eddie@node1l27.ecdf.ed.ac.uk,1,7
57735525,0.00024,of_28063_5,wdewulf,r,08/19/2026,20:43:51,eddie@node1l23.ecdf.ed.ac.uk,1,8
57735525,0.00024,of_28063_5,wdewulf,r,08/19/2026,20:43:51,eddie@node1o06.ecdf.ed.ac.uk,1,9
57735525,0.00024,of_28063_5,wdewulf,r,08/19/2026,20:44:06,eddie@node1j25.ecdf.ed.ac.uk,1,10
57735525,0.00024,of_28063_5,wdewulf,r,08/19/2026,20:44:06,eddie@node1r18.ecdf.ed.ac.uk,1,11
57735525,0.00024,of_28063_5,wdewulf,r,08/19/2026,20:44:06,eddie@node1h23.ecdf.ed.ac.uk,1,12
57728307,0.00024,runlisfloo,asiripat,r,08/19/2026,16:33:58,eddie@node1m24.ecdf.ed.ac.uk,1,8169
57735494,0.00024,of_25953_4,wdewulf,r,08/19/2026,20:39:21,eddie@node1o04.ecdf.ed.ac.uk,1,462
57735494,0.00024,of_25953_4,wdewulf,r,08/19/2026,20:39:21,eddie@node1m14.ecdf.ed.ac.uk,1,463
57735494,0.00024,of_25953_4,wdewulf,r,08/19/2026,20:39:21,eddie@node1j25.ecdf.ed.ac.uk,1,464
57735494,0.00024,of_25953_4,wdewulf,r,08/19/2026,20:39:21,eddie@node1k04.ecdf.ed.ac.uk,1,465
57735494,0.00024,of_25953_4,wdewulf,r,08/19/2026,20:39:21,eddie@node1k07.ecdf.ed.ac.uk,1,466
57735494,0.00024,of_25953_4,wdewulf,r,08/19/2026,20:39:21,eddie@node1k07.ecdf.ed.ac.uk,1,467
57735494,0.00024,of_25953_4,wdewulf,r,08/19/2026,20:39:21,eddie@node1j04.ecdf.ed.ac.uk,1,468
57735494,0.00024,of_25953_4,wdewulf,r,08/19/2026,20:39:21,eddie@node1j21.ecdf.ed.ac.uk,1,469
57735494,0.00024,of_25953_4,wdewulf,r,08/19/2026,20:41:36,eddie@node1h21.ecdf.ed.ac.uk,1,507
57735494,0.00024,of_25953_4,wdewulf,r,08/19/2026,20:41:36,eddie@node1j28.ecdf.ed.ac.uk,1,508
57735494,0.00024,of_25953_4,wdewulf,r,08/19/2026,20:41:36,eddie@node1j03.ecdf.ed.ac.uk,1,509
57735494,0.00024,of_25953_4,wdewulf,r,08/19/2026,20:41:36,eddie@node1j06.ecdf.ed.ac.uk,1,510
57735494,0.00024,of_25953_4,wdewulf,r,08/19/2026,20:41:36,eddie@node1l04.ecdf.ed.ac.uk,1,511
57735494,0.00024,of_25953_4,wdewulf,r,08/19/2026,20:41:36,eddie@node1j08.ecdf.ed.ac.uk,1,512
57735494,0.00024,of_25953_4,wdewulf,r,08/19/2026,20:41:36,eddie@node1j23.ecdf.ed.ac.uk,1,513
57735494,0.00024,of_25953_4,wdewulf,r,08/19/2026,20:41:36,eddie@node1j08.ecdf.ed.ac.uk,1,514
57735494,0.00024,of_25953_4,wdewulf,r,08/19/2026,20:39:51,eddie@node1f06.ecdf.ed.ac.uk,1,476
57735494,0.00024,of_25953_4,wdewulf,r,08/19/2026,20:39:51,eddie@node1h04.ecdf.ed.ac.uk,1,477
57735494,0.00024,of_25953_4,wdewulf,r,08/19/2026,20:39:51,eddie@node1s13.ecdf.ed.ac.uk,1,478
57735494,0.00024,of_25953_4,wdewulf,r,08/19/2026,20:39:51,eddie@node1k04.ecdf.ed.ac.uk,1,479
57735494,0.00024,of_25953_4,wdewulf,r,08/19/2026,20:39:51,eddie@node1m12.ecdf.ed.ac.uk,1,480
57735494,0.00024,of_25953_4,wdewulf,r,08/19/2026,20:39:51,eddie@node1j04.ecdf.ed.ac.uk,1,481
57735494,0.00024,of_25953_4,wdewulf,r,08/19/2026,20:39:36,eddie@node1i13.ecdf.ed.ac.uk,1,470
57735494,0.00024,of_25953_4,wdewulf,r,08/19/2026,20:39:36,eddie@node1m14.ecdf.ed.ac.uk,1,471
57735494,0.00024,of_25953_4,wdewulf,r,08/19/2026,20:39:36,eddie@node1l04.ecdf.ed.ac.uk,1,472
57735494,0.00024,of_25953_4,wdewulf,r,08/19/2026,20:39:36,eddie@node1k07.ecdf.ed.ac.uk,1,473
57735494,0.00024,of_25953_4,wdewulf,r,08/19/2026,20:39:36,eddie@node1m01.ecdf.ed.ac.uk,1,474
57735494,0.00024,of_25953_4,wdewulf,r,08/19/2026,20:39:36,eddie@node1j09.ecdf.ed.ac.uk,1,475
57735494,0.00024,of_25953_4,wdewulf,r,08/19/2026,20:40:51,eddie@node1h23.ecdf.ed.ac.uk,1,494
57735494,0.00024,of_25953_4,wdewulf,r,08/19/2026,20:40:51,eddie@node1l04.ecdf.ed.ac.uk,1,495
57735494,0.00024,of_25953_4,wdewulf,r,08/19/2026,20:40:51,eddie@node1j08.ecdf.ed.ac.uk,1,496
57735494,0.00024,of_25953_4,wdewulf,r,08/19/2026,20:40:51,eddie@node1k02.ecdf.ed.ac.uk,1,497
57735494,0.00024,of_25953_4,wdewulf,r,08/19/2026,20:40:51,eddie@node1k02.ecdf.ed.ac.uk,1,498
57735494,0.00024,of_25953_4,wdewulf,r,08/19/2026,20:40:06,eddie@node1l25.ecdf.ed.ac.uk,1,482
57735494,0.00024,of_25953_4,wdewulf,r,08/19/2026,20:40:06,eddie@node1h09.ecdf.ed.ac.uk,1,483
57735494,0.00024,of_25953_4,wdewulf,r,08/19/2026,20:40:06,eddie@node1r06.ecdf.ed.ac.uk,1,484
57735494,0.00024,of_25953_4,wdewulf,r,08/19/2026,20:40:06,eddie@node1h16.ecdf.ed.ac.uk,1,485
57735494,0.00024,of_25953_4,wdewulf,r,08/19/2026,20:40:36,eddie@node1h10.ecdf.ed.ac.uk,1,489
57735494,0.00024,of_25953_4,wdewulf,r,08/19/2026,20:40:36,eddie@node1m16.ecdf.ed.ac.uk,1,490
57735494,0.00024,of_25953_4,wdewulf,r,08/19/2026,20:40:36,eddie@node1j06.ecdf.ed.ac.uk,1,491
57735494,0.00024,of_25953_4,wdewulf,r,08/19/2026,20:40:36,eddie@node1m01.ecdf.ed.ac.uk,1,492
57735494,0.00024,of_25953_4,wdewulf,r,08/19/2026,20:40:36,eddie@node1j04.ecdf.ed.ac.uk,1,493
57735494,0.00024,of_25953_4,wdewulf,r,08/19/2026,20:41:06,eddie@node1o03.ecdf.ed.ac.uk,1,499
57735494,0.00024,of_25953_4,wdewulf,r,08/19/2026,20:41:06,eddie@node1h23.ecdf.ed.ac.uk,1,500
57735494,0.00024,of_25953_4,wdewulf,r,08/19/2026,20:41:06,eddie@node1k07.ecdf.ed.ac.uk,1,501
57735494,0.00024,of_25953_4,wdewulf,r,08/19/2026,20:41:06,eddie@node1j04.ecdf.ed.ac.uk,1,502
57735494,0.00024,of_25953_4,wdewulf,r,08/19/2026,20:41:06,eddie@node1j04.ecdf.ed.ac.uk,1,503
57735494,0.00024,of_25953_4,wdewulf,r,08/19/2026,20:41:21,eddie@node1j28.ecdf.ed.ac.uk,1,504
57735494,0.00024,of_25953_4,wdewulf,r,08/19/2026,20:41:21,eddie@node1m11.ecdf.ed.ac.uk,1,505
57735494,0.00024,of_25953_4,wdewulf,r,08/19/2026,20:41:21,eddie@node1l03.ecdf.ed.ac.uk,1,506
57735494,0.00024,of_25953_4,wdewulf,r,08/19/2026,20:40:22,eddie@node1j27.ecdf.ed.ac.uk,1,487
57735494,0.00024,of_25953_4,wdewulf,r,08/19/2026,20:40:22,eddie@node1m16.ecdf.ed.ac.uk,1,488
57735494,0.00024,of_25953_4,wdewulf,r,08/19/2026,20:39:06,eddie@node1o10.ecdf.ed.ac.uk,1,460
57735494,0.00024,of_25953_4,wdewulf,r,08/19/2026,20:39:06,eddie@node1j27.ecdf.ed.ac.uk,1,461
57735494,0.00024,of_25953_4,wdewulf,r,08/19/2026,20:38:51,eddie@node1h04.ecdf.ed.ac.uk,1,455
57735494,0.00024,of_25953_4,wdewulf,r,08/19/2026,20:38:51,eddie@node1h03.ecdf.ed.ac.uk,1,456
57735494,0.00024,of_25953_4,wdewulf,r,08/19/2026,20:38:51,eddie@node1m11.ecdf.ed.ac.uk,1,457
57735494,0.00024,of_25953_4,wdewulf,r,08/19/2026,20:38:51,eddie@node1j06.ecdf.ed.ac.uk,1,458
57735494,0.00024,of_25953_4,wdewulf,r,08/19/2026,20:38:51,eddie@node1j06.ecdf.ed.ac.uk,1,459
57735494,0.00024,of_25953_4,wdewulf,r,08/19/2026,20:38:36,eddie@node1m15.ecdf.ed.ac.uk,1,453
57735494,0.00024,of_25953_4,wdewulf,r,08/19/2026,20:38:36,eddie@node1h03.ecdf.ed.ac.uk,1,454
57735494,0.00024,of_25953_4,wdewulf,r,08/19/2026,20:38:21,eddie@node1h10.ecdf.ed.ac.uk,1,449
57735494,0.00024,of_25953_4,wdewulf,r,08/19/2026,20:38:21,eddie@node1h13.ecdf.ed.ac.uk,1,450
57735494,0.00024,of_25953_4,wdewulf,r,08/19/2026,20:38:21,eddie@node1j03.ecdf.ed.ac.uk,1,451
57735494,0.00024,of_25953_4,wdewulf,r,08/19/2026,20:38:21,eddie@node1k04.ecdf.ed.ac.uk,1,452
57735494,0.00024,of_25953_4,wdewulf,r,08/19/2026,20:38:06,eddie@node1o08.ecdf.ed.ac.uk,1,442
57735494,0.00024,of_25953_4,wdewulf,r,08/19/2026,20:38:06,eddie@node1j25.ecdf.ed.ac.uk,1,443
57735494,0.00024,of_25953_4,wdewulf,r,08/19/2026,20:38:06,eddie@node1s16.ecdf.ed.ac.uk,1,444
57735494,0.00024,of_25953_4,wdewulf,r,08/19/2026,20:38:06,eddie@node1j03.ecdf.ed.ac.uk,1,445
57735494,0.00024,of_25953_4,wdewulf,r,08/19/2026,20:38:06,eddie@node1k04.ecdf.ed.ac.uk,1,446
57735494,0.00024,of_25953_4,wdewulf,r,08/19/2026,20:38:06,eddie@node1m12.ecdf.ed.ac.uk,1,447
57735494,0.00024,of_25953_4,wdewulf,r,08/19/2026,20:38:06,eddie@node1j06.ecdf.ed.ac.uk,1,448
57735494,0.00024,of_25953_4,wdewulf,r,08/19/2026,20:37:51,eddie@node1f10.ecdf.ed.ac.uk,1,438
57735494,0.00024,of_25953_4,wdewulf,r,08/19/2026,20:37:51,eddie@node1j03.ecdf.ed.ac.uk,1,439
57735494,0.00024,of_25953_4,wdewulf,r,08/19/2026,20:37:51,eddie@node1l02.ecdf.ed.ac.uk,1,440
57735494,0.00024,of_25953_4,wdewulf,r,08/19/2026,20:37:51,eddie@node1m11.ecdf.ed.ac.uk,1,441
57735494,0.00024,of_25953_4,wdewulf,r,08/19/2026,20:37:36,eddie@node1k04.ecdf.ed.ac.uk,1,434
57735494,0.00024,of_25953_4,wdewulf,r,08/19/2026,20:37:36,eddie@node1l07.ecdf.ed.ac.uk,1,435
57735494,0.00024,of_25953_4,wdewulf,r,08/19/2026,20:37:36,eddie@node1j04.ecdf.ed.ac.uk,1,436
57735494,0.00024,of_25953_4,wdewulf,r,08/19/2026,20:37:36,eddie@node1j08.ecdf.ed.ac.uk,1,437
57735494,0.00024,of_25953_4,wdewulf,r,08/19/2026,20:37:21,eddie@node1i02.ecdf.ed.ac.uk,1,429
57735494,0.00024,of_25953_4,wdewulf,r,08/19/2026,20:37:21,eddie@node1r18.ecdf.ed.ac.uk,1,430
57735494,0.00024,of_25953_4,wdewulf,r,08/19/2026,20:37:21,eddie@node1r19.ecdf.ed.ac.uk,1,431
57735494,0.00024,of_25953_4,wdewulf,r,08/19/2026,20:37:21,eddie@node1r18.ecdf.ed.ac.uk,1,432
57735494,0.00024,of_25953_4,wdewulf,r,08/19/2026,20:37:21,eddie@node1h21.ecdf.ed.ac.uk,1,433
57735494,0.00024,of_25953_4,wdewulf,r,08/19/2026,20:37:06,eddie@node1i13.ecdf.ed.ac.uk,1,423
57735494,0.00024,of_25953_4,wdewulf,r,08/19/2026,20:37:06,eddie@node1l28.ecdf.ed.ac.uk,1,424
57735494,0.00024,of_25953_4,wdewulf,r,08/19/2026,20:37:06,eddie@node1j27.ecdf.ed.ac.uk,1,425
57735494,0.00024,of_25953_4,wdewulf,r,08/19/2026,20:37:06,eddie@node1o09.ecdf.ed.ac.uk,1,426
57735494,0.00024,of_25953_4,wdewulf,r,08/19/2026,20:37:06,eddie@node1k04.ecdf.ed.ac.uk,1,427
57735494,0.00024,of_25953_4,wdewulf,r,08/19/2026,20:37:06,eddie@node1m12.ecdf.ed.ac.uk,1,428
57735494,0.00024,of_25953_4,wdewulf,r,08/19/2026,20:36:51,eddie@node1k04.ecdf.ed.ac.uk,1,418
57735494,0.00024,of_25953_4,wdewulf,r,08/19/2026,20:36:51,eddie@node1l04.ecdf.ed.ac.uk,1,419
57735494,0.00024,of_25953_4,wdewulf,r,08/19/2026,20:36:51,eddie@node1j04.ecdf.ed.ac.uk,1,420
57735494,0.00024,of_25953_4,wdewulf,r,08/19/2026,20:36:51,eddie@node1m07.ecdf.ed.ac.uk,1,421
57735494,0.00024,of_25953_4,wdewulf,r,08/19/2026,20:36:51,eddie@node1k02.ecdf.ed.ac.uk,1,422
57735494,0.00024,of_25953_4,wdewulf,r,08/19/2026,20:36:36,eddie@node1o05.ecdf.ed.ac.uk,1,412
57735494,0.00024,of_25953_4,wdewulf,r,08/19/2026,20:36:36,eddie@node1l07.ecdf.ed.ac.uk,1,413
57735494,0.00024,of_25953_4,wdewulf,r,08/19/2026,20:36:36,eddie@node1j04.ecdf.ed.ac.uk,1,414
57735494,0.00024,of_25953_4,wdewulf,r,08/19/2026,20:36:36,eddie@node1j06.ecdf.ed.ac.uk,1,415
57735494,0.00024,of_25953_4,wdewulf,r,08/19/2026,20:36:36,eddie@node1m07.ecdf.ed.ac.uk,1,416
57735494,0.00024,of_25953_4,wdewulf,r,08/19/2026,20:36:36,eddie@node1j09.ecdf.ed.ac.uk,1,417
57735494,0.00024,of_25953_4,wdewulf,r,08/19/2026,20:36:21,eddie@node1i06.ecdf.ed.ac.uk,1,409
57735494,0.00024,of_25953_4,wdewulf,r,08/19/2026,20:36:21,eddie@node1l06.ecdf.ed.ac.uk,1,410
57735494,0.00024,of_25953_4,wdewulf,r,08/19/2026,20:36:21,eddie@node1j06.ecdf.ed.ac.uk,1,411
57735494,0.00024,of_25953_4,wdewulf,r,08/19/2026,20:36:06,eddie@node1i16.ecdf.ed.ac.uk,1,404
57735494,0.00024,of_25953_4,wdewulf,r,08/19/2026,20:36:06,eddie@node1l28.ecdf.ed.ac.uk,1,405
57735494,0.00024,of_25953_4,wdewulf,r,08/19/2026,20:36:06,eddie@node1k04.ecdf.ed.ac.uk,1,406
57735494,0.00024,of_25953_4,wdewulf,r,08/19/2026,20:36:06,eddie@node1m01.ecdf.ed.ac.uk,1,407
57735494,0.00024,of_25953_4,wdewulf,r,08/19/2026,20:36:06,eddie@node1m10.ecdf.ed.ac.uk,1,408
57735494,0.00024,of_25953_4,wdewulf,r,08/19/2026,20:35:51,eddie@node1h04.ecdf.ed.ac.uk,1,398
57735494,0.00024,of_25953_4,wdewulf,r,08/19/2026,20:35:51,eddie@node1s16.ecdf.ed.ac.uk,1,399
57735494,0.00024,of_25953_4,wdewulf,r,08/19/2026,20:35:51,eddie@node1s16.ecdf.ed.ac.uk,1,400
57735494,0.00024,of_25953_4,wdewulf,r,08/19/2026,20:35:51,eddie@node1s19.ecdf.ed.ac.uk,1,401
57735494,0.00024,of_25953_4,wdewulf,r,08/19/2026,20:35:51,eddie@node1j06.ecdf.ed.ac.uk,1,402
57735494,0.00024,of_25953_4,wdewulf,r,08/19/2026,20:35:51,eddie@node1m12.ecdf.ed.ac.uk,1,403
57735494,0.00024,of_25953_4,wdewulf,r,08/19/2026,20:35:36,eddie@node1l25.ecdf.ed.ac.uk,1,395
57735494,0.00024,of_25953_4,wdewulf,r,08/19/2026,20:35:36,eddie@node1j06.ecdf.ed.ac.uk,1,396
57735494,0.00024,of_25953_4,wdewulf,r,08/19/2026,20:35:36,eddie@node1m12.ecdf.ed.ac.uk,1,397
57735494,0.00024,of_25953_4,wdewulf,r,08/19/2026,20:35:21,eddie@node1j27.ecdf.ed.ac.uk,1,392
57735494,0.00024,of_25953_4,wdewulf,r,08/19/2026,20:35:21,eddie@node1j06.ecdf.ed.ac.uk,1,393
57735494,0.00024,of_25953_4,wdewulf,r,08/19/2026,20:35:21,eddie@node1j04.ecdf.ed.ac.uk,1,394
57735494,0.00024,of_25953_4,wdewulf,r,08/19/2026,20:35:06,eddie@node1i02.ecdf.ed.ac.uk,1,389
57735494,0.00024,of_25953_4,wdewulf,r,08/19/2026,20:35:06,eddie@node1m15.ecdf.ed.ac.uk,1,390
57735494,0.00024,of_25953_4,wdewulf,r,08/19/2026,20:35:06,eddie@node1j03.ecdf.ed.ac.uk,1,391
57735494,0.00024,of_25953_4,wdewulf,r,08/19/2026,20:34:51,eddie@node1o08.ecdf.ed.ac.uk,1,383
57735494,0.00024,of_25953_4,wdewulf,r,08/19/2026,20:34:51,eddie@node1r20.ecdf.ed.ac.uk,1,384
57735494,0.00024,of_25953_4,wdewulf,r,08/19/2026,20:34:51,eddie@node1l01.ecdf.ed.ac.uk,1,385
57735494,0.00024,of_25953_4,wdewulf,r,08/19/2026,20:34:51,eddie@node1m12.ecdf.ed.ac.uk,1,386
57735494,0.00024,of_25953_4,wdewulf,r,08/19/2026,20:34:51,eddie@node1m01.ecdf.ed.ac.uk,1,387
57735494,0.00024,of_25953_4,wdewulf,r,08/19/2026,20:34:51,eddie@node1m01.ecdf.ed.ac.uk,1,388
57735494,0.00024,of_25953_4,wdewulf,r,08/19/2026,20:34:36,eddie@node1m12.ecdf.ed.ac.uk,1,381
57735494,0.00024,of_25953_4,wdewulf,r,08/19/2026,20:34:36,eddie@node1m07.ecdf.ed.ac.uk,1,382
57735494,0.00024,of_25953_4,wdewulf,r,08/19/2026,20:34:21,eddie@node1l28.ecdf.ed.ac.uk,1,378
57735494,0.00024,of_25953_4,wdewulf,r,08/19/2026,20:34:21,eddie@node1j06.ecdf.ed.ac.uk,1,380
57735494,0.00024,of_25953_4,wdewulf,r,08/19/2026,20:34:06,eddie@node1l23.ecdf.ed.ac.uk,1,376
57735494,0.00024,of_25953_4,wdewulf,r,08/19/2026,20:34:06,eddie@node1m11.ecdf.ed.ac.uk,1,377
57735494,0.00024,of_25953_4,wdewulf,r,08/19/2026,20:33:51,eddie@node1h08.ecdf.ed.ac.uk,1,372
57735494,0.00024,of_25953_4,wdewulf,r,08/19/2026,20:33:51,eddie@node1m10.ecdf.ed.ac.uk,1,373
57735494,0.00024,of_25953_4,wdewulf,r,08/19/2026,20:33:51,eddie@node1k02.ecdf.ed.ac.uk,1,374
57735494,0.00024,of_25953_4,wdewulf,r,08/19/2026,20:33:36,eddie@node1h05.ecdf.ed.ac.uk,1,366
57735494,0.00024,of_25953_4,wdewulf,r,08/19/2026,20:33:36,eddie@node1m11.ecdf.ed.ac.uk,1,367
57735494,0.00024,of_25953_4,wdewulf,r,08/19/2026,20:33:36,eddie@node1m11.ecdf.ed.ac.uk,1,368
57735494,0.00024,of_25953_4,wdewulf,r,08/19/2026,20:33:36,eddie@node1k02.ecdf.ed.ac.uk,1,369
57735494,0.00024,of_25953_4,wdewulf,r,08/19/2026,20:33:36,eddie@node1k07.ecdf.ed.ac.uk,1,370
57735494,0.00024,of_25953_4,wdewulf,r,08/19/2026,20:33:36,eddie@node1j10.ecdf.ed.ac.uk,1,371
57735494,0.00024,of_25953_4,wdewulf,r,08/19/2026,20:33:21,eddie@node1f06.ecdf.ed.ac.uk,1,362
57735494,0.00024,of_25953_4,wdewulf,r,08/19/2026,20:33:21,eddie@node1k09.ecdf.ed.ac.uk,1,363
57735494,0.00024,of_25953_4,wdewulf,r,08/19/2026,20:33:21,eddie@node1k03.ecdf.ed.ac.uk,1,364
57735494,0.00024,of_25953_4,wdewulf,r,08/19/2026,20:33:06,eddie@node1l23.ecdf.ed.ac.uk,1,356
57735494,0.00024,of_25953_4,wdewulf,r,08/19/2026,20:33:06,eddie@node1m03.ecdf.ed.ac.uk,1,357
57735494,0.00024,of_25953_4,wdewulf,r,08/19/2026,20:33:06,eddie@node1j04.ecdf.ed.ac.uk,1,358
57735494,0.00024,of_25953_4,wdewulf,r,08/19/2026,20:33:06,eddie@node1m07.ecdf.ed.ac.uk,1,359
57735494,0.00024,of_25953_4,wdewulf,r,08/19/2026,20:33:06,eddie@node1l09.ecdf.ed.ac.uk,1,360
57735494,0.00024,of_25953_4,wdewulf,r,08/19/2026,20:33:06,eddie@node1j21.ecdf.ed.ac.uk,1,361
57735494,0.00023,of_25953_4,wdewulf,r,08/19/2026,20:32:51,eddie@node1l23.ecdf.ed.ac.uk,1,350
57735494,0.00023,of_25953_4,wdewulf,r,08/19/2026,20:32:51,eddie@node1s18.ecdf.ed.ac.uk,1,351
57735494,0.00023,of_25953_4,wdewulf,r,08/19/2026,20:32:51,eddie@node1h04.ecdf.ed.ac.uk,1,352
57735494,0.00023,of_25953_4,wdewulf,r,08/19/2026,20:32:51,eddie@node1k02.ecdf.ed.ac.uk,1,353
57735494,0.00023,of_25953_4,wdewulf,r,08/19/2026,20:32:51,eddie@node1k02.ecdf.ed.ac.uk,1,354
57735494,0.00023,of_25953_4,wdewulf,r,08/19/2026,20:32:51,eddie@node1j10.ecdf.ed.ac.uk,1,355
57728307,0.00023,runlisfloo,asiripat,r,08/19/2026,16:24:04,eddie@node1m24.ecdf.ed.ac.uk,1,8168
57735494,0.00023,of_25953_4,wdewulf,r,08/19/2026,20:32:21,eddie@node1i03.ecdf.ed.ac.uk,1,344
57735494,0.00023,of_25953_4,wdewulf,r,08/19/2026,20:32:21,eddie@node1f09.ecdf.ed.ac.uk,1,345
57735494,0.00023,of_25953_4,wdewulf,r,08/19/2026,20:32:21,eddie@node1l07.ecdf.ed.ac.uk,1,346
57735494,0.00023,of_25953_4,wdewulf,r,08/19/2026,20:32:21,eddie@node1m12.ecdf.ed.ac.uk,1,347
57735494,0.00023,of_25953_4,wdewulf,r,08/19/2026,20:32:21,eddie@node1k07.ecdf.ed.ac.uk,1,348
57735494,0.00023,of_25953_4,wdewulf,r,08/19/2026,20:32:21,eddie@node1j08.ecdf.ed.ac.uk,1,349
57735494,0.00023,of_25953_4,wdewulf,r,08/19/2026,20:32:06,eddie@node1m14.ecdf.ed.ac.uk,1,341
57735494,0.00023,of_25953_4,wdewulf,r,08/19/2026,20:32:06,eddie@node1j03.ecdf.ed.ac.uk,1,342
57735494,0.00023,of_25953_4,wdewulf,r,08/19/2026,20:32:06,eddie@node1l07.ecdf.ed.ac.uk,1,343
57735494,0.00023,of_25953_4,wdewulf,r,08/19/2026,20:31:51,eddie@node1f11.ecdf.ed.ac.uk,1,332
57735494,0.00023,of_25953_4,wdewulf,r,08/19/2026,20:31:51,eddie@node1f09.ecdf.ed.ac.uk,1,333
57735494,0.00023,of_25953_4,wdewulf,r,08/19/2026,20:31:51,eddie@node1f10.ecdf.ed.ac.uk,1,334
57735494,0.00023,of_25953_4,wdewulf,r,08/19/2026,20:31:51,eddie@node1h05.ecdf.ed.ac.uk,1,335
57735494,0.00023,of_25953_4,wdewulf,r,08/19/2026,20:31:51,eddie@node1r20.ecdf.ed.ac.uk,1,336
57735494,0.00023,of_25953_4,wdewulf,r,08/19/2026,20:31:51,eddie@node1l07.ecdf.ed.ac.uk,1,337
57735494,0.00023,of_25953_4,wdewulf,r,08/19/2026,20:31:51,eddie@node1m01.ecdf.ed.ac.uk,1,338
57735494,0.00023,of_25953_4,wdewulf,r,08/19/2026,20:31:51,eddie@node1m10.ecdf.ed.ac.uk,1,339
57735494,0.00023,of_25953_4,wdewulf,r,08/19/2026,20:31:36,eddie@node1h05.ecdf.ed.ac.uk,1,330
57735494,0.00023,of_25953_4,wdewulf,r,08/19/2026,20:31:36,eddie@node1o10.ecdf.ed.ac.uk,1,331
57735494,0.00023,of_25953_4,wdewulf,r,08/19/2026,20:31:21,eddie@node1m07.ecdf.ed.ac.uk,1,325
57735494,0.00023,of_25953_4,wdewulf,r,08/19/2026,20:31:22,eddie@node1m01.ecdf.ed.ac.uk,1,326
57735494,0.00023,of_25953_4,wdewulf,r,08/19/2026,20:31:22,eddie@node1k07.ecdf.ed.ac.uk,1,327
57735494,0.00023,of_25953_4,wdewulf,r,08/19/2026,20:31:22,eddie@node1j21.ecdf.ed.ac.uk,1,328
57735494,0.00023,of_25953_4,wdewulf,r,08/19/2026,20:31:22,eddie@node1k07.ecdf.ed.ac.uk,1,329
57735494,0.00023,of_25953_4,wdewulf,r,08/19/2026,20:31:07,eddie@node1f07.ecdf.ed.ac.uk,1,320
57735494,0.00023,of_25953_4,wdewulf,r,08/19/2026,20:31:07,eddie@node1o05.ecdf.ed.ac.uk,1,321
57735494,0.00023,of_25953_4,wdewulf,r,08/19/2026,20:31:07,eddie@node1s16.ecdf.ed.ac.uk,1,322
57735494,0.00023,of_25953_4,wdewulf,r,08/19/2026,20:31:07,eddie@node1j28.ecdf.ed.ac.uk,1,323
57735494,0.00023,of_25953_4,wdewulf,r,08/19/2026,20:31:07,eddie@node1j03.ecdf.ed.ac.uk,1,324
57735494,0.00023,of_25953_4,wdewulf,r,08/19/2026,20:30:52,eddie@node1j06.ecdf.ed.ac.uk,1,315
57735494,0.00023,of_25953_4,wdewulf,r,08/19/2026,20:30:52,eddie@node1k07.ecdf.ed.ac.uk,1,316
57735494,0.00023,of_25953_4,wdewulf,r,08/19/2026,20:30:36,eddie@node1f13.ecdf.ed.ac.uk,1,309
57735494,0.00023,of_25953_4,wdewulf,r,08/19/2026,20:30:36,eddie@node1i07.ecdf.ed.ac.uk,1,310
57735494,0.00023,of_25953_4,wdewulf,r,08/19/2026,20:30:36,eddie@node1r14.ecdf.ed.ac.uk,1,311
57735494,0.00023,of_25953_4,wdewulf,r,08/19/2026,20:30:36,eddie@node1h23.ecdf.ed.ac.uk,1,312
57735494,0.00023,of_25953_4,wdewulf,r,08/19/2026,20:30:36,eddie@node1l07.ecdf.ed.ac.uk,1,313
57735494,0.00023,of_25953_4,wdewulf,r,08/19/2026,20:30:36,eddie@node1m12.ecdf.ed.ac.uk,1,314
57735494,0.00023,of_25953_4,wdewulf,r,08/19/2026,20:30:21,eddie@node1i03.ecdf.ed.ac.uk,1,301
57735494,0.00023,of_25953_4,wdewulf,r,08/19/2026,20:30:21,eddie@node1f08.ecdf.ed.ac.uk,1,302
57735494,0.00023,of_25953_4,wdewulf,r,08/19/2026,20:30:21,eddie@node1o10.ecdf.ed.ac.uk,1,303
57735494,0.00023,of_25953_4,wdewulf,r,08/19/2026,20:30:21,eddie@node1l04.ecdf.ed.ac.uk,1,304
57735494,0.00023,of_25953_4,wdewulf,r,08/19/2026,20:30:21,eddie@node1m11.ecdf.ed.ac.uk,1,305
57735494,0.00023,of_25953_4,wdewulf,r,08/19/2026,20:30:21,eddie@node1m11.ecdf.ed.ac.uk,1,306
57735494,0.00023,of_25953_4,wdewulf,r,08/19/2026,20:30:21,eddie@node1j21.ecdf.ed.ac.uk,1,307
57735494,0.00023,of_25953_4,wdewulf,r,08/19/2026,20:30:06,eddie@node1l06.ecdf.ed.ac.uk,1,299
57735494,0.00023,of_25953_4,wdewulf,r,08/19/2026,20:30:06,eddie@node1l07.ecdf.ed.ac.uk,1,300
57735494,0.00023,of_25953_4,wdewulf,r,08/19/2026,20:29:51,eddie@node1i06.ecdf.ed.ac.uk,1,292
57735494,0.00023,of_25953_4,wdewulf,r,08/19/2026,20:29:51,eddie@node1r15.ecdf.ed.ac.uk,1,293
57735494,0.00023,of_25953_4,wdewulf,r,08/19/2026,20:29:51,eddie@node1o14.ecdf.ed.ac.uk,1,295
57735494,0.00023,of_25953_4,wdewulf,r,08/19/2026,20:29:51,eddie@node1j03.ecdf.ed.ac.uk,1,296
57735494,0.00023,of_25953_4,wdewulf,r,08/19/2026,20:29:51,eddie@node1j04.ecdf.ed.ac.uk,1,297
57735494,0.00023,of_25953_4,wdewulf,r,08/19/2026,20:29:51,eddie@node1m01.ecdf.ed.ac.uk,1,298
57728307,0.00023,runlisfloo,asiripat,r,08/19/2026,16:21:32,eddie@node1m24.ecdf.ed.ac.uk,1,8167
57735494,0.00023,of_25953_4,wdewulf,r,08/19/2026,20:29:36,eddie@node1j21.ecdf.ed.ac.uk,1,291
57735494,0.00023,of_25953_4,wdewulf,r,08/19/2026,20:29:21,eddie@node1m01.ecdf.ed.ac.uk,1,287
57735494,0.00023,of_25953_4,wdewulf,r,08/19/2026,20:29:21,eddie@node1m10.ecdf.ed.ac.uk,1,288
57735494,0.00023,of_25953_4,wdewulf,r,08/19/2026,20:29:21,eddie@node1j21.ecdf.ed.ac.uk,1,289
57735494,0.00023,of_25953_4,wdewulf,r,08/19/2026,20:29:21,eddie@node1k07.ecdf.ed.ac.uk,1,290
57735494,0.00023,of_25953_4,wdewulf,r,08/19/2026,20:29:06,eddie@node1l25.ecdf.ed.ac.uk,1,280
57735494,0.00023,of_25953_4,wdewulf,r,08/19/2026,20:29:06,eddie@node1h23.ecdf.ed.ac.uk,1,281
57735494,0.00023,of_25953_4,wdewulf,r,08/19/2026,20:29:06,eddie@node1o10.ecdf.ed.ac.uk,1,282
57735494,0.00023,of_25953_4,wdewulf,r,08/19/2026,20:29:06,eddie@node1h08.ecdf.ed.ac.uk,1,283
57735494,0.00023,of_25953_4,wdewulf,r,08/19/2026,20:29:06,eddie@node1j21.ecdf.ed.ac.uk,1,284
57735494,0.00023,of_25953_4,wdewulf,r,08/19/2026,20:29:06,eddie@node1m07.ecdf.ed.ac.uk,1,285
57735494,0.00023,of_25953_4,wdewulf,r,08/19/2026,20:29:06,eddie@node1j06.ecdf.ed.ac.uk,1,286
57735494,0.00023,of_25953_4,wdewulf,r,08/19/2026,20:28:52,eddie@node1f09.ecdf.ed.ac.uk,1,275
57735494,0.00023,of_25953_4,wdewulf,r,08/19/2026,20:28:52,eddie@node1f12.ecdf.ed.ac.uk,1,276
57735494,0.00023,of_25953_4,wdewulf,r,08/19/2026,20:28:52,eddie@node1j04.ecdf.ed.ac.uk,1,277
57735494,0.00023,of_25953_4,wdewulf,r,08/19/2026,20:28:37,eddie@node1s16.ecdf.ed.ac.uk,1,272
57735494,0.00023,of_25953_4,wdewulf,r,08/19/2026,20:28:37,eddie@node1k02.ecdf.ed.ac.uk,1,273
57735494,0.00023,of_25953_4,wdewulf,r,08/19/2026,20:28:37,eddie@node1j06.ecdf.ed.ac.uk,1,274
57735494,0.00023,of_25953_4,wdewulf,r,08/19/2026,20:28:22,eddie@node1f13.ecdf.ed.ac.uk,1,266
57735494,0.00023,of_25953_4,wdewulf,r,08/19/2026,20:28:22,eddie@node1i16.ecdf.ed.ac.uk,1,267
57735494,0.00023,of_25953_4,wdewulf,r,08/19/2026,20:28:22,eddie@node1f12.ecdf.ed.ac.uk,1,268
57735494,0.00023,of_25953_4,wdewulf,r,08/19/2026,20:28:22,eddie@node1h24.ecdf.ed.ac.uk,1,269
57735494,0.00023,of_25953_4,wdewulf,r,08/19/2026,20:28:22,eddie@node1h10.ecdf.ed.ac.uk,1,270
57735494,0.00023,of_25953_4,wdewulf,r,08/19/2026,20:28:22,eddie@node1l05.ecdf.ed.ac.uk,1,271
57735494,0.00023,of_25953_4,wdewulf,r,08/19/2026,20:28:06,eddie@node1l24.ecdf.ed.ac.uk,1,260
57735494,0.00023,of_25953_4,wdewulf,r,08/19/2026,20:28:06,eddie@node1s14.ecdf.ed.ac.uk,1,261
57735494,0.00023,of_25953_4,wdewulf,r,08/19/2026,20:28:06,eddie@node1m07.ecdf.ed.ac.uk,1,263
57735494,0.00023,of_25953_4,wdewulf,r,08/19/2026,20:28:06,eddie@node1k02.ecdf.ed.ac.uk,1,264
57735494,0.00023,of_25953_4,wdewulf,r,08/19/2026,20:28:06,eddie@node1k03.ecdf.ed.ac.uk,1,265
57735494,0.00023,of_25953_4,wdewulf,r,08/19/2026,20:27:51,eddie@node1l26.ecdf.ed.ac.uk,1,259
57735494,0.00023,of_25953_4,wdewulf,r,08/19/2026,20:27:37,eddie@node1f11.ecdf.ed.ac.uk,1,253
57735494,0.00023,of_25953_4,wdewulf,r,08/19/2026,20:27:37,eddie@node1s20.ecdf.ed.ac.uk,1,255
57735494,0.00023,of_25953_4,wdewulf,r,08/19/2026,20:27:37,eddie@node1o13.ecdf.ed.ac.uk,1,256
57735494,0.00023,of_25953_4,wdewulf,r,08/19/2026,20:27:37,eddie@node1l01.ecdf.ed.ac.uk,1,257
57735494,0.00023,of_25953_4,wdewulf,r,08/19/2026,20:27:37,eddie@node1j03.ecdf.ed.ac.uk,1,258
57735494,0.00023,of_25953_4,wdewulf,r,08/19/2026,20:27:21,eddie@node1l01.ecdf.ed.ac.uk,1,250
57735494,0.00023,of_25953_4,wdewulf,r,08/19/2026,20:27:21,eddie@node1l01.ecdf.ed.ac.uk,1,251
57735494,0.00023,of_25953_4,wdewulf,r,08/19/2026,20:27:22,eddie@node1m11.ecdf.ed.ac.uk,1,252
57735494,0.00023,of_25953_4,wdewulf,r,08/19/2026,20:27:06,eddie@node1h07.ecdf.ed.ac.uk,1,246
57735494,0.00023,of_25953_4,wdewulf,r,08/19/2026,20:27:06,eddie@node1j03.ecdf.ed.ac.uk,1,247
57735494,0.00023,of_25953_4,wdewulf,r,08/19/2026,20:27:06,eddie@node1j03.ecdf.ed.ac.uk,1,248
57735494,0.00023,of_25953_4,wdewulf,r,08/19/2026,20:26:52,eddie@node1r14.ecdf.ed.ac.uk,1,240
57735494,0.00023,of_25953_4,wdewulf,r,08/19/2026,20:26:52,eddie@node1s14.ecdf.ed.ac.uk,1,241
57735494,0.00023,of_25953_4,wdewulf,r,08/19/2026,20:26:52,eddie@node1h10.ecdf.ed.ac.uk,1,242
57735494,0.00023,of_25953_4,wdewulf,r,08/19/2026,20:26:52,eddie@node1l07.ecdf.ed.ac.uk,1,243
57735494,0.00023,of_25953_4,wdewulf,r,08/19/2026,20:26:52,eddie@node1k04.ecdf.ed.ac.uk,1,244
57735494,0.00023,of_25953_4,wdewulf,r,08/19/2026,20:26:52,eddie@node1k07.ecdf.ed.ac.uk,1,245
57735494,0.00023,of_25953_4,wdewulf,r,08/19/2026,20:26:36,eddie@node1f12.ecdf.ed.ac.uk,1,234
57735494,0.00023,of_25953_4,wdewulf,r,08/19/2026,20:26:36,eddie@node1f08.ecdf.ed.ac.uk,1,235
57735494,0.00023,of_25953_4,wdewulf,r,08/19/2026,20:26:36,eddie@node1j03.ecdf.ed.ac.uk,1,236
57735494,0.00023,of_25953_4,wdewulf,r,08/19/2026,20:26:36,eddie@node1l07.ecdf.ed.ac.uk,1,237
57735494,0.00023,of_25953_4,wdewulf,r,08/19/2026,20:26:36,eddie@node1l07.ecdf.ed.ac.uk,1,238
57735494,0.00023,of_25953_4,wdewulf,r,08/19/2026,20:26:37,eddie@node1j04.ecdf.ed.ac.uk,1,239
57735494,0.00023,of_25953_4,wdewulf,r,08/19/2026,20:26:06,eddie@node1j06.ecdf.ed.ac.uk,1,231
57735494,0.00023,of_25953_4,wdewulf,r,08/19/2026,20:26:06,eddie@node1m07.ecdf.ed.ac.uk,1,232
57735494,0.00023,of_25953_4,wdewulf,r,08/19/2026,20:26:06,eddie@node1k07.ecdf.ed.ac.uk,1,233
57735494,0.00023,of_25953_4,wdewulf,r,08/19/2026,20:25:51,eddie@node1f08.ecdf.ed.ac.uk,1,223
57735494,0.00023,of_25953_4,wdewulf,r,08/19/2026,20:25:51,eddie@node1i14.ecdf.ed.ac.uk,1,224
57735494,0.00023,of_25953_4,wdewulf,r,08/19/2026,20:25:51,eddie@node1f08.ecdf.ed.ac.uk,1,225
57735494,0.00023,of_25953_4,wdewulf,r,08/19/2026,20:25:52,eddie@node1f10.ecdf.ed.ac.uk,1,226
57735494,0.00023,of_25953_4,wdewulf,r,08/19/2026,20:25:52,eddie@node1r05.ecdf.ed.ac.uk,1,227
57735494,0.00023,of_25953_4,wdewulf,r,08/19/2026,20:25:52,eddie@node1k04.ecdf.ed.ac.uk,1,228
57735494,0.00023,of_25953_4,wdewulf,r,08/19/2026,20:25:52,eddie@node1j06.ecdf.ed.ac.uk,1,229
57735494,0.00023,of_25953_4,wdewulf,r,08/19/2026,20:25:52,eddie@node1j06.ecdf.ed.ac.uk,1,230
57735494,0.00023,of_25953_4,wdewulf,r,08/19/2026,20:25:36,eddie@node1i14.ecdf.ed.ac.uk,1,219
57735494,0.00023,of_25953_4,wdewulf,r,08/19/2026,20:25:36,eddie@node1r12.ecdf.ed.ac.uk,1,220
57735494,0.00023,of_25953_4,wdewulf,r,08/19/2026,20:25:36,eddie@node1m07.ecdf.ed.ac.uk,1,221
57735494,0.00023,of_25953_4,wdewulf,r,08/19/2026,20:25:36,eddie@node1k02.ecdf.ed.ac.uk,1,222
57735494,0.00023,of_25953_4,wdewulf,r,08/19/2026,20:25:22,eddie@node1j01.ecdf.ed.ac.uk,1,217
57735494,0.00023,of_25953_4,wdewulf,r,08/19/2026,20:25:06,eddie@node1f07.ecdf.ed.ac.uk,1,213
57735494,0.00023,of_25953_4,wdewulf,r,08/19/2026,20:25:06,eddie@node1h05.ecdf.ed.ac.uk,1,214
57735494,0.00023,of_25953_4,wdewulf,r,08/19/2026,20:25:07,eddie@node1h08.ecdf.ed.ac.uk,1,215
57735494,0.00023,of_25953_4,wdewulf,r,08/19/2026,20:25:07,eddie@node1h03.ecdf.ed.ac.uk,1,216
57735494,0.00023,of_25953_4,wdewulf,r,08/19/2026,20:24:51,eddie@node1h03.ecdf.ed.ac.uk,1,211
57735494,0.00023,of_25953_4,wdewulf,r,08/19/2026,20:24:51,eddie@node1k04.ecdf.ed.ac.uk,1,212
57735494,0.00023,of_25953_4,wdewulf,r,08/19/2026,20:24:36,eddie@node1r15.ecdf.ed.ac.uk,1,208
57735494,0.00023,of_25953_4,wdewulf,r,08/19/2026,20:24:36,eddie@node1h03.ecdf.ed.ac.uk,1,210
57735494,0.00023,of_25953_4,wdewulf,r,08/19/2026,20:24:21,eddie@node1i13.ecdf.ed.ac.uk,1,205
57735494,0.00023,of_25953_4,wdewulf,r,08/19/2026,20:24:21,eddie@node1l28.ecdf.ed.ac.uk,1,206
57735494,0.00023,of_25953_4,wdewulf,r,08/19/2026,20:24:21,eddie@node1j03.ecdf.ed.ac.uk,1,207
57735494,0.00023,of_25953_4,wdewulf,r,08/19/2026,20:24:06,eddie@node1r14.ecdf.ed.ac.uk,1,197
57735494,0.00023,of_25953_4,wdewulf,r,08/19/2026,20:24:07,eddie@node1h12.ecdf.ed.ac.uk,1,198
57735494,0.00023,of_25953_4,wdewulf,r,08/19/2026,20:24:07,eddie@node1j03.ecdf.ed.ac.uk,1,199
57735494,0.00023,of_25953_4,wdewulf,r,08/19/2026,20:24:07,eddie@node1j03.ecdf.ed.ac.uk,1,200
57735494,0.00023,of_25953_4,wdewulf,r,08/19/2026,20:24:07,eddie@node1l07.ecdf.ed.ac.uk,1,201
57735494,0.00023,of_25953_4,wdewulf,r,08/19/2026,20:24:07,eddie@node1k04.ecdf.ed.ac.uk,1,202
57735494,0.00023,of_25953_4,wdewulf,r,08/19/2026,20:24:07,eddie@node1j06.ecdf.ed.ac.uk,1,203
57735494,0.00023,of_25953_4,wdewulf,r,08/19/2026,20:24:07,eddie@node1m10.ecdf.ed.ac.uk,1,204
57735494,0.00023,of_25953_4,wdewulf,r,08/19/2026,20:23:51,eddie@node1i07.ecdf.ed.ac.uk,1,192
57735494,0.00023,of_25953_4,wdewulf,r,08/19/2026,20:23:52,eddie@node1l25.ecdf.ed.ac.uk,1,193
57735494,0.00023,of_25953_4,wdewulf,r,08/19/2026,20:23:52,eddie@node1r18.ecdf.ed.ac.uk,1,194
57735494,0.00023,of_25953_4,wdewulf,r,08/19/2026,20:23:52,eddie@node1j03.ecdf.ed.ac.uk,1,195
57735494,0.00023,of_25953_4,wdewulf,r,08/19/2026,20:23:52,eddie@node1k04.ecdf.ed.ac.uk,1,196
57735494,0.00023,of_25953_4,wdewulf,r,08/19/2026,20:23:36,eddie@node1l28.ecdf.ed.ac.uk,1,186
57735494,0.00023,of_25953_4,wdewulf,r,08/19/2026,20:23:36,eddie@node1l24.ecdf.ed.ac.uk,1,187
57735494,0.00023,of_25953_4,wdewulf,r,08/19/2026,20:23:36,eddie@node1m06.ecdf.ed.ac.uk,1,188
57735494,0.00023,of_25953_4,wdewulf,r,08/19/2026,20:23:36,eddie@node1k04.ecdf.ed.ac.uk,1,189
57735494,0.00023,of_25953_4,wdewulf,r,08/19/2026,20:23:37,eddie@node1k07.ecdf.ed.ac.uk,1,190
57735494,0.00023,of_25953_4,wdewulf,r,08/19/2026,20:23:21,eddie@node1i03.ecdf.ed.ac.uk,1,180
57735494,0.00023,of_25953_4,wdewulf,r,08/19/2026,20:23:21,eddie@node1i07.ecdf.ed.ac.uk,1,181
57735494,0.00023,of_25953_4,wdewulf,r,08/19/2026,20:23:21,eddie@node1l26.ecdf.ed.ac.uk,1,182
57735494,0.00023,of_25953_4,wdewulf,r,08/19/2026,20:23:22,eddie@node1r17.ecdf.ed.ac.uk,1,183
57735494,0.00023,of_25953_4,wdewulf,r,08/19/2026,20:23:22,eddie@node1h04.ecdf.ed.ac.uk,1,184
57735494,0.00023,of_25953_4,wdewulf,r,08/19/2026,20:23:22,eddie@node1h03.ecdf.ed.ac.uk,1,185
57735494,0.00023,of_25953_4,wdewulf,r,08/19/2026,20:23:06,eddie@node1l26.ecdf.ed.ac.uk,1,175
57735494,0.00023,of_25953_4,wdewulf,r,08/19/2026,20:23:06,eddie@node1h23.ecdf.ed.ac.uk,1,176
57735494,0.00023,of_25953_4,wdewulf,r,08/19/2026,20:23:06,eddie@node1s19.ecdf.ed.ac.uk,1,177
57735494,0.00023,of_25953_4,wdewulf,r,08/19/2026,20:23:06,eddie@node1l01.ecdf.ed.ac.uk,1,179
57735494,0.00023,of_25953_4,wdewulf,r,08/19/2026,20:22:51,eddie@node1j03.ecdf.ed.ac.uk,1,173
57735494,0.00023,of_25953_4,wdewulf,r,08/19/2026,20:22:52,eddie@node1j04.ecdf.ed.ac.uk,1,174
57735494,0.00023,of_25953_4,wdewulf,r,08/19/2026,20:22:36,eddie@node1i06.ecdf.ed.ac.uk,1,167
57735494,0.00023,of_25953_4,wdewulf,r,08/19/2026,20:22:37,eddie@node1i13.ecdf.ed.ac.uk,1,168
57735494,0.00023,of_25953_4,wdewulf,r,08/19/2026,20:22:37,eddie@node1l24.ecdf.ed.ac.uk,1,169
57735494,0.00023,of_25953_4,wdewulf,r,08/19/2026,20:22:37,eddie@node1r05.ecdf.ed.ac.uk,1,170
57735494,0.00023,of_25953_4,wdewulf,r,08/19/2026,20:22:37,eddie@node1j03.ecdf.ed.ac.uk,1,171
57735494,0.00023,of_25953_4,wdewulf,r,08/19/2026,20:22:37,eddie@node1l07.ecdf.ed.ac.uk,1,172
57735494,0.00023,of_25953_4,wdewulf,r,08/19/2026,20:22:21,eddie@node1f11.ecdf.ed.ac.uk,1,164
57735494,0.00023,of_25953_4,wdewulf,r,08/19/2026,20:22:21,eddie@node1r14.ecdf.ed.ac.uk,1,165
57735494,0.00023,of_25953_4,wdewulf,r,08/19/2026,20:22:21,eddie@node1l01.ecdf.ed.ac.uk,1,166
57735494,0.00023,of_25953_4,wdewulf,r,08/19/2026,20:22:07,eddie@node1f10.ecdf.ed.ac.uk,1,158
57735494,0.00023,of_25953_4,wdewulf,r,08/19/2026,20:22:07,eddie@node1o05.ecdf.ed.ac.uk,1,159
57735494,0.00023,of_25953_4,wdewulf,r,08/19/2026,20:22:07,eddie@node1j03.ecdf.ed.ac.uk,1,160
57735494,0.00023,of_25953_4,wdewulf,r,08/19/2026,20:22:07,eddie@node1j03.ecdf.ed.ac.uk,1,161
57735494,0.00023,of_25953_4,wdewulf,r,08/19/2026,20:22:07,eddie@node1j03.ecdf.ed.ac.uk,1,162
57735494,0.00023,of_25953_4,wdewulf,r,08/19/2026,20:22:07,eddie@node1m06.ecdf.ed.ac.uk,1,163
57729405,0.00023,hap1.btau.,s2520601,r,08/19/2026,12:36:23,eddie@node1q15.ecdf.ed.ac.uk,1,18
57735494,0.00023,of_25953_4,wdewulf,r,08/19/2026,20:21:51,eddie@node1r16.ecdf.ed.ac.uk,1,154
57735494,0.00023,of_25953_4,wdewulf,r,08/19/2026,20:21:51,eddie@node1r17.ecdf.ed.ac.uk,1,155
57735494,0.00023,of_25953_4,wdewulf,r,08/19/2026,20:21:51,eddie@node1j27.ecdf.ed.ac.uk,1,156
57735494,0.00023,of_25953_4,wdewulf,r,08/19/2026,20:21:36,eddie@node1f12.ecdf.ed.ac.uk,1,153
57735494,0.00023,of_25953_4,wdewulf,r,08/19/2026,20:21:22,eddie@node1f10.ecdf.ed.ac.uk,1,150
57735494,0.00023,of_25953_4,wdewulf,r,08/19/2026,20:21:22,eddie@node1m11.ecdf.ed.ac.uk,1,151
57735494,0.00023,of_25953_4,wdewulf,r,08/19/2026,20:21:22,eddie@node1l07.ecdf.ed.ac.uk,1,152
57735494,0.00023,of_25953_4,wdewulf,r,08/19/2026,20:21:06,eddie@node1f10.ecdf.ed.ac.uk,1,146
57735494,0.00023,of_25953_4,wdewulf,r,08/19/2026,20:21:06,eddie@node1l25.ecdf.ed.ac.uk,1,147
57735494,0.00023,of_25953_4,wdewulf,r,08/19/2026,20:21:06,eddie@node1o05.ecdf.ed.ac.uk,1,148
57735494,0.00023,of_25953_4,wdewulf,r,08/19/2026,20:21:07,eddie@node1s14.ecdf.ed.ac.uk,1,149
57735494,0.00023,of_25953_4,wdewulf,r,08/19/2026,20:20:52,eddie@node1i16.ecdf.ed.ac.uk,1,141
57735494,0.00023,of_25953_4,wdewulf,r,08/19/2026,20:20:52,eddie@node1f12.ecdf.ed.ac.uk,1,142
57735494,0.00023,of_25953_4,wdewulf,r,08/19/2026,20:20:52,eddie@node1o06.ecdf.ed.ac.uk,1,143
57735494,0.00023,of_25953_4,wdewulf,r,08/19/2026,20:20:52,eddie@node1o11.ecdf.ed.ac.uk,1,145
57735494,0.00023,of_25953_4,wdewulf,r,08/19/2026,20:20:22,eddie@node1o09.ecdf.ed.ac.uk,1,135
57735494,0.00023,of_25953_4,wdewulf,r,08/19/2026,20:20:22,eddie@node1j06.ecdf.ed.ac.uk,1,136
57735494,0.00023,of_25953_4,wdewulf,r,08/19/2026,20:20:22,eddie@node1m01.ecdf.ed.ac.uk,1,137
57735494,0.00023,of_25953_4,wdewulf,r,08/19/2026,20:20:22,eddie@node1k07.ecdf.ed.ac.uk,1,139
57735494,0.00023,of_25953_4,wdewulf,r,08/19/2026,20:20:04,eddie@node1i03.ecdf.ed.ac.uk,1,131
57735494,0.00023,of_25953_4,wdewulf,r,08/19/2026,20:20:04,eddie@node1s18.ecdf.ed.ac.uk,1,132
57735494,0.00023,of_25953_4,wdewulf,r,08/19/2026,20:20:04,eddie@node1o09.ecdf.ed.ac.uk,1,133
57735494,0.00023,of_25953_4,wdewulf,r,08/19/2026,20:19:49,eddie@node1f11.ecdf.ed.ac.uk,1,128
57735494,0.00023,of_25953_4,wdewulf,r,08/19/2026,20:19:49,eddie@node1o03.ecdf.ed.ac.uk,1,129
57735494,0.00023,of_25953_4,wdewulf,r,08/19/2026,20:19:35,eddie@node1j03.ecdf.ed.ac.uk,1,126
57735494,0.00023,of_25953_4,wdewulf,r,08/19/2026,20:19:35,eddie@node1j03.ecdf.ed.ac.uk,1,127
57735494,0.00023,of_25953_4,wdewulf,r,08/19/2026,20:19:04,eddie@node1j04.ecdf.ed.ac.uk,1,123
57735494,0.00023,of_25953_4,wdewulf,r,08/19/2026,20:19:04,eddie@node1m10.ecdf.ed.ac.uk,1,124
57735494,0.00023,of_25953_4,wdewulf,r,08/19/2026,20:18:49,eddie@node1f07.ecdf.ed.ac.uk,1,121
57735494,0.00023,of_25953_4,wdewulf,r,08/19/2026,20:18:49,eddie@node1r06.ecdf.ed.ac.uk,1,122
57735494,0.00023,of_25953_4,wdewulf,r,08/19/2026,20:18:35,eddie@node1j06.ecdf.ed.ac.uk,1,120
57735494,0.00023,of_25953_4,wdewulf,r,08/19/2026,20:18:24,eddie@node1m01.ecdf.ed.ac.uk,1,119
57735494,0.00023,of_25953_4,wdewulf,r,08/19/2026,20:18:21,eddie@node1i07.ecdf.ed.ac.uk,1,116
57735494,0.00023,of_25953_4,wdewulf,r,08/19/2026,20:18:21,eddie@node1f10.ecdf.ed.ac.uk,1,117
57735494,0.00023,of_25953_4,wdewulf,r,08/19/2026,20:18:21,eddie@node1o06.ecdf.ed.ac.uk,1,118
57735494,0.00022,of_25953_4,wdewulf,r,08/19/2026,20:18:07,eddie@node1l25.ecdf.ed.ac.uk,1,115
57735494,0.00022,of_25953_4,wdewulf,r,08/19/2026,20:17:56,eddie@node1l23.ecdf.ed.ac.uk,1,112
57735494,0.00022,of_25953_4,wdewulf,r,08/19/2026,20:17:57,eddie@node1m11.ecdf.ed.ac.uk,1,113
57735494,0.00022,of_25953_4,wdewulf,r,08/19/2026,20:17:57,eddie@node1l07.ecdf.ed.ac.uk,1,114
57735494,0.00022,of_25953_4,wdewulf,r,08/19/2026,20:17:42,eddie@node1m01.ecdf.ed.ac.uk,1,110
57735494,0.00022,of_25953_4,wdewulf,r,08/19/2026,20:17:42,eddie@node1k07.ecdf.ed.ac.uk,1,111
57735494,0.00022,of_25953_4,wdewulf,r,08/19/2026,20:17:33,eddie@node1i02.ecdf.ed.ac.uk,1,108
57735494,0.00022,of_25953_4,wdewulf,r,08/19/2026,20:17:33,eddie@node1r18.ecdf.ed.ac.uk,1,109
57735494,0.00022,of_25953_4,wdewulf,r,08/19/2026,20:17:18,eddie@node1i15.ecdf.ed.ac.uk,1,105
57735494,0.00022,of_25953_4,wdewulf,r,08/19/2026,20:17:18,eddie@node1i13.ecdf.ed.ac.uk,1,106
57735494,0.00022,of_25953_4,wdewulf,r,08/19/2026,20:17:18,eddie@node1f10.ecdf.ed.ac.uk,1,107
57735494,0.00022,of_25953_4,wdewulf,r,08/19/2026,20:17:03,eddie@node1o04.ecdf.ed.ac.uk,1,103
57735494,0.00022,of_25953_4,wdewulf,r,08/19/2026,20:17:03,eddie@node1m06.ecdf.ed.ac.uk,1,104
57735494,0.00022,of_25953_4,wdewulf,r,08/19/2026,20:16:48,eddie@node1l22.ecdf.ed.ac.uk,1,98
57735494,0.00022,of_25953_4,wdewulf,r,08/19/2026,20:16:48,eddie@node1h04.ecdf.ed.ac.uk,1,99
57735494,0.00022,of_25953_4,wdewulf,r,08/19/2026,20:16:49,eddie@node1m06.ecdf.ed.ac.uk,1,100
57735494,0.00022,of_25953_4,wdewulf,r,08/19/2026,20:16:49,eddie@node1k04.ecdf.ed.ac.uk,1,101
57735494,0.00022,of_25953_4,wdewulf,r,08/19/2026,20:16:33,eddie@node1f09.ecdf.ed.ac.uk,1,96
57735494,0.00022,of_25953_4,wdewulf,r,08/19/2026,20:16:34,eddie@node1j03.ecdf.ed.ac.uk,1,97
57735494,0.00022,of_25953_4,wdewulf,r,08/19/2026,20:16:19,eddie@node1l25.ecdf.ed.ac.uk,1,95
57735494,0.00022,of_25953_4,wdewulf,r,08/19/2026,20:16:03,eddie@node1i02.ecdf.ed.ac.uk,1,91
57735494,0.00022,of_25953_4,wdewulf,r,08/19/2026,20:16:04,eddie@node1o08.ecdf.ed.ac.uk,1,92
57735494,0.00022,of_25953_4,wdewulf,r,08/19/2026,20:15:48,eddie@node1h04.ecdf.ed.ac.uk,1,88
57735494,0.00022,of_25953_4,wdewulf,r,08/19/2026,20:15:48,eddie@node1m11.ecdf.ed.ac.uk,1,89
57735494,0.00022,of_25953_4,wdewulf,r,08/19/2026,20:15:34,eddie@node1o03.ecdf.ed.ac.uk,1,83
57735494,0.00022,of_25953_4,wdewulf,r,08/19/2026,20:15:34,eddie@node1r17.ecdf.ed.ac.uk,1,84
57735494,0.00022,of_25953_4,wdewulf,r,08/19/2026,20:15:34,eddie@node1j06.ecdf.ed.ac.uk,1,85
57735494,0.00022,of_25953_4,wdewulf,r,08/19/2026,20:15:19,eddie@node1i03.ecdf.ed.ac.uk,1,80
57735494,0.00022,of_25953_4,wdewulf,r,08/19/2026,20:15:19,eddie@node1f09.ecdf.ed.ac.uk,1,81
57735494,0.00022,of_25953_4,wdewulf,r,08/19/2026,20:15:19,eddie@node1o13.ecdf.ed.ac.uk,1,82
57735494,0.00022,of_25953_4,wdewulf,r,08/19/2026,20:15:04,eddie@node1i06.ecdf.ed.ac.uk,1,77
57735494,0.00022,of_25953_4,wdewulf,r,08/19/2026,20:15:04,eddie@node1i06.ecdf.ed.ac.uk,1,78
57735494,0.00022,of_25953_4,wdewulf,r,08/19/2026,20:14:49,eddie@node1k02.ecdf.ed.ac.uk,1,76
57735494,0.00022,of_25953_4,wdewulf,r,08/19/2026,20:14:34,eddie@node1m06.ecdf.ed.ac.uk,1,74
57735494,0.00022,of_25953_4,wdewulf,r,08/19/2026,20:14:18,eddie@node1r07.ecdf.ed.ac.uk,1,73
57735494,0.00022,of_25953_4,wdewulf,r,08/19/2026,20:14:04,eddie@node1h11.ecdf.ed.ac.uk,1,71
57735494,0.00022,of_25953_4,wdewulf,r,08/19/2026,20:13:48,eddie@node1f13.ecdf.ed.ac.uk,1,66
57735494,0.00022,of_25953_4,wdewulf,r,08/19/2026,20:13:49,eddie@node1f13.ecdf.ed.ac.uk,1,67
57735494,0.00022,of_25953_4,wdewulf,r,08/19/2026,20:13:49,eddie@node1k04.ecdf.ed.ac.uk,1,69
57735494,0.00022,of_25953_4,wdewulf,r,08/19/2026,20:13:34,eddie@node1l28.ecdf.ed.ac.uk,1,63
57735494,0.00022,of_25953_4,wdewulf,r,08/19/2026,20:13:34,eddie@node1s16.ecdf.ed.ac.uk,1,64
57735494,0.00022,of_25953_4,wdewulf,r,08/19/2026,20:13:34,eddie@node1h03.ecdf.ed.ac.uk,1,65
57735494,0.00022,of_25953_4,wdewulf,r,08/19/2026,20:13:04,eddie@node1l01.ecdf.ed.ac.uk,1,59
57735494,0.00022,of_25953_4,wdewulf,r,08/19/2026,20:13:04,eddie@node1j06.ecdf.ed.ac.uk,1,60
57735494,0.00022,of_25953_4,wdewulf,r,08/19/2026,20:13:04,eddie@node1k07.ecdf.ed.ac.uk,1,61
57735494,0.00022,of_25953_4,wdewulf,r,08/19/2026,20:12:49,eddie@node1i15.ecdf.ed.ac.uk,1,53
57735494,0.00022,of_25953_4,wdewulf,r,08/19/2026,20:12:49,eddie@node1f07.ecdf.ed.ac.uk,1,54
57735494,0.00022,of_25953_4,wdewulf,r,08/19/2026,20:12:49,eddie@node1i13.ecdf.ed.ac.uk,1,55
57735494,0.00022,of_25953_4,wdewulf,r,08/19/2026,20:12:49,eddie@node1j28.ecdf.ed.ac.uk,1,56
57735494,0.00022,of_25953_4,wdewulf,r,08/19/2026,20:12:49,eddie@node1j28.ecdf.ed.ac.uk,1,57
57735494,0.00022,of_25953_4,wdewulf,r,08/19/2026,20:12:34,eddie@node1m06.ecdf.ed.ac.uk,1,52
57735494,0.00022,of_25953_4,wdewulf,r,08/19/2026,20:12:18,eddie@node1m16.ecdf.ed.ac.uk,1,48
57735494,0.00022,of_25953_4,wdewulf,r,08/19/2026,20:12:04,eddie@node1f12.ecdf.ed.ac.uk,1,45
57735494,0.00022,of_25953_4,wdewulf,r,08/19/2026,20:12:04,eddie@node1l07.ecdf.ed.ac.uk,1,46
57735494,0.00022,of_25953_4,wdewulf,r,08/19/2026,20:11:48,eddie@node1i16.ecdf.ed.ac.uk,1,43
57728307,0.00022,runlisfloo,asiripat,r,08/19/2026,15:58:37,eddie@node1m22.ecdf.ed.ac.uk,1,8166
57735494,0.00022,of_25953_4,wdewulf,r,08/19/2026,20:11:33,eddie@node1r08.ecdf.ed.ac.uk,1,41
57735494,0.00022,of_25953_4,wdewulf,r,08/19/2026,20:11:34,eddie@node1j04.ecdf.ed.ac.uk,1,42
57735494,0.00022,of_25953_4,wdewulf,r,08/19/2026,20:11:19,eddie@node1i16.ecdf.ed.ac.uk,1,37
57735494,0.00022,of_25953_4,wdewulf,r,08/19/2026,20:11:19,eddie@node1o11.ecdf.ed.ac.uk,1,38
57735494,0.00022,of_25953_4,wdewulf,r,08/19/2026,20:11:04,eddie@node1o03.ecdf.ed.ac.uk,1,34
57735494,0.00022,of_25953_4,wdewulf,r,08/19/2026,20:11:04,eddie@node1j04.ecdf.ed.ac.uk,1,35
57728307,0.00022,runlisfloo,asiripat,r,08/19/2026,15:57:37,eddie@node1m22.ecdf.ed.ac.uk,1,8165
57735494,0.00022,of_25953_4,wdewulf,r,08/19/2026,20:10:49,eddie@node1i14.ecdf.ed.ac.uk,1,33
57735494,0.00022,of_25953_4,wdewulf,r,08/19/2026,20:10:34,eddie@node1m16.ecdf.ed.ac.uk,1,32
57735494,0.00022,of_25953_4,wdewulf,r,08/19/2026,20:10:18,eddie@node1s18.ecdf.ed.ac.uk,1,28
57735494,0.00022,of_25953_4,wdewulf,r,08/19/2026,20:10:19,eddie@node1o11.ecdf.ed.ac.uk,1,29
57735494,0.00022,of_25953_4,wdewulf,r,08/19/2026,20:10:19,eddie@node1h03.ecdf.ed.ac.uk,1,30
57728307,0.00022,runlisfloo,asiripat,r,08/19/2026,15:56:37,eddie@node1m22.ecdf.ed.ac.uk,1,8164
57735494,0.00022,of_25953_4,wdewulf,r,08/19/2026,20:09:49,eddie@node1i03.ecdf.ed.ac.uk,1,25
57735494,0.00022,of_25953_4,wdewulf,r,08/19/2026,20:09:49,eddie@node1h09.ecdf.ed.ac.uk,1,27
57735494,0.00022,of_25953_4,wdewulf,r,08/19/2026,20:09:34,eddie@node1o11.ecdf.ed.ac.uk,1,19
57735494,0.00022,of_25953_4,wdewulf,r,08/19/2026,20:09:34,eddie@node1j28.ecdf.ed.ac.uk,1,20
57735494,0.00022,of_25953_4,wdewulf,r,08/19/2026,20:09:34,eddie@node1l02.ecdf.ed.ac.uk,1,21
57735494,0.00022,of_25953_4,wdewulf,r,08/19/2026,20:09:34,eddie@node1j04.ecdf.ed.ac.uk,1,23
57735494,0.00022,of_25953_4,wdewulf,r,08/19/2026,20:09:19,eddie@node1h21.ecdf.ed.ac.uk,1,15
57735494,0.00022,of_25953_4,wdewulf,r,08/19/2026,20:09:19,eddie@node1j03.ecdf.ed.ac.uk,1,16
57735494,0.00022,of_25953_4,wdewulf,r,08/19/2026,20:09:19,eddie@node1l04.ecdf.ed.ac.uk,1,17
57735494,0.00022,of_25953_4,wdewulf,r,08/19/2026,20:09:03,eddie@node1r18.ecdf.ed.ac.uk,1,13
57735494,0.00022,of_25953_4,wdewulf,r,08/19/2026,20:09:04,eddie@node1h14.ecdf.ed.ac.uk,1,14
57735494,0.00022,of_25953_4,wdewulf,r,08/19/2026,20:08:49,eddie@node1r06.ecdf.ed.ac.uk,1,11
57735494,0.00022,of_25953_4,wdewulf,r,08/19/2026,20:08:49,eddie@node1m06.ecdf.ed.ac.uk,1,12
57735494,0.00022,of_25953_4,wdewulf,r,08/19/2026,20:08:34,eddie@node1i02.ecdf.ed.ac.uk,1,10
57735494,0.00022,of_25953_4,wdewulf,r,08/19/2026,20:08:16,eddie@node1r06.ecdf.ed.ac.uk,1,8
57752667,0.00022,ce1,gs10us1,r,08/19/2026,21:25:49,eddie@node1l12.ecdf.ed.ac.uk,1
57735494,0.00022,of_25953_4,wdewulf,r,08/19/2026,20:07:46,eddie@node1s14.ecdf.ed.ac.uk,1,3
57735494,0.00022,of_25953_4,wdewulf,r,08/19/2026,20:07:46,eddie@node1k05.ecdf.ed.ac.uk,1,5
57735477,0.00022,of_25953_5,wdewulf,r,08/19/2026,20:07:16,eddie@node1j27.ecdf.ed.ac.uk,1,494
57735477,0.00022,of_25953_5,wdewulf,r,08/19/2026,20:07:16,eddie@node1s16.ecdf.ed.ac.uk,1,495
57735477,0.00022,of_25953_5,wdewulf,r,08/19/2026,20:06:46,eddie@node1s20.ecdf.ed.ac.uk,1,490
57735477,0.00022,of_25953_5,wdewulf,r,08/19/2026,20:06:46,eddie@node1m16.ecdf.ed.ac.uk,1,491
57735477,0.00022,of_25953_5,wdewulf,r,08/19/2026,20:06:16,eddie@node1o10.ecdf.ed.ac.uk,1,487
57735477,0.00022,of_25953_5,wdewulf,r,08/19/2026,20:06:16,eddie@node1m06.ecdf.ed.ac.uk,1,488
57735477,0.00022,of_25953_5,wdewulf,r,08/19/2026,20:06:01,eddie@node1j06.ecdf.ed.ac.uk,1,486
57735477,0.00022,of_25953_5,wdewulf,r,08/19/2026,20:05:46,eddie@node1j04.ecdf.ed.ac.uk,1,483
57735477,0.00022,of_25953_5,wdewulf,r,08/19/2026,20:04:46,eddie@node1j03.ecdf.ed.ac.uk,1,477
57735477,0.00022,of_25953_5,wdewulf,r,08/19/2026,20:03:46,eddie@node1j06.ecdf.ed.ac.uk,1,466
57735477,0.00021,of_25953_5,wdewulf,r,08/19/2026,20:03:01,eddie@node1h05.ecdf.ed.ac.uk,1,462
57728307,0.00021,runlisfloo,asiripat,r,08/19/2026,15:47:54,eddie@node1m19.ecdf.ed.ac.uk,1,8163
57735477,0.00021,of_25953_5,wdewulf,r,08/19/2026,20:01:30,eddie@node1f06.ecdf.ed.ac.uk,1,452
57735477,0.00021,of_25953_5,wdewulf,r,08/19/2026,20:01:00,eddie@node1h09.ecdf.ed.ac.uk,1,450
57728307,0.00021,runlisfloo,asiripat,r,08/19/2026,15:46:16,eddie@node1m22.ecdf.ed.ac.uk,1,8162
57735477,0.00021,of_25953_5,wdewulf,r,08/19/2026,19:59:45,eddie@node1o07.ecdf.ed.ac.uk,1,439
57735477,0.00021,of_25953_5,wdewulf,r,08/19/2026,19:58:16,eddie@node1o13.ecdf.ed.ac.uk,1,433
57735477,0.00021,of_25953_5,wdewulf,r,08/19/2026,19:58:01,eddie@node1j25.ecdf.ed.ac.uk,1,431
57735477,0.00021,of_25953_5,wdewulf,r,08/19/2026,19:57:31,eddie@node1s20.ecdf.ed.ac.uk,1,429
57728307,0.00021,runlisfloo,asiripat,r,08/19/2026,15:43:27,eddie@node1m24.ecdf.ed.ac.uk,1,8161
57735477,0.00021,of_25953_5,wdewulf,r,08/19/2026,19:56:30,eddie@node1s18.ecdf.ed.ac.uk,1,419
57735477,0.00021,of_25953_5,wdewulf,r,08/19/2026,19:56:30,eddie@node1h21.ecdf.ed.ac.uk,1,420
57735477,0.00021,of_25953_5,wdewulf,r,08/19/2026,19:55:16,eddie@node1o12.ecdf.ed.ac.uk,1,414
57735477,0.00021,of_25953_5,wdewulf,r,08/19/2026,19:54:30,eddie@node1r05.ecdf.ed.ac.uk,1,405
57735477,0.00021,of_25953_5,wdewulf,r,08/19/2026,19:54:16,eddie@node1j03.ecdf.ed.ac.uk,1,403
57735477,0.00021,of_25953_5,wdewulf,r,08/19/2026,19:54:16,eddie@node1j03.ecdf.ed.ac.uk,1,404
57735477,0.00021,of_25953_5,wdewulf,r,08/19/2026,19:53:46,eddie@node1h09.ecdf.ed.ac.uk,1,398
57735477,0.00021,of_25953_5,wdewulf,r,08/19/2026,19:51:30,eddie@node1s16.ecdf.ed.ac.uk,1,379
57735477,0.00021,of_25953_5,wdewulf,r,08/19/2026,19:51:15,eddie@node1m14.ecdf.ed.ac.uk,1,375
57735477,0.00021,of_25953_5,wdewulf,r,08/19/2026,19:49:16,eddie@node1s17.ecdf.ed.ac.uk,1,364
57735477,0.00021,of_25953_5,wdewulf,r,08/19/2026,19:48:46,eddie@node1j04.ecdf.ed.ac.uk,1,361
57735477,0.00021,of_25953_5,wdewulf,r,08/19/2026,19:48:30,eddie@node1h15.ecdf.ed.ac.uk,1,356
57735477,0.00020,of_25953_5,wdewulf,r,08/19/2026,19:48:01,eddie@node1r08.ecdf.ed.ac.uk,1,354
57735477,0.00020,of_25953_5,wdewulf,r,08/19/2026,19:47:46,eddie@node1f07.ecdf.ed.ac.uk,1,351
57735477,0.00020,of_25953_5,wdewulf,r,08/19/2026,19:47:16,eddie@node1h05.ecdf.ed.ac.uk,1,348
57735477,0.00020,of_25953_5,wdewulf,r,08/19/2026,19:47:16,eddie@node1m06.ecdf.ed.ac.uk,1,349
57735477,0.00020,of_25953_5,wdewulf,r,08/19/2026,19:44:30,eddie@node1o08.ecdf.ed.ac.uk,1,334
57735477,0.00020,of_25953_5,wdewulf,r,08/19/2026,19:43:45,eddie@node1m06.ecdf.ed.ac.uk,1,328
57735477,0.00020,of_25953_5,wdewulf,r,08/19/2026,19:43:15,eddie@node1j03.ecdf.ed.ac.uk,1,325
57735477,0.00020,of_25953_5,wdewulf,r,08/19/2026,19:42:30,eddie@node1m06.ecdf.ed.ac.uk,1,322
57735477,0.00020,of_25953_5,wdewulf,r,08/19/2026,19:33:45,eddie@node1j03.ecdf.ed.ac.uk,1,296
57735477,0.00020,of_25953_5,wdewulf,r,08/19/2026,19:33:00,eddie@node1h07.ecdf.ed.ac.uk,1,294
57728307,0.00019,runlisfloo,asiripat,r,08/19/2026,15:16:35,eddie@node1m24.ecdf.ed.ac.uk,1,8160
57728307,0.00019,runlisfloo,asiripat,r,08/19/2026,15:14:06,eddie@node1k12.ecdf.ed.ac.uk,1,8159
57735477,0.00019,of_25953_5,wdewulf,r,08/19/2026,19:22:01,eddie@node1r20.ecdf.ed.ac.uk,1,283
57735477,0.00019,of_25953_5,wdewulf,r,08/19/2026,19:20:45,eddie@node1h08.ecdf.ed.ac.uk,1,282
57735477,0.00018,of_25953_5,wdewulf,r,08/19/2026,19:17:46,eddie@node1h08.ecdf.ed.ac.uk,1,278
57728307,0.00018,runlisfloo,asiripat,r,08/19/2026,14:48:06,eddie@node1k17.ecdf.ed.ac.uk,1,8158
57728307,0.00017,runlisfloo,asiripat,r,08/19/2026,14:44:20,eddie@node1m24.ecdf.ed.ac.uk,1,8157
57728307,0.00017,runlisfloo,asiripat,r,08/19/2026,14:40:42,eddie@node1m24.ecdf.ed.ac.uk,1,8156
57728307,0.00017,runlisfloo,asiripat,r,08/19/2026,14:36:42,eddie@node1k15.ecdf.ed.ac.uk,1,8155
57735690,0.00017,PGCs_pairs,s2559269,r,08/19/2026,15:00:25,igmm_long@node1a02.ecdf.ed.ac.,3,16
57753454,0.00016,ce1,gs10us1,r,08/19/2026,21:40:50,eddie@node1l15.ecdf.ed.ac.uk,1
57728307,0.00016,runlisfloo,asiripat,r,08/19/2026,14:18:16,eddie@node1n12.ecdf.ed.ac.uk,1,8154
57728307,0.00016,runlisfloo,asiripat,r,08/19/2026,14:13:05,eddie@node1k15.ecdf.ed.ac.uk,1,8153
57728307,0.00015,runlisfloo,asiripat,r,08/19/2026,14:07:35,eddie@node1k13.ecdf.ed.ac.uk,1,8152
57735693,0.00015,Spermatozo,s2559269,r,08/19/2026,15:01:27,igmm_long@node1a02.ecdf.ed.ac.,3,9
57728307,0.00015,runlisfloo,asiripat,r,08/19/2026,13:58:49,eddie@node1m24.ecdf.ed.ac.uk,1,8151
57728307,0.00014,runlisfloo,asiripat,r,08/19/2026,13:43:58,eddie@node1n09.ecdf.ed.ac.uk,1,8150
57729407,0.00014,hap1.btau.,s2520601,r,08/19/2026,12:37:23,eddie@node1q03.ecdf.ed.ac.uk,1,18
57728307,0.00013,runlisfloo,asiripat,r,08/19/2026,13:40:28,eddie@node1k10.ecdf.ed.ac.uk,1,8149
57728307,0.00013,runlisfloo,asiripat,r,08/19/2026,13:37:27,eddie@node1n03.ecdf.ed.ac.uk,1,8148
57728307,0.00012,runlisfloo,asiripat,r,08/19/2026,13:20:03,eddie@node1m24.ecdf.ed.ac.uk,1,8147
57728307,0.00012,runlisfloo,asiripat,r,08/19/2026,13:13:59,eddie@node1k11.ecdf.ed.ac.uk,1,8146
57728307,0.00012,runlisfloo,asiripat,r,08/19/2026,13:09:59,eddie@node1n03.ecdf.ed.ac.uk,1,8145
57743093,0.00011,real_null_,s2469797,r,08/19/2026,18:43:09,eddie@node1r18.ecdf.ed.ac.uk,1,976
57743093,0.00011,real_null_,s2469797,r,08/19/2026,18:41:09,eddie@node1q05.ecdf.ed.ac.uk,1,884
57743093,0.00011,real_null_,s2469797,r,08/19/2026,18:40:54,eddie@node1q05.ecdf.ed.ac.uk,1,874
57743093,0.00011,real_null_,s2469797,r,08/19/2026,18:40:39,eddie@node1i25.ecdf.ed.ac.uk,1,869
57743093,0.00011,real_null_,s2469797,r,08/19/2026,18:39:54,eddie@node1h05.ecdf.ed.ac.uk,1,847
57728307,0.00011,runlisfloo,asiripat,r,08/19/2026,12:52:12,eddie@node1n10.ecdf.ed.ac.uk,1,8144
57743093,0.00010,real_null_,s2469797,r,08/19/2026,18:37:54,eddie@node1n13.ecdf.ed.ac.uk,1,798
57743093,0.00010,real_null_,s2469797,r,08/19/2026,18:37:39,eddie@node1r06.ecdf.ed.ac.uk,1,791
57728307,0.00010,runlisfloo,asiripat,r,08/19/2026,12:50:11,eddie@node1n04.ecdf.ed.ac.uk,1,8142
57728307,0.00010,runlisfloo,asiripat,r,08/19/2026,12:50:11,eddie@node1n04.ecdf.ed.ac.uk,1,8143
57743093,0.00010,real_null_,s2469797,r,08/19/2026,18:37:23,eddie@node1q06.ecdf.ed.ac.uk,1,788
57728307,0.00010,runlisfloo,asiripat,r,08/19/2026,12:47:23,eddie@node1m24.ecdf.ed.ac.uk,1,8140
57728307,0.00010,runlisfloo,asiripat,r,08/19/2026,12:49:56,eddie@node1n03.ecdf.ed.ac.uk,1,8141
57743093,0.00010,real_null_,s2469797,r,08/19/2026,18:35:54,eddie@node1q05.ecdf.ed.ac.uk,1,758
57728307,0.00010,runlisfloo,asiripat,r,08/19/2026,12:45:23,eddie@node1s09.ecdf.ed.ac.uk,1,8139
57743093,0.00010,real_null_,s2469797,r,08/19/2026,18:34:08,eddie@node1q05.ecdf.ed.ac.uk,1,711
57743093,0.00010,real_null_,s2469797,r,08/19/2026,18:33:38,eddie@node1q06.ecdf.ed.ac.uk,1,693
57728307,0.00010,runlisfloo,asiripat,r,08/19/2026,11:37:12,eddie@node1j13.ecdf.ed.ac.uk,1,8082
57728307,0.00010,runlisfloo,asiripat,r,08/19/2026,11:43:57,eddie@node1k14.ecdf.ed.ac.uk,1,8088
57743093,0.00010,real_null_,s2469797,r,08/19/2026,18:33:08,eddie@node1l04.ecdf.ed.ac.uk,1,670
57728307,0.00010,runlisfloo,asiripat,r,08/19/2026,12:40:08,eddie@node1k18.ecdf.ed.ac.uk,1,8138
57728307,0.00010,runlisfloo,asiripat,r,08/19/2026,11:45:57,eddie@node1n10.ecdf.ed.ac.uk,1,8089
57728307,0.00010,runlisfloo,asiripat,r,08/19/2026,11:45:57,eddie@node1j13.ecdf.ed.ac.uk,1,8090
57743093,0.00010,real_null_,s2469797,r,08/19/2026,18:32:09,eddie@node1q06.ecdf.ed.ac.uk,1,642
57728307,0.00010,runlisfloo,asiripat,r,08/19/2026,11:37:27,eddie@node1n09.ecdf.ed.ac.uk,1,8083
57743093,0.00010,real_null_,s2469797,r,08/19/2026,18:31:23,eddie@node1i17.ecdf.ed.ac.uk,1,608
57728307,0.00010,runlisfloo,asiripat,r,08/19/2026,11:46:12,eddie@node1n12.ecdf.ed.ac.uk,1,8091
57728307,0.00010,runlisfloo,asiripat,r,08/19/2026,11:46:42,eddie@node1k13.ecdf.ed.ac.uk,1,8092
57728307,0.00010,runlisfloo,asiripat,r,08/19/2026,11:46:42,eddie@node1k14.ecdf.ed.ac.uk,1,8093
57728307,0.00010,runlisfloo,asiripat,r,08/19/2026,11:37:42,eddie@node1k15.ecdf.ed.ac.uk,1,8084
57728307,0.00010,runlisfloo,asiripat,r,08/19/2026,11:38:57,eddie@node1n12.ecdf.ed.ac.uk,1,8085
57728307,0.00010,runlisfloo,asiripat,r,08/19/2026,11:39:12,eddie@node1k10.ecdf.ed.ac.uk,1,8086
57743093,0.00010,real_null_,s2469797,r,08/19/2026,18:28:08,eddie@node1i17.ecdf.ed.ac.uk,1,470
57728307,0.00010,runlisfloo,asiripat,r,08/19/2026,11:39:57,eddie@node1n03.ecdf.ed.ac.uk,1,8087
57743093,0.00010,real_null_,s2469797,r,08/19/2026,18:25:38,eddie@node1n15.ecdf.ed.ac.uk,1,370
57743093,0.00010,real_null_,s2469797,r,08/19/2026,18:25:38,eddie@node1n15.ecdf.ed.ac.uk,1,371
57743093,0.00010,real_null_,s2469797,r,08/19/2026,18:25:38,eddie@node1n15.ecdf.ed.ac.uk,1,372
57728307,0.00010,runlisfloo,asiripat,r,08/19/2026,11:48:12,eddie@node1k20.ecdf.ed.ac.uk,1,8094
57743093,0.00010,real_null_,s2469797,r,08/19/2026,18:25:08,eddie@node1n14.ecdf.ed.ac.uk,1,354
57743093,0.00010,real_null_,s2469797,r,08/19/2026,18:24:38,eddie@node1n14.ecdf.ed.ac.uk,1,344
57728307,0.00010,runlisfloo,asiripat,r,08/19/2026,11:48:27,eddie@node1k10.ecdf.ed.ac.uk,1,8095
57728307,0.00009,runlisfloo,asiripat,r,08/19/2026,11:48:42,eddie@node1n09.ecdf.ed.ac.uk,1,8096
57743093,0.00009,real_null_,s2469797,r,08/19/2026,18:22:38,eddie@node1n16.ecdf.ed.ac.uk,1,313
57743093,0.00009,real_null_,s2469797,r,08/19/2026,18:21:53,eddie@node1n15.ecdf.ed.ac.uk,1,303
57743093,0.00009,real_null_,s2469797,r,08/19/2026,18:21:53,eddie@node1q06.ecdf.ed.ac.uk,1,304
57728307,0.00009,runlisfloo,asiripat,r,08/19/2026,11:49:27,eddie@node1k12.ecdf.ed.ac.uk,1,8097
57728307,0.00009,runlisfloo,asiripat,r,08/19/2026,12:31:53,eddie@node1k13.ecdf.ed.ac.uk,1,8137
57743093,0.00009,real_null_,s2469797,r,08/19/2026,18:20:08,eddie@node1n15.ecdf.ed.ac.uk,1,282
57728307,0.00009,runlisfloo,asiripat,r,08/19/2026,11:49:42,eddie@node1n12.ecdf.ed.ac.uk,1,8098
57743093,0.00009,real_null_,s2469797,r,08/19/2026,18:19:23,eddie@node1n14.ecdf.ed.ac.uk,1,263
57743093,0.00009,real_null_,s2469797,r,08/19/2026,18:18:39,eddie@node1n15.ecdf.ed.ac.uk,1,250
57743093,0.00009,real_null_,s2469797,r,08/19/2026,18:18:39,eddie@node1n14.ecdf.ed.ac.uk,1,251
57728307,0.00009,runlisfloo,asiripat,r,08/19/2026,11:49:57,eddie@node1k18.ecdf.ed.ac.uk,1,8099
57728307,0.00009,runlisfloo,asiripat,r,08/19/2026,11:52:45,eddie@node1k11.ecdf.ed.ac.uk,1,8103
57728307,0.00009,runlisfloo,asiripat,r,08/19/2026,11:51:12,eddie@node1k11.ecdf.ed.ac.uk,1,8102
57743093,0.00009,real_null_,s2469797,r,08/19/2026,18:17:53,eddie@node1i25.ecdf.ed.ac.uk,1,232
57743093,0.00009,real_null_,s2469797,r,08/19/2026,18:17:23,eddie@node1n14.ecdf.ed.ac.uk,1,220
57728307,0.00009,runlisfloo,asiripat,r,08/19/2026,11:50:12,eddie@node1n02.ecdf.ed.ac.uk,1,8100
57743093,0.00009,real_null_,s2469797,r,08/19/2026,18:16:38,eddie@node1n13.ecdf.ed.ac.uk,1,196
57743093,0.00009,real_null_,s2469797,r,08/19/2026,18:16:38,eddie@node1n14.ecdf.ed.ac.uk,1,197
57728307,0.00009,runlisfloo,asiripat,r,08/19/2026,11:53:15,eddie@node1k17.ecdf.ed.ac.uk,1,8104
57743093,0.00009,real_null_,s2469797,r,08/19/2026,18:16:08,eddie@node1n14.ecdf.ed.ac.uk,1,181
57743093,0.00009,real_null_,s2469797,r,08/19/2026,18:16:08,eddie@node1q05.ecdf.ed.ac.uk,1,182
57728307,0.00009,runlisfloo,asiripat,r,08/19/2026,11:50:42,eddie@node1k19.ecdf.ed.ac.uk,1,8101
57728307,0.00009,runlisfloo,asiripat,r,08/19/2026,11:53:30,eddie@node1j12.ecdf.ed.ac.uk,1,8105
57728307,0.00009,runlisfloo,asiripat,r,08/19/2026,11:53:30,eddie@node1k11.ecdf.ed.ac.uk,1,8106
57728307,0.00009,runlisfloo,asiripat,r,08/19/2026,12:15:28,eddie@node1k18.ecdf.ed.ac.uk,1,8130
57728307,0.00009,runlisfloo,asiripat,r,08/19/2026,12:15:28,eddie@node1k18.ecdf.ed.ac.uk,1,8131
57743093,0.00009,real_null_,s2469797,r,08/19/2026,18:15:39,eddie@node1n14.ecdf.ed.ac.uk,1,168
57743093,0.00009,real_null_,s2469797,r,08/19/2026,18:15:09,eddie@node1n13.ecdf.ed.ac.uk,1,150
57743093,0.00009,real_null_,s2469797,r,08/19/2026,18:14:54,eddie@node1n15.ecdf.ed.ac.uk,1,141
57728307,0.00009,runlisfloo,asiripat,r,08/19/2026,12:22:23,eddie@node1n09.ecdf.ed.ac.uk,1,8134
57743093,0.00009,real_null_,s2469797,r,08/19/2026,18:14:38,eddie@node1n15.ecdf.ed.ac.uk,1,126
57743093,0.00009,real_null_,s2469797,r,08/19/2026,18:14:24,eddie@node1i17.ecdf.ed.ac.uk,1,116
57728307,0.00009,runlisfloo,asiripat,r,08/19/2026,12:23:53,eddie@node1j12.ecdf.ed.ac.uk,1,8136
57728307,0.00009,runlisfloo,asiripat,r,08/19/2026,12:22:38,eddie@node1n11.ecdf.ed.ac.uk,1,8135
57743093,0.00009,real_null_,s2469797,r,08/19/2026,18:13:54,eddie@node1n16.ecdf.ed.ac.uk,1,94
57728307,0.00009,runlisfloo,asiripat,r,08/19/2026,12:16:28,eddie@node1k13.ecdf.ed.ac.uk,1,8132
57728307,0.00009,runlisfloo,asiripat,r,08/19/2026,12:17:53,eddie@node1k11.ecdf.ed.ac.uk,1,8133
57743093,0.00009,real_null_,s2469797,r,08/19/2026,18:13:38,eddie@node1n14.ecdf.ed.ac.uk,1,80
57743093,0.00009,real_null_,s2469797,r,08/19/2026,18:13:39,eddie@node1q05.ecdf.ed.ac.uk,1,81
57728307,0.00009,runlisfloo,asiripat,r,08/19/2026,11:53:45,eddie@node1k12.ecdf.ed.ac.uk,1,8107
57743093,0.00009,real_null_,s2469797,r,08/19/2026,18:13:24,eddie@node1n14.ecdf.ed.ac.uk,1,69
57743093,0.00009,real_null_,s2469797,r,08/19/2026,18:13:24,eddie@node1n14.ecdf.ed.ac.uk,1,70
57728307,0.00009,runlisfloo,asiripat,r,08/19/2026,11:54:15,eddie@node1n10.ecdf.ed.ac.uk,1,8108
57743093,0.00009,real_null_,s2469797,r,08/19/2026,18:13:09,eddie@node1i17.ecdf.ed.ac.uk,1,60
57743093,0.00009,real_null_,s2469797,r,08/19/2026,18:12:54,eddie@node1i17.ecdf.ed.ac.uk,1,46
57743093,0.00009,real_null_,s2469797,r,08/19/2026,18:12:54,eddie@node1q06.ecdf.ed.ac.uk,1,47
57743093,0.00009,real_null_,s2469797,r,08/19/2026,18:12:23,eddie@node1n13.ecdf.ed.ac.uk,1,28
57728307,0.00009,runlisfloo,asiripat,r,08/19/2026,11:55:00,eddie@node1k14.ecdf.ed.ac.uk,1,8109
57728307,0.00009,runlisfloo,asiripat,r,08/19/2026,11:55:00,eddie@node1j13.ecdf.ed.ac.uk,1,8110
57743093,0.00009,real_null_,s2469797,r,08/19/2026,18:12:08,eddie@node1i17.ecdf.ed.ac.uk,1,21
57743086,0.00009,real_null_,s2469797,r,08/19/2026,18:11:39,eddie@node1n13.ecdf.ed.ac.uk,1,994
57743086,0.00009,real_null_,s2469797,r,08/19/2026,18:11:24,eddie@node1n15.ecdf.ed.ac.uk,1,983
57743086,0.00009,real_null_,s2469797,r,08/19/2026,18:11:09,eddie@node1i17.ecdf.ed.ac.uk,1,969
57743086,0.00009,real_null_,s2469797,r,08/19/2026,18:11:09,eddie@node1i17.ecdf.ed.ac.uk,1,970
57743086,0.00009,real_null_,s2469797,r,08/19/2026,18:11:09,eddie@node1q05.ecdf.ed.ac.uk,1,971
57728307,0.00009,runlisfloo,asiripat,r,08/19/2026,11:55:30,eddie@node1j12.ecdf.ed.ac.uk,1,8111
57728307,0.00009,runlisfloo,asiripat,r,08/19/2026,11:55:45,eddie@node1j13.ecdf.ed.ac.uk,1,8112
57743086,0.00009,real_null_,s2469797,r,08/19/2026,18:09:54,eddie@node1q05.ecdf.ed.ac.uk,1,906
57743086,0.00009,real_null_,s2469797,r,08/19/2026,18:09:54,eddie@node1q05.ecdf.ed.ac.uk,1,907
57743086,0.00009,real_null_,s2469797,r,08/19/2026,18:09:39,eddie@node1n15.ecdf.ed.ac.uk,1,891
57743086,0.00009,real_null_,s2469797,r,08/19/2026,18:09:39,eddie@node1n13.ecdf.ed.ac.uk,1,892
57743086,0.00009,real_null_,s2469797,r,08/19/2026,18:09:39,eddie@node1n13.ecdf.ed.ac.uk,1,893
57743086,0.00009,real_null_,s2469797,r,08/19/2026,18:09:39,eddie@node1n16.ecdf.ed.ac.uk,1,894
57743086,0.00009,real_null_,s2469797,r,08/19/2026,18:09:39,eddie@node1n16.ecdf.ed.ac.uk,1,895
57743086,0.00009,real_null_,s2469797,r,08/19/2026,18:09:39,eddie@node1n16.ecdf.ed.ac.uk,1,896
57743086,0.00009,real_null_,s2469797,r,08/19/2026,18:09:08,eddie@node1n15.ecdf.ed.ac.uk,1,869
57743086,0.00009,real_null_,s2469797,r,08/19/2026,18:09:09,eddie@node1n16.ecdf.ed.ac.uk,1,871
57743086,0.00009,real_null_,s2469797,r,08/19/2026,18:08:54,eddie@node1n15.ecdf.ed.ac.uk,1,863
57743086,0.00009,real_null_,s2469797,r,08/19/2026,18:08:54,eddie@node1q05.ecdf.ed.ac.uk,1,864
57728307,0.00009,runlisfloo,asiripat,r,08/19/2026,11:56:44,eddie@node1k14.ecdf.ed.ac.uk,1,8113
57728307,0.00008,runlisfloo,asiripat,r,08/19/2026,11:56:58,eddie@node1k15.ecdf.ed.ac.uk,1,8114
57743086,0.00008,real_null_,s2469797,r,08/19/2026,18:07:54,eddie@node1q05.ecdf.ed.ac.uk,1,815
57728307,0.00008,runlisfloo,asiripat,r,08/19/2026,12:01:36,eddie@node1k14.ecdf.ed.ac.uk,1,8123
57743086,0.00008,real_null_,s2469797,r,08/19/2026,18:07:09,eddie@node1n13.ecdf.ed.ac.uk,1,802
57743086,0.00008,real_null_,s2469797,r,08/19/2026,18:07:09,eddie@node1n16.ecdf.ed.ac.uk,1,803
57743086,0.00008,real_null_,s2469797,r,08/19/2026,18:06:53,eddie@node1q06.ecdf.ed.ac.uk,1,792
57743086,0.00008,real_null_,s2469797,r,08/19/2026,18:06:53,eddie@node1q05.ecdf.ed.ac.uk,1,793
57728307,0.00008,runlisfloo,asiripat,r,08/19/2026,12:03:08,eddie@node1j13.ecdf.ed.ac.uk,1,8125
57728307,0.00008,runlisfloo,asiripat,r,08/19/2026,12:01:53,eddie@node1j12.ecdf.ed.ac.uk,1,8124
57728307,0.00008,runlisfloo,asiripat,r,08/19/2026,11:58:43,eddie@node1k17.ecdf.ed.ac.uk,1,8120
57728307,0.00008,runlisfloo,asiripat,r,08/19/2026,12:03:53,eddie@node1k11.ecdf.ed.ac.uk,1,8127
57728307,0.00008,runlisfloo,asiripat,r,08/19/2026,11:57:13,eddie@node1k12.ecdf.ed.ac.uk,1,8115
57728307,0.00008,runlisfloo,asiripat,r,08/19/2026,11:57:13,eddie@node1k17.ecdf.ed.ac.uk,1,8116
57728307,0.00008,runlisfloo,asiripat,r,08/19/2026,11:57:13,eddie@node1j13.ecdf.ed.ac.uk,1,8117
57728307,0.00008,runlisfloo,asiripat,r,08/19/2026,11:57:58,eddie@node1k18.ecdf.ed.ac.uk,1,8118
57728307,0.00008,runlisfloo,asiripat,r,08/19/2026,11:57:58,eddie@node1k16.ecdf.ed.ac.uk,1,8119
57728307,0.00008,runlisfloo,asiripat,r,08/19/2026,12:03:23,eddie@node1k15.ecdf.ed.ac.uk,1,8126
57728307,0.00008,runlisfloo,asiripat,r,08/19/2026,11:59:21,eddie@node1k19.ecdf.ed.ac.uk,1,8121
57728307,0.00008,runlisfloo,asiripat,r,08/19/2026,12:04:38,eddie@node1k16.ecdf.ed.ac.uk,1,8128
57743086,0.00008,real_null_,s2469797,r,08/19/2026,18:05:23,eddie@node1q05.ecdf.ed.ac.uk,1,750
57743086,0.00008,real_null_,s2469797,r,08/19/2026,18:05:08,eddie@node1n16.ecdf.ed.ac.uk,1,747
57728307,0.00008,runlisfloo,asiripat,r,08/19/2026,12:00:06,eddie@node1k16.ecdf.ed.ac.uk,1,8122
57743086,0.00008,real_null_,s2469797,r,08/19/2026,18:04:54,eddie@node1n16.ecdf.ed.ac.uk,1,744
57728307,0.00008,runlisfloo,asiripat,r,08/19/2026,12:05:21,eddie@node1n12.ecdf.ed.ac.uk,1,8129
57743086,0.00008,real_null_,s2469797,r,08/19/2026,18:03:38,eddie@node1n16.ecdf.ed.ac.uk,1,714
57743086,0.00008,real_null_,s2469797,r,08/19/2026,18:03:08,eddie@node1n15.ecdf.ed.ac.uk,1,704
57743086,0.00008,real_null_,s2469797,r,08/19/2026,18:02:23,eddie@node1n16.ecdf.ed.ac.uk,1,694
57743086,0.00008,real_null_,s2469797,r,08/19/2026,18:01:54,eddie@node1q06.ecdf.ed.ac.uk,1,685
57743086,0.00008,real_null_,s2469797,r,08/19/2026,18:00:46,eddie@node1q05.ecdf.ed.ac.uk,1,665
57743086,0.00008,real_null_,s2469797,r,08/19/2026,18:00:16,eddie@node1q06.ecdf.ed.ac.uk,1,652
57743086,0.00008,real_null_,s2469797,r,08/19/2026,18:00:16,eddie@node1q06.ecdf.ed.ac.uk,1,653
57743086,0.00008,real_null_,s2469797,r,08/19/2026,18:00:16,eddie@node1q06.ecdf.ed.ac.uk,1,654
57743086,0.00008,real_null_,s2469797,r,08/19/2026,17:59:46,eddie@node1q06.ecdf.ed.ac.uk,1,647
57743086,0.00008,real_null_,s2469797,r,08/19/2026,17:59:16,eddie@node1n15.ecdf.ed.ac.uk,1,645
57743086,0.00008,real_null_,s2469797,r,08/19/2026,17:59:02,eddie@node1n15.ecdf.ed.ac.uk,1,644
57743086,0.00008,real_null_,s2469797,r,08/19/2026,17:58:31,eddie@node1n14.ecdf.ed.ac.uk,1,631
57743086,0.00008,real_null_,s2469797,r,08/19/2026,17:58:31,eddie@node1n14.ecdf.ed.ac.uk,1,635
57743086,0.00008,real_null_,s2469797,r,08/19/2026,17:56:01,eddie@node1n16.ecdf.ed.ac.uk,1,612
57743086,0.00008,real_null_,s2469797,r,08/19/2026,17:55:01,eddie@node1n15.ecdf.ed.ac.uk,1,602
57743023,0.00007,real_null_,s2469797,r,08/19/2026,16:07:41,eddie@node1i17.ecdf.ed.ac.uk,1,116
57743023,0.00007,real_null_,s2469797,r,08/19/2026,16:07:41,eddie@node1i17.ecdf.ed.ac.uk,1,117
57743023,0.00007,real_null_,s2469797,r,08/19/2026,16:07:41,eddie@node1n16.ecdf.ed.ac.uk,1,118
57743023,0.00007,real_null_,s2469797,r,08/19/2026,16:07:41,eddie@node1n15.ecdf.ed.ac.uk,1,119
57743023,0.00007,real_null_,s2469797,r,08/19/2026,16:07:41,eddie@node1n16.ecdf.ed.ac.uk,1,120
57743023,0.00007,real_null_,s2469797,r,08/19/2026,16:07:41,eddie@node1n15.ecdf.ed.ac.uk,1,121
57743023,0.00007,real_null_,s2469797,r,08/19/2026,16:07:41,eddie@node1n16.ecdf.ed.ac.uk,1,122
57743023,0.00007,real_null_,s2469797,r,08/19/2026,16:07:41,eddie@node1n15.ecdf.ed.ac.uk,1,125
57743023,0.00007,real_null_,s2469797,r,08/19/2026,16:07:41,eddie@node1n13.ecdf.ed.ac.uk,1,126
57743023,0.00007,real_null_,s2469797,r,08/19/2026,16:07:41,eddie@node1n16.ecdf.ed.ac.uk,1,127
57743023,0.00007,real_null_,s2469797,r,08/19/2026,16:07:41,eddie@node1n15.ecdf.ed.ac.uk,1,128
57743023,0.00007,real_null_,s2469797,r,08/19/2026,16:07:41,eddie@node1n13.ecdf.ed.ac.uk,1,129
57743023,0.00007,real_null_,s2469797,r,08/19/2026,16:07:41,eddie@node1n16.ecdf.ed.ac.uk,1,130
57743023,0.00007,real_null_,s2469797,r,08/19/2026,16:07:41,eddie@node1q05.ecdf.ed.ac.uk,1,131
57743023,0.00007,real_null_,s2469797,r,08/19/2026,16:07:41,eddie@node1n13.ecdf.ed.ac.uk,1,133
57743023,0.00007,real_null_,s2469797,r,08/19/2026,16:07:41,eddie@node1n16.ecdf.ed.ac.uk,1,134
57743023,0.00007,real_null_,s2469797,r,08/19/2026,16:07:41,eddie@node1n13.ecdf.ed.ac.uk,1,137
57743023,0.00007,real_null_,s2469797,r,08/19/2026,16:07:41,eddie@node1q05.ecdf.ed.ac.uk,1,140
57743023,0.00007,real_null_,s2469797,r,08/19/2026,16:07:41,eddie@node1n13.ecdf.ed.ac.uk,1,141
57743023,0.00007,real_null_,s2469797,r,08/19/2026,16:07:41,eddie@node1n14.ecdf.ed.ac.uk,1,142
57743023,0.00007,real_null_,s2469797,r,08/19/2026,16:07:41,eddie@node1n16.ecdf.ed.ac.uk,1,143
57743023,0.00007,real_null_,s2469797,r,08/19/2026,16:07:41,eddie@node1q06.ecdf.ed.ac.uk,1,145
57743023,0.00007,real_null_,s2469797,r,08/19/2026,16:07:41,eddie@node1n16.ecdf.ed.ac.uk,1,147
57743023,0.00007,real_null_,s2469797,r,08/19/2026,16:07:41,eddie@node1q05.ecdf.ed.ac.uk,1,148
57743023,0.00007,real_null_,s2469797,r,08/19/2026,16:07:41,eddie@node1q06.ecdf.ed.ac.uk,1,149
57743023,0.00007,real_null_,s2469797,r,08/19/2026,16:07:41,eddie@node1n14.ecdf.ed.ac.uk,1,150
57743023,0.00007,real_null_,s2469797,r,08/19/2026,16:07:41,eddie@node1q05.ecdf.ed.ac.uk,1,152
57743023,0.00007,real_null_,s2469797,r,08/19/2026,16:07:41,eddie@node1q06.ecdf.ed.ac.uk,1,153
57743023,0.00007,real_null_,s2469797,r,08/19/2026,16:07:41,eddie@node1n16.ecdf.ed.ac.uk,1,155
57743023,0.00007,real_null_,s2469797,r,08/19/2026,16:07:41,eddie@node1q05.ecdf.ed.ac.uk,1,156
57743023,0.00007,real_null_,s2469797,r,08/19/2026,16:07:41,eddie@node1q06.ecdf.ed.ac.uk,1,157
57743023,0.00007,real_null_,s2469797,r,08/19/2026,16:07:41,eddie@node1n16.ecdf.ed.ac.uk,1,158
57743023,0.00007,real_null_,s2469797,r,08/19/2026,16:07:41,eddie@node1q05.ecdf.ed.ac.uk,1,159
57743023,0.00007,real_null_,s2469797,r,08/19/2026,16:07:41,eddie@node1q06.ecdf.ed.ac.uk,1,160
57743023,0.00007,real_null_,s2469797,r,08/19/2026,16:07:41,eddie@node1n16.ecdf.ed.ac.uk,1,161
57743023,0.00007,real_null_,s2469797,r,08/19/2026,16:07:41,eddie@node1q05.ecdf.ed.ac.uk,1,162
57743023,0.00007,real_null_,s2469797,r,08/19/2026,16:07:41,eddie@node1q06.ecdf.ed.ac.uk,1,163
57743023,0.00007,real_null_,s2469797,r,08/19/2026,16:07:41,eddie@node1n16.ecdf.ed.ac.uk,1,164
57743023,0.00007,real_null_,s2469797,r,08/19/2026,16:07:41,eddie@node1q05.ecdf.ed.ac.uk,1,165
57743023,0.00007,real_null_,s2469797,r,08/19/2026,16:07:41,eddie@node1n16.ecdf.ed.ac.uk,1,167
57743023,0.00007,real_null_,s2469797,r,08/19/2026,16:07:41,eddie@node1q05.ecdf.ed.ac.uk,1,168
57743023,0.00007,real_null_,s2469797,r,08/19/2026,16:07:41,eddie@node1q06.ecdf.ed.ac.uk,1,171
57743023,0.00007,real_null_,s2469797,r,08/19/2026,16:07:41,eddie@node1q06.ecdf.ed.ac.uk,1,172
57743086,0.00007,real_null_,s2469797,r,08/19/2026,17:51:58,eddie@node1n15.ecdf.ed.ac.uk,1,583
57743086,0.00007,real_null_,s2469797,r,08/19/2026,17:51:28,eddie@node1q05.ecdf.ed.ac.uk,1,576
57743086,0.00007,real_null_,s2469797,r,08/19/2026,17:50:58,eddie@node1n15.ecdf.ed.ac.uk,1,570
57743086,0.00007,real_null_,s2469797,r,08/19/2026,17:49:43,eddie@node1n16.ecdf.ed.ac.uk,1,563
57743086,0.00007,real_null_,s2469797,r,08/19/2026,17:42:59,eddie@node1n15.ecdf.ed.ac.uk,1,528
57743086,0.00007,real_null_,s2469797,r,08/19/2026,17:41:43,eddie@node1n15.ecdf.ed.ac.uk,1,524
57743086,0.00006,real_null_,s2469797,r,08/19/2026,17:33:29,eddie@node1i25.ecdf.ed.ac.uk,1,484
57743086,0.00006,real_null_,s2469797,r,08/19/2026,17:33:29,eddie@node1i25.ecdf.ed.ac.uk,1,485
57743086,0.00006,real_null_,s2469797,r,08/19/2026,17:33:29,eddie@node1i25.ecdf.ed.ac.uk,1,486
57743086,0.00006,real_null_,s2469797,r,08/19/2026,17:33:29,eddie@node1i25.ecdf.ed.ac.uk,1,487
57743086,0.00006,real_null_,s2469797,r,08/19/2026,17:33:14,eddie@node1i25.ecdf.ed.ac.uk,1,482
57743023,0.00004,real_null_,s2469797,r,08/19/2026,16:07:30,eddie@node1q06.ecdf.ed.ac.uk,1,28
57743023,0.00004,real_null_,s2469797,r,08/19/2026,16:07:30,eddie@node1q06.ecdf.ed.ac.uk,1,29
57743086,0.00004,real_null_,s2469797,r,08/19/2026,17:00:28,eddie@node1n13.ecdf.ed.ac.uk,1,365
57743086,0.00004,real_null_,s2469797,r,08/19/2026,16:59:28,eddie@node1q06.ecdf.ed.ac.uk,1,362
57743086,0.00004,real_null_,s2469797,r,08/19/2026,16:57:58,eddie@node1n14.ecdf.ed.ac.uk,1,358
57743086,0.00004,real_null_,s2469797,r,08/19/2026,16:57:28,eddie@node1n14.ecdf.ed.ac.uk,1,357
57743086,0.00004,real_null_,s2469797,r,08/19/2026,16:56:43,eddie@node1n14.ecdf.ed.ac.uk,1,352
57743086,0.00004,real_null_,s2469797,r,08/19/2026,16:56:00,eddie@node1n14.ecdf.ed.ac.uk,1,350
57743086,0.00004,real_null_,s2469797,r,08/19/2026,16:56:00,eddie@node1q05.ecdf.ed.ac.uk,1,351
57743086,0.00003,real_null_,s2469797,r,08/19/2026,16:53:30,eddie@node1q06.ecdf.ed.ac.uk,1,339
57743086,0.00003,real_null_,s2469797,r,08/19/2026,16:53:00,eddie@node1q05.ecdf.ed.ac.uk,1,337
57743086,0.00003,real_null_,s2469797,r,08/19/2026,16:50:15,eddie@node1i17.ecdf.ed.ac.uk,1,316
57743086,0.00003,real_null_,s2469797,r,08/19/2026,16:50:00,eddie@node1n13.ecdf.ed.ac.uk,1,312
57743086,0.00003,real_null_,s2469797,r,08/19/2026,16:50:00,eddie@node1q05.ecdf.ed.ac.uk,1,313
57743086,0.00003,real_null_,s2469797,r,08/19/2026,16:49:45,eddie@node1n14.ecdf.ed.ac.uk,1,310
57743086,0.00003,real_null_,s2469797,r,08/19/2026,16:49:15,eddie@node1n14.ecdf.ed.ac.uk,1,306
57743086,0.00003,real_null_,s2469797,r,08/19/2026,16:49:15,eddie@node1q05.ecdf.ed.ac.uk,1,307
57743023,0.00003,real_null_,s2469797,r,08/19/2026,16:07:57,eddie@node1i17.ecdf.ed.ac.uk,1,179
57743086,0.00003,real_null_,s2469797,r,08/19/2026,16:48:09,eddie@node1n13.ecdf.ed.ac.uk,1,295
57743023,0.00003,real_null_,s2469797,r,08/19/2026,16:08:14,eddie@node1n14.ecdf.ed.ac.uk,1,201
57743023,0.00003,real_null_,s2469797,r,08/19/2026,16:08:14,eddie@node1q05.ecdf.ed.ac.uk,1,202
57743023,0.00003,real_null_,s2469797,r,08/19/2026,16:08:14,eddie@node1q06.ecdf.ed.ac.uk,1,203
57743086,0.00003,real_null_,s2469797,r,08/19/2026,16:47:24,eddie@node1n14.ecdf.ed.ac.uk,1,289
57743086,0.00003,real_null_,s2469797,r,08/19/2026,16:44:45,eddie@node1q05.ecdf.ed.ac.uk,1,263
57743086,0.00003,real_null_,s2469797,r,08/19/2026,16:44:15,eddie@node1q05.ecdf.ed.ac.uk,1,258
57743023,0.00003,real_null_,s2469797,r,08/19/2026,16:08:26,eddie@node1n13.ecdf.ed.ac.uk,1,219
57743023,0.00003,real_null_,s2469797,r,08/19/2026,16:08:26,eddie@node1q05.ecdf.ed.ac.uk,1,220
57743086,0.00003,real_null_,s2469797,r,08/19/2026,16:43:15,eddie@node1q05.ecdf.ed.ac.uk,1,244
57743086,0.00003,real_null_,s2469797,r,08/19/2026,16:42:30,eddie@node1q06.ecdf.ed.ac.uk,1,232
57743086,0.00003,real_null_,s2469797,r,08/19/2026,16:42:30,eddie@node1q06.ecdf.ed.ac.uk,1,233
57743086,0.00003,real_null_,s2469797,r,08/19/2026,16:42:30,eddie@node1q06.ecdf.ed.ac.uk,1,234
57743086,0.00003,real_null_,s2469797,r,08/19/2026,16:42:30,eddie@node1q06.ecdf.ed.ac.uk,1,236
57743086,0.00003,real_null_,s2469797,r,08/19/2026,16:42:30,eddie@node1q06.ecdf.ed.ac.uk,1,237
57743086,0.00003,real_null_,s2469797,r,08/19/2026,16:41:36,eddie@node1q05.ecdf.ed.ac.uk,1,209
57743086,0.00003,real_null_,s2469797,r,08/19/2026,16:41:36,eddie@node1q05.ecdf.ed.ac.uk,1,210
57743086,0.00003,real_null_,s2469797,r,08/19/2026,16:41:36,eddie@node1q05.ecdf.ed.ac.uk,1,211
57743086,0.00003,real_null_,s2469797,r,08/19/2026,16:41:36,eddie@node1q05.ecdf.ed.ac.uk,1,212
57743086,0.00003,real_null_,s2469797,r,08/19/2026,16:41:36,eddie@node1q05.ecdf.ed.ac.uk,1,214
57743023,0.00003,real_null_,s2469797,r,08/19/2026,16:08:45,eddie@node1i17.ecdf.ed.ac.uk,1,248
57743023,0.00003,real_null_,s2469797,r,08/19/2026,16:08:45,eddie@node1i17.ecdf.ed.ac.uk,1,249
57743023,0.00003,real_null_,s2469797,r,08/19/2026,16:08:45,eddie@node1q06.ecdf.ed.ac.uk,1,250
57743023,0.00003,real_null_,s2469797,r,08/19/2026,16:08:45,eddie@node1q06.ecdf.ed.ac.uk,1,251
57743023,0.00002,real_null_,s2469797,r,08/19/2026,16:08:58,eddie@node1n15.ecdf.ed.ac.uk,1,266
57743023,0.00002,real_null_,s2469797,r,08/19/2026,16:08:58,eddie@node1n16.ecdf.ed.ac.uk,1,267
57743023,0.00002,real_null_,s2469797,r,08/19/2026,16:09:28,eddie@node1n16.ecdf.ed.ac.uk,1,309
57743086,0.00002,real_null_,s2469797,r,08/19/2026,16:30:44,eddie@node1n15.ecdf.ed.ac.uk,1,178
57743086,0.00002,real_null_,s2469797,r,08/19/2026,16:30:44,eddie@node1n15.ecdf.ed.ac.uk,1,179
57743023,0.00002,real_null_,s2469797,r,08/19/2026,16:09:55,eddie@node1n16.ecdf.ed.ac.uk,1,351
57743023,0.00002,real_null_,s2469797,r,08/19/2026,16:09:55,eddie@node1q05.ecdf.ed.ac.uk,1,352
57743023,0.00002,real_null_,s2469797,r,08/19/2026,16:10:10,eddie@node1n16.ecdf.ed.ac.uk,1,371
57743023,0.00002,real_null_,s2469797,r,08/19/2026,16:10:10,eddie@node1q05.ecdf.ed.ac.uk,1,372
57743023,0.00002,real_null_,s2469797,r,08/19/2026,16:10:25,eddie@node1n16.ecdf.ed.ac.uk,1,383
57743023,0.00002,real_null_,s2469797,r,08/19/2026,16:10:41,eddie@node1n13.ecdf.ed.ac.uk,1,401
57743023,0.00002,real_null_,s2469797,r,08/19/2026,16:10:41,eddie@node1q06.ecdf.ed.ac.uk,1,402
57743023,0.00002,real_null_,s2469797,r,08/19/2026,16:10:56,eddie@node1n14.ecdf.ed.ac.uk,1,426
57743023,0.00002,real_null_,s2469797,r,08/19/2026,16:10:56,eddie@node1n14.ecdf.ed.ac.uk,1,427
57743023,0.00002,real_null_,s2469797,r,08/19/2026,16:10:56,eddie@node1q06.ecdf.ed.ac.uk,1,428
57743023,0.00002,real_null_,s2469797,r,08/19/2026,16:10:56,eddie@node1q05.ecdf.ed.ac.uk,1,429
57743023,0.00002,real_null_,s2469797,r,08/19/2026,16:11:11,eddie@node1n15.ecdf.ed.ac.uk,1,445
57743023,0.00002,real_null_,s2469797,r,08/19/2026,16:11:11,eddie@node1q05.ecdf.ed.ac.uk,1,446
57743023,0.00002,real_null_,s2469797,r,08/19/2026,16:11:11,eddie@node1n16.ecdf.ed.ac.uk,1,447
57743023,0.00002,real_null_,s2469797,r,08/19/2026,16:11:11,eddie@node1q06.ecdf.ed.ac.uk,1,448
57743023,0.00002,real_null_,s2469797,r,08/19/2026,16:11:27,eddie@node1i17.ecdf.ed.ac.uk,1,467
57743023,0.00002,real_null_,s2469797,r,08/19/2026,16:11:27,eddie@node1n15.ecdf.ed.ac.uk,1,468
57743023,0.00002,real_null_,s2469797,r,08/19/2026,16:11:27,eddie@node1n13.ecdf.ed.ac.uk,1,469
57743023,0.00002,real_null_,s2469797,r,08/19/2026,16:11:41,eddie@node1q05.ecdf.ed.ac.uk,1,488
57743023,0.00002,real_null_,s2469797,r,08/19/2026,16:11:41,eddie@node1q06.ecdf.ed.ac.uk,1,489
57743023,0.00002,real_null_,s2469797,r,08/19/2026,16:11:56,eddie@node1q05.ecdf.ed.ac.uk,1,506
57743023,0.00002,real_null_,s2469797,r,08/19/2026,16:11:56,eddie@node1q06.ecdf.ed.ac.uk,1,507
57743023,0.00002,real_null_,s2469797,r,08/19/2026,16:12:12,eddie@node1n13.ecdf.ed.ac.uk,1,527
57743023,0.00002,real_null_,s2469797,r,08/19/2026,16:12:12,eddie@node1n14.ecdf.ed.ac.uk,1,528
57743023,0.00002,real_null_,s2469797,r,08/19/2026,16:12:27,eddie@node1q05.ecdf.ed.ac.uk,1,556
57743023,0.00002,real_null_,s2469797,r,08/19/2026,16:12:41,eddie@node1i17.ecdf.ed.ac.uk,1,575
57743023,0.00002,real_null_,s2469797,r,08/19/2026,16:12:41,eddie@node1n16.ecdf.ed.ac.uk,1,577
57743023,0.00002,real_null_,s2469797,r,08/19/2026,16:12:54,eddie@node1i25.ecdf.ed.ac.uk,1,670
57743023,0.00002,real_null_,s2469797,r,08/19/2026,16:12:54,eddie@node1i17.ecdf.ed.ac.uk,1,671
57743023,0.00002,real_null_,s2469797,r,08/19/2026,16:12:54,eddie@node1i17.ecdf.ed.ac.uk,1,672
57743023,0.00002,real_null_,s2469797,r,08/19/2026,16:12:54,eddie@node1i17.ecdf.ed.ac.uk,1,673
57743023,0.00002,real_null_,s2469797,r,08/19/2026,16:12:54,eddie@node1i17.ecdf.ed.ac.uk,1,674
57743023,0.00002,real_null_,s2469797,r,08/19/2026,16:12:54,eddie@node1n13.ecdf.ed.ac.uk,1,675
57743023,0.00002,real_null_,s2469797,r,08/19/2026,16:12:54,eddie@node1n13.ecdf.ed.ac.uk,1,676
57743023,0.00002,real_null_,s2469797,r,08/19/2026,16:12:54,eddie@node1n14.ecdf.ed.ac.uk,1,679
57743023,0.00002,real_null_,s2469797,r,08/19/2026,16:12:54,eddie@node1q06.ecdf.ed.ac.uk,1,680
57743023,0.00002,real_null_,s2469797,r,08/19/2026,16:12:54,eddie@node1q06.ecdf.ed.ac.uk,1,681
57743023,0.00001,real_null_,s2469797,r,08/19/2026,16:13:08,eddie@node1q05.ecdf.ed.ac.uk,1,697
57743023,0.00001,real_null_,s2469797,r,08/19/2026,16:17:39,eddie@node1n13.ecdf.ed.ac.uk,1,985
57743023,0.00001,real_null_,s2469797,r,08/19/2026,16:17:39,eddie@node1q06.ecdf.ed.ac.uk,1,986
57743023,0.00001,real_null_,s2469797,r,08/19/2026,16:17:39,eddie@node1q06.ecdf.ed.ac.uk,1,987
57743023,0.00001,real_null_,s2469797,r,08/19/2026,16:17:39,eddie@node1q05.ecdf.ed.ac.uk,1,988
57743023,0.00001,real_null_,s2469797,r,08/19/2026,16:17:26,eddie@node1i25.ecdf.ed.ac.uk,1,976
57743023,0.00001,real_null_,s2469797,r,08/19/2026,16:17:26,eddie@node1n13.ecdf.ed.ac.uk,1,977
57743023,0.00001,real_null_,s2469797,r,08/19/2026,16:17:10,eddie@node1n14.ecdf.ed.ac.uk,1,968
57743023,0.00001,real_null_,s2469797,r,08/19/2026,16:13:38,eddie@node1i17.ecdf.ed.ac.uk,1,753
57743023,0.00001,real_null_,s2469797,r,08/19/2026,16:13:38,eddie@node1q05.ecdf.ed.ac.uk,1,754
57743023,0.00001,real_null_,s2469797,r,08/19/2026,16:16:55,eddie@node1n16.ecdf.ed.ac.uk,1,956
57743023,0.00001,real_null_,s2469797,r,08/19/2026,16:16:55,eddie@node1q06.ecdf.ed.ac.uk,1,958
57743023,0.00001,real_null_,s2469797,r,08/19/2026,16:16:40,eddie@node1i17.ecdf.ed.ac.uk,1,944
57743023,0.00001,real_null_,s2469797,r,08/19/2026,16:16:40,eddie@node1q06.ecdf.ed.ac.uk,1,945
57743023,0.00001,real_null_,s2469797,r,08/19/2026,16:16:24,eddie@node1i25.ecdf.ed.ac.uk,1,922
57743023,0.00001,real_null_,s2469797,r,08/19/2026,16:16:24,eddie@node1i17.ecdf.ed.ac.uk,1,923
57743023,0.00001,real_null_,s2469797,r,08/19/2026,16:16:24,eddie@node1q06.ecdf.ed.ac.uk,1,925
57743023,0.00001,real_null_,s2469797,r,08/19/2026,16:16:24,eddie@node1q05.ecdf.ed.ac.uk,1,926
57743023,0.00001,real_null_,s2469797,r,08/19/2026,16:13:53,eddie@node1n16.ecdf.ed.ac.uk,1,772
57743023,0.00001,real_null_,s2469797,r,08/19/2026,16:13:53,eddie@node1q05.ecdf.ed.ac.uk,1,773
57743023,0.00001,real_null_,s2469797,r,08/19/2026,16:15:55,eddie@node1q05.ecdf.ed.ac.uk,1,906
57743023,0.00001,real_null_,s2469797,r,08/19/2026,16:14:08,eddie@node1i25.ecdf.ed.ac.uk,1,791
57743023,0.00001,real_null_,s2469797,r,08/19/2026,16:14:08,eddie@node1n13.ecdf.ed.ac.uk,1,793
57743023,0.00001,real_null_,s2469797,r,08/19/2026,16:14:08,eddie@node1q06.ecdf.ed.ac.uk,1,794
57743023,0.00001,real_null_,s2469797,r,08/19/2026,16:15:40,eddie@node1n14.ecdf.ed.ac.uk,1,885
57743023,0.00001,real_null_,s2469797,r,08/19/2026,16:15:40,eddie@node1q05.ecdf.ed.ac.uk,1,886
57743023,0.00001,real_null_,s2469797,r,08/19/2026,16:16:10,eddie@node1n13.ecdf.ed.ac.uk,1,915
57743023,0.00001,real_null_,s2469797,r,08/19/2026,16:16:10,eddie@node1q06.ecdf.ed.ac.uk,1,917
57743023,0.00001,real_null_,s2469797,r,08/19/2026,16:15:08,eddie@node1n15.ecdf.ed.ac.uk,1,847
57743023,0.00001,real_null_,s2469797,r,08/19/2026,16:15:08,eddie@node1n13.ecdf.ed.ac.uk,1,848
57743023,0.00001,real_null_,s2469797,r,08/19/2026,16:15:08,eddie@node1q06.ecdf.ed.ac.uk,1,849
57743023,0.00001,real_null_,s2469797,r,08/19/2026,16:15:24,eddie@node1i17.ecdf.ed.ac.uk,1,864
57743086,0.00001,real_null_,s2469797,r,08/19/2026,16:20:11,eddie@node1q05.ecdf.ed.ac.uk,1,123
57743086,0.00001,real_null_,s2469797,r,08/19/2026,16:19:57,eddie@node1q05.ecdf.ed.ac.uk,1,112
57743086,0.00001,real_null_,s2469797,r,08/19/2026,16:19:41,eddie@node1i25.ecdf.ed.ac.uk,1,98
57743086,0.00001,real_null_,s2469797,r,08/19/2026,16:19:41,eddie@node1n13.ecdf.ed.ac.uk,1,99
57743086,0.00001,real_null_,s2469797,r,08/19/2026,16:19:25,eddie@node1i17.ecdf.ed.ac.uk,1,86
57743086,0.00001,real_null_,s2469797,r,08/19/2026,16:19:25,eddie@node1n14.ecdf.ed.ac.uk,1,88
57743086,0.00001,real_null_,s2469797,r,08/19/2026,16:19:25,eddie@node1q05.ecdf.ed.ac.uk,1,89
57743086,0.00001,real_null_,s2469797,r,08/19/2026,16:19:11,eddie@node1n15.ecdf.ed.ac.uk,1,69
57743086,0.00001,real_null_,s2469797,r,08/19/2026,16:19:11,eddie@node1q05.ecdf.ed.ac.uk,1,71
57743086,0.00001,real_null_,s2469797,r,08/19/2026,16:18:56,eddie@node1i17.ecdf.ed.ac.uk,1,55
57743086,0.00001,real_null_,s2469797,r,08/19/2026,16:18:56,eddie@node1n16.ecdf.ed.ac.uk,1,56
57743086,0.00001,real_null_,s2469797,r,08/19/2026,16:18:40,eddie@node1q06.ecdf.ed.ac.uk,1,44
57743086,0.00001,real_null_,s2469797,r,08/19/2026,16:18:40,eddie@node1q06.ecdf.ed.ac.uk,1,45
57743086,0.00001,real_null_,s2469797,r,08/19/2026,16:18:26,eddie@node1n14.ecdf.ed.ac.uk,1,33
57743086,0.00001,real_null_,s2469797,r,08/19/2026,16:18:12,eddie@node1i17.ecdf.ed.ac.uk,1,14
57743086,0.00001,real_null_,s2469797,r,08/19/2026,16:18:12,eddie@node1n16.ecdf.ed.ac.uk,1,15
57743086,0.00001,real_null_,s2469797,r,08/19/2026,16:18:12,eddie@node1n13.ecdf.ed.ac.uk,1,16
57743086,0.00001,real_null_,s2469797,r,08/19/2026,16:18:12,eddie@node1n14.ecdf.ed.ac.uk,1,18
57743086,0.00001,real_null_,s2469797,r,08/19/2026,16:18:12,eddie@node1q06.ecdf.ed.ac.uk,1,19
57743086,0.00001,real_null_,s2469797,r,08/19/2026,16:17:56,eddie@node1q05.ecdf.ed.ac.uk,1,2
57743086,0.00001,real_null_,s2469797,r,08/19/2026,16:17:56,eddie@node1q06.ecdf.ed.ac.uk,1,3
57735469,0.00001,of_26648_1,wdewulf,r,08/19/2026,14:45:15,eddie@node1l20.ecdf.ed.ac.uk,1,88
57735469,0.00001,of_26648_1,wdewulf,r,08/19/2026,14:45:15,eddie@node1l20.ecdf.ed.ac.uk,1,122
57735469,0.00001,of_26648_1,wdewulf,r,08/19/2026,14:45:16,eddie@node1l20.ecdf.ed.ac.uk,1,156
57735469,0.00001,of_26648_1,wdewulf,r,08/19/2026,14:45:16,eddie@node1l20.ecdf.ed.ac.uk,1,190
57735469,0.00001,of_26648_1,wdewulf,r,08/19/2026,14:45:17,eddie@node1l20.ecdf.ed.ac.uk,1,224
57735469,0.00001,of_26648_1,wdewulf,r,08/19/2026,14:45:17,eddie@node1l20.ecdf.ed.ac.uk,1,258
57735469,0.00001,of_26648_1,wdewulf,r,08/19/2026,14:45:18,eddie@node1l20.ecdf.ed.ac.uk,1,292
57735469,0.00001,of_26648_1,wdewulf,r,08/19/2026,14:45:18,eddie@node1l20.ecdf.ed.ac.uk,1,327
57735469,0.00001,of_26648_1,wdewulf,r,08/19/2026,14:45:18,eddie@node1l20.ecdf.ed.ac.uk,1,363
57735469,0.00001,of_26648_1,wdewulf,r,08/19/2026,14:45:18,eddie@node1l20.ecdf.ed.ac.uk,1,400
57735469,0.00001,of_26648_1,wdewulf,r,08/19/2026,14:45:20,eddie@node1l20.ecdf.ed.ac.uk,1,475
57735469,0.00001,of_26648_1,wdewulf,r,08/19/2026,14:45:20,eddie@node1l20.ecdf.ed.ac.uk,1,514
57735469,0.00001,of_26648_1,wdewulf,r,08/19/2026,14:45:21,eddie@node1l20.ecdf.ed.ac.uk,1,554
57735469,0.00001,of_26648_1,wdewulf,r,08/19/2026,14:45:22,eddie@node1l20.ecdf.ed.ac.uk,1,635
57735469,0.00001,of_26648_1,wdewulf,r,08/19/2026,14:45:22,eddie@node1l20.ecdf.ed.ac.uk,1,674
