job-ID,prior,name,user,state,submit/start,at,queue,jclass,slots,ja-task-ID
------------------------------------------------------------------------------------------------------------------------------------------------
56976090,0.10702,Experiment,s2060501,r,09/02/2026,15:24:27,eddie@node1s10.ecdf.ed.ac.uk,10,93
56976090,0.10700,Experiment,s2060501,r,09/02/2026,15:10:31,eddie@node1s10.ecdf.ed.ac.uk,10,92
56976090,0.10602,Experiment,s2060501,r,09/02/2026,04:02:28,eddie@node1s09.ecdf.ed.ac.uk,10,91
58255571,0.08592,run_predic,bchybows,r,09/09/2026,21:09:12,gpu@node1o16.ecdf.ed.ac.uk,4
57762985,0.08388,Kirsty_Abu,s1626483,r,09/07/2026,10:02:36,eddie@node1k15.ecdf.ed.ac.uk,16
58197451,0.06774,QLOGIN,fpetitpr,r,09/09/2026,08:24:50,eddie@node1j24.ecdf.ed.ac.uk,32
58255692,0.06397,run_predic,bchybows,r,09/09/2026,21:16:57,gpu@node1p05.ecdf.ed.ac.uk,4
58196569,0.06248,QLOGIN,s2673716,r,09/09/2026,01:04:29,gpu@node1r02.ecdf.ed.ac.uk,4
58255702,0.05101,run_predic,bchybows,r,09/09/2026,21:19:27,gpu@node1g06.ecdf.ed.ac.uk,4
58148314,0.03666,agre1,knicodem,r,09/08/2026,10:24:23,eddie@node1m24.ecdf.ed.ac.uk,1,9
58254770,0.03590,eqw_nvt_ri,s2713107,r,09/09/2026,20:48:04,eddie@node1o04.ecdf.ed.ac.uk,256
58147878,0.03431,cmyc_1-88_,s2907279,r,09/09/2026,05:51:02,gpu@node1o16.ecdf.ed.ac.uk,8
57728307,0.03382,runlisfloo,asiripat,r,09/02/2026,13:31:02,eddie@node1j12.ecdf.ed.ac.uk,1,9998
57728307,0.03381,runlisfloo,asiripat,r,09/02/2026,13:34:06,eddie@node1k16.ecdf.ed.ac.uk,1,9999
57728307,0.03380,runlisfloo,asiripat,r,09/02/2026,13:23:51,eddie@node1k16.ecdf.ed.ac.uk,1,9997
57728307,0.03379,runlisfloo,asiripat,r,09/02/2026,13:19:21,eddie@node1k18.ecdf.ed.ac.uk,1,9995
57728307,0.03378,runlisfloo,asiripat,r,09/02/2026,13:14:27,eddie@node1k10.ecdf.ed.ac.uk,1,9994
57728307,0.03378,runlisfloo,asiripat,r,09/02/2026,13:11:27,eddie@node1k11.ecdf.ed.ac.uk,1,9993
57728307,0.03377,runlisfloo,asiripat,r,09/02/2026,13:09:12,eddie@node1k10.ecdf.ed.ac.uk,1,9992
57728307,0.03375,runlisfloo,asiripat,r,09/02/2026,12:56:42,eddie@node1n10.ecdf.ed.ac.uk,1,9989
57728307,0.03375,runlisfloo,asiripat,r,09/02/2026,12:58:42,eddie@node1j13.ecdf.ed.ac.uk,1,9990
57728307,0.03375,runlisfloo,asiripat,r,09/02/2026,13:04:12,eddie@node1k12.ecdf.ed.ac.uk,1,9991
57728307,0.03375,runlisfloo,asiripat,r,09/02/2026,12:50:26,eddie@node1j12.ecdf.ed.ac.uk,1,9988
57728307,0.03374,runlisfloo,asiripat,r,09/02/2026,12:48:16,eddie@node1k14.ecdf.ed.ac.uk,1,9986
57728307,0.03374,runlisfloo,asiripat,r,09/02/2026,12:50:01,eddie@node1k12.ecdf.ed.ac.uk,1,9987
57728307,0.03373,runlisfloo,asiripat,r,09/02/2026,12:42:46,eddie@node1k13.ecdf.ed.ac.uk,1,9985
57728307,0.03373,runlisfloo,asiripat,r,09/02/2026,12:40:00,eddie@node1k14.ecdf.ed.ac.uk,1,9984
57728307,0.03373,runlisfloo,asiripat,r,09/02/2026,12:38:41,eddie@node1k20.ecdf.ed.ac.uk,1,9983
57728307,0.03372,runlisfloo,asiripat,r,09/02/2026,12:35:41,eddie@node1k17.ecdf.ed.ac.uk,1,9979
57728307,0.03372,runlisfloo,asiripat,r,09/02/2026,12:36:11,eddie@node1j13.ecdf.ed.ac.uk,1,9980
57728307,0.03372,runlisfloo,asiripat,r,09/02/2026,12:37:11,eddie@node1n10.ecdf.ed.ac.uk,1,9981
57728307,0.03372,runlisfloo,asiripat,r,09/02/2026,12:37:33,eddie@node1j12.ecdf.ed.ac.uk,1,9982
57728307,0.03372,runlisfloo,asiripat,r,09/02/2026,12:34:38,eddie@node1k20.ecdf.ed.ac.uk,1,9978
57728307,0.03372,runlisfloo,asiripat,r,09/02/2026,12:32:58,eddie@node1n09.ecdf.ed.ac.uk,1,9976
57728307,0.03372,runlisfloo,asiripat,r,09/02/2026,12:32:58,eddie@node1n12.ecdf.ed.ac.uk,1,9977
57728307,0.03371,runlisfloo,asiripat,r,09/02/2026,12:30:58,eddie@node1k15.ecdf.ed.ac.uk,1,9975
57728307,0.03371,runlisfloo,asiripat,r,09/02/2026,12:28:28,eddie@node1n03.ecdf.ed.ac.uk,1,9974
57728307,0.03371,runlisfloo,asiripat,r,09/02/2026,12:27:58,eddie@node1n12.ecdf.ed.ac.uk,1,9973
57728307,0.03371,runlisfloo,asiripat,r,09/02/2026,12:27:13,eddie@node1k15.ecdf.ed.ac.uk,1,9972
57728307,0.03370,runlisfloo,asiripat,r,09/02/2026,12:19:43,eddie@node1n10.ecdf.ed.ac.uk,1,9970
57728307,0.03370,runlisfloo,asiripat,r,09/02/2026,12:23:43,eddie@node1k12.ecdf.ed.ac.uk,1,9971
57728307,0.03370,runlisfloo,asiripat,r,09/02/2026,12:18:43,eddie@node1n03.ecdf.ed.ac.uk,1,9969
57728307,0.03369,runlisfloo,asiripat,r,09/02/2026,12:17:28,eddie@node1k13.ecdf.ed.ac.uk,1,9968
57728307,0.03369,runlisfloo,asiripat,r,09/02/2026,12:16:58,eddie@node1k19.ecdf.ed.ac.uk,1,9967
57728307,0.03369,runlisfloo,asiripat,r,09/02/2026,12:16:13,eddie@node1k19.ecdf.ed.ac.uk,1,9966
57728307,0.03368,runlisfloo,asiripat,r,09/02/2026,12:10:14,eddie@node1k17.ecdf.ed.ac.uk,1,9965
57728307,0.03368,runlisfloo,asiripat,r,09/02/2026,12:06:59,eddie@node1k14.ecdf.ed.ac.uk,1,9964
57728307,0.03367,runlisfloo,asiripat,r,09/02/2026,12:03:42,eddie@node1n12.ecdf.ed.ac.uk,1,9963
57728307,0.03367,runlisfloo,asiripat,r,09/02/2026,11:59:44,eddie@node1n08.ecdf.ed.ac.uk,1,9962
57728307,0.03366,runlisfloo,asiripat,r,09/02/2026,11:56:31,eddie@node1n02.ecdf.ed.ac.uk,1,9961
57728307,0.03366,runlisfloo,asiripat,r,09/02/2026,11:55:13,eddie@node1k17.ecdf.ed.ac.uk,1,9960
57728307,0.03365,runlisfloo,asiripat,r,09/02/2026,11:52:12,eddie@node1k17.ecdf.ed.ac.uk,1,9959
57728307,0.03365,runlisfloo,asiripat,r,09/02/2026,11:50:42,eddie@node1k11.ecdf.ed.ac.uk,1,9958
57728307,0.03364,runlisfloo,asiripat,r,09/02/2026,11:41:11,eddie@node1k11.ecdf.ed.ac.uk,1,9956
57728307,0.03363,runlisfloo,asiripat,r,09/02/2026,11:39:47,eddie@node1k11.ecdf.ed.ac.uk,1,9955
57728307,0.03363,runlisfloo,asiripat,r,09/02/2026,11:37:02,eddie@node1k13.ecdf.ed.ac.uk,1,9954
57728307,0.03362,runlisfloo,asiripat,r,09/02/2026,11:08:04,eddie@node1k10.ecdf.ed.ac.uk,1,9944
57728307,0.03362,runlisfloo,asiripat,r,09/02/2026,11:08:04,eddie@node1k16.ecdf.ed.ac.uk,1,9945
57728307,0.03362,runlisfloo,asiripat,r,09/02/2026,11:27:50,eddie@node1n11.ecdf.ed.ac.uk,1,9953
57728307,0.03362,runlisfloo,asiripat,r,09/02/2026,11:27:35,eddie@node1j12.ecdf.ed.ac.uk,1,9952
57728307,0.03361,runlisfloo,asiripat,r,09/02/2026,11:05:24,eddie@node1j12.ecdf.ed.ac.uk,1,9942
57728307,0.03361,runlisfloo,asiripat,r,09/02/2026,11:25:20,eddie@node1j13.ecdf.ed.ac.uk,1,9951
57728307,0.03361,runlisfloo,asiripat,r,09/02/2026,11:25:05,eddie@node1n10.ecdf.ed.ac.uk,1,9950
57728307,0.03361,runlisfloo,asiripat,r,09/02/2026,11:24:50,eddie@node1n10.ecdf.ed.ac.uk,1,9949
57728307,0.03361,runlisfloo,asiripat,r,09/02/2026,11:24:35,eddie@node1k18.ecdf.ed.ac.uk,1,9948
57728307,0.03360,runlisfloo,asiripat,r,09/02/2026,11:08:39,eddie@node1k11.ecdf.ed.ac.uk,1,9946
57728307,0.03360,runlisfloo,asiripat,r,09/02/2026,11:08:54,eddie@node1j13.ecdf.ed.ac.uk,1,9947
57728307,0.03359,runlisfloo,asiripat,r,09/02/2026,11:01:09,eddie@node1n10.ecdf.ed.ac.uk,1,9940
57728307,0.03359,runlisfloo,asiripat,r,09/02/2026,11:01:24,eddie@node1n02.ecdf.ed.ac.uk,1,9941
57728307,0.03359,runlisfloo,asiripat,r,09/02/2026,11:05:54,eddie@node1k16.ecdf.ed.ac.uk,1,9943
57728307,0.03357,runlisfloo,asiripat,r,09/02/2026,10:54:13,eddie@node1k13.ecdf.ed.ac.uk,1,9937
57728307,0.03357,runlisfloo,asiripat,r,09/02/2026,10:55:30,eddie@node1k15.ecdf.ed.ac.uk,1,9939
57728307,0.03355,runlisfloo,asiripat,r,09/02/2026,10:42:26,eddie@node1k10.ecdf.ed.ac.uk,1,9936
57728307,0.03355,runlisfloo,asiripat,r,09/02/2026,10:40:24,eddie@node1j12.ecdf.ed.ac.uk,1,9934
57728307,0.03355,runlisfloo,asiripat,r,09/02/2026,10:40:57,eddie@node1n11.ecdf.ed.ac.uk,1,9935
57728307,0.03354,runlisfloo,asiripat,r,09/02/2026,10:38:44,eddie@node1k20.ecdf.ed.ac.uk,1,9933
57728307,0.03354,runlisfloo,asiripat,r,09/02/2026,10:37:29,eddie@node1k12.ecdf.ed.ac.uk,1,9931
57728307,0.03354,runlisfloo,asiripat,r,09/02/2026,10:38:01,eddie@node1k18.ecdf.ed.ac.uk,1,9932
57728307,0.03353,runlisfloo,asiripat,r,09/02/2026,10:31:20,eddie@node1k15.ecdf.ed.ac.uk,1,9930
57728307,0.03353,runlisfloo,asiripat,r,09/02/2026,10:29:05,eddie@node1k16.ecdf.ed.ac.uk,1,9929
57728307,0.03353,runlisfloo,asiripat,r,09/02/2026,10:28:20,eddie@node1k16.ecdf.ed.ac.uk,1,9928
57728307,0.03352,runlisfloo,asiripat,r,09/02/2026,10:22:20,eddie@node1j13.ecdf.ed.ac.uk,1,9927
57728307,0.03352,runlisfloo,asiripat,r,09/02/2026,10:19:32,eddie@node1j12.ecdf.ed.ac.uk,1,9926
57728307,0.03352,runlisfloo,asiripat,r,09/02/2026,10:18:47,eddie@node1n11.ecdf.ed.ac.uk,1,9925
57728307,0.03351,runlisfloo,asiripat,r,09/02/2026,10:17:02,eddie@node1k14.ecdf.ed.ac.uk,1,9924
57728307,0.03351,runlisfloo,asiripat,r,09/02/2026,10:14:10,eddie@node1j13.ecdf.ed.ac.uk,1,9923
57728307,0.03351,runlisfloo,asiripat,r,09/02/2026,10:12:55,eddie@node1n10.ecdf.ed.ac.uk,1,9921
57728307,0.03351,runlisfloo,asiripat,r,09/02/2026,10:13:10,eddie@node1k20.ecdf.ed.ac.uk,1,9922
57728307,0.03350,runlisfloo,asiripat,r,09/02/2026,10:10:55,eddie@node1n09.ecdf.ed.ac.uk,1,9920
57728307,0.03350,runlisfloo,asiripat,r,09/02/2026,10:04:51,eddie@node1k19.ecdf.ed.ac.uk,1,9919
57728307,0.03350,runlisfloo,asiripat,r,09/02/2026,10:04:36,eddie@node1k14.ecdf.ed.ac.uk,1,9918
57728307,0.03349,runlisfloo,asiripat,r,09/02/2026,10:04:21,eddie@node1k12.ecdf.ed.ac.uk,1,9917
57728307,0.03348,runlisfloo,asiripat,r,09/02/2026,09:56:39,eddie@node1k14.ecdf.ed.ac.uk,1,9915
57728307,0.03348,runlisfloo,asiripat,r,09/02/2026,09:55:04,eddie@node1n09.ecdf.ed.ac.uk,1,9914
57728307,0.03348,runlisfloo,asiripat,r,09/02/2026,09:57:41,eddie@node1k13.ecdf.ed.ac.uk,1,9916
57728307,0.03348,runlisfloo,asiripat,r,09/02/2026,09:53:50,eddie@node1k19.ecdf.ed.ac.uk,1,9912
57728307,0.03348,runlisfloo,asiripat,r,09/02/2026,09:53:55,eddie@node1j12.ecdf.ed.ac.uk,1,9913
57728307,0.03348,runlisfloo,asiripat,r,09/02/2026,09:52:35,eddie@node1k16.ecdf.ed.ac.uk,1,9911
57728307,0.03347,runlisfloo,asiripat,r,09/02/2026,09:51:45,eddie@node1k18.ecdf.ed.ac.uk,1,9910
57728307,0.03347,runlisfloo,asiripat,r,09/02/2026,09:46:59,eddie@node1k11.ecdf.ed.ac.uk,1,9909
57728307,0.03345,runlisfloo,asiripat,r,09/02/2026,09:44:44,eddie@node1n09.ecdf.ed.ac.uk,1,9907
57728307,0.03345,runlisfloo,asiripat,r,09/02/2026,09:44:55,eddie@node1k13.ecdf.ed.ac.uk,1,9908
57728307,0.03345,runlisfloo,asiripat,r,09/02/2026,09:33:44,eddie@node1n12.ecdf.ed.ac.uk,1,9899
57728307,0.03345,runlisfloo,asiripat,r,09/02/2026,09:34:59,eddie@node1k15.ecdf.ed.ac.uk,1,9900
57728307,0.03345,runlisfloo,asiripat,r,09/02/2026,09:38:44,eddie@node1j12.ecdf.ed.ac.uk,1,9901
57728307,0.03345,runlisfloo,asiripat,r,09/02/2026,09:38:44,eddie@node1n09.ecdf.ed.ac.uk,1,9902
57728307,0.03345,runlisfloo,asiripat,r,09/02/2026,09:40:29,eddie@node1j13.ecdf.ed.ac.uk,1,9904
57728307,0.03345,runlisfloo,asiripat,r,09/02/2026,09:41:59,eddie@node1k10.ecdf.ed.ac.uk,1,9905
57728307,0.03345,runlisfloo,asiripat,r,09/02/2026,09:42:44,eddie@node1k18.ecdf.ed.ac.uk,1,9906
57728307,0.03344,runlisfloo,asiripat,r,09/02/2026,09:31:44,eddie@node1k12.ecdf.ed.ac.uk,1,9895
57728307,0.03344,runlisfloo,asiripat,r,09/02/2026,09:31:59,eddie@node1n10.ecdf.ed.ac.uk,1,9896
57728307,0.03344,runlisfloo,asiripat,r,09/02/2026,09:32:44,eddie@node1k10.ecdf.ed.ac.uk,1,9898
57728307,0.03339,runlisfloo,asiripat,r,09/02/2026,08:58:52,eddie@node1n11.ecdf.ed.ac.uk,1,9893
57728307,0.03339,runlisfloo,asiripat,r,09/02/2026,09:00:52,eddie@node1n02.ecdf.ed.ac.uk,1,9894
57728307,0.03337,runlisfloo,asiripat,r,09/02/2026,08:55:37,eddie@node1k11.ecdf.ed.ac.uk,1,9892
57728307,0.03336,runlisfloo,asiripat,r,09/02/2026,08:47:22,eddie@node1j13.ecdf.ed.ac.uk,1,9888
57728307,0.03336,runlisfloo,asiripat,r,09/02/2026,08:47:52,eddie@node1k12.ecdf.ed.ac.uk,1,9889
57728307,0.03336,runlisfloo,asiripat,r,09/02/2026,08:48:52,eddie@node1k19.ecdf.ed.ac.uk,1,9890
57728307,0.03336,runlisfloo,asiripat,r,09/02/2026,08:49:22,eddie@node1k10.ecdf.ed.ac.uk,1,9891
57728307,0.03336,runlisfloo,asiripat,r,09/02/2026,08:43:07,eddie@node1k13.ecdf.ed.ac.uk,1,9887
57728307,0.03336,runlisfloo,asiripat,r,09/02/2026,08:40:52,eddie@node1k14.ecdf.ed.ac.uk,1,9886
57728307,0.03335,runlisfloo,asiripat,r,09/02/2026,08:38:22,eddie@node1n03.ecdf.ed.ac.uk,1,9885
57728307,0.03335,runlisfloo,asiripat,r,09/02/2026,08:37:50,eddie@node1k11.ecdf.ed.ac.uk,1,9884
57728307,0.03335,runlisfloo,asiripat,r,09/02/2026,08:35:50,eddie@node1j13.ecdf.ed.ac.uk,1,9882
57728307,0.03335,runlisfloo,asiripat,r,09/02/2026,08:37:20,eddie@node1k14.ecdf.ed.ac.uk,1,9883
57728307,0.03334,runlisfloo,asiripat,r,09/02/2026,08:33:42,eddie@node1k19.ecdf.ed.ac.uk,1,9881
57728307,0.03332,runlisfloo,asiripat,r,09/02/2026,08:18:26,eddie@node1k10.ecdf.ed.ac.uk,1,9880
57728307,0.03332,runlisfloo,asiripat,r,09/02/2026,08:17:11,eddie@node1n12.ecdf.ed.ac.uk,1,9879
57728307,0.03331,runlisfloo,asiripat,r,09/02/2026,08:10:41,eddie@node1k11.ecdf.ed.ac.uk,1,9878
57728307,0.03330,runlisfloo,asiripat,r,09/02/2026,08:07:26,eddie@node1n02.ecdf.ed.ac.uk,1,9877
57728307,0.03330,runlisfloo,asiripat,r,09/02/2026,08:02:41,eddie@node1k20.ecdf.ed.ac.uk,1,9876
57728307,0.03328,runlisfloo,asiripat,r,09/02/2026,07:53:11,eddie@node1k20.ecdf.ed.ac.uk,1,9870
57728307,0.03328,runlisfloo,asiripat,r,09/02/2026,07:55:41,eddie@node1k14.ecdf.ed.ac.uk,1,9871
57728307,0.03328,runlisfloo,asiripat,r,09/02/2026,07:55:56,eddie@node1k10.ecdf.ed.ac.uk,1,9872
57728307,0.03328,runlisfloo,asiripat,r,09/02/2026,07:57:41,eddie@node1j12.ecdf.ed.ac.uk,1,9873
57728307,0.03328,runlisfloo,asiripat,r,09/02/2026,07:58:26,eddie@node1k11.ecdf.ed.ac.uk,1,9874
57728307,0.03328,runlisfloo,asiripat,r,09/02/2026,07:59:26,eddie@node1k16.ecdf.ed.ac.uk,1,9875
57728307,0.03327,runlisfloo,asiripat,r,09/02/2026,07:47:36,eddie@node1n11.ecdf.ed.ac.uk,1,9869
57728307,0.03327,runlisfloo,asiripat,r,09/02/2026,07:45:21,eddie@node1k12.ecdf.ed.ac.uk,1,9866
57728307,0.03327,runlisfloo,asiripat,r,09/02/2026,07:45:21,eddie@node1j13.ecdf.ed.ac.uk,1,9867
57728307,0.03327,runlisfloo,asiripat,r,09/02/2026,07:46:06,eddie@node1k20.ecdf.ed.ac.uk,1,9868
57728307,0.03326,runlisfloo,asiripat,r,09/02/2026,07:39:21,eddie@node1k20.ecdf.ed.ac.uk,1,9864
57728307,0.03326,runlisfloo,asiripat,r,09/02/2026,07:43:21,eddie@node1n11.ecdf.ed.ac.uk,1,9865
57728307,0.03325,runlisfloo,asiripat,r,09/02/2026,07:34:58,eddie@node1k13.ecdf.ed.ac.uk,1,9863
57728307,0.03324,runlisfloo,asiripat,r,09/02/2026,07:23:13,eddie@node1k18.ecdf.ed.ac.uk,1,9859
57728307,0.03323,runlisfloo,asiripat,r,09/02/2026,07:26:43,eddie@node1n10.ecdf.ed.ac.uk,1,9860
57728307,0.03323,runlisfloo,asiripat,r,09/02/2026,07:27:13,eddie@node1k14.ecdf.ed.ac.uk,1,9861
57728307,0.03323,runlisfloo,asiripat,r,09/02/2026,07:32:43,eddie@node1n06.ecdf.ed.ac.uk,1,9862
57728307,0.03323,runlisfloo,asiripat,r,09/02/2026,07:19:13,eddie@node1k16.ecdf.ed.ac.uk,1,9858
57728307,0.03322,runlisfloo,asiripat,r,09/02/2026,07:14:58,eddie@node1n11.ecdf.ed.ac.uk,1,9855
57728307,0.03321,runlisfloo,asiripat,r,09/02/2026,07:08:43,eddie@node1k10.ecdf.ed.ac.uk,1,9853
57728307,0.03321,runlisfloo,asiripat,r,09/02/2026,07:09:28,eddie@node1k15.ecdf.ed.ac.uk,1,9854
57728307,0.03321,runlisfloo,asiripat,r,09/02/2026,07:05:28,eddie@node1k19.ecdf.ed.ac.uk,1,9851
57728307,0.03321,runlisfloo,asiripat,r,09/02/2026,07:06:43,eddie@node1k10.ecdf.ed.ac.uk,1,9852
57728307,0.03320,runlisfloo,asiripat,r,09/02/2026,07:02:28,eddie@node1n06.ecdf.ed.ac.uk,1,9849
57728307,0.03319,runlisfloo,asiripat,r,09/02/2026,06:52:13,eddie@node1n03.ecdf.ed.ac.uk,1,9840
57728307,0.03319,runlisfloo,asiripat,r,09/02/2026,06:52:13,eddie@node1n11.ecdf.ed.ac.uk,1,9841
57728307,0.03319,runlisfloo,asiripat,r,09/02/2026,06:53:28,eddie@node1k13.ecdf.ed.ac.uk,1,9842
57728307,0.03319,runlisfloo,asiripat,r,09/02/2026,06:53:58,eddie@node1n11.ecdf.ed.ac.uk,1,9843
57728307,0.03319,runlisfloo,asiripat,r,09/02/2026,06:54:13,eddie@node1j12.ecdf.ed.ac.uk,1,9844
57728307,0.03319,runlisfloo,asiripat,r,09/02/2026,06:55:43,eddie@node1n05.ecdf.ed.ac.uk,1,9845
57728307,0.03319,runlisfloo,asiripat,r,09/02/2026,06:56:28,eddie@node1k17.ecdf.ed.ac.uk,1,9846
57728307,0.03317,runlisfloo,asiripat,r,09/02/2026,06:39:28,eddie@node1k15.ecdf.ed.ac.uk,1,9835
57728307,0.03317,runlisfloo,asiripat,r,09/02/2026,06:41:58,eddie@node1j13.ecdf.ed.ac.uk,1,9836
57728307,0.03317,runlisfloo,asiripat,r,09/02/2026,07:00:13,eddie@node1k18.ecdf.ed.ac.uk,1,9848
57728307,0.03317,runlisfloo,asiripat,r,09/02/2026,07:02:43,eddie@node1k13.ecdf.ed.ac.uk,1,9850
57728307,0.03317,runlisfloo,asiripat,r,09/02/2026,06:45:28,eddie@node1n03.ecdf.ed.ac.uk,1,9837
57728307,0.03317,runlisfloo,asiripat,r,09/02/2026,06:48:28,eddie@node1k19.ecdf.ed.ac.uk,1,9838
57728307,0.03317,runlisfloo,asiripat,r,09/02/2026,07:18:28,eddie@node1k11.ecdf.ed.ac.uk,1,9856
57728307,0.03317,runlisfloo,asiripat,r,09/02/2026,07:18:28,eddie@node1k17.ecdf.ed.ac.uk,1,9857
57728307,0.03317,runlisfloo,asiripat,r,09/02/2026,06:38:28,eddie@node1j12.ecdf.ed.ac.uk,1,9834
57728307,0.03315,runlisfloo,asiripat,r,09/02/2026,06:28:43,eddie@node1j12.ecdf.ed.ac.uk,1,9832
57728307,0.03315,runlisfloo,asiripat,r,09/02/2026,06:26:58,eddie@node1k11.ecdf.ed.ac.uk,1,9831
57728307,0.03314,runlisfloo,asiripat,r,09/02/2026,06:20:13,eddie@node1k13.ecdf.ed.ac.uk,1,9829
57728307,0.03314,runlisfloo,asiripat,r,09/02/2026,06:20:28,eddie@node1k16.ecdf.ed.ac.uk,1,9830
57728307,0.03313,runlisfloo,asiripat,r,09/02/2026,06:17:58,eddie@node1k16.ecdf.ed.ac.uk,1,9828
57728307,0.03312,runlisfloo,asiripat,r,09/02/2026,06:10:13,eddie@node1n02.ecdf.ed.ac.uk,1,9827
57728307,0.03312,runlisfloo,asiripat,r,09/02/2026,06:07:58,eddie@node1k13.ecdf.ed.ac.uk,1,9825
57728307,0.03312,runlisfloo,asiripat,r,09/02/2026,06:08:43,eddie@node1k16.ecdf.ed.ac.uk,1,9826
57728307,0.03312,runlisfloo,asiripat,r,09/02/2026,06:06:43,eddie@node1k17.ecdf.ed.ac.uk,1,9824
57728307,0.03311,runlisfloo,asiripat,r,09/02/2026,06:02:28,eddie@node1k15.ecdf.ed.ac.uk,1,9821
57728307,0.03309,runlisfloo,asiripat,r,09/02/2026,05:59:43,eddie@node1k14.ecdf.ed.ac.uk,1,9820
57728307,0.03309,runlisfloo,asiripat,r,09/02/2026,06:04:13,eddie@node1k17.ecdf.ed.ac.uk,1,9822
57728307,0.03309,runlisfloo,asiripat,r,09/02/2026,05:51:13,eddie@node1j12.ecdf.ed.ac.uk,1,9817
57728307,0.03309,runlisfloo,asiripat,r,09/02/2026,05:51:28,eddie@node1k19.ecdf.ed.ac.uk,1,9818
57728307,0.03309,runlisfloo,asiripat,r,09/02/2026,05:54:58,eddie@node1j12.ecdf.ed.ac.uk,1,9819
57728307,0.03307,runlisfloo,asiripat,r,09/02/2026,05:43:28,eddie@node1k11.ecdf.ed.ac.uk,1,9813
57728307,0.03307,runlisfloo,asiripat,r,09/02/2026,05:46:13,eddie@node1j13.ecdf.ed.ac.uk,1,9814
57728307,0.03307,runlisfloo,asiripat,r,09/02/2026,05:46:28,eddie@node1k20.ecdf.ed.ac.uk,1,9815
57728307,0.03307,runlisfloo,asiripat,r,09/02/2026,05:46:28,eddie@node1k17.ecdf.ed.ac.uk,1,9816
57728307,0.03307,runlisfloo,asiripat,r,09/02/2026,05:39:28,eddie@node1k17.ecdf.ed.ac.uk,1,9811
57728307,0.03307,runlisfloo,asiripat,r,09/02/2026,05:40:43,eddie@node1j12.ecdf.ed.ac.uk,1,9812
57728307,0.03307,runlisfloo,asiripat,r,09/02/2026,05:38:13,eddie@node1k15.ecdf.ed.ac.uk,1,9810
57728307,0.03306,runlisfloo,asiripat,r,09/02/2026,05:28:58,eddie@node1k10.ecdf.ed.ac.uk,1,9804
57728307,0.03306,runlisfloo,asiripat,r,09/02/2026,05:31:28,eddie@node1k16.ecdf.ed.ac.uk,1,9805
57728307,0.03306,runlisfloo,asiripat,r,09/02/2026,05:32:13,eddie@node1n12.ecdf.ed.ac.uk,1,9806
57728307,0.03306,runlisfloo,asiripat,r,09/02/2026,05:34:43,eddie@node1j13.ecdf.ed.ac.uk,1,9807
57728307,0.03306,runlisfloo,asiripat,r,09/02/2026,05:35:58,eddie@node1j12.ecdf.ed.ac.uk,1,9808
57728307,0.03306,runlisfloo,asiripat,r,09/02/2026,05:36:58,eddie@node1k15.ecdf.ed.ac.uk,1,9809
57728307,0.03304,runlisfloo,asiripat,r,09/02/2026,05:20:58,eddie@node1k14.ecdf.ed.ac.uk,1,9803
57728307,0.03304,runlisfloo,asiripat,r,09/02/2026,05:14:43,eddie@node1k17.ecdf.ed.ac.uk,1,9800
57728307,0.03304,runlisfloo,asiripat,r,09/02/2026,05:15:13,eddie@node1k10.ecdf.ed.ac.uk,1,9801
57728307,0.03304,runlisfloo,asiripat,r,09/02/2026,05:15:28,eddie@node1k15.ecdf.ed.ac.uk,1,9802
57728307,0.03303,runlisfloo,asiripat,r,09/02/2026,05:13:28,eddie@node1n11.ecdf.ed.ac.uk,1,9799
57728307,0.03303,runlisfloo,asiripat,r,09/02/2026,05:10:13,eddie@node1k10.ecdf.ed.ac.uk,1,9797
57728307,0.03303,runlisfloo,asiripat,r,09/02/2026,05:10:28,eddie@node1k17.ecdf.ed.ac.uk,1,9798
57728307,0.03303,runlisfloo,asiripat,r,09/02/2026,05:09:43,eddie@node1k20.ecdf.ed.ac.uk,1,9796
57728307,0.03300,runlisfloo,asiripat,r,09/02/2026,04:51:13,eddie@node1j13.ecdf.ed.ac.uk,1,9790
57728307,0.03300,runlisfloo,asiripat,r,09/02/2026,04:53:43,eddie@node1j12.ecdf.ed.ac.uk,1,9791
57728307,0.03300,runlisfloo,asiripat,r,09/02/2026,05:00:13,eddie@node1k11.ecdf.ed.ac.uk,1,9792
57728307,0.03298,runlisfloo,asiripat,r,09/02/2026,04:37:43,eddie@node1n11.ecdf.ed.ac.uk,1,9782
57728307,0.03298,runlisfloo,asiripat,r,09/02/2026,04:37:58,eddie@node1k19.ecdf.ed.ac.uk,1,9783
57728307,0.03298,runlisfloo,asiripat,r,09/02/2026,04:40:43,eddie@node1k19.ecdf.ed.ac.uk,1,9784
57728307,0.03298,runlisfloo,asiripat,r,09/02/2026,04:41:13,eddie@node1k20.ecdf.ed.ac.uk,1,9785
57728307,0.03298,runlisfloo,asiripat,r,09/02/2026,04:48:13,eddie@node1k17.ecdf.ed.ac.uk,1,9786
57728307,0.03298,runlisfloo,asiripat,r,09/02/2026,04:49:43,eddie@node1k19.ecdf.ed.ac.uk,1,9787
57728307,0.03298,runlisfloo,asiripat,r,09/02/2026,04:50:13,eddie@node1n09.ecdf.ed.ac.uk,1,9788
57728307,0.03298,runlisfloo,asiripat,r,09/02/2026,05:03:13,eddie@node1k12.ecdf.ed.ac.uk,1,9793
57728307,0.03298,runlisfloo,asiripat,r,09/02/2026,05:03:58,eddie@node1n11.ecdf.ed.ac.uk,1,9794
57728307,0.03298,runlisfloo,asiripat,r,09/02/2026,05:08:43,eddie@node1k20.ecdf.ed.ac.uk,1,9795
57728307,0.03297,runlisfloo,asiripat,r,09/02/2026,04:31:58,eddie@node1k10.ecdf.ed.ac.uk,1,9781
57728307,0.03296,runlisfloo,asiripat,r,09/02/2026,04:23:58,eddie@node1n10.ecdf.ed.ac.uk,1,9778
57728307,0.03295,runlisfloo,asiripat,r,09/02/2026,04:21:43,eddie@node1n10.ecdf.ed.ac.uk,1,9777
57728307,0.03295,runlisfloo,asiripat,r,09/02/2026,04:26:13,eddie@node1k16.ecdf.ed.ac.uk,1,9779
57728307,0.03295,runlisfloo,asiripat,r,09/02/2026,04:27:13,eddie@node1j13.ecdf.ed.ac.uk,1,9780
57728307,0.03295,runlisfloo,asiripat,r,09/02/2026,04:20:28,eddie@node1k20.ecdf.ed.ac.uk,1,9776
57728307,0.03295,runlisfloo,asiripat,r,09/02/2026,04:19:58,eddie@node1k15.ecdf.ed.ac.uk,1,9775
57728307,0.03295,runlisfloo,asiripat,r,09/02/2026,04:16:13,eddie@node1k16.ecdf.ed.ac.uk,1,9769
57728307,0.03295,runlisfloo,asiripat,r,09/02/2026,04:16:13,eddie@node1j12.ecdf.ed.ac.uk,1,9770
57728307,0.03295,runlisfloo,asiripat,r,09/02/2026,04:16:43,eddie@node1k10.ecdf.ed.ac.uk,1,9771
57728307,0.03295,runlisfloo,asiripat,r,09/02/2026,04:17:43,eddie@node1k15.ecdf.ed.ac.uk,1,9772
57728307,0.03295,runlisfloo,asiripat,r,09/02/2026,04:17:43,eddie@node1n11.ecdf.ed.ac.uk,1,9773
57728307,0.03295,runlisfloo,asiripat,r,09/02/2026,04:17:58,eddie@node1k11.ecdf.ed.ac.uk,1,9774
57728307,0.03294,runlisfloo,asiripat,r,09/02/2026,04:13:58,eddie@node1k13.ecdf.ed.ac.uk,1,9768
57728307,0.03294,runlisfloo,asiripat,r,09/02/2026,04:11:58,eddie@node1k10.ecdf.ed.ac.uk,1,9767
57728307,0.03294,runlisfloo,asiripat,r,09/02/2026,04:10:28,eddie@node1k19.ecdf.ed.ac.uk,1,9766
57728307,0.03293,runlisfloo,asiripat,r,09/02/2026,04:06:28,eddie@node1k17.ecdf.ed.ac.uk,1,9765
57728307,0.03292,runlisfloo,asiripat,r,09/02/2026,04:01:13,eddie@node1j12.ecdf.ed.ac.uk,1,9764
57728307,0.03292,runlisfloo,asiripat,r,09/02/2026,04:00:13,eddie@node1k16.ecdf.ed.ac.uk,1,9763
57728307,0.03291,runlisfloo,asiripat,r,09/02/2026,03:50:43,eddie@node1n12.ecdf.ed.ac.uk,1,9762
57728307,0.03290,runlisfloo,asiripat,r,09/02/2026,03:48:28,eddie@node1k11.ecdf.ed.ac.uk,1,9761
57728307,0.03289,runlisfloo,asiripat,r,09/02/2026,03:38:28,eddie@node1k11.ecdf.ed.ac.uk,1,9758
57728307,0.03289,runlisfloo,asiripat,r,09/02/2026,03:41:13,eddie@node1k16.ecdf.ed.ac.uk,1,9759
57728307,0.03289,runlisfloo,asiripat,r,09/02/2026,03:41:28,eddie@node1k17.ecdf.ed.ac.uk,1,9760
57728307,0.03289,runlisfloo,asiripat,r,09/02/2026,03:37:43,eddie@node1k15.ecdf.ed.ac.uk,1,9757
57728307,0.03287,runlisfloo,asiripat,r,09/02/2026,03:34:58,eddie@node1n09.ecdf.ed.ac.uk,1,9755
57728307,0.03287,runlisfloo,asiripat,r,09/02/2026,03:26:58,eddie@node1k19.ecdf.ed.ac.uk,1,9753
57728307,0.03287,runlisfloo,asiripat,r,09/02/2026,03:28:43,eddie@node1j12.ecdf.ed.ac.uk,1,9754
57728307,0.03286,runlisfloo,asiripat,r,09/02/2026,03:22:58,eddie@node1j12.ecdf.ed.ac.uk,1,9752
57728307,0.03286,runlisfloo,asiripat,r,09/02/2026,03:19:28,eddie@node1n09.ecdf.ed.ac.uk,1,9751
57728307,0.03285,runlisfloo,asiripat,r,09/02/2026,03:17:13,eddie@node1j12.ecdf.ed.ac.uk,1,9749
57728307,0.03285,runlisfloo,asiripat,r,09/02/2026,03:17:13,eddie@node1k13.ecdf.ed.ac.uk,1,9750
57728307,0.03284,runlisfloo,asiripat,r,09/02/2026,03:10:58,eddie@node1k17.ecdf.ed.ac.uk,1,9748
57728307,0.03284,runlisfloo,asiripat,r,09/02/2026,03:08:43,eddie@node1k14.ecdf.ed.ac.uk,1,9747
57728307,0.03280,runlisfloo,asiripat,r,09/02/2026,02:42:43,eddie@node1j12.ecdf.ed.ac.uk,1,9746
57728307,0.03280,runlisfloo,asiripat,r,09/02/2026,02:41:28,eddie@node1k19.ecdf.ed.ac.uk,1,9745
57728307,0.03279,runlisfloo,asiripat,r,09/02/2026,02:38:28,eddie@node1n10.ecdf.ed.ac.uk,1,9743
57728307,0.03278,runlisfloo,asiripat,r,09/02/2026,02:40:58,eddie@node1j13.ecdf.ed.ac.uk,1,9744
57728307,0.03278,runlisfloo,asiripat,r,09/02/2026,02:31:58,eddie@node1k15.ecdf.ed.ac.uk,1,9742
57728307,0.03278,runlisfloo,asiripat,r,09/02/2026,02:29:28,eddie@node1j13.ecdf.ed.ac.uk,1,9741
57728307,0.03278,runlisfloo,asiripat,r,09/02/2026,02:26:58,eddie@node1n07.ecdf.ed.ac.uk,1,9740
57728307,0.03277,runlisfloo,asiripat,r,09/02/2026,02:26:28,eddie@node1k20.ecdf.ed.ac.uk,1,9739
57728307,0.03277,runlisfloo,asiripat,r,09/02/2026,02:24:58,eddie@node1k15.ecdf.ed.ac.uk,1,9738
57728307,0.03277,runlisfloo,asiripat,r,09/02/2026,02:24:13,eddie@node1j12.ecdf.ed.ac.uk,1,9737
57728307,0.03276,runlisfloo,asiripat,r,09/02/2026,02:17:43,eddie@node1k18.ecdf.ed.ac.uk,1,9732
57728307,0.03276,runlisfloo,asiripat,r,09/02/2026,02:20:58,eddie@node1n06.ecdf.ed.ac.uk,1,9733
57728307,0.03276,runlisfloo,asiripat,r,09/02/2026,02:20:58,eddie@node1k19.ecdf.ed.ac.uk,1,9734
57728307,0.03276,runlisfloo,asiripat,r,09/02/2026,02:22:13,eddie@node1j12.ecdf.ed.ac.uk,1,9735
57728307,0.03276,runlisfloo,asiripat,r,09/02/2026,02:22:28,eddie@node1j12.ecdf.ed.ac.uk,1,9736
57728307,0.03276,runlisfloo,asiripat,r,09/02/2026,02:16:43,eddie@node1n08.ecdf.ed.ac.uk,1,9730
57728307,0.03276,runlisfloo,asiripat,r,09/02/2026,02:17:13,eddie@node1j13.ecdf.ed.ac.uk,1,9731
57728307,0.03276,runlisfloo,asiripat,r,09/02/2026,02:16:13,eddie@node1k17.ecdf.ed.ac.uk,1,9729
57728307,0.03275,runlisfloo,asiripat,r,09/02/2026,02:10:43,eddie@node1k10.ecdf.ed.ac.uk,1,9727
57728307,0.03275,runlisfloo,asiripat,r,09/02/2026,02:11:43,eddie@node1k17.ecdf.ed.ac.uk,1,9728
57728307,0.03274,runlisfloo,asiripat,r,09/02/2026,02:05:28,eddie@node1k14.ecdf.ed.ac.uk,1,9726
57728307,0.03274,runlisfloo,asiripat,r,09/02/2026,02:01:43,eddie@node1k20.ecdf.ed.ac.uk,1,9722
57728307,0.03274,runlisfloo,asiripat,r,09/02/2026,02:02:43,eddie@node1n05.ecdf.ed.ac.uk,1,9723
57728307,0.03274,runlisfloo,asiripat,r,09/02/2026,02:03:43,eddie@node1n09.ecdf.ed.ac.uk,1,9725
57728307,0.03273,runlisfloo,asiripat,r,09/02/2026,01:58:13,eddie@node1n11.ecdf.ed.ac.uk,1,9721
57728307,0.03273,runlisfloo,asiripat,r,09/02/2026,01:56:58,eddie@node1n08.ecdf.ed.ac.uk,1,9720
57728307,0.03273,runlisfloo,asiripat,r,09/02/2026,01:55:28,eddie@node1n10.ecdf.ed.ac.uk,1,9719
57728307,0.03272,runlisfloo,asiripat,r,09/02/2026,01:50:58,eddie@node1k20.ecdf.ed.ac.uk,1,9718
57728307,0.03270,runlisfloo,asiripat,r,09/02/2026,01:41:43,eddie@node1k12.ecdf.ed.ac.uk,1,9716
57728307,0.03270,runlisfloo,asiripat,r,09/02/2026,01:42:43,eddie@node1k19.ecdf.ed.ac.uk,1,9717
57728307,0.03270,runlisfloo,asiripat,r,09/02/2026,01:37:28,eddie@node1n11.ecdf.ed.ac.uk,1,9713
57728307,0.03270,runlisfloo,asiripat,r,09/02/2026,01:38:28,eddie@node1k11.ecdf.ed.ac.uk,1,9714
57728307,0.03270,runlisfloo,asiripat,r,09/02/2026,01:39:28,eddie@node1k10.ecdf.ed.ac.uk,1,9715
57728307,0.03269,runlisfloo,asiripat,r,09/02/2026,01:32:58,eddie@node1k19.ecdf.ed.ac.uk,1,9710
57728307,0.03269,runlisfloo,asiripat,r,09/02/2026,01:33:58,eddie@node1j12.ecdf.ed.ac.uk,1,9711
57728307,0.03269,runlisfloo,asiripat,r,09/02/2026,01:34:13,eddie@node1k18.ecdf.ed.ac.uk,1,9712
57728307,0.03269,runlisfloo,asiripat,r,09/02/2026,01:32:28,eddie@node1n09.ecdf.ed.ac.uk,1,9709
57728307,0.03268,runlisfloo,asiripat,r,09/02/2026,01:28:13,eddie@node1k16.ecdf.ed.ac.uk,1,9707
57728307,0.03268,runlisfloo,asiripat,r,09/02/2026,01:28:58,eddie@node1k20.ecdf.ed.ac.uk,1,9708
57728307,0.03268,runlisfloo,asiripat,r,09/02/2026,01:25:58,eddie@node1k19.ecdf.ed.ac.uk,1,9706
57728307,0.03268,runlisfloo,asiripat,r,09/02/2026,01:25:28,eddie@node1j12.ecdf.ed.ac.uk,1,9705
57728307,0.03268,runlisfloo,asiripat,r,09/02/2026,01:23:28,eddie@node1n09.ecdf.ed.ac.uk,1,9704
57728307,0.03266,runlisfloo,asiripat,r,09/02/2026,01:11:13,eddie@node1k15.ecdf.ed.ac.uk,1,9701
57728307,0.03266,runlisfloo,asiripat,r,09/02/2026,01:12:13,eddie@node1n09.ecdf.ed.ac.uk,1,9702
57728307,0.03266,runlisfloo,asiripat,r,09/02/2026,01:13:43,eddie@node1k16.ecdf.ed.ac.uk,1,9703
57728307,0.03265,runlisfloo,asiripat,r,09/02/2026,01:05:28,eddie@node1k16.ecdf.ed.ac.uk,1,9698
57728307,0.03265,runlisfloo,asiripat,r,09/02/2026,01:05:43,eddie@node1j13.ecdf.ed.ac.uk,1,9699
57728307,0.03265,runlisfloo,asiripat,r,09/02/2026,01:05:58,eddie@node1k14.ecdf.ed.ac.uk,1,9700
57728307,0.03265,runlisfloo,asiripat,r,09/02/2026,01:02:13,eddie@node1k17.ecdf.ed.ac.uk,1,9697
57728307,0.03264,runlisfloo,asiripat,r,09/02/2026,00:59:43,eddie@node1k13.ecdf.ed.ac.uk,1,9696
57728307,0.03264,runlisfloo,asiripat,r,09/02/2026,00:57:28,eddie@node1k20.ecdf.ed.ac.uk,1,9694
57728307,0.03264,runlisfloo,asiripat,r,09/02/2026,00:58:58,eddie@node1k17.ecdf.ed.ac.uk,1,9695
57728307,0.03263,runlisfloo,asiripat,r,09/02/2026,00:55:43,eddie@node1j12.ecdf.ed.ac.uk,1,9693
57728307,0.03262,runlisfloo,asiripat,r,09/02/2026,00:43:28,eddie@node1j12.ecdf.ed.ac.uk,1,9691
57728307,0.03261,runlisfloo,asiripat,r,09/02/2026,00:42:28,eddie@node1k20.ecdf.ed.ac.uk,1,9690
57728307,0.03261,runlisfloo,asiripat,r,09/02/2026,00:38:13,eddie@node1k15.ecdf.ed.ac.uk,1,9689
57728307,0.03259,runlisfloo,asiripat,r,09/02/2026,00:30:13,eddie@node1k19.ecdf.ed.ac.uk,1,9687
57728307,0.03259,runlisfloo,asiripat,r,09/02/2026,00:31:28,eddie@node1k20.ecdf.ed.ac.uk,1,9688
57728307,0.03259,runlisfloo,asiripat,r,09/02/2026,00:25:58,eddie@node1k16.ecdf.ed.ac.uk,1,9686
57728307,0.03258,runlisfloo,asiripat,r,09/02/2026,00:23:28,eddie@node1k18.ecdf.ed.ac.uk,1,9684
57728307,0.03258,runlisfloo,asiripat,r,09/02/2026,00:23:58,eddie@node1k15.ecdf.ed.ac.uk,1,9685
57728307,0.03256,runlisfloo,asiripat,r,09/02/2026,00:10:11,eddie@node1k10.ecdf.ed.ac.uk,1,9680
57728307,0.03256,runlisfloo,asiripat,r,09/02/2026,00:13:26,eddie@node1n11.ecdf.ed.ac.uk,1,9681
57728307,0.03256,runlisfloo,asiripat,r,09/02/2026,00:14:11,eddie@node1k18.ecdf.ed.ac.uk,1,9682
57728307,0.03256,runlisfloo,asiripat,r,09/02/2026,00:17:41,eddie@node1k16.ecdf.ed.ac.uk,1,9683
57728307,0.03256,runlisfloo,asiripat,r,09/02/2026,00:05:55,eddie@node1k17.ecdf.ed.ac.uk,1,9679
57728307,0.03255,runlisfloo,asiripat,r,09/02/2026,00:03:10,eddie@node1n10.ecdf.ed.ac.uk,1,9678
57728307,0.03253,runlisfloo,asiripat,r,09/01/2026,23:50:15,eddie@node1n09.ecdf.ed.ac.uk,1,9676
57728307,0.03253,runlisfloo,asiripat,r,09/01/2026,23:57:00,eddie@node1k17.ecdf.ed.ac.uk,1,9677
57728307,0.03253,runlisfloo,asiripat,r,09/01/2026,23:48:15,eddie@node1n06.ecdf.ed.ac.uk,1,9674
57728307,0.03253,runlisfloo,asiripat,r,09/01/2026,23:49:15,eddie@node1k16.ecdf.ed.ac.uk,1,9675
57728307,0.03252,runlisfloo,asiripat,r,09/01/2026,23:43:30,eddie@node1k19.ecdf.ed.ac.uk,1,9672
57728307,0.03252,runlisfloo,asiripat,r,09/01/2026,23:44:00,eddie@node1k13.ecdf.ed.ac.uk,1,9673
57728307,0.03250,runlisfloo,asiripat,r,09/01/2026,23:32:00,eddie@node1k18.ecdf.ed.ac.uk,1,9668
57728307,0.03250,runlisfloo,asiripat,r,09/01/2026,23:32:45,eddie@node1j12.ecdf.ed.ac.uk,1,9669
57728307,0.03250,runlisfloo,asiripat,r,09/01/2026,23:33:00,eddie@node1k17.ecdf.ed.ac.uk,1,9670
57728307,0.03250,runlisfloo,asiripat,r,09/01/2026,23:33:00,eddie@node1n12.ecdf.ed.ac.uk,1,9671
57728307,0.03250,runlisfloo,asiripat,r,09/01/2026,23:28:00,eddie@node1k19.ecdf.ed.ac.uk,1,9667
57728307,0.03249,runlisfloo,asiripat,r,09/01/2026,23:25:15,eddie@node1n10.ecdf.ed.ac.uk,1,9665
57728307,0.03249,runlisfloo,asiripat,r,09/01/2026,23:26:45,eddie@node1k19.ecdf.ed.ac.uk,1,9666
57728307,0.03249,runlisfloo,asiripat,r,09/01/2026,23:21:15,eddie@node1n06.ecdf.ed.ac.uk,1,9664
57728307,0.03248,runlisfloo,asiripat,r,09/01/2026,23:17:45,eddie@node1n09.ecdf.ed.ac.uk,1,9662
57728307,0.03248,runlisfloo,asiripat,r,09/01/2026,23:18:45,eddie@node1k20.ecdf.ed.ac.uk,1,9663
57728307,0.03248,runlisfloo,asiripat,r,09/01/2026,23:16:30,eddie@node1j12.ecdf.ed.ac.uk,1,9661
57728307,0.03248,runlisfloo,asiripat,r,09/01/2026,23:14:30,eddie@node1k16.ecdf.ed.ac.uk,1,9660
57728307,0.03247,runlisfloo,asiripat,r,09/01/2026,23:12:15,eddie@node1n07.ecdf.ed.ac.uk,1,9659
57728307,0.03247,runlisfloo,asiripat,r,09/01/2026,23:08:00,eddie@node1k17.ecdf.ed.ac.uk,1,9658
57728307,0.03247,runlisfloo,asiripat,r,09/01/2026,23:07:00,eddie@node1k20.ecdf.ed.ac.uk,1,9657
57728307,0.03245,runlisfloo,asiripat,r,09/01/2026,23:01:15,eddie@node1n09.ecdf.ed.ac.uk,1,9655
57728307,0.03245,runlisfloo,asiripat,r,09/01/2026,23:04:45,eddie@node1j12.ecdf.ed.ac.uk,1,9656
57728307,0.03245,runlisfloo,asiripat,r,09/01/2026,22:58:00,eddie@node1k10.ecdf.ed.ac.uk,1,9654
57728307,0.03245,runlisfloo,asiripat,r,09/01/2026,22:55:00,eddie@node1k11.ecdf.ed.ac.uk,1,9650
57728307,0.03245,runlisfloo,asiripat,r,09/01/2026,22:55:00,eddie@node1j12.ecdf.ed.ac.uk,1,9651
57728307,0.03245,runlisfloo,asiripat,r,09/01/2026,22:55:15,eddie@node1k19.ecdf.ed.ac.uk,1,9652
57728307,0.03245,runlisfloo,asiripat,r,09/01/2026,22:55:45,eddie@node1n02.ecdf.ed.ac.uk,1,9653
57728307,0.03245,runlisfloo,asiripat,r,09/01/2026,22:53:30,eddie@node1n09.ecdf.ed.ac.uk,1,9649
57728307,0.03244,runlisfloo,asiripat,r,09/01/2026,22:52:45,eddie@node1j13.ecdf.ed.ac.uk,1,9648
57728307,0.03242,runlisfloo,asiripat,r,09/01/2026,22:41:15,eddie@node1k16.ecdf.ed.ac.uk,1,9647
57728307,0.03242,runlisfloo,asiripat,r,09/01/2026,22:38:32,eddie@node1k12.ecdf.ed.ac.uk,1,9646
57728307,0.03241,runlisfloo,asiripat,r,09/01/2026,22:30:54,eddie@node1n12.ecdf.ed.ac.uk,1,9645
57728307,0.03241,runlisfloo,asiripat,r,09/01/2026,22:29:39,eddie@node1n10.ecdf.ed.ac.uk,1,9643
57728307,0.03241,runlisfloo,asiripat,r,09/01/2026,22:30:39,eddie@node1j12.ecdf.ed.ac.uk,1,9644
57728307,0.03240,runlisfloo,asiripat,r,09/01/2026,22:29:24,eddie@node1k16.ecdf.ed.ac.uk,1,9642
57728307,0.03240,runlisfloo,asiripat,r,09/01/2026,22:23:24,eddie@node1k11.ecdf.ed.ac.uk,1,9641
57728307,0.03239,runlisfloo,asiripat,r,09/01/2026,22:20:39,eddie@node1k16.ecdf.ed.ac.uk,1,9640
57728307,0.03239,runlisfloo,asiripat,r,09/01/2026,22:18:24,eddie@node1k17.ecdf.ed.ac.uk,1,9639
57728307,0.03239,runlisfloo,asiripat,r,09/01/2026,22:16:24,eddie@node1k13.ecdf.ed.ac.uk,1,9638
57728307,0.03239,runlisfloo,asiripat,r,09/01/2026,22:13:39,eddie@node1k20.ecdf.ed.ac.uk,1,9637
57728307,0.03238,runlisfloo,asiripat,r,09/01/2026,22:11:39,eddie@node1k18.ecdf.ed.ac.uk,1,9636
57728307,0.03238,runlisfloo,asiripat,r,09/01/2026,22:07:54,eddie@node1k19.ecdf.ed.ac.uk,1,9635
57728307,0.03235,runlisfloo,asiripat,r,09/01/2026,21:55:41,eddie@node1j13.ecdf.ed.ac.uk,1,9634
57728307,0.03235,runlisfloo,asiripat,r,09/01/2026,21:52:26,eddie@node1j12.ecdf.ed.ac.uk,1,9633
57728307,0.03235,runlisfloo,asiripat,r,09/01/2026,21:51:13,eddie@node1k16.ecdf.ed.ac.uk,1,9632
57728307,0.03231,runlisfloo,asiripat,r,09/01/2026,21:30:12,eddie@node1n05.ecdf.ed.ac.uk,1,9627
57728307,0.03231,runlisfloo,asiripat,r,09/01/2026,21:30:42,eddie@node1n10.ecdf.ed.ac.uk,1,9628
57728307,0.03231,runlisfloo,asiripat,r,09/01/2026,21:31:12,eddie@node1j13.ecdf.ed.ac.uk,1,9629
57728307,0.03231,runlisfloo,asiripat,r,09/01/2026,21:32:12,eddie@node1k19.ecdf.ed.ac.uk,1,9630
57728307,0.03231,runlisfloo,asiripat,r,09/01/2026,21:33:57,eddie@node1n11.ecdf.ed.ac.uk,1,9631
57728307,0.03231,runlisfloo,asiripat,r,09/01/2026,21:26:42,eddie@node1n02.ecdf.ed.ac.uk,1,9626
57728307,0.03231,runlisfloo,asiripat,r,09/01/2026,21:24:57,eddie@node1k20.ecdf.ed.ac.uk,1,9625
57728307,0.03230,runlisfloo,asiripat,r,09/01/2026,21:17:57,eddie@node1n11.ecdf.ed.ac.uk,1,9624
57728307,0.03230,runlisfloo,asiripat,r,09/01/2026,21:17:12,eddie@node1k20.ecdf.ed.ac.uk,1,9623
57728307,0.03229,runlisfloo,asiripat,r,09/01/2026,21:13:57,eddie@node1k18.ecdf.ed.ac.uk,1,9622
57728307,0.03228,runlisfloo,asiripat,r,09/01/2026,21:06:27,eddie@node1k16.ecdf.ed.ac.uk,1,9621
57728307,0.03225,runlisfloo,asiripat,r,09/01/2026,20:50:42,eddie@node1k13.ecdf.ed.ac.uk,1,9620
57728307,0.03225,runlisfloo,asiripat,r,09/01/2026,20:49:27,eddie@node1n07.ecdf.ed.ac.uk,1,9617
57728307,0.03225,runlisfloo,asiripat,r,09/01/2026,20:49:42,eddie@node1k14.ecdf.ed.ac.uk,1,9618
57728307,0.03225,runlisfloo,asiripat,r,09/01/2026,20:49:42,eddie@node1k17.ecdf.ed.ac.uk,1,9619
57728307,0.03224,runlisfloo,asiripat,r,09/01/2026,20:43:27,eddie@node1k15.ecdf.ed.ac.uk,1,9615
57728307,0.03224,runlisfloo,asiripat,r,09/01/2026,20:43:42,eddie@node1n09.ecdf.ed.ac.uk,1,9616
57728307,0.03224,runlisfloo,asiripat,r,09/01/2026,20:41:12,eddie@node1k15.ecdf.ed.ac.uk,1,9614
57728307,0.03224,runlisfloo,asiripat,r,09/01/2026,20:39:05,eddie@node1k19.ecdf.ed.ac.uk,1,9613
57728307,0.03223,runlisfloo,asiripat,r,09/01/2026,20:35:35,eddie@node1k19.ecdf.ed.ac.uk,1,9612
57728307,0.03223,runlisfloo,asiripat,r,09/01/2026,20:34:01,eddie@node1n09.ecdf.ed.ac.uk,1,9611
57728307,0.03221,runlisfloo,asiripat,r,09/01/2026,20:20:46,eddie@node1n09.ecdf.ed.ac.uk,1,9609
57728307,0.03221,runlisfloo,asiripat,r,09/01/2026,20:21:31,eddie@node1k11.ecdf.ed.ac.uk,1,9610
57728307,0.03219,runlisfloo,asiripat,r,09/01/2026,20:12:15,eddie@node1n12.ecdf.ed.ac.uk,1,9608
57728307,0.03219,runlisfloo,asiripat,r,09/01/2026,20:08:30,eddie@node1k10.ecdf.ed.ac.uk,1,9607
57728307,0.03219,runlisfloo,asiripat,r,09/01/2026,20:07:00,eddie@node1j12.ecdf.ed.ac.uk,1,9605
57728307,0.03219,runlisfloo,asiripat,r,09/01/2026,20:07:15,eddie@node1n06.ecdf.ed.ac.uk,1,9606
57728307,0.03218,runlisfloo,asiripat,r,09/01/2026,20:06:00,eddie@node1k16.ecdf.ed.ac.uk,1,9604
57728307,0.03218,runlisfloo,asiripat,r,09/01/2026,20:02:00,eddie@node1n12.ecdf.ed.ac.uk,1,9603
57728307,0.03218,runlisfloo,asiripat,r,09/01/2026,20:00:45,eddie@node1k15.ecdf.ed.ac.uk,1,9602
57728307,0.03216,runlisfloo,asiripat,r,09/01/2026,19:59:00,eddie@node1n10.ecdf.ed.ac.uk,1,9601
57728307,0.03216,runlisfloo,asiripat,r,09/01/2026,19:50:00,eddie@node1k19.ecdf.ed.ac.uk,1,9600
57728307,0.03216,runlisfloo,asiripat,r,09/01/2026,19:46:15,eddie@node1k19.ecdf.ed.ac.uk,1,9599
57728307,0.03215,runlisfloo,asiripat,r,09/01/2026,19:45:30,eddie@node1k11.ecdf.ed.ac.uk,1,9597
57728307,0.03215,runlisfloo,asiripat,r,09/01/2026,19:46:00,eddie@node1s09.ecdf.ed.ac.uk,1,9598
57728307,0.03215,runlisfloo,asiripat,r,09/01/2026,19:44:15,eddie@node1n06.ecdf.ed.ac.uk,1,9596
57728307,0.03215,runlisfloo,asiripat,r,09/01/2026,19:41:30,eddie@node1n07.ecdf.ed.ac.uk,1,9595
57728307,0.03215,runlisfloo,asiripat,r,09/01/2026,19:41:15,eddie@node1n09.ecdf.ed.ac.uk,1,9594
57728307,0.03214,runlisfloo,asiripat,r,09/01/2026,19:39:00,eddie@node1n10.ecdf.ed.ac.uk,1,9593
57728307,0.03214,runlisfloo,asiripat,r,09/01/2026,19:38:30,eddie@node1k16.ecdf.ed.ac.uk,1,9592
57728307,0.03214,runlisfloo,asiripat,r,09/01/2026,19:38:00,eddie@node1j13.ecdf.ed.ac.uk,1,9591
57728307,0.03213,runlisfloo,asiripat,r,09/01/2026,19:32:58,eddie@node1n05.ecdf.ed.ac.uk,1,9589
57728307,0.03213,runlisfloo,asiripat,r,09/01/2026,19:30:13,eddie@node1n12.ecdf.ed.ac.uk,1,9586
57728307,0.03213,runlisfloo,asiripat,r,09/01/2026,19:34:13,eddie@node1k20.ecdf.ed.ac.uk,1,9590
57728307,0.03213,runlisfloo,asiripat,r,09/01/2026,19:31:58,eddie@node1k16.ecdf.ed.ac.uk,1,9587
57728307,0.03212,runlisfloo,asiripat,r,09/01/2026,19:28:13,eddie@node1n10.ecdf.ed.ac.uk,1,9585
57728307,0.03212,runlisfloo,asiripat,r,09/01/2026,19:25:28,eddie@node1j13.ecdf.ed.ac.uk,1,9584
57728307,0.03211,runlisfloo,asiripat,r,09/01/2026,19:18:40,eddie@node1k12.ecdf.ed.ac.uk,1,9583
57728307,0.03211,runlisfloo,asiripat,r,09/01/2026,19:15:25,eddie@node1k18.ecdf.ed.ac.uk,1,9582
57728307,0.03210,runlisfloo,asiripat,r,09/01/2026,19:14:10,eddie@node1n10.ecdf.ed.ac.uk,1,9581
57728307,0.03209,runlisfloo,asiripat,r,09/01/2026,19:06:55,eddie@node1k19.ecdf.ed.ac.uk,1,9580
57728307,0.03209,runlisfloo,asiripat,r,09/01/2026,19:06:40,eddie@node1n07.ecdf.ed.ac.uk,1,9579
57728307,0.03209,runlisfloo,asiripat,r,09/01/2026,19:05:25,eddie@node1n09.ecdf.ed.ac.uk,1,9578
57728307,0.03209,runlisfloo,asiripat,r,09/01/2026,19:04:10,eddie@node1n09.ecdf.ed.ac.uk,1,9577
57728307,0.03208,runlisfloo,asiripat,r,09/01/2026,18:59:40,eddie@node1k20.ecdf.ed.ac.uk,1,9574
57728307,0.03208,runlisfloo,asiripat,r,09/01/2026,18:59:40,eddie@node1k18.ecdf.ed.ac.uk,1,9575
57728307,0.03208,runlisfloo,asiripat,r,09/01/2026,19:00:40,eddie@node1n11.ecdf.ed.ac.uk,1,9576
57728307,0.03208,runlisfloo,asiripat,r,09/01/2026,18:59:10,eddie@node1n09.ecdf.ed.ac.uk,1,9573
57728307,0.03208,runlisfloo,asiripat,r,09/01/2026,18:56:01,eddie@node1n09.ecdf.ed.ac.uk,1,9572
57728307,0.03207,runlisfloo,asiripat,r,09/01/2026,18:54:16,eddie@node1n06.ecdf.ed.ac.uk,1,9571
57728307,0.03207,runlisfloo,asiripat,r,09/01/2026,18:52:46,eddie@node1k19.ecdf.ed.ac.uk,1,9570
57728307,0.03206,runlisfloo,asiripat,r,09/01/2026,18:46:52,eddie@node1k11.ecdf.ed.ac.uk,1,9568
57728307,0.03206,runlisfloo,asiripat,r,09/01/2026,18:48:07,eddie@node1k18.ecdf.ed.ac.uk,1,9569
57728307,0.03206,runlisfloo,asiripat,r,09/01/2026,18:45:07,eddie@node1k11.ecdf.ed.ac.uk,1,9567
57728307,0.03205,runlisfloo,asiripat,r,09/01/2026,18:41:37,eddie@node1n12.ecdf.ed.ac.uk,1,9566
57728307,0.03205,runlisfloo,asiripat,r,09/01/2026,18:41:07,eddie@node1k16.ecdf.ed.ac.uk,1,9565
57728307,0.03205,runlisfloo,asiripat,r,09/01/2026,18:38:52,eddie@node1k12.ecdf.ed.ac.uk,1,9564
57728307,0.03204,runlisfloo,asiripat,r,09/01/2026,18:36:07,eddie@node1n10.ecdf.ed.ac.uk,1,9563
57728307,0.03204,runlisfloo,asiripat,r,09/01/2026,18:29:49,eddie@node1k20.ecdf.ed.ac.uk,1,9561
57728307,0.03203,runlisfloo,asiripat,r,09/01/2026,18:33:16,eddie@node1n09.ecdf.ed.ac.uk,1,9562
57728307,0.03203,runlisfloo,asiripat,r,09/01/2026,18:25:46,eddie@node1n10.ecdf.ed.ac.uk,1,9560
57728307,0.03202,runlisfloo,asiripat,r,09/01/2026,18:22:16,eddie@node1j12.ecdf.ed.ac.uk,1,9559
57728307,0.03202,runlisfloo,asiripat,r,09/01/2026,18:18:46,eddie@node1k18.ecdf.ed.ac.uk,1,9558
57728307,0.03201,runlisfloo,asiripat,r,09/01/2026,18:15:28,eddie@node1n10.ecdf.ed.ac.uk,1,9557
57728307,0.03201,runlisfloo,asiripat,r,09/01/2026,18:10:57,eddie@node1n10.ecdf.ed.ac.uk,1,9555
57728307,0.03200,runlisfloo,asiripat,r,09/01/2026,18:11:11,eddie@node1k15.ecdf.ed.ac.uk,1,9556
57728307,0.03198,runlisfloo,asiripat,r,09/01/2026,17:57:39,eddie@node1j13.ecdf.ed.ac.uk,1,9554
57728307,0.03198,runlisfloo,asiripat,r,09/01/2026,17:55:01,eddie@node1n10.ecdf.ed.ac.uk,1,9553
57728307,0.03198,runlisfloo,asiripat,r,09/01/2026,17:54:01,eddie@node1k17.ecdf.ed.ac.uk,1,9552
57728307,0.03197,runlisfloo,asiripat,r,09/01/2026,17:50:36,eddie@node1k14.ecdf.ed.ac.uk,1,9551
57728307,0.03197,runlisfloo,asiripat,r,09/01/2026,17:49:51,eddie@node1k13.ecdf.ed.ac.uk,1,9550
57728307,0.03196,runlisfloo,asiripat,r,09/01/2026,17:43:25,eddie@node1n06.ecdf.ed.ac.uk,1,9549
57728307,0.03195,runlisfloo,asiripat,r,09/01/2026,17:39:36,eddie@node1k17.ecdf.ed.ac.uk,1,9548
57728307,0.03194,runlisfloo,asiripat,r,09/01/2026,17:31:55,eddie@node1k12.ecdf.ed.ac.uk,1,9546
57728307,0.03194,runlisfloo,asiripat,r,09/01/2026,17:32:40,eddie@node1k14.ecdf.ed.ac.uk,1,9547
57728307,0.03194,runlisfloo,asiripat,r,09/01/2026,17:31:40,eddie@node1j13.ecdf.ed.ac.uk,1,9545
57728307,0.03194,runlisfloo,asiripat,r,09/01/2026,17:30:25,eddie@node1k10.ecdf.ed.ac.uk,1,9544
57728307,0.03194,runlisfloo,asiripat,r,09/01/2026,17:28:20,eddie@node1n12.ecdf.ed.ac.uk,1,9542
57728307,0.03193,runlisfloo,asiripat,r,09/01/2026,17:28:34,eddie@node1k17.ecdf.ed.ac.uk,1,9543
57728307,0.03193,runlisfloo,asiripat,r,09/01/2026,17:26:12,eddie@node1j13.ecdf.ed.ac.uk,1,9541
57728307,0.03193,runlisfloo,asiripat,r,09/01/2026,17:25:12,eddie@node1n10.ecdf.ed.ac.uk,1,9539
57728307,0.03193,runlisfloo,asiripat,r,09/01/2026,17:25:12,eddie@node1k18.ecdf.ed.ac.uk,1,9540
57728307,0.03193,runlisfloo,asiripat,r,09/01/2026,17:23:48,eddie@node1j13.ecdf.ed.ac.uk,1,9538
57728307,0.03193,runlisfloo,asiripat,r,09/01/2026,17:22:18,eddie@node1n03.ecdf.ed.ac.uk,1,9537
57728307,0.03192,runlisfloo,asiripat,r,09/01/2026,17:18:33,eddie@node1k18.ecdf.ed.ac.uk,1,9536
57728307,0.03191,runlisfloo,asiripat,r,09/01/2026,17:12:03,eddie@node1j13.ecdf.ed.ac.uk,1,9535
57728307,0.03191,runlisfloo,asiripat,r,09/01/2026,17:10:47,eddie@node1n12.ecdf.ed.ac.uk,1,9534
57728307,0.03190,runlisfloo,asiripat,r,09/01/2026,17:09:19,eddie@node1n09.ecdf.ed.ac.uk,1,9533
57728307,0.03190,runlisfloo,asiripat,r,09/01/2026,17:07:32,eddie@node1k17.ecdf.ed.ac.uk,1,9532
57728307,0.03189,runlisfloo,asiripat,r,09/01/2026,17:02:03,eddie@node1k10.ecdf.ed.ac.uk,1,9531
57728307,0.03189,runlisfloo,asiripat,r,09/01/2026,17:00:19,eddie@node1k12.ecdf.ed.ac.uk,1,9530
57728307,0.03189,runlisfloo,asiripat,r,09/01/2026,16:58:33,eddie@node1k11.ecdf.ed.ac.uk,1,9529
57728307,0.03188,runlisfloo,asiripat,r,09/01/2026,16:53:33,eddie@node1k13.ecdf.ed.ac.uk,1,9528
57728307,0.03188,runlisfloo,asiripat,r,09/01/2026,16:51:14,eddie@node1k16.ecdf.ed.ac.uk,1,9527
57728307,0.03188,runlisfloo,asiripat,r,09/01/2026,16:50:14,eddie@node1k17.ecdf.ed.ac.uk,1,9526
57728307,0.03187,runlisfloo,asiripat,r,09/01/2026,16:48:39,eddie@node1n03.ecdf.ed.ac.uk,1,9525
57728307,0.03186,runlisfloo,asiripat,r,09/01/2026,16:39:55,eddie@node1k17.ecdf.ed.ac.uk,1,9524
57728307,0.03184,runlisfloo,asiripat,r,09/01/2026,16:25:53,eddie@node1k20.ecdf.ed.ac.uk,1,9523
57728307,0.03181,runlisfloo,asiripat,r,09/01/2026,16:10:37,eddie@node1k15.ecdf.ed.ac.uk,1,9520
57728307,0.03181,runlisfloo,asiripat,r,09/01/2026,16:11:59,eddie@node1k16.ecdf.ed.ac.uk,1,9521
57728307,0.03181,runlisfloo,asiripat,r,09/01/2026,16:12:45,eddie@node1k18.ecdf.ed.ac.uk,1,9522
57728307,0.03180,runlisfloo,asiripat,r,09/01/2026,16:02:25,eddie@node1k16.ecdf.ed.ac.uk,1,9517
57728307,0.03179,runlisfloo,asiripat,r,09/01/2026,16:03:55,eddie@node1j13.ecdf.ed.ac.uk,1,9519
57728307,0.03178,runlisfloo,asiripat,r,09/01/2026,15:49:28,eddie@node1k19.ecdf.ed.ac.uk,1,9516
57728307,0.03176,runlisfloo,asiripat,r,09/01/2026,15:37:00,eddie@node1n07.ecdf.ed.ac.uk,1,9515
57728307,0.03176,runlisfloo,asiripat,r,09/01/2026,15:34:53,eddie@node1k18.ecdf.ed.ac.uk,1,9514
57728307,0.03175,runlisfloo,asiripat,r,09/01/2026,15:31:23,eddie@node1n07.ecdf.ed.ac.uk,1,9512
57728307,0.03175,runlisfloo,asiripat,r,09/01/2026,15:32:23,eddie@node1k15.ecdf.ed.ac.uk,1,9513
57728307,0.03174,runlisfloo,asiripat,r,09/01/2026,15:24:14,eddie@node1k17.ecdf.ed.ac.uk,1,9510
57728307,0.03174,runlisfloo,asiripat,r,09/01/2026,15:26:44,eddie@node1j13.ecdf.ed.ac.uk,1,9511
57728307,0.03174,runlisfloo,asiripat,r,09/01/2026,15:21:54,eddie@node1n03.ecdf.ed.ac.uk,1,9509
57728307,0.03173,runlisfloo,asiripat,r,09/01/2026,15:14:18,eddie@node1n05.ecdf.ed.ac.uk,1,9508
57728307,0.03173,runlisfloo,asiripat,r,09/01/2026,15:14:03,eddie@node1k19.ecdf.ed.ac.uk,1,9507
57728307,0.03172,runlisfloo,asiripat,r,09/01/2026,15:10:48,eddie@node1k12.ecdf.ed.ac.uk,1,9506
57728307,0.03171,runlisfloo,asiripat,r,09/01/2026,15:05:19,eddie@node1n10.ecdf.ed.ac.uk,1,9505
57728307,0.03171,runlisfloo,asiripat,r,09/01/2026,15:02:27,eddie@node1k14.ecdf.ed.ac.uk,1,9504
57728307,0.03170,runlisfloo,asiripat,r,09/01/2026,14:57:16,eddie@node1n03.ecdf.ed.ac.uk,1,9503
57728307,0.03170,runlisfloo,asiripat,r,09/01/2026,14:56:46,eddie@node1n03.ecdf.ed.ac.uk,1,9502
57728307,0.03169,runlisfloo,asiripat,r,09/01/2026,14:51:32,eddie@node1k13.ecdf.ed.ac.uk,1,9501
57728307,0.03166,runlisfloo,asiripat,r,09/01/2026,14:32:54,eddie@node1k12.ecdf.ed.ac.uk,1,9500
57728307,0.03166,runlisfloo,asiripat,r,09/01/2026,14:30:24,eddie@node1n09.ecdf.ed.ac.uk,1,9499
57728307,0.03165,runlisfloo,asiripat,r,09/01/2026,14:29:24,eddie@node1k14.ecdf.ed.ac.uk,1,9498
57728307,0.03164,runlisfloo,asiripat,r,09/01/2026,14:21:48,eddie@node1k18.ecdf.ed.ac.uk,1,9497
57728307,0.03163,runlisfloo,asiripat,r,09/01/2026,14:14:48,eddie@node1n10.ecdf.ed.ac.uk,1,9496
57728307,0.03163,runlisfloo,asiripat,r,09/01/2026,14:10:58,eddie@node1j13.ecdf.ed.ac.uk,1,9495
57728307,0.03162,runlisfloo,asiripat,r,09/01/2026,14:08:16,eddie@node1n10.ecdf.ed.ac.uk,1,9493
57728307,0.03162,runlisfloo,asiripat,r,09/01/2026,14:09:16,eddie@node1n10.ecdf.ed.ac.uk,1,9494
57728307,0.03162,runlisfloo,asiripat,r,09/01/2026,14:06:59,eddie@node1k18.ecdf.ed.ac.uk,1,9492
57728307,0.03160,runlisfloo,asiripat,r,09/01/2026,13:56:29,eddie@node1k16.ecdf.ed.ac.uk,1,9491
57728307,0.03157,runlisfloo,asiripat,r,09/01/2026,13:37:58,eddie@node1k18.ecdf.ed.ac.uk,1,9490
57728307,0.03157,runlisfloo,asiripat,r,09/01/2026,13:36:50,eddie@node1k19.ecdf.ed.ac.uk,1,9489
57728307,0.03157,runlisfloo,asiripat,r,09/01/2026,13:35:24,eddie@node1j13.ecdf.ed.ac.uk,1,9488
57728307,0.03155,runlisfloo,asiripat,r,09/01/2026,13:26:41,eddie@node1j13.ecdf.ed.ac.uk,1,9487
57728307,0.03154,runlisfloo,asiripat,r,09/01/2026,13:20:33,eddie@node1k12.ecdf.ed.ac.uk,1,9486
57728307,0.03154,runlisfloo,asiripat,r,09/01/2026,13:18:48,eddie@node1k18.ecdf.ed.ac.uk,1,9485
57728307,0.03153,runlisfloo,asiripat,r,09/01/2026,13:12:44,eddie@node1n09.ecdf.ed.ac.uk,1,9484
57728307,0.03152,runlisfloo,asiripat,r,09/01/2026,13:03:12,eddie@node1n10.ecdf.ed.ac.uk,1,9483
57728307,0.03150,runlisfloo,asiripat,r,09/01/2026,12:52:26,eddie@node1k11.ecdf.ed.ac.uk,1,9482
57728307,0.03149,runlisfloo,asiripat,r,09/01/2026,12:47:56,eddie@node1k13.ecdf.ed.ac.uk,1,9481
57728307,0.03148,runlisfloo,asiripat,r,09/01/2026,12:41:22,eddie@node1k16.ecdf.ed.ac.uk,1,9480
57728307,0.03148,runlisfloo,asiripat,r,09/01/2026,12:38:52,eddie@node1n02.ecdf.ed.ac.uk,1,9479
57728307,0.03147,runlisfloo,asiripat,r,09/01/2026,12:34:41,eddie@node1k17.ecdf.ed.ac.uk,1,9477
57728307,0.03147,runlisfloo,asiripat,r,09/01/2026,12:35:11,eddie@node1j12.ecdf.ed.ac.uk,1,9478
57728307,0.03147,runlisfloo,asiripat,r,09/01/2026,12:31:56,eddie@node1n08.ecdf.ed.ac.uk,1,9476
57728307,0.03146,runlisfloo,asiripat,r,09/01/2026,12:24:54,eddie@node1n01.ecdf.ed.ac.uk,1,9475
57728307,0.03145,runlisfloo,asiripat,r,09/01/2026,12:18:09,eddie@node1n03.ecdf.ed.ac.uk,1,9474
57728307,0.03145,runlisfloo,asiripat,r,09/01/2026,12:17:54,eddie@node1n07.ecdf.ed.ac.uk,1,9473
57728307,0.03145,runlisfloo,asiripat,r,09/01/2026,12:16:54,eddie@node1n06.ecdf.ed.ac.uk,1,9472
57728307,0.03143,runlisfloo,asiripat,r,09/01/2026,12:07:39,eddie@node1k18.ecdf.ed.ac.uk,1,9471
57728307,0.03143,runlisfloo,asiripat,r,09/01/2026,12:03:49,eddie@node1n07.ecdf.ed.ac.uk,1,9469
57728307,0.03143,runlisfloo,asiripat,r,09/01/2026,12:04:19,eddie@node1k11.ecdf.ed.ac.uk,1,9470
57728307,0.03142,runlisfloo,asiripat,r,09/01/2026,12:02:19,eddie@node1n02.ecdf.ed.ac.uk,1,9468
57728307,0.03139,runlisfloo,asiripat,r,09/01/2026,11:38:27,eddie@node1k15.ecdf.ed.ac.uk,1,9466
57728307,0.03139,runlisfloo,asiripat,r,09/01/2026,11:39:41,eddie@node1k14.ecdf.ed.ac.uk,1,9467
57728307,0.03138,runlisfloo,asiripat,r,09/01/2026,11:37:45,eddie@node1k14.ecdf.ed.ac.uk,1,9465
57728307,0.03138,runlisfloo,asiripat,r,09/01/2026,11:36:15,eddie@node1n01.ecdf.ed.ac.uk,1,9464
57728307,0.03137,runlisfloo,asiripat,r,09/01/2026,11:27:53,eddie@node1n06.ecdf.ed.ac.uk,1,9460
57728307,0.03137,runlisfloo,asiripat,r,09/01/2026,11:30:23,eddie@node1n02.ecdf.ed.ac.uk,1,9461
57728307,0.03137,runlisfloo,asiripat,r,09/01/2026,11:30:53,eddie@node1k15.ecdf.ed.ac.uk,1,9462
57728307,0.03137,runlisfloo,asiripat,r,09/01/2026,11:31:08,eddie@node1k18.ecdf.ed.ac.uk,1,9463
57728307,0.03136,runlisfloo,asiripat,r,09/01/2026,11:19:03,eddie@node1n02.ecdf.ed.ac.uk,1,9459
57728307,0.03134,runlisfloo,asiripat,r,09/01/2026,11:09:46,eddie@node1k18.ecdf.ed.ac.uk,1,9458
57728307,0.03133,runlisfloo,asiripat,r,09/01/2026,11:05:10,eddie@node1k12.ecdf.ed.ac.uk,1,9457
57728307,0.03132,runlisfloo,asiripat,r,09/01/2026,11:00:00,eddie@node1n09.ecdf.ed.ac.uk,1,9456
57728307,0.03132,runlisfloo,asiripat,r,09/01/2026,10:54:58,eddie@node1k11.ecdf.ed.ac.uk,1,9455
57728307,0.03130,runlisfloo,asiripat,r,09/01/2026,10:47:37,eddie@node1k18.ecdf.ed.ac.uk,1,9454
57728307,0.03129,runlisfloo,asiripat,r,09/01/2026,10:39:46,eddie@node1n03.ecdf.ed.ac.uk,1,9453
57728307,0.03128,runlisfloo,asiripat,r,09/01/2026,10:32:46,eddie@node1k18.ecdf.ed.ac.uk,1,9452
57728307,0.03126,runlisfloo,asiripat,r,09/01/2026,10:18:49,eddie@node1n12.ecdf.ed.ac.uk,1,9450
57728307,0.03126,runlisfloo,asiripat,r,09/01/2026,10:21:09,eddie@node1k14.ecdf.ed.ac.uk,1,9451
57728307,0.03124,runlisfloo,asiripat,r,09/01/2026,10:08:49,eddie@node1k12.ecdf.ed.ac.uk,1,9449
57728307,0.03123,runlisfloo,asiripat,r,09/01/2026,09:58:34,eddie@node1n10.ecdf.ed.ac.uk,1,9448
57728307,0.03120,runlisfloo,asiripat,r,09/01/2026,09:41:44,eddie@node1n01.ecdf.ed.ac.uk,1,9447
57728307,0.03117,runlisfloo,asiripat,r,09/01/2026,09:21:25,eddie@node1k14.ecdf.ed.ac.uk,1,9446
57728307,0.03117,runlisfloo,asiripat,r,09/01/2026,09:18:25,eddie@node1n07.ecdf.ed.ac.uk,1,9445
57728307,0.03115,runlisfloo,asiripat,r,09/01/2026,09:07:02,eddie@node1n01.ecdf.ed.ac.uk,1,9444
57728307,0.03114,runlisfloo,asiripat,r,09/01/2026,09:03:42,eddie@node1n02.ecdf.ed.ac.uk,1,9443
57728307,0.03111,runlisfloo,asiripat,r,09/01/2026,08:45:24,eddie@node1k16.ecdf.ed.ac.uk,1,9442
57728307,0.03110,runlisfloo,asiripat,r,09/01/2026,08:36:41,eddie@node1k19.ecdf.ed.ac.uk,1,9441
57728307,0.03108,runlisfloo,asiripat,r,09/01/2026,08:24:26,eddie@node1n06.ecdf.ed.ac.uk,1,9440
57728307,0.03101,runlisfloo,asiripat,r,09/01/2026,07:46:53,eddie@node1s09.ecdf.ed.ac.uk,1,9439
57728307,0.03098,runlisfloo,asiripat,r,09/01/2026,07:21:06,eddie@node1n06.ecdf.ed.ac.uk,1,9438
57728307,0.03097,runlisfloo,asiripat,r,09/01/2026,07:17:03,eddie@node1j12.ecdf.ed.ac.uk,1,9437
57728307,0.03097,runlisfloo,asiripat,r,09/01/2026,07:10:48,eddie@node1n03.ecdf.ed.ac.uk,1,9434
57728307,0.03094,runlisfloo,asiripat,r,09/01/2026,06:53:16,eddie@node1k20.ecdf.ed.ac.uk,1,9433
57728307,0.03090,runlisfloo,asiripat,r,09/01/2026,06:31:31,eddie@node1s09.ecdf.ed.ac.uk,1,9432
57728307,0.03086,runlisfloo,asiripat,r,09/01/2026,06:05:07,eddie@node1n03.ecdf.ed.ac.uk,1,9431
57728307,0.03086,runlisfloo,asiripat,r,09/01/2026,06:03:52,eddie@node1k15.ecdf.ed.ac.uk,1,9429
57728307,0.03086,runlisfloo,asiripat,r,09/01/2026,06:03:52,eddie@node1k15.ecdf.ed.ac.uk,1,9430
57728307,0.03084,runlisfloo,asiripat,r,09/01/2026,05:56:52,eddie@node1n07.ecdf.ed.ac.uk,1,9428
57728307,0.03083,runlisfloo,asiripat,r,09/01/2026,05:47:37,eddie@node1j12.ecdf.ed.ac.uk,1,9427
57728307,0.03076,runlisfloo,asiripat,r,09/01/2026,05:00:52,eddie@node1n01.ecdf.ed.ac.uk,1,9423
57728307,0.03076,runlisfloo,asiripat,r,09/01/2026,05:00:52,eddie@node1n03.ecdf.ed.ac.uk,1,9424
57728307,0.03076,runlisfloo,asiripat,r,09/01/2026,05:00:52,eddie@node1k17.ecdf.ed.ac.uk,1,9426
57728307,0.03073,runlisfloo,asiripat,r,09/01/2026,04:48:37,eddie@node1k20.ecdf.ed.ac.uk,1,9421
57728307,0.03073,runlisfloo,asiripat,r,09/01/2026,04:55:52,eddie@node1j12.ecdf.ed.ac.uk,1,9422
57728307,0.03073,runlisfloo,asiripat,r,09/01/2026,04:40:37,eddie@node1k14.ecdf.ed.ac.uk,1,9420
57728307,0.03073,runlisfloo,asiripat,r,09/01/2026,04:40:07,eddie@node1k15.ecdf.ed.ac.uk,1,9419
57728307,0.03071,runlisfloo,asiripat,r,09/01/2026,04:27:52,eddie@node1n09.ecdf.ed.ac.uk,1,9417
57728307,0.03071,runlisfloo,asiripat,r,09/01/2026,04:27:52,eddie@node1k15.ecdf.ed.ac.uk,1,9418
57728307,0.03070,runlisfloo,asiripat,r,09/01/2026,04:25:37,eddie@node1n01.ecdf.ed.ac.uk,1,9416
57728307,0.03069,runlisfloo,asiripat,r,09/01/2026,04:12:22,eddie@node1n06.ecdf.ed.ac.uk,1,9415
57728307,0.03068,runlisfloo,asiripat,r,09/01/2026,04:11:07,eddie@node1n05.ecdf.ed.ac.uk,1,9414
57728307,0.03063,runlisfloo,asiripat,r,09/01/2026,03:42:07,eddie@node1k17.ecdf.ed.ac.uk,1,9410
57728307,0.03063,runlisfloo,asiripat,r,09/01/2026,03:59:37,eddie@node1n08.ecdf.ed.ac.uk,1,9411
57728307,0.03063,runlisfloo,asiripat,r,09/01/2026,03:59:37,eddie@node1s09.ecdf.ed.ac.uk,1,9412
57728307,0.03063,runlisfloo,asiripat,r,09/01/2026,03:59:37,eddie@node1k19.ecdf.ed.ac.uk,1,9413
57728307,0.03060,runlisfloo,asiripat,r,09/01/2026,03:18:37,eddie@node1j12.ecdf.ed.ac.uk,1,9409
57728307,0.03058,runlisfloo,asiripat,r,09/01/2026,03:12:07,eddie@node1n06.ecdf.ed.ac.uk,1,9408
57728307,0.03057,runlisfloo,asiripat,r,09/01/2026,02:59:07,eddie@node1n08.ecdf.ed.ac.uk,1,9407
57728307,0.03052,runlisfloo,asiripat,r,09/01/2026,02:30:07,eddie@node1k19.ecdf.ed.ac.uk,1,9406
57728307,0.03049,runlisfloo,asiripat,r,09/01/2026,02:10:52,eddie@node1k16.ecdf.ed.ac.uk,1,9405
57728307,0.03045,runlisfloo,asiripat,r,09/01/2026,01:44:13,eddie@node1k15.ecdf.ed.ac.uk,1,9404
57728307,0.03038,runlisfloo,asiripat,r,09/01/2026,01:02:43,eddie@node1n07.ecdf.ed.ac.uk,1,9403
57728307,0.03034,runlisfloo,asiripat,r,09/01/2026,00:37:43,eddie@node1k11.ecdf.ed.ac.uk,1,9402
57728307,0.03031,runlisfloo,asiripat,r,09/01/2026,00:16:28,eddie@node1k17.ecdf.ed.ac.uk,1,9401
57728307,0.03029,runlisfloo,asiripat,r,09/01/2026,00:06:43,eddie@node1k18.ecdf.ed.ac.uk,1,9400
57728307,0.03027,runlisfloo,asiripat,r,08/31/2026,23:53:13,eddie@node1n05.ecdf.ed.ac.uk,1,9399
57728307,0.03026,runlisfloo,asiripat,r,08/31/2026,23:46:44,eddie@node1n01.ecdf.ed.ac.uk,1,9398
57728307,0.03023,runlisfloo,asiripat,r,08/31/2026,23:26:14,eddie@node1n01.ecdf.ed.ac.uk,1,9397
57728307,0.03015,runlisfloo,asiripat,r,08/31/2026,22:37:14,eddie@node1n10.ecdf.ed.ac.uk,1,9395
57728307,0.03015,runlisfloo,asiripat,r,08/31/2026,22:45:44,eddie@node1n10.ecdf.ed.ac.uk,1,9396
57728307,0.03014,runlisfloo,asiripat,r,08/31/2026,22:26:14,eddie@node1n08.ecdf.ed.ac.uk,1,9394
57728307,0.03008,runlisfloo,asiripat,r,08/31/2026,21:47:44,eddie@node1k18.ecdf.ed.ac.uk,1,9393
57728307,0.03007,runlisfloo,asiripat,r,08/31/2026,21:41:44,eddie@node1n08.ecdf.ed.ac.uk,1,9392
57728307,0.03004,runlisfloo,asiripat,r,08/31/2026,21:24:59,eddie@node1k15.ecdf.ed.ac.uk,1,9391
57728307,0.03001,runlisfloo,asiripat,r,08/31/2026,21:06:21,eddie@node1s09.ecdf.ed.ac.uk,1,9390
58148314,0.02999,agre1,knicodem,r,09/08/2026,10:24:23,eddie@node1m24.ecdf.ed.ac.uk,1,11
57728307,0.02999,runlisfloo,asiripat,r,08/31/2026,20:59:51,eddie@node1n02.ecdf.ed.ac.uk,1,9389
57728307,0.02999,runlisfloo,asiripat,r,08/31/2026,20:53:17,eddie@node1n10.ecdf.ed.ac.uk,1,9388
57728307,0.02994,runlisfloo,asiripat,r,08/31/2026,20:21:32,eddie@node1k17.ecdf.ed.ac.uk,1,9387
57728307,0.02990,runlisfloo,asiripat,r,08/31/2026,19:56:49,eddie@node1n01.ecdf.ed.ac.uk,1,9385
57728307,0.02986,runlisfloo,asiripat,r,08/31/2026,19:35:56,eddie@node1n08.ecdf.ed.ac.uk,1,9383
57728307,0.02986,runlisfloo,asiripat,r,08/31/2026,19:40:49,eddie@node1n09.ecdf.ed.ac.uk,1,9384
57728307,0.02979,runlisfloo,asiripat,r,08/31/2026,18:49:31,eddie@node1k17.ecdf.ed.ac.uk,1,9380
57728307,0.02977,runlisfloo,asiripat,r,08/31/2026,18:33:42,eddie@node1k18.ecdf.ed.ac.uk,1,9379
57728307,0.02977,runlisfloo,asiripat,r,08/31/2026,18:54:01,eddie@node1k18.ecdf.ed.ac.uk,1,9381
57728307,0.02973,runlisfloo,asiripat,r,08/31/2026,18:08:33,eddie@node1n01.ecdf.ed.ac.uk,1,9378
57728307,0.02970,runlisfloo,asiripat,r,08/31/2026,17:54:49,eddie@node1n08.ecdf.ed.ac.uk,1,9377
57728307,0.02970,runlisfloo,asiripat,r,08/31/2026,17:49:39,eddie@node1n03.ecdf.ed.ac.uk,1,9376
57728307,0.02966,runlisfloo,asiripat,r,08/31/2026,17:29:13,eddie@node1n02.ecdf.ed.ac.uk,1,9375
57728307,0.02960,runlisfloo,asiripat,r,08/31/2026,16:49:58,eddie@node1s09.ecdf.ed.ac.uk,1,9374
57728307,0.02958,runlisfloo,asiripat,r,08/31/2026,16:31:28,eddie@node1n02.ecdf.ed.ac.uk,1,9373
57728307,0.02956,runlisfloo,asiripat,r,08/31/2026,16:23:13,eddie@node1n03.ecdf.ed.ac.uk,1,9372
57728307,0.02954,runlisfloo,asiripat,r,08/31/2026,16:08:40,eddie@node1n01.ecdf.ed.ac.uk,1,9371
57728307,0.02947,runlisfloo,asiripat,r,08/31/2026,15:23:37,eddie@node1n08.ecdf.ed.ac.uk,1,9369
57728307,0.02937,runlisfloo,asiripat,r,08/31/2026,14:27:28,eddie@node1n08.ecdf.ed.ac.uk,1,9368
57728307,0.02877,runlisfloo,asiripat,r,08/31/2026,08:02:15,eddie@node1s09.ecdf.ed.ac.uk,1,9367
57728307,0.02868,runlisfloo,asiripat,r,08/31/2026,07:09:15,eddie@node1k15.ecdf.ed.ac.uk,1,9364
57728307,0.02866,runlisfloo,asiripat,r,08/31/2026,07:21:45,eddie@node1s09.ecdf.ed.ac.uk,1,9366
57728307,0.02838,runlisfloo,asiripat,r,08/31/2026,04:12:05,eddie@node1n08.ecdf.ed.ac.uk,1,9362
57728307,0.02833,runlisfloo,asiripat,r,08/31/2026,04:33:50,eddie@node1n01.ecdf.ed.ac.uk,1,9363
57728307,0.02830,runlisfloo,asiripat,r,08/31/2026,03:06:05,eddie@node1n05.ecdf.ed.ac.uk,1,9361
57728307,0.02823,runlisfloo,asiripat,r,08/31/2026,02:27:22,eddie@node1n02.ecdf.ed.ac.uk,1,9358
57728307,0.02818,runlisfloo,asiripat,r,08/31/2026,01:50:37,eddie@node1n05.ecdf.ed.ac.uk,1,9357
57728307,0.02806,runlisfloo,asiripat,r,08/31/2026,00:39:52,eddie@node1n01.ecdf.ed.ac.uk,1,9355
57728307,0.02799,runlisfloo,asiripat,r,08/30/2026,23:51:52,eddie@node1n05.ecdf.ed.ac.uk,1,9353
57728307,0.02795,runlisfloo,asiripat,r,08/30/2026,23:26:22,eddie@node1n05.ecdf.ed.ac.uk,1,9351
57728307,0.02792,runlisfloo,asiripat,r,08/30/2026,23:08:22,eddie@node1n01.ecdf.ed.ac.uk,1,9350
57728307,0.02787,runlisfloo,asiripat,r,08/30/2026,22:40:37,eddie@node1n02.ecdf.ed.ac.uk,1,9348
57728307,0.02787,runlisfloo,asiripat,r,08/30/2026,22:53:37,eddie@node1n02.ecdf.ed.ac.uk,1,9349
57728307,0.02774,runlisfloo,asiripat,r,08/30/2026,21:21:56,eddie@node1n05.ecdf.ed.ac.uk,1,9346
57728307,0.02769,runlisfloo,asiripat,r,08/30/2026,20:47:12,eddie@node1n05.ecdf.ed.ac.uk,1,9345
57728307,0.02768,runlisfloo,asiripat,r,08/30/2026,20:37:57,eddie@node1n05.ecdf.ed.ac.uk,1,9344
57728307,0.02766,runlisfloo,asiripat,r,08/30/2026,20:29:25,eddie@node1n05.ecdf.ed.ac.uk,1,9343
58068493,0.02761,QLOGIN,pdewari,r,09/05/2026,13:17:51,eddie@node1i22.ecdf.ed.ac.uk,1
57728307,0.02755,runlisfloo,asiripat,r,08/30/2026,19:13:37,eddie@node1n02.ecdf.ed.ac.uk,1,9341
57728307,0.02752,runlisfloo,asiripat,r,08/30/2026,19:01:16,eddie@node1n01.ecdf.ed.ac.uk,1,9340
57728307,0.02749,runlisfloo,asiripat,r,08/30/2026,18:37:40,eddie@node1n05.ecdf.ed.ac.uk,1,9339
57728307,0.02738,runlisfloo,asiripat,r,08/30/2026,17:45:40,eddie@node1n05.ecdf.ed.ac.uk,1,9337
57728307,0.02732,runlisfloo,asiripat,r,08/30/2026,16:52:28,eddie@node1n02.ecdf.ed.ac.uk,1,9334
57728307,0.02730,runlisfloo,asiripat,r,08/30/2026,16:41:34,eddie@node1n05.ecdf.ed.ac.uk,1,9333
57728307,0.02713,runlisfloo,asiripat,r,08/30/2026,14:54:36,eddie@node1n07.ecdf.ed.ac.uk,1,9330
57728307,0.02709,runlisfloo,asiripat,r,08/30/2026,14:40:45,eddie@node1n02.ecdf.ed.ac.uk,1,9329
57728307,0.02701,runlisfloo,asiripat,r,08/30/2026,13:36:12,eddie@node1n02.ecdf.ed.ac.uk,1,9326
57728307,0.02692,runlisfloo,asiripat,r,08/30/2026,12:39:47,eddie@node1n07.ecdf.ed.ac.uk,1,9325
57728307,0.02690,runlisfloo,asiripat,r,08/30/2026,12:32:47,eddie@node1n05.ecdf.ed.ac.uk,1,9324
57728307,0.02676,runlisfloo,asiripat,r,08/30/2026,10:56:53,eddie@node1n07.ecdf.ed.ac.uk,1,9319
57728307,0.02676,runlisfloo,asiripat,r,08/30/2026,10:57:08,eddie@node1k18.ecdf.ed.ac.uk,1,9320
57728307,0.02676,runlisfloo,asiripat,r,08/30/2026,10:57:08,eddie@node1k18.ecdf.ed.ac.uk,1,9321
57728307,0.02675,runlisfloo,asiripat,r,08/30/2026,10:55:28,eddie@node1n02.ecdf.ed.ac.uk,1,9318
57728307,0.02660,runlisfloo,asiripat,r,08/30/2026,09:36:39,eddie@node1n08.ecdf.ed.ac.uk,1,9316
57728307,0.02655,runlisfloo,asiripat,r,08/30/2026,08:52:09,eddie@node1n07.ecdf.ed.ac.uk,1,9315
57728307,0.02627,runlisfloo,asiripat,r,08/30/2026,05:56:24,eddie@node1n08.ecdf.ed.ac.uk,1,9309
57728307,0.02619,runlisfloo,asiripat,r,08/30/2026,05:14:24,eddie@node1n07.ecdf.ed.ac.uk,1,9305
57728307,0.02600,runlisfloo,asiripat,r,08/30/2026,03:09:09,eddie@node1n01.ecdf.ed.ac.uk,1,9293
58206334,0.02592,t23rot34,s1891340,r,09/09/2026,21:23:57,gpu@node1r01.ecdf.ed.ac.uk,1,74
58206334,0.02592,t23rot34,s1891340,r,09/09/2026,21:22:57,gpu@node1q08.ecdf.ed.ac.uk,1,73
57728307,0.02581,runlisfloo,asiripat,r,08/30/2026,01:38:54,eddie@node1n02.ecdf.ed.ac.uk,1,9289
57728307,0.02580,runlisfloo,asiripat,r,08/30/2026,01:00:24,eddie@node1n02.ecdf.ed.ac.uk,1,9285
57728307,0.02566,runlisfloo,asiripat,r,08/29/2026,23:39:24,eddie@node1n02.ecdf.ed.ac.uk,1,9282
58206334,0.02483,t23rot34,s1891340,r,09/09/2026,20:05:25,gpu@node1g06.ecdf.ed.ac.uk,1,64
58206334,0.02367,t23rot34,s1891340,r,09/09/2026,21:39:48,gpu@node1p07.ecdf.ed.ac.uk,1,75
58206334,0.02183,t23rot34,s1891340,r,09/09/2026,22:12:58,gpu@node1r01.ecdf.ed.ac.uk,1,78
58206334,0.02180,t23rot34,s1891340,r,09/09/2026,21:52:12,gpu@node1s05.ecdf.ed.ac.uk,1,77
58206334,0.02178,t23rot34,s1891340,r,09/09/2026,21:39:48,gpu@node1p07.ecdf.ed.ac.uk,1,76
58197370,0.02104,okc154_cal,gross33,r,09/09/2026,06:59:02,eddie@node1f09.ecdf.ed.ac.uk,1,1
58206334,0.02046,t23rot34,s1891340,r,09/09/2026,20:07:40,gpu@node1g07.ecdf.ed.ac.uk,1,67
58142665,0.01993,r_512_d_1d,sbenavid,r,09/09/2026,02:25:47,gpu@node1g02.ecdf.ed.ac.uk,1
58136039,0.01991,QLOGIN,crobert,r,09/07/2026,09:12:48,eddie@node1i22.ecdf.ed.ac.uk,1
57728307,0.01991,runlisfloo,asiripat,r,08/27/2026,12:56:29,eddie@node1n11.ecdf.ed.ac.uk,1,8868
58148314,0.01941,agre1,knicodem,r,09/08/2026,10:24:23,eddie@node1m18.ecdf.ed.ac.uk,1,17
58206334,0.01842,t23rot34,s1891340,r,09/09/2026,21:00:12,gpu@node1g03.ecdf.ed.ac.uk,1,72
58206334,0.01840,t23rot34,s1891340,r,09/09/2026,20:48:49,gpu@node1g03.ecdf.ed.ac.uk,1,71
58206334,0.01839,t23rot34,s1891340,r,09/09/2026,20:47:19,gpu@node1g03.ecdf.ed.ac.uk,1,70
58148314,0.01833,agre1,knicodem,r,09/08/2026,10:24:23,eddie@node1m21.ecdf.ed.ac.uk,1,18
58206334,0.01827,t23rot34,s1891340,r,09/09/2026,19:28:44,gpu@node1g03.ecdf.ed.ac.uk,1,63
58034806,0.01819,S0_20_vf_5,adixon3,r,09/09/2026,02:24:17,gpu@node1s05.ecdf.ed.ac.uk,1
57728307,0.01784,runlisfloo,asiripat,r,08/26/2026,15:57:38,eddie@node1n11.ecdf.ed.ac.uk,1,8865
57728307,0.01784,runlisfloo,asiripat,r,08/26/2026,15:57:38,eddie@node1n11.ecdf.ed.ac.uk,1,8866
58142051,0.01776,log_mappin,s2557145,r,09/09/2026,19:24:00,eddie@node1k01.ecdf.ed.ac.uk,8
57728307,0.01761,runlisfloo,asiripat,r,08/26/2026,13:37:27,eddie@node1n11.ecdf.ed.ac.uk,1,8862
57728307,0.01761,runlisfloo,asiripat,r,08/26/2026,13:37:11,eddie@node1n11.ecdf.ed.ac.uk,1,8861
57728307,0.01761,runlisfloo,asiripat,r,08/26/2026,13:36:17,eddie@node1n11.ecdf.ed.ac.uk,1,8860
57728307,0.01761,runlisfloo,asiripat,r,08/26/2026,13:35:56,eddie@node1n11.ecdf.ed.ac.uk,1,8859
57728307,0.01761,runlisfloo,asiripat,r,08/26/2026,13:35:12,eddie@node1n11.ecdf.ed.ac.uk,1,8858
57728307,0.01760,runlisfloo,asiripat,r,08/26/2026,13:30:57,eddie@node1n11.ecdf.ed.ac.uk,1,8857
57728307,0.01760,runlisfloo,asiripat,r,08/26/2026,13:30:26,eddie@node1n11.ecdf.ed.ac.uk,1,8856
57728307,0.01760,runlisfloo,asiripat,r,08/26/2026,13:29:59,eddie@node1n11.ecdf.ed.ac.uk,1,8855
57728307,0.01759,runlisfloo,asiripat,r,08/26/2026,13:27:59,eddie@node1n11.ecdf.ed.ac.uk,1,8854
57728307,0.01759,runlisfloo,asiripat,r,08/26/2026,13:27:30,eddie@node1n11.ecdf.ed.ac.uk,1,8853
57728307,0.01759,runlisfloo,asiripat,r,08/26/2026,13:26:11,eddie@node1n11.ecdf.ed.ac.uk,1,8852
57728307,0.01759,runlisfloo,asiripat,r,08/26/2026,13:25:54,eddie@node1n11.ecdf.ed.ac.uk,1,8851
57728307,0.01759,runlisfloo,asiripat,r,08/26/2026,13:25:40,eddie@node1n11.ecdf.ed.ac.uk,1,8850
57728307,0.01759,runlisfloo,asiripat,r,08/26/2026,13:25:09,eddie@node1n11.ecdf.ed.ac.uk,1,8849
57728307,0.01759,runlisfloo,asiripat,r,08/26/2026,13:24:42,eddie@node1n11.ecdf.ed.ac.uk,1,8848
58148314,0.01736,agre1,knicodem,r,09/08/2026,10:24:23,eddie@node1s10.ecdf.ed.ac.uk,1,19
58033880,0.01731,plot_cons_,s2559269,r,09/03/2026,10:02:44,igmm_long@node1b03.ecdf.ed.ac.,15,3
58148314,0.01650,agre1,knicodem,r,09/08/2026,10:24:23,eddie@node1s10.ecdf.ed.ac.uk,1,20
58139936,0.01618,sim_8192_1,s2871218,r,09/09/2026,17:37:57,gpu@node1s05.ecdf.ed.ac.uk,1
57829466,0.01563,nf-estimat,akhamseh,r,08/24/2026,10:12:28,igmm_long@node1b01.ecdf.ed.ac.,32
58034805,0.01544,S0_20_vf_5,adixon3,r,09/08/2026,20:17:22,gpu@node1r02.ecdf.ed.ac.uk,1
58034797,0.01537,S0_20_vf_5,adixon3,r,09/08/2026,19:00:55,gpu@node1o17.ecdf.ed.ac.uk,1
58218292,0.01535,refbi_g128,s2013568,r,09/09/2026,13:55:01,eddie@node1d01.ecdf.ed.ac.uk,128
58034785,0.01531,S0_20_vf_5,adixon3,r,09/08/2026,18:23:32,gpu@node1o17.ecdf.ed.ac.uk,1
58034775,0.01529,S0_20_vf_5,adixon3,r,09/08/2026,17:52:54,gpu@node1o17.ecdf.ed.ac.uk,1
58247873,0.01520,b08d_samap,v1ksaka3,r,09/09/2026,19:46:57,eddie@node1e03.ecdf.ed.ac.uk,16
58198289,0.01507,wli_n0_v5,sbrahma,r,09/09/2026,09:55:21,eddie@node1s15.ecdf.ed.ac.uk,64
58034737,0.01506,S0_40_vf_5,adixon3,r,09/08/2026,16:15:01,gpu@node1s04.ecdf.ed.ac.uk,1
58034705,0.01497,S0_40_vf_5,adixon3,r,09/08/2026,15:06:05,gpu@node1r03.ecdf.ed.ac.uk,1
58034725,0.01497,S0_40_vf_5,adixon3,r,09/08/2026,15:34:34,gpu@node1o16.ecdf.ed.ac.uk,1
58034697,0.01495,S0_40_vf_5,adixon3,r,09/08/2026,14:48:34,gpu@node1r03.ecdf.ed.ac.uk,1
58034716,0.01494,S0_40_vf_5,adixon3,r,09/08/2026,15:19:25,gpu@node1s04.ecdf.ed.ac.uk,1
58034687,0.01450,S0_40_vf_5,adixon3,r,09/08/2026,08:01:43,gpu@node1q09.ecdf.ed.ac.uk,1
58197291,0.01438,ed-gigpo2,wkwan,r,09/09/2026,20:48:49,gpu@node1p05.ecdf.ed.ac.uk,16,8
58250045,0.01406,QLOGIN,s1613478,r,09/09/2026,19:54:29,eddie@node1j24.ecdf.ed.ac.uk,8
58034686,0.01389,S0_40_vf_5,adixon3,r,09/08/2026,01:42:43,gpu@node1s04.ecdf.ed.ac.uk,1
58234402,0.01387,autocycler,s2588802,r,09/09/2026,17:43:27,eddie@node1t01.ecdf.ed.ac.uk,32,1
58198301,0.01379,wli_nBE_v5,sbrahma,r,09/09/2026,09:55:21,eddie@node1r06.ecdf.ed.ac.uk,64
58148081,0.01369,q_30nm-FC-,jross7,r,09/09/2026,22:07:28,gpu@node1o16.ecdf.ed.ac.uk,1,1131
58239023,0.01358,QLOGIN,s2880191,r,09/09/2026,18:35:44,gpu@node1g04.ecdf.ed.ac.uk,24
58197382,0.01269,infpy_trai,s2601026,r,09/09/2026,20:45:34,gpu@node1r02.ecdf.ed.ac.uk,1,1
58197370,0.01263,okc154_cal,gross33,r,09/09/2026,06:59:02,eddie@node1o05.ecdf.ed.ac.uk,1,3
58167964,0.01248,cooling_on,s2601697,r,09/09/2026,21:40:33,gpu@node1p07.ecdf.ed.ac.uk,1
58256502,0.01247,hipsci_sta,krawlik3,r,09/09/2026,21:29:12,eddie@node1o07.ecdf.ed.ac.uk,8
58253290,0.01194,moa_SCZpgw,v1cshen3,r,09/09/2026,20:16:16,eddie@node1p10.ecdf.ed.ac.uk,8
58256353,0.01180,nsga3_pdkd,s2438517,r,09/09/2026,21:25:42,eddie@node1i06.ecdf.ed.ac.uk,1,1
58242581,0.01179,code03_gms,s2285280,r,09/09/2026,19:21:30,eddie@node1i03.ecdf.ed.ac.uk,1,1
58136464,0.01173,QLOGIN,crobert,r,09/07/2026,10:18:12,eddie@node1i22.ecdf.ed.ac.uk,1
58256603,0.01169,QLOGIN,s2714757,r,09/09/2026,21:31:33,eddie@node1j24.ecdf.ed.ac.uk,1
58048100,0.01148,germline_f,s2559269,r,09/08/2026,10:25:08,igmm_long@node1a02.ecdf.ed.ac.,3,1
58240314,0.01147,CUTADAPT_T,s1708075,r,09/09/2026,19:02:00,eddie@node1i07.ecdf.ed.ac.uk,1
58205500,0.01138,linger_pop,s2906787,r,09/09/2026,14:23:14,eddie@node1i17.ecdf.ed.ac.uk,8,1
58254075,0.01137,QLOGIN,kelshak,r,09/09/2026,20:32:05,igmm_long@node1h02.ecdf.ed.ac.,1
58048100,0.01109,germline_f,s2559269,r,09/08/2026,10:25:08,igmm_long@node1a02.ecdf.ed.ac.,3,2
58237692,0.01106,EL25_ELM_s,v1mcumm3,r,09/09/2026,18:15:42,eddie@node1n15.ecdf.ed.ac.uk,1
58048100,0.01083,germline_f,s2559269,r,09/08/2026,10:25:08,igmm_long@node1a02.ecdf.ed.ac.,3,3
58236749,0.01078,QLOGIN,s2756346,r,09/09/2026,17:50:58,gpu@node1g04.ecdf.ed.ac.uk,3
58048100,0.01065,germline_f,s2559269,r,09/08/2026,10:25:08,igmm_long@node1a01.ecdf.ed.ac.,3,4
58233567,0.01063,BromoTag_v,s2187006,r,09/09/2026,16:30:43,gpu@node1o15.ecdf.ed.ac.uk,4
58197370,0.01052,okc154_cal,gross33,r,09/09/2026,06:59:02,eddie@node1o05.ecdf.ed.ac.uk,1,4
58048100,0.01051,germline_f,s2559269,r,09/08/2026,10:25:08,igmm_long@node1b04.ecdf.ed.ac.,3,5
58048100,0.01040,germline_f,s2559269,r,09/08/2026,10:25:08,igmm_long@node1b07.ecdf.ed.ac.,3,6
58139958,0.01038,sim_8192_1,s2871218,r,09/09/2026,17:42:12,gpu@node1r02.ecdf.ed.ac.uk,1
58048102,0.01025,germline_f,s2559269,r,09/08/2026,10:25:08,igmm_long@node1a01.ecdf.ed.ac.,3,1
58048102,0.01019,germline_f,s2559269,r,09/08/2026,10:25:08,igmm_long@node1b03.ecdf.ed.ac.,3,2
58048102,0.01014,germline_f,s2559269,r,09/08/2026,10:25:08,igmm_long@node1b02.ecdf.ed.ac.,3,3
58048102,0.01009,germline_f,s2559269,r,09/08/2026,10:25:08,igmm_long@node1a04.ecdf.ed.ac.,3,4
58048102,0.01006,germline_f,s2559269,r,09/08/2026,10:25:08,igmm_long@node1b04.ecdf.ed.ac.,3,5
58048102,0.01003,germline_f,s2559269,r,09/08/2026,10:25:08,igmm_long@node1b08.ecdf.ed.ac.,3,6
58196683,0.00994,crsbC_rand,s2538679,r,09/09/2026,14:30:06,gpu@node1p05.ecdf.ed.ac.uk,1
58197291,0.00987,ed-gigpo2,wkwan,r,09/09/2026,21:06:42,gpu@node1g07.ecdf.ed.ac.uk,16,9
58232745,0.00984,QLOGIN,ggorjanc,r,09/09/2026,15:45:11,staging@node1f17.ecdf.ed.ac.uk,1
58258286,0.00955,ce1,gl02ad3,r,09/09/2026,22:23:36,eddie@node1l14.ecdf.ed.ac.uk,1
58169629,0.00954,ref_bi_mai,s2013568,r,09/08/2026,17:31:16,eddie@node1n16.ecdf.ed.ac.uk,64
58258239,0.00937,orcann_tra,s2400686,r,09/09/2026,22:11:58,gpu@node1g02.ecdf.ed.ac.uk,1
58145941,0.00928,receptor_b,s1934251,r,09/09/2026,22:14:28,gpu@node1g02.ecdf.ed.ac.uk,1
58148242,0.00927,QLOGIN,dlarson,r,09/08/2026,09:49:41,eddie@node1j15.ecdf.ed.ac.uk,20
58145940,0.00923,receptor_b,s1934251,r,09/09/2026,21:40:48,gpu@node1g06.ecdf.ed.ac.uk,1
58147881,0.00918,cmyc_1-88_,s2907279,r,09/09/2026,22:18:06,gpu@node1o17.ecdf.ed.ac.uk,8
58197450,0.00897,oil2d_mcmc,s2673720,r,09/09/2026,08:43:25,eddie@node1n15.ecdf.ed.ac.uk,20
58128184,0.00861,perm-windo,v1malmar,r,09/09/2026,22:13:43,gpu@node1p07.ecdf.ed.ac.uk,8
58128183,0.00858,perm-windo,v1malmar,r,09/09/2026,21:55:28,gpu@node1q08.ecdf.ed.ac.uk,8
58118905,0.00849,perm-windo,v1malmar,r,09/09/2026,17:39:27,gpu@node1g07.ecdf.ed.ac.uk,8
58148081,0.00839,q_30nm-FC-,jross7,r,09/09/2026,22:21:06,gpu@node1p05.ecdf.ed.ac.uk,1,1132
58118906,0.00826,perm-windo,v1malmar,r,09/09/2026,17:48:35,gpu@node1q08.ecdf.ed.ac.uk,8
58197448,0.00823,CO23d_ssv,s2673720,r,09/09/2026,08:24:20,eddie@node1n13.ecdf.ed.ac.uk,20
58148343,0.00790,bcftools,s2745005,r,09/08/2026,10:46:02,eddie@node1t01.ecdf.ed.ac.uk,5
58197370,0.00789,okc154_cal,gross33,r,09/09/2026,06:59:02,eddie@node1r14.ecdf.ed.ac.uk,1,6
58118904,0.00776,perm-windo,v1malmar,r,09/09/2026,13:55:01,gpu@node1q08.ecdf.ed.ac.uk,8
58118902,0.00749,perm-windo,v1malmar,r,09/09/2026,10:19:30,gpu@node1g07.ecdf.ed.ac.uk,8
58118903,0.00739,perm-windo,v1malmar,r,09/09/2026,10:32:58,gpu@node1g06.ecdf.ed.ac.uk,8
58219027,0.00716,GCMC_700_b,hismaeel,r,09/09/2026,13:55:01,eddie@node1k04.ecdf.ed.ac.uk,54
58165174,0.00713,step7_ext,s2116644,r,09/08/2026,16:51:41,eddie@node1h07.ecdf.ed.ac.uk,8,1
58148609,0.00712,LAMMPS_1_b,hismaeel,r,09/08/2026,12:48:06,eddie@node1m13.ecdf.ed.ac.uk,54
58206481,0.00708,nf-FASTA_C,spita,r,09/09/2026,11:56:22,eddie@node1h09.ecdf.ed.ac.uk,6
58197370,0.00701,okc154_cal,gross33,r,09/09/2026,06:59:02,eddie@node1r14.ecdf.ed.ac.uk,1,7
58118898,0.00701,perm-windo,v1malmar,r,09/09/2026,03:23:32,gpu@node1r03.ecdf.ed.ac.uk,8
58236935,0.00698,autocycler,s2588802,r,09/09/2026,19:35:32,eddie@node1t01.ecdf.ed.ac.uk,32,3
58118899,0.00691,perm-windo,v1malmar,r,09/09/2026,03:29:02,gpu@node1s04.ecdf.ed.ac.uk,8
58118901,0.00685,perm-windo,v1malmar,r,09/09/2026,03:54:17,gpu@node1r03.ecdf.ed.ac.uk,8
58135473,0.00684,sim_4096_2,sbenavid,r,09/07/2026,23:35:34,gpu@node1p06.ecdf.ed.ac.uk,1
58118900,0.00681,perm-windo,v1malmar,r,09/09/2026,03:31:32,gpu@node1s05.ecdf.ed.ac.uk,8
58196943,0.00679,bt.h1.read,s2520601,r,09/09/2026,02:43:02,eddie@node1q13.ecdf.ed.ac.uk,1,3
58236935,0.00652,autocycler,s2588802,r,09/09/2026,20:04:40,eddie@node1t01.ecdf.ed.ac.uk,32,4
58219272,0.00646,GCMC_450_b,hismaeel,r,09/09/2026,13:55:01,eddie@node1d02.ecdf.ed.ac.uk,52
58150344,0.00645,QLOGIN,s2520601,r,09/08/2026,14:34:42,eddie@node1j24.ecdf.ed.ac.uk,1
58154070,0.00643,GWAS_RINT_,fkebede,r,09/08/2026,15:39:14,eddie@node1q14.ecdf.ed.ac.uk,2,1
58197370,0.00631,okc154_cal,gross33,r,09/09/2026,06:59:02,eddie@node1r14.ecdf.ed.ac.uk,1,8
58153409,0.00619,QLOGIN,dzhiguno,r,09/08/2026,15:30:50,eddie@node1i23.ecdf.ed.ac.uk,32
58152811,0.00618,downscale,barendar,r,09/09/2026,06:56:32,eddie@node1p11.ecdf.ed.ac.uk,6,10
58049280,0.00612,b_ocDist_E,s2719294,r,09/04/2026,14:05:54,eddie@node1q03.ecdf.ed.ac.uk,2
58152811,0.00607,downscale,barendar,r,09/09/2026,07:13:02,eddie@node1s12.ecdf.ed.ac.uk,6,12
58136553,0.00603,Ti4O8-C12-,s1829244,r,09/07/2026,10:26:50,eddie@node1k14.ecdf.ed.ac.uk,2
58152811,0.00591,downscale,barendar,r,09/09/2026,06:56:32,eddie@node1p11.ecdf.ed.ac.uk,6,11
58256353,0.00590,nsga3_pdkd,s2438517,r,09/09/2026,21:25:42,eddie@node1f09.ecdf.ed.ac.uk,1,2
58143475,0.00590,step7_gate,yhu5,r,09/09/2026,22:22:21,eddie@node1j26.ecdf.ed.ac.uk,8,494
58143475,0.00590,step7_gate,yhu5,r,09/09/2026,22:21:51,eddie@node1h12.ecdf.ed.ac.uk,8,493
58242581,0.00589,code03_gms,s2285280,r,09/09/2026,19:21:30,eddie@node1i07.ecdf.ed.ac.uk,1,2
58143475,0.00589,step7_gate,yhu5,r,09/09/2026,22:19:21,eddie@node1h13.ecdf.ed.ac.uk,8,491
58143475,0.00589,step7_gate,yhu5,r,09/09/2026,22:19:21,eddie@node1r12.ecdf.ed.ac.uk,8,492
58143475,0.00589,step7_gate,yhu5,r,09/09/2026,22:18:36,eddie@node1o06.ecdf.ed.ac.uk,8,490
58143475,0.00588,step7_gate,yhu5,r,09/09/2026,22:09:58,eddie@node1i02.ecdf.ed.ac.uk,8,488
58143475,0.00588,step7_gate,yhu5,r,09/09/2026,22:09:58,eddie@node1r12.ecdf.ed.ac.uk,8,489
58143475,0.00586,step7_gate,yhu5,r,09/09/2026,22:00:55,eddie@node1o03.ecdf.ed.ac.uk,8,487
58143475,0.00586,step7_gate,yhu5,r,09/09/2026,22:00:10,eddie@node1r12.ecdf.ed.ac.uk,8,486
58143475,0.00586,step7_gate,yhu5,r,09/09/2026,21:58:40,eddie@node1l27.ecdf.ed.ac.uk,8,485
58152814,0.00585,downscale,barendar,r,09/09/2026,07:28:02,eddie@node1s12.ecdf.ed.ac.uk,6,1
58143475,0.00584,step7_gate,yhu5,r,09/09/2026,21:39:03,eddie@node1m20.ecdf.ed.ac.uk,8,483
58143475,0.00584,step7_gate,yhu5,r,09/09/2026,21:39:03,eddie@node1m20.ecdf.ed.ac.uk,8,484
58143475,0.00583,step7_gate,yhu5,r,09/09/2026,21:32:03,eddie@node1l23.ecdf.ed.ac.uk,8,482
58143475,0.00581,step7_gate,yhu5,r,09/09/2026,21:20:42,eddie@node1l22.ecdf.ed.ac.uk,8,481
58143475,0.00581,step7_gate,yhu5,r,09/09/2026,21:19:57,eddie@node1l26.ecdf.ed.ac.uk,8,480
58143475,0.00581,step7_gate,yhu5,r,09/09/2026,21:17:42,eddie@node1l21.ecdf.ed.ac.uk,8,479
58232673,0.00581,SimuPhyloE,gclarte,r,09/09/2026,16:21:54,eddie@node1m10.ecdf.ed.ac.uk,31
58143475,0.00580,step7_gate,yhu5,r,09/09/2026,21:08:42,eddie@node1o06.ecdf.ed.ac.uk,8,475
58143475,0.00580,step7_gate,yhu5,r,09/09/2026,21:12:42,eddie@node1r19.ecdf.ed.ac.uk,8,478
58143475,0.00579,step7_gate,yhu5,r,09/09/2026,21:11:12,eddie@node1h12.ecdf.ed.ac.uk,8,477
58143475,0.00579,step7_gate,yhu5,r,09/09/2026,21:09:27,eddie@node1s13.ecdf.ed.ac.uk,8,476
58143475,0.00578,step7_gate,yhu5,r,09/09/2026,21:00:57,eddie@node1h15.ecdf.ed.ac.uk,8,474
58143475,0.00577,step7_gate,yhu5,r,09/09/2026,20:56:34,eddie@node1s17.ecdf.ed.ac.uk,8,473
58143475,0.00577,step7_gate,yhu5,r,09/09/2026,20:55:19,eddie@node1h11.ecdf.ed.ac.uk,8,472
58143475,0.00576,step7_gate,yhu5,r,09/09/2026,20:51:49,eddie@node1l25.ecdf.ed.ac.uk,8,471
58143475,0.00576,step7_gate,yhu5,r,09/09/2026,20:51:04,eddie@node1o06.ecdf.ed.ac.uk,8,470
58143475,0.00576,step7_gate,yhu5,r,09/09/2026,20:50:49,eddie@node1l22.ecdf.ed.ac.uk,8,469
58143475,0.00576,step7_gate,yhu5,r,09/09/2026,20:50:34,eddie@node1o06.ecdf.ed.ac.uk,8,468
58143475,0.00574,step7_gate,yhu5,r,09/09/2026,20:38:19,eddie@node1l24.ecdf.ed.ac.uk,8,467
58143475,0.00573,step7_gate,yhu5,r,09/09/2026,20:30:01,eddie@node1r14.ecdf.ed.ac.uk,8,466
58143475,0.00572,step7_gate,yhu5,r,09/09/2026,20:28:01,eddie@node1h15.ecdf.ed.ac.uk,8,465
58143475,0.00572,step7_gate,yhu5,r,09/09/2026,20:23:16,eddie@node1r14.ecdf.ed.ac.uk,8,464
58143475,0.00572,step7_gate,yhu5,r,09/09/2026,20:23:01,eddie@node1r15.ecdf.ed.ac.uk,8,463
58143475,0.00570,step7_gate,yhu5,r,09/09/2026,20:14:55,eddie@node1h03.ecdf.ed.ac.uk,8,462
58143475,0.00570,step7_gate,yhu5,r,09/09/2026,20:04:40,eddie@node1r16.ecdf.ed.ac.uk,8,461
58143475,0.00569,step7_gate,yhu5,r,09/09/2026,20:00:13,eddie@node1l26.ecdf.ed.ac.uk,8,460
58143475,0.00569,step7_gate,yhu5,r,09/09/2026,19:57:28,eddie@node1o11.ecdf.ed.ac.uk,8,459
58143475,0.00566,step7_gate,yhu5,r,09/09/2026,19:39:11,eddie@node1l25.ecdf.ed.ac.uk,8,458
58152814,0.00564,downscale,barendar,r,09/09/2026,07:28:02,eddie@node1s12.ecdf.ed.ac.uk,6,2
58143475,0.00564,step7_gate,yhu5,r,09/09/2026,19:32:47,eddie@node1h16.ecdf.ed.ac.uk,8,457
58143475,0.00563,step7_gate,yhu5,r,09/09/2026,19:31:02,eddie@node1h04.ecdf.ed.ac.uk,8,456
58143475,0.00563,step7_gate,yhu5,r,09/09/2026,19:26:59,eddie@node1l22.ecdf.ed.ac.uk,8,455
58143475,0.00560,step7_gate,yhu5,r,09/09/2026,19:11:45,eddie@node1i03.ecdf.ed.ac.uk,8,454
58143475,0.00560,step7_gate,yhu5,r,09/09/2026,19:09:00,eddie@node1r20.ecdf.ed.ac.uk,8,453
58143475,0.00560,step7_gate,yhu5,r,09/09/2026,19:07:15,eddie@node1m16.ecdf.ed.ac.uk,8,452
58143475,0.00559,step7_gate,yhu5,r,09/09/2026,19:02:15,eddie@node1m20.ecdf.ed.ac.uk,8,451
58143475,0.00559,step7_gate,yhu5,r,09/09/2026,19:01:45,eddie@node1h10.ecdf.ed.ac.uk,8,449
58143475,0.00559,step7_gate,yhu5,r,09/09/2026,19:01:45,eddie@node1h10.ecdf.ed.ac.uk,8,450
58143475,0.00559,step7_gate,yhu5,r,09/09/2026,19:00:30,eddie@node1r08.ecdf.ed.ac.uk,8,448
58143475,0.00558,step7_gate,yhu5,r,09/09/2026,18:51:45,eddie@node1r20.ecdf.ed.ac.uk,8,447
58143475,0.00558,step7_gate,yhu5,r,09/09/2026,18:51:00,eddie@node1j28.ecdf.ed.ac.uk,8,446
58143475,0.00557,step7_gate,yhu5,r,09/09/2026,18:49:30,eddie@node1l24.ecdf.ed.ac.uk,8,445
58143475,0.00557,step7_gate,yhu5,r,09/09/2026,18:48:30,eddie@node1r19.ecdf.ed.ac.uk,8,444
58143475,0.00556,step7_gate,yhu5,r,09/09/2026,18:44:59,eddie@node1l23.ecdf.ed.ac.uk,8,443
58143475,0.00555,step7_gate,yhu5,r,09/09/2026,18:40:44,eddie@node1o09.ecdf.ed.ac.uk,8,442
58143475,0.00555,step7_gate,yhu5,r,09/09/2026,18:37:59,eddie@node1f04.ecdf.ed.ac.uk,8,441
58143475,0.00555,step7_gate,yhu5,r,09/09/2026,18:35:59,eddie@node1h04.ecdf.ed.ac.uk,8,440
58143475,0.00553,step7_gate,yhu5,r,09/09/2026,18:26:12,eddie@node1o03.ecdf.ed.ac.uk,8,439
58143475,0.00553,step7_gate,yhu5,r,09/09/2026,18:24:57,eddie@node1o05.ecdf.ed.ac.uk,8,438
58143475,0.00551,step7_gate,yhu5,r,09/09/2026,18:17:27,eddie@node1e05.ecdf.ed.ac.uk,8,437
58143475,0.00551,step7_gate,yhu5,r,09/09/2026,18:11:27,eddie@node1l28.ecdf.ed.ac.uk,8,436
58143475,0.00550,step7_gate,yhu5,r,09/09/2026,18:11:12,eddie@node1l27.ecdf.ed.ac.uk,8,435
58143475,0.00550,step7_gate,yhu5,r,09/09/2026,18:08:31,eddie@node1o03.ecdf.ed.ac.uk,8,434
58152814,0.00548,downscale,barendar,r,09/09/2026,07:40:02,eddie@node1p08.ecdf.ed.ac.uk,6,3
58143475,0.00546,step7_gate,yhu5,r,09/09/2026,17:45:35,eddie@node1l22.ecdf.ed.ac.uk,8,433
58233568,0.00546,FKBP12_v2,s2187006,r,09/09/2026,16:30:43,gpu@node1o15.ecdf.ed.ac.uk,4
58143475,0.00546,step7_gate,yhu5,r,09/09/2026,17:44:50,eddie@node1h03.ecdf.ed.ac.uk,8,432
58143475,0.00545,step7_gate,yhu5,r,09/09/2026,17:41:42,eddie@node1m14.ecdf.ed.ac.uk,8,431
58143475,0.00545,step7_gate,yhu5,r,09/09/2026,17:38:42,eddie@node1r09.ecdf.ed.ac.uk,8,430
58143475,0.00545,step7_gate,yhu5,r,09/09/2026,17:37:27,eddie@node1l27.ecdf.ed.ac.uk,8,429
58143475,0.00543,step7_gate,yhu5,r,09/09/2026,17:25:15,eddie@node1s14.ecdf.ed.ac.uk,8,428
58143475,0.00542,step7_gate,yhu5,r,09/09/2026,17:21:15,eddie@node1s14.ecdf.ed.ac.uk,8,427
58143475,0.00542,step7_gate,yhu5,r,09/09/2026,17:14:09,eddie@node1o03.ecdf.ed.ac.uk,8,426
58143475,0.00541,step7_gate,yhu5,r,09/09/2026,17:10:09,eddie@node1o03.ecdf.ed.ac.uk,8,425
58143475,0.00541,step7_gate,yhu5,r,09/09/2026,17:08:54,eddie@node1m24.ecdf.ed.ac.uk,8,424
58143475,0.00541,step7_gate,yhu5,r,09/09/2026,17:07:39,eddie@node1r15.ecdf.ed.ac.uk,8,423
58143475,0.00537,step7_gate,yhu5,r,09/09/2026,16:45:38,eddie@node1j25.ecdf.ed.ac.uk,8,420
58143475,0.00537,step7_gate,yhu5,r,09/09/2026,16:49:52,eddie@node1l24.ecdf.ed.ac.uk,8,421
58143475,0.00536,step7_gate,yhu5,r,09/09/2026,16:41:38,eddie@node1m14.ecdf.ed.ac.uk,8,419
58143475,0.00535,step7_gate,yhu5,r,09/09/2026,16:38:53,eddie@node1h23.ecdf.ed.ac.uk,8,418
58143475,0.00535,step7_gate,yhu5,r,09/09/2026,16:37:23,eddie@node1l27.ecdf.ed.ac.uk,8,417
58143475,0.00534,step7_gate,yhu5,r,09/09/2026,16:31:28,eddie@node1m19.ecdf.ed.ac.uk,8,416
58143475,0.00534,step7_gate,yhu5,r,09/09/2026,16:24:02,eddie@node1h12.ecdf.ed.ac.uk,8,415
58152814,0.00531,downscale,barendar,r,09/09/2026,07:40:02,eddie@node1p08.ecdf.ed.ac.uk,6,4
58143475,0.00530,step7_gate,yhu5,r,09/09/2026,15:58:15,eddie@node1o06.ecdf.ed.ac.uk,8,414
58143475,0.00529,step7_gate,yhu5,r,09/09/2026,15:56:45,eddie@node1h05.ecdf.ed.ac.uk,8,413
58243528,0.00528,bw_res2,sbrahma,r,09/09/2026,19:27:44,eddie@node1d03.ecdf.ed.ac.uk,16,1
58143475,0.00527,step7_gate,yhu5,r,09/09/2026,15:45:03,eddie@node1l23.ecdf.ed.ac.uk,8,412
58143475,0.00526,step7_gate,yhu5,r,09/09/2026,15:44:48,eddie@node1o04.ecdf.ed.ac.uk,8,411
58197370,0.00526,okc154_cal,gross33,r,09/09/2026,06:59:02,eddie@node1r14.ecdf.ed.ac.uk,1,10
58143475,0.00526,step7_gate,yhu5,r,09/09/2026,15:40:48,eddie@node1l28.ecdf.ed.ac.uk,8,410
58143475,0.00525,step7_gate,yhu5,r,09/09/2026,15:34:30,eddie@node1l23.ecdf.ed.ac.uk,8,409
58143475,0.00524,step7_gate,yhu5,r,09/09/2026,15:29:53,eddie@node1o04.ecdf.ed.ac.uk,8,407
58143475,0.00524,step7_gate,yhu5,r,09/09/2026,15:29:23,eddie@node1l26.ecdf.ed.ac.uk,8,406
58143475,0.00524,step7_gate,yhu5,r,09/09/2026,15:29:08,eddie@node1i02.ecdf.ed.ac.uk,8,405
58143475,0.00524,step7_gate,yhu5,r,09/09/2026,15:28:08,eddie@node1l27.ecdf.ed.ac.uk,8,404
58143475,0.00524,step7_gate,yhu5,r,09/09/2026,15:27:03,eddie@node1l23.ecdf.ed.ac.uk,8,403
58143475,0.00523,step7_gate,yhu5,r,09/09/2026,15:22:42,eddie@node1l25.ecdf.ed.ac.uk,8,402
58143475,0.00523,step7_gate,yhu5,r,09/09/2026,15:21:57,eddie@node1l23.ecdf.ed.ac.uk,8,401
58143475,0.00522,step7_gate,yhu5,r,09/09/2026,15:16:40,eddie@node1l25.ecdf.ed.ac.uk,8,400
58143475,0.00522,step7_gate,yhu5,r,09/09/2026,15:12:51,eddie@node1r09.ecdf.ed.ac.uk,8,399
58143475,0.00521,step7_gate,yhu5,r,09/09/2026,15:07:27,eddie@node1o11.ecdf.ed.ac.uk,8,398
58143475,0.00520,step7_gate,yhu5,r,09/09/2026,15:03:10,eddie@node1r15.ecdf.ed.ac.uk,8,397
58152814,0.00519,downscale,barendar,r,09/09/2026,07:56:47,eddie@node1p09.ecdf.ed.ac.uk,6,5
58143475,0.00519,step7_gate,yhu5,r,09/09/2026,14:54:28,eddie@node1o05.ecdf.ed.ac.uk,8,395
58143475,0.00518,step7_gate,yhu5,r,09/09/2026,14:51:42,eddie@node1r20.ecdf.ed.ac.uk,8,394
58143475,0.00518,step7_gate,yhu5,r,09/09/2026,14:49:31,eddie@node1j27.ecdf.ed.ac.uk,8,393
58143475,0.00518,step7_gate,yhu5,r,09/09/2026,14:47:46,eddie@node1r09.ecdf.ed.ac.uk,8,392
58143475,0.00517,step7_gate,yhu5,r,09/09/2026,14:46:16,eddie@node1h07.ecdf.ed.ac.uk,8,391
58143475,0.00516,step7_gate,yhu5,r,09/09/2026,14:44:04,eddie@node1o06.ecdf.ed.ac.uk,8,390
58143475,0.00516,step7_gate,yhu5,r,09/09/2026,14:43:19,eddie@node1l22.ecdf.ed.ac.uk,8,389
58143475,0.00516,step7_gate,yhu5,r,09/09/2026,14:41:50,eddie@node1h15.ecdf.ed.ac.uk,8,388
58143475,0.00515,step7_gate,yhu5,r,09/09/2026,14:39:11,eddie@node1o04.ecdf.ed.ac.uk,8,387
58143475,0.00513,step7_gate,yhu5,r,09/09/2026,14:26:01,eddie@node1l26.ecdf.ed.ac.uk,8,386
58143475,0.00512,step7_gate,yhu5,r,09/09/2026,14:20:39,eddie@node1l25.ecdf.ed.ac.uk,8,385
58143475,0.00512,step7_gate,yhu5,r,09/09/2026,14:18:13,eddie@node1l24.ecdf.ed.ac.uk,8,384
58143475,0.00512,step7_gate,yhu5,r,09/09/2026,09:12:31,eddie@node1o07.ecdf.ed.ac.uk,8,250
58143475,0.00512,step7_gate,yhu5,r,09/09/2026,09:12:31,eddie@node1o07.ecdf.ed.ac.uk,8,252
58143475,0.00509,step7_gate,yhu5,r,09/09/2026,09:15:36,eddie@node1r08.ecdf.ed.ac.uk,8,256
58199184,0.00508,atac,ddunica2,r,09/09/2026,10:20:03,eddie@node1j24.ecdf.ed.ac.uk,1
58143475,0.00508,step7_gate,yhu5,r,09/09/2026,09:16:36,eddie@node1o11.ecdf.ed.ac.uk,8,262
58143475,0.00507,step7_gate,yhu5,r,09/09/2026,09:28:54,eddie@node1s16.ecdf.ed.ac.uk,8,268
58143475,0.00507,step7_gate,yhu5,r,09/09/2026,09:28:54,eddie@node1s16.ecdf.ed.ac.uk,8,269
58143475,0.00507,step7_gate,yhu5,r,09/09/2026,09:28:54,eddie@node1s16.ecdf.ed.ac.uk,8,270
58143475,0.00507,step7_gate,yhu5,r,09/09/2026,09:18:34,eddie@node1p11.ecdf.ed.ac.uk,8,263
58143475,0.00507,step7_gate,yhu5,r,09/09/2026,09:25:49,eddie@node1r19.ecdf.ed.ac.uk,8,267
58143475,0.00506,step7_gate,yhu5,r,09/09/2026,09:29:39,eddie@node1h21.ecdf.ed.ac.uk,8,271
58143475,0.00506,step7_gate,yhu5,r,09/09/2026,09:29:39,eddie@node1h21.ecdf.ed.ac.uk,8,272
58236935,0.00506,autocycler,s2588802,r,09/09/2026,20:14:40,eddie@node1t01.ecdf.ed.ac.uk,32,6
58143475,0.00506,step7_gate,yhu5,r,09/09/2026,09:30:39,eddie@node1h08.ecdf.ed.ac.uk,8,273
58143475,0.00506,step7_gate,yhu5,r,09/09/2026,09:30:39,eddie@node1h08.ecdf.ed.ac.uk,8,274
58143475,0.00505,step7_gate,yhu5,r,09/09/2026,07:50:02,eddie@node1l28.ecdf.ed.ac.uk,8,241
58143475,0.00505,step7_gate,yhu5,r,09/09/2026,13:41:38,eddie@node1s13.ecdf.ed.ac.uk,8,382
58143475,0.00505,step7_gate,yhu5,r,09/09/2026,13:41:23,eddie@node1f13.ecdf.ed.ac.uk,8,381
58152814,0.00505,downscale,barendar,r,09/09/2026,07:56:47,eddie@node1p09.ecdf.ed.ac.uk,6,6
58143475,0.00504,step7_gate,yhu5,r,09/09/2026,13:28:49,eddie@node1s17.ecdf.ed.ac.uk,8,380
58143475,0.00504,step7_gate,yhu5,r,09/09/2026,13:27:49,eddie@node1r07.ecdf.ed.ac.uk,8,378
58143475,0.00504,step7_gate,yhu5,r,09/09/2026,13:27:49,eddie@node1r07.ecdf.ed.ac.uk,8,379
58143475,0.00504,step7_gate,yhu5,r,09/09/2026,13:27:34,eddie@node1o08.ecdf.ed.ac.uk,8,377
58143475,0.00504,step7_gate,yhu5,r,09/09/2026,13:27:04,eddie@node1r08.ecdf.ed.ac.uk,8,374
58143475,0.00504,step7_gate,yhu5,r,09/09/2026,13:27:04,eddie@node1r08.ecdf.ed.ac.uk,8,375
58143475,0.00504,step7_gate,yhu5,r,09/09/2026,13:27:04,eddie@node1r08.ecdf.ed.ac.uk,8,376
58143475,0.00504,step7_gate,yhu5,r,09/09/2026,13:26:04,eddie@node1o14.ecdf.ed.ac.uk,8,373
58143475,0.00504,step7_gate,yhu5,r,09/09/2026,13:25:34,eddie@node1o09.ecdf.ed.ac.uk,8,372
58143475,0.00504,step7_gate,yhu5,r,09/09/2026,13:24:34,eddie@node1j09.ecdf.ed.ac.uk,8,371
58143475,0.00503,step7_gate,yhu5,r,09/09/2026,13:23:49,eddie@node1l21.ecdf.ed.ac.uk,8,370
58143475,0.00503,step7_gate,yhu5,r,09/09/2026,13:22:19,eddie@node1l02.ecdf.ed.ac.uk,8,369
58143475,0.00503,step7_gate,yhu5,r,09/09/2026,13:21:19,eddie@node1h04.ecdf.ed.ac.uk,8,368
58143475,0.00503,step7_gate,yhu5,r,09/09/2026,13:21:04,eddie@node1h04.ecdf.ed.ac.uk,8,367
58143475,0.00503,step7_gate,yhu5,r,09/09/2026,09:32:06,eddie@node1o10.ecdf.ed.ac.uk,8,279
58143475,0.00503,step7_gate,yhu5,r,09/09/2026,13:20:34,eddie@node1h23.ecdf.ed.ac.uk,8,366
58143475,0.00503,step7_gate,yhu5,r,09/09/2026,13:19:41,eddie@node1l07.ecdf.ed.ac.uk,8,365
58143475,0.00503,step7_gate,yhu5,r,09/09/2026,13:18:06,eddie@node1o14.ecdf.ed.ac.uk,8,364
58143475,0.00503,step7_gate,yhu5,r,09/09/2026,13:17:21,eddie@node1m16.ecdf.ed.ac.uk,8,363
58143475,0.00502,step7_gate,yhu5,r,09/09/2026,13:12:18,eddie@node1j26.ecdf.ed.ac.uk,8,362
58143475,0.00502,step7_gate,yhu5,r,09/09/2026,13:11:48,eddie@node1o14.ecdf.ed.ac.uk,8,360
58143475,0.00502,step7_gate,yhu5,r,09/09/2026,13:11:48,eddie@node1o14.ecdf.ed.ac.uk,8,361
58143475,0.00502,step7_gate,yhu5,r,09/09/2026,13:11:11,eddie@node1j26.ecdf.ed.ac.uk,8,359
58143475,0.00502,step7_gate,yhu5,r,09/09/2026,13:10:42,eddie@node1r20.ecdf.ed.ac.uk,8,358
58143475,0.00502,step7_gate,yhu5,r,09/09/2026,13:10:11,eddie@node1h23.ecdf.ed.ac.uk,8,357
58143475,0.00501,step7_gate,yhu5,r,09/09/2026,09:37:46,eddie@node1l26.ecdf.ed.ac.uk,8,289
58143475,0.00501,step7_gate,yhu5,r,09/09/2026,09:38:46,eddie@node1j05.ecdf.ed.ac.uk,8,290
58143475,0.00500,step7_gate,yhu5,r,09/09/2026,12:41:05,eddie@node1h13.ecdf.ed.ac.uk,8,328
58143475,0.00500,step7_gate,yhu5,r,09/09/2026,09:44:01,eddie@node1l10.ecdf.ed.ac.uk,8,300
58143475,0.00500,step7_gate,yhu5,r,09/09/2026,13:06:56,eddie@node1l21.ecdf.ed.ac.uk,8,354
58143475,0.00500,step7_gate,yhu5,r,09/09/2026,13:06:56,eddie@node1o12.ecdf.ed.ac.uk,8,355
58143475,0.00500,step7_gate,yhu5,r,09/09/2026,13:06:56,eddie@node1j18.ecdf.ed.ac.uk,8,356
58143475,0.00500,step7_gate,yhu5,r,09/09/2026,13:06:26,eddie@node1h21.ecdf.ed.ac.uk,8,353
58143475,0.00500,step7_gate,yhu5,r,09/09/2026,09:45:31,eddie@node1h23.ecdf.ed.ac.uk,8,301
58143475,0.00500,step7_gate,yhu5,r,09/09/2026,13:04:10,eddie@node1h06.ecdf.ed.ac.uk,8,352
58143475,0.00500,step7_gate,yhu5,r,09/09/2026,13:03:40,eddie@node1h22.ecdf.ed.ac.uk,8,351
58143475,0.00500,step7_gate,yhu5,r,09/09/2026,13:03:25,eddie@node1s16.ecdf.ed.ac.uk,8,350
58143475,0.00499,step7_gate,yhu5,r,09/09/2026,12:34:45,eddie@node1h24.ecdf.ed.ac.uk,8,326
58143475,0.00499,step7_gate,yhu5,r,09/09/2026,12:34:30,eddie@node1o14.ecdf.ed.ac.uk,8,325
58143475,0.00499,step7_gate,yhu5,r,09/09/2026,13:00:25,eddie@node1h23.ecdf.ed.ac.uk,8,348
58143475,0.00499,step7_gate,yhu5,r,09/09/2026,12:59:55,eddie@node1s13.ecdf.ed.ac.uk,8,347
58143475,0.00499,step7_gate,yhu5,r,09/09/2026,12:58:55,eddie@node1r09.ecdf.ed.ac.uk,8,345
58143475,0.00499,step7_gate,yhu5,r,09/09/2026,12:58:55,eddie@node1h22.ecdf.ed.ac.uk,8,346
58143475,0.00498,step7_gate,yhu5,r,09/09/2026,12:55:34,eddie@node1o11.ecdf.ed.ac.uk,8,344
58143475,0.00498,step7_gate,yhu5,r,09/09/2026,12:55:19,eddie@node1h10.ecdf.ed.ac.uk,8,343
58143475,0.00498,step7_gate,yhu5,r,09/09/2026,12:55:04,eddie@node1o12.ecdf.ed.ac.uk,8,342
58143475,0.00498,step7_gate,yhu5,r,09/09/2026,12:54:04,eddie@node1h07.ecdf.ed.ac.uk,8,341
58143475,0.00498,step7_gate,yhu5,r,09/09/2026,12:53:49,eddie@node1o12.ecdf.ed.ac.uk,8,340
58143475,0.00498,step7_gate,yhu5,r,09/09/2026,12:53:03,eddie@node1j25.ecdf.ed.ac.uk,8,339
58143475,0.00498,step7_gate,yhu5,r,09/09/2026,12:52:21,eddie@node1h09.ecdf.ed.ac.uk,8,336
58143475,0.00498,step7_gate,yhu5,r,09/09/2026,12:52:21,eddie@node1h09.ecdf.ed.ac.uk,8,337
58143475,0.00498,step7_gate,yhu5,r,09/09/2026,12:52:36,eddie@node1r19.ecdf.ed.ac.uk,8,338
58143475,0.00498,step7_gate,yhu5,r,09/09/2026,12:50:56,eddie@node1o12.ecdf.ed.ac.uk,8,335
58143475,0.00498,step7_gate,yhu5,r,09/09/2026,12:50:15,eddie@node1h12.ecdf.ed.ac.uk,8,333
58143475,0.00498,step7_gate,yhu5,r,09/09/2026,12:50:15,eddie@node1r18.ecdf.ed.ac.uk,8,334
58143475,0.00498,step7_gate,yhu5,r,09/09/2026,12:49:15,eddie@node1h16.ecdf.ed.ac.uk,8,332
58143475,0.00498,step7_gate,yhu5,r,09/09/2026,12:48:45,eddie@node1m14.ecdf.ed.ac.uk,8,331
58143475,0.00498,step7_gate,yhu5,r,09/09/2026,12:48:15,eddie@node1s14.ecdf.ed.ac.uk,8,330
58143475,0.00498,step7_gate,yhu5,r,09/09/2026,12:48:00,eddie@node1o08.ecdf.ed.ac.uk,8,329
58143475,0.00498,step7_gate,yhu5,r,09/09/2026,12:24:05,eddie@node1r16.ecdf.ed.ac.uk,8,323
58143475,0.00496,step7_gate,yhu5,r,09/09/2026,12:13:56,eddie@node1j26.ecdf.ed.ac.uk,8,322
58143475,0.00496,step7_gate,yhu5,r,09/09/2026,12:12:41,eddie@node1i03.ecdf.ed.ac.uk,8,321
58143475,0.00491,step7_gate,yhu5,r,09/09/2026,12:05:03,eddie@node1l06.ecdf.ed.ac.uk,8,320
58143475,0.00490,step7_gate,yhu5,r,09/09/2026,11:58:37,eddie@node1r15.ecdf.ed.ac.uk,8,319
58143475,0.00490,step7_gate,yhu5,r,09/09/2026,11:48:52,eddie@node1m22.ecdf.ed.ac.uk,8,316
58152814,0.00487,downscale,barendar,r,09/09/2026,08:10:34,eddie@node1s09.ecdf.ed.ac.uk,6,7
58197370,0.00486,okc154_cal,gross33,r,09/09/2026,06:59:02,eddie@node1r14.ecdf.ed.ac.uk,1,11
58196943,0.00485,bt.h1.read,s2520601,r,09/09/2026,02:43:02,eddie@node1q13.ecdf.ed.ac.uk,1,5
58236935,0.00483,autocycler,s2588802,r,09/09/2026,20:22:31,eddie@node1t01.ecdf.ed.ac.uk,32,7
58257765,0.00482,QLOGIN,sfang3,r,09/09/2026,21:57:40,eddie@node1j24.ecdf.ed.ac.uk,1
58258275,0.00482,Min5_1Pct_,s2711852,r,09/09/2026,22:21:06,eddie@node1l28.ecdf.ed.ac.uk,1
58143475,0.00482,step7_gate,yhu5,r,09/09/2026,10:59:38,eddie@node1r18.ecdf.ed.ac.uk,8,312
58143475,0.00482,step7_gate,yhu5,r,09/09/2026,10:57:53,eddie@node1f13.ecdf.ed.ac.uk,8,310
58143475,0.00482,step7_gate,yhu5,r,09/09/2026,10:57:53,eddie@node1j26.ecdf.ed.ac.uk,8,311
58236935,0.00479,autocycler,s2588802,r,09/09/2026,21:13:27,eddie@node1t01.ecdf.ed.ac.uk,32,8
58143475,0.00479,step7_gate,yhu5,r,09/09/2026,05:27:02,eddie@node1m15.ecdf.ed.ac.uk,8,216
58143475,0.00478,step7_gate,yhu5,r,09/09/2026,10:53:39,eddie@node1s16.ecdf.ed.ac.uk,8,309
58152814,0.00476,downscale,barendar,r,09/09/2026,08:10:34,eddie@node1s09.ecdf.ed.ac.uk,6,8
58143475,0.00473,step7_gate,yhu5,r,09/09/2026,04:54:32,eddie@node1r19.ecdf.ed.ac.uk,8,207
58152814,0.00470,downscale,barendar,r,09/09/2026,08:26:25,eddie@node1p08.ecdf.ed.ac.uk,6,9
58236935,0.00465,autocycler,s2588802,r,09/09/2026,21:19:57,eddie@node1t01.ecdf.ed.ac.uk,32,9
58236935,0.00463,autocycler,s2588802,r,09/09/2026,21:34:18,eddie@node1s18.ecdf.ed.ac.uk,32,11
58236935,0.00463,autocycler,s2588802,r,09/09/2026,21:23:27,eddie@node1t01.ecdf.ed.ac.uk,32,10
58152814,0.00460,downscale,barendar,r,09/09/2026,08:26:25,eddie@node1p08.ecdf.ed.ac.uk,6,10
58197370,0.00451,okc154_cal,gross33,r,09/09/2026,06:59:02,eddie@node1o06.ecdf.ed.ac.uk,1,12
58236935,0.00451,autocycler,s2588802,r,09/09/2026,21:36:33,eddie@node1t01.ecdf.ed.ac.uk,32,12
58152814,0.00450,downscale,barendar,r,09/09/2026,08:48:25,eddie@node1p10.ecdf.ed.ac.uk,6,11
58152814,0.00450,downscale,barendar,r,09/09/2026,08:48:25,eddie@node1p10.ecdf.ed.ac.uk,6,12
58193058,0.00449,ce1,gl03pi9,r,09/09/2026,07:12:02,eddie@node1l16.ecdf.ed.ac.uk,8
58243528,0.00430,bw_res2,sbrahma,r,09/09/2026,19:29:32,eddie@node1e05.ecdf.ed.ac.uk,16,2
58195269,0.00429,ce1,gl03pi9,r,09/09/2026,07:12:32,eddie@node1l17.ecdf.ed.ac.uk,8
58195767,0.00427,ce1,gl03pi9,r,09/09/2026,07:15:32,eddie@node1l12.ecdf.ed.ac.uk,8
58143475,0.00427,step7_gate,yhu5,r,09/09/2026,02:40:47,eddie@node1l28.ecdf.ed.ac.uk,8,177
58223592,0.00424,mg1optrest,s2752756,r,09/09/2026,14:31:06,eddie@node1i06.ecdf.ed.ac.uk,2
58236935,0.00423,autocycler,s2588802,r,09/09/2026,21:42:48,eddie@node1e09.ecdf.ed.ac.uk,32,13
58143475,0.00423,step7_gate,yhu5,r,09/09/2026,03:17:17,eddie@node1m16.ecdf.ed.ac.uk,8,184
58197370,0.00421,okc154_cal,gross33,r,09/09/2026,06:59:02,eddie@node1o06.ecdf.ed.ac.uk,1,13
58187882,0.00418,ce1,gl03pi9,r,09/09/2026,05:17:02,eddie@node1l12.ecdf.ed.ac.uk,8
58236935,0.00417,autocycler,s2588802,r,09/09/2026,21:55:13,eddie@node1d03.ecdf.ed.ac.uk,32,14
58192761,0.00417,ce2,gl03pi18,r,09/09/2026,07:12:02,eddie@node1l16.ecdf.ed.ac.uk,8
58192789,0.00416,ce2,gl03pi18,r,09/09/2026,07:12:47,eddie@node1l14.ecdf.ed.ac.uk,8
58236935,0.00412,autocycler,s2588802,r,09/09/2026,21:56:13,eddie@node1f04.ecdf.ed.ac.uk,32,15
58236935,0.00409,autocycler,s2588802,r,09/09/2026,22:03:55,eddie@node1t01.ecdf.ed.ac.uk,32,16
58177345,0.00406,ce2,gl03pi18,r,09/09/2026,05:17:17,eddie@node1l12.ecdf.ed.ac.uk,8
58192974,0.00405,ce1,gl03pi9,r,09/09/2026,05:17:47,eddie@node1l17.ecdf.ed.ac.uk,8
58236935,0.00405,autocycler,s2588802,r,09/09/2026,22:17:28,eddie@node1d10.ecdf.ed.ac.uk,32,17
58236935,0.00402,autocycler,s2588802,r,09/09/2026,22:22:06,eddie@node1t01.ecdf.ed.ac.uk,32,18
58193022,0.00402,ce1,gl03pi9,r,09/09/2026,05:38:17,eddie@node1l16.ecdf.ed.ac.uk,8
58192348,0.00402,ce2,gl03pi18,r,09/09/2026,05:18:32,eddie@node1l16.ecdf.ed.ac.uk,8
58203357,0.00399,infpy-o3-s,ecellini,r,09/09/2026,11:05:53,gpu@node1o02.ecdf.ed.ac.uk,4
58192415,0.00398,ce2,gl03pi18,r,09/09/2026,05:42:17,eddie@node1l12.ecdf.ed.ac.uk,8
58197370,0.00395,okc154_cal,gross33,r,09/09/2026,06:59:02,eddie@node1l28.ecdf.ed.ac.uk,1,14
58256353,0.00393,nsga3_pdkd,s2438517,r,09/09/2026,21:25:42,eddie@node1i07.ecdf.ed.ac.uk,1,3
58242581,0.00393,code03_gms,s2285280,r,09/09/2026,19:21:30,eddie@node1m18.ecdf.ed.ac.uk,1,3
58165174,0.00390,step7_ext,s2116644,r,09/08/2026,16:51:41,eddie@node1k08.ecdf.ed.ac.uk,8,2
58244184,0.00383,ag_pos_pra,fbellido,r,09/09/2026,19:28:14,igmm_long@node1c07.ecdf.ed.ac.,1,1
58196943,0.00377,bt.h1.read,s2520601,r,09/09/2026,02:43:02,eddie@node1q13.ecdf.ed.ac.uk,1,7
58148351,0.00371,r2dacst,telahma,r,09/08/2026,10:48:43,eddie@node1k15.ecdf.ed.ac.uk,1
58196831,0.00371,pvb_T1-3,wwong3,r,09/09/2026,01:48:32,eddie@node1r05.ecdf.ed.ac.uk,16
58237694,0.00369,EL25_ELM_s,v1mcumm3,r,09/09/2026,18:15:57,eddie@node1j06.ecdf.ed.ac.uk,1
58233560,0.00364,r2dell4,telahma,r,09/09/2026,19:50:03,eddie@node1k15.ecdf.ed.ac.uk,1
58151425,0.00363,heme_S0-2,wwong3,r,09/08/2026,14:54:26,eddie@node1l22.ecdf.ed.ac.uk,16
58197370,0.00351,okc154_cal,gross33,r,09/09/2026,06:59:02,eddie@node1o04.ecdf.ed.ac.uk,1,16
58258219,0.00350,ce1,gs10us1,r,09/09/2026,22:08:28,eddie@node1l15.ecdf.ed.ac.uk,4
58152818,0.00342,downscale,barendar,r,09/09/2026,17:15:39,eddie@node1m22.ecdf.ed.ac.uk,6,1
58219468,0.00340,atac_secon,ddunica2,r,09/09/2026,13:48:30,eddie@node1l27.ecdf.ed.ac.uk,4,1
58197370,0.00332,okc154_cal,gross33,r,09/09/2026,06:59:02,eddie@node1o03.ecdf.ed.ac.uk,1,17
58154070,0.00326,GWAS_RINT_,fkebede,r,09/08/2026,15:39:14,eddie@node1q14.ecdf.ed.ac.uk,2,2
58152673,0.00322,QLOGIN,s2589227,r,09/08/2026,15:09:54,eddie@node1j24.ecdf.ed.ac.uk,1
58258288,0.00319,depth-belo,dhosking,r,09/09/2026,22:23:51,eddie@node1l21.ecdf.ed.ac.uk,1
58165174,0.00318,step7_ext,s2116644,r,09/09/2026,17:15:39,eddie@node1j25.ecdf.ed.ac.uk,8,75
58197370,0.00316,okc154_cal,gross33,r,09/09/2026,06:59:02,eddie@node1l28.ecdf.ed.ac.uk,1,18
58049309,0.00314,b_ocDuckco,s2719294,r,09/04/2026,14:17:34,eddie@node1q02.ecdf.ed.ac.uk,2
58151437,0.00308,heme_T1-2,wwong3,r,09/08/2026,14:54:26,eddie@node1r16.ecdf.ed.ac.uk,16
58147924,0.00298,CO23d_mass,s2673720,r,09/08/2026,08:26:33,eddie@node1j23.ecdf.ed.ac.uk,20
58242581,0.00295,code03_gms,s2285280,r,09/09/2026,19:21:30,eddie@node1m23.ecdf.ed.ac.uk,1,4
58197281,0.00294,ce2,gl03pi18,r,09/09/2026,18:56:30,eddie@node1l14.ecdf.ed.ac.uk,8
58197288,0.00294,ce2,gl03pi18,r,09/09/2026,18:56:45,eddie@node1l13.ecdf.ed.ac.uk,8
58244184,0.00287,ag_pos_pra,fbellido,r,09/09/2026,19:28:14,igmm_long@node1h01.ecdf.ed.ac.,1,2
58152811,0.00285,downscale,barendar,r,09/09/2026,01:25:17,eddie@node1m22.ecdf.ed.ac.uk,6,8
58194419,0.00285,ce1,gl02ad2,r,09/09/2026,18:58:00,eddie@node1l15.ecdf.ed.ac.uk,8
58147925,0.00284,CO23d_mala,s2673720,r,09/08/2026,08:26:33,eddie@node1i25.ecdf.ed.ac.uk,20
58193144,0.00283,ce1,gl02ad2,r,09/09/2026,18:00:13,eddie@node1l17.ecdf.ed.ac.uk,8
58165174,0.00283,step7_ext,s2116644,r,09/08/2026,16:51:41,eddie@node1k03.ecdf.ed.ac.uk,8,3
58196734,0.00282,ce1,gl03pi9,r,09/09/2026,16:19:06,eddie@node1l15.ecdf.ed.ac.uk,8
58194041,0.00281,ce1,gl02ad2,r,09/09/2026,18:41:29,eddie@node1l11.ecdf.ed.ac.uk,8
58193938,0.00280,ce1,gl02ad2,r,09/09/2026,18:33:57,eddie@node1l17.ecdf.ed.ac.uk,8
58194237,0.00280,ce1,gl02ad2,r,09/09/2026,18:47:36,eddie@node1l11.ecdf.ed.ac.uk,8
58197268,0.00279,ce2,gl03pi18,r,09/09/2026,18:49:45,eddie@node1l18.ecdf.ed.ac.uk,8
58171550,0.00278,of_28258_4,wdewulf,r,09/09/2026,22:23:51,eddie@node1j18.ecdf.ed.ac.uk,1,115
58171550,0.00278,of_28258_4,wdewulf,r,09/09/2026,22:23:51,eddie@node1n13.ecdf.ed.ac.uk,1,116
58171550,0.00278,of_28258_4,wdewulf,r,09/09/2026,22:23:51,eddie@node1d06.ecdf.ed.ac.uk,1,117
58171550,0.00278,of_28258_4,wdewulf,r,09/09/2026,22:23:51,eddie@node1d10.ecdf.ed.ac.uk,1,118
58171550,0.00278,of_28258_4,wdewulf,r,09/09/2026,22:23:51,eddie@node1e09.ecdf.ed.ac.uk,1,119
58171550,0.00278,of_28258_4,wdewulf,r,09/09/2026,22:23:36,eddie@node1m12.ecdf.ed.ac.uk,1,111
58171550,0.00278,of_28258_4,wdewulf,r,09/09/2026,22:23:36,eddie@node1l03.ecdf.ed.ac.uk,1,112
58171550,0.00278,of_28258_4,wdewulf,r,09/09/2026,22:23:36,eddie@node1j11.ecdf.ed.ac.uk,1,113
58171550,0.00278,of_28258_4,wdewulf,r,09/09/2026,22:23:36,eddie@node1m01.ecdf.ed.ac.uk,1,114
58171550,0.00277,of_28258_4,wdewulf,r,09/09/2026,22:22:51,eddie@node1i14.ecdf.ed.ac.uk,1,101
58171550,0.00277,of_28258_4,wdewulf,r,09/09/2026,22:22:51,eddie@node1i02.ecdf.ed.ac.uk,1,102
58171550,0.00277,of_28258_4,wdewulf,r,09/09/2026,22:22:51,eddie@node1k02.ecdf.ed.ac.uk,1,103
58171550,0.00277,of_28258_4,wdewulf,r,09/09/2026,22:22:51,eddie@node1j11.ecdf.ed.ac.uk,1,104
58171550,0.00277,of_28258_4,wdewulf,r,09/09/2026,22:22:51,eddie@node1m03.ecdf.ed.ac.uk,1,105
58171550,0.00277,of_28258_4,wdewulf,r,09/09/2026,22:22:51,eddie@node1e06.ecdf.ed.ac.uk,1,106
58171550,0.00277,of_28258_4,wdewulf,r,09/09/2026,22:22:51,eddie@node1e05.ecdf.ed.ac.uk,1,107
58171550,0.00277,of_28258_4,wdewulf,r,09/09/2026,22:22:21,eddie@node1i14.ecdf.ed.ac.uk,1,93
58171550,0.00277,of_28258_4,wdewulf,r,09/09/2026,22:22:21,eddie@node1m12.ecdf.ed.ac.uk,1,94
58171550,0.00277,of_28258_4,wdewulf,r,09/09/2026,22:22:21,eddie@node1j08.ecdf.ed.ac.uk,1,95
58171550,0.00277,of_28258_4,wdewulf,r,09/09/2026,22:22:21,eddie@node1i17.ecdf.ed.ac.uk,1,96
58171550,0.00277,of_28258_4,wdewulf,r,09/09/2026,22:22:21,eddie@node1d03.ecdf.ed.ac.uk,1,97
58171550,0.00277,of_28258_4,wdewulf,r,09/09/2026,22:22:36,eddie@node1i07.ecdf.ed.ac.uk,1,98
58171550,0.00277,of_28258_4,wdewulf,r,09/09/2026,22:22:36,eddie@node1l07.ecdf.ed.ac.uk,1,99
58171550,0.00277,of_28258_4,wdewulf,r,09/09/2026,22:22:36,eddie@node1e07.ecdf.ed.ac.uk,1,100
58171550,0.00277,of_28258_4,wdewulf,r,09/09/2026,22:23:06,eddie@node1m04.ecdf.ed.ac.uk,1,108
58171550,0.00277,of_28258_4,wdewulf,r,09/09/2026,22:23:06,eddie@node1e01.ecdf.ed.ac.uk,1,109
58171550,0.00277,of_28258_4,wdewulf,r,09/09/2026,22:23:21,eddie@node1m12.ecdf.ed.ac.uk,1,110
58197494,0.00277,oil3d_mass,s2673720,r,09/09/2026,13:55:01,eddie@node1d06.ecdf.ed.ac.uk,20
58171550,0.00277,of_28258_4,wdewulf,r,09/09/2026,22:21:51,eddie@node1m07.ecdf.ed.ac.uk,1,84
58171550,0.00277,of_28258_4,wdewulf,r,09/09/2026,22:21:51,eddie@node1j04.ecdf.ed.ac.uk,1,85
58171550,0.00277,of_28258_4,wdewulf,r,09/09/2026,22:21:51,eddie@node1k06.ecdf.ed.ac.uk,1,86
58171550,0.00277,of_28258_4,wdewulf,r,09/09/2026,22:21:51,eddie@node1q05.ecdf.ed.ac.uk,1,87
58171550,0.00277,of_28258_4,wdewulf,r,09/09/2026,22:21:51,eddie@node1e05.ecdf.ed.ac.uk,1,88
58171550,0.00277,of_28258_4,wdewulf,r,09/09/2026,22:21:51,eddie@node1e05.ecdf.ed.ac.uk,1,89
58171550,0.00277,of_28258_4,wdewulf,r,09/09/2026,22:21:51,eddie@node1e05.ecdf.ed.ac.uk,1,90
58171550,0.00277,of_28258_4,wdewulf,r,09/09/2026,22:21:36,eddie@node1j04.ecdf.ed.ac.uk,1,81
58171550,0.00277,of_28258_4,wdewulf,r,09/09/2026,22:21:36,eddie@node1k04.ecdf.ed.ac.uk,1,82
58171550,0.00277,of_28258_4,wdewulf,r,09/09/2026,22:21:36,eddie@node1e05.ecdf.ed.ac.uk,1,83
58171550,0.00277,of_28258_4,wdewulf,r,09/09/2026,22:22:06,eddie@node1l02.ecdf.ed.ac.uk,1,91
58171550,0.00277,of_28258_4,wdewulf,r,09/09/2026,22:22:06,eddie@node1n14.ecdf.ed.ac.uk,1,92
58171550,0.00277,of_28258_4,wdewulf,r,09/09/2026,22:21:06,eddie@node1m06.ecdf.ed.ac.uk,1,78
58171550,0.00277,of_28258_4,wdewulf,r,09/09/2026,22:21:06,eddie@node1e05.ecdf.ed.ac.uk,1,79
58171550,0.00277,of_28258_4,wdewulf,r,09/09/2026,22:21:21,eddie@node1e06.ecdf.ed.ac.uk,1,80
58171550,0.00277,of_28258_4,wdewulf,r,09/09/2026,22:20:36,eddie@node1j10.ecdf.ed.ac.uk,1,70
58171550,0.00277,of_28258_4,wdewulf,r,09/09/2026,22:20:36,eddie@node1d03.ecdf.ed.ac.uk,1,71
58171550,0.00277,of_28258_4,wdewulf,r,09/09/2026,22:20:36,eddie@node1d03.ecdf.ed.ac.uk,1,72
58171550,0.00277,of_28258_4,wdewulf,r,09/09/2026,22:20:36,eddie@node1d03.ecdf.ed.ac.uk,1,73
58171550,0.00277,of_28258_4,wdewulf,r,09/09/2026,22:20:36,eddie@node1d03.ecdf.ed.ac.uk,1,74
58171550,0.00277,of_28258_4,wdewulf,r,09/09/2026,22:20:36,eddie@node1d03.ecdf.ed.ac.uk,1,75
58171550,0.00277,of_28258_4,wdewulf,r,09/09/2026,22:20:51,eddie@node1n15.ecdf.ed.ac.uk,1,76
58171550,0.00277,of_28258_4,wdewulf,r,09/09/2026,22:20:51,eddie@node1e01.ecdf.ed.ac.uk,1,77
58171550,0.00277,of_28258_4,wdewulf,r,09/09/2026,22:20:21,eddie@node1j01.ecdf.ed.ac.uk,1,68
58171550,0.00277,of_28258_4,wdewulf,r,09/09/2026,22:20:21,eddie@node1e05.ecdf.ed.ac.uk,1,69
58171550,0.00277,of_28258_4,wdewulf,r,09/09/2026,22:20:06,eddie@node1m06.ecdf.ed.ac.uk,1,64
58171550,0.00277,of_28258_4,wdewulf,r,09/09/2026,22:20:06,eddie@node1l02.ecdf.ed.ac.uk,1,65
58171550,0.00277,of_28258_4,wdewulf,r,09/09/2026,22:20:06,eddie@node1e05.ecdf.ed.ac.uk,1,66
58171550,0.00277,of_28258_4,wdewulf,r,09/09/2026,22:20:06,eddie@node1e05.ecdf.ed.ac.uk,1,67
58237695,0.00277,EL25_ELM_s,v1mcumm3,r,09/09/2026,18:15:57,eddie@node1n15.ecdf.ed.ac.uk,1
58171550,0.00277,of_28258_4,wdewulf,r,09/09/2026,22:17:37,eddie@node1l01.ecdf.ed.ac.uk,1,30
58171550,0.00277,of_28258_4,wdewulf,r,09/09/2026,22:17:37,eddie@node1m11.ecdf.ed.ac.uk,1,31
58171550,0.00277,of_28258_4,wdewulf,r,09/09/2026,22:17:37,eddie@node1j11.ecdf.ed.ac.uk,1,32
58171550,0.00277,of_28258_4,wdewulf,r,09/09/2026,22:17:37,eddie@node1k06.ecdf.ed.ac.uk,1,33
58171550,0.00276,of_28258_4,wdewulf,r,09/09/2026,22:16:43,eddie@node1i14.ecdf.ed.ac.uk,1,16
58171550,0.00276,of_28258_4,wdewulf,r,09/09/2026,22:16:43,eddie@node1l05.ecdf.ed.ac.uk,1,17
58171550,0.00276,of_28258_4,wdewulf,r,09/09/2026,22:16:43,eddie@node1j07.ecdf.ed.ac.uk,1,18
58171550,0.00276,of_28258_4,wdewulf,r,09/09/2026,22:16:43,eddie@node1j07.ecdf.ed.ac.uk,1,19
58171550,0.00276,of_28258_4,wdewulf,r,09/09/2026,22:16:43,eddie@node1m05.ecdf.ed.ac.uk,1,20
58171550,0.00276,of_28258_4,wdewulf,r,09/09/2026,22:17:28,eddie@node1l20.ecdf.ed.ac.uk,1,25
58171550,0.00276,of_28258_4,wdewulf,r,09/09/2026,22:17:28,eddie@node1j06.ecdf.ed.ac.uk,1,26
58171550,0.00276,of_28258_4,wdewulf,r,09/09/2026,22:17:28,eddie@node1i17.ecdf.ed.ac.uk,1,27
58171550,0.00276,of_28258_4,wdewulf,r,09/09/2026,22:17:28,eddie@node1i24.ecdf.ed.ac.uk,1,28
58171550,0.00276,of_28258_4,wdewulf,r,09/09/2026,22:17:28,eddie@node1f04.ecdf.ed.ac.uk,1,29
58171550,0.00276,of_28258_4,wdewulf,r,09/09/2026,22:16:28,eddie@node1i06.ecdf.ed.ac.uk,1,13
58171550,0.00276,of_28258_4,wdewulf,r,09/09/2026,22:16:28,eddie@node1k02.ecdf.ed.ac.uk,1,14
58171550,0.00276,of_28258_4,wdewulf,r,09/09/2026,22:16:28,eddie@node1m05.ecdf.ed.ac.uk,1,15
58171550,0.00276,of_28258_4,wdewulf,r,09/09/2026,22:17:13,eddie@node1i06.ecdf.ed.ac.uk,1,22
58171550,0.00276,of_28258_4,wdewulf,r,09/09/2026,22:17:13,eddie@node1m04.ecdf.ed.ac.uk,1,23
58171550,0.00276,of_28258_4,wdewulf,r,09/09/2026,22:17:13,eddie@node1k08.ecdf.ed.ac.uk,1,24
58171550,0.00276,of_28258_4,wdewulf,r,09/09/2026,22:17:51,eddie@node1n14.ecdf.ed.ac.uk,1,34
58171550,0.00276,of_28258_4,wdewulf,r,09/09/2026,22:17:51,eddie@node1e01.ecdf.ed.ac.uk,1,35
58171550,0.00276,of_28258_4,wdewulf,r,09/09/2026,22:16:58,eddie@node1e05.ecdf.ed.ac.uk,1,21
58171550,0.00276,of_28258_4,wdewulf,r,09/09/2026,22:18:51,eddie@node1l02.ecdf.ed.ac.uk,1,40
58171550,0.00276,of_28258_4,wdewulf,r,09/09/2026,22:18:51,eddie@node1l03.ecdf.ed.ac.uk,1,41
58171550,0.00276,of_28258_4,wdewulf,r,09/09/2026,22:18:51,eddie@node1k08.ecdf.ed.ac.uk,1,42
58171550,0.00276,of_28258_4,wdewulf,r,09/09/2026,22:18:51,eddie@node1i17.ecdf.ed.ac.uk,1,43
58171550,0.00276,of_28258_4,wdewulf,r,09/09/2026,22:18:51,eddie@node1f04.ecdf.ed.ac.uk,1,44
58171550,0.00276,of_28258_4,wdewulf,r,09/09/2026,22:18:51,eddie@node1f04.ecdf.ed.ac.uk,1,45
58171550,0.00276,of_28258_4,wdewulf,r,09/09/2026,22:18:51,eddie@node1e05.ecdf.ed.ac.uk,1,46
58171550,0.00276,of_28258_4,wdewulf,r,09/09/2026,22:19:06,eddie@node1l01.ecdf.ed.ac.uk,1,47
58171550,0.00276,of_28258_4,wdewulf,r,09/09/2026,22:19:06,eddie@node1l05.ecdf.ed.ac.uk,1,48
58171550,0.00276,of_28258_4,wdewulf,r,09/09/2026,22:19:06,eddie@node1j04.ecdf.ed.ac.uk,1,49
58171550,0.00276,of_28258_4,wdewulf,r,09/09/2026,22:19:06,eddie@node1k01.ecdf.ed.ac.uk,1,50
58171550,0.00276,of_28258_4,wdewulf,r,09/09/2026,22:19:06,eddie@node1e06.ecdf.ed.ac.uk,1,51
58171550,0.00276,of_28258_4,wdewulf,r,09/09/2026,22:19:06,eddie@node1f04.ecdf.ed.ac.uk,1,52
58171550,0.00276,of_28258_4,wdewulf,r,09/09/2026,22:19:36,eddie@node1j18.ecdf.ed.ac.uk,1,57
58171550,0.00276,of_28258_4,wdewulf,r,09/09/2026,22:19:36,eddie@node1m10.ecdf.ed.ac.uk,1,58
58171550,0.00276,of_28258_4,wdewulf,r,09/09/2026,22:19:36,eddie@node1e05.ecdf.ed.ac.uk,1,59
58171550,0.00276,of_28258_4,wdewulf,r,09/09/2026,22:19:36,eddie@node1e05.ecdf.ed.ac.uk,1,60
58171550,0.00276,of_28258_4,wdewulf,r,09/09/2026,22:19:36,eddie@node1e05.ecdf.ed.ac.uk,1,61
58171550,0.00276,of_28258_4,wdewulf,r,09/09/2026,22:19:21,eddie@node1l10.ecdf.ed.ac.uk,1,53
58171550,0.00276,of_28258_4,wdewulf,r,09/09/2026,22:19:21,eddie@node1j07.ecdf.ed.ac.uk,1,54
58171550,0.00276,of_28258_4,wdewulf,r,09/09/2026,22:19:21,eddie@node1e05.ecdf.ed.ac.uk,1,55
58171550,0.00276,of_28258_4,wdewulf,r,09/09/2026,22:19:21,eddie@node1e05.ecdf.ed.ac.uk,1,56
58171550,0.00276,of_28258_4,wdewulf,r,09/09/2026,22:18:06,eddie@node1m05.ecdf.ed.ac.uk,1,36
58171550,0.00276,of_28258_4,wdewulf,r,09/09/2026,22:18:06,eddie@node1f04.ecdf.ed.ac.uk,1,37
58171550,0.00276,of_28258_4,wdewulf,r,09/09/2026,22:18:06,eddie@node1e05.ecdf.ed.ac.uk,1,38
58171550,0.00276,of_28258_4,wdewulf,r,09/09/2026,22:15:43,eddie@node1l06.ecdf.ed.ac.uk,1,10
58171550,0.00276,of_28258_4,wdewulf,r,09/09/2026,22:15:43,eddie@node1e02.ecdf.ed.ac.uk,1,11
58171550,0.00276,of_28258_4,wdewulf,r,09/09/2026,22:19:51,eddie@node1j18.ecdf.ed.ac.uk,1,62
58171550,0.00276,of_28258_4,wdewulf,r,09/09/2026,22:19:51,eddie@node1j08.ecdf.ed.ac.uk,1,63
58171550,0.00276,of_28258_4,wdewulf,r,09/09/2026,22:16:13,eddie@node1i06.ecdf.ed.ac.uk,1,12
58171550,0.00276,of_28258_4,wdewulf,r,09/09/2026,22:18:36,eddie@node1e09.ecdf.ed.ac.uk,1,39
58171550,0.00276,of_28258_4,wdewulf,r,09/09/2026,22:15:13,eddie@node1l01.ecdf.ed.ac.uk,1,3
58171550,0.00276,of_28258_4,wdewulf,r,09/09/2026,22:15:13,eddie@node1j10.ecdf.ed.ac.uk,1,4
58171550,0.00276,of_28258_4,wdewulf,r,09/09/2026,22:15:13,eddie@node1m02.ecdf.ed.ac.uk,1,5
58171550,0.00276,of_28258_4,wdewulf,r,09/09/2026,22:15:13,eddie@node1m05.ecdf.ed.ac.uk,1,6
58171550,0.00276,of_28258_4,wdewulf,r,09/09/2026,22:15:13,eddie@node1e02.ecdf.ed.ac.uk,1,7
58171507,0.00276,of_24365_2,wdewulf,r,09/09/2026,22:14:58,eddie@node1l08.ecdf.ed.ac.uk,1,610
58171507,0.00276,of_24365_2,wdewulf,r,09/09/2026,22:14:28,eddie@node1l09.ecdf.ed.ac.uk,1,603
58171507,0.00276,of_24365_2,wdewulf,r,09/09/2026,22:14:28,eddie@node1j04.ecdf.ed.ac.uk,1,604
58171507,0.00276,of_24365_2,wdewulf,r,09/09/2026,22:14:28,eddie@node1j22.ecdf.ed.ac.uk,1,605
58171507,0.00276,of_24365_2,wdewulf,r,09/09/2026,22:14:28,eddie@node1i17.ecdf.ed.ac.uk,1,606
58171507,0.00276,of_24365_2,wdewulf,r,09/09/2026,22:14:28,eddie@node1f04.ecdf.ed.ac.uk,1,607
58171507,0.00276,of_24365_2,wdewulf,r,09/09/2026,22:14:13,eddie@node1l08.ecdf.ed.ac.uk,1,600
58171507,0.00276,of_24365_2,wdewulf,r,09/09/2026,22:14:13,eddie@node1k09.ecdf.ed.ac.uk,1,601
58171507,0.00276,of_24365_2,wdewulf,r,09/09/2026,22:14:13,eddie@node1j09.ecdf.ed.ac.uk,1,602
58171507,0.00276,of_24365_2,wdewulf,r,09/09/2026,22:14:43,eddie@node1l07.ecdf.ed.ac.uk,1,608
58171507,0.00276,of_24365_2,wdewulf,r,09/09/2026,22:14:43,eddie@node1e02.ecdf.ed.ac.uk,1,609
58171550,0.00276,of_28258_4,wdewulf,r,09/09/2026,22:14:58,eddie@node1j19.ecdf.ed.ac.uk,1,1
58171550,0.00276,of_28258_4,wdewulf,r,09/09/2026,22:14:58,eddie@node1d03.ecdf.ed.ac.uk,1,2
58171550,0.00276,of_28258_4,wdewulf,r,09/09/2026,22:15:28,eddie@node1l06.ecdf.ed.ac.uk,1,8
58171550,0.00276,of_28258_4,wdewulf,r,09/09/2026,22:15:28,eddie@node1l08.ecdf.ed.ac.uk,1,9
58171507,0.00276,of_24365_2,wdewulf,r,09/09/2026,22:13:13,eddie@node1j09.ecdf.ed.ac.uk,1,590
58171507,0.00276,of_24365_2,wdewulf,r,09/09/2026,22:13:13,eddie@node1e06.ecdf.ed.ac.uk,1,591
58171507,0.00276,of_24365_2,wdewulf,r,09/09/2026,22:13:28,eddie@node1l09.ecdf.ed.ac.uk,1,592
58171507,0.00276,of_24365_2,wdewulf,r,09/09/2026,22:13:28,eddie@node1j18.ecdf.ed.ac.uk,1,593
58171507,0.00276,of_24365_2,wdewulf,r,09/09/2026,22:13:28,eddie@node1l08.ecdf.ed.ac.uk,1,594
58171507,0.00276,of_24365_2,wdewulf,r,09/09/2026,22:13:28,eddie@node1k08.ecdf.ed.ac.uk,1,595
58171507,0.00276,of_24365_2,wdewulf,r,09/09/2026,22:13:43,eddie@node1j18.ecdf.ed.ac.uk,1,596
58171507,0.00276,of_24365_2,wdewulf,r,09/09/2026,22:13:43,eddie@node1l10.ecdf.ed.ac.uk,1,597
58171507,0.00276,of_24365_2,wdewulf,r,09/09/2026,22:13:43,eddie@node1l10.ecdf.ed.ac.uk,1,598
58171507,0.00276,of_24365_2,wdewulf,r,09/09/2026,22:13:43,eddie@node1e06.ecdf.ed.ac.uk,1,599
58171507,0.00276,of_24365_2,wdewulf,r,09/09/2026,22:12:58,eddie@node1j03.ecdf.ed.ac.uk,1,587
58171507,0.00276,of_24365_2,wdewulf,r,09/09/2026,22:12:58,eddie@node1k05.ecdf.ed.ac.uk,1,588
58171507,0.00276,of_24365_2,wdewulf,r,09/09/2026,22:12:58,eddie@node1e06.ecdf.ed.ac.uk,1,589
58171507,0.00276,of_24365_2,wdewulf,r,09/09/2026,22:12:43,eddie@node1e02.ecdf.ed.ac.uk,1,586
58171507,0.00276,of_24365_2,wdewulf,r,09/09/2026,22:12:13,eddie@node1m06.ecdf.ed.ac.uk,1,579
58171507,0.00276,of_24365_2,wdewulf,r,09/09/2026,22:12:13,eddie@node1l03.ecdf.ed.ac.uk,1,580
58171507,0.00276,of_24365_2,wdewulf,r,09/09/2026,22:12:13,eddie@node1l07.ecdf.ed.ac.uk,1,581
58171507,0.00276,of_24365_2,wdewulf,r,09/09/2026,22:12:13,eddie@node1i17.ecdf.ed.ac.uk,1,582
58171507,0.00276,of_24365_2,wdewulf,r,09/09/2026,22:12:13,eddie@node1e06.ecdf.ed.ac.uk,1,583
58171507,0.00276,of_24365_2,wdewulf,r,09/09/2026,22:12:13,eddie@node1f04.ecdf.ed.ac.uk,1,584
58171507,0.00276,of_24365_2,wdewulf,r,09/09/2026,22:12:13,eddie@node1f04.ecdf.ed.ac.uk,1,585
58171507,0.00276,of_24365_2,wdewulf,r,09/09/2026,22:11:43,eddie@node1l07.ecdf.ed.ac.uk,1,577
58171507,0.00276,of_24365_2,wdewulf,r,09/09/2026,22:11:43,eddie@node1e05.ecdf.ed.ac.uk,1,578
58171507,0.00276,of_24365_2,wdewulf,r,09/09/2026,22:11:28,eddie@node1l01.ecdf.ed.ac.uk,1,574
58171507,0.00276,of_24365_2,wdewulf,r,09/09/2026,22:11:28,eddie@node1m02.ecdf.ed.ac.uk,1,575
58171507,0.00276,of_24365_2,wdewulf,r,09/09/2026,22:11:28,eddie@node1e05.ecdf.ed.ac.uk,1,576
58171507,0.00275,of_24365_2,wdewulf,r,09/09/2026,22:10:28,eddie@node1l10.ecdf.ed.ac.uk,1,564
58171507,0.00275,of_24365_2,wdewulf,r,09/09/2026,22:10:28,eddie@node1m10.ecdf.ed.ac.uk,1,565
58171507,0.00275,of_24365_2,wdewulf,r,09/09/2026,22:10:58,eddie@node1j04.ecdf.ed.ac.uk,1,569
58171507,0.00275,of_24365_2,wdewulf,r,09/09/2026,22:10:58,eddie@node1j02.ecdf.ed.ac.uk,1,570
58171507,0.00275,of_24365_2,wdewulf,r,09/09/2026,22:10:43,eddie@node1m12.ecdf.ed.ac.uk,1,566
58171507,0.00275,of_24365_2,wdewulf,r,09/09/2026,22:10:43,eddie@node1j03.ecdf.ed.ac.uk,1,567
58171507,0.00275,of_24365_2,wdewulf,r,09/09/2026,22:10:43,eddie@node1e06.ecdf.ed.ac.uk,1,568
58171507,0.00275,of_24365_2,wdewulf,r,09/09/2026,22:11:13,eddie@node1m07.ecdf.ed.ac.uk,1,571
58171507,0.00275,of_24365_2,wdewulf,r,09/09/2026,22:11:13,eddie@node1l02.ecdf.ed.ac.uk,1,572
58171507,0.00275,of_24365_2,wdewulf,r,09/09/2026,22:11:13,eddie@node1d02.ecdf.ed.ac.uk,1,573
58171507,0.00275,of_24365_2,wdewulf,r,09/09/2026,22:09:43,eddie@node1j21.ecdf.ed.ac.uk,1,552
58171507,0.00275,of_24365_2,wdewulf,r,09/09/2026,22:09:43,eddie@node1l08.ecdf.ed.ac.uk,1,553
58171507,0.00275,of_24365_2,wdewulf,r,09/09/2026,22:09:43,eddie@node1e02.ecdf.ed.ac.uk,1,554
58171507,0.00275,of_24365_2,wdewulf,r,09/09/2026,22:09:43,eddie@node1e05.ecdf.ed.ac.uk,1,555
58196736,0.00275,ce1,gl03pi9,r,09/09/2026,16:42:53,eddie@node1l17.ecdf.ed.ac.uk,8
58171507,0.00275,of_24365_2,wdewulf,r,09/09/2026,22:08:28,eddie@node1i14.ecdf.ed.ac.uk,1,543
58171507,0.00275,of_24365_2,wdewulf,r,09/09/2026,22:08:28,eddie@node1j04.ecdf.ed.ac.uk,1,544
58171507,0.00275,of_24365_2,wdewulf,r,09/09/2026,22:09:58,eddie@node1i14.ecdf.ed.ac.uk,1,556
58171507,0.00275,of_24365_2,wdewulf,r,09/09/2026,22:09:58,eddie@node1j10.ecdf.ed.ac.uk,1,557
58171507,0.00275,of_24365_2,wdewulf,r,09/09/2026,22:09:58,eddie@node1j05.ecdf.ed.ac.uk,1,558
58171507,0.00275,of_24365_2,wdewulf,r,09/09/2026,22:09:58,eddie@node1m05.ecdf.ed.ac.uk,1,559
58171507,0.00275,of_24365_2,wdewulf,r,09/09/2026,22:10:13,eddie@node1f13.ecdf.ed.ac.uk,1,560
58171507,0.00275,of_24365_2,wdewulf,r,09/09/2026,22:10:13,eddie@node1l09.ecdf.ed.ac.uk,1,561
58171507,0.00275,of_24365_2,wdewulf,r,09/09/2026,22:10:13,eddie@node1l10.ecdf.ed.ac.uk,1,562
58171507,0.00275,of_24365_2,wdewulf,r,09/09/2026,22:10:13,eddie@node1e05.ecdf.ed.ac.uk,1,563
58171507,0.00275,of_24365_2,wdewulf,r,09/09/2026,22:08:58,eddie@node1k01.ecdf.ed.ac.uk,1,547
58171507,0.00275,of_24365_2,wdewulf,r,09/09/2026,22:08:58,eddie@node1n14.ecdf.ed.ac.uk,1,548
58171507,0.00275,of_24365_2,wdewulf,r,09/09/2026,22:09:28,eddie@node1j03.ecdf.ed.ac.uk,1,550
58171507,0.00275,of_24365_2,wdewulf,r,09/09/2026,22:09:28,eddie@node1m06.ecdf.ed.ac.uk,1,551
58171507,0.00275,of_24365_2,wdewulf,r,09/09/2026,22:09:13,eddie@node1i06.ecdf.ed.ac.uk,1,549
58171507,0.00275,of_24365_2,wdewulf,r,09/09/2026,22:08:43,eddie@node1l07.ecdf.ed.ac.uk,1,545
58171507,0.00275,of_24365_2,wdewulf,r,09/09/2026,22:08:43,eddie@node1j06.ecdf.ed.ac.uk,1,546
58171507,0.00275,of_24365_2,wdewulf,r,09/09/2026,22:08:13,eddie@node1i17.ecdf.ed.ac.uk,1,542
58171507,0.00275,of_24365_2,wdewulf,r,09/09/2026,22:07:28,eddie@node1l07.ecdf.ed.ac.uk,1,534
58171507,0.00275,of_24365_2,wdewulf,r,09/09/2026,22:07:28,eddie@node1j02.ecdf.ed.ac.uk,1,535
58171507,0.00275,of_24365_2,wdewulf,r,09/09/2026,22:07:28,eddie@node1j19.ecdf.ed.ac.uk,1,536
58171507,0.00275,of_24365_2,wdewulf,r,09/09/2026,22:07:28,eddie@node1e02.ecdf.ed.ac.uk,1,537
58171507,0.00275,of_24365_2,wdewulf,r,09/09/2026,22:06:58,eddie@node1j10.ecdf.ed.ac.uk,1,526
58171507,0.00275,of_24365_2,wdewulf,r,09/09/2026,22:06:58,eddie@node1j08.ecdf.ed.ac.uk,1,527
58171507,0.00275,of_24365_2,wdewulf,r,09/09/2026,22:06:58,eddie@node1k09.ecdf.ed.ac.uk,1,528
58171507,0.00275,of_24365_2,wdewulf,r,09/09/2026,22:06:58,eddie@node1f04.ecdf.ed.ac.uk,1,529
58171507,0.00275,of_24365_2,wdewulf,r,09/09/2026,22:06:28,eddie@node1j11.ecdf.ed.ac.uk,1,523
58171507,0.00275,of_24365_2,wdewulf,r,09/09/2026,22:07:43,eddie@node1j18.ecdf.ed.ac.uk,1,538
58171507,0.00275,of_24365_2,wdewulf,r,09/09/2026,22:07:43,eddie@node1m10.ecdf.ed.ac.uk,1,539
58171507,0.00275,of_24365_2,wdewulf,r,09/09/2026,22:07:43,eddie@node1m03.ecdf.ed.ac.uk,1,540
58171507,0.00275,of_24365_2,wdewulf,r,09/09/2026,22:07:43,eddie@node1m03.ecdf.ed.ac.uk,1,541
58171507,0.00275,of_24365_2,wdewulf,r,09/09/2026,22:07:13,eddie@node1m11.ecdf.ed.ac.uk,1,530
58171507,0.00275,of_24365_2,wdewulf,r,09/09/2026,22:07:13,eddie@node1k03.ecdf.ed.ac.uk,1,531
58171507,0.00275,of_24365_2,wdewulf,r,09/09/2026,22:07:13,eddie@node1e02.ecdf.ed.ac.uk,1,532
58171507,0.00275,of_24365_2,wdewulf,r,09/09/2026,22:07:13,eddie@node1d06.ecdf.ed.ac.uk,1,533
58171507,0.00275,of_24365_2,wdewulf,r,09/09/2026,22:06:43,eddie@node1l06.ecdf.ed.ac.uk,1,524
58171507,0.00275,of_24365_2,wdewulf,r,09/09/2026,22:06:43,eddie@node1m01.ecdf.ed.ac.uk,1,525
58171507,0.00275,of_24365_2,wdewulf,r,09/09/2026,22:06:10,eddie@node1i06.ecdf.ed.ac.uk,1,521
58171507,0.00275,of_24365_2,wdewulf,r,09/09/2026,22:06:10,eddie@node1j06.ecdf.ed.ac.uk,1,522
58171507,0.00275,of_24365_2,wdewulf,r,09/09/2026,22:05:55,eddie@node1k08.ecdf.ed.ac.uk,1,517
58171507,0.00275,of_24365_2,wdewulf,r,09/09/2026,22:05:55,eddie@node1j02.ecdf.ed.ac.uk,1,518
58171507,0.00275,of_24365_2,wdewulf,r,09/09/2026,22:05:55,eddie@node1j02.ecdf.ed.ac.uk,1,519
58171507,0.00275,of_24365_2,wdewulf,r,09/09/2026,22:05:55,eddie@node1e03.ecdf.ed.ac.uk,1,520
58171507,0.00275,of_24365_2,wdewulf,r,09/09/2026,22:05:40,eddie@node1m12.ecdf.ed.ac.uk,1,512
58171507,0.00275,of_24365_2,wdewulf,r,09/09/2026,22:05:40,eddie@node1j18.ecdf.ed.ac.uk,1,513
58171507,0.00275,of_24365_2,wdewulf,r,09/09/2026,22:05:40,eddie@node1l07.ecdf.ed.ac.uk,1,514
58171507,0.00275,of_24365_2,wdewulf,r,09/09/2026,22:05:40,eddie@node1j07.ecdf.ed.ac.uk,1,515
58171507,0.00275,of_24365_2,wdewulf,r,09/09/2026,22:05:40,eddie@node1j09.ecdf.ed.ac.uk,1,516
58171507,0.00275,of_24365_2,wdewulf,r,09/09/2026,22:05:25,eddie@node1m12.ecdf.ed.ac.uk,1,509
58171507,0.00275,of_24365_2,wdewulf,r,09/09/2026,22:05:25,eddie@node1m11.ecdf.ed.ac.uk,1,510
58171507,0.00275,of_24365_2,wdewulf,r,09/09/2026,22:05:25,eddie@node1m03.ecdf.ed.ac.uk,1,511
58152651,0.00275,pcb_T1-2,wwong3,r,09/08/2026,15:09:20,eddie@node1h03.ecdf.ed.ac.uk,16
58171507,0.00275,of_24365_2,wdewulf,r,09/09/2026,22:05:10,eddie@node1k02.ecdf.ed.ac.uk,1,507
58171507,0.00275,of_24365_2,wdewulf,r,09/09/2026,22:05:10,eddie@node1k09.ecdf.ed.ac.uk,1,508
58171507,0.00275,of_24365_2,wdewulf,r,09/09/2026,22:04:55,eddie@node1j07.ecdf.ed.ac.uk,1,503
58171507,0.00275,of_24365_2,wdewulf,r,09/09/2026,22:04:55,eddie@node1j06.ecdf.ed.ac.uk,1,504
58171507,0.00275,of_24365_2,wdewulf,r,09/09/2026,22:04:55,eddie@node1i17.ecdf.ed.ac.uk,1,505
58171507,0.00275,of_24365_2,wdewulf,r,09/09/2026,22:04:55,eddie@node1n15.ecdf.ed.ac.uk,1,506
58171507,0.00275,of_24365_2,wdewulf,r,09/09/2026,22:04:40,eddie@node1j03.ecdf.ed.ac.uk,1,498
58171507,0.00275,of_24365_2,wdewulf,r,09/09/2026,22:04:40,eddie@node1m06.ecdf.ed.ac.uk,1,499
58171507,0.00275,of_24365_2,wdewulf,r,09/09/2026,22:04:40,eddie@node1j07.ecdf.ed.ac.uk,1,500
58171507,0.00275,of_24365_2,wdewulf,r,09/09/2026,22:04:40,eddie@node1j17.ecdf.ed.ac.uk,1,501
58171507,0.00275,of_24365_2,wdewulf,r,09/09/2026,22:04:40,eddie@node1k06.ecdf.ed.ac.uk,1,502
58171507,0.00275,of_24365_2,wdewulf,r,09/09/2026,22:04:25,eddie@node1j11.ecdf.ed.ac.uk,1,496
58171507,0.00275,of_24365_2,wdewulf,r,09/09/2026,22:04:25,eddie@node1m10.ecdf.ed.ac.uk,1,497
58171507,0.00274,of_24365_2,wdewulf,r,09/09/2026,22:04:10,eddie@node1i17.ecdf.ed.ac.uk,1,493
58171507,0.00274,of_24365_2,wdewulf,r,09/09/2026,22:04:10,eddie@node1f04.ecdf.ed.ac.uk,1,494
58171507,0.00274,of_24365_2,wdewulf,r,09/09/2026,22:04:10,eddie@node1e10.ecdf.ed.ac.uk,1,495
58171507,0.00274,of_24365_2,wdewulf,r,09/09/2026,22:03:55,eddie@node1i07.ecdf.ed.ac.uk,1,492
58171507,0.00274,of_24365_2,wdewulf,r,09/09/2026,22:03:40,eddie@node1l01.ecdf.ed.ac.uk,1,490
58171507,0.00274,of_24365_2,wdewulf,r,09/09/2026,22:03:40,eddie@node1f03.ecdf.ed.ac.uk,1,491
58171507,0.00274,of_24365_2,wdewulf,r,09/09/2026,22:03:25,eddie@node1l04.ecdf.ed.ac.uk,1,485
58171507,0.00274,of_24365_2,wdewulf,r,09/09/2026,22:03:25,eddie@node1j10.ecdf.ed.ac.uk,1,486
58171507,0.00274,of_24365_2,wdewulf,r,09/09/2026,22:03:25,eddie@node1l07.ecdf.ed.ac.uk,1,487
58171507,0.00274,of_24365_2,wdewulf,r,09/09/2026,22:03:25,eddie@node1q05.ecdf.ed.ac.uk,1,488
58171507,0.00274,of_24365_2,wdewulf,r,09/09/2026,22:03:25,eddie@node1d10.ecdf.ed.ac.uk,1,489
58171507,0.00274,of_24365_2,wdewulf,r,09/09/2026,22:03:10,eddie@node1i02.ecdf.ed.ac.uk,1,481
58171507,0.00274,of_24365_2,wdewulf,r,09/09/2026,22:03:10,eddie@node1j22.ecdf.ed.ac.uk,1,482
58171507,0.00274,of_24365_2,wdewulf,r,09/09/2026,22:03:10,eddie@node1e02.ecdf.ed.ac.uk,1,483
58171507,0.00274,of_24365_2,wdewulf,r,09/09/2026,22:03:10,eddie@node1e02.ecdf.ed.ac.uk,1,484
58171507,0.00274,of_24365_2,wdewulf,r,09/09/2026,22:02:55,eddie@node1j19.ecdf.ed.ac.uk,1,480
58171507,0.00274,of_24365_2,wdewulf,r,09/09/2026,22:02:25,eddie@node1j01.ecdf.ed.ac.uk,1,477
58171507,0.00274,of_24365_2,wdewulf,r,09/09/2026,22:02:25,eddie@node1k03.ecdf.ed.ac.uk,1,478
58171507,0.00274,of_24365_2,wdewulf,r,09/09/2026,22:02:25,eddie@node1j17.ecdf.ed.ac.uk,1,479
58171507,0.00274,of_24365_2,wdewulf,r,09/09/2026,22:02:10,eddie@node1m12.ecdf.ed.ac.uk,1,468
58171507,0.00274,of_24365_2,wdewulf,r,09/09/2026,22:02:10,eddie@node1l09.ecdf.ed.ac.uk,1,469
58171507,0.00274,of_24365_2,wdewulf,r,09/09/2026,22:02:10,eddie@node1m06.ecdf.ed.ac.uk,1,470
58171507,0.00274,of_24365_2,wdewulf,r,09/09/2026,22:02:10,eddie@node1m01.ecdf.ed.ac.uk,1,471
58171507,0.00274,of_24365_2,wdewulf,r,09/09/2026,22:02:10,eddie@node1m10.ecdf.ed.ac.uk,1,472
58171507,0.00274,of_24365_2,wdewulf,r,09/09/2026,22:02:10,eddie@node1m10.ecdf.ed.ac.uk,1,473
58171507,0.00274,of_24365_2,wdewulf,r,09/09/2026,22:02:10,eddie@node1n15.ecdf.ed.ac.uk,1,474
58171507,0.00274,of_24365_2,wdewulf,r,09/09/2026,22:02:10,eddie@node1e02.ecdf.ed.ac.uk,1,475
58171507,0.00274,of_24365_2,wdewulf,r,09/09/2026,22:02:10,eddie@node1e02.ecdf.ed.ac.uk,1,476
58171507,0.00274,of_24365_2,wdewulf,r,09/09/2026,22:01:55,eddie@node1j22.ecdf.ed.ac.uk,1,466
58171507,0.00274,of_24365_2,wdewulf,r,09/09/2026,22:01:55,eddie@node1i17.ecdf.ed.ac.uk,1,467
58171507,0.00274,of_24365_2,wdewulf,r,09/09/2026,22:01:40,eddie@node1e10.ecdf.ed.ac.uk,1,465
58171507,0.00274,of_24365_2,wdewulf,r,09/09/2026,22:01:25,eddie@node1j11.ecdf.ed.ac.uk,1,463
58171507,0.00274,of_24365_2,wdewulf,r,09/09/2026,22:01:25,eddie@node1n15.ecdf.ed.ac.uk,1,464
58171507,0.00274,of_24365_2,wdewulf,r,09/09/2026,22:01:10,eddie@node1k01.ecdf.ed.ac.uk,1,459
58171507,0.00274,of_24365_2,wdewulf,r,09/09/2026,22:01:10,eddie@node1j17.ecdf.ed.ac.uk,1,460
58171507,0.00274,of_24365_2,wdewulf,r,09/09/2026,22:01:10,eddie@node1j02.ecdf.ed.ac.uk,1,461
58171507,0.00274,of_24365_2,wdewulf,r,09/09/2026,22:01:10,eddie@node1j19.ecdf.ed.ac.uk,1,462
58171507,0.00274,of_24365_2,wdewulf,r,09/09/2026,22:00:55,eddie@node1k08.ecdf.ed.ac.uk,1,456
58171507,0.00274,of_24365_2,wdewulf,r,09/09/2026,22:00:55,eddie@node1k08.ecdf.ed.ac.uk,1,457
58171507,0.00274,of_24365_2,wdewulf,r,09/09/2026,22:00:55,eddie@node1f03.ecdf.ed.ac.uk,1,458
58171507,0.00274,of_24365_2,wdewulf,r,09/09/2026,22:00:40,eddie@node1l04.ecdf.ed.ac.uk,1,452
58171507,0.00274,of_24365_2,wdewulf,r,09/09/2026,22:00:40,eddie@node1m04.ecdf.ed.ac.uk,1,453
58171507,0.00274,of_24365_2,wdewulf,r,09/09/2026,22:00:40,eddie@node1j08.ecdf.ed.ac.uk,1,454
58171507,0.00274,of_24365_2,wdewulf,r,09/09/2026,22:00:40,eddie@node1j19.ecdf.ed.ac.uk,1,455
58171507,0.00274,of_24365_2,wdewulf,r,09/09/2026,22:00:25,eddie@node1j02.ecdf.ed.ac.uk,1,451
58171507,0.00274,of_24365_2,wdewulf,r,09/09/2026,22:00:10,eddie@node1m10.ecdf.ed.ac.uk,1,450
58171507,0.00274,of_24365_2,wdewulf,r,09/09/2026,21:59:55,eddie@node1i14.ecdf.ed.ac.uk,1,447
58171507,0.00274,of_24365_2,wdewulf,r,09/09/2026,21:59:55,eddie@node1m11.ecdf.ed.ac.uk,1,448
58171507,0.00274,of_24365_2,wdewulf,r,09/09/2026,21:59:55,eddie@node1j22.ecdf.ed.ac.uk,1,449
58171507,0.00274,of_24365_2,wdewulf,r,09/09/2026,21:59:40,eddie@node1d10.ecdf.ed.ac.uk,1,446
58171507,0.00274,of_24365_2,wdewulf,r,09/09/2026,21:59:25,eddie@node1j01.ecdf.ed.ac.uk,1,441
58171507,0.00274,of_24365_2,wdewulf,r,09/09/2026,21:59:25,eddie@node1m01.ecdf.ed.ac.uk,1,442
58171507,0.00274,of_24365_2,wdewulf,r,09/09/2026,21:59:25,eddie@node1n15.ecdf.ed.ac.uk,1,443
58171507,0.00274,of_24365_2,wdewulf,r,09/09/2026,21:59:25,eddie@node1f03.ecdf.ed.ac.uk,1,444
58171507,0.00274,of_24365_2,wdewulf,r,09/09/2026,21:59:10,eddie@node1i02.ecdf.ed.ac.uk,1,439
58171507,0.00274,of_24365_2,wdewulf,r,09/09/2026,21:59:10,eddie@node1j11.ecdf.ed.ac.uk,1,440
58171507,0.00274,of_24365_2,wdewulf,r,09/09/2026,21:58:55,eddie@node1k03.ecdf.ed.ac.uk,1,437
58171507,0.00274,of_24365_2,wdewulf,r,09/09/2026,21:58:55,eddie@node1k06.ecdf.ed.ac.uk,1,438
58171507,0.00274,of_24365_2,wdewulf,r,09/09/2026,21:58:40,eddie@node1i13.ecdf.ed.ac.uk,1,435
58171507,0.00274,of_24365_2,wdewulf,r,09/09/2026,21:58:40,eddie@node1i17.ecdf.ed.ac.uk,1,436
58171507,0.00274,of_24365_2,wdewulf,r,09/09/2026,21:58:25,eddie@node1i13.ecdf.ed.ac.uk,1,430
58171507,0.00274,of_24365_2,wdewulf,r,09/09/2026,21:58:25,eddie@node1i14.ecdf.ed.ac.uk,1,431
58171507,0.00274,of_24365_2,wdewulf,r,09/09/2026,21:58:25,eddie@node1i02.ecdf.ed.ac.uk,1,432
58171507,0.00274,of_24365_2,wdewulf,r,09/09/2026,21:58:25,eddie@node1m02.ecdf.ed.ac.uk,1,433
58171507,0.00274,of_24365_2,wdewulf,r,09/09/2026,21:58:10,eddie@node1j21.ecdf.ed.ac.uk,1,429
58171507,0.00273,of_24365_2,wdewulf,r,09/09/2026,21:57:55,eddie@node1i03.ecdf.ed.ac.uk,1,425
58171507,0.00273,of_24365_2,wdewulf,r,09/09/2026,21:57:55,eddie@node1m12.ecdf.ed.ac.uk,1,426
58171507,0.00273,of_24365_2,wdewulf,r,09/09/2026,21:57:55,eddie@node1j17.ecdf.ed.ac.uk,1,427
58171507,0.00273,of_24365_2,wdewulf,r,09/09/2026,21:57:55,eddie@node1k06.ecdf.ed.ac.uk,1,428
58171507,0.00273,of_24365_2,wdewulf,r,09/09/2026,21:57:38,eddie@node1k03.ecdf.ed.ac.uk,1,424
58171507,0.00273,of_24365_2,wdewulf,r,09/09/2026,21:57:24,eddie@node1i03.ecdf.ed.ac.uk,1,422
58171507,0.00273,of_24365_2,wdewulf,r,09/09/2026,21:57:24,eddie@node1k03.ecdf.ed.ac.uk,1,423
58171507,0.00273,of_24365_2,wdewulf,r,09/09/2026,21:57:13,eddie@node1i14.ecdf.ed.ac.uk,1,415
58171507,0.00273,of_24365_2,wdewulf,r,09/09/2026,21:57:13,eddie@node1k03.ecdf.ed.ac.uk,1,416
58171507,0.00273,of_24365_2,wdewulf,r,09/09/2026,21:57:13,eddie@node1k06.ecdf.ed.ac.uk,1,417
58171507,0.00273,of_24365_2,wdewulf,r,09/09/2026,21:57:13,eddie@node1i17.ecdf.ed.ac.uk,1,418
58171507,0.00273,of_24365_2,wdewulf,r,09/09/2026,21:56:58,eddie@node1i07.ecdf.ed.ac.uk,1,411
58171507,0.00273,of_24365_2,wdewulf,r,09/09/2026,21:56:58,eddie@node1m01.ecdf.ed.ac.uk,1,412
58171507,0.00273,of_24365_2,wdewulf,r,09/09/2026,21:56:58,eddie@node1d06.ecdf.ed.ac.uk,1,413
58171507,0.00273,of_24365_2,wdewulf,r,09/09/2026,21:56:58,eddie@node1d06.ecdf.ed.ac.uk,1,414
58171507,0.00273,of_24365_2,wdewulf,r,09/09/2026,21:56:43,eddie@node1j21.ecdf.ed.ac.uk,1,408
58171507,0.00273,of_24365_2,wdewulf,r,09/09/2026,21:56:43,eddie@node1j09.ecdf.ed.ac.uk,1,409
58171507,0.00273,of_24365_2,wdewulf,r,09/09/2026,21:56:43,eddie@node1k06.ecdf.ed.ac.uk,1,410
58171507,0.00273,of_24365_2,wdewulf,r,09/09/2026,21:56:28,eddie@node1k03.ecdf.ed.ac.uk,1,403
58171507,0.00273,of_24365_2,wdewulf,r,09/09/2026,21:56:28,eddie@node1k06.ecdf.ed.ac.uk,1,404
58171507,0.00273,of_24365_2,wdewulf,r,09/09/2026,21:56:28,eddie@node1j22.ecdf.ed.ac.uk,1,405
58171507,0.00273,of_24365_2,wdewulf,r,09/09/2026,21:56:28,eddie@node1k05.ecdf.ed.ac.uk,1,406
58171507,0.00273,of_24365_2,wdewulf,r,09/09/2026,21:56:13,eddie@node1m04.ecdf.ed.ac.uk,1,401
58171507,0.00273,of_24365_2,wdewulf,r,09/09/2026,21:56:13,eddie@node1m03.ecdf.ed.ac.uk,1,402
58171507,0.00273,of_24365_2,wdewulf,r,09/09/2026,21:55:43,eddie@node1j01.ecdf.ed.ac.uk,1,400
58171507,0.00273,of_24365_2,wdewulf,r,09/09/2026,21:55:28,eddie@node1i07.ecdf.ed.ac.uk,1,399
58171507,0.00273,of_24365_2,wdewulf,r,09/09/2026,21:55:13,eddie@node1j09.ecdf.ed.ac.uk,1,397
58171507,0.00273,of_24365_2,wdewulf,r,09/09/2026,21:55:13,eddie@node1k05.ecdf.ed.ac.uk,1,398
58171507,0.00273,of_24365_2,wdewulf,r,09/09/2026,21:54:43,eddie@node1j07.ecdf.ed.ac.uk,1,391
58171507,0.00273,of_24365_2,wdewulf,r,09/09/2026,21:54:43,eddie@node1m10.ecdf.ed.ac.uk,1,392
58171507,0.00273,of_24365_2,wdewulf,r,09/09/2026,21:54:43,eddie@node1i17.ecdf.ed.ac.uk,1,393
58171507,0.00273,of_24365_2,wdewulf,r,09/09/2026,21:54:28,eddie@node1m12.ecdf.ed.ac.uk,1,387
58171507,0.00273,of_24365_2,wdewulf,r,09/09/2026,21:54:28,eddie@node1k03.ecdf.ed.ac.uk,1,388
58171507,0.00273,of_24365_2,wdewulf,r,09/09/2026,21:53:58,eddie@node1f13.ecdf.ed.ac.uk,1,383
58171507,0.00273,of_24365_2,wdewulf,r,09/09/2026,21:53:58,eddie@node1m10.ecdf.ed.ac.uk,1,384
58171507,0.00273,of_24365_2,wdewulf,r,09/09/2026,21:53:58,eddie@node1i17.ecdf.ed.ac.uk,1,385
58171507,0.00273,of_24365_2,wdewulf,r,09/09/2026,21:53:43,eddie@node1m03.ecdf.ed.ac.uk,1,382
58171507,0.00273,of_24365_2,wdewulf,r,09/09/2026,21:53:05,eddie@node1j07.ecdf.ed.ac.uk,1,379
58171507,0.00273,of_24365_2,wdewulf,r,09/09/2026,21:53:05,eddie@node1m03.ecdf.ed.ac.uk,1,380
58171507,0.00273,of_24365_2,wdewulf,r,09/09/2026,21:52:57,eddie@node1i14.ecdf.ed.ac.uk,1,378
58171507,0.00273,of_24365_2,wdewulf,r,09/09/2026,21:52:12,eddie@node1i03.ecdf.ed.ac.uk,1,371
58171507,0.00273,of_24365_2,wdewulf,r,09/09/2026,21:52:07,eddie@node1m10.ecdf.ed.ac.uk,1,370
58171507,0.00273,of_24365_2,wdewulf,r,09/09/2026,21:51:52,eddie@node1k03.ecdf.ed.ac.uk,1,369
58171507,0.00272,of_24365_2,wdewulf,r,09/09/2026,21:51:48,eddie@node1j08.ecdf.ed.ac.uk,1,368
58171507,0.00272,of_24365_2,wdewulf,r,09/09/2026,21:52:42,eddie@node1m12.ecdf.ed.ac.uk,1,374
58171507,0.00272,of_24365_2,wdewulf,r,09/09/2026,21:52:42,eddie@node1m04.ecdf.ed.ac.uk,1,375
58171507,0.00272,of_24365_2,wdewulf,r,09/09/2026,21:51:33,eddie@node1m12.ecdf.ed.ac.uk,1,367
58171507,0.00272,of_24365_2,wdewulf,r,09/09/2026,21:51:18,eddie@node1m12.ecdf.ed.ac.uk,1,364
58171507,0.00272,of_24365_2,wdewulf,r,09/09/2026,21:51:18,eddie@node1m12.ecdf.ed.ac.uk,1,365
58171507,0.00272,of_24365_2,wdewulf,r,09/09/2026,21:51:03,eddie@node1i13.ecdf.ed.ac.uk,1,363
58171507,0.00272,of_24365_2,wdewulf,r,09/09/2026,21:50:48,eddie@node1k04.ecdf.ed.ac.uk,1,362
58171507,0.00272,of_24365_2,wdewulf,r,09/09/2026,21:50:18,eddie@node1m04.ecdf.ed.ac.uk,1,361
58171507,0.00272,of_24365_2,wdewulf,r,09/09/2026,21:49:48,eddie@node1l20.ecdf.ed.ac.uk,1,358
58171507,0.00272,of_24365_2,wdewulf,r,09/09/2026,21:49:18,eddie@node1m07.ecdf.ed.ac.uk,1,357
58171507,0.00272,of_24365_2,wdewulf,r,09/09/2026,21:49:03,eddie@node1j01.ecdf.ed.ac.uk,1,356
58195467,0.00272,ce1,gl02ad2,r,09/09/2026,19:00:45,eddie@node1l11.ecdf.ed.ac.uk,8
58171507,0.00272,of_24365_2,wdewulf,r,09/09/2026,21:46:48,eddie@node1l20.ecdf.ed.ac.uk,1,349
58171507,0.00272,of_24365_2,wdewulf,r,09/09/2026,21:46:48,eddie@node1l06.ecdf.ed.ac.uk,1,350
58171507,0.00272,of_24365_2,wdewulf,r,09/09/2026,21:46:18,eddie@node1n15.ecdf.ed.ac.uk,1,348
58171507,0.00272,of_24365_2,wdewulf,r,09/09/2026,21:46:03,eddie@node1j08.ecdf.ed.ac.uk,1,347
58195514,0.00271,ce1,gl02ad2,r,09/09/2026,19:01:45,eddie@node1l18.ecdf.ed.ac.uk,8
58171507,0.00271,of_24365_2,wdewulf,r,09/09/2026,21:44:33,eddie@node1q05.ecdf.ed.ac.uk,1,343
58171507,0.00271,of_24365_2,wdewulf,r,09/09/2026,21:44:18,eddie@node1l19.ecdf.ed.ac.uk,1,342
58171507,0.00271,of_24365_2,wdewulf,r,09/09/2026,21:43:48,eddie@node1j21.ecdf.ed.ac.uk,1,340
58171507,0.00271,of_24365_2,wdewulf,r,09/09/2026,21:41:18,eddie@node1q06.ecdf.ed.ac.uk,1,338
58171507,0.00271,of_24365_2,wdewulf,r,09/09/2026,21:39:18,eddie@node1l07.ecdf.ed.ac.uk,1,331
58171507,0.00271,of_24365_2,wdewulf,r,09/09/2026,21:39:03,eddie@node1q06.ecdf.ed.ac.uk,1,330
58171507,0.00270,of_24365_2,wdewulf,r,09/09/2026,21:36:33,eddie@node1l08.ecdf.ed.ac.uk,1,323
58196631,0.00270,ce1,gl03pi9,r,09/09/2026,16:03:43,eddie@node1l14.ecdf.ed.ac.uk,8
58171507,0.00270,of_24365_2,wdewulf,r,09/09/2026,21:34:18,eddie@node1f09.ecdf.ed.ac.uk,1,319
58171507,0.00270,of_24365_2,wdewulf,r,09/09/2026,21:34:18,eddie@node1l08.ecdf.ed.ac.uk,1,320
58195753,0.00270,ce1,gl02ad2,r,09/09/2026,19:07:45,eddie@node1l11.ecdf.ed.ac.uk,8
58171507,0.00270,of_24365_2,wdewulf,r,09/09/2026,21:32:33,eddie@node1l05.ecdf.ed.ac.uk,1,313
58171507,0.00269,of_24365_2,wdewulf,r,09/09/2026,21:32:18,eddie@node1l19.ecdf.ed.ac.uk,1,312
58171507,0.00269,of_24365_2,wdewulf,r,09/09/2026,21:29:27,eddie@node1m01.ecdf.ed.ac.uk,1,306
58171507,0.00269,of_24365_2,wdewulf,r,09/09/2026,21:28:27,eddie@node1m07.ecdf.ed.ac.uk,1,300
58171507,0.00269,of_24365_2,wdewulf,r,09/09/2026,21:27:27,eddie@node1j17.ecdf.ed.ac.uk,1,298
58171507,0.00269,of_24365_2,wdewulf,r,09/09/2026,21:26:42,eddie@node1j07.ecdf.ed.ac.uk,1,297
58171507,0.00268,of_24365_2,wdewulf,r,09/09/2026,21:26:12,eddie@node1m04.ecdf.ed.ac.uk,1,295
58171507,0.00268,of_24365_2,wdewulf,r,09/09/2026,21:25:57,eddie@node1q05.ecdf.ed.ac.uk,1,294
58171507,0.00268,of_24365_2,wdewulf,r,09/09/2026,21:25:27,eddie@node1l02.ecdf.ed.ac.uk,1,293
58171507,0.00268,of_24365_2,wdewulf,r,09/09/2026,21:25:12,eddie@node1q05.ecdf.ed.ac.uk,1,292
58171507,0.00268,of_24365_2,wdewulf,r,09/09/2026,21:24:42,eddie@node1j19.ecdf.ed.ac.uk,1,288
58258244,0.00268,ce1,gs10us1,r,09/09/2026,22:16:58,eddie@node1l14.ecdf.ed.ac.uk,4
58258277,0.00268,ce1,gs10us1,r,09/09/2026,22:23:51,eddie@node1l14.ecdf.ed.ac.uk,4
58171507,0.00268,of_24365_2,wdewulf,r,09/09/2026,21:23:42,eddie@node1n14.ecdf.ed.ac.uk,1,286
58171507,0.00268,of_24365_2,wdewulf,r,09/09/2026,21:23:27,eddie@node1l01.ecdf.ed.ac.uk,1,283
58171507,0.00268,of_24365_2,wdewulf,r,09/09/2026,21:23:27,eddie@node1l09.ecdf.ed.ac.uk,1,284
58171507,0.00268,of_24365_2,wdewulf,r,09/09/2026,21:23:27,eddie@node1l04.ecdf.ed.ac.uk,1,285
58171507,0.00268,of_24365_2,wdewulf,r,09/09/2026,21:22:57,eddie@node1m06.ecdf.ed.ac.uk,1,281
58171507,0.00268,of_24365_2,wdewulf,r,09/09/2026,21:21:57,eddie@node1m03.ecdf.ed.ac.uk,1,276
58171507,0.00268,of_24365_2,wdewulf,r,09/09/2026,21:21:27,eddie@node1q05.ecdf.ed.ac.uk,1,274
58171507,0.00268,of_24365_2,wdewulf,r,09/09/2026,21:21:12,eddie@node1k03.ecdf.ed.ac.uk,1,272
58171507,0.00268,of_24365_2,wdewulf,r,09/09/2026,21:20:27,eddie@node1j04.ecdf.ed.ac.uk,1,269
58171507,0.00268,of_24365_2,wdewulf,r,09/09/2026,21:19:57,eddie@node1l08.ecdf.ed.ac.uk,1,265
58171507,0.00267,of_24365_2,wdewulf,r,09/09/2026,21:19:27,eddie@node1j01.ecdf.ed.ac.uk,1,264
58171507,0.00267,of_24365_2,wdewulf,r,09/09/2026,21:18:57,eddie@node1l01.ecdf.ed.ac.uk,1,262
58171507,0.00267,of_24365_2,wdewulf,r,09/09/2026,21:18:57,eddie@node1j18.ecdf.ed.ac.uk,1,263
58171507,0.00267,of_24365_2,wdewulf,r,09/09/2026,21:16:42,eddie@node1j04.ecdf.ed.ac.uk,1,251
58171507,0.00267,of_24365_2,wdewulf,r,09/09/2026,21:16:12,eddie@node1l07.ecdf.ed.ac.uk,1,247
58171507,0.00267,of_24365_2,wdewulf,r,09/09/2026,21:15:57,eddie@node1l03.ecdf.ed.ac.uk,1,246
58171507,0.00267,of_24365_2,wdewulf,r,09/09/2026,21:15:42,eddie@node1l05.ecdf.ed.ac.uk,1,243
58171507,0.00267,of_24365_2,wdewulf,r,09/09/2026,21:14:57,eddie@node1l02.ecdf.ed.ac.uk,1,239
58171507,0.00267,of_24365_2,wdewulf,r,09/09/2026,21:14:42,eddie@node1j10.ecdf.ed.ac.uk,1,236
58171507,0.00267,of_24365_2,wdewulf,r,09/09/2026,21:14:12,eddie@node1n13.ecdf.ed.ac.uk,1,233
58171507,0.00266,of_24365_2,wdewulf,r,09/09/2026,21:13:27,eddie@node1q06.ecdf.ed.ac.uk,1,228
58236085,0.00266,de_deseq2_,mharvey2,r,09/09/2026,17:42:27,eddie@node1q06.ecdf.ed.ac.uk,1
58171507,0.00266,of_24365_2,wdewulf,r,09/09/2026,21:12:12,eddie@node1l19.ecdf.ed.ac.uk,1,222
58171507,0.00266,of_24365_2,wdewulf,r,09/09/2026,21:10:57,eddie@node1m07.ecdf.ed.ac.uk,1,210
58171507,0.00266,of_24365_2,wdewulf,r,09/09/2026,21:10:42,eddie@node1q05.ecdf.ed.ac.uk,1,207
58171507,0.00266,of_24365_2,wdewulf,r,09/09/2026,21:09:12,eddie@node1l10.ecdf.ed.ac.uk,1,194
58258243,0.00266,ce1,gs10us1,r,09/09/2026,22:13:13,eddie@node1l12.ecdf.ed.ac.uk,4
58171507,0.00264,of_24365_2,wdewulf,r,09/09/2026,20:56:04,eddie@node1l19.ecdf.ed.ac.uk,1,16
58171483,0.00264,of_26035_1,wdewulf,r,09/09/2026,20:55:04,eddie@node1i03.ecdf.ed.ac.uk,1,985
58152811,0.00264,downscale,barendar,r,09/09/2026,00:38:46,eddie@node1m20.ecdf.ed.ac.uk,6,7
58171483,0.00263,of_26035_1,wdewulf,r,09/09/2026,20:54:49,eddie@node1l08.ecdf.ed.ac.uk,1,982
58171483,0.00263,of_26035_1,wdewulf,r,09/09/2026,20:54:49,eddie@node1k05.ecdf.ed.ac.uk,1,983
58171483,0.00263,of_26035_1,wdewulf,r,09/09/2026,20:54:49,eddie@node1j19.ecdf.ed.ac.uk,1,984
58171483,0.00263,of_26035_1,wdewulf,r,09/09/2026,20:54:34,eddie@node1i13.ecdf.ed.ac.uk,1,978
58171483,0.00263,of_26035_1,wdewulf,r,09/09/2026,20:54:34,eddie@node1f09.ecdf.ed.ac.uk,1,979
58171483,0.00263,of_26035_1,wdewulf,r,09/09/2026,20:54:34,eddie@node1m05.ecdf.ed.ac.uk,1,980
58171483,0.00263,of_26035_1,wdewulf,r,09/09/2026,20:54:34,eddie@node1e06.ecdf.ed.ac.uk,1,981
58171483,0.00263,of_26035_1,wdewulf,r,09/09/2026,20:54:19,eddie@node1j04.ecdf.ed.ac.uk,1,975
58171483,0.00263,of_26035_1,wdewulf,r,09/09/2026,20:54:19,eddie@node1e06.ecdf.ed.ac.uk,1,976
58171483,0.00263,of_26035_1,wdewulf,r,09/09/2026,20:54:19,eddie@node1e03.ecdf.ed.ac.uk,1,977
58171483,0.00263,of_26035_1,wdewulf,r,09/09/2026,20:54:04,eddie@node1l19.ecdf.ed.ac.uk,1,972
58171483,0.00263,of_26035_1,wdewulf,r,09/09/2026,20:54:04,eddie@node1j22.ecdf.ed.ac.uk,1,973
58171483,0.00263,of_26035_1,wdewulf,r,09/09/2026,20:54:04,eddie@node1f04.ecdf.ed.ac.uk,1,974
58171483,0.00263,of_26035_1,wdewulf,r,09/09/2026,20:53:49,eddie@node1i06.ecdf.ed.ac.uk,1,967
58171483,0.00263,of_26035_1,wdewulf,r,09/09/2026,20:53:49,eddie@node1j01.ecdf.ed.ac.uk,1,968
58171483,0.00263,of_26035_1,wdewulf,r,09/09/2026,20:53:49,eddie@node1k01.ecdf.ed.ac.uk,1,969
58171483,0.00263,of_26035_1,wdewulf,r,09/09/2026,20:53:49,eddie@node1j19.ecdf.ed.ac.uk,1,970
58171483,0.00263,of_26035_1,wdewulf,r,09/09/2026,20:53:49,eddie@node1f01.ecdf.ed.ac.uk,1,971
58171483,0.00263,of_26035_1,wdewulf,r,09/09/2026,20:53:34,eddie@node1j10.ecdf.ed.ac.uk,1,966
58171483,0.00263,of_26035_1,wdewulf,r,09/09/2026,20:53:19,eddie@node1m05.ecdf.ed.ac.uk,1,964
58171483,0.00263,of_26035_1,wdewulf,r,09/09/2026,20:53:19,eddie@node1e06.ecdf.ed.ac.uk,1,965
58171483,0.00263,of_26035_1,wdewulf,r,09/09/2026,20:52:49,eddie@node1j19.ecdf.ed.ac.uk,1,963
58171483,0.00263,of_26035_1,wdewulf,r,09/09/2026,20:52:34,eddie@node1i24.ecdf.ed.ac.uk,1,959
58171483,0.00263,of_26035_1,wdewulf,r,09/09/2026,20:52:34,eddie@node1i24.ecdf.ed.ac.uk,1,960
58171483,0.00263,of_26035_1,wdewulf,r,09/09/2026,20:52:34,eddie@node1e01.ecdf.ed.ac.uk,1,961
58171483,0.00263,of_26035_1,wdewulf,r,09/09/2026,20:52:34,eddie@node1f03.ecdf.ed.ac.uk,1,962
58171483,0.00263,of_26035_1,wdewulf,r,09/09/2026,20:52:19,eddie@node1l07.ecdf.ed.ac.uk,1,954
58171483,0.00263,of_26035_1,wdewulf,r,09/09/2026,20:52:19,eddie@node1m04.ecdf.ed.ac.uk,1,955
58171483,0.00263,of_26035_1,wdewulf,r,09/09/2026,20:52:19,eddie@node1k06.ecdf.ed.ac.uk,1,956
58171483,0.00263,of_26035_1,wdewulf,r,09/09/2026,20:52:19,eddie@node1e08.ecdf.ed.ac.uk,1,957
58171483,0.00263,of_26035_1,wdewulf,r,09/09/2026,20:52:19,eddie@node1d03.ecdf.ed.ac.uk,1,958
58197370,0.00263,okc154_cal,gross33,r,09/09/2026,06:59:02,eddie@node1l28.ecdf.ed.ac.uk,1,23
58197370,0.00263,okc154_cal,gross33,r,09/09/2026,06:59:02,eddie@node1o04.ecdf.ed.ac.uk,1,24
58197370,0.00263,okc154_cal,gross33,r,09/09/2026,06:59:02,eddie@node1l28.ecdf.ed.ac.uk,1,28
58197370,0.00263,okc154_cal,gross33,r,09/09/2026,06:59:02,eddie@node1l28.ecdf.ed.ac.uk,1,29
58197370,0.00263,okc154_cal,gross33,r,09/09/2026,06:59:02,eddie@node1l28.ecdf.ed.ac.uk,1,36
58171483,0.00263,of_26035_1,wdewulf,r,09/09/2026,20:52:04,eddie@node1m10.ecdf.ed.ac.uk,1,950
58171483,0.00263,of_26035_1,wdewulf,r,09/09/2026,20:52:04,eddie@node1e06.ecdf.ed.ac.uk,1,951
58171483,0.00263,of_26035_1,wdewulf,r,09/09/2026,20:52:04,eddie@node1e01.ecdf.ed.ac.uk,1,952
58171483,0.00263,of_26035_1,wdewulf,r,09/09/2026,20:52:04,eddie@node1e03.ecdf.ed.ac.uk,1,953
58171483,0.00263,of_26035_1,wdewulf,r,09/09/2026,20:51:49,eddie@node1i03.ecdf.ed.ac.uk,1,947
58171483,0.00263,of_26035_1,wdewulf,r,09/09/2026,20:51:49,eddie@node1e06.ecdf.ed.ac.uk,1,948
58171483,0.00263,of_26035_1,wdewulf,r,09/09/2026,20:51:49,eddie@node1e06.ecdf.ed.ac.uk,1,949
58171483,0.00263,of_26035_1,wdewulf,r,09/09/2026,20:51:34,eddie@node1l08.ecdf.ed.ac.uk,1,942
58171483,0.00263,of_26035_1,wdewulf,r,09/09/2026,20:51:34,eddie@node1l19.ecdf.ed.ac.uk,1,943
58171483,0.00263,of_26035_1,wdewulf,r,09/09/2026,20:51:34,eddie@node1m05.ecdf.ed.ac.uk,1,944
58171483,0.00263,of_26035_1,wdewulf,r,09/09/2026,20:51:34,eddie@node1f05.ecdf.ed.ac.uk,1,945
58171483,0.00263,of_26035_1,wdewulf,r,09/09/2026,20:51:34,eddie@node1f04.ecdf.ed.ac.uk,1,946
58171483,0.00263,of_26035_1,wdewulf,r,09/09/2026,20:51:19,eddie@node1i14.ecdf.ed.ac.uk,1,940
58171483,0.00263,of_26035_1,wdewulf,r,09/09/2026,20:51:19,eddie@node1e04.ecdf.ed.ac.uk,1,941
58171483,0.00263,of_26035_1,wdewulf,r,09/09/2026,20:51:04,eddie@node1f13.ecdf.ed.ac.uk,1,936
58171483,0.00263,of_26035_1,wdewulf,r,09/09/2026,20:51:04,eddie@node1j02.ecdf.ed.ac.uk,1,937
58171483,0.00263,of_26035_1,wdewulf,r,09/09/2026,20:51:04,eddie@node1e06.ecdf.ed.ac.uk,1,938
58171483,0.00263,of_26035_1,wdewulf,r,09/09/2026,20:51:04,eddie@node1e04.ecdf.ed.ac.uk,1,939
58171483,0.00263,of_26035_1,wdewulf,r,09/09/2026,20:50:49,eddie@node1l06.ecdf.ed.ac.uk,1,934
58171483,0.00263,of_26035_1,wdewulf,r,09/09/2026,20:50:49,eddie@node1j08.ecdf.ed.ac.uk,1,935
58171483,0.00263,of_26035_1,wdewulf,r,09/09/2026,20:50:34,eddie@node1j08.ecdf.ed.ac.uk,1,932
58171483,0.00263,of_26035_1,wdewulf,r,09/09/2026,20:50:34,eddie@node1j08.ecdf.ed.ac.uk,1,933
58171483,0.00263,of_26035_1,wdewulf,r,09/09/2026,20:50:19,eddie@node1j11.ecdf.ed.ac.uk,1,925
58171483,0.00263,of_26035_1,wdewulf,r,09/09/2026,20:50:19,eddie@node1m04.ecdf.ed.ac.uk,1,926
58171483,0.00263,of_26035_1,wdewulf,r,09/09/2026,20:50:19,eddie@node1e01.ecdf.ed.ac.uk,1,927
58171483,0.00263,of_26035_1,wdewulf,r,09/09/2026,20:50:19,eddie@node1e01.ecdf.ed.ac.uk,1,928
58171483,0.00263,of_26035_1,wdewulf,r,09/09/2026,20:50:19,eddie@node1f05.ecdf.ed.ac.uk,1,929
58171483,0.00263,of_26035_1,wdewulf,r,09/09/2026,20:50:19,eddie@node1d03.ecdf.ed.ac.uk,1,930
58171483,0.00263,of_26035_1,wdewulf,r,09/09/2026,20:50:19,eddie@node1f01.ecdf.ed.ac.uk,1,931
58171483,0.00263,of_26035_1,wdewulf,r,09/09/2026,20:50:04,eddie@node1m07.ecdf.ed.ac.uk,1,921
58171483,0.00263,of_26035_1,wdewulf,r,09/09/2026,20:50:04,eddie@node1m03.ecdf.ed.ac.uk,1,922
58171483,0.00263,of_26035_1,wdewulf,r,09/09/2026,20:50:04,eddie@node1f05.ecdf.ed.ac.uk,1,923
58171483,0.00263,of_26035_1,wdewulf,r,09/09/2026,20:50:04,eddie@node1f05.ecdf.ed.ac.uk,1,924
58196614,0.00263,ce1,gl02ad2,r,09/09/2026,19:12:45,eddie@node1l16.ecdf.ed.ac.uk,8
58171483,0.00263,of_26035_1,wdewulf,r,09/09/2026,20:49:49,eddie@node1i06.ecdf.ed.ac.uk,1,913
58171483,0.00263,of_26035_1,wdewulf,r,09/09/2026,20:49:49,eddie@node1e01.ecdf.ed.ac.uk,1,914
58171483,0.00263,of_26035_1,wdewulf,r,09/09/2026,20:49:49,eddie@node1e01.ecdf.ed.ac.uk,1,915
58171483,0.00263,of_26035_1,wdewulf,r,09/09/2026,20:49:49,eddie@node1e03.ecdf.ed.ac.uk,1,916
58171483,0.00263,of_26035_1,wdewulf,r,09/09/2026,20:49:49,eddie@node1e03.ecdf.ed.ac.uk,1,917
58171483,0.00263,of_26035_1,wdewulf,r,09/09/2026,20:49:49,eddie@node1f05.ecdf.ed.ac.uk,1,918
58171483,0.00263,of_26035_1,wdewulf,r,09/09/2026,20:49:49,eddie@node1e04.ecdf.ed.ac.uk,1,919
58171483,0.00263,of_26035_1,wdewulf,r,09/09/2026,20:49:49,eddie@node1e04.ecdf.ed.ac.uk,1,920
58171483,0.00263,of_26035_1,wdewulf,r,09/09/2026,20:49:34,eddie@node1f09.ecdf.ed.ac.uk,1,909
58171483,0.00263,of_26035_1,wdewulf,r,09/09/2026,20:49:34,eddie@node1k07.ecdf.ed.ac.uk,1,910
58171483,0.00263,of_26035_1,wdewulf,r,09/09/2026,20:49:34,eddie@node1d06.ecdf.ed.ac.uk,1,911
58171483,0.00263,of_26035_1,wdewulf,r,09/09/2026,20:49:34,eddie@node1e06.ecdf.ed.ac.uk,1,912
58171483,0.00263,of_26035_1,wdewulf,r,09/09/2026,20:49:19,eddie@node1j08.ecdf.ed.ac.uk,1,905
58171483,0.00263,of_26035_1,wdewulf,r,09/09/2026,20:49:19,eddie@node1j19.ecdf.ed.ac.uk,1,906
58171483,0.00263,of_26035_1,wdewulf,r,09/09/2026,20:49:19,eddie@node1e06.ecdf.ed.ac.uk,1,907
58171483,0.00263,of_26035_1,wdewulf,r,09/09/2026,20:49:19,eddie@node1e06.ecdf.ed.ac.uk,1,908
58171483,0.00263,of_26035_1,wdewulf,r,09/09/2026,20:49:04,eddie@node1k02.ecdf.ed.ac.uk,1,902
58171483,0.00263,of_26035_1,wdewulf,r,09/09/2026,20:49:04,eddie@node1d06.ecdf.ed.ac.uk,1,903
58171483,0.00263,of_26035_1,wdewulf,r,09/09/2026,20:49:04,eddie@node1i24.ecdf.ed.ac.uk,1,904
58197275,0.00263,ce1,gl03pi9,r,09/09/2026,19:11:45,eddie@node1l14.ecdf.ed.ac.uk,8
58171483,0.00262,of_26035_1,wdewulf,r,09/09/2026,20:48:49,eddie@node1f13.ecdf.ed.ac.uk,1,896
58171483,0.00262,of_26035_1,wdewulf,r,09/09/2026,20:48:49,eddie@node1m06.ecdf.ed.ac.uk,1,897
58171483,0.00262,of_26035_1,wdewulf,r,09/09/2026,20:48:49,eddie@node1m10.ecdf.ed.ac.uk,1,898
58171483,0.00262,of_26035_1,wdewulf,r,09/09/2026,20:48:49,eddie@node1j07.ecdf.ed.ac.uk,1,899
58171483,0.00262,of_26035_1,wdewulf,r,09/09/2026,20:48:49,eddie@node1j17.ecdf.ed.ac.uk,1,900
58171483,0.00262,of_26035_1,wdewulf,r,09/09/2026,20:48:49,eddie@node1e06.ecdf.ed.ac.uk,1,901
58171483,0.00262,of_26035_1,wdewulf,r,09/09/2026,20:48:34,eddie@node1k05.ecdf.ed.ac.uk,1,892
58171483,0.00262,of_26035_1,wdewulf,r,09/09/2026,20:48:34,eddie@node1j19.ecdf.ed.ac.uk,1,893
58171483,0.00262,of_26035_1,wdewulf,r,09/09/2026,20:48:34,eddie@node1n15.ecdf.ed.ac.uk,1,894
58171483,0.00262,of_26035_1,wdewulf,r,09/09/2026,20:48:34,eddie@node1e04.ecdf.ed.ac.uk,1,895
58171483,0.00262,of_26035_1,wdewulf,r,09/09/2026,20:48:19,eddie@node1i17.ecdf.ed.ac.uk,1,888
58171483,0.00262,of_26035_1,wdewulf,r,09/09/2026,20:48:19,eddie@node1e08.ecdf.ed.ac.uk,1,889
58171483,0.00262,of_26035_1,wdewulf,r,09/09/2026,20:48:19,eddie@node1d04.ecdf.ed.ac.uk,1,890
58171483,0.00262,of_26035_1,wdewulf,r,09/09/2026,20:48:19,eddie@node1e01.ecdf.ed.ac.uk,1,891
58171483,0.00262,of_26035_1,wdewulf,r,09/09/2026,20:48:04,eddie@node1j01.ecdf.ed.ac.uk,1,883
58171483,0.00262,of_26035_1,wdewulf,r,09/09/2026,20:48:04,eddie@node1k06.ecdf.ed.ac.uk,1,884
58171483,0.00262,of_26035_1,wdewulf,r,09/09/2026,20:48:04,eddie@node1i17.ecdf.ed.ac.uk,1,885
58171483,0.00262,of_26035_1,wdewulf,r,09/09/2026,20:48:04,eddie@node1d04.ecdf.ed.ac.uk,1,886
58171483,0.00262,of_26035_1,wdewulf,r,09/09/2026,20:48:04,eddie@node1e01.ecdf.ed.ac.uk,1,887
58171483,0.00262,of_26035_1,wdewulf,r,09/09/2026,20:47:49,eddie@node1j01.ecdf.ed.ac.uk,1,880
58171483,0.00262,of_26035_1,wdewulf,r,09/09/2026,20:47:49,eddie@node1j01.ecdf.ed.ac.uk,1,881
58171483,0.00262,of_26035_1,wdewulf,r,09/09/2026,20:47:49,eddie@node1m12.ecdf.ed.ac.uk,1,882
58171483,0.00262,of_26035_1,wdewulf,r,09/09/2026,20:47:34,eddie@node1e01.ecdf.ed.ac.uk,1,878
58171483,0.00262,of_26035_1,wdewulf,r,09/09/2026,20:47:34,eddie@node1e01.ecdf.ed.ac.uk,1,879
58171483,0.00262,of_26035_1,wdewulf,r,09/09/2026,20:47:19,eddie@node1j21.ecdf.ed.ac.uk,1,873
58171483,0.00262,of_26035_1,wdewulf,r,09/09/2026,20:47:19,eddie@node1j22.ecdf.ed.ac.uk,1,874
58171483,0.00262,of_26035_1,wdewulf,r,09/09/2026,20:47:19,eddie@node1d04.ecdf.ed.ac.uk,1,875
58171483,0.00262,of_26035_1,wdewulf,r,09/09/2026,20:47:19,eddie@node1e01.ecdf.ed.ac.uk,1,876
58171483,0.00262,of_26035_1,wdewulf,r,09/09/2026,20:47:19,eddie@node1e01.ecdf.ed.ac.uk,1,877
58171483,0.00262,of_26035_1,wdewulf,r,09/09/2026,20:47:04,eddie@node1l08.ecdf.ed.ac.uk,1,867
58171483,0.00262,of_26035_1,wdewulf,r,09/09/2026,20:47:04,eddie@node1k08.ecdf.ed.ac.uk,1,868
58171483,0.00262,of_26035_1,wdewulf,r,09/09/2026,20:47:04,eddie@node1m12.ecdf.ed.ac.uk,1,869
58171483,0.00262,of_26035_1,wdewulf,r,09/09/2026,20:47:04,eddie@node1k06.ecdf.ed.ac.uk,1,870
58171483,0.00262,of_26035_1,wdewulf,r,09/09/2026,20:47:04,eddie@node1e08.ecdf.ed.ac.uk,1,871
58171483,0.00262,of_26035_1,wdewulf,r,09/09/2026,20:47:04,eddie@node1f05.ecdf.ed.ac.uk,1,872
58171483,0.00262,of_26035_1,wdewulf,r,09/09/2026,20:46:49,eddie@node1k02.ecdf.ed.ac.uk,1,866
58171483,0.00262,of_26035_1,wdewulf,r,09/09/2026,20:46:34,eddie@node1i17.ecdf.ed.ac.uk,1,862
58171483,0.00262,of_26035_1,wdewulf,r,09/09/2026,20:46:34,eddie@node1i17.ecdf.ed.ac.uk,1,863
58171483,0.00262,of_26035_1,wdewulf,r,09/09/2026,20:46:34,eddie@node1d04.ecdf.ed.ac.uk,1,864
58171483,0.00262,of_26035_1,wdewulf,r,09/09/2026,20:46:34,eddie@node1f05.ecdf.ed.ac.uk,1,865
58171483,0.00262,of_26035_1,wdewulf,r,09/09/2026,20:46:19,eddie@node1i07.ecdf.ed.ac.uk,1,859
58171483,0.00262,of_26035_1,wdewulf,r,09/09/2026,20:46:19,eddie@node1e02.ecdf.ed.ac.uk,1,860
58171483,0.00262,of_26035_1,wdewulf,r,09/09/2026,20:46:19,eddie@node1f05.ecdf.ed.ac.uk,1,861
58195798,0.00262,ce1,gl03pi9,r,09/09/2026,14:45:34,eddie@node1l18.ecdf.ed.ac.uk,8
58171483,0.00262,of_26035_1,wdewulf,r,09/09/2026,20:46:04,eddie@node1j03.ecdf.ed.ac.uk,1,854
58171483,0.00262,of_26035_1,wdewulf,r,09/09/2026,20:46:04,eddie@node1m10.ecdf.ed.ac.uk,1,855
58171483,0.00262,of_26035_1,wdewulf,r,09/09/2026,20:46:04,eddie@node1j02.ecdf.ed.ac.uk,1,856
58171483,0.00262,of_26035_1,wdewulf,r,09/09/2026,20:46:04,eddie@node1e06.ecdf.ed.ac.uk,1,857
58171483,0.00262,of_26035_1,wdewulf,r,09/09/2026,20:46:04,eddie@node1i24.ecdf.ed.ac.uk,1,858
58171483,0.00262,of_26035_1,wdewulf,r,09/09/2026,20:45:49,eddie@node1i13.ecdf.ed.ac.uk,1,850
58171483,0.00262,of_26035_1,wdewulf,r,09/09/2026,20:45:49,eddie@node1j03.ecdf.ed.ac.uk,1,851
58171483,0.00262,of_26035_1,wdewulf,r,09/09/2026,20:45:49,eddie@node1j21.ecdf.ed.ac.uk,1,852
58171483,0.00262,of_26035_1,wdewulf,r,09/09/2026,20:45:49,eddie@node1i24.ecdf.ed.ac.uk,1,853
58171483,0.00262,of_26035_1,wdewulf,r,09/09/2026,20:45:34,eddie@node1f13.ecdf.ed.ac.uk,1,846
58171483,0.00262,of_26035_1,wdewulf,r,09/09/2026,20:45:34,eddie@node1j07.ecdf.ed.ac.uk,1,847
58171483,0.00262,of_26035_1,wdewulf,r,09/09/2026,20:45:34,eddie@node1j19.ecdf.ed.ac.uk,1,848
58171483,0.00262,of_26035_1,wdewulf,r,09/09/2026,20:45:34,eddie@node1d06.ecdf.ed.ac.uk,1,849
58171483,0.00262,of_26035_1,wdewulf,r,09/09/2026,20:45:19,eddie@node1k07.ecdf.ed.ac.uk,1,842
58171483,0.00262,of_26035_1,wdewulf,r,09/09/2026,20:45:19,eddie@node1k07.ecdf.ed.ac.uk,1,843
58171483,0.00262,of_26035_1,wdewulf,r,09/09/2026,20:45:19,eddie@node1k01.ecdf.ed.ac.uk,1,844
58171483,0.00262,of_26035_1,wdewulf,r,09/09/2026,20:45:19,eddie@node1j07.ecdf.ed.ac.uk,1,845
58171483,0.00262,of_26035_1,wdewulf,r,09/09/2026,20:45:04,eddie@node1j03.ecdf.ed.ac.uk,1,834
58171483,0.00262,of_26035_1,wdewulf,r,09/09/2026,20:45:04,eddie@node1j21.ecdf.ed.ac.uk,1,835
58171483,0.00262,of_26035_1,wdewulf,r,09/09/2026,20:45:04,eddie@node1m06.ecdf.ed.ac.uk,1,836
58171483,0.00262,of_26035_1,wdewulf,r,09/09/2026,20:45:04,eddie@node1j09.ecdf.ed.ac.uk,1,837
58171483,0.00262,of_26035_1,wdewulf,r,09/09/2026,20:45:04,eddie@node1e08.ecdf.ed.ac.uk,1,838
58171483,0.00262,of_26035_1,wdewulf,r,09/09/2026,20:45:04,eddie@node1e01.ecdf.ed.ac.uk,1,839
58171483,0.00262,of_26035_1,wdewulf,r,09/09/2026,20:45:04,eddie@node1e05.ecdf.ed.ac.uk,1,840
58171483,0.00262,of_26035_1,wdewulf,r,09/09/2026,20:45:04,eddie@node1e05.ecdf.ed.ac.uk,1,841
58171483,0.00262,of_26035_1,wdewulf,r,09/09/2026,20:44:49,eddie@node1l19.ecdf.ed.ac.uk,1,832
58171483,0.00262,of_26035_1,wdewulf,r,09/09/2026,20:44:49,eddie@node1l03.ecdf.ed.ac.uk,1,833
58171483,0.00262,of_26035_1,wdewulf,r,09/09/2026,20:44:19,eddie@node1i13.ecdf.ed.ac.uk,1,825
58171483,0.00262,of_26035_1,wdewulf,r,09/09/2026,20:44:19,eddie@node1j11.ecdf.ed.ac.uk,1,826
58171483,0.00262,of_26035_1,wdewulf,r,09/09/2026,20:44:19,eddie@node1k05.ecdf.ed.ac.uk,1,827
58171483,0.00262,of_26035_1,wdewulf,r,09/09/2026,20:44:19,eddie@node1e08.ecdf.ed.ac.uk,1,828
58171483,0.00262,of_26035_1,wdewulf,r,09/09/2026,20:44:19,eddie@node1e08.ecdf.ed.ac.uk,1,829
58171483,0.00262,of_26035_1,wdewulf,r,09/09/2026,20:44:19,eddie@node1e01.ecdf.ed.ac.uk,1,831
58171483,0.00262,of_26035_1,wdewulf,r,09/09/2026,20:44:04,eddie@node1i14.ecdf.ed.ac.uk,1,820
58171483,0.00262,of_26035_1,wdewulf,r,09/09/2026,20:44:04,eddie@node1k07.ecdf.ed.ac.uk,1,821
58171483,0.00262,of_26035_1,wdewulf,r,09/09/2026,20:44:04,eddie@node1e03.ecdf.ed.ac.uk,1,822
58171483,0.00262,of_26035_1,wdewulf,r,09/09/2026,20:44:04,eddie@node1d04.ecdf.ed.ac.uk,1,823
58171483,0.00262,of_26035_1,wdewulf,r,09/09/2026,20:44:04,eddie@node1e01.ecdf.ed.ac.uk,1,824
58171483,0.00262,of_26035_1,wdewulf,r,09/09/2026,20:43:49,eddie@node1j10.ecdf.ed.ac.uk,1,814
58171483,0.00262,of_26035_1,wdewulf,r,09/09/2026,20:43:49,eddie@node1j11.ecdf.ed.ac.uk,1,815
58171483,0.00262,of_26035_1,wdewulf,r,09/09/2026,20:43:49,eddie@node1k08.ecdf.ed.ac.uk,1,816
58171483,0.00262,of_26035_1,wdewulf,r,09/09/2026,20:43:49,eddie@node1m10.ecdf.ed.ac.uk,1,817
58171483,0.00262,of_26035_1,wdewulf,r,09/09/2026,20:43:49,eddie@node1e01.ecdf.ed.ac.uk,1,818
58171483,0.00262,of_26035_1,wdewulf,r,09/09/2026,20:43:49,eddie@node1e01.ecdf.ed.ac.uk,1,819
58171483,0.00262,of_26035_1,wdewulf,r,09/09/2026,20:43:34,eddie@node1m10.ecdf.ed.ac.uk,1,809
58171483,0.00262,of_26035_1,wdewulf,r,09/09/2026,20:43:34,eddie@node1d06.ecdf.ed.ac.uk,1,810
58171483,0.00262,of_26035_1,wdewulf,r,09/09/2026,20:43:34,eddie@node1i24.ecdf.ed.ac.uk,1,811
58171483,0.00262,of_26035_1,wdewulf,r,09/09/2026,20:43:34,eddie@node1i24.ecdf.ed.ac.uk,1,812
58171483,0.00262,of_26035_1,wdewulf,r,09/09/2026,20:43:34,eddie@node1e01.ecdf.ed.ac.uk,1,813
58171483,0.00262,of_26035_1,wdewulf,r,09/09/2026,20:43:19,eddie@node1f03.ecdf.ed.ac.uk,1,804
58171483,0.00262,of_26035_1,wdewulf,r,09/09/2026,20:43:19,eddie@node1e03.ecdf.ed.ac.uk,1,805
58171483,0.00262,of_26035_1,wdewulf,r,09/09/2026,20:43:19,eddie@node1d04.ecdf.ed.ac.uk,1,806
58171483,0.00262,of_26035_1,wdewulf,r,09/09/2026,20:43:19,eddie@node1d04.ecdf.ed.ac.uk,1,807
58171483,0.00262,of_26035_1,wdewulf,r,09/09/2026,20:43:19,eddie@node1d04.ecdf.ed.ac.uk,1,808
58171483,0.00262,of_26035_1,wdewulf,r,09/09/2026,20:43:04,eddie@node1e06.ecdf.ed.ac.uk,1,802
58171483,0.00262,of_26035_1,wdewulf,r,09/09/2026,20:43:04,eddie@node1e06.ecdf.ed.ac.uk,1,803
58171483,0.00262,of_26035_1,wdewulf,r,09/09/2026,20:42:49,eddie@node1j10.ecdf.ed.ac.uk,1,798
58171483,0.00262,of_26035_1,wdewulf,r,09/09/2026,20:42:49,eddie@node1d06.ecdf.ed.ac.uk,1,799
58171483,0.00262,of_26035_1,wdewulf,r,09/09/2026,20:42:49,eddie@node1e06.ecdf.ed.ac.uk,1,800
58171483,0.00262,of_26035_1,wdewulf,r,09/09/2026,20:42:49,eddie@node1e01.ecdf.ed.ac.uk,1,801
58171483,0.00262,of_26035_1,wdewulf,r,09/09/2026,20:42:34,eddie@node1k01.ecdf.ed.ac.uk,1,796
58171483,0.00262,of_26035_1,wdewulf,r,09/09/2026,20:42:34,eddie@node1e03.ecdf.ed.ac.uk,1,797
58171483,0.00261,of_26035_1,wdewulf,r,09/09/2026,20:42:04,eddie@node1f13.ecdf.ed.ac.uk,1,794
58171483,0.00261,of_26035_1,wdewulf,r,09/09/2026,20:42:04,eddie@node1e01.ecdf.ed.ac.uk,1,795
58171483,0.00261,of_26035_1,wdewulf,r,09/09/2026,20:41:49,eddie@node1k01.ecdf.ed.ac.uk,1,792
58171483,0.00261,of_26035_1,wdewulf,r,09/09/2026,20:41:49,eddie@node1e08.ecdf.ed.ac.uk,1,793
58171483,0.00261,of_26035_1,wdewulf,r,09/09/2026,20:41:34,eddie@node1f09.ecdf.ed.ac.uk,1,788
58171483,0.00261,of_26035_1,wdewulf,r,09/09/2026,20:41:34,eddie@node1f09.ecdf.ed.ac.uk,1,789
58171483,0.00261,of_26035_1,wdewulf,r,09/09/2026,20:41:34,eddie@node1l19.ecdf.ed.ac.uk,1,790
58171483,0.00261,of_26035_1,wdewulf,r,09/09/2026,20:41:34,eddie@node1m02.ecdf.ed.ac.uk,1,791
58171483,0.00261,of_26035_1,wdewulf,r,09/09/2026,20:41:19,eddie@node1f09.ecdf.ed.ac.uk,1,785
58171483,0.00261,of_26035_1,wdewulf,r,09/09/2026,20:41:19,eddie@node1f09.ecdf.ed.ac.uk,1,786
58171483,0.00261,of_26035_1,wdewulf,r,09/09/2026,20:41:19,eddie@node1j10.ecdf.ed.ac.uk,1,787
58171483,0.00261,of_26035_1,wdewulf,r,09/09/2026,20:41:04,eddie@node1i13.ecdf.ed.ac.uk,1,782
58171483,0.00261,of_26035_1,wdewulf,r,09/09/2026,20:41:04,eddie@node1i06.ecdf.ed.ac.uk,1,783
58171483,0.00261,of_26035_1,wdewulf,r,09/09/2026,20:41:04,eddie@node1l20.ecdf.ed.ac.uk,1,784
58171483,0.00261,of_26035_1,wdewulf,r,09/09/2026,20:40:49,eddie@node1f09.ecdf.ed.ac.uk,1,779
58171483,0.00261,of_26035_1,wdewulf,r,09/09/2026,20:40:49,eddie@node1f09.ecdf.ed.ac.uk,1,780
58171483,0.00261,of_26035_1,wdewulf,r,09/09/2026,20:40:49,eddie@node1m04.ecdf.ed.ac.uk,1,781
58171483,0.00261,of_26035_1,wdewulf,r,09/09/2026,20:40:34,eddie@node1m02.ecdf.ed.ac.uk,1,774
58171483,0.00261,of_26035_1,wdewulf,r,09/09/2026,20:40:34,eddie@node1d06.ecdf.ed.ac.uk,1,775
58171483,0.00261,of_26035_1,wdewulf,r,09/09/2026,20:40:34,eddie@node1e03.ecdf.ed.ac.uk,1,776
58171483,0.00261,of_26035_1,wdewulf,r,09/09/2026,20:40:34,eddie@node1e03.ecdf.ed.ac.uk,1,778
58171483,0.00261,of_26035_1,wdewulf,r,09/09/2026,20:40:19,eddie@node1k01.ecdf.ed.ac.uk,1,773
58171483,0.00261,of_26035_1,wdewulf,r,09/09/2026,20:40:04,eddie@node1m12.ecdf.ed.ac.uk,1,770
58171483,0.00261,of_26035_1,wdewulf,r,09/09/2026,20:40:04,eddie@node1n15.ecdf.ed.ac.uk,1,771
58171483,0.00261,of_26035_1,wdewulf,r,09/09/2026,20:40:04,eddie@node1e03.ecdf.ed.ac.uk,1,772
58171483,0.00261,of_26035_1,wdewulf,r,09/09/2026,20:39:49,eddie@node1d06.ecdf.ed.ac.uk,1,768
58171483,0.00261,of_26035_1,wdewulf,r,09/09/2026,20:39:49,eddie@node1e02.ecdf.ed.ac.uk,1,769
58171483,0.00261,of_26035_1,wdewulf,r,09/09/2026,20:39:34,eddie@node1f13.ecdf.ed.ac.uk,1,763
58171483,0.00261,of_26035_1,wdewulf,r,09/09/2026,20:39:34,eddie@node1k02.ecdf.ed.ac.uk,1,764
58171483,0.00261,of_26035_1,wdewulf,r,09/09/2026,20:39:34,eddie@node1m11.ecdf.ed.ac.uk,1,765
58171483,0.00261,of_26035_1,wdewulf,r,09/09/2026,20:39:34,eddie@node1e02.ecdf.ed.ac.uk,1,766
58171483,0.00261,of_26035_1,wdewulf,r,09/09/2026,20:39:34,eddie@node1d04.ecdf.ed.ac.uk,1,767
58171483,0.00261,of_26035_1,wdewulf,r,09/09/2026,20:39:19,eddie@node1k05.ecdf.ed.ac.uk,1,759
58171483,0.00261,of_26035_1,wdewulf,r,09/09/2026,20:39:19,eddie@node1i17.ecdf.ed.ac.uk,1,760
58171483,0.00261,of_26035_1,wdewulf,r,09/09/2026,20:39:19,eddie@node1n15.ecdf.ed.ac.uk,1,761
58171483,0.00261,of_26035_1,wdewulf,r,09/09/2026,20:39:19,eddie@node1f05.ecdf.ed.ac.uk,1,762
58197383,0.00261,ce2,gl03pi18,r,09/09/2026,19:13:45,eddie@node1l16.ecdf.ed.ac.uk,8
58171483,0.00261,of_26035_1,wdewulf,r,09/09/2026,20:39:04,eddie@node1j01.ecdf.ed.ac.uk,1,754
58171483,0.00261,of_26035_1,wdewulf,r,09/09/2026,20:39:04,eddie@node1k02.ecdf.ed.ac.uk,1,755
58171483,0.00261,of_26035_1,wdewulf,r,09/09/2026,20:39:04,eddie@node1n15.ecdf.ed.ac.uk,1,756
58171483,0.00261,of_26035_1,wdewulf,r,09/09/2026,20:38:49,eddie@node1l10.ecdf.ed.ac.uk,1,749
58171483,0.00261,of_26035_1,wdewulf,r,09/09/2026,20:38:49,eddie@node1n13.ecdf.ed.ac.uk,1,750
58171483,0.00261,of_26035_1,wdewulf,r,09/09/2026,20:38:49,eddie@node1n13.ecdf.ed.ac.uk,1,751
58171483,0.00261,of_26035_1,wdewulf,r,09/09/2026,20:38:49,eddie@node1f03.ecdf.ed.ac.uk,1,752
58171483,0.00261,of_26035_1,wdewulf,r,09/09/2026,20:38:49,eddie@node1d04.ecdf.ed.ac.uk,1,753
58171483,0.00261,of_26035_1,wdewulf,r,09/09/2026,20:38:34,eddie@node1l19.ecdf.ed.ac.uk,1,745
58171483,0.00261,of_26035_1,wdewulf,r,09/09/2026,20:38:34,eddie@node1k03.ecdf.ed.ac.uk,1,746
58171483,0.00261,of_26035_1,wdewulf,r,09/09/2026,20:38:34,eddie@node1e01.ecdf.ed.ac.uk,1,748
58171483,0.00261,of_26035_1,wdewulf,r,09/09/2026,20:38:19,eddie@node1e03.ecdf.ed.ac.uk,1,744
58171483,0.00261,of_26035_1,wdewulf,r,09/09/2026,20:38:04,eddie@node1d06.ecdf.ed.ac.uk,1,742
58171483,0.00261,of_26035_1,wdewulf,r,09/09/2026,20:38:04,eddie@node1e06.ecdf.ed.ac.uk,1,743
58171483,0.00261,of_26035_1,wdewulf,r,09/09/2026,20:37:49,eddie@node1l05.ecdf.ed.ac.uk,1,739
58171483,0.00261,of_26035_1,wdewulf,r,09/09/2026,20:37:49,eddie@node1d04.ecdf.ed.ac.uk,1,740
58171483,0.00261,of_26035_1,wdewulf,r,09/09/2026,20:37:49,eddie@node1d04.ecdf.ed.ac.uk,1,741
58171483,0.00261,of_26035_1,wdewulf,r,09/09/2026,20:37:34,eddie@node1i14.ecdf.ed.ac.uk,1,734
58171483,0.00261,of_26035_1,wdewulf,r,09/09/2026,20:37:34,eddie@node1i07.ecdf.ed.ac.uk,1,735
58171483,0.00261,of_26035_1,wdewulf,r,09/09/2026,20:37:34,eddie@node1i07.ecdf.ed.ac.uk,1,736
58171483,0.00261,of_26035_1,wdewulf,r,09/09/2026,20:37:34,eddie@node1l19.ecdf.ed.ac.uk,1,737
58171483,0.00261,of_26035_1,wdewulf,r,09/09/2026,20:37:34,eddie@node1m10.ecdf.ed.ac.uk,1,738
58171483,0.00261,of_26035_1,wdewulf,r,09/09/2026,20:37:04,eddie@node1i14.ecdf.ed.ac.uk,1,727
58171483,0.00261,of_26035_1,wdewulf,r,09/09/2026,20:37:04,eddie@node1i14.ecdf.ed.ac.uk,1,728
58171483,0.00261,of_26035_1,wdewulf,r,09/09/2026,20:37:04,eddie@node1k02.ecdf.ed.ac.uk,1,729
58171483,0.00261,of_26035_1,wdewulf,r,09/09/2026,20:37:04,eddie@node1e08.ecdf.ed.ac.uk,1,730
58171483,0.00261,of_26035_1,wdewulf,r,09/09/2026,20:37:04,eddie@node1e08.ecdf.ed.ac.uk,1,731
58171483,0.00261,of_26035_1,wdewulf,r,09/09/2026,20:36:49,eddie@node1f09.ecdf.ed.ac.uk,1,723
58171483,0.00261,of_26035_1,wdewulf,r,09/09/2026,20:36:49,eddie@node1f09.ecdf.ed.ac.uk,1,724
58171483,0.00261,of_26035_1,wdewulf,r,09/09/2026,20:36:49,eddie@node1f09.ecdf.ed.ac.uk,1,725
58171483,0.00261,of_26035_1,wdewulf,r,09/09/2026,20:36:49,eddie@node1f09.ecdf.ed.ac.uk,1,726
58171483,0.00261,of_26035_1,wdewulf,r,09/09/2026,20:36:19,eddie@node1l10.ecdf.ed.ac.uk,1,718
58171483,0.00261,of_26035_1,wdewulf,r,09/09/2026,20:36:19,eddie@node1k02.ecdf.ed.ac.uk,1,719
58171483,0.00261,of_26035_1,wdewulf,r,09/09/2026,20:36:19,eddie@node1k07.ecdf.ed.ac.uk,1,720
58171483,0.00261,of_26035_1,wdewulf,r,09/09/2026,20:36:19,eddie@node1k03.ecdf.ed.ac.uk,1,721
58171483,0.00261,of_26035_1,wdewulf,r,09/09/2026,20:36:19,eddie@node1k06.ecdf.ed.ac.uk,1,722
58171483,0.00260,of_26035_1,wdewulf,r,09/09/2026,20:36:04,eddie@node1e08.ecdf.ed.ac.uk,1,717
58171483,0.00260,of_26035_1,wdewulf,r,09/09/2026,20:35:34,eddie@node1i14.ecdf.ed.ac.uk,1,711
58171483,0.00260,of_26035_1,wdewulf,r,09/09/2026,20:35:34,eddie@node1k07.ecdf.ed.ac.uk,1,712
58171483,0.00260,of_26035_1,wdewulf,r,09/09/2026,20:35:34,eddie@node1n15.ecdf.ed.ac.uk,1,713
58171483,0.00260,of_26035_1,wdewulf,r,09/09/2026,20:35:19,eddie@node1k07.ecdf.ed.ac.uk,1,708
58171483,0.00260,of_26035_1,wdewulf,r,09/09/2026,20:35:19,eddie@node1e03.ecdf.ed.ac.uk,1,709
58195848,0.00260,ce1,gl03pi9,r,09/09/2026,14:46:31,eddie@node1l18.ecdf.ed.ac.uk,8
58171483,0.00260,of_26035_1,wdewulf,r,09/09/2026,20:35:04,eddie@node1j10.ecdf.ed.ac.uk,1,704
58171483,0.00260,of_26035_1,wdewulf,r,09/09/2026,20:35:04,eddie@node1d04.ecdf.ed.ac.uk,1,705
58171483,0.00260,of_26035_1,wdewulf,r,09/09/2026,20:35:04,eddie@node1e04.ecdf.ed.ac.uk,1,707
58171483,0.00260,of_26035_1,wdewulf,r,09/09/2026,20:34:49,eddie@node1j01.ecdf.ed.ac.uk,1,699
58171483,0.00260,of_26035_1,wdewulf,r,09/09/2026,20:34:49,eddie@node1k02.ecdf.ed.ac.uk,1,700
58171483,0.00260,of_26035_1,wdewulf,r,09/09/2026,20:34:49,eddie@node1j22.ecdf.ed.ac.uk,1,701
58171483,0.00260,of_26035_1,wdewulf,r,09/09/2026,20:34:49,eddie@node1n15.ecdf.ed.ac.uk,1,702
58171483,0.00260,of_26035_1,wdewulf,r,09/09/2026,20:34:49,eddie@node1e06.ecdf.ed.ac.uk,1,703
58171483,0.00260,of_26035_1,wdewulf,r,09/09/2026,20:34:34,eddie@node1j01.ecdf.ed.ac.uk,1,693
58171483,0.00260,of_26035_1,wdewulf,r,09/09/2026,20:34:34,eddie@node1m03.ecdf.ed.ac.uk,1,694
58171483,0.00260,of_26035_1,wdewulf,r,09/09/2026,20:34:34,eddie@node1e08.ecdf.ed.ac.uk,1,695
58171483,0.00260,of_26035_1,wdewulf,r,09/09/2026,20:34:34,eddie@node1e08.ecdf.ed.ac.uk,1,696
58171483,0.00260,of_26035_1,wdewulf,r,09/09/2026,20:34:34,eddie@node1e08.ecdf.ed.ac.uk,1,697
58171483,0.00260,of_26035_1,wdewulf,r,09/09/2026,20:34:34,eddie@node1e08.ecdf.ed.ac.uk,1,698
58171483,0.00260,of_26035_1,wdewulf,r,09/09/2026,20:34:19,eddie@node1n14.ecdf.ed.ac.uk,1,690
58171483,0.00260,of_26035_1,wdewulf,r,09/09/2026,20:34:19,eddie@node1e02.ecdf.ed.ac.uk,1,692
58171483,0.00260,of_26035_1,wdewulf,r,09/09/2026,20:34:04,eddie@node1k07.ecdf.ed.ac.uk,1,689
58171483,0.00260,of_26035_1,wdewulf,r,09/09/2026,20:33:49,eddie@node1e02.ecdf.ed.ac.uk,1,688
58171483,0.00260,of_26035_1,wdewulf,r,09/09/2026,20:33:34,eddie@node1l19.ecdf.ed.ac.uk,1,686
58171483,0.00260,of_26035_1,wdewulf,r,09/09/2026,20:33:34,eddie@node1e08.ecdf.ed.ac.uk,1,687
58171483,0.00260,of_26035_1,wdewulf,r,09/09/2026,20:33:19,eddie@node1e06.ecdf.ed.ac.uk,1,683
58171483,0.00260,of_26035_1,wdewulf,r,09/09/2026,20:32:49,eddie@node1j11.ecdf.ed.ac.uk,1,678
58171483,0.00260,of_26035_1,wdewulf,r,09/09/2026,20:32:49,eddie@node1m12.ecdf.ed.ac.uk,1,679
58171483,0.00260,of_26035_1,wdewulf,r,09/09/2026,20:32:49,eddie@node1j07.ecdf.ed.ac.uk,1,680
58171483,0.00260,of_26035_1,wdewulf,r,09/09/2026,20:32:49,eddie@node1n15.ecdf.ed.ac.uk,1,681
58231305,0.00260,HRprop,s2150450,r,09/09/2026,22:22:36,eddie@node1s17.ecdf.ed.ac.uk,20,30
58171483,0.00260,of_26035_1,wdewulf,r,09/09/2026,20:32:34,eddie@node1j10.ecdf.ed.ac.uk,1,676
58171483,0.00260,of_26035_1,wdewulf,r,09/09/2026,20:32:19,eddie@node1j07.ecdf.ed.ac.uk,1,671
58171483,0.00260,of_26035_1,wdewulf,r,09/09/2026,20:32:19,eddie@node1d06.ecdf.ed.ac.uk,1,672
58171483,0.00260,of_26035_1,wdewulf,r,09/09/2026,20:32:01,eddie@node1i13.ecdf.ed.ac.uk,1,664
58171483,0.00260,of_26035_1,wdewulf,r,09/09/2026,20:32:01,eddie@node1k01.ecdf.ed.ac.uk,1,665
58171483,0.00260,of_26035_1,wdewulf,r,09/09/2026,20:32:01,eddie@node1e08.ecdf.ed.ac.uk,1,666
58171483,0.00260,of_26035_1,wdewulf,r,09/09/2026,20:32:01,eddie@node1e08.ecdf.ed.ac.uk,1,667
58171483,0.00260,of_26035_1,wdewulf,r,09/09/2026,20:32:01,eddie@node1e08.ecdf.ed.ac.uk,1,668
58171483,0.00260,of_26035_1,wdewulf,r,09/09/2026,20:31:46,eddie@node1d06.ecdf.ed.ac.uk,1,661
58171483,0.00260,of_26035_1,wdewulf,r,09/09/2026,20:31:46,eddie@node1e08.ecdf.ed.ac.uk,1,663
58171483,0.00260,of_26035_1,wdewulf,r,09/09/2026,20:31:31,eddie@node1e06.ecdf.ed.ac.uk,1,660
58197277,0.00260,ce1,gl03pi9,r,09/09/2026,19:14:02,eddie@node1l11.ecdf.ed.ac.uk,8
58231305,0.00260,HRprop,s2150450,r,09/09/2026,22:21:51,eddie@node1r20.ecdf.ed.ac.uk,20,29
58171483,0.00260,of_26035_1,wdewulf,r,09/09/2026,20:31:01,eddie@node1m11.ecdf.ed.ac.uk,1,656
58171483,0.00260,of_26035_1,wdewulf,r,09/09/2026,20:31:01,eddie@node1e03.ecdf.ed.ac.uk,1,657
58171483,0.00260,of_26035_1,wdewulf,r,09/09/2026,20:31:01,eddie@node1e08.ecdf.ed.ac.uk,1,658
58171483,0.00260,of_26035_1,wdewulf,r,09/09/2026,20:31:01,eddie@node1e08.ecdf.ed.ac.uk,1,659
58171483,0.00260,of_26035_1,wdewulf,r,09/09/2026,20:30:46,eddie@node1n13.ecdf.ed.ac.uk,1,653
58171483,0.00260,of_26035_1,wdewulf,r,09/09/2026,20:30:46,eddie@node1e03.ecdf.ed.ac.uk,1,654
58171483,0.00260,of_26035_1,wdewulf,r,09/09/2026,20:30:31,eddie@node1j01.ecdf.ed.ac.uk,1,650
58171483,0.00260,of_26035_1,wdewulf,r,09/09/2026,20:30:31,eddie@node1q05.ecdf.ed.ac.uk,1,651
58231305,0.00260,HRprop,s2150450,r,09/09/2026,22:20:06,eddie@node1f03.ecdf.ed.ac.uk,20,28
58171483,0.00260,of_26035_1,wdewulf,r,09/09/2026,20:30:16,eddie@node1k02.ecdf.ed.ac.uk,1,647
58171483,0.00260,of_26035_1,wdewulf,r,09/09/2026,20:30:16,eddie@node1e08.ecdf.ed.ac.uk,1,648
58171483,0.00260,of_26035_1,wdewulf,r,09/09/2026,20:30:16,eddie@node1e08.ecdf.ed.ac.uk,1,649
58171483,0.00260,of_26035_1,wdewulf,r,09/09/2026,20:30:01,eddie@node1j04.ecdf.ed.ac.uk,1,644
58171483,0.00260,of_26035_1,wdewulf,r,09/09/2026,20:30:01,eddie@node1q06.ecdf.ed.ac.uk,1,645
58171483,0.00260,of_26035_1,wdewulf,r,09/09/2026,20:30:01,eddie@node1e06.ecdf.ed.ac.uk,1,646
58171483,0.00259,of_26035_1,wdewulf,r,09/09/2026,20:29:46,eddie@node1e06.ecdf.ed.ac.uk,1,641
58171483,0.00259,of_26035_1,wdewulf,r,09/09/2026,20:29:46,eddie@node1e06.ecdf.ed.ac.uk,1,642
58171483,0.00259,of_26035_1,wdewulf,r,09/09/2026,20:29:46,eddie@node1e06.ecdf.ed.ac.uk,1,643
58171483,0.00259,of_26035_1,wdewulf,r,09/09/2026,20:29:31,eddie@node1n15.ecdf.ed.ac.uk,1,640
58171483,0.00259,of_26035_1,wdewulf,r,09/09/2026,20:29:16,eddie@node1j10.ecdf.ed.ac.uk,1,636
58171483,0.00259,of_26035_1,wdewulf,r,09/09/2026,20:29:16,eddie@node1j21.ecdf.ed.ac.uk,1,637
58171483,0.00259,of_26035_1,wdewulf,r,09/09/2026,20:29:16,eddie@node1e03.ecdf.ed.ac.uk,1,638
58171483,0.00259,of_26035_1,wdewulf,r,09/09/2026,20:29:01,eddie@node1j11.ecdf.ed.ac.uk,1,634
58171483,0.00259,of_26035_1,wdewulf,r,09/09/2026,20:28:46,eddie@node1l03.ecdf.ed.ac.uk,1,632
58171483,0.00259,of_26035_1,wdewulf,r,09/09/2026,20:28:46,eddie@node1n15.ecdf.ed.ac.uk,1,633
58231305,0.00259,HRprop,s2150450,r,09/09/2026,22:15:13,eddie@node1d09.ecdf.ed.ac.uk,20,17
58171483,0.00259,of_26035_1,wdewulf,r,09/09/2026,20:28:31,eddie@node1j03.ecdf.ed.ac.uk,1,626
58171483,0.00259,of_26035_1,wdewulf,r,09/09/2026,20:28:31,eddie@node1k02.ecdf.ed.ac.uk,1,627
58171483,0.00259,of_26035_1,wdewulf,r,09/09/2026,20:28:31,eddie@node1j21.ecdf.ed.ac.uk,1,628
58171483,0.00259,of_26035_1,wdewulf,r,09/09/2026,20:28:31,eddie@node1k07.ecdf.ed.ac.uk,1,629
58231305,0.00259,HRprop,s2150450,r,09/09/2026,22:16:28,eddie@node1e08.ecdf.ed.ac.uk,20,21
58231305,0.00259,HRprop,s2150450,r,09/09/2026,22:16:28,eddie@node1f01.ecdf.ed.ac.uk,20,22
58231305,0.00259,HRprop,s2150450,r,09/09/2026,22:15:58,eddie@node1e02.ecdf.ed.ac.uk,20,19
58231305,0.00259,HRprop,s2150450,r,09/09/2026,22:15:58,eddie@node1e02.ecdf.ed.ac.uk,20,20
58171483,0.00259,of_26035_1,wdewulf,r,09/09/2026,20:28:16,eddie@node1k02.ecdf.ed.ac.uk,1,623
58171483,0.00259,of_26035_1,wdewulf,r,09/09/2026,20:28:16,eddie@node1q06.ecdf.ed.ac.uk,1,624
58171483,0.00259,of_26035_1,wdewulf,r,09/09/2026,20:28:16,eddie@node1q06.ecdf.ed.ac.uk,1,625
58195880,0.00259,ce1,gl03pi9,r,09/09/2026,14:52:16,eddie@node1l12.ecdf.ed.ac.uk,8
58171483,0.00259,of_26035_1,wdewulf,r,09/09/2026,20:28:01,eddie@node1j21.ecdf.ed.ac.uk,1,620
58171483,0.00259,of_26035_1,wdewulf,r,09/09/2026,20:28:01,eddie@node1m11.ecdf.ed.ac.uk,1,621
58171483,0.00259,of_26035_1,wdewulf,r,09/09/2026,20:28:01,eddie@node1n14.ecdf.ed.ac.uk,1,622
58171483,0.00259,of_26035_1,wdewulf,r,09/09/2026,20:27:46,eddie@node1j21.ecdf.ed.ac.uk,1,616
58171483,0.00259,of_26035_1,wdewulf,r,09/09/2026,20:27:46,eddie@node1j10.ecdf.ed.ac.uk,1,617
58171483,0.00259,of_26035_1,wdewulf,r,09/09/2026,20:27:46,eddie@node1j09.ecdf.ed.ac.uk,1,618
58171483,0.00259,of_26035_1,wdewulf,r,09/09/2026,20:27:46,eddie@node1n14.ecdf.ed.ac.uk,1,619
58231305,0.00259,HRprop,s2150450,r,09/09/2026,22:15:28,eddie@node1f05.ecdf.ed.ac.uk,20,18
58171483,0.00259,of_26035_1,wdewulf,r,09/09/2026,20:27:31,eddie@node1j10.ecdf.ed.ac.uk,1,613
58171483,0.00259,of_26035_1,wdewulf,r,09/09/2026,20:27:31,eddie@node1q06.ecdf.ed.ac.uk,1,614
58171483,0.00259,of_26035_1,wdewulf,r,09/09/2026,20:27:31,eddie@node1e06.ecdf.ed.ac.uk,1,615
58171483,0.00259,of_26035_1,wdewulf,r,09/09/2026,20:27:16,eddie@node1m10.ecdf.ed.ac.uk,1,611
58171483,0.00259,of_26035_1,wdewulf,r,09/09/2026,20:27:16,eddie@node1n15.ecdf.ed.ac.uk,1,612
58231305,0.00259,HRprop,s2150450,r,09/09/2026,22:17:28,eddie@node1f05.ecdf.ed.ac.uk,20,24
58231305,0.00259,HRprop,s2150450,r,09/09/2026,22:16:43,eddie@node1e04.ecdf.ed.ac.uk,20,23
58171483,0.00259,of_26035_1,wdewulf,r,09/09/2026,20:27:01,eddie@node1j21.ecdf.ed.ac.uk,1,609
58231305,0.00259,HRprop,s2150450,r,09/09/2026,22:14:43,eddie@node1h21.ecdf.ed.ac.uk,20,16
58231244,0.00259,HRprop,s2150450,r,09/09/2026,20:00:28,eddie@node1h24.ecdf.ed.ac.uk,20,70
58171483,0.00259,of_26035_1,wdewulf,r,09/09/2026,20:26:46,eddie@node1l19.ecdf.ed.ac.uk,1,607
58171483,0.00259,of_26035_1,wdewulf,r,09/09/2026,20:26:46,eddie@node1q05.ecdf.ed.ac.uk,1,608
58171483,0.00259,of_26035_1,wdewulf,r,09/09/2026,20:26:31,eddie@node1q05.ecdf.ed.ac.uk,1,605
58171483,0.00259,of_26035_1,wdewulf,r,09/09/2026,20:26:31,eddie@node1d06.ecdf.ed.ac.uk,1,606
58231305,0.00259,HRprop,s2150450,r,09/09/2026,22:18:36,eddie@node1j28.ecdf.ed.ac.uk,20,25
58231305,0.00259,HRprop,s2150450,r,09/09/2026,22:18:51,eddie@node1e08.ecdf.ed.ac.uk,20,26
58231305,0.00259,HRprop,s2150450,r,09/09/2026,22:19:21,eddie@node1e09.ecdf.ed.ac.uk,20,27
58195146,0.00259,ce2,gl03pi18,r,09/09/2026,14:23:29,eddie@node1l17.ecdf.ed.ac.uk,8
58171483,0.00259,of_26035_1,wdewulf,r,09/09/2026,20:26:16,eddie@node1j01.ecdf.ed.ac.uk,1,603
58171483,0.00259,of_26035_1,wdewulf,r,09/09/2026,20:26:16,eddie@node1d06.ecdf.ed.ac.uk,1,604
58231305,0.00259,HRprop,s2150450,r,09/09/2026,22:13:28,eddie@node1d04.ecdf.ed.ac.uk,20,14
58200056,0.00259,mg2freq,s2752756,r,09/09/2026,10:32:13,eddie@node1h12.ecdf.ed.ac.uk,2
58171483,0.00259,of_26035_1,wdewulf,r,09/09/2026,20:26:01,eddie@node1e05.ecdf.ed.ac.uk,1,602
58171483,0.00259,of_26035_1,wdewulf,r,09/09/2026,20:25:46,eddie@node1l19.ecdf.ed.ac.uk,1,601
58171483,0.00259,of_26035_1,wdewulf,r,09/09/2026,20:25:31,eddie@node1q06.ecdf.ed.ac.uk,1,600
58231305,0.00259,HRprop,s2150450,r,09/09/2026,22:12:58,eddie@node1h16.ecdf.ed.ac.uk,20,13
58231305,0.00259,HRprop,s2150450,r,09/09/2026,22:13:58,eddie@node1e10.ecdf.ed.ac.uk,20,15
58171483,0.00259,of_26035_1,wdewulf,r,09/09/2026,20:25:16,eddie@node1m11.ecdf.ed.ac.uk,1,597
58171483,0.00259,of_26035_1,wdewulf,r,09/09/2026,20:25:16,eddie@node1d06.ecdf.ed.ac.uk,1,598
58171483,0.00259,of_26035_1,wdewulf,r,09/09/2026,20:25:16,eddie@node1e06.ecdf.ed.ac.uk,1,599
58231305,0.00259,HRprop,s2150450,r,09/09/2026,22:11:43,eddie@node1f03.ecdf.ed.ac.uk,20,11
58231305,0.00259,HRprop,s2150450,r,09/09/2026,22:12:28,eddie@node1e03.ecdf.ed.ac.uk,20,12
58171483,0.00259,of_26035_1,wdewulf,r,09/09/2026,20:24:46,eddie@node1l05.ecdf.ed.ac.uk,1,594
58171483,0.00259,of_26035_1,wdewulf,r,09/09/2026,20:24:46,eddie@node1l08.ecdf.ed.ac.uk,1,595
58171483,0.00259,of_26035_1,wdewulf,r,09/09/2026,20:24:46,eddie@node1n15.ecdf.ed.ac.uk,1,596
58171483,0.00259,of_26035_1,wdewulf,r,09/09/2026,20:24:16,eddie@node1n15.ecdf.ed.ac.uk,1,593
58171483,0.00258,of_26035_1,wdewulf,r,09/09/2026,20:23:31,eddie@node1m10.ecdf.ed.ac.uk,1,592
58171483,0.00258,of_26035_1,wdewulf,r,09/09/2026,20:23:16,eddie@node1j05.ecdf.ed.ac.uk,1,589
58171483,0.00258,of_26035_1,wdewulf,r,09/09/2026,20:23:16,eddie@node1j05.ecdf.ed.ac.uk,1,590
58171483,0.00258,of_26035_1,wdewulf,r,09/09/2026,20:23:16,eddie@node1n15.ecdf.ed.ac.uk,1,591
58231305,0.00258,HRprop,s2150450,r,09/09/2026,22:09:43,eddie@node1o08.ecdf.ed.ac.uk,20,9
58171483,0.00258,of_26035_1,wdewulf,r,09/09/2026,20:23:01,eddie@node1k02.ecdf.ed.ac.uk,1,586
58171483,0.00258,of_26035_1,wdewulf,r,09/09/2026,20:23:01,eddie@node1m11.ecdf.ed.ac.uk,1,587
58197385,0.00258,ce2,gl03pi18,r,09/09/2026,19:25:15,eddie@node1l13.ecdf.ed.ac.uk,8
58171483,0.00258,of_26035_1,wdewulf,r,09/09/2026,20:22:46,eddie@node1k03.ecdf.ed.ac.uk,1,583
58171483,0.00258,of_26035_1,wdewulf,r,09/09/2026,20:22:46,eddie@node1q05.ecdf.ed.ac.uk,1,584
58171483,0.00258,of_26035_1,wdewulf,r,09/09/2026,20:22:31,eddie@node1j01.ecdf.ed.ac.uk,1,579
58171483,0.00258,of_26035_1,wdewulf,r,09/09/2026,20:22:31,eddie@node1m11.ecdf.ed.ac.uk,1,580
58171483,0.00258,of_26035_1,wdewulf,r,09/09/2026,20:22:31,eddie@node1n14.ecdf.ed.ac.uk,1,581
58171483,0.00258,of_26035_1,wdewulf,r,09/09/2026,20:22:31,eddie@node1n14.ecdf.ed.ac.uk,1,582
58231305,0.00258,HRprop,s2150450,r,09/09/2026,22:08:58,eddie@node1o04.ecdf.ed.ac.uk,20,7
58231305,0.00258,HRprop,s2150450,r,09/09/2026,22:09:28,eddie@node1e07.ecdf.ed.ac.uk,20,8
58171483,0.00258,of_26035_1,wdewulf,r,09/09/2026,20:22:16,eddie@node1k07.ecdf.ed.ac.uk,1,578
58231305,0.00258,HRprop,s2150450,r,09/09/2026,22:07:28,eddie@node1d06.ecdf.ed.ac.uk,20,4
58231305,0.00258,HRprop,s2150450,r,09/09/2026,22:07:28,eddie@node1e04.ecdf.ed.ac.uk,20,5
58171483,0.00258,of_26035_1,wdewulf,r,09/09/2026,20:22:01,eddie@node1k01.ecdf.ed.ac.uk,1,576
58171483,0.00258,of_26035_1,wdewulf,r,09/09/2026,20:22:01,eddie@node1e06.ecdf.ed.ac.uk,1,577
58197280,0.00258,ce1,gl03pi9,r,09/09/2026,19:22:00,eddie@node1l13.ecdf.ed.ac.uk,8
58231305,0.00258,HRprop,s2150450,r,09/09/2026,22:09:58,eddie@node1s19.ecdf.ed.ac.uk,20,10
58171483,0.00258,of_26035_1,wdewulf,r,09/09/2026,20:21:46,eddie@node1m06.ecdf.ed.ac.uk,1,575
58171483,0.00258,of_26035_1,wdewulf,r,09/09/2026,20:21:16,eddie@node1f13.ecdf.ed.ac.uk,1,572
58171483,0.00258,of_26035_1,wdewulf,r,09/09/2026,20:21:16,eddie@node1m11.ecdf.ed.ac.uk,1,573
58171483,0.00258,of_26035_1,wdewulf,r,09/09/2026,20:21:16,eddie@node1n15.ecdf.ed.ac.uk,1,574
58171483,0.00258,of_26035_1,wdewulf,r,09/09/2026,20:21:01,eddie@node1j11.ecdf.ed.ac.uk,1,570
58171483,0.00258,of_26035_1,wdewulf,r,09/09/2026,20:21:01,eddie@node1q06.ecdf.ed.ac.uk,1,571
58171483,0.00258,of_26035_1,wdewulf,r,09/09/2026,20:20:46,eddie@node1n14.ecdf.ed.ac.uk,1,569
58231305,0.00258,HRprop,s2150450,r,09/09/2026,22:07:58,eddie@node1d10.ecdf.ed.ac.uk,20,6
58171483,0.00258,of_26035_1,wdewulf,r,09/09/2026,20:20:01,eddie@node1m11.ecdf.ed.ac.uk,1,568
58231303,0.00258,HRprop,s2150450,r,09/09/2026,22:04:25,eddie@node1d06.ecdf.ed.ac.uk,20,97
58231303,0.00258,HRprop,s2150450,r,09/09/2026,22:04:25,eddie@node1d10.ecdf.ed.ac.uk,20,98
58231303,0.00258,HRprop,s2150450,r,09/09/2026,22:04:25,eddie@node1f05.ecdf.ed.ac.uk,20,99
58231305,0.00258,HRprop,s2150450,r,09/09/2026,22:06:43,eddie@node1f01.ecdf.ed.ac.uk,20,3
58171483,0.00258,of_26035_1,wdewulf,r,09/09/2026,20:19:46,eddie@node1l06.ecdf.ed.ac.uk,1,566
58171483,0.00258,of_26035_1,wdewulf,r,09/09/2026,20:19:46,eddie@node1m04.ecdf.ed.ac.uk,1,567
58171483,0.00258,of_26035_1,wdewulf,r,09/09/2026,20:19:31,eddie@node1k09.ecdf.ed.ac.uk,1,564
58171483,0.00258,of_26035_1,wdewulf,r,09/09/2026,20:19:31,eddie@node1n14.ecdf.ed.ac.uk,1,565
58231305,0.00258,HRprop,s2150450,r,09/09/2026,22:05:55,eddie@node1e10.ecdf.ed.ac.uk,20,2
58171483,0.00258,of_26035_1,wdewulf,r,09/09/2026,20:19:16,eddie@node1m10.ecdf.ed.ac.uk,1,562
58171483,0.00258,of_26035_1,wdewulf,r,09/09/2026,20:19:16,eddie@node1j06.ecdf.ed.ac.uk,1,563
58231303,0.00258,HRprop,s2150450,r,09/09/2026,22:05:10,eddie@node1e08.ecdf.ed.ac.uk,20,100
58171483,0.00258,of_26035_1,wdewulf,r,09/09/2026,20:19:01,eddie@node1k07.ecdf.ed.ac.uk,1,560
58171483,0.00258,of_26035_1,wdewulf,r,09/09/2026,20:19:01,eddie@node1m03.ecdf.ed.ac.uk,1,561
58231305,0.00258,HRprop,s2150450,r,09/09/2026,22:05:40,eddie@node1d09.ecdf.ed.ac.uk,20,1
58171483,0.00258,of_26035_1,wdewulf,r,09/09/2026,20:18:46,eddie@node1j03.ecdf.ed.ac.uk,1,558
58171483,0.00258,of_26035_1,wdewulf,r,09/09/2026,20:18:46,eddie@node1q06.ecdf.ed.ac.uk,1,559
58171483,0.00258,of_26035_1,wdewulf,r,09/09/2026,20:18:31,eddie@node1m03.ecdf.ed.ac.uk,1,556
58171483,0.00258,of_26035_1,wdewulf,r,09/09/2026,20:18:31,eddie@node1q06.ecdf.ed.ac.uk,1,557
58171483,0.00258,of_26035_1,wdewulf,r,09/09/2026,20:18:16,eddie@node1l06.ecdf.ed.ac.uk,1,553
58171483,0.00258,of_26035_1,wdewulf,r,09/09/2026,20:18:16,eddie@node1j04.ecdf.ed.ac.uk,1,554
58171483,0.00258,of_26035_1,wdewulf,r,09/09/2026,20:18:16,eddie@node1i17.ecdf.ed.ac.uk,1,555
58171483,0.00258,of_26035_1,wdewulf,r,09/09/2026,20:18:01,eddie@node1j18.ecdf.ed.ac.uk,1,551
58231303,0.00258,HRprop,s2150450,r,09/09/2026,22:03:55,eddie@node1r05.ecdf.ed.ac.uk,20,96
58231303,0.00258,HRprop,s2150450,r,09/09/2026,22:03:10,eddie@node1o09.ecdf.ed.ac.uk,20,95
58171483,0.00258,of_26035_1,wdewulf,r,09/09/2026,20:17:46,eddie@node1j04.ecdf.ed.ac.uk,1,547
58171483,0.00258,of_26035_1,wdewulf,r,09/09/2026,20:17:46,eddie@node1n15.ecdf.ed.ac.uk,1,548
58171483,0.00258,of_26035_1,wdewulf,r,09/09/2026,20:17:46,eddie@node1n14.ecdf.ed.ac.uk,1,549
58171483,0.00258,of_26035_1,wdewulf,r,09/09/2026,20:17:46,eddie@node1q05.ecdf.ed.ac.uk,1,550
58171483,0.00257,of_26035_1,wdewulf,r,09/09/2026,20:17:31,eddie@node1l20.ecdf.ed.ac.uk,1,544
58171483,0.00257,of_26035_1,wdewulf,r,09/09/2026,20:17:31,eddie@node1m11.ecdf.ed.ac.uk,1,545
58171483,0.00257,of_26035_1,wdewulf,r,09/09/2026,20:17:31,eddie@node1q05.ecdf.ed.ac.uk,1,546
58231303,0.00257,HRprop,s2150450,r,09/09/2026,22:01:25,eddie@node1f03.ecdf.ed.ac.uk,20,92
58171483,0.00257,of_26035_1,wdewulf,r,09/09/2026,20:17:16,eddie@node1m06.ecdf.ed.ac.uk,1,541
58171483,0.00257,of_26035_1,wdewulf,r,09/09/2026,20:17:16,eddie@node1k05.ecdf.ed.ac.uk,1,542
58171483,0.00257,of_26035_1,wdewulf,r,09/09/2026,20:17:16,eddie@node1i17.ecdf.ed.ac.uk,1,543
58231303,0.00257,HRprop,s2150450,r,09/09/2026,22:01:10,eddie@node1e09.ecdf.ed.ac.uk,20,91
58171483,0.00257,of_26035_1,wdewulf,r,09/09/2026,20:17:01,eddie@node1m03.ecdf.ed.ac.uk,1,538
58171483,0.00257,of_26035_1,wdewulf,r,09/09/2026,20:17:01,eddie@node1q06.ecdf.ed.ac.uk,1,539
58171483,0.00257,of_26035_1,wdewulf,r,09/09/2026,20:17:01,eddie@node1q05.ecdf.ed.ac.uk,1,540
58231303,0.00257,HRprop,s2150450,r,09/09/2026,22:00:40,eddie@node1d04.ecdf.ed.ac.uk,20,90
58171483,0.00257,of_26035_1,wdewulf,r,09/09/2026,20:16:46,eddie@node1l08.ecdf.ed.ac.uk,1,535
58171483,0.00257,of_26035_1,wdewulf,r,09/09/2026,20:16:46,eddie@node1j11.ecdf.ed.ac.uk,1,536
58171483,0.00257,of_26035_1,wdewulf,r,09/09/2026,20:16:46,eddie@node1q05.ecdf.ed.ac.uk,1,537
58231303,0.00257,HRprop,s2150450,r,09/09/2026,22:01:55,eddie@node1s14.ecdf.ed.ac.uk,20,94
58171483,0.00257,of_26035_1,wdewulf,r,09/09/2026,20:16:31,eddie@node1l09.ecdf.ed.ac.uk,1,533
58171483,0.00257,of_26035_1,wdewulf,r,09/09/2026,20:16:31,eddie@node1q06.ecdf.ed.ac.uk,1,534
58231303,0.00257,HRprop,s2150450,r,09/09/2026,22:01:40,eddie@node1e10.ecdf.ed.ac.uk,20,93
58171483,0.00257,of_26035_1,wdewulf,r,09/09/2026,20:16:16,eddie@node1l02.ecdf.ed.ac.uk,1,528
58171483,0.00257,of_26035_1,wdewulf,r,09/09/2026,20:16:16,eddie@node1j11.ecdf.ed.ac.uk,1,529
58171483,0.00257,of_26035_1,wdewulf,r,09/09/2026,20:16:16,eddie@node1m11.ecdf.ed.ac.uk,1,530
58171483,0.00257,of_26035_1,wdewulf,r,09/09/2026,20:16:16,eddie@node1q05.ecdf.ed.ac.uk,1,531
58171483,0.00257,of_26035_1,wdewulf,r,09/09/2026,20:16:16,eddie@node1n14.ecdf.ed.ac.uk,1,532
58171483,0.00257,of_26035_1,wdewulf,r,09/09/2026,20:16:01,eddie@node1j18.ecdf.ed.ac.uk,1,526
58171483,0.00257,of_26035_1,wdewulf,r,09/09/2026,20:16:01,eddie@node1k07.ecdf.ed.ac.uk,1,527
58171483,0.00257,of_26035_1,wdewulf,r,09/09/2026,20:15:46,eddie@node1k07.ecdf.ed.ac.uk,1,525
58171483,0.00257,of_26035_1,wdewulf,r,09/09/2026,20:15:40,eddie@node1l09.ecdf.ed.ac.uk,1,520
58171483,0.00257,of_26035_1,wdewulf,r,09/09/2026,20:15:40,eddie@node1q05.ecdf.ed.ac.uk,1,521
58171483,0.00257,of_26035_1,wdewulf,r,09/09/2026,20:15:40,eddie@node1q06.ecdf.ed.ac.uk,1,522
58171483,0.00257,of_26035_1,wdewulf,r,09/09/2026,20:15:40,eddie@node1n14.ecdf.ed.ac.uk,1,523
58171483,0.00257,of_26035_1,wdewulf,r,09/09/2026,20:15:25,eddie@node1l20.ecdf.ed.ac.uk,1,517
58171483,0.00257,of_26035_1,wdewulf,r,09/09/2026,20:15:25,eddie@node1m06.ecdf.ed.ac.uk,1,518
58171483,0.00257,of_26035_1,wdewulf,r,09/09/2026,20:15:25,eddie@node1m07.ecdf.ed.ac.uk,1,519
58171483,0.00257,of_26035_1,wdewulf,r,09/09/2026,20:15:10,eddie@node1m04.ecdf.ed.ac.uk,1,514
58171483,0.00257,of_26035_1,wdewulf,r,09/09/2026,20:15:10,eddie@node1l03.ecdf.ed.ac.uk,1,515
58171483,0.00257,of_26035_1,wdewulf,r,09/09/2026,20:15:10,eddie@node1k06.ecdf.ed.ac.uk,1,516
58171483,0.00257,of_26035_1,wdewulf,r,09/09/2026,20:14:55,eddie@node1l08.ecdf.ed.ac.uk,1,511
58171483,0.00257,of_26035_1,wdewulf,r,09/09/2026,20:14:55,eddie@node1j17.ecdf.ed.ac.uk,1,512
58171483,0.00257,of_26035_1,wdewulf,r,09/09/2026,20:14:55,eddie@node1n14.ecdf.ed.ac.uk,1,513
58231303,0.00257,HRprop,s2150450,r,09/09/2026,21:58:25,eddie@node1d03.ecdf.ed.ac.uk,20,87
58171483,0.00257,of_26035_1,wdewulf,r,09/09/2026,20:14:40,eddie@node1l03.ecdf.ed.ac.uk,1,510
58231303,0.00257,HRprop,s2150450,r,09/09/2026,21:59:10,eddie@node1e07.ecdf.ed.ac.uk,20,89
58171483,0.00257,of_26035_1,wdewulf,r,09/09/2026,20:14:25,eddie@node1j11.ecdf.ed.ac.uk,1,505
58171483,0.00257,of_26035_1,wdewulf,r,09/09/2026,20:14:25,eddie@node1k03.ecdf.ed.ac.uk,1,506
58171483,0.00257,of_26035_1,wdewulf,r,09/09/2026,20:14:25,eddie@node1j17.ecdf.ed.ac.uk,1,507
58171483,0.00257,of_26035_1,wdewulf,r,09/09/2026,20:14:25,eddie@node1q06.ecdf.ed.ac.uk,1,508
58171483,0.00257,of_26035_1,wdewulf,r,09/09/2026,20:14:25,eddie@node1q06.ecdf.ed.ac.uk,1,509
58231303,0.00257,HRprop,s2150450,r,09/09/2026,21:58:55,eddie@node1e01.ecdf.ed.ac.uk,20,88
58231303,0.00257,HRprop,s2150450,r,09/09/2026,21:58:10,eddie@node1f01.ecdf.ed.ac.uk,20,86
58171483,0.00257,of_26035_1,wdewulf,r,09/09/2026,20:14:10,eddie@node1i06.ecdf.ed.ac.uk,1,502
58171483,0.00257,of_26035_1,wdewulf,r,09/09/2026,20:14:10,eddie@node1l02.ecdf.ed.ac.uk,1,503
58171483,0.00257,of_26035_1,wdewulf,r,09/09/2026,20:14:10,eddie@node1j10.ecdf.ed.ac.uk,1,504
58231303,0.00257,HRprop,s2150450,r,09/09/2026,21:57:55,eddie@node1f05.ecdf.ed.ac.uk,20,85
58171483,0.00257,of_26035_1,wdewulf,r,09/09/2026,20:13:55,eddie@node1l19.ecdf.ed.ac.uk,1,497
58171483,0.00257,of_26035_1,wdewulf,r,09/09/2026,20:13:55,eddie@node1l03.ecdf.ed.ac.uk,1,498
58171483,0.00257,of_26035_1,wdewulf,r,09/09/2026,20:13:55,eddie@node1l03.ecdf.ed.ac.uk,1,499
58171483,0.00257,of_26035_1,wdewulf,r,09/09/2026,20:13:55,eddie@node1q06.ecdf.ed.ac.uk,1,500
58171483,0.00257,of_26035_1,wdewulf,r,09/09/2026,20:13:55,eddie@node1n14.ecdf.ed.ac.uk,1,501
58171483,0.00257,of_26035_1,wdewulf,r,09/09/2026,20:13:40,eddie@node1j21.ecdf.ed.ac.uk,1,495
58171483,0.00257,of_26035_1,wdewulf,r,09/09/2026,20:13:40,eddie@node1k05.ecdf.ed.ac.uk,1,496
58171483,0.00257,of_26035_1,wdewulf,r,09/09/2026,20:13:10,eddie@node1l10.ecdf.ed.ac.uk,1,493
58171483,0.00257,of_26035_1,wdewulf,r,09/09/2026,20:13:10,eddie@node1q06.ecdf.ed.ac.uk,1,494
58171483,0.00257,of_26035_1,wdewulf,r,09/09/2026,20:12:55,eddie@node1l20.ecdf.ed.ac.uk,1,487
58171483,0.00257,of_26035_1,wdewulf,r,09/09/2026,20:12:55,eddie@node1l10.ecdf.ed.ac.uk,1,488
58171483,0.00257,of_26035_1,wdewulf,r,09/09/2026,20:12:55,eddie@node1l19.ecdf.ed.ac.uk,1,489
58171483,0.00257,of_26035_1,wdewulf,r,09/09/2026,20:12:55,eddie@node1m07.ecdf.ed.ac.uk,1,490
58171483,0.00257,of_26035_1,wdewulf,r,09/09/2026,20:12:55,eddie@node1m11.ecdf.ed.ac.uk,1,491
58171483,0.00257,of_26035_1,wdewulf,r,09/09/2026,20:12:55,eddie@node1n14.ecdf.ed.ac.uk,1,492
58231303,0.00257,HRprop,s2150450,r,09/09/2026,21:38:48,eddie@node1e02.ecdf.ed.ac.uk,20,57
58171483,0.00257,of_26035_1,wdewulf,r,09/09/2026,20:12:40,eddie@node1l01.ecdf.ed.ac.uk,1,481
58171483,0.00257,of_26035_1,wdewulf,r,09/09/2026,20:12:40,eddie@node1l20.ecdf.ed.ac.uk,1,482
58171483,0.00257,of_26035_1,wdewulf,r,09/09/2026,20:12:40,eddie@node1l09.ecdf.ed.ac.uk,1,483
58171483,0.00257,of_26035_1,wdewulf,r,09/09/2026,20:12:40,eddie@node1l10.ecdf.ed.ac.uk,1,484
58171483,0.00257,of_26035_1,wdewulf,r,09/09/2026,20:12:40,eddie@node1m05.ecdf.ed.ac.uk,1,485
58171483,0.00257,of_26035_1,wdewulf,r,09/09/2026,20:12:40,eddie@node1m03.ecdf.ed.ac.uk,1,486
58171483,0.00257,of_26035_1,wdewulf,r,09/09/2026,20:12:25,eddie@node1l20.ecdf.ed.ac.uk,1,477
58171483,0.00257,of_26035_1,wdewulf,r,09/09/2026,20:12:25,eddie@node1l08.ecdf.ed.ac.uk,1,478
58171483,0.00257,of_26035_1,wdewulf,r,09/09/2026,20:12:25,eddie@node1l03.ecdf.ed.ac.uk,1,479
58171483,0.00257,of_26035_1,wdewulf,r,09/09/2026,20:12:25,eddie@node1n14.ecdf.ed.ac.uk,1,480
58171483,0.00257,of_26035_1,wdewulf,r,09/09/2026,20:12:10,eddie@node1l06.ecdf.ed.ac.uk,1,472
58171483,0.00257,of_26035_1,wdewulf,r,09/09/2026,20:12:10,eddie@node1l08.ecdf.ed.ac.uk,1,473
58171483,0.00257,of_26035_1,wdewulf,r,09/09/2026,20:12:10,eddie@node1j11.ecdf.ed.ac.uk,1,474
58171483,0.00257,of_26035_1,wdewulf,r,09/09/2026,20:12:10,eddie@node1j06.ecdf.ed.ac.uk,1,475
58171483,0.00257,of_26035_1,wdewulf,r,09/09/2026,20:12:10,eddie@node1k05.ecdf.ed.ac.uk,1,476
58231303,0.00257,HRprop,s2150450,r,09/09/2026,21:55:58,eddie@node1d09.ecdf.ed.ac.uk,20,83
58231303,0.00257,HRprop,s2150450,r,09/09/2026,21:55:43,eddie@node1d02.ecdf.ed.ac.uk,20,82
58231303,0.00257,HRprop,s2150450,r,09/09/2026,21:07:57,eddie@node1h13.ecdf.ed.ac.uk,20,26
58231303,0.00257,HRprop,s2150450,r,09/09/2026,21:54:58,eddie@node1e05.ecdf.ed.ac.uk,20,81
58171483,0.00257,of_26035_1,wdewulf,r,09/09/2026,20:11:55,eddie@node1l09.ecdf.ed.ac.uk,1,466
58171483,0.00257,of_26035_1,wdewulf,r,09/09/2026,20:11:55,eddie@node1l04.ecdf.ed.ac.uk,1,467
58171483,0.00257,of_26035_1,wdewulf,r,09/09/2026,20:11:55,eddie@node1m05.ecdf.ed.ac.uk,1,468
58171483,0.00257,of_26035_1,wdewulf,r,09/09/2026,20:11:55,eddie@node1k05.ecdf.ed.ac.uk,1,469
58171483,0.00257,of_26035_1,wdewulf,r,09/09/2026,20:11:55,eddie@node1n13.ecdf.ed.ac.uk,1,470
58171483,0.00257,of_26035_1,wdewulf,r,09/09/2026,20:11:55,eddie@node1n14.ecdf.ed.ac.uk,1,471
58231303,0.00257,HRprop,s2150450,r,09/09/2026,21:56:13,eddie@node1e04.ecdf.ed.ac.uk,20,84
58231303,0.00257,HRprop,s2150450,r,09/09/2026,21:37:48,eddie@node1e01.ecdf.ed.ac.uk,20,56
58171483,0.00257,of_26035_1,wdewulf,r,09/09/2026,20:11:40,eddie@node1l07.ecdf.ed.ac.uk,1,463
58171483,0.00257,of_26035_1,wdewulf,r,09/09/2026,20:11:40,eddie@node1m07.ecdf.ed.ac.uk,1,464
58171483,0.00257,of_26035_1,wdewulf,r,09/09/2026,20:11:40,eddie@node1q05.ecdf.ed.ac.uk,1,465
58231303,0.00257,HRprop,s2150450,r,09/09/2026,21:53:43,eddie@node1r14.ecdf.ed.ac.uk,20,79
58171483,0.00257,of_26035_1,wdewulf,r,09/09/2026,20:11:25,eddie@node1l01.ecdf.ed.ac.uk,1,460
58171483,0.00257,of_26035_1,wdewulf,r,09/09/2026,20:11:25,eddie@node1l20.ecdf.ed.ac.uk,1,461
58171483,0.00257,of_26035_1,wdewulf,r,09/09/2026,20:11:25,eddie@node1m06.ecdf.ed.ac.uk,1,462
58231303,0.00256,HRprop,s2150450,r,09/09/2026,21:54:13,eddie@node1e01.ecdf.ed.ac.uk,20,80
58231303,0.00256,HRprop,s2150450,r,09/09/2026,21:52:27,eddie@node1d04.ecdf.ed.ac.uk,20,78
58171483,0.00256,of_26035_1,wdewulf,r,09/09/2026,20:11:10,eddie@node1l04.ecdf.ed.ac.uk,1,456
58171483,0.00256,of_26035_1,wdewulf,r,09/09/2026,20:11:10,eddie@node1l04.ecdf.ed.ac.uk,1,457
58171483,0.00256,of_26035_1,wdewulf,r,09/09/2026,20:11:10,eddie@node1j04.ecdf.ed.ac.uk,1,458
58171483,0.00256,of_26035_1,wdewulf,r,09/09/2026,20:11:10,eddie@node1l03.ecdf.ed.ac.uk,1,459
58231303,0.00256,HRprop,s2150450,r,09/09/2026,21:35:48,eddie@node1e10.ecdf.ed.ac.uk,20,53
58171483,0.00256,of_26035_1,wdewulf,r,09/09/2026,20:10:55,eddie@node1l03.ecdf.ed.ac.uk,1,453
58171483,0.00256,of_26035_1,wdewulf,r,09/09/2026,20:10:55,eddie@node1l03.ecdf.ed.ac.uk,1,454
58171483,0.00256,of_26035_1,wdewulf,r,09/09/2026,20:10:55,eddie@node1m07.ecdf.ed.ac.uk,1,455
58171483,0.00256,of_26035_1,wdewulf,r,09/09/2026,20:10:40,eddie@node1j04.ecdf.ed.ac.uk,1,452
58171483,0.00256,of_26035_1,wdewulf,r,09/09/2026,20:10:25,eddie@node1l05.ecdf.ed.ac.uk,1,443
58171483,0.00256,of_26035_1,wdewulf,r,09/09/2026,20:10:25,eddie@node1m07.ecdf.ed.ac.uk,1,444
58171483,0.00256,of_26035_1,wdewulf,r,09/09/2026,20:10:25,eddie@node1j08.ecdf.ed.ac.uk,1,445
58171483,0.00256,of_26035_1,wdewulf,r,09/09/2026,20:10:25,eddie@node1m01.ecdf.ed.ac.uk,1,446
58171483,0.00256,of_26035_1,wdewulf,r,09/09/2026,20:10:25,eddie@node1m05.ecdf.ed.ac.uk,1,447
58171483,0.00256,of_26035_1,wdewulf,r,09/09/2026,20:10:25,eddie@node1j05.ecdf.ed.ac.uk,1,448
58171483,0.00256,of_26035_1,wdewulf,r,09/09/2026,20:10:25,eddie@node1n13.ecdf.ed.ac.uk,1,449
58171483,0.00256,of_26035_1,wdewulf,r,09/09/2026,20:10:25,eddie@node1n13.ecdf.ed.ac.uk,1,450
58171483,0.00256,of_26035_1,wdewulf,r,09/09/2026,20:10:25,eddie@node1q06.ecdf.ed.ac.uk,1,451
58171483,0.00256,of_26035_1,wdewulf,r,09/09/2026,20:10:10,eddie@node1l04.ecdf.ed.ac.uk,1,437
58171483,0.00256,of_26035_1,wdewulf,r,09/09/2026,20:10:10,eddie@node1j18.ecdf.ed.ac.uk,1,438
58171483,0.00256,of_26035_1,wdewulf,r,09/09/2026,20:10:10,eddie@node1m07.ecdf.ed.ac.uk,1,439
58171483,0.00256,of_26035_1,wdewulf,r,09/09/2026,20:10:10,eddie@node1m03.ecdf.ed.ac.uk,1,440
58171483,0.00256,of_26035_1,wdewulf,r,09/09/2026,20:10:10,eddie@node1j22.ecdf.ed.ac.uk,1,441
58171483,0.00256,of_26035_1,wdewulf,r,09/09/2026,20:10:10,eddie@node1m03.ecdf.ed.ac.uk,1,442
58231303,0.00256,HRprop,s2150450,r,09/09/2026,21:36:03,eddie@node1e09.ecdf.ed.ac.uk,20,54
58231303,0.00256,HRprop,s2150450,r,09/09/2026,21:51:33,eddie@node1e02.ecdf.ed.ac.uk,20,77
58231303,0.00256,HRprop,s2150450,r,09/09/2026,21:49:03,eddie@node1r18.ecdf.ed.ac.uk,20,73
58231303,0.00256,HRprop,s2150450,r,09/09/2026,21:49:03,eddie@node1e06.ecdf.ed.ac.uk,20,74
58171483,0.00256,of_26035_1,wdewulf,r,09/09/2026,20:09:55,eddie@node1i07.ecdf.ed.ac.uk,1,431
58171483,0.00256,of_26035_1,wdewulf,r,09/09/2026,20:09:55,eddie@node1l01.ecdf.ed.ac.uk,1,432
58171483,0.00256,of_26035_1,wdewulf,r,09/09/2026,20:09:55,eddie@node1j03.ecdf.ed.ac.uk,1,433
58171483,0.00256,of_26035_1,wdewulf,r,09/09/2026,20:09:55,eddie@node1k01.ecdf.ed.ac.uk,1,434
58171483,0.00256,of_26035_1,wdewulf,r,09/09/2026,20:09:55,eddie@node1j02.ecdf.ed.ac.uk,1,435
58171483,0.00256,of_26035_1,wdewulf,r,09/09/2026,20:09:55,eddie@node1n13.ecdf.ed.ac.uk,1,436
58171483,0.00256,of_26035_1,wdewulf,r,09/09/2026,20:09:40,eddie@node1l10.ecdf.ed.ac.uk,1,427
58171483,0.00256,of_26035_1,wdewulf,r,09/09/2026,20:09:40,eddie@node1j10.ecdf.ed.ac.uk,1,428
58171483,0.00256,of_26035_1,wdewulf,r,09/09/2026,20:09:40,eddie@node1m01.ecdf.ed.ac.uk,1,429
58171483,0.00256,of_26035_1,wdewulf,r,09/09/2026,20:09:40,eddie@node1n13.ecdf.ed.ac.uk,1,430
58171483,0.00256,of_26035_1,wdewulf,r,09/09/2026,20:09:25,eddie@node1l20.ecdf.ed.ac.uk,1,425
58171483,0.00256,of_26035_1,wdewulf,r,09/09/2026,20:09:25,eddie@node1k02.ecdf.ed.ac.uk,1,426
58171483,0.00256,of_26035_1,wdewulf,r,09/09/2026,20:08:40,eddie@node1i13.ecdf.ed.ac.uk,1,403
58171483,0.00256,of_26035_1,wdewulf,r,09/09/2026,20:08:40,eddie@node1i13.ecdf.ed.ac.uk,1,404
58171483,0.00256,of_26035_1,wdewulf,r,09/09/2026,20:08:40,eddie@node1i13.ecdf.ed.ac.uk,1,405
58171483,0.00256,of_26035_1,wdewulf,r,09/09/2026,20:08:40,eddie@node1l09.ecdf.ed.ac.uk,1,406
58171483,0.00256,of_26035_1,wdewulf,r,09/09/2026,20:08:40,eddie@node1k01.ecdf.ed.ac.uk,1,407
58171483,0.00256,of_26035_1,wdewulf,r,09/09/2026,20:08:40,eddie@node1k01.ecdf.ed.ac.uk,1,408
58171483,0.00256,of_26035_1,wdewulf,r,09/09/2026,20:08:40,eddie@node1j19.ecdf.ed.ac.uk,1,409
58231303,0.00256,HRprop,s2150450,r,09/09/2026,21:36:18,eddie@node1m16.ecdf.ed.ac.uk,20,55
58231303,0.00256,HRprop,s2150450,r,09/09/2026,21:48:18,eddie@node1d02.ecdf.ed.ac.uk,20,72
58171483,0.00256,of_26035_1,wdewulf,r,09/09/2026,20:09:10,eddie@node1j03.ecdf.ed.ac.uk,1,418
58171483,0.00256,of_26035_1,wdewulf,r,09/09/2026,20:09:10,eddie@node1j01.ecdf.ed.ac.uk,1,419
58171483,0.00256,of_26035_1,wdewulf,r,09/09/2026,20:09:10,eddie@node1j18.ecdf.ed.ac.uk,1,420
58171483,0.00256,of_26035_1,wdewulf,r,09/09/2026,20:09:10,eddie@node1j21.ecdf.ed.ac.uk,1,421
58171483,0.00256,of_26035_1,wdewulf,r,09/09/2026,20:09:10,eddie@node1m07.ecdf.ed.ac.uk,1,422
58171483,0.00256,of_26035_1,wdewulf,r,09/09/2026,20:09:10,eddie@node1j02.ecdf.ed.ac.uk,1,423
58231303,0.00256,HRprop,s2150450,r,09/09/2026,21:34:03,eddie@node1j26.ecdf.ed.ac.uk,20,52
58171483,0.00256,of_26035_1,wdewulf,r,09/09/2026,20:08:25,eddie@node1m04.ecdf.ed.ac.uk,1,398
58171483,0.00256,of_26035_1,wdewulf,r,09/09/2026,20:08:25,eddie@node1m01.ecdf.ed.ac.uk,1,399
58171483,0.00256,of_26035_1,wdewulf,r,09/09/2026,20:08:25,eddie@node1m05.ecdf.ed.ac.uk,1,400
58171483,0.00256,of_26035_1,wdewulf,r,09/09/2026,20:08:25,eddie@node1j09.ecdf.ed.ac.uk,1,401
58171483,0.00256,of_26035_1,wdewulf,r,09/09/2026,20:08:25,eddie@node1n13.ecdf.ed.ac.uk,1,402
58171483,0.00256,of_26035_1,wdewulf,r,09/09/2026,20:08:55,eddie@node1i13.ecdf.ed.ac.uk,1,410
58171483,0.00256,of_26035_1,wdewulf,r,09/09/2026,20:08:55,eddie@node1i13.ecdf.ed.ac.uk,1,411
58171483,0.00256,of_26035_1,wdewulf,r,09/09/2026,20:08:55,eddie@node1i13.ecdf.ed.ac.uk,1,412
58171483,0.00256,of_26035_1,wdewulf,r,09/09/2026,20:08:55,eddie@node1i13.ecdf.ed.ac.uk,1,413
58171483,0.00256,of_26035_1,wdewulf,r,09/09/2026,20:08:55,eddie@node1i13.ecdf.ed.ac.uk,1,414
58171483,0.00256,of_26035_1,wdewulf,r,09/09/2026,20:08:55,eddie@node1i13.ecdf.ed.ac.uk,1,415
58171483,0.00256,of_26035_1,wdewulf,r,09/09/2026,20:08:55,eddie@node1l04.ecdf.ed.ac.uk,1,416
58171483,0.00256,of_26035_1,wdewulf,r,09/09/2026,20:08:55,eddie@node1l06.ecdf.ed.ac.uk,1,417
58231303,0.00256,HRprop,s2150450,r,09/09/2026,21:48:03,eddie@node1e07.ecdf.ed.ac.uk,20,71
58171483,0.00256,of_26035_1,wdewulf,r,09/09/2026,20:08:10,eddie@node1l09.ecdf.ed.ac.uk,1,393
58171483,0.00256,of_26035_1,wdewulf,r,09/09/2026,20:08:10,eddie@node1k06.ecdf.ed.ac.uk,1,394
58171483,0.00256,of_26035_1,wdewulf,r,09/09/2026,20:08:10,eddie@node1n13.ecdf.ed.ac.uk,1,395
58171483,0.00256,of_26035_1,wdewulf,r,09/09/2026,20:08:10,eddie@node1q06.ecdf.ed.ac.uk,1,396
58171483,0.00256,of_26035_1,wdewulf,r,09/09/2026,20:08:10,eddie@node1q06.ecdf.ed.ac.uk,1,397
58231303,0.00256,HRprop,s2150450,r,09/09/2026,21:49:18,eddie@node1f01.ecdf.ed.ac.uk,20,75
58171483,0.00256,of_26035_1,wdewulf,r,09/09/2026,20:07:55,eddie@node1k02.ecdf.ed.ac.uk,1,390
58171483,0.00256,of_26035_1,wdewulf,r,09/09/2026,20:07:55,eddie@node1m07.ecdf.ed.ac.uk,1,391
58171483,0.00256,of_26035_1,wdewulf,r,09/09/2026,20:07:55,eddie@node1q05.ecdf.ed.ac.uk,1,392
58231303,0.00256,HRprop,s2150450,r,09/09/2026,21:49:48,eddie@node1s17.ecdf.ed.ac.uk,20,76
58171483,0.00256,of_26035_1,wdewulf,r,09/09/2026,20:07:40,eddie@node1i07.ecdf.ed.ac.uk,1,385
58171483,0.00256,of_26035_1,wdewulf,r,09/09/2026,20:07:40,eddie@node1l04.ecdf.ed.ac.uk,1,386
58171483,0.00256,of_26035_1,wdewulf,r,09/09/2026,20:07:40,eddie@node1l19.ecdf.ed.ac.uk,1,387
58171483,0.00256,of_26035_1,wdewulf,r,09/09/2026,20:07:40,eddie@node1k03.ecdf.ed.ac.uk,1,388
58171483,0.00256,of_26035_1,wdewulf,r,09/09/2026,20:07:40,eddie@node1n14.ecdf.ed.ac.uk,1,389
58171483,0.00256,of_26035_1,wdewulf,r,09/09/2026,20:07:25,eddie@node1l01.ecdf.ed.ac.uk,1,379
58171483,0.00256,of_26035_1,wdewulf,r,09/09/2026,20:07:25,eddie@node1j03.ecdf.ed.ac.uk,1,380
58171483,0.00256,of_26035_1,wdewulf,r,09/09/2026,20:07:25,eddie@node1j01.ecdf.ed.ac.uk,1,381
58171483,0.00256,of_26035_1,wdewulf,r,09/09/2026,20:07:25,eddie@node1m07.ecdf.ed.ac.uk,1,382
58171483,0.00256,of_26035_1,wdewulf,r,09/09/2026,20:07:25,eddie@node1j06.ecdf.ed.ac.uk,1,383
58171483,0.00256,of_26035_1,wdewulf,r,09/09/2026,20:07:25,eddie@node1n15.ecdf.ed.ac.uk,1,384
58171483,0.00256,of_26035_1,wdewulf,r,09/09/2026,20:07:10,eddie@node1i06.ecdf.ed.ac.uk,1,375
58171483,0.00256,of_26035_1,wdewulf,r,09/09/2026,20:07:10,eddie@node1j03.ecdf.ed.ac.uk,1,376
58171483,0.00256,of_26035_1,wdewulf,r,09/09/2026,20:07:10,eddie@node1k03.ecdf.ed.ac.uk,1,377
58171483,0.00256,of_26035_1,wdewulf,r,09/09/2026,20:07:10,eddie@node1j22.ecdf.ed.ac.uk,1,378
58171483,0.00256,of_26035_1,wdewulf,r,09/09/2026,20:06:55,eddie@node1l05.ecdf.ed.ac.uk,1,372
58171483,0.00256,of_26035_1,wdewulf,r,09/09/2026,20:06:55,eddie@node1j05.ecdf.ed.ac.uk,1,373
58171483,0.00256,of_26035_1,wdewulf,r,09/09/2026,20:06:55,eddie@node1k05.ecdf.ed.ac.uk,1,374
58171483,0.00256,of_26035_1,wdewulf,r,09/09/2026,20:06:40,eddie@node1l09.ecdf.ed.ac.uk,1,368
58171483,0.00256,of_26035_1,wdewulf,r,09/09/2026,20:06:40,eddie@node1j08.ecdf.ed.ac.uk,1,369
58171483,0.00256,of_26035_1,wdewulf,r,09/09/2026,20:06:40,eddie@node1j05.ecdf.ed.ac.uk,1,370
58171483,0.00256,of_26035_1,wdewulf,r,09/09/2026,20:06:40,eddie@node1n13.ecdf.ed.ac.uk,1,371
58231303,0.00256,HRprop,s2150450,r,09/09/2026,21:25:27,eddie@node1f05.ecdf.ed.ac.uk,20,41
58171483,0.00256,of_26035_1,wdewulf,r,09/09/2026,20:06:25,eddie@node1l05.ecdf.ed.ac.uk,1,366
58171483,0.00256,of_26035_1,wdewulf,r,09/09/2026,20:06:25,eddie@node1q05.ecdf.ed.ac.uk,1,367
58231303,0.00256,HRprop,s2150450,r,09/09/2026,21:47:03,eddie@node1e10.ecdf.ed.ac.uk,20,69
58231303,0.00256,HRprop,s2150450,r,09/09/2026,21:47:18,eddie@node1f01.ecdf.ed.ac.uk,20,70
58231303,0.00256,HRprop,s2150450,r,09/09/2026,21:46:48,eddie@node1e05.ecdf.ed.ac.uk,20,68
58171483,0.00256,of_26035_1,wdewulf,r,09/09/2026,20:06:10,eddie@node1l05.ecdf.ed.ac.uk,1,363
58171483,0.00256,of_26035_1,wdewulf,r,09/09/2026,20:06:10,eddie@node1j04.ecdf.ed.ac.uk,1,364
58171483,0.00256,of_26035_1,wdewulf,r,09/09/2026,20:06:10,eddie@node1m05.ecdf.ed.ac.uk,1,365
58231303,0.00256,HRprop,s2150450,r,09/09/2026,21:26:42,eddie@node1h06.ecdf.ed.ac.uk,20,42
58231303,0.00256,HRprop,s2150450,r,09/09/2026,21:46:33,eddie@node1e01.ecdf.ed.ac.uk,20,67
58171483,0.00256,of_26035_1,wdewulf,r,09/09/2026,20:05:55,eddie@node1j08.ecdf.ed.ac.uk,1,357
58171483,0.00256,of_26035_1,wdewulf,r,09/09/2026,20:05:55,eddie@node1m11.ecdf.ed.ac.uk,1,358
58171483,0.00256,of_26035_1,wdewulf,r,09/09/2026,20:05:55,eddie@node1j09.ecdf.ed.ac.uk,1,359
58171483,0.00256,of_26035_1,wdewulf,r,09/09/2026,20:05:55,eddie@node1j17.ecdf.ed.ac.uk,1,360
58171483,0.00256,of_26035_1,wdewulf,r,09/09/2026,20:05:55,eddie@node1j05.ecdf.ed.ac.uk,1,361
58171483,0.00256,of_26035_1,wdewulf,r,09/09/2026,20:05:55,eddie@node1k05.ecdf.ed.ac.uk,1,362
58231303,0.00256,HRprop,s2150450,r,09/09/2026,21:28:42,eddie@node1e09.ecdf.ed.ac.uk,20,46
58231303,0.00256,HRprop,s2150450,r,09/09/2026,21:22:57,eddie@node1e07.ecdf.ed.ac.uk,20,38
58231303,0.00256,HRprop,s2150450,r,09/09/2026,21:30:42,eddie@node1o12.ecdf.ed.ac.uk,20,48
58171483,0.00256,of_26035_1,wdewulf,r,09/09/2026,20:05:40,eddie@node1j08.ecdf.ed.ac.uk,1,352
58171483,0.00256,of_26035_1,wdewulf,r,09/09/2026,20:05:40,eddie@node1m01.ecdf.ed.ac.uk,1,353
58171483,0.00256,of_26035_1,wdewulf,r,09/09/2026,20:05:40,eddie@node1k09.ecdf.ed.ac.uk,1,354
58171483,0.00256,of_26035_1,wdewulf,r,09/09/2026,20:05:40,eddie@node1q06.ecdf.ed.ac.uk,1,355
58171483,0.00256,of_26035_1,wdewulf,r,09/09/2026,20:05:40,eddie@node1q06.ecdf.ed.ac.uk,1,356
58171483,0.00256,of_26035_1,wdewulf,r,09/09/2026,20:05:25,eddie@node1l09.ecdf.ed.ac.uk,1,347
58171483,0.00256,of_26035_1,wdewulf,r,09/09/2026,20:05:25,eddie@node1m06.ecdf.ed.ac.uk,1,348
58171483,0.00256,of_26035_1,wdewulf,r,09/09/2026,20:05:25,eddie@node1j21.ecdf.ed.ac.uk,1,349
58171483,0.00256,of_26035_1,wdewulf,r,09/09/2026,20:05:25,eddie@node1j06.ecdf.ed.ac.uk,1,350
58171483,0.00256,of_26035_1,wdewulf,r,09/09/2026,20:05:25,eddie@node1n14.ecdf.ed.ac.uk,1,351
58231303,0.00256,HRprop,s2150450,r,09/09/2026,21:27:12,eddie@node1e03.ecdf.ed.ac.uk,20,44
58231303,0.00256,HRprop,s2150450,r,09/09/2026,21:24:42,eddie@node1e10.ecdf.ed.ac.uk,20,40
58171483,0.00256,of_26035_1,wdewulf,r,09/09/2026,20:05:10,eddie@node1l01.ecdf.ed.ac.uk,1,341
58171483,0.00256,of_26035_1,wdewulf,r,09/09/2026,20:05:10,eddie@node1k02.ecdf.ed.ac.uk,1,342
58171483,0.00256,of_26035_1,wdewulf,r,09/09/2026,20:05:10,eddie@node1m02.ecdf.ed.ac.uk,1,343
58171483,0.00256,of_26035_1,wdewulf,r,09/09/2026,20:05:10,eddie@node1m01.ecdf.ed.ac.uk,1,344
58171483,0.00256,of_26035_1,wdewulf,r,09/09/2026,20:05:10,eddie@node1j19.ecdf.ed.ac.uk,1,345
58171483,0.00256,of_26035_1,wdewulf,r,09/09/2026,20:05:10,eddie@node1j22.ecdf.ed.ac.uk,1,346
58231303,0.00256,HRprop,s2150450,r,09/09/2026,21:31:48,eddie@node1e07.ecdf.ed.ac.uk,20,51
58171483,0.00256,of_26035_1,wdewulf,r,09/09/2026,20:04:55,eddie@node1k08.ecdf.ed.ac.uk,1,338
58171483,0.00256,of_26035_1,wdewulf,r,09/09/2026,20:04:55,eddie@node1m03.ecdf.ed.ac.uk,1,339
58171483,0.00256,of_26035_1,wdewulf,r,09/09/2026,20:04:55,eddie@node1n14.ecdf.ed.ac.uk,1,340
58171483,0.00256,of_26035_1,wdewulf,r,09/09/2026,20:04:40,eddie@node1l06.ecdf.ed.ac.uk,1,335
58171483,0.00256,of_26035_1,wdewulf,r,09/09/2026,20:04:40,eddie@node1l06.ecdf.ed.ac.uk,1,336
58171483,0.00256,of_26035_1,wdewulf,r,09/09/2026,20:04:40,eddie@node1j18.ecdf.ed.ac.uk,1,337
58171483,0.00255,of_26035_1,wdewulf,r,09/09/2026,20:04:25,eddie@node1j21.ecdf.ed.ac.uk,1,330
58171483,0.00255,of_26035_1,wdewulf,r,09/09/2026,20:04:25,eddie@node1j11.ecdf.ed.ac.uk,1,331
58171483,0.00255,of_26035_1,wdewulf,r,09/09/2026,20:04:25,eddie@node1k08.ecdf.ed.ac.uk,1,332
58171483,0.00255,of_26035_1,wdewulf,r,09/09/2026,20:04:25,eddie@node1k08.ecdf.ed.ac.uk,1,333
58171483,0.00255,of_26035_1,wdewulf,r,09/09/2026,20:04:25,eddie@node1k08.ecdf.ed.ac.uk,1,334
58171483,0.00255,of_26035_1,wdewulf,r,09/09/2026,20:04:10,eddie@node1l02.ecdf.ed.ac.uk,1,325
58171483,0.00255,of_26035_1,wdewulf,r,09/09/2026,20:04:10,eddie@node1l02.ecdf.ed.ac.uk,1,326
58171483,0.00255,of_26035_1,wdewulf,r,09/09/2026,20:04:10,eddie@node1j04.ecdf.ed.ac.uk,1,327
58171483,0.00255,of_26035_1,wdewulf,r,09/09/2026,20:04:10,eddie@node1j08.ecdf.ed.ac.uk,1,328
58171483,0.00255,of_26035_1,wdewulf,r,09/09/2026,20:04:10,eddie@node1m01.ecdf.ed.ac.uk,1,329
58171483,0.00255,of_26035_1,wdewulf,r,09/09/2026,20:03:55,eddie@node1m06.ecdf.ed.ac.uk,1,320
58171483,0.00255,of_26035_1,wdewulf,r,09/09/2026,20:03:55,eddie@node1l07.ecdf.ed.ac.uk,1,321
58171483,0.00255,of_26035_1,wdewulf,r,09/09/2026,20:03:55,eddie@node1l03.ecdf.ed.ac.uk,1,322
58171483,0.00255,of_26035_1,wdewulf,r,09/09/2026,20:03:55,eddie@node1n14.ecdf.ed.ac.uk,1,323
58171483,0.00255,of_26035_1,wdewulf,r,09/09/2026,20:03:55,eddie@node1q05.ecdf.ed.ac.uk,1,324
58171483,0.00255,of_26035_1,wdewulf,r,09/09/2026,20:03:40,eddie@node1l01.ecdf.ed.ac.uk,1,315
58171483,0.00255,of_26035_1,wdewulf,r,09/09/2026,20:03:40,eddie@node1l03.ecdf.ed.ac.uk,1,316
58171483,0.00255,of_26035_1,wdewulf,r,09/09/2026,20:03:40,eddie@node1j07.ecdf.ed.ac.uk,1,317
58171483,0.00255,of_26035_1,wdewulf,r,09/09/2026,20:03:40,eddie@node1j05.ecdf.ed.ac.uk,1,318
58171483,0.00255,of_26035_1,wdewulf,r,09/09/2026,20:03:40,eddie@node1n13.ecdf.ed.ac.uk,1,319
58171483,0.00255,of_26035_1,wdewulf,r,09/09/2026,20:03:25,eddie@node1l02.ecdf.ed.ac.uk,1,311
58171483,0.00255,of_26035_1,wdewulf,r,09/09/2026,20:03:25,eddie@node1m02.ecdf.ed.ac.uk,1,312
58171483,0.00255,of_26035_1,wdewulf,r,09/09/2026,20:03:25,eddie@node1n13.ecdf.ed.ac.uk,1,313
58171483,0.00255,of_26035_1,wdewulf,r,09/09/2026,20:03:10,eddie@node1l02.ecdf.ed.ac.uk,1,303
58171483,0.00255,of_26035_1,wdewulf,r,09/09/2026,20:03:10,eddie@node1l10.ecdf.ed.ac.uk,1,304
58171483,0.00255,of_26035_1,wdewulf,r,09/09/2026,20:03:10,eddie@node1m06.ecdf.ed.ac.uk,1,305
58171483,0.00255,of_26035_1,wdewulf,r,09/09/2026,20:03:10,eddie@node1l07.ecdf.ed.ac.uk,1,306
58171483,0.00255,of_26035_1,wdewulf,r,09/09/2026,20:03:10,eddie@node1m02.ecdf.ed.ac.uk,1,307
58171483,0.00255,of_26035_1,wdewulf,r,09/09/2026,20:03:10,eddie@node1k08.ecdf.ed.ac.uk,1,308
58171483,0.00255,of_26035_1,wdewulf,r,09/09/2026,20:03:10,eddie@node1n15.ecdf.ed.ac.uk,1,309
58171483,0.00255,of_26035_1,wdewulf,r,09/09/2026,20:03:10,eddie@node1q05.ecdf.ed.ac.uk,1,310
58231303,0.00255,HRprop,s2150450,r,09/09/2026,21:18:27,eddie@node1o13.ecdf.ed.ac.uk,20,33
58171483,0.00255,of_26035_1,wdewulf,r,09/09/2026,20:02:55,eddie@node1l10.ecdf.ed.ac.uk,1,297
58171483,0.00255,of_26035_1,wdewulf,r,09/09/2026,20:02:55,eddie@node1l05.ecdf.ed.ac.uk,1,298
58171483,0.00255,of_26035_1,wdewulf,r,09/09/2026,20:02:55,eddie@node1l07.ecdf.ed.ac.uk,1,299
58171483,0.00255,of_26035_1,wdewulf,r,09/09/2026,20:02:55,eddie@node1l03.ecdf.ed.ac.uk,1,300
58171483,0.00255,of_26035_1,wdewulf,r,09/09/2026,20:02:55,eddie@node1j22.ecdf.ed.ac.uk,1,301
58171483,0.00255,of_26035_1,wdewulf,r,09/09/2026,20:02:55,eddie@node1q06.ecdf.ed.ac.uk,1,302
58171483,0.00255,of_26035_1,wdewulf,r,09/09/2026,20:02:40,eddie@node1l01.ecdf.ed.ac.uk,1,288
58171483,0.00255,of_26035_1,wdewulf,r,09/09/2026,20:02:40,eddie@node1k02.ecdf.ed.ac.uk,1,289
58171483,0.00255,of_26035_1,wdewulf,r,09/09/2026,20:02:40,eddie@node1j18.ecdf.ed.ac.uk,1,290
58171483,0.00255,of_26035_1,wdewulf,r,09/09/2026,20:02:40,eddie@node1j18.ecdf.ed.ac.uk,1,291
58171483,0.00255,of_26035_1,wdewulf,r,09/09/2026,20:02:40,eddie@node1m04.ecdf.ed.ac.uk,1,292
58171483,0.00255,of_26035_1,wdewulf,r,09/09/2026,20:02:40,eddie@node1m07.ecdf.ed.ac.uk,1,293
58171483,0.00255,of_26035_1,wdewulf,r,09/09/2026,20:02:40,eddie@node1j09.ecdf.ed.ac.uk,1,294
58171483,0.00255,of_26035_1,wdewulf,r,09/09/2026,20:02:40,eddie@node1k05.ecdf.ed.ac.uk,1,295
58171483,0.00255,of_26035_1,wdewulf,r,09/09/2026,20:02:40,eddie@node1n13.ecdf.ed.ac.uk,1,296
58171483,0.00255,of_26035_1,wdewulf,r,09/09/2026,20:02:28,eddie@node1i14.ecdf.ed.ac.uk,1,283
58171483,0.00255,of_26035_1,wdewulf,r,09/09/2026,20:02:28,eddie@node1l06.ecdf.ed.ac.uk,1,284
58171483,0.00255,of_26035_1,wdewulf,r,09/09/2026,20:02:28,eddie@node1j18.ecdf.ed.ac.uk,1,285
58171483,0.00255,of_26035_1,wdewulf,r,09/09/2026,20:02:28,eddie@node1k05.ecdf.ed.ac.uk,1,286
58171483,0.00255,of_26035_1,wdewulf,r,09/09/2026,20:02:28,eddie@node1n13.ecdf.ed.ac.uk,1,287
58231303,0.00255,HRprop,s2150450,r,09/09/2026,21:44:18,eddie@node1d03.ecdf.ed.ac.uk,20,64
58171483,0.00255,of_26035_1,wdewulf,r,09/09/2026,20:02:13,eddie@node1l05.ecdf.ed.ac.uk,1,278
58171483,0.00255,of_26035_1,wdewulf,r,09/09/2026,20:02:13,eddie@node1j11.ecdf.ed.ac.uk,1,279
58171483,0.00255,of_26035_1,wdewulf,r,09/09/2026,20:02:13,eddie@node1m02.ecdf.ed.ac.uk,1,280
58171483,0.00255,of_26035_1,wdewulf,r,09/09/2026,20:02:13,eddie@node1m01.ecdf.ed.ac.uk,1,281
58171483,0.00255,of_26035_1,wdewulf,r,09/09/2026,20:02:13,eddie@node1k09.ecdf.ed.ac.uk,1,282
58231303,0.00255,HRprop,s2150450,r,09/09/2026,21:43:18,eddie@node1f04.ecdf.ed.ac.uk,20,63
58231303,0.00255,HRprop,s2150450,r,09/09/2026,21:44:48,eddie@node1f04.ecdf.ed.ac.uk,20,65
58231303,0.00255,HRprop,s2150450,r,09/09/2026,21:45:18,eddie@node1f04.ecdf.ed.ac.uk,20,66
58171483,0.00255,of_26035_1,wdewulf,r,09/09/2026,20:01:58,eddie@node1l01.ecdf.ed.ac.uk,1,270
58171483,0.00255,of_26035_1,wdewulf,r,09/09/2026,20:01:58,eddie@node1l02.ecdf.ed.ac.uk,1,271
58171483,0.00255,of_26035_1,wdewulf,r,09/09/2026,20:01:58,eddie@node1j11.ecdf.ed.ac.uk,1,272
58171483,0.00255,of_26035_1,wdewulf,r,09/09/2026,20:01:58,eddie@node1j22.ecdf.ed.ac.uk,1,273
58171483,0.00255,of_26035_1,wdewulf,r,09/09/2026,20:01:58,eddie@node1i17.ecdf.ed.ac.uk,1,274
58171483,0.00255,of_26035_1,wdewulf,r,09/09/2026,20:01:58,eddie@node1i17.ecdf.ed.ac.uk,1,275
58171483,0.00255,of_26035_1,wdewulf,r,09/09/2026,20:01:58,eddie@node1n15.ecdf.ed.ac.uk,1,276
58171483,0.00255,of_26035_1,wdewulf,r,09/09/2026,20:01:58,eddie@node1n13.ecdf.ed.ac.uk,1,277
58171483,0.00255,of_26035_1,wdewulf,r,09/09/2026,20:01:43,eddie@node1i14.ecdf.ed.ac.uk,1,265
58171483,0.00255,of_26035_1,wdewulf,r,09/09/2026,20:01:43,eddie@node1l20.ecdf.ed.ac.uk,1,266
58171483,0.00255,of_26035_1,wdewulf,r,09/09/2026,20:01:43,eddie@node1k08.ecdf.ed.ac.uk,1,267
58171483,0.00255,of_26035_1,wdewulf,r,09/09/2026,20:01:43,eddie@node1m03.ecdf.ed.ac.uk,1,268
58171483,0.00255,of_26035_1,wdewulf,r,09/09/2026,20:01:43,eddie@node1q06.ecdf.ed.ac.uk,1,269
58231303,0.00255,HRprop,s2150450,r,09/09/2026,21:43:03,eddie@node1d10.ecdf.ed.ac.uk,20,62
58231303,0.00255,HRprop,s2150450,r,09/09/2026,21:42:48,eddie@node1d02.ecdf.ed.ac.uk,20,61
58171483,0.00255,of_26035_1,wdewulf,r,09/09/2026,20:01:28,eddie@node1l02.ecdf.ed.ac.uk,1,262
58171483,0.00255,of_26035_1,wdewulf,r,09/09/2026,20:01:28,eddie@node1j18.ecdf.ed.ac.uk,1,263
58171483,0.00255,of_26035_1,wdewulf,r,09/09/2026,20:01:28,eddie@node1m11.ecdf.ed.ac.uk,1,264
58171483,0.00255,of_26035_1,wdewulf,r,09/09/2026,20:01:13,eddie@node1l20.ecdf.ed.ac.uk,1,260
58171483,0.00255,of_26035_1,wdewulf,r,09/09/2026,20:01:13,eddie@node1j01.ecdf.ed.ac.uk,1,261
58171483,0.00255,of_26035_1,wdewulf,r,09/09/2026,20:00:58,eddie@node1l06.ecdf.ed.ac.uk,1,254
58171483,0.00255,of_26035_1,wdewulf,r,09/09/2026,20:00:58,eddie@node1k08.ecdf.ed.ac.uk,1,255
58171483,0.00255,of_26035_1,wdewulf,r,09/09/2026,20:00:58,eddie@node1m07.ecdf.ed.ac.uk,1,256
58171483,0.00255,of_26035_1,wdewulf,r,09/09/2026,20:00:58,eddie@node1m07.ecdf.ed.ac.uk,1,257
58171483,0.00255,of_26035_1,wdewulf,r,09/09/2026,20:00:58,eddie@node1k05.ecdf.ed.ac.uk,1,258
58171483,0.00255,of_26035_1,wdewulf,r,09/09/2026,20:00:58,eddie@node1n13.ecdf.ed.ac.uk,1,259
58171483,0.00255,of_26035_1,wdewulf,r,09/09/2026,20:00:43,eddie@node1l02.ecdf.ed.ac.uk,1,248
58171483,0.00255,of_26035_1,wdewulf,r,09/09/2026,20:00:43,eddie@node1j11.ecdf.ed.ac.uk,1,249
58171483,0.00255,of_26035_1,wdewulf,r,09/09/2026,20:00:43,eddie@node1l05.ecdf.ed.ac.uk,1,250
58171483,0.00255,of_26035_1,wdewulf,r,09/09/2026,20:00:43,eddie@node1k07.ecdf.ed.ac.uk,1,251
58171483,0.00255,of_26035_1,wdewulf,r,09/09/2026,20:00:43,eddie@node1k03.ecdf.ed.ac.uk,1,252
58171483,0.00255,of_26035_1,wdewulf,r,09/09/2026,20:00:43,eddie@node1m03.ecdf.ed.ac.uk,1,253
58171483,0.00255,of_26035_1,wdewulf,r,09/09/2026,20:00:28,eddie@node1i02.ecdf.ed.ac.uk,1,242
58171483,0.00255,of_26035_1,wdewulf,r,09/09/2026,20:00:28,eddie@node1l10.ecdf.ed.ac.uk,1,243
58171483,0.00255,of_26035_1,wdewulf,r,09/09/2026,20:00:28,eddie@node1l07.ecdf.ed.ac.uk,1,244
58171483,0.00255,of_26035_1,wdewulf,r,09/09/2026,20:00:28,eddie@node1m01.ecdf.ed.ac.uk,1,245
58171483,0.00255,of_26035_1,wdewulf,r,09/09/2026,20:00:28,eddie@node1j05.ecdf.ed.ac.uk,1,246
58171483,0.00255,of_26035_1,wdewulf,r,09/09/2026,20:00:28,eddie@node1n13.ecdf.ed.ac.uk,1,247
58171483,0.00255,of_26035_1,wdewulf,r,09/09/2026,20:00:13,eddie@node1l08.ecdf.ed.ac.uk,1,237
58171483,0.00255,of_26035_1,wdewulf,r,09/09/2026,20:00:13,eddie@node1j21.ecdf.ed.ac.uk,1,238
58171483,0.00255,of_26035_1,wdewulf,r,09/09/2026,20:00:13,eddie@node1k07.ecdf.ed.ac.uk,1,239
58171483,0.00255,of_26035_1,wdewulf,r,09/09/2026,20:00:13,eddie@node1m04.ecdf.ed.ac.uk,1,240
58171483,0.00255,of_26035_1,wdewulf,r,09/09/2026,20:00:13,eddie@node1l03.ecdf.ed.ac.uk,1,241
58171483,0.00255,of_26035_1,wdewulf,r,09/09/2026,19:59:43,eddie@node1j18.ecdf.ed.ac.uk,1,233
58171483,0.00255,of_26035_1,wdewulf,r,09/09/2026,19:59:43,eddie@node1l03.ecdf.ed.ac.uk,1,234
58171483,0.00255,of_26035_1,wdewulf,r,09/09/2026,19:59:43,eddie@node1m11.ecdf.ed.ac.uk,1,235
58171483,0.00255,of_26035_1,wdewulf,r,09/09/2026,19:59:43,eddie@node1j06.ecdf.ed.ac.uk,1,236
58171483,0.00255,of_26035_1,wdewulf,r,09/09/2026,19:59:28,eddie@node1l01.ecdf.ed.ac.uk,1,227
58171483,0.00255,of_26035_1,wdewulf,r,09/09/2026,19:59:28,eddie@node1l01.ecdf.ed.ac.uk,1,228
58171483,0.00255,of_26035_1,wdewulf,r,09/09/2026,19:59:28,eddie@node1l03.ecdf.ed.ac.uk,1,229
58171483,0.00255,of_26035_1,wdewulf,r,09/09/2026,19:59:28,eddie@node1m07.ecdf.ed.ac.uk,1,230
58171483,0.00255,of_26035_1,wdewulf,r,09/09/2026,19:59:28,eddie@node1j09.ecdf.ed.ac.uk,1,231
58171483,0.00255,of_26035_1,wdewulf,r,09/09/2026,19:59:28,eddie@node1q05.ecdf.ed.ac.uk,1,232
58171483,0.00255,of_26035_1,wdewulf,r,09/09/2026,19:59:13,eddie@node1j03.ecdf.ed.ac.uk,1,223
58171483,0.00255,of_26035_1,wdewulf,r,09/09/2026,19:59:13,eddie@node1l07.ecdf.ed.ac.uk,1,224
58171483,0.00255,of_26035_1,wdewulf,r,09/09/2026,19:59:13,eddie@node1j22.ecdf.ed.ac.uk,1,225
58171483,0.00255,of_26035_1,wdewulf,r,09/09/2026,19:59:13,eddie@node1n13.ecdf.ed.ac.uk,1,226
58231303,0.00255,HRprop,s2150450,r,09/09/2026,21:40:18,eddie@node1e04.ecdf.ed.ac.uk,20,59
58171483,0.00255,of_26035_1,wdewulf,r,09/09/2026,19:58:58,eddie@node1i02.ecdf.ed.ac.uk,1,213
58171483,0.00255,of_26035_1,wdewulf,r,09/09/2026,19:58:58,eddie@node1l02.ecdf.ed.ac.uk,1,214
58171483,0.00255,of_26035_1,wdewulf,r,09/09/2026,19:58:58,eddie@node1l09.ecdf.ed.ac.uk,1,215
58171483,0.00255,of_26035_1,wdewulf,r,09/09/2026,19:58:58,eddie@node1l10.ecdf.ed.ac.uk,1,216
58171483,0.00255,of_26035_1,wdewulf,r,09/09/2026,19:58:58,eddie@node1l06.ecdf.ed.ac.uk,1,217
58171483,0.00255,of_26035_1,wdewulf,r,09/09/2026,19:58:58,eddie@node1l07.ecdf.ed.ac.uk,1,218
58171483,0.00255,of_26035_1,wdewulf,r,09/09/2026,19:58:58,eddie@node1k01.ecdf.ed.ac.uk,1,219
58171483,0.00255,of_26035_1,wdewulf,r,09/09/2026,19:58:58,eddie@node1k04.ecdf.ed.ac.uk,1,220
58171483,0.00255,of_26035_1,wdewulf,r,09/09/2026,19:58:58,eddie@node1j06.ecdf.ed.ac.uk,1,221
58171483,0.00255,of_26035_1,wdewulf,r,09/09/2026,19:58:58,eddie@node1k09.ecdf.ed.ac.uk,1,222
58171483,0.00255,of_26035_1,wdewulf,r,09/09/2026,19:58:43,eddie@node1l20.ecdf.ed.ac.uk,1,207
58171483,0.00255,of_26035_1,wdewulf,r,09/09/2026,19:58:43,eddie@node1j18.ecdf.ed.ac.uk,1,208
58171483,0.00255,of_26035_1,wdewulf,r,09/09/2026,19:58:43,eddie@node1l05.ecdf.ed.ac.uk,1,209
58171483,0.00255,of_26035_1,wdewulf,r,09/09/2026,19:58:43,eddie@node1k07.ecdf.ed.ac.uk,1,210
58171483,0.00255,of_26035_1,wdewulf,r,09/09/2026,19:58:43,eddie@node1k01.ecdf.ed.ac.uk,1,211
58171483,0.00255,of_26035_1,wdewulf,r,09/09/2026,19:58:43,eddie@node1j22.ecdf.ed.ac.uk,1,212
58171483,0.00255,of_26035_1,wdewulf,r,09/09/2026,19:58:28,eddie@node1l04.ecdf.ed.ac.uk,1,203
58171483,0.00255,of_26035_1,wdewulf,r,09/09/2026,19:58:28,eddie@node1l06.ecdf.ed.ac.uk,1,204
58171483,0.00255,of_26035_1,wdewulf,r,09/09/2026,19:58:28,eddie@node1l05.ecdf.ed.ac.uk,1,205
58171483,0.00255,of_26035_1,wdewulf,r,09/09/2026,19:58:28,eddie@node1k01.ecdf.ed.ac.uk,1,206
58171483,0.00255,of_26035_1,wdewulf,r,09/09/2026,19:58:13,eddie@node1l09.ecdf.ed.ac.uk,1,195
58171483,0.00255,of_26035_1,wdewulf,r,09/09/2026,19:58:13,eddie@node1j01.ecdf.ed.ac.uk,1,196
58171483,0.00255,of_26035_1,wdewulf,r,09/09/2026,19:58:13,eddie@node1j10.ecdf.ed.ac.uk,1,197
58171483,0.00255,of_26035_1,wdewulf,r,09/09/2026,19:58:13,eddie@node1m06.ecdf.ed.ac.uk,1,198
58171483,0.00255,of_26035_1,wdewulf,r,09/09/2026,19:58:13,eddie@node1m04.ecdf.ed.ac.uk,1,199
58171483,0.00255,of_26035_1,wdewulf,r,09/09/2026,19:58:13,eddie@node1l03.ecdf.ed.ac.uk,1,200
58171483,0.00255,of_26035_1,wdewulf,r,09/09/2026,19:58:13,eddie@node1j22.ecdf.ed.ac.uk,1,201
58171483,0.00255,of_26035_1,wdewulf,r,09/09/2026,19:58:13,eddie@node1q06.ecdf.ed.ac.uk,1,202
58171483,0.00254,of_26035_1,wdewulf,r,09/09/2026,19:57:58,eddie@node1l20.ecdf.ed.ac.uk,1,186
58171483,0.00254,of_26035_1,wdewulf,r,09/09/2026,19:57:58,eddie@node1k02.ecdf.ed.ac.uk,1,187
58171483,0.00254,of_26035_1,wdewulf,r,09/09/2026,19:57:58,eddie@node1l05.ecdf.ed.ac.uk,1,188
58171483,0.00254,of_26035_1,wdewulf,r,09/09/2026,19:57:58,eddie@node1l19.ecdf.ed.ac.uk,1,189
58171483,0.00254,of_26035_1,wdewulf,r,09/09/2026,19:57:58,eddie@node1j04.ecdf.ed.ac.uk,1,190
58171483,0.00254,of_26035_1,wdewulf,r,09/09/2026,19:57:58,eddie@node1l07.ecdf.ed.ac.uk,1,191
58171483,0.00254,of_26035_1,wdewulf,r,09/09/2026,19:57:58,eddie@node1l03.ecdf.ed.ac.uk,1,192
58171483,0.00254,of_26035_1,wdewulf,r,09/09/2026,19:57:58,eddie@node1n13.ecdf.ed.ac.uk,1,193
58171483,0.00254,of_26035_1,wdewulf,r,09/09/2026,19:57:43,eddie@node1l04.ecdf.ed.ac.uk,1,179
58171483,0.00254,of_26035_1,wdewulf,r,09/09/2026,19:57:43,eddie@node1l05.ecdf.ed.ac.uk,1,180
58171483,0.00254,of_26035_1,wdewulf,r,09/09/2026,19:57:43,eddie@node1l06.ecdf.ed.ac.uk,1,181
58171483,0.00254,of_26035_1,wdewulf,r,09/09/2026,19:57:43,eddie@node1l07.ecdf.ed.ac.uk,1,182
58171483,0.00254,of_26035_1,wdewulf,r,09/09/2026,19:57:43,eddie@node1l07.ecdf.ed.ac.uk,1,183
58171483,0.00254,of_26035_1,wdewulf,r,09/09/2026,19:57:43,eddie@node1n15.ecdf.ed.ac.uk,1,184
58171483,0.00254,of_26035_1,wdewulf,r,09/09/2026,19:57:43,eddie@node1n13.ecdf.ed.ac.uk,1,185
58231303,0.00254,HRprop,s2150450,r,09/09/2026,21:39:48,eddie@node1e07.ecdf.ed.ac.uk,20,58
58171483,0.00254,of_26035_1,wdewulf,r,09/09/2026,19:57:28,eddie@node1i03.ecdf.ed.ac.uk,1,173
58171483,0.00254,of_26035_1,wdewulf,r,09/09/2026,19:57:28,eddie@node1j21.ecdf.ed.ac.uk,1,174
58171483,0.00254,of_26035_1,wdewulf,r,09/09/2026,19:57:28,eddie@node1m02.ecdf.ed.ac.uk,1,175
58171483,0.00254,of_26035_1,wdewulf,r,09/09/2026,19:57:28,eddie@node1m12.ecdf.ed.ac.uk,1,176
58171483,0.00254,of_26035_1,wdewulf,r,09/09/2026,19:57:28,eddie@node1m01.ecdf.ed.ac.uk,1,177
58171483,0.00254,of_26035_1,wdewulf,r,09/09/2026,19:57:28,eddie@node1j22.ecdf.ed.ac.uk,1,178
58171483,0.00254,of_26035_1,wdewulf,r,09/09/2026,19:57:13,eddie@node1l20.ecdf.ed.ac.uk,1,164
58171483,0.00254,of_26035_1,wdewulf,r,09/09/2026,19:57:13,eddie@node1l05.ecdf.ed.ac.uk,1,165
58171483,0.00254,of_26035_1,wdewulf,r,09/09/2026,19:57:13,eddie@node1k07.ecdf.ed.ac.uk,1,166
58171483,0.00254,of_26035_1,wdewulf,r,09/09/2026,19:57:13,eddie@node1m04.ecdf.ed.ac.uk,1,167
58171483,0.00254,of_26035_1,wdewulf,r,09/09/2026,19:57:13,eddie@node1l07.ecdf.ed.ac.uk,1,168
58171483,0.00254,of_26035_1,wdewulf,r,09/09/2026,19:57:13,eddie@node1j07.ecdf.ed.ac.uk,1,169
58171483,0.00254,of_26035_1,wdewulf,r,09/09/2026,19:57:13,eddie@node1j02.ecdf.ed.ac.uk,1,170
58171483,0.00254,of_26035_1,wdewulf,r,09/09/2026,19:57:13,eddie@node1k09.ecdf.ed.ac.uk,1,171
58171483,0.00254,of_26035_1,wdewulf,r,09/09/2026,19:57:13,eddie@node1n13.ecdf.ed.ac.uk,1,172
58171483,0.00254,of_26035_1,wdewulf,r,09/09/2026,19:56:58,eddie@node1l01.ecdf.ed.ac.uk,1,156
58171483,0.00254,of_26035_1,wdewulf,r,09/09/2026,19:56:58,eddie@node1l10.ecdf.ed.ac.uk,1,157
58171483,0.00254,of_26035_1,wdewulf,r,09/09/2026,19:56:58,eddie@node1j01.ecdf.ed.ac.uk,1,158
58171483,0.00254,of_26035_1,wdewulf,r,09/09/2026,19:56:58,eddie@node1j11.ecdf.ed.ac.uk,1,159
58171483,0.00254,of_26035_1,wdewulf,r,09/09/2026,19:56:58,eddie@node1j21.ecdf.ed.ac.uk,1,160
58171483,0.00254,of_26035_1,wdewulf,r,09/09/2026,19:56:58,eddie@node1m02.ecdf.ed.ac.uk,1,161
58171483,0.00254,of_26035_1,wdewulf,r,09/09/2026,19:56:58,eddie@node1j19.ecdf.ed.ac.uk,1,162
58171483,0.00254,of_26035_1,wdewulf,r,09/09/2026,19:56:58,eddie@node1j17.ecdf.ed.ac.uk,1,163
58171483,0.00254,of_26035_1,wdewulf,r,09/09/2026,19:56:43,eddie@node1l09.ecdf.ed.ac.uk,1,152
58171483,0.00254,of_26035_1,wdewulf,r,09/09/2026,19:56:43,eddie@node1j21.ecdf.ed.ac.uk,1,153
58171483,0.00254,of_26035_1,wdewulf,r,09/09/2026,19:56:43,eddie@node1j21.ecdf.ed.ac.uk,1,154
58171483,0.00254,of_26035_1,wdewulf,r,09/09/2026,19:56:43,eddie@node1k03.ecdf.ed.ac.uk,1,155
58171483,0.00254,of_26035_1,wdewulf,r,09/09/2026,19:56:28,eddie@node1l01.ecdf.ed.ac.uk,1,147
58171483,0.00254,of_26035_1,wdewulf,r,09/09/2026,19:56:28,eddie@node1l19.ecdf.ed.ac.uk,1,148
58171483,0.00254,of_26035_1,wdewulf,r,09/09/2026,19:56:28,eddie@node1l07.ecdf.ed.ac.uk,1,149
58171483,0.00254,of_26035_1,wdewulf,r,09/09/2026,19:56:28,eddie@node1m07.ecdf.ed.ac.uk,1,150
58171483,0.00254,of_26035_1,wdewulf,r,09/09/2026,19:56:28,eddie@node1j06.ecdf.ed.ac.uk,1,151
58171483,0.00254,of_26035_1,wdewulf,r,09/09/2026,19:56:13,eddie@node1j18.ecdf.ed.ac.uk,1,141
58171483,0.00254,of_26035_1,wdewulf,r,09/09/2026,19:56:13,eddie@node1j11.ecdf.ed.ac.uk,1,142
58171483,0.00254,of_26035_1,wdewulf,r,09/09/2026,19:56:13,eddie@node1k08.ecdf.ed.ac.uk,1,143
58171483,0.00254,of_26035_1,wdewulf,r,09/09/2026,19:56:13,eddie@node1j06.ecdf.ed.ac.uk,1,144
58171483,0.00254,of_26035_1,wdewulf,r,09/09/2026,19:56:13,eddie@node1k09.ecdf.ed.ac.uk,1,145
58171483,0.00254,of_26035_1,wdewulf,r,09/09/2026,19:56:13,eddie@node1q06.ecdf.ed.ac.uk,1,146
58171483,0.00254,of_26035_1,wdewulf,r,09/09/2026,19:55:58,eddie@node1l02.ecdf.ed.ac.uk,1,136
58171483,0.00254,of_26035_1,wdewulf,r,09/09/2026,19:55:58,eddie@node1j01.ecdf.ed.ac.uk,1,137
58171483,0.00254,of_26035_1,wdewulf,r,09/09/2026,19:55:58,eddie@node1j05.ecdf.ed.ac.uk,1,138
58171483,0.00254,of_26035_1,wdewulf,r,09/09/2026,19:55:58,eddie@node1j22.ecdf.ed.ac.uk,1,139
58171483,0.00254,of_26035_1,wdewulf,r,09/09/2026,19:55:58,eddie@node1n15.ecdf.ed.ac.uk,1,140
58171483,0.00254,of_26035_1,wdewulf,r,09/09/2026,19:55:43,eddie@node1j03.ecdf.ed.ac.uk,1,131
58171483,0.00254,of_26035_1,wdewulf,r,09/09/2026,19:55:43,eddie@node1l06.ecdf.ed.ac.uk,1,132
58171483,0.00254,of_26035_1,wdewulf,r,09/09/2026,19:55:43,eddie@node1l08.ecdf.ed.ac.uk,1,133
58171483,0.00254,of_26035_1,wdewulf,r,09/09/2026,19:55:43,eddie@node1m01.ecdf.ed.ac.uk,1,134
58171483,0.00254,of_26035_1,wdewulf,r,09/09/2026,19:55:43,eddie@node1j07.ecdf.ed.ac.uk,1,135
58171483,0.00254,of_26035_1,wdewulf,r,09/09/2026,19:55:28,eddie@node1j01.ecdf.ed.ac.uk,1,127
58171483,0.00254,of_26035_1,wdewulf,r,09/09/2026,19:55:28,eddie@node1j10.ecdf.ed.ac.uk,1,128
58171483,0.00254,of_26035_1,wdewulf,r,09/09/2026,19:55:28,eddie@node1n13.ecdf.ed.ac.uk,1,129
58171483,0.00254,of_26035_1,wdewulf,r,09/09/2026,19:55:13,eddie@node1i06.ecdf.ed.ac.uk,1,120
58171483,0.00254,of_26035_1,wdewulf,r,09/09/2026,19:55:13,eddie@node1l01.ecdf.ed.ac.uk,1,121
58171483,0.00254,of_26035_1,wdewulf,r,09/09/2026,19:55:13,eddie@node1l02.ecdf.ed.ac.uk,1,122
58171483,0.00254,of_26035_1,wdewulf,r,09/09/2026,19:55:13,eddie@node1l02.ecdf.ed.ac.uk,1,123
58171483,0.00254,of_26035_1,wdewulf,r,09/09/2026,19:55:13,eddie@node1l09.ecdf.ed.ac.uk,1,124
58171483,0.00254,of_26035_1,wdewulf,r,09/09/2026,19:55:14,eddie@node1j01.ecdf.ed.ac.uk,1,125
58171483,0.00254,of_26035_1,wdewulf,r,09/09/2026,19:55:14,eddie@node1l05.ecdf.ed.ac.uk,1,126
58231303,0.00254,HRprop,s2150450,r,09/09/2026,21:10:12,eddie@node1h11.ecdf.ed.ac.uk,20,28
58171483,0.00254,of_26035_1,wdewulf,r,09/09/2026,19:54:58,eddie@node1i03.ecdf.ed.ac.uk,1,114
58171483,0.00254,of_26035_1,wdewulf,r,09/09/2026,19:54:58,eddie@node1l20.ecdf.ed.ac.uk,1,115
58171483,0.00254,of_26035_1,wdewulf,r,09/09/2026,19:54:58,eddie@node1l10.ecdf.ed.ac.uk,1,116
58171483,0.00254,of_26035_1,wdewulf,r,09/09/2026,19:54:58,eddie@node1k02.ecdf.ed.ac.uk,1,117
58171483,0.00254,of_26035_1,wdewulf,r,09/09/2026,19:54:58,eddie@node1l08.ecdf.ed.ac.uk,1,118
58171483,0.00254,of_26035_1,wdewulf,r,09/09/2026,19:54:58,eddie@node1l03.ecdf.ed.ac.uk,1,119
58171483,0.00254,of_26035_1,wdewulf,r,09/09/2026,19:54:43,eddie@node1l09.ecdf.ed.ac.uk,1,108
58171483,0.00254,of_26035_1,wdewulf,r,09/09/2026,19:54:43,eddie@node1l05.ecdf.ed.ac.uk,1,109
58171483,0.00254,of_26035_1,wdewulf,r,09/09/2026,19:54:43,eddie@node1j11.ecdf.ed.ac.uk,1,110
58171483,0.00254,of_26035_1,wdewulf,r,09/09/2026,19:54:43,eddie@node1m06.ecdf.ed.ac.uk,1,111
58171483,0.00254,of_26035_1,wdewulf,r,09/09/2026,19:54:43,eddie@node1l06.ecdf.ed.ac.uk,1,112
58171483,0.00254,of_26035_1,wdewulf,r,09/09/2026,19:54:43,eddie@node1l07.ecdf.ed.ac.uk,1,113
58171483,0.00254,of_26035_1,wdewulf,r,09/09/2026,19:54:29,eddie@node1l09.ecdf.ed.ac.uk,1,103
58171483,0.00254,of_26035_1,wdewulf,r,09/09/2026,19:54:29,eddie@node1l20.ecdf.ed.ac.uk,1,104
58171483,0.00254,of_26035_1,wdewulf,r,09/09/2026,19:54:29,eddie@node1l06.ecdf.ed.ac.uk,1,105
58171483,0.00254,of_26035_1,wdewulf,r,09/09/2026,19:54:29,eddie@node1m11.ecdf.ed.ac.uk,1,106
58171483,0.00254,of_26035_1,wdewulf,r,09/09/2026,19:54:29,eddie@node1j06.ecdf.ed.ac.uk,1,107
58171483,0.00254,of_26035_1,wdewulf,r,09/09/2026,19:54:20,eddie@node1l02.ecdf.ed.ac.uk,1,95
58171483,0.00254,of_26035_1,wdewulf,r,09/09/2026,19:54:20,eddie@node1j18.ecdf.ed.ac.uk,1,96
58171483,0.00254,of_26035_1,wdewulf,r,09/09/2026,19:54:20,eddie@node1l06.ecdf.ed.ac.uk,1,97
58171483,0.00254,of_26035_1,wdewulf,r,09/09/2026,19:54:20,eddie@node1l08.ecdf.ed.ac.uk,1,98
58171483,0.00254,of_26035_1,wdewulf,r,09/09/2026,19:54:20,eddie@node1l08.ecdf.ed.ac.uk,1,99
58171483,0.00254,of_26035_1,wdewulf,r,09/09/2026,19:54:20,eddie@node1m02.ecdf.ed.ac.uk,1,100
58171483,0.00254,of_26035_1,wdewulf,r,09/09/2026,19:54:20,eddie@node1m07.ecdf.ed.ac.uk,1,101
58171483,0.00254,of_26035_1,wdewulf,r,09/09/2026,19:54:20,eddie@node1j22.ecdf.ed.ac.uk,1,102
58171483,0.00254,of_26035_1,wdewulf,r,09/09/2026,19:54:05,eddie@node1m06.ecdf.ed.ac.uk,1,89
58171483,0.00254,of_26035_1,wdewulf,r,09/09/2026,19:54:05,eddie@node1l07.ecdf.ed.ac.uk,1,90
58171483,0.00254,of_26035_1,wdewulf,r,09/09/2026,19:54:05,eddie@node1j07.ecdf.ed.ac.uk,1,91
58171483,0.00254,of_26035_1,wdewulf,r,09/09/2026,19:54:05,eddie@node1j06.ecdf.ed.ac.uk,1,92
58171483,0.00254,of_26035_1,wdewulf,r,09/09/2026,19:54:05,eddie@node1i17.ecdf.ed.ac.uk,1,93
58171483,0.00254,of_26035_1,wdewulf,r,09/09/2026,19:54:05,eddie@node1n15.ecdf.ed.ac.uk,1,94
58171483,0.00254,of_26035_1,wdewulf,r,09/09/2026,19:53:50,eddie@node1j03.ecdf.ed.ac.uk,1,85
58171483,0.00254,of_26035_1,wdewulf,r,09/09/2026,19:53:50,eddie@node1l10.ecdf.ed.ac.uk,1,86
58171483,0.00254,of_26035_1,wdewulf,r,09/09/2026,19:53:50,eddie@node1k05.ecdf.ed.ac.uk,1,87
58171483,0.00254,of_26035_1,wdewulf,r,09/09/2026,19:53:50,eddie@node1n13.ecdf.ed.ac.uk,1,88
58171483,0.00254,of_26035_1,wdewulf,r,09/09/2026,19:53:35,eddie@node1l01.ecdf.ed.ac.uk,1,78
58171483,0.00254,of_26035_1,wdewulf,r,09/09/2026,19:53:35,eddie@node1m06.ecdf.ed.ac.uk,1,79
58171483,0.00254,of_26035_1,wdewulf,r,09/09/2026,19:53:35,eddie@node1m02.ecdf.ed.ac.uk,1,80
58171483,0.00254,of_26035_1,wdewulf,r,09/09/2026,19:53:35,eddie@node1k01.ecdf.ed.ac.uk,1,81
58171483,0.00254,of_26035_1,wdewulf,r,09/09/2026,19:53:35,eddie@node1j08.ecdf.ed.ac.uk,1,82
58171483,0.00254,of_26035_1,wdewulf,r,09/09/2026,19:53:35,eddie@node1j17.ecdf.ed.ac.uk,1,83
58171483,0.00254,of_26035_1,wdewulf,r,09/09/2026,19:53:35,eddie@node1j17.ecdf.ed.ac.uk,1,84
58171483,0.00254,of_26035_1,wdewulf,r,09/09/2026,19:53:20,eddie@node1j21.ecdf.ed.ac.uk,1,75
58171483,0.00254,of_26035_1,wdewulf,r,09/09/2026,19:53:20,eddie@node1k01.ecdf.ed.ac.uk,1,76
58171483,0.00254,of_26035_1,wdewulf,r,09/09/2026,19:53:20,eddie@node1j09.ecdf.ed.ac.uk,1,77
58171483,0.00254,of_26035_1,wdewulf,r,09/09/2026,19:53:05,eddie@node1m06.ecdf.ed.ac.uk,1,69
58171483,0.00254,of_26035_1,wdewulf,r,09/09/2026,19:53:05,eddie@node1m01.ecdf.ed.ac.uk,1,70
58171483,0.00254,of_26035_1,wdewulf,r,09/09/2026,19:53:05,eddie@node1j09.ecdf.ed.ac.uk,1,71
58171483,0.00254,of_26035_1,wdewulf,r,09/09/2026,19:53:05,eddie@node1j02.ecdf.ed.ac.uk,1,72
58171483,0.00254,of_26035_1,wdewulf,r,09/09/2026,19:53:05,eddie@node1q06.ecdf.ed.ac.uk,1,73
58171483,0.00254,of_26035_1,wdewulf,r,09/09/2026,19:53:05,eddie@node1q05.ecdf.ed.ac.uk,1,74
58171483,0.00254,of_26035_1,wdewulf,r,09/09/2026,19:52:50,eddie@node1j03.ecdf.ed.ac.uk,1,64
58171483,0.00254,of_26035_1,wdewulf,r,09/09/2026,19:52:50,eddie@node1j03.ecdf.ed.ac.uk,1,65
58171483,0.00254,of_26035_1,wdewulf,r,09/09/2026,19:52:50,eddie@node1m10.ecdf.ed.ac.uk,1,66
58171483,0.00254,of_26035_1,wdewulf,r,09/09/2026,19:52:50,eddie@node1k09.ecdf.ed.ac.uk,1,67
58171483,0.00254,of_26035_1,wdewulf,r,09/09/2026,19:52:50,eddie@node1n13.ecdf.ed.ac.uk,1,68
58171483,0.00254,of_26035_1,wdewulf,r,09/09/2026,19:52:35,eddie@node1l20.ecdf.ed.ac.uk,1,58
58171483,0.00254,of_26035_1,wdewulf,r,09/09/2026,19:52:35,eddie@node1l08.ecdf.ed.ac.uk,1,59
58171483,0.00254,of_26035_1,wdewulf,r,09/09/2026,19:52:35,eddie@node1l08.ecdf.ed.ac.uk,1,60
58171483,0.00254,of_26035_1,wdewulf,r,09/09/2026,19:52:35,eddie@node1m12.ecdf.ed.ac.uk,1,61
58171483,0.00254,of_26035_1,wdewulf,r,09/09/2026,19:52:35,eddie@node1j07.ecdf.ed.ac.uk,1,62
58171483,0.00254,of_26035_1,wdewulf,r,09/09/2026,19:52:35,eddie@node1j09.ecdf.ed.ac.uk,1,63
58171483,0.00254,of_26035_1,wdewulf,r,09/09/2026,19:52:20,eddie@node1i06.ecdf.ed.ac.uk,1,56
58171483,0.00254,of_26035_1,wdewulf,r,09/09/2026,19:52:20,eddie@node1m02.ecdf.ed.ac.uk,1,57
58171483,0.00254,of_26035_1,wdewulf,r,09/09/2026,19:52:03,eddie@node1l09.ecdf.ed.ac.uk,1,45
58171483,0.00254,of_26035_1,wdewulf,r,09/09/2026,19:52:03,eddie@node1l04.ecdf.ed.ac.uk,1,46
58171483,0.00254,of_26035_1,wdewulf,r,09/09/2026,19:52:03,eddie@node1m02.ecdf.ed.ac.uk,1,47
58171483,0.00254,of_26035_1,wdewulf,r,09/09/2026,19:52:03,eddie@node1k01.ecdf.ed.ac.uk,1,48
58171483,0.00254,of_26035_1,wdewulf,r,09/09/2026,19:52:03,eddie@node1m05.ecdf.ed.ac.uk,1,49
58171483,0.00254,of_26035_1,wdewulf,r,09/09/2026,19:52:03,eddie@node1j05.ecdf.ed.ac.uk,1,50
58171483,0.00254,of_26035_1,wdewulf,r,09/09/2026,19:52:03,eddie@node1j19.ecdf.ed.ac.uk,1,51
58171483,0.00254,of_26035_1,wdewulf,r,09/09/2026,19:52:03,eddie@node1j02.ecdf.ed.ac.uk,1,52
58171483,0.00254,of_26035_1,wdewulf,r,09/09/2026,19:52:03,eddie@node1j02.ecdf.ed.ac.uk,1,53
58171483,0.00254,of_26035_1,wdewulf,r,09/09/2026,19:52:03,eddie@node1k05.ecdf.ed.ac.uk,1,54
58171483,0.00254,of_26035_1,wdewulf,r,09/09/2026,19:52:03,eddie@node1j02.ecdf.ed.ac.uk,1,55
58171483,0.00253,of_26035_1,wdewulf,r,09/09/2026,19:51:48,eddie@node1l04.ecdf.ed.ac.uk,1,39
58171483,0.00253,of_26035_1,wdewulf,r,09/09/2026,19:51:48,eddie@node1l20.ecdf.ed.ac.uk,1,40
58171483,0.00253,of_26035_1,wdewulf,r,09/09/2026,19:51:48,eddie@node1k07.ecdf.ed.ac.uk,1,41
58171483,0.00253,of_26035_1,wdewulf,r,09/09/2026,19:51:48,eddie@node1j02.ecdf.ed.ac.uk,1,42
58171483,0.00253,of_26035_1,wdewulf,r,09/09/2026,19:51:48,eddie@node1m03.ecdf.ed.ac.uk,1,43
58171483,0.00253,of_26035_1,wdewulf,r,09/09/2026,19:51:48,eddie@node1n15.ecdf.ed.ac.uk,1,44
58171483,0.00253,of_26035_1,wdewulf,r,09/09/2026,19:51:33,eddie@node1j03.ecdf.ed.ac.uk,1,33
58171483,0.00253,of_26035_1,wdewulf,r,09/09/2026,19:51:33,eddie@node1l10.ecdf.ed.ac.uk,1,34
58171483,0.00253,of_26035_1,wdewulf,r,09/09/2026,19:51:33,eddie@node1j10.ecdf.ed.ac.uk,1,35
58171483,0.00253,of_26035_1,wdewulf,r,09/09/2026,19:51:33,eddie@node1k07.ecdf.ed.ac.uk,1,36
58171483,0.00253,of_26035_1,wdewulf,r,09/09/2026,19:51:33,eddie@node1j06.ecdf.ed.ac.uk,1,37
58171483,0.00253,of_26035_1,wdewulf,r,09/09/2026,19:51:33,eddie@node1i17.ecdf.ed.ac.uk,1,38
58171483,0.00253,of_26035_1,wdewulf,r,09/09/2026,19:51:03,eddie@node1l09.ecdf.ed.ac.uk,1,28
58171483,0.00253,of_26035_1,wdewulf,r,09/09/2026,19:51:03,eddie@node1l10.ecdf.ed.ac.uk,1,29
58171483,0.00253,of_26035_1,wdewulf,r,09/09/2026,19:51:03,eddie@node1m04.ecdf.ed.ac.uk,1,30
58171483,0.00253,of_26035_1,wdewulf,r,09/09/2026,19:51:03,eddie@node1k01.ecdf.ed.ac.uk,1,31
58171483,0.00253,of_26035_1,wdewulf,r,09/09/2026,19:51:03,eddie@node1k04.ecdf.ed.ac.uk,1,32
58171483,0.00253,of_26035_1,wdewulf,r,09/09/2026,19:50:48,eddie@node1j22.ecdf.ed.ac.uk,1,26
58171483,0.00253,of_26035_1,wdewulf,r,09/09/2026,19:50:48,eddie@node1k09.ecdf.ed.ac.uk,1,27
58171483,0.00253,of_26035_1,wdewulf,r,09/09/2026,19:50:33,eddie@node1j03.ecdf.ed.ac.uk,1,20
58171483,0.00253,of_26035_1,wdewulf,r,09/09/2026,19:50:33,eddie@node1j21.ecdf.ed.ac.uk,1,21
58171483,0.00253,of_26035_1,wdewulf,r,09/09/2026,19:50:33,eddie@node1m02.ecdf.ed.ac.uk,1,22
58171483,0.00253,of_26035_1,wdewulf,r,09/09/2026,19:50:33,eddie@node1m11.ecdf.ed.ac.uk,1,23
58171483,0.00253,of_26035_1,wdewulf,r,09/09/2026,19:50:33,eddie@node1m11.ecdf.ed.ac.uk,1,24
58171483,0.00253,of_26035_1,wdewulf,r,09/09/2026,19:50:33,eddie@node1k09.ecdf.ed.ac.uk,1,25
58171483,0.00253,of_26035_1,wdewulf,r,09/09/2026,19:50:18,eddie@node1f13.ecdf.ed.ac.uk,1,12
58171483,0.00253,of_26035_1,wdewulf,r,09/09/2026,19:50:18,eddie@node1k07.ecdf.ed.ac.uk,1,13
58171483,0.00253,of_26035_1,wdewulf,r,09/09/2026,19:50:18,eddie@node1m07.ecdf.ed.ac.uk,1,14
58171483,0.00253,of_26035_1,wdewulf,r,09/09/2026,19:50:18,eddie@node1m11.ecdf.ed.ac.uk,1,15
58171483,0.00253,of_26035_1,wdewulf,r,09/09/2026,19:50:18,eddie@node1j09.ecdf.ed.ac.uk,1,16
58171483,0.00253,of_26035_1,wdewulf,r,09/09/2026,19:50:18,eddie@node1k09.ecdf.ed.ac.uk,1,17
58171483,0.00253,of_26035_1,wdewulf,r,09/09/2026,19:50:18,eddie@node1n14.ecdf.ed.ac.uk,1,18
58171483,0.00253,of_26035_1,wdewulf,r,09/09/2026,19:50:03,eddie@node1j03.ecdf.ed.ac.uk,1,7
58171483,0.00253,of_26035_1,wdewulf,r,09/09/2026,19:50:03,eddie@node1l19.ecdf.ed.ac.uk,1,8
58171483,0.00253,of_26035_1,wdewulf,r,09/09/2026,19:50:03,eddie@node1m10.ecdf.ed.ac.uk,1,9
58171483,0.00253,of_26035_1,wdewulf,r,09/09/2026,19:50:03,eddie@node1k09.ecdf.ed.ac.uk,1,10
58171483,0.00253,of_26035_1,wdewulf,r,09/09/2026,19:50:03,eddie@node1q05.ecdf.ed.ac.uk,1,11
58171483,0.00253,of_26035_1,wdewulf,r,09/09/2026,19:49:48,eddie@node1j21.ecdf.ed.ac.uk,1,5
58171483,0.00253,of_26035_1,wdewulf,r,09/09/2026,19:49:48,eddie@node1m02.ecdf.ed.ac.uk,1,6
58171438,0.00253,of_25127_1,wdewulf,r,09/09/2026,19:49:18,eddie@node1i06.ecdf.ed.ac.uk,1,735
58171438,0.00253,of_25127_1,wdewulf,r,09/09/2026,19:49:18,eddie@node1l08.ecdf.ed.ac.uk,1,736
58171438,0.00253,of_25127_1,wdewulf,r,09/09/2026,19:49:18,eddie@node1l19.ecdf.ed.ac.uk,1,737
58171438,0.00253,of_25127_1,wdewulf,r,09/09/2026,19:49:18,eddie@node1k03.ecdf.ed.ac.uk,1,738
58171438,0.00253,of_25127_1,wdewulf,r,09/09/2026,19:49:18,eddie@node1j19.ecdf.ed.ac.uk,1,739
58171438,0.00253,of_25127_1,wdewulf,r,09/09/2026,19:49:18,eddie@node1k09.ecdf.ed.ac.uk,1,740
58171438,0.00253,of_25127_1,wdewulf,r,09/09/2026,19:49:18,eddie@node1k06.ecdf.ed.ac.uk,1,741
58171483,0.00253,of_26035_1,wdewulf,r,09/09/2026,19:49:33,eddie@node1l20.ecdf.ed.ac.uk,1,2
58171483,0.00253,of_26035_1,wdewulf,r,09/09/2026,19:49:33,eddie@node1j07.ecdf.ed.ac.uk,1,3
58171483,0.00253,of_26035_1,wdewulf,r,09/09/2026,19:49:33,eddie@node1j06.ecdf.ed.ac.uk,1,4
58171483,0.00253,of_26035_1,wdewulf,r,09/09/2026,19:49:18,eddie@node1i17.ecdf.ed.ac.uk,1,1
58171438,0.00253,of_25127_1,wdewulf,r,09/09/2026,19:49:03,eddie@node1k07.ecdf.ed.ac.uk,1,728
58171438,0.00253,of_25127_1,wdewulf,r,09/09/2026,19:49:03,eddie@node1l03.ecdf.ed.ac.uk,1,729
58171438,0.00253,of_25127_1,wdewulf,r,09/09/2026,19:49:03,eddie@node1m12.ecdf.ed.ac.uk,1,730
58171438,0.00253,of_25127_1,wdewulf,r,09/09/2026,19:49:03,eddie@node1m12.ecdf.ed.ac.uk,1,731
58171438,0.00253,of_25127_1,wdewulf,r,09/09/2026,19:49:03,eddie@node1k06.ecdf.ed.ac.uk,1,732
58171438,0.00253,of_25127_1,wdewulf,r,09/09/2026,19:49:03,eddie@node1i17.ecdf.ed.ac.uk,1,733
58171438,0.00253,of_25127_1,wdewulf,r,09/09/2026,19:49:03,eddie@node1n15.ecdf.ed.ac.uk,1,734
58171438,0.00253,of_25127_1,wdewulf,r,09/09/2026,19:48:48,eddie@node1l02.ecdf.ed.ac.uk,1,724
58171438,0.00253,of_25127_1,wdewulf,r,09/09/2026,19:48:48,eddie@node1k02.ecdf.ed.ac.uk,1,725
58171438,0.00253,of_25127_1,wdewulf,r,09/09/2026,19:48:48,eddie@node1j17.ecdf.ed.ac.uk,1,726
58171438,0.00253,of_25127_1,wdewulf,r,09/09/2026,19:48:48,eddie@node1n14.ecdf.ed.ac.uk,1,727
58171438,0.00253,of_25127_1,wdewulf,r,09/09/2026,19:48:34,eddie@node1i17.ecdf.ed.ac.uk,1,723
58171438,0.00253,of_25127_1,wdewulf,r,09/09/2026,19:48:30,eddie@node1m02.ecdf.ed.ac.uk,1,718
58171438,0.00253,of_25127_1,wdewulf,r,09/09/2026,19:48:30,eddie@node1m07.ecdf.ed.ac.uk,1,719
58171438,0.00253,of_25127_1,wdewulf,r,09/09/2026,19:48:30,eddie@node1j05.ecdf.ed.ac.uk,1,720
58171438,0.00253,of_25127_1,wdewulf,r,09/09/2026,19:48:30,eddie@node1j02.ecdf.ed.ac.uk,1,721
58171438,0.00253,of_25127_1,wdewulf,r,09/09/2026,19:48:30,eddie@node1j02.ecdf.ed.ac.uk,1,722
58171438,0.00253,of_25127_1,wdewulf,r,09/09/2026,19:48:15,eddie@node1i06.ecdf.ed.ac.uk,1,714
58171438,0.00253,of_25127_1,wdewulf,r,09/09/2026,19:48:15,eddie@node1m10.ecdf.ed.ac.uk,1,715
58171438,0.00253,of_25127_1,wdewulf,r,09/09/2026,19:48:15,eddie@node1j09.ecdf.ed.ac.uk,1,716
58171438,0.00253,of_25127_1,wdewulf,r,09/09/2026,19:48:15,eddie@node1j22.ecdf.ed.ac.uk,1,717
58171438,0.00253,of_25127_1,wdewulf,r,09/09/2026,19:47:57,eddie@node1l05.ecdf.ed.ac.uk,1,711
58171438,0.00253,of_25127_1,wdewulf,r,09/09/2026,19:47:57,eddie@node1q05.ecdf.ed.ac.uk,1,712
58171438,0.00253,of_25127_1,wdewulf,r,09/09/2026,19:48:01,eddie@node1n15.ecdf.ed.ac.uk,1,713
58171438,0.00253,of_25127_1,wdewulf,r,09/09/2026,19:47:42,eddie@node1j02.ecdf.ed.ac.uk,1,707
58171438,0.00253,of_25127_1,wdewulf,r,09/09/2026,19:47:42,eddie@node1j09.ecdf.ed.ac.uk,1,708
58171438,0.00253,of_25127_1,wdewulf,r,09/09/2026,19:47:42,eddie@node1j02.ecdf.ed.ac.uk,1,709
58171438,0.00253,of_25127_1,wdewulf,r,09/09/2026,19:47:42,eddie@node1n15.ecdf.ed.ac.uk,1,710
58231303,0.00253,HRprop,s2150450,r,09/09/2026,21:00:57,eddie@node1o10.ecdf.ed.ac.uk,20,16
58171438,0.00253,of_25127_1,wdewulf,r,09/09/2026,19:47:27,eddie@node1i02.ecdf.ed.ac.uk,1,704
58171438,0.00253,of_25127_1,wdewulf,r,09/09/2026,19:47:27,eddie@node1m10.ecdf.ed.ac.uk,1,705
58171438,0.00253,of_25127_1,wdewulf,r,09/09/2026,19:47:27,eddie@node1m11.ecdf.ed.ac.uk,1,706
58171438,0.00253,of_25127_1,wdewulf,r,09/09/2026,19:47:12,eddie@node1l10.ecdf.ed.ac.uk,1,701
58171438,0.00253,of_25127_1,wdewulf,r,09/09/2026,19:47:12,eddie@node1k01.ecdf.ed.ac.uk,1,702
58171438,0.00253,of_25127_1,wdewulf,r,09/09/2026,19:47:12,eddie@node1i17.ecdf.ed.ac.uk,1,703
58171438,0.00253,of_25127_1,wdewulf,r,09/09/2026,19:46:57,eddie@node1k03.ecdf.ed.ac.uk,1,693
58171438,0.00253,of_25127_1,wdewulf,r,09/09/2026,19:46:57,eddie@node1m02.ecdf.ed.ac.uk,1,694
58171438,0.00253,of_25127_1,wdewulf,r,09/09/2026,19:46:57,eddie@node1m12.ecdf.ed.ac.uk,1,695
58171438,0.00253,of_25127_1,wdewulf,r,09/09/2026,19:46:57,eddie@node1m01.ecdf.ed.ac.uk,1,696
58171438,0.00253,of_25127_1,wdewulf,r,09/09/2026,19:46:57,eddie@node1j02.ecdf.ed.ac.uk,1,697
58171438,0.00253,of_25127_1,wdewulf,r,09/09/2026,19:46:57,eddie@node1j17.ecdf.ed.ac.uk,1,698
58171438,0.00253,of_25127_1,wdewulf,r,09/09/2026,19:46:57,eddie@node1k05.ecdf.ed.ac.uk,1,699
58171438,0.00253,of_25127_1,wdewulf,r,09/09/2026,19:46:57,eddie@node1n14.ecdf.ed.ac.uk,1,700
58171438,0.00253,of_25127_1,wdewulf,r,09/09/2026,19:46:42,eddie@node1j08.ecdf.ed.ac.uk,1,690
58171438,0.00253,of_25127_1,wdewulf,r,09/09/2026,19:46:42,eddie@node1k06.ecdf.ed.ac.uk,1,691
58171438,0.00253,of_25127_1,wdewulf,r,09/09/2026,19:46:42,eddie@node1i17.ecdf.ed.ac.uk,1,692
58171438,0.00253,of_25127_1,wdewulf,r,09/09/2026,19:46:27,eddie@node1f09.ecdf.ed.ac.uk,1,683
58171438,0.00253,of_25127_1,wdewulf,r,09/09/2026,19:46:27,eddie@node1i03.ecdf.ed.ac.uk,1,684
58171438,0.00253,of_25127_1,wdewulf,r,09/09/2026,19:46:27,eddie@node1k02.ecdf.ed.ac.uk,1,685
58171438,0.00253,of_25127_1,wdewulf,r,09/09/2026,19:46:27,eddie@node1m02.ecdf.ed.ac.uk,1,686
58171438,0.00253,of_25127_1,wdewulf,r,09/09/2026,19:46:27,eddie@node1m01.ecdf.ed.ac.uk,1,687
58171438,0.00253,of_25127_1,wdewulf,r,09/09/2026,19:46:27,eddie@node1j09.ecdf.ed.ac.uk,1,688
58171438,0.00253,of_25127_1,wdewulf,r,09/09/2026,19:46:27,eddie@node1m03.ecdf.ed.ac.uk,1,689
58171438,0.00253,of_25127_1,wdewulf,r,09/09/2026,19:46:12,eddie@node1l02.ecdf.ed.ac.uk,1,678
58171438,0.00253,of_25127_1,wdewulf,r,09/09/2026,19:46:12,eddie@node1j07.ecdf.ed.ac.uk,1,679
58171438,0.00253,of_25127_1,wdewulf,r,09/09/2026,19:46:12,eddie@node1i17.ecdf.ed.ac.uk,1,680
58171438,0.00253,of_25127_1,wdewulf,r,09/09/2026,19:46:12,eddie@node1i17.ecdf.ed.ac.uk,1,681
58171438,0.00253,of_25127_1,wdewulf,r,09/09/2026,19:46:12,eddie@node1i17.ecdf.ed.ac.uk,1,682
58231303,0.00253,HRprop,s2150450,r,09/09/2026,21:03:57,eddie@node1h08.ecdf.ed.ac.uk,20,23
58171438,0.00253,of_25127_1,wdewulf,r,09/09/2026,19:45:57,eddie@node1l01.ecdf.ed.ac.uk,1,671
58171438,0.00253,of_25127_1,wdewulf,r,09/09/2026,19:45:57,eddie@node1j08.ecdf.ed.ac.uk,1,672
58171438,0.00253,of_25127_1,wdewulf,r,09/09/2026,19:45:57,eddie@node1j08.ecdf.ed.ac.uk,1,673
58171438,0.00253,of_25127_1,wdewulf,r,09/09/2026,19:45:57,eddie@node1j09.ecdf.ed.ac.uk,1,674
58171438,0.00253,of_25127_1,wdewulf,r,09/09/2026,19:45:57,eddie@node1k05.ecdf.ed.ac.uk,1,675
58171438,0.00253,of_25127_1,wdewulf,r,09/09/2026,19:45:57,eddie@node1n15.ecdf.ed.ac.uk,1,676
58171438,0.00253,of_25127_1,wdewulf,r,09/09/2026,19:45:57,eddie@node1n15.ecdf.ed.ac.uk,1,677
58171438,0.00253,of_25127_1,wdewulf,r,09/09/2026,19:45:42,eddie@node1i07.ecdf.ed.ac.uk,1,668
58171438,0.00253,of_25127_1,wdewulf,r,09/09/2026,19:45:42,eddie@node1k06.ecdf.ed.ac.uk,1,669
58171438,0.00253,of_25127_1,wdewulf,r,09/09/2026,19:45:42,eddie@node1m03.ecdf.ed.ac.uk,1,670
58171438,0.00253,of_25127_1,wdewulf,r,09/09/2026,19:45:27,eddie@node1f09.ecdf.ed.ac.uk,1,662
58171438,0.00253,of_25127_1,wdewulf,r,09/09/2026,19:45:27,eddie@node1f13.ecdf.ed.ac.uk,1,663
58171438,0.00253,of_25127_1,wdewulf,r,09/09/2026,19:45:27,eddie@node1i02.ecdf.ed.ac.uk,1,664
58171438,0.00253,of_25127_1,wdewulf,r,09/09/2026,19:45:27,eddie@node1j21.ecdf.ed.ac.uk,1,665
58171438,0.00253,of_25127_1,wdewulf,r,09/09/2026,19:45:27,eddie@node1j22.ecdf.ed.ac.uk,1,667
58171438,0.00252,of_25127_1,wdewulf,r,09/09/2026,19:44:57,eddie@node1l02.ecdf.ed.ac.uk,1,661
58197389,0.00252,ce2,gl03pi18,r,09/09/2026,19:29:14,eddie@node1l13.ecdf.ed.ac.uk,8
58171438,0.00252,of_25127_1,wdewulf,r,09/09/2026,19:44:27,eddie@node1i17.ecdf.ed.ac.uk,1,659
58171438,0.00252,of_25127_1,wdewulf,r,09/09/2026,19:44:27,eddie@node1q06.ecdf.ed.ac.uk,1,660
58171438,0.00252,of_25127_1,wdewulf,r,09/09/2026,19:44:12,eddie@node1i07.ecdf.ed.ac.uk,1,655
58171438,0.00252,of_25127_1,wdewulf,r,09/09/2026,19:44:12,eddie@node1m01.ecdf.ed.ac.uk,1,656
58171438,0.00252,of_25127_1,wdewulf,r,09/09/2026,19:44:12,eddie@node1i17.ecdf.ed.ac.uk,1,657
58171438,0.00252,of_25127_1,wdewulf,r,09/09/2026,19:44:12,eddie@node1q06.ecdf.ed.ac.uk,1,658
58171438,0.00252,of_25127_1,wdewulf,r,09/09/2026,19:43:57,eddie@node1l08.ecdf.ed.ac.uk,1,649
58171438,0.00252,of_25127_1,wdewulf,r,09/09/2026,19:43:57,eddie@node1m02.ecdf.ed.ac.uk,1,650
58171438,0.00252,of_25127_1,wdewulf,r,09/09/2026,19:43:57,eddie@node1k04.ecdf.ed.ac.uk,1,651
58171438,0.00252,of_25127_1,wdewulf,r,09/09/2026,19:43:57,eddie@node1j05.ecdf.ed.ac.uk,1,652
58171438,0.00252,of_25127_1,wdewulf,r,09/09/2026,19:43:57,eddie@node1n15.ecdf.ed.ac.uk,1,653
58171438,0.00252,of_25127_1,wdewulf,r,09/09/2026,19:43:57,eddie@node1q05.ecdf.ed.ac.uk,1,654
58171438,0.00252,of_25127_1,wdewulf,r,09/09/2026,19:43:27,eddie@node1i03.ecdf.ed.ac.uk,1,645
58171438,0.00252,of_25127_1,wdewulf,r,09/09/2026,19:43:27,eddie@node1i07.ecdf.ed.ac.uk,1,646
58194838,0.00252,ce2,gl03pi18,r,09/09/2026,13:50:45,eddie@node1l13.ecdf.ed.ac.uk,8
58171438,0.00252,of_25127_1,wdewulf,r,09/09/2026,19:42:57,eddie@node1l09.ecdf.ed.ac.uk,1,642
58171438,0.00252,of_25127_1,wdewulf,r,09/09/2026,19:42:57,eddie@node1m12.ecdf.ed.ac.uk,1,643
58171438,0.00252,of_25127_1,wdewulf,r,09/09/2026,19:42:42,eddie@node1l05.ecdf.ed.ac.uk,1,638
58171438,0.00252,of_25127_1,wdewulf,r,09/09/2026,19:42:42,eddie@node1n14.ecdf.ed.ac.uk,1,639
58171438,0.00252,of_25127_1,wdewulf,r,09/09/2026,19:42:42,eddie@node1q05.ecdf.ed.ac.uk,1,640
58171438,0.00252,of_25127_1,wdewulf,r,09/09/2026,19:42:42,eddie@node1q05.ecdf.ed.ac.uk,1,641
58171438,0.00252,of_25127_1,wdewulf,r,09/09/2026,19:42:27,eddie@node1m07.ecdf.ed.ac.uk,1,634
58171438,0.00252,of_25127_1,wdewulf,r,09/09/2026,19:42:27,eddie@node1i17.ecdf.ed.ac.uk,1,635
58171438,0.00252,of_25127_1,wdewulf,r,09/09/2026,19:42:27,eddie@node1q05.ecdf.ed.ac.uk,1,636
58171438,0.00252,of_25127_1,wdewulf,r,09/09/2026,19:42:27,eddie@node1q05.ecdf.ed.ac.uk,1,637
58171438,0.00252,of_25127_1,wdewulf,r,09/09/2026,19:42:12,eddie@node1i02.ecdf.ed.ac.uk,1,632
58171438,0.00252,of_25127_1,wdewulf,r,09/09/2026,19:42:12,eddie@node1m01.ecdf.ed.ac.uk,1,633
58231244,0.00252,HRprop,s2150450,r,09/09/2026,20:17:31,eddie@node1o13.ecdf.ed.ac.uk,20,86
58194216,0.00252,ce2,gl03pi18,r,09/09/2026,13:17:06,eddie@node1l11.ecdf.ed.ac.uk,8
58171438,0.00252,of_25127_1,wdewulf,r,09/09/2026,19:41:27,eddie@node1l10.ecdf.ed.ac.uk,1,624
58171438,0.00252,of_25127_1,wdewulf,r,09/09/2026,19:41:27,eddie@node1k04.ecdf.ed.ac.uk,1,625
58171438,0.00252,of_25127_1,wdewulf,r,09/09/2026,19:41:27,eddie@node1q06.ecdf.ed.ac.uk,1,626
58171438,0.00252,of_25127_1,wdewulf,r,09/09/2026,19:41:57,eddie@node1j11.ecdf.ed.ac.uk,1,627
58171438,0.00252,of_25127_1,wdewulf,r,09/09/2026,19:41:57,eddie@node1k07.ecdf.ed.ac.uk,1,628
58171438,0.00252,of_25127_1,wdewulf,r,09/09/2026,19:41:57,eddie@node1l03.ecdf.ed.ac.uk,1,629
58171438,0.00252,of_25127_1,wdewulf,r,09/09/2026,19:41:57,eddie@node1i17.ecdf.ed.ac.uk,1,630
58171438,0.00252,of_25127_1,wdewulf,r,09/09/2026,19:41:57,eddie@node1q05.ecdf.ed.ac.uk,1,631
58231303,0.00252,HRprop,s2150450,r,09/09/2026,20:52:19,eddie@node1l21.ecdf.ed.ac.uk,20,9
58171438,0.00252,of_25127_1,wdewulf,r,09/09/2026,19:41:12,eddie@node1m04.ecdf.ed.ac.uk,1,622
58171438,0.00252,of_25127_1,wdewulf,r,09/09/2026,19:41:12,eddie@node1q05.ecdf.ed.ac.uk,1,623
58171438,0.00252,of_25127_1,wdewulf,r,09/09/2026,19:40:57,eddie@node1f13.ecdf.ed.ac.uk,1,621
58171438,0.00252,of_25127_1,wdewulf,r,09/09/2026,19:40:12,eddie@node1j07.ecdf.ed.ac.uk,1,619
58171438,0.00252,of_25127_1,wdewulf,r,09/09/2026,19:40:11,eddie@node1i07.ecdf.ed.ac.uk,1,618
58171438,0.00252,of_25127_1,wdewulf,r,09/09/2026,19:39:56,eddie@node1j04.ecdf.ed.ac.uk,1,616
58171438,0.00252,of_25127_1,wdewulf,r,09/09/2026,19:39:56,eddie@node1q06.ecdf.ed.ac.uk,1,617
58171438,0.00252,of_25127_1,wdewulf,r,09/09/2026,19:39:41,eddie@node1l07.ecdf.ed.ac.uk,1,612
58171438,0.00252,of_25127_1,wdewulf,r,09/09/2026,19:39:41,eddie@node1m05.ecdf.ed.ac.uk,1,613
58171438,0.00252,of_25127_1,wdewulf,r,09/09/2026,19:39:41,eddie@node1m05.ecdf.ed.ac.uk,1,614
58171438,0.00252,of_25127_1,wdewulf,r,09/09/2026,19:39:41,eddie@node1k06.ecdf.ed.ac.uk,1,615
58171438,0.00251,of_25127_1,wdewulf,r,09/09/2026,19:39:11,eddie@node1q05.ecdf.ed.ac.uk,1,611
58231303,0.00251,HRprop,s2150450,r,09/09/2026,20:41:19,eddie@node1r08.ecdf.ed.ac.uk,20,3
58171438,0.00251,of_25127_1,wdewulf,r,09/09/2026,19:38:56,eddie@node1j06.ecdf.ed.ac.uk,1,610
58171438,0.00251,of_25127_1,wdewulf,r,09/09/2026,19:38:32,eddie@node1l04.ecdf.ed.ac.uk,1,605
58171438,0.00251,of_25127_1,wdewulf,r,09/09/2026,19:38:32,eddie@node1j04.ecdf.ed.ac.uk,1,606
58171438,0.00251,of_25127_1,wdewulf,r,09/09/2026,19:38:32,eddie@node1n14.ecdf.ed.ac.uk,1,607
58171438,0.00251,of_25127_1,wdewulf,r,09/09/2026,19:38:17,eddie@node1i02.ecdf.ed.ac.uk,1,599
58171438,0.00251,of_25127_1,wdewulf,r,09/09/2026,19:38:17,eddie@node1q06.ecdf.ed.ac.uk,1,601
58171438,0.00251,of_25127_1,wdewulf,r,09/09/2026,19:38:02,eddie@node1q06.ecdf.ed.ac.uk,1,595
58171438,0.00251,of_25127_1,wdewulf,r,09/09/2026,19:38:02,eddie@node1q06.ecdf.ed.ac.uk,1,596
58171438,0.00251,of_25127_1,wdewulf,r,09/09/2026,19:37:47,eddie@node1l04.ecdf.ed.ac.uk,1,589
58171438,0.00251,of_25127_1,wdewulf,r,09/09/2026,19:37:47,eddie@node1j11.ecdf.ed.ac.uk,1,590
58171438,0.00251,of_25127_1,wdewulf,r,09/09/2026,19:37:17,eddie@node1m12.ecdf.ed.ac.uk,1,584
58171438,0.00251,of_25127_1,wdewulf,r,09/09/2026,19:37:02,eddie@node1l04.ecdf.ed.ac.uk,1,583
58194254,0.00251,ce2,gl03pi18,r,09/09/2026,13:22:19,eddie@node1l18.ecdf.ed.ac.uk,8
58171438,0.00251,of_25127_1,wdewulf,r,09/09/2026,19:36:47,eddie@node1n14.ecdf.ed.ac.uk,1,581
58194807,0.00251,ce2,gl03pi18,r,09/09/2026,13:30:30,eddie@node1l16.ecdf.ed.ac.uk,8
58171438,0.00251,of_25127_1,wdewulf,r,09/09/2026,19:36:32,eddie@node1l02.ecdf.ed.ac.uk,1,579
58171438,0.00251,of_25127_1,wdewulf,r,09/09/2026,19:36:32,eddie@node1q05.ecdf.ed.ac.uk,1,580
58171438,0.00251,of_25127_1,wdewulf,r,09/09/2026,19:36:17,eddie@node1l19.ecdf.ed.ac.uk,1,574
58171438,0.00251,of_25127_1,wdewulf,r,09/09/2026,19:36:17,eddie@node1n13.ecdf.ed.ac.uk,1,575
58171438,0.00251,of_25127_1,wdewulf,r,09/09/2026,19:36:02,eddie@node1l08.ecdf.ed.ac.uk,1,570
58171438,0.00251,of_25127_1,wdewulf,r,09/09/2026,19:36:02,eddie@node1m04.ecdf.ed.ac.uk,1,571
58171438,0.00251,of_25127_1,wdewulf,r,09/09/2026,19:35:47,eddie@node1l07.ecdf.ed.ac.uk,1,561
58171438,0.00251,of_25127_1,wdewulf,r,09/09/2026,19:35:47,eddie@node1n14.ecdf.ed.ac.uk,1,562
58171438,0.00251,of_25127_1,wdewulf,r,09/09/2026,19:35:47,eddie@node1q06.ecdf.ed.ac.uk,1,563
58171438,0.00251,of_25127_1,wdewulf,r,09/09/2026,19:35:47,eddie@node1n14.ecdf.ed.ac.uk,1,564
58171438,0.00251,of_25127_1,wdewulf,r,09/09/2026,19:35:17,eddie@node1j18.ecdf.ed.ac.uk,1,558
58171438,0.00251,of_25127_1,wdewulf,r,09/09/2026,19:35:17,eddie@node1j04.ecdf.ed.ac.uk,1,559
58171438,0.00251,of_25127_1,wdewulf,r,09/09/2026,19:35:02,eddie@node1m03.ecdf.ed.ac.uk,1,551
58171438,0.00251,of_25127_1,wdewulf,r,09/09/2026,19:34:47,eddie@node1l05.ecdf.ed.ac.uk,1,547
58171438,0.00251,of_25127_1,wdewulf,r,09/09/2026,19:34:47,eddie@node1j17.ecdf.ed.ac.uk,1,548
58171438,0.00251,of_25127_1,wdewulf,r,09/09/2026,19:34:32,eddie@node1l19.ecdf.ed.ac.uk,1,545
58171438,0.00251,of_25127_1,wdewulf,r,09/09/2026,19:34:32,eddie@node1n14.ecdf.ed.ac.uk,1,546
58171438,0.00251,of_25127_1,wdewulf,r,09/09/2026,19:34:17,eddie@node1n13.ecdf.ed.ac.uk,1,541
58231244,0.00251,HRprop,s2150450,r,09/09/2026,20:26:31,eddie@node1h21.ecdf.ed.ac.uk,20,97
58171438,0.00251,of_25127_1,wdewulf,r,09/09/2026,19:34:02,eddie@node1l10.ecdf.ed.ac.uk,1,531
58171438,0.00251,of_25127_1,wdewulf,r,09/09/2026,19:34:02,eddie@node1j10.ecdf.ed.ac.uk,1,532
58171438,0.00251,of_25127_1,wdewulf,r,09/09/2026,19:34:02,eddie@node1m06.ecdf.ed.ac.uk,1,533
58171438,0.00251,of_25127_1,wdewulf,r,09/09/2026,19:34:02,eddie@node1k06.ecdf.ed.ac.uk,1,534
58171438,0.00251,of_25127_1,wdewulf,r,09/09/2026,19:34:02,eddie@node1q05.ecdf.ed.ac.uk,1,535
58171438,0.00251,of_25127_1,wdewulf,r,09/09/2026,19:34:02,eddie@node1n14.ecdf.ed.ac.uk,1,536
58171438,0.00251,of_25127_1,wdewulf,r,09/09/2026,19:34:02,eddie@node1q06.ecdf.ed.ac.uk,1,537
58171438,0.00251,of_25127_1,wdewulf,r,09/09/2026,19:33:47,eddie@node1k08.ecdf.ed.ac.uk,1,530
58171438,0.00250,of_25127_1,wdewulf,r,09/09/2026,19:33:32,eddie@node1j01.ecdf.ed.ac.uk,1,523
58171438,0.00250,of_25127_1,wdewulf,r,09/09/2026,19:33:32,eddie@node1l06.ecdf.ed.ac.uk,1,524
58171438,0.00250,of_25127_1,wdewulf,r,09/09/2026,19:33:32,eddie@node1l03.ecdf.ed.ac.uk,1,525
58171438,0.00250,of_25127_1,wdewulf,r,09/09/2026,19:33:32,eddie@node1n13.ecdf.ed.ac.uk,1,526
58171438,0.00250,of_25127_1,wdewulf,r,09/09/2026,19:33:17,eddie@node1n14.ecdf.ed.ac.uk,1,521
58171438,0.00250,of_25127_1,wdewulf,r,09/09/2026,19:33:02,eddie@node1l04.ecdf.ed.ac.uk,1,512
58171438,0.00250,of_25127_1,wdewulf,r,09/09/2026,19:33:02,eddie@node1m07.ecdf.ed.ac.uk,1,513
58171438,0.00250,of_25127_1,wdewulf,r,09/09/2026,19:33:02,eddie@node1j06.ecdf.ed.ac.uk,1,514
58171438,0.00250,of_25127_1,wdewulf,r,09/09/2026,19:33:02,eddie@node1j17.ecdf.ed.ac.uk,1,515
58171438,0.00250,of_25127_1,wdewulf,r,09/09/2026,19:33:02,eddie@node1q05.ecdf.ed.ac.uk,1,516
58171438,0.00250,of_25127_1,wdewulf,r,09/09/2026,19:32:47,eddie@node1l04.ecdf.ed.ac.uk,1,504
58171438,0.00250,of_25127_1,wdewulf,r,09/09/2026,19:32:47,eddie@node1j04.ecdf.ed.ac.uk,1,505
58171438,0.00250,of_25127_1,wdewulf,r,09/09/2026,19:32:47,eddie@node1j04.ecdf.ed.ac.uk,1,506
58171438,0.00250,of_25127_1,wdewulf,r,09/09/2026,19:32:47,eddie@node1k09.ecdf.ed.ac.uk,1,507
58171438,0.00250,of_25127_1,wdewulf,r,09/09/2026,19:32:47,eddie@node1m03.ecdf.ed.ac.uk,1,508
58171438,0.00250,of_25127_1,wdewulf,r,09/09/2026,19:32:47,eddie@node1n13.ecdf.ed.ac.uk,1,509
58171438,0.00250,of_25127_1,wdewulf,r,09/09/2026,19:32:47,eddie@node1q06.ecdf.ed.ac.uk,1,510
58171438,0.00250,of_25127_1,wdewulf,r,09/09/2026,19:32:32,eddie@node1l01.ecdf.ed.ac.uk,1,497
58171438,0.00250,of_25127_1,wdewulf,r,09/09/2026,19:32:32,eddie@node1l09.ecdf.ed.ac.uk,1,498
58171438,0.00250,of_25127_1,wdewulf,r,09/09/2026,19:32:32,eddie@node1k06.ecdf.ed.ac.uk,1,499
58171438,0.00250,of_25127_1,wdewulf,r,09/09/2026,19:32:32,eddie@node1n14.ecdf.ed.ac.uk,1,500
58171438,0.00250,of_25127_1,wdewulf,r,09/09/2026,19:32:17,eddie@node1l02.ecdf.ed.ac.uk,1,492
58171438,0.00250,of_25127_1,wdewulf,r,09/09/2026,19:32:17,eddie@node1l19.ecdf.ed.ac.uk,1,493
58171438,0.00250,of_25127_1,wdewulf,r,09/09/2026,19:32:17,eddie@node1q05.ecdf.ed.ac.uk,1,494
58171438,0.00250,of_25127_1,wdewulf,r,09/09/2026,19:32:17,eddie@node1n14.ecdf.ed.ac.uk,1,495
58171438,0.00250,of_25127_1,wdewulf,r,09/09/2026,19:32:02,eddie@node1l08.ecdf.ed.ac.uk,1,486
58171438,0.00250,of_25127_1,wdewulf,r,09/09/2026,19:32:02,eddie@node1n14.ecdf.ed.ac.uk,1,487
58171438,0.00250,of_25127_1,wdewulf,r,09/09/2026,19:31:47,eddie@node1l10.ecdf.ed.ac.uk,1,479
58171438,0.00250,of_25127_1,wdewulf,r,09/09/2026,19:31:47,eddie@node1l06.ecdf.ed.ac.uk,1,480
58171438,0.00250,of_25127_1,wdewulf,r,09/09/2026,19:31:47,eddie@node1n13.ecdf.ed.ac.uk,1,481
58171438,0.00250,of_25127_1,wdewulf,r,09/09/2026,19:31:47,eddie@node1q06.ecdf.ed.ac.uk,1,482
58171438,0.00250,of_25127_1,wdewulf,r,09/09/2026,19:31:32,eddie@node1l09.ecdf.ed.ac.uk,1,471
58171438,0.00250,of_25127_1,wdewulf,r,09/09/2026,19:31:32,eddie@node1j17.ecdf.ed.ac.uk,1,472
58171438,0.00250,of_25127_1,wdewulf,r,09/09/2026,19:31:32,eddie@node1q05.ecdf.ed.ac.uk,1,473
58231244,0.00250,HRprop,s2150450,r,09/09/2026,19:21:45,eddie@node1j27.ecdf.ed.ac.uk,20,49
58171438,0.00250,of_25127_1,wdewulf,r,09/09/2026,19:31:17,eddie@node1l01.ecdf.ed.ac.uk,1,465
58171438,0.00250,of_25127_1,wdewulf,r,09/09/2026,19:31:02,eddie@node1j04.ecdf.ed.ac.uk,1,463
58171438,0.00250,of_25127_1,wdewulf,r,09/09/2026,19:30:47,eddie@node1j01.ecdf.ed.ac.uk,1,457
58171438,0.00250,of_25127_1,wdewulf,r,09/09/2026,19:30:47,eddie@node1m07.ecdf.ed.ac.uk,1,458
58171438,0.00250,of_25127_1,wdewulf,r,09/09/2026,19:30:47,eddie@node1m07.ecdf.ed.ac.uk,1,459
58171438,0.00250,of_25127_1,wdewulf,r,09/09/2026,19:30:47,eddie@node1m07.ecdf.ed.ac.uk,1,460
58171438,0.00250,of_25127_1,wdewulf,r,09/09/2026,19:30:47,eddie@node1q05.ecdf.ed.ac.uk,1,461
58171438,0.00250,of_25127_1,wdewulf,r,09/09/2026,19:30:32,eddie@node1j03.ecdf.ed.ac.uk,1,450
58171438,0.00250,of_25127_1,wdewulf,r,09/09/2026,19:30:32,eddie@node1j18.ecdf.ed.ac.uk,1,451
58171438,0.00250,of_25127_1,wdewulf,r,09/09/2026,19:30:32,eddie@node1n14.ecdf.ed.ac.uk,1,452
58171438,0.00250,of_25127_1,wdewulf,r,09/09/2026,19:30:32,eddie@node1q05.ecdf.ed.ac.uk,1,453
58171438,0.00250,of_25127_1,wdewulf,r,09/09/2026,19:30:17,eddie@node1l06.ecdf.ed.ac.uk,1,442
58171438,0.00250,of_25127_1,wdewulf,r,09/09/2026,19:30:17,eddie@node1k01.ecdf.ed.ac.uk,1,443
58171438,0.00250,of_25127_1,wdewulf,r,09/09/2026,19:30:17,eddie@node1q06.ecdf.ed.ac.uk,1,444
58171438,0.00250,of_25127_1,wdewulf,r,09/09/2026,19:30:17,eddie@node1q06.ecdf.ed.ac.uk,1,445
58197402,0.00250,ce1,gl03pi9,r,09/09/2026,19:41:12,eddie@node1l11.ecdf.ed.ac.uk,8
58171438,0.00250,of_25127_1,wdewulf,r,09/09/2026,19:30:02,eddie@node1l08.ecdf.ed.ac.uk,1,435
58171438,0.00250,of_25127_1,wdewulf,r,09/09/2026,19:30:02,eddie@node1k05.ecdf.ed.ac.uk,1,436
58171438,0.00250,of_25127_1,wdewulf,r,09/09/2026,19:30:02,eddie@node1q06.ecdf.ed.ac.uk,1,437
58171438,0.00250,of_25127_1,wdewulf,r,09/09/2026,19:29:47,eddie@node1j03.ecdf.ed.ac.uk,1,425
58171438,0.00250,of_25127_1,wdewulf,r,09/09/2026,19:29:47,eddie@node1l03.ecdf.ed.ac.uk,1,426
58171438,0.00250,of_25127_1,wdewulf,r,09/09/2026,19:29:47,eddie@node1m05.ecdf.ed.ac.uk,1,427
58171438,0.00250,of_25127_1,wdewulf,r,09/09/2026,19:29:47,eddie@node1m05.ecdf.ed.ac.uk,1,428
58171438,0.00250,of_25127_1,wdewulf,r,09/09/2026,19:29:47,eddie@node1q05.ecdf.ed.ac.uk,1,429
58171438,0.00250,of_25127_1,wdewulf,r,09/09/2026,19:29:32,eddie@node1m06.ecdf.ed.ac.uk,1,419
58171438,0.00250,of_25127_1,wdewulf,r,09/09/2026,19:29:32,eddie@node1m06.ecdf.ed.ac.uk,1,420
58171438,0.00250,of_25127_1,wdewulf,r,09/09/2026,19:29:32,eddie@node1l20.ecdf.ed.ac.uk,1,421
58171438,0.00250,of_25127_1,wdewulf,r,09/09/2026,19:29:32,eddie@node1q06.ecdf.ed.ac.uk,1,422
58171438,0.00250,of_25127_1,wdewulf,r,09/09/2026,19:29:17,eddie@node1l02.ecdf.ed.ac.uk,1,417
58171438,0.00250,of_25127_1,wdewulf,r,09/09/2026,19:29:17,eddie@node1q06.ecdf.ed.ac.uk,1,418
58171438,0.00250,of_25127_1,wdewulf,r,09/09/2026,19:29:14,eddie@node1l09.ecdf.ed.ac.uk,1,410
58171438,0.00250,of_25127_1,wdewulf,r,09/09/2026,19:29:14,eddie@node1j06.ecdf.ed.ac.uk,1,411
58171438,0.00250,of_25127_1,wdewulf,r,09/09/2026,19:29:14,eddie@node1j22.ecdf.ed.ac.uk,1,412
58171438,0.00250,of_25127_1,wdewulf,r,09/09/2026,19:28:59,eddie@node1l04.ecdf.ed.ac.uk,1,405
58171438,0.00250,of_25127_1,wdewulf,r,09/09/2026,19:28:59,eddie@node1j18.ecdf.ed.ac.uk,1,406
58171438,0.00250,of_25127_1,wdewulf,r,09/09/2026,19:28:59,eddie@node1j19.ecdf.ed.ac.uk,1,407
58171438,0.00250,of_25127_1,wdewulf,r,09/09/2026,19:28:59,eddie@node1q05.ecdf.ed.ac.uk,1,408
58171438,0.00250,of_25127_1,wdewulf,r,09/09/2026,19:28:59,eddie@node1q05.ecdf.ed.ac.uk,1,409
58171438,0.00250,of_25127_1,wdewulf,r,09/09/2026,19:28:44,eddie@node1l09.ecdf.ed.ac.uk,1,396
58171438,0.00250,of_25127_1,wdewulf,r,09/09/2026,19:28:44,eddie@node1l04.ecdf.ed.ac.uk,1,397
58171438,0.00250,of_25127_1,wdewulf,r,09/09/2026,19:28:44,eddie@node1l06.ecdf.ed.ac.uk,1,398
58171438,0.00250,of_25127_1,wdewulf,r,09/09/2026,19:28:44,eddie@node1q06.ecdf.ed.ac.uk,1,399
58171438,0.00250,of_25127_1,wdewulf,r,09/09/2026,19:28:44,eddie@node1q06.ecdf.ed.ac.uk,1,400
58171438,0.00250,of_25127_1,wdewulf,r,09/09/2026,19:28:29,eddie@node1m06.ecdf.ed.ac.uk,1,391
58171438,0.00250,of_25127_1,wdewulf,r,09/09/2026,19:28:29,eddie@node1j18.ecdf.ed.ac.uk,1,392
58171438,0.00250,of_25127_1,wdewulf,r,09/09/2026,19:28:29,eddie@node1q06.ecdf.ed.ac.uk,1,393
58171438,0.00250,of_25127_1,wdewulf,r,09/09/2026,19:28:14,eddie@node1j10.ecdf.ed.ac.uk,1,383
58171438,0.00250,of_25127_1,wdewulf,r,09/09/2026,19:28:14,eddie@node1n13.ecdf.ed.ac.uk,1,384
58171438,0.00250,of_25127_1,wdewulf,r,09/09/2026,19:28:14,eddie@node1q05.ecdf.ed.ac.uk,1,385
58171438,0.00250,of_25127_1,wdewulf,r,09/09/2026,19:28:14,eddie@node1q06.ecdf.ed.ac.uk,1,386
58171438,0.00250,of_25127_1,wdewulf,r,09/09/2026,19:27:59,eddie@node1l02.ecdf.ed.ac.uk,1,378
58171438,0.00250,of_25127_1,wdewulf,r,09/09/2026,19:27:59,eddie@node1l20.ecdf.ed.ac.uk,1,379
58171438,0.00250,of_25127_1,wdewulf,r,09/09/2026,19:27:59,eddie@node1m07.ecdf.ed.ac.uk,1,380
58171438,0.00250,of_25127_1,wdewulf,r,09/09/2026,19:27:44,eddie@node1j18.ecdf.ed.ac.uk,1,374
58171438,0.00250,of_25127_1,wdewulf,r,09/09/2026,19:27:44,eddie@node1n14.ecdf.ed.ac.uk,1,375
58171438,0.00250,of_25127_1,wdewulf,r,09/09/2026,19:27:29,eddie@node1l01.ecdf.ed.ac.uk,1,371
58171438,0.00250,of_25127_1,wdewulf,r,09/09/2026,19:27:29,eddie@node1m07.ecdf.ed.ac.uk,1,372
58171438,0.00249,of_25127_1,wdewulf,r,09/09/2026,19:27:14,eddie@node1k02.ecdf.ed.ac.uk,1,368
58171438,0.00249,of_25127_1,wdewulf,r,09/09/2026,19:27:14,eddie@node1n14.ecdf.ed.ac.uk,1,369
58171438,0.00249,of_25127_1,wdewulf,r,09/09/2026,19:26:59,eddie@node1q06.ecdf.ed.ac.uk,1,363
58171438,0.00249,of_25127_1,wdewulf,r,09/09/2026,19:26:44,eddie@node1j03.ecdf.ed.ac.uk,1,354
58171438,0.00249,of_25127_1,wdewulf,r,09/09/2026,19:26:44,eddie@node1j10.ecdf.ed.ac.uk,1,355
58171438,0.00249,of_25127_1,wdewulf,r,09/09/2026,19:26:44,eddie@node1l05.ecdf.ed.ac.uk,1,356
58171438,0.00249,of_25127_1,wdewulf,r,09/09/2026,19:26:44,eddie@node1l07.ecdf.ed.ac.uk,1,357
58171438,0.00249,of_25127_1,wdewulf,r,09/09/2026,19:26:44,eddie@node1j09.ecdf.ed.ac.uk,1,358
58171438,0.00249,of_25127_1,wdewulf,r,09/09/2026,19:26:44,eddie@node1q05.ecdf.ed.ac.uk,1,359
58171438,0.00249,of_25127_1,wdewulf,r,09/09/2026,19:26:44,eddie@node1q05.ecdf.ed.ac.uk,1,360
58171438,0.00249,of_25127_1,wdewulf,r,09/09/2026,19:26:29,eddie@node1l01.ecdf.ed.ac.uk,1,345
58171438,0.00249,of_25127_1,wdewulf,r,09/09/2026,19:26:29,eddie@node1k08.ecdf.ed.ac.uk,1,346
58171438,0.00249,of_25127_1,wdewulf,r,09/09/2026,19:26:29,eddie@node1m05.ecdf.ed.ac.uk,1,347
58171438,0.00249,of_25127_1,wdewulf,r,09/09/2026,19:26:29,eddie@node1q06.ecdf.ed.ac.uk,1,348
58171438,0.00249,of_25127_1,wdewulf,r,09/09/2026,19:26:14,eddie@node1l01.ecdf.ed.ac.uk,1,339
58171438,0.00249,of_25127_1,wdewulf,r,09/09/2026,19:26:14,eddie@node1j18.ecdf.ed.ac.uk,1,340
58171438,0.00249,of_25127_1,wdewulf,r,09/09/2026,19:26:14,eddie@node1j08.ecdf.ed.ac.uk,1,341
58171438,0.00249,of_25127_1,wdewulf,r,09/09/2026,19:25:59,eddie@node1l01.ecdf.ed.ac.uk,1,332
58171438,0.00249,of_25127_1,wdewulf,r,09/09/2026,19:25:45,eddie@node1l02.ecdf.ed.ac.uk,1,329
58171438,0.00249,of_25127_1,wdewulf,r,09/09/2026,19:25:45,eddie@node1l04.ecdf.ed.ac.uk,1,330
58171438,0.00249,of_25127_1,wdewulf,r,09/09/2026,19:25:45,eddie@node1n13.ecdf.ed.ac.uk,1,331
58171438,0.00249,of_25127_1,wdewulf,r,09/09/2026,19:25:30,eddie@node1l05.ecdf.ed.ac.uk,1,324
58171438,0.00249,of_25127_1,wdewulf,r,09/09/2026,19:25:30,eddie@node1m05.ecdf.ed.ac.uk,1,325
58171438,0.00249,of_25127_1,wdewulf,r,09/09/2026,19:25:15,eddie@node1n14.ecdf.ed.ac.uk,1,320
58171438,0.00249,of_25127_1,wdewulf,r,09/09/2026,19:25:15,eddie@node1n14.ecdf.ed.ac.uk,1,321
58171438,0.00249,of_25127_1,wdewulf,r,09/09/2026,19:25:00,eddie@node1j10.ecdf.ed.ac.uk,1,313
58171438,0.00249,of_25127_1,wdewulf,r,09/09/2026,19:25:00,eddie@node1m11.ecdf.ed.ac.uk,1,314
58171438,0.00249,of_25127_1,wdewulf,r,09/09/2026,19:25:00,eddie@node1m05.ecdf.ed.ac.uk,1,315
58171438,0.00249,of_25127_1,wdewulf,r,09/09/2026,19:25:00,eddie@node1j22.ecdf.ed.ac.uk,1,316
58171438,0.00249,of_25127_1,wdewulf,r,09/09/2026,19:25:00,eddie@node1q05.ecdf.ed.ac.uk,1,317
58171438,0.00249,of_25127_1,wdewulf,r,09/09/2026,19:24:45,eddie@node1l09.ecdf.ed.ac.uk,1,304
58171438,0.00249,of_25127_1,wdewulf,r,09/09/2026,19:24:45,eddie@node1j18.ecdf.ed.ac.uk,1,305
58171438,0.00249,of_25127_1,wdewulf,r,09/09/2026,19:24:45,eddie@node1j21.ecdf.ed.ac.uk,1,306
58171438,0.00249,of_25127_1,wdewulf,r,09/09/2026,19:24:45,eddie@node1j04.ecdf.ed.ac.uk,1,307
58171438,0.00249,of_25127_1,wdewulf,r,09/09/2026,19:24:45,eddie@node1j04.ecdf.ed.ac.uk,1,308
58171438,0.00249,of_25127_1,wdewulf,r,09/09/2026,19:24:45,eddie@node1q05.ecdf.ed.ac.uk,1,309
58171438,0.00249,of_25127_1,wdewulf,r,09/09/2026,19:24:45,eddie@node1q05.ecdf.ed.ac.uk,1,310
58171438,0.00249,of_25127_1,wdewulf,r,09/09/2026,19:24:45,eddie@node1n14.ecdf.ed.ac.uk,1,311
58171438,0.00249,of_25127_1,wdewulf,r,09/09/2026,19:24:30,eddie@node1j17.ecdf.ed.ac.uk,1,298
58171438,0.00249,of_25127_1,wdewulf,r,09/09/2026,19:24:30,eddie@node1j19.ecdf.ed.ac.uk,1,299
58171438,0.00249,of_25127_1,wdewulf,r,09/09/2026,19:24:30,eddie@node1q06.ecdf.ed.ac.uk,1,300
58171438,0.00249,of_25127_1,wdewulf,r,09/09/2026,19:24:30,eddie@node1n14.ecdf.ed.ac.uk,1,301
58171438,0.00249,of_25127_1,wdewulf,r,09/09/2026,19:24:30,eddie@node1n14.ecdf.ed.ac.uk,1,302
58171438,0.00249,of_25127_1,wdewulf,r,09/09/2026,19:24:15,eddie@node1l04.ecdf.ed.ac.uk,1,293
58171438,0.00249,of_25127_1,wdewulf,r,09/09/2026,19:24:15,eddie@node1j11.ecdf.ed.ac.uk,1,294
58171438,0.00249,of_25127_1,wdewulf,r,09/09/2026,19:24:15,eddie@node1l03.ecdf.ed.ac.uk,1,295
58171438,0.00249,of_25127_1,wdewulf,r,09/09/2026,19:24:15,eddie@node1l20.ecdf.ed.ac.uk,1,296
58171438,0.00249,of_25127_1,wdewulf,r,09/09/2026,19:24:15,eddie@node1m05.ecdf.ed.ac.uk,1,297
58171438,0.00249,of_25127_1,wdewulf,r,09/09/2026,19:24:00,eddie@node1j10.ecdf.ed.ac.uk,1,287
58171438,0.00249,of_25127_1,wdewulf,r,09/09/2026,19:24:00,eddie@node1n13.ecdf.ed.ac.uk,1,288
58171438,0.00249,of_25127_1,wdewulf,r,09/09/2026,19:24:00,eddie@node1q05.ecdf.ed.ac.uk,1,289
58171438,0.00249,of_25127_1,wdewulf,r,09/09/2026,19:23:45,eddie@node1k07.ecdf.ed.ac.uk,1,278
58171438,0.00249,of_25127_1,wdewulf,r,09/09/2026,19:23:45,eddie@node1l03.ecdf.ed.ac.uk,1,279
58171438,0.00249,of_25127_1,wdewulf,r,09/09/2026,19:23:45,eddie@node1m05.ecdf.ed.ac.uk,1,280
58171438,0.00249,of_25127_1,wdewulf,r,09/09/2026,19:23:45,eddie@node1n14.ecdf.ed.ac.uk,1,281
58171438,0.00249,of_25127_1,wdewulf,r,09/09/2026,19:23:30,eddie@node1l10.ecdf.ed.ac.uk,1,272
58171438,0.00249,of_25127_1,wdewulf,r,09/09/2026,19:23:30,eddie@node1l07.ecdf.ed.ac.uk,1,273
58171438,0.00249,of_25127_1,wdewulf,r,09/09/2026,19:23:30,eddie@node1q05.ecdf.ed.ac.uk,1,274
58171438,0.00249,of_25127_1,wdewulf,r,09/09/2026,19:23:30,eddie@node1q05.ecdf.ed.ac.uk,1,275
58171438,0.00249,of_25127_1,wdewulf,r,09/09/2026,19:23:30,eddie@node1n14.ecdf.ed.ac.uk,1,276
58171438,0.00249,of_25127_1,wdewulf,r,09/09/2026,19:23:15,eddie@node1k01.ecdf.ed.ac.uk,1,267
58171438,0.00249,of_25127_1,wdewulf,r,09/09/2026,19:23:15,eddie@node1n14.ecdf.ed.ac.uk,1,268
58171438,0.00249,of_25127_1,wdewulf,r,09/09/2026,19:23:00,eddie@node1j21.ecdf.ed.ac.uk,1,258
58171438,0.00249,of_25127_1,wdewulf,r,09/09/2026,19:23:00,eddie@node1l06.ecdf.ed.ac.uk,1,259
58171438,0.00249,of_25127_1,wdewulf,r,09/09/2026,19:23:00,eddie@node1l06.ecdf.ed.ac.uk,1,260
58171438,0.00249,of_25127_1,wdewulf,r,09/09/2026,19:23:00,eddie@node1n13.ecdf.ed.ac.uk,1,261
58171438,0.00249,of_25127_1,wdewulf,r,09/09/2026,19:23:00,eddie@node1n13.ecdf.ed.ac.uk,1,262
58171438,0.00249,of_25127_1,wdewulf,r,09/09/2026,19:23:00,eddie@node1q05.ecdf.ed.ac.uk,1,263
58195109,0.00249,ce2,gl03pi18,r,09/09/2026,14:00:25,eddie@node1l15.ecdf.ed.ac.uk,8
58171438,0.00249,of_25127_1,wdewulf,r,09/09/2026,19:22:45,eddie@node1l05.ecdf.ed.ac.uk,1,251
58171438,0.00249,of_25127_1,wdewulf,r,09/09/2026,19:22:45,eddie@node1m11.ecdf.ed.ac.uk,1,252
58171438,0.00249,of_25127_1,wdewulf,r,09/09/2026,19:22:45,eddie@node1m05.ecdf.ed.ac.uk,1,253
58171438,0.00249,of_25127_1,wdewulf,r,09/09/2026,19:22:45,eddie@node1m03.ecdf.ed.ac.uk,1,254
58171438,0.00249,of_25127_1,wdewulf,r,09/09/2026,19:22:45,eddie@node1n14.ecdf.ed.ac.uk,1,255
58171438,0.00249,of_25127_1,wdewulf,r,09/09/2026,19:22:30,eddie@node1m11.ecdf.ed.ac.uk,1,247
58171438,0.00249,of_25127_1,wdewulf,r,09/09/2026,19:22:30,eddie@node1n13.ecdf.ed.ac.uk,1,249
58171438,0.00249,of_25127_1,wdewulf,r,09/09/2026,19:22:30,eddie@node1n14.ecdf.ed.ac.uk,1,250
58197409,0.00249,ce1,gl03pi9,r,09/09/2026,20:07:55,eddie@node1l18.ecdf.ed.ac.uk,8
58171438,0.00249,of_25127_1,wdewulf,r,09/09/2026,19:22:15,eddie@node1j08.ecdf.ed.ac.uk,1,244
58171438,0.00249,of_25127_1,wdewulf,r,09/09/2026,19:22:15,eddie@node1m05.ecdf.ed.ac.uk,1,245
58171438,0.00249,of_25127_1,wdewulf,r,09/09/2026,19:22:00,eddie@node1j03.ecdf.ed.ac.uk,1,236
58171438,0.00249,of_25127_1,wdewulf,r,09/09/2026,19:22:00,eddie@node1m11.ecdf.ed.ac.uk,1,237
58171438,0.00249,of_25127_1,wdewulf,r,09/09/2026,19:22:00,eddie@node1m01.ecdf.ed.ac.uk,1,238
58171438,0.00249,of_25127_1,wdewulf,r,09/09/2026,19:22:00,eddie@node1n13.ecdf.ed.ac.uk,1,239
58171438,0.00249,of_25127_1,wdewulf,r,09/09/2026,19:22:00,eddie@node1q06.ecdf.ed.ac.uk,1,240
58171438,0.00249,of_25127_1,wdewulf,r,09/09/2026,19:21:45,eddie@node1l01.ecdf.ed.ac.uk,1,222
58171438,0.00249,of_25127_1,wdewulf,r,09/09/2026,19:21:45,eddie@node1l01.ecdf.ed.ac.uk,1,223
58171438,0.00249,of_25127_1,wdewulf,r,09/09/2026,19:21:45,eddie@node1l09.ecdf.ed.ac.uk,1,224
58171438,0.00249,of_25127_1,wdewulf,r,09/09/2026,19:21:45,eddie@node1m06.ecdf.ed.ac.uk,1,225
58171438,0.00249,of_25127_1,wdewulf,r,09/09/2026,19:21:45,eddie@node1j04.ecdf.ed.ac.uk,1,226
58171438,0.00249,of_25127_1,wdewulf,r,09/09/2026,19:21:45,eddie@node1n14.ecdf.ed.ac.uk,1,227
58171438,0.00249,of_25127_1,wdewulf,r,09/09/2026,19:21:45,eddie@node1n14.ecdf.ed.ac.uk,1,228
58171438,0.00249,of_25127_1,wdewulf,r,09/09/2026,19:21:30,eddie@node1l04.ecdf.ed.ac.uk,1,216
58171438,0.00249,of_25127_1,wdewulf,r,09/09/2026,19:21:30,eddie@node1k07.ecdf.ed.ac.uk,1,217
58171438,0.00249,of_25127_1,wdewulf,r,09/09/2026,19:21:30,eddie@node1m05.ecdf.ed.ac.uk,1,218
58171438,0.00249,of_25127_1,wdewulf,r,09/09/2026,19:21:15,eddie@node1j11.ecdf.ed.ac.uk,1,207
58171438,0.00249,of_25127_1,wdewulf,r,09/09/2026,19:21:15,eddie@node1l05.ecdf.ed.ac.uk,1,208
58171438,0.00249,of_25127_1,wdewulf,r,09/09/2026,19:21:15,eddie@node1k02.ecdf.ed.ac.uk,1,209
58171438,0.00249,of_25127_1,wdewulf,r,09/09/2026,19:21:15,eddie@node1m11.ecdf.ed.ac.uk,1,210
58171438,0.00249,of_25127_1,wdewulf,r,09/09/2026,19:21:15,eddie@node1q05.ecdf.ed.ac.uk,1,211
58171438,0.00249,of_25127_1,wdewulf,r,09/09/2026,19:21:15,eddie@node1n14.ecdf.ed.ac.uk,1,212
58171438,0.00249,of_25127_1,wdewulf,r,09/09/2026,19:21:15,eddie@node1q06.ecdf.ed.ac.uk,1,213
58171438,0.00249,of_25127_1,wdewulf,r,09/09/2026,19:21:00,eddie@node1m02.ecdf.ed.ac.uk,1,203
58171438,0.00249,of_25127_1,wdewulf,r,09/09/2026,19:21:00,eddie@node1n13.ecdf.ed.ac.uk,1,204
58231244,0.00248,HRprop,s2150450,r,09/09/2026,19:13:15,eddie@node1h15.ecdf.ed.ac.uk,20,46
58197411,0.00248,ce1,gl03pi9,r,09/09/2026,20:08:40,eddie@node1l15.ecdf.ed.ac.uk,8
58171438,0.00248,of_25127_1,wdewulf,r,09/09/2026,19:20:45,eddie@node1i03.ecdf.ed.ac.uk,1,192
58171438,0.00248,of_25127_1,wdewulf,r,09/09/2026,19:20:45,eddie@node1j03.ecdf.ed.ac.uk,1,193
58171438,0.00248,of_25127_1,wdewulf,r,09/09/2026,19:20:45,eddie@node1j03.ecdf.ed.ac.uk,1,194
58171438,0.00248,of_25127_1,wdewulf,r,09/09/2026,19:20:45,eddie@node1k02.ecdf.ed.ac.uk,1,195
58171438,0.00248,of_25127_1,wdewulf,r,09/09/2026,19:20:45,eddie@node1m04.ecdf.ed.ac.uk,1,196
58171438,0.00248,of_25127_1,wdewulf,r,09/09/2026,19:20:45,eddie@node1m07.ecdf.ed.ac.uk,1,197
58171438,0.00248,of_25127_1,wdewulf,r,09/09/2026,19:20:45,eddie@node1j05.ecdf.ed.ac.uk,1,198
58171438,0.00248,of_25127_1,wdewulf,r,09/09/2026,19:20:45,eddie@node1n14.ecdf.ed.ac.uk,1,199
58231244,0.00248,HRprop,s2150450,r,09/09/2026,19:13:00,eddie@node1e06.ecdf.ed.ac.uk,20,45
58171438,0.00248,of_25127_1,wdewulf,r,09/09/2026,19:20:30,eddie@node1j04.ecdf.ed.ac.uk,1,185
58171438,0.00248,of_25127_1,wdewulf,r,09/09/2026,19:20:30,eddie@node1j07.ecdf.ed.ac.uk,1,186
58171438,0.00248,of_25127_1,wdewulf,r,09/09/2026,19:20:30,eddie@node1n13.ecdf.ed.ac.uk,1,187
58171438,0.00248,of_25127_1,wdewulf,r,09/09/2026,19:20:15,eddie@node1j03.ecdf.ed.ac.uk,1,180
58171438,0.00248,of_25127_1,wdewulf,r,09/09/2026,19:20:15,eddie@node1l20.ecdf.ed.ac.uk,1,181
58171438,0.00248,of_25127_1,wdewulf,r,09/09/2026,19:20:15,eddie@node1l03.ecdf.ed.ac.uk,1,182
58171438,0.00248,of_25127_1,wdewulf,r,09/09/2026,19:20:15,eddie@node1l20.ecdf.ed.ac.uk,1,183
58171438,0.00248,of_25127_1,wdewulf,r,09/09/2026,19:20:00,eddie@node1l06.ecdf.ed.ac.uk,1,173
58171438,0.00248,of_25127_1,wdewulf,r,09/09/2026,19:20:00,eddie@node1q05.ecdf.ed.ac.uk,1,174
58171438,0.00248,of_25127_1,wdewulf,r,09/09/2026,19:20:00,eddie@node1q06.ecdf.ed.ac.uk,1,175
58171438,0.00248,of_25127_1,wdewulf,r,09/09/2026,19:19:45,eddie@node1l19.ecdf.ed.ac.uk,1,168
58171438,0.00248,of_25127_1,wdewulf,r,09/09/2026,19:19:45,eddie@node1j04.ecdf.ed.ac.uk,1,169
58171438,0.00248,of_25127_1,wdewulf,r,09/09/2026,19:19:45,eddie@node1j07.ecdf.ed.ac.uk,1,170
58171438,0.00248,of_25127_1,wdewulf,r,09/09/2026,19:19:45,eddie@node1j22.ecdf.ed.ac.uk,1,171
58171438,0.00248,of_25127_1,wdewulf,r,09/09/2026,19:19:30,eddie@node1l04.ecdf.ed.ac.uk,1,157
58171438,0.00248,of_25127_1,wdewulf,r,09/09/2026,19:19:30,eddie@node1l19.ecdf.ed.ac.uk,1,158
58171438,0.00248,of_25127_1,wdewulf,r,09/09/2026,19:19:30,eddie@node1k06.ecdf.ed.ac.uk,1,159
58171438,0.00248,of_25127_1,wdewulf,r,09/09/2026,19:19:30,eddie@node1j05.ecdf.ed.ac.uk,1,160
58171438,0.00248,of_25127_1,wdewulf,r,09/09/2026,19:19:30,eddie@node1j05.ecdf.ed.ac.uk,1,161
58171438,0.00248,of_25127_1,wdewulf,r,09/09/2026,19:19:30,eddie@node1k05.ecdf.ed.ac.uk,1,162
58171438,0.00248,of_25127_1,wdewulf,r,09/09/2026,19:19:30,eddie@node1m03.ecdf.ed.ac.uk,1,163
58171438,0.00248,of_25127_1,wdewulf,r,09/09/2026,19:19:30,eddie@node1q06.ecdf.ed.ac.uk,1,164
58171438,0.00248,of_25127_1,wdewulf,r,09/09/2026,19:19:15,eddie@node1l03.ecdf.ed.ac.uk,1,154
58171438,0.00248,of_25127_1,wdewulf,r,09/09/2026,19:19:15,eddie@node1q05.ecdf.ed.ac.uk,1,155
58171438,0.00248,of_25127_1,wdewulf,r,09/09/2026,19:19:00,eddie@node1l20.ecdf.ed.ac.uk,1,149
58171438,0.00248,of_25127_1,wdewulf,r,09/09/2026,19:19:00,eddie@node1j05.ecdf.ed.ac.uk,1,150
58171438,0.00248,of_25127_1,wdewulf,r,09/09/2026,19:19:00,eddie@node1n13.ecdf.ed.ac.uk,1,151
58171438,0.00248,of_25127_1,wdewulf,r,09/09/2026,19:18:45,eddie@node1j10.ecdf.ed.ac.uk,1,142
58171438,0.00248,of_25127_1,wdewulf,r,09/09/2026,19:18:45,eddie@node1l07.ecdf.ed.ac.uk,1,143
58171438,0.00248,of_25127_1,wdewulf,r,09/09/2026,19:18:45,eddie@node1l07.ecdf.ed.ac.uk,1,144
58171438,0.00248,of_25127_1,wdewulf,r,09/09/2026,19:18:30,eddie@node1l05.ecdf.ed.ac.uk,1,137
58171438,0.00248,of_25127_1,wdewulf,r,09/09/2026,19:18:30,eddie@node1j18.ecdf.ed.ac.uk,1,138
58171438,0.00248,of_25127_1,wdewulf,r,09/09/2026,19:18:30,eddie@node1j18.ecdf.ed.ac.uk,1,139
58171438,0.00248,of_25127_1,wdewulf,r,09/09/2026,19:18:30,eddie@node1l20.ecdf.ed.ac.uk,1,140
58171438,0.00248,of_25127_1,wdewulf,r,09/09/2026,19:18:15,eddie@node1l10.ecdf.ed.ac.uk,1,129
58171438,0.00248,of_25127_1,wdewulf,r,09/09/2026,19:18:15,eddie@node1l10.ecdf.ed.ac.uk,1,130
58171438,0.00248,of_25127_1,wdewulf,r,09/09/2026,19:18:15,eddie@node1j19.ecdf.ed.ac.uk,1,131
58171438,0.00248,of_25127_1,wdewulf,r,09/09/2026,19:18:15,eddie@node1n14.ecdf.ed.ac.uk,1,132
58171438,0.00248,of_25127_1,wdewulf,r,09/09/2026,19:18:15,eddie@node1n14.ecdf.ed.ac.uk,1,133
58171438,0.00248,of_25127_1,wdewulf,r,09/09/2026,19:18:00,eddie@node1m07.ecdf.ed.ac.uk,1,126
58171438,0.00248,of_25127_1,wdewulf,r,09/09/2026,19:17:45,eddie@node1l02.ecdf.ed.ac.uk,1,117
58171438,0.00248,of_25127_1,wdewulf,r,09/09/2026,19:17:45,eddie@node1l06.ecdf.ed.ac.uk,1,118
58171438,0.00248,of_25127_1,wdewulf,r,09/09/2026,19:17:45,eddie@node1l19.ecdf.ed.ac.uk,1,119
58171438,0.00248,of_25127_1,wdewulf,r,09/09/2026,19:17:45,eddie@node1j06.ecdf.ed.ac.uk,1,120
58171438,0.00248,of_25127_1,wdewulf,r,09/09/2026,19:17:45,eddie@node1n14.ecdf.ed.ac.uk,1,122
58171438,0.00248,of_25127_1,wdewulf,r,09/09/2026,19:17:45,eddie@node1q06.ecdf.ed.ac.uk,1,123
58171438,0.00248,of_25127_1,wdewulf,r,09/09/2026,19:17:30,eddie@node1j21.ecdf.ed.ac.uk,1,109
58171438,0.00248,of_25127_1,wdewulf,r,09/09/2026,19:17:30,eddie@node1m05.ecdf.ed.ac.uk,1,110
58171438,0.00248,of_25127_1,wdewulf,r,09/09/2026,19:17:30,eddie@node1n14.ecdf.ed.ac.uk,1,111
58171438,0.00248,of_25127_1,wdewulf,r,09/09/2026,19:17:15,eddie@node1l01.ecdf.ed.ac.uk,1,104
58171438,0.00248,of_25127_1,wdewulf,r,09/09/2026,19:17:15,eddie@node1m06.ecdf.ed.ac.uk,1,105
58171438,0.00248,of_25127_1,wdewulf,r,09/09/2026,19:17:15,eddie@node1k07.ecdf.ed.ac.uk,1,106
58171438,0.00248,of_25127_1,wdewulf,r,09/09/2026,19:17:15,eddie@node1j08.ecdf.ed.ac.uk,1,107
58171438,0.00248,of_25127_1,wdewulf,r,09/09/2026,19:17:15,eddie@node1q05.ecdf.ed.ac.uk,1,108
58171438,0.00248,of_25127_1,wdewulf,r,09/09/2026,19:17:00,eddie@node1l04.ecdf.ed.ac.uk,1,96
58171438,0.00248,of_25127_1,wdewulf,r,09/09/2026,19:17:00,eddie@node1j18.ecdf.ed.ac.uk,1,97
58171438,0.00248,of_25127_1,wdewulf,r,09/09/2026,19:17:00,eddie@node1m06.ecdf.ed.ac.uk,1,98
58171438,0.00248,of_25127_1,wdewulf,r,09/09/2026,19:17:00,eddie@node1k08.ecdf.ed.ac.uk,1,99
58171438,0.00248,of_25127_1,wdewulf,r,09/09/2026,19:17:00,eddie@node1k06.ecdf.ed.ac.uk,1,100
58171438,0.00248,of_25127_1,wdewulf,r,09/09/2026,19:17:00,eddie@node1q06.ecdf.ed.ac.uk,1,101
58171438,0.00248,of_25127_1,wdewulf,r,09/09/2026,19:16:45,eddie@node1k05.ecdf.ed.ac.uk,1,92
58171438,0.00248,of_25127_1,wdewulf,r,09/09/2026,19:16:30,eddie@node1l04.ecdf.ed.ac.uk,1,83
58171438,0.00248,of_25127_1,wdewulf,r,09/09/2026,19:16:30,eddie@node1l06.ecdf.ed.ac.uk,1,84
58171438,0.00248,of_25127_1,wdewulf,r,09/09/2026,19:16:30,eddie@node1l03.ecdf.ed.ac.uk,1,85
58171438,0.00248,of_25127_1,wdewulf,r,09/09/2026,19:16:30,eddie@node1m11.ecdf.ed.ac.uk,1,86
58171438,0.00248,of_25127_1,wdewulf,r,09/09/2026,19:16:30,eddie@node1j22.ecdf.ed.ac.uk,1,87
58171438,0.00248,of_25127_1,wdewulf,r,09/09/2026,19:16:15,eddie@node1l08.ecdf.ed.ac.uk,1,81
58171438,0.00248,of_25127_1,wdewulf,r,09/09/2026,19:16:00,eddie@node1j01.ecdf.ed.ac.uk,1,77
58171438,0.00248,of_25127_1,wdewulf,r,09/09/2026,19:16:00,eddie@node1j04.ecdf.ed.ac.uk,1,78
58171438,0.00248,of_25127_1,wdewulf,r,09/09/2026,19:16:00,eddie@node1j05.ecdf.ed.ac.uk,1,79
58171438,0.00248,of_25127_1,wdewulf,r,09/09/2026,19:16:00,eddie@node1q05.ecdf.ed.ac.uk,1,80
58171438,0.00248,of_25127_1,wdewulf,r,09/09/2026,19:15:45,eddie@node1j01.ecdf.ed.ac.uk,1,67
58171438,0.00248,of_25127_1,wdewulf,r,09/09/2026,19:15:45,eddie@node1m11.ecdf.ed.ac.uk,1,68
58171438,0.00248,of_25127_1,wdewulf,r,09/09/2026,19:15:45,eddie@node1j05.ecdf.ed.ac.uk,1,70
58148352,0.00248,r2dexp,telahma,r,09/08/2026,10:48:51,eddie@node1k15.ecdf.ed.ac.uk,1
58171438,0.00248,of_25127_1,wdewulf,r,09/09/2026,19:15:30,eddie@node1l10.ecdf.ed.ac.uk,1,62
58171438,0.00248,of_25127_1,wdewulf,r,09/09/2026,19:15:30,eddie@node1j06.ecdf.ed.ac.uk,1,63
58171438,0.00248,of_25127_1,wdewulf,r,09/09/2026,19:15:30,eddie@node1m02.ecdf.ed.ac.uk,1,64
58171438,0.00248,of_25127_1,wdewulf,r,09/09/2026,19:15:30,eddie@node1m02.ecdf.ed.ac.uk,1,65
58171438,0.00248,of_25127_1,wdewulf,r,09/09/2026,19:15:30,eddie@node1m02.ecdf.ed.ac.uk,1,66
58171438,0.00248,of_25127_1,wdewulf,r,09/09/2026,19:15:15,eddie@node1l19.ecdf.ed.ac.uk,1,57
58171438,0.00248,of_25127_1,wdewulf,r,09/09/2026,19:15:15,eddie@node1m04.ecdf.ed.ac.uk,1,58
58171438,0.00248,of_25127_1,wdewulf,r,09/09/2026,19:15:15,eddie@node1j04.ecdf.ed.ac.uk,1,59
58171438,0.00248,of_25127_1,wdewulf,r,09/09/2026,19:15:00,eddie@node1l05.ecdf.ed.ac.uk,1,51
58171438,0.00248,of_25127_1,wdewulf,r,09/09/2026,19:15:00,eddie@node1j04.ecdf.ed.ac.uk,1,52
58171438,0.00248,of_25127_1,wdewulf,r,09/09/2026,19:15:00,eddie@node1k01.ecdf.ed.ac.uk,1,53
58171438,0.00248,of_25127_1,wdewulf,r,09/09/2026,19:14:45,eddie@node1n13.ecdf.ed.ac.uk,1,46
58171438,0.00248,of_25127_1,wdewulf,r,09/09/2026,19:14:45,eddie@node1q05.ecdf.ed.ac.uk,1,47
58171438,0.00248,of_25127_1,wdewulf,r,09/09/2026,19:14:45,eddie@node1q06.ecdf.ed.ac.uk,1,48
58197278,0.00247,ce1,gl02ad2,r,09/09/2026,22:01:25,eddie@node1l16.ecdf.ed.ac.uk,8
58197163,0.00247,ce1,gl02ad2,r,09/09/2026,19:52:06,eddie@node1l13.ecdf.ed.ac.uk,8
58171438,0.00247,of_25127_1,wdewulf,r,09/09/2026,19:14:30,eddie@node1n14.ecdf.ed.ac.uk,1,38
58171438,0.00247,of_25127_1,wdewulf,r,09/09/2026,19:14:30,eddie@node1q06.ecdf.ed.ac.uk,1,39
58171438,0.00247,of_25127_1,wdewulf,r,09/09/2026,19:14:30,eddie@node1n14.ecdf.ed.ac.uk,1,40
58171438,0.00247,of_25127_1,wdewulf,r,09/09/2026,19:14:15,eddie@node1l04.ecdf.ed.ac.uk,1,32
58171438,0.00247,of_25127_1,wdewulf,r,09/09/2026,19:14:15,eddie@node1m07.ecdf.ed.ac.uk,1,33
58171438,0.00247,of_25127_1,wdewulf,r,09/09/2026,19:14:15,eddie@node1m05.ecdf.ed.ac.uk,1,34
58171438,0.00247,of_25127_1,wdewulf,r,09/09/2026,19:14:15,eddie@node1q06.ecdf.ed.ac.uk,1,35
58197403,0.00247,ce1,gl03pi9,r,09/09/2026,19:41:42,eddie@node1l15.ecdf.ed.ac.uk,8
58171438,0.00247,of_25127_1,wdewulf,r,09/09/2026,19:14:02,eddie@node1l02.ecdf.ed.ac.uk,1,27
58171438,0.00247,of_25127_1,wdewulf,r,09/09/2026,19:13:45,eddie@node1l01.ecdf.ed.ac.uk,1,18
58171438,0.00247,of_25127_1,wdewulf,r,09/09/2026,19:13:45,eddie@node1l04.ecdf.ed.ac.uk,1,19
58171438,0.00247,of_25127_1,wdewulf,r,09/09/2026,19:13:45,eddie@node1k01.ecdf.ed.ac.uk,1,20
58171438,0.00247,of_25127_1,wdewulf,r,09/09/2026,19:13:45,eddie@node1k09.ecdf.ed.ac.uk,1,21
58171438,0.00247,of_25127_1,wdewulf,r,09/09/2026,19:13:45,eddie@node1q06.ecdf.ed.ac.uk,1,22
58171438,0.00247,of_25127_1,wdewulf,r,09/09/2026,19:13:45,eddie@node1n14.ecdf.ed.ac.uk,1,23
58171438,0.00247,of_25127_1,wdewulf,r,09/09/2026,19:13:30,eddie@node1l19.ecdf.ed.ac.uk,1,11
58171438,0.00247,of_25127_1,wdewulf,r,09/09/2026,19:13:30,eddie@node1j08.ecdf.ed.ac.uk,1,12
58171438,0.00247,of_25127_1,wdewulf,r,09/09/2026,19:13:15,eddie@node1j11.ecdf.ed.ac.uk,1,1
58171438,0.00247,of_25127_1,wdewulf,r,09/09/2026,19:13:15,eddie@node1m06.ecdf.ed.ac.uk,1,2
58171438,0.00247,of_25127_1,wdewulf,r,09/09/2026,19:13:15,eddie@node1j04.ecdf.ed.ac.uk,1,3
58171438,0.00247,of_25127_1,wdewulf,r,09/09/2026,19:13:15,eddie@node1k06.ecdf.ed.ac.uk,1,4
58171438,0.00247,of_25127_1,wdewulf,r,09/09/2026,19:13:15,eddie@node1q05.ecdf.ed.ac.uk,1,5
58171438,0.00247,of_25127_1,wdewulf,r,09/09/2026,19:13:15,eddie@node1n14.ecdf.ed.ac.uk,1,6
58197407,0.00247,ce1,gl03pi9,r,09/09/2026,19:52:35,eddie@node1l17.ecdf.ed.ac.uk,8
58143475,0.00247,step7_gate,yhu5,r,09/08/2026,07:06:28,eddie@node1f16.ecdf.ed.ac.uk,8,38
58197427,0.00247,ce1,gl03pi9,r,09/09/2026,21:29:42,eddie@node1l11.ecdf.ed.ac.uk,8
58197272,0.00246,ce1,gl02ad2,r,09/09/2026,21:17:27,eddie@node1l15.ecdf.ed.ac.uk,8
58197276,0.00245,ce1,gl02ad2,r,09/09/2026,21:23:27,eddie@node1l14.ecdf.ed.ac.uk,8
58197270,0.00245,ce1,gl02ad2,r,09/09/2026,21:09:12,eddie@node1l13.ecdf.ed.ac.uk,8
58197178,0.00244,ce1,gl02ad2,r,09/09/2026,20:12:40,eddie@node1l12.ecdf.ed.ac.uk,8
58197256,0.00243,ce1,gl02ad2,r,09/09/2026,20:49:19,eddie@node1l13.ecdf.ed.ac.uk,8
58197421,0.00243,ce1,gl03pi9,r,09/09/2026,20:51:19,eddie@node1l15.ecdf.ed.ac.uk,8
58197423,0.00243,ce1,gl03pi9,r,09/09/2026,21:01:27,eddie@node1l18.ecdf.ed.ac.uk,8
58171389,0.00243,of_25954_1,wdewulf,r,09/09/2026,18:45:29,eddie@node1l01.ecdf.ed.ac.uk,1,227
58171389,0.00243,of_25954_1,wdewulf,r,09/09/2026,18:45:29,eddie@node1l10.ecdf.ed.ac.uk,1,228
58171389,0.00243,of_25954_1,wdewulf,r,09/09/2026,18:45:29,eddie@node1l08.ecdf.ed.ac.uk,1,229
58171389,0.00243,of_25954_1,wdewulf,r,09/09/2026,18:45:14,eddie@node1l20.ecdf.ed.ac.uk,1,215
58171389,0.00243,of_25954_1,wdewulf,r,09/09/2026,18:45:14,eddie@node1l20.ecdf.ed.ac.uk,1,216
58171389,0.00243,of_25954_1,wdewulf,r,09/09/2026,18:45:14,eddie@node1m12.ecdf.ed.ac.uk,1,217
58171389,0.00243,of_25954_1,wdewulf,r,09/09/2026,18:45:14,eddie@node1j08.ecdf.ed.ac.uk,1,218
58171389,0.00243,of_25954_1,wdewulf,r,09/09/2026,18:45:14,eddie@node1k06.ecdf.ed.ac.uk,1,219
58171389,0.00243,of_25954_1,wdewulf,r,09/09/2026,18:45:14,eddie@node1j17.ecdf.ed.ac.uk,1,220
58171389,0.00243,of_25954_1,wdewulf,r,09/09/2026,18:45:14,eddie@node1k05.ecdf.ed.ac.uk,1,221
58171389,0.00243,of_25954_1,wdewulf,r,09/09/2026,18:45:14,eddie@node1j17.ecdf.ed.ac.uk,1,222
58171389,0.00243,of_25954_1,wdewulf,r,09/09/2026,18:45:14,eddie@node1m03.ecdf.ed.ac.uk,1,223
58171389,0.00243,of_25954_1,wdewulf,r,09/09/2026,18:45:14,eddie@node1m01.ecdf.ed.ac.uk,1,224
58171389,0.00243,of_25954_1,wdewulf,r,09/09/2026,18:45:14,eddie@node1n15.ecdf.ed.ac.uk,1,225
58171389,0.00243,of_25954_1,wdewulf,r,09/09/2026,18:44:59,eddie@node1l04.ecdf.ed.ac.uk,1,209
58171389,0.00243,of_25954_1,wdewulf,r,09/09/2026,18:44:59,eddie@node1k03.ecdf.ed.ac.uk,1,210
58171389,0.00243,of_25954_1,wdewulf,r,09/09/2026,18:44:59,eddie@node1k04.ecdf.ed.ac.uk,1,212
58171389,0.00243,of_25954_1,wdewulf,r,09/09/2026,18:44:59,eddie@node1j05.ecdf.ed.ac.uk,1,213
58171389,0.00243,of_25954_1,wdewulf,r,09/09/2026,18:44:44,eddie@node1k08.ecdf.ed.ac.uk,1,204
58171389,0.00243,of_25954_1,wdewulf,r,09/09/2026,18:44:44,eddie@node1m01.ecdf.ed.ac.uk,1,205
58171389,0.00243,of_25954_1,wdewulf,r,09/09/2026,18:44:44,eddie@node1m02.ecdf.ed.ac.uk,1,206
58171389,0.00243,of_25954_1,wdewulf,r,09/09/2026,18:44:44,eddie@node1i17.ecdf.ed.ac.uk,1,207
58171389,0.00243,of_25954_1,wdewulf,r,09/09/2026,18:44:29,eddie@node1m02.ecdf.ed.ac.uk,1,200
58171389,0.00243,of_25954_1,wdewulf,r,09/09/2026,18:44:29,eddie@node1n13.ecdf.ed.ac.uk,1,202
58171389,0.00243,of_25954_1,wdewulf,r,09/09/2026,18:44:14,eddie@node1i06.ecdf.ed.ac.uk,1,193
58171389,0.00243,of_25954_1,wdewulf,r,09/09/2026,18:44:14,eddie@node1k05.ecdf.ed.ac.uk,1,194
58171389,0.00243,of_25954_1,wdewulf,r,09/09/2026,18:44:14,eddie@node1k09.ecdf.ed.ac.uk,1,195
58171389,0.00243,of_25954_1,wdewulf,r,09/09/2026,18:44:14,eddie@node1i17.ecdf.ed.ac.uk,1,196
58171389,0.00243,of_25954_1,wdewulf,r,09/09/2026,18:44:14,eddie@node1i17.ecdf.ed.ac.uk,1,197
58171389,0.00243,of_25954_1,wdewulf,r,09/09/2026,18:44:14,eddie@node1n15.ecdf.ed.ac.uk,1,198
58171389,0.00243,of_25954_1,wdewulf,r,09/09/2026,18:43:59,eddie@node1f13.ecdf.ed.ac.uk,1,188
58171389,0.00243,of_25954_1,wdewulf,r,09/09/2026,18:43:59,eddie@node1l04.ecdf.ed.ac.uk,1,189
58171389,0.00243,of_25954_1,wdewulf,r,09/09/2026,18:43:59,eddie@node1m12.ecdf.ed.ac.uk,1,191
58171389,0.00243,of_25954_1,wdewulf,r,09/09/2026,18:43:59,eddie@node1m01.ecdf.ed.ac.uk,1,192
58171389,0.00243,of_25954_1,wdewulf,r,09/09/2026,18:43:44,eddie@node1l08.ecdf.ed.ac.uk,1,183
58171389,0.00243,of_25954_1,wdewulf,r,09/09/2026,18:43:44,eddie@node1l06.ecdf.ed.ac.uk,1,184
58171389,0.00243,of_25954_1,wdewulf,r,09/09/2026,18:43:44,eddie@node1j19.ecdf.ed.ac.uk,1,185
58171389,0.00243,of_25954_1,wdewulf,r,09/09/2026,18:43:44,eddie@node1k09.ecdf.ed.ac.uk,1,186
58171389,0.00243,of_25954_1,wdewulf,r,09/09/2026,18:43:44,eddie@node1i17.ecdf.ed.ac.uk,1,187
58171389,0.00243,of_25954_1,wdewulf,r,09/09/2026,18:43:29,eddie@node1l03.ecdf.ed.ac.uk,1,173
58171389,0.00243,of_25954_1,wdewulf,r,09/09/2026,18:43:29,eddie@node1l20.ecdf.ed.ac.uk,1,174
58171389,0.00243,of_25954_1,wdewulf,r,09/09/2026,18:43:29,eddie@node1l20.ecdf.ed.ac.uk,1,175
58171389,0.00243,of_25954_1,wdewulf,r,09/09/2026,18:43:29,eddie@node1k08.ecdf.ed.ac.uk,1,176
58171389,0.00243,of_25954_1,wdewulf,r,09/09/2026,18:43:29,eddie@node1k08.ecdf.ed.ac.uk,1,177
58171389,0.00243,of_25954_1,wdewulf,r,09/09/2026,18:43:29,eddie@node1k09.ecdf.ed.ac.uk,1,178
58171389,0.00243,of_25954_1,wdewulf,r,09/09/2026,18:43:29,eddie@node1i17.ecdf.ed.ac.uk,1,179
58171389,0.00243,of_25954_1,wdewulf,r,09/09/2026,18:43:29,eddie@node1n15.ecdf.ed.ac.uk,1,180
58171389,0.00243,of_25954_1,wdewulf,r,09/09/2026,18:43:29,eddie@node1n14.ecdf.ed.ac.uk,1,181
58171389,0.00242,of_25954_1,wdewulf,r,09/09/2026,18:43:14,eddie@node1l10.ecdf.ed.ac.uk,1,169
58171389,0.00242,of_25954_1,wdewulf,r,09/09/2026,18:42:59,eddie@node1l04.ecdf.ed.ac.uk,1,162
58171389,0.00242,of_25954_1,wdewulf,r,09/09/2026,18:42:59,eddie@node1k02.ecdf.ed.ac.uk,1,163
58171389,0.00242,of_25954_1,wdewulf,r,09/09/2026,18:42:59,eddie@node1m11.ecdf.ed.ac.uk,1,164
58171389,0.00242,of_25954_1,wdewulf,r,09/09/2026,18:42:59,eddie@node1k06.ecdf.ed.ac.uk,1,165
58171389,0.00242,of_25954_1,wdewulf,r,09/09/2026,18:42:59,eddie@node1n15.ecdf.ed.ac.uk,1,167
58171389,0.00242,of_25954_1,wdewulf,r,09/09/2026,18:42:59,eddie@node1n14.ecdf.ed.ac.uk,1,168
58171389,0.00242,of_25954_1,wdewulf,r,09/09/2026,18:42:44,eddie@node1j02.ecdf.ed.ac.uk,1,159
58171389,0.00242,of_25954_1,wdewulf,r,09/09/2026,18:42:44,eddie@node1q06.ecdf.ed.ac.uk,1,161
58171389,0.00242,of_25954_1,wdewulf,r,09/09/2026,18:42:29,eddie@node1m12.ecdf.ed.ac.uk,1,152
58171389,0.00242,of_25954_1,wdewulf,r,09/09/2026,18:42:29,eddie@node1m12.ecdf.ed.ac.uk,1,153
58171389,0.00242,of_25954_1,wdewulf,r,09/09/2026,18:42:29,eddie@node1m10.ecdf.ed.ac.uk,1,154
58171389,0.00242,of_25954_1,wdewulf,r,09/09/2026,18:42:29,eddie@node1j07.ecdf.ed.ac.uk,1,155
58171389,0.00242,of_25954_1,wdewulf,r,09/09/2026,18:42:29,eddie@node1k05.ecdf.ed.ac.uk,1,156
58171389,0.00242,of_25954_1,wdewulf,r,09/09/2026,18:42:29,eddie@node1j17.ecdf.ed.ac.uk,1,157
58171389,0.00242,of_25954_1,wdewulf,r,09/09/2026,18:42:29,eddie@node1j05.ecdf.ed.ac.uk,1,158
58171389,0.00242,of_25954_1,wdewulf,r,09/09/2026,18:42:14,eddie@node1k01.ecdf.ed.ac.uk,1,149
58171389,0.00242,of_25954_1,wdewulf,r,09/09/2026,18:42:14,eddie@node1j09.ecdf.ed.ac.uk,1,150
58171389,0.00242,of_25954_1,wdewulf,r,09/09/2026,18:42:14,eddie@node1i17.ecdf.ed.ac.uk,1,151
58171389,0.00242,of_25954_1,wdewulf,r,09/09/2026,18:41:59,eddie@node1j08.ecdf.ed.ac.uk,1,146
58171389,0.00242,of_25954_1,wdewulf,r,09/09/2026,18:41:59,eddie@node1n15.ecdf.ed.ac.uk,1,147
58171389,0.00242,of_25954_1,wdewulf,r,09/09/2026,18:41:44,eddie@node1k08.ecdf.ed.ac.uk,1,144
58171389,0.00242,of_25954_1,wdewulf,r,09/09/2026,18:41:44,eddie@node1j02.ecdf.ed.ac.uk,1,145
58171389,0.00242,of_25954_1,wdewulf,r,09/09/2026,18:41:29,eddie@node1f09.ecdf.ed.ac.uk,1,137
58171389,0.00242,of_25954_1,wdewulf,r,09/09/2026,18:41:29,eddie@node1j10.ecdf.ed.ac.uk,1,138
58171389,0.00242,of_25954_1,wdewulf,r,09/09/2026,18:41:29,eddie@node1m04.ecdf.ed.ac.uk,1,139
58171389,0.00242,of_25954_1,wdewulf,r,09/09/2026,18:41:29,eddie@node1l02.ecdf.ed.ac.uk,1,140
58171389,0.00242,of_25954_1,wdewulf,r,09/09/2026,18:41:29,eddie@node1m12.ecdf.ed.ac.uk,1,142
58171389,0.00242,of_25954_1,wdewulf,r,09/09/2026,18:41:29,eddie@node1m12.ecdf.ed.ac.uk,1,143
58171389,0.00242,of_25954_1,wdewulf,r,09/09/2026,18:41:14,eddie@node1k03.ecdf.ed.ac.uk,1,130
58171389,0.00242,of_25954_1,wdewulf,r,09/09/2026,18:41:14,eddie@node1m11.ecdf.ed.ac.uk,1,131
58171389,0.00242,of_25954_1,wdewulf,r,09/09/2026,18:41:14,eddie@node1j02.ecdf.ed.ac.uk,1,132
58171389,0.00242,of_25954_1,wdewulf,r,09/09/2026,18:41:14,eddie@node1m02.ecdf.ed.ac.uk,1,133
58171389,0.00242,of_25954_1,wdewulf,r,09/09/2026,18:41:14,eddie@node1j05.ecdf.ed.ac.uk,1,134
58171389,0.00242,of_25954_1,wdewulf,r,09/09/2026,18:41:14,eddie@node1j17.ecdf.ed.ac.uk,1,135
58171389,0.00242,of_25954_1,wdewulf,r,09/09/2026,18:41:14,eddie@node1i17.ecdf.ed.ac.uk,1,136
58171389,0.00242,of_25954_1,wdewulf,r,09/09/2026,18:40:59,eddie@node1i06.ecdf.ed.ac.uk,1,120
58171389,0.00242,of_25954_1,wdewulf,r,09/09/2026,18:40:59,eddie@node1j01.ecdf.ed.ac.uk,1,121
58171389,0.00242,of_25954_1,wdewulf,r,09/09/2026,18:40:59,eddie@node1m06.ecdf.ed.ac.uk,1,122
58171389,0.00242,of_25954_1,wdewulf,r,09/09/2026,18:40:59,eddie@node1j10.ecdf.ed.ac.uk,1,124
58171389,0.00242,of_25954_1,wdewulf,r,09/09/2026,18:40:59,eddie@node1l19.ecdf.ed.ac.uk,1,127
58171389,0.00242,of_25954_1,wdewulf,r,09/09/2026,18:40:59,eddie@node1j06.ecdf.ed.ac.uk,1,128
58171389,0.00242,of_25954_1,wdewulf,r,09/09/2026,18:40:59,eddie@node1i17.ecdf.ed.ac.uk,1,129
58171389,0.00242,of_25954_1,wdewulf,r,09/09/2026,18:40:44,eddie@node1l06.ecdf.ed.ac.uk,1,116
58171389,0.00242,of_25954_1,wdewulf,r,09/09/2026,18:40:44,eddie@node1k05.ecdf.ed.ac.uk,1,118
58171389,0.00242,of_25954_1,wdewulf,r,09/09/2026,18:40:44,eddie@node1m01.ecdf.ed.ac.uk,1,119
58171389,0.00242,of_25954_1,wdewulf,r,09/09/2026,18:40:29,eddie@node1l09.ecdf.ed.ac.uk,1,112
58171389,0.00242,of_25954_1,wdewulf,r,09/09/2026,18:40:29,eddie@node1m12.ecdf.ed.ac.uk,1,113
58171389,0.00242,of_25954_1,wdewulf,r,09/09/2026,18:40:29,eddie@node1j19.ecdf.ed.ac.uk,1,115
58171389,0.00242,of_25954_1,wdewulf,r,09/09/2026,18:40:14,eddie@node1k04.ecdf.ed.ac.uk,1,109
58171389,0.00242,of_25954_1,wdewulf,r,09/09/2026,18:40:14,eddie@node1j19.ecdf.ed.ac.uk,1,110
58171389,0.00242,of_25954_1,wdewulf,r,09/09/2026,18:40:14,eddie@node1m03.ecdf.ed.ac.uk,1,111
58171389,0.00242,of_25954_1,wdewulf,r,09/09/2026,18:39:59,eddie@node1k02.ecdf.ed.ac.uk,1,108
58171389,0.00242,of_25954_1,wdewulf,r,09/09/2026,18:39:44,eddie@node1k08.ecdf.ed.ac.uk,1,102
58171389,0.00242,of_25954_1,wdewulf,r,09/09/2026,18:39:44,eddie@node1k04.ecdf.ed.ac.uk,1,103
58171389,0.00242,of_25954_1,wdewulf,r,09/09/2026,18:39:44,eddie@node1j05.ecdf.ed.ac.uk,1,104
58171389,0.00242,of_25954_1,wdewulf,r,09/09/2026,18:39:44,eddie@node1k09.ecdf.ed.ac.uk,1,105
58171389,0.00242,of_25954_1,wdewulf,r,09/09/2026,18:39:44,eddie@node1n15.ecdf.ed.ac.uk,1,106
58171389,0.00242,of_25954_1,wdewulf,r,09/09/2026,18:39:29,eddie@node1l05.ecdf.ed.ac.uk,1,97
58171389,0.00242,of_25954_1,wdewulf,r,09/09/2026,18:39:29,eddie@node1j19.ecdf.ed.ac.uk,1,99
58171389,0.00242,of_25954_1,wdewulf,r,09/09/2026,18:39:29,eddie@node1i17.ecdf.ed.ac.uk,1,100
58171389,0.00242,of_25954_1,wdewulf,r,09/09/2026,18:39:14,eddie@node1i03.ecdf.ed.ac.uk,1,93
58171389,0.00242,of_25954_1,wdewulf,r,09/09/2026,18:39:14,eddie@node1i03.ecdf.ed.ac.uk,1,94
58171389,0.00242,of_25954_1,wdewulf,r,09/09/2026,18:39:14,eddie@node1j06.ecdf.ed.ac.uk,1,96
58171389,0.00242,of_25954_1,wdewulf,r,09/09/2026,18:38:59,eddie@node1k02.ecdf.ed.ac.uk,1,87
58171389,0.00242,of_25954_1,wdewulf,r,09/09/2026,18:38:59,eddie@node1l19.ecdf.ed.ac.uk,1,88
58171389,0.00242,of_25954_1,wdewulf,r,09/09/2026,18:38:59,eddie@node1j22.ecdf.ed.ac.uk,1,89
58171389,0.00242,of_25954_1,wdewulf,r,09/09/2026,18:38:59,eddie@node1k09.ecdf.ed.ac.uk,1,90
58171389,0.00242,of_25954_1,wdewulf,r,09/09/2026,18:38:59,eddie@node1i17.ecdf.ed.ac.uk,1,91
58171389,0.00242,of_25954_1,wdewulf,r,09/09/2026,18:38:44,eddie@node1m11.ecdf.ed.ac.uk,1,81
58171389,0.00242,of_25954_1,wdewulf,r,09/09/2026,18:38:44,eddie@node1m12.ecdf.ed.ac.uk,1,82
58171389,0.00242,of_25954_1,wdewulf,r,09/09/2026,18:38:44,eddie@node1k06.ecdf.ed.ac.uk,1,83
58171389,0.00242,of_25954_1,wdewulf,r,09/09/2026,18:38:44,eddie@node1j17.ecdf.ed.ac.uk,1,85
58171389,0.00242,of_25954_1,wdewulf,r,09/09/2026,18:38:29,eddie@node1i02.ecdf.ed.ac.uk,1,78
58171389,0.00242,of_25954_1,wdewulf,r,09/09/2026,18:38:29,eddie@node1k09.ecdf.ed.ac.uk,1,79
58171389,0.00242,of_25954_1,wdewulf,r,09/09/2026,18:38:29,eddie@node1q05.ecdf.ed.ac.uk,1,80
58171389,0.00242,of_25954_1,wdewulf,r,09/09/2026,18:38:14,eddie@node1j10.ecdf.ed.ac.uk,1,75
58171389,0.00242,of_25954_1,wdewulf,r,09/09/2026,18:38:14,eddie@node1j06.ecdf.ed.ac.uk,1,76
58171389,0.00242,of_25954_1,wdewulf,r,09/09/2026,18:38:14,eddie@node1j02.ecdf.ed.ac.uk,1,77
58171389,0.00242,of_25954_1,wdewulf,r,09/09/2026,18:37:59,eddie@node1j21.ecdf.ed.ac.uk,1,69
58171389,0.00242,of_25954_1,wdewulf,r,09/09/2026,18:37:59,eddie@node1m04.ecdf.ed.ac.uk,1,70
58171389,0.00242,of_25954_1,wdewulf,r,09/09/2026,18:37:59,eddie@node1j06.ecdf.ed.ac.uk,1,72
58171389,0.00242,of_25954_1,wdewulf,r,09/09/2026,18:37:59,eddie@node1j19.ecdf.ed.ac.uk,1,73
58171389,0.00242,of_25954_1,wdewulf,r,09/09/2026,18:37:59,eddie@node1k09.ecdf.ed.ac.uk,1,74
58171389,0.00242,of_25954_1,wdewulf,r,09/09/2026,18:37:44,eddie@node1j19.ecdf.ed.ac.uk,1,65
58171389,0.00242,of_25954_1,wdewulf,r,09/09/2026,18:37:44,eddie@node1j09.ecdf.ed.ac.uk,1,66
58171389,0.00242,of_25954_1,wdewulf,r,09/09/2026,18:37:44,eddie@node1j17.ecdf.ed.ac.uk,1,67
58171389,0.00242,of_25954_1,wdewulf,r,09/09/2026,18:37:44,eddie@node1n15.ecdf.ed.ac.uk,1,68
58171389,0.00242,of_25954_1,wdewulf,r,09/09/2026,18:37:29,eddie@node1j03.ecdf.ed.ac.uk,1,59
58171389,0.00242,of_25954_1,wdewulf,r,09/09/2026,18:37:29,eddie@node1j07.ecdf.ed.ac.uk,1,60
58171389,0.00242,of_25954_1,wdewulf,r,09/09/2026,18:37:29,eddie@node1j17.ecdf.ed.ac.uk,1,61
58171389,0.00241,of_25954_1,wdewulf,r,09/09/2026,18:37:14,eddie@node1l05.ecdf.ed.ac.uk,1,55
58171389,0.00241,of_25954_1,wdewulf,r,09/09/2026,18:37:14,eddie@node1j19.ecdf.ed.ac.uk,1,56
58171389,0.00241,of_25954_1,wdewulf,r,09/09/2026,18:37:00,eddie@node1i02.ecdf.ed.ac.uk,1,49
58171389,0.00241,of_25954_1,wdewulf,r,09/09/2026,18:37:00,eddie@node1i17.ecdf.ed.ac.uk,1,52
58171389,0.00241,of_25954_1,wdewulf,r,09/09/2026,18:35:59,eddie@node1q06.ecdf.ed.ac.uk,1,40
58171389,0.00241,of_25954_1,wdewulf,r,09/09/2026,18:35:42,eddie@node1m04.ecdf.ed.ac.uk,1,35
58171389,0.00241,of_25954_1,wdewulf,r,09/09/2026,18:35:42,eddie@node1j09.ecdf.ed.ac.uk,1,36
58171389,0.00241,of_25954_1,wdewulf,r,09/09/2026,18:35:42,eddie@node1j17.ecdf.ed.ac.uk,1,37
58171389,0.00241,of_25954_1,wdewulf,r,09/09/2026,18:35:27,eddie@node1k05.ecdf.ed.ac.uk,1,32
58171389,0.00241,of_25954_1,wdewulf,r,09/09/2026,18:35:27,eddie@node1m12.ecdf.ed.ac.uk,1,33
58171389,0.00241,of_25954_1,wdewulf,r,09/09/2026,18:35:12,eddie@node1m04.ecdf.ed.ac.uk,1,27
58171389,0.00241,of_25954_1,wdewulf,r,09/09/2026,18:35:12,eddie@node1j09.ecdf.ed.ac.uk,1,28
58171389,0.00241,of_25954_1,wdewulf,r,09/09/2026,18:35:12,eddie@node1j05.ecdf.ed.ac.uk,1,29
58171389,0.00241,of_25954_1,wdewulf,r,09/09/2026,18:35:12,eddie@node1i17.ecdf.ed.ac.uk,1,30
58171389,0.00241,of_25954_1,wdewulf,r,09/09/2026,18:34:57,eddie@node1m06.ecdf.ed.ac.uk,1,19
58171389,0.00241,of_25954_1,wdewulf,r,09/09/2026,18:34:57,eddie@node1k02.ecdf.ed.ac.uk,1,20
58171389,0.00241,of_25954_1,wdewulf,r,09/09/2026,18:34:57,eddie@node1j22.ecdf.ed.ac.uk,1,23
58171389,0.00241,of_25954_1,wdewulf,r,09/09/2026,18:34:57,eddie@node1k09.ecdf.ed.ac.uk,1,24
58171389,0.00241,of_25954_1,wdewulf,r,09/09/2026,18:34:42,eddie@node1k03.ecdf.ed.ac.uk,1,13
58171389,0.00241,of_25954_1,wdewulf,r,09/09/2026,18:34:42,eddie@node1k06.ecdf.ed.ac.uk,1,14
58171389,0.00241,of_25954_1,wdewulf,r,09/09/2026,18:34:42,eddie@node1m10.ecdf.ed.ac.uk,1,15
58171389,0.00241,of_25954_1,wdewulf,r,09/09/2026,18:34:42,eddie@node1j19.ecdf.ed.ac.uk,1,16
58171389,0.00241,of_25954_1,wdewulf,r,09/09/2026,18:34:42,eddie@node1m05.ecdf.ed.ac.uk,1,17
58171389,0.00241,of_25954_1,wdewulf,r,09/09/2026,18:34:42,eddie@node1k09.ecdf.ed.ac.uk,1,18
58258214,0.00241,depth-mono,dhosking,r,09/09/2026,22:08:28,eddie@node1f13.ecdf.ed.ac.uk,1
58171389,0.00241,of_25954_1,wdewulf,r,09/09/2026,18:34:27,eddie@node1k07.ecdf.ed.ac.uk,1,3
58171389,0.00241,of_25954_1,wdewulf,r,09/09/2026,18:34:27,eddie@node1k03.ecdf.ed.ac.uk,1,4
58171389,0.00241,of_25954_1,wdewulf,r,09/09/2026,18:34:27,eddie@node1j08.ecdf.ed.ac.uk,1,5
58171389,0.00241,of_25954_1,wdewulf,r,09/09/2026,18:34:27,eddie@node1j02.ecdf.ed.ac.uk,1,7
58171389,0.00241,of_25954_1,wdewulf,r,09/09/2026,18:34:27,eddie@node1q05.ecdf.ed.ac.uk,1,10
58171389,0.00241,of_25954_1,wdewulf,r,09/09/2026,18:34:12,eddie@node1q05.ecdf.ed.ac.uk,1,1
58197401,0.00240,ce1,gl03pi9,r,09/09/2026,19:31:47,eddie@node1l12.ecdf.ed.ac.uk,8
58197414,0.00240,ce1,gl03pi9,r,09/09/2026,20:21:31,eddie@node1l14.ecdf.ed.ac.uk,8
58171386,0.00239,of_24666_1,wdewulf,r,09/09/2026,18:24:12,eddie@node1l19.ecdf.ed.ac.uk,1,591
58171386,0.00237,of_24666_1,wdewulf,r,09/09/2026,18:11:57,eddie@node1l19.ecdf.ed.ac.uk,1,407
58171386,0.00236,of_24666_1,wdewulf,r,09/09/2026,18:02:58,eddie@node1l19.ecdf.ed.ac.uk,1,237
58242581,0.00236,code03_gms,s2285280,r,09/09/2026,19:21:30,eddie@node1o04.ecdf.ed.ac.uk,1,5
58202419,0.00231,fcc_data_g,s2439209,r,09/09/2026,10:52:30,eddie@node1f09.ecdf.ed.ac.uk,1
58244184,0.00230,ag_pos_pra,fbellido,r,09/09/2026,19:28:14,igmm_long@node1c05.ecdf.ed.ac.,1,3
58197493,0.00229,oil3d_ssv,s2673720,r,09/09/2026,10:23:33,eddie@node1f03.ecdf.ed.ac.uk,20
58165174,0.00229,step7_ext,s2116644,r,09/08/2026,16:51:41,eddie@node1k09.ecdf.ed.ac.uk,8,4
58148322,0.00227,Experiment,s2060501,r,09/09/2026,00:01:05,eddie@node1m19.ecdf.ed.ac.uk,10,60
58148322,0.00226,Experiment,s2060501,r,09/08/2026,23:56:17,eddie@node1m21.ecdf.ed.ac.uk,10,59
58148322,0.00226,Experiment,s2060501,r,09/08/2026,23:50:38,eddie@node1m18.ecdf.ed.ac.uk,10,58
58233814,0.00225,snakejob.i,abrether,r,09/09/2026,22:23:06,gpu@node1o15.ecdf.ed.ac.uk,2
58233812,0.00225,snakejob.i,abrether,r,09/09/2026,22:21:36,gpu@node1o15.ecdf.ed.ac.uk,2
58233813,0.00225,snakejob.i,abrether,r,09/09/2026,22:21:51,gpu@node1o15.ecdf.ed.ac.uk,2
58148322,0.00225,Experiment,s2060501,r,09/08/2026,23:46:07,eddie@node1m23.ecdf.ed.ac.uk,10,57
58233811,0.00225,snakejob.i,abrether,r,09/09/2026,22:20:21,gpu@node1o15.ecdf.ed.ac.uk,2
58233810,0.00224,snakejob.i,abrether,r,09/09/2026,22:18:36,gpu@node1o15.ecdf.ed.ac.uk,2
58233809,0.00223,snakejob.i,abrether,r,09/09/2026,22:07:13,gpu@node1o15.ecdf.ed.ac.uk,2
58148322,0.00217,Experiment,s2060501,r,09/08/2026,23:35:51,eddie@node1m24.ecdf.ed.ac.uk,10,56
58148322,0.00217,Experiment,s2060501,r,09/08/2026,23:32:59,eddie@node1m24.ecdf.ed.ac.uk,10,55
58049317,0.00211,b_ocExduck,s2719294,r,09/04/2026,14:19:22,eddie@node1q12.ecdf.ed.ac.uk,2
57902535,0.00203,QLOGIN,crobert,r,08/26/2026,13:48:38,eddie@node1i22.ecdf.ed.ac.uk,1
58197461,0.00200,L400_miss,s2469797,r,09/09/2026,08:50:56,eddie@node1j03.ecdf.ed.ac.uk,8,1
58197461,0.00200,L400_miss,s2469797,r,09/09/2026,08:50:56,eddie@node1j03.ecdf.ed.ac.uk,8,2
58143475,0.00197,step7_gate,yhu5,r,09/08/2026,02:08:43,eddie@node1i07.ecdf.ed.ac.uk,8,29
58165174,0.00197,step7_ext,s2116644,r,09/08/2026,16:51:41,eddie@node1j05.ecdf.ed.ac.uk,8,5
58152811,0.00197,downscale,barendar,r,09/09/2026,03:35:17,eddie@node1s09.ecdf.ed.ac.uk,6,9
58242581,0.00197,code03_gms,s2285280,r,09/09/2026,19:21:30,eddie@node1h08.ecdf.ed.ac.uk,1,6
58246994,0.00195,QLOGIN,fbellido,r,09/09/2026,19:40:12,igmm_long@node1h02.ecdf.ed.ac.,1
58197461,0.00195,L400_miss,s2469797,r,09/09/2026,08:51:26,eddie@node1h05.ecdf.ed.ac.uk,8,3
58197461,0.00193,L400_miss,s2469797,r,09/09/2026,08:52:41,eddie@node1h15.ecdf.ed.ac.uk,8,4
58258259,0.00193,depth-refi,dhosking,r,09/09/2026,22:15:43,eddie@node1l21.ecdf.ed.ac.uk,1
58244184,0.00191,ag_pos_pra,fbellido,r,09/09/2026,19:28:14,igmm_long@node1c02.ecdf.ed.ac.,1,4
58197461,0.00191,L400_miss,s2469797,r,09/09/2026,08:53:11,eddie@node1l08.ecdf.ed.ac.uk,8,5
58197461,0.00191,L400_miss,s2469797,r,09/09/2026,08:53:56,eddie@node1m05.ecdf.ed.ac.uk,8,6
58143475,0.00190,step7_gate,yhu5,r,09/08/2026,01:19:43,eddie@node1f16.ecdf.ed.ac.uk,8,23
58197461,0.00189,L400_miss,s2469797,r,09/09/2026,08:55:56,eddie@node1j28.ecdf.ed.ac.uk,8,7
58197461,0.00189,L400_miss,s2469797,r,09/09/2026,08:55:56,eddie@node1j28.ecdf.ed.ac.uk,8,8
58197461,0.00189,L400_miss,s2469797,r,09/09/2026,08:55:56,eddie@node1m06.ecdf.ed.ac.uk,8,9
58148354,0.00186,r2dsigc,telahma,r,09/08/2026,10:49:05,eddie@node1k15.ecdf.ed.ac.uk,1
58197461,0.00183,L400_miss,s2469797,r,09/09/2026,08:59:26,eddie@node1l05.ecdf.ed.ac.uk,8,10
58197469,0.00182,oil3d_fab,s2673720,r,09/09/2026,13:55:05,eddie@node1f01.ecdf.ed.ac.uk,10
58197461,0.00181,L400_miss,s2469797,r,09/09/2026,09:05:16,eddie@node1h12.ecdf.ed.ac.uk,8,11
58197461,0.00181,L400_miss,s2469797,r,09/09/2026,09:05:16,eddie@node1h12.ecdf.ed.ac.uk,8,12
58197461,0.00176,L400_miss,s2469797,r,09/09/2026,09:06:16,eddie@node1l09.ecdf.ed.ac.uk,8,13
58165174,0.00175,step7_ext,s2116644,r,09/08/2026,16:51:41,eddie@node1j02.ecdf.ed.ac.uk,8,6
58197775,0.00174,L800_mc,s2469797,r,09/09/2026,19:33:47,eddie@node1o12.ecdf.ed.ac.uk,8,531
58197775,0.00174,L800_mc,s2469797,r,09/09/2026,19:33:32,eddie@node1d09.ecdf.ed.ac.uk,8,530
58197775,0.00173,L800_mc,s2469797,r,09/09/2026,19:32:17,eddie@node1e04.ecdf.ed.ac.uk,8,529
58197775,0.00173,L800_mc,s2469797,r,09/09/2026,19:26:44,eddie@node1h15.ecdf.ed.ac.uk,8,520
58197775,0.00173,L800_mc,s2469797,r,09/09/2026,19:27:14,eddie@node1r05.ecdf.ed.ac.uk,8,521
58197775,0.00173,L800_mc,s2469797,r,09/09/2026,19:25:45,eddie@node1d02.ecdf.ed.ac.uk,8,518
58197775,0.00173,L800_mc,s2469797,r,09/09/2026,19:25:59,eddie@node1l27.ecdf.ed.ac.uk,8,519
58197461,0.00172,L400_miss,s2469797,r,09/09/2026,09:09:31,eddie@node1e05.ecdf.ed.ac.uk,8,14
58197461,0.00172,L400_miss,s2469797,r,09/09/2026,09:58:15,eddie@node1k03.ecdf.ed.ac.uk,8,15
58197775,0.00172,L800_mc,s2469797,r,09/09/2026,19:20:00,eddie@node1m16.ecdf.ed.ac.uk,8,510
58197775,0.00172,L800_mc,s2469797,r,09/09/2026,19:18:45,eddie@node1s14.ecdf.ed.ac.uk,8,509
58197775,0.00171,L800_mc,s2469797,r,09/09/2026,19:17:15,eddie@node1o14.ecdf.ed.ac.uk,8,508
58197775,0.00171,L800_mc,s2469797,r,09/09/2026,19:15:15,eddie@node1m16.ecdf.ed.ac.uk,8,507
58197461,0.00170,L400_miss,s2469797,r,09/09/2026,10:01:15,eddie@node1s19.ecdf.ed.ac.uk,8,16
58227791,0.00170,QLOGIN,fbellido,r,09/09/2026,14:58:10,igmm_long@node1h02.ecdf.ed.ac.,1
58197461,0.00169,L400_miss,s2469797,r,09/09/2026,10:09:00,eddie@node1j07.ecdf.ed.ac.uk,8,17
58197461,0.00169,L400_miss,s2469797,r,09/09/2026,10:11:30,eddie@node1l09.ecdf.ed.ac.uk,8,18
58197775,0.00169,L800_mc,s2469797,r,09/09/2026,18:58:45,eddie@node1e03.ecdf.ed.ac.uk,8,496
58197775,0.00169,L800_mc,s2469797,r,09/09/2026,19:01:00,eddie@node1e08.ecdf.ed.ac.uk,8,497
58242581,0.00168,code03_gms,s2285280,r,09/09/2026,19:21:30,eddie@node1h08.ecdf.ed.ac.uk,1,7
58197461,0.00168,L400_miss,s2469797,r,09/09/2026,10:14:17,eddie@node1j08.ecdf.ed.ac.uk,8,19
58197775,0.00168,L800_mc,s2469797,r,09/09/2026,18:50:30,eddie@node1o08.ecdf.ed.ac.uk,8,486
58227149,0.00167,light_work,ddunica2,r,09/09/2026,14:52:46,eddie@node1j24.ecdf.ed.ac.uk,1
58197461,0.00167,L400_miss,s2469797,r,09/09/2026,10:14:45,eddie@node1l24.ecdf.ed.ac.uk,8,20
58197461,0.00167,L400_miss,s2469797,r,09/09/2026,10:14:45,eddie@node1l24.ecdf.ed.ac.uk,8,21
58197775,0.00167,L800_mc,s2469797,r,09/09/2026,18:49:30,eddie@node1e08.ecdf.ed.ac.uk,8,485
58197775,0.00166,L800_mc,s2469797,r,09/09/2026,18:44:14,eddie@node1j27.ecdf.ed.ac.uk,8,476
58197775,0.00166,L800_mc,s2469797,r,09/09/2026,18:43:59,eddie@node1e01.ecdf.ed.ac.uk,8,475
58197775,0.00166,L800_mc,s2469797,r,09/09/2026,18:42:44,eddie@node1h06.ecdf.ed.ac.uk,8,474
58197461,0.00165,L400_miss,s2469797,r,09/09/2026,10:15:45,eddie@node1r17.ecdf.ed.ac.uk,8,22
58197461,0.00165,L400_miss,s2469797,r,09/09/2026,10:15:45,eddie@node1r17.ecdf.ed.ac.uk,8,23
58197775,0.00163,L800_mc,s2469797,r,09/09/2026,18:28:57,eddie@node1h16.ecdf.ed.ac.uk,8,465
58197775,0.00163,L800_mc,s2469797,r,09/09/2026,18:28:27,eddie@node1h13.ecdf.ed.ac.uk,8,464
58197775,0.00163,L800_mc,s2469797,r,09/09/2026,18:26:57,eddie@node1e01.ecdf.ed.ac.uk,8,463
58197461,0.00162,L400_miss,s2469797,r,09/09/2026,10:17:00,eddie@node1h03.ecdf.ed.ac.uk,8,24
58197461,0.00162,L400_miss,s2469797,r,09/09/2026,10:17:00,eddie@node1h03.ecdf.ed.ac.uk,8,25
58236249,0.00162,CO22d_fab,s2673720,r,09/09/2026,17:40:42,eddie@node1e03.ecdf.ed.ac.uk,10
58258138,0.00161,QLOGIN,ecellini,r,09/09/2026,22:06:14,eddie@node1j24.ecdf.ed.ac.uk,1
58197775,0.00161,L800_mc,s2469797,r,09/09/2026,18:13:57,eddie@node1s20.ecdf.ed.ac.uk,8,453
58049320,0.00161,b_ocExin_E,s2719294,r,09/04/2026,14:21:00,eddie@node1g09.ecdf.ed.ac.uk,2
58197775,0.00161,L800_mc,s2469797,r,09/09/2026,18:12:57,eddie@node1e06.ecdf.ed.ac.uk,8,452
58165174,0.00160,step7_ext,s2116644,r,09/08/2026,16:51:41,eddie@node1m01.ecdf.ed.ac.uk,8,7
58197775,0.00160,L800_mc,s2469797,r,09/09/2026,18:08:31,eddie@node1o03.ecdf.ed.ac.uk,8,442
58197775,0.00160,L800_mc,s2469797,r,09/09/2026,18:07:43,eddie@node1m14.ecdf.ed.ac.uk,8,441
58197775,0.00158,L800_mc,s2469797,r,09/09/2026,17:54:43,eddie@node1h22.ecdf.ed.ac.uk,8,432
58197775,0.00157,L800_mc,s2469797,r,09/09/2026,17:54:28,eddie@node1h13.ecdf.ed.ac.uk,8,431
58197775,0.00157,L800_mc,s2469797,r,09/09/2026,17:52:43,eddie@node1f05.ecdf.ed.ac.uk,8,430
58197775,0.00155,L800_mc,s2469797,r,09/09/2026,17:42:12,eddie@node1h09.ecdf.ed.ac.uk,8,420
58197775,0.00155,L800_mc,s2469797,r,09/09/2026,17:42:12,eddie@node1h07.ecdf.ed.ac.uk,8,421
58197775,0.00155,L800_mc,s2469797,r,09/09/2026,17:41:42,eddie@node1r07.ecdf.ed.ac.uk,8,419
58197775,0.00154,L800_mc,s2469797,r,09/09/2026,17:36:12,eddie@node1s19.ecdf.ed.ac.uk,8,409
58197775,0.00154,L800_mc,s2469797,r,09/09/2026,17:32:12,eddie@node1e09.ecdf.ed.ac.uk,8,408
58219468,0.00153,atac_secon,ddunica2,r,09/09/2026,13:48:30,eddie@node1r17.ecdf.ed.ac.uk,4,4
58152811,0.00153,downscale,barendar,r,09/09/2026,00:01:08,eddie@node1m19.ecdf.ed.ac.uk,6,4
58152811,0.00153,downscale,barendar,r,09/09/2026,00:03:45,eddie@node1m19.ecdf.ed.ac.uk,6,5
58197775,0.00152,L800_mc,s2469797,r,09/09/2026,17:24:15,eddie@node1l25.ecdf.ed.ac.uk,8,398
58197775,0.00152,L800_mc,s2469797,r,09/09/2026,17:21:30,eddie@node1o11.ecdf.ed.ac.uk,8,397
58197775,0.00151,L800_mc,s2469797,r,09/09/2026,17:13:24,eddie@node1h04.ecdf.ed.ac.uk,8,387
58152811,0.00151,downscale,barendar,r,09/09/2026,00:14:04,eddie@node1m22.ecdf.ed.ac.uk,6,6
58197775,0.00151,L800_mc,s2469797,r,09/09/2026,17:08:54,eddie@node1s16.ecdf.ed.ac.uk,8,386
58218221,0.00150,infpy-o3-s,ecellini,r,09/09/2026,13:33:15,gpu@node1o02.ecdf.ed.ac.uk,4
58197775,0.00149,L800_mc,s2469797,r,09/09/2026,16:57:13,eddie@node1s19.ecdf.ed.ac.uk,8,375
58165174,0.00149,step7_ext,s2116644,r,09/08/2026,16:51:41,eddie@node1m04.ecdf.ed.ac.uk,8,8
58197775,0.00145,L800_mc,s2469797,r,09/09/2026,16:41:38,eddie@node1h22.ecdf.ed.ac.uk,8,364
58197775,0.00145,L800_mc,s2469797,r,09/09/2026,16:36:24,eddie@node1o13.ecdf.ed.ac.uk,8,353
58197775,0.00143,L800_mc,s2469797,r,09/09/2026,16:24:17,eddie@node1r05.ecdf.ed.ac.uk,8,342
58197775,0.00143,L800_mc,s2469797,r,09/09/2026,16:24:32,eddie@node1h08.ecdf.ed.ac.uk,8,343
58197775,0.00141,L800_mc,s2469797,r,09/09/2026,16:09:37,eddie@node1r16.ecdf.ed.ac.uk,8,331
58197775,0.00141,L800_mc,s2469797,r,09/09/2026,16:09:37,eddie@node1h11.ecdf.ed.ac.uk,8,332
58165174,0.00140,step7_ext,s2116644,r,09/08/2026,16:51:41,eddie@node1k05.ecdf.ed.ac.uk,8,9
58148322,0.00139,Experiment,s2060501,r,09/08/2026,15:11:39,eddie@node1s09.ecdf.ed.ac.uk,10,54
58197775,0.00139,L800_mc,s2469797,r,09/09/2026,16:00:15,eddie@node1r12.ecdf.ed.ac.uk,8,321
58197775,0.00139,L800_mc,s2469797,r,09/09/2026,15:58:45,eddie@node1r15.ecdf.ed.ac.uk,8,320
58197775,0.00137,L800_mc,s2469797,r,09/09/2026,15:48:11,eddie@node1h23.ecdf.ed.ac.uk,8,309
58148322,0.00135,Experiment,s2060501,r,09/08/2026,14:42:40,eddie@node1m23.ecdf.ed.ac.uk,10,53
58197775,0.00134,L800_mc,s2469797,r,09/09/2026,15:33:31,eddie@node1h13.ecdf.ed.ac.uk,8,298
58165174,0.00132,step7_ext,s2116644,r,09/08/2026,16:51:41,eddie@node1j09.ecdf.ed.ac.uk,8,10
58197775,0.00131,L800_mc,s2469797,r,09/09/2026,15:12:36,eddie@node1m14.ecdf.ed.ac.uk,8,276
58049325,0.00130,b_ocExstor,s2719294,r,09/04/2026,14:22:30,eddie@node1g09.ecdf.ed.ac.uk,2
58197775,0.00128,L800_mc,s2469797,r,09/09/2026,14:51:16,eddie@node1j28.ecdf.ed.ac.uk,8,255
58197775,0.00128,L800_mc,s2469797,r,09/09/2026,14:50:46,eddie@node1h22.ecdf.ed.ac.uk,8,254
58165174,0.00127,step7_ext,s2116644,r,09/08/2026,16:51:41,eddie@node1k01.ecdf.ed.ac.uk,8,11
58197775,0.00125,L800_mc,s2469797,r,09/09/2026,14:39:56,eddie@node1l24.ecdf.ed.ac.uk,8,243
58197775,0.00123,L800_mc,s2469797,r,09/09/2026,14:25:31,eddie@node1o11.ecdf.ed.ac.uk,8,233
58197775,0.00123,L800_mc,s2469797,r,09/09/2026,14:25:16,eddie@node1r09.ecdf.ed.ac.uk,8,232
58148322,0.00123,Experiment,s2060501,r,09/08/2026,13:20:03,eddie@node1m18.ecdf.ed.ac.uk,10,52
58165174,0.00122,step7_ext,s2116644,r,09/08/2026,16:51:41,eddie@node1j07.ecdf.ed.ac.uk,8,12
58197775,0.00120,L800_mc,s2469797,r,09/09/2026,14:10:56,eddie@node1s19.ecdf.ed.ac.uk,8,222
58197775,0.00120,L800_mc,s2469797,r,09/09/2026,14:08:02,eddie@node1r09.ecdf.ed.ac.uk,8,221
58148322,0.00119,Experiment,s2060501,r,09/08/2026,12:56:06,eddie@node1m21.ecdf.ed.ac.uk,10,51
58256055,0.00118,nf-NFCORE_,dmanousi,r,09/09/2026,21:18:42,eddie@node1t01.ecdf.ed.ac.uk,12
58255871,0.00118,nf-NFCORE_,dmanousi,r,09/09/2026,21:14:12,eddie@node1t01.ecdf.ed.ac.uk,12
58256083,0.00118,nf-NFCORE_,dmanousi,r,09/09/2026,21:19:12,eddie@node1t01.ecdf.ed.ac.uk,12
58256182,0.00118,nf-NFCORE_,dmanousi,r,09/09/2026,21:21:42,eddie@node1t01.ecdf.ed.ac.uk,12
58256141,0.00118,nf-NFCORE_,dmanousi,r,09/09/2026,21:20:42,eddie@node1t01.ecdf.ed.ac.uk,12
58256510,0.00118,nf-NFCORE_,dmanousi,r,09/09/2026,21:29:27,eddie@node1m14.ecdf.ed.ac.uk,12
58255933,0.00118,nf-NFCORE_,dmanousi,r,09/09/2026,21:15:27,eddie@node1t01.ecdf.ed.ac.uk,12
58256309,0.00118,nf-NFCORE_,dmanousi,r,09/09/2026,21:24:27,eddie@node1t01.ecdf.ed.ac.uk,12
58256851,0.00118,nf-NFCORE_,dmanousi,r,09/09/2026,21:37:18,eddie@node1q14.ecdf.ed.ac.uk,12
58165174,0.00118,step7_ext,s2116644,r,09/08/2026,16:51:41,eddie@node1j21.ecdf.ed.ac.uk,8,13
58254120,0.00118,nf-NFCORE_,dmanousi,r,09/09/2026,20:33:19,eddie@node1t01.ecdf.ed.ac.uk,12
58255401,0.00118,nf-NFCORE_,dmanousi,r,09/09/2026,21:03:12,eddie@node1t01.ecdf.ed.ac.uk,12
58253299,0.00117,nf-NFCORE_,dmanousi,r,09/09/2026,20:16:16,eddie@node1t01.ecdf.ed.ac.uk,12
58253635,0.00117,nf-NFCORE_,dmanousi,r,09/09/2026,20:22:16,eddie@node1t01.ecdf.ed.ac.uk,12
58258195,0.00116,nf-NFCORE_,dmanousi,r,09/09/2026,22:07:28,eddie@node1h16.ecdf.ed.ac.uk,12
58257572,0.00116,nf-NFCORE_,dmanousi,r,09/09/2026,21:53:43,eddie@node1r17.ecdf.ed.ac.uk,12
58258111,0.00116,nf-NFCORE_,dmanousi,r,09/09/2026,22:05:55,eddie@node1t01.ecdf.ed.ac.uk,12
58258137,0.00116,nf-NFCORE_,dmanousi,r,09/09/2026,22:06:14,eddie@node1t01.ecdf.ed.ac.uk,12
58257723,0.00116,nf-NFCORE_,dmanousi,r,09/09/2026,21:56:58,eddie@node1t01.ecdf.ed.ac.uk,12
58197775,0.00116,L800_mc,s2469797,r,09/09/2026,13:40:38,eddie@node1h06.ecdf.ed.ac.uk,8,134
58258222,0.00116,nf-NFCORE_,dmanousi,r,09/09/2026,22:08:58,eddie@node1h11.ecdf.ed.ac.uk,12
58258274,0.00116,nf-NFCORE_,dmanousi,r,09/09/2026,22:20:06,eddie@node1t01.ecdf.ed.ac.uk,12
58258278,0.00116,nf-NFCORE_,dmanousi,r,09/09/2026,22:22:06,eddie@node1t01.ecdf.ed.ac.uk,12
58258279,0.00116,nf-NFCORE_,dmanousi,r,09/09/2026,22:22:06,eddie@node1m15.ecdf.ed.ac.uk,12
58197775,0.00116,L800_mc,s2469797,r,09/09/2026,13:40:23,eddie@node1h07.ecdf.ed.ac.uk,8,133
58257604,0.00116,nf-NFCORE_,dmanousi,r,09/09/2026,21:54:13,eddie@node1t01.ecdf.ed.ac.uk,12
58257487,0.00116,nf-NFCORE_,dmanousi,r,09/09/2026,21:52:07,eddie@node1h09.ecdf.ed.ac.uk,12
58257230,0.00116,nf-NFCORE_,dmanousi,r,09/09/2026,21:46:33,eddie@node1t01.ecdf.ed.ac.uk,12
58258254,0.00116,nf-NFCORE_,dmanousi,r,09/09/2026,22:14:43,eddie@node1h24.ecdf.ed.ac.uk,12
58258255,0.00116,nf-NFCORE_,dmanousi,r,09/09/2026,22:14:43,eddie@node1o10.ecdf.ed.ac.uk,12
58257342,0.00116,nf-NFCORE_,dmanousi,r,09/09/2026,21:49:03,eddie@node1t01.ecdf.ed.ac.uk,12
58257343,0.00116,nf-NFCORE_,dmanousi,r,09/09/2026,21:49:03,eddie@node1r17.ecdf.ed.ac.uk,12
58258241,0.00116,nf-NFCORE_,dmanousi,r,09/09/2026,22:12:43,eddie@node1t01.ecdf.ed.ac.uk,12
58257021,0.00116,nf-NFCORE_,dmanousi,r,09/09/2026,21:41:33,eddie@node1q15.ecdf.ed.ac.uk,12
58257321,0.00116,nf-NFCORE_,dmanousi,r,09/09/2026,21:48:33,eddie@node1t01.ecdf.ed.ac.uk,12
58257022,0.00116,nf-NFCORE_,dmanousi,r,09/09/2026,21:41:33,eddie@node1t01.ecdf.ed.ac.uk,12
58257248,0.00116,nf-NFCORE_,dmanousi,r,09/09/2026,21:46:48,eddie@node1r07.ecdf.ed.ac.uk,12
58257462,0.00116,nf-NFCORE_,dmanousi,r,09/09/2026,21:51:33,eddie@node1t01.ecdf.ed.ac.uk,12
58258242,0.00116,nf-NFCORE_,dmanousi,r,09/09/2026,22:12:58,eddie@node1h08.ecdf.ed.ac.uk,12
58258265,0.00116,nf-NFCORE_,dmanousi,r,09/09/2026,22:17:28,eddie@node1j27.ecdf.ed.ac.uk,12
58257124,0.00116,nf-NFCORE_,dmanousi,r,09/09/2026,21:43:48,eddie@node1t01.ecdf.ed.ac.uk,12
58258240,0.00116,nf-NFCORE_,dmanousi,r,09/09/2026,22:12:13,eddie@node1t01.ecdf.ed.ac.uk,12
58258248,0.00116,nf-NFCORE_,dmanousi,r,09/09/2026,22:13:28,eddie@node1h04.ecdf.ed.ac.uk,12
58148277,0.00116,Experiment,s2060501,r,09/08/2026,10:26:53,eddie@node1m23.ecdf.ed.ac.uk,10,1
58148277,0.00116,Experiment,s2060501,r,09/08/2026,10:26:53,eddie@node1m24.ecdf.ed.ac.uk,10,2
58148277,0.00116,Experiment,s2060501,r,09/08/2026,10:26:53,eddie@node1m22.ecdf.ed.ac.uk,10,3
58148277,0.00116,Experiment,s2060501,r,09/08/2026,10:26:53,eddie@node1m20.ecdf.ed.ac.uk,10,4
58148277,0.00116,Experiment,s2060501,r,09/08/2026,10:26:53,eddie@node1m19.ecdf.ed.ac.uk,10,5
58148277,0.00116,Experiment,s2060501,r,09/08/2026,10:26:53,eddie@node1m23.ecdf.ed.ac.uk,10,6
58148277,0.00116,Experiment,s2060501,r,09/08/2026,10:26:53,eddie@node1m18.ecdf.ed.ac.uk,10,7
58148277,0.00116,Experiment,s2060501,r,09/08/2026,10:26:53,eddie@node1m21.ecdf.ed.ac.uk,10,8
58148277,0.00116,Experiment,s2060501,r,09/08/2026,10:26:53,eddie@node1m24.ecdf.ed.ac.uk,10,9
58148277,0.00116,Experiment,s2060501,r,09/08/2026,10:26:53,eddie@node1m22.ecdf.ed.ac.uk,10,10
58148277,0.00116,Experiment,s2060501,r,09/08/2026,10:26:53,eddie@node1m20.ecdf.ed.ac.uk,10,11
58148277,0.00116,Experiment,s2060501,r,09/08/2026,10:26:53,eddie@node1m19.ecdf.ed.ac.uk,10,12
58148277,0.00116,Experiment,s2060501,r,09/08/2026,10:26:53,eddie@node1m23.ecdf.ed.ac.uk,10,13
58148277,0.00116,Experiment,s2060501,r,09/08/2026,10:26:53,eddie@node1m18.ecdf.ed.ac.uk,10,14
58148277,0.00116,Experiment,s2060501,r,09/08/2026,10:26:53,eddie@node1m21.ecdf.ed.ac.uk,10,15
58258267,0.00116,nf-NFCORE_,dmanousi,r,09/09/2026,22:17:51,eddie@node1t01.ecdf.ed.ac.uk,12
58257383,0.00115,nf-NFCORE_,dmanousi,r,09/09/2026,21:49:48,eddie@node1q15.ecdf.ed.ac.uk,12
58257397,0.00115,nf-NFCORE_,dmanousi,r,09/09/2026,21:50:03,eddie@node1h07.ecdf.ed.ac.uk,12
58258270,0.00115,nf-NFCORE_,dmanousi,r,09/09/2026,22:19:06,eddie@node1t01.ecdf.ed.ac.uk,12
58258271,0.00115,nf-NFCORE_,dmanousi,r,09/09/2026,22:19:36,eddie@node1h06.ecdf.ed.ac.uk,12
58147783,0.00114,ce1,gl02ad2,r,09/08/2026,17:49:28,eddie@node1l12.ecdf.ed.ac.uk,1
58165174,0.00114,step7_ext,s2116644,r,09/08/2026,16:51:41,eddie@node1j19.ecdf.ed.ac.uk,8,14
58165174,0.00111,step7_ext,s2116644,r,09/08/2026,16:51:41,eddie@node1j11.ecdf.ed.ac.uk,8,15
58165174,0.00111,step7_ext,s2116644,r,09/08/2026,16:51:41,eddie@node1j22.ecdf.ed.ac.uk,8,16
58165174,0.00111,step7_ext,s2116644,r,09/08/2026,16:51:41,eddie@node1k06.ecdf.ed.ac.uk,8,17
58165174,0.00111,step7_ext,s2116644,r,09/08/2026,16:51:41,eddie@node1k02.ecdf.ed.ac.uk,8,18
58165174,0.00111,step7_ext,s2116644,r,09/08/2026,16:51:41,eddie@node1j08.ecdf.ed.ac.uk,8,20
58165174,0.00111,step7_ext,s2116644,r,09/08/2026,16:51:41,eddie@node1j10.ecdf.ed.ac.uk,8,21
58165174,0.00111,step7_ext,s2116644,r,09/08/2026,16:51:41,eddie@node1j06.ecdf.ed.ac.uk,8,22
58165174,0.00111,step7_ext,s2116644,r,09/08/2026,16:51:41,eddie@node1k08.ecdf.ed.ac.uk,8,23
58165174,0.00111,step7_ext,s2116644,r,09/08/2026,16:51:41,eddie@node1j17.ecdf.ed.ac.uk,8,24
58165174,0.00111,step7_ext,s2116644,r,09/08/2026,16:51:41,eddie@node1k03.ecdf.ed.ac.uk,8,25
58165174,0.00111,step7_ext,s2116644,r,09/08/2026,16:51:41,eddie@node1j05.ecdf.ed.ac.uk,8,27
58165174,0.00111,step7_ext,s2116644,r,09/08/2026,16:51:41,eddie@node1j02.ecdf.ed.ac.uk,8,28
58165174,0.00111,step7_ext,s2116644,r,09/08/2026,16:51:41,eddie@node1m01.ecdf.ed.ac.uk,8,29
58165174,0.00111,step7_ext,s2116644,r,09/08/2026,16:51:41,eddie@node1m04.ecdf.ed.ac.uk,8,30
58165174,0.00111,step7_ext,s2116644,r,09/08/2026,16:51:41,eddie@node1k05.ecdf.ed.ac.uk,8,31
58165174,0.00111,step7_ext,s2116644,r,09/08/2026,16:51:41,eddie@node1j09.ecdf.ed.ac.uk,8,32
58165174,0.00111,step7_ext,s2116644,r,09/08/2026,16:51:41,eddie@node1k01.ecdf.ed.ac.uk,8,33
58165174,0.00111,step7_ext,s2116644,r,09/08/2026,16:51:41,eddie@node1j07.ecdf.ed.ac.uk,8,34
58165174,0.00111,step7_ext,s2116644,r,09/08/2026,16:51:41,eddie@node1j19.ecdf.ed.ac.uk,8,35
58165174,0.00111,step7_ext,s2116644,r,09/08/2026,16:51:41,eddie@node1j21.ecdf.ed.ac.uk,8,36
58165174,0.00111,step7_ext,s2116644,r,09/08/2026,16:51:41,eddie@node1j11.ecdf.ed.ac.uk,8,37
58165174,0.00111,step7_ext,s2116644,r,09/08/2026,16:51:41,eddie@node1j22.ecdf.ed.ac.uk,8,38
58165174,0.00111,step7_ext,s2116644,r,09/08/2026,16:51:41,eddie@node1k06.ecdf.ed.ac.uk,8,39
58165174,0.00111,step7_ext,s2116644,r,09/08/2026,16:51:41,eddie@node1k02.ecdf.ed.ac.uk,8,40
58165174,0.00111,step7_ext,s2116644,r,09/08/2026,16:51:41,eddie@node1k07.ecdf.ed.ac.uk,8,41
58165174,0.00111,step7_ext,s2116644,r,09/08/2026,16:51:41,eddie@node1j08.ecdf.ed.ac.uk,8,42
58165174,0.00111,step7_ext,s2116644,r,09/08/2026,16:51:41,eddie@node1j10.ecdf.ed.ac.uk,8,43
58165174,0.00111,step7_ext,s2116644,r,09/08/2026,16:51:41,eddie@node1j06.ecdf.ed.ac.uk,8,44
58165174,0.00111,step7_ext,s2116644,r,09/08/2026,16:51:41,eddie@node1k08.ecdf.ed.ac.uk,8,45
58165174,0.00111,step7_ext,s2116644,r,09/08/2026,16:51:41,eddie@node1k03.ecdf.ed.ac.uk,8,47
58165174,0.00111,step7_ext,s2116644,r,09/08/2026,16:51:41,eddie@node1k09.ecdf.ed.ac.uk,8,48
58165174,0.00111,step7_ext,s2116644,r,09/08/2026,16:51:41,eddie@node1j05.ecdf.ed.ac.uk,8,49
58165174,0.00111,step7_ext,s2116644,r,09/08/2026,16:51:41,eddie@node1j02.ecdf.ed.ac.uk,8,50
58049331,0.00110,b_ocInduck,s2719294,r,09/04/2026,14:24:00,eddie@node1g09.ecdf.ed.ac.uk,2
58197775,0.00107,L800_mc,s2469797,r,09/09/2026,12:34:15,eddie@node1h24.ecdf.ed.ac.uk,8,122
58147952,0.00107,ce1,gl02ad2,r,09/08/2026,18:13:39,eddie@node1l17.ecdf.ed.ac.uk,1
58196944,0.00106,bt.h2.read,s2520601,r,09/09/2026,02:44:17,eddie@node1q14.ecdf.ed.ac.uk,1,3
58196944,0.00106,bt.h2.read,s2520601,r,09/09/2026,02:44:17,eddie@node1q14.ecdf.ed.ac.uk,1,5
58196944,0.00106,bt.h2.read,s2520601,r,09/09/2026,02:44:17,eddie@node1q14.ecdf.ed.ac.uk,1,7
58197775,0.00104,L800_mc,s2469797,r,09/09/2026,12:12:56,eddie@node1r09.ecdf.ed.ac.uk,8,111
58148322,0.00104,Experiment,s2060501,r,09/08/2026,10:31:38,eddie@node1m18.ecdf.ed.ac.uk,10,11
58148322,0.00104,Experiment,s2060501,r,09/08/2026,10:31:38,eddie@node1m21.ecdf.ed.ac.uk,10,12
58148322,0.00104,Experiment,s2060501,r,09/08/2026,10:31:38,eddie@node1s10.ecdf.ed.ac.uk,10,13
58148322,0.00104,Experiment,s2060501,r,09/08/2026,10:31:38,eddie@node1s11.ecdf.ed.ac.uk,10,14
58148322,0.00104,Experiment,s2060501,r,09/08/2026,10:31:38,eddie@node1p09.ecdf.ed.ac.uk,10,15
58148322,0.00104,Experiment,s2060501,r,09/08/2026,10:31:38,eddie@node1p10.ecdf.ed.ac.uk,10,16
58148322,0.00104,Experiment,s2060501,r,09/08/2026,10:31:38,eddie@node1s12.ecdf.ed.ac.uk,10,17
58148322,0.00104,Experiment,s2060501,r,09/08/2026,10:31:38,eddie@node1p08.ecdf.ed.ac.uk,10,18
58148322,0.00104,Experiment,s2060501,r,09/08/2026,10:31:38,eddie@node1p11.ecdf.ed.ac.uk,10,19
58148322,0.00104,Experiment,s2060501,r,09/08/2026,10:31:38,eddie@node1s11.ecdf.ed.ac.uk,10,20
58148322,0.00104,Experiment,s2060501,r,09/08/2026,10:31:38,eddie@node1p09.ecdf.ed.ac.uk,10,21
58148322,0.00104,Experiment,s2060501,r,09/08/2026,10:31:38,eddie@node1p10.ecdf.ed.ac.uk,10,22
58148322,0.00104,Experiment,s2060501,r,09/08/2026,10:31:38,eddie@node1s12.ecdf.ed.ac.uk,10,23
58148322,0.00104,Experiment,s2060501,r,09/08/2026,10:31:38,eddie@node1p08.ecdf.ed.ac.uk,10,24
58148322,0.00104,Experiment,s2060501,r,09/08/2026,10:31:38,eddie@node1p11.ecdf.ed.ac.uk,10,25
58148322,0.00104,Experiment,s2060501,r,09/08/2026,10:31:38,eddie@node1s11.ecdf.ed.ac.uk,10,26
58148322,0.00104,Experiment,s2060501,r,09/08/2026,10:31:38,eddie@node1p09.ecdf.ed.ac.uk,10,27
58148322,0.00104,Experiment,s2060501,r,09/08/2026,10:31:38,eddie@node1p10.ecdf.ed.ac.uk,10,28
58148322,0.00104,Experiment,s2060501,r,09/08/2026,10:31:38,eddie@node1s12.ecdf.ed.ac.uk,10,29
58148322,0.00104,Experiment,s2060501,r,09/08/2026,10:31:38,eddie@node1p08.ecdf.ed.ac.uk,10,30
58148322,0.00104,Experiment,s2060501,r,09/08/2026,10:31:38,eddie@node1p11.ecdf.ed.ac.uk,10,31
58148322,0.00104,Experiment,s2060501,r,09/08/2026,10:31:38,eddie@node1s11.ecdf.ed.ac.uk,10,32
58148322,0.00104,Experiment,s2060501,r,09/08/2026,10:31:38,eddie@node1p09.ecdf.ed.ac.uk,10,33
58148322,0.00104,Experiment,s2060501,r,09/08/2026,10:31:38,eddie@node1p10.ecdf.ed.ac.uk,10,34
58148322,0.00104,Experiment,s2060501,r,09/08/2026,10:31:38,eddie@node1s09.ecdf.ed.ac.uk,10,35
58148322,0.00104,Experiment,s2060501,r,09/08/2026,10:31:38,eddie@node1s12.ecdf.ed.ac.uk,10,36
58148322,0.00104,Experiment,s2060501,r,09/08/2026,10:31:38,eddie@node1p08.ecdf.ed.ac.uk,10,37
58148322,0.00104,Experiment,s2060501,r,09/08/2026,10:31:38,eddie@node1p11.ecdf.ed.ac.uk,10,38
58148322,0.00104,Experiment,s2060501,r,09/08/2026,10:31:38,eddie@node1s11.ecdf.ed.ac.uk,10,39
58148322,0.00104,Experiment,s2060501,r,09/08/2026,10:31:38,eddie@node1p09.ecdf.ed.ac.uk,10,40
58197775,0.00100,L800_mc,s2469797,r,09/09/2026,11:09:12,eddie@node1o05.ecdf.ed.ac.uk,8,56
58197775,0.00100,L800_mc,s2469797,r,09/09/2026,11:35:20,eddie@node1s18.ecdf.ed.ac.uk,8,89
58197775,0.00100,L800_mc,s2469797,r,09/09/2026,11:31:20,eddie@node1h11.ecdf.ed.ac.uk,8,78
58197775,0.00099,L800_mc,s2469797,r,09/09/2026,11:54:52,eddie@node1o09.ecdf.ed.ac.uk,8,100
58197775,0.00097,L800_mc,s2469797,r,09/09/2026,11:14:16,eddie@node1s18.ecdf.ed.ac.uk,8,67
58136564,0.00095,Ti4O8-C12-,s1829244,r,09/07/2026,10:29:20,eddie@node1k14.ecdf.ed.ac.uk,2
58197775,0.00094,L800_mc,s2469797,r,09/09/2026,11:03:23,eddie@node1h24.ecdf.ed.ac.uk,8,46
58197775,0.00093,L800_mc,s2469797,r,09/09/2026,10:59:38,eddie@node1r18.ecdf.ed.ac.uk,8,45
58237709,0.00092,EL25_ELM_s,v1mcumm3,r,09/09/2026,18:16:27,eddie@node1e04.ecdf.ed.ac.uk,1
58197461,0.00092,L400_miss,s2469797,r,09/09/2026,10:19:47,eddie@node1r17.ecdf.ed.ac.uk,8,26
58197461,0.00092,L400_miss,s2469797,r,09/09/2026,10:19:47,eddie@node1r17.ecdf.ed.ac.uk,8,27
58197461,0.00092,L400_miss,s2469797,r,09/09/2026,10:29:22,eddie@node1h22.ecdf.ed.ac.uk,8,42
58197461,0.00092,L400_miss,s2469797,r,09/09/2026,10:29:22,eddie@node1h22.ecdf.ed.ac.uk,8,43
58197461,0.00092,L400_miss,s2469797,r,09/09/2026,10:21:03,eddie@node1h10.ecdf.ed.ac.uk,8,28
58197461,0.00092,L400_miss,s2469797,r,09/09/2026,10:21:03,eddie@node1h10.ecdf.ed.ac.uk,8,29
58197461,0.00092,L400_miss,s2469797,r,09/09/2026,10:28:05,eddie@node1h05.ecdf.ed.ac.uk,8,40
58197461,0.00092,L400_miss,s2469797,r,09/09/2026,10:28:05,eddie@node1h05.ecdf.ed.ac.uk,8,41
58197461,0.00092,L400_miss,s2469797,r,09/09/2026,10:26:03,eddie@node1o09.ecdf.ed.ac.uk,8,36
58197461,0.00092,L400_miss,s2469797,r,09/09/2026,10:26:03,eddie@node1o09.ecdf.ed.ac.uk,8,37
58197461,0.00092,L400_miss,s2469797,r,09/09/2026,10:26:03,eddie@node1o07.ecdf.ed.ac.uk,8,38
58197461,0.00092,L400_miss,s2469797,r,09/09/2026,10:26:03,eddie@node1o07.ecdf.ed.ac.uk,8,39
58197461,0.00092,L400_miss,s2469797,r,09/09/2026,10:23:03,eddie@node1s13.ecdf.ed.ac.uk,8,32
58197461,0.00092,L400_miss,s2469797,r,09/09/2026,10:23:03,eddie@node1s13.ecdf.ed.ac.uk,8,33
58197461,0.00092,L400_miss,s2469797,r,09/09/2026,10:29:36,eddie@node1s20.ecdf.ed.ac.uk,8,44
58197461,0.00092,L400_miss,s2469797,r,09/09/2026,10:29:36,eddie@node1s20.ecdf.ed.ac.uk,8,45
58197461,0.00092,L400_miss,s2469797,r,09/09/2026,10:29:36,eddie@node1h05.ecdf.ed.ac.uk,8,46
58197461,0.00092,L400_miss,s2469797,r,09/09/2026,10:29:36,eddie@node1h05.ecdf.ed.ac.uk,8,47
58197461,0.00092,L400_miss,s2469797,r,09/09/2026,10:21:18,eddie@node1o10.ecdf.ed.ac.uk,8,30
58197461,0.00092,L400_miss,s2469797,r,09/09/2026,10:21:18,eddie@node1o10.ecdf.ed.ac.uk,8,31
58197461,0.00092,L400_miss,s2469797,r,09/09/2026,10:24:03,eddie@node1o05.ecdf.ed.ac.uk,8,34
58197461,0.00092,L400_miss,s2469797,r,09/09/2026,10:24:03,eddie@node1o05.ecdf.ed.ac.uk,8,35
58197461,0.00092,L400_miss,s2469797,r,09/09/2026,10:29:51,eddie@node1j25.ecdf.ed.ac.uk,8,48
58197461,0.00092,L400_miss,s2469797,r,09/09/2026,10:29:51,eddie@node1j25.ecdf.ed.ac.uk,8,49
58242581,0.00091,code03_gms,s2285280,r,09/09/2026,19:21:30,eddie@node1m15.ecdf.ed.ac.uk,1,15
58242581,0.00091,code03_gms,s2285280,r,09/09/2026,19:21:30,eddie@node1r18.ecdf.ed.ac.uk,1,16
58242581,0.00091,code03_gms,s2285280,r,09/09/2026,19:21:30,eddie@node1m15.ecdf.ed.ac.uk,1,17
58242581,0.00091,code03_gms,s2285280,r,09/09/2026,19:21:30,eddie@node1s17.ecdf.ed.ac.uk,1,18
58242581,0.00091,code03_gms,s2285280,r,09/09/2026,19:21:30,eddie@node1r18.ecdf.ed.ac.uk,1,19
58242581,0.00091,code03_gms,s2285280,r,09/09/2026,19:21:30,eddie@node1s17.ecdf.ed.ac.uk,1,20
58242581,0.00091,code03_gms,s2285280,r,09/09/2026,19:21:30,eddie@node1o07.ecdf.ed.ac.uk,1,21
58242581,0.00091,code03_gms,s2285280,r,09/09/2026,19:21:30,eddie@node1r19.ecdf.ed.ac.uk,1,29
58242581,0.00091,code03_gms,s2285280,r,09/09/2026,19:21:30,eddie@node1r19.ecdf.ed.ac.uk,1,30
58242581,0.00091,code03_gms,s2285280,r,09/09/2026,19:21:30,eddie@node1m14.ecdf.ed.ac.uk,1,31
58242581,0.00091,code03_gms,s2285280,r,09/09/2026,19:21:30,eddie@node1r19.ecdf.ed.ac.uk,1,32
58242581,0.00091,code03_gms,s2285280,r,09/09/2026,19:21:30,eddie@node1h23.ecdf.ed.ac.uk,1,33
58242581,0.00091,code03_gms,s2285280,r,09/09/2026,19:21:30,eddie@node1r09.ecdf.ed.ac.uk,1,34
58242581,0.00091,code03_gms,s2285280,r,09/09/2026,19:21:30,eddie@node1h23.ecdf.ed.ac.uk,1,35
58242581,0.00091,code03_gms,s2285280,r,09/09/2026,19:21:30,eddie@node1h10.ecdf.ed.ac.uk,1,43
58242581,0.00091,code03_gms,s2285280,r,09/09/2026,19:21:30,eddie@node1s11.ecdf.ed.ac.uk,1,44
58242581,0.00091,code03_gms,s2285280,r,09/09/2026,19:21:30,eddie@node1o10.ecdf.ed.ac.uk,1,45
58242581,0.00091,code03_gms,s2285280,r,09/09/2026,19:21:30,eddie@node1o12.ecdf.ed.ac.uk,1,46
58242581,0.00091,code03_gms,s2285280,r,09/09/2026,19:21:30,eddie@node1h10.ecdf.ed.ac.uk,1,47
58242581,0.00091,code03_gms,s2285280,r,09/09/2026,19:21:30,eddie@node1s11.ecdf.ed.ac.uk,1,48
58242581,0.00091,code03_gms,s2285280,r,09/09/2026,19:21:30,eddie@node1o12.ecdf.ed.ac.uk,1,49
58242581,0.00091,code03_gms,s2285280,r,09/09/2026,19:21:30,eddie@node1k01.ecdf.ed.ac.uk,1,57
58242581,0.00091,code03_gms,s2285280,r,09/09/2026,19:21:30,eddie@node1k01.ecdf.ed.ac.uk,1,58
58242581,0.00091,code03_gms,s2285280,r,09/09/2026,19:21:30,eddie@node1l20.ecdf.ed.ac.uk,1,59
58242581,0.00091,code03_gms,s2285280,r,09/09/2026,19:21:30,eddie@node1m02.ecdf.ed.ac.uk,1,60
58242581,0.00091,code03_gms,s2285280,r,09/09/2026,19:21:30,eddie@node1m02.ecdf.ed.ac.uk,1,61
58242581,0.00091,code03_gms,s2285280,r,09/09/2026,19:21:30,eddie@node1m02.ecdf.ed.ac.uk,1,62
58242581,0.00091,code03_gms,s2285280,r,09/09/2026,19:21:30,eddie@node1j08.ecdf.ed.ac.uk,1,63
58242581,0.00091,code03_gms,s2285280,r,09/09/2026,19:21:30,eddie@node1j09.ecdf.ed.ac.uk,1,71
58242581,0.00091,code03_gms,s2285280,r,09/09/2026,19:21:30,eddie@node1j02.ecdf.ed.ac.uk,1,72
58242581,0.00091,code03_gms,s2285280,r,09/09/2026,19:21:30,eddie@node1j17.ecdf.ed.ac.uk,1,73
58242581,0.00091,code03_gms,s2285280,r,09/09/2026,19:21:30,eddie@node1k09.ecdf.ed.ac.uk,1,74
58242581,0.00091,code03_gms,s2285280,r,09/09/2026,19:21:30,eddie@node1k09.ecdf.ed.ac.uk,1,75
58242581,0.00091,code03_gms,s2285280,r,09/09/2026,19:21:30,eddie@node1k06.ecdf.ed.ac.uk,1,76
58242581,0.00091,code03_gms,s2285280,r,09/09/2026,19:21:30,eddie@node1k06.ecdf.ed.ac.uk,1,77
58242581,0.00091,code03_gms,s2285280,r,09/09/2026,19:21:30,eddie@node1d10.ecdf.ed.ac.uk,1,85
58242581,0.00091,code03_gms,s2285280,r,09/09/2026,19:21:30,eddie@node1d10.ecdf.ed.ac.uk,1,86
58242581,0.00091,code03_gms,s2285280,r,09/09/2026,19:21:30,eddie@node1d10.ecdf.ed.ac.uk,1,87
58242581,0.00091,code03_gms,s2285280,r,09/09/2026,19:21:30,eddie@node1e04.ecdf.ed.ac.uk,1,88
58242581,0.00091,code03_gms,s2285280,r,09/09/2026,19:21:30,eddie@node1e04.ecdf.ed.ac.uk,1,89
58197775,0.00088,L800_mc,s2469797,r,09/09/2026,10:49:33,eddie@node1s20.ecdf.ed.ac.uk,8,34
58197775,0.00088,L800_mc,s2469797,r,09/09/2026,10:49:33,eddie@node1s20.ecdf.ed.ac.uk,8,35
58197775,0.00088,L800_mc,s2469797,r,09/09/2026,10:43:05,eddie@node1h06.ecdf.ed.ac.uk,8,23
58197775,0.00088,L800_mc,s2469797,r,09/09/2026,10:43:20,eddie@node1h16.ecdf.ed.ac.uk,8,24
58197775,0.00087,L800_mc,s2469797,r,09/09/2026,10:30:14,eddie@node1r12.ecdf.ed.ac.uk,8,1
58197775,0.00087,L800_mc,s2469797,r,09/09/2026,10:30:14,eddie@node1o13.ecdf.ed.ac.uk,8,2
58197775,0.00087,L800_mc,s2469797,r,09/09/2026,10:33:28,eddie@node1m15.ecdf.ed.ac.uk,8,12
58197775,0.00087,L800_mc,s2469797,r,09/09/2026,10:33:28,eddie@node1m15.ecdf.ed.ac.uk,8,13
58237710,0.00085,EL25_ELM_s,v1mcumm3,r,09/09/2026,18:16:27,eddie@node1i24.ecdf.ed.ac.uk,1
58136590,0.00084,Ti4O8-C12-,s1829244,r,09/07/2026,10:33:03,eddie@node1k14.ecdf.ed.ac.uk,2
58165174,0.00084,step7_ext,s2116644,r,09/08/2026,17:08:26,eddie@node1s16.ecdf.ed.ac.uk,8,53
58165174,0.00084,step7_ext,s2116644,r,09/08/2026,17:08:26,eddie@node1m15.ecdf.ed.ac.uk,8,55
58165174,0.00084,step7_ext,s2116644,r,09/08/2026,17:08:26,eddie@node1m02.ecdf.ed.ac.uk,8,56
58165174,0.00084,step7_ext,s2116644,r,09/08/2026,17:08:26,eddie@node1m03.ecdf.ed.ac.uk,8,57
58165174,0.00084,step7_ext,s2116644,r,09/08/2026,17:08:26,eddie@node1j01.ecdf.ed.ac.uk,8,58
58165174,0.00084,step7_ext,s2116644,r,09/08/2026,17:08:26,eddie@node1j17.ecdf.ed.ac.uk,8,59
58165174,0.00084,step7_ext,s2116644,r,09/08/2026,17:08:26,eddie@node1k07.ecdf.ed.ac.uk,8,60
58165174,0.00084,step7_ext,s2116644,r,09/08/2026,17:08:26,eddie@node1j06.ecdf.ed.ac.uk,8,62
58165174,0.00084,step7_ext,s2116644,r,09/08/2026,17:08:26,eddie@node1m02.ecdf.ed.ac.uk,8,63
58165174,0.00084,step7_ext,s2116644,r,09/08/2026,17:08:26,eddie@node1m03.ecdf.ed.ac.uk,8,64
58165174,0.00084,step7_ext,s2116644,r,09/08/2026,17:08:26,eddie@node1j01.ecdf.ed.ac.uk,8,65
58165174,0.00084,step7_ext,s2116644,r,09/08/2026,17:08:26,eddie@node1j17.ecdf.ed.ac.uk,8,66
58165174,0.00084,step7_ext,s2116644,r,09/08/2026,17:08:26,eddie@node1k07.ecdf.ed.ac.uk,8,67
58165174,0.00084,step7_ext,s2116644,r,09/08/2026,17:08:26,eddie@node1l04.ecdf.ed.ac.uk,8,68
58165174,0.00084,step7_ext,s2116644,r,09/08/2026,17:08:26,eddie@node1m01.ecdf.ed.ac.uk,8,69
58165174,0.00084,step7_ext,s2116644,r,09/08/2026,17:08:26,eddie@node1k08.ecdf.ed.ac.uk,8,70
58165174,0.00084,step7_ext,s2116644,r,09/08/2026,17:08:26,eddie@node1m04.ecdf.ed.ac.uk,8,71
58165174,0.00084,step7_ext,s2116644,r,09/08/2026,17:08:26,eddie@node1j09.ecdf.ed.ac.uk,8,72
58165174,0.00083,step7_ext,s2116644,r,09/08/2026,17:01:41,eddie@node1r16.ecdf.ed.ac.uk,8,52
58165174,0.00081,step7_ext,s2116644,r,09/08/2026,17:13:59,eddie@node1h10.ecdf.ed.ac.uk,8,74
58165174,0.00081,step7_ext,s2116644,r,09/08/2026,16:52:11,eddie@node1k09.ecdf.ed.ac.uk,8,51
58165174,0.00080,step7_ext,s2116644,r,09/08/2026,17:08:56,eddie@node1s19.ecdf.ed.ac.uk,8,73
58237711,0.00079,EL25_ELM_s,v1mcumm3,r,09/09/2026,18:16:42,eddie@node1i24.ecdf.ed.ac.uk,1
58136601,0.00076,Ti4O8-C12-,s1829244,r,09/07/2026,10:36:18,eddie@node1n05.ecdf.ed.ac.uk,2
58237712,0.00074,EL25_ELM_s,v1mcumm3,r,09/09/2026,18:17:27,eddie@node1i24.ecdf.ed.ac.uk,1
58237713,0.00070,EL25_ELM_s,v1mcumm3,r,09/09/2026,18:19:12,eddie@node1i24.ecdf.ed.ac.uk,1
58237714,0.00070,EL25_ELM_s,v1mcumm3,r,09/09/2026,18:19:12,eddie@node1i24.ecdf.ed.ac.uk,1
58237715,0.00070,EL25_ELM_s,v1mcumm3,r,09/09/2026,18:19:12,eddie@node1i24.ecdf.ed.ac.uk,1
58237716,0.00070,EL25_ELM_s,v1mcumm3,r,09/09/2026,18:19:12,eddie@node1i24.ecdf.ed.ac.uk,1
58136910,0.00068,Ti4O8-C12-,s1829244,r,09/07/2026,10:46:44,eddie@node1n07.ecdf.ed.ac.uk,2
58255624,0.00062,nf-NFCORE_,dmanousi,r,09/09/2026,21:08:27,eddie@node1t01.ecdf.ed.ac.uk,6
58137008,0.00062,Ti4O8-C12-,s1829244,r,09/07/2026,10:49:44,eddie@node1n05.ecdf.ed.ac.uk,2
58049352,0.00061,b_Wetland_,s2719294,r,09/04/2026,14:31:56,eddie@node1g08.ecdf.ed.ac.uk,2
58255910,0.00060,nf-NFCORE_,dmanousi,r,09/09/2026,21:14:57,eddie@node1t01.ecdf.ed.ac.uk,6
58256098,0.00060,nf-NFCORE_,dmanousi,r,09/09/2026,21:19:27,eddie@node1t01.ecdf.ed.ac.uk,6
58255738,0.00060,nf-NFCORE_,dmanousi,r,09/09/2026,21:11:12,eddie@node1t01.ecdf.ed.ac.uk,6
58255807,0.00060,nf-NFCORE_,dmanousi,r,09/09/2026,21:12:42,eddie@node1t01.ecdf.ed.ac.uk,6
58256203,0.00060,nf-NFCORE_,dmanousi,r,09/09/2026,21:21:57,eddie@node1t01.ecdf.ed.ac.uk,6
58256810,0.00060,nf-NFCORE_,dmanousi,r,09/09/2026,21:36:18,eddie@node1t01.ecdf.ed.ac.uk,6
58256289,0.00060,nf-NFCORE_,dmanousi,r,09/09/2026,21:23:57,eddie@node1t01.ecdf.ed.ac.uk,6
58254377,0.00060,nf-NFCORE_,dmanousi,r,09/09/2026,20:39:04,eddie@node1t01.ecdf.ed.ac.uk,6
58254091,0.00059,nf-NFCORE_,dmanousi,r,09/09/2026,20:32:34,eddie@node1t01.ecdf.ed.ac.uk,6
58254619,0.00059,nf-NFCORE_,dmanousi,r,09/09/2026,20:44:34,eddie@node1t01.ecdf.ed.ac.uk,6
58258045,0.00058,nf-NFCORE_,dmanousi,r,09/09/2026,22:04:25,eddie@node1t01.ecdf.ed.ac.uk,6
58137099,0.00058,Ti4O8-C12-,s1829244,r,09/07/2026,10:52:44,eddie@node1n07.ecdf.ed.ac.uk,2
58258280,0.00058,nf-NFCORE_,dmanousi,r,09/09/2026,22:22:21,eddie@node1t01.ecdf.ed.ac.uk,6
58258135,0.00058,nf-NFCORE_,dmanousi,r,09/09/2026,22:06:10,eddie@node1t01.ecdf.ed.ac.uk,6
58257997,0.00058,nf-NFCORE_,dmanousi,r,09/09/2026,22:03:10,eddie@node1t01.ecdf.ed.ac.uk,6
58257854,0.00058,nf-NFCORE_,dmanousi,r,09/09/2026,21:59:55,eddie@node1t01.ecdf.ed.ac.uk,6
58258229,0.00058,nf-NFCORE_,dmanousi,r,09/09/2026,22:10:28,eddie@node1t01.ecdf.ed.ac.uk,6
58258283,0.00058,nf-NFCORE_,dmanousi,r,09/09/2026,22:22:51,eddie@node1t01.ecdf.ed.ac.uk,6
58257787,0.00058,nf-NFCORE_,dmanousi,r,09/09/2026,21:58:25,eddie@node1t01.ecdf.ed.ac.uk,6
58258223,0.00058,nf-NFCORE_,dmanousi,r,09/09/2026,22:09:43,eddie@node1q14.ecdf.ed.ac.uk,6
58258273,0.00058,nf-NFCORE_,dmanousi,r,09/09/2026,22:20:06,eddie@node1q13.ecdf.ed.ac.uk,6
58258212,0.00058,nf-NFCORE_,dmanousi,r,09/09/2026,22:08:13,eddie@node1t01.ecdf.ed.ac.uk,6
58258276,0.00058,nf-NFCORE_,dmanousi,r,09/09/2026,22:21:21,eddie@node1t01.ecdf.ed.ac.uk,6
58258230,0.00058,nf-NFCORE_,dmanousi,r,09/09/2026,22:10:43,eddie@node1r14.ecdf.ed.ac.uk,6
58258232,0.00058,nf-NFCORE_,dmanousi,r,09/09/2026,22:10:58,eddie@node1r15.ecdf.ed.ac.uk,6
58257509,0.00058,nf-NFCORE_,dmanousi,r,09/09/2026,21:52:27,eddie@node1t01.ecdf.ed.ac.uk,6
58257692,0.00058,nf-NFCORE_,dmanousi,r,09/09/2026,21:56:13,eddie@node1t01.ecdf.ed.ac.uk,6
58257306,0.00058,nf-NFCORE_,dmanousi,r,09/09/2026,21:48:18,eddie@node1q14.ecdf.ed.ac.uk,6
58257231,0.00058,nf-NFCORE_,dmanousi,r,09/09/2026,21:46:33,eddie@node1q13.ecdf.ed.ac.uk,6
58257311,0.00058,nf-NFCORE_,dmanousi,r,09/09/2026,21:48:18,eddie@node1t01.ecdf.ed.ac.uk,6
58257661,0.00058,nf-NFCORE_,dmanousi,r,09/09/2026,21:55:28,eddie@node1q13.ecdf.ed.ac.uk,6
58258196,0.00058,nf-NFCORE_,dmanousi,r,09/09/2026,22:07:43,eddie@node1t01.ecdf.ed.ac.uk,6
58257348,0.00058,nf-NFCORE_,dmanousi,r,09/09/2026,21:49:03,eddie@node1t01.ecdf.ed.ac.uk,6
58258253,0.00058,nf-NFCORE_,dmanousi,r,09/09/2026,22:14:28,eddie@node1o05.ecdf.ed.ac.uk,6
58258285,0.00058,nf-NFCORE_,dmanousi,r,09/09/2026,22:23:06,eddie@node1t01.ecdf.ed.ac.uk,6
58258197,0.00058,nf-NFCORE_,dmanousi,r,09/09/2026,22:07:58,eddie@node1l21.ecdf.ed.ac.uk,6
58257476,0.00058,nf-NFCORE_,dmanousi,r,09/09/2026,21:51:48,eddie@node1r16.ecdf.ed.ac.uk,6
58257418,0.00058,nf-NFCORE_,dmanousi,r,09/09/2026,21:50:48,eddie@node1q15.ecdf.ed.ac.uk,6
58257355,0.00058,nf-NFCORE_,dmanousi,r,09/09/2026,21:49:18,eddie@node1t01.ecdf.ed.ac.uk,6
58256938,0.00058,nf-NFCORE_,dmanousi,r,09/09/2026,21:39:48,eddie@node1q14.ecdf.ed.ac.uk,6
58256970,0.00058,nf-NFCORE_,dmanousi,r,09/09/2026,21:40:18,eddie@node1q14.ecdf.ed.ac.uk,6
58256978,0.00058,nf-NFCORE_,dmanousi,r,09/09/2026,21:40:35,eddie@node1t01.ecdf.ed.ac.uk,6
58257128,0.00058,nf-NFCORE_,dmanousi,r,09/09/2026,21:44:03,eddie@node1q13.ecdf.ed.ac.uk,6
58258249,0.00058,nf-NFCORE_,dmanousi,r,09/09/2026,22:13:58,eddie@node1q14.ecdf.ed.ac.uk,6
58258250,0.00058,nf-NFCORE_,dmanousi,r,09/09/2026,22:13:58,eddie@node1t01.ecdf.ed.ac.uk,6
58257192,0.00058,nf-NFCORE_,dmanousi,r,09/09/2026,21:45:48,eddie@node1t01.ecdf.ed.ac.uk,6
58258268,0.00058,nf-NFCORE_,dmanousi,r,09/09/2026,22:18:06,eddie@node1t01.ecdf.ed.ac.uk,6
58257176,0.00057,nf-NFCORE_,dmanousi,r,09/09/2026,21:45:18,eddie@node1q14.ecdf.ed.ac.uk,6
58258269,0.00057,nf-NFCORE_,dmanousi,r,09/09/2026,22:18:51,eddie@node1t01.ecdf.ed.ac.uk,6
58239041,0.00057,OF1_M21_D2,s2408107,r,09/09/2026,22:22:06,eddie@node1e05.ecdf.ed.ac.uk,1,4127
58239041,0.00057,OF1_M21_D2,s2408107,r,09/09/2026,22:22:06,eddie@node1e05.ecdf.ed.ac.uk,1,4128
58239041,0.00057,OF1_M21_D2,s2408107,r,09/09/2026,22:22:06,eddie@node1e05.ecdf.ed.ac.uk,1,4129
58196945,0.00056,bi.h2.read,s2520601,r,09/09/2026,02:45:02,eddie@node1q14.ecdf.ed.ac.uk,1,5
58237717,0.00056,EL25_ELM_s,v1mcumm3,r,09/09/2026,18:19:27,eddie@node1i24.ecdf.ed.ac.uk,1
58237718,0.00055,EL25_ELM_s,v1mcumm3,r,09/09/2026,18:23:42,eddie@node1m05.ecdf.ed.ac.uk,1
58137157,0.00054,Ti4O8-C12-,s1829244,r,09/07/2026,10:54:59,eddie@node1n05.ecdf.ed.ac.uk,2
58239041,0.00054,OF1_M21_D2,s2408107,r,09/09/2026,22:22:21,eddie@node1d03.ecdf.ed.ac.uk,1,4140
58239041,0.00054,OF1_M21_D2,s2408107,r,09/09/2026,22:22:21,eddie@node1d03.ecdf.ed.ac.uk,1,4141
58239041,0.00054,OF1_M21_D2,s2408107,r,09/09/2026,22:22:21,eddie@node1d03.ecdf.ed.ac.uk,1,4142
58239041,0.00054,OF1_M21_D2,s2408107,r,09/09/2026,22:22:21,eddie@node1d03.ecdf.ed.ac.uk,1,4143
58239041,0.00054,OF1_M21_D2,s2408107,r,09/09/2026,22:22:36,eddie@node1d04.ecdf.ed.ac.uk,1,4150
58239041,0.00054,OF1_M21_D2,s2408107,r,09/09/2026,22:22:36,eddie@node1d04.ecdf.ed.ac.uk,1,4151
58239041,0.00054,OF1_M21_D2,s2408107,r,09/09/2026,22:22:36,eddie@node1d04.ecdf.ed.ac.uk,1,4154
58239041,0.00054,OF1_M21_D2,s2408107,r,09/09/2026,22:22:36,eddie@node1d04.ecdf.ed.ac.uk,1,4155
58239041,0.00054,OF1_M21_D2,s2408107,r,09/09/2026,22:22:36,eddie@node1d04.ecdf.ed.ac.uk,1,4156
58239041,0.00053,OF1_M21_D2,s2408107,r,09/09/2026,22:22:51,eddie@node1e05.ecdf.ed.ac.uk,1,4157
58239041,0.00053,OF1_M21_D2,s2408107,r,09/09/2026,22:22:51,eddie@node1d02.ecdf.ed.ac.uk,1,4158
58239041,0.00053,OF1_M21_D2,s2408107,r,09/09/2026,22:22:51,eddie@node1e07.ecdf.ed.ac.uk,1,4159
58239041,0.00053,OF1_M21_D2,s2408107,r,09/09/2026,22:22:51,eddie@node1e07.ecdf.ed.ac.uk,1,4160
58239041,0.00053,OF1_M21_D2,s2408107,r,09/09/2026,22:22:51,eddie@node1d03.ecdf.ed.ac.uk,1,4161
58239041,0.00053,OF1_M21_D2,s2408107,r,09/09/2026,22:22:51,eddie@node1d03.ecdf.ed.ac.uk,1,4162
58239041,0.00053,OF1_M21_D2,s2408107,r,09/09/2026,22:22:51,eddie@node1d03.ecdf.ed.ac.uk,1,4163
58239041,0.00053,OF1_M21_D2,s2408107,r,09/09/2026,22:22:51,eddie@node1d09.ecdf.ed.ac.uk,1,4164
58239041,0.00053,OF1_M21_D2,s2408107,r,09/09/2026,22:22:51,eddie@node1d09.ecdf.ed.ac.uk,1,4165
58239041,0.00053,OF1_M21_D2,s2408107,r,09/09/2026,22:22:51,eddie@node1d09.ecdf.ed.ac.uk,1,4166
58239041,0.00053,OF1_M21_D2,s2408107,r,09/09/2026,22:22:51,eddie@node1d09.ecdf.ed.ac.uk,1,4167
58239041,0.00053,OF1_M21_D2,s2408107,r,09/09/2026,22:22:51,eddie@node1d09.ecdf.ed.ac.uk,1,4168
58239041,0.00053,OF1_M21_D2,s2408107,r,09/09/2026,22:22:51,eddie@node1d09.ecdf.ed.ac.uk,1,4169
58239041,0.00053,OF1_M21_D2,s2408107,r,09/09/2026,22:22:51,eddie@node1d09.ecdf.ed.ac.uk,1,4170
58239041,0.00053,OF1_M21_D2,s2408107,r,09/09/2026,22:22:51,eddie@node1d09.ecdf.ed.ac.uk,1,4171
58239041,0.00053,OF1_M21_D2,s2408107,r,09/09/2026,22:22:51,eddie@node1d09.ecdf.ed.ac.uk,1,4172
58239041,0.00053,OF1_M21_D2,s2408107,r,09/09/2026,22:22:51,eddie@node1d09.ecdf.ed.ac.uk,1,4173
58239041,0.00053,OF1_M21_D2,s2408107,r,09/09/2026,22:22:51,eddie@node1d09.ecdf.ed.ac.uk,1,4174
58239041,0.00053,OF1_M21_D2,s2408107,r,09/09/2026,22:22:51,eddie@node1d09.ecdf.ed.ac.uk,1,4175
58239041,0.00053,OF1_M21_D2,s2408107,r,09/09/2026,22:22:51,eddie@node1d09.ecdf.ed.ac.uk,1,4176
58137236,0.00051,Ti4O8-C12-,s1829244,r,09/07/2026,10:57:29,eddie@node1n07.ecdf.ed.ac.uk,2
58239041,0.00051,OF1_M21_D2,s2408107,r,09/09/2026,22:23:21,eddie@node1e05.ecdf.ed.ac.uk,1,4183
58239041,0.00051,OF1_M21_D2,s2408107,r,09/09/2026,22:23:21,eddie@node1e07.ecdf.ed.ac.uk,1,4184
58239041,0.00051,OF1_M21_D2,s2408107,r,09/09/2026,22:23:21,eddie@node1d02.ecdf.ed.ac.uk,1,4185
58239041,0.00051,OF1_M21_D2,s2408107,r,09/09/2026,22:23:21,eddie@node1d02.ecdf.ed.ac.uk,1,4186
58239041,0.00051,OF1_M21_D2,s2408107,r,09/09/2026,22:23:21,eddie@node1d02.ecdf.ed.ac.uk,1,4187
58239041,0.00051,OF1_M21_D2,s2408107,r,09/09/2026,22:23:21,eddie@node1d02.ecdf.ed.ac.uk,1,4188
58239041,0.00051,OF1_M21_D2,s2408107,r,09/09/2026,22:23:21,eddie@node1d02.ecdf.ed.ac.uk,1,4189
58239041,0.00051,OF1_M21_D2,s2408107,r,09/09/2026,22:23:21,eddie@node1d02.ecdf.ed.ac.uk,1,4190
58239041,0.00051,OF1_M21_D2,s2408107,r,09/09/2026,22:23:21,eddie@node1d03.ecdf.ed.ac.uk,1,4191
58239041,0.00051,OF1_M21_D2,s2408107,r,09/09/2026,22:23:21,eddie@node1e03.ecdf.ed.ac.uk,1,4192
58239041,0.00051,OF1_M21_D2,s2408107,r,09/09/2026,22:23:21,eddie@node1e03.ecdf.ed.ac.uk,1,4193
58239041,0.00051,OF1_M21_D2,s2408107,r,09/09/2026,22:23:21,eddie@node1f01.ecdf.ed.ac.uk,1,4194
58239041,0.00050,OF1_M21_D2,s2408107,r,09/09/2026,22:23:51,eddie@node1e09.ecdf.ed.ac.uk,1,4199
58239041,0.00050,OF1_M21_D2,s2408107,r,09/09/2026,22:23:51,eddie@node1e09.ecdf.ed.ac.uk,1,4200
58239041,0.00050,OF1_M21_D2,s2408107,r,09/09/2026,22:23:51,eddie@node1e09.ecdf.ed.ac.uk,1,4201
58239041,0.00050,OF1_M21_D2,s2408107,r,09/09/2026,22:23:51,eddie@node1d04.ecdf.ed.ac.uk,1,4202
58239041,0.00050,OF1_M21_D2,s2408107,r,09/09/2026,22:23:51,eddie@node1d04.ecdf.ed.ac.uk,1,4203
58239041,0.00050,OF1_M21_D2,s2408107,r,09/09/2026,22:23:51,eddie@node1d04.ecdf.ed.ac.uk,1,4204
58239041,0.00050,OF1_M21_D2,s2408107,r,09/09/2026,22:23:51,eddie@node1f01.ecdf.ed.ac.uk,1,4205
58239041,0.00050,OF1_M21_D2,s2408107,r,09/09/2026,22:23:06,eddie@node1e07.ecdf.ed.ac.uk,1,4177
58239041,0.00050,OF1_M21_D2,s2408107,r,09/09/2026,22:23:06,eddie@node1d03.ecdf.ed.ac.uk,1,4178
58239041,0.00050,OF1_M21_D2,s2408107,r,09/09/2026,22:23:06,eddie@node1d06.ecdf.ed.ac.uk,1,4179
58239041,0.00050,OF1_M21_D2,s2408107,r,09/09/2026,22:23:06,eddie@node1e09.ecdf.ed.ac.uk,1,4180
58239041,0.00050,OF1_M21_D2,s2408107,r,09/09/2026,22:23:06,eddie@node1e03.ecdf.ed.ac.uk,1,4181
58239041,0.00050,OF1_M21_D2,s2408107,r,09/09/2026,22:23:06,eddie@node1e03.ecdf.ed.ac.uk,1,4182
58152811,0.00050,downscale,barendar,r,09/08/2026,15:14:24,eddie@node1m22.ecdf.ed.ac.uk,6,2
58152811,0.00050,downscale,barendar,r,09/08/2026,15:14:24,eddie@node1s09.ecdf.ed.ac.uk,6,3
58152811,0.00050,downscale,barendar,r,09/08/2026,15:14:09,eddie@node1s12.ecdf.ed.ac.uk,6,1
58239041,0.00049,OF1_M21_D2,s2408107,r,09/09/2026,22:23:36,eddie@node1e05.ecdf.ed.ac.uk,1,4195
58239041,0.00049,OF1_M21_D2,s2408107,r,09/09/2026,22:23:36,eddie@node1e05.ecdf.ed.ac.uk,1,4196
58239041,0.00049,OF1_M21_D2,s2408107,r,09/09/2026,22:23:36,eddie@node1d03.ecdf.ed.ac.uk,1,4197
58239041,0.00049,OF1_M21_D2,s2408107,r,09/09/2026,22:23:36,eddie@node1e03.ecdf.ed.ac.uk,1,4198
58214476,0.00048,ce1,gl02ad2,r,09/09/2026,12:40:05,eddie@node1l18.ecdf.ed.ac.uk,1
58214479,0.00048,ce1,gl02ad2,r,09/09/2026,12:40:05,eddie@node1l12.ecdf.ed.ac.uk,1
58214480,0.00048,ce1,gl02ad2,r,09/09/2026,12:40:05,eddie@node1l18.ecdf.ed.ac.uk,1
58137330,0.00048,Ti4O8-C12-,s1829244,r,09/07/2026,11:00:37,eddie@node1n02.ecdf.ed.ac.uk,2
58253409,0.00043,calib,barendar,r,09/09/2026,20:17:16,eddie@node1f01.ecdf.ed.ac.uk,1
58137575,0.00039,h_ocExin,s2719294,r,09/07/2026,11:11:03,eddie@node1q04.ecdf.ed.ac.uk,2
58049393,0.00039,h_ocExstor,s2719294,r,09/04/2026,14:43:58,eddie@node1g10.ecdf.ed.ac.uk,2
58196947,0.00038,bi.h1.read,s2520601,r,09/09/2026,02:45:47,eddie@node1t01.ecdf.ed.ac.uk,1,3
58196947,0.00038,bi.h1.read,s2520601,r,09/09/2026,02:45:47,eddie@node1t01.ecdf.ed.ac.uk,1,5
58196947,0.00038,bi.h1.read,s2520601,r,09/09/2026,02:45:47,eddie@node1t01.ecdf.ed.ac.uk,1,7
58196947,0.00038,bi.h1.read,s2520601,r,09/09/2026,02:45:47,eddie@node1t01.ecdf.ed.ac.uk,1,10
58196947,0.00038,bi.h1.read,s2520601,r,09/09/2026,02:45:47,eddie@node1t01.ecdf.ed.ac.uk,1,15
58196947,0.00038,bi.h1.read,s2520601,r,09/09/2026,02:45:47,eddie@node1t01.ecdf.ed.ac.uk,1,18
58196947,0.00038,bi.h1.read,s2520601,r,09/09/2026,02:45:47,eddie@node1t01.ecdf.ed.ac.uk,1,19
58237738,0.00037,EL25_EL_s1,v1mcumm3,r,09/09/2026,19:10:30,eddie@node1f04.ecdf.ed.ac.uk,1
58237739,0.00036,EL25_EL_s1,v1mcumm3,r,09/09/2026,19:11:01,eddie@node1d10.ecdf.ed.ac.uk,1
58237740,0.00036,EL25_EL_s1,v1mcumm3,r,09/09/2026,19:11:01,eddie@node1d10.ecdf.ed.ac.uk,1
58237741,0.00036,EL25_EL_s1,v1mcumm3,r,09/09/2026,19:11:01,eddie@node1d10.ecdf.ed.ac.uk,1
58237742,0.00036,EL25_EL_s1,v1mcumm3,r,09/09/2026,19:11:01,eddie@node1d10.ecdf.ed.ac.uk,1
58237743,0.00036,EL25_EL_s1,v1mcumm3,r,09/09/2026,19:11:01,eddie@node1f01.ecdf.ed.ac.uk,1
58237737,0.00036,EL25_EL_s1,v1mcumm3,r,09/09/2026,18:44:29,eddie@node1e02.ecdf.ed.ac.uk,1
58237744,0.00034,EL25_EL_s1,v1mcumm3,r,09/09/2026,19:11:17,eddie@node1e10.ecdf.ed.ac.uk,1
58237745,0.00034,EL25_EL_s1,v1mcumm3,r,09/09/2026,19:11:17,eddie@node1d10.ecdf.ed.ac.uk,1
58237746,0.00033,EL25_EL_s1,v1mcumm3,r,09/09/2026,19:12:45,eddie@node1d10.ecdf.ed.ac.uk,1
58237747,0.00033,EL25_EL_s2,v1mcumm3,r,09/09/2026,19:12:45,eddie@node1e04.ecdf.ed.ac.uk,1
58237748,0.00033,EL25_EL_s2,v1mcumm3,r,09/09/2026,19:12:45,eddie@node1e04.ecdf.ed.ac.uk,1
58049445,0.00032,h_Wetland_,s2719294,r,09/04/2026,14:53:08,eddie@node1m23.ecdf.ed.ac.uk,2
58237749,0.00032,EL25_EL_s2,v1mcumm3,r,09/09/2026,19:13:01,eddie@node1d04.ecdf.ed.ac.uk,1
58237750,0.00031,EL25_EL_s2,v1mcumm3,r,09/09/2026,19:13:45,eddie@node1d09.ecdf.ed.ac.uk,1
58237751,0.00031,EL25_EL_s2,v1mcumm3,r,09/09/2026,19:13:45,eddie@node1d09.ecdf.ed.ac.uk,1
58237752,0.00031,EL25_EL_s2,v1mcumm3,r,09/09/2026,19:13:45,eddie@node1d09.ecdf.ed.ac.uk,1
58237753,0.00031,EL25_EL_s2,v1mcumm3,r,09/09/2026,19:13:45,eddie@node1d09.ecdf.ed.ac.uk,1
58237754,0.00031,EL25_EL_s2,v1mcumm3,r,09/09/2026,19:13:45,eddie@node1d09.ecdf.ed.ac.uk,1
58237755,0.00031,EL25_EL_s2,v1mcumm3,r,09/09/2026,19:13:45,eddie@node1d09.ecdf.ed.ac.uk,1
58237756,0.00031,EL25_EL_s2,v1mcumm3,r,09/09/2026,19:13:45,eddie@node1d09.ecdf.ed.ac.uk,1
58237757,0.00031,EL25_EL_s3,v1mcumm3,r,09/09/2026,19:13:45,eddie@node1d10.ecdf.ed.ac.uk,1
58237758,0.00029,EL25_BAU_s,v1mcumm3,r,09/09/2026,19:15:00,eddie@node1e04.ecdf.ed.ac.uk,1
58237759,0.00029,EL25_BAU_s,v1mcumm3,r,09/09/2026,19:15:00,eddie@node1e04.ecdf.ed.ac.uk,1
58237760,0.00029,EL25_BAU_s,v1mcumm3,r,09/09/2026,19:15:00,eddie@node1e04.ecdf.ed.ac.uk,1
58237761,0.00029,EL25_BAU_s,v1mcumm3,r,09/09/2026,19:15:00,eddie@node1e06.ecdf.ed.ac.uk,1
58237762,0.00028,EL25_BAU_s,v1mcumm3,r,09/09/2026,19:15:46,eddie@node1d04.ecdf.ed.ac.uk,1
58237763,0.00028,EL25_BAU_s,v1mcumm3,r,09/09/2026,19:15:46,eddie@node1d04.ecdf.ed.ac.uk,1
58237764,0.00028,EL25_BAU_s,v1mcumm3,r,09/09/2026,19:15:46,eddie@node1d04.ecdf.ed.ac.uk,1
58237765,0.00028,EL25_BAU_s,v1mcumm3,r,09/09/2026,19:15:46,eddie@node1d09.ecdf.ed.ac.uk,1
58237766,0.00028,EL25_BAU_s,v1mcumm3,r,09/09/2026,19:15:46,eddie@node1e04.ecdf.ed.ac.uk,1
58237767,0.00028,EL25_BAU_s,v1mcumm3,r,09/09/2026,19:15:46,eddie@node1e06.ecdf.ed.ac.uk,1
58237768,0.00027,EL25_BAU_s,v1mcumm3,r,09/09/2026,19:16:46,eddie@node1e09.ecdf.ed.ac.uk,1
58237769,0.00027,EL25_BAU_s,v1mcumm3,r,09/09/2026,19:16:46,eddie@node1d09.ecdf.ed.ac.uk,1
58237770,0.00027,EL25_BAU_s,v1mcumm3,r,09/09/2026,19:16:46,eddie@node1d10.ecdf.ed.ac.uk,1
58237771,0.00027,EL25_BAU_s,v1mcumm3,r,09/09/2026,19:16:46,eddie@node1e04.ecdf.ed.ac.uk,1
58237772,0.00027,EL25_BAU_s,v1mcumm3,r,09/09/2026,19:16:46,eddie@node1e04.ecdf.ed.ac.uk,1
58237773,0.00027,EL25_BAU_s,v1mcumm3,r,09/09/2026,19:16:46,eddie@node1e04.ecdf.ed.ac.uk,1
58237774,0.00027,EL25_BAU_s,v1mcumm3,r,09/09/2026,19:16:46,eddie@node1e04.ecdf.ed.ac.uk,1
58200540,0.00027,realignalt,s2589580,r,09/09/2026,10:36:43,igmm_long@node1a06.ecdf.ed.ac.,1,142
58237775,0.00025,EL25_BAU_s,v1mcumm3,r,09/09/2026,19:18:00,eddie@node1e04.ecdf.ed.ac.uk,1
58237776,0.00025,EL25_BAU_s,v1mcumm3,r,09/09/2026,19:18:16,eddie@node1e05.ecdf.ed.ac.uk,1
58237777,0.00025,EL25_BAU_s,v1mcumm3,r,09/09/2026,19:18:16,eddie@node1d10.ecdf.ed.ac.uk,1
58237778,0.00025,EL25_BAU_s,v1mcumm3,r,09/09/2026,19:18:16,eddie@node1f01.ecdf.ed.ac.uk,1
58237779,0.00025,EL25_BAU_s,v1mcumm3,r,09/09/2026,19:20:30,eddie@node1d09.ecdf.ed.ac.uk,1
58237780,0.00025,EL25_BAU_s,v1mcumm3,r,09/09/2026,19:20:30,eddie@node1d09.ecdf.ed.ac.uk,1
58237781,0.00025,EL25_BAU_s,v1mcumm3,r,09/09/2026,19:20:30,eddie@node1d09.ecdf.ed.ac.uk,1
58237782,0.00025,EL25_BAU_s,v1mcumm3,r,09/09/2026,19:20:30,eddie@node1e02.ecdf.ed.ac.uk,1
58237783,0.00024,EL25_BAU_s,v1mcumm3,r,09/09/2026,19:22:15,eddie@node1d04.ecdf.ed.ac.uk,1
58237784,0.00024,EL25_BAU_s,v1mcumm3,r,09/09/2026,19:22:15,eddie@node1d04.ecdf.ed.ac.uk,1
58237785,0.00024,EL25_BAU_s,v1mcumm3,r,09/09/2026,19:22:15,eddie@node1d04.ecdf.ed.ac.uk,1
58237786,0.00024,EL25_BAU_s,v1mcumm3,r,09/09/2026,19:22:16,eddie@node1f04.ecdf.ed.ac.uk,1
58237787,0.00024,EL25_BAU_s,v1mcumm3,r,09/09/2026,19:22:16,eddie@node1e10.ecdf.ed.ac.uk,1
58200540,0.00024,realignalt,s2589580,r,09/09/2026,10:36:43,igmm_long@node1b02.ecdf.ed.ac.,1,144
58200540,0.00023,realignalt,s2589580,r,09/09/2026,10:36:43,igmm_long@node1a01.ecdf.ed.ac.,1,145
58216853,0.00022,ce1,gl02ad2,r,09/09/2026,13:25:19,eddie@node1l14.ecdf.ed.ac.uk,1
58215137,0.00021,ce1,gl02ad2,r,09/09/2026,12:46:00,eddie@node1l15.ecdf.ed.ac.uk,1
58215138,0.00021,ce1,gl02ad2,r,09/09/2026,12:46:00,eddie@node1l15.ecdf.ed.ac.uk,1
58216620,0.00021,ce1,gl02ad2,r,09/09/2026,13:11:48,eddie@node1l17.ecdf.ed.ac.uk,1
58216623,0.00021,ce1,gl02ad2,r,09/09/2026,13:13:03,eddie@node1l17.ecdf.ed.ac.uk,1
58217234,0.00021,ce1,gl02ad2,r,09/09/2026,13:25:19,eddie@node1l14.ecdf.ed.ac.uk,1
58200540,0.00021,realignalt,s2589580,r,09/09/2026,10:36:43,igmm_long@node1a06.ecdf.ed.ac.,1,147
58200540,0.00021,realignalt,s2589580,r,09/09/2026,10:36:43,igmm_long@node1a01.ecdf.ed.ac.,1,150
58200540,0.00021,realignalt,s2589580,r,09/09/2026,10:36:43,igmm_long@node1b05.ecdf.ed.ac.,1,152
58200540,0.00021,realignalt,s2589580,r,09/09/2026,10:36:43,igmm_long@node1a06.ecdf.ed.ac.,1,153
58200540,0.00021,realignalt,s2589580,r,09/09/2026,10:36:43,igmm_long@node1b03.ecdf.ed.ac.,1,155
58200540,0.00021,realignalt,s2589580,r,09/09/2026,10:36:43,igmm_long@node1b02.ecdf.ed.ac.,1,157
58200540,0.00021,realignalt,s2589580,r,09/09/2026,10:36:43,igmm_long@node1a05.ecdf.ed.ac.,1,159
58200540,0.00021,realignalt,s2589580,r,09/09/2026,10:36:43,igmm_long@node1b06.ecdf.ed.ac.,1,161
58200540,0.00021,realignalt,s2589580,r,09/09/2026,10:36:43,igmm_long@node1a06.ecdf.ed.ac.,1,162
58200540,0.00021,realignalt,s2589580,r,09/09/2026,10:36:43,igmm_long@node1b08.ecdf.ed.ac.,1,164
58200540,0.00021,realignalt,s2589580,r,09/09/2026,10:36:43,igmm_long@node1a02.ecdf.ed.ac.,1,165
58200540,0.00021,realignalt,s2589580,r,09/09/2026,10:36:43,igmm_long@node1b03.ecdf.ed.ac.,1,166
58200540,0.00021,realignalt,s2589580,r,09/09/2026,10:36:43,igmm_long@node1a03.ecdf.ed.ac.,1,167
58200540,0.00021,realignalt,s2589580,r,09/09/2026,10:36:43,igmm_long@node1b02.ecdf.ed.ac.,1,168
58200540,0.00021,realignalt,s2589580,r,09/09/2026,10:36:43,igmm_long@node1a07.ecdf.ed.ac.,1,169
58200540,0.00021,realignalt,s2589580,r,09/09/2026,10:36:43,igmm_long@node1a01.ecdf.ed.ac.,1,171
58200540,0.00021,realignalt,s2589580,r,09/09/2026,10:36:43,igmm_long@node1b06.ecdf.ed.ac.,1,174
58200540,0.00021,realignalt,s2589580,r,09/09/2026,10:36:43,igmm_long@node1a06.ecdf.ed.ac.,1,175
58200540,0.00021,realignalt,s2589580,r,09/09/2026,10:36:43,igmm_long@node1a02.ecdf.ed.ac.,1,178
58200540,0.00021,realignalt,s2589580,r,09/09/2026,10:36:43,igmm_long@node1b03.ecdf.ed.ac.,1,179
58216621,0.00021,ce1,gl02ad2,r,09/09/2026,13:12:03,eddie@node1l17.ecdf.ed.ac.uk,1
58216622,0.00021,ce1,gl02ad2,r,09/09/2026,13:12:03,eddie@node1l17.ecdf.ed.ac.uk,1
58229162,0.00021,ce1,gl02ad2,r,09/09/2026,15:19:28,eddie@node1l18.ecdf.ed.ac.uk,1
58217444,0.00020,ce1,gl02ad2,r,09/09/2026,13:25:19,eddie@node1l14.ecdf.ed.ac.uk,1
58217445,0.00020,ce1,gl02ad2,r,09/09/2026,13:25:19,eddie@node1l14.ecdf.ed.ac.uk,1
58215530,0.00020,ce1,gl02ad2,r,09/09/2026,12:52:11,eddie@node1l17.ecdf.ed.ac.uk,1
58215531,0.00020,ce1,gl02ad2,r,09/09/2026,12:52:11,eddie@node1l12.ecdf.ed.ac.uk,1
58258027,0.00020,nf-NFCORE_,dmanousi,r,09/09/2026,22:04:10,eddie@node1q14.ecdf.ed.ac.uk,2
58258049,0.00019,nf-NFCORE_,dmanousi,r,09/09/2026,22:04:25,eddie@node1q14.ecdf.ed.ac.uk,2
58258281,0.00019,nf-NFCORE_,dmanousi,r,09/09/2026,22:22:21,eddie@node1q13.ecdf.ed.ac.uk,2
58258284,0.00019,nf-NFCORE_,dmanousi,r,09/09/2026,22:22:51,eddie@node1q15.ecdf.ed.ac.uk,2
58257937,0.00019,nf-NFCORE_,dmanousi,r,09/09/2026,22:01:55,eddie@node1q13.ecdf.ed.ac.uk,2
58233721,0.00019,gate_run,lchen8,r,09/09/2026,18:35:12,eddie@node1s18.ecdf.ed.ac.uk,1,9019
58233721,0.00019,gate_run,lchen8,r,09/09/2026,18:35:12,eddie@node1r07.ecdf.ed.ac.uk,1,9020
58233721,0.00019,gate_run,lchen8,r,09/09/2026,18:35:12,eddie@node1r20.ecdf.ed.ac.uk,1,9021
58233721,0.00019,gate_run,lchen8,r,09/09/2026,18:35:12,eddie@node1r20.ecdf.ed.ac.uk,1,9022
58233721,0.00019,gate_run,lchen8,r,09/09/2026,18:35:12,eddie@node1h23.ecdf.ed.ac.uk,1,9023
58233721,0.00019,gate_run,lchen8,r,09/09/2026,18:35:12,eddie@node1l19.ecdf.ed.ac.uk,1,9024
58233721,0.00019,gate_run,lchen8,r,09/09/2026,18:34:57,eddie@node1o11.ecdf.ed.ac.uk,1,9016
58233721,0.00019,gate_run,lchen8,r,09/09/2026,18:34:57,eddie@node1k01.ecdf.ed.ac.uk,1,9017
58233721,0.00019,gate_run,lchen8,r,09/09/2026,18:34:57,eddie@node1j17.ecdf.ed.ac.uk,1,9018
58233721,0.00019,gate_run,lchen8,r,09/09/2026,18:34:42,eddie@node1k06.ecdf.ed.ac.uk,1,9013
58233721,0.00019,gate_run,lchen8,r,09/09/2026,18:34:42,eddie@node1k06.ecdf.ed.ac.uk,1,9014
58233721,0.00019,gate_run,lchen8,r,09/09/2026,18:34:42,eddie@node1j17.ecdf.ed.ac.uk,1,9015
58233721,0.00019,gate_run,lchen8,r,09/09/2026,18:34:27,eddie@node1h23.ecdf.ed.ac.uk,1,9012
58233721,0.00019,gate_run,lchen8,r,09/09/2026,18:34:12,eddie@node1s13.ecdf.ed.ac.uk,1,8996
58233721,0.00019,gate_run,lchen8,r,09/09/2026,18:34:12,eddie@node1h07.ecdf.ed.ac.uk,1,8997
58233721,0.00019,gate_run,lchen8,r,09/09/2026,18:34:12,eddie@node1k06.ecdf.ed.ac.uk,1,8998
58233721,0.00019,gate_run,lchen8,r,09/09/2026,18:34:12,eddie@node1k06.ecdf.ed.ac.uk,1,8999
58233721,0.00019,gate_run,lchen8,r,09/09/2026,18:34:12,eddie@node1k06.ecdf.ed.ac.uk,1,9000
58233721,0.00019,gate_run,lchen8,r,09/09/2026,18:34:12,eddie@node1k06.ecdf.ed.ac.uk,1,9001
58233721,0.00019,gate_run,lchen8,r,09/09/2026,18:34:12,eddie@node1k06.ecdf.ed.ac.uk,1,9002
58233721,0.00019,gate_run,lchen8,r,09/09/2026,18:34:12,eddie@node1k06.ecdf.ed.ac.uk,1,9003
58233721,0.00019,gate_run,lchen8,r,09/09/2026,18:34:12,eddie@node1k06.ecdf.ed.ac.uk,1,9004
58233721,0.00019,gate_run,lchen8,r,09/09/2026,18:34:12,eddie@node1k06.ecdf.ed.ac.uk,1,9005
58233721,0.00019,gate_run,lchen8,r,09/09/2026,18:34:12,eddie@node1k06.ecdf.ed.ac.uk,1,9006
58233721,0.00019,gate_run,lchen8,r,09/09/2026,18:34:12,eddie@node1k06.ecdf.ed.ac.uk,1,9007
58233721,0.00019,gate_run,lchen8,r,09/09/2026,18:34:12,eddie@node1k06.ecdf.ed.ac.uk,1,9008
58233721,0.00019,gate_run,lchen8,r,09/09/2026,18:34:12,eddie@node1k06.ecdf.ed.ac.uk,1,9009
58233721,0.00019,gate_run,lchen8,r,09/09/2026,18:34:12,eddie@node1k06.ecdf.ed.ac.uk,1,9010
58233721,0.00019,gate_run,lchen8,r,09/09/2026,18:34:12,eddie@node1k06.ecdf.ed.ac.uk,1,9011
58233721,0.00019,gate_run,lchen8,r,09/09/2026,18:33:57,eddie@node1i03.ecdf.ed.ac.uk,1,8991
58233721,0.00019,gate_run,lchen8,r,09/09/2026,18:33:57,eddie@node1r18.ecdf.ed.ac.uk,1,8992
58233721,0.00019,gate_run,lchen8,r,09/09/2026,18:33:57,eddie@node1m16.ecdf.ed.ac.uk,1,8993
58233721,0.00019,gate_run,lchen8,r,09/09/2026,18:33:57,eddie@node1s16.ecdf.ed.ac.uk,1,8994
58233721,0.00019,gate_run,lchen8,r,09/09/2026,18:33:57,eddie@node1j04.ecdf.ed.ac.uk,1,8995
58233721,0.00019,gate_run,lchen8,r,09/09/2026,18:33:42,eddie@node1s13.ecdf.ed.ac.uk,1,8985
58233721,0.00019,gate_run,lchen8,r,09/09/2026,18:33:42,eddie@node1s13.ecdf.ed.ac.uk,1,8986
58233721,0.00019,gate_run,lchen8,r,09/09/2026,18:33:42,eddie@node1r20.ecdf.ed.ac.uk,1,8987
58233721,0.00019,gate_run,lchen8,r,09/09/2026,18:33:42,eddie@node1p09.ecdf.ed.ac.uk,1,8988
58233721,0.00019,gate_run,lchen8,r,09/09/2026,18:33:42,eddie@node1p09.ecdf.ed.ac.uk,1,8989
58233721,0.00019,gate_run,lchen8,r,09/09/2026,18:33:42,eddie@node1o08.ecdf.ed.ac.uk,1,8990
58233721,0.00019,gate_run,lchen8,r,09/09/2026,18:33:27,eddie@node1s13.ecdf.ed.ac.uk,1,8981
58233721,0.00019,gate_run,lchen8,r,09/09/2026,18:33:27,eddie@node1m13.ecdf.ed.ac.uk,1,8982
58233721,0.00019,gate_run,lchen8,r,09/09/2026,18:33:27,eddie@node1m11.ecdf.ed.ac.uk,1,8983
58233721,0.00019,gate_run,lchen8,r,09/09/2026,18:33:27,eddie@node1j06.ecdf.ed.ac.uk,1,8984
58215719,0.00019,ce1,gl02ad2,r,09/09/2026,12:55:19,eddie@node1l17.ecdf.ed.ac.uk,1
58215724,0.00019,ce1,gl02ad2,r,09/09/2026,12:55:19,eddie@node1l12.ecdf.ed.ac.uk,1
58215725,0.00019,ce1,gl02ad2,r,09/09/2026,12:55:19,eddie@node1l18.ecdf.ed.ac.uk,1
58233721,0.00019,gate_run,lchen8,r,09/09/2026,18:33:12,eddie@node1s18.ecdf.ed.ac.uk,1,8976
58233721,0.00019,gate_run,lchen8,r,09/09/2026,18:33:12,eddie@node1l20.ecdf.ed.ac.uk,1,8977
58233721,0.00019,gate_run,lchen8,r,09/09/2026,18:33:12,eddie@node1k05.ecdf.ed.ac.uk,1,8978
58233721,0.00019,gate_run,lchen8,r,09/09/2026,18:33:12,eddie@node1k05.ecdf.ed.ac.uk,1,8979
58233721,0.00019,gate_run,lchen8,r,09/09/2026,18:33:12,eddie@node1j02.ecdf.ed.ac.uk,1,8980
58233721,0.00019,gate_run,lchen8,r,09/09/2026,18:32:57,eddie@node1r18.ecdf.ed.ac.uk,1,8974
58233721,0.00019,gate_run,lchen8,r,09/09/2026,18:32:57,eddie@node1s18.ecdf.ed.ac.uk,1,8975
58233721,0.00019,gate_run,lchen8,r,09/09/2026,18:32:42,eddie@node1i03.ecdf.ed.ac.uk,1,8969
58233721,0.00019,gate_run,lchen8,r,09/09/2026,18:32:42,eddie@node1r18.ecdf.ed.ac.uk,1,8970
58233721,0.00019,gate_run,lchen8,r,09/09/2026,18:32:42,eddie@node1m14.ecdf.ed.ac.uk,1,8971
58233721,0.00019,gate_run,lchen8,r,09/09/2026,18:32:42,eddie@node1k01.ecdf.ed.ac.uk,1,8972
58233721,0.00019,gate_run,lchen8,r,09/09/2026,18:32:42,eddie@node1j02.ecdf.ed.ac.uk,1,8973
58233721,0.00019,gate_run,lchen8,r,09/09/2026,18:32:27,eddie@node1s20.ecdf.ed.ac.uk,1,8964
58233721,0.00019,gate_run,lchen8,r,09/09/2026,18:32:27,eddie@node1s13.ecdf.ed.ac.uk,1,8965
58233721,0.00019,gate_run,lchen8,r,09/09/2026,18:32:27,eddie@node1r18.ecdf.ed.ac.uk,1,8966
58233721,0.00019,gate_run,lchen8,r,09/09/2026,18:32:27,eddie@node1s18.ecdf.ed.ac.uk,1,8967
58233721,0.00019,gate_run,lchen8,r,09/09/2026,18:32:27,eddie@node1o08.ecdf.ed.ac.uk,1,8968
58233721,0.00019,gate_run,lchen8,r,09/09/2026,18:32:12,eddie@node1h04.ecdf.ed.ac.uk,1,8961
58233721,0.00019,gate_run,lchen8,r,09/09/2026,18:32:12,eddie@node1m07.ecdf.ed.ac.uk,1,8962
58233721,0.00019,gate_run,lchen8,r,09/09/2026,18:32:12,eddie@node1m12.ecdf.ed.ac.uk,1,8963
58233721,0.00019,gate_run,lchen8,r,09/09/2026,18:31:57,eddie@node1i02.ecdf.ed.ac.uk,1,8957
58233721,0.00019,gate_run,lchen8,r,09/09/2026,18:31:57,eddie@node1h08.ecdf.ed.ac.uk,1,8958
58233721,0.00019,gate_run,lchen8,r,09/09/2026,18:31:57,eddie@node1h04.ecdf.ed.ac.uk,1,8959
58233721,0.00019,gate_run,lchen8,r,09/09/2026,18:31:57,eddie@node1i24.ecdf.ed.ac.uk,1,8960
58233721,0.00019,gate_run,lchen8,r,09/09/2026,18:31:42,eddie@node1h24.ecdf.ed.ac.uk,1,8940
58233721,0.00019,gate_run,lchen8,r,09/09/2026,18:31:42,eddie@node1l08.ecdf.ed.ac.uk,1,8941
58233721,0.00019,gate_run,lchen8,r,09/09/2026,18:31:42,eddie@node1k05.ecdf.ed.ac.uk,1,8942
58233721,0.00019,gate_run,lchen8,r,09/09/2026,18:31:42,eddie@node1k05.ecdf.ed.ac.uk,1,8943
58233721,0.00019,gate_run,lchen8,r,09/09/2026,18:31:42,eddie@node1k05.ecdf.ed.ac.uk,1,8944
58233721,0.00019,gate_run,lchen8,r,09/09/2026,18:31:42,eddie@node1k05.ecdf.ed.ac.uk,1,8945
58233721,0.00019,gate_run,lchen8,r,09/09/2026,18:31:42,eddie@node1k05.ecdf.ed.ac.uk,1,8946
58233721,0.00019,gate_run,lchen8,r,09/09/2026,18:31:42,eddie@node1k05.ecdf.ed.ac.uk,1,8947
58233721,0.00019,gate_run,lchen8,r,09/09/2026,18:31:42,eddie@node1k05.ecdf.ed.ac.uk,1,8948
58233721,0.00019,gate_run,lchen8,r,09/09/2026,18:31:42,eddie@node1k05.ecdf.ed.ac.uk,1,8949
58233721,0.00019,gate_run,lchen8,r,09/09/2026,18:31:42,eddie@node1k05.ecdf.ed.ac.uk,1,8950
58233721,0.00019,gate_run,lchen8,r,09/09/2026,18:31:42,eddie@node1k05.ecdf.ed.ac.uk,1,8951
58233721,0.00019,gate_run,lchen8,r,09/09/2026,18:31:42,eddie@node1l03.ecdf.ed.ac.uk,1,8952
58233721,0.00019,gate_run,lchen8,r,09/09/2026,18:31:42,eddie@node1k05.ecdf.ed.ac.uk,1,8953
58233721,0.00019,gate_run,lchen8,r,09/09/2026,18:31:42,eddie@node1k05.ecdf.ed.ac.uk,1,8954
58233721,0.00019,gate_run,lchen8,r,09/09/2026,18:31:42,eddie@node1k05.ecdf.ed.ac.uk,1,8955
58233721,0.00019,gate_run,lchen8,r,09/09/2026,18:31:42,eddie@node1k05.ecdf.ed.ac.uk,1,8956
58233721,0.00019,gate_run,lchen8,r,09/09/2026,18:31:27,eddie@node1j21.ecdf.ed.ac.uk,1,8939
58233721,0.00019,gate_run,lchen8,r,09/09/2026,18:31:12,eddie@node1r09.ecdf.ed.ac.uk,1,8936
58233721,0.00019,gate_run,lchen8,r,09/09/2026,18:31:12,eddie@node1h08.ecdf.ed.ac.uk,1,8937
58233721,0.00019,gate_run,lchen8,r,09/09/2026,18:31:12,eddie@node1i24.ecdf.ed.ac.uk,1,8938
58233721,0.00019,gate_run,lchen8,r,09/09/2026,18:30:58,eddie@node1o11.ecdf.ed.ac.uk,1,8929
58233721,0.00019,gate_run,lchen8,r,09/09/2026,18:30:58,eddie@node1j19.ecdf.ed.ac.uk,1,8930
58233721,0.00019,gate_run,lchen8,r,09/09/2026,18:30:58,eddie@node1j19.ecdf.ed.ac.uk,1,8931
58233721,0.00019,gate_run,lchen8,r,09/09/2026,18:30:58,eddie@node1j17.ecdf.ed.ac.uk,1,8932
58233721,0.00019,gate_run,lchen8,r,09/09/2026,18:30:58,eddie@node1j17.ecdf.ed.ac.uk,1,8933
58233721,0.00019,gate_run,lchen8,r,09/09/2026,18:30:58,eddie@node1j17.ecdf.ed.ac.uk,1,8934
58233721,0.00019,gate_run,lchen8,r,09/09/2026,18:30:58,eddie@node1j02.ecdf.ed.ac.uk,1,8935
58233721,0.00018,gate_run,lchen8,r,09/09/2026,18:30:42,eddie@node1m14.ecdf.ed.ac.uk,1,8924
58233721,0.00018,gate_run,lchen8,r,09/09/2026,18:30:42,eddie@node1m13.ecdf.ed.ac.uk,1,8925
58233721,0.00018,gate_run,lchen8,r,09/09/2026,18:30:42,eddie@node1l19.ecdf.ed.ac.uk,1,8926
58233721,0.00018,gate_run,lchen8,r,09/09/2026,18:30:42,eddie@node1j02.ecdf.ed.ac.uk,1,8927
58233721,0.00018,gate_run,lchen8,r,09/09/2026,18:30:42,eddie@node1j02.ecdf.ed.ac.uk,1,8928
58233721,0.00018,gate_run,lchen8,r,09/09/2026,18:30:27,eddie@node1i07.ecdf.ed.ac.uk,1,8903
58233721,0.00018,gate_run,lchen8,r,09/09/2026,18:30:27,eddie@node1o09.ecdf.ed.ac.uk,1,8904
58233721,0.00018,gate_run,lchen8,r,09/09/2026,18:30:27,eddie@node1h24.ecdf.ed.ac.uk,1,8905
58233721,0.00018,gate_run,lchen8,r,09/09/2026,18:30:27,eddie@node1j11.ecdf.ed.ac.uk,1,8906
58233721,0.00018,gate_run,lchen8,r,09/09/2026,18:30:27,eddie@node1j19.ecdf.ed.ac.uk,1,8907
58233721,0.00018,gate_run,lchen8,r,09/09/2026,18:30:27,eddie@node1j19.ecdf.ed.ac.uk,1,8908
58233721,0.00018,gate_run,lchen8,r,09/09/2026,18:30:27,eddie@node1j19.ecdf.ed.ac.uk,1,8909
58233721,0.00018,gate_run,lchen8,r,09/09/2026,18:30:27,eddie@node1j19.ecdf.ed.ac.uk,1,8910
58233721,0.00018,gate_run,lchen8,r,09/09/2026,18:30:27,eddie@node1j19.ecdf.ed.ac.uk,1,8911
58233721,0.00018,gate_run,lchen8,r,09/09/2026,18:30:27,eddie@node1j19.ecdf.ed.ac.uk,1,8912
58233721,0.00018,gate_run,lchen8,r,09/09/2026,18:30:27,eddie@node1j19.ecdf.ed.ac.uk,1,8913
58233721,0.00018,gate_run,lchen8,r,09/09/2026,18:30:27,eddie@node1j19.ecdf.ed.ac.uk,1,8914
58233721,0.00018,gate_run,lchen8,r,09/09/2026,18:30:27,eddie@node1j19.ecdf.ed.ac.uk,1,8915
58233721,0.00018,gate_run,lchen8,r,09/09/2026,18:30:27,eddie@node1j19.ecdf.ed.ac.uk,1,8916
58233721,0.00018,gate_run,lchen8,r,09/09/2026,18:30:27,eddie@node1j19.ecdf.ed.ac.uk,1,8917
58233721,0.00018,gate_run,lchen8,r,09/09/2026,18:30:27,eddie@node1j19.ecdf.ed.ac.uk,1,8918
58233721,0.00018,gate_run,lchen8,r,09/09/2026,18:30:27,eddie@node1j19.ecdf.ed.ac.uk,1,8919
58233721,0.00018,gate_run,lchen8,r,09/09/2026,18:30:27,eddie@node1j19.ecdf.ed.ac.uk,1,8920
58233721,0.00018,gate_run,lchen8,r,09/09/2026,18:30:27,eddie@node1m12.ecdf.ed.ac.uk,1,8921
58233721,0.00018,gate_run,lchen8,r,09/09/2026,18:30:27,eddie@node1j17.ecdf.ed.ac.uk,1,8922
58233721,0.00018,gate_run,lchen8,r,09/09/2026,18:30:27,eddie@node1i24.ecdf.ed.ac.uk,1,8923
58233721,0.00018,gate_run,lchen8,r,09/09/2026,18:30:12,eddie@node1m14.ecdf.ed.ac.uk,1,8899
58233721,0.00018,gate_run,lchen8,r,09/09/2026,18:30:12,eddie@node1o10.ecdf.ed.ac.uk,1,8900
58233721,0.00018,gate_run,lchen8,r,09/09/2026,18:30:12,eddie@node1m13.ecdf.ed.ac.uk,1,8901
58233721,0.00018,gate_run,lchen8,r,09/09/2026,18:30:12,eddie@node1j19.ecdf.ed.ac.uk,1,8902
58233721,0.00018,gate_run,lchen8,r,09/09/2026,18:29:57,eddie@node1i03.ecdf.ed.ac.uk,1,8895
58233721,0.00018,gate_run,lchen8,r,09/09/2026,18:29:57,eddie@node1h24.ecdf.ed.ac.uk,1,8896
58233721,0.00018,gate_run,lchen8,r,09/09/2026,18:29:57,eddie@node1r09.ecdf.ed.ac.uk,1,8897
58233721,0.00018,gate_run,lchen8,r,09/09/2026,18:29:57,eddie@node1j02.ecdf.ed.ac.uk,1,8898
58233721,0.00018,gate_run,lchen8,r,09/09/2026,18:29:42,eddie@node1h22.ecdf.ed.ac.uk,1,8887
58233721,0.00018,gate_run,lchen8,r,09/09/2026,18:29:42,eddie@node1s18.ecdf.ed.ac.uk,1,8888
58233721,0.00018,gate_run,lchen8,r,09/09/2026,18:29:42,eddie@node1h24.ecdf.ed.ac.uk,1,8889
58233721,0.00018,gate_run,lchen8,r,09/09/2026,18:29:42,eddie@node1r09.ecdf.ed.ac.uk,1,8890
58233721,0.00018,gate_run,lchen8,r,09/09/2026,18:29:42,eddie@node1r09.ecdf.ed.ac.uk,1,8891
58233721,0.00018,gate_run,lchen8,r,09/09/2026,18:29:42,eddie@node1j03.ecdf.ed.ac.uk,1,8892
58233721,0.00018,gate_run,lchen8,r,09/09/2026,18:29:42,eddie@node1l10.ecdf.ed.ac.uk,1,8893
58233721,0.00018,gate_run,lchen8,r,09/09/2026,18:29:42,eddie@node1l19.ecdf.ed.ac.uk,1,8894
58233721,0.00018,gate_run,lchen8,r,09/09/2026,18:29:27,eddie@node1s13.ecdf.ed.ac.uk,1,8885
58233721,0.00018,gate_run,lchen8,r,09/09/2026,18:29:27,eddie@node1h09.ecdf.ed.ac.uk,1,8886
58233721,0.00018,gate_run,lchen8,r,09/09/2026,18:29:12,eddie@node1i02.ecdf.ed.ac.uk,1,8879
58233721,0.00018,gate_run,lchen8,r,09/09/2026,18:29:12,eddie@node1i07.ecdf.ed.ac.uk,1,8880
58233721,0.00018,gate_run,lchen8,r,09/09/2026,18:29:12,eddie@node1s14.ecdf.ed.ac.uk,1,8881
58233721,0.00018,gate_run,lchen8,r,09/09/2026,18:29:12,eddie@node1h12.ecdf.ed.ac.uk,1,8882
58233721,0.00018,gate_run,lchen8,r,09/09/2026,18:29:12,eddie@node1h07.ecdf.ed.ac.uk,1,8883
58233721,0.00018,gate_run,lchen8,r,09/09/2026,18:29:12,eddie@node1m04.ecdf.ed.ac.uk,1,8884
58233721,0.00018,gate_run,lchen8,r,09/09/2026,18:28:57,eddie@node1s14.ecdf.ed.ac.uk,1,8874
58233721,0.00018,gate_run,lchen8,r,09/09/2026,18:28:57,eddie@node1s17.ecdf.ed.ac.uk,1,8875
58233721,0.00018,gate_run,lchen8,r,09/09/2026,18:28:57,eddie@node1h22.ecdf.ed.ac.uk,1,8876
58233721,0.00018,gate_run,lchen8,r,09/09/2026,18:28:57,eddie@node1o11.ecdf.ed.ac.uk,1,8877
58233721,0.00018,gate_run,lchen8,r,09/09/2026,18:28:57,eddie@node1k01.ecdf.ed.ac.uk,1,8878
58233721,0.00018,gate_run,lchen8,r,09/09/2026,18:28:42,eddie@node1f13.ecdf.ed.ac.uk,1,8870
58233721,0.00018,gate_run,lchen8,r,09/09/2026,18:28:42,eddie@node1m15.ecdf.ed.ac.uk,1,8871
58233721,0.00018,gate_run,lchen8,r,09/09/2026,18:28:42,eddie@node1r09.ecdf.ed.ac.uk,1,8872
58233721,0.00018,gate_run,lchen8,r,09/09/2026,18:28:42,eddie@node1l02.ecdf.ed.ac.uk,1,8873
58233721,0.00018,gate_run,lchen8,r,09/09/2026,18:28:27,eddie@node1f13.ecdf.ed.ac.uk,1,8862
58233721,0.00018,gate_run,lchen8,r,09/09/2026,18:28:27,eddie@node1s19.ecdf.ed.ac.uk,1,8863
58233721,0.00018,gate_run,lchen8,r,09/09/2026,18:28:27,eddie@node1m15.ecdf.ed.ac.uk,1,8864
58233721,0.00018,gate_run,lchen8,r,09/09/2026,18:28:27,eddie@node1o07.ecdf.ed.ac.uk,1,8865
58233721,0.00018,gate_run,lchen8,r,09/09/2026,18:28:27,eddie@node1r19.ecdf.ed.ac.uk,1,8866
58233721,0.00018,gate_run,lchen8,r,09/09/2026,18:28:27,eddie@node1j04.ecdf.ed.ac.uk,1,8867
58233721,0.00018,gate_run,lchen8,r,09/09/2026,18:28:27,eddie@node1m11.ecdf.ed.ac.uk,1,8868
58233721,0.00018,gate_run,lchen8,r,09/09/2026,18:28:27,eddie@node1j02.ecdf.ed.ac.uk,1,8869
58233721,0.00018,gate_run,lchen8,r,09/09/2026,18:28:12,eddie@node1s20.ecdf.ed.ac.uk,1,8857
58233721,0.00018,gate_run,lchen8,r,09/09/2026,18:28:12,eddie@node1m15.ecdf.ed.ac.uk,1,8858
58233721,0.00018,gate_run,lchen8,r,09/09/2026,18:28:12,eddie@node1m15.ecdf.ed.ac.uk,1,8859
58233721,0.00018,gate_run,lchen8,r,09/09/2026,18:28:12,eddie@node1m13.ecdf.ed.ac.uk,1,8860
58233721,0.00018,gate_run,lchen8,r,09/09/2026,18:28:12,eddie@node1l04.ecdf.ed.ac.uk,1,8861
58233721,0.00018,gate_run,lchen8,r,09/09/2026,18:27:57,eddie@node1f13.ecdf.ed.ac.uk,1,8852
58233721,0.00018,gate_run,lchen8,r,09/09/2026,18:27:57,eddie@node1s13.ecdf.ed.ac.uk,1,8853
58233721,0.00018,gate_run,lchen8,r,09/09/2026,18:27:57,eddie@node1s17.ecdf.ed.ac.uk,1,8854
58233721,0.00018,gate_run,lchen8,r,09/09/2026,18:27:57,eddie@node1h22.ecdf.ed.ac.uk,1,8855
58233721,0.00018,gate_run,lchen8,r,09/09/2026,18:27:57,eddie@node1m11.ecdf.ed.ac.uk,1,8856
58233721,0.00018,gate_run,lchen8,r,09/09/2026,18:27:42,eddie@node1m15.ecdf.ed.ac.uk,1,8850
58233721,0.00018,gate_run,lchen8,r,09/09/2026,18:27:42,eddie@node1m06.ecdf.ed.ac.uk,1,8851
58233721,0.00018,gate_run,lchen8,r,09/09/2026,18:27:27,eddie@node1i07.ecdf.ed.ac.uk,1,8843
58233721,0.00018,gate_run,lchen8,r,09/09/2026,18:27:27,eddie@node1l26.ecdf.ed.ac.uk,1,8844
58233721,0.00018,gate_run,lchen8,r,09/09/2026,18:27:27,eddie@node1s18.ecdf.ed.ac.uk,1,8845
58233721,0.00018,gate_run,lchen8,r,09/09/2026,18:27:27,eddie@node1h11.ecdf.ed.ac.uk,1,8846
58233721,0.00018,gate_run,lchen8,r,09/09/2026,18:27:27,eddie@node1o10.ecdf.ed.ac.uk,1,8847
58233721,0.00018,gate_run,lchen8,r,09/09/2026,18:27:27,eddie@node1o10.ecdf.ed.ac.uk,1,8848
58233721,0.00018,gate_run,lchen8,r,09/09/2026,18:27:27,eddie@node1o10.ecdf.ed.ac.uk,1,8849
58233721,0.00018,gate_run,lchen8,r,09/09/2026,18:27:12,eddie@node1s11.ecdf.ed.ac.uk,1,8840
58233721,0.00018,gate_run,lchen8,r,09/09/2026,18:27:12,eddie@node1j04.ecdf.ed.ac.uk,1,8841
58233721,0.00018,gate_run,lchen8,r,09/09/2026,18:27:12,eddie@node1k01.ecdf.ed.ac.uk,1,8842
58233721,0.00018,gate_run,lchen8,r,09/09/2026,18:26:57,eddie@node1i02.ecdf.ed.ac.uk,1,8833
58233721,0.00018,gate_run,lchen8,r,09/09/2026,18:26:57,eddie@node1l04.ecdf.ed.ac.uk,1,8834
58233721,0.00018,gate_run,lchen8,r,09/09/2026,18:26:57,eddie@node1l19.ecdf.ed.ac.uk,1,8835
58233721,0.00018,gate_run,lchen8,r,09/09/2026,18:26:57,eddie@node1m11.ecdf.ed.ac.uk,1,8836
58233721,0.00018,gate_run,lchen8,r,09/09/2026,18:26:57,eddie@node1m11.ecdf.ed.ac.uk,1,8837
58233721,0.00018,gate_run,lchen8,r,09/09/2026,18:26:57,eddie@node1m07.ecdf.ed.ac.uk,1,8838
58233721,0.00018,gate_run,lchen8,r,09/09/2026,18:26:57,eddie@node1j07.ecdf.ed.ac.uk,1,8839
58233721,0.00018,gate_run,lchen8,r,09/09/2026,18:26:42,eddie@node1f09.ecdf.ed.ac.uk,1,8826
58233721,0.00018,gate_run,lchen8,r,09/09/2026,18:26:42,eddie@node1h11.ecdf.ed.ac.uk,1,8827
58233721,0.00018,gate_run,lchen8,r,09/09/2026,18:26:42,eddie@node1r19.ecdf.ed.ac.uk,1,8828
58233721,0.00018,gate_run,lchen8,r,09/09/2026,18:26:42,eddie@node1o10.ecdf.ed.ac.uk,1,8829
58233721,0.00018,gate_run,lchen8,r,09/09/2026,18:26:42,eddie@node1m07.ecdf.ed.ac.uk,1,8830
58233721,0.00018,gate_run,lchen8,r,09/09/2026,18:26:42,eddie@node1k01.ecdf.ed.ac.uk,1,8831
58233721,0.00018,gate_run,lchen8,r,09/09/2026,18:26:42,eddie@node1m03.ecdf.ed.ac.uk,1,8832
58217712,0.00018,ce1,gl02ad2,r,09/09/2026,13:25:49,eddie@node1l14.ecdf.ed.ac.uk,1
58233721,0.00018,gate_run,lchen8,r,09/09/2026,18:26:27,eddie@node1i06.ecdf.ed.ac.uk,1,8819
58233721,0.00018,gate_run,lchen8,r,09/09/2026,18:26:27,eddie@node1f09.ecdf.ed.ac.uk,1,8820
58233721,0.00018,gate_run,lchen8,r,09/09/2026,18:26:27,eddie@node1f09.ecdf.ed.ac.uk,1,8821
58233721,0.00018,gate_run,lchen8,r,09/09/2026,18:26:27,eddie@node1o09.ecdf.ed.ac.uk,1,8822
58233721,0.00018,gate_run,lchen8,r,09/09/2026,18:26:27,eddie@node1h24.ecdf.ed.ac.uk,1,8823
58233721,0.00018,gate_run,lchen8,r,09/09/2026,18:26:27,eddie@node1l10.ecdf.ed.ac.uk,1,8824
58233721,0.00018,gate_run,lchen8,r,09/09/2026,18:26:27,eddie@node1k02.ecdf.ed.ac.uk,1,8825
58233721,0.00018,gate_run,lchen8,r,09/09/2026,18:26:12,eddie@node1h05.ecdf.ed.ac.uk,1,8818
58233721,0.00018,gate_run,lchen8,r,09/09/2026,18:25:57,eddie@node1r19.ecdf.ed.ac.uk,1,8815
58233721,0.00018,gate_run,lchen8,r,09/09/2026,18:25:57,eddie@node1k05.ecdf.ed.ac.uk,1,8816
58233721,0.00018,gate_run,lchen8,r,09/09/2026,18:25:57,eddie@node1m04.ecdf.ed.ac.uk,1,8817
58217714,0.00018,ce1,gl02ad2,r,09/09/2026,13:26:34,eddie@node1l14.ecdf.ed.ac.uk,1
58233721,0.00018,gate_run,lchen8,r,09/09/2026,18:25:42,eddie@node1l28.ecdf.ed.ac.uk,1,8812
58233721,0.00018,gate_run,lchen8,r,09/09/2026,18:25:42,eddie@node1m13.ecdf.ed.ac.uk,1,8813
58233721,0.00018,gate_run,lchen8,r,09/09/2026,18:25:42,eddie@node1l03.ecdf.ed.ac.uk,1,8814
58233721,0.00018,gate_run,lchen8,r,09/09/2026,18:25:27,eddie@node1f09.ecdf.ed.ac.uk,1,8807
58233721,0.00018,gate_run,lchen8,r,09/09/2026,18:25:27,eddie@node1r12.ecdf.ed.ac.uk,1,8808
58233721,0.00018,gate_run,lchen8,r,09/09/2026,18:25:27,eddie@node1h15.ecdf.ed.ac.uk,1,8809
58233721,0.00018,gate_run,lchen8,r,09/09/2026,18:25:27,eddie@node1s18.ecdf.ed.ac.uk,1,8810
58233721,0.00018,gate_run,lchen8,r,09/09/2026,18:25:27,eddie@node1l06.ecdf.ed.ac.uk,1,8811
58233721,0.00018,gate_run,lchen8,r,09/09/2026,18:25:12,eddie@node1h09.ecdf.ed.ac.uk,1,8803
58233721,0.00018,gate_run,lchen8,r,09/09/2026,18:25:12,eddie@node1h09.ecdf.ed.ac.uk,1,8804
58233721,0.00018,gate_run,lchen8,r,09/09/2026,18:25:12,eddie@node1h04.ecdf.ed.ac.uk,1,8805
58233721,0.00018,gate_run,lchen8,r,09/09/2026,18:25:12,eddie@node1k03.ecdf.ed.ac.uk,1,8806
58233721,0.00018,gate_run,lchen8,r,09/09/2026,18:24:57,eddie@node1i07.ecdf.ed.ac.uk,1,8798
58233721,0.00018,gate_run,lchen8,r,09/09/2026,18:24:57,eddie@node1l23.ecdf.ed.ac.uk,1,8799
58233721,0.00018,gate_run,lchen8,r,09/09/2026,18:24:57,eddie@node1s17.ecdf.ed.ac.uk,1,8800
58233721,0.00018,gate_run,lchen8,r,09/09/2026,18:24:57,eddie@node1o07.ecdf.ed.ac.uk,1,8801
58233721,0.00018,gate_run,lchen8,r,09/09/2026,18:24:57,eddie@node1h11.ecdf.ed.ac.uk,1,8802
58233721,0.00018,gate_run,lchen8,r,09/09/2026,18:24:42,eddie@node1r12.ecdf.ed.ac.uk,1,8792
58233721,0.00018,gate_run,lchen8,r,09/09/2026,18:24:42,eddie@node1s19.ecdf.ed.ac.uk,1,8793
58233721,0.00018,gate_run,lchen8,r,09/09/2026,18:24:42,eddie@node1s19.ecdf.ed.ac.uk,1,8794
58233721,0.00018,gate_run,lchen8,r,09/09/2026,18:24:42,eddie@node1m14.ecdf.ed.ac.uk,1,8795
58233721,0.00018,gate_run,lchen8,r,09/09/2026,18:24:42,eddie@node1o10.ecdf.ed.ac.uk,1,8796
58233721,0.00018,gate_run,lchen8,r,09/09/2026,18:24:42,eddie@node1i24.ecdf.ed.ac.uk,1,8797
58233721,0.00017,gate_run,lchen8,r,09/09/2026,18:24:27,eddie@node1h24.ecdf.ed.ac.uk,1,8790
58233721,0.00017,gate_run,lchen8,r,09/09/2026,18:24:27,eddie@node1j11.ecdf.ed.ac.uk,1,8791
58233721,0.00017,gate_run,lchen8,r,09/09/2026,18:24:12,eddie@node1s17.ecdf.ed.ac.uk,1,8767
58233721,0.00017,gate_run,lchen8,r,09/09/2026,18:24:12,eddie@node1h05.ecdf.ed.ac.uk,1,8768
58233721,0.00017,gate_run,lchen8,r,09/09/2026,18:24:12,eddie@node1r18.ecdf.ed.ac.uk,1,8769
58233721,0.00017,gate_run,lchen8,r,09/09/2026,18:24:12,eddie@node1d03.ecdf.ed.ac.uk,1,8770
58233721,0.00017,gate_run,lchen8,r,09/09/2026,18:24:12,eddie@node1d03.ecdf.ed.ac.uk,1,8771
58233721,0.00017,gate_run,lchen8,r,09/09/2026,18:24:12,eddie@node1d03.ecdf.ed.ac.uk,1,8772
58233721,0.00017,gate_run,lchen8,r,09/09/2026,18:24:12,eddie@node1d03.ecdf.ed.ac.uk,1,8773
58233721,0.00017,gate_run,lchen8,r,09/09/2026,18:24:12,eddie@node1d03.ecdf.ed.ac.uk,1,8774
58233721,0.00017,gate_run,lchen8,r,09/09/2026,18:24:12,eddie@node1d03.ecdf.ed.ac.uk,1,8775
58233721,0.00017,gate_run,lchen8,r,09/09/2026,18:24:12,eddie@node1d03.ecdf.ed.ac.uk,1,8776
58233721,0.00017,gate_run,lchen8,r,09/09/2026,18:24:12,eddie@node1d03.ecdf.ed.ac.uk,1,8777
58233721,0.00017,gate_run,lchen8,r,09/09/2026,18:24:12,eddie@node1d03.ecdf.ed.ac.uk,1,8778
58233721,0.00017,gate_run,lchen8,r,09/09/2026,18:24:12,eddie@node1d03.ecdf.ed.ac.uk,1,8779
58233721,0.00017,gate_run,lchen8,r,09/09/2026,18:24:12,eddie@node1d03.ecdf.ed.ac.uk,1,8780
58233721,0.00017,gate_run,lchen8,r,09/09/2026,18:24:12,eddie@node1d03.ecdf.ed.ac.uk,1,8781
58233721,0.00017,gate_run,lchen8,r,09/09/2026,18:24:12,eddie@node1d03.ecdf.ed.ac.uk,1,8782
58233721,0.00017,gate_run,lchen8,r,09/09/2026,18:24:12,eddie@node1d03.ecdf.ed.ac.uk,1,8783
58233721,0.00017,gate_run,lchen8,r,09/09/2026,18:24:12,eddie@node1d03.ecdf.ed.ac.uk,1,8784
58233721,0.00017,gate_run,lchen8,r,09/09/2026,18:24:12,eddie@node1d03.ecdf.ed.ac.uk,1,8785
58233721,0.00017,gate_run,lchen8,r,09/09/2026,18:24:12,eddie@node1d03.ecdf.ed.ac.uk,1,8786
58233721,0.00017,gate_run,lchen8,r,09/09/2026,18:24:12,eddie@node1d03.ecdf.ed.ac.uk,1,8787
58233721,0.00017,gate_run,lchen8,r,09/09/2026,18:24:12,eddie@node1d03.ecdf.ed.ac.uk,1,8788
58233721,0.00017,gate_run,lchen8,r,09/09/2026,18:24:12,eddie@node1d03.ecdf.ed.ac.uk,1,8789
58233721,0.00017,gate_run,lchen8,r,09/09/2026,18:23:57,eddie@node1h07.ecdf.ed.ac.uk,1,8765
58233721,0.00017,gate_run,lchen8,r,09/09/2026,18:23:57,eddie@node1m16.ecdf.ed.ac.uk,1,8766
58233721,0.00017,gate_run,lchen8,r,09/09/2026,18:23:42,eddie@node1f09.ecdf.ed.ac.uk,1,8757
58233721,0.00017,gate_run,lchen8,r,09/09/2026,18:23:42,eddie@node1m23.ecdf.ed.ac.uk,1,8758
58233721,0.00017,gate_run,lchen8,r,09/09/2026,18:23:42,eddie@node1o08.ecdf.ed.ac.uk,1,8759
58233721,0.00017,gate_run,lchen8,r,09/09/2026,18:23:42,eddie@node1o08.ecdf.ed.ac.uk,1,8760
58233721,0.00017,gate_run,lchen8,r,09/09/2026,18:23:42,eddie@node1m10.ecdf.ed.ac.uk,1,8761
58233721,0.00017,gate_run,lchen8,r,09/09/2026,18:23:42,eddie@node1m10.ecdf.ed.ac.uk,1,8762
58233721,0.00017,gate_run,lchen8,r,09/09/2026,18:23:42,eddie@node1m10.ecdf.ed.ac.uk,1,8763
58233721,0.00017,gate_run,lchen8,r,09/09/2026,18:23:42,eddie@node1m10.ecdf.ed.ac.uk,1,8764
58233721,0.00017,gate_run,lchen8,r,09/09/2026,18:23:27,eddie@node1o08.ecdf.ed.ac.uk,1,8749
58233721,0.00017,gate_run,lchen8,r,09/09/2026,18:23:27,eddie@node1o08.ecdf.ed.ac.uk,1,8750
58233721,0.00017,gate_run,lchen8,r,09/09/2026,18:23:27,eddie@node1o08.ecdf.ed.ac.uk,1,8751
58233721,0.00017,gate_run,lchen8,r,09/09/2026,18:23:27,eddie@node1o08.ecdf.ed.ac.uk,1,8752
58233721,0.00017,gate_run,lchen8,r,09/09/2026,18:23:27,eddie@node1j18.ecdf.ed.ac.uk,1,8753
58233721,0.00017,gate_run,lchen8,r,09/09/2026,18:23:27,eddie@node1j18.ecdf.ed.ac.uk,1,8754
58233721,0.00017,gate_run,lchen8,r,09/09/2026,18:23:27,eddie@node1l07.ecdf.ed.ac.uk,1,8755
58233721,0.00017,gate_run,lchen8,r,09/09/2026,18:23:27,eddie@node1l03.ecdf.ed.ac.uk,1,8756
58233721,0.00017,gate_run,lchen8,r,09/09/2026,18:23:12,eddie@node1f09.ecdf.ed.ac.uk,1,8743
58233721,0.00017,gate_run,lchen8,r,09/09/2026,18:23:12,eddie@node1o08.ecdf.ed.ac.uk,1,8744
58233721,0.00017,gate_run,lchen8,r,09/09/2026,18:23:12,eddie@node1r18.ecdf.ed.ac.uk,1,8745
58233721,0.00017,gate_run,lchen8,r,09/09/2026,18:23:12,eddie@node1l05.ecdf.ed.ac.uk,1,8746
58233721,0.00017,gate_run,lchen8,r,09/09/2026,18:23:12,eddie@node1k07.ecdf.ed.ac.uk,1,8747
58233721,0.00017,gate_run,lchen8,r,09/09/2026,18:23:12,eddie@node1l03.ecdf.ed.ac.uk,1,8748
58233721,0.00017,gate_run,lchen8,r,09/09/2026,18:22:57,eddie@node1f09.ecdf.ed.ac.uk,1,8738
58233721,0.00017,gate_run,lchen8,r,09/09/2026,18:22:57,eddie@node1m20.ecdf.ed.ac.uk,1,8739
58233721,0.00017,gate_run,lchen8,r,09/09/2026,18:22:57,eddie@node1s14.ecdf.ed.ac.uk,1,8740
58233721,0.00017,gate_run,lchen8,r,09/09/2026,18:22:57,eddie@node1m15.ecdf.ed.ac.uk,1,8741
58233721,0.00017,gate_run,lchen8,r,09/09/2026,18:22:57,eddie@node1m15.ecdf.ed.ac.uk,1,8742
58233721,0.00017,gate_run,lchen8,r,09/09/2026,18:22:42,eddie@node1j11.ecdf.ed.ac.uk,1,8737
58233721,0.00017,gate_run,lchen8,r,09/09/2026,18:22:27,eddie@node1r18.ecdf.ed.ac.uk,1,8731
58233721,0.00017,gate_run,lchen8,r,09/09/2026,18:22:27,eddie@node1o13.ecdf.ed.ac.uk,1,8732
58233721,0.00017,gate_run,lchen8,r,09/09/2026,18:22:27,eddie@node1l19.ecdf.ed.ac.uk,1,8733
58233721,0.00017,gate_run,lchen8,r,09/09/2026,18:22:27,eddie@node1l19.ecdf.ed.ac.uk,1,8734
58233721,0.00017,gate_run,lchen8,r,09/09/2026,18:22:27,eddie@node1l19.ecdf.ed.ac.uk,1,8735
58233721,0.00017,gate_run,lchen8,r,09/09/2026,18:22:27,eddie@node1l19.ecdf.ed.ac.uk,1,8736
58216427,0.00017,ce1,gl02ad2,r,09/09/2026,13:07:41,eddie@node1l15.ecdf.ed.ac.uk,1
58233721,0.00017,gate_run,lchen8,r,09/09/2026,18:22:12,eddie@node1o06.ecdf.ed.ac.uk,1,8726
58233721,0.00017,gate_run,lchen8,r,09/09/2026,18:22:12,eddie@node1r18.ecdf.ed.ac.uk,1,8727
58233721,0.00017,gate_run,lchen8,r,09/09/2026,18:22:12,eddie@node1o11.ecdf.ed.ac.uk,1,8728
58233721,0.00017,gate_run,lchen8,r,09/09/2026,18:22:12,eddie@node1h04.ecdf.ed.ac.uk,1,8729
58233721,0.00017,gate_run,lchen8,r,09/09/2026,18:22:12,eddie@node1l10.ecdf.ed.ac.uk,1,8730
58233721,0.00017,gate_run,lchen8,r,09/09/2026,18:21:57,eddie@node1l28.ecdf.ed.ac.uk,1,8722
58233721,0.00017,gate_run,lchen8,r,09/09/2026,18:21:57,eddie@node1l28.ecdf.ed.ac.uk,1,8723
58233721,0.00017,gate_run,lchen8,r,09/09/2026,18:21:57,eddie@node1m15.ecdf.ed.ac.uk,1,8724
58233721,0.00017,gate_run,lchen8,r,09/09/2026,18:21:57,eddie@node1h04.ecdf.ed.ac.uk,1,8725
58233721,0.00017,gate_run,lchen8,r,09/09/2026,18:21:42,eddie@node1f09.ecdf.ed.ac.uk,1,8721
58233721,0.00017,gate_run,lchen8,r,09/09/2026,18:21:27,eddie@node1h04.ecdf.ed.ac.uk,1,8719
58233721,0.00017,gate_run,lchen8,r,09/09/2026,18:21:27,eddie@node1j17.ecdf.ed.ac.uk,1,8720
58233721,0.00017,gate_run,lchen8,r,09/09/2026,18:21:12,eddie@node1m20.ecdf.ed.ac.uk,1,8717
58233721,0.00017,gate_run,lchen8,r,09/09/2026,18:21:12,eddie@node1k02.ecdf.ed.ac.uk,1,8718
58215726,0.00017,ce1,gl02ad2,r,09/09/2026,12:55:34,eddie@node1l17.ecdf.ed.ac.uk,1
58233721,0.00017,gate_run,lchen8,r,09/09/2026,18:20:57,eddie@node1i07.ecdf.ed.ac.uk,1,8713
58233721,0.00017,gate_run,lchen8,r,09/09/2026,18:20:57,eddie@node1l21.ecdf.ed.ac.uk,1,8714
58233721,0.00017,gate_run,lchen8,r,09/09/2026,18:20:57,eddie@node1h09.ecdf.ed.ac.uk,1,8715
58233721,0.00017,gate_run,lchen8,r,09/09/2026,18:20:57,eddie@node1m15.ecdf.ed.ac.uk,1,8716
58233721,0.00017,gate_run,lchen8,r,09/09/2026,18:19:57,eddie@node1o14.ecdf.ed.ac.uk,1,8712
58233721,0.00017,gate_run,lchen8,r,09/09/2026,18:19:42,eddie@node1s14.ecdf.ed.ac.uk,1,8710
58233721,0.00017,gate_run,lchen8,r,09/09/2026,18:19:42,eddie@node1s14.ecdf.ed.ac.uk,1,8711
58233721,0.00017,gate_run,lchen8,r,09/09/2026,18:19:27,eddie@node1m07.ecdf.ed.ac.uk,1,8709
58233721,0.00017,gate_run,lchen8,r,09/09/2026,18:18:57,eddie@node1o07.ecdf.ed.ac.uk,1,8707
58233721,0.00017,gate_run,lchen8,r,09/09/2026,18:18:57,eddie@node1k05.ecdf.ed.ac.uk,1,8708
58233721,0.00017,gate_run,lchen8,r,09/09/2026,18:18:42,eddie@node1l28.ecdf.ed.ac.uk,1,8703
58233721,0.00017,gate_run,lchen8,r,09/09/2026,18:18:42,eddie@node1o07.ecdf.ed.ac.uk,1,8704
58233721,0.00017,gate_run,lchen8,r,09/09/2026,18:18:42,eddie@node1h04.ecdf.ed.ac.uk,1,8705
58233721,0.00017,gate_run,lchen8,r,09/09/2026,18:18:42,eddie@node1m03.ecdf.ed.ac.uk,1,8706
58233721,0.00017,gate_run,lchen8,r,09/09/2026,18:18:27,eddie@node1r17.ecdf.ed.ac.uk,1,8697
58233721,0.00017,gate_run,lchen8,r,09/09/2026,18:18:27,eddie@node1j06.ecdf.ed.ac.uk,1,8698
58233721,0.00017,gate_run,lchen8,r,09/09/2026,18:18:27,eddie@node1m03.ecdf.ed.ac.uk,1,8699
58233721,0.00017,gate_run,lchen8,r,09/09/2026,18:18:27,eddie@node1m03.ecdf.ed.ac.uk,1,8700
58233721,0.00017,gate_run,lchen8,r,09/09/2026,18:18:27,eddie@node1m03.ecdf.ed.ac.uk,1,8701
58233721,0.00017,gate_run,lchen8,r,09/09/2026,18:18:27,eddie@node1m03.ecdf.ed.ac.uk,1,8702
58233721,0.00016,gate_run,lchen8,r,09/09/2026,18:18:12,eddie@node1r15.ecdf.ed.ac.uk,1,8693
58233721,0.00016,gate_run,lchen8,r,09/09/2026,18:18:12,eddie@node1l26.ecdf.ed.ac.uk,1,8694
58233721,0.00016,gate_run,lchen8,r,09/09/2026,18:18:12,eddie@node1o04.ecdf.ed.ac.uk,1,8695
58233721,0.00016,gate_run,lchen8,r,09/09/2026,18:18:12,eddie@node1k05.ecdf.ed.ac.uk,1,8696
58233721,0.00016,gate_run,lchen8,r,09/09/2026,18:17:57,eddie@node1i14.ecdf.ed.ac.uk,1,8691
58233721,0.00016,gate_run,lchen8,r,09/09/2026,18:17:57,eddie@node1m19.ecdf.ed.ac.uk,1,8692
58233721,0.00016,gate_run,lchen8,r,09/09/2026,18:17:42,eddie@node1s14.ecdf.ed.ac.uk,1,8689
58233721,0.00016,gate_run,lchen8,r,09/09/2026,18:17:42,eddie@node1s14.ecdf.ed.ac.uk,1,8690
58233721,0.00016,gate_run,lchen8,r,09/09/2026,18:17:27,eddie@node1r15.ecdf.ed.ac.uk,1,8688
58233721,0.00016,gate_run,lchen8,r,09/09/2026,18:16:57,eddie@node1o03.ecdf.ed.ac.uk,1,8683
58233721,0.00016,gate_run,lchen8,r,09/09/2026,18:16:57,eddie@node1r14.ecdf.ed.ac.uk,1,8684
58233721,0.00016,gate_run,lchen8,r,09/09/2026,18:16:57,eddie@node1r14.ecdf.ed.ac.uk,1,8685
58233721,0.00016,gate_run,lchen8,r,09/09/2026,18:16:57,eddie@node1r12.ecdf.ed.ac.uk,1,8686
58233721,0.00016,gate_run,lchen8,r,09/09/2026,18:16:57,eddie@node1e04.ecdf.ed.ac.uk,1,8687
58233721,0.00016,gate_run,lchen8,r,09/09/2026,18:16:42,eddie@node1s18.ecdf.ed.ac.uk,1,8679
58233721,0.00016,gate_run,lchen8,r,09/09/2026,18:16:42,eddie@node1m15.ecdf.ed.ac.uk,1,8680
58233721,0.00016,gate_run,lchen8,r,09/09/2026,18:16:42,eddie@node1j04.ecdf.ed.ac.uk,1,8681
58233721,0.00016,gate_run,lchen8,r,09/09/2026,18:16:42,eddie@node1m07.ecdf.ed.ac.uk,1,8682
58233721,0.00016,gate_run,lchen8,r,09/09/2026,18:16:27,eddie@node1m22.ecdf.ed.ac.uk,1,8677
58233721,0.00016,gate_run,lchen8,r,09/09/2026,18:16:27,eddie@node1r15.ecdf.ed.ac.uk,1,8678
58233721,0.00016,gate_run,lchen8,r,09/09/2026,18:16:12,eddie@node1l28.ecdf.ed.ac.uk,1,8673
58233721,0.00016,gate_run,lchen8,r,09/09/2026,18:16:12,eddie@node1r14.ecdf.ed.ac.uk,1,8674
58233721,0.00016,gate_run,lchen8,r,09/09/2026,18:16:12,eddie@node1r14.ecdf.ed.ac.uk,1,8675
58233721,0.00016,gate_run,lchen8,r,09/09/2026,18:16:12,eddie@node1o04.ecdf.ed.ac.uk,1,8676
58233721,0.00016,gate_run,lchen8,r,09/09/2026,18:15:57,eddie@node1r14.ecdf.ed.ac.uk,1,8671
58233721,0.00016,gate_run,lchen8,r,09/09/2026,18:15:57,eddie@node1j04.ecdf.ed.ac.uk,1,8672
58233721,0.00016,gate_run,lchen8,r,09/09/2026,18:15:42,eddie@node1r14.ecdf.ed.ac.uk,1,8670
58233721,0.00016,gate_run,lchen8,r,09/09/2026,18:15:27,eddie@node1j04.ecdf.ed.ac.uk,1,8669
58233721,0.00016,gate_run,lchen8,r,09/09/2026,18:15:12,eddie@node1o04.ecdf.ed.ac.uk,1,8667
58233721,0.00016,gate_run,lchen8,r,09/09/2026,18:15:12,eddie@node1j04.ecdf.ed.ac.uk,1,8668
58233721,0.00016,gate_run,lchen8,r,09/09/2026,18:14:57,eddie@node1h04.ecdf.ed.ac.uk,1,8664
58233721,0.00016,gate_run,lchen8,r,09/09/2026,18:14:57,eddie@node1h04.ecdf.ed.ac.uk,1,8665
58233721,0.00016,gate_run,lchen8,r,09/09/2026,18:14:57,eddie@node1e06.ecdf.ed.ac.uk,1,8666
58233721,0.00016,gate_run,lchen8,r,09/09/2026,18:14:42,eddie@node1h04.ecdf.ed.ac.uk,1,8661
58233721,0.00016,gate_run,lchen8,r,09/09/2026,18:14:42,eddie@node1j06.ecdf.ed.ac.uk,1,8662
58233721,0.00016,gate_run,lchen8,r,09/09/2026,18:14:42,eddie@node1e03.ecdf.ed.ac.uk,1,8663
58233721,0.00016,gate_run,lchen8,r,09/09/2026,18:14:27,eddie@node1r14.ecdf.ed.ac.uk,1,8658
58233721,0.00016,gate_run,lchen8,r,09/09/2026,18:14:27,eddie@node1h04.ecdf.ed.ac.uk,1,8659
58233721,0.00016,gate_run,lchen8,r,09/09/2026,18:14:27,eddie@node1e06.ecdf.ed.ac.uk,1,8660
58233721,0.00016,gate_run,lchen8,r,09/09/2026,18:14:12,eddie@node1l08.ecdf.ed.ac.uk,1,8646
58233721,0.00016,gate_run,lchen8,r,09/09/2026,18:14:12,eddie@node1l08.ecdf.ed.ac.uk,1,8647
58233721,0.00016,gate_run,lchen8,r,09/09/2026,18:14:12,eddie@node1l08.ecdf.ed.ac.uk,1,8648
58233721,0.00016,gate_run,lchen8,r,09/09/2026,18:14:12,eddie@node1l08.ecdf.ed.ac.uk,1,8649
58233721,0.00016,gate_run,lchen8,r,09/09/2026,18:14:12,eddie@node1l08.ecdf.ed.ac.uk,1,8650
58233721,0.00016,gate_run,lchen8,r,09/09/2026,18:14:12,eddie@node1l08.ecdf.ed.ac.uk,1,8651
58233721,0.00016,gate_run,lchen8,r,09/09/2026,18:14:12,eddie@node1l08.ecdf.ed.ac.uk,1,8652
58233721,0.00016,gate_run,lchen8,r,09/09/2026,18:14:12,eddie@node1l08.ecdf.ed.ac.uk,1,8653
58233721,0.00016,gate_run,lchen8,r,09/09/2026,18:14:12,eddie@node1l08.ecdf.ed.ac.uk,1,8654
58233721,0.00016,gate_run,lchen8,r,09/09/2026,18:14:12,eddie@node1l08.ecdf.ed.ac.uk,1,8655
58233721,0.00016,gate_run,lchen8,r,09/09/2026,18:14:12,eddie@node1m03.ecdf.ed.ac.uk,1,8656
58233721,0.00016,gate_run,lchen8,r,09/09/2026,18:14:12,eddie@node1e03.ecdf.ed.ac.uk,1,8657
58233721,0.00016,gate_run,lchen8,r,09/09/2026,18:13:57,eddie@node1r14.ecdf.ed.ac.uk,1,8643
58233721,0.00016,gate_run,lchen8,r,09/09/2026,18:13:57,eddie@node1j04.ecdf.ed.ac.uk,1,8644
58233721,0.00016,gate_run,lchen8,r,09/09/2026,18:13:57,eddie@node1i24.ecdf.ed.ac.uk,1,8645
58233721,0.00016,gate_run,lchen8,r,09/09/2026,18:13:42,eddie@node1r14.ecdf.ed.ac.uk,1,8640
58233721,0.00016,gate_run,lchen8,r,09/09/2026,18:13:42,eddie@node1m03.ecdf.ed.ac.uk,1,8641
58233721,0.00016,gate_run,lchen8,r,09/09/2026,18:13:42,eddie@node1d09.ecdf.ed.ac.uk,1,8642
58233721,0.00016,gate_run,lchen8,r,09/09/2026,18:13:27,eddie@node1e09.ecdf.ed.ac.uk,1,8639
58233721,0.00016,gate_run,lchen8,r,09/09/2026,18:13:12,eddie@node1r12.ecdf.ed.ac.uk,1,8632
58233721,0.00016,gate_run,lchen8,r,09/09/2026,18:13:12,eddie@node1e05.ecdf.ed.ac.uk,1,8633
58233721,0.00016,gate_run,lchen8,r,09/09/2026,18:13:12,eddie@node1e02.ecdf.ed.ac.uk,1,8634
58233721,0.00016,gate_run,lchen8,r,09/09/2026,18:13:12,eddie@node1e06.ecdf.ed.ac.uk,1,8635
58233721,0.00016,gate_run,lchen8,r,09/09/2026,18:13:12,eddie@node1e06.ecdf.ed.ac.uk,1,8636
58233721,0.00016,gate_run,lchen8,r,09/09/2026,18:13:12,eddie@node1i24.ecdf.ed.ac.uk,1,8637
58233721,0.00016,gate_run,lchen8,r,09/09/2026,18:13:12,eddie@node1i24.ecdf.ed.ac.uk,1,8638
58148621,0.00016,s5_22_2022,yhu5,r,09/08/2026,13:00:25,eddie@node1l23.ecdf.ed.ac.uk,1
58233721,0.00016,gate_run,lchen8,r,09/09/2026,18:12:58,eddie@node1s18.ecdf.ed.ac.uk,1,8629
58233721,0.00016,gate_run,lchen8,r,09/09/2026,18:12:58,eddie@node1e04.ecdf.ed.ac.uk,1,8630
58233721,0.00016,gate_run,lchen8,r,09/09/2026,18:12:58,eddie@node1e06.ecdf.ed.ac.uk,1,8631
58233721,0.00016,gate_run,lchen8,r,09/09/2026,18:12:42,eddie@node1l19.ecdf.ed.ac.uk,1,8625
58233721,0.00016,gate_run,lchen8,r,09/09/2026,18:12:42,eddie@node1l19.ecdf.ed.ac.uk,1,8626
58233721,0.00016,gate_run,lchen8,r,09/09/2026,18:12:42,eddie@node1e04.ecdf.ed.ac.uk,1,8627
58233721,0.00016,gate_run,lchen8,r,09/09/2026,18:12:42,eddie@node1e06.ecdf.ed.ac.uk,1,8628
58233721,0.00016,gate_run,lchen8,r,09/09/2026,18:12:27,eddie@node1l19.ecdf.ed.ac.uk,1,8620
58217715,0.00015,ce1,gl02ad2,r,09/09/2026,13:44:43,eddie@node1l18.ecdf.ed.ac.uk,1
58148622,0.00015,s5_22_2022,yhu5,r,09/08/2026,13:00:40,eddie@node1o06.ecdf.ed.ac.uk,1
58148623,0.00015,s5_22_2022,yhu5,r,09/08/2026,13:00:40,eddie@node1l21.ecdf.ed.ac.uk,1
58148625,0.00015,s5_22_2022,yhu5,r,09/08/2026,13:00:40,eddie@node1o06.ecdf.ed.ac.uk,1
58233721,0.00015,gate_run,lchen8,r,09/09/2026,18:10:13,eddie@node1k01.ecdf.ed.ac.uk,1,8582
58233721,0.00015,gate_run,lchen8,r,09/09/2026,18:09:01,eddie@node1r12.ecdf.ed.ac.uk,1,8566
58233721,0.00015,gate_run,lchen8,r,09/09/2026,18:07:28,eddie@node1m03.ecdf.ed.ac.uk,1,8509
58233721,0.00015,gate_run,lchen8,r,09/09/2026,18:07:28,eddie@node1m03.ecdf.ed.ac.uk,1,8510
58233721,0.00015,gate_run,lchen8,r,09/09/2026,18:07:28,eddie@node1m03.ecdf.ed.ac.uk,1,8511
58233721,0.00015,gate_run,lchen8,r,09/09/2026,18:07:28,eddie@node1m03.ecdf.ed.ac.uk,1,8512
58233721,0.00015,gate_run,lchen8,r,09/09/2026,18:07:28,eddie@node1m03.ecdf.ed.ac.uk,1,8513
58233721,0.00015,gate_run,lchen8,r,09/09/2026,18:07:28,eddie@node1m03.ecdf.ed.ac.uk,1,8514
58233721,0.00015,gate_run,lchen8,r,09/09/2026,18:07:28,eddie@node1m03.ecdf.ed.ac.uk,1,8515
58233721,0.00015,gate_run,lchen8,r,09/09/2026,18:07:28,eddie@node1m03.ecdf.ed.ac.uk,1,8516
58233721,0.00015,gate_run,lchen8,r,09/09/2026,18:07:28,eddie@node1m05.ecdf.ed.ac.uk,1,8530
58233721,0.00015,gate_run,lchen8,r,09/09/2026,18:07:28,eddie@node1j04.ecdf.ed.ac.uk,1,8531
58233721,0.00015,gate_run,lchen8,r,09/09/2026,18:07:28,eddie@node1j04.ecdf.ed.ac.uk,1,8532
58233721,0.00015,gate_run,lchen8,r,09/09/2026,18:07:28,eddie@node1j04.ecdf.ed.ac.uk,1,8533
58233721,0.00015,gate_run,lchen8,r,09/09/2026,18:07:28,eddie@node1j04.ecdf.ed.ac.uk,1,8534
58233721,0.00015,gate_run,lchen8,r,09/09/2026,18:07:28,eddie@node1j04.ecdf.ed.ac.uk,1,8535
58233721,0.00015,gate_run,lchen8,r,09/09/2026,18:07:28,eddie@node1j04.ecdf.ed.ac.uk,1,8536
58233721,0.00015,gate_run,lchen8,r,09/09/2026,18:07:28,eddie@node1j04.ecdf.ed.ac.uk,1,8537
58233721,0.00015,gate_run,lchen8,r,09/09/2026,18:06:13,eddie@node1o11.ecdf.ed.ac.uk,1,8486
58233721,0.00015,gate_run,lchen8,r,09/09/2026,18:05:58,eddie@node1l07.ecdf.ed.ac.uk,1,8481
58233721,0.00014,gate_run,lchen8,r,09/09/2026,18:04:58,eddie@node1m15.ecdf.ed.ac.uk,1,8451
58233721,0.00014,gate_run,lchen8,r,09/09/2026,18:04:58,eddie@node1m15.ecdf.ed.ac.uk,1,8452
58233721,0.00014,gate_run,lchen8,r,09/09/2026,18:04:58,eddie@node1m15.ecdf.ed.ac.uk,1,8453
58233721,0.00014,gate_run,lchen8,r,09/09/2026,18:04:58,eddie@node1m15.ecdf.ed.ac.uk,1,8454
58233721,0.00014,gate_run,lchen8,r,09/09/2026,18:04:58,eddie@node1m15.ecdf.ed.ac.uk,1,8455
58233721,0.00014,gate_run,lchen8,r,09/09/2026,18:04:58,eddie@node1m15.ecdf.ed.ac.uk,1,8456
58233721,0.00014,gate_run,lchen8,r,09/09/2026,18:04:43,eddie@node1l03.ecdf.ed.ac.uk,1,8436
58233721,0.00014,gate_run,lchen8,r,09/09/2026,18:02:13,eddie@node1l05.ecdf.ed.ac.uk,1,8383
58233721,0.00014,gate_run,lchen8,r,09/09/2026,18:02:13,eddie@node1m05.ecdf.ed.ac.uk,1,8384
58233721,0.00014,gate_run,lchen8,r,09/09/2026,18:01:58,eddie@node1m15.ecdf.ed.ac.uk,1,8376
58233721,0.00014,gate_run,lchen8,r,09/09/2026,18:01:58,eddie@node1m05.ecdf.ed.ac.uk,1,8377
58233721,0.00014,gate_run,lchen8,r,09/09/2026,18:00:58,eddie@node1h10.ecdf.ed.ac.uk,1,8354
58233721,0.00014,gate_run,lchen8,r,09/09/2026,18:00:58,eddie@node1s16.ecdf.ed.ac.uk,1,8355
58233721,0.00014,gate_run,lchen8,r,09/09/2026,18:00:58,eddie@node1m02.ecdf.ed.ac.uk,1,8356
58233721,0.00014,gate_run,lchen8,r,09/09/2026,18:00:43,eddie@node1m01.ecdf.ed.ac.uk,1,8351
58233721,0.00014,gate_run,lchen8,r,09/09/2026,18:00:43,eddie@node1k09.ecdf.ed.ac.uk,1,8352
58233721,0.00014,gate_run,lchen8,r,09/09/2026,17:59:43,eddie@node1m02.ecdf.ed.ac.uk,1,8333
58233721,0.00014,gate_run,lchen8,r,09/09/2026,17:59:28,eddie@node1m05.ecdf.ed.ac.uk,1,8330
58233721,0.00013,gate_run,lchen8,r,09/09/2026,17:59:13,eddie@node1o14.ecdf.ed.ac.uk,1,8328
58233721,0.00013,gate_run,lchen8,r,09/09/2026,17:58:58,eddie@node1m05.ecdf.ed.ac.uk,1,8325
58233721,0.00013,gate_run,lchen8,r,09/09/2026,17:58:43,eddie@node1s16.ecdf.ed.ac.uk,1,8321
58233721,0.00013,gate_run,lchen8,r,09/09/2026,17:56:13,eddie@node1o14.ecdf.ed.ac.uk,1,8282
58233721,0.00013,gate_run,lchen8,r,09/09/2026,17:56:13,eddie@node1j26.ecdf.ed.ac.uk,1,8283
58233721,0.00013,gate_run,lchen8,r,09/09/2026,17:56:13,eddie@node1m05.ecdf.ed.ac.uk,1,8284
58233721,0.00013,gate_run,lchen8,r,09/09/2026,17:55:58,eddie@node1m05.ecdf.ed.ac.uk,1,8275
58233721,0.00013,gate_run,lchen8,r,09/09/2026,17:55:58,eddie@node1m05.ecdf.ed.ac.uk,1,8276
58233721,0.00013,gate_run,lchen8,r,09/09/2026,17:55:58,eddie@node1m05.ecdf.ed.ac.uk,1,8277
58233721,0.00013,gate_run,lchen8,r,09/09/2026,17:55:58,eddie@node1m05.ecdf.ed.ac.uk,1,8278
58233721,0.00013,gate_run,lchen8,r,09/09/2026,17:55:58,eddie@node1m05.ecdf.ed.ac.uk,1,8279
58233721,0.00013,gate_run,lchen8,r,09/09/2026,17:55:43,eddie@node1m05.ecdf.ed.ac.uk,1,8273
58233721,0.00013,gate_run,lchen8,r,09/09/2026,17:55:28,eddie@node1j22.ecdf.ed.ac.uk,1,8271
58233721,0.00013,gate_run,lchen8,r,09/09/2026,17:54:58,eddie@node1m05.ecdf.ed.ac.uk,1,8254
58233721,0.00013,gate_run,lchen8,r,09/09/2026,17:54:58,eddie@node1m05.ecdf.ed.ac.uk,1,8255
58242581,0.00013,code03_gms,s2285280,r,09/09/2026,19:21:45,eddie@node1r07.ecdf.ed.ac.uk,1,99
58242581,0.00013,code03_gms,s2285280,r,09/09/2026,19:21:45,eddie@node1e04.ecdf.ed.ac.uk,1,100
58233721,0.00013,gate_run,lchen8,r,09/09/2026,17:53:43,eddie@node1o14.ecdf.ed.ac.uk,1,8225
58233721,0.00013,gate_run,lchen8,r,09/09/2026,17:53:43,eddie@node1m05.ecdf.ed.ac.uk,1,8226
58233721,0.00013,gate_run,lchen8,r,09/09/2026,17:53:13,eddie@node1j07.ecdf.ed.ac.uk,1,8220
58233721,0.00013,gate_run,lchen8,r,09/09/2026,17:53:13,eddie@node1m05.ecdf.ed.ac.uk,1,8221
58233721,0.00012,gate_run,lchen8,r,09/09/2026,17:52:58,eddie@node1s16.ecdf.ed.ac.uk,1,8217
58233721,0.00012,gate_run,lchen8,r,09/09/2026,17:52:58,eddie@node1k09.ecdf.ed.ac.uk,1,8218
58232220,0.00012,QLOGIN,npeker,r,09/09/2026,15:32:16,staging@node1f17.ecdf.ed.ac.uk,1
58233721,0.00012,gate_run,lchen8,r,09/09/2026,17:51:28,eddie@node1h10.ecdf.ed.ac.uk,1,8204
58233721,0.00012,gate_run,lchen8,r,09/09/2026,17:50:20,eddie@node1j22.ecdf.ed.ac.uk,1,8190
58233721,0.00012,gate_run,lchen8,r,09/09/2026,17:50:05,eddie@node1h09.ecdf.ed.ac.uk,1,8174
58233721,0.00012,gate_run,lchen8,r,09/09/2026,17:50:05,eddie@node1h09.ecdf.ed.ac.uk,1,8175
58233721,0.00012,gate_run,lchen8,r,09/09/2026,17:50:05,eddie@node1j08.ecdf.ed.ac.uk,1,8180
58242581,0.00012,code03_gms,s2285280,r,09/09/2026,19:22:00,eddie@node1e03.ecdf.ed.ac.uk,1,101
58233721,0.00012,gate_run,lchen8,r,09/09/2026,17:49:50,eddie@node1j09.ecdf.ed.ac.uk,1,8165
58233721,0.00012,gate_run,lchen8,r,09/09/2026,17:49:50,eddie@node1j22.ecdf.ed.ac.uk,1,8166
58233721,0.00012,gate_run,lchen8,r,09/09/2026,17:49:50,eddie@node1j22.ecdf.ed.ac.uk,1,8167
58233721,0.00012,gate_run,lchen8,r,09/09/2026,17:49:50,eddie@node1j22.ecdf.ed.ac.uk,1,8168
58233721,0.00012,gate_run,lchen8,r,09/09/2026,17:48:05,eddie@node1m02.ecdf.ed.ac.uk,1,8125
58233721,0.00012,gate_run,lchen8,r,09/09/2026,17:49:20,eddie@node1o12.ecdf.ed.ac.uk,1,8145
58242581,0.00012,code03_gms,s2285280,r,09/09/2026,19:22:30,eddie@node1l20.ecdf.ed.ac.uk,1,103
58242581,0.00012,code03_gms,s2285280,r,09/09/2026,19:22:30,eddie@node1l20.ecdf.ed.ac.uk,1,104
58242581,0.00012,code03_gms,s2285280,r,09/09/2026,19:22:31,eddie@node1m01.ecdf.ed.ac.uk,1,105
58233721,0.00011,gate_run,lchen8,r,09/09/2026,17:46:20,eddie@node1j25.ecdf.ed.ac.uk,1,8073
58233721,0.00011,gate_run,lchen8,r,09/09/2026,17:46:05,eddie@node1j06.ecdf.ed.ac.uk,1,8069
58233721,0.00011,gate_run,lchen8,r,09/09/2026,17:46:05,eddie@node1j22.ecdf.ed.ac.uk,1,8070
58233721,0.00011,gate_run,lchen8,r,09/09/2026,17:45:35,eddie@node1m05.ecdf.ed.ac.uk,1,8039
58233721,0.00011,gate_run,lchen8,r,09/09/2026,17:45:35,eddie@node1m05.ecdf.ed.ac.uk,1,8040
58233721,0.00011,gate_run,lchen8,r,09/09/2026,17:45:35,eddie@node1m05.ecdf.ed.ac.uk,1,8041
58233721,0.00011,gate_run,lchen8,r,09/09/2026,17:45:35,eddie@node1m05.ecdf.ed.ac.uk,1,8042
58233721,0.00011,gate_run,lchen8,r,09/09/2026,17:45:35,eddie@node1m05.ecdf.ed.ac.uk,1,8043
58233721,0.00011,gate_run,lchen8,r,09/09/2026,17:45:35,eddie@node1m05.ecdf.ed.ac.uk,1,8044
58233721,0.00011,gate_run,lchen8,r,09/09/2026,17:45:35,eddie@node1m05.ecdf.ed.ac.uk,1,8045
58233721,0.00011,gate_run,lchen8,r,09/09/2026,17:45:35,eddie@node1m05.ecdf.ed.ac.uk,1,8046
58233721,0.00011,gate_run,lchen8,r,09/09/2026,17:45:35,eddie@node1m05.ecdf.ed.ac.uk,1,8047
58233721,0.00011,gate_run,lchen8,r,09/09/2026,17:45:35,eddie@node1m05.ecdf.ed.ac.uk,1,8048
58242581,0.00011,code03_gms,s2285280,r,09/09/2026,19:24:16,eddie@node1f01.ecdf.ed.ac.uk,1,113
58233721,0.00011,gate_run,lchen8,r,09/09/2026,17:43:57,eddie@node1o14.ecdf.ed.ac.uk,1,8023
58233721,0.00011,gate_run,lchen8,r,09/09/2026,17:43:57,eddie@node1o14.ecdf.ed.ac.uk,1,8024
58233721,0.00011,gate_run,lchen8,r,09/09/2026,17:43:42,eddie@node1k09.ecdf.ed.ac.uk,1,8022
58233721,0.00011,gate_run,lchen8,r,09/09/2026,17:43:27,eddie@node1j25.ecdf.ed.ac.uk,1,8018
58233721,0.00011,gate_run,lchen8,r,09/09/2026,17:43:27,eddie@node1o14.ecdf.ed.ac.uk,1,8019
58233721,0.00011,gate_run,lchen8,r,09/09/2026,17:43:27,eddie@node1j05.ecdf.ed.ac.uk,1,8020
58242581,0.00011,code03_gms,s2285280,r,09/09/2026,19:33:48,eddie@node1r20.ecdf.ed.ac.uk,1,128
58242581,0.00011,code03_gms,s2285280,r,09/09/2026,19:33:48,eddie@node1r20.ecdf.ed.ac.uk,1,129
58242581,0.00011,code03_gms,s2285280,r,09/09/2026,19:33:48,eddie@node1r20.ecdf.ed.ac.uk,1,130
58242581,0.00011,code03_gms,s2285280,r,09/09/2026,19:33:48,eddie@node1r20.ecdf.ed.ac.uk,1,131
58242581,0.00011,code03_gms,s2285280,r,09/09/2026,19:33:48,eddie@node1r20.ecdf.ed.ac.uk,1,132
58242581,0.00011,code03_gms,s2285280,r,09/09/2026,19:33:48,eddie@node1r20.ecdf.ed.ac.uk,1,133
58233721,0.00011,gate_run,lchen8,r,09/09/2026,17:42:42,eddie@node1k09.ecdf.ed.ac.uk,1,7987
58233721,0.00011,gate_run,lchen8,r,09/09/2026,17:42:27,eddie@node1j22.ecdf.ed.ac.uk,1,7982
58233721,0.00011,gate_run,lchen8,r,09/09/2026,17:42:27,eddie@node1j22.ecdf.ed.ac.uk,1,7983
58233721,0.00011,gate_run,lchen8,r,09/09/2026,17:42:27,eddie@node1j22.ecdf.ed.ac.uk,1,7984
58233721,0.00011,gate_run,lchen8,r,09/09/2026,17:42:27,eddie@node1j22.ecdf.ed.ac.uk,1,7985
58233721,0.00011,gate_run,lchen8,r,09/09/2026,17:42:27,eddie@node1j22.ecdf.ed.ac.uk,1,7986
58233721,0.00011,gate_run,lchen8,r,09/09/2026,17:42:12,eddie@node1k09.ecdf.ed.ac.uk,1,7957
58233721,0.00011,gate_run,lchen8,r,09/09/2026,17:42:12,eddie@node1j22.ecdf.ed.ac.uk,1,7958
58233721,0.00011,gate_run,lchen8,r,09/09/2026,17:41:42,eddie@node1j17.ecdf.ed.ac.uk,1,7940
58233721,0.00011,gate_run,lchen8,r,09/09/2026,17:41:42,eddie@node1k09.ecdf.ed.ac.uk,1,7942
58233721,0.00011,gate_run,lchen8,r,09/09/2026,17:41:42,eddie@node1j22.ecdf.ed.ac.uk,1,7943
58233721,0.00011,gate_run,lchen8,r,09/09/2026,17:41:42,eddie@node1j22.ecdf.ed.ac.uk,1,7944
58233721,0.00011,gate_run,lchen8,r,09/09/2026,17:41:27,eddie@node1j09.ecdf.ed.ac.uk,1,7935
58233721,0.00011,gate_run,lchen8,r,09/09/2026,17:41:27,eddie@node1m01.ecdf.ed.ac.uk,1,7938
58233721,0.00011,gate_run,lchen8,r,09/09/2026,17:41:12,eddie@node1k09.ecdf.ed.ac.uk,1,7919
58233721,0.00011,gate_run,lchen8,r,09/09/2026,17:41:12,eddie@node1k09.ecdf.ed.ac.uk,1,7920
58242581,0.00011,code03_gms,s2285280,r,09/09/2026,19:24:31,eddie@node1h09.ecdf.ed.ac.uk,1,114
58242581,0.00011,code03_gms,s2285280,r,09/09/2026,19:24:31,eddie@node1h09.ecdf.ed.ac.uk,1,115
58242581,0.00011,code03_gms,s2285280,r,09/09/2026,19:24:31,eddie@node1h09.ecdf.ed.ac.uk,1,116
58242581,0.00011,code03_gms,s2285280,r,09/09/2026,19:24:31,eddie@node1h09.ecdf.ed.ac.uk,1,117
58242581,0.00011,code03_gms,s2285280,r,09/09/2026,19:24:31,eddie@node1h09.ecdf.ed.ac.uk,1,118
58242581,0.00011,code03_gms,s2285280,r,09/09/2026,19:24:31,eddie@node1h09.ecdf.ed.ac.uk,1,119
58242581,0.00011,code03_gms,s2285280,r,09/09/2026,19:31:33,eddie@node1e04.ecdf.ed.ac.uk,1,127
58233721,0.00011,gate_run,lchen8,r,09/09/2026,17:40:57,eddie@node1s11.ecdf.ed.ac.uk,1,7915
58233721,0.00011,gate_run,lchen8,r,09/09/2026,17:40:57,eddie@node1l01.ecdf.ed.ac.uk,1,7916
58233721,0.00011,gate_run,lchen8,r,09/09/2026,17:40:57,eddie@node1j07.ecdf.ed.ac.uk,1,7917
58233721,0.00011,gate_run,lchen8,r,09/09/2026,17:40:27,eddie@node1h23.ecdf.ed.ac.uk,1,7881
58233721,0.00011,gate_run,lchen8,r,09/09/2026,17:40:28,eddie@node1j06.ecdf.ed.ac.uk,1,7886
58233721,0.00011,gate_run,lchen8,r,09/09/2026,17:40:28,eddie@node1j02.ecdf.ed.ac.uk,1,7887
58233721,0.00011,gate_run,lchen8,r,09/09/2026,17:40:28,eddie@node1m01.ecdf.ed.ac.uk,1,7889
58233721,0.00011,gate_run,lchen8,r,09/09/2026,17:40:12,eddie@node1j06.ecdf.ed.ac.uk,1,7855
58233721,0.00011,gate_run,lchen8,r,09/09/2026,17:40:12,eddie@node1j08.ecdf.ed.ac.uk,1,7856
58233721,0.00011,gate_run,lchen8,r,09/09/2026,17:40:12,eddie@node1j09.ecdf.ed.ac.uk,1,7857
58233721,0.00011,gate_run,lchen8,r,09/09/2026,17:40:12,eddie@node1j09.ecdf.ed.ac.uk,1,7858
58233721,0.00010,gate_run,lchen8,r,09/09/2026,17:39:27,eddie@node1j22.ecdf.ed.ac.uk,1,7834
58233721,0.00010,gate_run,lchen8,r,09/09/2026,17:39:12,eddie@node1j22.ecdf.ed.ac.uk,1,7826
58233721,0.00010,gate_run,lchen8,r,09/09/2026,17:39:12,eddie@node1j22.ecdf.ed.ac.uk,1,7827
58233721,0.00010,gate_run,lchen8,r,09/09/2026,17:39:12,eddie@node1j22.ecdf.ed.ac.uk,1,7828
58233721,0.00010,gate_run,lchen8,r,09/09/2026,17:38:57,eddie@node1j25.ecdf.ed.ac.uk,1,7809
58233721,0.00010,gate_run,lchen8,r,09/09/2026,17:38:57,eddie@node1h23.ecdf.ed.ac.uk,1,7810
58233721,0.00010,gate_run,lchen8,r,09/09/2026,17:38:57,eddie@node1s16.ecdf.ed.ac.uk,1,7811
58233721,0.00010,gate_run,lchen8,r,09/09/2026,17:38:57,eddie@node1m13.ecdf.ed.ac.uk,1,7812
58233721,0.00010,gate_run,lchen8,r,09/09/2026,17:38:57,eddie@node1m12.ecdf.ed.ac.uk,1,7813
58233721,0.00010,gate_run,lchen8,r,09/09/2026,17:38:57,eddie@node1m12.ecdf.ed.ac.uk,1,7814
58233721,0.00010,gate_run,lchen8,r,09/09/2026,17:38:57,eddie@node1k09.ecdf.ed.ac.uk,1,7815
58233721,0.00010,gate_run,lchen8,r,09/09/2026,17:38:57,eddie@node1j22.ecdf.ed.ac.uk,1,7816
58258106,0.00010,nf-NFCORE_,dmanousi,r,09/09/2026,22:05:40,eddie@node1q14.ecdf.ed.ac.uk,1
