job-ID,prior,name,user,state,submit/start,at,queue,jclass,slots,ja-task-ID
------------------------------------------------------------------------------------------------------------------------------------------------
Experiment,s2060501,r,08/19/2026,09:45:02,eddie@node1n04.ecdf.ed.ac.uk,10,57
56976090,0.02853,Experiment,s2060501,r,08/18/2026,10:36:27,eddie@node1s12.ecdf.ed.ac.uk,10,39
56976090,0.02841,Experiment,s2060501,r,08/18/2026,10:12:37,eddie@node1s10.ecdf.ed.ac.uk,10,38
57722449,0.02779,mixer_biva,knicodem,r,08/19/2026,06:41:00,eddie@node1k14.ecdf.ed.ac.uk,1,9
56976090,0.02766,Experiment,s2060501,r,08/17/2026,18:55:24,eddie@node1s10.ecdf.ed.ac.uk,10,34
56860680,0.02694,runlisfloo,awilso19,r,08/10/2026,05:15:44,eddie@node1k13.ecdf.ed.ac.uk,1,5978
56860680,0.02690,runlisfloo,awilso19,r,08/10/2026,04:17:10,eddie@node1k13.ecdf.ed.ac.uk,1,5880
56860680,0.02689,runlisfloo,awilso19,r,08/10/2026,04:05:45,eddie@node1k20.ecdf.ed.ac.uk,1,5856
56860680,0.02688,runlisfloo,awilso19,r,08/10/2026,03:41:19,eddie@node1n08.ecdf.ed.ac.uk,1,5822
56860680,0.02686,runlisfloo,awilso19,r,08/10/2026,03:12:14,eddie@node1n12.ecdf.ed.ac.uk,1,5774
56860680,0.02685,runlisfloo,awilso19,r,08/10/2026,02:57:19,eddie@node1k10.ecdf.ed.ac.uk,1,5750
56860680,0.02684,runlisfloo,awilso19,r,08/10/2026,02:43:38,eddie@node1n08.ecdf.ed.ac.uk,1,5729
56860680,0.02682,runlisfloo,awilso19,r,08/10/2026,02:17:11,eddie@node1k12.ecdf.ed.ac.uk,1,5703
56860680,0.02679,runlisfloo,awilso19,r,08/10/2026,01:18:01,eddie@node1n06.ecdf.ed.ac.uk,1,5673
56860680,0.02678,runlisfloo,awilso19,r,08/10/2026,01:06:09,eddie@node1k20.ecdf.ed.ac.uk,1,5672
56860680,0.02674,runlisfloo,awilso19,r,08/10/2026,00:28:44,eddie@node1k12.ecdf.ed.ac.uk,1,5666
56860680,0.02674,runlisfloo,awilso19,r,08/10/2026,00:12:52,eddie@node1j12.ecdf.ed.ac.uk,1,5664
56860680,0.02666,runlisfloo,awilso19,r,08/09/2026,22:17:20,eddie@node1n12.ecdf.ed.ac.uk,1,5663
56860680,0.02664,runlisfloo,awilso19,r,08/09/2026,21:38:05,eddie@node1n12.ecdf.ed.ac.uk,1,5662
56860680,0.02663,runlisfloo,awilso19,r,08/09/2026,21:30:38,eddie@node1n06.ecdf.ed.ac.uk,1,5661
56860680,0.02662,runlisfloo,awilso19,r,08/09/2026,21:00:24,eddie@node1n11.ecdf.ed.ac.uk,1,5654
56860680,0.02662,runlisfloo,awilso19,r,08/09/2026,21:00:56,eddie@node1n11.ecdf.ed.ac.uk,1,5655
56860680,0.02662,runlisfloo,awilso19,r,08/09/2026,21:06:11,eddie@node1n11.ecdf.ed.ac.uk,1,5658
56860680,0.02662,runlisfloo,awilso19,r,08/09/2026,21:07:08,eddie@node1n11.ecdf.ed.ac.uk,1,5659
56860680,0.02662,runlisfloo,awilso19,r,08/09/2026,21:07:24,eddie@node1n11.ecdf.ed.ac.uk,1,5660
56860680,0.02662,runlisfloo,awilso19,r,08/09/2026,21:05:10,eddie@node1n11.ecdf.ed.ac.uk,1,5656
56860680,0.02662,runlisfloo,awilso19,r,08/09/2026,21:05:54,eddie@node1n11.ecdf.ed.ac.uk,1,5657
56860680,0.02662,runlisfloo,awilso19,r,08/09/2026,20:59:57,eddie@node1n11.ecdf.ed.ac.uk,1,5653
56860680,0.02661,runlisfloo,awilso19,r,08/09/2026,20:55:08,eddie@node1n11.ecdf.ed.ac.uk,1,5646
56860680,0.02661,runlisfloo,awilso19,r,08/09/2026,20:55:38,eddie@node1n11.ecdf.ed.ac.uk,1,5647
56860680,0.02661,runlisfloo,awilso19,r,08/09/2026,20:57:53,eddie@node1n11.ecdf.ed.ac.uk,1,5652
56860680,0.02661,runlisfloo,awilso19,r,08/09/2026,20:55:53,eddie@node1n11.ecdf.ed.ac.uk,1,5648
56860680,0.02661,runlisfloo,awilso19,r,08/09/2026,20:56:10,eddie@node1n11.ecdf.ed.ac.uk,1,5649
56860680,0.02661,runlisfloo,awilso19,r,08/09/2026,20:57:22,eddie@node1n05.ecdf.ed.ac.uk,1,5650
56860680,0.02661,runlisfloo,awilso19,r,08/09/2026,20:57:26,eddie@node1n11.ecdf.ed.ac.uk,1,5651
56860680,0.02661,runlisfloo,awilso19,r,08/09/2026,20:54:38,eddie@node1n11.ecdf.ed.ac.uk,1,5645
56860680,0.02660,runlisfloo,awilso19,r,08/09/2026,20:43:54,eddie@node1n08.ecdf.ed.ac.uk,1,5644
56860680,0.02658,runlisfloo,awilso19,r,08/09/2026,20:10:15,eddie@node1n12.ecdf.ed.ac.uk,1,5643
56860680,0.02652,runlisfloo,awilso19,r,08/09/2026,18:27:27,eddie@node1n08.ecdf.ed.ac.uk,1,5641
56860680,0.02652,runlisfloo,awilso19,r,08/09/2026,18:32:27,eddie@node1n02.ecdf.ed.ac.uk,1,5642
56860680,0.02650,runlisfloo,awilso19,r,08/09/2026,18:19:05,eddie@node1k20.ecdf.ed.ac.uk,1,5640
56860680,0.02645,runlisfloo,awilso19,r,08/09/2026,16:53:07,eddie@node1n12.ecdf.ed.ac.uk,1,5638
56860680,0.02645,runlisfloo,awilso19,r,08/09/2026,16:55:31,eddie@node1k19.ecdf.ed.ac.uk,1,5639
56860680,0.02641,runlisfloo,awilso19,r,08/09/2026,15:53:11,eddie@node1n06.ecdf.ed.ac.uk,1,5637
56860680,0.02640,runlisfloo,awilso19,r,08/09/2026,15:28:48,eddie@node1n03.ecdf.ed.ac.uk,1,5636
56860680,0.02640,runlisfloo,awilso19,r,08/09/2026,15:20:36,eddie@node1k20.ecdf.ed.ac.uk,1,5634
56860680,0.02637,runlisfloo,awilso19,r,08/09/2026,14:40:37,eddie@node1n03.ecdf.ed.ac.uk,1,5633
56860680,0.02636,runlisfloo,awilso19,r,08/09/2026,14:26:41,eddie@node1k10.ecdf.ed.ac.uk,1,5632
56860680,0.02635,runlisfloo,awilso19,r,08/09/2026,14:00:14,eddie@node1n06.ecdf.ed.ac.uk,1,5631
56860680,0.02634,runlisfloo,awilso19,r,08/09/2026,13:49:04,eddie@node1n05.ecdf.ed.ac.uk,1,5630
56860680,0.02633,runlisfloo,awilso19,r,08/09/2026,13:33:30,eddie@node1n06.ecdf.ed.ac.uk,1,5629
56860680,0.02633,runlisfloo,awilso19,r,08/09/2026,13:27:52,eddie@node1n03.ecdf.ed.ac.uk,1,5628
56860680,0.02631,runlisfloo,awilso19,r,08/09/2026,13:16:59,eddie@node1k10.ecdf.ed.ac.uk,1,5627
56860680,0.02631,runlisfloo,awilso19,r,08/09/2026,12:57:11,eddie@node1k11.ecdf.ed.ac.uk,1,5626
56860680,0.02629,runlisfloo,awilso19,r,08/09/2026,12:34:35,eddie@node1k20.ecdf.ed.ac.uk,1,5625
56860680,0.02627,runlisfloo,awilso19,r,08/09/2026,12:05:38,eddie@node1k20.ecdf.ed.ac.uk,1,5624
56860680,0.02626,runlisfloo,awilso19,r,08/09/2026,11:48:14,eddie@node1n06.ecdf.ed.ac.uk,1,5623
56860680,0.02625,runlisfloo,awilso19,r,08/09/2026,11:43:07,eddie@node1n12.ecdf.ed.ac.uk,1,5622
56860680,0.02624,runlisfloo,awilso19,r,08/09/2026,11:30:15,eddie@node1j12.ecdf.ed.ac.uk,1,5621
56860680,0.02624,runlisfloo,awilso19,r,08/09/2026,11:25:41,eddie@node1k10.ecdf.ed.ac.uk,1,5620
56860680,0.02623,runlisfloo,awilso19,r,08/09/2026,11:04:28,eddie@node1k20.ecdf.ed.ac.uk,1,5619
56860680,0.02622,runlisfloo,awilso19,r,08/09/2026,10:35:20,eddie@node1k10.ecdf.ed.ac.uk,1,5618
56860680,0.02621,runlisfloo,awilso19,r,08/09/2026,10:32:54,eddie@node1k20.ecdf.ed.ac.uk,1,5616
56860680,0.02621,runlisfloo,awilso19,r,08/09/2026,10:34:08,eddie@node1n05.ecdf.ed.ac.uk,1,5617
56860680,0.02620,runlisfloo,awilso19,r,08/09/2026,10:10:28,eddie@node1k10.ecdf.ed.ac.uk,1,5615
56860680,0.02618,runlisfloo,awilso19,r,08/09/2026,09:49:06,eddie@node1n05.ecdf.ed.ac.uk,1,5614
56860680,0.02618,runlisfloo,awilso19,r,08/09/2026,09:46:56,eddie@node1n12.ecdf.ed.ac.uk,1,5613
56860680,0.02617,runlisfloo,awilso19,r,08/09/2026,09:40:36,eddie@node1k10.ecdf.ed.ac.uk,1,5612
56860680,0.02617,runlisfloo,awilso19,r,08/09/2026,09:33:57,eddie@node1k11.ecdf.ed.ac.uk,1,5611
56860680,0.02617,runlisfloo,awilso19,r,08/09/2026,09:31:55,eddie@node1k10.ecdf.ed.ac.uk,1,5610
56860680,0.02615,runlisfloo,awilso19,r,08/09/2026,09:17:05,eddie@node1k11.ecdf.ed.ac.uk,1,5608
56860680,0.02615,runlisfloo,awilso19,r,08/09/2026,09:21:13,eddie@node1n06.ecdf.ed.ac.uk,1,5609
56860680,0.02612,runlisfloo,awilso19,r,08/09/2026,08:17:51,eddie@node1n08.ecdf.ed.ac.uk,1,5607
56860680,0.02611,runlisfloo,awilso19,r,08/09/2026,08:03:57,eddie@node1k11.ecdf.ed.ac.uk,1,5606
56860680,0.02608,runlisfloo,awilso19,r,08/09/2026,07:22:31,eddie@node1k20.ecdf.ed.ac.uk,1,5605
56860680,0.02608,runlisfloo,awilso19,r,08/09/2026,07:20:52,eddie@node1k11.ecdf.ed.ac.uk,1,5603
56860680,0.02608,runlisfloo,awilso19,r,08/09/2026,07:21:25,eddie@node1k11.ecdf.ed.ac.uk,1,5604
56860680,0.02604,runlisfloo,awilso19,r,08/09/2026,06:19:22,eddie@node1n12.ecdf.ed.ac.uk,1,5602
56860680,0.02603,runlisfloo,awilso19,r,08/09/2026,06:01:22,eddie@node1n05.ecdf.ed.ac.uk,1,5601
56860680,0.02598,runlisfloo,awilso19,r,08/09/2026,04:37:58,eddie@node1n06.ecdf.ed.ac.uk,1,5600
56860680,0.02598,runlisfloo,awilso19,r,08/09/2026,04:27:30,eddie@node1n02.ecdf.ed.ac.uk,1,5598
56860680,0.02598,runlisfloo,awilso19,r,08/09/2026,04:27:36,eddie@node1k11.ecdf.ed.ac.uk,1,5599
56860680,0.02597,runlisfloo,awilso19,r,08/09/2026,04:14:02,eddie@node1n06.ecdf.ed.ac.uk,1,5597
56860680,0.02587,runlisfloo,awilso19,r,08/09/2026,03:06:11,eddie@node1n02.ecdf.ed.ac.uk,1,5596
56860680,0.02586,runlisfloo,awilso19,r,08/09/2026,01:28:28,eddie@node1n06.ecdf.ed.ac.uk,1,5594
56860680,0.02583,runlisfloo,awilso19,r,08/09/2026,00:43:35,eddie@node1k20.ecdf.ed.ac.uk,1,5592
56860680,0.02583,runlisfloo,awilso19,r,08/09/2026,00:33:50,eddie@node1n06.ecdf.ed.ac.uk,1,5591
56860680,0.02582,runlisfloo,awilso19,r,08/09/2026,01:25:58,eddie@node1k11.ecdf.ed.ac.uk,1,5593
56860680,0.02582,runlisfloo,awilso19,r,08/09/2026,00:23:35,eddie@node1n03.ecdf.ed.ac.uk,1,5589
56860680,0.02582,runlisfloo,awilso19,r,08/09/2026,00:29:05,eddie@node1k20.ecdf.ed.ac.uk,1,5590
56860680,0.02580,runlisfloo,awilso19,r,08/09/2026,00:13:19,eddie@node1k11.ecdf.ed.ac.uk,1,5588
56860680,0.02579,runlisfloo,awilso19,r,08/08/2026,23:42:39,eddie@node1n06.ecdf.ed.ac.uk,1,5586
56860680,0.02579,runlisfloo,awilso19,r,08/08/2026,23:38:39,eddie@node1k10.ecdf.ed.ac.uk,1,5585
56860680,0.02576,runlisfloo,awilso19,r,08/08/2026,22:59:40,eddie@node1n08.ecdf.ed.ac.uk,1,5584
56860680,0.02575,runlisfloo,awilso19,r,08/08/2026,22:41:55,eddie@node1n06.ecdf.ed.ac.uk,1,5582
56860680,0.02574,runlisfloo,awilso19,r,08/08/2026,22:28:23,eddie@node1k12.ecdf.ed.ac.uk,1,5580
56860680,0.02574,runlisfloo,awilso19,r,08/08/2026,22:19:53,eddie@node1k20.ecdf.ed.ac.uk,1,5578
56860680,0.02573,runlisfloo,awilso19,r,08/08/2026,22:07:19,eddie@node1n05.ecdf.ed.ac.uk,1,5576
56860680,0.02570,runlisfloo,awilso19,r,08/08/2026,21:28:49,eddie@node1n02.ecdf.ed.ac.uk,1,5572
56860680,0.02570,runlisfloo,awilso19,r,08/08/2026,21:28:49,eddie@node1n03.ecdf.ed.ac.uk,1,5573
56860680,0.02570,runlisfloo,awilso19,r,08/08/2026,21:28:49,eddie@node1k20.ecdf.ed.ac.uk,1,5574
56860680,0.02570,runlisfloo,awilso19,r,08/08/2026,21:28:49,eddie@node1k16.ecdf.ed.ac.uk,1,5575
56860680,0.02570,runlisfloo,awilso19,r,08/08/2026,21:18:34,eddie@node1s09.ecdf.ed.ac.uk,1,5564
56860680,0.02570,runlisfloo,awilso19,r,08/08/2026,21:18:34,eddie@node1s09.ecdf.ed.ac.uk,1,5565
56860680,0.02570,runlisfloo,awilso19,r,08/08/2026,21:18:34,eddie@node1s09.ecdf.ed.ac.uk,1,5566
56860680,0.02570,runlisfloo,awilso19,r,08/08/2026,21:18:34,eddie@node1s09.ecdf.ed.ac.uk,1,5567
56860680,0.02570,runlisfloo,awilso19,r,08/08/2026,21:18:34,eddie@node1s09.ecdf.ed.ac.uk,1,5568
56860680,0.02570,runlisfloo,awilso19,r,08/08/2026,21:18:34,eddie@node1s09.ecdf.ed.ac.uk,1,5569
56860680,0.02570,runlisfloo,awilso19,r,08/08/2026,21:18:34,eddie@node1s09.ecdf.ed.ac.uk,1,5570
56860680,0.02570,runlisfloo,awilso19,r,08/08/2026,21:18:34,eddie@node1s09.ecdf.ed.ac.uk,1,5571
56860680,0.02569,runlisfloo,awilso19,r,08/08/2026,21:06:34,eddie@node1j12.ecdf.ed.ac.uk,1,5562
56860680,0.02565,runlisfloo,awilso19,r,08/08/2026,20:14:05,eddie@node1n06.ecdf.ed.ac.uk,1,5561
56860680,0.02565,runlisfloo,awilso19,r,08/08/2026,19:56:18,eddie@node1k20.ecdf.ed.ac.uk,1,5560
56860680,0.02563,runlisfloo,awilso19,r,08/08/2026,19:27:47,eddie@node1k12.ecdf.ed.ac.uk,1,5558
56860680,0.02560,runlisfloo,awilso19,r,08/08/2026,18:48:24,eddie@node1n06.ecdf.ed.ac.uk,1,5556
56860680,0.02560,runlisfloo,awilso19,r,08/08/2026,18:51:24,eddie@node1k20.ecdf.ed.ac.uk,1,5557
56860680,0.02557,runlisfloo,awilso19,r,08/08/2026,18:06:23,eddie@node1k20.ecdf.ed.ac.uk,1,5554
56860680,0.02555,runlisfloo,awilso19,r,08/08/2026,17:28:38,eddie@node1k13.ecdf.ed.ac.uk,1,5553
56860680,0.02549,runlisfloo,awilso19,r,08/08/2026,15:52:58,eddie@node1k12.ecdf.ed.ac.uk,1,5552
56860680,0.02549,runlisfloo,awilso19,r,08/08/2026,15:49:58,eddie@node1n06.ecdf.ed.ac.uk,1,5551
56860680,0.02548,runlisfloo,awilso19,r,08/08/2026,15:44:28,eddie@node1n03.ecdf.ed.ac.uk,1,5550
56860680,0.02545,runlisfloo,awilso19,r,08/08/2026,14:49:41,eddie@node1k13.ecdf.ed.ac.uk,1,5548
56860680,0.02535,runlisfloo,awilso19,r,08/08/2026,12:10:22,eddie@node1n08.ecdf.ed.ac.uk,1,5543
56860680,0.02533,runlisfloo,awilso19,r,08/08/2026,11:38:40,eddie@node1k13.ecdf.ed.ac.uk,1,5542
56860680,0.02531,runlisfloo,awilso19,r,08/08/2026,11:14:14,eddie@node1n08.ecdf.ed.ac.uk,1,5541
56860680,0.02530,runlisfloo,awilso19,r,08/08/2026,10:53:14,eddie@node1n03.ecdf.ed.ac.uk,1,5540
56860680,0.02529,runlisfloo,awilso19,r,08/08/2026,10:44:14,eddie@node1k12.ecdf.ed.ac.uk,1,5539
56860680,0.02528,runlisfloo,awilso19,r,08/08/2026,10:28:30,eddie@node1n06.ecdf.ed.ac.uk,1,5537
56860680,0.02528,runlisfloo,awilso19,r,08/08/2026,10:29:45,eddie@node1k10.ecdf.ed.ac.uk,1,5538
56860680,0.02527,runlisfloo,awilso19,r,08/08/2026,10:02:00,eddie@node1n07.ecdf.ed.ac.uk,1,5535
56860680,0.02526,runlisfloo,awilso19,r,08/08/2026,10:19:00,eddie@node1n11.ecdf.ed.ac.uk,1,5536
56860680,0.02525,runlisfloo,awilso19,r,08/08/2026,09:37:45,eddie@node1k10.ecdf.ed.ac.uk,1,5533
56860680,0.02520,runlisfloo,awilso19,r,08/08/2026,08:17:37,eddie@node1n06.ecdf.ed.ac.uk,1,5532
56860680,0.02511,runlisfloo,awilso19,r,08/08/2026,06:00:22,eddie@node1n11.ecdf.ed.ac.uk,1,5528
56860680,0.02511,runlisfloo,awilso19,r,08/08/2026,06:06:52,eddie@node1k13.ecdf.ed.ac.uk,1,5529
56860680,0.02509,runlisfloo,awilso19,r,08/08/2026,05:28:22,eddie@node1n07.ecdf.ed.ac.uk,1,5527
56860680,0.02504,runlisfloo,awilso19,r,08/08/2026,04:11:52,eddie@node1n06.ecdf.ed.ac.uk,1,5525
56860680,0.02503,runlisfloo,awilso19,r,08/08/2026,03:50:52,eddie@node1k12.ecdf.ed.ac.uk,1,5524
57722449,0.02501,mixer_biva,knicodem,r,08/19/2026,06:43:00,eddie@node1k10.ecdf.ed.ac.uk,1,10
56860680,0.02500,runlisfloo,awilso19,r,08/08/2026,03:21:20,eddie@node1n06.ecdf.ed.ac.uk,1,5522
56860680,0.02500,runlisfloo,awilso19,r,08/08/2026,03:08:20,eddie@node1k13.ecdf.ed.ac.uk,1,5521
56860680,0.02495,runlisfloo,awilso19,r,08/08/2026,02:48:35,eddie@node1n06.ecdf.ed.ac.uk,1,5520
56860680,0.02493,runlisfloo,awilso19,r,08/08/2026,01:26:35,eddie@node1j12.ecdf.ed.ac.uk,1,5518
56860680,0.02491,runlisfloo,awilso19,r,08/08/2026,00:49:14,eddie@node1k10.ecdf.ed.ac.uk,1,5515
56860680,0.02491,runlisfloo,awilso19,r,08/08/2026,00:44:29,eddie@node1n03.ecdf.ed.ac.uk,1,5514
56860680,0.02489,runlisfloo,awilso19,r,08/08/2026,00:31:29,eddie@node1n07.ecdf.ed.ac.uk,1,5512
56860680,0.02488,runlisfloo,awilso19,r,08/08/2026,00:07:42,eddie@node1k10.ecdf.ed.ac.uk,1,5509
56860680,0.02485,runlisfloo,awilso19,r,08/07/2026,23:11:46,eddie@node1k13.ecdf.ed.ac.uk,1,5507
56860680,0.02484,runlisfloo,awilso19,r,08/07/2026,23:01:46,eddie@node1k10.ecdf.ed.ac.uk,1,5506
56860680,0.02483,runlisfloo,awilso19,r,08/07/2026,22:49:18,eddie@node1n11.ecdf.ed.ac.uk,1,5504
56860680,0.02482,runlisfloo,awilso19,r,08/07/2026,22:31:02,eddie@node1k10.ecdf.ed.ac.uk,1,5503
56860680,0.02480,runlisfloo,awilso19,r,08/07/2026,22:02:47,eddie@node1n11.ecdf.ed.ac.uk,1,5501
56860680,0.02480,runlisfloo,awilso19,r,08/07/2026,22:20:47,eddie@node1n06.ecdf.ed.ac.uk,1,5502
56860680,0.02479,runlisfloo,awilso19,r,08/07/2026,21:48:17,eddie@node1k13.ecdf.ed.ac.uk,1,5500
56860680,0.02476,runlisfloo,awilso19,r,08/07/2026,21:07:47,eddie@node1n07.ecdf.ed.ac.uk,1,5498
56860680,0.02476,runlisfloo,awilso19,r,08/07/2026,21:07:47,eddie@node1k10.ecdf.ed.ac.uk,1,5499
56860680,0.02475,runlisfloo,awilso19,r,08/07/2026,20:37:47,eddie@node1k12.ecdf.ed.ac.uk,1,5495
56860680,0.02474,runlisfloo,awilso19,r,08/07/2026,20:26:17,eddie@node1n11.ecdf.ed.ac.uk,1,5492
56860680,0.02473,runlisfloo,awilso19,r,08/07/2026,20:16:17,eddie@node1n06.ecdf.ed.ac.uk,1,5491
56860680,0.02471,runlisfloo,awilso19,r,08/07/2026,19:38:20,eddie@node1k12.ecdf.ed.ac.uk,1,5488
56860680,0.02470,runlisfloo,awilso19,r,08/07/2026,19:28:05,eddie@node1k10.ecdf.ed.ac.uk,1,5487
56860680,0.02468,runlisfloo,awilso19,r,08/07/2026,19:03:50,eddie@node1n07.ecdf.ed.ac.uk,1,5486
56860680,0.02465,runlisfloo,awilso19,r,08/07/2026,18:04:00,eddie@node1n07.ecdf.ed.ac.uk,1,5485
56860680,0.02465,runlisfloo,awilso19,r,08/07/2026,17:55:45,eddie@node1n11.ecdf.ed.ac.uk,1,5484
56860680,0.02464,runlisfloo,awilso19,r,08/07/2026,17:45:30,eddie@node1n07.ecdf.ed.ac.uk,1,5483
56860680,0.02462,runlisfloo,awilso19,r,08/07/2026,17:17:28,eddie@node1n07.ecdf.ed.ac.uk,1,5481
56860680,0.02462,runlisfloo,awilso19,r,08/07/2026,17:13:28,eddie@node1n11.ecdf.ed.ac.uk,1,5479
56860680,0.02462,runlisfloo,awilso19,r,08/07/2026,17:13:58,eddie@node1n07.ecdf.ed.ac.uk,1,5480
56860680,0.02460,runlisfloo,awilso19,r,08/07/2026,16:49:43,eddie@node1n05.ecdf.ed.ac.uk,1,5477
56860680,0.02457,runlisfloo,awilso19,r,08/07/2026,15:57:54,eddie@node1k10.ecdf.ed.ac.uk,1,5476
56860680,0.02451,runlisfloo,awilso19,r,08/07/2026,14:23:59,eddie@node1n07.ecdf.ed.ac.uk,1,5473
56860680,0.02450,runlisfloo,awilso19,r,08/07/2026,14:05:52,eddie@node1k10.ecdf.ed.ac.uk,1,5472
56860680,0.02449,runlisfloo,awilso19,r,08/07/2026,13:53:47,eddie@node1n07.ecdf.ed.ac.uk,1,5471
56860680,0.02443,runlisfloo,awilso19,r,08/07/2026,12:21:20,eddie@node1n11.ecdf.ed.ac.uk,1,5467
56860680,0.02440,runlisfloo,awilso19,r,08/07/2026,11:33:58,eddie@node1n11.ecdf.ed.ac.uk,1,5466
56860680,0.02440,runlisfloo,awilso19,r,08/07/2026,11:31:13,eddie@node1n11.ecdf.ed.ac.uk,1,5465
56860680,0.02438,runlisfloo,awilso19,r,08/07/2026,11:23:53,eddie@node1k10.ecdf.ed.ac.uk,1,5464
56860680,0.02430,runlisfloo,awilso19,r,08/07/2026,08:58:49,eddie@node1n05.ecdf.ed.ac.uk,1,5461
56860680,0.02430,runlisfloo,awilso19,r,08/07/2026,08:59:19,eddie@node1n07.ecdf.ed.ac.uk,1,5462
56860680,0.02405,runlisfloo,awilso19,r,08/07/2026,02:51:19,eddie@node1k12.ecdf.ed.ac.uk,1,5450
56860680,0.02392,runlisfloo,awilso19,r,08/06/2026,23:24:53,eddie@node1k13.ecdf.ed.ac.uk,1,5437
56860680,0.02389,runlisfloo,awilso19,r,08/06/2026,22:24:19,eddie@node1s09.ecdf.ed.ac.uk,1,5414
56860680,0.02389,runlisfloo,awilso19,r,08/06/2026,22:24:19,eddie@node1s09.ecdf.ed.ac.uk,1,5415
56860680,0.02389,runlisfloo,awilso19,r,08/06/2026,22:24:19,eddie@node1s09.ecdf.ed.ac.uk,1,5416
56860680,0.02389,runlisfloo,awilso19,r,08/06/2026,22:24:19,eddie@node1s09.ecdf.ed.ac.uk,1,5417
56860680,0.02389,runlisfloo,awilso19,r,08/06/2026,22:24:19,eddie@node1s09.ecdf.ed.ac.uk,1,5418
56860680,0.02389,runlisfloo,awilso19,r,08/06/2026,22:24:19,eddie@node1s09.ecdf.ed.ac.uk,1,5419
56860680,0.02389,runlisfloo,awilso19,r,08/06/2026,22:24:19,eddie@node1s09.ecdf.ed.ac.uk,1,5420
56860680,0.02389,runlisfloo,awilso19,r,08/06/2026,22:24:19,eddie@node1s09.ecdf.ed.ac.uk,1,5421
56860680,0.02389,runlisfloo,awilso19,r,08/06/2026,22:24:19,eddie@node1s09.ecdf.ed.ac.uk,1,5422
56860680,0.02389,runlisfloo,awilso19,r,08/06/2026,22:24:19,eddie@node1s09.ecdf.ed.ac.uk,1,5423
56860680,0.02389,runlisfloo,awilso19,r,08/06/2026,22:24:19,eddie@node1s09.ecdf.ed.ac.uk,1,5424
56860680,0.02389,runlisfloo,awilso19,r,08/06/2026,22:24:19,eddie@node1s09.ecdf.ed.ac.uk,1,5425
56860680,0.02389,runlisfloo,awilso19,r,08/06/2026,22:24:19,eddie@node1s09.ecdf.ed.ac.uk,1,5426
56860680,0.02389,runlisfloo,awilso19,r,08/06/2026,22:24:19,eddie@node1s09.ecdf.ed.ac.uk,1,5427
56860680,0.02389,runlisfloo,awilso19,r,08/06/2026,22:24:19,eddie@node1s09.ecdf.ed.ac.uk,1,5428
56860680,0.02389,runlisfloo,awilso19,r,08/06/2026,22:24:19,eddie@node1s09.ecdf.ed.ac.uk,1,5429
56860680,0.02389,runlisfloo,awilso19,r,08/06/2026,22:24:19,eddie@node1s09.ecdf.ed.ac.uk,1,5430
56860680,0.02389,runlisfloo,awilso19,r,08/06/2026,22:24:19,eddie@node1s09.ecdf.ed.ac.uk,1,5431
56860680,0.02389,runlisfloo,awilso19,r,08/06/2026,22:24:19,eddie@node1s09.ecdf.ed.ac.uk,1,5432
56860680,0.02389,runlisfloo,awilso19,r,08/06/2026,22:24:19,eddie@node1s09.ecdf.ed.ac.uk,1,5433
56860680,0.02356,runlisfloo,awilso19,r,08/06/2026,14:04:27,eddie@node1k13.ecdf.ed.ac.uk,1,5400
56860680,0.02350,runlisfloo,awilso19,r,08/06/2026,12:41:03,eddie@node1k13.ecdf.ed.ac.uk,1,5397
57722449,0.02273,mixer_biva,knicodem,r,08/19/2026,06:44:30,eddie@node1k13.ecdf.ed.ac.uk,1,11
56860680,0.02257,runlisfloo,awilso19,r,08/05/2026,12:26:24,eddie@node1n11.ecdf.ed.ac.uk,1,5378
56860680,0.02257,runlisfloo,awilso19,r,08/05/2026,12:26:24,eddie@node1n11.ecdf.ed.ac.uk,1,5379
57722449,0.02084,mixer_biva,knicodem,r,08/19/2026,06:44:30,eddie@node1n10.ecdf.ed.ac.uk,1,12
57750512,0.02049,eqw_npt_ri,s2713107,r,08/19/2026,20:43:22,eddie@node1f16.ecdf.ed.ac.uk,256
57722449,0.01924,mixer_biva,knicodem,r,08/19/2026,06:44:45,eddie@node1k17.ecdf.ed.ac.uk,1,13
57722449,0.01787,mixer_biva,knicodem,r,08/19/2026,06:50:30,eddie@node1k20.ecdf.ed.ac.uk,1,14
57722449,0.01668,mixer_biva,knicodem,r,08/19/2026,06:50:30,eddie@node1n12.ecdf.ed.ac.uk,1,15
57722449,0.01564,mixer_biva,knicodem,r,08/19/2026,06:50:30,eddie@node1k11.ecdf.ed.ac.uk,1,16
57722449,0.01472,mixer_biva,knicodem,r,08/19/2026,06:53:15,eddie@node1n09.ecdf.ed.ac.uk,1,17
57722449,0.01391,mixer_biva,knicodem,r,08/19/2026,06:54:30,eddie@node1k17.ecdf.ed.ac.uk,1,18
57722549,0.01325,autoep_can,mharvey2,r,08/20/2026,07:29:35,gpu@node1o02.ecdf.ed.ac.uk,1,1
57722449,0.01317,mixer_biva,knicodem,r,08/19/2026,06:54:30,eddie@node1k11.ecdf.ed.ac.uk,1,19
57722449,0.01252,mixer_biva,knicodem,r,08/19/2026,06:56:00,eddie@node1k12.ecdf.ed.ac.uk,1,20
57562825,0.01170,step7_gate,s2116644,r,08/20/2026,14:41:52,eddie@node1f16.ecdf.ed.ac.uk,8,1733
57755122,0.01170,QLOGIN,s2714757,r,08/20/2026,07:53:19,eddie@node1j24.ecdf.ed.ac.uk,1
57562825,0.01168,step7_gate,s2116644,r,08/20/2026,14:19:49,eddie@node1l28.ecdf.ed.ac.uk,8,1732
57562825,0.01166,step7_gate,s2116644,r,08/20/2026,12:30:31,eddie@node1f12.ecdf.ed.ac.uk,8,1731
57562825,0.01165,step7_gate,s2116644,r,08/20/2026,12:21:45,eddie@node1i07.ecdf.ed.ac.uk,8,1730
57562825,0.01164,step7_gate,s2116644,r,08/20/2026,10:47:51,eddie@node1l24.ecdf.ed.ac.uk,8,1727
57562825,0.01163,step7_gate,s2116644,r,08/20/2026,10:38:04,eddie@node1o05.ecdf.ed.ac.uk,8,1726
57562825,0.01163,step7_gate,s2116644,r,08/20/2026,10:18:09,eddie@node1i06.ecdf.ed.ac.uk,8,1725
57562825,0.01163,step7_gate,s2116644,r,08/20/2026,11:29:51,eddie@node1o03.ecdf.ed.ac.uk,8,1729
57562825,0.01163,step7_gate,s2116644,r,08/20/2026,10:17:09,eddie@node1l26.ecdf.ed.ac.uk,8,1724
57562825,0.01162,step7_gate,s2116644,r,08/20/2026,10:01:33,eddie@node1l28.ecdf.ed.ac.uk,8,1722
57562825,0.01162,step7_gate,s2116644,r,08/20/2026,11:21:09,eddie@node1r15.ecdf.ed.ac.uk,8,1728
57562825,0.01162,step7_gate,s2116644,r,08/20/2026,10:14:39,eddie@node1r16.ecdf.ed.ac.uk,8,1723
57562825,0.01161,step7_gate,s2116644,r,08/20/2026,09:33:15,eddie@node1i15.ecdf.ed.ac.uk,8,1721
57562825,0.01160,step7_gate,s2116644,r,08/20/2026,09:15:10,eddie@node1l27.ecdf.ed.ac.uk,8,1720
57562825,0.01160,step7_gate,s2116644,r,08/20/2026,08:51:11,eddie@node1i16.ecdf.ed.ac.uk,8,1719
57562825,0.01159,step7_gate,s2116644,r,08/20/2026,08:31:13,eddie@node1s16.ecdf.ed.ac.uk,8,1718
57562825,0.01157,step7_gate,s2116644,r,08/20/2026,08:12:03,eddie@node1i03.ecdf.ed.ac.uk,8,1715
57562825,0.01157,step7_gate,s2116644,r,08/20/2026,07:58:03,eddie@node1m16.ecdf.ed.ac.uk,8,1712
57562825,0.01157,step7_gate,s2116644,r,08/20/2026,08:06:18,eddie@node1o07.ecdf.ed.ac.uk,8,1713
57562825,0.01157,step7_gate,s2116644,r,08/20/2026,07:57:18,eddie@node1f16.ecdf.ed.ac.uk,8,1711
57562825,0.01156,step7_gate,s2116644,r,08/20/2026,08:24:43,eddie@node1f06.ecdf.ed.ac.uk,8,1716
57562825,0.01156,step7_gate,s2116644,r,08/20/2026,08:25:43,eddie@node1r14.ecdf.ed.ac.uk,8,1717
57754697,0.01154,inward-r1,s2198147,r,08/19/2026,23:19:12,gpu@node1o16.ecdf.ed.ac.uk,24,1
57562825,0.01153,step7_gate,s2116644,r,08/20/2026,07:04:05,eddie@node1h03.ecdf.ed.ac.uk,8,1707
57562825,0.01146,step7_gate,s2116644,r,08/20/2026,05:22:20,eddie@node1h13.ecdf.ed.ac.uk,8,1706
57562825,0.01144,step7_gate,s2116644,r,08/20/2026,07:50:16,eddie@node1f08.ecdf.ed.ac.uk,8,1710
57562825,0.01144,step7_gate,s2116644,r,08/20/2026,07:44:16,eddie@node1r08.ecdf.ed.ac.uk,8,1709
57562825,0.01143,step7_gate,s2116644,r,08/20/2026,07:10:20,eddie@node1o13.ecdf.ed.ac.uk,8,1708
57562825,0.01137,step7_gate,s2116644,r,08/20/2026,03:02:05,eddie@node1h13.ecdf.ed.ac.uk,8,1701
57753365,0.01126,QLOGIN,s2880191,r,08/19/2026,21:15:05,gpu@node1g04.ecdf.ed.ac.uk,32
57755590,0.01110,QLOGIN,s2568256,r,08/20/2026,09:11:55,eddie@node1j24.ecdf.ed.ac.uk,1
57756073,0.01096,cached_lfo,s1903776,r,08/20/2026,10:04:45,eddie@node1l01.ecdf.ed.ac.uk,20
57755631,0.01073,QLOGIN,bwallac1,r,08/20/2026,09:33:42,staging@node1f17.ecdf.ed.ac.uk,1
57582772,0.01047,lw_b11_24h,pminervi,r,08/20/2026,14:42:23,eddie@node1l26.ecdf.ed.ac.uk,1,8593
57582772,0.01047,lw_b11_24h,pminervi,r,08/20/2026,14:43:19,eddie@node1l23.ecdf.ed.ac.uk,1,8595
57582772,0.01047,lw_b11_24h,pminervi,r,08/20/2026,14:40:53,eddie@node1o03.ecdf.ed.ac.uk,1,8592
57582772,0.01047,lw_b11_24h,pminervi,r,08/20/2026,14:42:46,eddie@node1l27.ecdf.ed.ac.uk,1,8594
57582772,0.01046,lw_b11_24h,pminervi,r,08/20/2026,14:38:07,eddie@node1h23.ecdf.ed.ac.uk,1,8590
57582772,0.01046,lw_b11_24h,pminervi,r,08/20/2026,14:38:25,eddie@node1h05.ecdf.ed.ac.uk,1,8591
57754495,0.01046,QLOGIN,kelshak,r,08/19/2026,22:18:37,igmm_long@node1h02.ecdf.ed.ac.,1
57582772,0.01045,lw_b11_24h,pminervi,r,08/20/2026,14:21:32,eddie@node1l22.ecdf.ed.ac.uk,1,8589
57582772,0.01045,lw_b11_24h,pminervi,r,08/20/2026,14:20:32,eddie@node1r14.ecdf.ed.ac.uk,1,8588
57582772,0.01045,lw_b11_24h,pminervi,r,08/20/2026,14:20:04,eddie@node1f11.ecdf.ed.ac.uk,1,8587
57582772,0.01045,lw_b11_24h,pminervi,r,08/20/2026,14:19:04,eddie@node1l22.ecdf.ed.ac.uk,1,8586
57582772,0.01045,lw_b11_24h,pminervi,r,08/20/2026,14:18:23,eddie@node1h09.ecdf.ed.ac.uk,1,8585
57582772,0.01045,lw_b11_24h,pminervi,r,08/20/2026,14:15:53,eddie@node1o06.ecdf.ed.ac.uk,1,8584
57582772,0.01045,lw_b11_24h,pminervi,r,08/20/2026,14:10:54,eddie@node1r14.ecdf.ed.ac.uk,1,8583
57582772,0.01045,lw_b11_24h,pminervi,r,08/20/2026,14:09:09,eddie@node1r07.ecdf.ed.ac.uk,1,8582
57582772,0.01044,lw_b11_24h,pminervi,r,08/20/2026,14:08:09,eddie@node1r16.ecdf.ed.ac.uk,1,8581
57582772,0.01044,lw_b11_24h,pminervi,r,08/20/2026,14:03:00,eddie@node1h09.ecdf.ed.ac.uk,1,8580
57582772,0.01044,lw_b11_24h,pminervi,r,08/20/2026,13:59:37,eddie@node1f07.ecdf.ed.ac.uk,1,8579
57582772,0.01044,lw_b11_24h,pminervi,r,08/20/2026,13:58:37,eddie@node1i13.ecdf.ed.ac.uk,1,8578
57582772,0.01044,lw_b11_24h,pminervi,r,08/20/2026,13:55:50,eddie@node1l28.ecdf.ed.ac.uk,1,8577
57582772,0.01043,lw_b11_24h,pminervi,r,08/20/2026,13:52:49,eddie@node1o04.ecdf.ed.ac.uk,1,8576
57582772,0.01043,lw_b11_24h,pminervi,r,08/20/2026,13:52:04,eddie@node1i07.ecdf.ed.ac.uk,1,8575
57582772,0.01043,lw_b11_24h,pminervi,r,08/20/2026,13:47:35,eddie@node1f13.ecdf.ed.ac.uk,1,8574
57582772,0.01043,lw_b11_24h,pminervi,r,08/20/2026,13:42:29,eddie@node1f11.ecdf.ed.ac.uk,1,8572
57582772,0.01043,lw_b11_24h,pminervi,r,08/20/2026,13:42:29,eddie@node1f11.ecdf.ed.ac.uk,1,8573
57582772,0.01043,lw_b11_24h,pminervi,r,08/20/2026,13:39:44,eddie@node1f07.ecdf.ed.ac.uk,1,8570
57582772,0.01043,lw_b11_24h,pminervi,r,08/20/2026,13:39:59,eddie@node1f08.ecdf.ed.ac.uk,1,8571
57582772,0.01042,lw_b11_24h,pminervi,r,08/20/2026,13:36:29,eddie@node1f09.ecdf.ed.ac.uk,1,8568
57582772,0.01042,lw_b11_24h,pminervi,r,08/20/2026,13:36:44,eddie@node1l25.ecdf.ed.ac.uk,1,8569
57582772,0.01042,lw_b11_24h,pminervi,r,08/20/2026,13:30:25,eddie@node1l25.ecdf.ed.ac.uk,1,8565
57582772,0.01042,lw_b11_24h,pminervi,r,08/20/2026,13:30:40,eddie@node1f09.ecdf.ed.ac.uk,1,8566
57582772,0.01042,lw_b11_24h,pminervi,r,08/20/2026,13:31:18,eddie@node1i13.ecdf.ed.ac.uk,1,8567
57582772,0.01042,lw_b11_24h,pminervi,r,08/20/2026,13:29:18,eddie@node1l25.ecdf.ed.ac.uk,1,8564
57582772,0.01041,lw_b11_24h,pminervi,r,08/20/2026,13:22:13,eddie@node1l23.ecdf.ed.ac.uk,1,8561
57582772,0.01041,lw_b11_24h,pminervi,r,08/20/2026,13:22:28,eddie@node1o04.ecdf.ed.ac.uk,1,8562
57582772,0.01041,lw_b11_24h,pminervi,r,08/20/2026,13:27:13,eddie@node1i06.ecdf.ed.ac.uk,1,8563
57582772,0.01041,lw_b11_24h,pminervi,r,08/20/2026,13:19:49,eddie@node1i02.ecdf.ed.ac.uk,1,8558
57582772,0.01041,lw_b11_24h,pminervi,r,08/20/2026,13:20:04,eddie@node1o04.ecdf.ed.ac.uk,1,8559
57582772,0.01041,lw_b11_24h,pminervi,r,08/20/2026,13:20:49,eddie@node1i13.ecdf.ed.ac.uk,1,8560
57582772,0.01041,lw_b11_24h,pminervi,r,08/20/2026,13:19:34,eddie@node1f09.ecdf.ed.ac.uk,1,8557
57582772,0.01041,lw_b11_24h,pminervi,r,08/20/2026,13:17:49,eddie@node1l23.ecdf.ed.ac.uk,1,8556
57582772,0.01041,lw_b11_24h,pminervi,r,08/20/2026,13:14:34,eddie@node1f09.ecdf.ed.ac.uk,1,8555
57582772,0.01041,lw_b11_24h,pminervi,r,08/20/2026,13:14:19,eddie@node1o04.ecdf.ed.ac.uk,1,8554
57582772,0.01041,lw_b11_24h,pminervi,r,08/20/2026,13:13:49,eddie@node1o04.ecdf.ed.ac.uk,1,8553
57582772,0.01041,lw_b11_24h,pminervi,r,08/20/2026,13:11:52,eddie@node1o04.ecdf.ed.ac.uk,1,8550
57582772,0.01041,lw_b11_24h,pminervi,r,08/20/2026,13:11:52,eddie@node1l23.ecdf.ed.ac.uk,1,8551
57582772,0.01041,lw_b11_24h,pminervi,r,08/20/2026,13:11:52,eddie@node1o04.ecdf.ed.ac.uk,1,8552
57582772,0.01041,lw_b11_24h,pminervi,r,08/20/2026,13:11:37,eddie@node1l23.ecdf.ed.ac.uk,1,8549
57582772,0.01040,lw_b11_24h,pminervi,r,08/20/2026,13:07:38,eddie@node1i02.ecdf.ed.ac.uk,1,8548
57582772,0.01040,lw_b11_24h,pminervi,r,08/20/2026,13:07:23,eddie@node1i16.ecdf.ed.ac.uk,1,8547
57582772,0.01040,lw_b11_24h,pminervi,r,08/20/2026,13:05:08,eddie@node1l23.ecdf.ed.ac.uk,1,8545
57582772,0.01040,lw_b11_24h,pminervi,r,08/20/2026,13:05:53,eddie@node1l23.ecdf.ed.ac.uk,1,8546
57582772,0.01040,lw_b11_24h,pminervi,r,08/20/2026,13:04:08,eddie@node1f09.ecdf.ed.ac.uk,1,8544
57582772,0.01040,lw_b11_24h,pminervi,r,08/20/2026,13:03:18,eddie@node1l23.ecdf.ed.ac.uk,1,8543
57582772,0.01040,lw_b11_24h,pminervi,r,08/20/2026,13:02:48,eddie@node1f08.ecdf.ed.ac.uk,1,8542
57582772,0.01040,lw_b11_24h,pminervi,r,08/20/2026,13:02:03,eddie@node1f09.ecdf.ed.ac.uk,1,8541
57582772,0.01040,lw_b11_24h,pminervi,r,08/20/2026,12:58:05,eddie@node1i13.ecdf.ed.ac.uk,1,8540
57582772,0.01040,lw_b11_24h,pminervi,r,08/20/2026,12:53:09,eddie@node1i13.ecdf.ed.ac.uk,1,8538
57582772,0.01040,lw_b11_24h,pminervi,r,08/20/2026,12:53:09,eddie@node1i14.ecdf.ed.ac.uk,1,8539
57582772,0.01039,lw_b11_24h,pminervi,r,08/20/2026,12:47:27,eddie@node1i03.ecdf.ed.ac.uk,1,8536
57582772,0.01039,lw_b11_24h,pminervi,r,08/20/2026,12:47:57,eddie@node1f08.ecdf.ed.ac.uk,1,8537
57582772,0.01036,lw_b11_24h,pminervi,r,08/20/2026,11:53:05,eddie@node1f10.ecdf.ed.ac.uk,1,8535
57582772,0.01036,lw_b11_24h,pminervi,r,08/20/2026,11:47:12,eddie@node1i03.ecdf.ed.ac.uk,1,8534
57582772,0.01035,lw_b11_24h,pminervi,r,08/20/2026,11:44:02,eddie@node1f12.ecdf.ed.ac.uk,1,8533
57582772,0.01035,lw_b11_24h,pminervi,r,08/20/2026,11:36:15,eddie@node1f12.ecdf.ed.ac.uk,1,8532
57582772,0.01034,lw_b11_24h,pminervi,r,08/20/2026,11:20:11,eddie@node1l25.ecdf.ed.ac.uk,1,8531
57582772,0.01033,lw_b11_24h,pminervi,r,08/20/2026,11:04:10,eddie@node1f10.ecdf.ed.ac.uk,1,8530
57582772,0.01033,lw_b11_24h,pminervi,r,08/20/2026,11:03:40,eddie@node1i07.ecdf.ed.ac.uk,1,8529
57582772,0.01032,lw_b11_24h,pminervi,r,08/20/2026,10:56:00,eddie@node1f10.ecdf.ed.ac.uk,1,8527
57582772,0.01032,lw_b11_24h,pminervi,r,08/20/2026,10:59:55,eddie@node1i13.ecdf.ed.ac.uk,1,8528
57582772,0.01031,lw_b11_24h,pminervi,r,08/20/2026,10:39:19,eddie@node1f10.ecdf.ed.ac.uk,1,8526
57582772,0.01031,lw_b11_24h,pminervi,r,08/20/2026,10:31:54,eddie@node1i13.ecdf.ed.ac.uk,1,8525
57582772,0.01031,lw_b11_24h,pminervi,r,08/20/2026,10:29:09,eddie@node1f08.ecdf.ed.ac.uk,1,8524
57582772,0.01031,lw_b11_24h,pminervi,r,08/20/2026,10:28:23,eddie@node1i02.ecdf.ed.ac.uk,1,8523
57582772,0.01030,lw_b11_24h,pminervi,r,08/20/2026,10:17:24,eddie@node1i02.ecdf.ed.ac.uk,1,8522
57582772,0.01030,lw_b11_24h,pminervi,r,08/20/2026,10:12:24,eddie@node1o04.ecdf.ed.ac.uk,1,8521
57582772,0.01030,lw_b11_24h,pminervi,r,08/20/2026,10:11:24,eddie@node1o05.ecdf.ed.ac.uk,1,8520
57582772,0.01029,lw_b11_24h,pminervi,r,08/20/2026,10:07:00,eddie@node1f09.ecdf.ed.ac.uk,1,8519
57582772,0.01029,lw_b11_24h,pminervi,r,08/20/2026,10:06:30,eddie@node1l22.ecdf.ed.ac.uk,1,8518
57582772,0.01029,lw_b11_24h,pminervi,r,08/20/2026,10:02:33,eddie@node1i13.ecdf.ed.ac.uk,1,8517
57582772,0.01029,lw_b11_24h,pminervi,r,08/20/2026,10:01:18,eddie@node1i13.ecdf.ed.ac.uk,1,8516
57582772,0.01029,lw_b11_24h,pminervi,r,08/20/2026,10:00:00,eddie@node1i06.ecdf.ed.ac.uk,1,8515
57582772,0.01029,lw_b11_24h,pminervi,r,08/20/2026,09:56:14,eddie@node1i07.ecdf.ed.ac.uk,1,8513
57582772,0.01029,lw_b11_24h,pminervi,r,08/20/2026,09:57:59,eddie@node1i02.ecdf.ed.ac.uk,1,8514
57582772,0.01029,lw_b11_24h,pminervi,r,08/20/2026,09:53:59,eddie@node1i02.ecdf.ed.ac.uk,1,8512
57582772,0.01028,lw_b11_24h,pminervi,r,08/20/2026,09:49:16,eddie@node1f12.ecdf.ed.ac.uk,1,8509
57582772,0.01028,lw_b11_24h,pminervi,r,08/20/2026,09:51:31,eddie@node1s18.ecdf.ed.ac.uk,1,8511
57582772,0.01028,lw_b11_24h,pminervi,r,08/20/2026,09:51:16,eddie@node1i15.ecdf.ed.ac.uk,1,8510
57582772,0.01028,lw_b11_24h,pminervi,r,08/20/2026,09:46:24,eddie@node1o04.ecdf.ed.ac.uk,1,8508
57582772,0.01028,lw_b11_24h,pminervi,r,08/20/2026,09:43:54,eddie@node1f10.ecdf.ed.ac.uk,1,8507
57582772,0.01028,lw_b11_24h,pminervi,r,08/20/2026,09:40:24,eddie@node1l24.ecdf.ed.ac.uk,1,8506
57582772,0.01028,lw_b11_24h,pminervi,r,08/20/2026,09:38:36,eddie@node1l28.ecdf.ed.ac.uk,1,8505
57582772,0.01027,lw_b11_24h,pminervi,r,08/20/2026,09:37:51,eddie@node1o05.ecdf.ed.ac.uk,1,8504
57582772,0.01027,lw_b11_24h,pminervi,r,08/20/2026,09:32:30,eddie@node1i14.ecdf.ed.ac.uk,1,8503
57582772,0.01026,lw_b11_24h,pminervi,r,08/20/2026,09:19:40,eddie@node1i06.ecdf.ed.ac.uk,1,8502
57582772,0.01026,lw_b11_24h,pminervi,r,08/20/2026,09:18:55,eddie@node1f12.ecdf.ed.ac.uk,1,8501
57582772,0.01025,lw_b11_24h,pminervi,r,08/20/2026,09:05:11,eddie@node1i15.ecdf.ed.ac.uk,1,8500
57582772,0.01025,lw_b11_24h,pminervi,r,08/20/2026,09:04:11,eddie@node1l23.ecdf.ed.ac.uk,1,8499
57582772,0.01025,lw_b11_24h,pminervi,r,08/20/2026,08:55:11,eddie@node1f10.ecdf.ed.ac.uk,1,8498
57582772,0.01025,lw_b11_24h,pminervi,r,08/20/2026,08:53:56,eddie@node1r14.ecdf.ed.ac.uk,1,8497
57757350,0.01025,nf-NFCORE_,s1744040,r,08/20/2026,10:11:24,eddie@node1s14.ecdf.ed.ac.uk,8
57582772,0.01025,lw_b11_24h,pminervi,r,08/20/2026,08:52:56,eddie@node1r14.ecdf.ed.ac.uk,1,8496
57758599,0.01025,test,s2764368,r,08/20/2026,10:18:54,eddie@node1l26.ecdf.ed.ac.uk,8
57582772,0.01024,lw_b11_24h,pminervi,r,08/20/2026,08:49:56,eddie@node1l22.ecdf.ed.ac.uk,1,8495
57582772,0.01024,lw_b11_24h,pminervi,r,08/20/2026,08:49:26,eddie@node1r15.ecdf.ed.ac.uk,1,8494
57582772,0.01024,lw_b11_24h,pminervi,r,08/20/2026,08:44:56,eddie@node1o05.ecdf.ed.ac.uk,1,8493
57582772,0.01024,lw_b11_24h,pminervi,r,08/20/2026,08:38:43,eddie@node1s14.ecdf.ed.ac.uk,1,8491
57582772,0.01024,lw_b11_24h,pminervi,r,08/20/2026,08:37:58,eddie@node1h04.ecdf.ed.ac.uk,1,8490
57582772,0.01023,lw_b11_24h,pminervi,r,08/20/2026,08:30:13,eddie@node1r14.ecdf.ed.ac.uk,1,8488
57582772,0.01023,lw_b11_24h,pminervi,r,08/20/2026,08:39:28,eddie@node1l24.ecdf.ed.ac.uk,1,8492
57582772,0.01023,lw_b11_24h,pminervi,r,08/20/2026,08:36:58,eddie@node1l24.ecdf.ed.ac.uk,1,8489
57582772,0.01023,lw_b11_24h,pminervi,r,08/20/2026,08:28:58,eddie@node1r16.ecdf.ed.ac.uk,1,8487
57582772,0.01022,lw_b11_24h,pminervi,r,08/20/2026,08:16:33,eddie@node1l21.ecdf.ed.ac.uk,1,8481
57582772,0.01022,lw_b11_24h,pminervi,r,08/20/2026,08:08:33,eddie@node1o03.ecdf.ed.ac.uk,1,8479
57582772,0.01022,lw_b11_24h,pminervi,r,08/20/2026,08:07:48,eddie@node1h07.ecdf.ed.ac.uk,1,8478
57582772,0.01022,lw_b11_24h,pminervi,r,08/20/2026,08:17:33,eddie@node1h03.ecdf.ed.ac.uk,1,8482
57582772,0.01022,lw_b11_24h,pminervi,r,08/20/2026,08:11:48,eddie@node1r05.ecdf.ed.ac.uk,1,8480
57582772,0.01021,lw_b11_24h,pminervi,r,08/20/2026,08:03:48,eddie@node1r06.ecdf.ed.ac.uk,1,8477
57582772,0.01021,lw_b11_24h,pminervi,r,08/20/2026,07:53:19,eddie@node1j27.ecdf.ed.ac.uk,1,8476
57582772,0.01021,lw_b11_24h,pminervi,r,08/20/2026,08:24:43,eddie@node1r16.ecdf.ed.ac.uk,1,8485
57582772,0.01021,lw_b11_24h,pminervi,r,08/20/2026,08:24:43,eddie@node1h04.ecdf.ed.ac.uk,1,8486
57582772,0.01021,lw_b11_24h,pminervi,r,08/20/2026,08:22:43,eddie@node1o03.ecdf.ed.ac.uk,1,8483
57582772,0.01021,lw_b11_24h,pminervi,r,08/20/2026,08:23:13,eddie@node1r16.ecdf.ed.ac.uk,1,8484
57582772,0.01020,lw_b11_24h,pminervi,r,08/20/2026,07:36:01,eddie@node1l22.ecdf.ed.ac.uk,1,8474
57582772,0.01019,lw_b11_24h,pminervi,r,08/20/2026,07:26:35,eddie@node1f09.ecdf.ed.ac.uk,1,8470
57582772,0.01019,lw_b11_24h,pminervi,r,08/20/2026,07:21:20,eddie@node1f16.ecdf.ed.ac.uk,1,8469
57750722,0.01018,QLOGIN,s1613478,r,08/19/2026,19:06:43,eddie@node1j24.ecdf.ed.ac.uk,16
57582772,0.01013,lw_b11_24h,pminervi,r,08/20/2026,06:44:05,eddie@node1l27.ecdf.ed.ac.uk,1,8468
57582772,0.01007,lw_b11_24h,pminervi,r,08/20/2026,07:30:05,eddie@node1r15.ecdf.ed.ac.uk,1,8473
57582772,0.01007,lw_b11_24h,pminervi,r,08/20/2026,07:49:01,eddie@node1o11.ecdf.ed.ac.uk,1,8475
57582772,0.01007,lw_b11_24h,pminervi,r,08/20/2026,07:29:05,eddie@node1r15.ecdf.ed.ac.uk,1,8472
57582772,0.01007,lw_b11_24h,pminervi,r,08/20/2026,07:28:35,eddie@node1f08.ecdf.ed.ac.uk,1,8471
57723063,0.00999,gssn16,s1833252,r,08/19/2026,10:44:26,eddie@node1m06.ecdf.ed.ac.uk,32
57760230,0.00993,NBE_4kappa,jricha3,r,08/20/2026,10:44:29,gpu@node1p06.ecdf.ed.ac.uk,4
57760002,0.00989,QLOGIN,jthoms24,r,08/20/2026,10:28:27,eddie@node1j24.ecdf.ed.ac.uk,1
57760420,0.00982,QLOGIN,arichmo2,r,08/20/2026,10:57:59,igmm_long@node1h02.ecdf.ed.ac.,1
57760313,0.00979,batch_1_1A,eshrimpt,r,08/20/2026,10:51:53,eddie@node1h08.ecdf.ed.ac.uk,4
57308110,0.00969,runlisfloo,asiripat,r,08/10/2026,14:04:20,eddie@node1k13.ecdf.ed.ac.uk,1,8081
57308110,0.00968,runlisfloo,asiripat,r,08/10/2026,13:55:35,eddie@node1k18.ecdf.ed.ac.uk,1,8080
57308110,0.00968,runlisfloo,asiripat,r,08/10/2026,13:45:49,eddie@node1k18.ecdf.ed.ac.uk,1,8078
57308110,0.00968,runlisfloo,asiripat,r,08/10/2026,13:45:04,eddie@node1n11.ecdf.ed.ac.uk,1,8077
57308110,0.00963,runlisfloo,asiripat,r,08/10/2026,12:26:01,eddie@node1k18.ecdf.ed.ac.uk,1,8076
57308110,0.00962,runlisfloo,asiripat,r,08/10/2026,12:09:27,eddie@node1k13.ecdf.ed.ac.uk,1,8075
57308110,0.00959,runlisfloo,asiripat,r,08/10/2026,11:15:47,eddie@node1k13.ecdf.ed.ac.uk,1,8072
57308110,0.00954,runlisfloo,asiripat,r,08/10/2026,10:22:03,eddie@node1k13.ecdf.ed.ac.uk,1,8069
57308110,0.00954,runlisfloo,asiripat,r,08/10/2026,10:17:14,eddie@node1n05.ecdf.ed.ac.uk,1,8068
57582772,0.00954,lw_b11_24h,pminervi,r,08/19/2026,14:48:06,eddie@node1h14.ecdf.ed.ac.uk,1,8467
57582772,0.00954,lw_b11_24h,pminervi,r,08/19/2026,14:45:50,eddie@node1o04.ecdf.ed.ac.uk,1,8466
57582772,0.00953,lw_b11_24h,pminervi,r,08/19/2026,14:38:12,eddie@node1i16.ecdf.ed.ac.uk,1,8465
57582772,0.00953,lw_b11_24h,pminervi,r,08/19/2026,14:36:57,eddie@node1i16.ecdf.ed.ac.uk,1,8464
57582772,0.00953,lw_b11_24h,pminervi,r,08/19/2026,14:36:42,eddie@node1i16.ecdf.ed.ac.uk,1,8463
57582772,0.00952,lw_b11_24h,pminervi,r,08/19/2026,14:18:15,eddie@node1r07.ecdf.ed.ac.uk,1,8462
57582772,0.00952,lw_b11_24h,pminervi,r,08/19/2026,14:17:45,eddie@node1f11.ecdf.ed.ac.uk,1,8461
57582772,0.00952,lw_b11_24h,pminervi,r,08/19/2026,14:13:05,eddie@node1i14.ecdf.ed.ac.uk,1,8460
57582772,0.00951,lw_b11_24h,pminervi,r,08/19/2026,14:07:35,eddie@node1i06.ecdf.ed.ac.uk,1,8459
57582772,0.00951,lw_b11_24h,pminervi,r,08/19/2026,14:01:46,eddie@node1o03.ecdf.ed.ac.uk,1,8458
57582772,0.00950,lw_b11_24h,pminervi,r,08/19/2026,13:49:58,eddie@node1k15.ecdf.ed.ac.uk,1,8457
57582772,0.00950,lw_b11_24h,pminervi,r,08/19/2026,13:43:58,eddie@node1l07.ecdf.ed.ac.uk,1,8456
57582772,0.00947,lw_b11_24h,pminervi,r,08/19/2026,13:05:09,eddie@node1j17.ecdf.ed.ac.uk,1,8455
57582772,0.00947,lw_b11_24h,pminervi,r,08/19/2026,13:03:07,eddie@node1o10.ecdf.ed.ac.uk,1,8454
57582772,0.00946,lw_b11_24h,pminervi,r,08/19/2026,12:52:12,eddie@node1f16.ecdf.ed.ac.uk,1,8453
57582772,0.00946,lw_b11_24h,pminervi,r,08/19/2026,12:40:08,eddie@node1l05.ecdf.ed.ac.uk,1,8452
57582772,0.00945,lw_b11_24h,pminervi,r,08/19/2026,12:31:53,eddie@node1s20.ecdf.ed.ac.uk,1,8451
57582772,0.00944,lw_b11_24h,pminervi,r,08/19/2026,12:22:23,eddie@node1o08.ecdf.ed.ac.uk,1,8450
57308110,0.00944,runlisfloo,asiripat,r,08/10/2026,07:42:28,eddie@node1k12.ecdf.ed.ac.uk,1,8052
57308110,0.00944,runlisfloo,asiripat,r,08/10/2026,07:57:13,eddie@node1k13.ecdf.ed.ac.uk,1,8056
57308110,0.00944,runlisfloo,asiripat,r,08/10/2026,07:33:16,eddie@node1k13.ecdf.ed.ac.uk,1,8050
57308110,0.00944,runlisfloo,asiripat,r,08/10/2026,07:34:10,eddie@node1k13.ecdf.ed.ac.uk,1,8051
57582772,0.00944,lw_b11_24h,pminervi,r,08/19/2026,12:16:28,eddie@node1f16.ecdf.ed.ac.uk,1,8449
57582772,0.00941,lw_b11_24h,pminervi,r,08/19/2026,11:34:27,eddie@node1h09.ecdf.ed.ac.uk,1,8448
57582772,0.00941,lw_b11_24h,pminervi,r,08/19/2026,11:33:27,eddie@node1f09.ecdf.ed.ac.uk,1,8447
57308110,0.00941,runlisfloo,asiripat,r,08/10/2026,06:55:25,eddie@node1k12.ecdf.ed.ac.uk,1,8040
57582772,0.00941,lw_b11_24h,pminervi,r,08/19/2026,11:23:03,eddie@node1h06.ecdf.ed.ac.uk,1,8446
57582772,0.00939,lw_b11_24h,pminervi,r,08/19/2026,11:04:18,eddie@node1r07.ecdf.ed.ac.uk,1,8445
57582772,0.00938,lw_b11_24h,pminervi,r,08/19/2026,10:42:51,eddie@node1r17.ecdf.ed.ac.uk,1,8444
57582772,0.00938,lw_b11_24h,pminervi,r,08/19/2026,10:37:52,eddie@node1m16.ecdf.ed.ac.uk,1,8443
57582772,0.00937,lw_b11_24h,pminervi,r,08/19/2026,10:31:57,eddie@node1m16.ecdf.ed.ac.uk,1,8442
57582772,0.00937,lw_b11_24h,pminervi,r,08/19/2026,10:23:37,eddie@node1j28.ecdf.ed.ac.uk,1,8441
57582772,0.00936,lw_b11_24h,pminervi,r,08/19/2026,10:16:50,eddie@node1s15.ecdf.ed.ac.uk,1,8440
57582772,0.00936,lw_b11_24h,pminervi,r,08/19/2026,10:16:05,eddie@node1h12.ecdf.ed.ac.uk,1,8439
57582772,0.00936,lw_b11_24h,pminervi,r,08/19/2026,10:15:35,eddie@node1h12.ecdf.ed.ac.uk,1,8438
57582772,0.00936,lw_b11_24h,pminervi,r,08/19/2026,10:09:10,eddie@node1s14.ecdf.ed.ac.uk,1,8437
57582772,0.00936,lw_b11_24h,pminervi,r,08/19/2026,10:07:55,eddie@node1s14.ecdf.ed.ac.uk,1,8436
57582772,0.00936,lw_b11_24h,pminervi,r,08/19/2026,10:06:26,eddie@node1s14.ecdf.ed.ac.uk,1,8435
57582772,0.00935,lw_b11_24h,pminervi,r,08/19/2026,09:59:29,eddie@node1n01.ecdf.ed.ac.uk,1,8434
57582772,0.00935,lw_b11_24h,pminervi,r,08/19/2026,09:57:59,eddie@node1f06.ecdf.ed.ac.uk,1,8433
57582772,0.00935,lw_b11_24h,pminervi,r,08/19/2026,09:56:09,eddie@node1f06.ecdf.ed.ac.uk,1,8432
57582772,0.00935,lw_b11_24h,pminervi,r,08/19/2026,09:54:12,eddie@node1n08.ecdf.ed.ac.uk,1,8431
57582772,0.00934,lw_b11_24h,pminervi,r,08/19/2026,09:50:02,eddie@node1h11.ecdf.ed.ac.uk,1,8430
57582772,0.00934,lw_b11_24h,pminervi,r,08/19/2026,09:44:32,eddie@node1o13.ecdf.ed.ac.uk,1,8429
57582772,0.00934,lw_b11_24h,pminervi,r,08/19/2026,09:44:02,eddie@node1f16.ecdf.ed.ac.uk,1,8428
57582772,0.00934,lw_b11_24h,pminervi,r,08/19/2026,09:40:17,eddie@node1f11.ecdf.ed.ac.uk,1,8427
57582772,0.00934,lw_b11_24h,pminervi,r,08/19/2026,09:38:19,eddie@node1s13.ecdf.ed.ac.uk,1,8426
57582772,0.00934,lw_b11_24h,pminervi,r,08/19/2026,09:36:49,eddie@node1o10.ecdf.ed.ac.uk,1,8425
57582772,0.00933,lw_b11_24h,pminervi,r,08/19/2026,09:35:31,eddie@node1j28.ecdf.ed.ac.uk,1,8424
57582772,0.00933,lw_b11_24h,pminervi,r,08/19/2026,09:29:10,eddie@node1o10.ecdf.ed.ac.uk,1,8423
57582772,0.00933,lw_b11_24h,pminervi,r,08/19/2026,09:25:55,eddie@node1o12.ecdf.ed.ac.uk,1,8422
57582772,0.00933,lw_b11_24h,pminervi,r,08/19/2026,09:24:25,eddie@node1n07.ecdf.ed.ac.uk,1,8421
57582772,0.00932,lw_b11_24h,pminervi,r,08/19/2026,09:19:24,eddie@node1h12.ecdf.ed.ac.uk,1,8420
57582772,0.00932,lw_b11_24h,pminervi,r,08/19/2026,09:17:54,eddie@node1r08.ecdf.ed.ac.uk,1,8419
57582772,0.00932,lw_b11_24h,pminervi,r,08/19/2026,09:17:24,eddie@node1i03.ecdf.ed.ac.uk,1,8418
57582772,0.00932,lw_b11_24h,pminervi,r,08/19/2026,09:15:24,eddie@node1r08.ecdf.ed.ac.uk,1,8417
57582772,0.00932,lw_b11_24h,pminervi,r,08/19/2026,09:08:54,eddie@node1h08.ecdf.ed.ac.uk,1,8416
57582772,0.00931,lw_b11_24h,pminervi,r,08/19/2026,09:03:38,eddie@node1i16.ecdf.ed.ac.uk,1,8415
57582772,0.00931,lw_b11_24h,pminervi,r,08/19/2026,09:00:38,eddie@node1r14.ecdf.ed.ac.uk,1,8411
57582772,0.00931,lw_b11_24h,pminervi,r,08/19/2026,09:00:38,eddie@node1r14.ecdf.ed.ac.uk,1,8412
57582772,0.00931,lw_b11_24h,pminervi,r,08/19/2026,09:00:53,eddie@node1f13.ecdf.ed.ac.uk,1,8413
57582772,0.00931,lw_b11_24h,pminervi,r,08/19/2026,09:00:53,eddie@node1f13.ecdf.ed.ac.uk,1,8414
57582772,0.00931,lw_b11_24h,pminervi,r,08/19/2026,08:59:38,eddie@node1r14.ecdf.ed.ac.uk,1,8408
57582772,0.00931,lw_b11_24h,pminervi,r,08/19/2026,08:59:53,eddie@node1f11.ecdf.ed.ac.uk,1,8409
57582772,0.00931,lw_b11_24h,pminervi,r,08/19/2026,09:00:23,eddie@node1r14.ecdf.ed.ac.uk,1,8410
57582772,0.00931,lw_b11_24h,pminervi,r,08/19/2026,08:58:53,eddie@node1f07.ecdf.ed.ac.uk,1,8405
57582772,0.00931,lw_b11_24h,pminervi,r,08/19/2026,08:58:53,eddie@node1o03.ecdf.ed.ac.uk,1,8406
57582772,0.00931,lw_b11_24h,pminervi,r,08/19/2026,08:57:53,eddie@node1f07.ecdf.ed.ac.uk,1,8403
57582772,0.00931,lw_b11_24h,pminervi,r,08/19/2026,08:57:53,eddie@node1f12.ecdf.ed.ac.uk,1,8404
57582772,0.00931,lw_b11_24h,pminervi,r,08/19/2026,08:57:23,eddie@node1f10.ecdf.ed.ac.uk,1,8400
57582772,0.00931,lw_b11_24h,pminervi,r,08/19/2026,08:57:23,eddie@node1l28.ecdf.ed.ac.uk,1,8401
57582772,0.00931,lw_b11_24h,pminervi,r,08/19/2026,08:57:38,eddie@node1h07.ecdf.ed.ac.uk,1,8402
57582772,0.00931,lw_b11_24h,pminervi,r,08/19/2026,08:55:38,eddie@node1l21.ecdf.ed.ac.uk,1,8398
57582772,0.00931,lw_b11_24h,pminervi,r,08/19/2026,08:57:08,eddie@node1f10.ecdf.ed.ac.uk,1,8399
57582772,0.00931,lw_b11_24h,pminervi,r,08/19/2026,08:53:38,eddie@node1f12.ecdf.ed.ac.uk,1,8392
57582772,0.00931,lw_b11_24h,pminervi,r,08/19/2026,08:53:38,eddie@node1l21.ecdf.ed.ac.uk,1,8393
57582772,0.00931,lw_b11_24h,pminervi,r,08/19/2026,08:53:23,eddie@node1f11.ecdf.ed.ac.uk,1,8390
57582772,0.00931,lw_b11_24h,pminervi,r,08/19/2026,08:53:23,eddie@node1f12.ecdf.ed.ac.uk,1,8391
57582772,0.00931,lw_b11_24h,pminervi,r,08/19/2026,08:54:23,eddie@node1i02.ecdf.ed.ac.uk,1,8396
57582772,0.00931,lw_b11_24h,pminervi,r,08/19/2026,08:54:23,eddie@node1f09.ecdf.ed.ac.uk,1,8397
57582772,0.00931,lw_b11_24h,pminervi,r,08/19/2026,08:54:08,eddie@node1f09.ecdf.ed.ac.uk,1,8395
57582772,0.00931,lw_b11_24h,pminervi,r,08/19/2026,08:52:22,eddie@node1f11.ecdf.ed.ac.uk,1,8389
57582772,0.00931,lw_b11_24h,pminervi,r,08/19/2026,08:51:52,eddie@node1f12.ecdf.ed.ac.uk,1,8388
57582772,0.00931,lw_b11_24h,pminervi,r,08/19/2026,08:50:52,eddie@node1l21.ecdf.ed.ac.uk,1,8386
57582772,0.00931,lw_b11_24h,pminervi,r,08/19/2026,08:51:07,eddie@node1i15.ecdf.ed.ac.uk,1,8387
57582772,0.00930,lw_b11_24h,pminervi,r,08/19/2026,08:49:22,eddie@node1f12.ecdf.ed.ac.uk,1,8382
57582772,0.00930,lw_b11_24h,pminervi,r,08/19/2026,08:49:22,eddie@node1i07.ecdf.ed.ac.uk,1,8383
57582772,0.00930,lw_b11_24h,pminervi,r,08/19/2026,08:49:22,eddie@node1i03.ecdf.ed.ac.uk,1,8384
57582772,0.00930,lw_b11_24h,pminervi,r,08/19/2026,08:49:22,eddie@node1l28.ecdf.ed.ac.uk,1,8385
57582772,0.00930,lw_b11_24h,pminervi,r,08/19/2026,08:48:37,eddie@node1i02.ecdf.ed.ac.uk,1,8381
57582772,0.00930,lw_b11_24h,pminervi,r,08/19/2026,08:47:07,eddie@node1f08.ecdf.ed.ac.uk,1,8373
57582772,0.00930,lw_b11_24h,pminervi,r,08/19/2026,08:47:07,eddie@node1i02.ecdf.ed.ac.uk,1,8374
57582772,0.00930,lw_b11_24h,pminervi,r,08/19/2026,08:47:07,eddie@node1r15.ecdf.ed.ac.uk,1,8375
57582772,0.00930,lw_b11_24h,pminervi,r,08/19/2026,08:47:37,eddie@node1r15.ecdf.ed.ac.uk,1,8376
57582772,0.00930,lw_b11_24h,pminervi,r,08/19/2026,08:47:37,eddie@node1l26.ecdf.ed.ac.uk,1,8377
57582772,0.00930,lw_b11_24h,pminervi,r,08/19/2026,08:48:22,eddie@node1l21.ecdf.ed.ac.uk,1,8379
57582772,0.00930,lw_b11_24h,pminervi,r,08/19/2026,08:48:22,eddie@node1o04.ecdf.ed.ac.uk,1,8380
57582772,0.00930,lw_b11_24h,pminervi,r,08/19/2026,08:46:37,eddie@node1f15.ecdf.ed.ac.uk,1,8372
57582772,0.00930,lw_b11_24h,pminervi,r,08/19/2026,08:48:07,eddie@node1i03.ecdf.ed.ac.uk,1,8378
57582772,0.00930,lw_b11_24h,pminervi,r,08/19/2026,08:46:22,eddie@node1f09.ecdf.ed.ac.uk,1,8370
57582772,0.00930,lw_b11_24h,pminervi,r,08/19/2026,08:46:22,eddie@node1i03.ecdf.ed.ac.uk,1,8371
57582772,0.00930,lw_b11_24h,pminervi,r,08/19/2026,08:45:22,eddie@node1i15.ecdf.ed.ac.uk,1,8369
57582772,0.00930,lw_b11_24h,pminervi,r,08/19/2026,08:43:07,eddie@node1r12.ecdf.ed.ac.uk,1,8363
57582772,0.00930,lw_b11_24h,pminervi,r,08/19/2026,08:41:52,eddie@node1f09.ecdf.ed.ac.uk,1,8359
57582772,0.00930,lw_b11_24h,pminervi,r,08/19/2026,08:41:52,eddie@node1f09.ecdf.ed.ac.uk,1,8360
57582772,0.00930,lw_b11_24h,pminervi,r,08/19/2026,08:40:37,eddie@node1f06.ecdf.ed.ac.uk,1,8357
57582772,0.00930,lw_b11_24h,pminervi,r,08/19/2026,08:40:37,eddie@node1j25.ecdf.ed.ac.uk,1,8358
57582772,0.00930,lw_b11_24h,pminervi,r,08/19/2026,08:44:37,eddie@node1f08.ecdf.ed.ac.uk,1,8367
57582772,0.00930,lw_b11_24h,pminervi,r,08/19/2026,08:44:37,eddie@node1r16.ecdf.ed.ac.uk,1,8368
57582772,0.00930,lw_b11_24h,pminervi,r,08/19/2026,08:44:07,eddie@node1f08.ecdf.ed.ac.uk,1,8366
57582772,0.00930,lw_b11_24h,pminervi,r,08/19/2026,08:42:22,eddie@node1f08.ecdf.ed.ac.uk,1,8361
57582772,0.00930,lw_b11_24h,pminervi,r,08/19/2026,08:42:37,eddie@node1i07.ecdf.ed.ac.uk,1,8362
57582772,0.00930,lw_b11_24h,pminervi,r,08/19/2026,08:43:37,eddie@node1f13.ecdf.ed.ac.uk,1,8364
57582772,0.00930,lw_b11_24h,pminervi,r,08/19/2026,08:43:52,eddie@node1i16.ecdf.ed.ac.uk,1,8365
57582772,0.00930,lw_b11_24h,pminervi,r,08/19/2026,08:40:22,eddie@node1i15.ecdf.ed.ac.uk,1,8356
57582772,0.00930,lw_b11_24h,pminervi,r,08/19/2026,08:40:07,eddie@node1f09.ecdf.ed.ac.uk,1,8355
57582772,0.00930,lw_b11_24h,pminervi,r,08/19/2026,08:38:22,eddie@node1h09.ecdf.ed.ac.uk,1,8352
57582772,0.00930,lw_b11_24h,pminervi,r,08/19/2026,08:37:37,eddie@node1f06.ecdf.ed.ac.uk,1,8348
57582772,0.00930,lw_b11_24h,pminervi,r,08/19/2026,08:39:22,eddie@node1i16.ecdf.ed.ac.uk,1,8354
57582772,0.00930,lw_b11_24h,pminervi,r,08/19/2026,08:37:04,eddie@node1o05.ecdf.ed.ac.uk,1,8347
57582772,0.00929,lw_b11_24h,pminervi,r,08/19/2026,08:33:37,eddie@node1j25.ecdf.ed.ac.uk,1,8340
57582772,0.00929,lw_b11_24h,pminervi,r,08/19/2026,08:33:07,eddie@node1r19.ecdf.ed.ac.uk,1,8338
57582772,0.00929,lw_b11_24h,pminervi,r,08/19/2026,08:33:07,eddie@node1j27.ecdf.ed.ac.uk,1,8339
57582772,0.00929,lw_b11_24h,pminervi,r,08/19/2026,08:32:52,eddie@node1o12.ecdf.ed.ac.uk,1,8336
57582772,0.00929,lw_b11_24h,pminervi,r,08/19/2026,08:31:22,eddie@node1f16.ecdf.ed.ac.uk,1,8331
57582772,0.00929,lw_b11_24h,pminervi,r,08/19/2026,08:31:22,eddie@node1f06.ecdf.ed.ac.uk,1,8332
57582772,0.00929,lw_b11_24h,pminervi,r,08/19/2026,08:31:52,eddie@node1r18.ecdf.ed.ac.uk,1,8334
57582772,0.00929,lw_b11_24h,pminervi,r,08/19/2026,08:31:52,eddie@node1j28.ecdf.ed.ac.uk,1,8335
57582772,0.00929,lw_b11_24h,pminervi,r,08/19/2026,08:29:07,eddie@node1f06.ecdf.ed.ac.uk,1,8325
57582772,0.00929,lw_b11_24h,pminervi,r,08/19/2026,08:30:22,eddie@node1f06.ecdf.ed.ac.uk,1,8328
57582772,0.00929,lw_b11_24h,pminervi,r,08/19/2026,08:30:37,eddie@node1o12.ecdf.ed.ac.uk,1,8329
57582772,0.00929,lw_b11_24h,pminervi,r,08/19/2026,08:24:37,eddie@node1h23.ecdf.ed.ac.uk,1,8315
57582772,0.00929,lw_b11_24h,pminervi,r,08/19/2026,08:24:37,eddie@node1h08.ecdf.ed.ac.uk,1,8316
57582772,0.00929,lw_b11_24h,pminervi,r,08/19/2026,08:23:07,eddie@node1o11.ecdf.ed.ac.uk,1,8310
57582772,0.00929,lw_b11_24h,pminervi,r,08/19/2026,08:27:37,eddie@node1o09.ecdf.ed.ac.uk,1,8321
57582772,0.00929,lw_b11_24h,pminervi,r,08/19/2026,08:22:37,eddie@node1r07.ecdf.ed.ac.uk,1,8308
57582772,0.00929,lw_b11_24h,pminervi,r,08/19/2026,08:24:07,eddie@node1i13.ecdf.ed.ac.uk,1,8312
57582772,0.00929,lw_b11_24h,pminervi,r,08/19/2026,08:24:52,eddie@node1s14.ecdf.ed.ac.uk,1,8317
57582772,0.00929,lw_b11_24h,pminervi,r,08/19/2026,08:21:22,eddie@node1i14.ecdf.ed.ac.uk,1,8299
57582772,0.00929,lw_b11_24h,pminervi,r,08/19/2026,08:21:07,eddie@node1i07.ecdf.ed.ac.uk,1,8298
57582772,0.00929,lw_b11_24h,pminervi,r,08/19/2026,08:20:07,eddie@node1i13.ecdf.ed.ac.uk,1,8294
57582772,0.00929,lw_b11_24h,pminervi,r,08/19/2026,08:20:07,eddie@node1r12.ecdf.ed.ac.uk,1,8295
57582772,0.00929,lw_b11_24h,pminervi,r,08/19/2026,08:20:07,eddie@node1o12.ecdf.ed.ac.uk,1,8296
57582772,0.00929,lw_b11_24h,pminervi,r,08/19/2026,08:19:07,eddie@node1r07.ecdf.ed.ac.uk,1,8289
57582772,0.00929,lw_b11_24h,pminervi,r,08/19/2026,08:19:07,eddie@node1h15.ecdf.ed.ac.uk,1,8290
57582772,0.00928,lw_b11_24h,pminervi,r,08/19/2026,08:14:37,eddie@node1h08.ecdf.ed.ac.uk,1,8268
57582772,0.00928,lw_b11_24h,pminervi,r,08/19/2026,08:15:52,eddie@node1i03.ecdf.ed.ac.uk,1,8269
57582772,0.00928,lw_b11_24h,pminervi,r,08/19/2026,08:15:52,eddie@node1m16.ecdf.ed.ac.uk,1,8271
57582772,0.00928,lw_b11_24h,pminervi,r,08/19/2026,08:15:52,eddie@node1m16.ecdf.ed.ac.uk,1,8273
57582772,0.00928,lw_b11_24h,pminervi,r,08/19/2026,08:18:22,eddie@node1f07.ecdf.ed.ac.uk,1,8283
57582772,0.00928,lw_b11_24h,pminervi,r,08/19/2026,08:18:22,eddie@node1o10.ecdf.ed.ac.uk,1,8284
57582772,0.00928,lw_b11_24h,pminervi,r,08/19/2026,08:18:22,eddie@node1j25.ecdf.ed.ac.uk,1,8285
57582772,0.00928,lw_b11_24h,pminervi,r,08/19/2026,08:18:22,eddie@node1h05.ecdf.ed.ac.uk,1,8286
57582772,0.00928,lw_b11_24h,pminervi,r,08/19/2026,08:14:07,eddie@node1f06.ecdf.ed.ac.uk,1,8264
57582772,0.00928,lw_b11_24h,pminervi,r,08/19/2026,08:14:07,eddie@node1o09.ecdf.ed.ac.uk,1,8265
57582772,0.00928,lw_b11_24h,pminervi,r,08/19/2026,08:14:07,eddie@node1h07.ecdf.ed.ac.uk,1,8266
57582772,0.00928,lw_b11_24h,pminervi,r,08/19/2026,08:10:07,eddie@node1i14.ecdf.ed.ac.uk,1,8253
57582772,0.00928,lw_b11_24h,pminervi,r,08/19/2026,08:10:07,eddie@node1i14.ecdf.ed.ac.uk,1,8254
57582772,0.00928,lw_b11_24h,pminervi,r,08/19/2026,08:11:07,eddie@node1j25.ecdf.ed.ac.uk,1,8257
57582772,0.00928,lw_b11_24h,pminervi,r,08/19/2026,08:11:07,eddie@node1r05.ecdf.ed.ac.uk,1,8258
57582772,0.00928,lw_b11_24h,pminervi,r,08/19/2026,08:13:07,eddie@node1m14.ecdf.ed.ac.uk,1,8261
57582772,0.00928,lw_b11_24h,pminervi,r,08/19/2026,08:13:07,eddie@node1o14.ecdf.ed.ac.uk,1,8262
57582772,0.00928,lw_b11_24h,pminervi,r,08/19/2026,08:16:37,eddie@node1i02.ecdf.ed.ac.uk,1,8275
57582772,0.00928,lw_b11_24h,pminervi,r,08/19/2026,08:16:37,eddie@node1r06.ecdf.ed.ac.uk,1,8276
57582772,0.00928,lw_b11_24h,pminervi,r,08/19/2026,08:17:07,eddie@node1r18.ecdf.ed.ac.uk,1,8278
57582772,0.00928,lw_b11_24h,pminervi,r,08/19/2026,08:17:07,eddie@node1o09.ecdf.ed.ac.uk,1,8279
57582772,0.00928,lw_b11_24h,pminervi,r,08/19/2026,08:18:37,eddie@node1i16.ecdf.ed.ac.uk,1,8287
57582772,0.00928,lw_b11_24h,pminervi,r,08/19/2026,08:18:37,eddie@node1i02.ecdf.ed.ac.uk,1,8288
57582772,0.00928,lw_b11_24h,pminervi,r,08/19/2026,08:17:37,eddie@node1h08.ecdf.ed.ac.uk,1,8281
57582772,0.00928,lw_b11_24h,pminervi,r,08/19/2026,08:09:37,eddie@node1r18.ecdf.ed.ac.uk,1,8252
57582772,0.00928,lw_b11_24h,pminervi,r,08/19/2026,08:10:22,eddie@node1o11.ecdf.ed.ac.uk,1,8255
57582772,0.00928,lw_b11_24h,pminervi,r,08/19/2026,08:10:37,eddie@node1h23.ecdf.ed.ac.uk,1,8256
57582772,0.00928,lw_b11_24h,pminervi,r,08/19/2026,08:11:22,eddie@node1i15.ecdf.ed.ac.uk,1,8259
57582772,0.00928,lw_b11_24h,pminervi,r,08/19/2026,08:16:22,eddie@node1s19.ecdf.ed.ac.uk,1,8274
57582772,0.00928,lw_b11_24h,pminervi,r,08/19/2026,08:17:52,eddie@node1o11.ecdf.ed.ac.uk,1,8282
57582772,0.00928,lw_b11_24h,pminervi,r,08/19/2026,08:13:22,eddie@node1s13.ecdf.ed.ac.uk,1,8263
57582772,0.00928,lw_b11_24h,pminervi,r,08/19/2026,08:09:22,eddie@node1f12.ecdf.ed.ac.uk,1,8251
57582772,0.00928,lw_b11_24h,pminervi,r,08/19/2026,08:08:52,eddie@node1s18.ecdf.ed.ac.uk,1,8249
57582772,0.00928,lw_b11_24h,pminervi,r,08/19/2026,08:08:37,eddie@node1h12.ecdf.ed.ac.uk,1,8246
57582772,0.00928,lw_b11_24h,pminervi,r,08/19/2026,08:08:37,eddie@node1h15.ecdf.ed.ac.uk,1,8247
57582772,0.00928,lw_b11_24h,pminervi,r,08/19/2026,08:08:37,eddie@node1j28.ecdf.ed.ac.uk,1,8248
57582772,0.00928,lw_b11_24h,pminervi,r,08/19/2026,08:09:07,eddie@node1r07.ecdf.ed.ac.uk,1,8250
57582772,0.00928,lw_b11_24h,pminervi,r,08/19/2026,08:08:22,eddie@node1f06.ecdf.ed.ac.uk,1,8245
57582772,0.00928,lw_b11_24h,pminervi,r,08/19/2026,08:04:35,eddie@node1h23.ecdf.ed.ac.uk,1,8237
57582772,0.00928,lw_b11_24h,pminervi,r,08/19/2026,08:04:20,eddie@node1j25.ecdf.ed.ac.uk,1,8236
57582772,0.00928,lw_b11_24h,pminervi,r,08/19/2026,08:04:05,eddie@node1i14.ecdf.ed.ac.uk,1,8234
57582772,0.00927,lw_b11_24h,pminervi,r,08/19/2026,08:02:20,eddie@node1r07.ecdf.ed.ac.uk,1,8228
57582772,0.00927,lw_b11_24h,pminervi,r,08/19/2026,08:02:20,eddie@node1j28.ecdf.ed.ac.uk,1,8229
57582772,0.00927,lw_b11_24h,pminervi,r,08/19/2026,08:01:35,eddie@node1h12.ecdf.ed.ac.uk,1,8227
57582772,0.00927,lw_b11_24h,pminervi,r,08/19/2026,08:03:20,eddie@node1f15.ecdf.ed.ac.uk,1,8232
57582772,0.00927,lw_b11_24h,pminervi,r,08/19/2026,08:03:50,eddie@node1i14.ecdf.ed.ac.uk,1,8233
57582772,0.00927,lw_b11_24h,pminervi,r,08/19/2026,08:02:50,eddie@node1s18.ecdf.ed.ac.uk,1,8230
57582772,0.00927,lw_b11_24h,pminervi,r,08/19/2026,08:02:50,eddie@node1o11.ecdf.ed.ac.uk,1,8231
57582772,0.00927,lw_b11_24h,pminervi,r,08/19/2026,08:00:05,eddie@node1s13.ecdf.ed.ac.uk,1,8224
57582772,0.00927,lw_b11_24h,pminervi,r,08/19/2026,08:00:50,eddie@node1h15.ecdf.ed.ac.uk,1,8225
57582772,0.00927,lw_b11_24h,pminervi,r,08/19/2026,08:01:20,eddie@node1r05.ecdf.ed.ac.uk,1,8226
57582772,0.00927,lw_b11_24h,pminervi,r,08/19/2026,08:06:20,eddie@node1i02.ecdf.ed.ac.uk,1,8242
57582772,0.00927,lw_b11_24h,pminervi,r,08/19/2026,08:06:35,eddie@node1s13.ecdf.ed.ac.uk,1,8243
57582772,0.00927,lw_b11_24h,pminervi,r,08/19/2026,08:07:20,eddie@node1s19.ecdf.ed.ac.uk,1,8244
57582772,0.00927,lw_b11_24h,pminervi,r,08/19/2026,07:56:20,eddie@node1o09.ecdf.ed.ac.uk,1,8216
57582772,0.00927,lw_b11_24h,pminervi,r,08/19/2026,07:56:20,eddie@node1h05.ecdf.ed.ac.uk,1,8218
57582772,0.00927,lw_b11_24h,pminervi,r,08/19/2026,07:59:35,eddie@node1o14.ecdf.ed.ac.uk,1,8223
57582772,0.00927,lw_b11_24h,pminervi,r,08/19/2026,07:59:20,eddie@node1r18.ecdf.ed.ac.uk,1,8222
57582772,0.00927,lw_b11_24h,pminervi,r,08/19/2026,07:57:05,eddie@node1o09.ecdf.ed.ac.uk,1,8220
57582772,0.00927,lw_b11_24h,pminervi,r,08/19/2026,07:58:35,eddie@node1h05.ecdf.ed.ac.uk,1,8221
57582772,0.00927,lw_b11_24h,pminervi,r,08/19/2026,07:55:35,eddie@node1j28.ecdf.ed.ac.uk,1,8215
57582772,0.00927,lw_b11_24h,pminervi,r,08/19/2026,07:55:16,eddie@node1r07.ecdf.ed.ac.uk,1,8213
57582772,0.00927,lw_b11_24h,pminervi,r,08/19/2026,07:55:31,eddie@node1o14.ecdf.ed.ac.uk,1,8214
57582772,0.00927,lw_b11_24h,pminervi,r,08/19/2026,07:52:46,eddie@node1s19.ecdf.ed.ac.uk,1,8205
57582772,0.00927,lw_b11_24h,pminervi,r,08/19/2026,07:53:01,eddie@node1s13.ecdf.ed.ac.uk,1,8206
57582772,0.00927,lw_b11_24h,pminervi,r,08/19/2026,07:53:46,eddie@node1i06.ecdf.ed.ac.uk,1,8207
57582772,0.00927,lw_b11_24h,pminervi,r,08/19/2026,07:54:31,eddie@node1h12.ecdf.ed.ac.uk,1,8210
57582772,0.00927,lw_b11_24h,pminervi,r,08/19/2026,07:54:31,eddie@node1r05.ecdf.ed.ac.uk,1,8211
57582772,0.00927,lw_b11_24h,pminervi,r,08/19/2026,07:54:31,eddie@node1h15.ecdf.ed.ac.uk,1,8212
57582772,0.00927,lw_b11_24h,pminervi,r,08/19/2026,07:54:16,eddie@node1i06.ecdf.ed.ac.uk,1,8208
57582772,0.00927,lw_b11_24h,pminervi,r,08/19/2026,07:54:16,eddie@node1r18.ecdf.ed.ac.uk,1,8209
57582772,0.00927,lw_b11_24h,pminervi,r,08/19/2026,07:52:16,eddie@node1s18.ecdf.ed.ac.uk,1,8203
57582772,0.00927,lw_b11_24h,pminervi,r,08/19/2026,07:52:16,eddie@node1r06.ecdf.ed.ac.uk,1,8204
57582772,0.00927,lw_b11_24h,pminervi,r,08/19/2026,07:52:01,eddie@node1s14.ecdf.ed.ac.uk,1,8202
57582772,0.00927,lw_b11_24h,pminervi,r,08/19/2026,07:51:06,eddie@node1r06.ecdf.ed.ac.uk,1,8199
57582772,0.00927,lw_b11_24h,pminervi,r,08/19/2026,07:51:21,eddie@node1s14.ecdf.ed.ac.uk,1,8200
57582772,0.00927,lw_b11_24h,pminervi,r,08/19/2026,07:51:51,eddie@node1s19.ecdf.ed.ac.uk,1,8201
57582772,0.00926,lw_b11_24h,pminervi,r,08/19/2026,07:48:51,eddie@node1r06.ecdf.ed.ac.uk,1,8195
57582772,0.00926,lw_b11_24h,pminervi,r,08/19/2026,07:49:36,eddie@node1s20.ecdf.ed.ac.uk,1,8196
57582772,0.00926,lw_b11_24h,pminervi,r,08/19/2026,07:50:21,eddie@node1r06.ecdf.ed.ac.uk,1,8197
57582772,0.00926,lw_b11_24h,pminervi,r,08/19/2026,07:50:51,eddie@node1s20.ecdf.ed.ac.uk,1,8198
57582772,0.00926,lw_b11_24h,pminervi,r,08/19/2026,07:47:51,eddie@node1f08.ecdf.ed.ac.uk,1,8192
57582772,0.00926,lw_b11_24h,pminervi,r,08/19/2026,07:48:06,eddie@node1s20.ecdf.ed.ac.uk,1,8193
57582772,0.00926,lw_b11_24h,pminervi,r,08/19/2026,07:48:21,eddie@node1s20.ecdf.ed.ac.uk,1,8194
57582772,0.00926,lw_b11_24h,pminervi,r,08/19/2026,07:41:21,eddie@node1r06.ecdf.ed.ac.uk,1,8181
57582772,0.00926,lw_b11_24h,pminervi,r,08/19/2026,07:41:21,eddie@node1h23.ecdf.ed.ac.uk,1,8182
57582772,0.00926,lw_b11_24h,pminervi,r,08/19/2026,07:42:51,eddie@node1r06.ecdf.ed.ac.uk,1,8185
57582772,0.00926,lw_b11_24h,pminervi,r,08/19/2026,07:42:51,eddie@node1r06.ecdf.ed.ac.uk,1,8186
57582772,0.00926,lw_b11_24h,pminervi,r,08/19/2026,07:41:06,eddie@node1h05.ecdf.ed.ac.uk,1,8180
57582772,0.00926,lw_b11_24h,pminervi,r,08/19/2026,07:41:36,eddie@node1s19.ecdf.ed.ac.uk,1,8183
57582772,0.00926,lw_b11_24h,pminervi,r,08/19/2026,07:42:36,eddie@node1r06.ecdf.ed.ac.uk,1,8184
57582772,0.00926,lw_b11_24h,pminervi,r,08/19/2026,07:43:36,eddie@node1r06.ecdf.ed.ac.uk,1,8187
57582772,0.00926,lw_b11_24h,pminervi,r,08/19/2026,07:44:21,eddie@node1r06.ecdf.ed.ac.uk,1,8188
57582772,0.00926,lw_b11_24h,pminervi,r,08/19/2026,07:44:51,eddie@node1s18.ecdf.ed.ac.uk,1,8189
57582772,0.00926,lw_b11_24h,pminervi,r,08/19/2026,07:45:06,eddie@node1s13.ecdf.ed.ac.uk,1,8190
57582772,0.00926,lw_b11_24h,pminervi,r,08/19/2026,07:47:36,eddie@node1f08.ecdf.ed.ac.uk,1,8191
57582772,0.00926,lw_b11_24h,pminervi,r,08/19/2026,07:40:51,eddie@node1h15.ecdf.ed.ac.uk,1,8179
57582772,0.00926,lw_b11_24h,pminervi,r,08/19/2026,07:39:42,eddie@node1r05.ecdf.ed.ac.uk,1,8174
57582772,0.00926,lw_b11_24h,pminervi,r,08/19/2026,07:39:42,eddie@node1s18.ecdf.ed.ac.uk,1,8175
57582772,0.00926,lw_b11_24h,pminervi,r,08/19/2026,07:40:27,eddie@node1i14.ecdf.ed.ac.uk,1,8177
57582772,0.00926,lw_b11_24h,pminervi,r,08/19/2026,07:39:27,eddie@node1h12.ecdf.ed.ac.uk,1,8173
57582772,0.00926,lw_b11_24h,pminervi,r,08/19/2026,07:39:57,eddie@node1o14.ecdf.ed.ac.uk,1,8176
57582772,0.00926,lw_b11_24h,pminervi,r,08/19/2026,07:38:57,eddie@node1f11.ecdf.ed.ac.uk,1,8171
57582772,0.00926,lw_b11_24h,pminervi,r,08/19/2026,07:38:57,eddie@node1r07.ecdf.ed.ac.uk,1,8172
57582772,0.00926,lw_b11_24h,pminervi,r,08/19/2026,07:38:27,eddie@node1h23.ecdf.ed.ac.uk,1,8169
57582772,0.00926,lw_b11_24h,pminervi,r,08/19/2026,07:36:27,eddie@node1i06.ecdf.ed.ac.uk,1,8165
57582772,0.00926,lw_b11_24h,pminervi,r,08/19/2026,07:36:42,eddie@node1h23.ecdf.ed.ac.uk,1,8166
57582772,0.00926,lw_b11_24h,pminervi,r,08/19/2026,07:37:27,eddie@node1o14.ecdf.ed.ac.uk,1,8167
57582772,0.00926,lw_b11_24h,pminervi,r,08/19/2026,07:37:42,eddie@node1r05.ecdf.ed.ac.uk,1,8168
57582772,0.00926,lw_b11_24h,pminervi,r,08/19/2026,07:35:27,eddie@node1s18.ecdf.ed.ac.uk,1,8163
57582772,0.00926,lw_b11_24h,pminervi,r,08/19/2026,07:34:27,eddie@node1h23.ecdf.ed.ac.uk,1,8159
57582772,0.00926,lw_b11_24h,pminervi,r,08/19/2026,07:34:27,eddie@node1h12.ecdf.ed.ac.uk,1,8160
57582772,0.00926,lw_b11_24h,pminervi,r,08/19/2026,07:34:42,eddie@node1r07.ecdf.ed.ac.uk,1,8161
57582772,0.00925,lw_b11_24h,pminervi,r,08/19/2026,07:33:42,eddie@node1i03.ecdf.ed.ac.uk,1,8156
57582772,0.00925,lw_b11_24h,pminervi,r,08/19/2026,07:33:42,eddie@node1f08.ecdf.ed.ac.uk,1,8157
57582772,0.00925,lw_b11_24h,pminervi,r,08/19/2026,07:33:42,eddie@node1h12.ecdf.ed.ac.uk,1,8158
57582772,0.00925,lw_b11_24h,pminervi,r,08/19/2026,07:30:27,eddie@node1r07.ecdf.ed.ac.uk,1,8146
57582772,0.00925,lw_b11_24h,pminervi,r,08/19/2026,07:30:27,eddie@node1h23.ecdf.ed.ac.uk,1,8147
57582772,0.00925,lw_b11_24h,pminervi,r,08/19/2026,07:30:42,eddie@node1r07.ecdf.ed.ac.uk,1,8148
57582772,0.00925,lw_b11_24h,pminervi,r,08/19/2026,07:30:42,eddie@node1h12.ecdf.ed.ac.uk,1,8149
57582772,0.00925,lw_b11_24h,pminervi,r,08/19/2026,07:31:57,eddie@node1i02.ecdf.ed.ac.uk,1,8152
57582772,0.00925,lw_b11_24h,pminervi,r,08/19/2026,07:31:57,eddie@node1s18.ecdf.ed.ac.uk,1,8153
57582772,0.00925,lw_b11_24h,pminervi,r,08/19/2026,07:31:27,eddie@node1r08.ecdf.ed.ac.uk,1,8150
57582772,0.00925,lw_b11_24h,pminervi,r,08/19/2026,07:31:42,eddie@node1h23.ecdf.ed.ac.uk,1,8151
57582772,0.00925,lw_b11_24h,pminervi,r,08/19/2026,07:35:57,eddie@node1i06.ecdf.ed.ac.uk,1,8164
57582772,0.00925,lw_b11_24h,pminervi,r,08/19/2026,07:32:12,eddie@node1h23.ecdf.ed.ac.uk,1,8154
57582772,0.00925,lw_b11_24h,pminervi,r,08/19/2026,07:33:12,eddie@node1i03.ecdf.ed.ac.uk,1,8155
57582772,0.00925,lw_b11_24h,pminervi,r,08/19/2026,07:29:27,eddie@node1i14.ecdf.ed.ac.uk,1,8142
57582772,0.00925,lw_b11_24h,pminervi,r,08/19/2026,07:29:42,eddie@node1h08.ecdf.ed.ac.uk,1,8144
57582772,0.00925,lw_b11_24h,pminervi,r,08/19/2026,07:29:57,eddie@node1f12.ecdf.ed.ac.uk,1,8145
57582772,0.00925,lw_b11_24h,pminervi,r,08/19/2026,07:29:16,eddie@node1f15.ecdf.ed.ac.uk,1,8141
57582772,0.00925,lw_b11_24h,pminervi,r,08/19/2026,07:27:02,eddie@node1j27.ecdf.ed.ac.uk,1,8139
57582772,0.00925,lw_b11_24h,pminervi,r,08/19/2026,07:27:32,eddie@node1n07.ecdf.ed.ac.uk,1,8140
57582772,0.00925,lw_b11_24h,pminervi,r,08/19/2026,07:25:02,eddie@node1f10.ecdf.ed.ac.uk,1,8134
57582772,0.00925,lw_b11_24h,pminervi,r,08/19/2026,07:25:02,eddie@node1o08.ecdf.ed.ac.uk,1,8135
57582772,0.00925,lw_b11_24h,pminervi,r,08/19/2026,07:25:02,eddie@node1o11.ecdf.ed.ac.uk,1,8136
57582772,0.00925,lw_b11_24h,pminervi,r,08/19/2026,07:25:47,eddie@node1h08.ecdf.ed.ac.uk,1,8137
57582772,0.00925,lw_b11_24h,pminervi,r,08/19/2026,07:26:02,eddie@node1r17.ecdf.ed.ac.uk,1,8138
57582772,0.00925,lw_b11_24h,pminervi,r,08/19/2026,07:24:02,eddie@node1m15.ecdf.ed.ac.uk,1,8132
57582772,0.00925,lw_b11_24h,pminervi,r,08/19/2026,07:24:32,eddie@node1o14.ecdf.ed.ac.uk,1,8133
57582772,0.00925,lw_b11_24h,pminervi,r,08/19/2026,07:23:32,eddie@node1r12.ecdf.ed.ac.uk,1,8131
57582772,0.00925,lw_b11_24h,pminervi,r,08/19/2026,07:23:02,eddie@node1f09.ecdf.ed.ac.uk,1,8127
57582772,0.00925,lw_b11_24h,pminervi,r,08/19/2026,07:23:02,eddie@node1h15.ecdf.ed.ac.uk,1,8128
57582772,0.00925,lw_b11_24h,pminervi,r,08/19/2026,07:22:02,eddie@node1h13.ecdf.ed.ac.uk,1,8124
57582772,0.00925,lw_b11_24h,pminervi,r,08/19/2026,07:22:02,eddie@node1o10.ecdf.ed.ac.uk,1,8125
57582772,0.00925,lw_b11_24h,pminervi,r,08/19/2026,07:23:17,eddie@node1s18.ecdf.ed.ac.uk,1,8129
57582772,0.00925,lw_b11_24h,pminervi,r,08/19/2026,07:23:17,eddie@node1r06.ecdf.ed.ac.uk,1,8130
57582772,0.00925,lw_b11_24h,pminervi,r,08/19/2026,07:21:32,eddie@node1m16.ecdf.ed.ac.uk,1,8122
57582772,0.00925,lw_b11_24h,pminervi,r,08/19/2026,07:21:32,eddie@node1h09.ecdf.ed.ac.uk,1,8123
57582772,0.00925,lw_b11_24h,pminervi,r,08/19/2026,07:22:32,eddie@node1i16.ecdf.ed.ac.uk,1,8126
57582772,0.00925,lw_b11_24h,pminervi,r,08/19/2026,07:20:17,eddie@node1h11.ecdf.ed.ac.uk,1,8117
57582772,0.00925,lw_b11_24h,pminervi,r,08/19/2026,07:20:47,eddie@node1h11.ecdf.ed.ac.uk,1,8119
57582772,0.00925,lw_b11_24h,pminervi,r,08/19/2026,07:20:32,eddie@node1h21.ecdf.ed.ac.uk,1,8118
57582772,0.00925,lw_b11_24h,pminervi,r,08/19/2026,07:21:02,eddie@node1s13.ecdf.ed.ac.uk,1,8120
57582772,0.00925,lw_b11_24h,pminervi,r,08/19/2026,07:21:17,eddie@node1h06.ecdf.ed.ac.uk,1,8121
57582772,0.00925,lw_b11_24h,pminervi,r,08/19/2026,07:19:47,eddie@node1r18.ecdf.ed.ac.uk,1,8116
57582772,0.00925,lw_b11_24h,pminervi,r,08/19/2026,07:19:17,eddie@node1h07.ecdf.ed.ac.uk,1,8113
57582772,0.00925,lw_b11_24h,pminervi,r,08/19/2026,07:19:17,eddie@node1m15.ecdf.ed.ac.uk,1,8114
57582772,0.00925,lw_b11_24h,pminervi,r,08/19/2026,07:19:32,eddie@node1j25.ecdf.ed.ac.uk,1,8115
57582772,0.00924,lw_b11_24h,pminervi,r,08/19/2026,07:15:02,eddie@node1m16.ecdf.ed.ac.uk,1,8098
57582772,0.00924,lw_b11_24h,pminervi,r,08/19/2026,07:15:17,eddie@node1o10.ecdf.ed.ac.uk,1,8099
57582772,0.00924,lw_b11_24h,pminervi,r,08/19/2026,07:13:17,eddie@node1h09.ecdf.ed.ac.uk,1,8095
57582772,0.00924,lw_b11_24h,pminervi,r,08/19/2026,07:13:17,eddie@node1s18.ecdf.ed.ac.uk,1,8096
57582772,0.00924,lw_b11_24h,pminervi,r,08/19/2026,07:11:02,eddie@node1s17.ecdf.ed.ac.uk,1,8084
57582772,0.00924,lw_b11_24h,pminervi,r,08/19/2026,07:11:02,eddie@node1r17.ecdf.ed.ac.uk,1,8085
57582772,0.00924,lw_b11_24h,pminervi,r,08/19/2026,07:10:32,eddie@node1j28.ecdf.ed.ac.uk,1,8083
57582772,0.00924,lw_b11_24h,pminervi,r,08/19/2026,07:10:02,eddie@node1r18.ecdf.ed.ac.uk,1,8082
57582772,0.00924,lw_b11_24h,pminervi,r,08/19/2026,07:07:08,eddie@node1s14.ecdf.ed.ac.uk,1,8066
57582772,0.00924,lw_b11_24h,pminervi,r,08/19/2026,07:07:08,eddie@node1s14.ecdf.ed.ac.uk,1,8067
57582772,0.00924,lw_b11_24h,pminervi,r,08/19/2026,07:07:43,eddie@node1s14.ecdf.ed.ac.uk,1,8070
57582772,0.00924,lw_b11_24h,pminervi,r,08/19/2026,07:07:43,eddie@node1s14.ecdf.ed.ac.uk,1,8071
57582772,0.00924,lw_b11_24h,pminervi,r,08/19/2026,07:07:24,eddie@node1i02.ecdf.ed.ac.uk,1,8068
57582772,0.00924,lw_b11_24h,pminervi,r,08/19/2026,07:07:24,eddie@node1i02.ecdf.ed.ac.uk,1,8069
57582772,0.00924,lw_b11_24h,pminervi,r,08/19/2026,07:07:51,eddie@node1h24.ecdf.ed.ac.uk,1,8072
57582772,0.00924,lw_b11_24h,pminervi,r,08/19/2026,07:06:53,eddie@node1r19.ecdf.ed.ac.uk,1,8065
57582772,0.00924,lw_b11_24h,pminervi,r,08/19/2026,07:05:51,eddie@node1j26.ecdf.ed.ac.uk,1,8058
57582772,0.00924,lw_b11_24h,pminervi,r,08/19/2026,07:05:51,eddie@node1j26.ecdf.ed.ac.uk,1,8059
57582772,0.00924,lw_b11_24h,pminervi,r,08/19/2026,07:05:51,eddie@node1o12.ecdf.ed.ac.uk,1,8060
57582772,0.00924,lw_b11_24h,pminervi,r,08/19/2026,07:06:38,eddie@node1s16.ecdf.ed.ac.uk,1,8062
57582772,0.00924,lw_b11_24h,pminervi,r,08/19/2026,07:06:38,eddie@node1s16.ecdf.ed.ac.uk,1,8063
57582772,0.00924,lw_b11_24h,pminervi,r,08/19/2026,07:06:38,eddie@node1h16.ecdf.ed.ac.uk,1,8064
57582772,0.00924,lw_b11_24h,pminervi,r,08/19/2026,07:06:22,eddie@node1j26.ecdf.ed.ac.uk,1,8061
57582772,0.00924,lw_b11_24h,pminervi,r,08/19/2026,07:05:37,eddie@node1n08.ecdf.ed.ac.uk,1,8051
57582772,0.00924,lw_b11_24h,pminervi,r,08/19/2026,07:05:37,eddie@node1h14.ecdf.ed.ac.uk,1,8052
57582772,0.00924,lw_b11_24h,pminervi,r,08/19/2026,07:05:37,eddie@node1h14.ecdf.ed.ac.uk,1,8053
57582772,0.00924,lw_b11_24h,pminervi,r,08/19/2026,07:05:37,eddie@node1h14.ecdf.ed.ac.uk,1,8054
57582772,0.00924,lw_b11_24h,pminervi,r,08/19/2026,07:05:37,eddie@node1h22.ecdf.ed.ac.uk,1,8055
57582772,0.00924,lw_b11_24h,pminervi,r,08/19/2026,07:05:37,eddie@node1h07.ecdf.ed.ac.uk,1,8056
57582772,0.00924,lw_b11_24h,pminervi,r,08/19/2026,07:05:37,eddie@node1j26.ecdf.ed.ac.uk,1,8057
57582772,0.00924,lw_b11_24h,pminervi,r,08/19/2026,07:05:24,eddie@node1r09.ecdf.ed.ac.uk,1,8047
57582772,0.00924,lw_b11_24h,pminervi,r,08/19/2026,07:05:24,eddie@node1r09.ecdf.ed.ac.uk,1,8049
57582772,0.00924,lw_b11_24h,pminervi,r,08/19/2026,07:05:24,eddie@node1o07.ecdf.ed.ac.uk,1,8050
57582772,0.00924,lw_b11_24h,pminervi,r,08/19/2026,07:04:56,eddie@node1i13.ecdf.ed.ac.uk,1,8043
57582772,0.00924,lw_b11_24h,pminervi,r,08/19/2026,07:04:56,eddie@node1r09.ecdf.ed.ac.uk,1,8044
57582772,0.00924,lw_b11_24h,pminervi,r,08/19/2026,07:05:08,eddie@node1i13.ecdf.ed.ac.uk,1,8045
57582772,0.00924,lw_b11_24h,pminervi,r,08/19/2026,07:04:00,eddie@node1f08.ecdf.ed.ac.uk,1,8033
57582772,0.00924,lw_b11_24h,pminervi,r,08/19/2026,07:04:00,eddie@node1h11.ecdf.ed.ac.uk,1,8034
57582772,0.00924,lw_b11_24h,pminervi,r,08/19/2026,07:04:00,eddie@node1h14.ecdf.ed.ac.uk,1,8035
57582772,0.00924,lw_b11_24h,pminervi,r,08/19/2026,07:04:00,eddie@node1o13.ecdf.ed.ac.uk,1,8036
57582772,0.00924,lw_b11_24h,pminervi,r,08/19/2026,07:04:00,eddie@node1h21.ecdf.ed.ac.uk,1,8037
57582772,0.00924,lw_b11_24h,pminervi,r,08/19/2026,07:04:00,eddie@node1s16.ecdf.ed.ac.uk,1,8038
57582772,0.00924,lw_b11_24h,pminervi,r,08/19/2026,07:04:00,eddie@node1r07.ecdf.ed.ac.uk,1,8039
57582772,0.00924,lw_b11_24h,pminervi,r,08/19/2026,07:03:45,eddie@node1o08.ecdf.ed.ac.uk,1,8032
57582772,0.00924,lw_b11_24h,pminervi,r,08/19/2026,07:04:15,eddie@node1r06.ecdf.ed.ac.uk,1,8040
57582772,0.00924,lw_b11_24h,pminervi,r,08/19/2026,07:04:15,eddie@node1m15.ecdf.ed.ac.uk,1,8041
57582772,0.00924,lw_b11_24h,pminervi,r,08/19/2026,07:04:15,eddie@node1r05.ecdf.ed.ac.uk,1,8042
57582772,0.00924,lw_b11_24h,pminervi,r,08/19/2026,07:17:02,eddie@node1h07.ecdf.ed.ac.uk,1,8105
57582772,0.00924,lw_b11_24h,pminervi,r,08/19/2026,07:17:02,eddie@node1j25.ecdf.ed.ac.uk,1,8106
57582772,0.00924,lw_b11_24h,pminervi,r,08/19/2026,07:18:17,eddie@node1i06.ecdf.ed.ac.uk,1,8109
57582772,0.00924,lw_b11_24h,pminervi,r,08/19/2026,07:18:17,eddie@node1r05.ecdf.ed.ac.uk,1,8110
57582772,0.00924,lw_b11_24h,pminervi,r,08/19/2026,07:17:32,eddie@node1h10.ecdf.ed.ac.uk,1,8107
57582772,0.00924,lw_b11_24h,pminervi,r,08/19/2026,07:17:47,eddie@node1r05.ecdf.ed.ac.uk,1,8108
57582772,0.00924,lw_b11_24h,pminervi,r,08/19/2026,07:18:32,eddie@node1h10.ecdf.ed.ac.uk,1,8111
57582772,0.00924,lw_b11_24h,pminervi,r,08/19/2026,07:18:47,eddie@node1i02.ecdf.ed.ac.uk,1,8112
57582772,0.00924,lw_b11_24h,pminervi,r,08/19/2026,07:08:02,eddie@node1i06.ecdf.ed.ac.uk,1,8073
57582772,0.00924,lw_b11_24h,pminervi,r,08/19/2026,07:08:02,eddie@node1i06.ecdf.ed.ac.uk,1,8074
57582772,0.00924,lw_b11_24h,pminervi,r,08/19/2026,07:08:02,eddie@node1m14.ecdf.ed.ac.uk,1,8075
57582772,0.00924,lw_b11_24h,pminervi,r,08/19/2026,07:08:02,eddie@node1j27.ecdf.ed.ac.uk,1,8076
57582772,0.00924,lw_b11_24h,pminervi,r,08/19/2026,07:03:15,eddie@node1s16.ecdf.ed.ac.uk,1,8026
57582772,0.00924,lw_b11_24h,pminervi,r,08/19/2026,07:03:15,eddie@node1j28.ecdf.ed.ac.uk,1,8027
57582772,0.00924,lw_b11_24h,pminervi,r,08/19/2026,07:03:15,eddie@node1o12.ecdf.ed.ac.uk,1,8028
57582772,0.00924,lw_b11_24h,pminervi,r,08/19/2026,07:03:30,eddie@node1h05.ecdf.ed.ac.uk,1,8029
57582772,0.00924,lw_b11_24h,pminervi,r,08/19/2026,07:03:30,eddie@node1r19.ecdf.ed.ac.uk,1,8030
57582772,0.00924,lw_b11_24h,pminervi,r,08/19/2026,07:03:30,eddie@node1j26.ecdf.ed.ac.uk,1,8031
57582772,0.00924,lw_b11_24h,pminervi,r,08/19/2026,07:13:02,eddie@node1f09.ecdf.ed.ac.uk,1,8093
57582772,0.00924,lw_b11_24h,pminervi,r,08/19/2026,07:13:02,eddie@node1o14.ecdf.ed.ac.uk,1,8094
57582772,0.00924,lw_b11_24h,pminervi,r,08/19/2026,07:11:47,eddie@node1h08.ecdf.ed.ac.uk,1,8087
57582772,0.00924,lw_b11_24h,pminervi,r,08/19/2026,07:11:47,eddie@node1o09.ecdf.ed.ac.uk,1,8088
57582772,0.00924,lw_b11_24h,pminervi,r,08/19/2026,07:12:02,eddie@node1o08.ecdf.ed.ac.uk,1,8089
57582772,0.00924,lw_b11_24h,pminervi,r,08/19/2026,07:12:02,eddie@node1h13.ecdf.ed.ac.uk,1,8090
57582772,0.00924,lw_b11_24h,pminervi,r,08/19/2026,07:12:47,eddie@node1r12.ecdf.ed.ac.uk,1,8091
57582772,0.00924,lw_b11_24h,pminervi,r,08/19/2026,07:12:47,eddie@node1o11.ecdf.ed.ac.uk,1,8092
57582772,0.00924,lw_b11_24h,pminervi,r,08/19/2026,07:15:47,eddie@node1f07.ecdf.ed.ac.uk,1,8100
57582772,0.00924,lw_b11_24h,pminervi,r,08/19/2026,07:15:47,eddie@node1m14.ecdf.ed.ac.uk,1,8101
57582772,0.00924,lw_b11_24h,pminervi,r,08/19/2026,07:14:02,eddie@node1s13.ecdf.ed.ac.uk,1,8097
57582772,0.00924,lw_b11_24h,pminervi,r,08/19/2026,07:08:47,eddie@node1h24.ecdf.ed.ac.uk,1,8077
57582772,0.00924,lw_b11_24h,pminervi,r,08/19/2026,07:09:32,eddie@node1s15.ecdf.ed.ac.uk,1,8080
57582772,0.00924,lw_b11_24h,pminervi,r,08/19/2026,07:09:47,eddie@node1m15.ecdf.ed.ac.uk,1,8081
57582772,0.00924,lw_b11_24h,pminervi,r,08/19/2026,07:11:32,eddie@node1h16.ecdf.ed.ac.uk,1,8086
57582772,0.00924,lw_b11_24h,pminervi,r,08/19/2026,07:16:17,eddie@node1h15.ecdf.ed.ac.uk,1,8102
57582772,0.00924,lw_b11_24h,pminervi,r,08/19/2026,07:16:32,eddie@node1m14.ecdf.ed.ac.uk,1,8103
57582772,0.00924,lw_b11_24h,pminervi,r,08/19/2026,07:16:47,eddie@node1h06.ecdf.ed.ac.uk,1,8104
57582772,0.00924,lw_b11_24h,pminervi,r,08/19/2026,07:02:15,eddie@node1h09.ecdf.ed.ac.uk,1,8011
57582772,0.00924,lw_b11_24h,pminervi,r,08/19/2026,07:02:15,eddie@node1r05.ecdf.ed.ac.uk,1,8012
57582772,0.00924,lw_b11_24h,pminervi,r,08/19/2026,07:02:15,eddie@node1h10.ecdf.ed.ac.uk,1,8013
57582772,0.00924,lw_b11_24h,pminervi,r,08/19/2026,07:02:15,eddie@node1o11.ecdf.ed.ac.uk,1,8015
57582772,0.00924,lw_b11_24h,pminervi,r,08/19/2026,07:02:30,eddie@node1f07.ecdf.ed.ac.uk,1,8016
57582772,0.00924,lw_b11_24h,pminervi,r,08/19/2026,07:02:30,eddie@node1f07.ecdf.ed.ac.uk,1,8017
57582772,0.00924,lw_b11_24h,pminervi,r,08/19/2026,07:02:30,eddie@node1r17.ecdf.ed.ac.uk,1,8018
57582772,0.00924,lw_b11_24h,pminervi,r,08/19/2026,07:02:30,eddie@node1s17.ecdf.ed.ac.uk,1,8019
57582772,0.00924,lw_b11_24h,pminervi,r,08/19/2026,07:02:30,eddie@node1j25.ecdf.ed.ac.uk,1,8021
57582772,0.00924,lw_b11_24h,pminervi,r,08/19/2026,07:02:00,eddie@node1h08.ecdf.ed.ac.uk,1,8005
57582772,0.00924,lw_b11_24h,pminervi,r,08/19/2026,07:02:00,eddie@node1r07.ecdf.ed.ac.uk,1,8007
57582772,0.00924,lw_b11_24h,pminervi,r,08/19/2026,07:02:00,eddie@node1o14.ecdf.ed.ac.uk,1,8008
57582772,0.00924,lw_b11_24h,pminervi,r,08/19/2026,07:02:00,eddie@node1s14.ecdf.ed.ac.uk,1,8009
57582772,0.00924,lw_b11_24h,pminervi,r,08/19/2026,07:02:45,eddie@node1f09.ecdf.ed.ac.uk,1,8022
57582772,0.00924,lw_b11_24h,pminervi,r,08/19/2026,07:02:45,eddie@node1r06.ecdf.ed.ac.uk,1,8023
57582772,0.00924,lw_b11_24h,pminervi,r,08/19/2026,07:02:45,eddie@node1o13.ecdf.ed.ac.uk,1,8024
57582772,0.00924,lw_b11_24h,pminervi,r,08/19/2026,07:02:45,eddie@node1o09.ecdf.ed.ac.uk,1,8025
57582772,0.00924,lw_b11_24h,pminervi,r,08/19/2026,07:01:30,eddie@node1s15.ecdf.ed.ac.uk,1,8002
57582772,0.00924,lw_b11_24h,pminervi,r,08/19/2026,07:01:30,eddie@node1r12.ecdf.ed.ac.uk,1,8003
57582772,0.00924,lw_b11_24h,pminervi,r,08/19/2026,07:01:15,eddie@node1h15.ecdf.ed.ac.uk,1,8001
57582772,0.00924,lw_b11_24h,pminervi,r,08/19/2026,07:01:45,eddie@node1s18.ecdf.ed.ac.uk,1,8004
57582772,0.00923,lw_b11_24h,pminervi,r,08/19/2026,07:00:45,eddie@node1h21.ecdf.ed.ac.uk,1,7996
57582772,0.00923,lw_b11_24h,pminervi,r,08/19/2026,07:00:45,eddie@node1j27.ecdf.ed.ac.uk,1,7997
57582772,0.00923,lw_b11_24h,pminervi,r,08/19/2026,07:00:45,eddie@node1r18.ecdf.ed.ac.uk,1,7998
57582772,0.00923,lw_b11_24h,pminervi,r,08/19/2026,07:01:00,eddie@node1h13.ecdf.ed.ac.uk,1,7999
57582772,0.00923,lw_b11_24h,pminervi,r,08/19/2026,07:01:00,eddie@node1s13.ecdf.ed.ac.uk,1,8000
57582772,0.00923,lw_b11_24h,pminervi,r,08/19/2026,07:00:30,eddie@node1f09.ecdf.ed.ac.uk,1,7995
57582772,0.00923,lw_b11_24h,pminervi,r,08/19/2026,06:59:45,eddie@node1n05.ecdf.ed.ac.uk,1,7988
57582772,0.00923,lw_b11_24h,pminervi,r,08/19/2026,06:59:45,eddie@node1h16.ecdf.ed.ac.uk,1,7989
57582772,0.00923,lw_b11_24h,pminervi,r,08/19/2026,06:59:45,eddie@node1o10.ecdf.ed.ac.uk,1,7990
57582772,0.00923,lw_b11_24h,pminervi,r,08/19/2026,06:59:45,eddie@node1h14.ecdf.ed.ac.uk,1,7991
57582772,0.00923,lw_b11_24h,pminervi,r,08/19/2026,06:59:45,eddie@node1m16.ecdf.ed.ac.uk,1,7992
57582772,0.00923,lw_b11_24h,pminervi,r,08/19/2026,07:00:00,eddie@node1o07.ecdf.ed.ac.uk,1,7993
57582772,0.00923,lw_b11_24h,pminervi,r,08/19/2026,07:00:00,eddie@node1h07.ecdf.ed.ac.uk,1,7994
57582772,0.00923,lw_b11_24h,pminervi,r,08/19/2026,06:59:15,eddie@node1h06.ecdf.ed.ac.uk,1,7987
57582772,0.00923,lw_b11_24h,pminervi,r,08/19/2026,06:56:45,eddie@node1s15.ecdf.ed.ac.uk,1,7977
57582772,0.00923,lw_b11_24h,pminervi,r,08/19/2026,06:56:45,eddie@node1r07.ecdf.ed.ac.uk,1,7978
57582772,0.00923,lw_b11_24h,pminervi,r,08/19/2026,06:56:45,eddie@node1o10.ecdf.ed.ac.uk,1,7979
57582772,0.00923,lw_b11_24h,pminervi,r,08/19/2026,06:57:00,eddie@node1i07.ecdf.ed.ac.uk,1,7980
57582772,0.00923,lw_b11_24h,pminervi,r,08/19/2026,06:57:00,eddie@node1h11.ecdf.ed.ac.uk,1,7981
57582772,0.00923,lw_b11_24h,pminervi,r,08/19/2026,06:57:45,eddie@node1r06.ecdf.ed.ac.uk,1,7982
57582772,0.00923,lw_b11_24h,pminervi,r,08/19/2026,06:57:45,eddie@node1o13.ecdf.ed.ac.uk,1,7983
57582772,0.00923,lw_b11_24h,pminervi,r,08/19/2026,06:58:00,eddie@node1n03.ecdf.ed.ac.uk,1,7984
57582772,0.00923,lw_b11_24h,pminervi,r,08/19/2026,06:58:00,eddie@node1o07.ecdf.ed.ac.uk,1,7985
57582772,0.00923,lw_b11_24h,pminervi,r,08/19/2026,06:58:15,eddie@node1n07.ecdf.ed.ac.uk,1,7986
57582772,0.00923,lw_b11_24h,pminervi,r,08/19/2026,06:56:30,eddie@node1r09.ecdf.ed.ac.uk,1,7975
57582772,0.00923,lw_b11_24h,pminervi,r,08/19/2026,06:56:30,eddie@node1r05.ecdf.ed.ac.uk,1,7976
57582772,0.00923,lw_b11_24h,pminervi,r,08/19/2026,06:55:45,eddie@node1r09.ecdf.ed.ac.uk,1,7967
57582772,0.00923,lw_b11_24h,pminervi,r,08/19/2026,06:55:45,eddie@node1h07.ecdf.ed.ac.uk,1,7968
57582772,0.00923,lw_b11_24h,pminervi,r,08/19/2026,06:55:45,eddie@node1r17.ecdf.ed.ac.uk,1,7969
57582772,0.00923,lw_b11_24h,pminervi,r,08/19/2026,06:55:45,eddie@node1s18.ecdf.ed.ac.uk,1,7970
57582772,0.00923,lw_b11_24h,pminervi,r,08/19/2026,06:56:15,eddie@node1f13.ecdf.ed.ac.uk,1,7973
57582772,0.00923,lw_b11_24h,pminervi,r,08/19/2026,06:56:15,eddie@node1f13.ecdf.ed.ac.uk,1,7974
57582772,0.00923,lw_b11_24h,pminervi,r,08/19/2026,06:55:00,eddie@node1o11.ecdf.ed.ac.uk,1,7962
57582772,0.00923,lw_b11_24h,pminervi,r,08/19/2026,06:55:00,eddie@node1s13.ecdf.ed.ac.uk,1,7963
57582772,0.00923,lw_b11_24h,pminervi,r,08/19/2026,06:55:00,eddie@node1r12.ecdf.ed.ac.uk,1,7964
57582772,0.00923,lw_b11_24h,pminervi,r,08/19/2026,06:55:15,eddie@node1i07.ecdf.ed.ac.uk,1,7965
57582772,0.00923,lw_b11_24h,pminervi,r,08/19/2026,06:55:15,eddie@node1r18.ecdf.ed.ac.uk,1,7966
57582772,0.00923,lw_b11_24h,pminervi,r,08/19/2026,06:54:45,eddie@node1h13.ecdf.ed.ac.uk,1,7961
57582772,0.00923,lw_b11_24h,pminervi,r,08/19/2026,06:54:30,eddie@node1h09.ecdf.ed.ac.uk,1,7957
57582772,0.00923,lw_b11_24h,pminervi,r,08/19/2026,06:54:30,eddie@node1h10.ecdf.ed.ac.uk,1,7958
57582772,0.00923,lw_b11_24h,pminervi,r,08/19/2026,06:54:30,eddie@node1h08.ecdf.ed.ac.uk,1,7959
57582772,0.00923,lw_b11_24h,pminervi,r,08/19/2026,06:54:30,eddie@node1j27.ecdf.ed.ac.uk,1,7960
57582772,0.00923,lw_b11_24h,pminervi,r,08/19/2026,06:54:15,eddie@node1s14.ecdf.ed.ac.uk,1,7953
57582772,0.00923,lw_b11_24h,pminervi,r,08/19/2026,06:54:15,eddie@node1h06.ecdf.ed.ac.uk,1,7955
57582772,0.00923,lw_b11_24h,pminervi,r,08/19/2026,06:54:15,eddie@node1s17.ecdf.ed.ac.uk,1,7956
57582772,0.00923,lw_b11_24h,pminervi,r,08/19/2026,06:53:30,eddie@node1m16.ecdf.ed.ac.uk,1,7949
57582772,0.00923,lw_b11_24h,pminervi,r,08/19/2026,06:53:30,eddie@node1o09.ecdf.ed.ac.uk,1,7950
57582772,0.00923,lw_b11_24h,pminervi,r,08/19/2026,06:53:45,eddie@node1s16.ecdf.ed.ac.uk,1,7951
57582772,0.00923,lw_b11_24h,pminervi,r,08/19/2026,06:54:00,eddie@node1o10.ecdf.ed.ac.uk,1,7952
57582772,0.00923,lw_b11_24h,pminervi,r,08/19/2026,06:52:45,eddie@node1h14.ecdf.ed.ac.uk,1,7943
57582772,0.00923,lw_b11_24h,pminervi,r,08/19/2026,06:52:45,eddie@node1j25.ecdf.ed.ac.uk,1,7944
57582772,0.00923,lw_b11_24h,pminervi,r,08/19/2026,06:53:15,eddie@node1h15.ecdf.ed.ac.uk,1,7946
57582772,0.00923,lw_b11_24h,pminervi,r,08/19/2026,06:53:15,eddie@node1o14.ecdf.ed.ac.uk,1,7947
57582772,0.00923,lw_b11_24h,pminervi,r,08/19/2026,06:53:15,eddie@node1j28.ecdf.ed.ac.uk,1,7948
57582772,0.00923,lw_b11_24h,pminervi,r,08/19/2026,06:47:30,eddie@node1f10.ecdf.ed.ac.uk,1,7893
57582772,0.00923,lw_b11_24h,pminervi,r,08/19/2026,06:47:30,eddie@node1f10.ecdf.ed.ac.uk,1,7894
57582772,0.00923,lw_b11_24h,pminervi,r,08/19/2026,06:47:30,eddie@node1o12.ecdf.ed.ac.uk,1,7895
57582772,0.00923,lw_b11_24h,pminervi,r,08/19/2026,06:47:30,eddie@node1o10.ecdf.ed.ac.uk,1,7896
57582772,0.00923,lw_b11_24h,pminervi,r,08/19/2026,06:47:30,eddie@node1h10.ecdf.ed.ac.uk,1,7897
57582772,0.00923,lw_b11_24h,pminervi,r,08/19/2026,06:47:30,eddie@node1h16.ecdf.ed.ac.uk,1,7898
57582772,0.00923,lw_b11_24h,pminervi,r,08/19/2026,06:47:30,eddie@node1h09.ecdf.ed.ac.uk,1,7899
57582772,0.00923,lw_b11_24h,pminervi,r,08/19/2026,06:49:45,eddie@node1i15.ecdf.ed.ac.uk,1,7912
57582772,0.00923,lw_b11_24h,pminervi,r,08/19/2026,06:49:45,eddie@node1i15.ecdf.ed.ac.uk,1,7913
57582772,0.00923,lw_b11_24h,pminervi,r,08/19/2026,06:49:45,eddie@node1m16.ecdf.ed.ac.uk,1,7914
57582772,0.00923,lw_b11_24h,pminervi,r,08/19/2026,06:49:45,eddie@node1o14.ecdf.ed.ac.uk,1,7915
57582772,0.00923,lw_b11_24h,pminervi,r,08/19/2026,06:49:45,eddie@node1h15.ecdf.ed.ac.uk,1,7916
57582772,0.00923,lw_b11_24h,pminervi,r,08/19/2026,06:49:45,eddie@node1s16.ecdf.ed.ac.uk,1,7917
57582772,0.00923,lw_b11_24h,pminervi,r,08/19/2026,06:49:30,eddie@node1h11.ecdf.ed.ac.uk,1,7907
57582772,0.00923,lw_b11_24h,pminervi,r,08/19/2026,06:49:30,eddie@node1r12.ecdf.ed.ac.uk,1,7908
57582772,0.00923,lw_b11_24h,pminervi,r,08/19/2026,06:49:30,eddie@node1o11.ecdf.ed.ac.uk,1,7909
57582772,0.00923,lw_b11_24h,pminervi,r,08/19/2026,06:49:30,eddie@node1h13.ecdf.ed.ac.uk,1,7910
57582772,0.00923,lw_b11_24h,pminervi,r,08/19/2026,06:49:30,eddie@node1j27.ecdf.ed.ac.uk,1,7911
57582772,0.00923,lw_b11_24h,pminervi,r,08/19/2026,06:50:30,eddie@node1f06.ecdf.ed.ac.uk,1,7922
57582772,0.00923,lw_b11_24h,pminervi,r,08/19/2026,06:50:30,eddie@node1s15.ecdf.ed.ac.uk,1,7923
57582772,0.00923,lw_b11_24h,pminervi,r,08/19/2026,06:50:30,eddie@node1r05.ecdf.ed.ac.uk,1,7924
57582772,0.00923,lw_b11_24h,pminervi,r,08/19/2026,06:50:30,eddie@node1h22.ecdf.ed.ac.uk,1,7925
57582772,0.00923,lw_b11_24h,pminervi,r,08/19/2026,06:50:45,eddie@node1s18.ecdf.ed.ac.uk,1,7926
57582772,0.00923,lw_b11_24h,pminervi,r,08/19/2026,06:50:45,eddie@node1o07.ecdf.ed.ac.uk,1,7927
57582772,0.00923,lw_b11_24h,pminervi,r,08/19/2026,06:50:45,eddie@node1s13.ecdf.ed.ac.uk,1,7928
57582772,0.00923,lw_b11_24h,pminervi,r,08/19/2026,06:50:45,eddie@node1h11.ecdf.ed.ac.uk,1,7929
57582772,0.00923,lw_b11_24h,pminervi,r,08/19/2026,06:50:00,eddie@node1r18.ecdf.ed.ac.uk,1,7918
57582772,0.00923,lw_b11_24h,pminervi,r,08/19/2026,06:50:00,eddie@node1h07.ecdf.ed.ac.uk,1,7920
57582772,0.00923,lw_b11_24h,pminervi,r,08/19/2026,06:51:00,eddie@node1r07.ecdf.ed.ac.uk,1,7930
57582772,0.00923,lw_b11_24h,pminervi,r,08/19/2026,06:51:00,eddie@node1h16.ecdf.ed.ac.uk,1,7931
57582772,0.00923,lw_b11_24h,pminervi,r,08/19/2026,06:51:00,eddie@node1r19.ecdf.ed.ac.uk,1,7932
57582772,0.00923,lw_b11_24h,pminervi,r,08/19/2026,06:47:45,eddie@node1o07.ecdf.ed.ac.uk,1,7900
57582772,0.00923,lw_b11_24h,pminervi,r,08/19/2026,06:47:45,eddie@node1s13.ecdf.ed.ac.uk,1,7901
57582772,0.00923,lw_b11_24h,pminervi,r,08/19/2026,06:49:15,eddie@node1h24.ecdf.ed.ac.uk,1,7905
57582772,0.00923,lw_b11_24h,pminervi,r,08/19/2026,06:49:15,eddie@node1r19.ecdf.ed.ac.uk,1,7906
57582772,0.00923,lw_b11_24h,pminervi,r,08/19/2026,06:48:15,eddie@node1h24.ecdf.ed.ac.uk,1,7902
57582772,0.00923,lw_b11_24h,pminervi,r,08/19/2026,06:48:30,eddie@node1j25.ecdf.ed.ac.uk,1,7903
57582772,0.00923,lw_b11_24h,pminervi,r,08/19/2026,06:48:45,eddie@node1h21.ecdf.ed.ac.uk,1,7904
57582772,0.00923,lw_b11_24h,pminervi,r,08/19/2026,06:50:15,eddie@node1h21.ecdf.ed.ac.uk,1,7921
57582772,0.00923,lw_b11_24h,pminervi,r,08/19/2026,06:51:15,eddie@node1f13.ecdf.ed.ac.uk,1,7933
57582772,0.00923,lw_b11_24h,pminervi,r,08/19/2026,06:46:45,eddie@node1s14.ecdf.ed.ac.uk,1,7887
57582772,0.00923,lw_b11_24h,pminervi,r,08/19/2026,06:46:45,eddie@node1s17.ecdf.ed.ac.uk,1,7888
57582772,0.00923,lw_b11_24h,pminervi,r,08/19/2026,06:46:45,eddie@node1o09.ecdf.ed.ac.uk,1,7889
57582772,0.00923,lw_b11_24h,pminervi,r,08/19/2026,06:46:45,eddie@node1h06.ecdf.ed.ac.uk,1,7890
57582772,0.00923,lw_b11_24h,pminervi,r,08/19/2026,06:52:00,eddie@node1m14.ecdf.ed.ac.uk,1,7934
57582772,0.00923,lw_b11_24h,pminervi,r,08/19/2026,06:52:00,eddie@node1m14.ecdf.ed.ac.uk,1,7935
57582772,0.00923,lw_b11_24h,pminervi,r,08/19/2026,06:52:00,eddie@node1r09.ecdf.ed.ac.uk,1,7936
57582772,0.00923,lw_b11_24h,pminervi,r,08/19/2026,06:52:30,eddie@node1f06.ecdf.ed.ac.uk,1,7940
57582772,0.00923,lw_b11_24h,pminervi,r,08/19/2026,06:52:30,eddie@node1o08.ecdf.ed.ac.uk,1,7942
57582772,0.00923,lw_b11_24h,pminervi,r,08/19/2026,06:52:15,eddie@node1o10.ecdf.ed.ac.uk,1,7937
57582772,0.00923,lw_b11_24h,pminervi,r,08/19/2026,06:52:15,eddie@node1o12.ecdf.ed.ac.uk,1,7938
57582772,0.00923,lw_b11_24h,pminervi,r,08/19/2026,06:52:15,eddie@node1j26.ecdf.ed.ac.uk,1,7939
57582772,0.00923,lw_b11_24h,pminervi,r,08/19/2026,06:47:15,eddie@node1j28.ecdf.ed.ac.uk,1,7891
57582772,0.00923,lw_b11_24h,pminervi,r,08/19/2026,06:47:15,eddie@node1h08.ecdf.ed.ac.uk,1,7892
57582772,0.00922,lw_b11_24h,pminervi,r,08/19/2026,06:41:45,eddie@node1f13.ecdf.ed.ac.uk,1,7845
57582772,0.00922,lw_b11_24h,pminervi,r,08/19/2026,06:41:45,eddie@node1o11.ecdf.ed.ac.uk,1,7846
57582772,0.00922,lw_b11_24h,pminervi,r,08/19/2026,06:41:45,eddie@node1s13.ecdf.ed.ac.uk,1,7847
57582772,0.00922,lw_b11_24h,pminervi,r,08/19/2026,06:41:45,eddie@node1o10.ecdf.ed.ac.uk,1,7848
57582772,0.00922,lw_b11_24h,pminervi,r,08/19/2026,06:41:45,eddie@node1r09.ecdf.ed.ac.uk,1,7849
57582772,0.00922,lw_b11_24h,pminervi,r,08/19/2026,06:44:45,eddie@node1f06.ecdf.ed.ac.uk,1,7871
57582772,0.00922,lw_b11_24h,pminervi,r,08/19/2026,06:44:45,eddie@node1f06.ecdf.ed.ac.uk,1,7872
57582772,0.00922,lw_b11_24h,pminervi,r,08/19/2026,06:44:45,eddie@node1o12.ecdf.ed.ac.uk,1,7873
57582772,0.00922,lw_b11_24h,pminervi,r,08/19/2026,06:44:45,eddie@node1s13.ecdf.ed.ac.uk,1,7874
57582772,0.00922,lw_b11_24h,pminervi,r,08/19/2026,06:44:45,eddie@node1o07.ecdf.ed.ac.uk,1,7875
57582772,0.00922,lw_b11_24h,pminervi,r,08/19/2026,06:41:00,eddie@node1j26.ecdf.ed.ac.uk,1,7838
57582772,0.00922,lw_b11_24h,pminervi,r,08/19/2026,06:41:00,eddie@node1h09.ecdf.ed.ac.uk,1,7839
57582772,0.00922,lw_b11_24h,pminervi,r,08/19/2026,06:41:00,eddie@node1h13.ecdf.ed.ac.uk,1,7840
57582772,0.00922,lw_b11_24h,pminervi,r,08/19/2026,06:41:00,eddie@node1r12.ecdf.ed.ac.uk,1,7841
57582772,0.00922,lw_b11_24h,pminervi,r,08/19/2026,06:43:30,eddie@node1m14.ecdf.ed.ac.uk,1,7858
57582772,0.00922,lw_b11_24h,pminervi,r,08/19/2026,06:43:30,eddie@node1r09.ecdf.ed.ac.uk,1,7859
57582772,0.00922,lw_b11_24h,pminervi,r,08/19/2026,06:43:30,eddie@node1j28.ecdf.ed.ac.uk,1,7860
57582772,0.00922,lw_b11_24h,pminervi,r,08/19/2026,06:43:30,eddie@node1h11.ecdf.ed.ac.uk,1,7861
57582772,0.00922,lw_b11_24h,pminervi,r,08/19/2026,06:43:00,eddie@node1f10.ecdf.ed.ac.uk,1,7854
57582772,0.00922,lw_b11_24h,pminervi,r,08/19/2026,06:43:00,eddie@node1o09.ecdf.ed.ac.uk,1,7855
57582772,0.00922,lw_b11_24h,pminervi,r,08/19/2026,06:43:00,eddie@node1r19.ecdf.ed.ac.uk,1,7856
57582772,0.00922,lw_b11_24h,pminervi,r,08/19/2026,06:44:00,eddie@node1r17.ecdf.ed.ac.uk,1,7863
57582772,0.00922,lw_b11_24h,pminervi,r,08/19/2026,06:44:00,eddie@node1h06.ecdf.ed.ac.uk,1,7864
57582772,0.00922,lw_b11_24h,pminervi,r,08/19/2026,06:44:00,eddie@node1j25.ecdf.ed.ac.uk,1,7865
57582772,0.00922,lw_b11_24h,pminervi,r,08/19/2026,06:44:30,eddie@node1i14.ecdf.ed.ac.uk,1,7868
57582772,0.00922,lw_b11_24h,pminervi,r,08/19/2026,06:44:30,eddie@node1o08.ecdf.ed.ac.uk,1,7869
57582772,0.00922,lw_b11_24h,pminervi,r,08/19/2026,06:44:30,eddie@node1h21.ecdf.ed.ac.uk,1,7870
57582772,0.00922,lw_b11_24h,pminervi,r,08/19/2026,06:45:00,eddie@node1r09.ecdf.ed.ac.uk,1,7876
57582772,0.00922,lw_b11_24h,pminervi,r,08/19/2026,06:45:00,eddie@node1j26.ecdf.ed.ac.uk,1,7877
57582772,0.00922,lw_b11_24h,pminervi,r,08/19/2026,06:45:00,eddie@node1h14.ecdf.ed.ac.uk,1,7878
57582772,0.00922,lw_b11_24h,pminervi,r,08/19/2026,06:46:00,eddie@node1o14.ecdf.ed.ac.uk,1,7880
57582772,0.00922,lw_b11_24h,pminervi,r,08/19/2026,06:46:00,eddie@node1h11.ecdf.ed.ac.uk,1,7881
57582772,0.00922,lw_b11_24h,pminervi,r,08/19/2026,06:46:00,eddie@node1s16.ecdf.ed.ac.uk,1,7882
57582772,0.00922,lw_b11_24h,pminervi,r,08/19/2026,06:46:15,eddie@node1m16.ecdf.ed.ac.uk,1,7883
57582772,0.00922,lw_b11_24h,pminervi,r,08/19/2026,06:41:30,eddie@node1s14.ecdf.ed.ac.uk,1,7843
57582772,0.00922,lw_b11_24h,pminervi,r,08/19/2026,06:41:30,eddie@node1o12.ecdf.ed.ac.uk,1,7844
57582772,0.00922,lw_b11_24h,pminervi,r,08/19/2026,06:42:00,eddie@node1h08.ecdf.ed.ac.uk,1,7850
57582772,0.00922,lw_b11_24h,pminervi,r,08/19/2026,06:44:15,eddie@node1h05.ecdf.ed.ac.uk,1,7866
57582772,0.00922,lw_b11_24h,pminervi,r,08/19/2026,06:44:15,eddie@node1j26.ecdf.ed.ac.uk,1,7867
57582772,0.00922,lw_b11_24h,pminervi,r,08/19/2026,06:41:15,eddie@node1j25.ecdf.ed.ac.uk,1,7842
57582772,0.00922,lw_b11_24h,pminervi,r,08/19/2026,06:42:15,eddie@node1f09.ecdf.ed.ac.uk,1,7852
57582772,0.00922,lw_b11_24h,pminervi,r,08/19/2026,06:42:30,eddie@node1m14.ecdf.ed.ac.uk,1,7853
57582772,0.00922,lw_b11_24h,pminervi,r,08/19/2026,06:43:15,eddie@node1j27.ecdf.ed.ac.uk,1,7857
57582772,0.00922,lw_b11_24h,pminervi,r,08/19/2026,06:43:45,eddie@node1s17.ecdf.ed.ac.uk,1,7862
57582772,0.00922,lw_b11_24h,pminervi,r,08/19/2026,06:45:30,eddie@node1h15.ecdf.ed.ac.uk,1,7879
57582772,0.00922,lw_b11_24h,pminervi,r,08/19/2026,06:46:30,eddie@node1o08.ecdf.ed.ac.uk,1,7886
57582772,0.00922,lw_b11_24h,pminervi,r,08/19/2026,06:38:15,eddie@node1r17.ecdf.ed.ac.uk,1,7817
57582772,0.00922,lw_b11_24h,pminervi,r,08/19/2026,06:38:15,eddie@node1h11.ecdf.ed.ac.uk,1,7818
57582772,0.00922,lw_b11_24h,pminervi,r,08/19/2026,06:38:15,eddie@node1h21.ecdf.ed.ac.uk,1,7819
57582772,0.00922,lw_b11_24h,pminervi,r,08/19/2026,06:39:15,eddie@node1s14.ecdf.ed.ac.uk,1,7825
57582772,0.00922,lw_b11_24h,pminervi,r,08/19/2026,06:39:15,eddie@node1j26.ecdf.ed.ac.uk,1,7826
57582772,0.00922,lw_b11_24h,pminervi,r,08/19/2026,06:39:30,eddie@node1h24.ecdf.ed.ac.uk,1,7827
57582772,0.00922,lw_b11_24h,pminervi,r,08/19/2026,06:39:30,eddie@node1o10.ecdf.ed.ac.uk,1,7829
57582772,0.00922,lw_b11_24h,pminervi,r,08/19/2026,06:40:30,eddie@node1o08.ecdf.ed.ac.uk,1,7835
57582772,0.00922,lw_b11_24h,pminervi,r,08/19/2026,06:40:30,eddie@node1h10.ecdf.ed.ac.uk,1,7836
57582772,0.00922,lw_b11_24h,pminervi,r,08/19/2026,06:38:30,eddie@node1h06.ecdf.ed.ac.uk,1,7820
57582772,0.00922,lw_b11_24h,pminervi,r,08/19/2026,06:38:30,eddie@node1r19.ecdf.ed.ac.uk,1,7821
57582772,0.00922,lw_b11_24h,pminervi,r,08/19/2026,06:39:00,eddie@node1h24.ecdf.ed.ac.uk,1,7822
57582772,0.00922,lw_b11_24h,pminervi,r,08/19/2026,06:39:00,eddie@node1o09.ecdf.ed.ac.uk,1,7823
57582772,0.00922,lw_b11_24h,pminervi,r,08/19/2026,06:40:00,eddie@node1j28.ecdf.ed.ac.uk,1,7830
57582772,0.00922,lw_b11_24h,pminervi,r,08/19/2026,06:40:00,eddie@node1h24.ecdf.ed.ac.uk,1,7831
57582772,0.00922,lw_b11_24h,pminervi,r,08/19/2026,06:40:15,eddie@node1h06.ecdf.ed.ac.uk,1,7832
57582772,0.00922,lw_b11_24h,pminervi,r,08/19/2026,06:40:15,eddie@node1h05.ecdf.ed.ac.uk,1,7833
57582772,0.00922,lw_b11_24h,pminervi,r,08/19/2026,06:40:45,eddie@node1h14.ecdf.ed.ac.uk,1,7837
57582772,0.00922,lw_b11_24h,pminervi,r,08/19/2026,06:36:45,eddie@node1i07.ecdf.ed.ac.uk,1,7797
57582772,0.00922,lw_b11_24h,pminervi,r,08/19/2026,06:36:45,eddie@node1i07.ecdf.ed.ac.uk,1,7798
57582772,0.00922,lw_b11_24h,pminervi,r,08/19/2026,06:36:45,eddie@node1i06.ecdf.ed.ac.uk,1,7799
57582772,0.00922,lw_b11_24h,pminervi,r,08/19/2026,06:36:45,eddie@node1h24.ecdf.ed.ac.uk,1,7800
57582772,0.00922,lw_b11_24h,pminervi,r,08/19/2026,06:36:45,eddie@node1j28.ecdf.ed.ac.uk,1,7802
57582772,0.00922,lw_b11_24h,pminervi,r,08/19/2026,06:38:00,eddie@node1f06.ecdf.ed.ac.uk,1,7812
57582772,0.00922,lw_b11_24h,pminervi,r,08/19/2026,06:38:00,eddie@node1h14.ecdf.ed.ac.uk,1,7813
57582772,0.00922,lw_b11_24h,pminervi,r,08/19/2026,06:38:00,eddie@node1h08.ecdf.ed.ac.uk,1,7814
57582772,0.00922,lw_b11_24h,pminervi,r,08/19/2026,06:38:00,eddie@node1h05.ecdf.ed.ac.uk,1,7815
57582772,0.00922,lw_b11_24h,pminervi,r,08/19/2026,06:38:00,eddie@node1o08.ecdf.ed.ac.uk,1,7816
57582772,0.00922,lw_b11_24h,pminervi,r,08/19/2026,06:37:15,eddie@node1i15.ecdf.ed.ac.uk,1,7804
57582772,0.00922,lw_b11_24h,pminervi,r,08/19/2026,06:37:15,eddie@node1i15.ecdf.ed.ac.uk,1,7805
57582772,0.00922,lw_b11_24h,pminervi,r,08/19/2026,06:37:15,eddie@node1r17.ecdf.ed.ac.uk,1,7806
57582772,0.00922,lw_b11_24h,pminervi,r,08/19/2026,06:37:15,eddie@node1j25.ecdf.ed.ac.uk,1,7807
57582772,0.00922,lw_b11_24h,pminervi,r,08/19/2026,06:37:45,eddie@node1h10.ecdf.ed.ac.uk,1,7809
57582772,0.00922,lw_b11_24h,pminervi,r,08/19/2026,06:37:45,eddie@node1s17.ecdf.ed.ac.uk,1,7810
57582772,0.00922,lw_b11_24h,pminervi,r,08/19/2026,06:37:45,eddie@node1j26.ecdf.ed.ac.uk,1,7811
57582772,0.00922,lw_b11_24h,pminervi,r,08/19/2026,06:37:00,eddie@node1h09.ecdf.ed.ac.uk,1,7803
57582772,0.00922,lw_b11_24h,pminervi,r,08/19/2026,06:37:30,eddie@node1h14.ecdf.ed.ac.uk,1,7808
57582772,0.00922,lw_b11_24h,pminervi,r,08/19/2026,06:32:00,eddie@node1j25.ecdf.ed.ac.uk,1,7754
57582772,0.00922,lw_b11_24h,pminervi,r,08/19/2026,06:32:00,eddie@node1s17.ecdf.ed.ac.uk,1,7755
57582772,0.00922,lw_b11_24h,pminervi,r,08/19/2026,06:32:00,eddie@node1j27.ecdf.ed.ac.uk,1,7756
57582772,0.00922,lw_b11_24h,pminervi,r,08/19/2026,06:32:00,eddie@node1r17.ecdf.ed.ac.uk,1,7757
57582772,0.00922,lw_b11_24h,pminervi,r,08/19/2026,06:31:30,eddie@node1h13.ecdf.ed.ac.uk,1,7750
57582772,0.00922,lw_b11_24h,pminervi,r,08/19/2026,06:31:30,eddie@node1r12.ecdf.ed.ac.uk,1,7751
57582772,0.00922,lw_b11_24h,pminervi,r,08/19/2026,06:31:30,eddie@node1h08.ecdf.ed.ac.uk,1,7752
57582772,0.00922,lw_b11_24h,pminervi,r,08/19/2026,06:32:45,eddie@node1s14.ecdf.ed.ac.uk,1,7760
57582772,0.00922,lw_b11_24h,pminervi,r,08/19/2026,06:32:45,eddie@node1h21.ecdf.ed.ac.uk,1,7761
57582772,0.00922,lw_b11_24h,pminervi,r,08/19/2026,06:32:45,eddie@node1o10.ecdf.ed.ac.uk,1,7762
57582772,0.00922,lw_b11_24h,pminervi,r,08/19/2026,06:32:15,eddie@node1i06.ecdf.ed.ac.uk,1,7758
57582772,0.00922,lw_b11_24h,pminervi,r,08/19/2026,06:31:45,eddie@node1f06.ecdf.ed.ac.uk,1,7753
57582772,0.00922,lw_b11_24h,pminervi,r,08/19/2026,06:32:30,eddie@node1o09.ecdf.ed.ac.uk,1,7759
57582772,0.00922,lw_b11_24h,pminervi,r,08/19/2026,06:31:15,eddie@node1i06.ecdf.ed.ac.uk,1,7747
57582772,0.00922,lw_b11_24h,pminervi,r,08/19/2026,06:31:15,eddie@node1i06.ecdf.ed.ac.uk,1,7748
57582772,0.00922,lw_b11_24h,pminervi,r,08/19/2026,06:31:15,eddie@node1h21.ecdf.ed.ac.uk,1,7749
57582772,0.00922,lw_b11_24h,pminervi,r,08/19/2026,06:31:00,eddie@node1h10.ecdf.ed.ac.uk,1,7744
57582772,0.00922,lw_b11_24h,pminervi,r,08/19/2026,06:31:00,eddie@node1o11.ecdf.ed.ac.uk,1,7745
57582772,0.00922,lw_b11_24h,pminervi,r,08/19/2026,06:31:00,eddie@node1h09.ecdf.ed.ac.uk,1,7746
57582772,0.00921,lw_b11_24h,pminervi,r,08/19/2026,06:34:15,eddie@node1o11.ecdf.ed.ac.uk,1,7773
57582772,0.00921,lw_b11_24h,pminervi,r,08/19/2026,06:34:15,eddie@node1h13.ecdf.ed.ac.uk,1,7774
57582772,0.00921,lw_b11_24h,pminervi,r,08/19/2026,06:34:15,eddie@node1r12.ecdf.ed.ac.uk,1,7775
57582772,0.00921,lw_b11_24h,pminervi,r,08/19/2026,06:34:15,eddie@node1h09.ecdf.ed.ac.uk,1,7776
57582772,0.00921,lw_b11_24h,pminervi,r,08/19/2026,06:34:15,eddie@node1o10.ecdf.ed.ac.uk,1,7777
57582772,0.00921,lw_b11_24h,pminervi,r,08/19/2026,06:34:15,eddie@node1r17.ecdf.ed.ac.uk,1,7778
57582772,0.00921,lw_b11_24h,pminervi,r,08/19/2026,06:34:15,eddie@node1h10.ecdf.ed.ac.uk,1,7779
57582772,0.00921,lw_b11_24h,pminervi,r,08/19/2026,06:33:30,eddie@node1i14.ecdf.ed.ac.uk,1,7765
57582772,0.00921,lw_b11_24h,pminervi,r,08/19/2026,06:33:30,eddie@node1h09.ecdf.ed.ac.uk,1,7766
57582772,0.00921,lw_b11_24h,pminervi,r,08/19/2026,06:33:30,eddie@node1h10.ecdf.ed.ac.uk,1,7767
57582772,0.00921,lw_b11_24h,pminervi,r,08/19/2026,06:34:00,eddie@node1j25.ecdf.ed.ac.uk,1,7770
57582772,0.00921,lw_b11_24h,pminervi,r,08/19/2026,06:34:00,eddie@node1r19.ecdf.ed.ac.uk,1,7771
57582772,0.00921,lw_b11_24h,pminervi,r,08/19/2026,06:34:00,eddie@node1o09.ecdf.ed.ac.uk,1,7772
57582772,0.00921,lw_b11_24h,pminervi,r,08/19/2026,06:35:15,eddie@node1h08.ecdf.ed.ac.uk,1,7786
57582772,0.00921,lw_b11_24h,pminervi,r,08/19/2026,06:35:15,eddie@node1o09.ecdf.ed.ac.uk,1,7787
57582772,0.00921,lw_b11_24h,pminervi,r,08/19/2026,06:35:15,eddie@node1s14.ecdf.ed.ac.uk,1,7788
57582772,0.00921,lw_b11_24h,pminervi,r,08/19/2026,06:36:00,eddie@node1i16.ecdf.ed.ac.uk,1,7792
57582772,0.00921,lw_b11_24h,pminervi,r,08/19/2026,06:36:00,eddie@node1m14.ecdf.ed.ac.uk,1,7793
57582772,0.00921,lw_b11_24h,pminervi,r,08/19/2026,06:36:00,eddie@node1j27.ecdf.ed.ac.uk,1,7794
57582772,0.00921,lw_b11_24h,pminervi,r,08/19/2026,06:36:15,eddie@node1f13.ecdf.ed.ac.uk,1,7795
57582772,0.00921,lw_b11_24h,pminervi,r,08/19/2026,06:36:15,eddie@node1m14.ecdf.ed.ac.uk,1,7796
57582772,0.00921,lw_b11_24h,pminervi,r,08/19/2026,06:33:15,eddie@node1h14.ecdf.ed.ac.uk,1,7763
57582772,0.00921,lw_b11_24h,pminervi,r,08/19/2026,06:33:15,eddie@node1h08.ecdf.ed.ac.uk,1,7764
57582772,0.00921,lw_b11_24h,pminervi,r,08/19/2026,06:33:45,eddie@node1s14.ecdf.ed.ac.uk,1,7769
57582772,0.00921,lw_b11_24h,pminervi,r,08/19/2026,06:34:30,eddie@node1j28.ecdf.ed.ac.uk,1,7781
57582772,0.00921,lw_b11_24h,pminervi,r,08/19/2026,06:34:45,eddie@node1h14.ecdf.ed.ac.uk,1,7782
57582772,0.00921,lw_b11_24h,pminervi,r,08/19/2026,06:34:45,eddie@node1h21.ecdf.ed.ac.uk,1,7783
57582772,0.00921,lw_b11_24h,pminervi,r,08/19/2026,06:35:00,eddie@node1m14.ecdf.ed.ac.uk,1,7784
57582772,0.00921,lw_b11_24h,pminervi,r,08/19/2026,06:35:00,eddie@node1o11.ecdf.ed.ac.uk,1,7785
57582772,0.00921,lw_b11_24h,pminervi,r,08/19/2026,06:35:30,eddie@node1h13.ecdf.ed.ac.uk,1,7789
57582772,0.00921,lw_b11_24h,pminervi,r,08/19/2026,06:35:30,eddie@node1r12.ecdf.ed.ac.uk,1,7790
57582772,0.00921,lw_b11_24h,pminervi,r,08/19/2026,06:35:45,eddie@node1o10.ecdf.ed.ac.uk,1,7791
57582772,0.00921,lw_b11_24h,pminervi,r,08/19/2026,06:30:45,eddie@node1h21.ecdf.ed.ac.uk,1,7740
57582772,0.00921,lw_b11_24h,pminervi,r,08/19/2026,06:30:45,eddie@node1j25.ecdf.ed.ac.uk,1,7741
57582772,0.00921,lw_b11_24h,pminervi,r,08/19/2026,06:30:45,eddie@node1h08.ecdf.ed.ac.uk,1,7742
57582772,0.00921,lw_b11_24h,pminervi,r,08/19/2026,06:30:45,eddie@node1s17.ecdf.ed.ac.uk,1,7743
57582772,0.00921,lw_b11_24h,pminervi,r,08/19/2026,06:30:15,eddie@node1o11.ecdf.ed.ac.uk,1,7736
57582772,0.00921,lw_b11_24h,pminervi,r,08/19/2026,06:30:15,eddie@node1r12.ecdf.ed.ac.uk,1,7737
57582772,0.00921,lw_b11_24h,pminervi,r,08/19/2026,06:30:15,eddie@node1h09.ecdf.ed.ac.uk,1,7738
57582772,0.00921,lw_b11_24h,pminervi,r,08/19/2026,06:30:00,eddie@node1h13.ecdf.ed.ac.uk,1,7734
57582772,0.00921,lw_b11_24h,pminervi,r,08/19/2026,06:30:00,eddie@node1j27.ecdf.ed.ac.uk,1,7735
57582772,0.00921,lw_b11_24h,pminervi,r,08/19/2026,06:30:30,eddie@node1r17.ecdf.ed.ac.uk,1,7739
57582772,0.00921,lw_b11_24h,pminervi,r,08/19/2026,06:26:30,eddie@node1i15.ecdf.ed.ac.uk,1,7701
57582772,0.00921,lw_b11_24h,pminervi,r,08/19/2026,06:26:30,eddie@node1i02.ecdf.ed.ac.uk,1,7702
57582772,0.00921,lw_b11_24h,pminervi,r,08/19/2026,06:26:30,eddie@node1r17.ecdf.ed.ac.uk,1,7703
57582772,0.00921,lw_b11_24h,pminervi,r,08/19/2026,06:26:30,eddie@node1h09.ecdf.ed.ac.uk,1,7704
57582772,0.00921,lw_b11_24h,pminervi,r,08/19/2026,06:26:30,eddie@node1r12.ecdf.ed.ac.uk,1,7705
57582772,0.00921,lw_b11_24h,pminervi,r,08/19/2026,06:26:30,eddie@node1j25.ecdf.ed.ac.uk,1,7706
57582772,0.00921,lw_b11_24h,pminervi,r,08/19/2026,06:26:30,eddie@node1h13.ecdf.ed.ac.uk,1,7707
57582772,0.00921,lw_b11_24h,pminervi,r,08/19/2026,06:29:45,eddie@node1j25.ecdf.ed.ac.uk,1,7728
57582772,0.00921,lw_b11_24h,pminervi,r,08/19/2026,06:29:45,eddie@node1r17.ecdf.ed.ac.uk,1,7729
57582772,0.00921,lw_b11_24h,pminervi,r,08/19/2026,06:29:45,eddie@node1r12.ecdf.ed.ac.uk,1,7730
57582772,0.00921,lw_b11_24h,pminervi,r,08/19/2026,06:29:45,eddie@node1h09.ecdf.ed.ac.uk,1,7731
57582772,0.00921,lw_b11_24h,pminervi,r,08/19/2026,06:29:45,eddie@node1j27.ecdf.ed.ac.uk,1,7732
57582772,0.00921,lw_b11_24h,pminervi,r,08/19/2026,06:29:45,eddie@node1h10.ecdf.ed.ac.uk,1,7733
57582772,0.00921,lw_b11_24h,pminervi,r,08/19/2026,06:28:45,eddie@node1h13.ecdf.ed.ac.uk,1,7716
57582772,0.00921,lw_b11_24h,pminervi,r,08/19/2026,06:28:45,eddie@node1h09.ecdf.ed.ac.uk,1,7717
57582772,0.00921,lw_b11_24h,pminervi,r,08/19/2026,06:28:45,eddie@node1j25.ecdf.ed.ac.uk,1,7718
57582772,0.00921,lw_b11_24h,pminervi,r,08/19/2026,06:28:45,eddie@node1r17.ecdf.ed.ac.uk,1,7719
57582772,0.00921,lw_b11_24h,pminervi,r,08/19/2026,06:28:45,eddie@node1s17.ecdf.ed.ac.uk,1,7720
57582772,0.00921,lw_b11_24h,pminervi,r,08/19/2026,06:27:00,eddie@node1i06.ecdf.ed.ac.uk,1,7709
57582772,0.00921,lw_b11_24h,pminervi,r,08/19/2026,06:27:00,eddie@node1i06.ecdf.ed.ac.uk,1,7710
57582772,0.00921,lw_b11_24h,pminervi,r,08/19/2026,06:27:00,eddie@node1h10.ecdf.ed.ac.uk,1,7711
57582772,0.00921,lw_b11_24h,pminervi,r,08/19/2026,06:27:00,eddie@node1o11.ecdf.ed.ac.uk,1,7712
57582772,0.00921,lw_b11_24h,pminervi,r,08/19/2026,06:28:15,eddie@node1j27.ecdf.ed.ac.uk,1,7713
57582772,0.00921,lw_b11_24h,pminervi,r,08/19/2026,06:28:15,eddie@node1r19.ecdf.ed.ac.uk,1,7714
57582772,0.00921,lw_b11_24h,pminervi,r,08/19/2026,06:28:15,eddie@node1r12.ecdf.ed.ac.uk,1,7715
57582772,0.00921,lw_b11_24h,pminervi,r,08/19/2026,06:29:15,eddie@node1s17.ecdf.ed.ac.uk,1,7723
57582772,0.00921,lw_b11_24h,pminervi,r,08/19/2026,06:29:15,eddie@node1h10.ecdf.ed.ac.uk,1,7724
57582772,0.00921,lw_b11_24h,pminervi,r,08/19/2026,06:29:30,eddie@node1f08.ecdf.ed.ac.uk,1,7725
57582772,0.00921,lw_b11_24h,pminervi,r,08/19/2026,06:29:30,eddie@node1h13.ecdf.ed.ac.uk,1,7726
57582772,0.00921,lw_b11_24h,pminervi,r,08/19/2026,06:29:30,eddie@node1o11.ecdf.ed.ac.uk,1,7727
57582772,0.00921,lw_b11_24h,pminervi,r,08/19/2026,06:29:00,eddie@node1j27.ecdf.ed.ac.uk,1,7721
57582772,0.00921,lw_b11_24h,pminervi,r,08/19/2026,06:26:00,eddie@node1o11.ecdf.ed.ac.uk,1,7697
57582772,0.00921,lw_b11_24h,pminervi,r,08/19/2026,06:26:00,eddie@node1r19.ecdf.ed.ac.uk,1,7698
57582772,0.00921,lw_b11_24h,pminervi,r,08/19/2026,06:26:15,eddie@node1i02.ecdf.ed.ac.uk,1,7699
57582772,0.00921,lw_b11_24h,pminervi,r,08/19/2026,06:26:15,eddie@node1j27.ecdf.ed.ac.uk,1,7700
57582772,0.00921,lw_b11_24h,pminervi,r,08/19/2026,06:25:45,eddie@node1h10.ecdf.ed.ac.uk,1,7696
57582772,0.00921,lw_b11_24h,pminervi,r,08/19/2026,06:25:30,eddie@node1o11.ecdf.ed.ac.uk,1,7695
57582772,0.00921,lw_b11_24h,pminervi,r,08/19/2026,06:24:15,eddie@node1i16.ecdf.ed.ac.uk,1,7690
57582772,0.00921,lw_b11_24h,pminervi,r,08/19/2026,06:24:15,eddie@node1i16.ecdf.ed.ac.uk,1,7691
57582772,0.00921,lw_b11_24h,pminervi,r,08/19/2026,06:24:30,eddie@node1j27.ecdf.ed.ac.uk,1,7693
57582772,0.00921,lw_b11_24h,pminervi,r,08/19/2026,06:24:30,eddie@node1s17.ecdf.ed.ac.uk,1,7694
57582772,0.00921,lw_b11_24h,pminervi,r,08/19/2026,06:24:00,eddie@node1h10.ecdf.ed.ac.uk,1,7686
57582772,0.00921,lw_b11_24h,pminervi,r,08/19/2026,06:24:00,eddie@node1o07.ecdf.ed.ac.uk,1,7687
57582772,0.00921,lw_b11_24h,pminervi,r,08/19/2026,06:24:00,eddie@node1s17.ecdf.ed.ac.uk,1,7688
57582772,0.00921,lw_b11_24h,pminervi,r,08/19/2026,06:24:00,eddie@node1h10.ecdf.ed.ac.uk,1,7689
57582772,0.00921,lw_b11_24h,pminervi,r,08/19/2026,06:23:45,eddie@node1s17.ecdf.ed.ac.uk,1,7684
57582772,0.00921,lw_b11_24h,pminervi,r,08/19/2026,06:23:45,eddie@node1j27.ecdf.ed.ac.uk,1,7685
57582772,0.00921,lw_b11_24h,pminervi,r,08/19/2026,06:23:15,eddie@node1j27.ecdf.ed.ac.uk,1,7682
57582772,0.00921,lw_b11_24h,pminervi,r,08/19/2026,06:23:30,eddie@node1o07.ecdf.ed.ac.uk,1,7683
57582772,0.00921,lw_b11_24h,pminervi,r,08/19/2026,06:22:30,eddie@node1j27.ecdf.ed.ac.uk,1,7681
57582772,0.00921,lw_b11_24h,pminervi,r,08/19/2026,06:21:45,eddie@node1s17.ecdf.ed.ac.uk,1,7675
57582772,0.00921,lw_b11_24h,pminervi,r,08/19/2026,06:21:45,eddie@node1o07.ecdf.ed.ac.uk,1,7676
57582772,0.00921,lw_b11_24h,pminervi,r,08/19/2026,06:22:00,eddie@node1s17.ecdf.ed.ac.uk,1,7677
57582772,0.00921,lw_b11_24h,pminervi,r,08/19/2026,06:22:00,eddie@node1o07.ecdf.ed.ac.uk,1,7678
57582772,0.00921,lw_b11_24h,pminervi,r,08/19/2026,06:22:15,eddie@node1r19.ecdf.ed.ac.uk,1,7679
57582772,0.00921,lw_b11_24h,pminervi,r,08/19/2026,06:22:15,eddie@node1s17.ecdf.ed.ac.uk,1,7680
57582772,0.00920,lw_b11_24h,pminervi,r,08/19/2026,06:20:30,eddie@node1r19.ecdf.ed.ac.uk,1,7664
57582772,0.00920,lw_b11_24h,pminervi,r,08/19/2026,06:20:30,eddie@node1r19.ecdf.ed.ac.uk,1,7665
57582772,0.00920,lw_b11_24h,pminervi,r,08/19/2026,06:20:30,eddie@node1r19.ecdf.ed.ac.uk,1,7667
57582772,0.00920,lw_b11_24h,pminervi,r,08/19/2026,06:21:15,eddie@node1i07.ecdf.ed.ac.uk,1,7672
57582772,0.00920,lw_b11_24h,pminervi,r,08/19/2026,06:21:15,eddie@node1i07.ecdf.ed.ac.uk,1,7673
57582772,0.00920,lw_b11_24h,pminervi,r,08/19/2026,06:21:15,eddie@node1r19.ecdf.ed.ac.uk,1,7674
57582772,0.00920,lw_b11_24h,pminervi,r,08/19/2026,06:20:15,eddie@node1r19.ecdf.ed.ac.uk,1,7661
57582772,0.00920,lw_b11_24h,pminervi,r,08/19/2026,06:20:15,eddie@node1r19.ecdf.ed.ac.uk,1,7662
57582772,0.00920,lw_b11_24h,pminervi,r,08/19/2026,06:20:15,eddie@node1r19.ecdf.ed.ac.uk,1,7663
57582772,0.00920,lw_b11_24h,pminervi,r,08/19/2026,06:19:15,eddie@node1f15.ecdf.ed.ac.uk,1,7653
57582772,0.00920,lw_b11_24h,pminervi,r,08/19/2026,06:19:45,eddie@node1r19.ecdf.ed.ac.uk,1,7658
57582772,0.00920,lw_b11_24h,pminervi,r,08/19/2026,06:19:45,eddie@node1r19.ecdf.ed.ac.uk,1,7659
57582772,0.00920,lw_b11_24h,pminervi,r,08/19/2026,06:19:30,eddie@node1r19.ecdf.ed.ac.uk,1,7657
57582772,0.00920,lw_b11_24h,pminervi,r,08/19/2026,06:21:00,eddie@node1f09.ecdf.ed.ac.uk,1,7670
57582772,0.00920,lw_b11_24h,pminervi,r,08/19/2026,06:21:00,eddie@node1r19.ecdf.ed.ac.uk,1,7671
57582772,0.00920,lw_b11_24h,pminervi,r,08/19/2026,06:20:00,eddie@node1r19.ecdf.ed.ac.uk,1,7660
57582772,0.00920,lw_b11_24h,pminervi,r,08/19/2026,06:18:45,eddie@node1h22.ecdf.ed.ac.uk,1,7644
57582772,0.00920,lw_b11_24h,pminervi,r,08/19/2026,06:18:45,eddie@node1h22.ecdf.ed.ac.uk,1,7645
57582772,0.00920,lw_b11_24h,pminervi,r,08/19/2026,06:18:45,eddie@node1h22.ecdf.ed.ac.uk,1,7646
57582772,0.00920,lw_b11_24h,pminervi,r,08/19/2026,06:18:45,eddie@node1h22.ecdf.ed.ac.uk,1,7647
57582772,0.00920,lw_b11_24h,pminervi,r,08/19/2026,06:18:45,eddie@node1h22.ecdf.ed.ac.uk,1,7648
57582772,0.00920,lw_b11_24h,pminervi,r,08/19/2026,06:19:00,eddie@node1r19.ecdf.ed.ac.uk,1,7652
57582772,0.00920,lw_b11_24h,pminervi,r,08/19/2026,06:18:30,eddie@node1h22.ecdf.ed.ac.uk,1,7637
57582772,0.00920,lw_b11_24h,pminervi,r,08/19/2026,06:18:30,eddie@node1h22.ecdf.ed.ac.uk,1,7638
57582772,0.00920,lw_b11_24h,pminervi,r,08/19/2026,06:18:30,eddie@node1h22.ecdf.ed.ac.uk,1,7639
57582772,0.00920,lw_b11_24h,pminervi,r,08/19/2026,06:18:30,eddie@node1h22.ecdf.ed.ac.uk,1,7640
57582772,0.00920,lw_b11_24h,pminervi,r,08/19/2026,06:18:30,eddie@node1h22.ecdf.ed.ac.uk,1,7641
57582772,0.00920,lw_b11_24h,pminervi,r,08/19/2026,06:18:30,eddie@node1h22.ecdf.ed.ac.uk,1,7642
57582772,0.00920,lw_b11_24h,pminervi,r,08/19/2026,06:18:30,eddie@node1h22.ecdf.ed.ac.uk,1,7643
57582772,0.00920,lw_b11_24h,pminervi,r,08/19/2026,06:16:45,eddie@node1f08.ecdf.ed.ac.uk,1,7621
57582772,0.00920,lw_b11_24h,pminervi,r,08/19/2026,06:16:45,eddie@node1f08.ecdf.ed.ac.uk,1,7622
57582772,0.00920,lw_b11_24h,pminervi,r,08/19/2026,06:16:45,eddie@node1h22.ecdf.ed.ac.uk,1,7623
57582772,0.00920,lw_b11_24h,pminervi,r,08/19/2026,06:16:45,eddie@node1h22.ecdf.ed.ac.uk,1,7624
57582772,0.00920,lw_b11_24h,pminervi,r,08/19/2026,06:16:45,eddie@node1h22.ecdf.ed.ac.uk,1,7625
57582772,0.00920,lw_b11_24h,pminervi,r,08/19/2026,06:17:15,eddie@node1h22.ecdf.ed.ac.uk,1,7628
57582772,0.00920,lw_b11_24h,pminervi,r,08/19/2026,06:17:15,eddie@node1h22.ecdf.ed.ac.uk,1,7629
57582772,0.00920,lw_b11_24h,pminervi,r,08/19/2026,06:17:15,eddie@node1h22.ecdf.ed.ac.uk,1,7630
57582772,0.00920,lw_b11_24h,pminervi,r,08/19/2026,06:16:00,eddie@node1i06.ecdf.ed.ac.uk,1,7613
57582772,0.00920,lw_b11_24h,pminervi,r,08/19/2026,06:16:00,eddie@node1h22.ecdf.ed.ac.uk,1,7615
57582772,0.00920,lw_b11_24h,pminervi,r,08/19/2026,06:16:30,eddie@node1h22.ecdf.ed.ac.uk,1,7618
57582772,0.00920,lw_b11_24h,pminervi,r,08/19/2026,06:16:30,eddie@node1h22.ecdf.ed.ac.uk,1,7619
57582772,0.00920,lw_b11_24h,pminervi,r,08/19/2026,06:16:30,eddie@node1h22.ecdf.ed.ac.uk,1,7620
57582772,0.00920,lw_b11_24h,pminervi,r,08/19/2026,06:17:45,eddie@node1h22.ecdf.ed.ac.uk,1,7632
57582772,0.00920,lw_b11_24h,pminervi,r,08/19/2026,06:17:45,eddie@node1h22.ecdf.ed.ac.uk,1,7633
57582772,0.00920,lw_b11_24h,pminervi,r,08/19/2026,06:18:00,eddie@node1h22.ecdf.ed.ac.uk,1,7634
57582772,0.00920,lw_b11_24h,pminervi,r,08/19/2026,06:18:00,eddie@node1h22.ecdf.ed.ac.uk,1,7635
57582772,0.00920,lw_b11_24h,pminervi,r,08/19/2026,06:16:15,eddie@node1h22.ecdf.ed.ac.uk,1,7616
57582772,0.00920,lw_b11_24h,pminervi,r,08/19/2026,06:16:15,eddie@node1h22.ecdf.ed.ac.uk,1,7617
57582772,0.00920,lw_b11_24h,pminervi,r,08/19/2026,06:17:00,eddie@node1h22.ecdf.ed.ac.uk,1,7626
57582772,0.00920,lw_b11_24h,pminervi,r,08/19/2026,06:17:00,eddie@node1h22.ecdf.ed.ac.uk,1,7627
57582772,0.00920,lw_b11_24h,pminervi,r,08/19/2026,06:18:15,eddie@node1h22.ecdf.ed.ac.uk,1,7636
57582772,0.00920,lw_b11_24h,pminervi,r,08/19/2026,06:12:00,eddie@node1i03.ecdf.ed.ac.uk,1,7570
57582772,0.00920,lw_b11_24h,pminervi,r,08/19/2026,06:12:00,eddie@node1f12.ecdf.ed.ac.uk,1,7571
57582772,0.00920,lw_b11_24h,pminervi,r,08/19/2026,06:12:00,eddie@node1f08.ecdf.ed.ac.uk,1,7572
57582772,0.00920,lw_b11_24h,pminervi,r,08/19/2026,06:12:00,eddie@node1i06.ecdf.ed.ac.uk,1,7573
57582772,0.00920,lw_b11_24h,pminervi,r,08/19/2026,06:11:30,eddie@node1i14.ecdf.ed.ac.uk,1,7565
57582772,0.00920,lw_b11_24h,pminervi,r,08/19/2026,06:11:30,eddie@node1i03.ecdf.ed.ac.uk,1,7566
57582772,0.00920,lw_b11_24h,pminervi,r,08/19/2026,06:11:30,eddie@node1f09.ecdf.ed.ac.uk,1,7567
57582772,0.00920,lw_b11_24h,pminervi,r,08/19/2026,06:11:30,eddie@node1f08.ecdf.ed.ac.uk,1,7568
57582772,0.00920,lw_b11_24h,pminervi,r,08/19/2026,06:10:15,eddie@node1f13.ecdf.ed.ac.uk,1,7559
57582772,0.00920,lw_b11_24h,pminervi,r,08/19/2026,06:10:15,eddie@node1f12.ecdf.ed.ac.uk,1,7560
57582772,0.00920,lw_b11_24h,pminervi,r,08/19/2026,06:10:15,eddie@node1i03.ecdf.ed.ac.uk,1,7561
57582772,0.00920,lw_b11_24h,pminervi,r,08/19/2026,06:12:45,eddie@node1f10.ecdf.ed.ac.uk,1,7578
57582772,0.00920,lw_b11_24h,pminervi,r,08/19/2026,06:10:30,eddie@node1i07.ecdf.ed.ac.uk,1,7562
57582772,0.00920,lw_b11_24h,pminervi,r,08/19/2026,06:10:30,eddie@node1i13.ecdf.ed.ac.uk,1,7563
57582772,0.00920,lw_b11_24h,pminervi,r,08/19/2026,06:12:30,eddie@node1f12.ecdf.ed.ac.uk,1,7576
57582772,0.00920,lw_b11_24h,pminervi,r,08/19/2026,06:12:30,eddie@node1f12.ecdf.ed.ac.uk,1,7577
57582772,0.00920,lw_b11_24h,pminervi,r,08/19/2026,06:10:00,eddie@node1f09.ecdf.ed.ac.uk,1,7558
57582772,0.00920,lw_b11_24h,pminervi,r,08/19/2026,06:11:15,eddie@node1f08.ecdf.ed.ac.uk,1,7564
57582772,0.00920,lw_b11_24h,pminervi,r,08/19/2026,06:11:45,eddie@node1i14.ecdf.ed.ac.uk,1,7569
57582772,0.00920,lw_b11_24h,pminervi,r,08/19/2026,06:12:15,eddie@node1n07.ecdf.ed.ac.uk,1,7575
57582772,0.00920,lw_b11_24h,pminervi,r,08/19/2026,06:08:45,eddie@node1f07.ecdf.ed.ac.uk,1,7552
57582772,0.00920,lw_b11_24h,pminervi,r,08/19/2026,06:08:45,eddie@node1i16.ecdf.ed.ac.uk,1,7553
57582772,0.00920,lw_b11_24h,pminervi,r,08/19/2026,06:09:30,eddie@node1i14.ecdf.ed.ac.uk,1,7556
57582772,0.00920,lw_b11_24h,pminervi,r,08/19/2026,06:09:30,eddie@node1i03.ecdf.ed.ac.uk,1,7557
57582772,0.00920,lw_b11_24h,pminervi,r,08/19/2026,06:09:00,eddie@node1f16.ecdf.ed.ac.uk,1,7554
57582772,0.00920,lw_b11_24h,pminervi,r,08/19/2026,06:09:15,eddie@node1i02.ecdf.ed.ac.uk,1,7555
57582772,0.00920,lw_b11_24h,pminervi,r,08/19/2026,06:08:15,eddie@node1i14.ecdf.ed.ac.uk,1,7551
57582772,0.00920,lw_b11_24h,pminervi,r,08/19/2026,06:07:45,eddie@node1f09.ecdf.ed.ac.uk,1,7545
57582772,0.00920,lw_b11_24h,pminervi,r,08/19/2026,06:07:45,eddie@node1f11.ecdf.ed.ac.uk,1,7546
57582772,0.00920,lw_b11_24h,pminervi,r,08/19/2026,06:07:45,eddie@node1i15.ecdf.ed.ac.uk,1,7547
57582772,0.00920,lw_b11_24h,pminervi,r,08/19/2026,06:07:45,eddie@node1i07.ecdf.ed.ac.uk,1,7548
57582772,0.00920,lw_b11_24h,pminervi,r,08/19/2026,06:07:45,eddie@node1i03.ecdf.ed.ac.uk,1,7549
57582772,0.00920,lw_b11_24h,pminervi,r,08/19/2026,06:07:45,eddie@node1f10.ecdf.ed.ac.uk,1,7550
57582772,0.00920,lw_b11_24h,pminervi,r,08/19/2026,06:07:15,eddie@node1i16.ecdf.ed.ac.uk,1,7541
57582772,0.00920,lw_b11_24h,pminervi,r,08/19/2026,06:07:15,eddie@node1i14.ecdf.ed.ac.uk,1,7542
57582772,0.00920,lw_b11_24h,pminervi,r,08/19/2026,06:06:30,eddie@node1f09.ecdf.ed.ac.uk,1,7537
57582772,0.00920,lw_b11_24h,pminervi,r,08/19/2026,06:06:30,eddie@node1i14.ecdf.ed.ac.uk,1,7538
57582772,0.00920,lw_b11_24h,pminervi,r,08/19/2026,06:07:00,eddie@node1f12.ecdf.ed.ac.uk,1,7539
57582772,0.00920,lw_b11_24h,pminervi,r,08/19/2026,06:07:00,eddie@node1i07.ecdf.ed.ac.uk,1,7540
57582772,0.00920,lw_b11_24h,pminervi,r,08/19/2026,06:07:30,eddie@node1i13.ecdf.ed.ac.uk,1,7543
57582772,0.00920,lw_b11_24h,pminervi,r,08/19/2026,06:07:30,eddie@node1f13.ecdf.ed.ac.uk,1,7544
57582772,0.00920,lw_b11_24h,pminervi,r,08/19/2026,06:05:00,eddie@node1i16.ecdf.ed.ac.uk,1,7525
57582772,0.00920,lw_b11_24h,pminervi,r,08/19/2026,06:05:00,eddie@node1f12.ecdf.ed.ac.uk,1,7526
57582772,0.00920,lw_b11_24h,pminervi,r,08/19/2026,06:05:00,eddie@node1f13.ecdf.ed.ac.uk,1,7527
57582772,0.00920,lw_b11_24h,pminervi,r,08/19/2026,06:05:00,eddie@node1i13.ecdf.ed.ac.uk,1,7528
57582772,0.00920,lw_b11_24h,pminervi,r,08/19/2026,06:05:30,eddie@node1f15.ecdf.ed.ac.uk,1,7530
57582772,0.00920,lw_b11_24h,pminervi,r,08/19/2026,06:05:30,eddie@node1f09.ecdf.ed.ac.uk,1,7531
57582772,0.00920,lw_b11_24h,pminervi,r,08/19/2026,06:05:30,eddie@node1f10.ecdf.ed.ac.uk,1,7532
57582772,0.00920,lw_b11_24h,pminervi,r,08/19/2026,06:05:30,eddie@node1i07.ecdf.ed.ac.uk,1,7533
57582772,0.00920,lw_b11_24h,pminervi,r,08/19/2026,06:04:30,eddie@node1f11.ecdf.ed.ac.uk,1,7522
57582772,0.00920,lw_b11_24h,pminervi,r,08/19/2026,06:04:30,eddie@node1i02.ecdf.ed.ac.uk,1,7523
57582772,0.00920,lw_b11_24h,pminervi,r,08/19/2026,06:06:15,eddie@node1i14.ecdf.ed.ac.uk,1,7535
57582772,0.00920,lw_b11_24h,pminervi,r,08/19/2026,06:06:15,eddie@node1f07.ecdf.ed.ac.uk,1,7536
57582772,0.00920,lw_b11_24h,pminervi,r,08/19/2026,06:04:45,eddie@node1f09.ecdf.ed.ac.uk,1,7524
57582772,0.00920,lw_b11_24h,pminervi,r,08/19/2026,06:05:15,eddie@node1i15.ecdf.ed.ac.uk,1,7529
57582772,0.00920,lw_b11_24h,pminervi,r,08/19/2026,06:06:00,eddie@node1i03.ecdf.ed.ac.uk,1,7534
57582772,0.00919,lw_b11_24h,pminervi,r,08/19/2026,06:01:43,eddie@node1f11.ecdf.ed.ac.uk,1,7503
57582772,0.00919,lw_b11_24h,pminervi,r,08/19/2026,06:01:43,eddie@node1f13.ecdf.ed.ac.uk,1,7504
57582772,0.00919,lw_b11_24h,pminervi,r,08/19/2026,06:01:43,eddie@node1i15.ecdf.ed.ac.uk,1,7505
57582772,0.00919,lw_b11_24h,pminervi,r,08/19/2026,06:02:13,eddie@node1i16.ecdf.ed.ac.uk,1,7507
57582772,0.00919,lw_b11_24h,pminervi,r,08/19/2026,06:02:13,eddie@node1i03.ecdf.ed.ac.uk,1,7508
57582772,0.00919,lw_b11_24h,pminervi,r,08/19/2026,06:02:13,eddie@node1i07.ecdf.ed.ac.uk,1,7509
57582772,0.00919,lw_b11_24h,pminervi,r,08/19/2026,06:02:43,eddie@node1i16.ecdf.ed.ac.uk,1,7511
57582772,0.00919,lw_b11_24h,pminervi,r,08/19/2026,06:02:43,eddie@node1f10.ecdf.ed.ac.uk,1,7512
57582772,0.00919,lw_b11_24h,pminervi,r,08/19/2026,06:02:43,eddie@node1f09.ecdf.ed.ac.uk,1,7513
57582772,0.00919,lw_b11_24h,pminervi,r,08/19/2026,06:01:28,eddie@node1i07.ecdf.ed.ac.uk,1,7500
57582772,0.00919,lw_b11_24h,pminervi,r,08/19/2026,06:01:28,eddie@node1f09.ecdf.ed.ac.uk,1,7501
57582772,0.00919,lw_b11_24h,pminervi,r,08/19/2026,06:01:28,eddie@node1f07.ecdf.ed.ac.uk,1,7502
57582772,0.00919,lw_b11_24h,pminervi,r,08/19/2026,06:01:58,eddie@node1f10.ecdf.ed.ac.uk,1,7506
57582772,0.00919,lw_b11_24h,pminervi,r,08/19/2026,06:02:28,eddie@node1i02.ecdf.ed.ac.uk,1,7510
57582772,0.00919,lw_b11_24h,pminervi,r,08/19/2026,06:02:58,eddie@node1f12.ecdf.ed.ac.uk,1,7514
57582772,0.00919,lw_b11_24h,pminervi,r,08/19/2026,06:03:13,eddie@node1f11.ecdf.ed.ac.uk,1,7515
57582772,0.00919,lw_b11_24h,pminervi,r,08/19/2026,06:04:15,eddie@node1i13.ecdf.ed.ac.uk,1,7518
57582772,0.00919,lw_b11_24h,pminervi,r,08/19/2026,06:04:15,eddie@node1i03.ecdf.ed.ac.uk,1,7519
57582772,0.00919,lw_b11_24h,pminervi,r,08/19/2026,06:04:15,eddie@node1i07.ecdf.ed.ac.uk,1,7520
57582772,0.00919,lw_b11_24h,pminervi,r,08/19/2026,06:04:15,eddie@node1f07.ecdf.ed.ac.uk,1,7521
57582772,0.00919,lw_b11_24h,pminervi,r,08/19/2026,05:56:43,eddie@node1i02.ecdf.ed.ac.uk,1,7474
57582772,0.00919,lw_b11_24h,pminervi,r,08/19/2026,05:56:43,eddie@node1f11.ecdf.ed.ac.uk,1,7475
57582772,0.00919,lw_b11_24h,pminervi,r,08/19/2026,05:56:43,eddie@node1f13.ecdf.ed.ac.uk,1,7476
57582772,0.00919,lw_b11_24h,pminervi,r,08/19/2026,05:56:43,eddie@node1f10.ecdf.ed.ac.uk,1,7477
57582772,0.00919,lw_b11_24h,pminervi,r,08/19/2026,05:56:28,eddie@node1i02.ecdf.ed.ac.uk,1,7471
57582772,0.00919,lw_b11_24h,pminervi,r,08/19/2026,05:56:28,eddie@node1i02.ecdf.ed.ac.uk,1,7472
57582772,0.00919,lw_b11_24h,pminervi,r,08/19/2026,05:56:28,eddie@node1f11.ecdf.ed.ac.uk,1,7473
57582772,0.00919,lw_b11_24h,pminervi,r,08/19/2026,06:00:13,eddie@node1f11.ecdf.ed.ac.uk,1,7493
57582772,0.00919,lw_b11_24h,pminervi,r,08/19/2026,06:00:13,eddie@node1i15.ecdf.ed.ac.uk,1,7494
57582772,0.00919,lw_b11_24h,pminervi,r,08/19/2026,06:00:13,eddie@node1f10.ecdf.ed.ac.uk,1,7495
57582772,0.00919,lw_b11_24h,pminervi,r,08/19/2026,05:56:58,eddie@node1i02.ecdf.ed.ac.uk,1,7478
57582772,0.00919,lw_b11_24h,pminervi,r,08/19/2026,05:56:58,eddie@node1f11.ecdf.ed.ac.uk,1,7479
57582772,0.00919,lw_b11_24h,pminervi,r,08/19/2026,05:56:58,eddie@node1i15.ecdf.ed.ac.uk,1,7480
57582772,0.00919,lw_b11_24h,pminervi,r,08/19/2026,05:59:58,eddie@node1f13.ecdf.ed.ac.uk,1,7491
57582772,0.00919,lw_b11_24h,pminervi,r,08/19/2026,05:59:58,eddie@node1f07.ecdf.ed.ac.uk,1,7492
57582772,0.00919,lw_b11_24h,pminervi,r,08/19/2026,05:57:43,eddie@node1f13.ecdf.ed.ac.uk,1,7482
57582772,0.00919,lw_b11_24h,pminervi,r,08/19/2026,05:57:43,eddie@node1f11.ecdf.ed.ac.uk,1,7483
57582772,0.00919,lw_b11_24h,pminervi,r,08/19/2026,05:59:28,eddie@node1f07.ecdf.ed.ac.uk,1,7489
57582772,0.00919,lw_b11_24h,pminervi,r,08/19/2026,05:59:28,eddie@node1i03.ecdf.ed.ac.uk,1,7490
57582772,0.00919,lw_b11_24h,pminervi,r,08/19/2026,06:01:13,eddie@node1f06.ecdf.ed.ac.uk,1,7498
57582772,0.00919,lw_b11_24h,pminervi,r,08/19/2026,06:01:13,eddie@node1i02.ecdf.ed.ac.uk,1,7499
57582772,0.00919,lw_b11_24h,pminervi,r,08/19/2026,06:03:45,eddie@node1f13.ecdf.ed.ac.uk,1,7516
57582772,0.00919,lw_b11_24h,pminervi,r,08/19/2026,06:03:45,eddie@node1i15.ecdf.ed.ac.uk,1,7517
57582772,0.00919,lw_b11_24h,pminervi,r,08/19/2026,05:58:28,eddie@node1f10.ecdf.ed.ac.uk,1,7486
57582772,0.00919,lw_b11_24h,pminervi,r,08/19/2026,05:58:28,eddie@node1f11.ecdf.ed.ac.uk,1,7487
57582772,0.00919,lw_b11_24h,pminervi,r,08/19/2026,06:00:28,eddie@node1i03.ecdf.ed.ac.uk,1,7496
57582772,0.00919,lw_b11_24h,pminervi,r,08/19/2026,05:54:58,eddie@node1f15.ecdf.ed.ac.uk,1,7468
57582772,0.00919,lw_b11_24h,pminervi,r,08/19/2026,05:55:28,eddie@node1f16.ecdf.ed.ac.uk,1,7470
57582772,0.00919,lw_b11_24h,pminervi,r,08/19/2026,05:58:13,eddie@node1i15.ecdf.ed.ac.uk,1,7485
57582772,0.00919,lw_b11_24h,pminervi,r,08/19/2026,06:00:43,eddie@node1f13.ecdf.ed.ac.uk,1,7497
57582772,0.00919,lw_b11_24h,pminervi,r,08/19/2026,05:55:13,eddie@node1f15.ecdf.ed.ac.uk,1,7469
57582772,0.00919,lw_b11_24h,pminervi,r,08/19/2026,05:57:28,eddie@node1f10.ecdf.ed.ac.uk,1,7481
57582772,0.00919,lw_b11_24h,pminervi,r,08/19/2026,05:57:58,eddie@node1i02.ecdf.ed.ac.uk,1,7484
57582772,0.00919,lw_b11_24h,pminervi,r,08/19/2026,05:59:13,eddie@node1f13.ecdf.ed.ac.uk,1,7488
57725185,0.00917,Kirsty_Abu,s1626483,r,08/19/2026,11:49:12,eddie@node1r17.ecdf.ed.ac.uk,16
57729320,0.00861,twoabentst,mcross2,r,08/19/2026,11:58:58,eddie@node1s19.ecdf.ed.ac.uk,8
57762831,0.00857,QLOGIN,dzhiguno,r,08/20/2026,12:14:33,eddie@node1j15.ecdf.ed.ac.uk,32
57735356,0.00812,QLOGIN,psmith20,r,08/19/2026,14:27:02,eddie@node1j14.ecdf.ed.ac.uk,1
57760659,0.00806,QLOGIN,s2589227,r,08/20/2026,11:11:08,eddie@node1j24.ecdf.ed.ac.uk,1
57760962,0.00781,QLOGIN,s1896224,r,08/20/2026,11:29:51,staging@node1f17.ecdf.ed.ac.uk,1
57761634,0.00770,QLOGIN,s3038352,r,08/20/2026,12:02:46,igmm_long@node1h02.ecdf.ed.ac.,1
57761255,0.00770,b_epoch_tr,s2719294,r,08/20/2026,11:42:02,eddie@node1q04.ecdf.ed.ac.uk,1
57761292,0.00770,QLOGIN,s2170926,r,08/20/2026,11:45:28,eddie@node1j24.ecdf.ed.ac.uk,1
57762908,0.00764,bindcraft_,s2455959,r,08/20/2026,12:30:01,gpu@node1o01.ecdf.ed.ac.uk,4
57738859,0.00764,QLOGIN,s1835145,r,08/19/2026,15:36:53,eddie@node1j14.ecdf.ed.ac.uk,4
57738379,0.00763,power_rsc_,ajonausk,r,08/19/2026,15:33:39,eddie@node1r14.ecdf.ed.ac.uk,1
57761476,0.00758,QLOGIN,s2446399,r,08/20/2026,11:53:05,eddie@node1j24.ecdf.ed.ac.uk,1
57762864,0.00758,SegB,s2465418,r,08/20/2026,12:22:00,eddie@node1q12.ecdf.ed.ac.uk,1
57743575,0.00755,r2dell,telahma,r,08/19/2026,16:56:29,eddie@node1n11.ecdf.ed.ac.uk,1
57763005,0.00741,R,v1ybhak,r,08/20/2026,12:52:55,eddie@node1j24.ecdf.ed.ac.uk,1
57710703,0.00739,QLOGIN,s2113174,r,08/18/2026,16:47:47,eddie@node1j15.ecdf.ed.ac.uk,1
57763011,0.00736,QLOGIN,pstekete,r,08/20/2026,12:55:42,staging@node1f14.ecdf.ed.ac.uk,1
57747007,0.00730,P4,s2594881,r,08/19/2026,17:00:58,gpu@node1q08.ecdf.ed.ac.uk,1
57747137,0.00725,r_512_d_1d,sbenavid,r,08/19/2026,17:05:51,gpu@node1g02.ecdf.ed.ac.uk,1
57722549,0.00692,autoep_can,mharvey2,r,08/20/2026,07:36:31,gpu@node1o01.ecdf.ed.ac.uk,1,5
57626796,0.00689,Ti4O8-C12-,s1829244,r,08/18/2026,04:54:10,eddie@node1k13.ecdf.ed.ac.uk,2
57763189,0.00676,kalerax_te,s2428892,r,08/20/2026,13:32:48,eddie@node1t01.ecdf.ed.ac.uk,32
57626814,0.00666,Ti4O8-C12-,s1829244,r,08/18/2026,05:39:55,eddie@node1k13.ecdf.ed.ac.uk,2
57626819,0.00654,Ti4O8-C12-,s1829244,r,08/18/2026,07:53:17,eddie@node1k18.ecdf.ed.ac.uk,2
57754698,0.00623,inward-r2,s2198147,r,08/19/2026,23:20:12,gpu@node1s04.ecdf.ed.ac.uk,24,1
57755663,0.00610,pggb_testE,tregan,r,08/20/2026,09:39:24,eddie@node1l04.ecdf.ed.ac.uk,16
57653359,0.00610,sftp_downl,alopezc3,r,08/14/2026,10:36:22,eddie@node1k15.ecdf.ed.ac.uk,1
57769283,0.00605,QLOGIN,s2441782,r,08/20/2026,14:32:46,eddie@node1j14.ecdf.ed.ac.uk,24
57755630,0.00588,gssn16,s1833252,r,08/20/2026,09:33:42,eddie@node1h12.ecdf.ed.ac.uk,14
57756087,0.00586,cached_lfs,s1903776,r,08/20/2026,10:04:45,eddie@node1j07.ecdf.ed.ac.uk,20
57755399,0.00577,nf-runDora,hdunnda,r,08/20/2026,08:57:26,gpu@node1p06.ecdf.ed.ac.uk,4
57770026,0.00564,gradient_b,s2225754,r,08/20/2026,14:45:57,eddie@node1h21.ecdf.ed.ac.uk,4
57763196,0.00560,cellbender,s2715393,r,08/20/2026,13:37:59,gpu@node1o02.ecdf.ed.ac.uk,4,1
57763180,0.00557,QLOGIN,barendar,r,08/20/2026,13:28:03,eddie@node1j24.ecdf.ed.ac.uk,1
57766064,0.00556,QLOGIN,s2054134,r,08/20/2026,14:05:02,eddie@node1j24.ecdf.ed.ac.uk,4
57763182,0.00553,QLOGIN,nfeeley,r,08/20/2026,13:29:40,staging@node1f17.ecdf.ed.ac.uk,1
57765514,0.00553,QLOGIN,s1844143,r,08/20/2026,13:57:53,eddie@node1j24.ecdf.ed.ac.uk,1
57765766,0.00552,QLOGIN,s2344995,r,08/20/2026,14:01:46,eddie@node1j24.ecdf.ed.ac.uk,1
57755827,0.00551,humann4,npeker,r,08/20/2026,10:01:48,eddie@node1g08.ecdf.ed.ac.uk,8,1
57763763,0.00548,QLOGIN,s2569857,r,08/20/2026,13:43:35,eddie@node1j24.ecdf.ed.ac.uk,1
57722434,0.00544,QLOGIN,cmullen2,r,08/19/2026,06:03:15,eddie@node1j14.ecdf.ed.ac.uk,4
57766273,0.00544,QLOGIN,s2595589,r,08/20/2026,14:06:48,staging@node1f17.ecdf.ed.ac.uk,1
57763123,0.00544,QLOGIN,s2744405,r,08/20/2026,13:13:35,eddie@node1j24.ecdf.ed.ac.uk,1
57754494,0.00539,QLOGIN,s1835145,r,08/19/2026,22:17:03,eddie@node1j24.ecdf.ed.ac.uk,4
57766474,0.00536,haec_train,s2520601,r,08/20/2026,14:08:24,gpu@node1s04.ecdf.ed.ac.uk,1
57731200,0.00530,miniseed_c,lzhu4,r,08/19/2026,13:37:42,eddie@node1j26.ecdf.ed.ac.uk,32
57757351,0.00526,nf-NFCORE_,s1744040,r,08/20/2026,10:11:24,eddie@node1j08.ecdf.ed.ac.uk,8
57767491,0.00526,trim_galor,s2742483,r,08/20/2026,14:16:53,eddie@node1j04.ecdf.ed.ac.uk,4,1
57381920,0.00525,QLOGIN,crobert,r,08/03/2026,11:33:36,eddie@node1i24.ecdf.ed.ac.uk,1
57767178,0.00523,ce1,gs08ad1,r,08/20/2026,14:33:18,eddie@node1l18.ecdf.ed.ac.uk,1
57760076,0.00523,QLOGIN,s2309496,r,08/20/2026,10:28:54,eddie@node1j24.ecdf.ed.ac.uk,8
57768289,0.00511,QLOGIN,dmccormi,r,08/20/2026,14:25:02,staging@node1f17.ecdf.ed.ac.uk,1
57767837,0.00507,QLOGIN,astolicy,r,08/20/2026,14:20:18,eddie@node1j24.ecdf.ed.ac.uk,1
57759008,0.00495,QLOGIN,s2568256,r,08/20/2026,10:21:21,eddie@node1j15.ecdf.ed.ac.uk,1
57653208,0.00493,Ti4O8-C12-,s1829244,r,08/18/2026,09:08:29,eddie@node1n07.ecdf.ed.ac.uk,2
57760316,0.00492,NBE_4kappa,jricha3,r,08/20/2026,10:53:45,gpu@node1s04.ecdf.ed.ac.uk,4
57656292,0.00491,S0_20_vf_5,adixon3,r,08/18/2026,17:13:24,gpu@node1p05.ecdf.ed.ac.uk,1
57660905,0.00487,snakemake,rroehe,r,08/18/2026,22:58:39,eddie@node1s10.ecdf.ed.ac.uk,8,11
57725187,0.00483,Kirsty_PAs,s1626483,r,08/19/2026,11:54:00,eddie@node1l06.ecdf.ed.ac.uk,16
57656253,0.00481,S0_40_vf_5,adixon3,r,08/18/2026,17:04:19,gpu@node1o17.ecdf.ed.ac.uk,1
57656304,0.00475,S0_20_vf_5,adixon3,r,08/18/2026,17:17:25,gpu@node1r03.ecdf.ed.ac.uk,1
57656283,0.00475,S0_20_vf_5,adixon3,r,08/18/2026,17:10:09,gpu@node1s05.ecdf.ed.ac.uk,1
57656282,0.00475,S0_20_vf_5,adixon3,r,08/18/2026,17:09:54,gpu@node1r02.ecdf.ed.ac.uk,1
57656284,0.00475,S0_20_vf_5,adixon3,r,08/18/2026,17:10:39,gpu@node1r02.ecdf.ed.ac.uk,1
57656252,0.00474,S0_40_vf_5,adixon3,r,08/18/2026,17:03:49,gpu@node1p07.ecdf.ed.ac.uk,1
57656314,0.00474,S0_20_vf_5,adixon3,r,08/18/2026,17:22:16,gpu@node1r02.ecdf.ed.ac.uk,1
57656313,0.00474,S0_20_vf_5,adixon3,r,08/18/2026,17:21:46,gpu@node1o17.ecdf.ed.ac.uk,1
57656312,0.00474,S0_20_vf_5,adixon3,r,08/18/2026,17:21:16,gpu@node1s05.ecdf.ed.ac.uk,1
57709682,0.00470,g16a_kenp_,s2678360,r,08/18/2026,15:52:44,eddie@node1o12.ecdf.ed.ac.uk,8
57656333,0.00465,S0_20_vf_5,adixon3,r,08/18/2026,17:52:18,gpu@node1s05.ecdf.ed.ac.uk,1
57656224,0.00460,S0_40_vf_5,adixon3,r,08/18/2026,16:56:35,gpu@node1s05.ecdf.ed.ac.uk,1
57722788,0.00450,pggb_testD,tregan,r,08/19/2026,09:14:09,eddie@node1h12.ecdf.ed.ac.uk,16
57754699,0.00446,inward-r3,s2198147,r,08/19/2026,23:20:12,gpu@node1p05.ecdf.ed.ac.uk,24,1
57704779,0.00441,jCC116,s1951420,r,08/18/2026,20:58:18,eddie@node1h06.ecdf.ed.ac.uk,32
57760731,0.00428,shapeit2_p,arichmo2,r,08/20/2026,11:19:11,igmm_long@node1c06.ecdf.ed.ac.,8,1
57760856,0.00425,Cu1C1C4082,s2149510,r,08/20/2026,11:26:20,eddie@node1l24.ecdf.ed.ac.uk,8
57756105,0.00416,cached_lpo,s1903776,r,08/20/2026,10:04:45,eddie@node1m04.ecdf.ed.ac.uk,20
57762863,0.00415,lastz,mmilin,r,08/20/2026,12:20:45,eddie@node1q13.ecdf.ed.ac.uk,10
57761647,0.00407,log_mappin,s2557145,r,08/20/2026,12:04:00,eddie@node1o13.ecdf.ed.ac.uk,8
57763191,0.00397,QLOGIN,dzhiguno,r,08/20/2026,13:34:27,eddie@node1i23.ecdf.ed.ac.uk,32
57760943,0.00394,QLOGIN,sthorn,r,08/20/2026,11:29:36,gpu@node1o01.ecdf.ed.ac.uk,1
57761586,0.00394,survival_a,s2446399,r,08/20/2026,12:00:15,eddie@node1f10.ecdf.ed.ac.uk,4
57704785,0.00388,jCC117,s1951420,r,08/18/2026,20:58:18,eddie@node1h14.ecdf.ed.ac.uk,32
57762920,0.00385,bindcraft_,s2455959,r,08/20/2026,12:36:16,gpu@node1o01.ecdf.ed.ac.uk,4
57761285,0.00385,QLOGIN,xshen33,r,08/20/2026,11:44:25,staging@node1f14.ecdf.ed.ac.uk,1
57735692,0.00385,QLOGIN,s2403385,r,08/19/2026,15:01:12,eddie@node1j14.ecdf.ed.ac.uk,1
57755823,0.00382,gssn16,s1833252,r,08/20/2026,10:00:44,eddie@node1l28.ecdf.ed.ac.uk,8
57741956,0.00382,miniseed_c,lzhu4,r,08/19/2026,16:07:41,eddie@node1s15.ecdf.ed.ac.uk,32
57738389,0.00382,power_rsc_,ajonausk,r,08/19/2026,15:33:54,eddie@node1o03.ecdf.ed.ac.uk,1
57762865,0.00379,VP2,s2465418,r,08/20/2026,12:22:00,eddie@node1q02.ecdf.ed.ac.uk,1
57755827,0.00377,humann4,npeker,r,08/20/2026,10:01:48,eddie@node1g09.ecdf.ed.ac.uk,8,2
57761388,0.00376,QLOGIN,s2170926,r,08/20/2026,11:48:16,staging@node1f14.ecdf.ed.ac.uk,1
57761316,0.00376,smk.benchA,jverburg,r,08/20/2026,11:46:27,eddie@node1i25.ecdf.ed.ac.uk,1
57762663,0.00373,r2dac,telahma,r,08/20/2026,12:13:24,eddie@node1n03.ecdf.ed.ac.uk,1
57703205,0.00368,perm-windo,v1malmar,r,08/20/2026,04:38:05,gpu@node1o16.ecdf.ed.ac.uk,8
57702349,0.00367,perm-windo,v1malmar,r,08/20/2026,03:54:50,gpu@node1p06.ecdf.ed.ac.uk,8
57747140,0.00366,PO_256_m1d,sbenavid,r,08/19/2026,17:16:28,gpu@node1g06.ecdf.ed.ac.uk,1
57686457,0.00365,nf-estimat,akhamseh,r,08/15/2026,14:32:14,igmm_long@node1c07.ecdf.ed.ac.,32
57754700,0.00358,inward-r4,s2198147,r,08/19/2026,23:21:27,gpu@node1q09.ecdf.ed.ac.uk,24,1
57760419,0.00355,snakemake,rroehe,r,08/20/2026,10:57:59,eddie@node1r06.ecdf.ed.ac.uk,8,1
57385939,0.00344,QLOGIN,crobert,r,08/03/2026,16:37:12,eddie@node1i24.ecdf.ed.ac.uk,1
57722918,0.00331,Pan_3,s2745005,r,08/19/2026,09:59:44,eddie@node1q14.ecdf.ed.ac.uk,24
57662983,0.00328,trax_map_s,s2906787,r,08/15/2026,19:31:02,eddie@node1j13.ecdf.ed.ac.uk,1,2
57760106,0.00325,QLOGIN,evander2,r,08/20/2026,10:33:08,staging@node1f14.ecdf.ed.ac.uk,1
57760807,0.00323,SH11_PAH,s2017658,r,08/20/2026,11:23:24,eddie@node1q06.ecdf.ed.ac.uk,64
57710568,0.00318,TRANCEPTIO,blivesey,r,08/20/2026,09:57:29,gpu@node1g07.ecdf.ed.ac.uk,1,44
57760808,0.00317,SH11_NOPAH,s2017658,r,08/20/2026,11:23:24,eddie@node1q05.ecdf.ed.ac.uk,64
57769901,0.00306,cover_sim,s2441782,r,08/20/2026,14:42:35,eddie@node1r09.ecdf.ed.ac.uk,8,1
57769969,0.00306,ldpc_sim_g,s2852841,r,08/20/2026,14:44:45,gpu@node1q07.ecdf.ed.ac.uk,8
57699058,0.00304,oil2d_mala,s2673720,r,08/19/2026,02:05:28,eddie@node1i25.ecdf.ed.ac.uk,20
57699059,0.00296,oil2d_ssv,s2673720,r,08/19/2026,02:14:28,eddie@node1n13.ecdf.ed.ac.uk,20
57760731,0.00294,shapeit2_p,arichmo2,r,08/20/2026,11:19:11,igmm_long@node1a06.ecdf.ed.ac.,8,2
57699060,0.00290,oil3d_ssv,s2673720,r,08/19/2026,02:19:18,eddie@node1n16.ecdf.ed.ac.uk,20
57755827,0.00289,humann4,npeker,r,08/20/2026,10:01:48,eddie@node1g10.ecdf.ed.ac.uk,8,3
57710568,0.00283,TRANCEPTIO,blivesey,r,08/20/2026,12:01:15,gpu@node1g07.ecdf.ed.ac.uk,1,46
57752244,0.00281,g16a_kenp_,s2678360,r,08/19/2026,20:14:18,eddie@node1n13.ecdf.ed.ac.uk,8
57699062,0.00281,oil3d_mass,s2673720,r,08/19/2026,02:19:28,eddie@node1k05.ecdf.ed.ac.uk,20
57761648,0.00280,log_mappin,s2557145,r,08/20/2026,12:04:00,eddie@node1r19.ecdf.ed.ac.uk,8
57699061,0.00279,oil3d_mala,s2673720,r,08/19/2026,02:24:43,eddie@node1n14.ecdf.ed.ac.uk,20
57699063,0.00279,oil3d_sv,s2673720,r,08/19/2026,02:23:28,eddie@node1i17.ecdf.ed.ac.uk,20
57761419,0.00279,Cu2C1C4082,s2149510,r,08/20/2026,11:50:30,eddie@node1l22.ecdf.ed.ac.uk,8
57760419,0.00273,snakemake,rroehe,r,08/20/2026,10:57:59,eddie@node1j09.ecdf.ed.ac.uk,8,2
57767491,0.00269,trim_galor,s2742483,r,08/20/2026,14:16:53,eddie@node1j19.ecdf.ed.ac.uk,4,2
57761631,0.00268,survival_a,s2446399,r,08/20/2026,12:02:30,eddie@node1f10.ecdf.ed.ac.uk,4
57710568,0.00267,TRANCEPTIO,blivesey,r,08/20/2026,11:35:30,gpu@node1g07.ecdf.ed.ac.uk,1,45
57762921,0.00261,bindcraft_,s2455959,r,08/20/2026,12:36:16,gpu@node1o02.ecdf.ed.ac.uk,4
57710568,0.00260,TRANCEPTIO,blivesey,r,08/20/2026,13:53:04,gpu@node1g06.ecdf.ed.ac.uk,1,48
57710568,0.00258,TRANCEPTIO,blivesey,r,08/20/2026,13:20:49,gpu@node1g06.ecdf.ed.ac.uk,1,47
57762689,0.00255,QLOGIN,xshen33,r,08/20/2026,12:08:40,eddie@node1j15.ecdf.ed.ac.uk,3
57762664,0.00254,r2dsigc,telahma,r,08/20/2026,12:21:00,eddie@node1k18.ecdf.ed.ac.uk,1
57762861,0.00253,QLOGIN,s1626483,r,08/20/2026,12:20:16,eddie@node1j24.ecdf.ed.ac.uk,1
57750196,0.00240,trial200nm,s2278359,r,08/19/2026,18:44:53,gpu@node1p05.ecdf.ed.ac.uk,1
57755827,0.00237,humann4,npeker,r,08/20/2026,10:01:48,eddie@node1q14.ecdf.ed.ac.uk,8,4
57743520,0.00228,qc725,s2745005,r,08/19/2026,16:13:52,eddie@node1q12.ecdf.ed.ac.uk,10
57760731,0.00228,shapeit2_p,arichmo2,r,08/20/2026,11:19:11,igmm_long@node1h01.ecdf.ed.ac.,8,3
57699435,0.00226,Ti4O8-C12-,s1829244,r,08/18/2026,10:36:27,eddie@node1k19.ecdf.ed.ac.uk,2
57760419,0.00224,snakemake,rroehe,r,08/20/2026,10:57:59,eddie@node1j08.ecdf.ed.ac.uk,8,3
57769965,0.00221,Alignment_,s2170926,r,08/20/2026,14:44:30,eddie@node1m16.ecdf.ed.ac.uk,10
57761649,0.00217,log_mappin,s2557145,r,08/20/2026,12:04:00,eddie@node1h11.ecdf.ed.ac.uk,8
57769901,0.00213,cover_sim,s2441782,r,08/20/2026,14:42:35,eddie@node1h03.ecdf.ed.ac.uk,8,2
57755827,0.00202,humann4,npeker,r,08/20/2026,10:01:48,eddie@node1g08.ecdf.ed.ac.uk,8,5
57720643,0.00201,step7_ext,s2116644,r,08/20/2026,13:43:14,eddie@node1f16.ecdf.ed.ac.uk,8,108
57720643,0.00201,step7_ext,s2116644,r,08/20/2026,13:43:14,eddie@node1f13.ecdf.ed.ac.uk,8,109
57720643,0.00200,step7_ext,s2116644,r,08/20/2026,13:43:14,eddie@node1i13.ecdf.ed.ac.uk,8,110
57720643,0.00200,step7_ext,s2116644,r,08/20/2026,13:43:14,eddie@node1f07.ecdf.ed.ac.uk,8,111
57720643,0.00200,step7_ext,s2116644,r,08/20/2026,13:43:14,eddie@node1o04.ecdf.ed.ac.uk,8,112
57720643,0.00200,step7_ext,s2116644,r,08/20/2026,13:43:14,eddie@node1l21.ecdf.ed.ac.uk,8,113
57720643,0.00200,step7_ext,s2116644,r,08/20/2026,13:43:14,eddie@node1o06.ecdf.ed.ac.uk,8,114
57720643,0.00200,step7_ext,s2116644,r,08/20/2026,13:43:14,eddie@node1r14.ecdf.ed.ac.uk,8,115
57720643,0.00200,step7_ext,s2116644,r,08/20/2026,13:43:14,eddie@node1l25.ecdf.ed.ac.uk,8,116
57720643,0.00200,step7_ext,s2116644,r,08/20/2026,13:43:14,eddie@node1l22.ecdf.ed.ac.uk,8,117
57720643,0.00200,step7_ext,s2116644,r,08/20/2026,13:43:14,eddie@node1r16.ecdf.ed.ac.uk,8,118
57720643,0.00200,step7_ext,s2116644,r,08/20/2026,13:56:20,eddie@node1o14.ecdf.ed.ac.uk,8,120
57720643,0.00200,step7_ext,s2116644,r,08/20/2026,13:56:20,eddie@node1o08.ecdf.ed.ac.uk,8,121
57720643,0.00200,step7_ext,s2116644,r,08/20/2026,13:56:20,eddie@node1o13.ecdf.ed.ac.uk,8,122
57720643,0.00200,step7_ext,s2116644,r,08/20/2026,13:56:20,eddie@node1o13.ecdf.ed.ac.uk,8,123
57720643,0.00200,step7_ext,s2116644,r,08/20/2026,13:56:20,eddie@node1m07.ecdf.ed.ac.uk,8,124
57720643,0.00200,step7_ext,s2116644,r,08/20/2026,13:56:20,eddie@node1l07.ecdf.ed.ac.uk,8,125
57705230,0.00199,QLOGIN,ddunica2,r,08/17/2026,22:01:56,eddie@node1i24.ecdf.ed.ac.uk,1
57699413,0.00199,Ti4O8-C12-,s1829244,r,08/18/2026,09:54:00,eddie@node1k12.ecdf.ed.ac.uk,2
57764870,0.00199,QLOGIN,evander2,r,08/20/2026,13:51:05,eddie@node1j14.ecdf.ed.ac.uk,16
57762922,0.00199,bindcraft_,s2455959,r,08/20/2026,12:36:16,gpu@node1o01.ecdf.ed.ac.uk,4
57720643,0.00198,step7_ext,s2116644,r,08/20/2026,13:42:59,eddie@node1i14.ecdf.ed.ac.uk,8,106
57720643,0.00198,step7_ext,s2116644,r,08/20/2026,13:42:59,eddie@node1f11.ecdf.ed.ac.uk,8,107
57720643,0.00198,step7_ext,s2116644,r,08/20/2026,13:45:05,eddie@node1r15.ecdf.ed.ac.uk,8,119
57763185,0.00198,QLOGIN,evander2,r,08/20/2026,13:31:04,eddie@node1j24.ecdf.ed.ac.uk,16
57770029,0.00196,QLOGIN,s2673716,r,08/20/2026,14:46:01,gpu@node1g06.ecdf.ed.ac.uk,4
57735589,0.00194,ev2_wordle,s2874947,r,08/20/2026,09:33:42,gpu@node1r03.ecdf.ed.ac.uk,4
57760419,0.00191,snakemake,rroehe,r,08/20/2026,10:57:59,eddie@node1k03.ecdf.ed.ac.uk,8,4
57699345,0.00190,Ti4O8-C12-,s1829244,r,08/18/2026,09:34:20,eddie@node1k12.ecdf.ed.ac.uk,2
57738471,0.00189,power_rsc_,ajonausk,r,08/19/2026,15:34:24,eddie@node1k08.ecdf.ed.ac.uk,1
57767491,0.00183,trim_galor,s2742483,r,08/20/2026,14:16:53,eddie@node1j22.ecdf.ed.ac.uk,4,3
57704339,0.00182,QLOGIN,crobert,r,08/17/2026,15:56:51,eddie@node1i24.ecdf.ed.ac.uk,1
57662983,0.00180,trax_map_s,s2906787,r,08/16/2026,00:31:04,eddie@node1n10.ecdf.ed.ac.uk,1,3
57713055,0.00179,peb_S0-1,wwong3,r,08/18/2026,20:19:19,eddie@node1m15.ecdf.ed.ac.uk,16
57761650,0.00179,log_mappin,s2557145,r,08/20/2026,12:04:00,eddie@node1r07.ecdf.ed.ac.uk,8
57766656,0.00178,chandran_d,mharvey2,r,08/20/2026,14:09:39,staging@node1f14.ecdf.ed.ac.uk,1
57755827,0.00177,humann4,npeker,r,08/20/2026,10:01:48,eddie@node1g09.ecdf.ed.ac.uk,8,6
57721217,0.00177,g16a_kenp_,s2678360,r,08/18/2026,22:58:54,eddie@node1o05.ecdf.ed.ac.uk,8
57744187,0.00176,gpu_input,s2538679,r,08/20/2026,10:00:14,gpu@node1r03.ecdf.ed.ac.uk,1
57763502,0.00173,heme_S0-1,wwong3,r,08/20/2026,13:42:14,eddie@node1j05.ecdf.ed.ac.uk,32
57769327,0.00172,nf-NFCORE_,cmetheri,r,08/20/2026,14:33:04,eddie@node1j11.ecdf.ed.ac.uk,12
57767735,0.00171,QLOGIN,s2744405,r,08/20/2026,14:18:50,eddie@node1j14.ecdf.ed.ac.uk,1
57662983,0.00171,trax_map_s,s2906787,r,08/16/2026,02:11:13,eddie@node1k17.ecdf.ed.ac.uk,1,7
57713058,0.00170,peb_T1-2,wwong3,r,08/18/2026,20:34:32,eddie@node1h24.ecdf.ed.ac.uk,16
57763516,0.00169,heme_T1-1,wwong3,r,08/20/2026,13:42:14,eddie@node1m02.ecdf.ed.ac.uk,32
57760419,0.00168,snakemake,rroehe,r,08/20/2026,10:57:59,eddie@node1j23.ecdf.ed.ac.uk,8,5
57744190,0.00167,gpu_input,s2538679,r,08/20/2026,10:00:29,gpu@node1q08.ecdf.ed.ac.uk,1
57769901,0.00167,cover_sim,s2441782,r,08/20/2026,14:42:35,eddie@node1o12.ecdf.ed.ac.uk,8,3
57760731,0.00161,shapeit2_p,arichmo2,r,08/20/2026,11:19:11,igmm_long@node1c02.ecdf.ed.ac.,8,5
57738742,0.00160,ce2,gl03pi18,r,08/20/2026,06:02:05,eddie@node1l11.ecdf.ed.ac.uk,8
57755827,0.00159,humann4,npeker,r,08/20/2026,10:01:48,eddie@node1g10.ecdf.ed.ac.uk,8,7
57662983,0.00156,trax_map_s,s2906787,r,08/16/2026,00:31:19,eddie@node1j13.ecdf.ed.ac.uk,1,4
57752107,0.00154,ce2,gl03pi18,r,08/20/2026,07:52:46,eddie@node1l14.ecdf.ed.ac.uk,8
57735752,0.00154,QLOGIN,crobert,r,08/19/2026,15:02:58,eddie@node1j14.ecdf.ed.ac.uk,1
57731203,0.00153,ce2,gl03pi18,r,08/20/2026,02:34:50,eddie@node1l16.ecdf.ed.ac.uk,8
57722518,0.00153,ce1,gl03pi9,r,08/20/2026,02:53:20,eddie@node1l11.ecdf.ed.ac.uk,8
57738254,0.00153,ce2,gl03pi18,r,08/20/2026,03:05:20,eddie@node1l14.ecdf.ed.ac.uk,8
57752160,0.00153,ce2,gl03pi18,r,08/20/2026,07:53:19,eddie@node1l12.ecdf.ed.ac.uk,8
57704466,0.00152,runlisfloo,nfische2,r,08/19/2026,06:25:45,eddie@node1k19.ecdf.ed.ac.uk,1,7000
57704466,0.00152,runlisfloo,nfische2,r,08/19/2026,06:24:00,eddie@node1k14.ecdf.ed.ac.uk,1,6999
57738511,0.00152,power_rsc_,ajonausk,r,08/19/2026,15:34:24,eddie@node1k08.ecdf.ed.ac.uk,1
57704466,0.00151,runlisfloo,nfische2,r,08/19/2026,06:19:15,eddie@node1k11.ecdf.ed.ac.uk,1,6996
57704466,0.00151,runlisfloo,nfische2,r,08/19/2026,06:20:15,eddie@node1n09.ecdf.ed.ac.uk,1,6997
57704466,0.00151,runlisfloo,nfische2,r,08/19/2026,06:21:00,eddie@node1k17.ecdf.ed.ac.uk,1,6998
57704466,0.00151,runlisfloo,nfische2,r,08/19/2026,06:15:45,eddie@node1k18.ecdf.ed.ac.uk,1,6989
57704466,0.00151,runlisfloo,nfische2,r,08/19/2026,06:16:00,eddie@node1n12.ecdf.ed.ac.uk,1,6990
57704466,0.00151,runlisfloo,nfische2,r,08/19/2026,06:16:15,eddie@node1k15.ecdf.ed.ac.uk,1,6991
57704466,0.00151,runlisfloo,nfische2,r,08/19/2026,06:16:30,eddie@node1k15.ecdf.ed.ac.uk,1,6992
57704466,0.00151,runlisfloo,nfische2,r,08/19/2026,06:17:15,eddie@node1k15.ecdf.ed.ac.uk,1,6993
57704466,0.00151,runlisfloo,nfische2,r,08/19/2026,06:18:00,eddie@node1k14.ecdf.ed.ac.uk,1,6994
57704466,0.00151,runlisfloo,nfische2,r,08/19/2026,06:18:30,eddie@node1k12.ecdf.ed.ac.uk,1,6995
57704466,0.00151,runlisfloo,nfische2,r,08/19/2026,06:10:30,eddie@node1k12.ecdf.ed.ac.uk,1,6986
57704466,0.00151,runlisfloo,nfische2,r,08/19/2026,06:10:30,eddie@node1j12.ecdf.ed.ac.uk,1,6987
57704466,0.00151,runlisfloo,nfische2,r,08/19/2026,06:13:30,eddie@node1k17.ecdf.ed.ac.uk,1,6988
57760419,0.00151,snakemake,rroehe,r,08/20/2026,10:57:59,eddie@node1j06.ecdf.ed.ac.uk,8,6
57704466,0.00150,runlisfloo,nfische2,r,08/19/2026,06:05:30,eddie@node1j13.ecdf.ed.ac.uk,1,6981
57704466,0.00150,runlisfloo,nfische2,r,08/19/2026,06:05:30,eddie@node1n12.ecdf.ed.ac.uk,1,6982
57704466,0.00150,runlisfloo,nfische2,r,08/19/2026,06:05:30,eddie@node1j13.ecdf.ed.ac.uk,1,6983
57704466,0.00150,runlisfloo,nfische2,r,08/19/2026,06:06:00,eddie@node1n12.ecdf.ed.ac.uk,1,6984
57704466,0.00150,runlisfloo,nfische2,r,08/19/2026,06:06:15,eddie@node1n09.ecdf.ed.ac.uk,1,6985
57731137,0.00150,ce1,gl02ad2,r,08/20/2026,09:58:24,eddie@node1l14.ecdf.ed.ac.uk,8
57731138,0.00150,ce1,gl02ad2,r,08/20/2026,10:01:48,eddie@node1l12.ecdf.ed.ac.uk,8
57704466,0.00149,runlisfloo,nfische2,r,08/19/2026,06:02:13,eddie@node1j12.ecdf.ed.ac.uk,1,6979
57704466,0.00149,runlisfloo,nfische2,r,08/19/2026,05:50:58,eddie@node1n01.ecdf.ed.ac.uk,1,6969
57704466,0.00149,runlisfloo,nfische2,r,08/19/2026,06:02:43,eddie@node1n08.ecdf.ed.ac.uk,1,6980
57704466,0.00149,runlisfloo,nfische2,r,08/19/2026,05:52:13,eddie@node1k19.ecdf.ed.ac.uk,1,6970
57704466,0.00149,runlisfloo,nfische2,r,08/19/2026,05:53:43,eddie@node1k11.ecdf.ed.ac.uk,1,6971
57704466,0.00149,runlisfloo,nfische2,r,08/19/2026,05:54:43,eddie@node1n10.ecdf.ed.ac.uk,1,6972
57704466,0.00149,runlisfloo,nfische2,r,08/19/2026,05:54:58,eddie@node1n12.ecdf.ed.ac.uk,1,6973
57704466,0.00149,runlisfloo,nfische2,r,08/19/2026,05:56:43,eddie@node1k10.ecdf.ed.ac.uk,1,6974
57704466,0.00149,runlisfloo,nfische2,r,08/19/2026,05:56:58,eddie@node1n10.ecdf.ed.ac.uk,1,6975
57704466,0.00149,runlisfloo,nfische2,r,08/19/2026,05:59:13,eddie@node1n09.ecdf.ed.ac.uk,1,6976
57704466,0.00149,runlisfloo,nfische2,r,08/19/2026,05:59:58,eddie@node1n12.ecdf.ed.ac.uk,1,6977
57704466,0.00149,runlisfloo,nfische2,r,08/19/2026,06:00:13,eddie@node1k14.ecdf.ed.ac.uk,1,6978
57738466,0.00149,ce2,gl03pi18,r,08/20/2026,03:23:20,eddie@node1l15.ecdf.ed.ac.uk,8
57704466,0.00149,runlisfloo,nfische2,r,08/19/2026,05:39:13,eddie@node1k12.ecdf.ed.ac.uk,1,6954
57704466,0.00149,runlisfloo,nfische2,r,08/19/2026,05:39:13,eddie@node1k12.ecdf.ed.ac.uk,1,6955
57704466,0.00149,runlisfloo,nfische2,r,08/19/2026,05:39:13,eddie@node1k12.ecdf.ed.ac.uk,1,6956
57704466,0.00149,runlisfloo,nfische2,r,08/19/2026,05:39:13,eddie@node1k12.ecdf.ed.ac.uk,1,6957
57704466,0.00149,runlisfloo,nfische2,r,08/19/2026,05:40:13,eddie@node1j13.ecdf.ed.ac.uk,1,6958
57704466,0.00149,runlisfloo,nfische2,r,08/19/2026,05:40:43,eddie@node1k15.ecdf.ed.ac.uk,1,6959
57704466,0.00149,runlisfloo,nfische2,r,08/19/2026,05:40:58,eddie@node1k15.ecdf.ed.ac.uk,1,6960
57704466,0.00149,runlisfloo,nfische2,r,08/19/2026,05:41:43,eddie@node1k19.ecdf.ed.ac.uk,1,6961
57704466,0.00149,runlisfloo,nfische2,r,08/19/2026,05:41:43,eddie@node1n12.ecdf.ed.ac.uk,1,6962
57704466,0.00149,runlisfloo,nfische2,r,08/19/2026,05:42:28,eddie@node1k14.ecdf.ed.ac.uk,1,6963
57704466,0.00149,runlisfloo,nfische2,r,08/19/2026,05:38:28,eddie@node1n02.ecdf.ed.ac.uk,1,6953
57704466,0.00149,runlisfloo,nfische2,r,08/19/2026,05:43:13,eddie@node1k20.ecdf.ed.ac.uk,1,6964
57704466,0.00149,runlisfloo,nfische2,r,08/19/2026,05:44:28,eddie@node1k12.ecdf.ed.ac.uk,1,6965
57704466,0.00149,runlisfloo,nfische2,r,08/19/2026,05:44:43,eddie@node1k19.ecdf.ed.ac.uk,1,6966
57704466,0.00149,runlisfloo,nfische2,r,08/19/2026,05:44:58,eddie@node1j13.ecdf.ed.ac.uk,1,6967
57704466,0.00149,runlisfloo,nfische2,r,08/19/2026,05:48:58,eddie@node1k18.ecdf.ed.ac.uk,1,6968
57704466,0.00148,runlisfloo,nfische2,r,08/19/2026,05:35:43,eddie@node1k17.ecdf.ed.ac.uk,1,6952
57722497,0.00148,ce1,gl03pi9,r,08/19/2026,21:37:05,eddie@node1l14.ecdf.ed.ac.uk,8
57731150,0.00148,ce1,gl02ad2,r,08/20/2026,10:11:24,eddie@node1l11.ecdf.ed.ac.uk,8
57704466,0.00148,runlisfloo,nfische2,r,08/19/2026,05:28:43,eddie@node1k20.ecdf.ed.ac.uk,1,6951
57704466,0.00148,runlisfloo,nfische2,r,08/19/2026,05:27:28,eddie@node1n12.ecdf.ed.ac.uk,1,6950
57731177,0.00148,ce1,gl02ad2,r,08/20/2026,10:13:24,eddie@node1l16.ecdf.ed.ac.uk,8
57731185,0.00147,ce1,gl02ad2,r,08/20/2026,10:20:09,eddie@node1l17.ecdf.ed.ac.uk,8
57704466,0.00147,runlisfloo,nfische2,r,08/19/2026,05:26:43,eddie@node1n01.ecdf.ed.ac.uk,1,6949
57704466,0.00147,runlisfloo,nfische2,r,08/19/2026,05:22:43,eddie@node1n01.ecdf.ed.ac.uk,1,6946
57704466,0.00147,runlisfloo,nfische2,r,08/19/2026,05:22:43,eddie@node1k14.ecdf.ed.ac.uk,1,6947
57704466,0.00147,runlisfloo,nfische2,r,08/19/2026,05:23:43,eddie@node1k17.ecdf.ed.ac.uk,1,6948
57704466,0.00147,runlisfloo,nfische2,r,08/19/2026,05:19:13,eddie@node1k14.ecdf.ed.ac.uk,1,6944
57704466,0.00147,runlisfloo,nfische2,r,08/19/2026,05:20:58,eddie@node1j12.ecdf.ed.ac.uk,1,6945
57722494,0.00147,ce1,gl03pi9,r,08/19/2026,20:46:51,eddie@node1l17.ecdf.ed.ac.uk,8
57704466,0.00147,runlisfloo,nfische2,r,08/19/2026,05:16:28,eddie@node1n02.ecdf.ed.ac.uk,1,6937
57704466,0.00147,runlisfloo,nfische2,r,08/19/2026,05:16:58,eddie@node1k15.ecdf.ed.ac.uk,1,6938
57704466,0.00147,runlisfloo,nfische2,r,08/19/2026,05:16:58,eddie@node1k17.ecdf.ed.ac.uk,1,6939
57704466,0.00147,runlisfloo,nfische2,r,08/19/2026,05:17:28,eddie@node1k11.ecdf.ed.ac.uk,1,6940
57704466,0.00147,runlisfloo,nfische2,r,08/19/2026,05:18:13,eddie@node1k15.ecdf.ed.ac.uk,1,6941
57704466,0.00147,runlisfloo,nfische2,r,08/19/2026,05:18:13,eddie@node1k11.ecdf.ed.ac.uk,1,6942
57704466,0.00147,runlisfloo,nfische2,r,08/19/2026,05:18:58,eddie@node1j13.ecdf.ed.ac.uk,1,6943
57704466,0.00147,runlisfloo,nfische2,r,08/19/2026,05:10:58,eddie@node1n10.ecdf.ed.ac.uk,1,6934
57704466,0.00147,runlisfloo,nfische2,r,08/19/2026,05:13:28,eddie@node1k11.ecdf.ed.ac.uk,1,6935
57704466,0.00147,runlisfloo,nfische2,r,08/19/2026,05:13:58,eddie@node1n07.ecdf.ed.ac.uk,1,6936
57731197,0.00147,ce1,gl02ad2,r,08/20/2026,10:24:20,eddie@node1l17.ecdf.ed.ac.uk,8
57769328,0.00146,nf-NFCORE_,cmetheri,r,08/20/2026,14:33:04,eddie@node1j17.ecdf.ed.ac.uk,12
57722498,0.00146,ce1,gl03pi9,r,08/19/2026,22:07:21,eddie@node1l15.ecdf.ed.ac.uk,8
57704466,0.00146,runlisfloo,nfische2,r,08/19/2026,04:59:58,eddie@node1k10.ecdf.ed.ac.uk,1,6932
57704466,0.00146,runlisfloo,nfische2,r,08/19/2026,05:01:28,eddie@node1k20.ecdf.ed.ac.uk,1,6933
57753260,0.00145,ce2,gl03pi18,r,08/20/2026,10:42:29,eddie@node1l15.ecdf.ed.ac.uk,8
57704466,0.00145,runlisfloo,nfische2,r,08/19/2026,04:48:13,eddie@node1n10.ecdf.ed.ac.uk,1,6926
57704466,0.00145,runlisfloo,nfische2,r,08/19/2026,04:51:43,eddie@node1n10.ecdf.ed.ac.uk,1,6927
57704466,0.00145,runlisfloo,nfische2,r,08/19/2026,04:53:28,eddie@node1k14.ecdf.ed.ac.uk,1,6928
57704466,0.00145,runlisfloo,nfische2,r,08/19/2026,04:54:43,eddie@node1j13.ecdf.ed.ac.uk,1,6929
57704466,0.00145,runlisfloo,nfische2,r,08/19/2026,04:54:43,eddie@node1n09.ecdf.ed.ac.uk,1,6930
57704466,0.00145,runlisfloo,nfische2,r,08/19/2026,04:41:13,eddie@node1k11.ecdf.ed.ac.uk,1,6917
57704466,0.00145,runlisfloo,nfische2,r,08/19/2026,04:41:13,eddie@node1k10.ecdf.ed.ac.uk,1,6918
57704466,0.00145,runlisfloo,nfische2,r,08/19/2026,04:42:28,eddie@node1n01.ecdf.ed.ac.uk,1,6919
57704466,0.00145,runlisfloo,nfische2,r,08/19/2026,04:42:28,eddie@node1n01.ecdf.ed.ac.uk,1,6920
57704466,0.00145,runlisfloo,nfische2,r,08/19/2026,04:42:28,eddie@node1n01.ecdf.ed.ac.uk,1,6921
57704466,0.00145,runlisfloo,nfische2,r,08/19/2026,04:42:28,eddie@node1n01.ecdf.ed.ac.uk,1,6922
57704466,0.00145,runlisfloo,nfische2,r,08/19/2026,04:42:43,eddie@node1k18.ecdf.ed.ac.uk,1,6923
57704466,0.00145,runlisfloo,nfische2,r,08/19/2026,04:43:13,eddie@node1k12.ecdf.ed.ac.uk,1,6924
57704466,0.00145,runlisfloo,nfische2,r,08/19/2026,04:44:28,eddie@node1n05.ecdf.ed.ac.uk,1,6925
57704466,0.00145,runlisfloo,nfische2,r,08/19/2026,04:58:28,eddie@node1k20.ecdf.ed.ac.uk,1,6931
57722598,0.00145,ce2,gl03pi18,r,08/19/2026,22:42:37,eddie@node1l17.ecdf.ed.ac.uk,8
57753152,0.00144,ce2,gl03pi18,r,08/20/2026,10:27:53,eddie@node1l15.ecdf.ed.ac.uk,8
57761579,0.00144,ttMA-Tt,wwong3,r,08/20/2026,11:59:30,eddie@node1h16.ecdf.ed.ac.uk,16
57704466,0.00144,runlisfloo,nfische2,r,08/19/2026,04:30:28,eddie@node1n12.ecdf.ed.ac.uk,1,6914
57704466,0.00144,runlisfloo,nfische2,r,08/19/2026,04:33:58,eddie@node1n02.ecdf.ed.ac.uk,1,6915
57704466,0.00144,runlisfloo,nfische2,r,08/19/2026,04:35:43,eddie@node1k10.ecdf.ed.ac.uk,1,6916
57755827,0.00144,humann4,npeker,r,08/20/2026,10:01:48,eddie@node1g08.ecdf.ed.ac.uk,8,8
57722499,0.00144,ce1,gl03pi9,r,08/19/2026,22:26:37,eddie@node1l12.ecdf.ed.ac.uk,8
57722501,0.00144,ce1,gl03pi9,r,08/19/2026,22:45:07,eddie@node1l11.ecdf.ed.ac.uk,8
57722504,0.00144,ce1,gl03pi9,r,08/20/2026,01:00:08,eddie@node1l11.ecdf.ed.ac.uk,8
57704466,0.00144,runlisfloo,nfische2,r,08/19/2026,04:23:43,eddie@node1n10.ecdf.ed.ac.uk,1,6910
57704466,0.00144,runlisfloo,nfische2,r,08/19/2026,04:24:58,eddie@node1n12.ecdf.ed.ac.uk,1,6911
57704466,0.00144,runlisfloo,nfische2,r,08/19/2026,04:26:43,eddie@node1k14.ecdf.ed.ac.uk,1,6912
57704466,0.00144,runlisfloo,nfische2,r,08/19/2026,04:29:13,eddie@node1n09.ecdf.ed.ac.uk,1,6913
57733686,0.00143,ce1,gl02ad2,r,08/20/2026,10:34:23,eddie@node1l12.ecdf.ed.ac.uk,8
57722508,0.00143,ce1,gl03pi9,r,08/20/2026,02:41:50,eddie@node1l16.ecdf.ed.ac.uk,8
57722517,0.00143,ce1,gl03pi9,r,08/20/2026,02:45:35,eddie@node1l11.ecdf.ed.ac.uk,8
57704466,0.00143,runlisfloo,nfische2,r,08/19/2026,04:15:13,eddie@node1j13.ecdf.ed.ac.uk,1,6905
57704466,0.00143,runlisfloo,nfische2,r,08/19/2026,04:16:13,eddie@node1n10.ecdf.ed.ac.uk,1,6906
57704466,0.00143,runlisfloo,nfische2,r,08/19/2026,04:16:58,eddie@node1k18.ecdf.ed.ac.uk,1,6907
57704466,0.00143,runlisfloo,nfische2,r,08/19/2026,04:17:13,eddie@node1n12.ecdf.ed.ac.uk,1,6908
57704466,0.00143,runlisfloo,nfische2,r,08/19/2026,04:18:43,eddie@node1k19.ecdf.ed.ac.uk,1,6909
57704466,0.00143,runlisfloo,nfische2,r,08/19/2026,04:13:58,eddie@node1n12.ecdf.ed.ac.uk,1,6904
57722505,0.00143,ce1,gl03pi9,r,08/20/2026,02:15:50,eddie@node1l15.ecdf.ed.ac.uk,8
57722506,0.00143,ce1,gl03pi9,r,08/20/2026,02:30:50,eddie@node1l15.ecdf.ed.ac.uk,8
57704466,0.00143,runlisfloo,nfische2,r,08/19/2026,04:10:43,eddie@node1k10.ecdf.ed.ac.uk,1,6902
57704466,0.00143,runlisfloo,nfische2,r,08/19/2026,04:12:28,eddie@node1n10.ecdf.ed.ac.uk,1,6903
57704466,0.00143,runlisfloo,nfische2,r,08/19/2026,04:09:28,eddie@node1k15.ecdf.ed.ac.uk,1,6901
57704466,0.00143,runlisfloo,nfische2,r,08/19/2026,04:04:58,eddie@node1k15.ecdf.ed.ac.uk,1,6900
57704466,0.00142,runlisfloo,nfische2,r,08/19/2026,04:02:58,eddie@node1k14.ecdf.ed.ac.uk,1,6899
57704466,0.00142,runlisfloo,nfische2,r,08/19/2026,03:59:13,eddie@node1k19.ecdf.ed.ac.uk,1,6896
57704466,0.00142,runlisfloo,nfische2,r,08/19/2026,03:59:43,eddie@node1k12.ecdf.ed.ac.uk,1,6897
57704466,0.00142,runlisfloo,nfische2,r,08/19/2026,03:59:43,eddie@node1k14.ecdf.ed.ac.uk,1,6898
57704466,0.00142,runlisfloo,nfische2,r,08/19/2026,03:54:43,eddie@node1k19.ecdf.ed.ac.uk,1,6894
57704466,0.00142,runlisfloo,nfische2,r,08/19/2026,03:57:28,eddie@node1k15.ecdf.ed.ac.uk,1,6895
57704466,0.00141,runlisfloo,nfische2,r,08/19/2026,03:48:43,eddie@node1k14.ecdf.ed.ac.uk,1,6892
57704466,0.00141,runlisfloo,nfische2,r,08/19/2026,03:50:13,eddie@node1n10.ecdf.ed.ac.uk,1,6893
57722502,0.00141,ce1,gl03pi9,r,08/19/2026,22:56:22,eddie@node1l17.ecdf.ed.ac.uk,8
57767491,0.00140,trim_galor,s2742483,r,08/20/2026,14:16:53,eddie@node1j01.ecdf.ed.ac.uk,4,4
57704466,0.00140,runlisfloo,nfische2,r,08/19/2026,03:29:58,eddie@node1k15.ecdf.ed.ac.uk,1,6882
57704466,0.00140,runlisfloo,nfische2,r,08/19/2026,03:29:58,eddie@node1j13.ecdf.ed.ac.uk,1,6883
57704466,0.00140,runlisfloo,nfische2,r,08/19/2026,03:30:13,eddie@node1k19.ecdf.ed.ac.uk,1,6884
57704466,0.00140,runlisfloo,nfische2,r,08/19/2026,03:31:43,eddie@node1j13.ecdf.ed.ac.uk,1,6885
57704466,0.00140,runlisfloo,nfische2,r,08/19/2026,03:31:58,eddie@node1k14.ecdf.ed.ac.uk,1,6886
57704466,0.00140,runlisfloo,nfische2,r,08/19/2026,03:32:13,eddie@node1k15.ecdf.ed.ac.uk,1,6887
57704466,0.00140,runlisfloo,nfische2,r,08/19/2026,03:32:28,eddie@node1k15.ecdf.ed.ac.uk,1,6888
57704466,0.00140,runlisfloo,nfische2,r,08/19/2026,03:34:28,eddie@node1k17.ecdf.ed.ac.uk,1,6889
57704466,0.00140,runlisfloo,nfische2,r,08/19/2026,03:38:58,eddie@node1n02.ecdf.ed.ac.uk,1,6890
57704466,0.00140,runlisfloo,nfische2,r,08/19/2026,03:40:28,eddie@node1k15.ecdf.ed.ac.uk,1,6891
57722503,0.00140,ce1,gl03pi9,r,08/19/2026,23:06:22,eddie@node1l14.ecdf.ed.ac.uk,8
57704466,0.00140,runlisfloo,nfische2,r,08/19/2026,03:27:28,eddie@node1j12.ecdf.ed.ac.uk,1,6881
57704466,0.00140,runlisfloo,nfische2,r,08/19/2026,03:25:58,eddie@node1k14.ecdf.ed.ac.uk,1,6880
57704466,0.00140,runlisfloo,nfische2,r,08/19/2026,03:23:43,eddie@node1k15.ecdf.ed.ac.uk,1,6878
57704466,0.00140,runlisfloo,nfische2,r,08/19/2026,03:23:58,eddie@node1n12.ecdf.ed.ac.uk,1,6879
57704466,0.00139,runlisfloo,nfische2,r,08/19/2026,03:20:58,eddie@node1k14.ecdf.ed.ac.uk,1,6877
57721218,0.00139,g16a_kenp_,s2678360,r,08/18/2026,22:59:11,eddie@node1o06.ecdf.ed.ac.uk,8
57769849,0.00139,chandran_w,mharvey2,r,08/20/2026,14:40:45,staging@node1f14.ecdf.ed.ac.uk,1
57704466,0.00139,runlisfloo,nfische2,r,08/19/2026,03:15:28,eddie@node1n09.ecdf.ed.ac.uk,1,6876
57704466,0.00139,runlisfloo,nfische2,r,08/19/2026,03:11:58,eddie@node1j13.ecdf.ed.ac.uk,1,6874
57704466,0.00139,runlisfloo,nfische2,r,08/19/2026,03:11:58,eddie@node1n09.ecdf.ed.ac.uk,1,6875
57769901,0.00139,cover_sim,s2441782,r,08/20/2026,14:42:35,eddie@node1h04.ecdf.ed.ac.uk,8,4
57704466,0.00138,runlisfloo,nfische2,r,08/19/2026,02:58:28,eddie@node1n12.ecdf.ed.ac.uk,1,6869
57704466,0.00138,runlisfloo,nfische2,r,08/19/2026,03:00:28,eddie@node1k16.ecdf.ed.ac.uk,1,6870
57704466,0.00138,runlisfloo,nfische2,r,08/19/2026,03:00:43,eddie@node1k17.ecdf.ed.ac.uk,1,6871
57704466,0.00138,runlisfloo,nfische2,r,08/19/2026,03:01:43,eddie@node1j13.ecdf.ed.ac.uk,1,6872
57704466,0.00138,runlisfloo,nfische2,r,08/19/2026,03:04:13,eddie@node1k20.ecdf.ed.ac.uk,1,6873
57743140,0.00138,ce1,gl02ad2,r,08/20/2026,10:53:38,eddie@node1l12.ecdf.ed.ac.uk,8
57722491,0.00138,ce1,gl03pi9,r,08/19/2026,19:59:15,eddie@node1l14.ecdf.ed.ac.uk,8
57704466,0.00138,runlisfloo,nfische2,r,08/19/2026,02:50:13,eddie@node1n12.ecdf.ed.ac.uk,1,6868
57704466,0.00137,runlisfloo,nfische2,r,08/19/2026,02:48:43,eddie@node1k19.ecdf.ed.ac.uk,1,6865
57704466,0.00137,runlisfloo,nfische2,r,08/19/2026,02:49:13,eddie@node1n09.ecdf.ed.ac.uk,1,6866
57704466,0.00137,runlisfloo,nfische2,r,08/19/2026,02:47:28,eddie@node1k10.ecdf.ed.ac.uk,1,6864
57704466,0.00137,runlisfloo,nfische2,r,08/19/2026,02:49:43,eddie@node1j13.ecdf.ed.ac.uk,1,6867
57704466,0.00137,runlisfloo,nfische2,r,08/19/2026,02:44:28,eddie@node1n01.ecdf.ed.ac.uk,1,6863
57744372,0.00137,ce1,gl02ad2,r,08/20/2026,10:54:15,eddie@node1l18.ecdf.ed.ac.uk,8
57760419,0.00137,snakemake,rroehe,r,08/20/2026,10:57:59,eddie@node1l03.ecdf.ed.ac.uk,8,7
57713059,0.00137,pub_T1-2,wwong3,r,08/18/2026,20:42:33,eddie@node1h11.ecdf.ed.ac.uk,16
57704466,0.00137,runlisfloo,nfische2,r,08/19/2026,02:38:28,eddie@node1k11.ecdf.ed.ac.uk,1,6862
57704466,0.00136,runlisfloo,nfische2,r,08/19/2026,02:34:13,eddie@node1n08.ecdf.ed.ac.uk,1,6861
57746402,0.00136,ce1,gl02ad2,r,08/20/2026,10:57:59,eddie@node1l13.ecdf.ed.ac.uk,8
57722544,0.00136,ce2,gl03pi18,r,08/19/2026,20:00:30,eddie@node1l17.ecdf.ed.ac.uk,8
57704466,0.00136,runlisfloo,nfische2,r,08/19/2026,02:28:43,eddie@node1j12.ecdf.ed.ac.uk,1,6859
57704466,0.00136,runlisfloo,nfische2,r,08/19/2026,02:28:58,eddie@node1k17.ecdf.ed.ac.uk,1,6860
57745992,0.00136,ce1,gl02ad2,r,08/20/2026,10:55:00,eddie@node1l16.ecdf.ed.ac.uk,8
57704466,0.00136,runlisfloo,nfische2,r,08/19/2026,02:23:58,eddie@node1k10.ecdf.ed.ac.uk,1,6858
57722919,0.00135,CO23d_mass,s2673720,r,08/19/2026,09:59:59,eddie@node1l06.ecdf.ed.ac.uk,20
57704466,0.00135,runlisfloo,nfische2,r,08/19/2026,02:17:43,eddie@node1k19.ecdf.ed.ac.uk,1,6856
57704466,0.00135,runlisfloo,nfische2,r,08/19/2026,02:17:58,eddie@node1n12.ecdf.ed.ac.uk,1,6857
57704466,0.00135,runlisfloo,nfische2,r,08/19/2026,02:13:13,eddie@node1k18.ecdf.ed.ac.uk,1,6855
57704466,0.00135,runlisfloo,nfische2,r,08/19/2026,02:10:13,eddie@node1n02.ecdf.ed.ac.uk,1,6854
57704466,0.00134,runlisfloo,nfische2,r,08/19/2026,02:03:58,eddie@node1k18.ecdf.ed.ac.uk,1,6853
57704466,0.00134,runlisfloo,nfische2,r,08/19/2026,01:53:28,eddie@node1k17.ecdf.ed.ac.uk,1,6849
57704466,0.00134,runlisfloo,nfische2,r,08/19/2026,01:54:58,eddie@node1k17.ecdf.ed.ac.uk,1,6850
57704466,0.00134,runlisfloo,nfische2,r,08/19/2026,01:55:58,eddie@node1n09.ecdf.ed.ac.uk,1,6851
57704466,0.00134,runlisfloo,nfische2,r,08/19/2026,01:58:43,eddie@node1k16.ecdf.ed.ac.uk,1,6852
57704466,0.00133,runlisfloo,nfische2,r,08/19/2026,01:47:28,eddie@node1n09.ecdf.ed.ac.uk,1,6845
57704466,0.00133,runlisfloo,nfische2,r,08/19/2026,01:48:28,eddie@node1n10.ecdf.ed.ac.uk,1,6846
57704466,0.00133,runlisfloo,nfische2,r,08/19/2026,01:49:13,eddie@node1n10.ecdf.ed.ac.uk,1,6847
57704466,0.00133,runlisfloo,nfische2,r,08/19/2026,01:50:13,eddie@node1k11.ecdf.ed.ac.uk,1,6848
57704466,0.00133,runlisfloo,nfische2,r,08/19/2026,01:41:58,eddie@node1k14.ecdf.ed.ac.uk,1,6843
57704466,0.00133,runlisfloo,nfische2,r,08/19/2026,01:46:43,eddie@node1k10.ecdf.ed.ac.uk,1,6844
57704466,0.00133,runlisfloo,nfische2,r,08/19/2026,01:35:43,eddie@node1k15.ecdf.ed.ac.uk,1,6841
57704466,0.00132,runlisfloo,nfische2,r,08/19/2026,01:36:58,eddie@node1k10.ecdf.ed.ac.uk,1,6842
57704466,0.00132,runlisfloo,nfische2,r,08/19/2026,01:32:58,eddie@node1k20.ecdf.ed.ac.uk,1,6838
57704466,0.00132,runlisfloo,nfische2,r,08/19/2026,01:33:28,eddie@node1k11.ecdf.ed.ac.uk,1,6839
57704466,0.00132,runlisfloo,nfische2,r,08/19/2026,01:33:43,eddie@node1k17.ecdf.ed.ac.uk,1,6840
57755827,0.00132,humann4,npeker,r,08/20/2026,10:01:48,eddie@node1g09.ecdf.ed.ac.uk,8,9
57704466,0.00132,runlisfloo,nfische2,r,08/19/2026,01:31:58,eddie@node1k10.ecdf.ed.ac.uk,1,6837
57704466,0.00132,runlisfloo,nfische2,r,08/19/2026,01:30:13,eddie@node1k18.ecdf.ed.ac.uk,1,6836
57704466,0.00132,runlisfloo,nfische2,r,08/19/2026,01:27:43,eddie@node1n09.ecdf.ed.ac.uk,1,6835
57722920,0.00132,CO23d_mala,s2673720,r,08/19/2026,10:00:14,eddie@node1i25.ecdf.ed.ac.uk,20
57704466,0.00132,runlisfloo,nfische2,r,08/19/2026,01:22:43,eddie@node1j12.ecdf.ed.ac.uk,1,6832
57704466,0.00132,runlisfloo,nfische2,r,08/19/2026,01:23:13,eddie@node1n08.ecdf.ed.ac.uk,1,6833
57704466,0.00132,runlisfloo,nfische2,r,08/19/2026,01:23:58,eddie@node1j13.ecdf.ed.ac.uk,1,6834
57704466,0.00132,runlisfloo,nfische2,r,08/19/2026,01:21:58,eddie@node1k13.ecdf.ed.ac.uk,1,6831
57704466,0.00132,runlisfloo,nfische2,r,08/19/2026,01:20:13,eddie@node1k20.ecdf.ed.ac.uk,1,6828
57704466,0.00132,runlisfloo,nfische2,r,08/19/2026,01:21:13,eddie@node1n09.ecdf.ed.ac.uk,1,6829
57704466,0.00132,runlisfloo,nfische2,r,08/19/2026,01:21:13,eddie@node1k14.ecdf.ed.ac.uk,1,6830
57704466,0.00131,runlisfloo,nfische2,r,08/19/2026,01:17:58,eddie@node1k10.ecdf.ed.ac.uk,1,6827
57704466,0.00131,runlisfloo,nfische2,r,08/19/2026,01:15:58,eddie@node1j13.ecdf.ed.ac.uk,1,6825
57704466,0.00131,runlisfloo,nfische2,r,08/19/2026,01:15:58,eddie@node1k14.ecdf.ed.ac.uk,1,6826
57704466,0.00131,runlisfloo,nfische2,r,08/19/2026,01:14:13,eddie@node1n01.ecdf.ed.ac.uk,1,6824
57704466,0.00131,runlisfloo,nfische2,r,08/19/2026,01:12:28,eddie@node1k11.ecdf.ed.ac.uk,1,6822
57704466,0.00131,runlisfloo,nfische2,r,08/19/2026,01:12:43,eddie@node1j12.ecdf.ed.ac.uk,1,6823
57704466,0.00131,runlisfloo,nfische2,r,08/19/2026,01:11:28,eddie@node1k18.ecdf.ed.ac.uk,1,6821
57704466,0.00131,runlisfloo,nfische2,r,08/19/2026,01:10:58,eddie@node1n10.ecdf.ed.ac.uk,1,6820
57723026,0.00130,oil2d_mcmc,s2673720,r,08/19/2026,10:27:52,eddie@node1m03.ecdf.ed.ac.uk,20
57704466,0.00130,runlisfloo,nfische2,r,08/18/2026,00:41:24,eddie@node1k16.ecdf.ed.ac.uk,1,6000
57754608,0.00130,ce2,gl03pi18,r,08/20/2026,11:41:47,eddie@node1l18.ecdf.ed.ac.uk,8
57704466,0.00130,runlisfloo,nfische2,r,08/19/2026,00:56:13,eddie@node1n02.ecdf.ed.ac.uk,1,6815
57704466,0.00130,runlisfloo,nfische2,r,08/19/2026,00:57:28,eddie@node1n09.ecdf.ed.ac.uk,1,6816
57704466,0.00130,runlisfloo,nfische2,r,08/19/2026,00:59:43,eddie@node1n10.ecdf.ed.ac.uk,1,6817
57704466,0.00130,runlisfloo,nfische2,r,08/19/2026,01:03:13,eddie@node1n09.ecdf.ed.ac.uk,1,6818
57704466,0.00130,runlisfloo,nfische2,r,08/19/2026,01:03:43,eddie@node1n10.ecdf.ed.ac.uk,1,6819
57704466,0.00129,runlisfloo,nfische2,r,08/19/2026,00:53:43,eddie@node1n06.ecdf.ed.ac.uk,1,6813
57704466,0.00129,runlisfloo,nfische2,r,08/19/2026,00:43:43,eddie@node1k17.ecdf.ed.ac.uk,1,6810
57704466,0.00129,runlisfloo,nfische2,r,08/19/2026,00:45:43,eddie@node1k10.ecdf.ed.ac.uk,1,6811
57704466,0.00129,runlisfloo,nfische2,r,08/19/2026,00:46:58,eddie@node1k15.ecdf.ed.ac.uk,1,6812
57704466,0.00129,runlisfloo,nfische2,r,08/19/2026,00:53:58,eddie@node1n09.ecdf.ed.ac.uk,1,6814
57713105,0.00129,pvb_T1-2,wwong3,r,08/18/2026,20:43:03,eddie@node1h16.ecdf.ed.ac.uk,16
57704466,0.00129,runlisfloo,nfische2,r,08/19/2026,00:40:43,eddie@node1k11.ecdf.ed.ac.uk,1,6805
57704466,0.00129,runlisfloo,nfische2,r,08/19/2026,00:40:58,eddie@node1k11.ecdf.ed.ac.uk,1,6806
57704466,0.00129,runlisfloo,nfische2,r,08/19/2026,00:41:28,eddie@node1n10.ecdf.ed.ac.uk,1,6807
57704466,0.00129,runlisfloo,nfische2,r,08/19/2026,00:41:43,eddie@node1k20.ecdf.ed.ac.uk,1,6808
57704466,0.00129,runlisfloo,nfische2,r,08/19/2026,00:41:43,eddie@node1k17.ecdf.ed.ac.uk,1,6809
57704466,0.00129,runlisfloo,nfische2,r,08/19/2026,00:39:58,eddie@node1k10.ecdf.ed.ac.uk,1,6804
57722921,0.00129,CO23d_ssv,s2673720,r,08/19/2026,10:00:14,eddie@node1l02.ecdf.ed.ac.uk,20
57704466,0.00129,runlisfloo,nfische2,r,08/19/2026,00:36:28,eddie@node1k12.ecdf.ed.ac.uk,1,6803
57747118,0.00129,ce1,gl02ad2,r,08/20/2026,11:20:41,eddie@node1l16.ecdf.ed.ac.uk,8
57748135,0.00128,ce1,gl02ad2,r,08/20/2026,11:39:30,eddie@node1l15.ecdf.ed.ac.uk,8
57704466,0.00128,runlisfloo,nfische2,r,08/19/2026,00:31:58,eddie@node1k18.ecdf.ed.ac.uk,1,6800
57704466,0.00128,runlisfloo,nfische2,r,08/19/2026,00:33:28,eddie@node1n08.ecdf.ed.ac.uk,1,6801
57704466,0.00128,runlisfloo,nfische2,r,08/19/2026,00:33:43,eddie@node1k13.ecdf.ed.ac.uk,1,6802
57747714,0.00128,ce1,gl02ad2,r,08/20/2026,11:22:09,eddie@node1l13.ecdf.ed.ac.uk,8
57762132,0.00128,ctMA-Tt-dr,wwong3,r,08/20/2026,12:04:45,eddie@node1s14.ecdf.ed.ac.uk,16
57760731,0.00128,shapeit2_p,arichmo2,r,08/20/2026,11:19:11,igmm_long@node1a04.ecdf.ed.ac.,8,7
57704466,0.00128,runlisfloo,nfische2,r,08/19/2026,00:25:28,eddie@node1n12.ecdf.ed.ac.uk,1,6795
57704466,0.00128,runlisfloo,nfische2,r,08/19/2026,00:26:28,eddie@node1n10.ecdf.ed.ac.uk,1,6796
57704466,0.00128,runlisfloo,nfische2,r,08/19/2026,00:26:58,eddie@node1k12.ecdf.ed.ac.uk,1,6797
57704466,0.00128,runlisfloo,nfische2,r,08/19/2026,00:27:28,eddie@node1k18.ecdf.ed.ac.uk,1,6798
57704466,0.00128,runlisfloo,nfische2,r,08/19/2026,00:28:13,eddie@node1n09.ecdf.ed.ac.uk,1,6799
57704466,0.00128,runlisfloo,nfische2,r,08/19/2026,00:21:58,eddie@node1n09.ecdf.ed.ac.uk,1,6793
57704466,0.00128,runlisfloo,nfische2,r,08/19/2026,00:22:43,eddie@node1j13.ecdf.ed.ac.uk,1,6794
57704466,0.00128,runlisfloo,nfische2,r,08/19/2026,00:20:28,eddie@node1k17.ecdf.ed.ac.uk,1,6791
57704466,0.00128,runlisfloo,nfische2,r,08/19/2026,00:20:58,eddie@node1k18.ecdf.ed.ac.uk,1,6792
57754618,0.00127,ce2,gl03pi18,r,08/20/2026,12:05:45,eddie@node1l14.ecdf.ed.ac.uk,8
57748239,0.00127,ce1,gl02ad2,r,08/20/2026,11:40:00,eddie@node1l13.ecdf.ed.ac.uk,8
57748321,0.00127,ce1,gl02ad2,r,08/20/2026,11:42:47,eddie@node1l13.ecdf.ed.ac.uk,8
57704466,0.00127,runlisfloo,nfische2,r,08/19/2026,00:10:58,eddie@node1n05.ecdf.ed.ac.uk,1,6787
57704466,0.00127,runlisfloo,nfische2,r,08/19/2026,00:11:13,eddie@node1k13.ecdf.ed.ac.uk,1,6788
57704466,0.00127,runlisfloo,nfische2,r,08/19/2026,00:11:43,eddie@node1k15.ecdf.ed.ac.uk,1,6789
57704466,0.00127,runlisfloo,nfische2,r,08/19/2026,00:13:28,eddie@node1k19.ecdf.ed.ac.uk,1,6790
57748772,0.00127,ce1,gl02ad2,r,08/20/2026,12:25:32,eddie@node1l16.ecdf.ed.ac.uk,8
57704466,0.00127,runlisfloo,nfische2,r,08/19/2026,00:08:13,eddie@node1k18.ecdf.ed.ac.uk,1,6786
57704466,0.00127,runlisfloo,nfische2,r,08/19/2026,00:07:43,eddie@node1n02.ecdf.ed.ac.uk,1,6785
57704466,0.00127,runlisfloo,nfische2,r,08/19/2026,00:06:28,eddie@node1n10.ecdf.ed.ac.uk,1,6784
57748937,0.00127,ce1,gl02ad2,r,08/20/2026,12:26:31,eddie@node1l13.ecdf.ed.ac.uk,8
57704466,0.00127,runlisfloo,nfische2,r,08/19/2026,00:03:43,eddie@node1n05.ecdf.ed.ac.uk,1,6782
57704466,0.00127,runlisfloo,nfische2,r,08/19/2026,00:04:13,eddie@node1k10.ecdf.ed.ac.uk,1,6783
57704466,0.00126,runlisfloo,nfische2,r,08/19/2026,00:01:43,eddie@node1k14.ecdf.ed.ac.uk,1,6781
57704466,0.00126,runlisfloo,nfische2,r,08/18/2026,23:59:43,eddie@node1k20.ecdf.ed.ac.uk,1,6779
57704466,0.00126,runlisfloo,nfische2,r,08/19/2026,00:00:19,eddie@node1k14.ecdf.ed.ac.uk,1,6780
57704466,0.00126,runlisfloo,nfische2,r,08/18/2026,23:57:58,eddie@node1n09.ecdf.ed.ac.uk,1,6778
57704466,0.00126,runlisfloo,nfische2,r,08/18/2026,23:57:28,eddie@node1n09.ecdf.ed.ac.uk,1,6777
57704466,0.00126,runlisfloo,nfische2,r,08/18/2026,23:55:28,eddie@node1k13.ecdf.ed.ac.uk,1,6776
57760419,0.00126,snakemake,rroehe,r,08/20/2026,10:57:59,eddie@node1m03.ecdf.ed.ac.uk,8,8
57748499,0.00126,ce1,gl02ad2,r,08/20/2026,11:51:30,eddie@node1l18.ecdf.ed.ac.uk,8
57754611,0.00126,ce2,gl03pi18,r,08/20/2026,11:47:42,eddie@node1l18.ecdf.ed.ac.uk,8
57704466,0.00126,runlisfloo,nfische2,r,08/18/2026,23:48:13,eddie@node1j13.ecdf.ed.ac.uk,1,6772
57704466,0.00126,runlisfloo,nfische2,r,08/18/2026,23:50:13,eddie@node1n10.ecdf.ed.ac.uk,1,6773
57704466,0.00126,runlisfloo,nfische2,r,08/18/2026,23:51:43,eddie@node1k20.ecdf.ed.ac.uk,1,6774
57749321,0.00125,ce1,gl02ad2,r,08/20/2026,12:32:16,eddie@node1l12.ecdf.ed.ac.uk,8
57749188,0.00125,ce1,gl02ad2,r,08/20/2026,12:31:16,eddie@node1l17.ecdf.ed.ac.uk,8
57749187,0.00125,ce1,gl02ad2,r,08/20/2026,12:30:31,eddie@node1l13.ecdf.ed.ac.uk,8
57704466,0.00125,runlisfloo,nfische2,r,08/18/2026,23:46:28,eddie@node1n09.ecdf.ed.ac.uk,1,6771
57704466,0.00125,runlisfloo,nfische2,r,08/18/2026,23:53:43,eddie@node1k14.ecdf.ed.ac.uk,1,6775
57704466,0.00125,runlisfloo,nfische2,r,08/18/2026,23:45:58,eddie@node1k14.ecdf.ed.ac.uk,1,6769
57704466,0.00125,runlisfloo,nfische2,r,08/18/2026,23:46:13,eddie@node1k12.ecdf.ed.ac.uk,1,6770
57754544,0.00125,ce1,gl03pi9,r,08/20/2026,12:32:01,eddie@node1l15.ecdf.ed.ac.uk,8
57704466,0.00125,runlisfloo,nfische2,r,08/18/2026,23:37:52,eddie@node1k18.ecdf.ed.ac.uk,1,6768
57704466,0.00125,runlisfloo,nfische2,r,08/18/2026,23:35:22,eddie@node1k20.ecdf.ed.ac.uk,1,6767
57704466,0.00124,runlisfloo,nfische2,r,08/18/2026,23:30:07,eddie@node1k12.ecdf.ed.ac.uk,1,6766
57704466,0.00124,runlisfloo,nfische2,r,08/18/2026,23:29:22,eddie@node1k14.ecdf.ed.ac.uk,1,6765
57704466,0.00124,runlisfloo,nfische2,r,08/18/2026,23:27:37,eddie@node1n12.ecdf.ed.ac.uk,1,6764
57735689,0.00124,QLOGIN,npeker,r,08/19/2026,14:59:56,eddie@node1j14.ecdf.ed.ac.uk,8
57750507,0.00124,ce1,gl02ad2,r,08/20/2026,12:53:39,eddie@node1l18.ecdf.ed.ac.uk,8
57704466,0.00124,runlisfloo,nfische2,r,08/18/2026,23:23:52,eddie@node1n01.ecdf.ed.ac.uk,1,6762
57704466,0.00124,runlisfloo,nfische2,r,08/18/2026,23:25:37,eddie@node1n10.ecdf.ed.ac.uk,1,6763
57704466,0.00124,runlisfloo,nfische2,r,08/18/2026,23:21:09,eddie@node1n07.ecdf.ed.ac.uk,1,6760
57704466,0.00124,runlisfloo,nfische2,r,08/18/2026,23:22:07,eddie@node1n10.ecdf.ed.ac.uk,1,6761
57704466,0.00124,runlisfloo,nfische2,r,08/18/2026,23:19:24,eddie@node1k17.ecdf.ed.ac.uk,1,6759
57754546,0.00124,ce1,gl03pi9,r,08/20/2026,12:37:31,eddie@node1l12.ecdf.ed.ac.uk,8
57704466,0.00123,runlisfloo,nfische2,r,08/18/2026,23:16:24,eddie@node1n10.ecdf.ed.ac.uk,1,6758
57704466,0.00123,runlisfloo,nfische2,r,08/18/2026,23:14:39,eddie@node1n12.ecdf.ed.ac.uk,1,6757
57750739,0.00123,ce1,gl02ad2,r,08/20/2026,12:54:24,eddie@node1l18.ecdf.ed.ac.uk,8
57769978,0.00123,nf-NFCORE_,cmetheri,r,08/20/2026,14:45:11,eddie@node1l03.ecdf.ed.ac.uk,4
57755827,0.00123,humann4,npeker,r,08/20/2026,10:01:48,eddie@node1g10.ecdf.ed.ac.uk,8,10
57704466,0.00123,runlisfloo,nfische2,r,08/18/2026,23:08:31,eddie@node1n09.ecdf.ed.ac.uk,1,6755
57704466,0.00123,runlisfloo,nfische2,r,08/18/2026,23:09:59,eddie@node1k11.ecdf.ed.ac.uk,1,6756
57750912,0.00123,ce1,gl02ad2,r,08/20/2026,12:54:39,eddie@node1l14.ecdf.ed.ac.uk,8
57704466,0.00123,runlisfloo,nfische2,r,08/18/2026,23:05:09,eddie@node1k20.ecdf.ed.ac.uk,1,6752
57704466,0.00123,runlisfloo,nfische2,r,08/18/2026,23:05:24,eddie@node1k14.ecdf.ed.ac.uk,1,6753
57704466,0.00123,runlisfloo,nfische2,r,08/18/2026,23:06:59,eddie@node1j13.ecdf.ed.ac.uk,1,6754
57704466,0.00123,runlisfloo,nfische2,r,08/18/2026,23:03:54,eddie@node1n02.ecdf.ed.ac.uk,1,6751
57704466,0.00122,runlisfloo,nfische2,r,08/18/2026,22:57:39,eddie@node1j12.ecdf.ed.ac.uk,1,6748
57704466,0.00122,runlisfloo,nfische2,r,08/18/2026,22:51:09,eddie@node1k10.ecdf.ed.ac.uk,1,6745
57704466,0.00122,runlisfloo,nfische2,r,08/18/2026,22:52:24,eddie@node1k14.ecdf.ed.ac.uk,1,6746
57704466,0.00122,runlisfloo,nfische2,r,08/18/2026,22:53:24,eddie@node1k15.ecdf.ed.ac.uk,1,6747
57704466,0.00122,runlisfloo,nfische2,r,08/18/2026,22:47:36,eddie@node1k14.ecdf.ed.ac.uk,1,6742
57704466,0.00122,runlisfloo,nfische2,r,08/18/2026,22:48:51,eddie@node1k14.ecdf.ed.ac.uk,1,6743
57704466,0.00122,runlisfloo,nfische2,r,08/18/2026,22:50:21,eddie@node1k11.ecdf.ed.ac.uk,1,6744
57704466,0.00122,runlisfloo,nfische2,r,08/18/2026,22:58:54,eddie@node1k15.ecdf.ed.ac.uk,1,6749
57704466,0.00122,runlisfloo,nfische2,r,08/18/2026,23:02:24,eddie@node1k13.ecdf.ed.ac.uk,1,6750
57704466,0.00122,runlisfloo,nfische2,r,08/18/2026,22:43:51,eddie@node1n02.ecdf.ed.ac.uk,1,6739
57704466,0.00122,runlisfloo,nfische2,r,08/18/2026,22:44:36,eddie@node1k15.ecdf.ed.ac.uk,1,6740
57704466,0.00122,runlisfloo,nfische2,r,08/18/2026,22:44:51,eddie@node1n10.ecdf.ed.ac.uk,1,6741
57704466,0.00121,runlisfloo,nfische2,r,08/18/2026,22:41:45,eddie@node1n09.ecdf.ed.ac.uk,1,6738
57704466,0.00121,runlisfloo,nfische2,r,08/18/2026,22:37:30,eddie@node1n12.ecdf.ed.ac.uk,1,6733
57704466,0.00121,runlisfloo,nfische2,r,08/18/2026,22:37:45,eddie@node1k15.ecdf.ed.ac.uk,1,6734
57704466,0.00121,runlisfloo,nfische2,r,08/18/2026,22:39:45,eddie@node1k15.ecdf.ed.ac.uk,1,6735
57704466,0.00121,runlisfloo,nfische2,r,08/18/2026,22:40:15,eddie@node1n06.ecdf.ed.ac.uk,1,6736
57704466,0.00121,runlisfloo,nfische2,r,08/18/2026,22:40:15,eddie@node1k14.ecdf.ed.ac.uk,1,6737
57704466,0.00121,runlisfloo,nfische2,r,08/18/2026,22:34:45,eddie@node1k14.ecdf.ed.ac.uk,1,6732
57704466,0.00121,runlisfloo,nfische2,r,08/18/2026,22:27:30,eddie@node1k11.ecdf.ed.ac.uk,1,6731
57769901,0.00120,cover_sim,s2441782,r,08/20/2026,14:42:35,eddie@node1r20.ecdf.ed.ac.uk,8,5
57704466,0.00120,runlisfloo,nfische2,r,08/18/2026,22:26:15,eddie@node1k12.ecdf.ed.ac.uk,1,6730
57704466,0.00120,runlisfloo,nfische2,r,08/18/2026,22:23:30,eddie@node1j13.ecdf.ed.ac.uk,1,6728
57704466,0.00120,runlisfloo,nfische2,r,08/18/2026,22:24:00,eddie@node1n12.ecdf.ed.ac.uk,1,6729
57704466,0.00120,runlisfloo,nfische2,r,08/18/2026,22:22:00,eddie@node1k19.ecdf.ed.ac.uk,1,6727
57704466,0.00120,runlisfloo,nfische2,r,08/18/2026,22:18:45,eddie@node1k15.ecdf.ed.ac.uk,1,6726
57704466,0.00120,runlisfloo,nfische2,r,08/18/2026,22:17:30,eddie@node1n02.ecdf.ed.ac.uk,1,6725
57704466,0.00120,runlisfloo,nfische2,r,08/18/2026,22:16:27,eddie@node1n02.ecdf.ed.ac.uk,1,6724
57704466,0.00120,runlisfloo,nfische2,r,08/18/2026,22:14:27,eddie@node1k12.ecdf.ed.ac.uk,1,6723
57704466,0.00119,runlisfloo,nfische2,r,08/18/2026,22:13:42,eddie@node1j12.ecdf.ed.ac.uk,1,6722
57704466,0.00119,runlisfloo,nfische2,r,08/18/2026,22:12:42,eddie@node1s12.ecdf.ed.ac.uk,1,6721
57704466,0.00119,runlisfloo,nfische2,r,08/18/2026,22:09:57,eddie@node1n09.ecdf.ed.ac.uk,1,6720
57704466,0.00119,runlisfloo,nfische2,r,08/18/2026,22:06:27,eddie@node1k11.ecdf.ed.ac.uk,1,6719
57704466,0.00119,runlisfloo,nfische2,r,08/18/2026,22:05:57,eddie@node1k15.ecdf.ed.ac.uk,1,6718
57704466,0.00119,runlisfloo,nfische2,r,08/18/2026,22:04:27,eddie@node1n09.ecdf.ed.ac.uk,1,6717
57704466,0.00119,runlisfloo,nfische2,r,08/18/2026,22:03:42,eddie@node1s12.ecdf.ed.ac.uk,1,6715
57704466,0.00119,runlisfloo,nfische2,r,08/18/2026,22:04:12,eddie@node1n12.ecdf.ed.ac.uk,1,6716
57704466,0.00119,runlisfloo,nfische2,r,08/18/2026,21:59:27,eddie@node1j13.ecdf.ed.ac.uk,1,6714
57704466,0.00119,runlisfloo,nfische2,r,08/18/2026,21:58:42,eddie@node1k16.ecdf.ed.ac.uk,1,6712
57704466,0.00119,runlisfloo,nfische2,r,08/18/2026,21:58:42,eddie@node1k10.ecdf.ed.ac.uk,1,6713
57704466,0.00118,runlisfloo,nfische2,r,08/18/2026,21:56:12,eddie@node1k12.ecdf.ed.ac.uk,1,6711
57762658,0.00118,ttMA-Tp-dr,wwong3,r,08/20/2026,12:06:15,eddie@node1h11.ecdf.ed.ac.uk,16
57704466,0.00118,runlisfloo,nfische2,r,08/18/2026,21:52:12,eddie@node1s12.ecdf.ed.ac.uk,1,6710
57704466,0.00118,runlisfloo,nfische2,r,08/18/2026,21:46:12,eddie@node1n03.ecdf.ed.ac.uk,1,6709
57704466,0.00117,runlisfloo,nfische2,r,08/18/2026,00:50:09,eddie@node1j12.ecdf.ed.ac.uk,1,6001
57762190,0.00117,ttMA-Tt-dr,wwong3,r,08/20/2026,12:05:00,eddie@node1r19.ecdf.ed.ac.uk,16
57704466,0.00117,runlisfloo,nfische2,r,08/18/2026,21:40:12,eddie@node1s12.ecdf.ed.ac.uk,1,6707
57704466,0.00117,runlisfloo,nfische2,r,08/18/2026,21:43:42,eddie@node1n10.ecdf.ed.ac.uk,1,6708
57704466,0.00117,runlisfloo,nfische2,r,08/18/2026,21:38:57,eddie@node1k10.ecdf.ed.ac.uk,1,6705
57704466,0.00117,runlisfloo,nfische2,r,08/18/2026,21:39:12,eddie@node1k15.ecdf.ed.ac.uk,1,6706
57760419,0.00117,snakemake,rroehe,r,08/20/2026,10:57:59,eddie@node1l07.ecdf.ed.ac.uk,8,9
57704466,0.00117,runlisfloo,nfische2,r,08/18/2026,21:37:27,eddie@node1k14.ecdf.ed.ac.uk,1,6704
57704466,0.00117,runlisfloo,nfische2,r,08/18/2026,21:33:42,eddie@node1n12.ecdf.ed.ac.uk,1,6702
57704466,0.00117,runlisfloo,nfische2,r,08/18/2026,21:35:12,eddie@node1k18.ecdf.ed.ac.uk,1,6703
57704466,0.00117,runlisfloo,nfische2,r,08/18/2026,21:30:27,eddie@node1k18.ecdf.ed.ac.uk,1,6701
57704466,0.00116,runlisfloo,nfische2,r,08/18/2026,21:19:57,eddie@node1n09.ecdf.ed.ac.uk,1,6700
57704466,0.00116,runlisfloo,nfische2,r,08/18/2026,21:16:42,eddie@node1k13.ecdf.ed.ac.uk,1,6698
57704466,0.00116,runlisfloo,nfische2,r,08/18/2026,21:18:57,eddie@node1k11.ecdf.ed.ac.uk,1,6699
57751147,0.00116,ce1,gl02ad2,r,08/20/2026,13:02:48,eddie@node1l13.ecdf.ed.ac.uk,8
57704466,0.00116,runlisfloo,nfische2,r,08/18/2026,21:12:57,eddie@node1k17.ecdf.ed.ac.uk,1,6697
57704466,0.00115,runlisfloo,nfische2,r,08/18/2026,21:04:27,eddie@node1j12.ecdf.ed.ac.uk,1,6696
57704466,0.00115,runlisfloo,nfische2,r,08/18/2026,21:03:42,eddie@node1k10.ecdf.ed.ac.uk,1,6695
57755827,0.00115,humann4,npeker,r,08/20/2026,10:01:48,eddie@node1g08.ecdf.ed.ac.uk,8,11
57704466,0.00115,runlisfloo,nfische2,r,08/18/2026,21:02:17,eddie@node1k14.ecdf.ed.ac.uk,1,6694
57767491,0.00115,trim_galor,s2742483,r,08/20/2026,14:16:53,eddie@node1m05.ecdf.ed.ac.uk,4,5
57754617,0.00115,ce1,gl03pi9,r,08/20/2026,13:25:43,eddie@node1l17.ecdf.ed.ac.uk,8
57704466,0.00114,runlisfloo,nfische2,r,08/18/2026,20:55:47,eddie@node1k20.ecdf.ed.ac.uk,1,6693
57704466,0.00114,runlisfloo,nfische2,r,08/18/2026,20:52:33,eddie@node1n09.ecdf.ed.ac.uk,1,6692
57704466,0.00114,runlisfloo,nfische2,r,08/18/2026,20:49:32,eddie@node1k10.ecdf.ed.ac.uk,1,6691
57704466,0.00114,runlisfloo,nfische2,r,08/18/2026,20:47:18,eddie@node1k11.ecdf.ed.ac.uk,1,6690
57704466,0.00114,runlisfloo,nfische2,r,08/18/2026,20:46:18,eddie@node1k15.ecdf.ed.ac.uk,1,6689
57704466,0.00114,runlisfloo,nfische2,r,08/18/2026,20:45:03,eddie@node1j13.ecdf.ed.ac.uk,1,6688
57704466,0.00114,runlisfloo,nfische2,r,08/18/2026,20:38:32,eddie@node1j13.ecdf.ed.ac.uk,1,6684
57704466,0.00114,runlisfloo,nfische2,r,08/18/2026,20:43:03,eddie@node1k13.ecdf.ed.ac.uk,1,6687
57751800,0.00114,ce1,gl02ad2,r,08/20/2026,13:03:18,eddie@node1l18.ecdf.ed.ac.uk,8
57704466,0.00114,runlisfloo,nfische2,r,08/18/2026,20:37:17,eddie@node1n05.ecdf.ed.ac.uk,1,6683
57754621,0.00113,ce1,gl03pi9,r,08/20/2026,13:27:28,eddie@node1l12.ecdf.ed.ac.uk,8
57704466,0.00113,runlisfloo,nfische2,r,08/18/2026,20:29:02,eddie@node1j13.ecdf.ed.ac.uk,1,6682
57704466,0.00113,runlisfloo,nfische2,r,08/18/2026,20:25:17,eddie@node1n06.ecdf.ed.ac.uk,1,6678
57704466,0.00113,runlisfloo,nfische2,r,08/18/2026,20:25:32,eddie@node1n02.ecdf.ed.ac.uk,1,6679
57704466,0.00113,runlisfloo,nfische2,r,08/18/2026,20:27:02,eddie@node1k17.ecdf.ed.ac.uk,1,6680
57704466,0.00113,runlisfloo,nfische2,r,08/18/2026,20:28:17,eddie@node1n09.ecdf.ed.ac.uk,1,6681
57704466,0.00113,runlisfloo,nfische2,r,08/18/2026,20:23:17,eddie@node1k18.ecdf.ed.ac.uk,1,6676
57704466,0.00113,runlisfloo,nfische2,r,08/18/2026,20:23:17,eddie@node1k14.ecdf.ed.ac.uk,1,6677
57704466,0.00113,runlisfloo,nfische2,r,08/18/2026,20:23:02,eddie@node1n07.ecdf.ed.ac.uk,1,6675
57704466,0.00112,runlisfloo,nfische2,r,08/18/2026,20:22:33,eddie@node1k17.ecdf.ed.ac.uk,1,6674
57704466,0.00112,runlisfloo,nfische2,r,08/18/2026,20:21:02,eddie@node1j13.ecdf.ed.ac.uk,1,6673
57704466,0.00112,runlisfloo,nfische2,r,08/18/2026,20:20:47,eddie@node1n10.ecdf.ed.ac.uk,1,6672
57704466,0.00112,runlisfloo,nfische2,r,08/18/2026,20:20:17,eddie@node1j13.ecdf.ed.ac.uk,1,6671
57704466,0.00112,runlisfloo,nfische2,r,08/18/2026,20:19:08,eddie@node1n05.ecdf.ed.ac.uk,1,6669
57704466,0.00112,runlisfloo,nfische2,r,08/18/2026,20:19:08,eddie@node1s12.ecdf.ed.ac.uk,1,6670
57704466,0.00112,runlisfloo,nfische2,r,08/18/2026,20:16:16,eddie@node1n08.ecdf.ed.ac.uk,1,6655
57704466,0.00112,runlisfloo,nfische2,r,08/18/2026,20:18:27,eddie@node1n02.ecdf.ed.ac.uk,1,6656
57704466,0.00112,runlisfloo,nfische2,r,08/18/2026,20:18:27,eddie@node1n05.ecdf.ed.ac.uk,1,6657
57704466,0.00112,runlisfloo,nfische2,r,08/18/2026,20:18:27,eddie@node1n01.ecdf.ed.ac.uk,1,6658
57704466,0.00112,runlisfloo,nfische2,r,08/18/2026,20:18:27,eddie@node1n08.ecdf.ed.ac.uk,1,6659
57704466,0.00112,runlisfloo,nfische2,r,08/18/2026,20:18:27,eddie@node1n01.ecdf.ed.ac.uk,1,6660
57704466,0.00112,runlisfloo,nfische2,r,08/18/2026,20:18:27,eddie@node1n08.ecdf.ed.ac.uk,1,6661
57704466,0.00112,runlisfloo,nfische2,r,08/18/2026,20:18:27,eddie@node1s12.ecdf.ed.ac.uk,1,6662
57704466,0.00112,runlisfloo,nfische2,r,08/18/2026,20:18:27,eddie@node1s12.ecdf.ed.ac.uk,1,6663
57704466,0.00112,runlisfloo,nfische2,r,08/18/2026,20:18:27,eddie@node1k13.ecdf.ed.ac.uk,1,6664
57704466,0.00112,runlisfloo,nfische2,r,08/18/2026,20:18:51,eddie@node1n07.ecdf.ed.ac.uk,1,6665
57704466,0.00112,runlisfloo,nfische2,r,08/18/2026,20:18:51,eddie@node1n06.ecdf.ed.ac.uk,1,6666
57704466,0.00112,runlisfloo,nfische2,r,08/18/2026,20:18:51,eddie@node1n08.ecdf.ed.ac.uk,1,6667
57704466,0.00112,runlisfloo,nfische2,r,08/18/2026,20:18:51,eddie@node1n11.ecdf.ed.ac.uk,1,6668
57704466,0.00112,runlisfloo,nfische2,r,08/18/2026,20:14:02,eddie@node1n01.ecdf.ed.ac.uk,1,6654
57704466,0.00112,runlisfloo,nfische2,r,08/18/2026,20:13:32,eddie@node1n11.ecdf.ed.ac.uk,1,6653
57704466,0.00112,runlisfloo,nfische2,r,08/18/2026,20:12:17,eddie@node1n12.ecdf.ed.ac.uk,1,6652
57704466,0.00112,runlisfloo,nfische2,r,08/18/2026,20:11:46,eddie@node1n06.ecdf.ed.ac.uk,1,6651
57704466,0.00112,runlisfloo,nfische2,r,08/18/2026,20:11:01,eddie@node1k16.ecdf.ed.ac.uk,1,6650
57704466,0.00112,runlisfloo,nfische2,r,08/18/2026,20:08:17,eddie@node1k10.ecdf.ed.ac.uk,1,6649
57722807,0.00112,s5_21_2021,yhu5,r,08/19/2026,09:26:55,eddie@node1o04.ecdf.ed.ac.uk,1
57769850,0.00111,chandran_w,mharvey2,r,08/20/2026,14:40:45,staging@node1f14.ecdf.ed.ac.uk,1
57704466,0.00111,runlisfloo,nfische2,r,08/18/2026,20:06:17,eddie@node1k20.ecdf.ed.ac.uk,1,6648
57704466,0.00111,runlisfloo,nfische2,r,08/18/2026,20:04:32,eddie@node1k14.ecdf.ed.ac.uk,1,6646
57704466,0.00111,runlisfloo,nfische2,r,08/18/2026,20:05:02,eddie@node1n09.ecdf.ed.ac.uk,1,6647
57704466,0.00111,runlisfloo,nfische2,r,08/18/2026,20:01:47,eddie@node1j12.ecdf.ed.ac.uk,1,6641
57704466,0.00111,runlisfloo,nfische2,r,08/18/2026,20:02:02,eddie@node1n08.ecdf.ed.ac.uk,1,6642
57704466,0.00111,runlisfloo,nfische2,r,08/18/2026,20:03:17,eddie@node1k18.ecdf.ed.ac.uk,1,6643
57704466,0.00111,runlisfloo,nfische2,r,08/18/2026,20:04:02,eddie@node1n06.ecdf.ed.ac.uk,1,6644
57704466,0.00111,runlisfloo,nfische2,r,08/18/2026,20:04:17,eddie@node1n02.ecdf.ed.ac.uk,1,6645
57704466,0.00111,runlisfloo,nfische2,r,08/18/2026,19:58:02,eddie@node1k14.ecdf.ed.ac.uk,1,6638
57704466,0.00111,runlisfloo,nfische2,r,08/18/2026,19:59:47,eddie@node1k11.ecdf.ed.ac.uk,1,6639
57704466,0.00111,runlisfloo,nfische2,r,08/18/2026,20:00:01,eddie@node1k19.ecdf.ed.ac.uk,1,6640
57704466,0.00111,runlisfloo,nfische2,r,08/18/2026,19:53:46,eddie@node1k18.ecdf.ed.ac.uk,1,6633
57704466,0.00111,runlisfloo,nfische2,r,08/18/2026,19:54:01,eddie@node1k16.ecdf.ed.ac.uk,1,6634
57704466,0.00111,runlisfloo,nfische2,r,08/18/2026,19:54:46,eddie@node1k17.ecdf.ed.ac.uk,1,6635
57704466,0.00111,runlisfloo,nfische2,r,08/18/2026,19:56:16,eddie@node1k18.ecdf.ed.ac.uk,1,6636
57704466,0.00111,runlisfloo,nfische2,r,08/18/2026,19:56:31,eddie@node1n10.ecdf.ed.ac.uk,1,6637
57754911,0.00110,ce2,gl03pi18,r,08/20/2026,13:52:04,eddie@node1l13.ecdf.ed.ac.uk,8
57704466,0.00110,runlisfloo,nfische2,r,08/18/2026,19:51:01,eddie@node1k13.ecdf.ed.ac.uk,1,6631
57704466,0.00110,runlisfloo,nfische2,r,08/18/2026,19:52:31,eddie@node1j13.ecdf.ed.ac.uk,1,6632
57704466,0.00110,runlisfloo,nfische2,r,08/18/2026,19:49:01,eddie@node1k16.ecdf.ed.ac.uk,1,6630
57704466,0.00110,runlisfloo,nfische2,r,08/18/2026,19:47:46,eddie@node1n05.ecdf.ed.ac.uk,1,6629
57704466,0.00110,runlisfloo,nfische2,r,08/18/2026,19:45:01,eddie@node1k12.ecdf.ed.ac.uk,1,6627
57704466,0.00110,runlisfloo,nfische2,r,08/18/2026,19:45:01,eddie@node1k10.ecdf.ed.ac.uk,1,6628
57704466,0.00110,runlisfloo,nfische2,r,08/18/2026,19:44:01,eddie@node1k17.ecdf.ed.ac.uk,1,6626
57704466,0.00110,runlisfloo,nfische2,r,08/18/2026,19:43:31,eddie@node1k10.ecdf.ed.ac.uk,1,6625
57704466,0.00110,runlisfloo,nfische2,r,08/18/2026,19:43:00,eddie@node1j13.ecdf.ed.ac.uk,1,6624
57704466,0.00110,runlisfloo,nfische2,r,08/18/2026,19:42:15,eddie@node1n01.ecdf.ed.ac.uk,1,6623
57704466,0.00110,runlisfloo,nfische2,r,08/18/2026,19:41:45,eddie@node1n05.ecdf.ed.ac.uk,1,6621
57704466,0.00110,runlisfloo,nfische2,r,08/18/2026,19:41:46,eddie@node1n09.ecdf.ed.ac.uk,1,6622
57704466,0.00110,runlisfloo,nfische2,r,08/18/2026,19:40:30,eddie@node1n10.ecdf.ed.ac.uk,1,6620
57754855,0.00110,ce1,gl03pi9,r,08/20/2026,14:37:18,eddie@node1l11.ecdf.ed.ac.uk,8
57754586,0.00110,ce1,gl02ad2,r,08/20/2026,14:41:19,eddie@node1l11.ecdf.ed.ac.uk,8
57760419,0.00110,snakemake,rroehe,r,08/20/2026,10:57:59,eddie@node1m10.ecdf.ed.ac.uk,8,10
57704466,0.00109,runlisfloo,nfische2,r,08/18/2026,19:31:31,eddie@node1n10.ecdf.ed.ac.uk,1,6616
57704466,0.00109,runlisfloo,nfische2,r,08/18/2026,19:28:01,eddie@node1k14.ecdf.ed.ac.uk,1,6612
57704466,0.00109,runlisfloo,nfische2,r,08/18/2026,19:31:46,eddie@node1k13.ecdf.ed.ac.uk,1,6617
57704466,0.00109,runlisfloo,nfische2,r,08/18/2026,19:29:16,eddie@node1n02.ecdf.ed.ac.uk,1,6613
57704466,0.00109,runlisfloo,nfische2,r,08/18/2026,19:29:46,eddie@node1j12.ecdf.ed.ac.uk,1,6614
57704466,0.00109,runlisfloo,nfische2,r,08/18/2026,19:35:16,eddie@node1j12.ecdf.ed.ac.uk,1,6619
57704466,0.00109,runlisfloo,nfische2,r,08/18/2026,19:30:01,eddie@node1n10.ecdf.ed.ac.uk,1,6615
57704466,0.00109,runlisfloo,nfische2,r,08/18/2026,19:32:16,eddie@node1k14.ecdf.ed.ac.uk,1,6618
57754525,0.00109,ce1,gl02ad2,r,08/20/2026,14:35:10,eddie@node1l16.ecdf.ed.ac.uk,8
57704466,0.00108,runlisfloo,nfische2,r,08/18/2026,19:17:46,eddie@node1k15.ecdf.ed.ac.uk,1,6611
57754518,0.00108,ce1,gl02ad2,r,08/20/2026,13:54:32,eddie@node1l16.ecdf.ed.ac.uk,8
57704466,0.00108,runlisfloo,nfische2,r,08/18/2026,19:12:46,eddie@node1k20.ecdf.ed.ac.uk,1,6607
57704466,0.00108,runlisfloo,nfische2,r,08/18/2026,19:13:01,eddie@node1k17.ecdf.ed.ac.uk,1,6608
57704466,0.00108,runlisfloo,nfische2,r,08/18/2026,19:13:16,eddie@node1k17.ecdf.ed.ac.uk,1,6609
57704466,0.00108,runlisfloo,nfische2,r,08/18/2026,19:14:16,eddie@node1n05.ecdf.ed.ac.uk,1,6610
57704466,0.00108,runlisfloo,nfische2,r,08/18/2026,19:09:01,eddie@node1n10.ecdf.ed.ac.uk,1,6603
57704466,0.00108,runlisfloo,nfische2,r,08/18/2026,01:11:17,eddie@node1k15.ecdf.ed.ac.uk,1,6002
57704466,0.00108,runlisfloo,nfische2,r,08/18/2026,19:08:16,eddie@node1n01.ecdf.ed.ac.uk,1,6602
57704466,0.00108,runlisfloo,nfische2,r,08/18/2026,19:07:01,eddie@node1k18.ecdf.ed.ac.uk,1,6599
57704466,0.00108,runlisfloo,nfische2,r,08/18/2026,19:08:01,eddie@node1k19.ecdf.ed.ac.uk,1,6601
57704466,0.00108,runlisfloo,nfische2,r,08/18/2026,19:06:31,eddie@node1k14.ecdf.ed.ac.uk,1,6598
57704466,0.00107,runlisfloo,nfische2,r,08/18/2026,19:05:31,eddie@node1n01.ecdf.ed.ac.uk,1,6597
57704466,0.00107,runlisfloo,nfische2,r,08/18/2026,19:04:31,eddie@node1n12.ecdf.ed.ac.uk,1,6596
57704466,0.00107,runlisfloo,nfische2,r,08/18/2026,19:03:31,eddie@node1n01.ecdf.ed.ac.uk,1,6595
57769901,0.00107,cover_sim,s2441782,r,08/20/2026,14:42:35,eddie@node1s17.ecdf.ed.ac.uk,8,6
57704466,0.00107,runlisfloo,nfische2,r,08/18/2026,18:57:06,eddie@node1k16.ecdf.ed.ac.uk,1,6592
57704466,0.00107,runlisfloo,nfische2,r,08/18/2026,18:58:22,eddie@node1k14.ecdf.ed.ac.uk,1,6593
57704466,0.00107,runlisfloo,nfische2,r,08/18/2026,19:02:42,eddie@node1k15.ecdf.ed.ac.uk,1,6594
57704466,0.00107,runlisfloo,nfische2,r,08/18/2026,18:56:22,eddie@node1n12.ecdf.ed.ac.uk,1,6591
57704466,0.00107,runlisfloo,nfische2,r,08/18/2026,18:55:36,eddie@node1k14.ecdf.ed.ac.uk,1,6590
57704466,0.00106,runlisfloo,nfische2,r,08/18/2026,18:54:22,eddie@node1k13.ecdf.ed.ac.uk,1,6588
57704466,0.00106,runlisfloo,nfische2,r,08/18/2026,18:54:37,eddie@node1k19.ecdf.ed.ac.uk,1,6589
57704466,0.00106,runlisfloo,nfische2,r,08/18/2026,18:51:07,eddie@node1n10.ecdf.ed.ac.uk,1,6585
57704466,0.00106,runlisfloo,nfische2,r,08/18/2026,18:52:52,eddie@node1k16.ecdf.ed.ac.uk,1,6586
57704466,0.00106,runlisfloo,nfische2,r,08/18/2026,18:54:07,eddie@node1k17.ecdf.ed.ac.uk,1,6587
57704466,0.00106,runlisfloo,nfische2,r,08/18/2026,18:47:07,eddie@node1s12.ecdf.ed.ac.uk,1,6584
57728307,0.00106,runlisfloo,asiripat,r,08/20/2026,14:03:15,eddie@node1k18.ecdf.ed.ac.uk,1,8603
57766968,0.00106,xTissue_5_,smoon,r,08/20/2026,14:12:24,eddie@node1q15.ecdf.ed.ac.uk,1
57766995,0.00106,QLOGIN,s1626483,r,08/20/2026,14:12:24,staging@node1f17.ecdf.ed.ac.uk,1
57704466,0.00105,runlisfloo,nfische2,r,08/18/2026,18:36:22,eddie@node1n10.ecdf.ed.ac.uk,1,6580
57704466,0.00105,runlisfloo,nfische2,r,08/18/2026,18:33:52,eddie@node1k15.ecdf.ed.ac.uk,1,6577
57704466,0.00105,runlisfloo,nfische2,r,08/18/2026,18:33:52,eddie@node1k17.ecdf.ed.ac.uk,1,6578
57704466,0.00105,runlisfloo,nfische2,r,08/18/2026,18:35:22,eddie@node1j13.ecdf.ed.ac.uk,1,6579
57704466,0.00105,runlisfloo,nfische2,r,08/18/2026,18:41:37,eddie@node1k17.ecdf.ed.ac.uk,1,6581
57704466,0.00105,runlisfloo,nfische2,r,08/18/2026,18:44:22,eddie@node1n01.ecdf.ed.ac.uk,1,6582
57704466,0.00105,runlisfloo,nfische2,r,08/18/2026,18:44:22,eddie@node1n09.ecdf.ed.ac.uk,1,6583
57704466,0.00105,runlisfloo,nfische2,r,08/18/2026,18:33:22,eddie@node1k10.ecdf.ed.ac.uk,1,6576
57765505,0.00105,survival_a,s2446399,r,08/20/2026,13:57:50,eddie@node1k08.ecdf.ed.ac.uk,4
57704466,0.00105,runlisfloo,nfische2,r,08/18/2026,18:31:18,eddie@node1k15.ecdf.ed.ac.uk,1,6575
57704466,0.00105,runlisfloo,nfische2,r,08/18/2026,18:27:33,eddie@node1k16.ecdf.ed.ac.uk,1,6571
57704466,0.00105,runlisfloo,nfische2,r,08/18/2026,18:28:03,eddie@node1s12.ecdf.ed.ac.uk,1,6572
57704466,0.00105,runlisfloo,nfische2,r,08/18/2026,18:30:03,eddie@node1k11.ecdf.ed.ac.uk,1,6573
57704466,0.00105,runlisfloo,nfische2,r,08/18/2026,18:30:48,eddie@node1k11.ecdf.ed.ac.uk,1,6574
57704466,0.00104,runlisfloo,nfische2,r,08/18/2026,18:19:33,eddie@node1s11.ecdf.ed.ac.uk,1,6570
57769979,0.00104,nf-NFCORE_,cmetheri,r,08/20/2026,14:45:11,eddie@node1l03.ecdf.ed.ac.uk,4
57770021,0.00104,survival_a,s2446399,r,08/20/2026,14:45:37,eddie@node1r06.ecdf.ed.ac.uk,4
57704466,0.00104,runlisfloo,nfische2,r,08/18/2026,18:14:33,eddie@node1k12.ecdf.ed.ac.uk,1,6562
57704466,0.00104,runlisfloo,nfische2,r,08/18/2026,18:14:48,eddie@node1s12.ecdf.ed.ac.uk,1,6563
57704466,0.00104,runlisfloo,nfische2,r,08/18/2026,18:15:33,eddie@node1n12.ecdf.ed.ac.uk,1,6564
57704466,0.00104,runlisfloo,nfische2,r,08/18/2026,18:16:03,eddie@node1k12.ecdf.ed.ac.uk,1,6565
57704466,0.00104,runlisfloo,nfische2,r,08/18/2026,18:16:18,eddie@node1k14.ecdf.ed.ac.uk,1,6566
57704466,0.00104,runlisfloo,nfische2,r,08/18/2026,18:16:33,eddie@node1n12.ecdf.ed.ac.uk,1,6567
57704466,0.00104,runlisfloo,nfische2,r,08/18/2026,18:17:18,eddie@node1k19.ecdf.ed.ac.uk,1,6568
57704466,0.00104,runlisfloo,nfische2,r,08/18/2026,18:18:03,eddie@node1s12.ecdf.ed.ac.uk,1,6569
57763184,0.00104,survival_a,s2446399,r,08/20/2026,13:30:40,eddie@node1l27.ecdf.ed.ac.uk,4
57704466,0.00104,runlisfloo,nfische2,r,08/18/2026,18:09:03,eddie@node1j12.ecdf.ed.ac.uk,1,6556
57704466,0.00104,runlisfloo,nfische2,r,08/18/2026,18:09:48,eddie@node1k13.ecdf.ed.ac.uk,1,6557
57704466,0.00104,runlisfloo,nfische2,r,08/18/2026,18:10:48,eddie@node1j13.ecdf.ed.ac.uk,1,6558
57704466,0.00104,runlisfloo,nfische2,r,08/18/2026,18:11:33,eddie@node1s09.ecdf.ed.ac.uk,1,6559
57704466,0.00104,runlisfloo,nfische2,r,08/18/2026,18:11:48,eddie@node1k10.ecdf.ed.ac.uk,1,6560
57704466,0.00104,runlisfloo,nfische2,r,08/18/2026,18:12:33,eddie@node1s11.ecdf.ed.ac.uk,1,6561
57704466,0.00104,runlisfloo,nfische2,r,08/18/2026,18:04:33,eddie@node1n03.ecdf.ed.ac.uk,1,6553
57704466,0.00104,runlisfloo,nfische2,r,08/18/2026,18:05:48,eddie@node1k10.ecdf.ed.ac.uk,1,6554
57704466,0.00104,runlisfloo,nfische2,r,08/18/2026,18:06:48,eddie@node1k15.ecdf.ed.ac.uk,1,6555
57704466,0.00102,runlisfloo,nfische2,r,08/18/2026,17:59:18,eddie@node1k11.ecdf.ed.ac.uk,1,6550
57704466,0.00102,runlisfloo,nfische2,r,08/18/2026,17:59:33,eddie@node1k13.ecdf.ed.ac.uk,1,6551
57704466,0.00102,runlisfloo,nfische2,r,08/18/2026,18:01:33,eddie@node1k19.ecdf.ed.ac.uk,1,6552
57704466,0.00102,runlisfloo,nfische2,r,08/18/2026,17:47:18,eddie@node1k18.ecdf.ed.ac.uk,1,6546
57704466,0.00102,runlisfloo,nfische2,r,08/18/2026,17:47:48,eddie@node1n08.ecdf.ed.ac.uk,1,6547
57704466,0.00102,runlisfloo,nfische2,r,08/18/2026,17:49:33,eddie@node1k11.ecdf.ed.ac.uk,1,6548
57704466,0.00102,runlisfloo,nfische2,r,08/18/2026,17:50:33,eddie@node1k12.ecdf.ed.ac.uk,1,6549
57728307,0.00102,runlisfloo,asiripat,r,08/20/2026,13:06:38,eddie@node1k12.ecdf.ed.ac.uk,1,8602
57728307,0.00102,runlisfloo,asiripat,r,08/20/2026,12:58:20,eddie@node1n05.ecdf.ed.ac.uk,1,8601
57704466,0.00102,runlisfloo,nfische2,r,08/18/2026,17:35:50,eddie@node1k14.ecdf.ed.ac.uk,1,6544
57704466,0.00102,runlisfloo,nfische2,r,08/18/2026,17:37:05,eddie@node1k16.ecdf.ed.ac.uk,1,6545
57704466,0.00101,runlisfloo,nfische2,r,08/18/2026,17:32:50,eddie@node1k17.ecdf.ed.ac.uk,1,6543
57755278,0.00101,CO23d_diag,s2673720,r,08/20/2026,08:22:13,eddie@node1l20.ecdf.ed.ac.uk,10
57704466,0.00101,runlisfloo,nfische2,r,08/18/2026,17:31:31,eddie@node1s12.ecdf.ed.ac.uk,1,6541
57704466,0.00101,runlisfloo,nfische2,r,08/18/2026,17:31:31,eddie@node1s12.ecdf.ed.ac.uk,1,6542
57704466,0.00101,runlisfloo,nfische2,r,08/18/2026,17:27:46,eddie@node1n10.ecdf.ed.ac.uk,1,6536
57704466,0.00101,runlisfloo,nfische2,r,08/18/2026,17:27:01,eddie@node1k17.ecdf.ed.ac.uk,1,6535
57704466,0.00101,runlisfloo,nfische2,r,08/18/2026,17:25:32,eddie@node1k17.ecdf.ed.ac.uk,1,6534
57704466,0.00101,runlisfloo,nfische2,r,08/18/2026,17:24:02,eddie@node1n12.ecdf.ed.ac.uk,1,6533
57704466,0.00101,runlisfloo,nfische2,r,08/18/2026,17:28:16,eddie@node1s12.ecdf.ed.ac.uk,1,6537
57704466,0.00101,runlisfloo,nfische2,r,08/18/2026,17:28:16,eddie@node1s12.ecdf.ed.ac.uk,1,6538
57704466,0.00101,runlisfloo,nfische2,r,08/18/2026,17:28:16,eddie@node1s12.ecdf.ed.ac.uk,1,6539
57704466,0.00101,runlisfloo,nfische2,r,08/18/2026,17:28:16,eddie@node1s12.ecdf.ed.ac.uk,1,6540
57704466,0.00101,runlisfloo,nfische2,r,08/18/2026,17:23:02,eddie@node1k18.ecdf.ed.ac.uk,1,6532
57704466,0.00101,runlisfloo,nfische2,r,08/18/2026,17:20:32,eddie@node1k20.ecdf.ed.ac.uk,1,6531
57704466,0.00101,runlisfloo,nfische2,r,08/18/2026,17:15:39,eddie@node1s10.ecdf.ed.ac.uk,1,6529
57705262,0.00101,QLOGIN,crobert,r,08/17/2026,22:14:14,eddie@node1i22.ecdf.ed.ac.uk,1
57704466,0.00101,runlisfloo,nfische2,r,08/18/2026,17:16:54,eddie@node1n01.ecdf.ed.ac.uk,1,6530
57704466,0.00100,runlisfloo,nfische2,r,08/18/2026,17:10:09,eddie@node1s12.ecdf.ed.ac.uk,1,6522
57704466,0.00100,runlisfloo,nfische2,r,08/18/2026,17:12:54,eddie@node1k14.ecdf.ed.ac.uk,1,6526
57704466,0.00100,runlisfloo,nfische2,r,08/18/2026,17:13:54,eddie@node1k15.ecdf.ed.ac.uk,1,6527
57704466,0.00100,runlisfloo,nfische2,r,08/18/2026,17:14:24,eddie@node1k15.ecdf.ed.ac.uk,1,6528
57704466,0.00100,runlisfloo,nfische2,r,08/18/2026,17:10:40,eddie@node1s11.ecdf.ed.ac.uk,1,6523
57704466,0.00100,runlisfloo,nfische2,r,08/18/2026,17:10:55,eddie@node1s11.ecdf.ed.ac.uk,1,6524
57704466,0.00100,runlisfloo,nfische2,r,08/18/2026,17:11:54,eddie@node1n08.ecdf.ed.ac.uk,1,6525
57704466,0.00100,runlisfloo,nfische2,r,08/18/2026,17:07:34,eddie@node1k14.ecdf.ed.ac.uk,1,6521
57728307,0.00100,runlisfloo,asiripat,r,08/20/2026,12:31:16,eddie@node1n12.ecdf.ed.ac.uk,1,8600
57704466,0.00100,runlisfloo,nfische2,r,08/18/2026,17:06:49,eddie@node1k17.ecdf.ed.ac.uk,1,6520
57704466,0.00100,runlisfloo,nfische2,r,08/18/2026,17:05:49,eddie@node1k14.ecdf.ed.ac.uk,1,6519
57704466,0.00100,runlisfloo,nfische2,r,08/18/2026,17:05:35,eddie@node1n06.ecdf.ed.ac.uk,1,6518
57704466,0.00100,runlisfloo,nfische2,r,08/18/2026,17:03:04,eddie@node1s10.ecdf.ed.ac.uk,1,6517
57728307,0.00100,runlisfloo,asiripat,r,08/20/2026,12:25:18,eddie@node1n12.ecdf.ed.ac.uk,1,8599
57704466,0.00100,runlisfloo,nfische2,r,08/18/2026,01:14:02,eddie@node1k17.ecdf.ed.ac.uk,1,6003
57704466,0.00099,runlisfloo,nfische2,r,08/18/2026,17:00:49,eddie@node1k13.ecdf.ed.ac.uk,1,6516
57704466,0.00099,runlisfloo,nfische2,r,08/18/2026,17:00:20,eddie@node1s12.ecdf.ed.ac.uk,1,6515
57704466,0.00099,runlisfloo,nfische2,r,08/18/2026,16:57:50,eddie@node1s11.ecdf.ed.ac.uk,1,6513
57704466,0.00099,runlisfloo,nfische2,r,08/18/2026,16:57:50,eddie@node1j13.ecdf.ed.ac.uk,1,6514
57704466,0.00099,runlisfloo,nfische2,r,08/18/2026,16:57:20,eddie@node1s11.ecdf.ed.ac.uk,1,6512
57704466,0.00099,runlisfloo,nfische2,r,08/18/2026,16:55:50,eddie@node1s10.ecdf.ed.ac.uk,1,6511
57704466,0.00099,runlisfloo,nfische2,r,08/18/2026,16:53:05,eddie@node1k13.ecdf.ed.ac.uk,1,6510
57760766,0.00099,Pan_2,s2745005,r,08/20/2026,11:21:24,eddie@node1t01.ecdf.ed.ac.uk,24
57760768,0.00099,Pan_4,s2745005,r,08/20/2026,11:21:24,eddie@node1t01.ecdf.ed.ac.uk,24
57704466,0.00099,runlisfloo,nfische2,r,08/18/2026,16:52:05,eddie@node1n08.ecdf.ed.ac.uk,1,6509
57760763,0.00099,Pan_1,s2745005,r,08/20/2026,11:21:09,eddie@node1t01.ecdf.ed.ac.uk,24
57704466,0.00099,runlisfloo,nfische2,r,08/18/2026,16:50:56,eddie@node1s11.ecdf.ed.ac.uk,1,6508
57760769,0.00099,Pan_5,s2745005,r,08/20/2026,11:21:39,eddie@node1t01.ecdf.ed.ac.uk,24
57760770,0.00099,Pan_6,s2745005,r,08/20/2026,11:21:39,eddie@node1t01.ecdf.ed.ac.uk,24
57760772,0.00099,Pan_7,s2745005,r,08/20/2026,11:21:39,eddie@node1t01.ecdf.ed.ac.uk,24
57760773,0.00099,Pan_8,s2745005,r,08/20/2026,11:21:39,eddie@node1t01.ecdf.ed.ac.uk,24
57704466,0.00099,runlisfloo,nfische2,r,08/18/2026,16:50:06,eddie@node1s11.ecdf.ed.ac.uk,1,6506
57704466,0.00099,runlisfloo,nfische2,r,08/18/2026,16:50:21,eddie@node1k17.ecdf.ed.ac.uk,1,6507
57704466,0.00099,runlisfloo,nfische2,r,08/18/2026,16:47:25,eddie@node1k15.ecdf.ed.ac.uk,1,6505
57760775,0.00099,Pan_9,s2745005,r,08/20/2026,11:21:54,eddie@node1t01.ecdf.ed.ac.uk,24
57760783,0.00099,Pan_10,s2745005,r,08/20/2026,11:21:54,eddie@node1t01.ecdf.ed.ac.uk,24
57704466,0.00098,runlisfloo,nfische2,r,08/18/2026,16:45:06,eddie@node1s11.ecdf.ed.ac.uk,1,6502
57704466,0.00098,runlisfloo,nfische2,r,08/18/2026,16:45:06,eddie@node1k12.ecdf.ed.ac.uk,1,6503
57704466,0.00098,runlisfloo,nfische2,r,08/18/2026,16:46:06,eddie@node1s11.ecdf.ed.ac.uk,1,6504
57704466,0.00098,runlisfloo,nfische2,r,08/18/2026,16:44:21,eddie@node1k12.ecdf.ed.ac.uk,1,6501
57704466,0.00098,runlisfloo,nfische2,r,08/18/2026,16:43:51,eddie@node1s09.ecdf.ed.ac.uk,1,6500
57704466,0.00098,runlisfloo,nfische2,r,08/18/2026,16:43:36,eddie@node1k13.ecdf.ed.ac.uk,1,6499
57704466,0.00098,runlisfloo,nfische2,r,08/18/2026,16:41:51,eddie@node1j13.ecdf.ed.ac.uk,1,6498
57704466,0.00098,runlisfloo,nfische2,r,08/18/2026,16:40:39,eddie@node1s12.ecdf.ed.ac.uk,1,6495
57704466,0.00098,runlisfloo,nfische2,r,08/18/2026,16:40:39,eddie@node1k15.ecdf.ed.ac.uk,1,6496
57704466,0.00098,runlisfloo,nfische2,r,08/18/2026,16:40:39,eddie@node1n10.ecdf.ed.ac.uk,1,6497
57752343,0.00098,CO23d_bvi,s2673720,r,08/19/2026,20:47:36,eddie@node1j22.ecdf.ed.ac.uk,10
57728307,0.00098,runlisfloo,asiripat,r,08/20/2026,11:55:25,eddie@node1k13.ecdf.ed.ac.uk,1,8598
57704466,0.00098,runlisfloo,nfische2,r,08/18/2026,16:38:34,eddie@node1k19.ecdf.ed.ac.uk,1,6494
57704466,0.00098,runlisfloo,nfische2,r,08/18/2026,16:34:04,eddie@node1s10.ecdf.ed.ac.uk,1,6493
57722808,0.00098,s5_21_2021,yhu5,r,08/19/2026,09:26:55,eddie@node1l26.ecdf.ed.ac.uk,1
57767491,0.00098,trim_galor,s2742483,r,08/20/2026,14:16:53,eddie@node1k04.ecdf.ed.ac.uk,4,6
57704466,0.00098,runlisfloo,nfische2,r,08/18/2026,16:32:38,eddie@node1s11.ecdf.ed.ac.uk,1,6492
57704466,0.00097,runlisfloo,nfische2,r,08/18/2026,16:30:53,eddie@node1j13.ecdf.ed.ac.uk,1,6490
57704466,0.00097,runlisfloo,nfische2,r,08/18/2026,16:31:23,eddie@node1k20.ecdf.ed.ac.uk,1,6491
57704466,0.00097,runlisfloo,nfische2,r,08/18/2026,16:30:38,eddie@node1k15.ecdf.ed.ac.uk,1,6489
57769901,0.00097,cover_sim,s2441782,r,08/20/2026,14:42:35,eddie@node1r09.ecdf.ed.ac.uk,8,7
57704466,0.00097,runlisfloo,nfische2,r,08/18/2026,16:25:57,eddie@node1k13.ecdf.ed.ac.uk,1,6488
57704466,0.00097,runlisfloo,nfische2,r,08/18/2026,16:24:42,eddie@node1k13.ecdf.ed.ac.uk,1,6487
57704466,0.00097,runlisfloo,nfische2,r,08/18/2026,16:23:54,eddie@node1k16.ecdf.ed.ac.uk,1,6486
57704466,0.00097,runlisfloo,nfische2,r,08/18/2026,16:23:30,eddie@node1n07.ecdf.ed.ac.uk,1,6485
57704466,0.00097,runlisfloo,nfische2,r,08/18/2026,16:20:59,eddie@node1k16.ecdf.ed.ac.uk,1,6484
57704466,0.00096,runlisfloo,nfische2,r,08/18/2026,16:14:43,eddie@node1s11.ecdf.ed.ac.uk,1,6482
57704466,0.00096,runlisfloo,nfische2,r,08/18/2026,16:15:28,eddie@node1k12.ecdf.ed.ac.uk,1,6483
57704466,0.00096,runlisfloo,nfische2,r,08/18/2026,16:08:35,eddie@node1s12.ecdf.ed.ac.uk,1,6480
57704466,0.00096,runlisfloo,nfische2,r,08/18/2026,16:06:36,eddie@node1s11.ecdf.ed.ac.uk,1,6479
57704466,0.00096,runlisfloo,nfische2,r,08/18/2026,16:03:12,eddie@node1k14.ecdf.ed.ac.uk,1,6477
57704466,0.00096,runlisfloo,nfische2,r,08/18/2026,16:03:28,eddie@node1s11.ecdf.ed.ac.uk,1,6478
57755403,0.00096,gpu_input,s2538679,r,08/20/2026,10:13:09,gpu@node1q09.ecdf.ed.ac.uk,1
57704466,0.00096,runlisfloo,nfische2,r,08/18/2026,16:09:35,eddie@node1k17.ecdf.ed.ac.uk,1,6481
57704466,0.00095,runlisfloo,nfische2,r,08/18/2026,15:56:14,eddie@node1k19.ecdf.ed.ac.uk,1,6476
57704466,0.00095,runlisfloo,nfische2,r,08/18/2026,15:53:00,eddie@node1k19.ecdf.ed.ac.uk,1,6475
57704466,0.00095,runlisfloo,nfische2,r,08/18/2026,15:48:56,eddie@node1k14.ecdf.ed.ac.uk,1,6474
57704466,0.00095,runlisfloo,nfische2,r,08/18/2026,15:44:57,eddie@node1n09.ecdf.ed.ac.uk,1,6473
57704466,0.00095,runlisfloo,nfische2,r,08/18/2026,01:25:20,eddie@node1k17.ecdf.ed.ac.uk,1,6004
57704466,0.00095,runlisfloo,nfische2,r,08/18/2026,15:42:23,eddie@node1j12.ecdf.ed.ac.uk,1,6472
57728307,0.00095,runlisfloo,asiripat,r,08/20/2026,10:58:13,eddie@node1k12.ecdf.ed.ac.uk,1,8597
57755282,0.00094,CO23d_fab,s2673720,r,08/20/2026,08:22:58,eddie@node1m12.ecdf.ed.ac.uk,10
57704466,0.00094,runlisfloo,nfische2,r,08/18/2026,15:35:12,eddie@node1j13.ecdf.ed.ac.uk,1,6471
57704466,0.00094,runlisfloo,nfische2,r,08/18/2026,15:28:28,eddie@node1n11.ecdf.ed.ac.uk,1,6464
57704466,0.00094,runlisfloo,nfische2,r,08/18/2026,15:28:28,eddie@node1n11.ecdf.ed.ac.uk,1,6465
57704466,0.00094,runlisfloo,nfische2,r,08/18/2026,15:28:28,eddie@node1n11.ecdf.ed.ac.uk,1,6466
57704466,0.00094,runlisfloo,nfische2,r,08/18/2026,15:28:28,eddie@node1n11.ecdf.ed.ac.uk,1,6467
57704466,0.00094,runlisfloo,nfische2,r,08/18/2026,15:28:28,eddie@node1n11.ecdf.ed.ac.uk,1,6468
57704466,0.00094,runlisfloo,nfische2,r,08/18/2026,15:28:42,eddie@node1k18.ecdf.ed.ac.uk,1,6469
57704466,0.00094,runlisfloo,nfische2,r,08/18/2026,15:28:43,eddie@node1j12.ecdf.ed.ac.uk,1,6470
57704466,0.00094,runlisfloo,nfische2,r,08/18/2026,15:26:49,eddie@node1k18.ecdf.ed.ac.uk,1,6463
57704466,0.00094,runlisfloo,nfische2,r,08/18/2026,15:26:36,eddie@node1n09.ecdf.ed.ac.uk,1,6462
57704466,0.00093,runlisfloo,nfische2,r,08/18/2026,15:25:48,eddie@node1k19.ecdf.ed.ac.uk,1,6461
57704466,0.00093,runlisfloo,nfische2,r,08/18/2026,15:21:03,eddie@node1k20.ecdf.ed.ac.uk,1,6460
57704466,0.00093,runlisfloo,nfische2,r,08/18/2026,15:19:48,eddie@node1k19.ecdf.ed.ac.uk,1,6459
57704466,0.00093,runlisfloo,nfische2,r,08/18/2026,15:15:34,eddie@node1n11.ecdf.ed.ac.uk,1,6456
57704466,0.00093,runlisfloo,nfische2,r,08/18/2026,15:15:34,eddie@node1n11.ecdf.ed.ac.uk,1,6457
57704466,0.00093,runlisfloo,nfische2,r,08/18/2026,15:16:49,eddie@node1k17.ecdf.ed.ac.uk,1,6458
57704466,0.00093,runlisfloo,nfische2,r,08/18/2026,15:15:18,eddie@node1n11.ecdf.ed.ac.uk,1,6455
57704466,0.00092,runlisfloo,nfische2,r,08/18/2026,15:08:32,eddie@node1n08.ecdf.ed.ac.uk,1,6453
57704466,0.00092,runlisfloo,nfische2,r,08/18/2026,15:08:32,eddie@node1k19.ecdf.ed.ac.uk,1,6454
57728307,0.00092,runlisfloo,asiripat,r,08/20/2026,10:23:05,eddie@node1k13.ecdf.ed.ac.uk,1,8596
57704466,0.00092,runlisfloo,nfische2,r,08/18/2026,15:03:23,eddie@node1k16.ecdf.ed.ac.uk,1,6452
57704466,0.00092,runlisfloo,nfische2,r,08/18/2026,15:01:11,eddie@node1k16.ecdf.ed.ac.uk,1,6451
57704466,0.00092,runlisfloo,nfische2,r,08/18/2026,14:55:11,eddie@node1n11.ecdf.ed.ac.uk,1,6449
57704466,0.00092,runlisfloo,nfische2,r,08/18/2026,14:57:41,eddie@node1n09.ecdf.ed.ac.uk,1,6450
57769980,0.00091,nf-NFCORE_,cmetheri,r,08/20/2026,14:45:11,eddie@node1j03.ecdf.ed.ac.uk,4
57728307,0.00091,runlisfloo,asiripat,r,08/20/2026,10:03:10,eddie@node1n12.ecdf.ed.ac.uk,1,8595
57766309,0.00091,QLOGIN,crobert,r,08/20/2026,14:07:10,staging@node1f14.ecdf.ed.ac.uk,1
57704466,0.00091,runlisfloo,nfische2,r,08/18/2026,14:48:26,eddie@node1k15.ecdf.ed.ac.uk,1,6448
57704466,0.00090,runlisfloo,nfische2,r,08/18/2026,14:46:56,eddie@node1j12.ecdf.ed.ac.uk,1,6447
57704466,0.00090,runlisfloo,nfische2,r,08/18/2026,14:44:11,eddie@node1j13.ecdf.ed.ac.uk,1,6446
57704466,0.00090,runlisfloo,nfische2,r,08/18/2026,14:41:58,eddie@node1n10.ecdf.ed.ac.uk,1,6444
57704466,0.00090,runlisfloo,nfische2,r,08/18/2026,14:43:43,eddie@node1j13.ecdf.ed.ac.uk,1,6445
57728307,0.00090,runlisfloo,asiripat,r,08/20/2026,09:51:46,eddie@node1m18.ecdf.ed.ac.uk,1,8594
57704466,0.00090,runlisfloo,nfische2,r,08/18/2026,14:35:45,eddie@node1j13.ecdf.ed.ac.uk,1,6443
57704466,0.00090,runlisfloo,nfische2,r,08/18/2026,14:33:49,eddie@node1k16.ecdf.ed.ac.uk,1,6442
57769901,0.00090,cover_sim,s2441782,r,08/20/2026,14:42:35,eddie@node1h03.ecdf.ed.ac.uk,8,8
57704466,0.00089,runlisfloo,nfische2,r,08/18/2026,01:28:32,eddie@node1j12.ecdf.ed.ac.uk,1,6005
57704466,0.00089,runlisfloo,nfische2,r,08/18/2026,14:26:28,eddie@node1j13.ecdf.ed.ac.uk,1,6441
57704466,0.00089,runlisfloo,nfische2,r,08/18/2026,14:24:46,eddie@node1k13.ecdf.ed.ac.uk,1,6440
57704466,0.00089,runlisfloo,nfische2,r,08/18/2026,14:22:25,eddie@node1k16.ecdf.ed.ac.uk,1,6437
57704466,0.00089,runlisfloo,nfische2,r,08/18/2026,14:22:40,eddie@node1k18.ecdf.ed.ac.uk,1,6438
57704466,0.00089,runlisfloo,nfische2,r,08/18/2026,14:23:25,eddie@node1n09.ecdf.ed.ac.uk,1,6439
57755411,0.00089,gpu_input,s2538679,r,08/20/2026,10:27:38,gpu@node1s04.ecdf.ed.ac.uk,1
57704466,0.00089,runlisfloo,nfische2,r,08/18/2026,14:20:55,eddie@node1k10.ecdf.ed.ac.uk,1,6436
57704466,0.00089,runlisfloo,nfische2,r,08/18/2026,14:14:51,eddie@node1k19.ecdf.ed.ac.uk,1,6435
57704466,0.00088,runlisfloo,nfische2,r,08/18/2026,14:08:45,eddie@node1k15.ecdf.ed.ac.uk,1,6434
57704466,0.00088,runlisfloo,nfische2,r,08/18/2026,14:07:14,eddie@node1k20.ecdf.ed.ac.uk,1,6433
57704466,0.00087,runlisfloo,nfische2,r,08/18/2026,13:55:52,eddie@node1n11.ecdf.ed.ac.uk,1,6432
57728307,0.00087,runlisfloo,asiripat,r,08/20/2026,09:08:26,eddie@node1n11.ecdf.ed.ac.uk,1,8592
57728307,0.00087,runlisfloo,asiripat,r,08/20/2026,09:08:26,eddie@node1n11.ecdf.ed.ac.uk,1,8593
57704466,0.00087,runlisfloo,nfische2,r,08/18/2026,13:54:00,eddie@node1k11.ecdf.ed.ac.uk,1,6431
57704466,0.00087,runlisfloo,nfische2,r,08/18/2026,13:51:45,eddie@node1k19.ecdf.ed.ac.uk,1,6429
57704466,0.00087,runlisfloo,nfische2,r,08/18/2026,13:51:45,eddie@node1k19.ecdf.ed.ac.uk,1,6430
57704466,0.00087,runlisfloo,nfische2,r,08/18/2026,13:50:49,eddie@node1j12.ecdf.ed.ac.uk,1,6428
57704466,0.00087,runlisfloo,nfische2,r,08/18/2026,13:47:08,eddie@node1k17.ecdf.ed.ac.uk,1,6427
57704466,0.00087,runlisfloo,nfische2,r,08/18/2026,13:46:48,eddie@node1k19.ecdf.ed.ac.uk,1,6426
57728307,0.00087,runlisfloo,asiripat,r,08/20/2026,08:56:41,eddie@node1m19.ecdf.ed.ac.uk,1,8591
57704466,0.00087,runlisfloo,nfische2,r,08/18/2026,13:44:18,eddie@node1k11.ecdf.ed.ac.uk,1,6425
57704466,0.00086,runlisfloo,nfische2,r,08/18/2026,13:43:18,eddie@node1j13.ecdf.ed.ac.uk,1,6424
57704466,0.00086,runlisfloo,nfische2,r,08/18/2026,13:41:48,eddie@node1n09.ecdf.ed.ac.uk,1,6423
57708234,0.00086,prepro_OG_,smoon,r,08/19/2026,05:41:13,eddie@node1q03.ecdf.ed.ac.uk,2,49
57704466,0.00086,runlisfloo,nfische2,r,08/18/2026,13:41:18,eddie@node1k14.ecdf.ed.ac.uk,1,6421
57704466,0.00086,runlisfloo,nfische2,r,08/18/2026,13:41:33,eddie@node1k11.ecdf.ed.ac.uk,1,6422
57704466,0.00086,runlisfloo,nfische2,r,08/18/2026,13:40:43,eddie@node1k19.ecdf.ed.ac.uk,1,6420
57728307,0.00086,runlisfloo,asiripat,r,08/20/2026,08:49:26,eddie@node1k13.ecdf.ed.ac.uk,1,8590
57704466,0.00086,runlisfloo,nfische2,r,08/18/2026,13:37:07,eddie@node1k11.ecdf.ed.ac.uk,1,6419
57704466,0.00086,runlisfloo,nfische2,r,08/18/2026,13:34:13,eddie@node1n09.ecdf.ed.ac.uk,1,6418
57728307,0.00086,runlisfloo,asiripat,r,08/20/2026,08:44:56,eddie@node1k14.ecdf.ed.ac.uk,1,8589
57704466,0.00086,runlisfloo,nfische2,r,08/18/2026,13:27:45,eddie@node1j12.ecdf.ed.ac.uk,1,6417
57767491,0.00085,trim_galor,s2742483,r,08/20/2026,14:16:53,eddie@node1l07.ecdf.ed.ac.uk,4,7
57704466,0.00085,runlisfloo,nfische2,r,08/18/2026,13:22:45,eddie@node1s12.ecdf.ed.ac.uk,1,6416
57704466,0.00085,runlisfloo,nfische2,r,08/18/2026,01:29:02,eddie@node1j12.ecdf.ed.ac.uk,1,6006
57704466,0.00084,runlisfloo,nfische2,r,08/18/2026,13:04:00,eddie@node1k13.ecdf.ed.ac.uk,1,6412
57723062,0.00084,Ti4O8-C12-,s1829244,r,08/19/2026,10:43:41,eddie@node1k18.ecdf.ed.ac.uk,2
57704466,0.00084,runlisfloo,nfische2,r,08/18/2026,13:14:42,eddie@node1k19.ecdf.ed.ac.uk,1,6415
57704466,0.00084,runlisfloo,nfische2,r,08/18/2026,13:02:00,eddie@node1k19.ecdf.ed.ac.uk,1,6409
57704466,0.00084,runlisfloo,nfische2,r,08/18/2026,13:02:01,eddie@node1j13.ecdf.ed.ac.uk,1,6410
57704466,0.00084,runlisfloo,nfische2,r,08/18/2026,13:02:15,eddie@node1n02.ecdf.ed.ac.uk,1,6411
57704466,0.00084,runlisfloo,nfische2,r,08/18/2026,13:13:27,eddie@node1k16.ecdf.ed.ac.uk,1,6413
57704466,0.00084,runlisfloo,nfische2,r,08/18/2026,13:13:57,eddie@node1n09.ecdf.ed.ac.uk,1,6414
57704466,0.00084,runlisfloo,nfische2,r,08/18/2026,12:58:45,eddie@node1k11.ecdf.ed.ac.uk,1,6407
57704466,0.00084,runlisfloo,nfische2,r,08/18/2026,12:57:01,eddie@node1n11.ecdf.ed.ac.uk,1,6405
57704466,0.00084,runlisfloo,nfische2,r,08/18/2026,13:00:00,eddie@node1n10.ecdf.ed.ac.uk,1,6408
57704466,0.00084,runlisfloo,nfische2,r,08/18/2026,12:57:45,eddie@node1k14.ecdf.ed.ac.uk,1,6406
57704466,0.00084,runlisfloo,nfische2,r,08/18/2026,12:55:47,eddie@node1n10.ecdf.ed.ac.uk,1,6404
57704466,0.00084,runlisfloo,nfische2,r,08/18/2026,12:54:59,eddie@node1n11.ecdf.ed.ac.uk,1,6403
57704466,0.00084,runlisfloo,nfische2,r,08/18/2026,12:54:14,eddie@node1n12.ecdf.ed.ac.uk,1,6402
57728307,0.00084,runlisfloo,asiripat,r,08/20/2026,08:17:33,eddie@node1k16.ecdf.ed.ac.uk,1,8586
57704466,0.00084,runlisfloo,nfische2,r,08/18/2026,12:50:06,eddie@node1n02.ecdf.ed.ac.uk,1,6400
57704466,0.00083,runlisfloo,nfische2,r,08/18/2026,12:50:51,eddie@node1j13.ecdf.ed.ac.uk,1,6401
57704466,0.00083,runlisfloo,nfische2,r,08/18/2026,10:01:56,eddie@node1j13.ecdf.ed.ac.uk,1,6069
57704466,0.00083,runlisfloo,nfische2,r,08/18/2026,10:01:56,eddie@node1j13.ecdf.ed.ac.uk,1,6070
57704466,0.00083,runlisfloo,nfische2,r,08/18/2026,10:01:56,eddie@node1k14.ecdf.ed.ac.uk,1,6071
57704466,0.00083,runlisfloo,nfische2,r,08/18/2026,10:01:56,eddie@node1j12.ecdf.ed.ac.uk,1,6072
57769901,0.00083,cover_sim,s2441782,r,08/20/2026,14:42:35,eddie@node1r20.ecdf.ed.ac.uk,8,9
57704466,0.00083,runlisfloo,nfische2,r,08/18/2026,12:46:53,eddie@node1n12.ecdf.ed.ac.uk,1,6398
57704466,0.00083,runlisfloo,nfische2,r,08/18/2026,12:47:08,eddie@node1n10.ecdf.ed.ac.uk,1,6399
57704466,0.00083,runlisfloo,nfische2,r,08/18/2026,12:45:39,eddie@node1k13.ecdf.ed.ac.uk,1,6397
57704466,0.00083,runlisfloo,nfische2,r,08/18/2026,12:45:24,eddie@node1k13.ecdf.ed.ac.uk,1,6396
57704466,0.00083,runlisfloo,nfische2,r,08/18/2026,12:44:25,eddie@node1k19.ecdf.ed.ac.uk,1,6395
57704466,0.00083,runlisfloo,nfische2,r,08/18/2026,10:24:48,eddie@node1k16.ecdf.ed.ac.uk,1,6108
57704466,0.00083,runlisfloo,nfische2,r,08/18/2026,10:25:18,eddie@node1n01.ecdf.ed.ac.uk,1,6109
57704466,0.00083,runlisfloo,nfische2,r,08/18/2026,10:25:33,eddie@node1s09.ecdf.ed.ac.uk,1,6110
57704466,0.00083,runlisfloo,nfische2,r,08/18/2026,10:25:33,eddie@node1k15.ecdf.ed.ac.uk,1,6111
57704466,0.00083,runlisfloo,nfische2,r,08/18/2026,12:43:12,eddie@node1n12.ecdf.ed.ac.uk,1,6394
57704466,0.00083,runlisfloo,nfische2,r,08/18/2026,10:02:41,eddie@node1m24.ecdf.ed.ac.uk,1,6073
57704466,0.00083,runlisfloo,nfische2,r,08/18/2026,10:25:48,eddie@node1j13.ecdf.ed.ac.uk,1,6112
57704466,0.00083,runlisfloo,nfische2,r,08/18/2026,12:36:41,eddie@node1k14.ecdf.ed.ac.uk,1,6393
57704466,0.00083,runlisfloo,nfische2,r,08/18/2026,12:36:11,eddie@node1k20.ecdf.ed.ac.uk,1,6392
57704466,0.00083,runlisfloo,nfische2,r,08/18/2026,10:29:31,eddie@node1n09.ecdf.ed.ac.uk,1,6118
57704466,0.00083,runlisfloo,nfische2,r,08/18/2026,10:29:31,eddie@node1k19.ecdf.ed.ac.uk,1,6119
57704466,0.00083,runlisfloo,nfische2,r,08/18/2026,10:29:31,eddie@node1j12.ecdf.ed.ac.uk,1,6120
57704466,0.00083,runlisfloo,nfische2,r,08/18/2026,10:29:31,eddie@node1n10.ecdf.ed.ac.uk,1,6121
57704466,0.00083,runlisfloo,nfische2,r,08/18/2026,10:29:31,eddie@node1n10.ecdf.ed.ac.uk,1,6122
57728307,0.00083,runlisfloo,asiripat,r,08/20/2026,07:54:33,eddie@node1n08.ecdf.ed.ac.uk,1,8585
57704466,0.00083,runlisfloo,nfische2,r,08/18/2026,10:26:17,eddie@node1k18.ecdf.ed.ac.uk,1,6113
57704466,0.00083,runlisfloo,nfische2,r,08/18/2026,12:30:26,eddie@node1k16.ecdf.ed.ac.uk,1,6389
57704466,0.00083,runlisfloo,nfische2,r,08/18/2026,12:30:26,eddie@node1k20.ecdf.ed.ac.uk,1,6390
57728307,0.00083,runlisfloo,asiripat,r,08/20/2026,08:21:58,eddie@node1n03.ecdf.ed.ac.uk,1,8587
57728307,0.00083,runlisfloo,asiripat,r,08/20/2026,08:24:28,eddie@node1k18.ecdf.ed.ac.uk,1,8588
57704466,0.00083,runlisfloo,nfische2,r,08/18/2026,10:03:26,eddie@node1k17.ecdf.ed.ac.uk,1,6074
57704466,0.00083,runlisfloo,nfische2,r,08/18/2026,12:35:26,eddie@node1n05.ecdf.ed.ac.uk,1,6391
57704466,0.00083,runlisfloo,nfische2,r,08/18/2026,10:26:32,eddie@node1k19.ecdf.ed.ac.uk,1,6114
57704466,0.00083,runlisfloo,nfische2,r,08/18/2026,10:04:56,eddie@node1k17.ecdf.ed.ac.uk,1,6075
57704466,0.00083,runlisfloo,nfische2,r,08/18/2026,10:27:03,eddie@node1k12.ecdf.ed.ac.uk,1,6115
57704466,0.00083,runlisfloo,nfische2,r,08/18/2026,12:29:26,eddie@node1n09.ecdf.ed.ac.uk,1,6388
57704466,0.00083,runlisfloo,nfische2,r,08/18/2026,10:05:41,eddie@node1n07.ecdf.ed.ac.uk,1,6076
57704466,0.00082,runlisfloo,nfische2,r,08/18/2026,12:27:26,eddie@node1k15.ecdf.ed.ac.uk,1,6387
57704466,0.00082,runlisfloo,nfische2,r,08/18/2026,10:27:33,eddie@node1n10.ecdf.ed.ac.uk,1,6116
57704466,0.00082,runlisfloo,nfische2,r,08/18/2026,10:05:56,eddie@node1k16.ecdf.ed.ac.uk,1,6077
57704466,0.00082,runlisfloo,nfische2,r,08/18/2026,10:28:03,eddie@node1n09.ecdf.ed.ac.uk,1,6117
57704466,0.00082,runlisfloo,nfische2,r,08/18/2026,10:20:06,eddie@node1k17.ecdf.ed.ac.uk,1,6098
57704466,0.00082,runlisfloo,nfische2,r,08/18/2026,10:30:01,eddie@node1k15.ecdf.ed.ac.uk,1,6123
57704466,0.00082,runlisfloo,nfische2,r,08/18/2026,12:26:27,eddie@node1k15.ecdf.ed.ac.uk,1,6384
57704466,0.00082,runlisfloo,nfische2,r,08/18/2026,10:30:30,eddie@node1k20.ecdf.ed.ac.uk,1,6124
57704466,0.00082,runlisfloo,nfische2,r,08/18/2026,12:26:42,eddie@node1k20.ecdf.ed.ac.uk,1,6385
57704466,0.00082,runlisfloo,nfische2,r,08/18/2026,12:26:56,eddie@node1k18.ecdf.ed.ac.uk,1,6386
57704466,0.00082,runlisfloo,nfische2,r,08/18/2026,10:20:21,eddie@node1n10.ecdf.ed.ac.uk,1,6099
57704466,0.00082,runlisfloo,nfische2,r,08/18/2026,10:07:26,eddie@node1k11.ecdf.ed.ac.uk,1,6078
57704466,0.00082,runlisfloo,nfische2,r,08/18/2026,10:30:45,eddie@node1j12.ecdf.ed.ac.uk,1,6125
57704466,0.00082,runlisfloo,nfische2,r,08/18/2026,10:20:52,eddie@node1n09.ecdf.ed.ac.uk,1,6100
57704466,0.00082,runlisfloo,nfische2,r,08/18/2026,10:20:52,eddie@node1k19.ecdf.ed.ac.uk,1,6101
57704466,0.00082,runlisfloo,nfische2,r,08/18/2026,10:09:35,eddie@node1k18.ecdf.ed.ac.uk,1,6079
57704466,0.00082,runlisfloo,nfische2,r,08/18/2026,10:31:30,eddie@node1k18.ecdf.ed.ac.uk,1,6126
57704466,0.00082,runlisfloo,nfische2,r,08/18/2026,09:58:06,eddie@node1n10.ecdf.ed.ac.uk,1,6061
57704466,0.00082,runlisfloo,nfische2,r,08/18/2026,10:31:46,eddie@node1n07.ecdf.ed.ac.uk,1,6127
57704466,0.00082,runlisfloo,nfische2,r,08/18/2026,10:31:46,eddie@node1n10.ecdf.ed.ac.uk,1,6128
57704466,0.00082,runlisfloo,nfische2,r,08/18/2026,10:09:50,eddie@node1k20.ecdf.ed.ac.uk,1,6080
57704466,0.00082,runlisfloo,nfische2,r,08/18/2026,10:32:33,eddie@node1k16.ecdf.ed.ac.uk,1,6130
57704466,0.00082,runlisfloo,nfische2,r,08/18/2026,10:21:06,eddie@node1j12.ecdf.ed.ac.uk,1,6102
57704466,0.00082,runlisfloo,nfische2,r,08/18/2026,10:33:34,eddie@node1n05.ecdf.ed.ac.uk,1,6131
57704466,0.00082,runlisfloo,nfische2,r,08/18/2026,10:33:34,eddie@node1k17.ecdf.ed.ac.uk,1,6132
57704466,0.00082,runlisfloo,nfische2,r,08/18/2026,10:33:34,eddie@node1j12.ecdf.ed.ac.uk,1,6133
57704466,0.00082,runlisfloo,nfische2,r,08/18/2026,10:32:01,eddie@node1n07.ecdf.ed.ac.uk,1,6129
57704466,0.00082,runlisfloo,nfische2,r,08/18/2026,09:58:21,eddie@node1k16.ecdf.ed.ac.uk,1,6062
57704466,0.00082,runlisfloo,nfische2,r,08/18/2026,10:10:07,eddie@node1j12.ecdf.ed.ac.uk,1,6081
57704466,0.00082,runlisfloo,nfische2,r,08/18/2026,10:21:21,eddie@node1k15.ecdf.ed.ac.uk,1,6103
57704466,0.00082,runlisfloo,nfische2,r,08/18/2026,10:10:22,eddie@node1n01.ecdf.ed.ac.uk,1,6082
57728307,0.00082,runlisfloo,asiripat,r,08/20/2026,07:38:01,eddie@node1m20.ecdf.ed.ac.uk,1,8582
57704466,0.00082,runlisfloo,nfische2,r,08/18/2026,10:23:17,eddie@node1j13.ecdf.ed.ac.uk,1,6106
57704466,0.00082,runlisfloo,nfische2,r,08/18/2026,12:13:31,eddie@node1k13.ecdf.ed.ac.uk,1,6375
57704466,0.00082,runlisfloo,nfische2,r,08/18/2026,12:13:31,eddie@node1k19.ecdf.ed.ac.uk,1,6376
57704466,0.00082,runlisfloo,nfische2,r,08/18/2026,12:13:31,eddie@node1k16.ecdf.ed.ac.uk,1,6377
57704466,0.00082,runlisfloo,nfische2,r,08/18/2026,12:13:31,eddie@node1j12.ecdf.ed.ac.uk,1,6378
57704466,0.00082,runlisfloo,nfische2,r,08/18/2026,12:13:31,eddie@node1k14.ecdf.ed.ac.uk,1,6379
57704466,0.00082,runlisfloo,nfische2,r,08/18/2026,12:13:31,eddie@node1j12.ecdf.ed.ac.uk,1,6380
57704466,0.00082,runlisfloo,nfische2,r,08/18/2026,12:13:46,eddie@node1j13.ecdf.ed.ac.uk,1,6381
57704466,0.00082,runlisfloo,nfische2,r,08/18/2026,12:13:46,eddie@node1k10.ecdf.ed.ac.uk,1,6382
57704466,0.00082,runlisfloo,nfische2,r,08/18/2026,09:58:51,eddie@node1n09.ecdf.ed.ac.uk,1,6063
57704466,0.00082,runlisfloo,nfische2,r,08/18/2026,09:58:51,eddie@node1n10.ecdf.ed.ac.uk,1,6064
57704466,0.00082,runlisfloo,nfische2,r,08/18/2026,10:33:49,eddie@node1k15.ecdf.ed.ac.uk,1,6134
57704466,0.00082,runlisfloo,nfische2,r,08/18/2026,12:14:01,eddie@node1k11.ecdf.ed.ac.uk,1,6383
57704466,0.00082,runlisfloo,nfische2,r,08/18/2026,10:10:37,eddie@node1k12.ecdf.ed.ac.uk,1,6083
57704466,0.00082,runlisfloo,nfische2,r,08/18/2026,09:42:34,eddie@node1n10.ecdf.ed.ac.uk,1,6059
57704466,0.00082,runlisfloo,nfische2,r,08/18/2026,10:24:33,eddie@node1k20.ecdf.ed.ac.uk,1,6107
57704466,0.00081,runlisfloo,nfische2,r,08/18/2026,10:34:28,eddie@node1k12.ecdf.ed.ac.uk,1,6135
57704466,0.00081,runlisfloo,nfische2,r,08/18/2026,10:34:28,eddie@node1k16.ecdf.ed.ac.uk,1,6136
57704466,0.00081,runlisfloo,nfische2,r,08/18/2026,10:35:13,eddie@node1k15.ecdf.ed.ac.uk,1,6137
57704466,0.00081,runlisfloo,nfische2,r,08/18/2026,10:11:22,eddie@node1n10.ecdf.ed.ac.uk,1,6084
57704466,0.00081,runlisfloo,nfische2,r,08/18/2026,10:11:22,eddie@node1j12.ecdf.ed.ac.uk,1,6085
57704466,0.00081,runlisfloo,nfische2,r,08/18/2026,10:11:22,eddie@node1k16.ecdf.ed.ac.uk,1,6086
57704466,0.00081,runlisfloo,nfische2,r,08/18/2026,10:35:58,eddie@node1j13.ecdf.ed.ac.uk,1,6138
57704466,0.00081,runlisfloo,nfische2,r,08/18/2026,10:35:58,eddie@node1k11.ecdf.ed.ac.uk,1,6139
57704466,0.00081,runlisfloo,nfische2,r,08/18/2026,09:59:51,eddie@node1k19.ecdf.ed.ac.uk,1,6065
57704466,0.00081,runlisfloo,nfische2,r,08/18/2026,10:00:51,eddie@node1k19.ecdf.ed.ac.uk,1,6067
57704466,0.00081,runlisfloo,nfische2,r,08/18/2026,10:00:51,eddie@node1k16.ecdf.ed.ac.uk,1,6068
57769981,0.00081,nf-NFCORE_,cmetheri,r,08/20/2026,14:45:11,eddie@node1m06.ecdf.ed.ac.uk,4
57704466,0.00081,runlisfloo,nfische2,r,08/18/2026,10:00:06,eddie@node1k18.ecdf.ed.ac.uk,1,6066
57755413,0.00081,gpu_input,s2538679,r,08/20/2026,10:31:24,gpu@node1o16.ecdf.ed.ac.uk,1
57704466,0.00081,runlisfloo,nfische2,r,08/18/2026,10:21:51,eddie@node1s10.ecdf.ed.ac.uk,1,6104
57704466,0.00081,runlisfloo,nfische2,r,08/18/2026,10:21:51,eddie@node1s10.ecdf.ed.ac.uk,1,6105
57704466,0.00081,runlisfloo,nfische2,r,08/18/2026,10:11:37,eddie@node1n05.ecdf.ed.ac.uk,1,6087
57704466,0.00081,runlisfloo,nfische2,r,08/18/2026,10:11:37,eddie@node1k17.ecdf.ed.ac.uk,1,6088
57704466,0.00081,runlisfloo,nfische2,r,08/18/2026,10:11:37,eddie@node1n11.ecdf.ed.ac.uk,1,6089
57704466,0.00081,runlisfloo,nfische2,r,08/18/2026,10:14:37,eddie@node1n01.ecdf.ed.ac.uk,1,6092
57704466,0.00081,runlisfloo,nfische2,r,08/18/2026,11:59:58,eddie@node1k18.ecdf.ed.ac.uk,1,6371
57704466,0.00081,runlisfloo,nfische2,r,08/18/2026,12:00:28,eddie@node1k11.ecdf.ed.ac.uk,1,6373
57704466,0.00081,runlisfloo,nfische2,r,08/18/2026,12:00:43,eddie@node1n10.ecdf.ed.ac.uk,1,6374
57704466,0.00081,runlisfloo,nfische2,r,08/18/2026,12:00:13,eddie@node1n07.ecdf.ed.ac.uk,1,6372
57704466,0.00081,runlisfloo,nfische2,r,08/18/2026,11:58:50,eddie@node1k13.ecdf.ed.ac.uk,1,6368
57704466,0.00081,runlisfloo,nfische2,r,08/18/2026,11:58:50,eddie@node1n09.ecdf.ed.ac.uk,1,6369
57704466,0.00081,runlisfloo,nfische2,r,08/18/2026,11:59:05,eddie@node1n11.ecdf.ed.ac.uk,1,6370
57704466,0.00081,runlisfloo,nfische2,r,08/18/2026,10:12:52,eddie@node1k19.ecdf.ed.ac.uk,1,6090
57704466,0.00081,runlisfloo,nfische2,r,08/18/2026,11:57:05,eddie@node1j13.ecdf.ed.ac.uk,1,6365
57704466,0.00081,runlisfloo,nfische2,r,08/18/2026,11:57:50,eddie@node1n03.ecdf.ed.ac.uk,1,6366
57704466,0.00081,runlisfloo,nfische2,r,08/18/2026,11:58:35,eddie@node1k17.ecdf.ed.ac.uk,1,6367
57704466,0.00081,runlisfloo,nfische2,r,08/18/2026,10:13:22,eddie@node1n09.ecdf.ed.ac.uk,1,6091
57704466,0.00080,runlisfloo,nfische2,r,08/18/2026,11:53:10,eddie@node1k11.ecdf.ed.ac.uk,1,6364
57728307,0.00080,runlisfloo,asiripat,r,08/20/2026,07:21:20,eddie@node1n03.ecdf.ed.ac.uk,1,8579
57704466,0.00080,runlisfloo,nfische2,r,08/18/2026,11:48:24,eddie@node1j12.ecdf.ed.ac.uk,1,6363
57704466,0.00080,runlisfloo,nfische2,r,08/18/2026,10:36:28,eddie@node1n09.ecdf.ed.ac.uk,1,6140
57704466,0.00080,runlisfloo,nfische2,r,08/18/2026,10:36:28,eddie@node1k17.ecdf.ed.ac.uk,1,6141
57704466,0.00080,runlisfloo,nfische2,r,08/18/2026,10:40:10,eddie@node1k18.ecdf.ed.ac.uk,1,6146
57704466,0.00080,runlisfloo,nfische2,r,08/18/2026,10:40:10,eddie@node1j13.ecdf.ed.ac.uk,1,6147
57704466,0.00080,runlisfloo,nfische2,r,08/18/2026,10:40:10,eddie@node1k16.ecdf.ed.ac.uk,1,6148
57704466,0.00080,runlisfloo,nfische2,r,08/18/2026,10:37:56,eddie@node1k18.ecdf.ed.ac.uk,1,6145
57704466,0.00080,runlisfloo,nfische2,r,08/18/2026,11:45:54,eddie@node1n05.ecdf.ed.ac.uk,1,6362
57704466,0.00080,runlisfloo,nfische2,r,08/18/2026,10:36:43,eddie@node1k19.ecdf.ed.ac.uk,1,6142
57704466,0.00080,runlisfloo,nfische2,r,08/18/2026,10:36:43,eddie@node1k20.ecdf.ed.ac.uk,1,6143
57704466,0.00080,runlisfloo,nfische2,r,08/18/2026,10:43:09,eddie@node1n01.ecdf.ed.ac.uk,1,6153
57704466,0.00080,runlisfloo,nfische2,r,08/18/2026,10:43:09,eddie@node1s12.ecdf.ed.ac.uk,1,6154
57704466,0.00080,runlisfloo,nfische2,r,08/18/2026,10:43:39,eddie@node1n10.ecdf.ed.ac.uk,1,6155
57704466,0.00080,runlisfloo,nfische2,r,08/18/2026,10:40:26,eddie@node1n10.ecdf.ed.ac.uk,1,6149
57704466,0.00080,runlisfloo,nfische2,r,08/18/2026,10:36:58,eddie@node1k17.ecdf.ed.ac.uk,1,6144
57704466,0.00080,runlisfloo,nfische2,r,08/18/2026,10:44:35,eddie@node1k16.ecdf.ed.ac.uk,1,6157
57704466,0.00080,runlisfloo,nfische2,r,08/18/2026,10:40:56,eddie@node1n11.ecdf.ed.ac.uk,1,6150
57704466,0.00080,runlisfloo,nfische2,r,08/18/2026,10:45:05,eddie@node1k11.ecdf.ed.ac.uk,1,6158
57704466,0.00080,runlisfloo,nfische2,r,08/18/2026,10:45:05,eddie@node1k17.ecdf.ed.ac.uk,1,6159
57704466,0.00080,runlisfloo,nfische2,r,08/18/2026,10:44:09,eddie@node1m22.ecdf.ed.ac.uk,1,6156
57704466,0.00080,runlisfloo,nfische2,r,08/18/2026,11:42:09,eddie@node1n12.ecdf.ed.ac.uk,1,6360
57704466,0.00080,runlisfloo,nfische2,r,08/18/2026,10:45:20,eddie@node1n09.ecdf.ed.ac.uk,1,6160
57704466,0.00080,runlisfloo,nfische2,r,08/18/2026,10:41:26,eddie@node1k14.ecdf.ed.ac.uk,1,6151
57704466,0.00080,runlisfloo,nfische2,r,08/18/2026,11:42:25,eddie@node1k11.ecdf.ed.ac.uk,1,6361
57704466,0.00080,runlisfloo,nfische2,r,08/18/2026,10:46:06,eddie@node1k16.ecdf.ed.ac.uk,1,6161
57704466,0.00080,runlisfloo,nfische2,r,08/18/2026,10:42:10,eddie@node1k20.ecdf.ed.ac.uk,1,6152
57704466,0.00080,runlisfloo,nfische2,r,08/18/2026,10:46:21,eddie@node1k19.ecdf.ed.ac.uk,1,6162
57704466,0.00080,runlisfloo,nfische2,r,08/18/2026,10:46:36,eddie@node1k16.ecdf.ed.ac.uk,1,6163
57704466,0.00080,runlisfloo,nfische2,r,08/18/2026,10:46:36,eddie@node1k20.ecdf.ed.ac.uk,1,6164
57704466,0.00080,runlisfloo,nfische2,r,08/18/2026,11:40:10,eddie@node1k16.ecdf.ed.ac.uk,1,6359
57704466,0.00080,runlisfloo,nfische2,r,08/18/2026,10:46:51,eddie@node1k18.ecdf.ed.ac.uk,1,6165
57704466,0.00080,runlisfloo,nfische2,r,08/18/2026,10:46:51,eddie@node1n12.ecdf.ed.ac.uk,1,6166
57704466,0.00080,runlisfloo,nfische2,r,08/18/2026,10:46:51,eddie@node1k16.ecdf.ed.ac.uk,1,6167
57704466,0.00080,runlisfloo,nfische2,r,08/18/2026,11:01:12,eddie@node1n01.ecdf.ed.ac.uk,1,6191
57704466,0.00080,runlisfloo,nfische2,r,08/18/2026,11:01:12,eddie@node1k16.ecdf.ed.ac.uk,1,6192
57704466,0.00080,runlisfloo,nfische2,r,08/18/2026,11:01:12,eddie@node1k10.ecdf.ed.ac.uk,1,6193
57704466,0.00080,runlisfloo,nfische2,r,08/18/2026,10:58:08,eddie@node1j12.ecdf.ed.ac.uk,1,6187
57704466,0.00080,runlisfloo,nfische2,r,08/18/2026,10:58:39,eddie@node1n11.ecdf.ed.ac.uk,1,6188
57704466,0.00080,runlisfloo,nfische2,r,08/18/2026,10:49:02,eddie@node1n12.ecdf.ed.ac.uk,1,6170
57704466,0.00080,runlisfloo,nfische2,r,08/18/2026,10:57:18,eddie@node1j13.ecdf.ed.ac.uk,1,6186
57704466,0.00080,runlisfloo,nfische2,r,08/18/2026,11:01:42,eddie@node1k19.ecdf.ed.ac.uk,1,6196
57704466,0.00080,runlisfloo,nfische2,r,08/18/2026,11:02:14,eddie@node1n07.ecdf.ed.ac.uk,1,6198
57704466,0.00080,runlisfloo,nfische2,r,08/18/2026,10:47:06,eddie@node1j12.ecdf.ed.ac.uk,1,6168
57704466,0.00080,runlisfloo,nfische2,r,08/18/2026,11:00:09,eddie@node1j13.ecdf.ed.ac.uk,1,6189
57704466,0.00080,runlisfloo,nfische2,r,08/18/2026,11:01:57,eddie@node1n03.ecdf.ed.ac.uk,1,6197
57704466,0.00080,runlisfloo,nfische2,r,08/18/2026,11:02:42,eddie@node1k18.ecdf.ed.ac.uk,1,6199
57704466,0.00080,runlisfloo,nfische2,r,08/18/2026,10:50:03,eddie@node1n03.ecdf.ed.ac.uk,1,6171
57704466,0.00080,runlisfloo,nfische2,r,08/18/2026,10:53:03,eddie@node1j12.ecdf.ed.ac.uk,1,6177
57704466,0.00080,runlisfloo,nfische2,r,08/18/2026,11:00:24,eddie@node1s09.ecdf.ed.ac.uk,1,6190
57704466,0.00080,runlisfloo,nfische2,r,08/18/2026,10:47:51,eddie@node1n09.ecdf.ed.ac.uk,1,6169
57704466,0.00080,runlisfloo,nfische2,r,08/18/2026,11:02:57,eddie@node1k13.ecdf.ed.ac.uk,1,6200
57704466,0.00080,runlisfloo,nfische2,r,08/18/2026,11:35:10,eddie@node1k20.ecdf.ed.ac.uk,1,6353
57704466,0.00080,runlisfloo,nfische2,r,08/18/2026,11:35:25,eddie@node1k16.ecdf.ed.ac.uk,1,6354
57704466,0.00080,runlisfloo,nfische2,r,08/18/2026,10:50:33,eddie@node1k19.ecdf.ed.ac.uk,1,6172
57704466,0.00080,runlisfloo,nfische2,r,08/18/2026,11:34:55,eddie@node1n10.ecdf.ed.ac.uk,1,6352
57704466,0.00080,runlisfloo,nfische2,r,08/18/2026,11:35:40,eddie@node1j12.ecdf.ed.ac.uk,1,6355
57704466,0.00079,runlisfloo,nfische2,r,08/18/2026,10:53:18,eddie@node1n03.ecdf.ed.ac.uk,1,6178
57704466,0.00079,runlisfloo,nfische2,r,08/18/2026,10:53:18,eddie@node1k16.ecdf.ed.ac.uk,1,6179
57704466,0.00079,runlisfloo,nfische2,r,08/18/2026,11:36:55,eddie@node1n03.ecdf.ed.ac.uk,1,6356
57704466,0.00079,runlisfloo,nfische2,r,08/18/2026,11:03:12,eddie@node1k19.ecdf.ed.ac.uk,1,6201
57704466,0.00079,runlisfloo,nfische2,r,08/18/2026,11:03:12,eddie@node1k14.ecdf.ed.ac.uk,1,6202
57704466,0.00079,runlisfloo,nfische2,r,08/18/2026,11:37:25,eddie@node1k17.ecdf.ed.ac.uk,1,6357
57704466,0.00079,runlisfloo,nfische2,r,08/18/2026,10:51:48,eddie@node1k17.ecdf.ed.ac.uk,1,6174
57704466,0.00079,runlisfloo,nfische2,r,08/18/2026,11:37:40,eddie@node1k16.ecdf.ed.ac.uk,1,6358
57704466,0.00079,runlisfloo,nfische2,r,08/18/2026,10:50:47,eddie@node1k17.ecdf.ed.ac.uk,1,6173
57704466,0.00079,runlisfloo,nfische2,r,08/18/2026,11:34:10,eddie@node1k10.ecdf.ed.ac.uk,1,6350
57704466,0.00079,runlisfloo,nfische2,r,08/18/2026,11:34:25,eddie@node1n03.ecdf.ed.ac.uk,1,6351
57704466,0.00079,runlisfloo,nfische2,r,08/18/2026,10:52:18,eddie@node1j12.ecdf.ed.ac.uk,1,6175
57704466,0.00079,runlisfloo,nfische2,r,08/18/2026,10:52:18,eddie@node1j12.ecdf.ed.ac.uk,1,6176
57704466,0.00079,runlisfloo,nfische2,r,08/18/2026,11:03:42,eddie@node1n09.ecdf.ed.ac.uk,1,6203
57704466,0.00079,runlisfloo,nfische2,r,08/18/2026,11:03:42,eddie@node1k20.ecdf.ed.ac.uk,1,6204
57704466,0.00079,runlisfloo,nfische2,r,08/18/2026,11:03:43,eddie@node1n09.ecdf.ed.ac.uk,1,6205
57704466,0.00079,runlisfloo,nfische2,r,08/18/2026,11:03:43,eddie@node1n09.ecdf.ed.ac.uk,1,6206
57704466,0.00079,runlisfloo,nfische2,r,08/18/2026,10:53:33,eddie@node1n02.ecdf.ed.ac.uk,1,6180
57704466,0.00079,runlisfloo,nfische2,r,08/18/2026,11:01:27,eddie@node1k16.ecdf.ed.ac.uk,1,6194
57704466,0.00079,runlisfloo,nfische2,r,08/18/2026,11:01:27,eddie@node1k16.ecdf.ed.ac.uk,1,6195
57704466,0.00079,runlisfloo,nfische2,r,08/18/2026,10:53:48,eddie@node1k20.ecdf.ed.ac.uk,1,6181
57704466,0.00079,runlisfloo,nfische2,r,08/18/2026,10:53:48,eddie@node1n11.ecdf.ed.ac.uk,1,6182
57704466,0.00079,runlisfloo,nfische2,r,08/18/2026,11:22:25,eddie@node1k12.ecdf.ed.ac.uk,1,6319
57704466,0.00079,runlisfloo,nfische2,r,08/18/2026,11:22:25,eddie@node1k10.ecdf.ed.ac.uk,1,6320
57704466,0.00079,runlisfloo,nfische2,r,08/18/2026,11:03:57,eddie@node1n10.ecdf.ed.ac.uk,1,6207
57704466,0.00079,runlisfloo,nfische2,r,08/18/2026,11:03:57,eddie@node1j12.ecdf.ed.ac.uk,1,6208
57704466,0.00079,runlisfloo,nfische2,r,08/18/2026,11:03:57,eddie@node1n09.ecdf.ed.ac.uk,1,6209
57704466,0.00079,runlisfloo,nfische2,r,08/18/2026,10:54:03,eddie@node1n11.ecdf.ed.ac.uk,1,6183
57704466,0.00079,runlisfloo,nfische2,r,08/18/2026,11:04:27,eddie@node1k12.ecdf.ed.ac.uk,1,6214
57704466,0.00079,runlisfloo,nfische2,r,08/18/2026,11:04:27,eddie@node1j13.ecdf.ed.ac.uk,1,6215
57704466,0.00079,runlisfloo,nfische2,r,08/18/2026,11:22:55,eddie@node1k10.ecdf.ed.ac.uk,1,6321
57704466,0.00079,runlisfloo,nfische2,r,08/18/2026,10:54:48,eddie@node1n12.ecdf.ed.ac.uk,1,6185
57704466,0.00079,runlisfloo,nfische2,r,08/18/2026,11:23:25,eddie@node1k18.ecdf.ed.ac.uk,1,6322
57704466,0.00079,runlisfloo,nfische2,r,08/18/2026,11:23:25,eddie@node1j12.ecdf.ed.ac.uk,1,6323
57704466,0.00079,runlisfloo,nfische2,r,08/18/2026,10:54:18,eddie@node1k11.ecdf.ed.ac.uk,1,6184
57704466,0.00079,runlisfloo,nfische2,r,08/18/2026,11:23:40,eddie@node1n10.ecdf.ed.ac.uk,1,6324
57704466,0.00079,runlisfloo,nfische2,r,08/18/2026,11:23:40,eddie@node1j12.ecdf.ed.ac.uk,1,6325
57704466,0.00079,runlisfloo,nfische2,r,08/18/2026,09:57:51,eddie@node1s12.ecdf.ed.ac.uk,1,6060
57704466,0.00079,runlisfloo,nfische2,r,08/18/2026,11:19:44,eddie@node1k19.ecdf.ed.ac.uk,1,6318
57704466,0.00079,runlisfloo,nfische2,r,08/18/2026,11:04:12,eddie@node1n07.ecdf.ed.ac.uk,1,6210
57704466,0.00079,runlisfloo,nfische2,r,08/18/2026,11:04:12,eddie@node1k11.ecdf.ed.ac.uk,1,6211
57704466,0.00079,runlisfloo,nfische2,r,08/18/2026,11:04:12,eddie@node1j12.ecdf.ed.ac.uk,1,6212
57704466,0.00079,runlisfloo,nfische2,r,08/18/2026,11:04:12,eddie@node1n11.ecdf.ed.ac.uk,1,6213
57704466,0.00079,runlisfloo,nfische2,r,08/18/2026,11:07:12,eddie@node1n08.ecdf.ed.ac.uk,1,6231
57704466,0.00079,runlisfloo,nfische2,r,08/18/2026,11:04:42,eddie@node1n03.ecdf.ed.ac.uk,1,6216
57704466,0.00079,runlisfloo,nfische2,r,08/18/2026,11:07:27,eddie@node1n02.ecdf.ed.ac.uk,1,6232
57704466,0.00079,runlisfloo,nfische2,r,08/18/2026,11:07:27,eddie@node1k13.ecdf.ed.ac.uk,1,6233
57704466,0.00079,runlisfloo,nfische2,r,08/18/2026,11:07:27,eddie@node1j13.ecdf.ed.ac.uk,1,6234
57704466,0.00079,runlisfloo,nfische2,r,08/18/2026,11:07:27,eddie@node1n09.ecdf.ed.ac.uk,1,6235
57704466,0.00079,runlisfloo,nfische2,r,08/18/2026,11:05:12,eddie@node1k18.ecdf.ed.ac.uk,1,6217
57704466,0.00079,runlisfloo,nfische2,r,08/18/2026,11:17:44,eddie@node1n03.ecdf.ed.ac.uk,1,6309
57704466,0.00079,runlisfloo,nfische2,r,08/18/2026,11:17:44,eddie@node1j12.ecdf.ed.ac.uk,1,6310
57704466,0.00079,runlisfloo,nfische2,r,08/18/2026,11:05:27,eddie@node1n03.ecdf.ed.ac.uk,1,6218
57704466,0.00079,runlisfloo,nfische2,r,08/18/2026,11:05:27,eddie@node1k15.ecdf.ed.ac.uk,1,6219
57704466,0.00079,runlisfloo,nfische2,r,08/18/2026,11:05:27,eddie@node1k10.ecdf.ed.ac.uk,1,6220
57704466,0.00079,runlisfloo,nfische2,r,08/18/2026,11:05:27,eddie@node1j12.ecdf.ed.ac.uk,1,6221
57704466,0.00079,runlisfloo,nfische2,r,08/18/2026,11:07:42,eddie@node1n02.ecdf.ed.ac.uk,1,6236
57704466,0.00079,runlisfloo,nfische2,r,08/18/2026,11:07:42,eddie@node1k12.ecdf.ed.ac.uk,1,6237
57704466,0.00079,runlisfloo,nfische2,r,08/18/2026,11:07:42,eddie@node1k11.ecdf.ed.ac.uk,1,6238
57704466,0.00079,runlisfloo,nfische2,r,08/18/2026,11:18:14,eddie@node1k13.ecdf.ed.ac.uk,1,6311
57704466,0.00079,runlisfloo,nfische2,r,08/18/2026,11:18:14,eddie@node1k19.ecdf.ed.ac.uk,1,6312
57704466,0.00079,runlisfloo,nfische2,r,08/18/2026,11:18:14,eddie@node1k18.ecdf.ed.ac.uk,1,6313
57704466,0.00079,runlisfloo,nfische2,r,08/18/2026,11:18:14,eddie@node1j12.ecdf.ed.ac.uk,1,6314
57704466,0.00079,runlisfloo,nfische2,r,08/18/2026,11:07:57,eddie@node1k15.ecdf.ed.ac.uk,1,6239
57704466,0.00079,runlisfloo,nfische2,r,08/18/2026,11:18:29,eddie@node1n01.ecdf.ed.ac.uk,1,6315
57704466,0.00079,runlisfloo,nfische2,r,08/18/2026,11:18:29,eddie@node1n05.ecdf.ed.ac.uk,1,6316
57704466,0.00079,runlisfloo,nfische2,r,08/18/2026,11:05:42,eddie@node1k12.ecdf.ed.ac.uk,1,6222
57704466,0.00079,runlisfloo,nfische2,r,08/18/2026,11:05:42,eddie@node1n12.ecdf.ed.ac.uk,1,6223
57704466,0.00079,runlisfloo,nfische2,r,08/18/2026,11:18:59,eddie@node1n01.ecdf.ed.ac.uk,1,6317
57704466,0.00079,runlisfloo,nfische2,r,08/18/2026,10:15:34,eddie@node1n11.ecdf.ed.ac.uk,1,6093
57704466,0.00079,runlisfloo,nfische2,r,08/18/2026,11:05:57,eddie@node1n11.ecdf.ed.ac.uk,1,6224
57704466,0.00079,runlisfloo,nfische2,r,08/18/2026,11:08:12,eddie@node1k18.ecdf.ed.ac.uk,1,6240
57704466,0.00079,runlisfloo,nfische2,r,08/18/2026,11:08:12,eddie@node1k10.ecdf.ed.ac.uk,1,6241
57704466,0.00079,runlisfloo,nfische2,r,08/18/2026,11:08:12,eddie@node1k10.ecdf.ed.ac.uk,1,6242
57704466,0.00079,runlisfloo,nfische2,r,08/18/2026,11:08:12,eddie@node1n11.ecdf.ed.ac.uk,1,6243
57704466,0.00079,runlisfloo,nfische2,r,08/18/2026,10:15:49,eddie@node1k20.ecdf.ed.ac.uk,1,6094
57704466,0.00079,runlisfloo,nfische2,r,08/18/2026,11:06:12,eddie@node1n07.ecdf.ed.ac.uk,1,6225
57704466,0.00079,runlisfloo,nfische2,r,08/18/2026,11:06:12,eddie@node1n02.ecdf.ed.ac.uk,1,6226
57704466,0.00079,runlisfloo,nfische2,r,08/18/2026,11:09:12,eddie@node1k20.ecdf.ed.ac.uk,1,6252
57704466,0.00079,runlisfloo,nfische2,r,08/18/2026,11:08:27,eddie@node1n01.ecdf.ed.ac.uk,1,6244
57704466,0.00079,runlisfloo,nfische2,r,08/18/2026,11:08:27,eddie@node1k16.ecdf.ed.ac.uk,1,6245
57704466,0.00079,runlisfloo,nfische2,r,08/18/2026,11:08:27,eddie@node1k19.ecdf.ed.ac.uk,1,6246
57704466,0.00079,runlisfloo,nfische2,r,08/18/2026,11:08:27,eddie@node1k10.ecdf.ed.ac.uk,1,6247
57704466,0.00079,runlisfloo,nfische2,r,08/18/2026,11:08:27,eddie@node1n11.ecdf.ed.ac.uk,1,6248
57704466,0.00079,runlisfloo,nfische2,r,08/18/2026,11:09:27,eddie@node1k20.ecdf.ed.ac.uk,1,6253
57704466,0.00079,runlisfloo,nfische2,r,08/18/2026,11:06:27,eddie@node1k10.ecdf.ed.ac.uk,1,6227
57704466,0.00079,runlisfloo,nfische2,r,08/18/2026,11:09:30,eddie@node1n03.ecdf.ed.ac.uk,1,6254
57704466,0.00079,runlisfloo,nfische2,r,08/18/2026,11:09:59,eddie@node1k17.ecdf.ed.ac.uk,1,6255
57704466,0.00079,runlisfloo,nfische2,r,08/18/2026,11:09:59,eddie@node1j12.ecdf.ed.ac.uk,1,6256
57704466,0.00079,runlisfloo,nfische2,r,08/18/2026,11:10:14,eddie@node1n05.ecdf.ed.ac.uk,1,6257
57704466,0.00079,runlisfloo,nfische2,r,08/18/2026,11:10:14,eddie@node1k11.ecdf.ed.ac.uk,1,6258
57704466,0.00079,runlisfloo,nfische2,r,08/18/2026,11:10:14,eddie@node1n12.ecdf.ed.ac.uk,1,6259
57704466,0.00079,runlisfloo,nfische2,r,08/18/2026,11:06:57,eddie@node1n08.ecdf.ed.ac.uk,1,6228
57704466,0.00079,runlisfloo,nfische2,r,08/18/2026,11:06:57,eddie@node1n05.ecdf.ed.ac.uk,1,6229
57704466,0.00079,runlisfloo,nfische2,r,08/18/2026,11:06:57,eddie@node1k10.ecdf.ed.ac.uk,1,6230
57704466,0.00079,runlisfloo,nfische2,r,08/18/2026,10:16:18,eddie@node1k16.ecdf.ed.ac.uk,1,6095
57704466,0.00079,runlisfloo,nfische2,r,08/18/2026,11:10:44,eddie@node1n05.ecdf.ed.ac.uk,1,6263
57704466,0.00079,runlisfloo,nfische2,r,08/18/2026,11:10:44,eddie@node1n11.ecdf.ed.ac.uk,1,6264
57704466,0.00079,runlisfloo,nfische2,r,08/18/2026,11:11:14,eddie@node1k13.ecdf.ed.ac.uk,1,6267
57704466,0.00079,runlisfloo,nfische2,r,08/18/2026,11:11:14,eddie@node1k14.ecdf.ed.ac.uk,1,6268
57704466,0.00079,runlisfloo,nfische2,r,08/18/2026,11:11:14,eddie@node1n09.ecdf.ed.ac.uk,1,6269
57704466,0.00079,runlisfloo,nfische2,r,08/18/2026,11:08:42,eddie@node1k19.ecdf.ed.ac.uk,1,6249
57704466,0.00079,runlisfloo,nfische2,r,08/18/2026,11:08:42,eddie@node1k20.ecdf.ed.ac.uk,1,6250
57704466,0.00079,runlisfloo,nfische2,r,08/18/2026,11:10:29,eddie@node1k13.ecdf.ed.ac.uk,1,6260
57704466,0.00079,runlisfloo,nfische2,r,08/18/2026,11:10:29,eddie@node1k18.ecdf.ed.ac.uk,1,6261
57704466,0.00079,runlisfloo,nfische2,r,08/18/2026,11:10:29,eddie@node1j12.ecdf.ed.ac.uk,1,6262
57704466,0.00079,runlisfloo,nfische2,r,08/18/2026,11:25:25,eddie@node1k17.ecdf.ed.ac.uk,1,6327
57704466,0.00079,runlisfloo,nfische2,r,08/18/2026,11:25:55,eddie@node1n12.ecdf.ed.ac.uk,1,6328
57704466,0.00079,runlisfloo,nfische2,r,08/18/2026,11:08:57,eddie@node1n12.ecdf.ed.ac.uk,1,6251
57704466,0.00079,runlisfloo,nfische2,r,08/18/2026,11:25:10,eddie@node1j12.ecdf.ed.ac.uk,1,6326
57704466,0.00079,runlisfloo,nfische2,r,08/18/2026,11:26:10,eddie@node1k20.ecdf.ed.ac.uk,1,6329
57704466,0.00079,runlisfloo,nfische2,r,08/18/2026,11:11:29,eddie@node1n02.ecdf.ed.ac.uk,1,6270
57704466,0.00079,runlisfloo,nfische2,r,08/18/2026,11:11:29,eddie@node1k16.ecdf.ed.ac.uk,1,6271
57704466,0.00079,runlisfloo,nfische2,r,08/18/2026,11:11:29,eddie@node1k20.ecdf.ed.ac.uk,1,6272
57704466,0.00079,runlisfloo,nfische2,r,08/18/2026,11:11:29,eddie@node1n11.ecdf.ed.ac.uk,1,6273
57704466,0.00079,runlisfloo,nfische2,r,08/18/2026,10:16:48,eddie@node1k15.ecdf.ed.ac.uk,1,6096
57704466,0.00079,runlisfloo,nfische2,r,08/18/2026,11:13:44,eddie@node1n01.ecdf.ed.ac.uk,1,6282
57704466,0.00079,runlisfloo,nfische2,r,08/18/2026,11:12:59,eddie@node1k16.ecdf.ed.ac.uk,1,6279
57704466,0.00079,runlisfloo,nfische2,r,08/18/2026,11:26:25,eddie@node1j12.ecdf.ed.ac.uk,1,6330
57704466,0.00079,runlisfloo,nfische2,r,08/18/2026,11:13:14,eddie@node1n03.ecdf.ed.ac.uk,1,6280
57704466,0.00079,runlisfloo,nfische2,r,08/18/2026,11:13:14,eddie@node1n05.ecdf.ed.ac.uk,1,6281
57704466,0.00079,runlisfloo,nfische2,r,08/18/2026,11:12:14,eddie@node1k10.ecdf.ed.ac.uk,1,6277
57704466,0.00079,runlisfloo,nfische2,r,08/18/2026,10:18:34,eddie@node1n09.ecdf.ed.ac.uk,1,6097
57704466,0.00079,runlisfloo,nfische2,r,08/18/2026,11:12:44,eddie@node1k17.ecdf.ed.ac.uk,1,6278
57704466,0.00079,runlisfloo,nfische2,r,08/18/2026,11:11:44,eddie@node1n12.ecdf.ed.ac.uk,1,6274
57704466,0.00079,runlisfloo,nfische2,r,08/18/2026,11:13:59,eddie@node1j13.ecdf.ed.ac.uk,1,6283
57704466,0.00079,runlisfloo,nfische2,r,08/18/2026,11:14:00,eddie@node1n09.ecdf.ed.ac.uk,1,6284
57704466,0.00079,runlisfloo,nfische2,r,08/18/2026,11:14:00,eddie@node1n11.ecdf.ed.ac.uk,1,6285
57704466,0.00079,runlisfloo,nfische2,r,08/18/2026,11:10:59,eddie@node1k18.ecdf.ed.ac.uk,1,6265
57704466,0.00079,runlisfloo,nfische2,r,08/18/2026,11:10:59,eddie@node1k20.ecdf.ed.ac.uk,1,6266
57704466,0.00079,runlisfloo,nfische2,r,08/18/2026,11:11:59,eddie@node1n06.ecdf.ed.ac.uk,1,6275
57704466,0.00079,runlisfloo,nfische2,r,08/18/2026,11:11:59,eddie@node1n10.ecdf.ed.ac.uk,1,6276
57704466,0.00079,runlisfloo,nfische2,r,08/18/2026,11:14:29,eddie@node1j12.ecdf.ed.ac.uk,1,6288
57704466,0.00079,runlisfloo,nfische2,r,08/18/2026,11:14:44,eddie@node1n06.ecdf.ed.ac.uk,1,6289
57704466,0.00079,runlisfloo,nfische2,r,08/18/2026,11:14:44,eddie@node1k10.ecdf.ed.ac.uk,1,6290
57704466,0.00079,runlisfloo,nfische2,r,08/18/2026,11:14:59,eddie@node1k15.ecdf.ed.ac.uk,1,6291
57704466,0.00079,runlisfloo,nfische2,r,08/18/2026,11:14:59,eddie@node1k11.ecdf.ed.ac.uk,1,6292
57704466,0.00079,runlisfloo,nfische2,r,08/18/2026,11:14:14,eddie@node1k18.ecdf.ed.ac.uk,1,6286
57704466,0.00079,runlisfloo,nfische2,r,08/18/2026,11:14:14,eddie@node1k17.ecdf.ed.ac.uk,1,6287
57704466,0.00079,runlisfloo,nfische2,r,08/18/2026,11:15:14,eddie@node1s09.ecdf.ed.ac.uk,1,6293
57704466,0.00079,runlisfloo,nfische2,r,08/18/2026,11:15:29,eddie@node1n03.ecdf.ed.ac.uk,1,6294
57704466,0.00079,runlisfloo,nfische2,r,08/18/2026,11:15:29,eddie@node1k18.ecdf.ed.ac.uk,1,6295
57704466,0.00079,runlisfloo,nfische2,r,08/18/2026,11:15:29,eddie@node1k11.ecdf.ed.ac.uk,1,6296
57704466,0.00079,runlisfloo,nfische2,r,08/18/2026,11:15:44,eddie@node1n02.ecdf.ed.ac.uk,1,6297
57704466,0.00079,runlisfloo,nfische2,r,08/18/2026,11:15:44,eddie@node1k16.ecdf.ed.ac.uk,1,6298
57704466,0.00079,runlisfloo,nfische2,r,08/18/2026,11:15:44,eddie@node1n12.ecdf.ed.ac.uk,1,6299
57704466,0.00079,runlisfloo,nfische2,r,08/18/2026,11:15:44,eddie@node1k14.ecdf.ed.ac.uk,1,6300
57704466,0.00079,runlisfloo,nfische2,r,08/18/2026,11:15:44,eddie@node1k17.ecdf.ed.ac.uk,1,6301
57704466,0.00079,runlisfloo,nfische2,r,08/18/2026,11:15:59,eddie@node1n10.ecdf.ed.ac.uk,1,6302
57704466,0.00079,runlisfloo,nfische2,r,08/18/2026,11:15:59,eddie@node1n11.ecdf.ed.ac.uk,1,6303
57704466,0.00079,runlisfloo,nfische2,r,08/18/2026,11:32:55,eddie@node1k20.ecdf.ed.ac.uk,1,6349
57704466,0.00079,runlisfloo,nfische2,r,08/18/2026,11:16:29,eddie@node1n10.ecdf.ed.ac.uk,1,6305
57704466,0.00079,runlisfloo,nfische2,r,08/18/2026,11:16:44,eddie@node1n02.ecdf.ed.ac.uk,1,6306
57704466,0.00079,runlisfloo,nfische2,r,08/18/2026,11:16:14,eddie@node1n12.ecdf.ed.ac.uk,1,6304
57704466,0.00079,runlisfloo,nfische2,r,08/18/2026,11:16:59,eddie@node1k19.ecdf.ed.ac.uk,1,6307
57704466,0.00079,runlisfloo,nfische2,r,08/18/2026,11:16:59,eddie@node1k10.ecdf.ed.ac.uk,1,6308
57704466,0.00078,runlisfloo,nfische2,r,08/18/2026,09:29:06,eddie@node1j13.ecdf.ed.ac.uk,1,6058
57704466,0.00078,runlisfloo,nfische2,r,08/18/2026,11:26:40,eddie@node1j13.ecdf.ed.ac.uk,1,6331
57704466,0.00078,runlisfloo,nfische2,r,08/18/2026,11:26:40,eddie@node1k11.ecdf.ed.ac.uk,1,6332
57704466,0.00078,runlisfloo,nfische2,r,08/18/2026,11:26:40,eddie@node1n12.ecdf.ed.ac.uk,1,6333
57769901,0.00078,cover_sim,s2441782,r,08/20/2026,14:42:35,eddie@node1s15.ecdf.ed.ac.uk,8,10
57704466,0.00078,runlisfloo,nfische2,r,08/18/2026,11:27:10,eddie@node1k20.ecdf.ed.ac.uk,1,6334
57704466,0.00078,runlisfloo,nfische2,r,08/18/2026,11:27:10,eddie@node1k11.ecdf.ed.ac.uk,1,6335
57704466,0.00078,runlisfloo,nfische2,r,08/18/2026,11:27:55,eddie@node1j13.ecdf.ed.ac.uk,1,6336
57704466,0.00078,runlisfloo,nfische2,r,08/18/2026,11:27:55,eddie@node1n11.ecdf.ed.ac.uk,1,6337
57704466,0.00078,runlisfloo,nfische2,r,08/18/2026,11:28:40,eddie@node1k13.ecdf.ed.ac.uk,1,6338
57704466,0.00078,runlisfloo,nfische2,r,08/18/2026,11:28:55,eddie@node1j12.ecdf.ed.ac.uk,1,6339
57704466,0.00078,runlisfloo,nfische2,r,08/18/2026,11:29:10,eddie@node1k14.ecdf.ed.ac.uk,1,6340
57704466,0.00078,runlisfloo,nfische2,r,08/18/2026,11:29:10,eddie@node1j12.ecdf.ed.ac.uk,1,6341
57704466,0.00078,runlisfloo,nfische2,r,08/18/2026,11:30:10,eddie@node1k20.ecdf.ed.ac.uk,1,6343
57704466,0.00078,runlisfloo,nfische2,r,08/18/2026,11:30:25,eddie@node1n07.ecdf.ed.ac.uk,1,6344
57704466,0.00078,runlisfloo,nfische2,r,08/18/2026,11:30:25,eddie@node1k19.ecdf.ed.ac.uk,1,6345
57704466,0.00078,runlisfloo,nfische2,r,08/18/2026,11:29:41,eddie@node1n10.ecdf.ed.ac.uk,1,6342
57704466,0.00078,runlisfloo,nfische2,r,08/18/2026,11:30:40,eddie@node1k16.ecdf.ed.ac.uk,1,6346
57704466,0.00078,runlisfloo,nfische2,r,08/18/2026,11:31:10,eddie@node1k15.ecdf.ed.ac.uk,1,6347
57704466,0.00078,runlisfloo,nfische2,r,08/18/2026,11:31:55,eddie@node1k20.ecdf.ed.ac.uk,1,6348
57704466,0.00078,runlisfloo,nfische2,r,08/18/2026,09:18:41,eddie@node1n01.ecdf.ed.ac.uk,1,6056
57704466,0.00078,runlisfloo,nfische2,r,08/18/2026,09:21:57,eddie@node1j13.ecdf.ed.ac.uk,1,6057
57728307,0.00076,runlisfloo,asiripat,r,08/20/2026,06:22:35,eddie@node1k12.ecdf.ed.ac.uk,1,8573
57767491,0.00076,trim_galor,s2742483,r,08/20/2026,14:16:53,eddie@node1j06.ecdf.ed.ac.uk,4,8
57761327,0.00075,smk.benchA,jverburg,r,08/20/2026,11:46:27,eddie@node1f12.ecdf.ed.ac.uk,1
57728307,0.00075,runlisfloo,asiripat,r,08/20/2026,06:49:20,eddie@node1n05.ecdf.ed.ac.uk,1,8576
57728307,0.00075,runlisfloo,asiripat,r,08/20/2026,06:15:50,eddie@node1m24.ecdf.ed.ac.uk,1,8571
57728307,0.00075,runlisfloo,asiripat,r,08/20/2026,06:15:50,eddie@node1k16.ecdf.ed.ac.uk,1,8572
57728307,0.00075,runlisfloo,asiripat,r,08/20/2026,06:42:35,eddie@node1m22.ecdf.ed.ac.uk,1,8575
57728307,0.00075,runlisfloo,asiripat,r,08/20/2026,06:26:05,eddie@node1m24.ecdf.ed.ac.uk,1,8574
57728307,0.00075,runlisfloo,asiripat,r,08/20/2026,06:03:50,eddie@node1k12.ecdf.ed.ac.uk,1,8569
57728307,0.00075,runlisfloo,asiripat,r,08/20/2026,06:06:35,eddie@node1m24.ecdf.ed.ac.uk,1,8570
57728307,0.00075,runlisfloo,asiripat,r,08/20/2026,05:53:20,eddie@node1n09.ecdf.ed.ac.uk,1,8568
57769901,0.00074,cover_sim,s2441782,r,08/20/2026,14:42:35,eddie@node1r20.ecdf.ed.ac.uk,8,11
57728307,0.00074,runlisfloo,asiripat,r,08/20/2026,05:34:50,eddie@node1m21.ecdf.ed.ac.uk,1,8567
57769982,0.00073,nf-NFCORE_,cmetheri,r,08/20/2026,14:45:11,eddie@node1j06.ecdf.ed.ac.uk,4
57755429,0.00073,gpu_input,s2538679,r,08/20/2026,12:45:27,gpu@node1q07.ecdf.ed.ac.uk,1
57722897,0.00073,QLOGIN,blivesey,r,08/19/2026,09:53:43,igmm_long@node1h02.ecdf.ed.ac.,1
57728307,0.00072,runlisfloo,asiripat,r,08/20/2026,05:18:20,eddie@node1k13.ecdf.ed.ac.uk,1,8566
57728307,0.00072,runlisfloo,asiripat,r,08/20/2026,05:17:20,eddie@node1n05.ecdf.ed.ac.uk,1,8565
57728307,0.00072,runlisfloo,asiripat,r,08/20/2026,05:08:35,eddie@node1k12.ecdf.ed.ac.uk,1,8564
57728307,0.00072,runlisfloo,asiripat,r,08/20/2026,05:04:20,eddie@node1m21.ecdf.ed.ac.uk,1,8562
57728307,0.00072,runlisfloo,asiripat,r,08/20/2026,05:04:20,eddie@node1k19.ecdf.ed.ac.uk,1,8563
57769913,0.00071,nf-NFCORE_,s1744040,r,08/20/2026,14:42:57,eddie@node1o10.ecdf.ed.ac.uk,12
57728307,0.00071,runlisfloo,asiripat,r,08/20/2026,04:57:20,eddie@node1m18.ecdf.ed.ac.uk,1,8561
57728307,0.00071,runlisfloo,asiripat,r,08/20/2026,04:56:05,eddie@node1n08.ecdf.ed.ac.uk,1,8560
57769901,0.00070,cover_sim,s2441782,r,08/20/2026,14:42:35,eddie@node1l10.ecdf.ed.ac.uk,8,12
57708234,0.00070,prepro_OG_,smoon,r,08/19/2026,02:16:28,eddie@node1q02.ecdf.ed.ac.uk,2,43
57769914,0.00070,nf-NFCORE_,s1744040,r,08/20/2026,14:42:57,eddie@node1o11.ecdf.ed.ac.uk,12
57728307,0.00070,runlisfloo,asiripat,r,08/20/2026,04:49:05,eddie@node1k12.ecdf.ed.ac.uk,1,8559
57760731,0.00070,shapeit2_p,arichmo2,r,08/20/2026,11:19:11,igmm_long@node1b08.ecdf.ed.ac.,8,18
57755437,0.00069,gpu_input,s2538679,r,08/20/2026,13:49:35,gpu@node1q09.ecdf.ed.ac.uk,1
57728307,0.00069,runlisfloo,asiripat,r,08/20/2026,07:28:05,eddie@node1m19.ecdf.ed.ac.uk,1,8581
57728307,0.00069,runlisfloo,asiripat,r,08/20/2026,07:41:01,eddie@node1k16.ecdf.ed.ac.uk,1,8583
57728307,0.00069,runlisfloo,asiripat,r,08/20/2026,07:41:16,eddie@node1k18.ecdf.ed.ac.uk,1,8584
57767491,0.00069,trim_galor,s2742483,r,08/20/2026,14:16:53,eddie@node1m10.ecdf.ed.ac.uk,4,9
57728307,0.00069,runlisfloo,asiripat,r,08/20/2026,07:25:05,eddie@node1m23.ecdf.ed.ac.uk,1,8580
57728307,0.00069,runlisfloo,asiripat,r,08/20/2026,07:01:20,eddie@node1m19.ecdf.ed.ac.uk,1,8577
57728307,0.00069,runlisfloo,asiripat,r,08/20/2026,07:03:20,eddie@node1m23.ecdf.ed.ac.uk,1,8578
57769915,0.00069,nf-NFCORE_,s1744040,r,08/20/2026,14:42:57,eddie@node1j27.ecdf.ed.ac.uk,12
57728307,0.00069,runlisfloo,asiripat,r,08/20/2026,04:22:20,eddie@node1m22.ecdf.ed.ac.uk,1,8558
57728307,0.00069,runlisfloo,asiripat,r,08/20/2026,04:18:05,eddie@node1m18.ecdf.ed.ac.uk,1,8557
57761328,0.00068,smk.benchA,jverburg,r,08/20/2026,11:46:27,eddie@node1i25.ecdf.ed.ac.uk,1
57704466,0.00068,runlisfloo,nfische2,r,08/18/2026,01:47:47,eddie@node1k17.ecdf.ed.ac.uk,1,6007
57728307,0.00068,runlisfloo,asiripat,r,08/20/2026,04:10:20,eddie@node1k12.ecdf.ed.ac.uk,1,8556
57769916,0.00068,nf-NFCORE_,s1744040,r,08/20/2026,14:42:57,eddie@node1s16.ecdf.ed.ac.uk,12
57769901,0.00067,cover_sim,s2441782,r,08/20/2026,14:42:35,eddie@node1j10.ecdf.ed.ac.uk,8,13
57769355,0.00067,QLOGIN,npeker,r,08/20/2026,14:33:14,eddie@node1j15.ecdf.ed.ac.uk,8
57769983,0.00067,nf-NFCORE_,cmetheri,r,08/20/2026,14:45:11,eddie@node1l19.ecdf.ed.ac.uk,4
57728307,0.00067,runlisfloo,asiripat,r,08/20/2026,03:57:50,eddie@node1m20.ecdf.ed.ac.uk,1,8554
57728307,0.00067,runlisfloo,asiripat,r,08/20/2026,03:59:35,eddie@node1k12.ecdf.ed.ac.uk,1,8555
57769917,0.00067,nf-NFCORE_,s1744040,r,08/20/2026,14:42:57,eddie@node1o08.ecdf.ed.ac.uk,12
57769920,0.00067,nf-NFCORE_,s1744040,r,08/20/2026,14:43:00,eddie@node1l06.ecdf.ed.ac.uk,12
57704466,0.00066,runlisfloo,nfische2,r,08/18/2026,01:49:17,eddie@node1k18.ecdf.ed.ac.uk,1,6008
57769918,0.00066,nf-NFCORE_,s1744040,r,08/20/2026,14:42:57,eddie@node1m03.ecdf.ed.ac.uk,12
57769921,0.00066,nf-NFCORE_,s1744040,r,08/20/2026,14:43:00,eddie@node1j10.ecdf.ed.ac.uk,12
57728307,0.00065,runlisfloo,asiripat,r,08/20/2026,03:30:50,eddie@node1m21.ecdf.ed.ac.uk,1,8551
57769922,0.00065,nf-NFCORE_,s1744040,r,08/20/2026,14:43:00,eddie@node1l09.ecdf.ed.ac.uk,12
57769901,0.00065,cover_sim,s2441782,r,08/20/2026,14:42:35,eddie@node1l05.ecdf.ed.ac.uk,8,14
57704466,0.00064,runlisfloo,nfische2,r,08/18/2026,01:49:47,eddie@node1k11.ecdf.ed.ac.uk,1,6009
57769923,0.00064,nf-NFCORE_,s1744040,r,08/20/2026,14:43:00,eddie@node1l05.ecdf.ed.ac.uk,12
57728307,0.00064,runlisfloo,asiripat,r,08/20/2026,03:04:50,eddie@node1n12.ecdf.ed.ac.uk,1,8550
57728307,0.00063,runlisfloo,asiripat,r,08/20/2026,03:02:20,eddie@node1m18.ecdf.ed.ac.uk,1,8549
57769908,0.00063,nf-NFCORE_,s1744040,r,08/20/2026,14:42:49,eddie@node1r18.ecdf.ed.ac.uk,12
57769924,0.00063,nf-NFCORE_,s1744040,r,08/20/2026,14:43:00,eddie@node1m07.ecdf.ed.ac.uk,12
57767491,0.00063,trim_galor,s2742483,r,08/20/2026,14:16:53,eddie@node1l01.ecdf.ed.ac.uk,4,10
57704466,0.00063,runlisfloo,nfische2,r,08/18/2026,01:55:32,eddie@node1k20.ecdf.ed.ac.uk,1,6010
57728307,0.00063,runlisfloo,asiripat,r,08/20/2026,02:52:50,eddie@node1m21.ecdf.ed.ac.uk,1,8546
57769909,0.00063,nf-NFCORE_,s1744040,r,08/20/2026,14:42:49,eddie@node1h22.ecdf.ed.ac.uk,12
57769928,0.00063,nf-NFCORE_,s1744040,r,08/20/2026,14:43:02,eddie@node1h10.ecdf.ed.ac.uk,12
57769931,0.00063,nf-NFCORE_,s1744040,r,08/20/2026,14:43:07,eddie@node1j02.ecdf.ed.ac.uk,12
57753432,0.00063,DuckHC,v1nayele,r,08/19/2026,21:37:35,eddie@node1f16.ecdf.ed.ac.uk,1,1
57769901,0.00062,cover_sim,s2441782,r,08/20/2026,14:42:35,eddie@node1j21.ecdf.ed.ac.uk,8,15
57763852,0.00062,nf-NFCORE_,psmith20,r,08/20/2026,13:44:20,eddie@node1h11.ecdf.ed.ac.uk,6
57769984,0.00062,nf-NFCORE_,cmetheri,r,08/20/2026,14:45:11,eddie@node1j21.ecdf.ed.ac.uk,4
57704466,0.00062,runlisfloo,nfische2,r,08/18/2026,05:59:26,eddie@node1j12.ecdf.ed.ac.uk,1,6052
57769910,0.00062,nf-NFCORE_,s1744040,r,08/20/2026,14:42:49,eddie@node1j25.ecdf.ed.ac.uk,12
57769929,0.00062,nf-NFCORE_,s1744040,r,08/20/2026,14:43:02,eddie@node1k01.ecdf.ed.ac.uk,12
57769932,0.00062,nf-NFCORE_,s1744040,r,08/20/2026,14:43:07,eddie@node1m01.ecdf.ed.ac.uk,12
57769944,0.00062,nf-NFCORE_,s1744040,r,08/20/2026,14:43:44,eddie@node1r05.ecdf.ed.ac.uk,12
57769947,0.00062,nf-NFCORE_,s1744040,r,08/20/2026,14:43:49,eddie@node1h04.ecdf.ed.ac.uk,12
57769951,0.00062,nf-NFCORE_,s1744040,r,08/20/2026,14:43:57,eddie@node1o07.ecdf.ed.ac.uk,12
57769955,0.00062,nf-NFCORE_,s1744040,r,08/20/2026,14:44:03,eddie@node1j28.ecdf.ed.ac.uk,12
57769963,0.00062,nf-NFCORE_,s1744040,r,08/20/2026,14:44:26,eddie@node1h09.ecdf.ed.ac.uk,12
57728307,0.00062,runlisfloo,asiripat,r,08/20/2026,02:38:35,eddie@node1m23.ecdf.ed.ac.uk,1,8542
57704466,0.00061,runlisfloo,nfische2,r,08/18/2026,01:58:17,eddie@node1k19.ecdf.ed.ac.uk,1,6011
57728307,0.00061,runlisfloo,asiripat,r,08/20/2026,03:33:35,eddie@node1m23.ecdf.ed.ac.uk,1,8552
57728307,0.00061,runlisfloo,asiripat,r,08/20/2026,03:33:50,eddie@node1m23.ecdf.ed.ac.uk,1,8553
57755435,0.00061,gpu_input,s2538679,r,08/20/2026,13:31:48,gpu@node1o02.ecdf.ed.ac.uk,1
57704466,0.00061,runlisfloo,nfische2,r,08/18/2026,06:12:41,eddie@node1n11.ecdf.ed.ac.uk,1,6053
57704466,0.00061,runlisfloo,nfische2,r,08/18/2026,05:42:41,eddie@node1k19.ecdf.ed.ac.uk,1,6051
57728307,0.00061,runlisfloo,asiripat,r,08/20/2026,02:21:05,eddie@node1m22.ecdf.ed.ac.uk,1,8537
57704466,0.00061,runlisfloo,nfische2,r,08/18/2026,02:03:32,eddie@node1k14.ecdf.ed.ac.uk,1,6012
57769901,0.00060,cover_sim,s2441782,r,08/20/2026,14:42:35,eddie@node1m12.ecdf.ed.ac.uk,8,16
57704466,0.00060,runlisfloo,nfische2,r,08/18/2026,02:06:32,eddie@node1k16.ecdf.ed.ac.uk,1,6013
57704466,0.00060,runlisfloo,nfische2,r,08/18/2026,05:19:26,eddie@node1n09.ecdf.ed.ac.uk,1,6049
57728307,0.00059,runlisfloo,asiripat,r,08/20/2026,02:02:20,eddie@node1k12.ecdf.ed.ac.uk,1,8534
57704466,0.00059,runlisfloo,nfische2,r,08/18/2026,02:12:47,eddie@node1k15.ecdf.ed.ac.uk,1,6014
57704466,0.00059,runlisfloo,nfische2,r,08/18/2026,05:15:11,eddie@node1n03.ecdf.ed.ac.uk,1,6048
57753432,0.00059,DuckHC,v1nayele,r,08/19/2026,21:37:35,eddie@node1f16.ecdf.ed.ac.uk,1,2
57728307,0.00059,runlisfloo,asiripat,r,08/20/2026,01:56:20,eddie@node1m20.ecdf.ed.ac.uk,1,8532
57767491,0.00059,trim_galor,s2742483,r,08/20/2026,14:16:53,eddie@node1j02.ecdf.ed.ac.uk,4,11
57769901,0.00059,cover_sim,s2441782,r,08/20/2026,14:42:35,eddie@node1j18.ecdf.ed.ac.uk,8,17
57704466,0.00058,runlisfloo,nfische2,r,08/18/2026,02:13:32,eddie@node1k20.ecdf.ed.ac.uk,1,6015
57704466,0.00058,runlisfloo,nfische2,r,08/18/2026,05:22:41,eddie@node1n01.ecdf.ed.ac.uk,1,6050
57769985,0.00058,nf-NFCORE_,cmetheri,r,08/20/2026,14:45:11,eddie@node1j19.ecdf.ed.ac.uk,4
57704466,0.00058,runlisfloo,nfische2,r,08/18/2026,04:56:41,eddie@node1n12.ecdf.ed.ac.uk,1,6046
57708234,0.00058,prepro_OG_,smoon,r,08/18/2026,21:31:57,eddie@node1q04.ecdf.ed.ac.uk,2,34
57728307,0.00058,runlisfloo,asiripat,r,08/20/2026,01:38:20,eddie@node1k11.ecdf.ed.ac.uk,1,8529
57728307,0.00058,runlisfloo,asiripat,r,08/20/2026,01:34:20,eddie@node1m19.ecdf.ed.ac.uk,1,8527
57704466,0.00058,runlisfloo,nfische2,r,08/18/2026,02:30:17,eddie@node1k19.ecdf.ed.ac.uk,1,6017
57704466,0.00058,runlisfloo,nfische2,r,08/18/2026,04:57:56,eddie@node1k16.ecdf.ed.ac.uk,1,6047
57704466,0.00058,runlisfloo,nfische2,r,08/18/2026,04:31:26,eddie@node1k18.ecdf.ed.ac.uk,1,6039
57704466,0.00058,runlisfloo,nfische2,r,08/18/2026,02:16:02,eddie@node1k18.ecdf.ed.ac.uk,1,6016
57704466,0.00058,runlisfloo,nfische2,r,08/18/2026,02:36:47,eddie@node1k18.ecdf.ed.ac.uk,1,6018
57704466,0.00057,runlisfloo,nfische2,r,08/18/2026,04:26:41,eddie@node1k16.ecdf.ed.ac.uk,1,6038
57704466,0.00057,runlisfloo,nfische2,r,08/18/2026,04:36:41,eddie@node1k16.ecdf.ed.ac.uk,1,6040
57704466,0.00057,runlisfloo,nfische2,r,08/18/2026,03:00:17,eddie@node1j12.ecdf.ed.ac.uk,1,6021
57704466,0.00057,runlisfloo,nfische2,r,08/18/2026,03:19:19,eddie@node1n10.ecdf.ed.ac.uk,1,6024
57704466,0.00057,runlisfloo,nfische2,r,08/18/2026,03:19:19,eddie@node1k11.ecdf.ed.ac.uk,1,6025
57704466,0.00057,runlisfloo,nfische2,r,08/18/2026,04:37:11,eddie@node1k20.ecdf.ed.ac.uk,1,6041
57704466,0.00057,runlisfloo,nfische2,r,08/18/2026,03:07:17,eddie@node1n01.ecdf.ed.ac.uk,1,6022
57704466,0.00057,runlisfloo,nfische2,r,08/18/2026,02:57:47,eddie@node1k17.ecdf.ed.ac.uk,1,6020
57704466,0.00057,runlisfloo,nfische2,r,08/18/2026,04:42:41,eddie@node1k15.ecdf.ed.ac.uk,1,6042
57704466,0.00057,runlisfloo,nfische2,r,08/18/2026,04:44:26,eddie@node1k11.ecdf.ed.ac.uk,1,6043
57704466,0.00057,runlisfloo,nfische2,r,08/18/2026,04:17:41,eddie@node1k17.ecdf.ed.ac.uk,1,6037
57769901,0.00057,cover_sim,s2441782,r,08/20/2026,14:42:35,eddie@node1m01.ecdf.ed.ac.uk,8,18
57704466,0.00057,runlisfloo,nfische2,r,08/18/2026,03:08:47,eddie@node1k16.ecdf.ed.ac.uk,1,6023
57704466,0.00057,runlisfloo,nfische2,r,08/18/2026,04:10:26,eddie@node1k19.ecdf.ed.ac.uk,1,6036
57704466,0.00057,runlisfloo,nfische2,r,08/18/2026,04:46:41,eddie@node1k14.ecdf.ed.ac.uk,1,6045
57704466,0.00057,runlisfloo,nfische2,r,08/18/2026,02:38:47,eddie@node1j12.ecdf.ed.ac.uk,1,6019
57763856,0.00057,nf-NFCORE_,psmith20,r,08/20/2026,13:44:20,eddie@node1h13.ecdf.ed.ac.uk,6
57728307,0.00057,runlisfloo,asiripat,r,08/20/2026,01:21:08,eddie@node1m21.ecdf.ed.ac.uk,1,8525
57704466,0.00056,runlisfloo,nfische2,r,08/18/2026,03:20:04,eddie@node1n10.ecdf.ed.ac.uk,1,6026
57704466,0.00056,runlisfloo,nfische2,r,08/18/2026,03:40:49,eddie@node1k16.ecdf.ed.ac.uk,1,6029
57704466,0.00056,runlisfloo,nfische2,r,08/18/2026,03:45:19,eddie@node1k17.ecdf.ed.ac.uk,1,6031
57704466,0.00056,runlisfloo,nfische2,r,08/18/2026,04:03:34,eddie@node1k19.ecdf.ed.ac.uk,1,6035
57704466,0.00056,runlisfloo,nfische2,r,08/18/2026,03:57:49,eddie@node1n10.ecdf.ed.ac.uk,1,6034
57704466,0.00056,runlisfloo,nfische2,r,08/18/2026,03:50:34,eddie@node1k20.ecdf.ed.ac.uk,1,6032
57704466,0.00056,runlisfloo,nfische2,r,08/18/2026,03:43:04,eddie@node1k16.ecdf.ed.ac.uk,1,6030
57704466,0.00056,runlisfloo,nfische2,r,08/18/2026,03:20:34,eddie@node1k19.ecdf.ed.ac.uk,1,6027
57753432,0.00056,DuckHC,v1nayele,r,08/19/2026,21:37:35,eddie@node1f16.ecdf.ed.ac.uk,1,3
57704466,0.00056,runlisfloo,nfische2,r,08/18/2026,03:22:49,eddie@node1k15.ecdf.ed.ac.uk,1,6028
57728307,0.00056,runlisfloo,asiripat,r,08/20/2026,01:11:08,eddie@node1n12.ecdf.ed.ac.uk,1,8523
57704466,0.00056,runlisfloo,nfische2,r,08/18/2026,03:51:49,eddie@node1n11.ecdf.ed.ac.uk,1,6033
57728307,0.00056,runlisfloo,asiripat,r,08/20/2026,01:05:08,eddie@node1m18.ecdf.ed.ac.uk,1,8519
57769901,0.00055,cover_sim,s2441782,r,08/20/2026,14:42:35,eddie@node1k09.ecdf.ed.ac.uk,8,19
57728307,0.00055,runlisfloo,asiripat,r,08/20/2026,00:55:08,eddie@node1m20.ecdf.ed.ac.uk,1,8515
57728307,0.00055,runlisfloo,asiripat,r,08/20/2026,00:52:53,eddie@node1m24.ecdf.ed.ac.uk,1,8513
57767491,0.00055,trim_galor,s2742483,r,08/20/2026,14:16:53,eddie@node1l03.ecdf.ed.ac.uk,4,12
57728307,0.00054,runlisfloo,asiripat,r,08/20/2026,00:47:23,eddie@node1m20.ecdf.ed.ac.uk,1,8510
57769986,0.00054,nf-NFCORE_,cmetheri,r,08/20/2026,14:45:11,eddie@node1j09.ecdf.ed.ac.uk,4
57704466,0.00054,runlisfloo,nfische2,r,08/18/2026,06:40:41,eddie@node1n09.ecdf.ed.ac.uk,1,6054
57769901,0.00054,cover_sim,s2441782,r,08/20/2026,14:42:35,eddie@node1l04.ecdf.ed.ac.uk,8,20
57704466,0.00054,runlisfloo,nfische2,r,08/18/2026,06:43:41,eddie@node1j12.ecdf.ed.ac.uk,1,6055
57708234,0.00054,prepro_OG_,smoon,r,08/18/2026,20:45:03,eddie@node1q15.ecdf.ed.ac.uk,2,33
57728307,0.00054,runlisfloo,asiripat,r,08/20/2026,00:38:20,eddie@node1m19.ecdf.ed.ac.uk,1,8507
57728307,0.00054,runlisfloo,asiripat,r,08/20/2026,00:36:27,eddie@node1m20.ecdf.ed.ac.uk,1,8506
57728307,0.00054,runlisfloo,asiripat,r,08/20/2026,01:36:20,eddie@node1m21.ecdf.ed.ac.uk,1,8528
57728307,0.00054,runlisfloo,asiripat,r,08/20/2026,01:49:20,eddie@node1m23.ecdf.ed.ac.uk,1,8530
57728307,0.00054,runlisfloo,asiripat,r,08/20/2026,01:49:50,eddie@node1m24.ecdf.ed.ac.uk,1,8531
57728307,0.00054,runlisfloo,asiripat,r,08/20/2026,00:35:42,eddie@node1m23.ecdf.ed.ac.uk,1,8504
57728307,0.00054,runlisfloo,asiripat,r,08/20/2026,00:33:57,eddie@node1m21.ecdf.ed.ac.uk,1,8503
57728307,0.00053,runlisfloo,asiripat,r,08/20/2026,00:50:23,eddie@node1m21.ecdf.ed.ac.uk,1,8511
57728307,0.00053,runlisfloo,asiripat,r,08/20/2026,00:51:08,eddie@node1m24.ecdf.ed.ac.uk,1,8512
57728307,0.00053,runlisfloo,asiripat,r,08/20/2026,00:32:57,eddie@node1m23.ecdf.ed.ac.uk,1,8502
57728307,0.00053,runlisfloo,asiripat,r,08/20/2026,00:53:53,eddie@node1m19.ecdf.ed.ac.uk,1,8514
57728307,0.00053,runlisfloo,asiripat,r,08/20/2026,00:36:12,eddie@node1n08.ecdf.ed.ac.uk,1,8505
57728307,0.00053,runlisfloo,asiripat,r,08/20/2026,01:00:08,eddie@node1m19.ecdf.ed.ac.uk,1,8517
57728307,0.00053,runlisfloo,asiripat,r,08/20/2026,00:58:08,eddie@node1n02.ecdf.ed.ac.uk,1,8516
57728307,0.00053,runlisfloo,asiripat,r,08/20/2026,00:46:23,eddie@node1m21.ecdf.ed.ac.uk,1,8509
57728307,0.00053,runlisfloo,asiripat,r,08/20/2026,00:42:38,eddie@node1m20.ecdf.ed.ac.uk,1,8508
57728307,0.00053,runlisfloo,asiripat,r,08/20/2026,01:00:38,eddie@node1m19.ecdf.ed.ac.uk,1,8518
57728307,0.00053,runlisfloo,asiripat,r,08/20/2026,01:06:08,eddie@node1k16.ecdf.ed.ac.uk,1,8520
57728307,0.00053,runlisfloo,asiripat,r,08/20/2026,01:06:08,eddie@node1k16.ecdf.ed.ac.uk,1,8521
57728307,0.00053,runlisfloo,asiripat,r,08/20/2026,01:08:23,eddie@node1m20.ecdf.ed.ac.uk,1,8522
57753432,0.00053,DuckHC,v1nayele,r,08/19/2026,21:37:35,eddie@node1o05.ecdf.ed.ac.uk,1,4
57769901,0.00053,cover_sim,s2441782,r,08/20/2026,14:42:35,eddie@node1k02.ecdf.ed.ac.uk,8,21
57728307,0.00053,runlisfloo,asiripat,r,08/20/2026,01:33:50,eddie@node1m21.ecdf.ed.ac.uk,1,8526
57728307,0.00052,runlisfloo,asiripat,r,08/20/2026,00:14:42,eddie@node1m21.ecdf.ed.ac.uk,1,8496
57762176,0.00052,HGSOC_nano,s1909930,r,08/20/2026,12:05:01,igmm_long@node1c01.ecdf.ed.ac.,8,30
57769901,0.00052,cover_sim,s2441782,r,08/20/2026,14:42:35,eddie@node1l10.ecdf.ed.ac.uk,8,22
57728307,0.00052,runlisfloo,asiripat,r,08/20/2026,00:04:42,eddie@node1m23.ecdf.ed.ac.uk,1,8491
57767491,0.00051,trim_galor,s2742483,r,08/20/2026,14:16:53,eddie@node1k07.ecdf.ed.ac.uk,4,13
57769987,0.00051,nf-NFCORE_,cmetheri,r,08/20/2026,14:45:11,eddie@node1j08.ecdf.ed.ac.uk,4
57728307,0.00051,runlisfloo,asiripat,r,08/20/2026,02:42:05,eddie@node1m23.ecdf.ed.ac.uk,1,8543
57728307,0.00051,runlisfloo,asiripat,r,08/20/2026,02:48:20,eddie@node1m22.ecdf.ed.ac.uk,1,8545
57728307,0.00051,runlisfloo,asiripat,r,08/20/2026,02:46:50,eddie@node1m20.ecdf.ed.ac.uk,1,8544
57728307,0.00051,runlisfloo,asiripat,r,08/20/2026,02:54:05,eddie@node1n03.ecdf.ed.ac.uk,1,8547
57728307,0.00051,runlisfloo,asiripat,r,08/20/2026,02:54:35,eddie@node1m20.ecdf.ed.ac.uk,1,8548
57728307,0.00051,runlisfloo,asiripat,r,08/20/2026,02:21:20,eddie@node1m19.ecdf.ed.ac.uk,1,8538
57728307,0.00051,runlisfloo,asiripat,r,08/20/2026,02:11:05,eddie@node1m23.ecdf.ed.ac.uk,1,8535
57728307,0.00051,runlisfloo,asiripat,r,08/20/2026,02:18:20,eddie@node1m18.ecdf.ed.ac.uk,1,8536
57728307,0.00051,runlisfloo,asiripat,r,08/20/2026,02:24:20,eddie@node1m18.ecdf.ed.ac.uk,1,8539
57728307,0.00051,runlisfloo,asiripat,r,08/20/2026,02:24:35,eddie@node1m18.ecdf.ed.ac.uk,1,8540
57728307,0.00051,runlisfloo,asiripat,r,08/20/2026,02:29:35,eddie@node1k12.ecdf.ed.ac.uk,1,8541
57728307,0.00051,runlisfloo,asiripat,r,08/20/2026,01:59:35,eddie@node1m21.ecdf.ed.ac.uk,1,8533
57728307,0.00051,runlisfloo,asiripat,r,08/20/2026,01:13:23,eddie@node1m21.ecdf.ed.ac.uk,1,8524
57728307,0.00051,runlisfloo,asiripat,r,08/19/2026,23:51:27,eddie@node1m20.ecdf.ed.ac.uk,1,8484
57728307,0.00051,runlisfloo,asiripat,r,08/19/2026,23:51:27,eddie@node1m18.ecdf.ed.ac.uk,1,8485
57728307,0.00051,runlisfloo,asiripat,r,08/19/2026,23:51:42,eddie@node1m20.ecdf.ed.ac.uk,1,8486
57769901,0.00051,cover_sim,s2441782,r,08/20/2026,14:42:35,eddie@node1m05.ecdf.ed.ac.uk,8,23
57728307,0.00051,runlisfloo,asiripat,r,08/19/2026,23:56:42,eddie@node1m23.ecdf.ed.ac.uk,1,8487
57728307,0.00051,runlisfloo,asiripat,r,08/19/2026,23:58:27,eddie@node1m21.ecdf.ed.ac.uk,1,8488
57753432,0.00051,DuckHC,v1nayele,r,08/19/2026,21:37:35,eddie@node1r18.ecdf.ed.ac.uk,1,5
57728307,0.00051,runlisfloo,asiripat,r,08/19/2026,23:46:12,eddie@node1m18.ecdf.ed.ac.uk,1,8479
57728307,0.00051,runlisfloo,asiripat,r,08/19/2026,23:46:27,eddie@node1m22.ecdf.ed.ac.uk,1,8480
57728307,0.00051,runlisfloo,asiripat,r,08/19/2026,23:47:57,eddie@node1k19.ecdf.ed.ac.uk,1,8481
57728307,0.00051,runlisfloo,asiripat,r,08/19/2026,23:48:27,eddie@node1k12.ecdf.ed.ac.uk,1,8482
57728307,0.00051,runlisfloo,asiripat,r,08/19/2026,23:48:57,eddie@node1m23.ecdf.ed.ac.uk,1,8483
57728307,0.00051,runlisfloo,asiripat,r,08/19/2026,23:59:27,eddie@node1m20.ecdf.ed.ac.uk,1,8489
57728307,0.00051,runlisfloo,asiripat,r,08/19/2026,23:59:27,eddie@node1m22.ecdf.ed.ac.uk,1,8490
57728307,0.00050,runlisfloo,asiripat,r,08/19/2026,23:38:57,eddie@node1m24.ecdf.ed.ac.uk,1,8473
57728307,0.00050,runlisfloo,asiripat,r,08/19/2026,23:38:57,eddie@node1m18.ecdf.ed.ac.uk,1,8474
57769901,0.00050,cover_sim,s2441782,r,08/20/2026,14:42:35,eddie@node1m11.ecdf.ed.ac.uk,8,24
57728307,0.00050,runlisfloo,asiripat,r,08/19/2026,23:36:12,eddie@node1m19.ecdf.ed.ac.uk,1,8470
57728307,0.00050,runlisfloo,asiripat,r,08/19/2026,23:36:27,eddie@node1m20.ecdf.ed.ac.uk,1,8471
57728307,0.00050,runlisfloo,asiripat,r,08/19/2026,23:37:42,eddie@node1m23.ecdf.ed.ac.uk,1,8472
57762176,0.00050,HGSOC_nano,s1909930,r,08/20/2026,12:05:01,igmm_long@node1c04.ecdf.ed.ac.,8,33
57728307,0.00050,runlisfloo,asiripat,r,08/19/2026,23:34:42,eddie@node1m18.ecdf.ed.ac.uk,1,8469
57728307,0.00050,runlisfloo,asiripat,r,08/19/2026,23:40:57,eddie@node1n08.ecdf.ed.ac.uk,1,8475
57728307,0.00050,runlisfloo,asiripat,r,08/19/2026,23:43:00,eddie@node1k16.ecdf.ed.ac.uk,1,8476
57728307,0.00050,runlisfloo,asiripat,r,08/19/2026,23:43:30,eddie@node1m22.ecdf.ed.ac.uk,1,8477
57728307,0.00050,runlisfloo,asiripat,r,08/19/2026,23:44:15,eddie@node1m18.ecdf.ed.ac.uk,1,8478
57728307,0.00050,runlisfloo,asiripat,r,08/20/2026,00:10:27,eddie@node1m21.ecdf.ed.ac.uk,1,8492
57728307,0.00050,runlisfloo,asiripat,r,08/20/2026,00:22:42,eddie@node1m18.ecdf.ed.ac.uk,1,8498
57728307,0.00050,runlisfloo,asiripat,r,08/20/2026,00:10:57,eddie@node1m21.ecdf.ed.ac.uk,1,8493
57728307,0.00050,runlisfloo,asiripat,r,08/20/2026,00:22:57,eddie@node1m20.ecdf.ed.ac.uk,1,8499
57728307,0.00050,runlisfloo,asiripat,r,08/20/2026,00:12:57,eddie@node1m23.ecdf.ed.ac.uk,1,8494
57728307,0.00050,runlisfloo,asiripat,r,08/20/2026,00:12:57,eddie@node1m21.ecdf.ed.ac.uk,1,8495
57728307,0.00050,runlisfloo,asiripat,r,08/20/2026,00:23:57,eddie@node1m18.ecdf.ed.ac.uk,1,8500
57728307,0.00050,runlisfloo,asiripat,r,08/20/2026,00:29:57,eddie@node1m21.ecdf.ed.ac.uk,1,8501
57728307,0.00050,runlisfloo,asiripat,r,08/20/2026,00:15:57,eddie@node1m21.ecdf.ed.ac.uk,1,8497
57728307,0.00049,runlisfloo,asiripat,r,08/19/2026,23:24:27,eddie@node1m22.ecdf.ed.ac.uk,1,8459
57728307,0.00049,runlisfloo,asiripat,r,08/19/2026,23:24:57,eddie@node1m24.ecdf.ed.ac.uk,1,8460
57728307,0.00049,runlisfloo,asiripat,r,08/19/2026,23:25:12,eddie@node1m20.ecdf.ed.ac.uk,1,8461
57728307,0.00049,runlisfloo,asiripat,r,08/19/2026,23:25:27,eddie@node1m24.ecdf.ed.ac.uk,1,8462
57728307,0.00049,runlisfloo,asiripat,r,08/19/2026,23:27:12,eddie@node1m22.ecdf.ed.ac.uk,1,8463
57728307,0.00049,runlisfloo,asiripat,r,08/19/2026,23:28:27,eddie@node1m21.ecdf.ed.ac.uk,1,8464
57728307,0.00049,runlisfloo,asiripat,r,08/19/2026,23:29:57,eddie@node1m21.ecdf.ed.ac.uk,1,8465
57728307,0.00049,runlisfloo,asiripat,r,08/19/2026,23:30:42,eddie@node1m21.ecdf.ed.ac.uk,1,8466
57728307,0.00049,runlisfloo,asiripat,r,08/19/2026,23:32:42,eddie@node1m20.ecdf.ed.ac.uk,1,8467
57728307,0.00049,runlisfloo,asiripat,r,08/19/2026,23:32:57,eddie@node1m20.ecdf.ed.ac.uk,1,8468
57769901,0.00049,cover_sim,s2441782,r,08/20/2026,14:42:35,eddie@node1k07.ecdf.ed.ac.uk,8,25
57728307,0.00049,runlisfloo,asiripat,r,08/19/2026,23:21:57,eddie@node1m24.ecdf.ed.ac.uk,1,8457
57728307,0.00049,runlisfloo,asiripat,r,08/19/2026,23:22:57,eddie@node1m18.ecdf.ed.ac.uk,1,8458
57728307,0.00049,runlisfloo,asiripat,r,08/19/2026,23:19:42,eddie@node1m19.ecdf.ed.ac.uk,1,8454
57728307,0.00049,runlisfloo,asiripat,r,08/19/2026,23:19:57,eddie@node1m21.ecdf.ed.ac.uk,1,8455
57728307,0.00049,runlisfloo,asiripat,r,08/19/2026,23:20:12,eddie@node1m19.ecdf.ed.ac.uk,1,8456
57728307,0.00049,runlisfloo,asiripat,r,08/19/2026,23:17:57,eddie@node1m21.ecdf.ed.ac.uk,1,8453
57769988,0.00049,nf-NFCORE_,cmetheri,r,08/20/2026,14:45:11,eddie@node1k03.ecdf.ed.ac.uk,4
57767491,0.00049,trim_galor,s2742483,r,08/20/2026,14:16:53,eddie@node1j07.ecdf.ed.ac.uk,4,14
57728307,0.00049,runlisfloo,asiripat,r,08/19/2026,23:15:12,eddie@node1m21.ecdf.ed.ac.uk,1,8451
57728307,0.00049,runlisfloo,asiripat,r,08/19/2026,23:15:42,eddie@node1m22.ecdf.ed.ac.uk,1,8452
57728307,0.00048,runlisfloo,asiripat,r,08/19/2026,23:12:12,eddie@node1m20.ecdf.ed.ac.uk,1,8448
57728307,0.00048,runlisfloo,asiripat,r,08/19/2026,23:12:27,eddie@node1m18.ecdf.ed.ac.uk,1,8449
57728307,0.00048,runlisfloo,asiripat,r,08/19/2026,23:13:42,eddie@node1m19.ecdf.ed.ac.uk,1,8450
57753432,0.00048,DuckHC,v1nayele,r,08/19/2026,21:37:35,eddie@node1s19.ecdf.ed.ac.uk,1,6
57728307,0.00048,runlisfloo,asiripat,r,08/19/2026,23:10:57,eddie@node1m20.ecdf.ed.ac.uk,1,8446
57728307,0.00048,runlisfloo,asiripat,r,08/19/2026,23:10:57,eddie@node1m19.ecdf.ed.ac.uk,1,8447
57769901,0.00048,cover_sim,s2441782,r,08/20/2026,14:42:35,eddie@node1k03.ecdf.ed.ac.uk,8,26
57728307,0.00048,runlisfloo,asiripat,r,08/19/2026,23:09:23,eddie@node1m19.ecdf.ed.ac.uk,1,8445
57728307,0.00048,runlisfloo,asiripat,r,08/19/2026,23:07:07,eddie@node1m19.ecdf.ed.ac.uk,1,8444
57728307,0.00048,runlisfloo,asiripat,r,08/19/2026,23:05:07,eddie@node1m24.ecdf.ed.ac.uk,1,8443
57728307,0.00048,runlisfloo,asiripat,r,08/19/2026,23:02:52,eddie@node1m20.ecdf.ed.ac.uk,1,8441
57728307,0.00048,runlisfloo,asiripat,r,08/19/2026,23:03:07,eddie@node1m21.ecdf.ed.ac.uk,1,8442
57728307,0.00048,runlisfloo,asiripat,r,08/19/2026,23:01:37,eddie@node1m20.ecdf.ed.ac.uk,1,8440
57728307,0.00048,runlisfloo,asiripat,r,08/19/2026,23:01:22,eddie@node1m20.ecdf.ed.ac.uk,1,8439
57769901,0.00048,cover_sim,s2441782,r,08/20/2026,14:42:35,eddie@node1j10.ecdf.ed.ac.uk,8,27
57728307,0.00047,runlisfloo,asiripat,r,08/19/2026,22:53:22,eddie@node1m18.ecdf.ed.ac.uk,1,8435
57728307,0.00047,runlisfloo,asiripat,r,08/19/2026,22:54:52,eddie@node1m19.ecdf.ed.ac.uk,1,8436
57728307,0.00047,runlisfloo,asiripat,r,08/19/2026,22:54:52,eddie@node1m23.ecdf.ed.ac.uk,1,8437
57728307,0.00047,runlisfloo,asiripat,r,08/19/2026,22:56:37,eddie@node1m18.ecdf.ed.ac.uk,1,8438
57728307,0.00047,runlisfloo,asiripat,r,08/19/2026,22:52:37,eddie@node1m20.ecdf.ed.ac.uk,1,8434
57728307,0.00047,runlisfloo,asiripat,r,08/19/2026,22:51:07,eddie@node1m23.ecdf.ed.ac.uk,1,8432
57728307,0.00047,runlisfloo,asiripat,r,08/19/2026,22:52:07,eddie@node1n08.ecdf.ed.ac.uk,1,8433
57728307,0.00047,runlisfloo,asiripat,r,08/19/2026,22:48:07,eddie@node1m20.ecdf.ed.ac.uk,1,8429
57728307,0.00047,runlisfloo,asiripat,r,08/19/2026,22:48:37,eddie@node1m19.ecdf.ed.ac.uk,1,8430
57728307,0.00047,runlisfloo,asiripat,r,08/19/2026,22:49:52,eddie@node1n12.ecdf.ed.ac.uk,1,8431
57728307,0.00047,runlisfloo,asiripat,r,08/19/2026,22:47:22,eddie@node1m23.ecdf.ed.ac.uk,1,8428
57769901,0.00047,cover_sim,s2441782,r,08/20/2026,14:42:35,eddie@node1m07.ecdf.ed.ac.uk,8,28
57728307,0.00047,runlisfloo,asiripat,r,08/19/2026,22:44:52,eddie@node1m23.ecdf.ed.ac.uk,1,8422
57728307,0.00047,runlisfloo,asiripat,r,08/19/2026,22:45:22,eddie@node1m19.ecdf.ed.ac.uk,1,8423
57728307,0.00047,runlisfloo,asiripat,r,08/19/2026,22:45:52,eddie@node1m23.ecdf.ed.ac.uk,1,8424
57728307,0.00047,runlisfloo,asiripat,r,08/19/2026,22:46:22,eddie@node1m19.ecdf.ed.ac.uk,1,8425
57728307,0.00047,runlisfloo,asiripat,r,08/19/2026,22:46:22,eddie@node1m23.ecdf.ed.ac.uk,1,8426
57728307,0.00047,runlisfloo,asiripat,r,08/19/2026,22:46:37,eddie@node1m24.ecdf.ed.ac.uk,1,8427
57728307,0.00047,runlisfloo,asiripat,r,08/19/2026,22:43:22,eddie@node1m21.ecdf.ed.ac.uk,1,8421
57769989,0.00046,nf-NFCORE_,cmetheri,r,08/20/2026,14:45:11,eddie@node1l03.ecdf.ed.ac.uk,4
57728307,0.00046,runlisfloo,asiripat,r,08/19/2026,22:38:22,eddie@node1m21.ecdf.ed.ac.uk,1,8417
57728307,0.00046,runlisfloo,asiripat,r,08/19/2026,22:38:37,eddie@node1m21.ecdf.ed.ac.uk,1,8418
57753432,0.00046,DuckHC,v1nayele,r,08/19/2026,21:37:35,eddie@node1s18.ecdf.ed.ac.uk,1,7
57769901,0.00046,cover_sim,s2441782,r,08/20/2026,14:42:35,eddie@node1l05.ecdf.ed.ac.uk,8,29
57767491,0.00046,trim_galor,s2742483,r,08/20/2026,14:16:53,eddie@node1k06.ecdf.ed.ac.uk,4,15
57728307,0.00046,runlisfloo,asiripat,r,08/19/2026,22:31:37,eddie@node1m22.ecdf.ed.ac.uk,1,8408
57728307,0.00046,runlisfloo,asiripat,r,08/19/2026,22:32:07,eddie@node1m19.ecdf.ed.ac.uk,1,8409
57728307,0.00046,runlisfloo,asiripat,r,08/19/2026,22:32:22,eddie@node1m19.ecdf.ed.ac.uk,1,8410
57728307,0.00046,runlisfloo,asiripat,r,08/19/2026,22:32:52,eddie@node1m23.ecdf.ed.ac.uk,1,8411
57728307,0.00046,runlisfloo,asiripat,r,08/19/2026,22:34:37,eddie@node1m21.ecdf.ed.ac.uk,1,8412
57728307,0.00046,runlisfloo,asiripat,r,08/19/2026,22:35:37,eddie@node1m23.ecdf.ed.ac.uk,1,8413
57728307,0.00046,runlisfloo,asiripat,r,08/19/2026,22:36:37,eddie@node1m21.ecdf.ed.ac.uk,1,8414
57728307,0.00046,runlisfloo,asiripat,r,08/19/2026,22:36:52,eddie@node1m23.ecdf.ed.ac.uk,1,8415
57728307,0.00046,runlisfloo,asiripat,r,08/19/2026,22:37:07,eddie@node1m20.ecdf.ed.ac.uk,1,8416
57728307,0.00046,runlisfloo,asiripat,r,08/19/2026,22:39:07,eddie@node1m22.ecdf.ed.ac.uk,1,8419
57728307,0.00046,runlisfloo,asiripat,r,08/19/2026,22:26:22,eddie@node1m19.ecdf.ed.ac.uk,1,8403
57728307,0.00046,runlisfloo,asiripat,r,08/19/2026,22:26:37,eddie@node1m20.ecdf.ed.ac.uk,1,8404
57728307,0.00046,runlisfloo,asiripat,r,08/19/2026,22:26:37,eddie@node1m22.ecdf.ed.ac.uk,1,8405
57728307,0.00046,runlisfloo,asiripat,r,08/19/2026,22:27:22,eddie@node1n08.ecdf.ed.ac.uk,1,8406
57728307,0.00046,runlisfloo,asiripat,r,08/19/2026,22:29:07,eddie@node1m20.ecdf.ed.ac.uk,1,8407
57769901,0.00046,cover_sim,s2441782,r,08/20/2026,14:42:35,eddie@node1j02.ecdf.ed.ac.uk,8,30
57766129,0.00045,gpu_input,s2538679,r,08/20/2026,14:05:46,gpu@node1o02.ecdf.ed.ac.uk,1
57728307,0.00045,runlisfloo,asiripat,r,08/19/2026,22:21:37,eddie@node1m19.ecdf.ed.ac.uk,1,8397
57728307,0.00045,runlisfloo,asiripat,r,08/19/2026,22:22:07,eddie@node1m20.ecdf.ed.ac.uk,1,8398
57728307,0.00045,runlisfloo,asiripat,r,08/19/2026,22:23:22,eddie@node1m22.ecdf.ed.ac.uk,1,8399
57728307,0.00045,runlisfloo,asiripat,r,08/19/2026,22:23:52,eddie@node1m22.ecdf.ed.ac.uk,1,8400
57728307,0.00045,runlisfloo,asiripat,r,08/19/2026,22:24:07,eddie@node1m19.ecdf.ed.ac.uk,1,8401
57728307,0.00045,runlisfloo,asiripat,r,08/19/2026,22:24:22,eddie@node1m19.ecdf.ed.ac.uk,1,8402
57728307,0.00045,runlisfloo,asiripat,r,08/19/2026,22:18:52,eddie@node1m23.ecdf.ed.ac.uk,1,8396
57766136,0.00045,gpu_input,s2538679,r,08/20/2026,14:41:04,gpu@node1p07.ecdf.ed.ac.uk,1
57728307,0.00045,runlisfloo,asiripat,r,08/19/2026,22:40:07,eddie@node1m19.ecdf.ed.ac.uk,1,8420
57769901,0.00045,cover_sim,s2441782,r,08/20/2026,14:42:35,eddie@node1k01.ecdf.ed.ac.uk,8,31
57728307,0.00045,runlisfloo,asiripat,r,08/19/2026,22:14:39,eddie@node1m20.ecdf.ed.ac.uk,1,8391
57728307,0.00045,runlisfloo,asiripat,r,08/19/2026,22:17:32,eddie@node1m24.ecdf.ed.ac.uk,1,8392
57728307,0.00045,runlisfloo,asiripat,r,08/19/2026,22:17:47,eddie@node1m20.ecdf.ed.ac.uk,1,8393
57728307,0.00045,runlisfloo,asiripat,r,08/19/2026,22:17:47,eddie@node1m20.ecdf.ed.ac.uk,1,8394
57766134,0.00045,gpu_input,s2538679,r,08/20/2026,14:39:48,gpu@node1p07.ecdf.ed.ac.uk,1
57728307,0.00045,runlisfloo,asiripat,r,08/19/2026,22:18:17,eddie@node1m19.ecdf.ed.ac.uk,1,8395
57769901,0.00045,cover_sim,s2441782,r,08/20/2026,14:42:35,eddie@node1j04.ecdf.ed.ac.uk,8,32
57728307,0.00045,runlisfloo,asiripat,r,08/19/2026,22:08:20,eddie@node1m23.ecdf.ed.ac.uk,1,8388
57728307,0.00044,runlisfloo,asiripat,r,08/19/2026,22:10:09,eddie@node1m19.ecdf.ed.ac.uk,1,8389
57728307,0.00044,runlisfloo,asiripat,r,08/19/2026,22:13:09,eddie@node1m21.ecdf.ed.ac.uk,1,8390
57769990,0.00044,nf-NFCORE_,cmetheri,r,08/20/2026,14:45:11,eddie@node1l10.ecdf.ed.ac.uk,4
57753432,0.00044,DuckHC,v1nayele,r,08/19/2026,21:37:35,eddie@node1s18.ecdf.ed.ac.uk,1,8
57728307,0.00044,runlisfloo,asiripat,r,08/19/2026,22:02:20,eddie@node1m19.ecdf.ed.ac.uk,1,8387
57767491,0.00044,trim_galor,s2742483,r,08/20/2026,14:16:53,eddie@node1j04.ecdf.ed.ac.uk,4,16
57769901,0.00044,cover_sim,s2441782,r,08/20/2026,14:42:35,eddie@node1j21.ecdf.ed.ac.uk,8,33
57728307,0.00044,runlisfloo,asiripat,r,08/19/2026,21:56:05,eddie@node1m21.ecdf.ed.ac.uk,1,8380
57728307,0.00044,runlisfloo,asiripat,r,08/19/2026,21:56:35,eddie@node1m21.ecdf.ed.ac.uk,1,8381
57728307,0.00044,runlisfloo,asiripat,r,08/19/2026,21:56:50,eddie@node1m23.ecdf.ed.ac.uk,1,8382
57728307,0.00044,runlisfloo,asiripat,r,08/19/2026,21:57:20,eddie@node1m23.ecdf.ed.ac.uk,1,8383
57728307,0.00044,runlisfloo,asiripat,r,08/19/2026,21:58:50,eddie@node1m20.ecdf.ed.ac.uk,1,8384
57728307,0.00044,runlisfloo,asiripat,r,08/19/2026,22:00:20,eddie@node1m18.ecdf.ed.ac.uk,1,8385
57728307,0.00044,runlisfloo,asiripat,r,08/19/2026,22:01:05,eddie@node1m23.ecdf.ed.ac.uk,1,8386
57728307,0.00044,runlisfloo,asiripat,r,08/19/2026,21:52:35,eddie@node1m21.ecdf.ed.ac.uk,1,8372
57728307,0.00044,runlisfloo,asiripat,r,08/19/2026,21:52:35,eddie@node1m23.ecdf.ed.ac.uk,1,8373
57728307,0.00044,runlisfloo,asiripat,r,08/19/2026,21:52:50,eddie@node1m18.ecdf.ed.ac.uk,1,8374
57728307,0.00044,runlisfloo,asiripat,r,08/19/2026,21:53:20,eddie@node1m24.ecdf.ed.ac.uk,1,8375
57728307,0.00044,runlisfloo,asiripat,r,08/19/2026,21:53:20,eddie@node1m22.ecdf.ed.ac.uk,1,8376
57728307,0.00044,runlisfloo,asiripat,r,08/19/2026,21:53:35,eddie@node1m21.ecdf.ed.ac.uk,1,8377
57728307,0.00044,runlisfloo,asiripat,r,08/19/2026,21:51:50,eddie@node1m22.ecdf.ed.ac.uk,1,8370
57728307,0.00044,runlisfloo,asiripat,r,08/19/2026,21:52:05,eddie@node1m22.ecdf.ed.ac.uk,1,8371
57769901,0.00044,cover_sim,s2441782,r,08/20/2026,14:42:35,eddie@node1m12.ecdf.ed.ac.uk,8,34
57728307,0.00044,runlisfloo,asiripat,r,08/19/2026,21:53:50,eddie@node1m23.ecdf.ed.ac.uk,1,8378
57728307,0.00044,runlisfloo,asiripat,r,08/19/2026,21:55:05,eddie@node1m24.ecdf.ed.ac.uk,1,8379
57769901,0.00043,cover_sim,s2441782,r,08/20/2026,14:42:35,eddie@node1l09.ecdf.ed.ac.uk,8,35
57728307,0.00043,runlisfloo,asiripat,r,08/19/2026,21:42:35,eddie@node1m20.ecdf.ed.ac.uk,1,8360
57728307,0.00043,runlisfloo,asiripat,r,08/19/2026,21:43:35,eddie@node1m18.ecdf.ed.ac.uk,1,8361
57728307,0.00043,runlisfloo,asiripat,r,08/19/2026,21:44:05,eddie@node1m22.ecdf.ed.ac.uk,1,8362
57728307,0.00043,runlisfloo,asiripat,r,08/19/2026,21:45:05,eddie@node1m20.ecdf.ed.ac.uk,1,8363
57728307,0.00043,runlisfloo,asiripat,r,08/19/2026,21:45:35,eddie@node1m23.ecdf.ed.ac.uk,1,8364
57728307,0.00043,runlisfloo,asiripat,r,08/19/2026,21:47:50,eddie@node1m19.ecdf.ed.ac.uk,1,8365
57728307,0.00043,runlisfloo,asiripat,r,08/19/2026,21:47:50,eddie@node1m18.ecdf.ed.ac.uk,1,8366
57728307,0.00043,runlisfloo,asiripat,r,08/19/2026,21:48:05,eddie@node1n02.ecdf.ed.ac.uk,1,8367
57728307,0.00043,runlisfloo,asiripat,r,08/19/2026,21:48:20,eddie@node1m24.ecdf.ed.ac.uk,1,8368
57728307,0.00043,runlisfloo,asiripat,r,08/19/2026,21:49:20,eddie@node1m23.ecdf.ed.ac.uk,1,8369
57728307,0.00043,runlisfloo,asiripat,r,08/19/2026,21:39:20,eddie@node1m20.ecdf.ed.ac.uk,1,8359
57769901,0.00043,cover_sim,s2441782,r,08/20/2026,14:42:35,eddie@node1k08.ecdf.ed.ac.uk,8,36
57728307,0.00043,runlisfloo,asiripat,r,08/19/2026,21:35:50,eddie@node1m19.ecdf.ed.ac.uk,1,8356
57728307,0.00043,runlisfloo,asiripat,r,08/19/2026,21:36:05,eddie@node1m22.ecdf.ed.ac.uk,1,8357
57728307,0.00043,runlisfloo,asiripat,r,08/19/2026,21:37:20,eddie@node1m23.ecdf.ed.ac.uk,1,8358
57728307,0.00043,runlisfloo,asiripat,r,08/19/2026,21:34:50,eddie@node1m22.ecdf.ed.ac.uk,1,8355
57753432,0.00043,DuckHC,v1nayele,r,08/19/2026,21:37:35,eddie@node1r05.ecdf.ed.ac.uk,1,9
57769991,0.00043,nf-NFCORE_,cmetheri,r,08/20/2026,14:45:11,eddie@node1j04.ecdf.ed.ac.uk,4
57728307,0.00043,runlisfloo,asiripat,r,08/19/2026,21:33:35,eddie@node1m18.ecdf.ed.ac.uk,1,8351
57728307,0.00043,runlisfloo,asiripat,r,08/19/2026,21:33:35,eddie@node1m23.ecdf.ed.ac.uk,1,8352
57728307,0.00043,runlisfloo,asiripat,r,08/19/2026,21:33:50,eddie@node1m19.ecdf.ed.ac.uk,1,8353
57728307,0.00043,runlisfloo,asiripat,r,08/19/2026,21:34:05,eddie@node1m21.ecdf.ed.ac.uk,1,8354
57728307,0.00042,runlisfloo,asiripat,r,08/19/2026,21:32:34,eddie@node1m22.ecdf.ed.ac.uk,1,8350
57728307,0.00042,runlisfloo,asiripat,r,08/19/2026,21:31:49,eddie@node1m20.ecdf.ed.ac.uk,1,8348
57728307,0.00042,runlisfloo,asiripat,r,08/19/2026,21:31:49,eddie@node1m22.ecdf.ed.ac.uk,1,8349
57769901,0.00042,cover_sim,s2441782,r,08/20/2026,14:42:35,eddie@node1j08.ecdf.ed.ac.uk,8,37
57769901,0.00042,cover_sim,s2441782,r,08/20/2026,14:42:35,eddie@node1j18.ecdf.ed.ac.uk,8,38
57769901,0.00042,cover_sim,s2441782,r,08/20/2026,14:42:35,eddie@node1m01.ecdf.ed.ac.uk,8,39
57769901,0.00042,cover_sim,s2441782,r,08/20/2026,14:42:35,eddie@node1l19.ecdf.ed.ac.uk,8,40
57769901,0.00042,cover_sim,s2441782,r,08/20/2026,14:42:35,eddie@node1k09.ecdf.ed.ac.uk,8,41
57769901,0.00042,cover_sim,s2441782,r,08/20/2026,14:42:35,eddie@node1j07.ecdf.ed.ac.uk,8,42
57769901,0.00042,cover_sim,s2441782,r,08/20/2026,14:42:35,eddie@node1l01.ecdf.ed.ac.uk,8,43
57769901,0.00042,cover_sim,s2441782,r,08/20/2026,14:42:35,eddie@node1j11.ecdf.ed.ac.uk,8,44
57769901,0.00042,cover_sim,s2441782,r,08/20/2026,14:42:35,eddie@node1k04.ecdf.ed.ac.uk,8,45
57769901,0.00042,cover_sim,s2441782,r,08/20/2026,14:42:35,eddie@node1j09.ecdf.ed.ac.uk,8,46
57769901,0.00042,cover_sim,s2441782,r,08/20/2026,14:42:35,eddie@node1j01.ecdf.ed.ac.uk,8,47
57769901,0.00042,cover_sim,s2441782,r,08/20/2026,14:42:35,eddie@node1l07.ecdf.ed.ac.uk,8,48
57769901,0.00042,cover_sim,s2441782,r,08/20/2026,14:42:35,eddie@node1l04.ecdf.ed.ac.uk,8,49
57769901,0.00042,cover_sim,s2441782,r,08/20/2026,14:42:36,eddie@node1j22.ecdf.ed.ac.uk,8,50
57769901,0.00042,cover_sim,s2441782,r,08/20/2026,14:42:36,eddie@node1k02.ecdf.ed.ac.uk,8,51
57769901,0.00042,cover_sim,s2441782,r,08/20/2026,14:42:36,eddie@node1m04.ecdf.ed.ac.uk,8,52
57769901,0.00042,cover_sim,s2441782,r,08/20/2026,14:42:36,eddie@node1j23.ecdf.ed.ac.uk,8,53
57769901,0.00042,cover_sim,s2441782,r,08/20/2026,14:42:36,eddie@node1l10.ecdf.ed.ac.uk,8,54
57769901,0.00042,cover_sim,s2441782,r,08/20/2026,14:42:36,eddie@node1l08.ecdf.ed.ac.uk,8,55
57769901,0.00042,cover_sim,s2441782,r,08/20/2026,14:42:36,eddie@node1k06.ecdf.ed.ac.uk,8,56
57769901,0.00042,cover_sim,s2441782,r,08/20/2026,14:42:36,eddie@node1m05.ecdf.ed.ac.uk,8,57
57769901,0.00042,cover_sim,s2441782,r,08/20/2026,14:42:36,eddie@node1l02.ecdf.ed.ac.uk,8,58
57769901,0.00042,cover_sim,s2441782,r,08/20/2026,14:42:36,eddie@node1m11.ecdf.ed.ac.uk,8,59
57769901,0.00042,cover_sim,s2441782,r,08/20/2026,14:42:36,eddie@node1k07.ecdf.ed.ac.uk,8,60
57769901,0.00042,cover_sim,s2441782,r,08/20/2026,14:42:36,eddie@node1m10.ecdf.ed.ac.uk,8,61
57769901,0.00042,cover_sim,s2441782,r,08/20/2026,14:42:36,eddie@node1k03.ecdf.ed.ac.uk,8,62
57769901,0.00042,cover_sim,s2441782,r,08/20/2026,14:42:36,eddie@node1l03.ecdf.ed.ac.uk,8,63
57769901,0.00042,cover_sim,s2441782,r,08/20/2026,14:42:36,eddie@node1j10.ecdf.ed.ac.uk,8,64
57769901,0.00042,cover_sim,s2441782,r,08/20/2026,14:42:36,eddie@node1m07.ecdf.ed.ac.uk,8,65
57769901,0.00042,cover_sim,s2441782,r,08/20/2026,14:42:36,eddie@node1k05.ecdf.ed.ac.uk,8,66
57769901,0.00042,cover_sim,s2441782,r,08/20/2026,14:42:36,eddie@node1l05.ecdf.ed.ac.uk,8,67
57769901,0.00042,cover_sim,s2441782,r,08/20/2026,14:42:36,eddie@node1j02.ecdf.ed.ac.uk,8,68
57769901,0.00042,cover_sim,s2441782,r,08/20/2026,14:42:36,eddie@node1j06.ecdf.ed.ac.uk,8,69
57769901,0.00042,cover_sim,s2441782,r,08/20/2026,14:42:36,eddie@node1k01.ecdf.ed.ac.uk,8,70
57769901,0.00042,cover_sim,s2441782,r,08/20/2026,14:42:36,eddie@node1j04.ecdf.ed.ac.uk,8,71
57769901,0.00042,cover_sim,s2441782,r,08/20/2026,14:42:36,eddie@node1l20.ecdf.ed.ac.uk,8,72
57769901,0.00042,cover_sim,s2441782,r,08/20/2026,14:42:36,eddie@node1j21.ecdf.ed.ac.uk,8,73
57769901,0.00042,cover_sim,s2441782,r,08/20/2026,14:42:36,eddie@node1m12.ecdf.ed.ac.uk,8,74
57769901,0.00042,cover_sim,s2441782,r,08/20/2026,14:42:36,eddie@node1l09.ecdf.ed.ac.uk,8,75
57769901,0.00042,cover_sim,s2441782,r,08/20/2026,14:42:36,eddie@node1j17.ecdf.ed.ac.uk,8,76
57769901,0.00042,cover_sim,s2441782,r,08/20/2026,14:42:36,eddie@node1k08.ecdf.ed.ac.uk,8,77
57769901,0.00042,cover_sim,s2441782,r,08/20/2026,14:42:36,eddie@node1j08.ecdf.ed.ac.uk,8,78
57769901,0.00042,cover_sim,s2441782,r,08/20/2026,14:42:36,eddie@node1j18.ecdf.ed.ac.uk,8,79
57769901,0.00042,cover_sim,s2441782,r,08/20/2026,14:42:36,eddie@node1m01.ecdf.ed.ac.uk,8,80
57769901,0.00042,cover_sim,s2441782,r,08/20/2026,14:42:36,eddie@node1l06.ecdf.ed.ac.uk,8,81
57769901,0.00042,cover_sim,s2441782,r,08/20/2026,14:42:36,eddie@node1l19.ecdf.ed.ac.uk,8,82
57769901,0.00042,cover_sim,s2441782,r,08/20/2026,14:42:36,eddie@node1k09.ecdf.ed.ac.uk,8,83
57769901,0.00042,cover_sim,s2441782,r,08/20/2026,14:42:36,eddie@node1j07.ecdf.ed.ac.uk,8,84
57769901,0.00042,cover_sim,s2441782,r,08/20/2026,14:42:36,eddie@node1l01.ecdf.ed.ac.uk,8,85
57769901,0.00042,cover_sim,s2441782,r,08/20/2026,14:42:36,eddie@node1j11.ecdf.ed.ac.uk,8,86
57769901,0.00042,cover_sim,s2441782,r,08/20/2026,14:42:36,eddie@node1k04.ecdf.ed.ac.uk,8,87
57769901,0.00042,cover_sim,s2441782,r,08/20/2026,14:42:36,eddie@node1j09.ecdf.ed.ac.uk,8,88
57769901,0.00042,cover_sim,s2441782,r,08/20/2026,14:42:36,eddie@node1j05.ecdf.ed.ac.uk,8,89
57769901,0.00042,cover_sim,s2441782,r,08/20/2026,14:42:36,eddie@node1j01.ecdf.ed.ac.uk,8,90
57769901,0.00042,cover_sim,s2441782,r,08/20/2026,14:42:36,eddie@node1l07.ecdf.ed.ac.uk,8,91
57769901,0.00042,cover_sim,s2441782,r,08/20/2026,14:42:36,eddie@node1l04.ecdf.ed.ac.uk,8,92
57769901,0.00042,cover_sim,s2441782,r,08/20/2026,14:42:36,eddie@node1j22.ecdf.ed.ac.uk,8,93
57769901,0.00042,cover_sim,s2441782,r,08/20/2026,14:42:36,eddie@node1k02.ecdf.ed.ac.uk,8,94
57769901,0.00042,cover_sim,s2441782,r,08/20/2026,14:42:36,eddie@node1m04.ecdf.ed.ac.uk,8,95
57769901,0.00042,cover_sim,s2441782,r,08/20/2026,14:42:36,eddie@node1j23.ecdf.ed.ac.uk,8,96
57769901,0.00042,cover_sim,s2441782,r,08/20/2026,14:42:36,eddie@node1l10.ecdf.ed.ac.uk,8,97
57769901,0.00042,cover_sim,s2441782,r,08/20/2026,14:42:36,eddie@node1l08.ecdf.ed.ac.uk,8,98
57769901,0.00042,cover_sim,s2441782,r,08/20/2026,14:42:36,eddie@node1m02.ecdf.ed.ac.uk,8,99
57769901,0.00042,cover_sim,s2441782,r,08/20/2026,14:42:36,eddie@node1k06.ecdf.ed.ac.uk,8,100
57769901,0.00042,cover_sim,s2441782,r,08/20/2026,14:42:36,eddie@node1m05.ecdf.ed.ac.uk,8,101
57769901,0.00042,cover_sim,s2441782,r,08/20/2026,14:42:36,eddie@node1l02.ecdf.ed.ac.uk,8,102
57769901,0.00042,cover_sim,s2441782,r,08/20/2026,14:42:36,eddie@node1j19.ecdf.ed.ac.uk,8,103
57769901,0.00042,cover_sim,s2441782,r,08/20/2026,14:42:36,eddie@node1m11.ecdf.ed.ac.uk,8,104
57769901,0.00042,cover_sim,s2441782,r,08/20/2026,14:42:36,eddie@node1k07.ecdf.ed.ac.uk,8,105
57769901,0.00042,cover_sim,s2441782,r,08/20/2026,14:42:36,eddie@node1m10.ecdf.ed.ac.uk,8,106
57769901,0.00042,cover_sim,s2441782,r,08/20/2026,14:42:36,eddie@node1k03.ecdf.ed.ac.uk,8,107
57769901,0.00042,cover_sim,s2441782,r,08/20/2026,14:42:36,eddie@node1l03.ecdf.ed.ac.uk,8,108
57769901,0.00042,cover_sim,s2441782,r,08/20/2026,14:42:36,eddie@node1j10.ecdf.ed.ac.uk,8,109
57769901,0.00042,cover_sim,s2441782,r,08/20/2026,14:42:36,eddie@node1m07.ecdf.ed.ac.uk,8,110
57769901,0.00042,cover_sim,s2441782,r,08/20/2026,14:42:36,eddie@node1k05.ecdf.ed.ac.uk,8,111
57769901,0.00042,cover_sim,s2441782,r,08/20/2026,14:42:36,eddie@node1l05.ecdf.ed.ac.uk,8,112
57769901,0.00042,cover_sim,s2441782,r,08/20/2026,14:42:36,eddie@node1j02.ecdf.ed.ac.uk,8,113
57769901,0.00042,cover_sim,s2441782,r,08/20/2026,14:42:36,eddie@node1j06.ecdf.ed.ac.uk,8,114
57769901,0.00042,cover_sim,s2441782,r,08/20/2026,14:42:36,eddie@node1k01.ecdf.ed.ac.uk,8,115
57769901,0.00042,cover_sim,s2441782,r,08/20/2026,14:42:36,eddie@node1j04.ecdf.ed.ac.uk,8,116
57769901,0.00042,cover_sim,s2441782,r,08/20/2026,14:42:36,eddie@node1l20.ecdf.ed.ac.uk,8,117
57769901,0.00042,cover_sim,s2441782,r,08/20/2026,14:42:36,eddie@node1j21.ecdf.ed.ac.uk,8,118
57769901,0.00042,cover_sim,s2441782,r,08/20/2026,14:42:36,eddie@node1m12.ecdf.ed.ac.uk,8,119
57769901,0.00042,cover_sim,s2441782,r,08/20/2026,14:42:36,eddie@node1l09.ecdf.ed.ac.uk,8,120
57769901,0.00042,cover_sim,s2441782,r,08/20/2026,14:42:36,eddie@node1j17.ecdf.ed.ac.uk,8,121
57769901,0.00042,cover_sim,s2441782,r,08/20/2026,14:42:36,eddie@node1k08.ecdf.ed.ac.uk,8,122
57769901,0.00042,cover_sim,s2441782,r,08/20/2026,14:42:36,eddie@node1j08.ecdf.ed.ac.uk,8,123
57769901,0.00042,cover_sim,s2441782,r,08/20/2026,14:42:36,eddie@node1j18.ecdf.ed.ac.uk,8,124
57769901,0.00042,cover_sim,s2441782,r,08/20/2026,14:42:36,eddie@node1m01.ecdf.ed.ac.uk,8,125
57769901,0.00042,cover_sim,s2441782,r,08/20/2026,14:42:36,eddie@node1l19.ecdf.ed.ac.uk,8,126
57769901,0.00042,cover_sim,s2441782,r,08/20/2026,14:42:36,eddie@node1k09.ecdf.ed.ac.uk,8,127
57769901,0.00042,cover_sim,s2441782,r,08/20/2026,14:42:36,eddie@node1j07.ecdf.ed.ac.uk,8,128
57769901,0.00042,cover_sim,s2441782,r,08/20/2026,14:42:36,eddie@node1j03.ecdf.ed.ac.uk,8,129
57769901,0.00042,cover_sim,s2441782,r,08/20/2026,14:42:36,eddie@node1l01.ecdf.ed.ac.uk,8,130
57769901,0.00042,cover_sim,s2441782,r,08/20/2026,14:42:36,eddie@node1j11.ecdf.ed.ac.uk,8,131
57769901,0.00042,cover_sim,s2441782,r,08/20/2026,14:42:36,eddie@node1k04.ecdf.ed.ac.uk,8,132
57769901,0.00042,cover_sim,s2441782,r,08/20/2026,14:42:36,eddie@node1j09.ecdf.ed.ac.uk,8,133
57769901,0.00042,cover_sim,s2441782,r,08/20/2026,14:42:36,eddie@node1j05.ecdf.ed.ac.uk,8,134
57769901,0.00042,cover_sim,s2441782,r,08/20/2026,14:42:36,eddie@node1j01.ecdf.ed.ac.uk,8,135
57769901,0.00042,cover_sim,s2441782,r,08/20/2026,14:42:36,eddie@node1l07.ecdf.ed.ac.uk,8,136
57769901,0.00042,cover_sim,s2441782,r,08/20/2026,14:42:36,eddie@node1l04.ecdf.ed.ac.uk,8,137
57769901,0.00042,cover_sim,s2441782,r,08/20/2026,14:42:36,eddie@node1j22.ecdf.ed.ac.uk,8,138
57769901,0.00042,cover_sim,s2441782,r,08/20/2026,14:42:36,eddie@node1k02.ecdf.ed.ac.uk,8,139
57769901,0.00042,cover_sim,s2441782,r,08/20/2026,14:42:36,eddie@node1m04.ecdf.ed.ac.uk,8,140
57769901,0.00042,cover_sim,s2441782,r,08/20/2026,14:42:37,eddie@node1j23.ecdf.ed.ac.uk,8,141
57769901,0.00042,cover_sim,s2441782,r,08/20/2026,14:42:37,eddie@node1l10.ecdf.ed.ac.uk,8,142
57769901,0.00042,cover_sim,s2441782,r,08/20/2026,14:42:37,eddie@node1l08.ecdf.ed.ac.uk,8,143
57769901,0.00042,cover_sim,s2441782,r,08/20/2026,14:42:37,eddie@node1m02.ecdf.ed.ac.uk,8,144
57769901,0.00042,cover_sim,s2441782,r,08/20/2026,14:42:37,eddie@node1k06.ecdf.ed.ac.uk,8,145
57769901,0.00042,cover_sim,s2441782,r,08/20/2026,14:42:37,eddie@node1m05.ecdf.ed.ac.uk,8,146
57769901,0.00042,cover_sim,s2441782,r,08/20/2026,14:42:37,eddie@node1j19.ecdf.ed.ac.uk,8,147
57769901,0.00042,cover_sim,s2441782,r,08/20/2026,14:42:37,eddie@node1m11.ecdf.ed.ac.uk,8,148
57769901,0.00042,cover_sim,s2441782,r,08/20/2026,14:42:37,eddie@node1k07.ecdf.ed.ac.uk,8,149
57769901,0.00042,cover_sim,s2441782,r,08/20/2026,14:42:37,eddie@node1m10.ecdf.ed.ac.uk,8,150
57728307,0.00042,runlisfloo,asiripat,r,08/19/2026,21:28:19,eddie@node1n08.ecdf.ed.ac.uk,1,8345
57728307,0.00042,runlisfloo,asiripat,r,08/19/2026,21:28:19,eddie@node1m24.ecdf.ed.ac.uk,1,8346
57728307,0.00042,runlisfloo,asiripat,r,08/19/2026,21:27:19,eddie@node1m22.ecdf.ed.ac.uk,1,8344
57728307,0.00042,runlisfloo,asiripat,r,08/19/2026,21:28:34,eddie@node1m23.ecdf.ed.ac.uk,1,8347
57767491,0.00042,trim_galor,s2742483,r,08/20/2026,14:16:53,eddie@node1j19.ecdf.ed.ac.uk,4,17
57728307,0.00042,runlisfloo,asiripat,r,08/19/2026,21:25:04,eddie@node1m18.ecdf.ed.ac.uk,1,8341
57728307,0.00042,runlisfloo,asiripat,r,08/19/2026,21:25:19,eddie@node1m21.ecdf.ed.ac.uk,1,8342
57728307,0.00042,runlisfloo,asiripat,r,08/19/2026,21:25:49,eddie@node1m24.ecdf.ed.ac.uk,1,8343
57723018,0.00042,Housekeepi,s2559269,r,08/19/2026,10:26:24,igmm_long@node1c02.ecdf.ed.ac.,6,1
57723018,0.00042,Housekeepi,s2559269,r,08/19/2026,10:26:24,igmm_long@node1b02.ecdf.ed.ac.,6,2
57723018,0.00042,Housekeepi,s2559269,r,08/19/2026,10:26:24,igmm_long@node1a01.ecdf.ed.ac.,6,3
57723018,0.00042,Housekeepi,s2559269,r,08/19/2026,10:26:24,igmm_long@node1a07.ecdf.ed.ac.,6,4
57723018,0.00042,Housekeepi,s2559269,r,08/19/2026,10:26:24,igmm_long@node1b08.ecdf.ed.ac.,6,5
57723018,0.00042,Housekeepi,s2559269,r,08/19/2026,10:26:24,igmm_long@node1b05.ecdf.ed.ac.,6,6
57723018,0.00042,Housekeepi,s2559269,r,08/19/2026,10:26:24,igmm_long@node1c03.ecdf.ed.ac.,6,7
57723018,0.00042,Housekeepi,s2559269,r,08/19/2026,10:26:24,igmm_long@node1b07.ecdf.ed.ac.,6,8
57723018,0.00042,Housekeepi,s2559269,r,08/19/2026,10:26:24,igmm_long@node1a04.ecdf.ed.ac.,6,9
57728307,0.00042,runlisfloo,asiripat,r,08/19/2026,21:19:19,eddie@node1m19.ecdf.ed.ac.uk,1,8336
57728307,0.00042,runlisfloo,asiripat,r,08/19/2026,21:19:34,eddie@node1m23.ecdf.ed.ac.uk,1,8337
57728307,0.00042,runlisfloo,asiripat,r,08/19/2026,21:20:34,eddie@node1m20.ecdf.ed.ac.uk,1,8338
57728307,0.00042,runlisfloo,asiripat,r,08/19/2026,21:21:19,eddie@node1m19.ecdf.ed.ac.uk,1,8339
57728307,0.00042,runlisfloo,asiripat,r,08/19/2026,21:22:34,eddie@node1m18.ecdf.ed.ac.uk,1,8340
57728307,0.00042,runlisfloo,asiripat,r,08/19/2026,21:18:49,eddie@node1m20.ecdf.ed.ac.uk,1,8335
57728307,0.00041,runlisfloo,asiripat,r,08/19/2026,21:15:19,eddie@node1m20.ecdf.ed.ac.uk,1,8332
57728307,0.00041,runlisfloo,asiripat,r,08/19/2026,21:15:49,eddie@node1m18.ecdf.ed.ac.uk,1,8333
57728307,0.00041,runlisfloo,asiripat,r,08/19/2026,21:16:34,eddie@node1m22.ecdf.ed.ac.uk,1,8334
57728307,0.00041,runlisfloo,asiripat,r,08/19/2026,21:11:26,eddie@node1m21.ecdf.ed.ac.uk,1,8330
57728307,0.00041,runlisfloo,asiripat,r,08/19/2026,21:14:11,eddie@node1m24.ecdf.ed.ac.uk,1,8331
57728307,0.00041,runlisfloo,asiripat,r,08/19/2026,21:08:56,eddie@node1m22.ecdf.ed.ac.uk,1,8327
57728307,0.00041,runlisfloo,asiripat,r,08/19/2026,21:09:56,eddie@node1m21.ecdf.ed.ac.uk,1,8328
57728307,0.00041,runlisfloo,asiripat,r,08/19/2026,21:09:56,eddie@node1m18.ecdf.ed.ac.uk,1,8329
57766131,0.00041,gpu_input,s2538679,r,08/20/2026,14:30:48,gpu@node1o02.ecdf.ed.ac.uk,1
57753432,0.00041,DuckHC,v1nayele,r,08/19/2026,21:37:36,eddie@node1r05.ecdf.ed.ac.uk,1,10
57769992,0.00041,nf-NFCORE_,cmetheri,r,08/20/2026,14:45:11,eddie@node1j03.ecdf.ed.ac.uk,4
57728307,0.00041,runlisfloo,asiripat,r,08/19/2026,21:06:11,eddie@node1m20.ecdf.ed.ac.uk,1,8325
57728307,0.00041,runlisfloo,asiripat,r,08/19/2026,21:06:11,eddie@node1m19.ecdf.ed.ac.uk,1,8326
57728307,0.00041,runlisfloo,asiripat,r,08/19/2026,21:02:41,eddie@node1m18.ecdf.ed.ac.uk,1,8322
57728307,0.00041,runlisfloo,asiripat,r,08/19/2026,21:02:56,eddie@node1m23.ecdf.ed.ac.uk,1,8323
57728307,0.00041,runlisfloo,asiripat,r,08/19/2026,21:03:11,eddie@node1m19.ecdf.ed.ac.uk,1,8324
57728307,0.00040,runlisfloo,asiripat,r,08/19/2026,21:00:26,eddie@node1m18.ecdf.ed.ac.uk,1,8320
57767491,0.00040,trim_galor,s2742483,r,08/20/2026,14:16:53,eddie@node1j01.ecdf.ed.ac.uk,4,18
57728307,0.00040,runlisfloo,asiripat,r,08/19/2026,21:01:26,eddie@node1m22.ecdf.ed.ac.uk,1,8321
57728307,0.00040,runlisfloo,asiripat,r,08/19/2026,20:49:51,eddie@node1m24.ecdf.ed.ac.uk,1,8309
57728307,0.00040,runlisfloo,asiripat,r,08/19/2026,20:49:51,eddie@node1m18.ecdf.ed.ac.uk,1,8310
57728307,0.00040,runlisfloo,asiripat,r,08/19/2026,20:58:26,eddie@node1m19.ecdf.ed.ac.uk,1,8318
57728307,0.00040,runlisfloo,asiripat,r,08/19/2026,20:59:11,eddie@node1m22.ecdf.ed.ac.uk,1,8319
57728307,0.00040,runlisfloo,asiripat,r,08/19/2026,20:55:26,eddie@node1m18.ecdf.ed.ac.uk,1,8316
57728307,0.00040,runlisfloo,asiripat,r,08/19/2026,20:55:56,eddie@node1m18.ecdf.ed.ac.uk,1,8317
57728307,0.00040,runlisfloo,asiripat,r,08/19/2026,20:53:06,eddie@node1m18.ecdf.ed.ac.uk,1,8312
57728307,0.00040,runlisfloo,asiripat,r,08/19/2026,20:53:21,eddie@node1m22.ecdf.ed.ac.uk,1,8313
57728307,0.00040,runlisfloo,asiripat,r,08/19/2026,20:54:21,eddie@node1m23.ecdf.ed.ac.uk,1,8314
57728307,0.00040,runlisfloo,asiripat,r,08/19/2026,20:54:21,eddie@node1m18.ecdf.ed.ac.uk,1,8315
57728307,0.00040,runlisfloo,asiripat,r,08/19/2026,20:51:51,eddie@node1m23.ecdf.ed.ac.uk,1,8311
57728307,0.00040,runlisfloo,asiripat,r,08/19/2026,20:44:51,eddie@node1m18.ecdf.ed.ac.uk,1,8308
57763855,0.00039,nf-NFCORE_,psmith20,r,08/20/2026,13:44:20,eddie@node1f16.ecdf.ed.ac.uk,1
57728307,0.00039,runlisfloo,asiripat,r,08/19/2026,20:43:06,eddie@node1m20.ecdf.ed.ac.uk,1,8305
57728307,0.00039,runlisfloo,asiripat,r,08/19/2026,20:43:06,eddie@node1m23.ecdf.ed.ac.uk,1,8306
57769993,0.00039,nf-NFCORE_,cmetheri,r,08/20/2026,14:45:11,eddie@node1l20.ecdf.ed.ac.uk,4
57728307,0.00039,runlisfloo,asiripat,r,08/19/2026,20:44:06,eddie@node1m18.ecdf.ed.ac.uk,1,8307
57753432,0.00039,DuckHC,v1nayele,r,08/19/2026,21:37:36,eddie@node1h23.ecdf.ed.ac.uk,1,11
57728307,0.00039,runlisfloo,asiripat,r,08/19/2026,20:40:22,eddie@node1m18.ecdf.ed.ac.uk,1,8302
57728307,0.00039,runlisfloo,asiripat,r,08/19/2026,20:41:21,eddie@node1m23.ecdf.ed.ac.uk,1,8303
57728307,0.00039,runlisfloo,asiripat,r,08/19/2026,20:41:36,eddie@node1m20.ecdf.ed.ac.uk,1,8304
57728307,0.00039,runlisfloo,asiripat,r,08/19/2026,20:38:51,eddie@node1m23.ecdf.ed.ac.uk,1,8301
57728307,0.00039,runlisfloo,asiripat,r,08/19/2026,20:38:21,eddie@node1m21.ecdf.ed.ac.uk,1,8300
57728307,0.00039,runlisfloo,asiripat,r,08/19/2026,20:37:51,eddie@node1m22.ecdf.ed.ac.uk,1,8299
57728307,0.00039,runlisfloo,asiripat,r,08/19/2026,20:34:51,eddie@node1m19.ecdf.ed.ac.uk,1,8298
57728307,0.00039,runlisfloo,asiripat,r,08/19/2026,20:33:51,eddie@node1m22.ecdf.ed.ac.uk,1,8297
57728307,0.00039,runlisfloo,asiripat,r,08/19/2026,20:33:21,eddie@node1m18.ecdf.ed.ac.uk,1,8296
57767491,0.00039,trim_galor,s2742483,r,08/20/2026,14:16:53,eddie@node1m05.ecdf.ed.ac.uk,4,19
57728307,0.00039,runlisfloo,asiripat,r,08/19/2026,20:32:06,eddie@node1m20.ecdf.ed.ac.uk,1,8294
57728307,0.00039,runlisfloo,asiripat,r,08/19/2026,20:32:21,eddie@node1m19.ecdf.ed.ac.uk,1,8295
57728307,0.00039,runlisfloo,asiripat,r,08/19/2026,20:31:21,eddie@node1m22.ecdf.ed.ac.uk,1,8293
57728307,0.00039,runlisfloo,asiripat,r,08/19/2026,20:30:21,eddie@node1m24.ecdf.ed.ac.uk,1,8292
57728307,0.00039,runlisfloo,asiripat,r,08/19/2026,20:28:52,eddie@node1m24.ecdf.ed.ac.uk,1,8291
57722880,0.00039,QLOGIN,blivesey,r,08/19/2026,09:52:32,igmm_long@node1h02.ecdf.ed.ac.,1
57728307,0.00039,runlisfloo,asiripat,r,08/19/2026,20:28:06,eddie@node1m22.ecdf.ed.ac.uk,1,8290
57728307,0.00039,runlisfloo,asiripat,r,08/19/2026,20:27:36,eddie@node1m18.ecdf.ed.ac.uk,1,8289
57728307,0.00039,runlisfloo,asiripat,r,08/19/2026,20:26:21,eddie@node1k16.ecdf.ed.ac.uk,1,8288
57728307,0.00039,runlisfloo,asiripat,r,08/19/2026,20:25:06,eddie@node1m23.ecdf.ed.ac.uk,1,8287
57728307,0.00039,runlisfloo,asiripat,r,08/19/2026,20:24:21,eddie@node1m20.ecdf.ed.ac.uk,1,8286
57728307,0.00038,runlisfloo,asiripat,r,08/19/2026,20:22:51,eddie@node1m19.ecdf.ed.ac.uk,1,8285
57728307,0.00038,runlisfloo,asiripat,r,08/19/2026,20:21:21,eddie@node1m21.ecdf.ed.ac.uk,1,8284
57728307,0.00038,runlisfloo,asiripat,r,08/19/2026,20:20:37,eddie@node1m18.ecdf.ed.ac.uk,1,8283
57728307,0.00038,runlisfloo,asiripat,r,08/19/2026,20:18:49,eddie@node1m24.ecdf.ed.ac.uk,1,8281
57728307,0.00038,runlisfloo,asiripat,r,08/19/2026,20:19:19,eddie@node1m19.ecdf.ed.ac.uk,1,8282
57769994,0.00038,nf-NFCORE_,cmetheri,r,08/20/2026,14:45:11,eddie@node1k09.ecdf.ed.ac.uk,4
57728307,0.00038,runlisfloo,asiripat,r,08/19/2026,20:16:48,eddie@node1m24.ecdf.ed.ac.uk,1,8277
57728307,0.00038,runlisfloo,asiripat,r,08/19/2026,20:17:03,eddie@node1m23.ecdf.ed.ac.uk,1,8278
57728307,0.00038,runlisfloo,asiripat,r,08/19/2026,20:17:03,eddie@node1m18.ecdf.ed.ac.uk,1,8279
57728307,0.00038,runlisfloo,asiripat,r,08/19/2026,20:17:33,eddie@node1m24.ecdf.ed.ac.uk,1,8280
57753432,0.00038,DuckHC,v1nayele,r,08/19/2026,21:37:36,eddie@node1s14.ecdf.ed.ac.uk,1,12
57753432,0.00038,DuckHC,v1nayele,r,08/19/2026,21:37:36,eddie@node1s17.ecdf.ed.ac.uk,1,13
57753432,0.00038,DuckHC,v1nayele,r,08/19/2026,21:37:36,eddie@node1m14.ecdf.ed.ac.uk,1,14
57753432,0.00038,DuckHC,v1nayele,r,08/19/2026,21:37:36,eddie@node1j25.ecdf.ed.ac.uk,1,15
57753432,0.00038,DuckHC,v1nayele,r,08/19/2026,21:37:36,eddie@node1s20.ecdf.ed.ac.uk,1,16
57728307,0.00038,runlisfloo,asiripat,r,08/19/2026,20:14:49,eddie@node1m20.ecdf.ed.ac.uk,1,8276
57723019,0.00038,Somatic_sp,s2559269,r,08/19/2026,10:26:24,igmm_long@node1b04.ecdf.ed.ac.,5,1
57723019,0.00038,Somatic_sp,s2559269,r,08/19/2026,10:26:24,igmm_long@node1a03.ecdf.ed.ac.,5,2
57723019,0.00038,Somatic_sp,s2559269,r,08/19/2026,10:26:24,igmm_long@node1c01.ecdf.ed.ac.,5,3
57723019,0.00038,Somatic_sp,s2559269,r,08/19/2026,10:26:24,igmm_long@node1a08.ecdf.ed.ac.,5,4
57723019,0.00038,Somatic_sp,s2559269,r,08/19/2026,10:26:24,igmm_long@node1c05.ecdf.ed.ac.,5,5
57723019,0.00038,Somatic_sp,s2559269,r,08/19/2026,10:26:24,igmm_long@node1b01.ecdf.ed.ac.,5,6
57723019,0.00038,Somatic_sp,s2559269,r,08/19/2026,10:26:24,igmm_long@node1b03.ecdf.ed.ac.,5,7
57723019,0.00038,Somatic_sp,s2559269,r,08/19/2026,10:26:24,igmm_long@node1a05.ecdf.ed.ac.,5,8
57723019,0.00038,Somatic_sp,s2559269,r,08/19/2026,10:26:24,igmm_long@node1b06.ecdf.ed.ac.,5,9
57728307,0.00038,runlisfloo,asiripat,r,08/19/2026,20:12:04,eddie@node1m20.ecdf.ed.ac.uk,1,8275
57728307,0.00038,runlisfloo,asiripat,r,08/19/2026,20:11:19,eddie@node1m21.ecdf.ed.ac.uk,1,8273
57728307,0.00038,runlisfloo,asiripat,r,08/19/2026,20:11:19,eddie@node1m18.ecdf.ed.ac.uk,1,8274
57728307,0.00038,runlisfloo,asiripat,r,08/19/2026,20:10:33,eddie@node1k16.ecdf.ed.ac.uk,1,8271
57728307,0.00038,runlisfloo,asiripat,r,08/19/2026,20:10:48,eddie@node1m18.ecdf.ed.ac.uk,1,8272
57767491,0.00038,trim_galor,s2742483,r,08/20/2026,14:16:54,eddie@node1l20.ecdf.ed.ac.uk,4,20
57728307,0.00038,runlisfloo,asiripat,r,08/19/2026,20:09:19,eddie@node1m21.ecdf.ed.ac.uk,1,8270
57728307,0.00038,runlisfloo,asiripat,r,08/19/2026,20:08:19,eddie@node1m18.ecdf.ed.ac.uk,1,8269
57728307,0.00037,runlisfloo,asiripat,r,08/19/2026,20:06:45,eddie@node1m21.ecdf.ed.ac.uk,1,8268
57728307,0.00037,runlisfloo,asiripat,r,08/19/2026,20:06:31,eddie@node1m24.ecdf.ed.ac.uk,1,8267
57728307,0.00037,runlisfloo,asiripat,r,08/19/2026,20:02:15,eddie@node1m24.ecdf.ed.ac.uk,1,8266
57728307,0.00037,runlisfloo,asiripat,r,08/19/2026,20:02:01,eddie@node1m19.ecdf.ed.ac.uk,1,8265
57728307,0.00037,runlisfloo,asiripat,r,08/19/2026,20:01:15,eddie@node1m20.ecdf.ed.ac.uk,1,8264
57723017,0.00037,Germline_s,s2559269,r,08/19/2026,10:26:09,igmm_long@node1b08.ecdf.ed.ac.,3,1
57728307,0.00037,runlisfloo,asiripat,r,08/19/2026,19:58:15,eddie@node1m20.ecdf.ed.ac.uk,1,8263
57769995,0.00037,nf-NFCORE_,cmetheri,r,08/20/2026,14:45:11,eddie@node1j07.ecdf.ed.ac.uk,4
57728307,0.00037,runlisfloo,asiripat,r,08/19/2026,19:56:15,eddie@node1m18.ecdf.ed.ac.uk,1,8262
57728307,0.00037,runlisfloo,asiripat,r,08/19/2026,19:55:15,eddie@node1m18.ecdf.ed.ac.uk,1,8261
57728307,0.00037,runlisfloo,asiripat,r,08/19/2026,19:53:45,eddie@node1m24.ecdf.ed.ac.uk,1,8260
57728307,0.00037,runlisfloo,asiripat,r,08/19/2026,19:51:30,eddie@node1m22.ecdf.ed.ac.uk,1,8255
57728307,0.00037,runlisfloo,asiripat,r,08/19/2026,19:51:30,eddie@node1m19.ecdf.ed.ac.uk,1,8256
57728307,0.00037,runlisfloo,asiripat,r,08/19/2026,19:52:30,eddie@node1m19.ecdf.ed.ac.uk,1,8259
57728307,0.00037,runlisfloo,asiripat,r,08/19/2026,19:51:01,eddie@node1m21.ecdf.ed.ac.uk,1,8253
57728307,0.00037,runlisfloo,asiripat,r,08/19/2026,19:51:01,eddie@node1m24.ecdf.ed.ac.uk,1,8254
57728307,0.00037,runlisfloo,asiripat,r,08/19/2026,19:52:00,eddie@node1m18.ecdf.ed.ac.uk,1,8258
57728307,0.00037,runlisfloo,asiripat,r,08/19/2026,19:51:45,eddie@node1m21.ecdf.ed.ac.uk,1,8257
57728307,0.00037,runlisfloo,asiripat,r,08/19/2026,19:49:45,eddie@node1m18.ecdf.ed.ac.uk,1,8252
57728307,0.00037,runlisfloo,asiripat,r,08/19/2026,19:49:01,eddie@node1m24.ecdf.ed.ac.uk,1,8251
57728307,0.00036,runlisfloo,asiripat,r,08/19/2026,19:47:30,eddie@node1m23.ecdf.ed.ac.uk,1,8250
57767491,0.00036,trim_galor,s2742483,r,08/20/2026,14:16:54,eddie@node1m06.ecdf.ed.ac.uk,4,21
57728307,0.00036,runlisfloo,asiripat,r,08/19/2026,19:45:15,eddie@node1m24.ecdf.ed.ac.uk,1,8248
57728307,0.00036,runlisfloo,asiripat,r,08/19/2026,19:45:15,eddie@node1m21.ecdf.ed.ac.uk,1,8249
57723017,0.00036,Germline_s,s2559269,r,08/19/2026,10:26:09,igmm_long@node1b05.ecdf.ed.ac.,3,2
57728307,0.00036,runlisfloo,asiripat,r,08/19/2026,19:40:15,eddie@node1m23.ecdf.ed.ac.uk,1,8246
57728307,0.00036,runlisfloo,asiripat,r,08/19/2026,19:40:15,eddie@node1m18.ecdf.ed.ac.uk,1,8247
57728307,0.00036,runlisfloo,asiripat,r,08/19/2026,19:38:31,eddie@node1m21.ecdf.ed.ac.uk,1,8245
57769996,0.00036,nf-NFCORE_,cmetheri,r,08/20/2026,14:45:11,eddie@node1j22.ecdf.ed.ac.uk,4
57728307,0.00036,runlisfloo,asiripat,r,08/19/2026,19:34:00,eddie@node1m21.ecdf.ed.ac.uk,1,8243
57728307,0.00036,runlisfloo,asiripat,r,08/19/2026,19:34:00,eddie@node1m19.ecdf.ed.ac.uk,1,8244
57728307,0.00035,runlisfloo,asiripat,r,08/19/2026,19:31:45,eddie@node1m23.ecdf.ed.ac.uk,1,8242
57728307,0.00035,runlisfloo,asiripat,r,08/19/2026,19:30:31,eddie@node1m20.ecdf.ed.ac.uk,1,8241
57728307,0.00035,runlisfloo,asiripat,r,08/19/2026,19:29:30,eddie@node1m22.ecdf.ed.ac.uk,1,8240
57723017,0.00035,Germline_s,s2559269,r,08/19/2026,10:26:09,igmm_long@node1a08.ecdf.ed.ac.,3,3
57767491,0.00035,trim_galor,s2742483,r,08/20/2026,14:16:54,eddie@node1j03.ecdf.ed.ac.uk,4,22
57728307,0.00035,runlisfloo,asiripat,r,08/19/2026,19:26:45,eddie@node1m20.ecdf.ed.ac.uk,1,8239
57728307,0.00035,runlisfloo,asiripat,r,08/19/2026,19:26:00,eddie@node1m23.ecdf.ed.ac.uk,1,8238
57728307,0.00035,runlisfloo,asiripat,r,08/19/2026,19:25:31,eddie@node1m21.ecdf.ed.ac.uk,1,8237
57728307,0.00035,runlisfloo,asiripat,r,08/19/2026,19:25:16,eddie@node1m18.ecdf.ed.ac.uk,1,8236
57728307,0.00035,runlisfloo,asiripat,r,08/19/2026,19:24:15,eddie@node1m23.ecdf.ed.ac.uk,1,8235
57728307,0.00035,runlisfloo,asiripat,r,08/19/2026,19:22:30,eddie@node1m22.ecdf.ed.ac.uk,1,8232
57728307,0.00035,runlisfloo,asiripat,r,08/19/2026,19:22:30,eddie@node1k12.ecdf.ed.ac.uk,1,8233
57728307,0.00035,runlisfloo,asiripat,r,08/19/2026,19:23:00,eddie@node1m21.ecdf.ed.ac.uk,1,8234
57728307,0.00035,runlisfloo,asiripat,r,08/19/2026,19:21:45,eddie@node1m22.ecdf.ed.ac.uk,1,8231
57769997,0.00035,nf-NFCORE_,cmetheri,r,08/20/2026,14:45:11,eddie@node1k08.ecdf.ed.ac.uk,4
57728307,0.00035,runlisfloo,asiripat,r,08/19/2026,19:18:31,eddie@node1m19.ecdf.ed.ac.uk,1,8229
57728307,0.00035,runlisfloo,asiripat,r,08/19/2026,19:18:15,eddie@node1m20.ecdf.ed.ac.uk,1,8228
57728307,0.00035,runlisfloo,asiripat,r,08/19/2026,19:18:46,eddie@node1m23.ecdf.ed.ac.uk,1,8230
57728307,0.00035,runlisfloo,asiripat,r,08/19/2026,19:17:45,eddie@node1m21.ecdf.ed.ac.uk,1,8227
57728307,0.00035,runlisfloo,asiripat,r,08/19/2026,19:15:00,eddie@node1m20.ecdf.ed.ac.uk,1,8226
57728307,0.00035,runlisfloo,asiripat,r,08/19/2026,19:14:30,eddie@node1m19.ecdf.ed.ac.uk,1,8225
57728307,0.00035,runlisfloo,asiripat,r,08/19/2026,19:13:15,eddie@node1m23.ecdf.ed.ac.uk,1,8224
57723017,0.00035,Germline_s,s2559269,r,08/19/2026,10:26:09,igmm_long@node1c08.ecdf.ed.ac.,3,4
57728307,0.00034,runlisfloo,asiripat,r,08/19/2026,19:11:42,eddie@node1m18.ecdf.ed.ac.uk,1,8223
57767491,0.00034,trim_galor,s2742483,r,08/20/2026,14:16:54,eddie@node1j03.ecdf.ed.ac.uk,4,23
57728307,0.00034,runlisfloo,asiripat,r,08/19/2026,19:04:08,eddie@node1m24.ecdf.ed.ac.uk,1,8222
57728307,0.00034,runlisfloo,asiripat,r,08/19/2026,19:02:53,eddie@node1m20.ecdf.ed.ac.uk,1,8221
57728307,0.00034,runlisfloo,asiripat,r,08/19/2026,19:02:38,eddie@node1m22.ecdf.ed.ac.uk,1,8220
57769998,0.00034,nf-NFCORE_,cmetheri,r,08/20/2026,14:45:11,eddie@node1k04.ecdf.ed.ac.uk,4
57728307,0.00034,runlisfloo,asiripat,r,08/19/2026,19:01:38,eddie@node1n05.ecdf.ed.ac.uk,1,8219
57728307,0.00034,runlisfloo,asiripat,r,08/19/2026,18:59:23,eddie@node1m18.ecdf.ed.ac.uk,1,8218
57728307,0.00034,runlisfloo,asiripat,r,08/19/2026,18:58:53,eddie@node1m24.ecdf.ed.ac.uk,1,8217
57723017,0.00034,Germline_s,s2559269,r,08/19/2026,10:26:09,igmm_long@node1c04.ecdf.ed.ac.,3,5
57728307,0.00034,runlisfloo,asiripat,r,08/19/2026,18:56:23,eddie@node1m24.ecdf.ed.ac.uk,1,8216
57728307,0.00033,runlisfloo,asiripat,r,08/19/2026,18:53:08,eddie@node1m19.ecdf.ed.ac.uk,1,8215
57728307,0.00033,runlisfloo,asiripat,r,08/19/2026,18:51:08,eddie@node1m24.ecdf.ed.ac.uk,1,8214
57767491,0.00033,trim_galor,s2742483,r,08/20/2026,14:16:54,eddie@node1n16.ecdf.ed.ac.uk,4,24
57728307,0.00033,runlisfloo,asiripat,r,08/19/2026,18:50:08,eddie@node1m22.ecdf.ed.ac.uk,1,8213
57728307,0.00033,runlisfloo,asiripat,r,08/19/2026,18:49:53,eddie@node1m22.ecdf.ed.ac.uk,1,8212
57769999,0.00033,nf-NFCORE_,cmetheri,r,08/20/2026,14:45:11,eddie@node1l04.ecdf.ed.ac.uk,4
57728307,0.00033,runlisfloo,asiripat,r,08/19/2026,18:46:23,eddie@node1m18.ecdf.ed.ac.uk,1,8209
57728307,0.00033,runlisfloo,asiripat,r,08/19/2026,18:46:23,eddie@node1m20.ecdf.ed.ac.uk,1,8210
57728307,0.00033,runlisfloo,asiripat,r,08/19/2026,18:46:23,eddie@node1m19.ecdf.ed.ac.uk,1,8211
57723017,0.00033,Germline_s,s2559269,r,08/19/2026,10:26:09,igmm_long@node1a05.ecdf.ed.ac.,3,6
57728307,0.00033,runlisfloo,asiripat,r,08/19/2026,18:44:54,eddie@node1k12.ecdf.ed.ac.uk,1,8208
57728307,0.00033,runlisfloo,asiripat,r,08/19/2026,18:43:54,eddie@node1m23.ecdf.ed.ac.uk,1,8207
57728307,0.00033,runlisfloo,asiripat,r,08/19/2026,18:43:08,eddie@node1m19.ecdf.ed.ac.uk,1,8206
57728307,0.00033,runlisfloo,asiripat,r,08/19/2026,18:41:39,eddie@node1m20.ecdf.ed.ac.uk,1,8205
57767491,0.00032,trim_galor,s2742483,r,08/20/2026,14:16:54,eddie@node1n13.ecdf.ed.ac.uk,4,25
57728307,0.00032,runlisfloo,asiripat,r,08/19/2026,18:36:53,eddie@node1m24.ecdf.ed.ac.uk,1,8204
57728307,0.00032,runlisfloo,asiripat,r,08/19/2026,18:36:24,eddie@node1m24.ecdf.ed.ac.uk,1,8203
57723017,0.00032,Germline_s,s2559269,r,08/19/2026,10:26:09,igmm_long@node1c05.ecdf.ed.ac.,3,7
57728307,0.00032,runlisfloo,asiripat,r,08/19/2026,18:33:53,eddie@node1m18.ecdf.ed.ac.uk,1,8202
57763820,0.00032,DuckJoint,v1nayele,r,08/20/2026,13:44:05,eddie@node1f06.ecdf.ed.ac.uk,1,1
57728307,0.00032,runlisfloo,asiripat,r,08/19/2026,18:33:23,eddie@node1m22.ecdf.ed.ac.uk,1,8201
57770000,0.00032,nf-NFCORE_,cmetheri,r,08/20/2026,14:45:11,eddie@node1m06.ecdf.ed.ac.uk,4
57728307,0.00032,runlisfloo,asiripat,r,08/19/2026,18:31:53,eddie@node1n02.ecdf.ed.ac.uk,1,8200
57728307,0.00032,runlisfloo,asiripat,r,08/19/2026,18:27:53,eddie@node1m19.ecdf.ed.ac.uk,1,8199
57728307,0.00032,runlisfloo,asiripat,r,08/19/2026,18:27:23,eddie@node1m23.ecdf.ed.ac.uk,1,8198
57767491,0.00032,trim_galor,s2742483,r,08/20/2026,14:16:54,eddie@node1n14.ecdf.ed.ac.uk,4,26
57723017,0.00032,Germline_s,s2559269,r,08/19/2026,10:26:09,igmm_long@node1b01.ecdf.ed.ac.,3,8
57723017,0.00032,Germline_s,s2559269,r,08/19/2026,10:26:09,igmm_long@node1b03.ecdf.ed.ac.,3,9
57770001,0.00031,nf-NFCORE_,cmetheri,r,08/20/2026,14:45:11,eddie@node1j18.ecdf.ed.ac.uk,4
57728307,0.00031,runlisfloo,asiripat,r,08/19/2026,18:21:08,eddie@node1m22.ecdf.ed.ac.uk,1,8197
57728307,0.00031,runlisfloo,asiripat,r,08/19/2026,18:18:53,eddie@node1m22.ecdf.ed.ac.uk,1,8196
57755682,0.00031,compress3,s2745005,r,08/20/2026,09:40:39,eddie@node1q02.ecdf.ed.ac.uk,5
57767491,0.00031,trim_galor,s2742483,r,08/20/2026,14:16:54,eddie@node1n16.ecdf.ed.ac.uk,4,27
57728307,0.00031,runlisfloo,asiripat,r,08/19/2026,18:12:38,eddie@node1m24.ecdf.ed.ac.uk,1,8195
57757646,0.00031,DL_BATCH,cmetheri,r,08/20/2026,14:19:19,eddie@node1q12.ecdf.ed.ac.uk,1,40
57728307,0.00031,runlisfloo,asiripat,r,08/19/2026,18:10:23,eddie@node1m19.ecdf.ed.ac.uk,1,8193
57728307,0.00031,runlisfloo,asiripat,r,08/19/2026,18:10:38,eddie@node1m19.ecdf.ed.ac.uk,1,8194
57770002,0.00031,nf-NFCORE_,cmetheri,r,08/20/2026,14:45:11,eddie@node1j01.ecdf.ed.ac.uk,4
57763820,0.00030,DuckJoint,v1nayele,r,08/20/2026,13:44:05,eddie@node1f06.ecdf.ed.ac.uk,1,2
57728307,0.00030,runlisfloo,asiripat,r,08/19/2026,18:02:53,eddie@node1m22.ecdf.ed.ac.uk,1,8192
57728307,0.00030,runlisfloo,asiripat,r,08/19/2026,18:02:23,eddie@node1m24.ecdf.ed.ac.uk,1,8191
57767491,0.00030,trim_galor,s2742483,r,08/20/2026,14:16:54,eddie@node1n13.ecdf.ed.ac.uk,4,28
57728307,0.00030,runlisfloo,asiripat,r,08/19/2026,17:59:01,eddie@node1m19.ecdf.ed.ac.uk,1,8188
57728307,0.00030,runlisfloo,asiripat,r,08/19/2026,17:59:16,eddie@node1m22.ecdf.ed.ac.uk,1,8189
57728307,0.00030,runlisfloo,asiripat,r,08/19/2026,17:59:31,eddie@node1m23.ecdf.ed.ac.uk,1,8190
57770003,0.00030,nf-NFCORE_,cmetheri,r,08/20/2026,14:45:11,eddie@node1j17.ecdf.ed.ac.uk,4
57767491,0.00030,trim_galor,s2742483,r,08/20/2026,14:16:54,eddie@node1n14.ecdf.ed.ac.uk,4,29
57770004,0.00030,nf-NFCORE_,cmetheri,r,08/20/2026,14:45:11,eddie@node1m02.ecdf.ed.ac.uk,4
57763164,0.00029,nf-NFCORE_,s2745005,r,08/20/2026,13:27:43,eddie@node1q04.ecdf.ed.ac.uk,2
57767491,0.00029,trim_galor,s2742483,r,08/20/2026,14:16:54,eddie@node1n16.ecdf.ed.ac.uk,4,30
57767491,0.00029,trim_galor,s2742483,r,08/20/2026,14:16:54,eddie@node1n13.ecdf.ed.ac.uk,4,31
57767491,0.00029,trim_galor,s2742483,r,08/20/2026,14:16:54,eddie@node1n14.ecdf.ed.ac.uk,4,32
57767491,0.00029,trim_galor,s2742483,r,08/20/2026,14:16:54,eddie@node1n16.ecdf.ed.ac.uk,4,33
57767491,0.00029,trim_galor,s2742483,r,08/20/2026,14:16:54,eddie@node1n13.ecdf.ed.ac.uk,4,34
57767491,0.00029,trim_galor,s2742483,r,08/20/2026,14:16:54,eddie@node1n14.ecdf.ed.ac.uk,4,35
57767491,0.00029,trim_galor,s2742483,r,08/20/2026,14:16:54,eddie@node1n16.ecdf.ed.ac.uk,4,36
57767491,0.00029,trim_galor,s2742483,r,08/20/2026,14:16:54,eddie@node1n13.ecdf.ed.ac.uk,4,37
57767491,0.00029,trim_galor,s2742483,r,08/20/2026,14:16:54,eddie@node1n14.ecdf.ed.ac.uk,4,38
57767491,0.00029,trim_galor,s2742483,r,08/20/2026,14:16:54,eddie@node1n16.ecdf.ed.ac.uk,4,39
57767491,0.00029,trim_galor,s2742483,r,08/20/2026,14:16:54,eddie@node1n13.ecdf.ed.ac.uk,4,40
57767491,0.00029,trim_galor,s2742483,r,08/20/2026,14:16:54,eddie@node1n14.ecdf.ed.ac.uk,4,41
57767491,0.00029,trim_galor,s2742483,r,08/20/2026,14:16:54,eddie@node1n15.ecdf.ed.ac.uk,4,42
57767491,0.00029,trim_galor,s2742483,r,08/20/2026,14:16:54,eddie@node1n16.ecdf.ed.ac.uk,4,43
57767491,0.00029,trim_galor,s2742483,r,08/20/2026,14:16:54,eddie@node1n13.ecdf.ed.ac.uk,4,44
57767491,0.00029,trim_galor,s2742483,r,08/20/2026,14:16:54,eddie@node1n14.ecdf.ed.ac.uk,4,45
57767491,0.00029,trim_galor,s2742483,r,08/20/2026,14:16:54,eddie@node1n16.ecdf.ed.ac.uk,4,46
57767491,0.00029,trim_galor,s2742483,r,08/20/2026,14:16:54,eddie@node1n13.ecdf.ed.ac.uk,4,47
57767491,0.00029,trim_galor,s2742483,r,08/20/2026,14:16:54,eddie@node1n14.ecdf.ed.ac.uk,4,48
57767491,0.00029,trim_galor,s2742483,r,08/20/2026,14:16:54,eddie@node1n13.ecdf.ed.ac.uk,4,49
57770005,0.00029,nf-NFCORE_,cmetheri,r,08/20/2026,14:45:11,eddie@node1j06.ecdf.ed.ac.uk,4
57728307,0.00029,runlisfloo,asiripat,r,08/19/2026,17:53:46,eddie@node1m21.ecdf.ed.ac.uk,1,8187
57763820,0.00029,DuckJoint,v1nayele,r,08/20/2026,13:44:05,eddie@node1f06.ecdf.ed.ac.uk,1,3
57728307,0.00029,runlisfloo,asiripat,r,08/19/2026,17:50:28,eddie@node1m21.ecdf.ed.ac.uk,1,8185
57728307,0.00029,runlisfloo,asiripat,r,08/19/2026,17:50:43,eddie@node1m21.ecdf.ed.ac.uk,1,8186
57770006,0.00028,nf-NFCORE_,cmetheri,r,08/20/2026,14:45:11,eddie@node1j05.ecdf.ed.ac.uk,4
57728307,0.00028,runlisfloo,asiripat,r,08/19/2026,17:43:58,eddie@node1m24.ecdf.ed.ac.uk,1,8182
57728307,0.00028,runlisfloo,asiripat,r,08/19/2026,17:43:58,eddie@node1m22.ecdf.ed.ac.uk,1,8183
57728307,0.00028,runlisfloo,asiripat,r,08/19/2026,17:43:58,eddie@node1m22.ecdf.ed.ac.uk,1,8184
57763165,0.00028,nf-NFCORE_,s2745005,r,08/20/2026,13:27:43,eddie@node1q02.ecdf.ed.ac.uk,2
57728307,0.00028,runlisfloo,asiripat,r,08/19/2026,17:41:14,eddie@node1m23.ecdf.ed.ac.uk,1,8181
57728307,0.00028,runlisfloo,asiripat,r,08/19/2026,17:37:50,eddie@node1m24.ecdf.ed.ac.uk,1,8180
57728307,0.00028,runlisfloo,asiripat,r,08/19/2026,17:36:58,eddie@node1m24.ecdf.ed.ac.uk,1,8179
57770007,0.00028,nf-NFCORE_,cmetheri,r,08/20/2026,14:45:11,eddie@node1l19.ecdf.ed.ac.uk,4
57770008,0.00028,nf-NFCORE_,cmetheri,r,08/20/2026,14:45:11,eddie@node1j21.ecdf.ed.ac.uk,4
57763820,0.00027,DuckJoint,v1nayele,r,08/20/2026,13:44:05,eddie@node1l26.ecdf.ed.ac.uk,1,4
57770009,0.00027,nf-NFCORE_,cmetheri,r,08/20/2026,14:45:11,eddie@node1j19.ecdf.ed.ac.uk,4
57728307,0.00027,runlisfloo,asiripat,r,08/19/2026,17:19:28,eddie@node1m22.ecdf.ed.ac.uk,1,8178
57770010,0.00027,nf-NFCORE_,cmetheri,r,08/20/2026,14:45:11,eddie@node1l09.ecdf.ed.ac.uk,4
57770011,0.00026,nf-NFCORE_,cmetheri,r,08/20/2026,14:45:11,eddie@node1j09.ecdf.ed.ac.uk,4
57763820,0.00026,DuckJoint,v1nayele,r,08/20/2026,13:44:05,eddie@node1l26.ecdf.ed.ac.uk,1,5
57728307,0.00026,runlisfloo,asiripat,r,08/19/2026,17:06:52,eddie@node1m24.ecdf.ed.ac.uk,1,8177
57770012,0.00026,nf-NFCORE_,cmetheri,r,08/20/2026,14:45:11,eddie@node1j08.ecdf.ed.ac.uk,4
57728307,0.00026,runlisfloo,asiripat,r,08/19/2026,17:05:28,eddie@node1m18.ecdf.ed.ac.uk,1,8176
57728307,0.00026,runlisfloo,asiripat,r,08/19/2026,17:01:28,eddie@node1k19.ecdf.ed.ac.uk,1,8175
57728307,0.00026,runlisfloo,asiripat,r,08/19/2026,16:59:28,eddie@node1m24.ecdf.ed.ac.uk,1,8174
57770014,0.00026,nf-NFCORE_,cmetheri,r,08/20/2026,14:45:16,eddie@node1k03.ecdf.ed.ac.uk,4
57763820,0.00025,DuckJoint,v1nayele,r,08/20/2026,13:44:05,eddie@node1h03.ecdf.ed.ac.uk,1,6
57728307,0.00025,runlisfloo,asiripat,r,08/19/2026,16:49:15,eddie@node1m22.ecdf.ed.ac.uk,1,8173
57728307,0.00025,runlisfloo,asiripat,r,08/19/2026,16:45:30,eddie@node1m22.ecdf.ed.ac.uk,1,8172
57728307,0.00025,runlisfloo,asiripat,r,08/19/2026,16:41:21,eddie@node1m24.ecdf.ed.ac.uk,1,8170
57728307,0.00025,runlisfloo,asiripat,r,08/19/2026,16:41:50,eddie@node1m22.ecdf.ed.ac.uk,1,8171
57728307,0.00024,runlisfloo,asiripat,r,08/19/2026,16:33:58,eddie@node1m24.ecdf.ed.ac.uk,1,8169
57763820,0.00024,DuckJoint,v1nayele,r,08/20/2026,13:44:05,eddie@node1h10.ecdf.ed.ac.uk,1,7
57728307,0.00023,runlisfloo,asiripat,r,08/19/2026,16:24:04,eddie@node1m24.ecdf.ed.ac.uk,1,8168
57728307,0.00023,runlisfloo,asiripat,r,08/19/2026,16:21:32,eddie@node1m24.ecdf.ed.ac.uk,1,8167
57763820,0.00023,DuckJoint,v1nayele,r,08/20/2026,13:44:05,eddie@node1s13.ecdf.ed.ac.uk,1,8
57767491,0.00022,trim_galor,s2742483,r,08/20/2026,14:17:23,eddie@node1l21.ecdf.ed.ac.uk,4,50
57767491,0.00022,trim_galor,s2742483,r,08/20/2026,14:17:23,eddie@node1l25.ecdf.ed.ac.uk,4,51
57767491,0.00022,trim_galor,s2742483,r,08/20/2026,14:17:23,eddie@node1r16.ecdf.ed.ac.uk,4,52
57728307,0.00022,runlisfloo,asiripat,r,08/19/2026,15:58:37,eddie@node1m22.ecdf.ed.ac.uk,1,8166
57728307,0.00022,runlisfloo,asiripat,r,08/19/2026,15:57:37,eddie@node1m22.ecdf.ed.ac.uk,1,8165
57728307,0.00022,runlisfloo,asiripat,r,08/19/2026,15:56:37,eddie@node1m22.ecdf.ed.ac.uk,1,8164
57763820,0.00022,DuckJoint,v1nayele,r,08/20/2026,13:44:05,eddie@node1j25.ecdf.ed.ac.uk,1,9
57761295,0.00022,of_28229_3,wdewulf,r,08/20/2026,11:45:58,eddie@node1s20.ecdf.ed.ac.uk,1,164
57761295,0.00022,of_28229_3,wdewulf,r,08/20/2026,11:45:58,eddie@node1s20.ecdf.ed.ac.uk,1,166
57761295,0.00022,of_28229_3,wdewulf,r,08/20/2026,11:45:58,eddie@node1s20.ecdf.ed.ac.uk,1,168
57761295,0.00022,of_28229_3,wdewulf,r,08/20/2026,11:45:58,eddie@node1s20.ecdf.ed.ac.uk,1,170
57761295,0.00022,of_28229_3,wdewulf,r,08/20/2026,11:45:58,eddie@node1s20.ecdf.ed.ac.uk,1,172
57761295,0.00022,of_28229_3,wdewulf,r,08/20/2026,11:45:58,eddie@node1s20.ecdf.ed.ac.uk,1,174
57761295,0.00022,of_28229_3,wdewulf,r,08/20/2026,11:45:58,eddie@node1h07.ecdf.ed.ac.uk,1,175
57761295,0.00022,of_28229_3,wdewulf,r,08/20/2026,11:45:58,eddie@node1s20.ecdf.ed.ac.uk,1,177
57761295,0.00022,of_28229_3,wdewulf,r,08/20/2026,11:45:58,eddie@node1h07.ecdf.ed.ac.uk,1,178
57761295,0.00022,of_28229_3,wdewulf,r,08/20/2026,11:45:58,eddie@node1s20.ecdf.ed.ac.uk,1,180
57761295,0.00022,of_28229_3,wdewulf,r,08/20/2026,11:45:58,eddie@node1h07.ecdf.ed.ac.uk,1,181
57761295,0.00022,of_28229_3,wdewulf,r,08/20/2026,11:45:58,eddie@node1r08.ecdf.ed.ac.uk,1,183
57761295,0.00022,of_28229_3,wdewulf,r,08/20/2026,11:45:58,eddie@node1h07.ecdf.ed.ac.uk,1,186
57761295,0.00022,of_28229_3,wdewulf,r,08/20/2026,11:45:58,eddie@node1h21.ecdf.ed.ac.uk,1,188
57761295,0.00022,of_28229_3,wdewulf,r,08/20/2026,11:45:58,eddie@node1h05.ecdf.ed.ac.uk,1,189
57761295,0.00022,of_28229_3,wdewulf,r,08/20/2026,11:45:58,eddie@node1r08.ecdf.ed.ac.uk,1,190
57761295,0.00022,of_28229_3,wdewulf,r,08/20/2026,11:45:58,eddie@node1s20.ecdf.ed.ac.uk,1,192
57761295,0.00022,of_28229_3,wdewulf,r,08/20/2026,11:45:58,eddie@node1h07.ecdf.ed.ac.uk,1,193
57761295,0.00022,of_28229_3,wdewulf,r,08/20/2026,11:45:58,eddie@node1h05.ecdf.ed.ac.uk,1,196
57761295,0.00022,of_28229_3,wdewulf,r,08/20/2026,11:45:58,eddie@node1r08.ecdf.ed.ac.uk,1,197
57761295,0.00022,of_28229_3,wdewulf,r,08/20/2026,11:45:58,eddie@node1s20.ecdf.ed.ac.uk,1,199
57761295,0.00022,of_28229_3,wdewulf,r,08/20/2026,11:45:58,eddie@node1h07.ecdf.ed.ac.uk,1,200
57761295,0.00022,of_28229_3,wdewulf,r,08/20/2026,11:45:58,eddie@node1h23.ecdf.ed.ac.uk,1,202
57761295,0.00022,of_28229_3,wdewulf,r,08/20/2026,11:45:58,eddie@node1h05.ecdf.ed.ac.uk,1,204
57761295,0.00022,of_28229_3,wdewulf,r,08/20/2026,11:45:58,eddie@node1r08.ecdf.ed.ac.uk,1,205
57761295,0.00022,of_28229_3,wdewulf,r,08/20/2026,11:45:58,eddie@node1s20.ecdf.ed.ac.uk,1,207
57761295,0.00022,of_28229_3,wdewulf,r,08/20/2026,11:45:58,eddie@node1h15.ecdf.ed.ac.uk,1,208
57761295,0.00022,of_28229_3,wdewulf,r,08/20/2026,11:45:58,eddie@node1h07.ecdf.ed.ac.uk,1,209
57761295,0.00022,of_28229_3,wdewulf,r,08/20/2026,11:45:58,eddie@node1h23.ecdf.ed.ac.uk,1,211
57761295,0.00022,of_28229_3,wdewulf,r,08/20/2026,11:45:58,eddie@node1m14.ecdf.ed.ac.uk,1,212
57761295,0.00022,of_28229_3,wdewulf,r,08/20/2026,11:45:58,eddie@node1h21.ecdf.ed.ac.uk,1,213
57761295,0.00022,of_28229_3,wdewulf,r,08/20/2026,11:45:58,eddie@node1h05.ecdf.ed.ac.uk,1,214
57761295,0.00022,of_28229_3,wdewulf,r,08/20/2026,11:45:58,eddie@node1r08.ecdf.ed.ac.uk,1,215
57761295,0.00022,of_28229_3,wdewulf,r,08/20/2026,11:45:58,eddie@node1s20.ecdf.ed.ac.uk,1,217
57761295,0.00022,of_28229_3,wdewulf,r,08/20/2026,11:45:58,eddie@node1h15.ecdf.ed.ac.uk,1,218
57761295,0.00022,of_28229_3,wdewulf,r,08/20/2026,11:45:58,eddie@node1h07.ecdf.ed.ac.uk,1,219
57761295,0.00022,of_28229_3,wdewulf,r,08/20/2026,11:45:58,eddie@node1h23.ecdf.ed.ac.uk,1,221
57761295,0.00022,of_28229_3,wdewulf,r,08/20/2026,11:45:58,eddie@node1m14.ecdf.ed.ac.uk,1,222
57761295,0.00022,of_28229_3,wdewulf,r,08/20/2026,11:45:58,eddie@node1h21.ecdf.ed.ac.uk,1,223
57761295,0.00022,of_28229_3,wdewulf,r,08/20/2026,11:45:58,eddie@node1h05.ecdf.ed.ac.uk,1,224
57761295,0.00022,of_28229_3,wdewulf,r,08/20/2026,11:45:58,eddie@node1r08.ecdf.ed.ac.uk,1,225
57761295,0.00022,of_28229_3,wdewulf,r,08/20/2026,11:45:58,eddie@node1s20.ecdf.ed.ac.uk,1,227
57761295,0.00022,of_28229_3,wdewulf,r,08/20/2026,11:45:58,eddie@node1h15.ecdf.ed.ac.uk,1,228
57761295,0.00022,of_28229_3,wdewulf,r,08/20/2026,11:45:58,eddie@node1h07.ecdf.ed.ac.uk,1,229
57761295,0.00022,of_28229_3,wdewulf,r,08/20/2026,11:45:58,eddie@node1m15.ecdf.ed.ac.uk,1,230
57761295,0.00022,of_28229_3,wdewulf,r,08/20/2026,11:45:58,eddie@node1o09.ecdf.ed.ac.uk,1,232
57761295,0.00022,of_28229_3,wdewulf,r,08/20/2026,11:45:58,eddie@node1s19.ecdf.ed.ac.uk,1,233
57761295,0.00022,of_28229_3,wdewulf,r,08/20/2026,11:45:58,eddie@node1h23.ecdf.ed.ac.uk,1,234
57761295,0.00022,of_28229_3,wdewulf,r,08/20/2026,11:45:58,eddie@node1m14.ecdf.ed.ac.uk,1,235
57761295,0.00022,of_28229_3,wdewulf,r,08/20/2026,11:45:58,eddie@node1h05.ecdf.ed.ac.uk,1,237
57761295,0.00022,of_28229_3,wdewulf,r,08/20/2026,11:45:58,eddie@node1r08.ecdf.ed.ac.uk,1,238
57761295,0.00022,of_28229_3,wdewulf,r,08/20/2026,11:45:58,eddie@node1r18.ecdf.ed.ac.uk,1,239
57761295,0.00022,of_28229_3,wdewulf,r,08/20/2026,11:45:58,eddie@node1s20.ecdf.ed.ac.uk,1,241
57761295,0.00022,of_28229_3,wdewulf,r,08/20/2026,11:45:58,eddie@node1h15.ecdf.ed.ac.uk,1,242
57761295,0.00022,of_28229_3,wdewulf,r,08/20/2026,11:45:58,eddie@node1h07.ecdf.ed.ac.uk,1,243
57761295,0.00022,of_28229_3,wdewulf,r,08/20/2026,11:45:58,eddie@node1m15.ecdf.ed.ac.uk,1,244
57761295,0.00022,of_28229_3,wdewulf,r,08/20/2026,11:45:58,eddie@node1o09.ecdf.ed.ac.uk,1,246
57761295,0.00022,of_28229_3,wdewulf,r,08/20/2026,11:45:58,eddie@node1h23.ecdf.ed.ac.uk,1,248
57761295,0.00022,of_28229_3,wdewulf,r,08/20/2026,11:45:58,eddie@node1m14.ecdf.ed.ac.uk,1,249
57761295,0.00022,of_28229_3,wdewulf,r,08/20/2026,11:45:58,eddie@node1h05.ecdf.ed.ac.uk,1,251
57761295,0.00022,of_28229_3,wdewulf,r,08/20/2026,11:45:58,eddie@node1r08.ecdf.ed.ac.uk,1,252
57761295,0.00022,of_28229_3,wdewulf,r,08/20/2026,11:45:58,eddie@node1r18.ecdf.ed.ac.uk,1,253
57761295,0.00022,of_28229_3,wdewulf,r,08/20/2026,11:45:58,eddie@node1s20.ecdf.ed.ac.uk,1,255
57761295,0.00022,of_28229_3,wdewulf,r,08/20/2026,11:45:58,eddie@node1h15.ecdf.ed.ac.uk,1,256
57761295,0.00022,of_28229_3,wdewulf,r,08/20/2026,11:45:59,eddie@node1h07.ecdf.ed.ac.uk,1,257
57761295,0.00022,of_28229_3,wdewulf,r,08/20/2026,11:45:59,eddie@node1m15.ecdf.ed.ac.uk,1,258
57761295,0.00022,of_28229_3,wdewulf,r,08/20/2026,11:45:59,eddie@node1o09.ecdf.ed.ac.uk,1,260
57761295,0.00022,of_28229_3,wdewulf,r,08/20/2026,11:45:59,eddie@node1s19.ecdf.ed.ac.uk,1,261
57761295,0.00022,of_28229_3,wdewulf,r,08/20/2026,11:45:59,eddie@node1h23.ecdf.ed.ac.uk,1,263
57761295,0.00022,of_28229_3,wdewulf,r,08/20/2026,11:45:59,eddie@node1m14.ecdf.ed.ac.uk,1,264
57761295,0.00022,of_28229_3,wdewulf,r,08/20/2026,11:45:59,eddie@node1h21.ecdf.ed.ac.uk,1,265
57761295,0.00022,of_28229_3,wdewulf,r,08/20/2026,11:45:59,eddie@node1h05.ecdf.ed.ac.uk,1,266
57761295,0.00022,of_28229_3,wdewulf,r,08/20/2026,11:45:59,eddie@node1r08.ecdf.ed.ac.uk,1,267
57761295,0.00022,of_28229_3,wdewulf,r,08/20/2026,11:45:59,eddie@node1s20.ecdf.ed.ac.uk,1,270
57761295,0.00022,of_28229_3,wdewulf,r,08/20/2026,11:45:59,eddie@node1h15.ecdf.ed.ac.uk,1,271
57761295,0.00022,of_28229_3,wdewulf,r,08/20/2026,11:45:59,eddie@node1h07.ecdf.ed.ac.uk,1,272
57761295,0.00022,of_28229_3,wdewulf,r,08/20/2026,11:45:59,eddie@node1m15.ecdf.ed.ac.uk,1,273
57761295,0.00022,of_28229_3,wdewulf,r,08/20/2026,11:45:59,eddie@node1r05.ecdf.ed.ac.uk,1,276
57761295,0.00022,of_28229_3,wdewulf,r,08/20/2026,11:45:59,eddie@node1s19.ecdf.ed.ac.uk,1,277
57761295,0.00022,of_28229_3,wdewulf,r,08/20/2026,11:45:59,eddie@node1s16.ecdf.ed.ac.uk,1,278
57761295,0.00022,of_28229_3,wdewulf,r,08/20/2026,11:45:59,eddie@node1h23.ecdf.ed.ac.uk,1,279
57761295,0.00022,of_28229_3,wdewulf,r,08/20/2026,11:45:59,eddie@node1m14.ecdf.ed.ac.uk,1,280
57761295,0.00022,of_28229_3,wdewulf,r,08/20/2026,11:45:59,eddie@node1h05.ecdf.ed.ac.uk,1,282
57761295,0.00022,of_28229_3,wdewulf,r,08/20/2026,11:45:59,eddie@node1r08.ecdf.ed.ac.uk,1,283
57761295,0.00022,of_28229_3,wdewulf,r,08/20/2026,11:45:59,eddie@node1r18.ecdf.ed.ac.uk,1,284
57761295,0.00022,of_28229_3,wdewulf,r,08/20/2026,11:45:59,eddie@node1s20.ecdf.ed.ac.uk,1,286
57761295,0.00022,of_28229_3,wdewulf,r,08/20/2026,11:45:59,eddie@node1h15.ecdf.ed.ac.uk,1,287
57761295,0.00022,of_28229_3,wdewulf,r,08/20/2026,11:45:59,eddie@node1h07.ecdf.ed.ac.uk,1,288
57761295,0.00022,of_28229_3,wdewulf,r,08/20/2026,11:45:59,eddie@node1m15.ecdf.ed.ac.uk,1,289
57761295,0.00022,of_28229_3,wdewulf,r,08/20/2026,11:45:59,eddie@node1r20.ecdf.ed.ac.uk,1,291
57761295,0.00022,of_28229_3,wdewulf,r,08/20/2026,11:45:59,eddie@node1r12.ecdf.ed.ac.uk,1,292
57761295,0.00022,of_28229_3,wdewulf,r,08/20/2026,11:45:59,eddie@node1o09.ecdf.ed.ac.uk,1,293
57761295,0.00022,of_28229_3,wdewulf,r,08/20/2026,11:45:59,eddie@node1s13.ecdf.ed.ac.uk,1,294
57761295,0.00022,of_28229_3,wdewulf,r,08/20/2026,11:45:59,eddie@node1s19.ecdf.ed.ac.uk,1,295
57761295,0.00022,of_28229_3,wdewulf,r,08/20/2026,11:45:59,eddie@node1r05.ecdf.ed.ac.uk,1,296
57761295,0.00022,of_28229_3,wdewulf,r,08/20/2026,11:45:59,eddie@node1h23.ecdf.ed.ac.uk,1,298
57761295,0.00022,of_28229_3,wdewulf,r,08/20/2026,11:45:59,eddie@node1m14.ecdf.ed.ac.uk,1,299
57761295,0.00022,of_28229_3,wdewulf,r,08/20/2026,11:45:59,eddie@node1h05.ecdf.ed.ac.uk,1,301
57761295,0.00022,of_28229_3,wdewulf,r,08/20/2026,11:45:59,eddie@node1r18.ecdf.ed.ac.uk,1,303
57761295,0.00022,of_28229_3,wdewulf,r,08/20/2026,11:45:59,eddie@node1s20.ecdf.ed.ac.uk,1,306
57761295,0.00022,of_28229_3,wdewulf,r,08/20/2026,11:45:59,eddie@node1h15.ecdf.ed.ac.uk,1,307
57761295,0.00022,of_28229_3,wdewulf,r,08/20/2026,11:45:59,eddie@node1h07.ecdf.ed.ac.uk,1,308
57761295,0.00022,of_28229_3,wdewulf,r,08/20/2026,11:45:59,eddie@node1m15.ecdf.ed.ac.uk,1,309
57761295,0.00022,of_28229_3,wdewulf,r,08/20/2026,11:45:59,eddie@node1o09.ecdf.ed.ac.uk,1,313
57761295,0.00022,of_28229_3,wdewulf,r,08/20/2026,11:45:59,eddie@node1r05.ecdf.ed.ac.uk,1,315
57761295,0.00022,of_28229_3,wdewulf,r,08/20/2026,11:45:59,eddie@node1s19.ecdf.ed.ac.uk,1,316
57761295,0.00022,of_28229_3,wdewulf,r,08/20/2026,11:45:59,eddie@node1s16.ecdf.ed.ac.uk,1,317
57761295,0.00022,of_28229_3,wdewulf,r,08/20/2026,11:45:59,eddie@node1h23.ecdf.ed.ac.uk,1,318
57761295,0.00022,of_28229_3,wdewulf,r,08/20/2026,11:45:59,eddie@node1m14.ecdf.ed.ac.uk,1,320
57761295,0.00022,of_28229_3,wdewulf,r,08/20/2026,11:45:59,eddie@node1h05.ecdf.ed.ac.uk,1,322
57761295,0.00022,of_28229_3,wdewulf,r,08/20/2026,11:45:59,eddie@node1r08.ecdf.ed.ac.uk,1,323
57761295,0.00022,of_28229_3,wdewulf,r,08/20/2026,11:45:59,eddie@node1r18.ecdf.ed.ac.uk,1,324
57761295,0.00022,of_28229_3,wdewulf,r,08/20/2026,11:45:59,eddie@node1s20.ecdf.ed.ac.uk,1,327
57761295,0.00022,of_28229_3,wdewulf,r,08/20/2026,11:45:59,eddie@node1h15.ecdf.ed.ac.uk,1,328
57761295,0.00022,of_28229_3,wdewulf,r,08/20/2026,11:45:59,eddie@node1h07.ecdf.ed.ac.uk,1,329
57761295,0.00022,of_28229_3,wdewulf,r,08/20/2026,11:45:59,eddie@node1r20.ecdf.ed.ac.uk,1,332
57761295,0.00022,of_28229_3,wdewulf,r,08/20/2026,11:45:59,eddie@node1r12.ecdf.ed.ac.uk,1,333
57761295,0.00022,of_28229_3,wdewulf,r,08/20/2026,11:45:59,eddie@node1o09.ecdf.ed.ac.uk,1,334
57761295,0.00022,of_28229_3,wdewulf,r,08/20/2026,11:45:59,eddie@node1s13.ecdf.ed.ac.uk,1,335
57761295,0.00022,of_28229_3,wdewulf,r,08/20/2026,11:45:59,eddie@node1s19.ecdf.ed.ac.uk,1,337
57761295,0.00022,of_28229_3,wdewulf,r,08/20/2026,11:45:59,eddie@node1r05.ecdf.ed.ac.uk,1,338
57761295,0.00022,of_28229_3,wdewulf,r,08/20/2026,11:45:59,eddie@node1s16.ecdf.ed.ac.uk,1,339
57761295,0.00022,of_28229_3,wdewulf,r,08/20/2026,11:45:59,eddie@node1h23.ecdf.ed.ac.uk,1,340
57761295,0.00022,of_28229_3,wdewulf,r,08/20/2026,11:45:59,eddie@node1o10.ecdf.ed.ac.uk,1,341
57761295,0.00022,of_28229_3,wdewulf,r,08/20/2026,11:45:59,eddie@node1m14.ecdf.ed.ac.uk,1,342
57761295,0.00022,of_28229_3,wdewulf,r,08/20/2026,11:45:59,eddie@node1h05.ecdf.ed.ac.uk,1,344
57761295,0.00022,of_28229_3,wdewulf,r,08/20/2026,11:45:59,eddie@node1r08.ecdf.ed.ac.uk,1,345
57761295,0.00022,of_28229_3,wdewulf,r,08/20/2026,11:45:59,eddie@node1h15.ecdf.ed.ac.uk,1,351
57761295,0.00022,of_28229_3,wdewulf,r,08/20/2026,11:45:59,eddie@node1h07.ecdf.ed.ac.uk,1,352
57761295,0.00022,of_28229_3,wdewulf,r,08/20/2026,11:45:59,eddie@node1m15.ecdf.ed.ac.uk,1,353
57761295,0.00022,of_28229_3,wdewulf,r,08/20/2026,11:45:59,eddie@node1r20.ecdf.ed.ac.uk,1,355
57761295,0.00022,of_28229_3,wdewulf,r,08/20/2026,11:45:59,eddie@node1r12.ecdf.ed.ac.uk,1,356
57761295,0.00022,of_28229_3,wdewulf,r,08/20/2026,11:45:59,eddie@node1s13.ecdf.ed.ac.uk,1,358
57761295,0.00022,of_28229_3,wdewulf,r,08/20/2026,11:45:59,eddie@node1s16.ecdf.ed.ac.uk,1,362
57761295,0.00022,of_28229_3,wdewulf,r,08/20/2026,11:45:59,eddie@node1h23.ecdf.ed.ac.uk,1,363
57761295,0.00022,of_28229_3,wdewulf,r,08/20/2026,11:45:59,eddie@node1m16.ecdf.ed.ac.uk,1,364
57761295,0.00022,of_28229_3,wdewulf,r,08/20/2026,11:45:59,eddie@node1o10.ecdf.ed.ac.uk,1,365
57761295,0.00022,of_28229_3,wdewulf,r,08/20/2026,11:45:59,eddie@node1m14.ecdf.ed.ac.uk,1,366
57761295,0.00022,of_28229_3,wdewulf,r,08/20/2026,11:45:59,eddie@node1s18.ecdf.ed.ac.uk,1,367
57761295,0.00022,of_28229_3,wdewulf,r,08/20/2026,11:45:59,eddie@node1h21.ecdf.ed.ac.uk,1,368
57761295,0.00022,of_28229_3,wdewulf,r,08/20/2026,11:46:00,eddie@node1h05.ecdf.ed.ac.uk,1,369
57761295,0.00022,of_28229_3,wdewulf,r,08/20/2026,11:46:00,eddie@node1r06.ecdf.ed.ac.uk,1,371
57761295,0.00022,of_28229_3,wdewulf,r,08/20/2026,11:46:00,eddie@node1r08.ecdf.ed.ac.uk,1,372
57761295,0.00022,of_28229_3,wdewulf,r,08/20/2026,11:46:00,eddie@node1s20.ecdf.ed.ac.uk,1,376
57761295,0.00022,of_28229_3,wdewulf,r,08/20/2026,11:46:00,eddie@node1h15.ecdf.ed.ac.uk,1,377
57761295,0.00022,of_28229_3,wdewulf,r,08/20/2026,11:46:00,eddie@node1h07.ecdf.ed.ac.uk,1,378
57761295,0.00022,of_28229_3,wdewulf,r,08/20/2026,11:46:00,eddie@node1r12.ecdf.ed.ac.uk,1,382
57761295,0.00022,of_28229_3,wdewulf,r,08/20/2026,11:46:00,eddie@node1o09.ecdf.ed.ac.uk,1,383
57761295,0.00022,of_28229_3,wdewulf,r,08/20/2026,11:46:00,eddie@node1s13.ecdf.ed.ac.uk,1,384
57761295,0.00022,of_28229_3,wdewulf,r,08/20/2026,11:46:00,eddie@node1h09.ecdf.ed.ac.uk,1,385
57761295,0.00022,of_28229_3,wdewulf,r,08/20/2026,11:46:00,eddie@node1s19.ecdf.ed.ac.uk,1,386
57761295,0.00022,of_28229_3,wdewulf,r,08/20/2026,11:46:00,eddie@node1r05.ecdf.ed.ac.uk,1,387
57761295,0.00022,of_28229_3,wdewulf,r,08/20/2026,11:46:00,eddie@node1s16.ecdf.ed.ac.uk,1,388
57761295,0.00022,of_28229_3,wdewulf,r,08/20/2026,11:46:00,eddie@node1h23.ecdf.ed.ac.uk,1,389
57761295,0.00022,of_28229_3,wdewulf,r,08/20/2026,11:46:00,eddie@node1m16.ecdf.ed.ac.uk,1,390
57761295,0.00022,of_28229_3,wdewulf,r,08/20/2026,11:46:00,eddie@node1m14.ecdf.ed.ac.uk,1,392
57761295,0.00022,of_28229_3,wdewulf,r,08/20/2026,11:46:00,eddie@node1h21.ecdf.ed.ac.uk,1,395
57761295,0.00022,of_28229_3,wdewulf,r,08/20/2026,11:46:00,eddie@node1h05.ecdf.ed.ac.uk,1,396
57761295,0.00022,of_28229_3,wdewulf,r,08/20/2026,11:46:00,eddie@node1r08.ecdf.ed.ac.uk,1,398
57761295,0.00022,of_28229_3,wdewulf,r,08/20/2026,11:46:00,eddie@node1r18.ecdf.ed.ac.uk,1,400
57761295,0.00022,of_28229_3,wdewulf,r,08/20/2026,11:46:00,eddie@node1s20.ecdf.ed.ac.uk,1,403
57761295,0.00022,of_28229_3,wdewulf,r,08/20/2026,11:46:00,eddie@node1h15.ecdf.ed.ac.uk,1,404
57761295,0.00022,of_28229_3,wdewulf,r,08/20/2026,11:46:00,eddie@node1h07.ecdf.ed.ac.uk,1,405
57761295,0.00022,of_28229_3,wdewulf,r,08/20/2026,11:46:00,eddie@node1m15.ecdf.ed.ac.uk,1,406
57761295,0.00022,of_28229_3,wdewulf,r,08/20/2026,11:46:00,eddie@node1r12.ecdf.ed.ac.uk,1,409
57761295,0.00022,of_28229_3,wdewulf,r,08/20/2026,11:46:00,eddie@node1o09.ecdf.ed.ac.uk,1,410
57761295,0.00022,of_28229_3,wdewulf,r,08/20/2026,11:46:00,eddie@node1j27.ecdf.ed.ac.uk,1,412
57761295,0.00022,of_28229_3,wdewulf,r,08/20/2026,11:46:00,eddie@node1h09.ecdf.ed.ac.uk,1,413
57761295,0.00022,of_28229_3,wdewulf,r,08/20/2026,11:46:00,eddie@node1r05.ecdf.ed.ac.uk,1,414
57761295,0.00022,of_28229_3,wdewulf,r,08/20/2026,11:46:00,eddie@node1s19.ecdf.ed.ac.uk,1,415
57761295,0.00022,of_28229_3,wdewulf,r,08/20/2026,11:46:00,eddie@node1h23.ecdf.ed.ac.uk,1,417
57761295,0.00022,of_28229_3,wdewulf,r,08/20/2026,11:46:00,eddie@node1o10.ecdf.ed.ac.uk,1,419
57761295,0.00022,of_28229_3,wdewulf,r,08/20/2026,11:46:00,eddie@node1m14.ecdf.ed.ac.uk,1,420
57761295,0.00022,of_28229_3,wdewulf,r,08/20/2026,11:46:00,eddie@node1h10.ecdf.ed.ac.uk,1,421
57761295,0.00022,of_28229_3,wdewulf,r,08/20/2026,11:46:00,eddie@node1h21.ecdf.ed.ac.uk,1,423
57761295,0.00022,of_28229_3,wdewulf,r,08/20/2026,11:46:00,eddie@node1h05.ecdf.ed.ac.uk,1,424
57761295,0.00022,of_28229_3,wdewulf,r,08/20/2026,11:46:00,eddie@node1o14.ecdf.ed.ac.uk,1,425
57761295,0.00022,of_28229_3,wdewulf,r,08/20/2026,11:46:00,eddie@node1r08.ecdf.ed.ac.uk,1,428
57761295,0.00022,of_28229_3,wdewulf,r,08/20/2026,11:46:00,eddie@node1s20.ecdf.ed.ac.uk,1,432
57761295,0.00022,of_28229_3,wdewulf,r,08/20/2026,11:46:00,eddie@node1h15.ecdf.ed.ac.uk,1,433
57761295,0.00022,of_28229_3,wdewulf,r,08/20/2026,11:46:00,eddie@node1h07.ecdf.ed.ac.uk,1,434
57761295,0.00022,of_28229_3,wdewulf,r,08/20/2026,11:46:00,eddie@node1m15.ecdf.ed.ac.uk,1,435
57761295,0.00022,of_28229_3,wdewulf,r,08/20/2026,11:46:00,eddie@node1r20.ecdf.ed.ac.uk,1,437
57761295,0.00022,of_28229_3,wdewulf,r,08/20/2026,11:46:00,eddie@node1r12.ecdf.ed.ac.uk,1,438
57761295,0.00022,of_28229_3,wdewulf,r,08/20/2026,11:46:00,eddie@node1o09.ecdf.ed.ac.uk,1,439
57761295,0.00022,of_28229_3,wdewulf,r,08/20/2026,11:46:00,eddie@node1s13.ecdf.ed.ac.uk,1,440
57761295,0.00022,of_28229_3,wdewulf,r,08/20/2026,11:46:00,eddie@node1j27.ecdf.ed.ac.uk,1,441
57761295,0.00022,of_28229_3,wdewulf,r,08/20/2026,11:46:00,eddie@node1h09.ecdf.ed.ac.uk,1,442
57761295,0.00022,of_28229_3,wdewulf,r,08/20/2026,11:46:00,eddie@node1s19.ecdf.ed.ac.uk,1,443
57761295,0.00022,of_28229_3,wdewulf,r,08/20/2026,11:46:00,eddie@node1r05.ecdf.ed.ac.uk,1,444
57761295,0.00022,of_28229_3,wdewulf,r,08/20/2026,11:46:00,eddie@node1s16.ecdf.ed.ac.uk,1,445
57761295,0.00022,of_28229_3,wdewulf,r,08/20/2026,11:46:00,eddie@node1h23.ecdf.ed.ac.uk,1,446
57761295,0.00022,of_28229_3,wdewulf,r,08/20/2026,11:46:00,eddie@node1o10.ecdf.ed.ac.uk,1,448
57761295,0.00022,of_28229_3,wdewulf,r,08/20/2026,11:46:00,eddie@node1m14.ecdf.ed.ac.uk,1,449
57761295,0.00022,of_28229_3,wdewulf,r,08/20/2026,11:46:00,eddie@node1h24.ecdf.ed.ac.uk,1,450
57761295,0.00022,of_28229_3,wdewulf,r,08/20/2026,11:46:00,eddie@node1o14.ecdf.ed.ac.uk,1,455
57761295,0.00022,of_28229_3,wdewulf,r,08/20/2026,11:46:00,eddie@node1h05.ecdf.ed.ac.uk,1,456
57761295,0.00022,of_28229_3,wdewulf,r,08/20/2026,11:46:00,eddie@node1o08.ecdf.ed.ac.uk,1,457
57761295,0.00022,of_28229_3,wdewulf,r,08/20/2026,11:46:00,eddie@node1r08.ecdf.ed.ac.uk,1,459
57761295,0.00022,of_28229_3,wdewulf,r,08/20/2026,11:46:00,eddie@node1r06.ecdf.ed.ac.uk,1,460
57761295,0.00022,of_28229_3,wdewulf,r,08/20/2026,11:46:00,eddie@node1r18.ecdf.ed.ac.uk,1,461
57761295,0.00022,of_28229_3,wdewulf,r,08/20/2026,11:46:00,eddie@node1s20.ecdf.ed.ac.uk,1,465
57761295,0.00022,of_28229_3,wdewulf,r,08/20/2026,11:46:00,eddie@node1h15.ecdf.ed.ac.uk,1,466
57761295,0.00022,of_28229_3,wdewulf,r,08/20/2026,11:46:00,eddie@node1h07.ecdf.ed.ac.uk,1,467
57761295,0.00022,of_28229_3,wdewulf,r,08/20/2026,11:46:00,eddie@node1m15.ecdf.ed.ac.uk,1,468
57761295,0.00022,of_28229_3,wdewulf,r,08/20/2026,11:46:00,eddie@node1r20.ecdf.ed.ac.uk,1,470
57761295,0.00022,of_28229_3,wdewulf,r,08/20/2026,11:46:00,eddie@node1r12.ecdf.ed.ac.uk,1,471
57761295,0.00022,of_28229_3,wdewulf,r,08/20/2026,11:46:00,eddie@node1o09.ecdf.ed.ac.uk,1,472
57761295,0.00022,of_28229_3,wdewulf,r,08/20/2026,11:46:00,eddie@node1h09.ecdf.ed.ac.uk,1,476
57761295,0.00022,of_28229_3,wdewulf,r,08/20/2026,11:46:00,eddie@node1r05.ecdf.ed.ac.uk,1,477
57761295,0.00022,of_28229_3,wdewulf,r,08/20/2026,11:46:00,eddie@node1s19.ecdf.ed.ac.uk,1,478
57761295,0.00022,of_28229_3,wdewulf,r,08/20/2026,11:46:00,eddie@node1s16.ecdf.ed.ac.uk,1,479
57761295,0.00022,of_28229_3,wdewulf,r,08/20/2026,11:46:00,eddie@node1h23.ecdf.ed.ac.uk,1,480
57761295,0.00022,of_28229_3,wdewulf,r,08/20/2026,11:46:00,eddie@node1o10.ecdf.ed.ac.uk,1,482
57761295,0.00022,of_28229_3,wdewulf,r,08/20/2026,11:46:00,eddie@node1m14.ecdf.ed.ac.uk,1,483
57761295,0.00022,of_28229_3,wdewulf,r,08/20/2026,11:46:00,eddie@node1h24.ecdf.ed.ac.uk,1,484
57761295,0.00022,of_28229_3,wdewulf,r,08/20/2026,11:46:00,eddie@node1h10.ecdf.ed.ac.uk,1,485
57761295,0.00022,of_28229_3,wdewulf,r,08/20/2026,11:46:00,eddie@node1h05.ecdf.ed.ac.uk,1,490
57761295,0.00022,of_28229_3,wdewulf,r,08/20/2026,11:46:00,eddie@node1o14.ecdf.ed.ac.uk,1,491
57761295,0.00022,of_28229_3,wdewulf,r,08/20/2026,11:46:00,eddie@node1o08.ecdf.ed.ac.uk,1,493
57761295,0.00022,of_28229_3,wdewulf,r,08/20/2026,11:46:00,eddie@node1r08.ecdf.ed.ac.uk,1,497
57761295,0.00022,of_28229_3,wdewulf,r,08/20/2026,11:46:00,eddie@node1s20.ecdf.ed.ac.uk,1,502
57761295,0.00022,of_28229_3,wdewulf,r,08/20/2026,11:46:00,eddie@node1h15.ecdf.ed.ac.uk,1,503
57761295,0.00022,of_28229_3,wdewulf,r,08/20/2026,11:46:00,eddie@node1h07.ecdf.ed.ac.uk,1,504
57761295,0.00022,of_28229_3,wdewulf,r,08/20/2026,11:46:00,eddie@node1m15.ecdf.ed.ac.uk,1,505
57761295,0.00022,of_28229_3,wdewulf,r,08/20/2026,11:46:00,eddie@node1r20.ecdf.ed.ac.uk,1,507
57761295,0.00022,of_28229_3,wdewulf,r,08/20/2026,11:46:00,eddie@node1r12.ecdf.ed.ac.uk,1,508
57761295,0.00022,of_28229_3,wdewulf,r,08/20/2026,11:46:00,eddie@node1o09.ecdf.ed.ac.uk,1,509
57761295,0.00022,of_28229_3,wdewulf,r,08/20/2026,11:46:00,eddie@node1s13.ecdf.ed.ac.uk,1,511
57761295,0.00022,of_28229_3,wdewulf,r,08/20/2026,11:46:00,eddie@node1j27.ecdf.ed.ac.uk,1,512
57761295,0.00022,of_28229_3,wdewulf,r,08/20/2026,11:46:00,eddie@node1h09.ecdf.ed.ac.uk,1,513
57761295,0.00022,of_28229_3,wdewulf,r,08/20/2026,11:46:00,eddie@node1s19.ecdf.ed.ac.uk,1,514
57761295,0.00022,of_28229_3,wdewulf,r,08/20/2026,11:46:00,eddie@node1r05.ecdf.ed.ac.uk,1,515
57761295,0.00022,of_28229_3,wdewulf,r,08/20/2026,11:46:00,eddie@node1h23.ecdf.ed.ac.uk,1,517
57761295,0.00022,of_28229_3,wdewulf,r,08/20/2026,11:46:00,eddie@node1m16.ecdf.ed.ac.uk,1,518
57761295,0.00022,of_28229_3,wdewulf,r,08/20/2026,11:46:00,eddie@node1o10.ecdf.ed.ac.uk,1,519
57761295,0.00022,of_28229_3,wdewulf,r,08/20/2026,11:46:00,eddie@node1m14.ecdf.ed.ac.uk,1,520
57761295,0.00022,of_28229_3,wdewulf,r,08/20/2026,11:46:00,eddie@node1h24.ecdf.ed.ac.uk,1,521
57761295,0.00022,of_28229_3,wdewulf,r,08/20/2026,11:46:00,eddie@node1h10.ecdf.ed.ac.uk,1,522
57761295,0.00022,of_28229_3,wdewulf,r,08/20/2026,11:46:00,eddie@node1o07.ecdf.ed.ac.uk,1,523
57761295,0.00022,of_28229_3,wdewulf,r,08/20/2026,11:46:00,eddie@node1s18.ecdf.ed.ac.uk,1,524
57761295,0.00022,of_28229_3,wdewulf,r,08/20/2026,11:46:00,eddie@node1o11.ecdf.ed.ac.uk,1,525
57761295,0.00022,of_28229_3,wdewulf,r,08/20/2026,11:46:00,eddie@node1h08.ecdf.ed.ac.uk,1,527
57761295,0.00022,of_28229_3,wdewulf,r,08/20/2026,11:46:00,eddie@node1o14.ecdf.ed.ac.uk,1,528
57761295,0.00022,of_28229_3,wdewulf,r,08/20/2026,11:46:00,eddie@node1h05.ecdf.ed.ac.uk,1,529
57761295,0.00022,of_28229_3,wdewulf,r,08/20/2026,11:46:00,eddie@node1o08.ecdf.ed.ac.uk,1,530
57761295,0.00022,of_28229_3,wdewulf,r,08/20/2026,11:46:00,eddie@node1o12.ecdf.ed.ac.uk,1,531
57761295,0.00022,of_28229_3,wdewulf,r,08/20/2026,11:46:00,eddie@node1j25.ecdf.ed.ac.uk,1,532
57761295,0.00022,of_28229_3,wdewulf,r,08/20/2026,11:46:00,eddie@node1r08.ecdf.ed.ac.uk,1,533
57761295,0.00022,of_28229_3,wdewulf,r,08/20/2026,11:46:00,eddie@node1r06.ecdf.ed.ac.uk,1,534
57761295,0.00022,of_28229_3,wdewulf,r,08/20/2026,11:46:00,eddie@node1s20.ecdf.ed.ac.uk,1,539
57761295,0.00022,of_28229_3,wdewulf,r,08/20/2026,11:46:01,eddie@node1h15.ecdf.ed.ac.uk,1,540
57761295,0.00022,of_28229_3,wdewulf,r,08/20/2026,11:46:01,eddie@node1h07.ecdf.ed.ac.uk,1,541
57761295,0.00022,of_28229_3,wdewulf,r,08/20/2026,11:46:01,eddie@node1m15.ecdf.ed.ac.uk,1,542
57761295,0.00022,of_28229_3,wdewulf,r,08/20/2026,11:46:01,eddie@node1r20.ecdf.ed.ac.uk,1,544
57761295,0.00022,of_28229_3,wdewulf,r,08/20/2026,11:46:01,eddie@node1o09.ecdf.ed.ac.uk,1,546
57761295,0.00022,of_28229_3,wdewulf,r,08/20/2026,11:46:01,eddie@node1h09.ecdf.ed.ac.uk,1,550
57761295,0.00022,of_28229_3,wdewulf,r,08/20/2026,11:46:01,eddie@node1r05.ecdf.ed.ac.uk,1,551
57761295,0.00022,of_28229_3,wdewulf,r,08/20/2026,11:46:01,eddie@node1s19.ecdf.ed.ac.uk,1,552
57761295,0.00022,of_28229_3,wdewulf,r,08/20/2026,11:46:01,eddie@node1s16.ecdf.ed.ac.uk,1,553
57761295,0.00022,of_28229_3,wdewulf,r,08/20/2026,11:46:01,eddie@node1h23.ecdf.ed.ac.uk,1,554
57761295,0.00022,of_28229_3,wdewulf,r,08/20/2026,11:46:01,eddie@node1o10.ecdf.ed.ac.uk,1,556
57761295,0.00022,of_28229_3,wdewulf,r,08/20/2026,11:46:01,eddie@node1m14.ecdf.ed.ac.uk,1,557
57761295,0.00022,of_28229_3,wdewulf,r,08/20/2026,11:46:01,eddie@node1h24.ecdf.ed.ac.uk,1,558
57761295,0.00022,of_28229_3,wdewulf,r,08/20/2026,11:46:01,eddie@node1h10.ecdf.ed.ac.uk,1,559
57761295,0.00022,of_28229_3,wdewulf,r,08/20/2026,11:46:01,eddie@node1o07.ecdf.ed.ac.uk,1,560
57761295,0.00022,of_28229_3,wdewulf,r,08/20/2026,11:46:01,eddie@node1s18.ecdf.ed.ac.uk,1,561
57761295,0.00022,of_28229_3,wdewulf,r,08/20/2026,11:46:01,eddie@node1o11.ecdf.ed.ac.uk,1,562
57761295,0.00022,of_28229_3,wdewulf,r,08/20/2026,11:46:01,eddie@node1h21.ecdf.ed.ac.uk,1,563
57761295,0.00022,of_28229_3,wdewulf,r,08/20/2026,11:46:01,eddie@node1h05.ecdf.ed.ac.uk,1,564
57761295,0.00022,of_28229_3,wdewulf,r,08/20/2026,11:46:01,eddie@node1o14.ecdf.ed.ac.uk,1,565
57761295,0.00022,of_28229_3,wdewulf,r,08/20/2026,11:46:01,eddie@node1h08.ecdf.ed.ac.uk,1,566
57761295,0.00022,of_28229_3,wdewulf,r,08/20/2026,11:46:01,eddie@node1o08.ecdf.ed.ac.uk,1,567
57761295,0.00022,of_28229_3,wdewulf,r,08/20/2026,11:46:01,eddie@node1r06.ecdf.ed.ac.uk,1,570
57761295,0.00022,of_28229_3,wdewulf,r,08/20/2026,11:46:01,eddie@node1r08.ecdf.ed.ac.uk,1,571
57761295,0.00022,of_28229_3,wdewulf,r,08/20/2026,11:46:01,eddie@node1r18.ecdf.ed.ac.uk,1,572
57761295,0.00022,of_28229_3,wdewulf,r,08/20/2026,11:46:01,eddie@node1s17.ecdf.ed.ac.uk,1,573
57761295,0.00022,of_28229_3,wdewulf,r,08/20/2026,11:46:01,eddie@node1s20.ecdf.ed.ac.uk,1,576
57761295,0.00022,of_28229_3,wdewulf,r,08/20/2026,11:46:01,eddie@node1h15.ecdf.ed.ac.uk,1,577
57761295,0.00022,of_28229_3,wdewulf,r,08/20/2026,11:46:01,eddie@node1h07.ecdf.ed.ac.uk,1,578
57761295,0.00022,of_28229_3,wdewulf,r,08/20/2026,11:46:01,eddie@node1m15.ecdf.ed.ac.uk,1,579
57761295,0.00022,of_28229_3,wdewulf,r,08/20/2026,11:46:01,eddie@node1r20.ecdf.ed.ac.uk,1,581
57761295,0.00022,of_28229_3,wdewulf,r,08/20/2026,11:46:01,eddie@node1r12.ecdf.ed.ac.uk,1,582
57761295,0.00022,of_28229_3,wdewulf,r,08/20/2026,11:46:01,eddie@node1o09.ecdf.ed.ac.uk,1,583
57761295,0.00022,of_28229_3,wdewulf,r,08/20/2026,11:46:01,eddie@node1s13.ecdf.ed.ac.uk,1,585
57761295,0.00022,of_28229_3,wdewulf,r,08/20/2026,11:46:01,eddie@node1j27.ecdf.ed.ac.uk,1,586
57761295,0.00022,of_28229_3,wdewulf,r,08/20/2026,11:46:01,eddie@node1h09.ecdf.ed.ac.uk,1,587
57761295,0.00022,of_28229_3,wdewulf,r,08/20/2026,11:46:01,eddie@node1s19.ecdf.ed.ac.uk,1,588
57761295,0.00022,of_28229_3,wdewulf,r,08/20/2026,11:46:01,eddie@node1r05.ecdf.ed.ac.uk,1,589
57761295,0.00022,of_28229_3,wdewulf,r,08/20/2026,11:46:01,eddie@node1h23.ecdf.ed.ac.uk,1,591
57761295,0.00022,of_28229_3,wdewulf,r,08/20/2026,11:46:01,eddie@node1o10.ecdf.ed.ac.uk,1,593
57761295,0.00022,of_28229_3,wdewulf,r,08/20/2026,11:46:01,eddie@node1m14.ecdf.ed.ac.uk,1,594
57761295,0.00022,of_28229_3,wdewulf,r,08/20/2026,11:46:01,eddie@node1h24.ecdf.ed.ac.uk,1,595
57761295,0.00022,of_28229_3,wdewulf,r,08/20/2026,11:46:01,eddie@node1o07.ecdf.ed.ac.uk,1,597
57761295,0.00022,of_28229_3,wdewulf,r,08/20/2026,11:46:01,eddie@node1s18.ecdf.ed.ac.uk,1,598
57761295,0.00022,of_28229_3,wdewulf,r,08/20/2026,11:46:01,eddie@node1h21.ecdf.ed.ac.uk,1,600
57761295,0.00022,of_28229_3,wdewulf,r,08/20/2026,11:46:01,eddie@node1o14.ecdf.ed.ac.uk,1,602
57761295,0.00022,of_28229_3,wdewulf,r,08/20/2026,11:46:01,eddie@node1h05.ecdf.ed.ac.uk,1,603
57761295,0.00022,of_28229_3,wdewulf,r,08/20/2026,11:46:01,eddie@node1o12.ecdf.ed.ac.uk,1,605
57761295,0.00022,of_28229_3,wdewulf,r,08/20/2026,11:46:01,eddie@node1r08.ecdf.ed.ac.uk,1,607
57761295,0.00022,of_28229_3,wdewulf,r,08/20/2026,11:46:01,eddie@node1r06.ecdf.ed.ac.uk,1,608
57761295,0.00022,of_28229_3,wdewulf,r,08/20/2026,11:46:01,eddie@node1r18.ecdf.ed.ac.uk,1,609
57761295,0.00022,of_28229_3,wdewulf,r,08/20/2026,11:46:01,eddie@node1s20.ecdf.ed.ac.uk,1,613
57761295,0.00022,of_28229_3,wdewulf,r,08/20/2026,11:46:01,eddie@node1h15.ecdf.ed.ac.uk,1,614
57761295,0.00022,of_28229_3,wdewulf,r,08/20/2026,11:46:01,eddie@node1h07.ecdf.ed.ac.uk,1,615
57761295,0.00022,of_28229_3,wdewulf,r,08/20/2026,11:46:01,eddie@node1m15.ecdf.ed.ac.uk,1,616
57761295,0.00022,of_28229_3,wdewulf,r,08/20/2026,11:46:01,eddie@node1o09.ecdf.ed.ac.uk,1,620
57761295,0.00022,of_28229_3,wdewulf,r,08/20/2026,11:46:01,eddie@node1s13.ecdf.ed.ac.uk,1,622
57761295,0.00022,of_28229_3,wdewulf,r,08/20/2026,11:46:01,eddie@node1j27.ecdf.ed.ac.uk,1,623
57761295,0.00022,of_28229_3,wdewulf,r,08/20/2026,11:46:01,eddie@node1h09.ecdf.ed.ac.uk,1,624
57761295,0.00022,of_28229_3,wdewulf,r,08/20/2026,11:46:01,eddie@node1r05.ecdf.ed.ac.uk,1,625
57761295,0.00022,of_28229_3,wdewulf,r,08/20/2026,11:46:01,eddie@node1s19.ecdf.ed.ac.uk,1,626
57761295,0.00022,of_28229_3,wdewulf,r,08/20/2026,11:46:01,eddie@node1s16.ecdf.ed.ac.uk,1,627
57761295,0.00022,of_28229_3,wdewulf,r,08/20/2026,11:46:01,eddie@node1m16.ecdf.ed.ac.uk,1,629
57761295,0.00022,of_28229_3,wdewulf,r,08/20/2026,11:46:01,eddie@node1m14.ecdf.ed.ac.uk,1,631
57761295,0.00022,of_28229_3,wdewulf,r,08/20/2026,11:46:01,eddie@node1h24.ecdf.ed.ac.uk,1,632
57761295,0.00022,of_28229_3,wdewulf,r,08/20/2026,11:46:01,eddie@node1h10.ecdf.ed.ac.uk,1,633
57761295,0.00022,of_28229_3,wdewulf,r,08/20/2026,11:46:01,eddie@node1o07.ecdf.ed.ac.uk,1,634
57761295,0.00022,of_28229_3,wdewulf,r,08/20/2026,11:46:01,eddie@node1s18.ecdf.ed.ac.uk,1,635
57761295,0.00022,of_28229_3,wdewulf,r,08/20/2026,11:46:01,eddie@node1h21.ecdf.ed.ac.uk,1,637
57761295,0.00022,of_28229_3,wdewulf,r,08/20/2026,11:46:01,eddie@node1h05.ecdf.ed.ac.uk,1,638
57761295,0.00022,of_28229_3,wdewulf,r,08/20/2026,11:46:01,eddie@node1o14.ecdf.ed.ac.uk,1,639
57761295,0.00022,of_28229_3,wdewulf,r,08/20/2026,11:46:01,eddie@node1o08.ecdf.ed.ac.uk,1,641
57761295,0.00022,of_28229_3,wdewulf,r,08/20/2026,11:46:01,eddie@node1r06.ecdf.ed.ac.uk,1,644
57761295,0.00022,of_28229_3,wdewulf,r,08/20/2026,11:46:01,eddie@node1r08.ecdf.ed.ac.uk,1,645
57761295,0.00022,of_28229_3,wdewulf,r,08/20/2026,11:46:01,eddie@node1r18.ecdf.ed.ac.uk,1,646
57761295,0.00022,of_28229_3,wdewulf,r,08/20/2026,11:46:01,eddie@node1s20.ecdf.ed.ac.uk,1,650
57761295,0.00022,of_28229_3,wdewulf,r,08/20/2026,11:46:01,eddie@node1h15.ecdf.ed.ac.uk,1,651
57761295,0.00022,of_28229_3,wdewulf,r,08/20/2026,11:46:01,eddie@node1h07.ecdf.ed.ac.uk,1,652
57761295,0.00022,of_28229_3,wdewulf,r,08/20/2026,11:46:01,eddie@node1m15.ecdf.ed.ac.uk,1,653
57761295,0.00022,of_28229_3,wdewulf,r,08/20/2026,11:46:01,eddie@node1r20.ecdf.ed.ac.uk,1,655
57761295,0.00022,of_28229_3,wdewulf,r,08/20/2026,11:46:01,eddie@node1r12.ecdf.ed.ac.uk,1,656
57761295,0.00022,of_28229_3,wdewulf,r,08/20/2026,11:46:01,eddie@node1o09.ecdf.ed.ac.uk,1,657
57761295,0.00022,of_28229_3,wdewulf,r,08/20/2026,11:46:01,eddie@node1s13.ecdf.ed.ac.uk,1,659
57761295,0.00022,of_28229_3,wdewulf,r,08/20/2026,11:46:01,eddie@node1s19.ecdf.ed.ac.uk,1,662
57761295,0.00022,of_28229_3,wdewulf,r,08/20/2026,11:46:01,eddie@node1s16.ecdf.ed.ac.uk,1,665
57761295,0.00022,of_28229_3,wdewulf,r,08/20/2026,11:46:01,eddie@node1h23.ecdf.ed.ac.uk,1,666
57761295,0.00022,of_28229_3,wdewulf,r,08/20/2026,11:46:01,eddie@node1m16.ecdf.ed.ac.uk,1,667
57761295,0.00022,of_28229_3,wdewulf,r,08/20/2026,11:46:01,eddie@node1o10.ecdf.ed.ac.uk,1,668
57761295,0.00022,of_28229_3,wdewulf,r,08/20/2026,11:46:02,eddie@node1m14.ecdf.ed.ac.uk,1,669
57761295,0.00022,of_28229_3,wdewulf,r,08/20/2026,11:46:02,eddie@node1h24.ecdf.ed.ac.uk,1,670
57761295,0.00022,of_28229_3,wdewulf,r,08/20/2026,11:46:02,eddie@node1h10.ecdf.ed.ac.uk,1,671
57761295,0.00022,of_28229_3,wdewulf,r,08/20/2026,11:46:02,eddie@node1s18.ecdf.ed.ac.uk,1,673
57761295,0.00022,of_28229_3,wdewulf,r,08/20/2026,11:46:02,eddie@node1h05.ecdf.ed.ac.uk,1,678
57761295,0.00022,of_28229_3,wdewulf,r,08/20/2026,11:46:02,eddie@node1o08.ecdf.ed.ac.uk,1,679
57761295,0.00022,of_28229_3,wdewulf,r,08/20/2026,11:46:02,eddie@node1j25.ecdf.ed.ac.uk,1,681
57761295,0.00022,of_28229_3,wdewulf,r,08/20/2026,11:46:02,eddie@node1r08.ecdf.ed.ac.uk,1,682
57761295,0.00022,of_28229_3,wdewulf,r,08/20/2026,11:46:02,eddie@node1r06.ecdf.ed.ac.uk,1,683
57761295,0.00022,of_28229_3,wdewulf,r,08/20/2026,11:46:02,eddie@node1r18.ecdf.ed.ac.uk,1,684
57761295,0.00022,of_28229_3,wdewulf,r,08/20/2026,11:46:02,eddie@node1j28.ecdf.ed.ac.uk,1,687
57761295,0.00022,of_28229_3,wdewulf,r,08/20/2026,11:46:02,eddie@node1h15.ecdf.ed.ac.uk,1,689
57761295,0.00022,of_28229_3,wdewulf,r,08/20/2026,11:46:02,eddie@node1h07.ecdf.ed.ac.uk,1,690
57761295,0.00022,of_28229_3,wdewulf,r,08/20/2026,11:46:02,eddie@node1m15.ecdf.ed.ac.uk,1,691
57761295,0.00022,of_28229_3,wdewulf,r,08/20/2026,11:46:02,eddie@node1r20.ecdf.ed.ac.uk,1,693
57761295,0.00022,of_28229_3,wdewulf,r,08/20/2026,11:46:02,eddie@node1r12.ecdf.ed.ac.uk,1,694
57761295,0.00022,of_28229_3,wdewulf,r,08/20/2026,11:46:02,eddie@node1o09.ecdf.ed.ac.uk,1,695
57761295,0.00022,of_28229_3,wdewulf,r,08/20/2026,11:46:02,eddie@node1s13.ecdf.ed.ac.uk,1,697
57761295,0.00022,of_28229_3,wdewulf,r,08/20/2026,11:46:02,eddie@node1r05.ecdf.ed.ac.uk,1,701
57761295,0.00022,of_28229_3,wdewulf,r,08/20/2026,11:46:02,eddie@node1s19.ecdf.ed.ac.uk,1,702
57761295,0.00022,of_28229_3,wdewulf,r,08/20/2026,11:46:02,eddie@node1h23.ecdf.ed.ac.uk,1,705
57761295,0.00022,of_28229_3,wdewulf,r,08/20/2026,11:46:02,eddie@node1o10.ecdf.ed.ac.uk,1,707
57761295,0.00022,of_28229_3,wdewulf,r,08/20/2026,11:46:02,eddie@node1m14.ecdf.ed.ac.uk,1,708
57761295,0.00022,of_28229_3,wdewulf,r,08/20/2026,11:46:02,eddie@node1h24.ecdf.ed.ac.uk,1,709
57761295,0.00022,of_28229_3,wdewulf,r,08/20/2026,11:46:02,eddie@node1o11.ecdf.ed.ac.uk,1,713
57761295,0.00022,of_28229_3,wdewulf,r,08/20/2026,11:46:02,eddie@node1h05.ecdf.ed.ac.uk,1,715
57761295,0.00022,of_28229_3,wdewulf,r,08/20/2026,11:46:02,eddie@node1o14.ecdf.ed.ac.uk,1,716
57761295,0.00022,of_28229_3,wdewulf,r,08/20/2026,11:46:02,eddie@node1o12.ecdf.ed.ac.uk,1,719
57761295,0.00022,of_28229_3,wdewulf,r,08/20/2026,11:46:02,eddie@node1r06.ecdf.ed.ac.uk,1,721
57761295,0.00022,of_28229_3,wdewulf,r,08/20/2026,11:46:02,eddie@node1r08.ecdf.ed.ac.uk,1,722
57761295,0.00022,of_28229_3,wdewulf,r,08/20/2026,11:46:02,eddie@node1r18.ecdf.ed.ac.uk,1,723
57761295,0.00022,of_28229_3,wdewulf,r,08/20/2026,11:46:02,eddie@node1s17.ecdf.ed.ac.uk,1,724
57761295,0.00022,of_28229_3,wdewulf,r,08/20/2026,11:46:02,eddie@node1h15.ecdf.ed.ac.uk,1,728
57761295,0.00022,of_28229_3,wdewulf,r,08/20/2026,11:46:02,eddie@node1h07.ecdf.ed.ac.uk,1,729
57761295,0.00022,of_28229_3,wdewulf,r,08/20/2026,11:46:02,eddie@node1m15.ecdf.ed.ac.uk,1,730
57761295,0.00022,of_28229_3,wdewulf,r,08/20/2026,11:46:02,eddie@node1r20.ecdf.ed.ac.uk,1,732
57761295,0.00022,of_28229_3,wdewulf,r,08/20/2026,11:46:02,eddie@node1o09.ecdf.ed.ac.uk,1,734
57761295,0.00022,of_28229_3,wdewulf,r,08/20/2026,11:46:02,eddie@node1s19.ecdf.ed.ac.uk,1,740
57761295,0.00022,of_28229_3,wdewulf,r,08/20/2026,11:46:02,eddie@node1r05.ecdf.ed.ac.uk,1,741
57761295,0.00022,of_28229_3,wdewulf,r,08/20/2026,11:46:02,eddie@node1s16.ecdf.ed.ac.uk,1,743
57761295,0.00022,of_28229_3,wdewulf,r,08/20/2026,11:46:02,eddie@node1h23.ecdf.ed.ac.uk,1,744
57761295,0.00022,of_28229_3,wdewulf,r,08/20/2026,11:46:03,eddie@node1m14.ecdf.ed.ac.uk,1,747
57761295,0.00022,of_28229_3,wdewulf,r,08/20/2026,11:46:03,eddie@node1o07.ecdf.ed.ac.uk,1,750
57761295,0.00022,of_28229_3,wdewulf,r,08/20/2026,11:46:03,eddie@node1s18.ecdf.ed.ac.uk,1,751
57761295,0.00022,of_28229_3,wdewulf,r,08/20/2026,11:46:03,eddie@node1o14.ecdf.ed.ac.uk,1,755
57761295,0.00022,of_28229_3,wdewulf,r,08/20/2026,11:46:03,eddie@node1h05.ecdf.ed.ac.uk,1,756
57761295,0.00022,of_28229_3,wdewulf,r,08/20/2026,11:46:03,eddie@node1r08.ecdf.ed.ac.uk,1,760
57761295,0.00022,of_28229_3,wdewulf,r,08/20/2026,11:46:03,eddie@node1r06.ecdf.ed.ac.uk,1,761
57761295,0.00022,of_28229_3,wdewulf,r,08/20/2026,11:46:03,eddie@node1r18.ecdf.ed.ac.uk,1,762
57761295,0.00022,of_28229_3,wdewulf,r,08/20/2026,11:46:03,eddie@node1j28.ecdf.ed.ac.uk,1,765
57761295,0.00022,of_28229_3,wdewulf,r,08/20/2026,11:46:03,eddie@node1h15.ecdf.ed.ac.uk,1,767
57761295,0.00022,of_28229_3,wdewulf,r,08/20/2026,11:46:03,eddie@node1h07.ecdf.ed.ac.uk,1,768
57761295,0.00022,of_28229_3,wdewulf,r,08/20/2026,11:46:03,eddie@node1r20.ecdf.ed.ac.uk,1,771
57761295,0.00022,of_28229_3,wdewulf,r,08/20/2026,11:46:03,eddie@node1r12.ecdf.ed.ac.uk,1,772
57761295,0.00022,of_28229_3,wdewulf,r,08/20/2026,11:46:03,eddie@node1o09.ecdf.ed.ac.uk,1,774
57761295,0.00022,of_28229_3,wdewulf,r,08/20/2026,11:46:03,eddie@node1s13.ecdf.ed.ac.uk,1,776
57761295,0.00022,of_28229_3,wdewulf,r,08/20/2026,11:46:03,eddie@node1h09.ecdf.ed.ac.uk,1,779
57761295,0.00022,of_28229_3,wdewulf,r,08/20/2026,11:46:03,eddie@node1s19.ecdf.ed.ac.uk,1,781
57761295,0.00022,of_28229_3,wdewulf,r,08/20/2026,11:46:03,eddie@node1s16.ecdf.ed.ac.uk,1,783
57761295,0.00022,of_28229_3,wdewulf,r,08/20/2026,11:46:03,eddie@node1h23.ecdf.ed.ac.uk,1,784
57761295,0.00022,of_28229_3,wdewulf,r,08/20/2026,11:46:03,eddie@node1o10.ecdf.ed.ac.uk,1,786
57761295,0.00022,of_28229_3,wdewulf,r,08/20/2026,11:46:03,eddie@node1m14.ecdf.ed.ac.uk,1,787
57761295,0.00022,of_28229_3,wdewulf,r,08/20/2026,11:46:03,eddie@node1h10.ecdf.ed.ac.uk,1,789
57761295,0.00022,of_28229_3,wdewulf,r,08/20/2026,11:46:03,eddie@node1o07.ecdf.ed.ac.uk,1,790
57761295,0.00022,of_28229_3,wdewulf,r,08/20/2026,11:46:03,eddie@node1s18.ecdf.ed.ac.uk,1,791
57761295,0.00022,of_28229_3,wdewulf,r,08/20/2026,11:46:03,eddie@node1o11.ecdf.ed.ac.uk,1,792
57761295,0.00022,of_28229_3,wdewulf,r,08/20/2026,11:46:03,eddie@node1h05.ecdf.ed.ac.uk,1,794
57761295,0.00022,of_28229_3,wdewulf,r,08/20/2026,11:46:03,eddie@node1o08.ecdf.ed.ac.uk,1,797
57761295,0.00022,of_28229_3,wdewulf,r,08/20/2026,11:46:03,eddie@node1r08.ecdf.ed.ac.uk,1,801
57761295,0.00022,of_28229_3,wdewulf,r,08/20/2026,11:46:03,eddie@node1r18.ecdf.ed.ac.uk,1,802
57761295,0.00022,of_28229_3,wdewulf,r,08/20/2026,11:46:03,eddie@node1h15.ecdf.ed.ac.uk,1,807
57761295,0.00022,of_28229_3,wdewulf,r,08/20/2026,11:46:03,eddie@node1h07.ecdf.ed.ac.uk,1,808
57761295,0.00022,of_28229_3,wdewulf,r,08/20/2026,11:46:03,eddie@node1r12.ecdf.ed.ac.uk,1,812
57761295,0.00022,of_28229_3,wdewulf,r,08/20/2026,11:46:03,eddie@node1o09.ecdf.ed.ac.uk,1,814
57761295,0.00022,of_28229_3,wdewulf,r,08/20/2026,11:46:03,eddie@node1j27.ecdf.ed.ac.uk,1,817
57761295,0.00022,of_28229_3,wdewulf,r,08/20/2026,11:46:03,eddie@node1s19.ecdf.ed.ac.uk,1,820
57761295,0.00022,of_28229_3,wdewulf,r,08/20/2026,11:46:03,eddie@node1r05.ecdf.ed.ac.uk,1,821
57761295,0.00022,of_28229_3,wdewulf,r,08/20/2026,11:46:03,eddie@node1s16.ecdf.ed.ac.uk,1,824
57761295,0.00022,of_28229_3,wdewulf,r,08/20/2026,11:46:03,eddie@node1h23.ecdf.ed.ac.uk,1,825
57761295,0.00022,of_28229_3,wdewulf,r,08/20/2026,11:46:03,eddie@node1m16.ecdf.ed.ac.uk,1,826
57761295,0.00022,of_28229_3,wdewulf,r,08/20/2026,11:46:03,eddie@node1o10.ecdf.ed.ac.uk,1,827
57761295,0.00022,of_28229_3,wdewulf,r,08/20/2026,11:46:03,eddie@node1m14.ecdf.ed.ac.uk,1,828
57761295,0.00022,of_28229_3,wdewulf,r,08/20/2026,11:46:03,eddie@node1h24.ecdf.ed.ac.uk,1,829
57761295,0.00022,of_28229_3,wdewulf,r,08/20/2026,11:46:03,eddie@node1h10.ecdf.ed.ac.uk,1,830
57761295,0.00022,of_28229_3,wdewulf,r,08/20/2026,11:46:03,eddie@node1o07.ecdf.ed.ac.uk,1,831
57761295,0.00022,of_28229_3,wdewulf,r,08/20/2026,11:46:03,eddie@node1s18.ecdf.ed.ac.uk,1,832
57761295,0.00022,of_28229_3,wdewulf,r,08/20/2026,11:46:03,eddie@node1o11.ecdf.ed.ac.uk,1,833
57761295,0.00022,of_28229_3,wdewulf,r,08/20/2026,11:46:03,eddie@node1h05.ecdf.ed.ac.uk,1,837
57761295,0.00022,of_28229_3,wdewulf,r,08/20/2026,11:46:03,eddie@node1o08.ecdf.ed.ac.uk,1,838
57761295,0.00022,of_28229_3,wdewulf,r,08/20/2026,11:46:03,eddie@node1s17.ecdf.ed.ac.uk,1,844
57761295,0.00022,of_28229_3,wdewulf,r,08/20/2026,11:46:03,eddie@node1h15.ecdf.ed.ac.uk,1,847
57761295,0.00022,of_28229_3,wdewulf,r,08/20/2026,11:46:03,eddie@node1h07.ecdf.ed.ac.uk,1,848
57761295,0.00022,of_28229_3,wdewulf,r,08/20/2026,11:46:03,eddie@node1r20.ecdf.ed.ac.uk,1,850
57761295,0.00022,of_28229_3,wdewulf,r,08/20/2026,11:46:03,eddie@node1o09.ecdf.ed.ac.uk,1,853
57761295,0.00022,of_28229_3,wdewulf,r,08/20/2026,11:46:03,eddie@node1s13.ecdf.ed.ac.uk,1,855
57761295,0.00022,of_28229_3,wdewulf,r,08/20/2026,11:46:03,eddie@node1j27.ecdf.ed.ac.uk,1,856
57761295,0.00022,of_28229_3,wdewulf,r,08/20/2026,11:46:03,eddie@node1r05.ecdf.ed.ac.uk,1,859
57761295,0.00022,of_28229_3,wdewulf,r,08/20/2026,11:46:03,eddie@node1s19.ecdf.ed.ac.uk,1,860
57761295,0.00022,of_28229_3,wdewulf,r,08/20/2026,11:46:03,eddie@node1h23.ecdf.ed.ac.uk,1,864
57761295,0.00022,of_28229_3,wdewulf,r,08/20/2026,11:46:03,eddie@node1m14.ecdf.ed.ac.uk,1,867
57761295,0.00022,of_28229_3,wdewulf,r,08/20/2026,11:46:03,eddie@node1h24.ecdf.ed.ac.uk,1,868
57761295,0.00022,of_28229_3,wdewulf,r,08/20/2026,11:46:03,eddie@node1s18.ecdf.ed.ac.uk,1,871
57761295,0.00022,of_28229_3,wdewulf,r,08/20/2026,11:46:03,eddie@node1h05.ecdf.ed.ac.uk,1,874
57761295,0.00022,of_28229_3,wdewulf,r,08/20/2026,11:46:03,eddie@node1o08.ecdf.ed.ac.uk,1,877
57761295,0.00022,of_28229_3,wdewulf,r,08/20/2026,11:46:03,eddie@node1o12.ecdf.ed.ac.uk,1,878
57761295,0.00022,of_28229_3,wdewulf,r,08/20/2026,11:46:03,eddie@node1j25.ecdf.ed.ac.uk,1,879
57761295,0.00022,of_28229_3,wdewulf,r,08/20/2026,11:46:03,eddie@node1r06.ecdf.ed.ac.uk,1,880
57761295,0.00022,of_28229_3,wdewulf,r,08/20/2026,11:46:03,eddie@node1j28.ecdf.ed.ac.uk,1,885
57761295,0.00022,of_28229_3,wdewulf,r,08/20/2026,11:46:03,eddie@node1h15.ecdf.ed.ac.uk,1,886
57761295,0.00022,of_28229_3,wdewulf,r,08/20/2026,11:46:03,eddie@node1r12.ecdf.ed.ac.uk,1,890
57761295,0.00022,of_28229_3,wdewulf,r,08/20/2026,11:46:03,eddie@node1o09.ecdf.ed.ac.uk,1,892
57761295,0.00022,of_28229_3,wdewulf,r,08/20/2026,11:46:03,eddie@node1s19.ecdf.ed.ac.uk,1,898
57761295,0.00022,of_28229_3,wdewulf,r,08/20/2026,11:46:03,eddie@node1r05.ecdf.ed.ac.uk,1,899
57761295,0.00022,of_28229_3,wdewulf,r,08/20/2026,11:46:03,eddie@node1s16.ecdf.ed.ac.uk,1,902
57761295,0.00022,of_28229_3,wdewulf,r,08/20/2026,11:46:03,eddie@node1h23.ecdf.ed.ac.uk,1,903
57761295,0.00022,of_28229_3,wdewulf,r,08/20/2026,11:46:03,eddie@node1m16.ecdf.ed.ac.uk,1,904
57761295,0.00022,of_28229_3,wdewulf,r,08/20/2026,11:46:03,eddie@node1o10.ecdf.ed.ac.uk,1,905
57761295,0.00022,of_28229_3,wdewulf,r,08/20/2026,11:46:03,eddie@node1m14.ecdf.ed.ac.uk,1,906
57761295,0.00022,of_28229_3,wdewulf,r,08/20/2026,11:46:03,eddie@node1o11.ecdf.ed.ac.uk,1,911
57761295,0.00022,of_28229_3,wdewulf,r,08/20/2026,11:46:03,eddie@node1o14.ecdf.ed.ac.uk,1,914
57761295,0.00022,of_28229_3,wdewulf,r,08/20/2026,11:46:03,eddie@node1h05.ecdf.ed.ac.uk,1,915
57761295,0.00022,of_28229_3,wdewulf,r,08/20/2026,11:46:03,eddie@node1s17.ecdf.ed.ac.uk,1,922
57761295,0.00022,of_28229_3,wdewulf,r,08/20/2026,11:46:03,eddie@node1h15.ecdf.ed.ac.uk,1,925
57761295,0.00022,of_28229_3,wdewulf,r,08/20/2026,11:46:04,eddie@node1h09.ecdf.ed.ac.uk,1,936
57761295,0.00022,of_28229_3,wdewulf,r,08/20/2026,11:46:04,eddie@node1r05.ecdf.ed.ac.uk,1,937
57761295,0.00022,of_28229_3,wdewulf,r,08/20/2026,11:46:04,eddie@node1s19.ecdf.ed.ac.uk,1,938
57761295,0.00022,of_28229_3,wdewulf,r,08/20/2026,11:46:04,eddie@node1s16.ecdf.ed.ac.uk,1,941
57761295,0.00022,of_28229_3,wdewulf,r,08/20/2026,11:46:04,eddie@node1h23.ecdf.ed.ac.uk,1,942
57761295,0.00022,of_28229_3,wdewulf,r,08/20/2026,11:46:04,eddie@node1m16.ecdf.ed.ac.uk,1,943
57761295,0.00022,of_28229_3,wdewulf,r,08/20/2026,11:46:04,eddie@node1m14.ecdf.ed.ac.uk,1,945
57761295,0.00022,of_28229_3,wdewulf,r,08/20/2026,11:46:04,eddie@node1h24.ecdf.ed.ac.uk,1,946
57761295,0.00022,of_28229_3,wdewulf,r,08/20/2026,11:46:04,eddie@node1s18.ecdf.ed.ac.uk,1,949
57761295,0.00022,of_28229_3,wdewulf,r,08/20/2026,11:46:04,eddie@node1o14.ecdf.ed.ac.uk,1,952
57761295,0.00022,of_28229_3,wdewulf,r,08/20/2026,11:46:04,eddie@node1r06.ecdf.ed.ac.uk,1,957
57761295,0.00022,of_28229_3,wdewulf,r,08/20/2026,11:46:04,eddie@node1h15.ecdf.ed.ac.uk,1,963
57761295,0.00022,of_28229_3,wdewulf,r,08/20/2026,11:46:04,eddie@node1r20.ecdf.ed.ac.uk,1,966
57761295,0.00022,of_28229_3,wdewulf,r,08/20/2026,11:46:04,eddie@node1o09.ecdf.ed.ac.uk,1,969
57761295,0.00022,of_28229_3,wdewulf,r,08/20/2026,11:46:04,eddie@node1s13.ecdf.ed.ac.uk,1,971
57761295,0.00022,of_28229_3,wdewulf,r,08/20/2026,11:46:04,eddie@node1h09.ecdf.ed.ac.uk,1,974
57761295,0.00022,of_28229_3,wdewulf,r,08/20/2026,11:46:04,eddie@node1s19.ecdf.ed.ac.uk,1,975
57761295,0.00022,of_28229_3,wdewulf,r,08/20/2026,11:46:04,eddie@node1r05.ecdf.ed.ac.uk,1,976
57761295,0.00022,of_28229_3,wdewulf,r,08/20/2026,11:46:04,eddie@node1h23.ecdf.ed.ac.uk,1,980
57761295,0.00022,of_28229_3,wdewulf,r,08/20/2026,11:46:04,eddie@node1o10.ecdf.ed.ac.uk,1,982
57761295,0.00022,of_28229_3,wdewulf,r,08/20/2026,11:46:04,eddie@node1m14.ecdf.ed.ac.uk,1,983
57761295,0.00022,of_28229_3,wdewulf,r,08/20/2026,11:46:04,eddie@node1h24.ecdf.ed.ac.uk,1,984
57761295,0.00022,of_28229_3,wdewulf,r,08/20/2026,11:46:04,eddie@node1h10.ecdf.ed.ac.uk,1,985
57761295,0.00022,of_28229_3,wdewulf,r,08/20/2026,11:46:04,eddie@node1o14.ecdf.ed.ac.uk,1,991
57761295,0.00022,of_28229_3,wdewulf,r,08/20/2026,11:46:04,eddie@node1o08.ecdf.ed.ac.uk,1,992
57767491,0.00022,trim_galor,s2742483,r,08/20/2026,14:17:38,eddie@node1r15.ecdf.ed.ac.uk,4,53
57767491,0.00022,trim_galor,s2742483,r,08/20/2026,14:17:38,eddie@node1o05.ecdf.ed.ac.uk,4,54
57767491,0.00022,trim_galor,s2742483,r,08/20/2026,14:17:38,eddie@node1m11.ecdf.ed.ac.uk,4,55
57728307,0.00021,runlisfloo,asiripat,r,08/19/2026,15:47:54,eddie@node1m19.ecdf.ed.ac.uk,1,8163
57728307,0.00021,runlisfloo,asiripat,r,08/19/2026,15:46:16,eddie@node1m22.ecdf.ed.ac.uk,1,8162
57767491,0.00021,trim_galor,s2742483,r,08/20/2026,14:17:53,eddie@node1l22.ecdf.ed.ac.uk,4,56
57767491,0.00021,trim_galor,s2742483,r,08/20/2026,14:17:53,eddie@node1l22.ecdf.ed.ac.uk,4,57
57767491,0.00021,trim_galor,s2742483,r,08/20/2026,14:17:53,eddie@node1r15.ecdf.ed.ac.uk,4,58
57767491,0.00021,trim_galor,s2742483,r,08/20/2026,14:17:53,eddie@node1r12.ecdf.ed.ac.uk,4,59
57767491,0.00021,trim_galor,s2742483,r,08/20/2026,14:17:53,eddie@node1s17.ecdf.ed.ac.uk,4,60
57763820,0.00021,DuckJoint,v1nayele,r,08/20/2026,13:44:05,eddie@node1o12.ecdf.ed.ac.uk,1,10
57728307,0.00021,runlisfloo,asiripat,r,08/19/2026,15:43:27,eddie@node1m24.ecdf.ed.ac.uk,1,8161
57763820,0.00020,DuckJoint,v1nayele,r,08/20/2026,13:44:05,eddie@node1h15.ecdf.ed.ac.uk,1,11
57763820,0.00020,DuckJoint,v1nayele,r,08/20/2026,13:44:05,eddie@node1s18.ecdf.ed.ac.uk,1,12
57728307,0.00019,runlisfloo,asiripat,r,08/19/2026,15:16:35,eddie@node1m24.ecdf.ed.ac.uk,1,8160
57728307,0.00019,runlisfloo,asiripat,r,08/19/2026,15:14:06,eddie@node1k12.ecdf.ed.ac.uk,1,8159
57763820,0.00019,DuckJoint,v1nayele,r,08/20/2026,13:44:05,eddie@node1h06.ecdf.ed.ac.uk,1,13
57768526,0.00019,DL_BATCH,cmetheri,r,08/20/2026,14:26:47,eddie@node1q03.ecdf.ed.ac.uk,1,41
57763820,0.00018,DuckJoint,v1nayele,r,08/20/2026,13:44:05,eddie@node1s19.ecdf.ed.ac.uk,1,14
57763820,0.00018,DuckJoint,v1nayele,r,08/20/2026,13:44:05,eddie@node1h24.ecdf.ed.ac.uk,1,15
57728307,0.00018,runlisfloo,asiripat,r,08/19/2026,14:48:06,eddie@node1k17.ecdf.ed.ac.uk,1,8158
57728307,0.00017,runlisfloo,asiripat,r,08/19/2026,14:44:20,eddie@node1m24.ecdf.ed.ac.uk,1,8157
57763820,0.00017,DuckJoint,v1nayele,r,08/20/2026,13:44:05,eddie@node1m16.ecdf.ed.ac.uk,1,16
57728307,0.00017,runlisfloo,asiripat,r,08/19/2026,14:40:42,eddie@node1m24.ecdf.ed.ac.uk,1,8156
57728307,0.00017,runlisfloo,asiripat,r,08/19/2026,14:36:42,eddie@node1k15.ecdf.ed.ac.uk,1,8155
57735690,0.00017,PGCs_pairs,s2559269,r,08/19/2026,15:00:25,igmm_long@node1a02.ecdf.ed.ac.,3,16
57728307,0.00016,runlisfloo,asiripat,r,08/19/2026,14:18:16,eddie@node1n12.ecdf.ed.ac.uk,1,8154
57728307,0.00016,runlisfloo,asiripat,r,08/19/2026,14:13:05,eddie@node1k15.ecdf.ed.ac.uk,1,8153
57728307,0.00015,runlisfloo,asiripat,r,08/19/2026,14:07:35,eddie@node1k13.ecdf.ed.ac.uk,1,8152
57735693,0.00015,Spermatozo,s2559269,r,08/19/2026,15:01:27,igmm_long@node1a02.ecdf.ed.ac.,3,9
57728307,0.00015,runlisfloo,asiripat,r,08/19/2026,13:58:49,eddie@node1m24.ecdf.ed.ac.uk,1,8151
57728307,0.00014,runlisfloo,asiripat,r,08/19/2026,13:43:58,eddie@node1n09.ecdf.ed.ac.uk,1,8150
57728307,0.00013,runlisfloo,asiripat,r,08/19/2026,13:40:28,eddie@node1k10.ecdf.ed.ac.uk,1,8149
57728307,0.00013,runlisfloo,asiripat,r,08/19/2026,13:37:27,eddie@node1n03.ecdf.ed.ac.uk,1,8148
57728307,0.00012,runlisfloo,asiripat,r,08/19/2026,13:20:03,eddie@node1m24.ecdf.ed.ac.uk,1,8147
57761298,0.00012,of_26648_1,wdewulf,r,08/20/2026,14:45:23,eddie@node1r06.ecdf.ed.ac.uk,1,430
57761298,0.00012,of_26648_1,wdewulf,r,08/20/2026,14:45:23,eddie@node1r06.ecdf.ed.ac.uk,1,431
57761298,0.00012,of_26648_1,wdewulf,r,08/20/2026,14:45:23,eddie@node1m14.ecdf.ed.ac.uk,1,432
57761298,0.00012,of_26648_1,wdewulf,r,08/20/2026,14:44:45,eddie@node1l25.ecdf.ed.ac.uk,1,418
57761298,0.00012,of_26648_1,wdewulf,r,08/20/2026,14:44:45,eddie@node1s20.ecdf.ed.ac.uk,1,419
57761298,0.00012,of_26648_1,wdewulf,r,08/20/2026,14:44:45,eddie@node1o09.ecdf.ed.ac.uk,1,420
57761298,0.00012,of_26648_1,wdewulf,r,08/20/2026,14:42:46,eddie@node1o05.ecdf.ed.ac.uk,1,395
57761298,0.00012,of_26648_1,wdewulf,r,08/20/2026,14:42:46,eddie@node1o05.ecdf.ed.ac.uk,1,396
57761298,0.00012,of_26648_1,wdewulf,r,08/20/2026,14:42:46,eddie@node1r15.ecdf.ed.ac.uk,1,397
57761298,0.00012,of_26648_1,wdewulf,r,08/20/2026,14:45:18,eddie@node1h21.ecdf.ed.ac.uk,1,428
57761298,0.00012,of_26648_1,wdewulf,r,08/20/2026,14:45:18,eddie@node1h21.ecdf.ed.ac.uk,1,429
57761298,0.00012,of_26648_1,wdewulf,r,08/20/2026,14:45:02,eddie@node1l21.ecdf.ed.ac.uk,1,424
57761298,0.00012,of_26648_1,wdewulf,r,08/20/2026,14:45:02,eddie@node1s20.ecdf.ed.ac.uk,1,425
57761298,0.00012,of_26648_1,wdewulf,r,08/20/2026,14:44:57,eddie@node1h15.ecdf.ed.ac.uk,1,422
57761298,0.00012,of_26648_1,wdewulf,r,08/20/2026,14:44:57,eddie@node1r06.ecdf.ed.ac.uk,1,423
57761298,0.00012,of_26648_1,wdewulf,r,08/20/2026,14:44:03,eddie@node1l21.ecdf.ed.ac.uk,1,411
57761298,0.00012,of_26648_1,wdewulf,r,08/20/2026,14:44:03,eddie@node1l24.ecdf.ed.ac.uk,1,412
57761298,0.00012,of_26648_1,wdewulf,r,08/20/2026,14:43:57,eddie@node1r16.ecdf.ed.ac.uk,1,409
57761298,0.00012,of_26648_1,wdewulf,r,08/20/2026,14:43:57,eddie@node1r16.ecdf.ed.ac.uk,1,410
57761298,0.00012,of_26648_1,wdewulf,r,08/20/2026,14:44:35,eddie@node1l24.ecdf.ed.ac.uk,1,416
57761298,0.00012,of_26648_1,wdewulf,r,08/20/2026,14:44:35,eddie@node1h07.ecdf.ed.ac.uk,1,417
57761298,0.00012,of_26648_1,wdewulf,r,08/20/2026,14:42:57,eddie@node1r14.ecdf.ed.ac.uk,1,398
57761298,0.00012,of_26648_1,wdewulf,r,08/20/2026,14:42:57,eddie@node1r15.ecdf.ed.ac.uk,1,399
57761298,0.00012,of_26648_1,wdewulf,r,08/20/2026,14:42:04,eddie@node1l23.ecdf.ed.ac.uk,1,389
57761298,0.00012,of_26648_1,wdewulf,r,08/20/2026,14:42:04,eddie@node1l27.ecdf.ed.ac.uk,1,390
57761298,0.00012,of_26648_1,wdewulf,r,08/20/2026,14:43:26,eddie@node1l22.ecdf.ed.ac.uk,1,403
57761298,0.00012,of_26648_1,wdewulf,r,08/20/2026,14:43:26,eddie@node1l22.ecdf.ed.ac.uk,1,404
57761298,0.00012,of_26648_1,wdewulf,r,08/20/2026,14:43:41,eddie@node1l23.ecdf.ed.ac.uk,1,406
57761298,0.00012,of_26648_1,wdewulf,r,08/20/2026,14:43:41,eddie@node1o03.ecdf.ed.ac.uk,1,407
57761298,0.00012,of_26648_1,wdewulf,r,08/20/2026,14:45:37,eddie@node1h21.ecdf.ed.ac.uk,1,433
57761298,0.00012,of_26648_1,wdewulf,r,08/20/2026,14:44:53,eddie@node1s20.ecdf.ed.ac.uk,1,421
57761298,0.00012,of_26648_1,wdewulf,r,08/20/2026,14:45:11,eddie@node1h15.ecdf.ed.ac.uk,1,426
57761298,0.00012,of_26648_1,wdewulf,r,08/20/2026,14:45:16,eddie@node1o05.ecdf.ed.ac.uk,1,427
57761298,0.00012,of_26648_1,wdewulf,r,08/20/2026,14:45:41,eddie@node1r16.ecdf.ed.ac.uk,1,434
57761298,0.00012,of_26648_1,wdewulf,r,08/20/2026,14:43:30,eddie@node1l25.ecdf.ed.ac.uk,1,405
57761298,0.00012,of_26648_1,wdewulf,r,08/20/2026,14:44:23,eddie@node1h05.ecdf.ed.ac.uk,1,414
57761298,0.00012,of_26648_1,wdewulf,r,08/20/2026,14:41:43,eddie@node1l21.ecdf.ed.ac.uk,1,387
57761298,0.00012,of_26648_1,wdewulf,r,08/20/2026,14:42:10,eddie@node1r14.ecdf.ed.ac.uk,1,391
57761298,0.00012,of_26648_1,wdewulf,r,08/20/2026,14:41:27,eddie@node1l25.ecdf.ed.ac.uk,1,384
57761298,0.00012,of_26648_1,wdewulf,r,08/20/2026,14:41:35,eddie@node1l21.ecdf.ed.ac.uk,1,385
57761298,0.00012,of_26648_1,wdewulf,r,08/20/2026,14:41:38,eddie@node1l24.ecdf.ed.ac.uk,1,386
57761298,0.00012,of_26648_1,wdewulf,r,08/20/2026,14:42:37,eddie@node1l28.ecdf.ed.ac.uk,1,394
57761298,0.00012,of_26648_1,wdewulf,r,08/20/2026,14:44:26,eddie@node1l24.ecdf.ed.ac.uk,1,415
57761298,0.00012,of_26648_1,wdewulf,r,08/20/2026,14:41:53,eddie@node1o05.ecdf.ed.ac.uk,1,388
57761298,0.00012,of_26648_1,wdewulf,r,08/20/2026,14:43:00,eddie@node1r16.ecdf.ed.ac.uk,1,400
57761298,0.00012,of_26648_1,wdewulf,r,08/20/2026,14:43:45,eddie@node1l26.ecdf.ed.ac.uk,1,408
57761298,0.00012,of_26648_1,wdewulf,r,08/20/2026,14:44:07,eddie@node1l22.ecdf.ed.ac.uk,1,413
57761298,0.00012,of_26648_1,wdewulf,r,08/20/2026,14:42:15,eddie@node1l25.ecdf.ed.ac.uk,1,392
57761298,0.00012,of_26648_1,wdewulf,r,08/20/2026,14:40:53,eddie@node1l26.ecdf.ed.ac.uk,1,382
57761298,0.00012,of_26648_1,wdewulf,r,08/20/2026,14:43:07,eddie@node1o03.ecdf.ed.ac.uk,1,401
57761298,0.00012,of_26648_1,wdewulf,r,08/20/2026,14:41:13,eddie@node1o06.ecdf.ed.ac.uk,1,383
57761298,0.00012,of_26648_1,wdewulf,r,08/20/2026,14:42:27,eddie@node1l23.ecdf.ed.ac.uk,1,393
57761298,0.00012,of_26648_1,wdewulf,r,08/20/2026,14:43:19,eddie@node1r15.ecdf.ed.ac.uk,1,402
57761298,0.00012,of_26648_1,wdewulf,r,08/20/2026,14:46:06,eddie@node1h08.ecdf.ed.ac.uk,1,439
57761298,0.00012,of_26648_1,wdewulf,r,08/20/2026,14:46:06,eddie@node1s13.ecdf.ed.ac.uk,1,440
57761298,0.00012,of_26648_1,wdewulf,r,08/20/2026,14:46:01,eddie@node1s20.ecdf.ed.ac.uk,1,437
57761298,0.00012,of_26648_1,wdewulf,r,08/20/2026,14:46:01,eddie@node1s13.ecdf.ed.ac.uk,1,438
57761298,0.00012,of_26648_1,wdewulf,r,08/20/2026,14:46:17,eddie@node1o09.ecdf.ed.ac.uk,1,442
57761298,0.00012,of_26648_1,wdewulf,r,08/20/2026,14:46:17,eddie@node1s18.ecdf.ed.ac.uk,1,443
57761298,0.00012,of_26648_1,wdewulf,r,08/20/2026,14:45:57,eddie@node1o06.ecdf.ed.ac.uk,1,435
57761298,0.00012,of_26648_1,wdewulf,r,08/20/2026,14:45:57,eddie@node1r15.ecdf.ed.ac.uk,1,436
57761298,0.00012,of_26648_1,wdewulf,r,08/20/2026,14:46:10,eddie@node1o03.ecdf.ed.ac.uk,1,441
57761298,0.00012,of_26648_1,wdewulf,r,08/20/2026,14:46:20,eddie@node1h21.ecdf.ed.ac.uk,1,444
57761298,0.00012,of_26648_1,wdewulf,r,08/20/2026,14:38:54,eddie@node1r08.ecdf.ed.ac.uk,1,359
57761298,0.00012,of_26648_1,wdewulf,r,08/20/2026,14:38:46,eddie@node1h23.ecdf.ed.ac.uk,1,357
57761298,0.00012,of_26648_1,wdewulf,r,08/20/2026,14:38:46,eddie@node1h21.ecdf.ed.ac.uk,1,358
57761298,0.00012,of_26648_1,wdewulf,r,08/20/2026,14:38:36,eddie@node1l26.ecdf.ed.ac.uk,1,356
57761298,0.00012,of_26648_1,wdewulf,r,08/20/2026,14:38:07,eddie@node1r17.ecdf.ed.ac.uk,1,350
57761298,0.00012,of_26648_1,wdewulf,r,08/20/2026,14:38:07,eddie@node1h21.ecdf.ed.ac.uk,1,351
57761298,0.00012,of_26648_1,wdewulf,r,08/20/2026,14:38:07,eddie@node1r08.ecdf.ed.ac.uk,1,352
57761298,0.00012,of_26648_1,wdewulf,r,08/20/2026,14:38:07,eddie@node1s19.ecdf.ed.ac.uk,1,353
57761298,0.00012,of_26648_1,wdewulf,r,08/20/2026,14:38:07,eddie@node1h08.ecdf.ed.ac.uk,1,354
57761298,0.00012,of_26648_1,wdewulf,r,08/20/2026,14:38:10,eddie@node1j27.ecdf.ed.ac.uk,1,355
57761298,0.00012,of_26648_1,wdewulf,r,08/20/2026,14:38:02,eddie@node1i13.ecdf.ed.ac.uk,1,349
57761298,0.00012,of_26648_1,wdewulf,r,08/20/2026,14:37:52,eddie@node1s13.ecdf.ed.ac.uk,1,348
57761298,0.00012,of_26648_1,wdewulf,r,08/20/2026,14:40:19,eddie@node1r14.ecdf.ed.ac.uk,1,377
57761298,0.00012,of_26648_1,wdewulf,r,08/20/2026,14:40:19,eddie@node1l25.ecdf.ed.ac.uk,1,378
57761298,0.00012,of_26648_1,wdewulf,r,08/20/2026,14:40:19,eddie@node1l24.ecdf.ed.ac.uk,1,379
57761298,0.00012,of_26648_1,wdewulf,r,08/20/2026,14:40:19,eddie@node1o05.ecdf.ed.ac.uk,1,380
57761298,0.00012,of_26648_1,wdewulf,r,08/20/2026,14:39:43,eddie@node1h09.ecdf.ed.ac.uk,1,368
57761298,0.00012,of_26648_1,wdewulf,r,08/20/2026,14:39:43,eddie@node1h09.ecdf.ed.ac.uk,1,369
57761298,0.00012,of_26648_1,wdewulf,r,08/20/2026,14:39:43,eddie@node1h11.ecdf.ed.ac.uk,1,370
57761298,0.00012,of_26648_1,wdewulf,r,08/20/2026,14:39:43,eddie@node1r19.ecdf.ed.ac.uk,1,371
57761298,0.00012,of_26648_1,wdewulf,r,08/20/2026,14:39:48,eddie@node1l26.ecdf.ed.ac.uk,1,372
57761298,0.00012,of_26648_1,wdewulf,r,08/20/2026,14:39:31,eddie@node1r16.ecdf.ed.ac.uk,1,364
57761298,0.00012,of_26648_1,wdewulf,r,08/20/2026,14:39:13,eddie@node1l24.ecdf.ed.ac.uk,1,360
57761298,0.00012,of_26648_1,wdewulf,r,08/20/2026,14:39:51,eddie@node1h21.ecdf.ed.ac.uk,1,373
57761298,0.00012,of_26648_1,wdewulf,r,08/20/2026,14:39:18,eddie@node1j28.ecdf.ed.ac.uk,1,361
57761298,0.00012,of_26648_1,wdewulf,r,08/20/2026,14:39:25,eddie@node1l28.ecdf.ed.ac.uk,1,362
57761298,0.00012,of_26648_1,wdewulf,r,08/20/2026,14:39:37,eddie@node1l22.ecdf.ed.ac.uk,1,366
57761298,0.00012,of_26648_1,wdewulf,r,08/20/2026,14:40:35,eddie@node1l28.ecdf.ed.ac.uk,1,381
57761298,0.00012,of_26648_1,wdewulf,r,08/20/2026,14:39:38,eddie@node1o09.ecdf.ed.ac.uk,1,367
57761298,0.00012,of_26648_1,wdewulf,r,08/20/2026,14:40:09,eddie@node1o06.ecdf.ed.ac.uk,1,375
57761298,0.00012,of_26648_1,wdewulf,r,08/20/2026,14:39:28,eddie@node1l24.ecdf.ed.ac.uk,1,363
57761298,0.00012,of_26648_1,wdewulf,r,08/20/2026,14:40:14,eddie@node1o06.ecdf.ed.ac.uk,1,376
57761298,0.00012,of_26648_1,wdewulf,r,08/20/2026,14:39:58,eddie@node1o04.ecdf.ed.ac.uk,1,374
57761298,0.00012,of_26648_1,wdewulf,r,08/20/2026,14:39:36,eddie@node1r14.ecdf.ed.ac.uk,1,365
57761298,0.00012,of_26648_1,wdewulf,r,08/20/2026,14:37:39,eddie@node1l22.ecdf.ed.ac.uk,1,341
57761298,0.00012,of_26648_1,wdewulf,r,08/20/2026,14:37:39,eddie@node1r15.ecdf.ed.ac.uk,1,342
57761298,0.00012,of_26648_1,wdewulf,r,08/20/2026,14:37:39,eddie@node1o09.ecdf.ed.ac.uk,1,343
57728307,0.00012,runlisfloo,asiripat,r,08/19/2026,13:13:59,eddie@node1k11.ecdf.ed.ac.uk,1,8146
57761298,0.00012,of_26648_1,wdewulf,r,08/20/2026,14:37:42,eddie@node1h09.ecdf.ed.ac.uk,1,344
57761298,0.00012,of_26648_1,wdewulf,r,08/20/2026,14:37:42,eddie@node1s13.ecdf.ed.ac.uk,1,345
57761298,0.00012,of_26648_1,wdewulf,r,08/20/2026,14:37:49,eddie@node1h21.ecdf.ed.ac.uk,1,347
57761298,0.00012,of_26648_1,wdewulf,r,08/20/2026,14:37:34,eddie@node1o05.ecdf.ed.ac.uk,1,340
57761298,0.00012,of_26648_1,wdewulf,r,08/20/2026,14:37:18,eddie@node1m14.ecdf.ed.ac.uk,1,339
57761298,0.00012,of_26648_1,wdewulf,r,08/20/2026,14:37:46,eddie@node1r06.ecdf.ed.ac.uk,1,346
57761298,0.00012,of_26648_1,wdewulf,r,08/20/2026,14:37:08,eddie@node1r16.ecdf.ed.ac.uk,1,338
57761298,0.00012,of_26648_1,wdewulf,r,08/20/2026,14:36:01,eddie@node1s16.ecdf.ed.ac.uk,1,331
57761298,0.00012,of_26648_1,wdewulf,r,08/20/2026,14:36:01,eddie@node1o07.ecdf.ed.ac.uk,1,332
57761298,0.00012,of_26648_1,wdewulf,r,08/20/2026,14:36:09,eddie@node1s14.ecdf.ed.ac.uk,1,333
57761298,0.00012,of_26648_1,wdewulf,r,08/20/2026,14:36:09,eddie@node1r18.ecdf.ed.ac.uk,1,334
57761298,0.00012,of_26648_1,wdewulf,r,08/20/2026,14:36:14,eddie@node1o05.ecdf.ed.ac.uk,1,335
57761298,0.00012,of_26648_1,wdewulf,r,08/20/2026,14:36:21,eddie@node1h21.ecdf.ed.ac.uk,1,336
57761298,0.00012,of_26648_1,wdewulf,r,08/20/2026,14:36:55,eddie@node1r15.ecdf.ed.ac.uk,1,337
57761298,0.00012,of_26648_1,wdewulf,r,08/20/2026,14:35:45,eddie@node1s16.ecdf.ed.ac.uk,1,330
57761298,0.00012,of_26648_1,wdewulf,r,08/20/2026,14:35:31,eddie@node1j28.ecdf.ed.ac.uk,1,328
57761298,0.00012,of_26648_1,wdewulf,r,08/20/2026,14:35:31,eddie@node1h10.ecdf.ed.ac.uk,1,329
57761298,0.00012,of_26648_1,wdewulf,r,08/20/2026,14:35:27,eddie@node1r19.ecdf.ed.ac.uk,1,327
57761298,0.00012,of_26648_1,wdewulf,r,08/20/2026,14:35:04,eddie@node1m16.ecdf.ed.ac.uk,1,323
57761298,0.00012,of_26648_1,wdewulf,r,08/20/2026,14:35:04,eddie@node1o11.ecdf.ed.ac.uk,1,324
57761298,0.00012,of_26648_1,wdewulf,r,08/20/2026,14:35:04,eddie@node1s17.ecdf.ed.ac.uk,1,325
57761298,0.00012,of_26648_1,wdewulf,r,08/20/2026,14:35:04,eddie@node1r20.ecdf.ed.ac.uk,1,326
57761298,0.00012,of_26648_1,wdewulf,r,08/20/2026,14:35:00,eddie@node1s18.ecdf.ed.ac.uk,1,322
57761298,0.00012,of_26648_1,wdewulf,r,08/20/2026,14:34:46,eddie@node1h16.ecdf.ed.ac.uk,1,321
57728307,0.00012,runlisfloo,asiripat,r,08/19/2026,13:09:59,eddie@node1n03.ecdf.ed.ac.uk,1,8145
57761298,0.00012,of_26648_1,wdewulf,r,08/20/2026,14:34:06,eddie@node1o13.ecdf.ed.ac.uk,1,320
57761298,0.00012,of_26648_1,wdewulf,r,08/20/2026,14:33:45,eddie@node1h24.ecdf.ed.ac.uk,1,319
57761298,0.00012,of_26648_1,wdewulf,r,08/20/2026,14:33:37,eddie@node1h04.ecdf.ed.ac.uk,1,318
57761298,0.00012,of_26648_1,wdewulf,r,08/20/2026,14:33:21,eddie@node1h13.ecdf.ed.ac.uk,1,317
57761298,0.00012,of_26648_1,wdewulf,r,08/20/2026,14:33:18,eddie@node1s13.ecdf.ed.ac.uk,1,315
57761298,0.00012,of_26648_1,wdewulf,r,08/20/2026,14:33:18,eddie@node1s13.ecdf.ed.ac.uk,1,316
57761298,0.00012,of_26648_1,wdewulf,r,08/20/2026,14:33:12,eddie@node1h16.ecdf.ed.ac.uk,1,313
57761298,0.00012,of_26648_1,wdewulf,r,08/20/2026,14:33:14,eddie@node1m16.ecdf.ed.ac.uk,1,314
57761298,0.00012,of_26648_1,wdewulf,r,08/20/2026,14:33:04,eddie@node1s14.ecdf.ed.ac.uk,1,311
57761298,0.00012,of_26648_1,wdewulf,r,08/20/2026,14:33:04,eddie@node1o13.ecdf.ed.ac.uk,1,312
57761298,0.00012,of_26648_1,wdewulf,r,08/20/2026,14:32:51,eddie@node1j28.ecdf.ed.ac.uk,1,308
57761298,0.00012,of_26648_1,wdewulf,r,08/20/2026,14:32:51,eddie@node1r06.ecdf.ed.ac.uk,1,309
57761298,0.00012,of_26648_1,wdewulf,r,08/20/2026,14:32:51,eddie@node1m16.ecdf.ed.ac.uk,1,310
57761298,0.00012,of_26648_1,wdewulf,r,08/20/2026,14:32:45,eddie@node1h10.ecdf.ed.ac.uk,1,306
57761298,0.00012,of_26648_1,wdewulf,r,08/20/2026,14:32:48,eddie@node1h08.ecdf.ed.ac.uk,1,307
57761298,0.00012,of_26648_1,wdewulf,r,08/20/2026,14:32:37,eddie@node1h13.ecdf.ed.ac.uk,1,305
57761298,0.00011,of_26648_1,wdewulf,r,08/20/2026,14:31:56,eddie@node1s18.ecdf.ed.ac.uk,1,304
57761298,0.00011,of_26648_1,wdewulf,r,08/20/2026,14:31:53,eddie@node1m16.ecdf.ed.ac.uk,1,302
57761298,0.00011,of_26648_1,wdewulf,r,08/20/2026,14:31:53,eddie@node1j25.ecdf.ed.ac.uk,1,303
57761298,0.00011,of_26648_1,wdewulf,r,08/20/2026,14:31:46,eddie@node1o12.ecdf.ed.ac.uk,1,301
57761298,0.00011,of_26648_1,wdewulf,r,08/20/2026,14:31:35,eddie@node1r06.ecdf.ed.ac.uk,1,300
57761298,0.00011,of_26648_1,wdewulf,r,08/20/2026,14:31:31,eddie@node1h11.ecdf.ed.ac.uk,1,299
57761298,0.00011,of_26648_1,wdewulf,r,08/20/2026,14:31:26,eddie@node1r12.ecdf.ed.ac.uk,1,298
57761298,0.00011,of_26648_1,wdewulf,r,08/20/2026,14:31:08,eddie@node1r07.ecdf.ed.ac.uk,1,297
57761298,0.00011,of_26648_1,wdewulf,r,08/20/2026,14:31:00,eddie@node1h09.ecdf.ed.ac.uk,1,296
57761298,0.00011,of_26648_1,wdewulf,r,08/20/2026,14:30:52,eddie@node1o07.ecdf.ed.ac.uk,1,295
57761298,0.00011,of_26648_1,wdewulf,r,08/20/2026,14:30:48,eddie@node1r12.ecdf.ed.ac.uk,1,293
57761298,0.00011,of_26648_1,wdewulf,r,08/20/2026,14:30:48,eddie@node1h10.ecdf.ed.ac.uk,1,294
57761298,0.00011,of_26648_1,wdewulf,r,08/20/2026,14:30:38,eddie@node1h08.ecdf.ed.ac.uk,1,292
57761298,0.00011,of_26648_1,wdewulf,r,08/20/2026,14:30:33,eddie@node1h04.ecdf.ed.ac.uk,1,291
57761298,0.00011,of_26648_1,wdewulf,r,08/20/2026,14:30:21,eddie@node1j28.ecdf.ed.ac.uk,1,289
57761298,0.00011,of_26648_1,wdewulf,r,08/20/2026,14:30:21,eddie@node1o13.ecdf.ed.ac.uk,1,290
57761298,0.00011,of_26648_1,wdewulf,r,08/20/2026,14:30:05,eddie@node1r17.ecdf.ed.ac.uk,1,286
57761298,0.00011,of_26648_1,wdewulf,r,08/20/2026,14:30:05,eddie@node1m16.ecdf.ed.ac.uk,1,287
57761298,0.00011,of_26648_1,wdewulf,r,08/20/2026,14:30:05,eddie@node1o14.ecdf.ed.ac.uk,1,288
57761298,0.00011,of_26648_1,wdewulf,r,08/20/2026,14:29:55,eddie@node1o08.ecdf.ed.ac.uk,1,285
57761298,0.00011,of_26648_1,wdewulf,r,08/20/2026,14:29:50,eddie@node1h04.ecdf.ed.ac.uk,1,284
57761298,0.00011,of_26648_1,wdewulf,r,08/20/2026,14:29:42,eddie@node1h16.ecdf.ed.ac.uk,1,283
57761298,0.00011,of_26648_1,wdewulf,r,08/20/2026,14:29:37,eddie@node1r12.ecdf.ed.ac.uk,1,282
57761298,0.00011,of_26648_1,wdewulf,r,08/20/2026,14:29:32,eddie@node1o14.ecdf.ed.ac.uk,1,281
57761298,0.00011,of_26648_1,wdewulf,r,08/20/2026,14:29:27,eddie@node1h13.ecdf.ed.ac.uk,1,280
57761298,0.00011,of_26648_1,wdewulf,r,08/20/2026,14:29:20,eddie@node1s13.ecdf.ed.ac.uk,1,279
57761298,0.00011,of_26648_1,wdewulf,r,08/20/2026,14:29:16,eddie@node1s14.ecdf.ed.ac.uk,1,278
57761298,0.00011,of_26648_1,wdewulf,r,08/20/2026,14:29:11,eddie@node1r18.ecdf.ed.ac.uk,1,277
57761298,0.00011,of_26648_1,wdewulf,r,08/20/2026,14:29:02,eddie@node1s17.ecdf.ed.ac.uk,1,276
57761298,0.00011,of_26648_1,wdewulf,r,08/20/2026,14:28:59,eddie@node1h04.ecdf.ed.ac.uk,1,275
57761298,0.00011,of_26648_1,wdewulf,r,08/20/2026,14:28:56,eddie@node1j28.ecdf.ed.ac.uk,1,273
57761298,0.00011,of_26648_1,wdewulf,r,08/20/2026,14:28:56,eddie@node1o12.ecdf.ed.ac.uk,1,274
57761298,0.00011,of_26648_1,wdewulf,r,08/20/2026,14:28:50,eddie@node1h13.ecdf.ed.ac.uk,1,272
57761298,0.00011,of_26648_1,wdewulf,r,08/20/2026,14:28:33,eddie@node1j27.ecdf.ed.ac.uk,1,271
57761298,0.00011,of_26648_1,wdewulf,r,08/20/2026,14:28:25,eddie@node1l21.ecdf.ed.ac.uk,1,270
57761298,0.00011,of_26648_1,wdewulf,r,08/20/2026,14:28:14,eddie@node1s16.ecdf.ed.ac.uk,1,269
57761298,0.00011,of_26648_1,wdewulf,r,08/20/2026,14:28:08,eddie@node1h13.ecdf.ed.ac.uk,1,268
57761298,0.00011,of_26648_1,wdewulf,r,08/20/2026,14:28:05,eddie@node1f11.ecdf.ed.ac.uk,1,267
57761298,0.00011,of_26648_1,wdewulf,r,08/20/2026,14:28:02,eddie@node1o11.ecdf.ed.ac.uk,1,266
57761298,0.00011,of_26648_1,wdewulf,r,08/20/2026,14:27:46,eddie@node1s14.ecdf.ed.ac.uk,1,265
57761298,0.00011,of_26648_1,wdewulf,r,08/20/2026,14:27:42,eddie@node1j25.ecdf.ed.ac.uk,1,264
57761298,0.00011,of_26648_1,wdewulf,r,08/20/2026,14:27:28,eddie@node1j28.ecdf.ed.ac.uk,1,263
57761298,0.00011,of_26648_1,wdewulf,r,08/20/2026,14:27:16,eddie@node1h04.ecdf.ed.ac.uk,1,262
57761298,0.00011,of_26648_1,wdewulf,r,08/20/2026,14:27:08,eddie@node1f07.ecdf.ed.ac.uk,1,261
57761298,0.00011,of_26648_1,wdewulf,r,08/20/2026,14:26:57,eddie@node1o13.ecdf.ed.ac.uk,1,260
57761298,0.00011,of_26648_1,wdewulf,r,08/20/2026,14:26:53,eddie@node1o10.ecdf.ed.ac.uk,1,258
57761298,0.00011,of_26648_1,wdewulf,r,08/20/2026,14:26:53,eddie@node1h04.ecdf.ed.ac.uk,1,259
57761298,0.00011,of_26648_1,wdewulf,r,08/20/2026,14:26:43,eddie@node1m16.ecdf.ed.ac.uk,1,257
57761298,0.00011,of_26648_1,wdewulf,r,08/20/2026,14:26:29,eddie@node1l28.ecdf.ed.ac.uk,1,256
57761298,0.00011,of_26648_1,wdewulf,r,08/20/2026,14:26:22,eddie@node1r09.ecdf.ed.ac.uk,1,255
57761298,0.00011,of_26648_1,wdewulf,r,08/20/2026,14:26:17,eddie@node1h04.ecdf.ed.ac.uk,1,254
57761298,0.00011,of_26648_1,wdewulf,r,08/20/2026,14:26:07,eddie@node1s14.ecdf.ed.ac.uk,1,253
57761298,0.00011,of_26648_1,wdewulf,r,08/20/2026,14:25:39,eddie@node1h04.ecdf.ed.ac.uk,1,252
57761298,0.00011,of_26648_1,wdewulf,r,08/20/2026,14:25:36,eddie@node1o12.ecdf.ed.ac.uk,1,251
57761298,0.00011,of_26648_1,wdewulf,r,08/20/2026,14:25:33,eddie@node1o11.ecdf.ed.ac.uk,1,250
57761298,0.00011,of_26648_1,wdewulf,r,08/20/2026,14:25:28,eddie@node1h09.ecdf.ed.ac.uk,1,248
57761298,0.00011,of_26648_1,wdewulf,r,08/20/2026,14:25:28,eddie@node1h24.ecdf.ed.ac.uk,1,249
57761298,0.00011,of_26648_1,wdewulf,r,08/20/2026,14:25:08,eddie@node1r05.ecdf.ed.ac.uk,1,247
57761298,0.00011,of_26648_1,wdewulf,r,08/20/2026,14:25:00,eddie@node1h08.ecdf.ed.ac.uk,1,245
57761298,0.00011,of_26648_1,wdewulf,r,08/20/2026,14:25:00,eddie@node1h04.ecdf.ed.ac.uk,1,246
57761298,0.00011,of_26648_1,wdewulf,r,08/20/2026,14:24:54,eddie@node1h21.ecdf.ed.ac.uk,1,244
57761298,0.00011,of_26648_1,wdewulf,r,08/20/2026,14:24:47,eddie@node1h03.ecdf.ed.ac.uk,1,243
57761298,0.00011,of_26648_1,wdewulf,r,08/20/2026,14:24:46,eddie@node1r16.ecdf.ed.ac.uk,1,242
57761298,0.00011,of_26648_1,wdewulf,r,08/20/2026,14:24:41,eddie@node1j28.ecdf.ed.ac.uk,1,239
57761298,0.00011,of_26648_1,wdewulf,r,08/20/2026,14:24:41,eddie@node1o10.ecdf.ed.ac.uk,1,240
57761298,0.00011,of_26648_1,wdewulf,r,08/20/2026,14:24:41,eddie@node1h16.ecdf.ed.ac.uk,1,241
57761298,0.00011,of_26648_1,wdewulf,r,08/20/2026,14:24:25,eddie@node1j28.ecdf.ed.ac.uk,1,238
57761298,0.00011,of_26648_1,wdewulf,r,08/20/2026,14:24:12,eddie@node1s14.ecdf.ed.ac.uk,1,237
57761298,0.00011,of_26648_1,wdewulf,r,08/20/2026,14:24:03,eddie@node1h16.ecdf.ed.ac.uk,1,236
57761298,0.00011,of_26648_1,wdewulf,r,08/20/2026,14:23:59,eddie@node1r07.ecdf.ed.ac.uk,1,235
57761298,0.00011,of_26648_1,wdewulf,r,08/20/2026,14:23:53,eddie@node1r15.ecdf.ed.ac.uk,1,233
57761298,0.00011,of_26648_1,wdewulf,r,08/20/2026,14:23:53,eddie@node1j27.ecdf.ed.ac.uk,1,234
57761298,0.00011,of_26648_1,wdewulf,r,08/20/2026,14:23:17,eddie@node1j28.ecdf.ed.ac.uk,1,232
57761298,0.00011,of_26648_1,wdewulf,r,08/20/2026,14:23:02,eddie@node1l22.ecdf.ed.ac.uk,1,231
57761298,0.00011,of_26648_1,wdewulf,r,08/20/2026,14:22:47,eddie@node1r06.ecdf.ed.ac.uk,1,229
57761298,0.00011,of_26648_1,wdewulf,r,08/20/2026,14:22:47,eddie@node1s18.ecdf.ed.ac.uk,1,230
57761298,0.00011,of_26648_1,wdewulf,r,08/20/2026,14:22:32,eddie@node1r17.ecdf.ed.ac.uk,1,228
57761298,0.00011,of_26648_1,wdewulf,r,08/20/2026,14:22:17,eddie@node1r17.ecdf.ed.ac.uk,1,227
57761298,0.00011,of_26648_1,wdewulf,r,08/20/2026,14:22:02,eddie@node1l28.ecdf.ed.ac.uk,1,226
57761298,0.00011,of_26648_1,wdewulf,r,08/20/2026,14:21:47,eddie@node1o13.ecdf.ed.ac.uk,1,223
57761298,0.00011,of_26648_1,wdewulf,r,08/20/2026,14:21:47,eddie@node1o13.ecdf.ed.ac.uk,1,224
57761298,0.00011,of_26648_1,wdewulf,r,08/20/2026,14:21:47,eddie@node1o14.ecdf.ed.ac.uk,1,225
57761298,0.00011,of_26648_1,wdewulf,r,08/20/2026,14:21:32,eddie@node1h21.ecdf.ed.ac.uk,1,220
57761298,0.00011,of_26648_1,wdewulf,r,08/20/2026,14:21:32,eddie@node1h21.ecdf.ed.ac.uk,1,221
57761298,0.00011,of_26648_1,wdewulf,r,08/20/2026,14:21:32,eddie@node1h08.ecdf.ed.ac.uk,1,222
57761298,0.00011,of_26648_1,wdewulf,r,08/20/2026,14:21:17,eddie@node1r17.ecdf.ed.ac.uk,1,219
57761298,0.00011,of_26648_1,wdewulf,r,08/20/2026,14:21:02,eddie@node1r17.ecdf.ed.ac.uk,1,217
57761298,0.00011,of_26648_1,wdewulf,r,08/20/2026,14:21:02,eddie@node1h11.ecdf.ed.ac.uk,1,218
57761298,0.00011,of_26648_1,wdewulf,r,08/20/2026,14:20:47,eddie@node1j28.ecdf.ed.ac.uk,1,215
57761298,0.00011,of_26648_1,wdewulf,r,08/20/2026,14:20:47,eddie@node1j28.ecdf.ed.ac.uk,1,216
57761298,0.00011,of_26648_1,wdewulf,r,08/20/2026,14:20:32,eddie@node1r14.ecdf.ed.ac.uk,1,214
57761298,0.00011,of_26648_1,wdewulf,r,08/20/2026,14:20:18,eddie@node1f07.ecdf.ed.ac.uk,1,211
57761298,0.00011,of_26648_1,wdewulf,r,08/20/2026,14:20:18,eddie@node1s14.ecdf.ed.ac.uk,1,212
57761298,0.00011,of_26648_1,wdewulf,r,08/20/2026,14:20:18,eddie@node1s18.ecdf.ed.ac.uk,1,213
57761298,0.00011,of_26648_1,wdewulf,r,08/20/2026,14:20:04,eddie@node1r07.ecdf.ed.ac.uk,1,206
57761298,0.00011,of_26648_1,wdewulf,r,08/20/2026,14:20:04,eddie@node1r07.ecdf.ed.ac.uk,1,207
57761298,0.00011,of_26648_1,wdewulf,r,08/20/2026,14:20:04,eddie@node1r07.ecdf.ed.ac.uk,1,208
57761298,0.00011,of_26648_1,wdewulf,r,08/20/2026,14:20:04,eddie@node1m16.ecdf.ed.ac.uk,1,209
57761298,0.00011,of_26648_1,wdewulf,r,08/20/2026,14:20:04,eddie@node1m16.ecdf.ed.ac.uk,1,210
57761298,0.00011,of_26648_1,wdewulf,r,08/20/2026,14:19:49,eddie@node1i13.ecdf.ed.ac.uk,1,205
57761298,0.00011,of_26648_1,wdewulf,r,08/20/2026,14:19:34,eddie@node1h24.ecdf.ed.ac.uk,1,204
57761298,0.00011,of_26648_1,wdewulf,r,08/20/2026,14:19:19,eddie@node1h11.ecdf.ed.ac.uk,1,200
57761298,0.00011,of_26648_1,wdewulf,r,08/20/2026,14:19:19,eddie@node1m16.ecdf.ed.ac.uk,1,201
57761298,0.00011,of_26648_1,wdewulf,r,08/20/2026,14:19:19,eddie@node1h04.ecdf.ed.ac.uk,1,202
57761298,0.00011,of_26648_1,wdewulf,r,08/20/2026,14:19:19,eddie@node1h04.ecdf.ed.ac.uk,1,203
57761298,0.00011,of_26648_1,wdewulf,r,08/20/2026,14:18:50,eddie@node1i15.ecdf.ed.ac.uk,1,198
57761298,0.00011,of_26648_1,wdewulf,r,08/20/2026,14:18:50,eddie@node1h04.ecdf.ed.ac.uk,1,199
57761298,0.00011,of_26648_1,wdewulf,r,08/20/2026,14:18:38,eddie@node1l26.ecdf.ed.ac.uk,1,197
57728307,0.00011,runlisfloo,asiripat,r,08/19/2026,12:52:12,eddie@node1n10.ecdf.ed.ac.uk,1,8144
57761298,0.00011,of_26648_1,wdewulf,r,08/20/2026,14:18:23,eddie@node1s14.ecdf.ed.ac.uk,1,195
57761298,0.00011,of_26648_1,wdewulf,r,08/20/2026,14:18:23,eddie@node1h22.ecdf.ed.ac.uk,1,196
57761298,0.00011,of_26648_1,wdewulf,r,08/20/2026,14:18:08,eddie@node1r07.ecdf.ed.ac.uk,1,194
57761298,0.00011,of_26648_1,wdewulf,r,08/20/2026,14:17:53,eddie@node1r17.ecdf.ed.ac.uk,1,190
57761298,0.00011,of_26648_1,wdewulf,r,08/20/2026,14:17:53,eddie@node1h11.ecdf.ed.ac.uk,1,191
57761298,0.00011,of_26648_1,wdewulf,r,08/20/2026,14:17:53,eddie@node1h13.ecdf.ed.ac.uk,1,192
57761298,0.00011,of_26648_1,wdewulf,r,08/20/2026,14:17:53,eddie@node1h08.ecdf.ed.ac.uk,1,193
57761298,0.00011,of_26648_1,wdewulf,r,08/20/2026,14:17:08,eddie@node1h04.ecdf.ed.ac.uk,1,187
57761298,0.00011,of_26648_1,wdewulf,r,08/20/2026,14:17:08,eddie@node1h04.ecdf.ed.ac.uk,1,188
57761298,0.00011,of_26648_1,wdewulf,r,08/20/2026,14:17:08,eddie@node1h04.ecdf.ed.ac.uk,1,189
57761298,0.00010,of_26648_1,wdewulf,r,08/20/2026,14:16:38,eddie@node1r07.ecdf.ed.ac.uk,1,186
57728307,0.00010,runlisfloo,asiripat,r,08/19/2026,12:50:11,eddie@node1n04.ecdf.ed.ac.uk,1,8142
57728307,0.00010,runlisfloo,asiripat,r,08/19/2026,12:50:11,eddie@node1n04.ecdf.ed.ac.uk,1,8143
57761298,0.00010,of_26648_1,wdewulf,r,08/20/2026,14:15:53,eddie@node1r16.ecdf.ed.ac.uk,1,185
57728307,0.00010,runlisfloo,asiripat,r,08/19/2026,12:47:23,eddie@node1m24.ecdf.ed.ac.uk,1,8140
57728307,0.00010,runlisfloo,asiripat,r,08/19/2026,12:49:56,eddie@node1n03.ecdf.ed.ac.uk,1,8141
57761298,0.00010,of_26648_1,wdewulf,r,08/20/2026,14:15:08,eddie@node1o09.ecdf.ed.ac.uk,1,183
57761298,0.00010,of_26648_1,wdewulf,r,08/20/2026,14:15:08,eddie@node1r17.ecdf.ed.ac.uk,1,184
57761298,0.00010,of_26648_1,wdewulf,r,08/20/2026,14:14:53,eddie@node1r17.ecdf.ed.ac.uk,1,180
57761298,0.00010,of_26648_1,wdewulf,r,08/20/2026,14:14:53,eddie@node1h09.ecdf.ed.ac.uk,1,181
57761298,0.00010,of_26648_1,wdewulf,r,08/20/2026,14:14:53,eddie@node1o07.ecdf.ed.ac.uk,1,182
57761298,0.00010,of_26648_1,wdewulf,r,08/20/2026,14:14:38,eddie@node1h13.ecdf.ed.ac.uk,1,179
57761298,0.00010,of_26648_1,wdewulf,r,08/20/2026,14:14:23,eddie@node1f07.ecdf.ed.ac.uk,1,176
57761298,0.00010,of_26648_1,wdewulf,r,08/20/2026,14:14:23,eddie@node1f12.ecdf.ed.ac.uk,1,177
57761298,0.00010,of_26648_1,wdewulf,r,08/20/2026,14:14:23,eddie@node1f07.ecdf.ed.ac.uk,1,178
57761298,0.00010,of_26648_1,wdewulf,r,08/20/2026,14:14:08,eddie@node1f07.ecdf.ed.ac.uk,1,173
57761298,0.00010,of_26648_1,wdewulf,r,08/20/2026,14:14:08,eddie@node1h21.ecdf.ed.ac.uk,1,174
57761298,0.00010,of_26648_1,wdewulf,r,08/20/2026,14:14:08,eddie@node1h13.ecdf.ed.ac.uk,1,175
57761298,0.00010,of_26648_1,wdewulf,r,08/20/2026,14:13:53,eddie@node1l25.ecdf.ed.ac.uk,1,171
57761298,0.00010,of_26648_1,wdewulf,r,08/20/2026,14:13:53,eddie@node1r07.ecdf.ed.ac.uk,1,172
57761298,0.00010,of_26648_1,wdewulf,r,08/20/2026,14:13:38,eddie@node1f11.ecdf.ed.ac.uk,1,170
57761298,0.00010,of_26648_1,wdewulf,r,08/20/2026,14:13:24,eddie@node1h08.ecdf.ed.ac.uk,1,168
57761298,0.00010,of_26648_1,wdewulf,r,08/20/2026,14:13:24,eddie@node1h03.ecdf.ed.ac.uk,1,169
57728307,0.00010,runlisfloo,asiripat,r,08/19/2026,12:45:23,eddie@node1s09.ecdf.ed.ac.uk,1,8139
57761298,0.00010,of_26648_1,wdewulf,r,08/20/2026,14:13:08,eddie@node1r07.ecdf.ed.ac.uk,1,166
57761298,0.00010,of_26648_1,wdewulf,r,08/20/2026,14:13:08,eddie@node1h04.ecdf.ed.ac.uk,1,167
57761298,0.00010,of_26648_1,wdewulf,r,08/20/2026,14:12:38,eddie@node1o05.ecdf.ed.ac.uk,1,164
57761298,0.00010,of_26648_1,wdewulf,r,08/20/2026,14:12:38,eddie@node1h03.ecdf.ed.ac.uk,1,165
57761298,0.00010,of_26648_1,wdewulf,r,08/20/2026,14:11:55,eddie@node1h14.ecdf.ed.ac.uk,1,161
57761298,0.00010,of_26648_1,wdewulf,r,08/20/2026,14:11:55,eddie@node1s15.ecdf.ed.ac.uk,1,162
57761298,0.00010,of_26648_1,wdewulf,r,08/20/2026,14:11:55,eddie@node1m03.ecdf.ed.ac.uk,1,163
57728307,0.00010,runlisfloo,asiripat,r,08/19/2026,11:37:12,eddie@node1j13.ecdf.ed.ac.uk,1,8082
57761298,0.00010,of_26648_1,wdewulf,r,08/20/2026,14:11:39,eddie@node1l25.ecdf.ed.ac.uk,1,160
57728307,0.00010,runlisfloo,asiripat,r,08/19/2026,11:43:57,eddie@node1k14.ecdf.ed.ac.uk,1,8088
57761298,0.00010,of_26648_1,wdewulf,r,08/20/2026,14:11:26,eddie@node1r08.ecdf.ed.ac.uk,1,159
57728307,0.00010,runlisfloo,asiripat,r,08/19/2026,12:40:08,eddie@node1k18.ecdf.ed.ac.uk,1,8138
57728307,0.00010,runlisfloo,asiripat,r,08/19/2026,11:45:57,eddie@node1n10.ecdf.ed.ac.uk,1,8089
57728307,0.00010,runlisfloo,asiripat,r,08/19/2026,11:45:57,eddie@node1j13.ecdf.ed.ac.uk,1,8090
57761298,0.00010,of_26648_1,wdewulf,r,08/20/2026,14:10:25,eddie@node1r14.ecdf.ed.ac.uk,1,158
57761298,0.00010,of_26648_1,wdewulf,r,08/20/2026,14:10:10,eddie@node1r14.ecdf.ed.ac.uk,1,156
57761298,0.00010,of_26648_1,wdewulf,r,08/20/2026,14:10:10,eddie@node1l25.ecdf.ed.ac.uk,1,157
57728307,0.00010,runlisfloo,asiripat,r,08/19/2026,11:37:27,eddie@node1n09.ecdf.ed.ac.uk,1,8083
57761298,0.00010,of_26648_1,wdewulf,r,08/20/2026,14:09:39,eddie@node1r14.ecdf.ed.ac.uk,1,154
57761298,0.00010,of_26648_1,wdewulf,r,08/20/2026,14:09:39,eddie@node1j28.ecdf.ed.ac.uk,1,155
57761298,0.00010,of_26648_1,wdewulf,r,08/20/2026,14:09:25,eddie@node1r17.ecdf.ed.ac.uk,1,153
57761298,0.00010,of_26648_1,wdewulf,r,08/20/2026,14:09:09,eddie@node1r07.ecdf.ed.ac.uk,1,151
57761298,0.00010,of_26648_1,wdewulf,r,08/20/2026,14:09:09,eddie@node1h22.ecdf.ed.ac.uk,1,152
57728307,0.00010,runlisfloo,asiripat,r,08/19/2026,11:46:12,eddie@node1n12.ecdf.ed.ac.uk,1,8091
57761298,0.00010,of_26648_1,wdewulf,r,08/20/2026,14:08:39,eddie@node1r08.ecdf.ed.ac.uk,1,149
57761298,0.00010,of_26648_1,wdewulf,r,08/20/2026,14:08:39,eddie@node1h24.ecdf.ed.ac.uk,1,150
57761298,0.00010,of_26648_1,wdewulf,r,08/20/2026,14:08:24,eddie@node1l26.ecdf.ed.ac.uk,1,148
57761298,0.00010,of_26648_1,wdewulf,r,08/20/2026,14:07:54,eddie@node1l24.ecdf.ed.ac.uk,1,146
57761298,0.00010,of_26648_1,wdewulf,r,08/20/2026,14:07:54,eddie@node1j28.ecdf.ed.ac.uk,1,147
57728307,0.00010,runlisfloo,asiripat,r,08/19/2026,11:46:42,eddie@node1k13.ecdf.ed.ac.uk,1,8092
57728307,0.00010,runlisfloo,asiripat,r,08/19/2026,11:46:42,eddie@node1k14.ecdf.ed.ac.uk,1,8093
57761298,0.00010,of_26648_1,wdewulf,r,08/20/2026,14:07:39,eddie@node1f07.ecdf.ed.ac.uk,1,145
57761298,0.00010,of_26648_1,wdewulf,r,08/20/2026,14:07:25,eddie@node1k04.ecdf.ed.ac.uk,1,144
57761298,0.00010,of_26648_1,wdewulf,r,08/20/2026,14:07:10,eddie@node1r17.ecdf.ed.ac.uk,1,143
57728307,0.00010,runlisfloo,asiripat,r,08/19/2026,11:37:42,eddie@node1k15.ecdf.ed.ac.uk,1,8084
57761298,0.00010,of_26648_1,wdewulf,r,08/20/2026,14:06:47,eddie@node1l24.ecdf.ed.ac.uk,1,142
57728307,0.00010,runlisfloo,asiripat,r,08/19/2026,11:38:57,eddie@node1n12.ecdf.ed.ac.uk,1,8085
57761298,0.00010,of_26648_1,wdewulf,r,08/20/2026,14:06:32,eddie@node1l26.ecdf.ed.ac.uk,1,141
57728307,0.00010,runlisfloo,asiripat,r,08/19/2026,11:39:12,eddie@node1k10.ecdf.ed.ac.uk,1,8086
57761298,0.00010,of_26648_1,wdewulf,r,08/20/2026,14:06:01,eddie@node1i13.ecdf.ed.ac.uk,1,140
57761298,0.00010,of_26648_1,wdewulf,r,08/20/2026,14:05:46,eddie@node1f07.ecdf.ed.ac.uk,1,137
57761298,0.00010,of_26648_1,wdewulf,r,08/20/2026,14:05:46,eddie@node1i15.ecdf.ed.ac.uk,1,138
57761298,0.00010,of_26648_1,wdewulf,r,08/20/2026,14:05:46,eddie@node1o06.ecdf.ed.ac.uk,1,139
57761298,0.00010,of_26648_1,wdewulf,r,08/20/2026,14:05:31,eddie@node1l25.ecdf.ed.ac.uk,1,135
57761298,0.00010,of_26648_1,wdewulf,r,08/20/2026,14:05:31,eddie@node1r17.ecdf.ed.ac.uk,1,136
57728307,0.00010,runlisfloo,asiripat,r,08/19/2026,11:39:57,eddie@node1n03.ecdf.ed.ac.uk,1,8087
57761298,0.00010,of_26648_1,wdewulf,r,08/20/2026,14:05:00,eddie@node1f12.ecdf.ed.ac.uk,1,133
57761298,0.00010,of_26648_1,wdewulf,r,08/20/2026,14:05:00,eddie@node1s19.ecdf.ed.ac.uk,1,134
57761298,0.00010,of_26648_1,wdewulf,r,08/20/2026,14:04:45,eddie@node1i15.ecdf.ed.ac.uk,1,131
57761298,0.00010,of_26648_1,wdewulf,r,08/20/2026,14:04:45,eddie@node1h21.ecdf.ed.ac.uk,1,132
57761298,0.00010,of_26648_1,wdewulf,r,08/20/2026,14:04:30,eddie@node1o04.ecdf.ed.ac.uk,1,129
57761298,0.00010,of_26648_1,wdewulf,r,08/20/2026,14:04:30,eddie@node1l28.ecdf.ed.ac.uk,1,130
57761298,0.00010,of_26648_1,wdewulf,r,08/20/2026,14:04:15,eddie@node1f06.ecdf.ed.ac.uk,1,128
57761298,0.00010,of_26648_1,wdewulf,r,08/20/2026,14:03:45,eddie@node1h21.ecdf.ed.ac.uk,1,127
57761298,0.00010,of_26648_1,wdewulf,r,08/20/2026,14:03:30,eddie@node1f07.ecdf.ed.ac.uk,1,124
57761298,0.00010,of_26648_1,wdewulf,r,08/20/2026,14:03:30,eddie@node1f11.ecdf.ed.ac.uk,1,125
57761298,0.00010,of_26648_1,wdewulf,r,08/20/2026,14:03:30,eddie@node1o04.ecdf.ed.ac.uk,1,126
57728307,0.00010,runlisfloo,asiripat,r,08/19/2026,11:48:12,eddie@node1k20.ecdf.ed.ac.uk,1,8094
57761298,0.00010,of_26648_1,wdewulf,r,08/20/2026,14:03:15,eddie@node1i02.ecdf.ed.ac.uk,1,122
57761298,0.00010,of_26648_1,wdewulf,r,08/20/2026,14:03:15,eddie@node1o06.ecdf.ed.ac.uk,1,123
57761298,0.00010,of_26648_1,wdewulf,r,08/20/2026,14:03:00,eddie@node1h08.ecdf.ed.ac.uk,1,121
57728307,0.00010,runlisfloo,asiripat,r,08/19/2026,11:48:27,eddie@node1k10.ecdf.ed.ac.uk,1,8095
57761298,0.00010,of_26648_1,wdewulf,r,08/20/2026,14:02:30,eddie@node1f07.ecdf.ed.ac.uk,1,119
57761298,0.00010,of_26648_1,wdewulf,r,08/20/2026,14:02:30,eddie@node1o04.ecdf.ed.ac.uk,1,120
57761298,0.00010,of_26648_1,wdewulf,r,08/20/2026,14:02:00,eddie@node1i14.ecdf.ed.ac.uk,1,117
57761298,0.00010,of_26648_1,wdewulf,r,08/20/2026,14:02:00,eddie@node1i14.ecdf.ed.ac.uk,1,118
57728307,0.00009,runlisfloo,asiripat,r,08/19/2026,11:48:42,eddie@node1n09.ecdf.ed.ac.uk,1,8096
57761298,0.00009,of_26648_1,wdewulf,r,08/20/2026,14:01:07,eddie@node1o03.ecdf.ed.ac.uk,1,115
57761298,0.00009,of_26648_1,wdewulf,r,08/20/2026,14:01:07,eddie@node1j28.ecdf.ed.ac.uk,1,116
57761298,0.00009,of_26648_1,wdewulf,r,08/20/2026,14:00:37,eddie@node1l22.ecdf.ed.ac.uk,1,114
57761298,0.00009,of_26648_1,wdewulf,r,08/20/2026,13:59:52,eddie@node1i15.ecdf.ed.ac.uk,1,112
57761298,0.00009,of_26648_1,wdewulf,r,08/20/2026,13:59:52,eddie@node1h08.ecdf.ed.ac.uk,1,113
57761298,0.00009,of_26648_1,wdewulf,r,08/20/2026,13:59:37,eddie@node1l26.ecdf.ed.ac.uk,1,111
57761298,0.00009,of_26648_1,wdewulf,r,08/20/2026,13:59:22,eddie@node1l28.ecdf.ed.ac.uk,1,109
57761298,0.00009,of_26648_1,wdewulf,r,08/20/2026,13:59:22,eddie@node1l26.ecdf.ed.ac.uk,1,110
57728307,0.00009,runlisfloo,asiripat,r,08/19/2026,11:49:27,eddie@node1k12.ecdf.ed.ac.uk,1,8097
57761298,0.00009,of_26648_1,wdewulf,r,08/20/2026,13:59:07,eddie@node1f07.ecdf.ed.ac.uk,1,108
57761298,0.00009,of_26648_1,wdewulf,r,08/20/2026,13:58:52,eddie@node1l28.ecdf.ed.ac.uk,1,107
57728307,0.00009,runlisfloo,asiripat,r,08/19/2026,12:31:53,eddie@node1k13.ecdf.ed.ac.uk,1,8137
57761298,0.00009,of_26648_1,wdewulf,r,08/20/2026,13:58:37,eddie@node1i13.ecdf.ed.ac.uk,1,106
57761298,0.00009,of_26648_1,wdewulf,r,08/20/2026,13:58:22,eddie@node1l22.ecdf.ed.ac.uk,1,103
57761298,0.00009,of_26648_1,wdewulf,r,08/20/2026,13:58:22,eddie@node1r16.ecdf.ed.ac.uk,1,104
57761298,0.00009,of_26648_1,wdewulf,r,08/20/2026,13:58:22,eddie@node1s20.ecdf.ed.ac.uk,1,105
57761298,0.00009,of_26648_1,wdewulf,r,08/20/2026,13:58:07,eddie@node1o06.ecdf.ed.ac.uk,1,102
57761298,0.00009,of_26648_1,wdewulf,r,08/20/2026,13:57:50,eddie@node1l24.ecdf.ed.ac.uk,1,101
57728307,0.00009,runlisfloo,asiripat,r,08/19/2026,11:49:42,eddie@node1n12.ecdf.ed.ac.uk,1,8098
57761298,0.00009,of_26648_1,wdewulf,r,08/20/2026,13:57:35,eddie@node1f11.ecdf.ed.ac.uk,1,99
57761298,0.00009,of_26648_1,wdewulf,r,08/20/2026,13:57:35,eddie@node1i15.ecdf.ed.ac.uk,1,100
57761298,0.00009,of_26648_1,wdewulf,r,08/20/2026,13:57:20,eddie@node1o06.ecdf.ed.ac.uk,1,98
57761298,0.00009,of_26648_1,wdewulf,r,08/20/2026,13:57:05,eddie@node1l23.ecdf.ed.ac.uk,1,96
57761298,0.00009,of_26648_1,wdewulf,r,08/20/2026,13:57:05,eddie@node1o03.ecdf.ed.ac.uk,1,97
57761298,0.00009,of_26648_1,wdewulf,r,08/20/2026,13:56:50,eddie@node1o04.ecdf.ed.ac.uk,1,93
57761298,0.00009,of_26648_1,wdewulf,r,08/20/2026,13:56:50,eddie@node1l28.ecdf.ed.ac.uk,1,94
57761298,0.00009,of_26648_1,wdewulf,r,08/20/2026,13:56:50,eddie@node1l21.ecdf.ed.ac.uk,1,95
57761298,0.00009,of_26648_1,wdewulf,r,08/20/2026,13:56:35,eddie@node1f08.ecdf.ed.ac.uk,1,92
57728307,0.00009,runlisfloo,asiripat,r,08/19/2026,11:49:57,eddie@node1k18.ecdf.ed.ac.uk,1,8099
57761298,0.00009,of_26648_1,wdewulf,r,08/20/2026,13:56:20,eddie@node1f06.ecdf.ed.ac.uk,1,89
57761298,0.00009,of_26648_1,wdewulf,r,08/20/2026,13:56:20,eddie@node1i15.ecdf.ed.ac.uk,1,90
57761298,0.00009,of_26648_1,wdewulf,r,08/20/2026,13:56:20,eddie@node1l24.ecdf.ed.ac.uk,1,91
57728307,0.00009,runlisfloo,asiripat,r,08/19/2026,11:52:45,eddie@node1k11.ecdf.ed.ac.uk,1,8103
57728307,0.00009,runlisfloo,asiripat,r,08/19/2026,11:51:12,eddie@node1k11.ecdf.ed.ac.uk,1,8102
57761298,0.00009,of_26648_1,wdewulf,r,08/20/2026,13:56:05,eddie@node1r12.ecdf.ed.ac.uk,1,88
57761298,0.00009,of_26648_1,wdewulf,r,08/20/2026,13:55:20,eddie@node1i07.ecdf.ed.ac.uk,1,86
57761298,0.00009,of_26648_1,wdewulf,r,08/20/2026,13:55:20,eddie@node1o04.ecdf.ed.ac.uk,1,87
57728307,0.00009,runlisfloo,asiripat,r,08/19/2026,11:50:12,eddie@node1n02.ecdf.ed.ac.uk,1,8100
57761298,0.00009,of_26648_1,wdewulf,r,08/20/2026,13:54:51,eddie@node1o04.ecdf.ed.ac.uk,1,85
57761298,0.00009,of_26648_1,wdewulf,r,08/20/2026,13:54:46,eddie@node1l25.ecdf.ed.ac.uk,1,83
57761298,0.00009,of_26648_1,wdewulf,r,08/20/2026,13:54:46,eddie@node1h21.ecdf.ed.ac.uk,1,84
57728307,0.00009,runlisfloo,asiripat,r,08/19/2026,11:53:15,eddie@node1k17.ecdf.ed.ac.uk,1,8104
57761298,0.00009,of_26648_1,wdewulf,r,08/20/2026,13:54:19,eddie@node1i02.ecdf.ed.ac.uk,1,81
57761298,0.00009,of_26648_1,wdewulf,r,08/20/2026,13:54:19,eddie@node1l24.ecdf.ed.ac.uk,1,82
57728307,0.00009,runlisfloo,asiripat,r,08/19/2026,11:50:42,eddie@node1k19.ecdf.ed.ac.uk,1,8101
57761298,0.00009,of_26648_1,wdewulf,r,08/20/2026,13:53:49,eddie@node1i07.ecdf.ed.ac.uk,1,78
57761298,0.00009,of_26648_1,wdewulf,r,08/20/2026,13:53:49,eddie@node1l24.ecdf.ed.ac.uk,1,79
57761298,0.00009,of_26648_1,wdewulf,r,08/20/2026,13:53:49,eddie@node1s14.ecdf.ed.ac.uk,1,80
57728307,0.00009,runlisfloo,asiripat,r,08/19/2026,11:53:30,eddie@node1j12.ecdf.ed.ac.uk,1,8105
57728307,0.00009,runlisfloo,asiripat,r,08/19/2026,11:53:30,eddie@node1k11.ecdf.ed.ac.uk,1,8106
57761298,0.00009,of_26648_1,wdewulf,r,08/20/2026,13:53:34,eddie@node1l22.ecdf.ed.ac.uk,1,77
57728307,0.00009,runlisfloo,asiripat,r,08/19/2026,12:15:28,eddie@node1k18.ecdf.ed.ac.uk,1,8130
57728307,0.00009,runlisfloo,asiripat,r,08/19/2026,12:15:28,eddie@node1k18.ecdf.ed.ac.uk,1,8131
57761298,0.00009,of_26648_1,wdewulf,r,08/20/2026,13:53:19,eddie@node1o04.ecdf.ed.ac.uk,1,76
57761298,0.00009,of_26648_1,wdewulf,r,08/20/2026,13:53:04,eddie@node1o06.ecdf.ed.ac.uk,1,75
57761298,0.00009,of_26648_1,wdewulf,r,08/20/2026,13:52:49,eddie@node1o03.ecdf.ed.ac.uk,1,72
57761298,0.00009,of_26648_1,wdewulf,r,08/20/2026,13:52:49,eddie@node1l21.ecdf.ed.ac.uk,1,73
57761298,0.00009,of_26648_1,wdewulf,r,08/20/2026,13:52:49,eddie@node1l21.ecdf.ed.ac.uk,1,74
57761298,0.00009,of_26648_1,wdewulf,r,08/20/2026,13:52:34,eddie@node1f12.ecdf.ed.ac.uk,1,70
57761298,0.00009,of_26648_1,wdewulf,r,08/20/2026,13:52:34,eddie@node1l21.ecdf.ed.ac.uk,1,71
57728307,0.00009,runlisfloo,asiripat,r,08/19/2026,12:22:23,eddie@node1n09.ecdf.ed.ac.uk,1,8134
57761298,0.00009,of_26648_1,wdewulf,r,08/20/2026,13:52:19,eddie@node1m15.ecdf.ed.ac.uk,1,69
57761298,0.00009,of_26648_1,wdewulf,r,08/20/2026,13:52:04,eddie@node1i07.ecdf.ed.ac.uk,1,67
57761298,0.00009,of_26648_1,wdewulf,r,08/20/2026,13:52:04,eddie@node1o06.ecdf.ed.ac.uk,1,68
57728307,0.00009,runlisfloo,asiripat,r,08/19/2026,12:23:53,eddie@node1j12.ecdf.ed.ac.uk,1,8136
57728307,0.00009,runlisfloo,asiripat,r,08/19/2026,12:22:38,eddie@node1n11.ecdf.ed.ac.uk,1,8135
57728307,0.00009,runlisfloo,asiripat,r,08/19/2026,12:16:28,eddie@node1k13.ecdf.ed.ac.uk,1,8132
57728307,0.00009,runlisfloo,asiripat,r,08/19/2026,12:17:53,eddie@node1k11.ecdf.ed.ac.uk,1,8133
57728307,0.00009,runlisfloo,asiripat,r,08/19/2026,11:53:45,eddie@node1k12.ecdf.ed.ac.uk,1,8107
57761298,0.00009,of_26648_1,wdewulf,r,08/20/2026,13:51:34,eddie@node1o06.ecdf.ed.ac.uk,1,66
57728307,0.00009,runlisfloo,asiripat,r,08/19/2026,11:54:15,eddie@node1n10.ecdf.ed.ac.uk,1,8108
57761298,0.00009,of_26648_1,wdewulf,r,08/20/2026,13:51:05,eddie@node1r07.ecdf.ed.ac.uk,1,65
57761298,0.00009,of_26648_1,wdewulf,r,08/20/2026,13:50:50,eddie@node1i14.ecdf.ed.ac.uk,1,62
57761298,0.00009,of_26648_1,wdewulf,r,08/20/2026,13:50:50,eddie@node1l23.ecdf.ed.ac.uk,1,63
57761298,0.00009,of_26648_1,wdewulf,r,08/20/2026,13:50:50,eddie@node1l22.ecdf.ed.ac.uk,1,64
57761298,0.00009,of_26648_1,wdewulf,r,08/20/2026,13:50:35,eddie@node1i03.ecdf.ed.ac.uk,1,59
57761298,0.00009,of_26648_1,wdewulf,r,08/20/2026,13:50:35,eddie@node1i03.ecdf.ed.ac.uk,1,60
57761298,0.00009,of_26648_1,wdewulf,r,08/20/2026,13:50:35,eddie@node1o03.ecdf.ed.ac.uk,1,61
57728307,0.00009,runlisfloo,asiripat,r,08/19/2026,11:55:00,eddie@node1k14.ecdf.ed.ac.uk,1,8109
57728307,0.00009,runlisfloo,asiripat,r,08/19/2026,11:55:00,eddie@node1j13.ecdf.ed.ac.uk,1,8110
57761298,0.00009,of_26648_1,wdewulf,r,08/20/2026,13:50:20,eddie@node1f12.ecdf.ed.ac.uk,1,58
57761298,0.00009,of_26648_1,wdewulf,r,08/20/2026,13:50:05,eddie@node1i13.ecdf.ed.ac.uk,1,57
57761298,0.00009,of_26648_1,wdewulf,r,08/20/2026,13:49:35,eddie@node1i07.ecdf.ed.ac.uk,1,55
57761298,0.00009,of_26648_1,wdewulf,r,08/20/2026,13:49:35,eddie@node1i07.ecdf.ed.ac.uk,1,56
57761298,0.00009,of_26648_1,wdewulf,r,08/20/2026,13:49:20,eddie@node1l22.ecdf.ed.ac.uk,1,54
57728307,0.00009,runlisfloo,asiripat,r,08/19/2026,11:55:30,eddie@node1j12.ecdf.ed.ac.uk,1,8111
57761298,0.00009,of_26648_1,wdewulf,r,08/20/2026,13:49:05,eddie@node1l21.ecdf.ed.ac.uk,1,51
57761298,0.00009,of_26648_1,wdewulf,r,08/20/2026,13:49:05,eddie@node1r17.ecdf.ed.ac.uk,1,52
57761298,0.00009,of_26648_1,wdewulf,r,08/20/2026,13:49:05,eddie@node1r19.ecdf.ed.ac.uk,1,53
57761298,0.00009,of_26648_1,wdewulf,r,08/20/2026,13:48:50,eddie@node1o04.ecdf.ed.ac.uk,1,47
57761298,0.00009,of_26648_1,wdewulf,r,08/20/2026,13:48:50,eddie@node1o06.ecdf.ed.ac.uk,1,48
57761298,0.00009,of_26648_1,wdewulf,r,08/20/2026,13:48:50,eddie@node1o03.ecdf.ed.ac.uk,1,49
57761298,0.00009,of_26648_1,wdewulf,r,08/20/2026,13:48:50,eddie@node1l25.ecdf.ed.ac.uk,1,50
57761298,0.00009,of_26648_1,wdewulf,r,08/20/2026,13:48:35,eddie@node1l27.ecdf.ed.ac.uk,1,45
57761298,0.00009,of_26648_1,wdewulf,r,08/20/2026,13:48:35,eddie@node1o03.ecdf.ed.ac.uk,1,46
57761298,0.00009,of_26648_1,wdewulf,r,08/20/2026,13:48:20,eddie@node1f10.ecdf.ed.ac.uk,1,44
57728307,0.00009,runlisfloo,asiripat,r,08/19/2026,11:55:45,eddie@node1j13.ecdf.ed.ac.uk,1,8112
57761298,0.00009,of_26648_1,wdewulf,r,08/20/2026,13:48:05,eddie@node1o03.ecdf.ed.ac.uk,1,43
57761298,0.00009,of_26648_1,wdewulf,r,08/20/2026,13:47:50,eddie@node1l05.ecdf.ed.ac.uk,1,42
57761298,0.00009,of_26648_1,wdewulf,r,08/20/2026,13:47:36,eddie@node1f13.ecdf.ed.ac.uk,1,40
57761298,0.00009,of_26648_1,wdewulf,r,08/20/2026,13:47:36,eddie@node1j19.ecdf.ed.ac.uk,1,41
57761298,0.00009,of_26648_1,wdewulf,r,08/20/2026,13:47:20,eddie@node1f12.ecdf.ed.ac.uk,1,37
57761298,0.00009,of_26648_1,wdewulf,r,08/20/2026,13:47:20,eddie@node1l25.ecdf.ed.ac.uk,1,38
57761298,0.00009,of_26648_1,wdewulf,r,08/20/2026,13:47:20,eddie@node1l26.ecdf.ed.ac.uk,1,39
57761298,0.00009,of_26648_1,wdewulf,r,08/20/2026,13:47:05,eddie@node1l24.ecdf.ed.ac.uk,1,35
57761298,0.00009,of_26648_1,wdewulf,r,08/20/2026,13:47:05,eddie@node1r16.ecdf.ed.ac.uk,1,36
57761298,0.00009,of_26648_1,wdewulf,r,08/20/2026,13:46:35,eddie@node1r18.ecdf.ed.ac.uk,1,34
57761298,0.00009,of_26648_1,wdewulf,r,08/20/2026,13:46:20,eddie@node1l23.ecdf.ed.ac.uk,1,31
57761298,0.00009,of_26648_1,wdewulf,r,08/20/2026,13:46:20,eddie@node1r15.ecdf.ed.ac.uk,1,32
57761298,0.00009,of_26648_1,wdewulf,r,08/20/2026,13:46:20,eddie@node1o05.ecdf.ed.ac.uk,1,33
57728307,0.00009,runlisfloo,asiripat,r,08/19/2026,11:56:44,eddie@node1k14.ecdf.ed.ac.uk,1,8113
57761298,0.00008,of_26648_1,wdewulf,r,08/20/2026,13:46:06,eddie@node1j28.ecdf.ed.ac.uk,1,30
57728307,0.00008,runlisfloo,asiripat,r,08/19/2026,11:56:58,eddie@node1k15.ecdf.ed.ac.uk,1,8114
57761298,0.00008,of_26648_1,wdewulf,r,08/20/2026,13:45:50,eddie@node1l23.ecdf.ed.ac.uk,1,29
57761298,0.00008,of_26648_1,wdewulf,r,08/20/2026,13:45:35,eddie@node1l28.ecdf.ed.ac.uk,1,28
57728307,0.00008,runlisfloo,asiripat,r,08/19/2026,12:01:36,eddie@node1k14.ecdf.ed.ac.uk,1,8123
57761298,0.00008,of_26648_1,wdewulf,r,08/20/2026,13:45:20,eddie@node1o06.ecdf.ed.ac.uk,1,26
57761298,0.00008,of_26648_1,wdewulf,r,08/20/2026,13:45:20,eddie@node1l24.ecdf.ed.ac.uk,1,27
57728307,0.00008,runlisfloo,asiripat,r,08/19/2026,12:03:08,eddie@node1j13.ecdf.ed.ac.uk,1,8125
57761298,0.00008,of_26648_1,wdewulf,r,08/20/2026,13:44:50,eddie@node1o12.ecdf.ed.ac.uk,1,25
57728307,0.00008,runlisfloo,asiripat,r,08/19/2026,12:01:53,eddie@node1j12.ecdf.ed.ac.uk,1,8124
57728307,0.00008,runlisfloo,asiripat,r,08/19/2026,11:58:43,eddie@node1k17.ecdf.ed.ac.uk,1,8120
57761298,0.00008,of_26648_1,wdewulf,r,08/20/2026,13:44:35,eddie@node1o03.ecdf.ed.ac.uk,1,20
57761298,0.00008,of_26648_1,wdewulf,r,08/20/2026,13:44:35,eddie@node1l21.ecdf.ed.ac.uk,1,21
57761298,0.00008,of_26648_1,wdewulf,r,08/20/2026,13:44:35,eddie@node1l26.ecdf.ed.ac.uk,1,22
57761298,0.00008,of_26648_1,wdewulf,r,08/20/2026,13:44:35,eddie@node1l24.ecdf.ed.ac.uk,1,23
57761298,0.00008,of_26648_1,wdewulf,r,08/20/2026,13:44:35,eddie@node1r12.ecdf.ed.ac.uk,1,24
57728307,0.00008,runlisfloo,asiripat,r,08/19/2026,12:03:53,eddie@node1k11.ecdf.ed.ac.uk,1,8127
57728307,0.00008,runlisfloo,asiripat,r,08/19/2026,11:57:13,eddie@node1k12.ecdf.ed.ac.uk,1,8115
57728307,0.00008,runlisfloo,asiripat,r,08/19/2026,11:57:13,eddie@node1k17.ecdf.ed.ac.uk,1,8116
57728307,0.00008,runlisfloo,asiripat,r,08/19/2026,11:57:13,eddie@node1j13.ecdf.ed.ac.uk,1,8117
57761298,0.00008,of_26648_1,wdewulf,r,08/20/2026,13:44:20,eddie@node1l26.ecdf.ed.ac.uk,1,18
57761298,0.00008,of_26648_1,wdewulf,r,08/20/2026,13:44:20,eddie@node1r18.ecdf.ed.ac.uk,1,19
57728307,0.00008,runlisfloo,asiripat,r,08/19/2026,11:57:58,eddie@node1k18.ecdf.ed.ac.uk,1,8118
57728307,0.00008,runlisfloo,asiripat,r,08/19/2026,11:57:58,eddie@node1k16.ecdf.ed.ac.uk,1,8119
57728307,0.00008,runlisfloo,asiripat,r,08/19/2026,12:03:23,eddie@node1k15.ecdf.ed.ac.uk,1,8126
57761298,0.00008,of_26648_1,wdewulf,r,08/20/2026,13:44:05,eddie@node1f06.ecdf.ed.ac.uk,1,17
57728307,0.00008,runlisfloo,asiripat,r,08/19/2026,11:59:21,eddie@node1k19.ecdf.ed.ac.uk,1,8121
57728307,0.00008,runlisfloo,asiripat,r,08/19/2026,12:04:38,eddie@node1k16.ecdf.ed.ac.uk,1,8128
57761298,0.00008,of_26648_1,wdewulf,r,08/20/2026,13:43:14,eddie@node1l25.ecdf.ed.ac.uk,1,16
57728307,0.00008,runlisfloo,asiripat,r,08/19/2026,12:00:06,eddie@node1k16.ecdf.ed.ac.uk,1,8122
57761298,0.00008,of_26648_1,wdewulf,r,08/20/2026,13:42:44,eddie@node1o06.ecdf.ed.ac.uk,1,15
57761298,0.00008,of_26648_1,wdewulf,r,08/20/2026,13:42:29,eddie@node1l28.ecdf.ed.ac.uk,1,14
57728307,0.00008,runlisfloo,asiripat,r,08/19/2026,12:05:21,eddie@node1n12.ecdf.ed.ac.uk,1,8129
57761298,0.00008,of_26648_1,wdewulf,r,08/20/2026,13:42:14,eddie@node1l26.ecdf.ed.ac.uk,1,12
57761298,0.00008,of_26648_1,wdewulf,r,08/20/2026,13:42:14,eddie@node1o05.ecdf.ed.ac.uk,1,13
57761298,0.00008,of_26648_1,wdewulf,r,08/20/2026,13:41:29,eddie@node1l27.ecdf.ed.ac.uk,1,11
57761298,0.00008,of_26648_1,wdewulf,r,08/20/2026,13:41:14,eddie@node1l21.ecdf.ed.ac.uk,1,10
57761298,0.00008,of_26648_1,wdewulf,r,08/20/2026,13:40:45,eddie@node1l23.ecdf.ed.ac.uk,1,8
57761298,0.00008,of_26648_1,wdewulf,r,08/20/2026,13:40:45,eddie@node1o03.ecdf.ed.ac.uk,1,9
57761298,0.00008,of_26648_1,wdewulf,r,08/20/2026,13:39:29,eddie@node1f08.ecdf.ed.ac.uk,1,6
57761298,0.00008,of_26648_1,wdewulf,r,08/20/2026,13:39:59,eddie@node1f08.ecdf.ed.ac.uk,1,7
57761298,0.00008,of_26648_1,wdewulf,r,08/20/2026,13:38:44,eddie@node1f06.ecdf.ed.ac.uk,1,4
57761298,0.00008,of_26648_1,wdewulf,r,08/20/2026,13:38:44,eddie@node1f06.ecdf.ed.ac.uk,1,5
57761298,0.00008,of_26648_1,wdewulf,r,08/20/2026,13:37:59,eddie@node1f08.ecdf.ed.ac.uk,1,3
57761295,0.00008,of_28229_3,wdewulf,r,08/20/2026,13:36:14,eddie@node1l27.ecdf.ed.ac.uk,1,1068
57761295,0.00008,of_28229_3,wdewulf,r,08/20/2026,13:36:14,eddie@node1l27.ecdf.ed.ac.uk,1,1069
57761295,0.00008,of_28229_3,wdewulf,r,08/20/2026,13:35:59,eddie@node1l27.ecdf.ed.ac.uk,1,1067
57761295,0.00008,of_28229_3,wdewulf,r,08/20/2026,13:35:30,eddie@node1l27.ecdf.ed.ac.uk,1,1066
57761298,0.00008,of_26648_1,wdewulf,r,08/20/2026,13:37:29,eddie@node1l27.ecdf.ed.ac.uk,1,2
57761298,0.00008,of_26648_1,wdewulf,r,08/20/2026,13:36:14,eddie@node1l25.ecdf.ed.ac.uk,1,1
57761295,0.00008,of_28229_3,wdewulf,r,08/20/2026,13:34:57,eddie@node1l27.ecdf.ed.ac.uk,1,1063
57761295,0.00008,of_28229_3,wdewulf,r,08/20/2026,13:34:57,eddie@node1l27.ecdf.ed.ac.uk,1,1064
57761295,0.00008,of_28229_3,wdewulf,r,08/20/2026,13:35:27,eddie@node1l27.ecdf.ed.ac.uk,1,1065
57761295,0.00008,of_28229_3,wdewulf,r,08/20/2026,13:34:42,eddie@node1i14.ecdf.ed.ac.uk,1,1062
57761295,0.00008,of_28229_3,wdewulf,r,08/20/2026,13:34:18,eddie@node1i13.ecdf.ed.ac.uk,1,1061
57761295,0.00008,of_28229_3,wdewulf,r,08/20/2026,13:32:33,eddie@node1f10.ecdf.ed.ac.uk,1,1057
57761295,0.00008,of_28229_3,wdewulf,r,08/20/2026,13:33:33,eddie@node1i02.ecdf.ed.ac.uk,1,1059
57761295,0.00008,of_28229_3,wdewulf,r,08/20/2026,13:33:33,eddie@node1i14.ecdf.ed.ac.uk,1,1060
57761295,0.00008,of_28229_3,wdewulf,r,08/20/2026,13:32:48,eddie@node1l27.ecdf.ed.ac.uk,1,1058
57761295,0.00007,of_28229_3,wdewulf,r,08/20/2026,13:32:03,eddie@node1f10.ecdf.ed.ac.uk,1,1055
57761295,0.00007,of_28229_3,wdewulf,r,08/20/2026,13:32:03,eddie@node1f13.ecdf.ed.ac.uk,1,1056
57761295,0.00007,of_28229_3,wdewulf,r,08/20/2026,13:30:10,eddie@node1l27.ecdf.ed.ac.uk,1,1046
57761295,0.00007,of_28229_3,wdewulf,r,08/20/2026,13:30:10,eddie@node1l27.ecdf.ed.ac.uk,1,1047
57761295,0.00007,of_28229_3,wdewulf,r,08/20/2026,13:30:10,eddie@node1o05.ecdf.ed.ac.uk,1,1048
57761295,0.00007,of_28229_3,wdewulf,r,08/20/2026,13:30:10,eddie@node1l27.ecdf.ed.ac.uk,1,1049
57761295,0.00007,of_28229_3,wdewulf,r,08/20/2026,13:31:18,eddie@node1i03.ecdf.ed.ac.uk,1,1052
57761295,0.00007,of_28229_3,wdewulf,r,08/20/2026,13:31:18,eddie@node1o05.ecdf.ed.ac.uk,1,1053
57761295,0.00007,of_28229_3,wdewulf,r,08/20/2026,13:30:55,eddie@node1i03.ecdf.ed.ac.uk,1,1050
57761295,0.00007,of_28229_3,wdewulf,r,08/20/2026,13:29:55,eddie@node1l27.ecdf.ed.ac.uk,1,1045
57761295,0.00007,of_28229_3,wdewulf,r,08/20/2026,13:31:04,eddie@node1i03.ecdf.ed.ac.uk,1,1051
57761295,0.00007,of_28229_3,wdewulf,r,08/20/2026,13:31:33,eddie@node1l27.ecdf.ed.ac.uk,1,1054
57761295,0.00007,of_28229_3,wdewulf,r,08/20/2026,13:29:40,eddie@node1l25.ecdf.ed.ac.uk,1,1044
57761295,0.00007,of_28229_3,wdewulf,r,08/20/2026,13:29:33,eddie@node1f11.ecdf.ed.ac.uk,1,1042
57761295,0.00007,of_28229_3,wdewulf,r,08/20/2026,13:29:33,eddie@node1o05.ecdf.ed.ac.uk,1,1043
57761295,0.00007,of_28229_3,wdewulf,r,08/20/2026,13:28:18,eddie@node1i06.ecdf.ed.ac.uk,1,1040
57761295,0.00007,of_28229_3,wdewulf,r,08/20/2026,13:28:48,eddie@node1i06.ecdf.ed.ac.uk,1,1041
57761295,0.00007,of_28229_3,wdewulf,r,08/20/2026,13:27:58,eddie@node1i16.ecdf.ed.ac.uk,1,1039
57761295,0.00007,of_28229_3,wdewulf,r,08/20/2026,13:25:13,eddie@node1r15.ecdf.ed.ac.uk,1,1030
57761295,0.00007,of_28229_3,wdewulf,r,08/20/2026,13:25:13,eddie@node1l25.ecdf.ed.ac.uk,1,1031
57761295,0.00007,of_28229_3,wdewulf,r,08/20/2026,13:25:28,eddie@node1l21.ecdf.ed.ac.uk,1,1032
57761295,0.00007,of_28229_3,wdewulf,r,08/20/2026,13:25:28,eddie@node1o06.ecdf.ed.ac.uk,1,1033
57761295,0.00007,of_28229_3,wdewulf,r,08/20/2026,13:25:43,eddie@node1l25.ecdf.ed.ac.uk,1,1034
57761295,0.00007,of_28229_3,wdewulf,r,08/20/2026,13:26:13,eddie@node1o03.ecdf.ed.ac.uk,1,1035
57761295,0.00007,of_28229_3,wdewulf,r,08/20/2026,13:21:34,eddie@node1o04.ecdf.ed.ac.uk,1,1016
57761295,0.00007,of_28229_3,wdewulf,r,08/20/2026,13:21:34,eddie@node1l23.ecdf.ed.ac.uk,1,1017
57761295,0.00007,of_28229_3,wdewulf,r,08/20/2026,13:21:59,eddie@node1o03.ecdf.ed.ac.uk,1,1018
57761295,0.00007,of_28229_3,wdewulf,r,08/20/2026,13:22:58,eddie@node1o03.ecdf.ed.ac.uk,1,1020
57761295,0.00007,of_28229_3,wdewulf,r,08/20/2026,13:24:58,eddie@node1o03.ecdf.ed.ac.uk,1,1028
57761295,0.00007,of_28229_3,wdewulf,r,08/20/2026,13:24:58,eddie@node1l23.ecdf.ed.ac.uk,1,1029
57761295,0.00007,of_28229_3,wdewulf,r,08/20/2026,13:26:58,eddie@node1i06.ecdf.ed.ac.uk,1,1036
57761295,0.00007,of_28229_3,wdewulf,r,08/20/2026,13:26:58,eddie@node1i06.ecdf.ed.ac.uk,1,1037
57761295,0.00007,of_28229_3,wdewulf,r,08/20/2026,13:24:43,eddie@node1l23.ecdf.ed.ac.uk,1,1027
57761295,0.00007,of_28229_3,wdewulf,r,08/20/2026,13:27:13,eddie@node1i06.ecdf.ed.ac.uk,1,1038
57761295,0.00007,of_28229_3,wdewulf,r,08/20/2026,13:21:04,eddie@node1l23.ecdf.ed.ac.uk,1,1014
57761295,0.00007,of_28229_3,wdewulf,r,08/20/2026,13:21:04,eddie@node1o03.ecdf.ed.ac.uk,1,1015
57761295,0.00007,of_28229_3,wdewulf,r,08/20/2026,13:20:49,eddie@node1i13.ecdf.ed.ac.uk,1,1012
57761295,0.00007,of_28229_3,wdewulf,r,08/20/2026,13:20:49,eddie@node1l23.ecdf.ed.ac.uk,1,1013
57761295,0.00007,of_28229_3,wdewulf,r,08/20/2026,13:19:49,eddie@node1r15.ecdf.ed.ac.uk,1,1011
57761295,0.00007,of_28229_3,wdewulf,r,08/20/2026,13:22:43,eddie@node1r15.ecdf.ed.ac.uk,1,1019
57761295,0.00007,of_28229_3,wdewulf,r,08/20/2026,13:23:43,eddie@node1o04.ecdf.ed.ac.uk,1,1024
57761295,0.00007,of_28229_3,wdewulf,r,08/20/2026,13:23:43,eddie@node1l21.ecdf.ed.ac.uk,1,1025
57761295,0.00007,of_28229_3,wdewulf,r,08/20/2026,13:23:13,eddie@node1l21.ecdf.ed.ac.uk,1,1021
57761295,0.00007,of_28229_3,wdewulf,r,08/20/2026,13:23:13,eddie@node1o06.ecdf.ed.ac.uk,1,1022
57761295,0.00007,of_28229_3,wdewulf,r,08/20/2026,13:23:28,eddie@node1l23.ecdf.ed.ac.uk,1,1023
57761295,0.00007,of_28229_3,wdewulf,r,08/20/2026,13:23:58,eddie@node1o06.ecdf.ed.ac.uk,1,1026
57761295,0.00007,of_28229_3,wdewulf,r,08/20/2026,13:19:34,eddie@node1f09.ecdf.ed.ac.uk,1,1009
57761295,0.00007,of_28229_3,wdewulf,r,08/20/2026,13:19:34,eddie@node1l23.ecdf.ed.ac.uk,1,1010
57761295,0.00007,of_28229_3,wdewulf,r,08/20/2026,13:18:49,eddie@node1o04.ecdf.ed.ac.uk,1,1008
57761295,0.00007,of_28229_3,wdewulf,r,08/20/2026,13:18:04,eddie@node1l21.ecdf.ed.ac.uk,1,1005
57761295,0.00007,of_28229_3,wdewulf,r,08/20/2026,13:18:04,eddie@node1l23.ecdf.ed.ac.uk,1,1006
57761295,0.00007,of_28229_3,wdewulf,r,08/20/2026,13:17:34,eddie@node1r15.ecdf.ed.ac.uk,1,1004
57761295,0.00007,of_28229_3,wdewulf,r,08/20/2026,13:18:34,eddie@node1r15.ecdf.ed.ac.uk,1,1007
57761295,0.00006,of_28229_3,wdewulf,r,08/20/2026,13:15:49,eddie@node1f08.ecdf.ed.ac.uk,1,1003
57761295,0.00006,of_28229_3,wdewulf,r,08/20/2026,13:14:34,eddie@node1f09.ecdf.ed.ac.uk,1,1002
57761295,0.00006,of_28229_3,wdewulf,r,08/20/2026,13:14:19,eddie@node1l23.ecdf.ed.ac.uk,1,1001
57767210,0.00000,hyp3_lowlr,belie,r,08/20/2026,14:14:23,eddie@node1o14.ecdf.ed.ac.uk,1
57767053,0.00000,hyp3_lowlr,belie,r,08/20/2026,14:12:53,eddie@node1r07.ecdf.ed.ac.uk,1
57767638,0.00000,hyp3_highl,belie,r,08/20/2026,14:18:08,eddie@node1o10.ecdf.ed.ac.uk,1
57766774,0.00000,hyp3_lowlr,belie,r,08/20/2026,14:10:54,eddie@node1r17.ecdf.ed.ac.uk,1
57767437,0.00000,hyp3_lowlr,belie,r,08/20/2026,14:16:24,eddie@node1r09.ecdf.ed.ac.uk,1
57767648,0.00000,hyp3_highl,belie,r,08/20/2026,14:18:08,eddie@node1s15.ecdf.ed.ac.uk,1
57767650,0.00000,hyp3_highl,belie,r,08/20/2026,14:18:08,eddie@node1k01.ecdf.ed.ac.uk,1
57767610,0.00000,hyp3_highl,belie,r,08/20/2026,14:17:53,eddie@node1h14.ecdf.ed.ac.uk,1
57767413,0.00000,hyp3_lowlr,belie,r,08/20/2026,14:16:08,eddie@node1s15.ecdf.ed.ac.uk,1
57766715,0.00000,hyp3_lowlr,belie,r,08/20/2026,14:10:25,eddie@node1r09.ecdf.ed.ac.uk,1
57767711,0.00000,hyp3_highl,belie,r,08/20/2026,14:18:50,eddie@node1s17.ecdf.ed.ac.uk,1
57767456,0.00000,hyp3_lowlr,belie,r,08/20/2026,14:16:24,eddie@node1k01.ecdf.ed.ac.uk,1
57766388,0.00000,hyp3_lowlr,belie,r,08/20/2026,14:07:54,eddie@node1s15.ecdf.ed.ac.uk,1
57767913,0.00000,hyp3_highl,belie,r,08/20/2026,14:21:47,eddie@node1r08.ecdf.ed.ac.uk,1
57767914,0.00000,hyp3_highl,belie,r,08/20/2026,14:21:47,eddie@node1m16.ecdf.ed.ac.uk,1
57767879,0.00000,hyp3_highl,belie,r,08/20/2026,14:21:17,eddie@node1s13.ecdf.ed.ac.uk,1
57767515,0.00000,hyp3_highl,belie,r,08/20/2026,14:16:54,eddie@node1l08.ecdf.ed.ac.uk,1
57767881,0.00000,hyp3_highl,belie,r,08/20/2026,14:21:17,eddie@node1h13.ecdf.ed.ac.uk,1
57766599,0.00000,hyp3_lowlr,belie,r,08/20/2026,14:09:25,eddie@node1k08.ecdf.ed.ac.uk,1
57768003,0.00000,hyp3_highl,belie,r,08/20/2026,14:22:47,eddie@node1l23.ecdf.ed.ac.uk,1
57767919,0.00000,hyp3_highl,belie,r,08/20/2026,14:21:47,eddie@node1s17.ecdf.ed.ac.uk,1
57767920,0.00000,hyp3_highl,belie,r,08/20/2026,14:21:47,eddie@node1o08.ecdf.ed.ac.uk,1
57768050,0.00000,hyp3_highl,belie,r,08/20/2026,14:23:17,eddie@node1r17.ecdf.ed.ac.uk,1
57767888,0.00000,hyp3_highl,belie,r,08/20/2026,14:21:17,eddie@node1h24.ecdf.ed.ac.uk,1
57768080,0.00000,hyp3_highl,belie,r,08/20/2026,14:23:32,eddie@node1j28.ecdf.ed.ac.uk,1
57767924,0.00000,hyp3_highl,belie,r,08/20/2026,14:21:47,eddie@node1j26.ecdf.ed.ac.uk,1
57768084,0.00000,hyp3_highl,belie,r,08/20/2026,14:23:32,eddie@node1r08.ecdf.ed.ac.uk,1
57767925,0.00000,hyp3_highl,belie,r,08/20/2026,14:21:47,eddie@node1o08.ecdf.ed.ac.uk,1
57767926,0.00000,hyp3_highl,belie,r,08/20/2026,14:21:47,eddie@node1r09.ecdf.ed.ac.uk,1
57768060,0.00000,hyp3_highl,belie,r,08/20/2026,14:23:17,eddie@node1o14.ecdf.ed.ac.uk,1
57769556,0.00000,hyp3_highl,belie,r,08/20/2026,14:34:43,eddie@node1l26.ecdf.ed.ac.uk,1
57769458,0.00000,hyp3_highl,belie,r,08/20/2026,14:34:06,eddie@node1s19.ecdf.ed.ac.uk,1
57769459,0.00000,hyp3_highl,belie,r,08/20/2026,14:34:07,eddie@node1s17.ecdf.ed.ac.uk,1
57768118,0.00000,hyp3_highl,belie,r,08/20/2026,14:23:53,eddie@node1h04.ecdf.ed.ac.uk,1
57767929,0.00000,hyp3_highl,belie,r,08/20/2026,14:21:47,eddie@node1o08.ecdf.ed.ac.uk,1
57769557,0.00000,hyp3_highl,belie,r,08/20/2026,14:34:43,eddie@node1r08.ecdf.ed.ac.uk,1
57769558,0.00000,hyp3_highl,belie,r,08/20/2026,14:34:43,eddie@node1r07.ecdf.ed.ac.uk,1
57769559,0.00000,hyp3_highl,belie,r,08/20/2026,14:34:43,eddie@node1o08.ecdf.ed.ac.uk,1
57769460,0.00000,hyp3_highl,belie,r,08/20/2026,14:34:07,eddie@node1o07.ecdf.ed.ac.uk,1
57769461,0.00000,hyp3_highl,belie,r,08/20/2026,14:34:07,eddie@node1s17.ecdf.ed.ac.uk,1
57769462,0.00000,hyp3_highl,belie,r,08/20/2026,14:34:07,eddie@node1h06.ecdf.ed.ac.uk,1
57768121,0.00000,hyp3_highl,belie,r,08/20/2026,14:23:53,eddie@node1l06.ecdf.ed.ac.uk,1
57767960,0.00000,hyp3_highl,belie,r,08/20/2026,14:22:03,eddie@node1l05.ecdf.ed.ac.uk,1
57769521,0.00000,hyp3_highl,belie,r,08/20/2026,14:34:30,eddie@node1r14.ecdf.ed.ac.uk,1
57769580,0.00000,hyp3_highl,belie,r,08/20/2026,14:34:51,eddie@node1o10.ecdf.ed.ac.uk,1
57769581,0.00000,hyp3_highl,belie,r,08/20/2026,14:34:51,eddie@node1m16.ecdf.ed.ac.uk,1
57769582,0.00000,hyp3_highl,belie,r,08/20/2026,14:34:51,eddie@node1j26.ecdf.ed.ac.uk,1
57769560,0.00000,hyp3_highl,belie,r,08/20/2026,14:34:43,eddie@node1l10.ecdf.ed.ac.uk,1
57769561,0.00000,hyp3_highl,belie,r,08/20/2026,14:34:43,eddie@node1l10.ecdf.ed.ac.uk,1
57769463,0.00000,hyp3_highl,belie,r,08/20/2026,14:34:07,eddie@node1m15.ecdf.ed.ac.uk,1
57769464,0.00000,hyp3_highl,belie,r,08/20/2026,14:34:07,eddie@node1s15.ecdf.ed.ac.uk,1
57769465,0.00000,hyp3_highl,belie,r,08/20/2026,14:34:07,eddie@node1s15.ecdf.ed.ac.uk,1
57767776,0.00000,hyp3_highl,belie,r,08/20/2026,14:19:34,eddie@node1j26.ecdf.ed.ac.uk,1
57769722,0.00000,hyp3_highl,belie,r,08/20/2026,14:35:45,eddie@node1h10.ecdf.ed.ac.uk,1
57769723,0.00000,hyp3_highl,belie,r,08/20/2026,14:35:45,eddie@node1s17.ecdf.ed.ac.uk,1
57769547,0.00000,hyp3_highl,belie,r,08/20/2026,14:34:38,eddie@node1l28.ecdf.ed.ac.uk,1
57769548,0.00000,hyp3_highl,belie,r,08/20/2026,14:34:38,eddie@node1r06.ecdf.ed.ac.uk,1
57769595,0.00000,hyp3_highl,belie,r,08/20/2026,14:34:56,eddie@node1l22.ecdf.ed.ac.uk,1
57769596,0.00000,hyp3_highl,belie,r,08/20/2026,14:34:56,eddie@node1h06.ecdf.ed.ac.uk,1
57767830,0.00000,hyp3_highl,belie,r,08/20/2026,14:20:18,eddie@node1m15.ecdf.ed.ac.uk,1
57769523,0.00000,hyp3_highl,belie,r,08/20/2026,14:34:30,eddie@node1h21.ecdf.ed.ac.uk,1
57769524,0.00000,hyp3_highl,belie,r,08/20/2026,14:34:30,eddie@node1r17.ecdf.ed.ac.uk,1
57769525,0.00000,hyp3_highl,belie,r,08/20/2026,14:34:30,eddie@node1s13.ecdf.ed.ac.uk,1
57769583,0.00000,hyp3_highl,belie,r,08/20/2026,14:34:51,eddie@node1h14.ecdf.ed.ac.uk,1
57769584,0.00000,hyp3_highl,belie,r,08/20/2026,14:34:51,eddie@node1m04.ecdf.ed.ac.uk,1
57769585,0.00000,hyp3_highl,belie,r,08/20/2026,14:34:51,eddie@node1m12.ecdf.ed.ac.uk,1
57769537,0.00000,hyp3_highl,belie,r,08/20/2026,14:34:34,eddie@node1i16.ecdf.ed.ac.uk,1
57769658,0.00000,hyp3_highl,belie,r,08/20/2026,14:35:21,eddie@node1l21.ecdf.ed.ac.uk,1
57767903,0.00000,hyp3_highl,belie,r,08/20/2026,14:21:32,eddie@node1r19.ecdf.ed.ac.uk,1
57769562,0.00000,hyp3_highl,belie,r,08/20/2026,14:34:43,eddie@node1j10.ecdf.ed.ac.uk,1
57769563,0.00000,hyp3_highl,belie,r,08/20/2026,14:34:43,eddie@node1l05.ecdf.ed.ac.uk,1
57769564,0.00000,hyp3_highl,belie,r,08/20/2026,14:34:43,eddie@node1m11.ecdf.ed.ac.uk,1
57769617,0.00000,hyp3_highl,belie,r,08/20/2026,14:35:04,eddie@node1i02.ecdf.ed.ac.uk,1
57769618,0.00000,hyp3_highl,belie,r,08/20/2026,14:35:04,eddie@node1h22.ecdf.ed.ac.uk,1
57769619,0.00000,hyp3_highl,belie,r,08/20/2026,14:35:04,eddie@node1m16.ecdf.ed.ac.uk,1
57769710,0.00000,hyp3_highl,belie,r,08/20/2026,14:35:39,eddie@node1r16.ecdf.ed.ac.uk,1
57769711,0.00000,hyp3_highl,belie,r,08/20/2026,14:35:39,eddie@node1r16.ecdf.ed.ac.uk,1
57769466,0.00000,hyp3_highl,belie,r,08/20/2026,14:34:07,eddie@node1j10.ecdf.ed.ac.uk,1
57769467,0.00000,hyp3_highl,belie,r,08/20/2026,14:34:07,eddie@node1l05.ecdf.ed.ac.uk,1
57769468,0.00000,hyp3_highl,belie,r,08/20/2026,14:34:07,eddie@node1k03.ecdf.ed.ac.uk,1
57769669,0.00000,hyp3_highl,belie,r,08/20/2026,14:35:27,eddie@node1h13.ecdf.ed.ac.uk,1
57769670,0.00000,hyp3_highl,belie,r,08/20/2026,14:35:27,eddie@node1s18.ecdf.ed.ac.uk,1
57768092,0.00000,hyp3_highl,belie,r,08/20/2026,14:23:32,eddie@node1r09.ecdf.ed.ac.uk,1
57769724,0.00000,hyp3_highl,belie,r,08/20/2026,14:35:45,eddie@node1j18.ecdf.ed.ac.uk,1
57769725,0.00000,hyp3_highl,belie,r,08/20/2026,14:35:45,eddie@node1l04.ecdf.ed.ac.uk,1
57767895,0.00000,hyp3_highl,belie,r,08/20/2026,14:21:17,eddie@node1m15.ecdf.ed.ac.uk,1
57769597,0.00000,hyp3_highl,belie,r,08/20/2026,14:34:56,eddie@node1k02.ecdf.ed.ac.uk,1
57769598,0.00000,hyp3_highl,belie,r,08/20/2026,14:34:56,eddie@node1k02.ecdf.ed.ac.uk,1
57769599,0.00000,hyp3_highl,belie,r,08/20/2026,14:34:56,eddie@node1l20.ecdf.ed.ac.uk,1
57769526,0.00000,hyp3_highl,belie,r,08/20/2026,14:34:30,eddie@node1o14.ecdf.ed.ac.uk,1
57769527,0.00000,hyp3_highl,belie,r,08/20/2026,14:34:30,eddie@node1s17.ecdf.ed.ac.uk,1
57769528,0.00000,hyp3_highl,belie,r,08/20/2026,14:34:30,eddie@node1k04.ecdf.ed.ac.uk,1
57769586,0.00000,hyp3_highl,belie,r,08/20/2026,14:34:51,eddie@node1m07.ecdf.ed.ac.uk,1
57769587,0.00000,hyp3_highl,belie,r,08/20/2026,14:34:51,eddie@node1j06.ecdf.ed.ac.uk,1
57769588,0.00000,hyp3_highl,belie,r,08/20/2026,14:34:51,eddie@node1k01.ecdf.ed.ac.uk,1
57768175,0.00000,hyp3_highl,belie,r,08/20/2026,14:24:25,eddie@node1r17.ecdf.ed.ac.uk,1
57768176,0.00000,hyp3_highl,belie,r,08/20/2026,14:24:25,eddie@node1r07.ecdf.ed.ac.uk,1
57769538,0.00000,hyp3_highl,belie,r,08/20/2026,14:34:34,eddie@node1i16.ecdf.ed.ac.uk,1
57769539,0.00000,hyp3_highl,belie,r,08/20/2026,14:34:34,eddie@node1i16.ecdf.ed.ac.uk,1
57769540,0.00000,hyp3_highl,belie,r,08/20/2026,14:34:34,eddie@node1i16.ecdf.ed.ac.uk,1
57767819,0.00000,hyp3_highl,belie,r,08/20/2026,14:20:04,eddie@node1o07.ecdf.ed.ac.uk,1
57769661,0.00000,hyp3_highl,belie,r,08/20/2026,14:35:21,eddie@node1h22.ecdf.ed.ac.uk,1
57769662,0.00000,hyp3_highl,belie,r,08/20/2026,14:35:21,eddie@node1o12.ecdf.ed.ac.uk,1
57769572,0.00000,hyp3_highl,belie,r,08/20/2026,14:34:46,eddie@node1r20.ecdf.ed.ac.uk,1
57769573,0.00000,hyp3_highl,belie,r,08/20/2026,14:34:46,eddie@node1o08.ecdf.ed.ac.uk,1
57769574,0.00000,hyp3_highl,belie,r,08/20/2026,14:34:46,eddie@node1o08.ecdf.ed.ac.uk,1
57768034,0.00000,hyp3_highl,belie,r,08/20/2026,14:23:03,eddie@node1o07.ecdf.ed.ac.uk,1
57768035,0.00000,hyp3_highl,belie,r,08/20/2026,14:23:03,eddie@node1m15.ecdf.ed.ac.uk,1
57768064,0.00000,hyp3_highl,belie,r,08/20/2026,14:23:17,eddie@node1l09.ecdf.ed.ac.uk,1
57769696,0.00000,hyp3_highl,belie,r,08/20/2026,14:35:35,eddie@node1o03.ecdf.ed.ac.uk,1
57769698,0.00000,hyp3_highl,belie,r,08/20/2026,14:35:35,eddie@node1l21.ecdf.ed.ac.uk,1
57769566,0.00000,hyp3_highl,belie,r,08/20/2026,14:34:43,eddie@node1k07.ecdf.ed.ac.uk,1
57769567,0.00000,hyp3_highl,belie,r,08/20/2026,14:34:43,eddie@node1l10.ecdf.ed.ac.uk,1
57769568,0.00000,hyp3_highl,belie,r,08/20/2026,14:34:43,eddie@node1k04.ecdf.ed.ac.uk,1
57769620,0.00000,hyp3_highl,belie,r,08/20/2026,14:35:04,eddie@node1o11.ecdf.ed.ac.uk,1
57769621,0.00000,hyp3_highl,belie,r,08/20/2026,14:35:04,eddie@node1j25.ecdf.ed.ac.uk,1
57769712,0.00000,hyp3_highl,belie,r,08/20/2026,14:35:39,eddie@node1r16.ecdf.ed.ac.uk,1
57769713,0.00000,hyp3_highl,belie,r,08/20/2026,14:35:39,eddie@node1r16.ecdf.ed.ac.uk,1
57769671,0.00000,hyp3_highl,belie,r,08/20/2026,14:35:27,eddie@node1o07.ecdf.ed.ac.uk,1
57769672,0.00000,hyp3_highl,belie,r,08/20/2026,14:35:27,eddie@node1l08.ecdf.ed.ac.uk,1
57769673,0.00000,hyp3_highl,belie,r,08/20/2026,14:35:27,eddie@node1l01.ecdf.ed.ac.uk,1
57769726,0.00000,hyp3_highl,belie,r,08/20/2026,14:35:45,eddie@node1k02.ecdf.ed.ac.uk,1
57769727,0.00000,hyp3_highl,belie,r,08/20/2026,14:35:45,eddie@node1j02.ecdf.ed.ac.uk,1
57769728,0.00000,hyp3_highl,belie,r,08/20/2026,14:35:45,eddie@node1k09.ecdf.ed.ac.uk,1
57769549,0.00000,hyp3_highl,belie,r,08/20/2026,14:34:38,eddie@node1h09.ecdf.ed.ac.uk,1
57769551,0.00000,hyp3_highl,belie,r,08/20/2026,14:34:38,eddie@node1o10.ecdf.ed.ac.uk,1
57769552,0.00000,hyp3_highl,belie,r,08/20/2026,14:34:38,eddie@node1h03.ecdf.ed.ac.uk,1
57769600,0.00000,hyp3_highl,belie,r,08/20/2026,14:34:56,eddie@node1m01.ecdf.ed.ac.uk,1
57769601,0.00000,hyp3_highl,belie,r,08/20/2026,14:34:56,eddie@node1k07.ecdf.ed.ac.uk,1
57769602,0.00000,hyp3_highl,belie,r,08/20/2026,14:34:56,eddie@node1m03.ecdf.ed.ac.uk,1
57769529,0.00000,hyp3_highl,belie,r,08/20/2026,14:34:30,eddie@node1j23.ecdf.ed.ac.uk,1
57769589,0.00000,hyp3_highl,belie,r,08/20/2026,14:34:51,eddie@node1j23.ecdf.ed.ac.uk,1
57769541,0.00000,hyp3_highl,belie,r,08/20/2026,14:34:34,eddie@node1i16.ecdf.ed.ac.uk,1
57769542,0.00000,hyp3_highl,belie,r,08/20/2026,14:34:34,eddie@node1i16.ecdf.ed.ac.uk,1
57769543,0.00000,hyp3_highl,belie,r,08/20/2026,14:34:34,eddie@node1l27.ecdf.ed.ac.uk,1
57767934,0.00000,hyp3_highl,belie,r,08/20/2026,14:21:47,eddie@node1s15.ecdf.ed.ac.uk,1
57767937,0.00000,hyp3_highl,belie,r,08/20/2026,14:21:48,eddie@node1l09.ecdf.ed.ac.uk,1
57769664,0.00000,hyp3_highl,belie,r,08/20/2026,14:35:21,eddie@node1h03.ecdf.ed.ac.uk,1
57769575,0.00000,hyp3_highl,belie,r,08/20/2026,14:34:46,eddie@node1l20.ecdf.ed.ac.uk,1
57767907,0.00000,hyp3_highl,belie,r,08/20/2026,14:21:32,eddie@node1o07.ecdf.ed.ac.uk,1
57769684,0.00000,hyp3_highl,belie,r,08/20/2026,14:35:31,eddie@node1o05.ecdf.ed.ac.uk,1
57769699,0.00000,hyp3_highl,belie,r,08/20/2026,14:35:35,eddie@node1r16.ecdf.ed.ac.uk,1
57769700,0.00000,hyp3_highl,belie,r,08/20/2026,14:35:35,eddie@node1o10.ecdf.ed.ac.uk,1
57769701,0.00000,hyp3_highl,belie,r,08/20/2026,14:35:35,eddie@node1h08.ecdf.ed.ac.uk,1
57769569,0.00000,hyp3_highl,belie,r,08/20/2026,14:34:43,eddie@node1k06.ecdf.ed.ac.uk,1
57769570,0.00000,hyp3_highl,belie,r,08/20/2026,14:34:43,eddie@node1j18.ecdf.ed.ac.uk,1
57768189,0.00000,hyp3_highl,belie,r,08/20/2026,14:24:29,eddie@node1o14.ecdf.ed.ac.uk,1
57768190,0.00000,hyp3_highl,belie,r,08/20/2026,14:24:29,eddie@node1k05.ecdf.ed.ac.uk,1
57769624,0.00000,hyp3_highl,belie,r,08/20/2026,14:35:04,eddie@node1j25.ecdf.ed.ac.uk,1
57769625,0.00000,hyp3_highl,belie,r,08/20/2026,14:35:04,eddie@node1h06.ecdf.ed.ac.uk,1
57769714,0.00000,hyp3_highl,belie,r,08/20/2026,14:35:39,eddie@node1j27.ecdf.ed.ac.uk,1
57769416,0.00000,hyp3_highl,belie,r,08/20/2026,14:33:50,eddie@node1j28.ecdf.ed.ac.uk,1
57769421,0.00000,hyp3_highl,belie,r,08/20/2026,14:33:50,eddie@node1h21.ecdf.ed.ac.uk,1
57769469,0.00000,hyp3_highl,belie,r,08/20/2026,14:34:07,eddie@node1k04.ecdf.ed.ac.uk,1
57769674,0.00000,hyp3_highl,belie,r,08/20/2026,14:35:27,eddie@node1l05.ecdf.ed.ac.uk,1
57769675,0.00000,hyp3_highl,belie,r,08/20/2026,14:35:27,eddie@node1m05.ecdf.ed.ac.uk,1
57769676,0.00000,hyp3_highl,belie,r,08/20/2026,14:35:27,eddie@node1k02.ecdf.ed.ac.uk,1
57769738,0.00000,hyp3_highl,belie,r,08/20/2026,14:35:49,eddie@node1o06.ecdf.ed.ac.uk,1
57769739,0.00000,hyp3_highl,belie,r,08/20/2026,14:35:49,eddie@node1l25.ecdf.ed.ac.uk,1
57769729,0.00000,hyp3_highl,belie,r,08/20/2026,14:35:45,eddie@node1m01.ecdf.ed.ac.uk,1
57769730,0.00000,hyp3_highl,belie,r,08/20/2026,14:35:45,eddie@node1j18.ecdf.ed.ac.uk,1
57769731,0.00000,hyp3_highl,belie,r,08/20/2026,14:35:45,eddie@node1j06.ecdf.ed.ac.uk,1
57769553,0.00000,hyp3_highl,belie,r,08/20/2026,14:34:38,eddie@node1r09.ecdf.ed.ac.uk,1
57769554,0.00000,hyp3_highl,belie,r,08/20/2026,14:34:38,eddie@node1o08.ecdf.ed.ac.uk,1
57769603,0.00000,hyp3_highl,belie,r,08/20/2026,14:34:56,eddie@node1j09.ecdf.ed.ac.uk,1
57769604,0.00000,hyp3_highl,belie,r,08/20/2026,14:34:56,eddie@node1j02.ecdf.ed.ac.uk,1
57769530,0.00000,hyp3_highl,belie,r,08/20/2026,14:34:30,eddie@node1m05.ecdf.ed.ac.uk,1
57769531,0.00000,hyp3_highl,belie,r,08/20/2026,14:34:30,eddie@node1k09.ecdf.ed.ac.uk,1
57769636,0.00000,hyp3_highl,belie,r,08/20/2026,14:35:10,eddie@node1l28.ecdf.ed.ac.uk,1
57769638,0.00000,hyp3_highl,belie,r,08/20/2026,14:35:10,eddie@node1h04.ecdf.ed.ac.uk,1
57769533,0.00000,hyp3_highl,belie,r,08/20/2026,14:34:31,eddie@node1r09.ecdf.ed.ac.uk,1
57769590,0.00000,hyp3_highl,belie,r,08/20/2026,14:34:51,eddie@node1k08.ecdf.ed.ac.uk,1
57769591,0.00000,hyp3_highl,belie,r,08/20/2026,14:34:51,eddie@node1j10.ecdf.ed.ac.uk,1
57769592,0.00000,hyp3_highl,belie,r,08/20/2026,14:34:51,eddie@node1j08.ecdf.ed.ac.uk,1
57769610,0.00000,hyp3_highl,belie,r,08/20/2026,14:35:00,eddie@node1l26.ecdf.ed.ac.uk,1
57769611,0.00000,hyp3_highl,belie,r,08/20/2026,14:35:00,eddie@node1o05.ecdf.ed.ac.uk,1
57769612,0.00000,hyp3_highl,belie,r,08/20/2026,14:35:00,eddie@node1h03.ecdf.ed.ac.uk,1
57769544,0.00000,hyp3_highl,belie,r,08/20/2026,14:34:34,eddie@node1l23.ecdf.ed.ac.uk,1
57769514,0.00000,hyp3_highl,belie,r,08/20/2026,14:34:26,eddie@node1h13.ecdf.ed.ac.uk,1
57769665,0.00000,hyp3_highl,belie,r,08/20/2026,14:35:21,eddie@node1l07.ecdf.ed.ac.uk,1
57769576,0.00000,hyp3_highl,belie,r,08/20/2026,14:34:46,eddie@node1k03.ecdf.ed.ac.uk,1
57769577,0.00000,hyp3_highl,belie,r,08/20/2026,14:34:46,eddie@node1l19.ecdf.ed.ac.uk,1
57769578,0.00000,hyp3_highl,belie,r,08/20/2026,14:34:46,eddie@node1l08.ecdf.ed.ac.uk,1
57769652,0.00000,hyp3_highl,belie,r,08/20/2026,14:35:16,eddie@node1j28.ecdf.ed.ac.uk,1
57768068,0.00000,hyp3_highl,belie,r,08/20/2026,14:23:18,eddie@node1j09.ecdf.ed.ac.uk,1
57769686,0.00000,hyp3_highl,belie,r,08/20/2026,14:35:31,eddie@node1j21.ecdf.ed.ac.uk,1
57769687,0.00000,hyp3_highl,belie,r,08/20/2026,14:35:31,eddie@node1m07.ecdf.ed.ac.uk,1
57769688,0.00000,hyp3_highl,belie,r,08/20/2026,14:35:31,eddie@node1j21.ecdf.ed.ac.uk,1
57769702,0.00000,hyp3_highl,belie,r,08/20/2026,14:35:35,eddie@node1h10.ecdf.ed.ac.uk,1
57769703,0.00000,hyp3_highl,belie,r,08/20/2026,14:35:35,eddie@node1r20.ecdf.ed.ac.uk,1
57769704,0.00000,hyp3_highl,belie,r,08/20/2026,14:35:35,eddie@node1m12.ecdf.ed.ac.uk,1
57768303,0.00000,hyp3_highl,belie,r,08/20/2026,14:25:17,eddie@node1o09.ecdf.ed.ac.uk,1
57769626,0.00000,hyp3_highl,belie,r,08/20/2026,14:35:04,eddie@node1k09.ecdf.ed.ac.uk,1
57769627,0.00000,hyp3_highl,belie,r,08/20/2026,14:35:04,eddie@node1m01.ecdf.ed.ac.uk,1
57769628,0.00000,hyp3_highl,belie,r,08/20/2026,14:35:04,eddie@node1j22.ecdf.ed.ac.uk,1
57769715,0.00000,hyp3_highl,belie,r,08/20/2026,14:35:39,eddie@node1s18.ecdf.ed.ac.uk,1
57769422,0.00000,hyp3_highl,belie,r,08/20/2026,14:33:50,eddie@node1h08.ecdf.ed.ac.uk,1
57769423,0.00000,hyp3_highl,belie,r,08/20/2026,14:33:50,eddie@node1j27.ecdf.ed.ac.uk,1
57769424,0.00000,hyp3_highl,belie,r,08/20/2026,14:33:50,eddie@node1h08.ecdf.ed.ac.uk,1
57769471,0.00000,hyp3_highl,belie,r,08/20/2026,14:34:07,eddie@node1m07.ecdf.ed.ac.uk,1
57769677,0.00000,hyp3_highl,belie,r,08/20/2026,14:35:27,eddie@node1k04.ecdf.ed.ac.uk,1
57769678,0.00000,hyp3_highl,belie,r,08/20/2026,14:35:27,eddie@node1l19.ecdf.ed.ac.uk,1
57769679,0.00000,hyp3_highl,belie,r,08/20/2026,14:35:27,eddie@node1j22.ecdf.ed.ac.uk,1
57769740,0.00000,hyp3_highl,belie,r,08/20/2026,14:35:49,eddie@node1l04.ecdf.ed.ac.uk,1
57769741,0.00000,hyp3_highl,belie,r,08/20/2026,14:35:49,eddie@node1l04.ecdf.ed.ac.uk,1
57769742,0.00000,hyp3_highl,belie,r,08/20/2026,14:35:49,eddie@node1m05.ecdf.ed.ac.uk,1
57769732,0.00000,hyp3_highl,belie,r,08/20/2026,14:35:45,eddie@node1k01.ecdf.ed.ac.uk,1
57769733,0.00000,hyp3_highl,belie,r,08/20/2026,14:35:45,eddie@node1l10.ecdf.ed.ac.uk,1
57769734,0.00000,hyp3_highl,belie,r,08/20/2026,14:35:45,eddie@node1m12.ecdf.ed.ac.uk,1
57768236,0.00000,hyp3_highl,belie,r,08/20/2026,14:24:46,eddie@node1o11.ecdf.ed.ac.uk,1
57769605,0.00000,hyp3_highl,belie,r,08/20/2026,14:34:56,eddie@node1k04.ecdf.ed.ac.uk,1
57769606,0.00000,hyp3_highl,belie,r,08/20/2026,14:34:56,eddie@node1l05.ecdf.ed.ac.uk,1
57769607,0.00000,hyp3_highl,belie,r,08/20/2026,14:34:56,eddie@node1m11.ecdf.ed.ac.uk,1
57769608,0.00000,hyp3_highl,belie,r,08/20/2026,14:34:56,eddie@node1j01.ecdf.ed.ac.uk,1
57769639,0.00000,hyp3_highl,belie,r,08/20/2026,14:35:10,eddie@node1r09.ecdf.ed.ac.uk,1
57769640,0.00000,hyp3_highl,belie,r,08/20/2026,14:35:10,eddie@node1r09.ecdf.ed.ac.uk,1
57769718,0.00000,hyp3_highl,belie,r,08/20/2026,14:35:40,eddie@node1s20.ecdf.ed.ac.uk,1
57769719,0.00000,hyp3_highl,belie,r,08/20/2026,14:35:40,eddie@node1h08.ecdf.ed.ac.uk,1
57769534,0.00000,hyp3_highl,belie,r,08/20/2026,14:34:31,eddie@node1j22.ecdf.ed.ac.uk,1
57769535,0.00000,hyp3_highl,belie,r,08/20/2026,14:34:31,eddie@node1k03.ecdf.ed.ac.uk,1
57769389,0.00000,hyp3_highl,belie,r,08/20/2026,14:33:42,eddie@node1f13.ecdf.ed.ac.uk,1
57769390,0.00000,hyp3_highl,belie,r,08/20/2026,14:33:42,eddie@node1f13.ecdf.ed.ac.uk,1
57769613,0.00000,hyp3_highl,belie,r,08/20/2026,14:35:00,eddie@node1h03.ecdf.ed.ac.uk,1
57767822,0.00000,hyp3_highl,belie,r,08/20/2026,14:20:04,eddie@node1h06.ecdf.ed.ac.uk,1
57769515,0.00000,hyp3_highl,belie,r,08/20/2026,14:34:26,eddie@node1h14.ecdf.ed.ac.uk,1
57769516,0.00000,hyp3_highl,belie,r,08/20/2026,14:34:26,eddie@node1h14.ecdf.ed.ac.uk,1
57769517,0.00000,hyp3_highl,belie,r,08/20/2026,14:34:26,eddie@node1s15.ecdf.ed.ac.uk,1
57769653,0.00000,hyp3_highl,belie,r,08/20/2026,14:35:16,eddie@node1h11.ecdf.ed.ac.uk,1
57769689,0.00000,hyp3_highl,belie,r,08/20/2026,14:35:31,eddie@node1m12.ecdf.ed.ac.uk,1
57769690,0.00000,hyp3_highl,belie,r,08/20/2026,14:35:31,eddie@node1j10.ecdf.ed.ac.uk,1
57769691,0.00000,hyp3_highl,belie,r,08/20/2026,14:35:31,eddie@node1k07.ecdf.ed.ac.uk,1
57769705,0.00000,hyp3_highl,belie,r,08/20/2026,14:35:35,eddie@node1k08.ecdf.ed.ac.uk,1
57769706,0.00000,hyp3_highl,belie,r,08/20/2026,14:35:35,eddie@node1m04.ecdf.ed.ac.uk,1
57769707,0.00000,hyp3_highl,belie,r,08/20/2026,14:35:35,eddie@node1k01.ecdf.ed.ac.uk,1
57769437,0.00000,hyp3_highl,belie,r,08/20/2026,14:33:55,eddie@node1l21.ecdf.ed.ac.uk,1
57769438,0.00000,hyp3_highl,belie,r,08/20/2026,14:33:55,eddie@node1o14.ecdf.ed.ac.uk,1
57769629,0.00000,hyp3_highl,belie,r,08/20/2026,14:35:04,eddie@node1k06.ecdf.ed.ac.uk,1
57769716,0.00000,hyp3_highl,belie,r,08/20/2026,14:35:39,eddie@node1j25.ecdf.ed.ac.uk,1
57769425,0.00000,hyp3_highl,belie,r,08/20/2026,14:33:50,eddie@node1s18.ecdf.ed.ac.uk,1
57769426,0.00000,hyp3_highl,belie,r,08/20/2026,14:33:50,eddie@node1o11.ecdf.ed.ac.uk,1
57769427,0.00000,hyp3_highl,belie,r,08/20/2026,14:33:50,eddie@node1j25.ecdf.ed.ac.uk,1
57769472,0.00000,hyp3_highl,belie,r,08/20/2026,14:34:07,eddie@node1l09.ecdf.ed.ac.uk,1
57769473,0.00000,hyp3_highl,belie,r,08/20/2026,14:34:07,eddie@node1l19.ecdf.ed.ac.uk,1
57769680,0.00000,hyp3_highl,belie,r,08/20/2026,14:35:27,eddie@node1j23.ecdf.ed.ac.uk,1
57768167,0.00000,hyp3_highl,belie,r,08/20/2026,14:24:20,eddie@node1h08.ecdf.ed.ac.uk,1
57768292,0.00000,hyp3_highl,belie,r,08/20/2026,14:25:08,eddie@node1r18.ecdf.ed.ac.uk,1
57769743,0.00000,hyp3_highl,belie,r,08/20/2026,14:35:49,eddie@node1j04.ecdf.ed.ac.uk,1
57769744,0.00000,hyp3_highl,belie,r,08/20/2026,14:35:49,eddie@node1k08.ecdf.ed.ac.uk,1
57768155,0.00000,hyp3_highl,belie,r,08/20/2026,14:24:12,eddie@node1h24.ecdf.ed.ac.uk,1
57768156,0.00000,hyp3_highl,belie,r,08/20/2026,14:24:12,eddie@node1o14.ecdf.ed.ac.uk,1
57769647,0.00000,hyp3_highl,belie,r,08/20/2026,14:35:13,eddie@node1s17.ecdf.ed.ac.uk,1
57769648,0.00000,hyp3_highl,belie,r,08/20/2026,14:35:13,eddie@node1s17.ecdf.ed.ac.uk,1
57769220,0.00000,hyp3_highl,belie,r,08/20/2026,14:32:29,eddie@node1s18.ecdf.ed.ac.uk,1
57769221,0.00000,hyp3_highl,belie,r,08/20/2026,14:32:29,eddie@node1j26.ecdf.ed.ac.uk,1
57768203,0.00000,hyp3_highl,belie,r,08/20/2026,14:24:32,eddie@node1k05.ecdf.ed.ac.uk,1
57769735,0.00000,hyp3_highl,belie,r,08/20/2026,14:35:45,eddie@node1j21.ecdf.ed.ac.uk,1
57768239,0.00000,hyp3_highl,belie,r,08/20/2026,14:24:46,eddie@node1o13.ecdf.ed.ac.uk,1
57769244,0.00000,hyp3_highl,belie,r,08/20/2026,14:32:37,eddie@node1o11.ecdf.ed.ac.uk,1
57769641,0.00000,hyp3_highl,belie,r,08/20/2026,14:35:10,eddie@node1j18.ecdf.ed.ac.uk,1
57769720,0.00000,hyp3_highl,belie,r,08/20/2026,14:35:40,eddie@node1s17.ecdf.ed.ac.uk,1
57769748,0.00000,hyp3_highl,belie,r,08/20/2026,14:35:53,eddie@node1r14.ecdf.ed.ac.uk,1
57768215,0.00000,hyp3_highl,belie,r,08/20/2026,14:24:37,eddie@node1j10.ecdf.ed.ac.uk,1
57769391,0.00000,hyp3_highl,belie,r,08/20/2026,14:33:42,eddie@node1l27.ecdf.ed.ac.uk,1
57769392,0.00000,hyp3_highl,belie,r,08/20/2026,14:33:42,eddie@node1o03.ecdf.ed.ac.uk,1
57769614,0.00000,hyp3_highl,belie,r,08/20/2026,14:35:00,eddie@node1j18.ecdf.ed.ac.uk,1
57769615,0.00000,hyp3_highl,belie,r,08/20/2026,14:35:00,eddie@node1k01.ecdf.ed.ac.uk,1
57769146,0.00000,hyp3_highl,belie,r,08/20/2026,14:31:53,eddie@node1j22.ecdf.ed.ac.uk,1
57769518,0.00000,hyp3_highl,belie,r,08/20/2026,14:34:26,eddie@node1o08.ecdf.ed.ac.uk,1
57769519,0.00000,hyp3_highl,belie,r,08/20/2026,14:34:26,eddie@node1m03.ecdf.ed.ac.uk,1
57769666,0.00000,hyp3_highl,belie,r,08/20/2026,14:35:21,eddie@node1j06.ecdf.ed.ac.uk,1
57769654,0.00000,hyp3_highl,belie,r,08/20/2026,14:35:16,eddie@node1h03.ecdf.ed.ac.uk,1
57769708,0.00000,hyp3_highl,belie,r,08/20/2026,14:35:35,eddie@node1l02.ecdf.ed.ac.uk,1
57769632,0.00000,hyp3_highl,belie,r,08/20/2026,14:35:05,eddie@node1h21.ecdf.ed.ac.uk,1
57769633,0.00000,hyp3_highl,belie,r,08/20/2026,14:35:05,eddie@node1k03.ecdf.ed.ac.uk,1
57769634,0.00000,hyp3_highl,belie,r,08/20/2026,14:35:05,eddie@node1m05.ecdf.ed.ac.uk,1
57769692,0.00000,hyp3_highl,belie,r,08/20/2026,14:35:31,eddie@node1k06.ecdf.ed.ac.uk,1
57769693,0.00000,hyp3_highl,belie,r,08/20/2026,14:35:31,eddie@node1m04.ecdf.ed.ac.uk,1
57769694,0.00000,hyp3_highl,belie,r,08/20/2026,14:35:31,eddie@node1k03.ecdf.ed.ac.uk,1
57769439,0.00000,hyp3_highl,belie,r,08/20/2026,14:33:55,eddie@node1h14.ecdf.ed.ac.uk,1
57769441,0.00000,hyp3_highl,belie,r,08/20/2026,14:33:55,eddie@node1m11.ecdf.ed.ac.uk,1
57768451,0.00000,hyp3_highl,belie,r,08/20/2026,14:26:17,eddie@node1h10.ecdf.ed.ac.uk,1
57769428,0.00000,hyp3_highl,belie,r,08/20/2026,14:33:50,eddie@node1r07.ecdf.ed.ac.uk,1
57769429,0.00000,hyp3_highl,belie,r,08/20/2026,14:33:50,eddie@node1m15.ecdf.ed.ac.uk,1
57769430,0.00000,hyp3_highl,belie,r,08/20/2026,14:33:50,eddie@node1k04.ecdf.ed.ac.uk,1
57769474,0.00000,hyp3_highl,belie,r,08/20/2026,14:34:07,eddie@node1j23.ecdf.ed.ac.uk,1
57769475,0.00000,hyp3_highl,belie,r,08/20/2026,14:34:07,eddie@node1j01.ecdf.ed.ac.uk,1
57769476,0.00000,hyp3_highl,belie,r,08/20/2026,14:34:07,eddie@node1m05.ecdf.ed.ac.uk,1
57768329,0.00000,hyp3_highl,belie,r,08/20/2026,14:25:28,eddie@node1j28.ecdf.ed.ac.uk,1
57769682,0.00000,hyp3_highl,belie,r,08/20/2026,14:35:27,eddie@node1m11.ecdf.ed.ac.uk,1
57769199,0.00000,hyp3_highl,belie,r,08/20/2026,14:32:13,eddie@node1o10.ecdf.ed.ac.uk,1
57769200,0.00000,hyp3_highl,belie,r,08/20/2026,14:32:13,eddie@node1r12.ecdf.ed.ac.uk,1
57769745,0.00000,hyp3_highl,belie,r,08/20/2026,14:35:49,eddie@node1k04.ecdf.ed.ac.uk,1
57769746,0.00000,hyp3_highl,belie,r,08/20/2026,14:35:49,eddie@node1m07.ecdf.ed.ac.uk,1
57768339,0.00000,hyp3_highl,belie,r,08/20/2026,14:25:33,eddie@node1h10.ecdf.ed.ac.uk,1
57768158,0.00000,hyp3_highl,belie,r,08/20/2026,14:24:12,eddie@node1o07.ecdf.ed.ac.uk,1
57769649,0.00000,hyp3_highl,belie,r,08/20/2026,14:35:13,eddie@node1r09.ecdf.ed.ac.uk,1
57769222,0.00000,hyp3_highl,belie,r,08/20/2026,14:32:29,eddie@node1s15.ecdf.ed.ac.uk,1
57769223,0.00000,hyp3_highl,belie,r,08/20/2026,14:32:29,eddie@node1j11.ecdf.ed.ac.uk,1
57769224,0.00000,hyp3_highl,belie,r,08/20/2026,14:32:29,eddie@node1m05.ecdf.ed.ac.uk,1
57769380,0.00000,hyp3_highl,belie,r,08/20/2026,14:33:37,eddie@node1l21.ecdf.ed.ac.uk,1
57769126,0.00000,hyp3_highl,belie,r,08/20/2026,14:31:46,eddie@node1m16.ecdf.ed.ac.uk,1
57769127,0.00000,hyp3_highl,belie,r,08/20/2026,14:31:46,eddie@node1h03.ecdf.ed.ac.uk,1
57769128,0.00000,hyp3_highl,belie,r,08/20/2026,14:31:46,eddie@node1h04.ecdf.ed.ac.uk,1
57769246,0.00000,hyp3_highl,belie,r,08/20/2026,14:32:37,eddie@node1r07.ecdf.ed.ac.uk,1
57769247,0.00000,hyp3_highl,belie,r,08/20/2026,14:32:37,eddie@node1r09.ecdf.ed.ac.uk,1
57769642,0.00000,hyp3_highl,belie,r,08/20/2026,14:35:10,eddie@node1j21.ecdf.ed.ac.uk,1
57769643,0.00000,hyp3_highl,belie,r,08/20/2026,14:35:10,eddie@node1l10.ecdf.ed.ac.uk,1
57769644,0.00000,hyp3_highl,belie,r,08/20/2026,14:35:10,eddie@node1l07.ecdf.ed.ac.uk,1
57769749,0.00000,hyp3_highl,belie,r,08/20/2026,14:35:53,eddie@node1r16.ecdf.ed.ac.uk,1
57768283,0.00000,hyp3_highl,belie,r,08/20/2026,14:25:00,eddie@node1j17.ecdf.ed.ac.uk,1
57769393,0.00000,hyp3_highl,belie,r,08/20/2026,14:33:42,eddie@node1r05.ecdf.ed.ac.uk,1
57769147,0.00000,hyp3_highl,belie,r,08/20/2026,14:31:53,eddie@node1j03.ecdf.ed.ac.uk,1
57769148,0.00000,hyp3_highl,belie,r,08/20/2026,14:31:53,eddie@node1j22.ecdf.ed.ac.uk,1
57769149,0.00000,hyp3_highl,belie,r,08/20/2026,14:31:53,eddie@node1j23.ecdf.ed.ac.uk,1
57768148,0.00000,hyp3_highl,belie,r,08/20/2026,14:24:06,eddie@node1o13.ecdf.ed.ac.uk,1
57769655,0.00000,hyp3_highl,belie,r,08/20/2026,14:35:16,eddie@node1m03.ecdf.ed.ac.uk,1
57769656,0.00000,hyp3_highl,belie,r,08/20/2026,14:35:16,eddie@node1l10.ecdf.ed.ac.uk,1
57769442,0.00000,hyp3_highl,belie,r,08/20/2026,14:33:55,eddie@node1m11.ecdf.ed.ac.uk,1
57769443,0.00000,hyp3_highl,belie,r,08/20/2026,14:33:55,eddie@node1j08.ecdf.ed.ac.uk,1
57769444,0.00000,hyp3_highl,belie,r,08/20/2026,14:33:55,eddie@node1l08.ecdf.ed.ac.uk,1
57768307,0.00000,hyp3_highl,belie,r,08/20/2026,14:25:17,eddie@node1j26.ecdf.ed.ac.uk,1
57768309,0.00000,hyp3_highl,belie,r,08/20/2026,14:25:17,eddie@node1l02.ecdf.ed.ac.uk,1
57769431,0.00000,hyp3_highl,belie,r,08/20/2026,14:33:50,eddie@node1m05.ecdf.ed.ac.uk,1
57769432,0.00000,hyp3_highl,belie,r,08/20/2026,14:33:50,eddie@node1j23.ecdf.ed.ac.uk,1
57769433,0.00000,hyp3_highl,belie,r,08/20/2026,14:33:50,eddie@node1j18.ecdf.ed.ac.uk,1
57769477,0.00000,hyp3_highl,belie,r,08/20/2026,14:34:07,eddie@node1j10.ecdf.ed.ac.uk,1
57769478,0.00000,hyp3_highl,belie,r,08/20/2026,14:34:07,eddie@node1j21.ecdf.ed.ac.uk,1
57768331,0.00000,hyp3_highl,belie,r,08/20/2026,14:25:28,eddie@node1s18.ecdf.ed.ac.uk,1
57768332,0.00000,hyp3_highl,belie,r,08/20/2026,14:25:28,eddie@node1h22.ecdf.ed.ac.uk,1
57769201,0.00000,hyp3_highl,belie,r,08/20/2026,14:32:13,eddie@node1r08.ecdf.ed.ac.uk,1
57768294,0.00000,hyp3_highl,belie,r,08/20/2026,14:25:08,eddie@node1r18.ecdf.ed.ac.uk,1
57769399,0.00000,hyp3_highl,belie,r,08/20/2026,14:33:45,eddie@node1m11.ecdf.ed.ac.uk,1
57769367,0.00000,hyp3_highl,belie,r,08/20/2026,14:33:30,eddie@node1r14.ecdf.ed.ac.uk,1
57768159,0.00000,hyp3_highl,belie,r,08/20/2026,14:24:12,eddie@node1k01.ecdf.ed.ac.uk,1
57769650,0.00000,hyp3_highl,belie,r,08/20/2026,14:35:13,eddie@node1l10.ecdf.ed.ac.uk,1
57769227,0.00000,hyp3_highl,belie,r,08/20/2026,14:32:29,eddie@node1j03.ecdf.ed.ac.uk,1
57769228,0.00000,hyp3_highl,belie,r,08/20/2026,14:32:29,eddie@node1j02.ecdf.ed.ac.uk,1
57769209,0.00000,hyp3_highl,belie,r,08/20/2026,14:32:17,eddie@node1h12.ecdf.ed.ac.uk,1
57769210,0.00000,hyp3_highl,belie,r,08/20/2026,14:32:17,eddie@node1m12.ecdf.ed.ac.uk,1
57768208,0.00000,hyp3_highl,belie,r,08/20/2026,14:24:32,eddie@node1j09.ecdf.ed.ac.uk,1
57769139,0.00000,hyp3_highl,belie,r,08/20/2026,14:31:49,eddie@node1j23.ecdf.ed.ac.uk,1
57769381,0.00000,hyp3_highl,belie,r,08/20/2026,14:33:37,eddie@node1r15.ecdf.ed.ac.uk,1
57769382,0.00000,hyp3_highl,belie,r,08/20/2026,14:33:38,eddie@node1h04.ecdf.ed.ac.uk,1
57769129,0.00000,hyp3_highl,belie,r,08/20/2026,14:31:46,eddie@node1o08.ecdf.ed.ac.uk,1
57769130,0.00000,hyp3_highl,belie,r,08/20/2026,14:31:46,eddie@node1r09.ecdf.ed.ac.uk,1
57769131,0.00000,hyp3_highl,belie,r,08/20/2026,14:31:46,eddie@node1h12.ecdf.ed.ac.uk,1
57768245,0.00000,hyp3_highl,belie,r,08/20/2026,14:24:46,eddie@node1k08.ecdf.ed.ac.uk,1
57769234,0.00000,hyp3_highl,belie,r,08/20/2026,14:32:32,eddie@node1m11.ecdf.ed.ac.uk,1
57769235,0.00000,hyp3_highl,belie,r,08/20/2026,14:32:32,eddie@node1l10.ecdf.ed.ac.uk,1
57769248,0.00000,hyp3_highl,belie,r,08/20/2026,14:32:37,eddie@node1l07.ecdf.ed.ac.uk,1
57769249,0.00000,hyp3_highl,belie,r,08/20/2026,14:32:37,eddie@node1j06.ecdf.ed.ac.uk,1
57769645,0.00000,hyp3_highl,belie,r,08/20/2026,14:35:10,eddie@node1j04.ecdf.ed.ac.uk,1
57768222,0.00000,hyp3_highl,belie,r,08/20/2026,14:24:37,eddie@node1k01.ecdf.ed.ac.uk,1
57769394,0.00000,hyp3_highl,belie,r,08/20/2026,14:33:42,eddie@node1h13.ecdf.ed.ac.uk,1
57769395,0.00000,hyp3_highl,belie,r,08/20/2026,14:33:42,eddie@node1r09.ecdf.ed.ac.uk,1
57769161,0.00000,hyp3_highl,belie,r,08/20/2026,14:31:56,eddie@node1r05.ecdf.ed.ac.uk,1
57769269,0.00000,hyp3_highl,belie,r,08/20/2026,14:32:45,eddie@node1s19.ecdf.ed.ac.uk,1
57769270,0.00000,hyp3_highl,belie,r,08/20/2026,14:32:45,eddie@node1h03.ecdf.ed.ac.uk,1
57769150,0.00000,hyp3_highl,belie,r,08/20/2026,14:31:53,eddie@node1j11.ecdf.ed.ac.uk,1
57769151,0.00000,hyp3_highl,belie,r,08/20/2026,14:31:53,eddie@node1m11.ecdf.ed.ac.uk,1
57769152,0.00000,hyp3_highl,belie,r,08/20/2026,14:31:53,eddie@node1k03.ecdf.ed.ac.uk,1
57769214,0.00000,hyp3_highl,belie,r,08/20/2026,14:32:22,eddie@node1s13.ecdf.ed.ac.uk,1
57768321,0.00000,hyp3_highl,belie,r,08/20/2026,14:25:24,eddie@node1h13.ecdf.ed.ac.uk,1
57768260,0.00000,hyp3_highl,belie,r,08/20/2026,14:24:51,eddie@node1o08.ecdf.ed.ac.uk,1
57768103,0.00000,hyp3_highl,belie,r,08/20/2026,14:23:38,eddie@node1j25.ecdf.ed.ac.uk,1
57768126,0.00000,hyp3_highl,belie,r,08/20/2026,14:23:54,eddie@node1o14.ecdf.ed.ac.uk,1
57768315,0.00000,hyp3_highl,belie,r,08/20/2026,14:25:21,eddie@node1o07.ecdf.ed.ac.uk,1
57769445,0.00000,hyp3_highl,belie,r,08/20/2026,14:33:55,eddie@node1k03.ecdf.ed.ac.uk,1
57769446,0.00000,hyp3_highl,belie,r,08/20/2026,14:33:55,eddie@node1j06.ecdf.ed.ac.uk,1
57769447,0.00000,hyp3_highl,belie,r,08/20/2026,14:33:55,eddie@node1j22.ecdf.ed.ac.uk,1
57768269,0.00000,hyp3_highl,belie,r,08/20/2026,14:24:54,eddie@node1o13.ecdf.ed.ac.uk,1
57768270,0.00000,hyp3_highl,belie,r,08/20/2026,14:24:54,eddie@node1o12.ecdf.ed.ac.uk,1
57768310,0.00000,hyp3_highl,belie,r,08/20/2026,14:25:17,eddie@node1m01.ecdf.ed.ac.uk,1
57769434,0.00000,hyp3_highl,belie,r,08/20/2026,14:33:50,eddie@node1k02.ecdf.ed.ac.uk,1
57769480,0.00000,hyp3_highl,belie,r,08/20/2026,14:34:07,eddie@node1j08.ecdf.ed.ac.uk,1
57768333,0.00000,hyp3_highl,belie,r,08/20/2026,14:25:28,eddie@node1o08.ecdf.ed.ac.uk,1
57769108,0.00000,hyp3_highl,belie,r,08/20/2026,14:31:38,eddie@node1r16.ecdf.ed.ac.uk,1
57769178,0.00000,hyp3_highl,belie,r,08/20/2026,14:32:04,eddie@node1h11.ecdf.ed.ac.uk,1
57769179,0.00000,hyp3_highl,belie,r,08/20/2026,14:32:04,eddie@node1o12.ecdf.ed.ac.uk,1
57769187,0.00000,hyp3_highl,belie,r,08/20/2026,14:32:07,eddie@node1h24.ecdf.ed.ac.uk,1
57769188,0.00000,hyp3_highl,belie,r,08/20/2026,14:32:07,eddie@node1j26.ecdf.ed.ac.uk,1
57769402,0.00000,hyp3_highl,belie,r,08/20/2026,14:33:45,eddie@node1m10.ecdf.ed.ac.uk,1
57769407,0.00000,hyp3_highl,belie,r,08/20/2026,14:33:45,eddie@node1k06.ecdf.ed.ac.uk,1
57769368,0.00000,hyp3_highl,belie,r,08/20/2026,14:33:30,eddie@node1l26.ecdf.ed.ac.uk,1
57769369,0.00000,hyp3_highl,belie,r,08/20/2026,14:33:30,eddie@node1r17.ecdf.ed.ac.uk,1
57769370,0.00000,hyp3_highl,belie,r,08/20/2026,14:33:30,eddie@node1r19.ecdf.ed.ac.uk,1
57768346,0.00000,hyp3_highl,belie,r,08/20/2026,14:25:33,eddie@node1k02.ecdf.ed.ac.uk,1
57769081,0.00000,hyp3_highl,belie,r,08/20/2026,14:31:18,eddie@node1s14.ecdf.ed.ac.uk,1
57769082,0.00000,hyp3_highl,belie,r,08/20/2026,14:31:18,eddie@node1o14.ecdf.ed.ac.uk,1
57769083,0.00000,hyp3_highl,belie,r,08/20/2026,14:31:18,eddie@node1m15.ecdf.ed.ac.uk,1
57769229,0.00000,hyp3_highl,belie,r,08/20/2026,14:32:29,eddie@node1k06.ecdf.ed.ac.uk,1
57769230,0.00000,hyp3_highl,belie,r,08/20/2026,14:32:29,eddie@node1j18.ecdf.ed.ac.uk,1
57769231,0.00000,hyp3_highl,belie,r,08/20/2026,14:32:29,eddie@node1l08.ecdf.ed.ac.uk,1
57769169,0.00000,hyp3_highl,belie,r,08/20/2026,14:32:00,eddie@node1o12.ecdf.ed.ac.uk,1
57769170,0.00000,hyp3_highl,belie,r,08/20/2026,14:32:00,eddie@node1l05.ecdf.ed.ac.uk,1
57769171,0.00000,hyp3_highl,belie,r,08/20/2026,14:32:00,eddie@node1l08.ecdf.ed.ac.uk,1
57769211,0.00000,hyp3_highl,belie,r,08/20/2026,14:32:17,eddie@node1k07.ecdf.ed.ac.uk,1
57769500,0.00000,hyp3_highl,belie,r,08/20/2026,14:34:18,eddie@node1s16.ecdf.ed.ac.uk,1
57769385,0.00000,hyp3_highl,belie,r,08/20/2026,14:33:38,eddie@node1h03.ecdf.ed.ac.uk,1
57769386,0.00000,hyp3_highl,belie,r,08/20/2026,14:33:38,eddie@node1m15.ecdf.ed.ac.uk,1
57769132,0.00000,hyp3_highl,belie,r,08/20/2026,14:31:46,eddie@node1h12.ecdf.ed.ac.uk,1
57768248,0.00000,hyp3_highl,belie,r,08/20/2026,14:24:46,eddie@node1k08.ecdf.ed.ac.uk,1
57769236,0.00000,hyp3_highl,belie,r,08/20/2026,14:32:32,eddie@node1j22.ecdf.ed.ac.uk,1
57769237,0.00000,hyp3_highl,belie,r,08/20/2026,14:32:32,eddie@node1l03.ecdf.ed.ac.uk,1
57769251,0.00000,hyp3_highl,belie,r,08/20/2026,14:32:37,eddie@node1l07.ecdf.ed.ac.uk,1
57769252,0.00000,hyp3_highl,belie,r,08/20/2026,14:32:37,eddie@node1j21.ecdf.ed.ac.uk,1
57769396,0.00000,hyp3_highl,belie,r,08/20/2026,14:33:42,eddie@node1l07.ecdf.ed.ac.uk,1
57769361,0.00000,hyp3_highl,belie,r,08/20/2026,14:33:26,eddie@node1r14.ecdf.ed.ac.uk,1
57769162,0.00000,hyp3_highl,belie,r,08/20/2026,14:31:56,eddie@node1j26.ecdf.ed.ac.uk,1
57769163,0.00000,hyp3_highl,belie,r,08/20/2026,14:31:56,eddie@node1h12.ecdf.ed.ac.uk,1
57769164,0.00000,hyp3_highl,belie,r,08/20/2026,14:31:56,eddie@node1j06.ecdf.ed.ac.uk,1
57769272,0.00000,hyp3_highl,belie,r,08/20/2026,14:32:45,eddie@node1r09.ecdf.ed.ac.uk,1
57769273,0.00000,hyp3_highl,belie,r,08/20/2026,14:32:45,eddie@node1j08.ecdf.ed.ac.uk,1
57769153,0.00000,hyp3_highl,belie,r,08/20/2026,14:31:53,eddie@node1k04.ecdf.ed.ac.uk,1
57769154,0.00000,hyp3_highl,belie,r,08/20/2026,14:31:53,eddie@node1l20.ecdf.ed.ac.uk,1
57769101,0.00000,hyp3_highl,belie,r,08/20/2026,14:31:35,eddie@node1l23.ecdf.ed.ac.uk,1
57768324,0.00000,hyp3_highl,belie,r,08/20/2026,14:25:24,eddie@node1k08.ecdf.ed.ac.uk,1
57769448,0.00000,hyp3_highl,belie,r,08/20/2026,14:33:55,eddie@node1k09.ecdf.ed.ac.uk,1
57769259,0.00000,hyp3_highl,belie,r,08/20/2026,14:32:40,eddie@node1h21.ecdf.ed.ac.uk,1
57768334,0.00000,hyp3_highl,belie,r,08/20/2026,14:25:28,eddie@node1l09.ecdf.ed.ac.uk,1
57769109,0.00000,hyp3_highl,belie,r,08/20/2026,14:31:38,eddie@node1o08.ecdf.ed.ac.uk,1
57769110,0.00000,hyp3_highl,belie,r,08/20/2026,14:31:38,eddie@node1j02.ecdf.ed.ac.uk,1
57769204,0.00000,hyp3_highl,belie,r,08/20/2026,14:32:13,eddie@node1o11.ecdf.ed.ac.uk,1
57769180,0.00000,hyp3_highl,belie,r,08/20/2026,14:32:04,eddie@node1s15.ecdf.ed.ac.uk,1
57769181,0.00000,hyp3_highl,belie,r,08/20/2026,14:32:04,eddie@node1h12.ecdf.ed.ac.uk,1
57769189,0.00000,hyp3_highl,belie,r,08/20/2026,14:32:07,eddie@node1j01.ecdf.ed.ac.uk,1
57769190,0.00000,hyp3_highl,belie,r,08/20/2026,14:32:07,eddie@node1l20.ecdf.ed.ac.uk,1
57769191,0.00000,hyp3_highl,belie,r,08/20/2026,14:32:07,eddie@node1j21.ecdf.ed.ac.uk,1
57769371,0.00000,hyp3_highl,belie,r,08/20/2026,14:33:30,eddie@node1j27.ecdf.ed.ac.uk,1
57769372,0.00000,hyp3_highl,belie,r,08/20/2026,14:33:30,eddie@node1j27.ecdf.ed.ac.uk,1
57769373,0.00000,hyp3_highl,belie,r,08/20/2026,14:33:30,eddie@node1r18.ecdf.ed.ac.uk,1
57768348,0.00000,hyp3_highl,belie,r,08/20/2026,14:25:33,eddie@node1k01.ecdf.ed.ac.uk,1
57768472,0.00000,hyp3_highl,belie,r,08/20/2026,14:26:29,eddie@node1r12.ecdf.ed.ac.uk,1
57769084,0.00000,hyp3_highl,belie,r,08/20/2026,14:31:18,eddie@node1k01.ecdf.ed.ac.uk,1
57769232,0.00000,hyp3_highl,belie,r,08/20/2026,14:32:29,eddie@node1l19.ecdf.ed.ac.uk,1
57769172,0.00000,hyp3_highl,belie,r,08/20/2026,14:32:00,eddie@node1k08.ecdf.ed.ac.uk,1
57769173,0.00000,hyp3_highl,belie,r,08/20/2026,14:32:00,eddie@node1m01.ecdf.ed.ac.uk,1
57769501,0.00000,hyp3_highl,belie,r,08/20/2026,14:34:18,eddie@node1h06.ecdf.ed.ac.uk,1
57769502,0.00000,hyp3_highl,belie,r,08/20/2026,14:34:18,eddie@node1k02.ecdf.ed.ac.uk,1
57769503,0.00000,hyp3_highl,belie,r,08/20/2026,14:34:18,eddie@node1j18.ecdf.ed.ac.uk,1
57769141,0.00000,hyp3_highl,belie,r,08/20/2026,14:31:49,eddie@node1m05.ecdf.ed.ac.uk,1
57769142,0.00000,hyp3_highl,belie,r,08/20/2026,14:31:49,eddie@node1j19.ecdf.ed.ac.uk,1
57769143,0.00000,hyp3_highl,belie,r,08/20/2026,14:31:49,eddie@node1j17.ecdf.ed.ac.uk,1
57769387,0.00000,hyp3_highl,belie,r,08/20/2026,14:33:38,eddie@node1m15.ecdf.ed.ac.uk,1
57769134,0.00000,hyp3_highl,belie,r,08/20/2026,14:31:46,eddie@node1m05.ecdf.ed.ac.uk,1
57769239,0.00000,hyp3_highl,belie,r,08/20/2026,14:32:32,eddie@node1j17.ecdf.ed.ac.uk,1
57769240,0.00000,hyp3_highl,belie,r,08/20/2026,14:32:32,eddie@node1k07.ecdf.ed.ac.uk,1
57769253,0.00000,hyp3_highl,belie,r,08/20/2026,14:32:37,eddie@node1k03.ecdf.ed.ac.uk,1
57769254,0.00000,hyp3_highl,belie,r,08/20/2026,14:32:37,eddie@node1j04.ecdf.ed.ac.uk,1
57769255,0.00000,hyp3_highl,belie,r,08/20/2026,14:32:37,eddie@node1m05.ecdf.ed.ac.uk,1
57769453,0.00000,hyp3_highl,belie,r,08/20/2026,14:33:57,eddie@node1k07.ecdf.ed.ac.uk,1
57769218,0.00000,hyp3_highl,belie,r,08/20/2026,14:32:25,eddie@node1o13.ecdf.ed.ac.uk,1
57769483,0.00000,hyp3_highl,belie,r,08/20/2026,14:34:10,eddie@node1h10.ecdf.ed.ac.uk,1
57769484,0.00000,hyp3_highl,belie,r,08/20/2026,14:34:10,eddie@node1s16.ecdf.ed.ac.uk,1
57769362,0.00000,hyp3_highl,belie,r,08/20/2026,14:33:26,eddie@node1l26.ecdf.ed.ac.uk,1
57768386,0.00000,hyp3_highl,belie,r,08/20/2026,14:25:47,eddie@node1h08.ecdf.ed.ac.uk,1
57769165,0.00000,hyp3_highl,belie,r,08/20/2026,14:31:56,eddie@node1l07.ecdf.ed.ac.uk,1
57769275,0.00000,hyp3_highl,belie,r,08/20/2026,14:32:45,eddie@node1l08.ecdf.ed.ac.uk,1
57769491,0.00000,hyp3_highl,belie,r,08/20/2026,14:34:13,eddie@node1h16.ecdf.ed.ac.uk,1
57769492,0.00000,hyp3_highl,belie,r,08/20/2026,14:34:13,eddie@node1h03.ecdf.ed.ac.uk,1
57769155,0.00000,hyp3_highl,belie,r,08/20/2026,14:31:53,eddie@node1k06.ecdf.ed.ac.uk,1
57769010,0.00000,hyp3_highl,belie,r,08/20/2026,14:30:43,eddie@node1h07.ecdf.ed.ac.uk,1
57769103,0.00000,hyp3_highl,belie,r,08/20/2026,14:31:35,eddie@node1h08.ecdf.ed.ac.uk,1
57769104,0.00000,hyp3_highl,belie,r,08/20/2026,14:31:35,eddie@node1r18.ecdf.ed.ac.uk,1
57769215,0.00000,hyp3_highl,belie,r,08/20/2026,14:32:22,eddie@node1o12.ecdf.ed.ac.uk,1
57768355,0.00000,hyp3_highl,belie,r,08/20/2026,14:25:36,eddie@node1m10.ecdf.ed.ac.uk,1
57768366,0.00000,hyp3_highl,belie,r,08/20/2026,14:25:39,eddie@node1s18.ecdf.ed.ac.uk,1
57768316,0.00000,hyp3_highl,belie,r,08/20/2026,14:25:21,eddie@node1h12.ecdf.ed.ac.uk,1
57768286,0.00000,hyp3_highl,belie,r,08/20/2026,14:25:02,eddie@node1r08.ecdf.ed.ac.uk,1
57769260,0.00000,hyp3_highl,belie,r,08/20/2026,14:32:40,eddie@node1h10.ecdf.ed.ac.uk,1
57769262,0.00000,hyp3_highl,belie,r,08/20/2026,14:32:40,eddie@node1k08.ecdf.ed.ac.uk,1
57769112,0.00000,hyp3_highl,belie,r,08/20/2026,14:31:38,eddie@node1j21.ecdf.ed.ac.uk,1
57769192,0.00000,hyp3_highl,belie,r,08/20/2026,14:32:07,eddie@node1j09.ecdf.ed.ac.uk,1
57769193,0.00000,hyp3_highl,belie,r,08/20/2026,14:32:07,eddie@node1j17.ecdf.ed.ac.uk,1
57769182,0.00000,hyp3_highl,belie,r,08/20/2026,14:32:04,eddie@node1k03.ecdf.ed.ac.uk,1
57769183,0.00000,hyp3_highl,belie,r,08/20/2026,14:32:04,eddie@node1j08.ecdf.ed.ac.uk,1
57769184,0.00000,hyp3_highl,belie,r,08/20/2026,14:32:04,eddie@node1k09.ecdf.ed.ac.uk,1
57769374,0.00000,hyp3_highl,belie,r,08/20/2026,14:33:30,eddie@node1h24.ecdf.ed.ac.uk,1
57768475,0.00000,hyp3_highl,belie,r,08/20/2026,14:26:29,eddie@node1s19.ecdf.ed.ac.uk,1
57769085,0.00000,hyp3_highl,belie,r,08/20/2026,14:31:18,eddie@node1l19.ecdf.ed.ac.uk,1
57769339,0.00000,hyp3_highl,belie,r,08/20/2026,14:33:09,eddie@node1m16.ecdf.ed.ac.uk,1
57769174,0.00000,hyp3_highl,belie,r,08/20/2026,14:32:00,eddie@node1j06.ecdf.ed.ac.uk,1
57769206,0.00000,hyp3_highl,belie,r,08/20/2026,14:32:13,eddie@node1h04.ecdf.ed.ac.uk,1
57769207,0.00000,hyp3_highl,belie,r,08/20/2026,14:32:13,eddie@node1h06.ecdf.ed.ac.uk,1
57769212,0.00000,hyp3_highl,belie,r,08/20/2026,14:32:17,eddie@node1m12.ecdf.ed.ac.uk,1
57769504,0.00000,hyp3_highl,belie,r,08/20/2026,14:34:18,eddie@node1k01.ecdf.ed.ac.uk,1
57769505,0.00000,hyp3_highl,belie,r,08/20/2026,14:34:18,eddie@node1k02.ecdf.ed.ac.uk,1
57769506,0.00000,hyp3_highl,belie,r,08/20/2026,14:34:18,eddie@node1m10.ecdf.ed.ac.uk,1
57769450,0.00000,hyp3_highl,belie,r,08/20/2026,14:33:56,eddie@node1f13.ecdf.ed.ac.uk,1
57769451,0.00000,hyp3_highl,belie,r,08/20/2026,14:33:56,eddie@node1h14.ecdf.ed.ac.uk,1
57769068,0.00000,hyp3_highl,belie,r,08/20/2026,14:31:08,eddie@node1o05.ecdf.ed.ac.uk,1
57769135,0.00000,hyp3_highl,belie,r,08/20/2026,14:31:46,eddie@node1j03.ecdf.ed.ac.uk,1
57769136,0.00000,hyp3_highl,belie,r,08/20/2026,14:31:46,eddie@node1j11.ecdf.ed.ac.uk,1
57768399,0.00000,hyp3_highl,belie,r,08/20/2026,14:25:51,eddie@node1j27.ecdf.ed.ac.uk,1
57768374,0.00000,hyp3_highl,belie,r,08/20/2026,14:25:42,eddie@node1o13.ecdf.ed.ac.uk,1
57769241,0.00000,hyp3_highl,belie,r,08/20/2026,14:32:32,eddie@node1j11.ecdf.ed.ac.uk,1
57769256,0.00000,hyp3_highl,belie,r,08/20/2026,14:32:37,eddie@node1k04.ecdf.ed.ac.uk,1
57769257,0.00000,hyp3_highl,belie,r,08/20/2026,14:32:37,eddie@node1j19.ecdf.ed.ac.uk,1
57769456,0.00000,hyp3_highl,belie,r,08/20/2026,14:33:57,eddie@node1j04.ecdf.ed.ac.uk,1
57768422,0.00000,hyp3_highl,belie,r,08/20/2026,14:26:01,eddie@node1r18.ecdf.ed.ac.uk,1
57768424,0.00000,hyp3_highl,belie,r,08/20/2026,14:26:01,eddie@node1l20.ecdf.ed.ac.uk,1
57769091,0.00000,hyp3_highl,belie,r,08/20/2026,14:31:22,eddie@node1r17.ecdf.ed.ac.uk,1
57769092,0.00000,hyp3_highl,belie,r,08/20/2026,14:31:22,eddie@node1j27.ecdf.ed.ac.uk,1
57769485,0.00000,hyp3_highl,belie,r,08/20/2026,14:34:10,eddie@node1o12.ecdf.ed.ac.uk,1
57769486,0.00000,hyp3_highl,belie,r,08/20/2026,14:34:10,eddie@node1h03.ecdf.ed.ac.uk,1
57769365,0.00000,hyp3_highl,belie,r,08/20/2026,14:33:26,eddie@node1l22.ecdf.ed.ac.uk,1
57768388,0.00000,hyp3_highl,belie,r,08/20/2026,14:25:47,eddie@node1o14.ecdf.ed.ac.uk,1
57769323,0.00000,hyp3_highl,belie,r,08/20/2026,14:33:04,eddie@node1h10.ecdf.ed.ac.uk,1
57769324,0.00000,hyp3_highl,belie,r,08/20/2026,14:33:04,eddie@node1h04.ecdf.ed.ac.uk,1
57769326,0.00000,hyp3_highl,belie,r,08/20/2026,14:33:04,eddie@node1o08.ecdf.ed.ac.uk,1
57769276,0.00000,hyp3_highl,belie,r,08/20/2026,14:32:45,eddie@node1j06.ecdf.ed.ac.uk,1
57769277,0.00000,hyp3_highl,belie,r,08/20/2026,14:32:45,eddie@node1k06.ecdf.ed.ac.uk,1
57769278,0.00000,hyp3_highl,belie,r,08/20/2026,14:32:45,eddie@node1l19.ecdf.ed.ac.uk,1
57769493,0.00000,hyp3_highl,belie,r,08/20/2026,14:34:13,eddie@node1s15.ecdf.ed.ac.uk,1
57769510,0.00000,hyp3_highl,belie,r,08/20/2026,14:34:21,eddie@node1l25.ecdf.ed.ac.uk,1
57769511,0.00000,hyp3_highl,belie,r,08/20/2026,14:34:21,eddie@node1l24.ecdf.ed.ac.uk,1
57769012,0.00000,hyp3_highl,belie,r,08/20/2026,14:30:43,eddie@node1s14.ecdf.ed.ac.uk,1
57769105,0.00000,hyp3_highl,belie,r,08/20/2026,14:31:35,eddie@node1m01.ecdf.ed.ac.uk,1
57769106,0.00000,hyp3_highl,belie,r,08/20/2026,14:31:35,eddie@node1k08.ecdf.ed.ac.uk,1
57768891,0.00000,hyp3_highl,belie,r,08/20/2026,14:29:37,eddie@node1r09.ecdf.ed.ac.uk,1
57768995,0.00000,hyp3_highl,belie,r,08/20/2026,14:30:30,eddie@node1s18.ecdf.ed.ac.uk,1
57769024,0.00000,hyp3_highl,belie,r,08/20/2026,14:30:48,eddie@node1r05.ecdf.ed.ac.uk,1
57769025,0.00000,hyp3_highl,belie,r,08/20/2026,14:30:48,eddie@node1s17.ecdf.ed.ac.uk,1
57769026,0.00000,hyp3_highl,belie,r,08/20/2026,14:30:48,eddie@node1r09.ecdf.ed.ac.uk,1
57768357,0.00000,hyp3_highl,belie,r,08/20/2026,14:25:36,eddie@node1j11.ecdf.ed.ac.uk,1
57768367,0.00000,hyp3_highl,belie,r,08/20/2026,14:25:39,eddie@node1o14.ecdf.ed.ac.uk,1
57768368,0.00000,hyp3_highl,belie,r,08/20/2026,14:25:39,eddie@node1o12.ecdf.ed.ac.uk,1
57769263,0.00000,hyp3_highl,belie,r,08/20/2026,14:32:40,eddie@node1l05.ecdf.ed.ac.uk,1
57769264,0.00000,hyp3_highl,belie,r,08/20/2026,14:32:40,eddie@node1k01.ecdf.ed.ac.uk,1
57769265,0.00000,hyp3_highl,belie,r,08/20/2026,14:32:40,eddie@node1l09.ecdf.ed.ac.uk,1
57768903,0.00000,hyp3_highl,belie,r,08/20/2026,14:29:42,eddie@node1j25.ecdf.ed.ac.uk,1
57769114,0.00000,hyp3_highl,belie,r,08/20/2026,14:31:38,eddie@node1j18.ecdf.ed.ac.uk,1
57769115,0.00000,hyp3_highl,belie,r,08/20/2026,14:31:38,eddie@node1l19.ecdf.ed.ac.uk,1
57769116,0.00000,hyp3_highl,belie,r,08/20/2026,14:31:38,eddie@node1j04.ecdf.ed.ac.uk,1
57769077,0.00000,hyp3_highl,belie,r,08/20/2026,14:31:13,eddie@node1j22.ecdf.ed.ac.uk,1
57769086,0.00000,hyp3_highl,belie,r,08/20/2026,14:31:18,eddie@node1k06.ecdf.ed.ac.uk,1
57769087,0.00000,hyp3_highl,belie,r,08/20/2026,14:31:18,eddie@node1j17.ecdf.ed.ac.uk,1
57769340,0.00000,hyp3_highl,belie,r,08/20/2026,14:33:09,eddie@node1j25.ecdf.ed.ac.uk,1
57769341,0.00000,hyp3_highl,belie,r,08/20/2026,14:33:09,eddie@node1m05.ecdf.ed.ac.uk,1
57769342,0.00000,hyp3_highl,belie,r,08/20/2026,14:33:09,eddie@node1k04.ecdf.ed.ac.uk,1
57769507,0.00000,hyp3_highl,belie,r,08/20/2026,14:34:18,eddie@node1l08.ecdf.ed.ac.uk,1
57769508,0.00000,hyp3_highl,belie,r,08/20/2026,14:34:18,eddie@node1j04.ecdf.ed.ac.uk,1
57769069,0.00000,hyp3_highl,belie,r,08/20/2026,14:31:08,eddie@node1s13.ecdf.ed.ac.uk,1
57769070,0.00000,hyp3_highl,belie,r,08/20/2026,14:31:08,eddie@node1h12.ecdf.ed.ac.uk,1
57769099,0.00000,hyp3_highl,belie,r,08/20/2026,14:31:31,eddie@node1r18.ecdf.ed.ac.uk,1
57769291,0.00000,hyp3_highl,belie,r,08/20/2026,14:32:51,eddie@node1r18.ecdf.ed.ac.uk,1
57768510,0.00000,hyp3_highl,belie,r,08/20/2026,14:26:43,eddie@node1h24.ecdf.ed.ac.uk,1
57768426,0.00000,hyp3_highl,belie,r,08/20/2026,14:26:01,eddie@node1l20.ecdf.ed.ac.uk,1
57769093,0.00000,hyp3_highl,belie,r,08/20/2026,14:31:22,eddie@node1k03.ecdf.ed.ac.uk,1
57769487,0.00000,hyp3_highl,belie,r,08/20/2026,14:34:10,eddie@node1h03.ecdf.ed.ac.uk,1
57769488,0.00000,hyp3_highl,belie,r,08/20/2026,14:34:10,eddie@node1h14.ecdf.ed.ac.uk,1
57769489,0.00000,hyp3_highl,belie,r,08/20/2026,14:34:10,eddie@node1m07.ecdf.ed.ac.uk,1
57769058,0.00000,hyp3_highl,belie,r,08/20/2026,14:31:03,eddie@node1j03.ecdf.ed.ac.uk,1
57768390,0.00000,hyp3_highl,belie,r,08/20/2026,14:25:47,eddie@node1k02.ecdf.ed.ac.uk,1
57769279,0.00000,hyp3_highl,belie,r,08/20/2026,14:32:45,eddie@node1j10.ecdf.ed.ac.uk,1
57769495,0.00000,hyp3_highl,belie,r,08/20/2026,14:34:13,eddie@node1o08.ecdf.ed.ac.uk,1
57769512,0.00000,hyp3_highl,belie,r,08/20/2026,14:34:21,eddie@node1h11.ecdf.ed.ac.uk,1
57769122,0.00000,hyp3_highl,belie,r,08/20/2026,14:31:40,eddie@node1r19.ecdf.ed.ac.uk,1
57769123,0.00000,hyp3_highl,belie,r,08/20/2026,14:31:40,eddie@node1o07.ecdf.ed.ac.uk,1
57768501,0.00000,hyp3_highl,belie,r,08/20/2026,14:26:37,eddie@node1r07.ecdf.ed.ac.uk,1
57768892,0.00000,hyp3_highl,belie,r,08/20/2026,14:29:37,eddie@node1j18.ecdf.ed.ac.uk,1
57769051,0.00000,hyp3_highl,belie,r,08/20/2026,14:31:00,eddie@node1j27.ecdf.ed.ac.uk,1
57769052,0.00000,hyp3_highl,belie,r,08/20/2026,14:31:00,eddie@node1j27.ecdf.ed.ac.uk,1
57769027,0.00000,hyp3_highl,belie,r,08/20/2026,14:30:48,eddie@node1r07.ecdf.ed.ac.uk,1
57769028,0.00000,hyp3_highl,belie,r,08/20/2026,14:30:48,eddie@node1j04.ecdf.ed.ac.uk,1
57768370,0.00000,hyp3_highl,belie,r,08/20/2026,14:25:39,eddie@node1l03.ecdf.ed.ac.uk,1
57769266,0.00000,hyp3_highl,belie,r,08/20/2026,14:32:40,eddie@node1j03.ecdf.ed.ac.uk,1
57768409,0.00000,hyp3_highl,belie,r,08/20/2026,14:25:54,eddie@node1r05.ecdf.ed.ac.uk,1
57768410,0.00000,hyp3_highl,belie,r,08/20/2026,14:25:54,eddie@node1o13.ecdf.ed.ac.uk,1
57768905,0.00000,hyp3_highl,belie,r,08/20/2026,14:29:42,eddie@node1j25.ecdf.ed.ac.uk,1
57768870,0.00000,hyp3_highl,belie,r,08/20/2026,14:29:27,eddie@node1h04.ecdf.ed.ac.uk,1
57769118,0.00000,hyp3_highl,belie,r,08/20/2026,14:31:39,eddie@node1k01.ecdf.ed.ac.uk,1
57769088,0.00000,hyp3_highl,belie,r,08/20/2026,14:31:18,eddie@node1j19.ecdf.ed.ac.uk,1
57769343,0.00000,hyp3_highl,belie,r,08/20/2026,14:33:09,eddie@node1l19.ecdf.ed.ac.uk,1
57769344,0.00000,hyp3_highl,belie,r,08/20/2026,14:33:09,eddie@node1j21.ecdf.ed.ac.uk,1
57769071,0.00000,hyp3_highl,belie,r,08/20/2026,14:31:08,eddie@node1m05.ecdf.ed.ac.uk,1
57768686,0.00000,hyp3_highl,belie,r,08/20/2026,14:28:02,eddie@node1m16.ecdf.ed.ac.uk,1
57769292,0.00000,hyp3_highl,belie,r,08/20/2026,14:32:51,eddie@node1s15.ecdf.ed.ac.uk,1
57769293,0.00000,hyp3_highl,belie,r,08/20/2026,14:32:51,eddie@node1m12.ecdf.ed.ac.uk,1
57769294,0.00000,hyp3_highl,belie,r,08/20/2026,14:32:51,eddie@node1j21.ecdf.ed.ac.uk,1
57768511,0.00000,hyp3_highl,belie,r,08/20/2026,14:26:43,eddie@node1h24.ecdf.ed.ac.uk,1
57768882,0.00000,hyp3_highl,belie,r,08/20/2026,14:29:32,eddie@node1h04.ecdf.ed.ac.uk,1
57768428,0.00000,hyp3_highl,belie,r,08/20/2026,14:26:01,eddie@node1l20.ecdf.ed.ac.uk,1
57769094,0.00000,hyp3_highl,belie,r,08/20/2026,14:31:22,eddie@node1j08.ecdf.ed.ac.uk,1
57769301,0.00000,hyp3_highl,belie,r,08/20/2026,14:32:54,eddie@node1s13.ecdf.ed.ac.uk,1
57769302,0.00000,hyp3_highl,belie,r,08/20/2026,14:32:54,eddie@node1s16.ecdf.ed.ac.uk,1
57769303,0.00000,hyp3_highl,belie,r,08/20/2026,14:32:54,eddie@node1k07.ecdf.ed.ac.uk,1
57769040,0.00000,hyp3_highl,belie,r,08/20/2026,14:30:55,eddie@node1s20.ecdf.ed.ac.uk,1
57769060,0.00000,hyp3_highl,belie,r,08/20/2026,14:31:03,eddie@node1j23.ecdf.ed.ac.uk,1
57769334,0.00000,hyp3_highl,belie,r,08/20/2026,14:33:04,eddie@node1r09.ecdf.ed.ac.uk,1
57769335,0.00000,hyp3_highl,belie,r,08/20/2026,14:33:04,eddie@node1k07.ecdf.ed.ac.uk,1
57769017,0.00000,hyp3_highl,belie,r,08/20/2026,14:30:43,eddie@node1k03.ecdf.ed.ac.uk,1
57768897,0.00000,hyp3_highl,belie,r,08/20/2026,14:29:37,eddie@node1k02.ecdf.ed.ac.uk,1
57768996,0.00000,hyp3_highl,belie,r,08/20/2026,14:30:30,eddie@node1r09.ecdf.ed.ac.uk,1
57769053,0.00000,hyp3_highl,belie,r,08/20/2026,14:31:00,eddie@node1r09.ecdf.ed.ac.uk,1
57769054,0.00000,hyp3_highl,belie,r,08/20/2026,14:31:00,eddie@node1k08.ecdf.ed.ac.uk,1
57768907,0.00000,hyp3_highl,belie,r,08/20/2026,14:29:42,eddie@node1j19.ecdf.ed.ac.uk,1
57768908,0.00000,hyp3_highl,belie,r,08/20/2026,14:29:42,eddie@node1j03.ecdf.ed.ac.uk,1
57768985,0.00000,hyp3_highl,belie,r,08/20/2026,14:30:24,eddie@node1l27.ecdf.ed.ac.uk,1
57768872,0.00000,hyp3_highl,belie,r,08/20/2026,14:29:27,eddie@node1h06.ecdf.ed.ac.uk,1
57768873,0.00000,hyp3_highl,belie,r,08/20/2026,14:29:27,eddie@node1h12.ecdf.ed.ac.uk,1
57769079,0.00000,hyp3_highl,belie,r,08/20/2026,14:31:13,eddie@node1k02.ecdf.ed.ac.uk,1
57768482,0.00000,hyp3_highl,belie,r,08/20/2026,14:26:29,eddie@node1r09.ecdf.ed.ac.uk,1
57768483,0.00000,hyp3_highl,belie,r,08/20/2026,14:26:29,eddie@node1h14.ecdf.ed.ac.uk,1
57769347,0.00000,hyp3_highl,belie,r,08/20/2026,14:33:09,eddie@node1l20.ecdf.ed.ac.uk,1
57769072,0.00000,hyp3_highl,belie,r,08/20/2026,14:31:08,eddie@node1m05.ecdf.ed.ac.uk,1
57769317,0.00000,hyp3_highl,belie,r,08/20/2026,14:32:59,eddie@node1r19.ecdf.ed.ac.uk,1
57768688,0.00000,hyp3_highl,belie,r,08/20/2026,14:28:02,eddie@node1o07.ecdf.ed.ac.uk,1
57769285,0.00000,hyp3_highl,belie,r,08/20/2026,14:32:47,eddie@node1h16.ecdf.ed.ac.uk,1
57769295,0.00000,hyp3_highl,belie,r,08/20/2026,14:32:51,eddie@node1m12.ecdf.ed.ac.uk,1
57769296,0.00000,hyp3_highl,belie,r,08/20/2026,14:32:51,eddie@node1m04.ecdf.ed.ac.uk,1
57768513,0.00000,hyp3_highl,belie,r,08/20/2026,14:26:43,eddie@node1s17.ecdf.ed.ac.uk,1
57768514,0.00000,hyp3_highl,belie,r,08/20/2026,14:26:43,eddie@node1m15.ecdf.ed.ac.uk,1
57768883,0.00000,hyp3_highl,belie,r,08/20/2026,14:29:32,eddie@node1h06.ecdf.ed.ac.uk,1
57768884,0.00000,hyp3_highl,belie,r,08/20/2026,14:29:32,eddie@node1m04.ecdf.ed.ac.uk,1
57769351,0.00000,hyp3_highl,belie,r,08/20/2026,14:33:12,eddie@node1h10.ecdf.ed.ac.uk,1
57769305,0.00000,hyp3_highl,belie,r,08/20/2026,14:32:54,eddie@node1k06.ecdf.ed.ac.uk,1
57769306,0.00000,hyp3_highl,belie,r,08/20/2026,14:32:54,eddie@node1l02.ecdf.ed.ac.uk,1
57768525,0.00000,hyp3_highl,belie,r,08/20/2026,14:26:47,eddie@node1k06.ecdf.ed.ac.uk,1
57768492,0.00000,hyp3_highl,belie,r,08/20/2026,14:26:33,eddie@node1j27.ecdf.ed.ac.uk,1
57769041,0.00000,hyp3_highl,belie,r,08/20/2026,14:30:55,eddie@node1r12.ecdf.ed.ac.uk,1
57769042,0.00000,hyp3_highl,belie,r,08/20/2026,14:30:55,eddie@node1s19.ecdf.ed.ac.uk,1
57769043,0.00000,hyp3_highl,belie,r,08/20/2026,14:30:55,eddie@node1j26.ecdf.ed.ac.uk,1
57769061,0.00000,hyp3_highl,belie,r,08/20/2026,14:31:03,eddie@node1j03.ecdf.ed.ac.uk,1
57768552,0.00000,hyp3_highl,belie,r,08/20/2026,14:26:57,eddie@node1o12.ecdf.ed.ac.uk,1
57768980,0.00000,hyp3_highl,belie,r,08/20/2026,14:30:21,eddie@node1h23.ecdf.ed.ac.uk,1
57769065,0.00000,hyp3_highl,belie,r,08/20/2026,14:31:04,eddie@node1k04.ecdf.ed.ac.uk,1
57769018,0.00000,hyp3_highl,belie,r,08/20/2026,14:30:43,eddie@node1j08.ecdf.ed.ac.uk,1
57769020,0.00000,hyp3_highl,belie,r,08/20/2026,14:30:43,eddie@node1j10.ecdf.ed.ac.uk,1
57768930,0.00000,hyp3_highl,belie,r,08/20/2026,14:29:50,eddie@node1l10.ecdf.ed.ac.uk,1
57769288,0.00000,hyp3_highl,belie,r,08/20/2026,14:32:48,eddie@node1j04.ecdf.ed.ac.uk,1
57768441,0.00000,hyp3_highl,belie,r,08/20/2026,14:26:07,eddie@node1r18.ecdf.ed.ac.uk,1
57768442,0.00000,hyp3_highl,belie,r,08/20/2026,14:26:07,eddie@node1o12.ecdf.ed.ac.uk,1
57768443,0.00000,hyp3_highl,belie,r,08/20/2026,14:26:07,eddie@node1k08.ecdf.ed.ac.uk,1
57768502,0.00000,hyp3_highl,belie,r,08/20/2026,14:26:37,eddie@node1j17.ecdf.ed.ac.uk,1
57768997,0.00000,hyp3_highl,belie,r,08/20/2026,14:30:30,eddie@node1h12.ecdf.ed.ac.uk,1
57768998,0.00000,hyp3_highl,belie,r,08/20/2026,14:30:30,eddie@node1j03.ecdf.ed.ac.uk,1
57769030,0.00000,hyp3_highl,belie,r,08/20/2026,14:30:48,eddie@node1l08.ecdf.ed.ac.uk,1
57769031,0.00000,hyp3_highl,belie,r,08/20/2026,14:30:48,eddie@node1j21.ecdf.ed.ac.uk,1
57768457,0.00000,hyp3_highl,belie,r,08/20/2026,14:26:17,eddie@node1k02.ecdf.ed.ac.uk,1
57768718,0.00000,hyp3_highl,belie,r,08/20/2026,14:28:13,eddie@node1h08.ecdf.ed.ac.uk,1
57768910,0.00000,hyp3_highl,belie,r,08/20/2026,14:29:42,eddie@node1j19.ecdf.ed.ac.uk,1
57768912,0.00000,hyp3_highl,belie,r,08/20/2026,14:29:42,eddie@node1j11.ecdf.ed.ac.uk,1
57768986,0.00000,hyp3_highl,belie,r,08/20/2026,14:30:24,eddie@node1s13.ecdf.ed.ac.uk,1
57768874,0.00000,hyp3_highl,belie,r,08/20/2026,14:29:27,eddie@node1l08.ecdf.ed.ac.uk,1
57768875,0.00000,hyp3_highl,belie,r,08/20/2026,14:29:27,eddie@node1j04.ecdf.ed.ac.uk,1
57768876,0.00000,hyp3_highl,belie,r,08/20/2026,14:29:27,eddie@node1l08.ecdf.ed.ac.uk,1
57769310,0.00000,hyp3_highl,belie,r,08/20/2026,14:32:56,eddie@node1j18.ecdf.ed.ac.uk,1
57769311,0.00000,hyp3_highl,belie,r,08/20/2026,14:32:56,eddie@node1j02.ecdf.ed.ac.uk,1
57769312,0.00000,hyp3_highl,belie,r,08/20/2026,14:32:56,eddie@node1k02.ecdf.ed.ac.uk,1
57768484,0.00000,hyp3_highl,belie,r,08/20/2026,14:26:29,eddie@node1k09.ecdf.ed.ac.uk,1
57769348,0.00000,hyp3_highl,belie,r,08/20/2026,14:33:09,eddie@node1k03.ecdf.ed.ac.uk,1
57768851,0.00000,hyp3_highl,belie,r,08/20/2026,14:29:16,eddie@node1s18.ecdf.ed.ac.uk,1
57768656,0.00000,hyp3_highl,belie,r,08/20/2026,14:27:42,eddie@node1o07.ecdf.ed.ac.uk,1
57769281,0.00000,hyp3_highl,belie,r,08/20/2026,14:32:46,eddie@node1m07.ecdf.ed.ac.uk,1
57769282,0.00000,hyp3_highl,belie,r,08/20/2026,14:32:46,eddie@node1m07.ecdf.ed.ac.uk,1
57769318,0.00000,hyp3_highl,belie,r,08/20/2026,14:32:59,eddie@node1h16.ecdf.ed.ac.uk,1
57768691,0.00000,hyp3_highl,belie,r,08/20/2026,14:28:02,eddie@node1h06.ecdf.ed.ac.uk,1
57768693,0.00000,hyp3_highl,belie,r,08/20/2026,14:28:02,eddie@node1h12.ecdf.ed.ac.uk,1
57769286,0.00000,hyp3_highl,belie,r,08/20/2026,14:32:47,eddie@node1j08.ecdf.ed.ac.uk,1
57769287,0.00000,hyp3_highl,belie,r,08/20/2026,14:32:47,eddie@node1j01.ecdf.ed.ac.uk,1
57769298,0.00000,hyp3_highl,belie,r,08/20/2026,14:32:51,eddie@node1m01.ecdf.ed.ac.uk,1
57768516,0.00000,hyp3_highl,belie,r,08/20/2026,14:26:43,eddie@node1l20.ecdf.ed.ac.uk,1
57768517,0.00000,hyp3_highl,belie,r,08/20/2026,14:26:43,eddie@node1j01.ecdf.ed.ac.uk,1
57768885,0.00000,hyp3_highl,belie,r,08/20/2026,14:29:32,eddie@node1k01.ecdf.ed.ac.uk,1
57768886,0.00000,hyp3_highl,belie,r,08/20/2026,14:29:32,eddie@node1k07.ecdf.ed.ac.uk,1
57768432,0.00000,hyp3_highl,belie,r,08/20/2026,14:26:01,eddie@node1j21.ecdf.ed.ac.uk,1
57768434,0.00000,hyp3_highl,belie,r,08/20/2026,14:26:01,eddie@node1m01.ecdf.ed.ac.uk,1
57769352,0.00000,hyp3_highl,belie,r,08/20/2026,14:33:12,eddie@node1s18.ecdf.ed.ac.uk,1
57769307,0.00000,hyp3_highl,belie,r,08/20/2026,14:32:54,eddie@node1k09.ecdf.ed.ac.uk,1
57768527,0.00000,hyp3_highl,belie,r,08/20/2026,14:26:47,eddie@node1l08.ecdf.ed.ac.uk,1
57768528,0.00000,hyp3_highl,belie,r,08/20/2026,14:26:47,eddie@node1k07.ecdf.ed.ac.uk,1
57768529,0.00000,hyp3_highl,belie,r,08/20/2026,14:26:47,eddie@node1k08.ecdf.ed.ac.uk,1
57768493,0.00000,hyp3_highl,belie,r,08/20/2026,14:26:33,eddie@node1h13.ecdf.ed.ac.uk,1
57768494,0.00000,hyp3_highl,belie,r,08/20/2026,14:26:33,eddie@node1m15.ecdf.ed.ac.uk,1
57768495,0.00000,hyp3_highl,belie,r,08/20/2026,14:26:33,eddie@node1m15.ecdf.ed.ac.uk,1
57769045,0.00000,hyp3_highl,belie,r,08/20/2026,14:30:55,eddie@node1m15.ecdf.ed.ac.uk,1
57769046,0.00000,hyp3_highl,belie,r,08/20/2026,14:30:55,eddie@node1h04.ecdf.ed.ac.uk,1
57768553,0.00000,hyp3_highl,belie,r,08/20/2026,14:26:57,eddie@node1h14.ecdf.ed.ac.uk,1
57768554,0.00000,hyp3_highl,belie,r,08/20/2026,14:26:57,eddie@node1j23.ecdf.ed.ac.uk,1
57768555,0.00000,hyp3_highl,belie,r,08/20/2026,14:26:57,eddie@node1k09.ecdf.ed.ac.uk,1
57769337,0.00000,hyp3_highl,belie,r,08/20/2026,14:33:04,eddie@node1m10.ecdf.ed.ac.uk,1
57768792,0.00000,hyp3_highl,belie,r,08/20/2026,14:28:45,eddie@node1r12.ecdf.ed.ac.uk,1
57768981,0.00000,hyp3_highl,belie,r,08/20/2026,14:30:21,eddie@node1o10.ecdf.ed.ac.uk,1
57768942,0.00000,hyp3_highl,belie,r,08/20/2026,14:29:55,eddie@node1j25.ecdf.ed.ac.uk,1
57768943,0.00000,hyp3_highl,belie,r,08/20/2026,14:29:55,eddie@node1o08.ecdf.ed.ac.uk,1
57769021,0.00000,hyp3_highl,belie,r,08/20/2026,14:30:43,eddie@node1j22.ecdf.ed.ac.uk,1
57768418,0.00000,hyp3_highl,belie,r,08/20/2026,14:25:55,eddie@node1r09.ecdf.ed.ac.uk,1
57769289,0.00000,hyp3_highl,belie,r,08/20/2026,14:32:48,eddie@node1l10.ecdf.ed.ac.uk,1
57768444,0.00000,hyp3_highl,belie,r,08/20/2026,14:26:07,eddie@node1l08.ecdf.ed.ac.uk,1
57768446,0.00000,hyp3_highl,belie,r,08/20/2026,14:26:07,eddie@node1k08.ecdf.ed.ac.uk,1
57768506,0.00000,hyp3_highl,belie,r,08/20/2026,14:26:37,eddie@node1j09.ecdf.ed.ac.uk,1
57768898,0.00000,hyp3_highl,belie,r,08/20/2026,14:29:37,eddie@node1j01.ecdf.ed.ac.uk,1
57768899,0.00000,hyp3_highl,belie,r,08/20/2026,14:29:37,eddie@node1m04.ecdf.ed.ac.uk,1
57769032,0.00000,hyp3_highl,belie,r,08/20/2026,14:30:48,eddie@node1j04.ecdf.ed.ac.uk,1
57769033,0.00000,hyp3_highl,belie,r,08/20/2026,14:30:48,eddie@node1l08.ecdf.ed.ac.uk,1
57768966,0.00000,hyp3_highl,belie,r,08/20/2026,14:30:09,eddie@node1o14.ecdf.ed.ac.uk,1
57768616,0.00000,hyp3_highl,belie,r,08/20/2026,14:27:21,eddie@node1o13.ecdf.ed.ac.uk,1
57768617,0.00000,hyp3_highl,belie,r,08/20/2026,14:27:21,eddie@node1h14.ecdf.ed.ac.uk,1
57768987,0.00000,hyp3_highl,belie,r,08/20/2026,14:30:24,eddie@node1h08.ecdf.ed.ac.uk,1
57768988,0.00000,hyp3_highl,belie,r,08/20/2026,14:30:24,eddie@node1h10.ecdf.ed.ac.uk,1
57768989,0.00000,hyp3_highl,belie,r,08/20/2026,14:30:24,eddie@node1h08.ecdf.ed.ac.uk,1
57769037,0.00000,hyp3_highl,belie,r,08/20/2026,14:30:52,eddie@node1m15.ecdf.ed.ac.uk,1
57769313,0.00000,hyp3_highl,belie,r,08/20/2026,14:32:56,eddie@node1k01.ecdf.ed.ac.uk,1
57768920,0.00000,hyp3_highl,belie,r,08/20/2026,14:29:45,eddie@node1o12.ecdf.ed.ac.uk,1
57768921,0.00000,hyp3_highl,belie,r,08/20/2026,14:29:45,eddie@node1o08.ecdf.ed.ac.uk,1
57769349,0.00000,hyp3_highl,belie,r,08/20/2026,14:33:09,eddie@node1j22.ecdf.ed.ac.uk,1
57768852,0.00000,hyp3_highl,belie,r,08/20/2026,14:29:16,eddie@node1s16.ecdf.ed.ac.uk,1
57768853,0.00000,hyp3_highl,belie,r,08/20/2026,14:29:16,eddie@node1h04.ecdf.ed.ac.uk,1
57768855,0.00000,hyp3_highl,belie,r,08/20/2026,14:29:16,eddie@node1r20.ecdf.ed.ac.uk,1
57768658,0.00000,hyp3_highl,belie,r,08/20/2026,14:27:42,eddie@node1k04.ecdf.ed.ac.uk,1
57768699,0.00000,hyp3_highl,belie,r,08/20/2026,14:28:05,eddie@node1r17.ecdf.ed.ac.uk,1
57769320,0.00000,hyp3_highl,belie,r,08/20/2026,14:32:59,eddie@node1m03.ecdf.ed.ac.uk,1
57769321,0.00000,hyp3_highl,belie,r,08/20/2026,14:32:59,eddie@node1m03.ecdf.ed.ac.uk,1
57768695,0.00000,hyp3_highl,belie,r,08/20/2026,14:28:02,eddie@node1j06.ecdf.ed.ac.uk,1
57768518,0.00000,hyp3_highl,belie,r,08/20/2026,14:26:43,eddie@node1l20.ecdf.ed.ac.uk,1
57768520,0.00000,hyp3_highl,belie,r,08/20/2026,14:26:43,eddie@node1j01.ecdf.ed.ac.uk,1
57768888,0.00000,hyp3_highl,belie,r,08/20/2026,14:29:32,eddie@node1l09.ecdf.ed.ac.uk,1
57769353,0.00000,hyp3_highl,belie,r,08/20/2026,14:33:12,eddie@node1h24.ecdf.ed.ac.uk,1
57768531,0.00000,hyp3_highl,belie,r,08/20/2026,14:26:47,eddie@node1l20.ecdf.ed.ac.uk,1
57769047,0.00000,hyp3_highl,belie,r,08/20/2026,14:30:55,eddie@node1r09.ecdf.ed.ac.uk,1
57768496,0.00000,hyp3_highl,belie,r,08/20/2026,14:26:33,eddie@node1h06.ecdf.ed.ac.uk,1
57768466,0.00000,hyp3_highl,belie,r,08/20/2026,14:26:22,eddie@node1h12.ecdf.ed.ac.uk,1
57768467,0.00000,hyp3_highl,belie,r,08/20/2026,14:26:22,eddie@node1j17.ecdf.ed.ac.uk,1
57768595,0.00000,hyp3_highl,belie,r,08/20/2026,14:27:12,eddie@node1o07.ecdf.ed.ac.uk,1
57768557,0.00000,hyp3_highl,belie,r,08/20/2026,14:26:57,eddie@node1m10.ecdf.ed.ac.uk,1
57768558,0.00000,hyp3_highl,belie,r,08/20/2026,14:26:57,eddie@node1j11.ecdf.ed.ac.uk,1
57768794,0.00000,hyp3_highl,belie,r,08/20/2026,14:28:45,eddie@node1h06.ecdf.ed.ac.uk,1
57768945,0.00000,hyp3_highl,belie,r,08/20/2026,14:29:55,eddie@node1j06.ecdf.ed.ac.uk,1
57768957,0.00000,hyp3_highl,belie,r,08/20/2026,14:30:00,eddie@node1o07.ecdf.ed.ac.uk,1
57768932,0.00000,hyp3_highl,belie,r,08/20/2026,14:29:50,eddie@node1j09.ecdf.ed.ac.uk,1
57768933,0.00000,hyp3_highl,belie,r,08/20/2026,14:29:50,eddie@node1j21.ecdf.ed.ac.uk,1
57768934,0.00000,hyp3_highl,belie,r,08/20/2026,14:29:50,eddie@node1l20.ecdf.ed.ac.uk,1
57769000,0.00000,hyp3_highl,belie,r,08/20/2026,14:30:30,eddie@node1j03.ecdf.ed.ac.uk,1
57768901,0.00000,hyp3_highl,belie,r,08/20/2026,14:29:37,eddie@node1k08.ecdf.ed.ac.uk,1
57768447,0.00000,hyp3_highl,belie,r,08/20/2026,14:26:07,eddie@node1l08.ecdf.ed.ac.uk,1
57768568,0.00000,hyp3_highl,belie,r,08/20/2026,14:27:02,eddie@node1o12.ecdf.ed.ac.uk,1
57768848,0.00000,hyp3_highl,belie,r,08/20/2026,14:29:12,eddie@node1h16.ecdf.ed.ac.uk,1
57768486,0.00000,hyp3_highl,belie,r,08/20/2026,14:26:30,eddie@node1l03.ecdf.ed.ac.uk,1
57768487,0.00000,hyp3_highl,belie,r,08/20/2026,14:26:30,eddie@node1m10.ecdf.ed.ac.uk,1
57768709,0.00000,hyp3_highl,belie,r,08/20/2026,14:28:08,eddie@node1h08.ecdf.ed.ac.uk,1
57768720,0.00000,hyp3_highl,belie,r,08/20/2026,14:28:13,eddie@node1r07.ecdf.ed.ac.uk,1
57768618,0.00000,hyp3_highl,belie,r,08/20/2026,14:27:21,eddie@node1h12.ecdf.ed.ac.uk,1
57768760,0.00000,hyp3_highl,belie,r,08/20/2026,14:28:30,eddie@node1j25.ecdf.ed.ac.uk,1
57768761,0.00000,hyp3_highl,belie,r,08/20/2026,14:28:30,eddie@node1r09.ecdf.ed.ac.uk,1
57768762,0.00000,hyp3_highl,belie,r,08/20/2026,14:28:30,eddie@node1k04.ecdf.ed.ac.uk,1
57768990,0.00000,hyp3_highl,belie,r,08/20/2026,14:30:24,eddie@node1o07.ecdf.ed.ac.uk,1
57768992,0.00000,hyp3_highl,belie,r,08/20/2026,14:30:24,eddie@node1r09.ecdf.ed.ac.uk,1
57769038,0.00000,hyp3_highl,belie,r,08/20/2026,14:30:52,eddie@node1m15.ecdf.ed.ac.uk,1
57768915,0.00000,hyp3_highl,belie,r,08/20/2026,14:29:42,eddie@node1m01.ecdf.ed.ac.uk,1
57768916,0.00000,hyp3_highl,belie,r,08/20/2026,14:29:42,eddie@node1j19.ecdf.ed.ac.uk,1
57768581,0.00000,hyp3_highl,belie,r,08/20/2026,14:27:07,eddie@node1m15.ecdf.ed.ac.uk,1
57768922,0.00000,hyp3_highl,belie,r,08/20/2026,14:29:45,eddie@node1k04.ecdf.ed.ac.uk,1
57768923,0.00000,hyp3_highl,belie,r,08/20/2026,14:29:45,eddie@node1k04.ecdf.ed.ac.uk,1
57768924,0.00000,hyp3_highl,belie,r,08/20/2026,14:29:45,eddie@node1k01.ecdf.ed.ac.uk,1
57768803,0.00000,hyp3_highl,belie,r,08/20/2026,14:28:50,eddie@node1h16.ecdf.ed.ac.uk,1
57769003,0.00000,hyp3_highl,belie,r,08/20/2026,14:30:31,eddie@node1j25.ecdf.ed.ac.uk,1
57768963,0.00000,hyp3_highl,belie,r,08/20/2026,14:30:05,eddie@node1s13.ecdf.ed.ac.uk,1
57768857,0.00000,hyp3_highl,belie,r,08/20/2026,14:29:16,eddie@node1r20.ecdf.ed.ac.uk,1
57768660,0.00000,hyp3_highl,belie,r,08/20/2026,14:27:42,eddie@node1l19.ecdf.ed.ac.uk,1
57768662,0.00000,hyp3_highl,belie,r,08/20/2026,14:27:42,eddie@node1k06.ecdf.ed.ac.uk,1
57768700,0.00000,hyp3_highl,belie,r,08/20/2026,14:28:05,eddie@node1r05.ecdf.ed.ac.uk,1
57768701,0.00000,hyp3_highl,belie,r,08/20/2026,14:28:05,eddie@node1o13.ecdf.ed.ac.uk,1
57768537,0.00000,hyp3_highl,belie,r,08/20/2026,14:26:50,eddie@node1l19.ecdf.ed.ac.uk,1
57768606,0.00000,hyp3_highl,belie,r,08/20/2026,14:27:16,eddie@node1j18.ecdf.ed.ac.uk,1
57768548,0.00000,hyp3_highl,belie,r,08/20/2026,14:26:53,eddie@node1j02.ecdf.ed.ac.uk,1
57768983,0.00000,hyp3_highl,belie,r,08/20/2026,14:30:21,eddie@node1o08.ecdf.ed.ac.uk,1
57768947,0.00000,hyp3_highl,belie,r,08/20/2026,14:29:55,eddie@node1k06.ecdf.ed.ac.uk,1
57768949,0.00000,hyp3_highl,belie,r,08/20/2026,14:29:55,eddie@node1m07.ecdf.ed.ac.uk,1
57768958,0.00000,hyp3_highl,belie,r,08/20/2026,14:30:00,eddie@node1o12.ecdf.ed.ac.uk,1
57768959,0.00000,hyp3_highl,belie,r,08/20/2026,14:30:00,eddie@node1o12.ecdf.ed.ac.uk,1
57768935,0.00000,hyp3_highl,belie,r,08/20/2026,14:29:50,eddie@node1j03.ecdf.ed.ac.uk,1
57768937,0.00000,hyp3_highl,belie,r,08/20/2026,14:29:50,eddie@node1l09.ecdf.ed.ac.uk,1
57768668,0.00000,hyp3_highl,belie,r,08/20/2026,14:27:46,eddie@node1h04.ecdf.ed.ac.uk,1
57768669,0.00000,hyp3_highl,belie,r,08/20/2026,14:27:46,eddie@node1h06.ecdf.ed.ac.uk,1
57768674,0.00000,hyp3_highl,belie,r,08/20/2026,14:27:54,eddie@node1o10.ecdf.ed.ac.uk,1
57768570,0.00000,hyp3_highl,belie,r,08/20/2026,14:27:02,eddie@node1h12.ecdf.ed.ac.uk,1
57768967,0.00000,hyp3_highl,belie,r,08/20/2026,14:30:09,eddie@node1o07.ecdf.ed.ac.uk,1
57768968,0.00000,hyp3_highl,belie,r,08/20/2026,14:30:09,eddie@node1h03.ecdf.ed.ac.uk,1
57768810,0.00000,hyp3_highl,belie,r,08/20/2026,14:28:53,eddie@node1r07.ecdf.ed.ac.uk,1
57768711,0.00000,hyp3_highl,belie,r,08/20/2026,14:28:08,eddie@node1s16.ecdf.ed.ac.uk,1
57768712,0.00000,hyp3_highl,belie,r,08/20/2026,14:28:08,eddie@node1o12.ecdf.ed.ac.uk,1
57768713,0.00000,hyp3_highl,belie,r,08/20/2026,14:28:08,eddie@node1l08.ecdf.ed.ac.uk,1
57768721,0.00000,hyp3_highl,belie,r,08/20/2026,14:28:13,eddie@node1h24.ecdf.ed.ac.uk,1
57768620,0.00000,hyp3_highl,belie,r,08/20/2026,14:27:21,eddie@node1l20.ecdf.ed.ac.uk,1
57768763,0.00000,hyp3_highl,belie,r,08/20/2026,14:28:30,eddie@node1l10.ecdf.ed.ac.uk,1
57768764,0.00000,hyp3_highl,belie,r,08/20/2026,14:28:30,eddie@node1k04.ecdf.ed.ac.uk,1
57768765,0.00000,hyp3_highl,belie,r,08/20/2026,14:28:30,eddie@node1k06.ecdf.ed.ac.uk,1
57768840,0.00000,hyp3_highl,belie,r,08/20/2026,14:29:06,eddie@node1o07.ecdf.ed.ac.uk,1
57768585,0.00000,hyp3_highl,belie,r,08/20/2026,14:27:07,eddie@node1j17.ecdf.ed.ac.uk,1
57768925,0.00000,hyp3_highl,belie,r,08/20/2026,14:29:45,eddie@node1m05.ecdf.ed.ac.uk,1
57768926,0.00000,hyp3_highl,belie,r,08/20/2026,14:29:45,eddie@node1j08.ecdf.ed.ac.uk,1
57768804,0.00000,hyp3_highl,belie,r,08/20/2026,14:28:50,eddie@node1j25.ecdf.ed.ac.uk,1
57768858,0.00000,hyp3_highl,belie,r,08/20/2026,14:29:16,eddie@node1h06.ecdf.ed.ac.uk,1
57768663,0.00000,hyp3_highl,belie,r,08/20/2026,14:27:42,eddie@node1k04.ecdf.ed.ac.uk,1
57768664,0.00000,hyp3_highl,belie,r,08/20/2026,14:27:42,eddie@node1k07.ecdf.ed.ac.uk,1
57768735,0.00000,hyp3_highl,belie,r,08/20/2026,14:28:18,eddie@node1j25.ecdf.ed.ac.uk,1
57768736,0.00000,hyp3_highl,belie,r,08/20/2026,14:28:18,eddie@node1l19.ecdf.ed.ac.uk,1
57768702,0.00000,hyp3_highl,belie,r,08/20/2026,14:28:05,eddie@node1h24.ecdf.ed.ac.uk,1
57768703,0.00000,hyp3_highl,belie,r,08/20/2026,14:28:05,eddie@node1r09.ecdf.ed.ac.uk,1
57768973,0.00000,hyp3_highl,belie,r,08/20/2026,14:30:13,eddie@node1s18.ecdf.ed.ac.uk,1
57768540,0.00000,hyp3_highl,belie,r,08/20/2026,14:26:50,eddie@node1k02.ecdf.ed.ac.uk,1
57768832,0.00000,hyp3_highl,belie,r,08/20/2026,14:29:02,eddie@node1j25.ecdf.ed.ac.uk,1
57768833,0.00000,hyp3_highl,belie,r,08/20/2026,14:29:02,eddie@node1r09.ecdf.ed.ac.uk,1
57768609,0.00000,hyp3_highl,belie,r,08/20/2026,14:27:16,eddie@node1k08.ecdf.ed.ac.uk,1
57768549,0.00000,hyp3_highl,belie,r,08/20/2026,14:26:53,eddie@node1l08.ecdf.ed.ac.uk,1
57768823,0.00000,hyp3_highl,belie,r,08/20/2026,14:28:59,eddie@node1h05.ecdf.ed.ac.uk,1
57768824,0.00000,hyp3_highl,belie,r,08/20/2026,14:28:59,eddie@node1o12.ecdf.ed.ac.uk,1
57768562,0.00000,hyp3_highl,belie,r,08/20/2026,14:26:57,eddie@node1j11.ecdf.ed.ac.uk,1
57768640,0.00000,hyp3_highl,belie,r,08/20/2026,14:27:32,eddie@node1r16.ecdf.ed.ac.uk,1
57768795,0.00000,hyp3_highl,belie,r,08/20/2026,14:28:45,eddie@node1k03.ecdf.ed.ac.uk,1
57768950,0.00000,hyp3_highl,belie,r,08/20/2026,14:29:55,eddie@node1k07.ecdf.ed.ac.uk,1
57768939,0.00000,hyp3_highl,belie,r,08/20/2026,14:29:50,eddie@node1j18.ecdf.ed.ac.uk,1
57768670,0.00000,hyp3_highl,belie,r,08/20/2026,14:27:46,eddie@node1k08.ecdf.ed.ac.uk,1
57768671,0.00000,hyp3_highl,belie,r,08/20/2026,14:27:46,eddie@node1j23.ecdf.ed.ac.uk,1
57768676,0.00000,hyp3_highl,belie,r,08/20/2026,14:27:54,eddie@node1h22.ecdf.ed.ac.uk,1
57768743,0.00000,hyp3_highl,belie,r,08/20/2026,14:28:21,eddie@node1j28.ecdf.ed.ac.uk,1
57768744,0.00000,hyp3_highl,belie,r,08/20/2026,14:28:21,eddie@node1r18.ecdf.ed.ac.uk,1
57768770,0.00000,hyp3_highl,belie,r,08/20/2026,14:28:33,eddie@node1l22.ecdf.ed.ac.uk,1
57768777,0.00000,hyp3_highl,belie,r,08/20/2026,14:28:36,eddie@node1o14.ecdf.ed.ac.uk,1
57768726,0.00000,hyp3_highl,belie,r,08/20/2026,14:28:14,eddie@node1k06.ecdf.ed.ac.uk,1
57768714,0.00000,hyp3_highl,belie,r,08/20/2026,14:28:08,eddie@node1l08.ecdf.ed.ac.uk,1
57768622,0.00000,hyp3_highl,belie,r,08/20/2026,14:27:21,eddie@node1k03.ecdf.ed.ac.uk,1
57768841,0.00000,hyp3_highl,belie,r,08/20/2026,14:29:06,eddie@node1h06.ecdf.ed.ac.uk,1
57768648,0.00000,hyp3_highl,belie,r,08/20/2026,14:27:36,eddie@node1h24.ecdf.ed.ac.uk,1
57768805,0.00000,hyp3_highl,belie,r,08/20/2026,14:28:50,eddie@node1l08.ecdf.ed.ac.uk,1
57768806,0.00000,hyp3_highl,belie,r,08/20/2026,14:28:50,eddie@node1l08.ecdf.ed.ac.uk,1
57768807,0.00000,hyp3_highl,belie,r,08/20/2026,14:28:50,eddie@node1m04.ecdf.ed.ac.uk,1
57768964,0.00000,hyp3_highl,belie,r,08/20/2026,14:30:05,eddie@node1s18.ecdf.ed.ac.uk,1
57768737,0.00000,hyp3_highl,belie,r,08/20/2026,14:28:18,eddie@node1k08.ecdf.ed.ac.uk,1
57768705,0.00000,hyp3_highl,belie,r,08/20/2026,14:28:05,eddie@node1h12.ecdf.ed.ac.uk,1
57768834,0.00000,hyp3_highl,belie,r,08/20/2026,14:29:02,eddie@node1k04.ecdf.ed.ac.uk,1
57768611,0.00000,hyp3_highl,belie,r,08/20/2026,14:27:16,eddie@node1m11.ecdf.ed.ac.uk,1
57768612,0.00000,hyp3_highl,belie,r,08/20/2026,14:27:16,eddie@node1k01.ecdf.ed.ac.uk,1
57768635,0.00000,hyp3_highl,belie,r,08/20/2026,14:27:28,eddie@node1h08.ecdf.ed.ac.uk,1
57768786,0.00000,hyp3_highl,belie,r,08/20/2026,14:28:39,eddie@node1j08.ecdf.ed.ac.uk,1
57768599,0.00000,hyp3_highl,belie,r,08/20/2026,14:27:12,eddie@node1l19.ecdf.ed.ac.uk,1
57768600,0.00000,hyp3_highl,belie,r,08/20/2026,14:27:12,eddie@node1k09.ecdf.ed.ac.uk,1
57768641,0.00000,hyp3_highl,belie,r,08/20/2026,14:27:32,eddie@node1o08.ecdf.ed.ac.uk,1
57768653,0.00000,hyp3_highl,belie,r,08/20/2026,14:27:37,eddie@node1s15.ecdf.ed.ac.uk,1
57768797,0.00000,hyp3_highl,belie,r,08/20/2026,14:28:45,eddie@node1l20.ecdf.ed.ac.uk,1
57768953,0.00000,hyp3_highl,belie,r,08/20/2026,14:29:56,eddie@node1s16.ecdf.ed.ac.uk,1
57768961,0.00000,hyp3_highl,belie,r,08/20/2026,14:30:00,eddie@node1j08.ecdf.ed.ac.uk,1
57768576,0.00000,hyp3_highl,belie,r,08/20/2026,14:27:03,eddie@node1r17.ecdf.ed.ac.uk,1
57768678,0.00000,hyp3_highl,belie,r,08/20/2026,14:27:54,eddie@node1l03.ecdf.ed.ac.uk,1
57768745,0.00000,hyp3_highl,belie,r,08/20/2026,14:28:21,eddie@node1l08.ecdf.ed.ac.uk,1
57768629,0.00000,hyp3_highl,belie,r,08/20/2026,14:27:24,eddie@node1r09.ecdf.ed.ac.uk,1
57768778,0.00000,hyp3_highl,belie,r,08/20/2026,14:28:36,eddie@node1s16.ecdf.ed.ac.uk,1
57768818,0.00000,hyp3_highl,belie,r,08/20/2026,14:28:56,eddie@node1h22.ecdf.ed.ac.uk,1
57768727,0.00000,hyp3_highl,belie,r,08/20/2026,14:28:14,eddie@node1l19.ecdf.ed.ac.uk,1
57768590,0.00000,hyp3_highl,belie,r,08/20/2026,14:27:08,eddie@node1o07.ecdf.ed.ac.uk,1
57768808,0.00000,hyp3_highl,belie,r,08/20/2026,14:28:50,eddie@node1l19.ecdf.ed.ac.uk,1
57768650,0.00000,hyp3_highl,belie,r,08/20/2026,14:27:36,eddie@node1k06.ecdf.ed.ac.uk,1
57768730,0.00000,hyp3_highl,belie,r,08/20/2026,14:28:15,eddie@node1l08.ecdf.ed.ac.uk,1
57768731,0.00000,hyp3_highl,belie,r,08/20/2026,14:28:15,eddie@node1j01.ecdf.ed.ac.uk,1
57768835,0.00000,hyp3_highl,belie,r,08/20/2026,14:29:02,eddie@node1k06.ecdf.ed.ac.uk,1
57768836,0.00000,hyp3_highl,belie,r,08/20/2026,14:29:02,eddie@node1k09.ecdf.ed.ac.uk,1
57768753,0.00000,hyp3_highl,belie,r,08/20/2026,14:28:25,eddie@node1j27.ecdf.ed.ac.uk,1
57768637,0.00000,hyp3_highl,belie,r,08/20/2026,14:27:28,eddie@node1k06.ecdf.ed.ac.uk,1
57768954,0.00000,hyp3_highl,belie,r,08/20/2026,14:29:56,eddie@node1l08.ecdf.ed.ac.uk,1
57768798,0.00000,hyp3_highl,belie,r,08/20/2026,14:28:45,eddie@node1j09.ecdf.ed.ac.uk,1
57768654,0.00000,hyp3_highl,belie,r,08/20/2026,14:27:37,eddie@node1k07.ecdf.ed.ac.uk,1
57768746,0.00000,hyp3_highl,belie,r,08/20/2026,14:28:21,eddie@node1j02.ecdf.ed.ac.uk,1
57768747,0.00000,hyp3_highl,belie,r,08/20/2026,14:28:21,eddie@node1k07.ecdf.ed.ac.uk,1
57768679,0.00000,hyp3_highl,belie,r,08/20/2026,14:27:54,eddie@node1k09.ecdf.ed.ac.uk,1
57768774,0.00000,hyp3_highl,belie,r,08/20/2026,14:28:33,eddie@node1j06.ecdf.ed.ac.uk,1
57768775,0.00000,hyp3_highl,belie,r,08/20/2026,14:28:33,eddie@node1l19.ecdf.ed.ac.uk,1
57768672,0.00000,hyp3_highl,belie,r,08/20/2026,14:27:46,eddie@node1k02.ecdf.ed.ac.uk,1
57768780,0.00000,hyp3_highl,belie,r,08/20/2026,14:28:36,eddie@node1l05.ecdf.ed.ac.uk,1
57768819,0.00000,hyp3_highl,belie,r,08/20/2026,14:28:56,eddie@node1h12.ecdf.ed.ac.uk,1
57768820,0.00000,hyp3_highl,belie,r,08/20/2026,14:28:56,eddie@node1j18.ecdf.ed.ac.uk,1
57768821,0.00000,hyp3_highl,belie,r,08/20/2026,14:28:56,eddie@node1l19.ecdf.ed.ac.uk,1
