job-ID,prior,name,user,state,submit/start,at,queue,jclass,slots,ja-task-ID
------------------------------------------------------------------------------------------------------------------------------------------------
58699927,0.03081,OOP-stripe,s2108353,r,10/01/2026,04:09:27,gpu@node1q09.ecdf.ed.ac.uk,1
58699926,0.03057,OOP-stripe,s2108353,r,10/01/2026,01:19:07,gpu@node1s05.ecdf.ed.ac.uk,1
58699925,0.03056,OOP-stripe,s2108353,r,10/01/2026,01:15:28,gpu@node1p05.ecdf.ed.ac.uk,1
58699920,0.03016,OOP-stripe,s2108353,r,09/30/2026,18:54:45,gpu@node1p05.ecdf.ed.ac.uk,1
58699919,0.02981,OOP-stripe,s2108353,r,09/30/2026,16:35:16,gpu@node1o17.ecdf.ed.ac.uk,1
59163287,0.02907,Rubpy3-svp,wwong3,r,10/01/2026,14:08:46,eddie@node1m10.ecdf.ed.ac.uk,16
59174331,0.02830,SCENIC,s2403385,r,10/01/2026,15:51:03,eddie@node1k08.ecdf.ed.ac.uk,8
59171769,0.02778,snakejob.r,mmorchio,r,10/01/2026,14:40:35,eddie@node1k09.ecdf.ed.ac.uk,1
59072667,0.02582,acetylh0,knicodem,r,09/28/2026,07:52:48,eddie@node1m19.ecdf.ed.ac.uk,1,3
59072667,0.02065,acetylh0,knicodem,r,09/28/2026,07:52:48,eddie@node1m19.ecdf.ed.ac.uk,1,4
58136039,0.01991,QLOGIN,crobert,r,09/07/2026,09:12:48,eddie@node1i22.ecdf.ed.ac.uk,1
59171774,0.01923,snakejob.r,mmorchio,r,10/01/2026,14:40:35,eddie@node1e07.ecdf.ed.ac.uk,1
59020545,0.01891,PhyloTai,gclarte,r,10/01/2026,10:39:25,eddie@node1n12.ecdf.ed.ac.uk,31
58990555,0.01861,tr1_wordle,s2874947,r,10/01/2026,15:28:36,gpu@node1p01.ecdf.ed.ac.uk,12
58990475,0.01845,tr6_imageg,s2874947,r,10/01/2026,15:03:45,gpu@node1p01.ecdf.ed.ac.uk,12
58990351,0.01823,tr4_wordle,s2874947,r,10/01/2026,13:54:55,gpu@node1p01.ecdf.ed.ac.uk,12
58990213,0.01805,tr4_clean_,s2874947,r,10/01/2026,11:46:32,gpu@node1p01.ecdf.ed.ac.uk,12
59013679,0.01805,hal2maf_go,rzhao4,r,10/01/2026,14:57:45,eddie@node1q15.ecdf.ed.ac.uk,30,29
58990411,0.01802,tr3_advent,s2874947,r,10/01/2026,11:40:15,gpu@node1p01.ecdf.ed.ac.uk,12
58990384,0.01788,tr3_wordle,s2874947,r,10/01/2026,09:44:34,gpu@node1p02.ecdf.ed.ac.uk,12
58990546,0.01786,tr1_wordle,s2874947,r,10/01/2026,09:40:16,gpu@node1p02.ecdf.ed.ac.uk,12
59171780,0.01786,snakejob.r,mmorchio,r,10/01/2026,14:40:40,eddie@node1m02.ecdf.ed.ac.uk,1
58990537,0.01777,tr1_wordle,s2874947,r,10/01/2026,08:27:07,gpu@node1p02.ecdf.ed.ac.uk,12
58990520,0.01773,tr1_textma,s2874947,r,10/01/2026,07:33:58,gpu@node1p02.ecdf.ed.ac.uk,12
58990434,0.01737,tr2_clean_,s2874947,r,10/01/2026,04:21:25,gpu@node1p02.ecdf.ed.ac.uk,12
58990153,0.01735,ev3_advent,s2874947,r,10/01/2026,11:43:20,gpu@node1q08.ecdf.ed.ac.uk,4
59013679,0.01728,hal2maf_go,rzhao4,r,10/01/2026,06:18:48,eddie@node1n04.ecdf.ed.ac.uk,30,25
59072667,0.01721,acetylh0,knicodem,r,09/28/2026,07:52:48,eddie@node1m22.ecdf.ed.ac.uk,1,5
59013679,0.01719,hal2maf_go,rzhao4,r,10/01/2026,05:29:38,eddie@node1q13.ecdf.ed.ac.uk,30,24
59013679,0.01713,hal2maf_go,rzhao4,r,10/01/2026,06:21:52,eddie@node1k13.ecdf.ed.ac.uk,30,26
59018102,0.01711,hal2maf_sh,rzhao4,r,10/01/2026,15:40:14,eddie@node1q02.ecdf.ed.ac.uk,30,2
58990487,0.01706,tr1_matchi,s2874947,r,10/01/2026,00:02:13,gpu@node1p02.ecdf.ed.ac.uk,12
59173450,0.01693,snakejob.r,mmorchio,r,10/01/2026,15:25:32,gpu@node1g03.ecdf.ed.ac.uk,4
59174502,0.01693,snakejob.r,mmorchio,r,10/01/2026,15:48:48,gpu@node1r01.ecdf.ed.ac.uk,4
59173890,0.01693,snakejob.r,mmorchio,r,10/01/2026,15:36:20,gpu@node1r01.ecdf.ed.ac.uk,4
59173604,0.01693,snakejob.r,mmorchio,r,10/01/2026,15:29:12,gpu@node1r01.ecdf.ed.ac.uk,4
59174493,0.01693,snakejob.r,mmorchio,r,10/01/2026,15:48:37,gpu@node1g03.ecdf.ed.ac.uk,4
59173379,0.01667,snakejob.r,mmorchio,r,10/01/2026,15:24:02,eddie@node1f01.ecdf.ed.ac.uk,1
59173529,0.01667,snakejob.r,mmorchio,r,10/01/2026,15:27:34,eddie@node1k02.ecdf.ed.ac.uk,1
59171781,0.01667,snakejob.r,mmorchio,r,10/01/2026,14:40:40,eddie@node1m02.ecdf.ed.ac.uk,1
59173806,0.01667,snakejob.r,mmorchio,r,10/01/2026,15:34:30,eddie@node1d06.ecdf.ed.ac.uk,1
59018102,0.01654,hal2maf_sh,rzhao4,r,10/01/2026,15:18:04,eddie@node1q03.ecdf.ed.ac.uk,30,1
59002712,0.01570,S0_99_vf_4,adixon3,r,10/01/2026,14:59:18,gpu@node1q08.ecdf.ed.ac.uk,1
59002713,0.01569,S0_99_vf_4,adixon3,r,10/01/2026,14:59:43,gpu@node1q09.ecdf.ed.ac.uk,1
59002714,0.01569,S0_99_vf_4,adixon3,r,10/01/2026,15:00:19,gpu@node1q09.ecdf.ed.ac.uk,1
59002688,0.01568,S0_0_vf_47,adixon3,r,10/01/2026,14:50:48,gpu@node1s04.ecdf.ed.ac.uk,1
59002658,0.01567,S0_0_vf_47,adixon3,r,10/01/2026,14:42:06,gpu@node1r02.ecdf.ed.ac.uk,1
59002610,0.01553,S0_0_vf_47,adixon3,r,10/01/2026,14:30:31,gpu@node1r03.ecdf.ed.ac.uk,1
59002588,0.01551,S0_0_vf_47,adixon3,r,10/01/2026,14:13:58,gpu@node1s04.ecdf.ed.ac.uk,1
59002618,0.01550,S0_0_vf_47,adixon3,r,10/01/2026,14:32:28,gpu@node1p06.ecdf.ed.ac.uk,1
59002598,0.01550,S0_0_vf_47,adixon3,r,10/01/2026,14:24:50,gpu@node1o16.ecdf.ed.ac.uk,1
59002590,0.01549,S0_0_vf_47,adixon3,r,10/01/2026,14:15:05,gpu@node1r02.ecdf.ed.ac.uk,1
59002580,0.01548,S0_0_vf_47,adixon3,r,10/01/2026,14:10:28,gpu@node1p07.ecdf.ed.ac.uk,1
59002589,0.01548,S0_0_vf_47,adixon3,r,10/01/2026,14:14:03,gpu@node1p05.ecdf.ed.ac.uk,1
59012123,0.01504,step7_gate,yhu5,r,10/01/2026,15:47:12,eddie@node1h03.ecdf.ed.ac.uk,4,3523
59012123,0.01504,step7_gate,yhu5,r,10/01/2026,15:47:00,eddie@node1j28.ecdf.ed.ac.uk,4,3522
59012123,0.01504,step7_gate,yhu5,r,10/01/2026,15:46:49,eddie@node1h16.ecdf.ed.ac.uk,4,3521
59012123,0.01504,step7_gate,yhu5,r,10/01/2026,15:43:36,eddie@node1h06.ecdf.ed.ac.uk,4,3520
59012123,0.01504,step7_gate,yhu5,r,10/01/2026,15:40:26,eddie@node1l25.ecdf.ed.ac.uk,4,3519
59098175,0.01504,ev_grl_gpu,wqin3,r,09/29/2026,17:18:35,gpu@node1r03.ecdf.ed.ac.uk,1
59012123,0.01504,step7_gate,yhu5,r,10/01/2026,15:40:22,eddie@node1r09.ecdf.ed.ac.uk,4,3518
59012123,0.01504,step7_gate,yhu5,r,10/01/2026,15:39:28,eddie@node1o04.ecdf.ed.ac.uk,4,3517
59012123,0.01503,step7_gate,yhu5,r,10/01/2026,15:31:51,eddie@node1h10.ecdf.ed.ac.uk,4,3516
59012123,0.01502,step7_gate,yhu5,r,10/01/2026,15:28:55,eddie@node1i14.ecdf.ed.ac.uk,4,3515
59012123,0.01501,step7_gate,yhu5,r,10/01/2026,15:21:59,eddie@node1m23.ecdf.ed.ac.uk,4,3514
59012123,0.01501,step7_gate,yhu5,r,10/01/2026,15:21:41,eddie@node1n01.ecdf.ed.ac.uk,4,3513
59012123,0.01500,step7_gate,yhu5,r,10/01/2026,15:19:57,eddie@node1m19.ecdf.ed.ac.uk,4,3512
59012123,0.01500,step7_gate,yhu5,r,10/01/2026,15:17:20,eddie@node1h21.ecdf.ed.ac.uk,4,3511
59012123,0.01500,step7_gate,yhu5,r,10/01/2026,15:16:10,eddie@node1p08.ecdf.ed.ac.uk,4,3510
59012123,0.01500,step7_gate,yhu5,r,10/01/2026,15:15:27,eddie@node1h13.ecdf.ed.ac.uk,4,3509
59012123,0.01499,step7_gate,yhu5,r,10/01/2026,15:11:59,eddie@node1h13.ecdf.ed.ac.uk,4,3508
59012123,0.01499,step7_gate,yhu5,r,10/01/2026,15:10:58,eddie@node1r14.ecdf.ed.ac.uk,4,3507
59012123,0.01499,step7_gate,yhu5,r,10/01/2026,15:09:48,eddie@node1f06.ecdf.ed.ac.uk,4,3506
59012123,0.01498,step7_gate,yhu5,r,10/01/2026,15:05:40,eddie@node1f10.ecdf.ed.ac.uk,4,3505
59012123,0.01498,step7_gate,yhu5,r,10/01/2026,15:05:09,eddie@node1n03.ecdf.ed.ac.uk,4,3504
59012123,0.01498,step7_gate,yhu5,r,10/01/2026,15:02:57,eddie@node1r07.ecdf.ed.ac.uk,4,3503
59012123,0.01497,step7_gate,yhu5,r,10/01/2026,15:00:29,eddie@node1l21.ecdf.ed.ac.uk,4,3502
59012123,0.01497,step7_gate,yhu5,r,10/01/2026,14:53:38,eddie@node1o13.ecdf.ed.ac.uk,4,3501
59012123,0.01496,step7_gate,yhu5,r,10/01/2026,14:52:42,eddie@node1i02.ecdf.ed.ac.uk,4,3500
59012123,0.01496,step7_gate,yhu5,r,10/01/2026,14:52:01,eddie@node1m15.ecdf.ed.ac.uk,4,3499
59012123,0.01496,step7_gate,yhu5,r,10/01/2026,14:48:25,eddie@node1o06.ecdf.ed.ac.uk,4,3498
59012123,0.01496,step7_gate,yhu5,r,10/01/2026,14:47:30,eddie@node1h16.ecdf.ed.ac.uk,4,3497
59012123,0.01495,step7_gate,yhu5,r,10/01/2026,14:45:51,eddie@node1m21.ecdf.ed.ac.uk,4,3496
59012123,0.01495,step7_gate,yhu5,r,10/01/2026,14:45:19,eddie@node1o04.ecdf.ed.ac.uk,4,3495
59012123,0.01495,step7_gate,yhu5,r,10/01/2026,14:42:23,eddie@node1m14.ecdf.ed.ac.uk,4,3494
59012123,0.01495,step7_gate,yhu5,r,10/01/2026,14:41:47,eddie@node1f12.ecdf.ed.ac.uk,4,3493
59012123,0.01493,step7_gate,yhu5,r,10/01/2026,14:33:46,eddie@node1h11.ecdf.ed.ac.uk,4,3492
59012123,0.01492,step7_gate,yhu5,r,10/01/2026,14:27:03,eddie@node1s13.ecdf.ed.ac.uk,4,3491
59012123,0.01492,step7_gate,yhu5,r,10/01/2026,14:24:15,eddie@node1f09.ecdf.ed.ac.uk,4,3490
59012123,0.01492,step7_gate,yhu5,r,10/01/2026,14:23:32,eddie@node1o05.ecdf.ed.ac.uk,4,3489
59012123,0.01492,step7_gate,yhu5,r,10/01/2026,14:23:15,eddie@node1j07.ecdf.ed.ac.uk,4,3488
59012123,0.01492,step7_gate,yhu5,r,10/01/2026,14:21:57,eddie@node1s16.ecdf.ed.ac.uk,4,3487
59012123,0.01491,step7_gate,yhu5,r,10/01/2026,14:15:30,eddie@node1i25.ecdf.ed.ac.uk,4,3486
59012123,0.01490,step7_gate,yhu5,r,10/01/2026,14:13:19,eddie@node1o07.ecdf.ed.ac.uk,4,3485
59012123,0.01490,step7_gate,yhu5,r,10/01/2026,14:10:12,eddie@node1i07.ecdf.ed.ac.uk,4,3484
59012123,0.01490,step7_gate,yhu5,r,10/01/2026,14:09:01,eddie@node1s14.ecdf.ed.ac.uk,4,3483
59012123,0.01489,step7_gate,yhu5,r,10/01/2026,14:06:14,eddie@node1h09.ecdf.ed.ac.uk,4,3482
59012123,0.01489,step7_gate,yhu5,r,10/01/2026,14:05:28,eddie@node1n08.ecdf.ed.ac.uk,4,3481
59012123,0.01489,step7_gate,yhu5,r,10/01/2026,14:05:05,eddie@node1s15.ecdf.ed.ac.uk,4,3480
59012123,0.01489,step7_gate,yhu5,r,10/01/2026,14:04:23,eddie@node1o04.ecdf.ed.ac.uk,4,3479
59012123,0.01489,step7_gate,yhu5,r,10/01/2026,14:01:33,eddie@node1n01.ecdf.ed.ac.uk,4,3477
59012123,0.01489,step7_gate,yhu5,r,10/01/2026,14:01:57,eddie@node1l26.ecdf.ed.ac.uk,4,3478
59012123,0.01487,step7_gate,yhu5,r,10/01/2026,13:47:50,eddie@node1m13.ecdf.ed.ac.uk,4,3476
59012123,0.01487,step7_gate,yhu5,r,10/01/2026,13:47:04,eddie@node1r20.ecdf.ed.ac.uk,4,3475
59012123,0.01487,step7_gate,yhu5,r,10/01/2026,13:46:59,eddie@node1r19.ecdf.ed.ac.uk,4,3474
59012123,0.01486,step7_gate,yhu5,r,10/01/2026,13:40:03,eddie@node1n01.ecdf.ed.ac.uk,4,3473
59012123,0.01485,step7_gate,yhu5,r,10/01/2026,13:37:35,eddie@node1r14.ecdf.ed.ac.uk,4,3472
59012123,0.01485,step7_gate,yhu5,r,10/01/2026,13:36:36,eddie@node1h13.ecdf.ed.ac.uk,4,3471
59012123,0.01485,step7_gate,yhu5,r,10/01/2026,13:36:34,eddie@node1s19.ecdf.ed.ac.uk,4,3470
59012123,0.01484,step7_gate,yhu5,r,10/01/2026,13:31:48,eddie@node1m11.ecdf.ed.ac.uk,4,3469
59012123,0.01484,step7_gate,yhu5,r,10/01/2026,13:30:29,eddie@node1r19.ecdf.ed.ac.uk,4,3468
59012123,0.01484,step7_gate,yhu5,r,10/01/2026,13:29:17,eddie@node1m15.ecdf.ed.ac.uk,4,3467
59012123,0.01484,step7_gate,yhu5,r,10/01/2026,13:28:57,eddie@node1m13.ecdf.ed.ac.uk,4,3466
59012123,0.01484,step7_gate,yhu5,r,10/01/2026,13:26:02,eddie@node1h07.ecdf.ed.ac.uk,4,3465
59012123,0.01483,step7_gate,yhu5,r,10/01/2026,13:22:49,eddie@node1r06.ecdf.ed.ac.uk,4,3464
59012123,0.01483,step7_gate,yhu5,r,10/01/2026,13:20:32,eddie@node1i13.ecdf.ed.ac.uk,4,3463
59012123,0.01483,step7_gate,yhu5,r,10/01/2026,13:18:49,eddie@node1l25.ecdf.ed.ac.uk,4,3462
59012123,0.01482,step7_gate,yhu5,r,10/01/2026,13:15:36,eddie@node1o07.ecdf.ed.ac.uk,4,3458
59012123,0.01482,step7_gate,yhu5,r,10/01/2026,13:16:20,eddie@node1h10.ecdf.ed.ac.uk,4,3459
59012123,0.01482,step7_gate,yhu5,r,10/01/2026,13:17:23,eddie@node1n06.ecdf.ed.ac.uk,4,3460
59012123,0.01482,step7_gate,yhu5,r,10/01/2026,13:17:23,eddie@node1h09.ecdf.ed.ac.uk,4,3461
59012123,0.01482,step7_gate,yhu5,r,10/01/2026,13:13:39,eddie@node1k15.ecdf.ed.ac.uk,4,3457
59012123,0.01481,step7_gate,yhu5,r,10/01/2026,13:09:05,eddie@node1h12.ecdf.ed.ac.uk,4,3456
59012123,0.01479,step7_gate,yhu5,r,10/01/2026,12:57:51,eddie@node1h07.ecdf.ed.ac.uk,4,3455
59012123,0.01479,step7_gate,yhu5,r,10/01/2026,12:56:18,eddie@node1r07.ecdf.ed.ac.uk,4,3454
59012123,0.01479,step7_gate,yhu5,r,10/01/2026,12:55:38,eddie@node1r16.ecdf.ed.ac.uk,4,3453
59012123,0.01479,step7_gate,yhu5,r,10/01/2026,12:51:11,eddie@node1n07.ecdf.ed.ac.uk,4,3452
59014908,0.01479,step7_gate,s2609353,r,10/01/2026,15:50:43,eddie@node1r19.ecdf.ed.ac.uk,8,3461
59014908,0.01478,step7_gate,s2609353,r,10/01/2026,15:43:38,eddie@node1r20.ecdf.ed.ac.uk,8,3460
59014908,0.01478,step7_gate,s2609353,r,10/01/2026,15:42:52,eddie@node1d04.ecdf.ed.ac.uk,8,3459
59012123,0.01478,step7_gate,yhu5,r,10/01/2026,12:46:20,eddie@node1i13.ecdf.ed.ac.uk,4,3451
59012123,0.01477,step7_gate,yhu5,r,10/01/2026,12:41:35,eddie@node1o11.ecdf.ed.ac.uk,4,3449
59012123,0.01477,step7_gate,yhu5,r,10/01/2026,12:42:37,eddie@node1m15.ecdf.ed.ac.uk,4,3450
59012123,0.01477,step7_gate,yhu5,r,10/01/2026,12:40:18,eddie@node1s14.ecdf.ed.ac.uk,4,3448
59014908,0.01477,step7_gate,s2609353,r,10/01/2026,15:35:21,eddie@node1j28.ecdf.ed.ac.uk,8,3458
59014908,0.01477,step7_gate,s2609353,r,10/01/2026,15:34:02,eddie@node1q06.ecdf.ed.ac.uk,8,3457
59012123,0.01476,step7_gate,yhu5,r,10/01/2026,12:32:53,eddie@node1h21.ecdf.ed.ac.uk,4,3447
59012123,0.01476,step7_gate,yhu5,r,10/01/2026,12:30:43,eddie@node1n06.ecdf.ed.ac.uk,4,3446
59014908,0.01475,step7_gate,s2609353,r,10/01/2026,15:28:29,eddie@node1f07.ecdf.ed.ac.uk,8,3456
59072667,0.01475,acetylh0,knicodem,r,09/28/2026,07:52:48,eddie@node1m21.ecdf.ed.ac.uk,1,6
59012123,0.01475,step7_gate,yhu5,r,10/01/2026,12:25:12,eddie@node1l25.ecdf.ed.ac.uk,4,3445
59012123,0.01475,step7_gate,yhu5,r,10/01/2026,12:24:01,eddie@node1m19.ecdf.ed.ac.uk,4,3444
59012123,0.01475,step7_gate,yhu5,r,10/01/2026,12:23:18,eddie@node1l27.ecdf.ed.ac.uk,4,3443
59014908,0.01474,step7_gate,s2609353,r,10/01/2026,15:23:34,eddie@node1r14.ecdf.ed.ac.uk,8,3455
59014908,0.01474,step7_gate,s2609353,r,10/01/2026,15:22:00,eddie@node1h07.ecdf.ed.ac.uk,8,3454
59014908,0.01474,step7_gate,s2609353,r,10/01/2026,15:21:34,eddie@node1l23.ecdf.ed.ac.uk,8,3453
59014908,0.01474,step7_gate,s2609353,r,10/01/2026,15:20:58,eddie@node1i17.ecdf.ed.ac.uk,8,3452
59014908,0.01474,step7_gate,s2609353,r,10/01/2026,15:19:57,eddie@node1d03.ecdf.ed.ac.uk,8,3451
59012123,0.01473,step7_gate,yhu5,r,10/01/2026,12:14:13,eddie@node1r19.ecdf.ed.ac.uk,4,3442
59012123,0.01473,step7_gate,yhu5,r,10/01/2026,12:12:40,eddie@node1l26.ecdf.ed.ac.uk,4,3441
59014908,0.01473,step7_gate,s2609353,r,10/01/2026,15:16:56,eddie@node1f10.ecdf.ed.ac.uk,8,3450
59014908,0.01473,step7_gate,s2609353,r,10/01/2026,15:16:32,eddie@node1r15.ecdf.ed.ac.uk,8,3449
59014908,0.01473,step7_gate,s2609353,r,10/01/2026,15:13:32,eddie@node1n13.ecdf.ed.ac.uk,8,3448
59014908,0.01472,step7_gate,s2609353,r,10/01/2026,15:11:36,eddie@node1h03.ecdf.ed.ac.uk,8,3447
59012123,0.01472,step7_gate,yhu5,r,10/01/2026,12:06:05,eddie@node1h13.ecdf.ed.ac.uk,4,3440
59014908,0.01472,step7_gate,s2609353,r,10/01/2026,15:08:31,eddie@node1i03.ecdf.ed.ac.uk,8,3446
59014908,0.01472,step7_gate,s2609353,r,10/01/2026,15:05:54,eddie@node1l28.ecdf.ed.ac.uk,8,3445
59012123,0.01471,step7_gate,yhu5,r,10/01/2026,12:01:17,eddie@node1o04.ecdf.ed.ac.uk,4,3439
59014908,0.01471,step7_gate,s2609353,r,10/01/2026,15:03:52,eddie@node1e09.ecdf.ed.ac.uk,8,3444
59012123,0.01471,step7_gate,yhu5,r,10/01/2026,11:59:42,eddie@node1m15.ecdf.ed.ac.uk,4,3438
59012123,0.01471,step7_gate,yhu5,r,10/01/2026,11:53:59,eddie@node1r16.ecdf.ed.ac.uk,4,3436
59012123,0.01471,step7_gate,yhu5,r,10/01/2026,11:54:28,eddie@node1h13.ecdf.ed.ac.uk,4,3437
59014908,0.01470,step7_gate,s2609353,r,10/01/2026,14:56:37,eddie@node1d02.ecdf.ed.ac.uk,8,3443
59014908,0.01470,step7_gate,s2609353,r,10/01/2026,14:55:02,eddie@node1s13.ecdf.ed.ac.uk,8,3442
59012123,0.01470,step7_gate,yhu5,r,10/01/2026,11:50:19,eddie@node1j25.ecdf.ed.ac.uk,4,3435
59014908,0.01469,step7_gate,s2609353,r,10/01/2026,14:46:04,eddie@node1s11.ecdf.ed.ac.uk,8,3441
59012123,0.01469,step7_gate,yhu5,r,10/01/2026,11:40:19,eddie@node1j01.ecdf.ed.ac.uk,4,3434
59012123,0.01468,step7_gate,yhu5,r,10/01/2026,11:38:58,eddie@node1o09.ecdf.ed.ac.uk,4,3433
59012123,0.01468,step7_gate,yhu5,r,10/01/2026,11:37:41,eddie@node1l21.ecdf.ed.ac.uk,4,3432
59014908,0.01468,step7_gate,s2609353,r,10/01/2026,14:40:50,eddie@node1q05.ecdf.ed.ac.uk,8,3440
59012123,0.01468,step7_gate,yhu5,r,10/01/2026,11:36:57,eddie@node1d02.ecdf.ed.ac.uk,4,3431
59012123,0.01468,step7_gate,yhu5,r,10/01/2026,11:36:00,eddie@node1p09.ecdf.ed.ac.uk,4,3430
59012123,0.01468,step7_gate,yhu5,r,10/01/2026,11:35:47,eddie@node1o04.ecdf.ed.ac.uk,4,3429
59012123,0.01467,step7_gate,yhu5,r,10/01/2026,11:28:22,eddie@node1o05.ecdf.ed.ac.uk,4,3428
59012123,0.01467,step7_gate,yhu5,r,10/01/2026,11:26:06,eddie@node1m21.ecdf.ed.ac.uk,4,3426
59012123,0.01467,step7_gate,yhu5,r,10/01/2026,11:26:06,eddie@node1o10.ecdf.ed.ac.uk,4,3427
59012123,0.01466,step7_gate,yhu5,r,10/01/2026,11:25:25,eddie@node1r18.ecdf.ed.ac.uk,4,3425
59014908,0.01466,step7_gate,s2609353,r,10/01/2026,14:35:01,eddie@node1l28.ecdf.ed.ac.uk,8,3439
59012123,0.01466,step7_gate,yhu5,r,10/01/2026,11:24:12,eddie@node1h04.ecdf.ed.ac.uk,4,3424
59014908,0.01466,step7_gate,s2609353,r,10/01/2026,14:31:29,eddie@node1o11.ecdf.ed.ac.uk,8,3438
59014908,0.01466,step7_gate,s2609353,r,10/01/2026,14:30:14,eddie@node1i16.ecdf.ed.ac.uk,8,3437
59014908,0.01465,step7_gate,s2609353,r,10/01/2026,14:25:41,eddie@node1l07.ecdf.ed.ac.uk,8,3436
59014908,0.01465,step7_gate,s2609353,r,10/01/2026,14:24:51,eddie@node1o12.ecdf.ed.ac.uk,8,3435
59012123,0.01465,step7_gate,yhu5,r,10/01/2026,11:14:49,eddie@node1h05.ecdf.ed.ac.uk,4,3423
59012123,0.01464,step7_gate,yhu5,r,10/01/2026,11:07:53,eddie@node1h22.ecdf.ed.ac.uk,4,3420
59012123,0.01464,step7_gate,yhu5,r,10/01/2026,11:07:59,eddie@node1m18.ecdf.ed.ac.uk,4,3421
59014908,0.01464,step7_gate,s2609353,r,10/01/2026,14:16:40,eddie@node1h14.ecdf.ed.ac.uk,8,3434
59012123,0.01464,step7_gate,yhu5,r,10/01/2026,11:08:36,eddie@node1r05.ecdf.ed.ac.uk,4,3422
59014908,0.01463,step7_gate,s2609353,r,10/01/2026,14:13:28,eddie@node1h03.ecdf.ed.ac.uk,8,3433
59012123,0.01463,step7_gate,yhu5,r,10/01/2026,10:58:27,eddie@node1h21.ecdf.ed.ac.uk,4,3419
59014908,0.01463,step7_gate,s2609353,r,10/01/2026,14:07:07,eddie@node1j10.ecdf.ed.ac.uk,8,3432
59014908,0.01462,step7_gate,s2609353,r,10/01/2026,14:04:29,eddie@node1i14.ecdf.ed.ac.uk,8,3431
59012123,0.01462,step7_gate,yhu5,r,10/01/2026,10:56:16,eddie@node1o08.ecdf.ed.ac.uk,4,3417
59012123,0.01462,step7_gate,yhu5,r,10/01/2026,10:56:48,eddie@node1f08.ecdf.ed.ac.uk,4,3418
59014908,0.01462,step7_gate,s2609353,r,10/01/2026,14:04:05,eddie@node1e10.ecdf.ed.ac.uk,8,3430
59014908,0.01462,step7_gate,s2609353,r,10/01/2026,14:00:33,eddie@node1h05.ecdf.ed.ac.uk,8,3429
59012123,0.01462,step7_gate,yhu5,r,10/01/2026,10:50:51,eddie@node1l23.ecdf.ed.ac.uk,4,3416
59014908,0.01461,step7_gate,s2609353,r,10/01/2026,13:58:36,eddie@node1l22.ecdf.ed.ac.uk,8,3428
59014908,0.01461,step7_gate,s2609353,r,10/01/2026,13:54:02,eddie@node1j25.ecdf.ed.ac.uk,8,3427
59014908,0.01461,step7_gate,s2609353,r,10/01/2026,13:53:58,eddie@node1j28.ecdf.ed.ac.uk,8,3426
59014908,0.01460,step7_gate,s2609353,r,10/01/2026,13:51:50,eddie@node1e07.ecdf.ed.ac.uk,8,3425
59012123,0.01460,step7_gate,yhu5,r,10/01/2026,10:40:27,eddie@node1h13.ecdf.ed.ac.uk,4,3415
59014908,0.01460,step7_gate,s2609353,r,10/01/2026,13:48:08,eddie@node1r15.ecdf.ed.ac.uk,8,3424
59012123,0.01460,step7_gate,yhu5,r,10/01/2026,10:39:50,eddie@node1r08.ecdf.ed.ac.uk,4,3414
59012123,0.01459,step7_gate,yhu5,r,10/01/2026,10:35:28,eddie@node1h06.ecdf.ed.ac.uk,4,3413
59014908,0.01459,step7_gate,s2609353,r,10/01/2026,13:44:17,eddie@node1e04.ecdf.ed.ac.uk,8,3423
59012123,0.01459,step7_gate,yhu5,r,10/01/2026,10:32:15,eddie@node1o13.ecdf.ed.ac.uk,4,3412
59014908,0.01459,step7_gate,s2609353,r,10/01/2026,13:40:09,eddie@node1h24.ecdf.ed.ac.uk,8,3422
59014908,0.01459,step7_gate,s2609353,r,10/01/2026,13:39:34,eddie@node1f03.ecdf.ed.ac.uk,8,3421
59014908,0.01458,step7_gate,s2609353,r,10/01/2026,13:38:03,eddie@node1f05.ecdf.ed.ac.uk,8,3420
59014908,0.01458,step7_gate,s2609353,r,10/01/2026,13:37:55,eddie@node1m13.ecdf.ed.ac.uk,8,3419
59012123,0.01458,step7_gate,yhu5,r,10/01/2026,10:26:56,eddie@node1m13.ecdf.ed.ac.uk,4,3411
59012123,0.01458,step7_gate,yhu5,r,10/01/2026,10:23:50,eddie@node1s18.ecdf.ed.ac.uk,4,3410
59012123,0.01457,step7_gate,yhu5,r,10/01/2026,10:20:20,eddie@node1h06.ecdf.ed.ac.uk,4,3409
59012123,0.01457,step7_gate,yhu5,r,10/01/2026,10:18:15,eddie@node1p08.ecdf.ed.ac.uk,4,3408
59012123,0.01457,step7_gate,yhu5,r,10/01/2026,10:17:21,eddie@node1s18.ecdf.ed.ac.uk,4,3407
59014908,0.01457,step7_gate,s2609353,r,10/01/2026,13:25:16,eddie@node1m23.ecdf.ed.ac.uk,8,3418
59012123,0.01456,step7_gate,yhu5,r,10/01/2026,10:13:33,eddie@node1h16.ecdf.ed.ac.uk,4,3406
59012123,0.01456,step7_gate,yhu5,r,10/01/2026,10:08:11,eddie@node1l26.ecdf.ed.ac.uk,4,3405
59014908,0.01456,step7_gate,s2609353,r,10/01/2026,13:18:36,eddie@node1l21.ecdf.ed.ac.uk,8,3416
59014908,0.01456,step7_gate,s2609353,r,10/01/2026,13:19:19,eddie@node1f05.ecdf.ed.ac.uk,8,3417
59014908,0.01455,step7_gate,s2609353,r,10/01/2026,13:17:20,eddie@node1e04.ecdf.ed.ac.uk,8,3414
59014908,0.01455,step7_gate,s2609353,r,10/01/2026,13:18:18,eddie@node1p08.ecdf.ed.ac.uk,8,3415
59014908,0.01455,step7_gate,s2609353,r,10/01/2026,13:12:22,eddie@node1o06.ecdf.ed.ac.uk,8,3413
59012123,0.01454,step7_gate,yhu5,r,10/01/2026,10:01:41,eddie@node1s20.ecdf.ed.ac.uk,4,3403
59012123,0.01454,step7_gate,yhu5,r,10/01/2026,10:01:52,eddie@node1s12.ecdf.ed.ac.uk,4,3404
59014908,0.01454,step7_gate,s2609353,r,10/01/2026,13:07:10,eddie@node1n11.ecdf.ed.ac.uk,8,3412
59014908,0.01454,step7_gate,s2609353,r,10/01/2026,13:05:51,eddie@node1r18.ecdf.ed.ac.uk,8,3411
59012123,0.01454,step7_gate,yhu5,r,10/01/2026,09:53:42,eddie@node1o08.ecdf.ed.ac.uk,4,3402
59012123,0.01453,step7_gate,yhu5,r,10/01/2026,09:51:22,eddie@node1i06.ecdf.ed.ac.uk,4,3401
59014908,0.01453,step7_gate,s2609353,r,10/01/2026,13:01:13,eddie@node1d04.ecdf.ed.ac.uk,8,3410
59014908,0.01452,step7_gate,s2609353,r,10/01/2026,12:58:19,eddie@node1h22.ecdf.ed.ac.uk,8,3409
59014908,0.01452,step7_gate,s2609353,r,10/01/2026,12:56:51,eddie@node1l26.ecdf.ed.ac.uk,8,3408
59012123,0.01452,step7_gate,yhu5,r,10/01/2026,09:45:24,eddie@node1l22.ecdf.ed.ac.uk,4,3400
59012123,0.01452,step7_gate,yhu5,r,10/01/2026,09:44:52,eddie@node1f06.ecdf.ed.ac.uk,4,3399
59014908,0.01452,step7_gate,s2609353,r,10/01/2026,12:55:22,eddie@node1o13.ecdf.ed.ac.uk,8,3407
59014908,0.01452,step7_gate,s2609353,r,10/01/2026,12:49:46,eddie@node1e09.ecdf.ed.ac.uk,8,3406
59014908,0.01451,step7_gate,s2609353,r,10/01/2026,12:47:54,eddie@node1h04.ecdf.ed.ac.uk,8,3405
59012123,0.01451,step7_gate,yhu5,r,10/01/2026,09:38:41,eddie@node1o05.ecdf.ed.ac.uk,4,3398
59012123,0.01450,step7_gate,yhu5,r,10/01/2026,09:28:00,eddie@node1q05.ecdf.ed.ac.uk,4,3396
59012123,0.01450,step7_gate,yhu5,r,10/01/2026,09:30:50,eddie@node1l25.ecdf.ed.ac.uk,4,3397
59014908,0.01450,step7_gate,s2609353,r,10/01/2026,12:37:15,eddie@node1d03.ecdf.ed.ac.uk,8,3404
59012123,0.01450,step7_gate,yhu5,r,10/01/2026,09:25:50,eddie@node1l27.ecdf.ed.ac.uk,4,3395
59014908,0.01449,step7_gate,s2609353,r,10/01/2026,12:36:39,eddie@node1r16.ecdf.ed.ac.uk,8,3403
59014908,0.01449,step7_gate,s2609353,r,10/01/2026,12:33:45,eddie@node1s11.ecdf.ed.ac.uk,8,3402
59014908,0.01449,step7_gate,s2609353,r,10/01/2026,12:29:19,eddie@node1l09.ecdf.ed.ac.uk,8,3401
59014908,0.01448,step7_gate,s2609353,r,10/01/2026,12:28:21,eddie@node1e10.ecdf.ed.ac.uk,8,3400
59012123,0.01448,step7_gate,yhu5,r,10/01/2026,09:17:24,eddie@node1m22.ecdf.ed.ac.uk,4,3393
59012123,0.01448,step7_gate,yhu5,r,10/01/2026,09:20:12,eddie@node1l26.ecdf.ed.ac.uk,4,3394
59012123,0.01448,step7_gate,yhu5,r,10/01/2026,09:17:03,eddie@node1r14.ecdf.ed.ac.uk,4,3392
59014908,0.01448,step7_gate,s2609353,r,10/01/2026,12:22:29,eddie@node1r09.ecdf.ed.ac.uk,8,3398
59014908,0.01448,step7_gate,s2609353,r,10/01/2026,12:22:40,eddie@node1l24.ecdf.ed.ac.uk,8,3399
59014908,0.01447,step7_gate,s2609353,r,10/01/2026,12:22:02,eddie@node1s19.ecdf.ed.ac.uk,8,3397
59012123,0.01446,step7_gate,yhu5,r,10/01/2026,09:00:17,eddie@node1h10.ecdf.ed.ac.uk,4,3391
59014908,0.01446,step7_gate,s2609353,r,10/01/2026,12:08:43,eddie@node1d04.ecdf.ed.ac.uk,8,3396
59014908,0.01446,step7_gate,s2609353,r,10/01/2026,12:08:06,eddie@node1o04.ecdf.ed.ac.uk,8,3395
59014908,0.01445,step7_gate,s2609353,r,10/01/2026,12:07:00,eddie@node1e05.ecdf.ed.ac.uk,8,3393
59014908,0.01445,step7_gate,s2609353,r,10/01/2026,12:07:21,eddie@node1o09.ecdf.ed.ac.uk,8,3394
59012123,0.01445,step7_gate,yhu5,r,10/01/2026,08:56:07,eddie@node1n07.ecdf.ed.ac.uk,4,3390
59012123,0.01445,step7_gate,yhu5,r,10/01/2026,08:54:41,eddie@node1r19.ecdf.ed.ac.uk,4,3389
59014908,0.01445,step7_gate,s2609353,r,10/01/2026,12:04:40,eddie@node1h21.ecdf.ed.ac.uk,8,3392
59014908,0.01445,step7_gate,s2609353,r,10/01/2026,12:04:01,eddie@node1o05.ecdf.ed.ac.uk,8,3391
59012123,0.01443,step7_gate,yhu5,r,10/01/2026,08:41:17,eddie@node1s15.ecdf.ed.ac.uk,4,3387
59012123,0.01443,step7_gate,yhu5,r,10/01/2026,08:41:39,eddie@node1l21.ecdf.ed.ac.uk,4,3388
59012123,0.01443,step7_gate,yhu5,r,10/01/2026,08:40:00,eddie@node1n08.ecdf.ed.ac.uk,4,3386
59014908,0.01443,step7_gate,s2609353,r,10/01/2026,11:52:03,eddie@node1r16.ecdf.ed.ac.uk,8,3390
59014908,0.01442,step7_gate,s2609353,r,10/01/2026,11:45:29,eddie@node1d10.ecdf.ed.ac.uk,8,3389
59012123,0.01442,step7_gate,yhu5,r,10/01/2026,08:33:05,eddie@node1l28.ecdf.ed.ac.uk,4,3385
59014908,0.01442,step7_gate,s2609353,r,10/01/2026,11:44:28,eddie@node1h14.ecdf.ed.ac.uk,8,3388
59014908,0.01442,step7_gate,s2609353,r,10/01/2026,11:42:05,eddie@node1s17.ecdf.ed.ac.uk,8,3387
59012123,0.01441,step7_gate,yhu5,r,10/01/2026,08:28:28,eddie@node1m13.ecdf.ed.ac.uk,4,3384
59014908,0.01441,step7_gate,s2609353,r,10/01/2026,11:37:41,eddie@node1d06.ecdf.ed.ac.uk,8,3386
59012123,0.01441,step7_gate,yhu5,r,10/01/2026,08:24:32,eddie@node1r08.ecdf.ed.ac.uk,4,3383
59014908,0.01440,step7_gate,s2609353,r,10/01/2026,11:32:07,eddie@node1l22.ecdf.ed.ac.uk,8,3385
59014908,0.01440,step7_gate,s2609353,r,10/01/2026,11:29:40,eddie@node1d04.ecdf.ed.ac.uk,8,3383
59014908,0.01440,step7_gate,s2609353,r,10/01/2026,11:29:52,eddie@node1j10.ecdf.ed.ac.uk,8,3384
59012123,0.01440,step7_gate,yhu5,r,10/01/2026,08:17:31,eddie@node1l28.ecdf.ed.ac.uk,4,3382
59014908,0.01440,step7_gate,s2609353,r,10/01/2026,11:26:29,eddie@node1k16.ecdf.ed.ac.uk,8,3382
59014908,0.01440,step7_gate,s2609353,r,10/01/2026,11:25:05,eddie@node1f08.ecdf.ed.ac.uk,8,3381
59012123,0.01439,step7_gate,yhu5,r,10/01/2026,08:16:19,eddie@node1f10.ecdf.ed.ac.uk,4,3381
59014908,0.01438,step7_gate,s2609353,r,10/01/2026,11:14:53,eddie@node1j27.ecdf.ed.ac.uk,8,3380
59014908,0.01438,step7_gate,s2609353,r,10/01/2026,11:13:06,eddie@node1r16.ecdf.ed.ac.uk,8,3379
59014908,0.01438,step7_gate,s2609353,r,10/01/2026,11:11:20,eddie@node1h23.ecdf.ed.ac.uk,8,3378
59012123,0.01437,step7_gate,yhu5,r,10/01/2026,08:01:09,eddie@node1i02.ecdf.ed.ac.uk,4,3380
59012123,0.01437,step7_gate,yhu5,r,10/01/2026,07:58:43,eddie@node1f10.ecdf.ed.ac.uk,4,3378
59012123,0.01437,step7_gate,yhu5,r,10/01/2026,07:59:40,eddie@node1h06.ecdf.ed.ac.uk,4,3379
59014908,0.01437,step7_gate,s2609353,r,10/01/2026,11:08:01,eddie@node1l07.ecdf.ed.ac.uk,8,3376
59014908,0.01437,step7_gate,s2609353,r,10/01/2026,11:09:27,eddie@node1o05.ecdf.ed.ac.uk,8,3377
59014908,0.01436,step7_gate,s2609353,r,10/01/2026,11:03:49,eddie@node1k07.ecdf.ed.ac.uk,8,3375
59012123,0.01436,step7_gate,yhu5,r,10/01/2026,07:52:28,eddie@node1l05.ecdf.ed.ac.uk,4,3377
59012123,0.01436,step7_gate,yhu5,r,10/01/2026,07:49:40,eddie@node1f09.ecdf.ed.ac.uk,4,3376
59014908,0.01435,step7_gate,s2609353,r,10/01/2026,10:56:03,eddie@node1k16.ecdf.ed.ac.uk,8,3373
59014908,0.01435,step7_gate,s2609353,r,10/01/2026,10:56:35,eddie@node1o07.ecdf.ed.ac.uk,8,3374
59012123,0.01435,step7_gate,yhu5,r,10/01/2026,07:41:24,eddie@node1k05.ecdf.ed.ac.uk,4,3374
59012123,0.01435,step7_gate,yhu5,r,10/01/2026,07:41:38,eddie@node1m24.ecdf.ed.ac.uk,4,3375
59014908,0.01435,step7_gate,s2609353,r,10/01/2026,10:52:41,eddie@node1l21.ecdf.ed.ac.uk,8,3371
59012123,0.01434,step7_gate,yhu5,r,10/01/2026,07:37:06,eddie@node1f13.ecdf.ed.ac.uk,4,3372
59014908,0.01434,step7_gate,s2609353,r,10/01/2026,10:52:58,eddie@node1r17.ecdf.ed.ac.uk,8,3372
59014908,0.01434,step7_gate,s2609353,r,10/01/2026,10:46:12,eddie@node1i17.ecdf.ed.ac.uk,8,3370
59014908,0.01434,step7_gate,s2609353,r,10/01/2026,10:45:52,eddie@node1m21.ecdf.ed.ac.uk,8,3369
59014908,0.01434,step7_gate,s2609353,r,10/01/2026,10:44:36,eddie@node1f09.ecdf.ed.ac.uk,8,3368
59014908,0.01433,step7_gate,s2609353,r,10/01/2026,10:40:15,eddie@node1l23.ecdf.ed.ac.uk,8,3367
59014908,0.01433,step7_gate,s2609353,r,10/01/2026,10:36:22,eddie@node1m13.ecdf.ed.ac.uk,8,3364
59014908,0.01432,step7_gate,s2609353,r,10/01/2026,10:36:47,eddie@node1i14.ecdf.ed.ac.uk,8,3365
59014908,0.01432,step7_gate,s2609353,r,10/01/2026,10:36:47,eddie@node1s15.ecdf.ed.ac.uk,8,3366
59014908,0.01432,step7_gate,s2609353,r,10/01/2026,10:32:34,eddie@node1h11.ecdf.ed.ac.uk,8,3363
59014908,0.01432,step7_gate,s2609353,r,10/01/2026,10:30:34,eddie@node1s16.ecdf.ed.ac.uk,8,3362
59014908,0.01431,step7_gate,s2609353,r,10/01/2026,10:26:47,eddie@node1h23.ecdf.ed.ac.uk,8,3361
59014908,0.01431,step7_gate,s2609353,r,10/01/2026,10:23:35,eddie@node1r05.ecdf.ed.ac.uk,8,3360
59014908,0.01431,step7_gate,s2609353,r,10/01/2026,10:23:07,eddie@node1m14.ecdf.ed.ac.uk,8,3359
59012123,0.01431,step7_gate,yhu5,r,10/01/2026,07:13:49,eddie@node1n07.ecdf.ed.ac.uk,4,3370
59014908,0.01430,step7_gate,s2609353,r,10/01/2026,10:17:03,eddie@node1l25.ecdf.ed.ac.uk,8,3358
59012123,0.01429,step7_gate,yhu5,r,10/01/2026,06:59:35,eddie@node1f16.ecdf.ed.ac.uk,4,3368
59014908,0.01428,step7_gate,s2609353,r,10/01/2026,10:06:19,eddie@node1o03.ecdf.ed.ac.uk,8,3357
59014908,0.01428,step7_gate,s2609353,r,10/01/2026,10:05:14,eddie@node1d02.ecdf.ed.ac.uk,8,3356
59014908,0.01428,step7_gate,s2609353,r,10/01/2026,10:04:51,eddie@node1n13.ecdf.ed.ac.uk,8,3355
59012123,0.01428,step7_gate,yhu5,r,10/01/2026,07:20:39,eddie@node1h10.ecdf.ed.ac.uk,4,3371
59012123,0.01428,step7_gate,yhu5,r,10/01/2026,07:38:15,eddie@node1n06.ecdf.ed.ac.uk,4,3373
59012123,0.01428,step7_gate,yhu5,r,10/01/2026,07:05:30,eddie@node1h21.ecdf.ed.ac.uk,4,3369
59012123,0.01428,step7_gate,yhu5,r,10/01/2026,06:53:39,eddie@node1m14.ecdf.ed.ac.uk,4,3367
59014908,0.01427,step7_gate,s2609353,r,10/01/2026,10:01:34,eddie@node1h14.ecdf.ed.ac.uk,8,3354
59014908,0.01427,step7_gate,s2609353,r,10/01/2026,09:59:55,eddie@node1r17.ecdf.ed.ac.uk,8,3353
59014908,0.01427,step7_gate,s2609353,r,10/01/2026,09:59:39,eddie@node1h08.ecdf.ed.ac.uk,8,3352
59012123,0.01427,step7_gate,yhu5,r,10/01/2026,06:49:26,eddie@node1h12.ecdf.ed.ac.uk,4,3366
59014908,0.01426,step7_gate,s2609353,r,10/01/2026,09:52:00,eddie@node1j01.ecdf.ed.ac.uk,8,3351
59012123,0.01426,step7_gate,yhu5,r,10/01/2026,06:40:48,eddie@node1h10.ecdf.ed.ac.uk,4,3365
59014908,0.01426,step7_gate,s2609353,r,10/01/2026,09:48:11,eddie@node1d04.ecdf.ed.ac.uk,8,3350
59012123,0.01426,step7_gate,yhu5,r,10/01/2026,06:38:05,eddie@node1o07.ecdf.ed.ac.uk,4,3364
59014908,0.01425,step7_gate,s2609353,r,10/01/2026,09:43:27,eddie@node1l27.ecdf.ed.ac.uk,8,3349
59012123,0.01425,step7_gate,yhu5,r,10/01/2026,06:34:14,eddie@node1n09.ecdf.ed.ac.uk,4,3362
59014908,0.01425,step7_gate,s2609353,r,10/01/2026,09:41:21,eddie@node1h12.ecdf.ed.ac.uk,8,3347
59014908,0.01425,step7_gate,s2609353,r,10/01/2026,09:41:21,eddie@node1j09.ecdf.ed.ac.uk,8,3348
59014908,0.01424,step7_gate,s2609353,r,10/01/2026,09:35:14,eddie@node1e06.ecdf.ed.ac.uk,8,3346
59012123,0.01424,step7_gate,yhu5,r,10/01/2026,06:30:01,eddie@node1l20.ecdf.ed.ac.uk,4,3361
59012123,0.01424,step7_gate,yhu5,r,10/01/2026,06:36:06,eddie@node1j28.ecdf.ed.ac.uk,4,3363
59012123,0.01424,step7_gate,yhu5,r,10/01/2026,06:27:44,eddie@node1s18.ecdf.ed.ac.uk,4,3360
59012123,0.01424,step7_gate,yhu5,r,10/01/2026,06:26:53,eddie@node1s12.ecdf.ed.ac.uk,4,3359
59014908,0.01423,step7_gate,s2609353,r,10/01/2026,09:28:18,eddie@node1h10.ecdf.ed.ac.uk,8,3345
59012123,0.01422,step7_gate,yhu5,r,10/01/2026,06:17:17,eddie@node1j26.ecdf.ed.ac.uk,4,3358
59014908,0.01422,step7_gate,s2609353,r,10/01/2026,09:22:18,eddie@node1n13.ecdf.ed.ac.uk,8,3344
59014908,0.01422,step7_gate,s2609353,r,10/01/2026,09:22:02,eddie@node1m01.ecdf.ed.ac.uk,8,3343
59014908,0.01422,step7_gate,s2609353,r,10/01/2026,09:19:13,eddie@node1l03.ecdf.ed.ac.uk,8,3341
59014908,0.01422,step7_gate,s2609353,r,10/01/2026,09:20:17,eddie@node1o14.ecdf.ed.ac.uk,8,3342
59014908,0.01421,step7_gate,s2609353,r,10/01/2026,09:13:53,eddie@node1s20.ecdf.ed.ac.uk,8,3340
59014908,0.01421,step7_gate,s2609353,r,10/01/2026,09:13:50,eddie@node1o07.ecdf.ed.ac.uk,8,3339
59014908,0.01420,step7_gate,s2609353,r,10/01/2026,09:09:34,eddie@node1j05.ecdf.ed.ac.uk,8,3336
59014908,0.01420,step7_gate,s2609353,r,10/01/2026,09:09:48,eddie@node1r19.ecdf.ed.ac.uk,8,3337
59014908,0.01420,step7_gate,s2609353,r,10/01/2026,09:11:40,eddie@node1l24.ecdf.ed.ac.uk,8,3338
59014908,0.01419,step7_gate,s2609353,r,10/01/2026,08:59:26,eddie@node1r05.ecdf.ed.ac.uk,8,3335
59014908,0.01419,step7_gate,s2609353,r,10/01/2026,08:56:07,eddie@node1l05.ecdf.ed.ac.uk,8,3334
59014908,0.01418,step7_gate,s2609353,r,10/01/2026,08:55:34,eddie@node1r16.ecdf.ed.ac.uk,8,3333
59012123,0.01418,step7_gate,yhu5,r,10/01/2026,05:45:29,eddie@node1i06.ecdf.ed.ac.uk,4,3352
59012123,0.01418,step7_gate,yhu5,r,10/01/2026,05:58:32,eddie@node1n02.ecdf.ed.ac.uk,4,3357
59012123,0.01418,step7_gate,yhu5,r,10/01/2026,05:52:11,eddie@node1m23.ecdf.ed.ac.uk,4,3353
59012123,0.01418,step7_gate,yhu5,r,10/01/2026,05:57:56,eddie@node1l27.ecdf.ed.ac.uk,4,3356
59012123,0.01418,step7_gate,yhu5,r,10/01/2026,05:54:24,eddie@node1n06.ecdf.ed.ac.uk,4,3354
59012123,0.01418,step7_gate,yhu5,r,10/01/2026,05:55:17,eddie@node1r05.ecdf.ed.ac.uk,4,3355
59012123,0.01417,step7_gate,yhu5,r,10/01/2026,05:40:43,eddie@node1n09.ecdf.ed.ac.uk,4,3351
59014908,0.01417,step7_gate,s2609353,r,10/01/2026,08:47:16,eddie@node1d03.ecdf.ed.ac.uk,8,3332
59012123,0.01417,step7_gate,yhu5,r,10/01/2026,05:34:05,eddie@node1j27.ecdf.ed.ac.uk,4,3350
59014908,0.01416,step7_gate,s2609353,r,10/01/2026,08:41:52,eddie@node1m20.ecdf.ed.ac.uk,8,3331
59014908,0.01416,step7_gate,s2609353,r,10/01/2026,08:40:11,eddie@node1h15.ecdf.ed.ac.uk,8,3330
59014908,0.01416,step7_gate,s2609353,r,10/01/2026,08:39:20,eddie@node1m14.ecdf.ed.ac.uk,8,3329
59014908,0.01415,step7_gate,s2609353,r,10/01/2026,08:34:13,eddie@node1o04.ecdf.ed.ac.uk,8,3327
59012123,0.01415,step7_gate,yhu5,r,10/01/2026,05:25:03,eddie@node1l26.ecdf.ed.ac.uk,4,3349
59012123,0.01415,step7_gate,yhu5,r,10/01/2026,05:24:59,eddie@node1n02.ecdf.ed.ac.uk,4,3348
59014908,0.01415,step7_gate,s2609353,r,10/01/2026,08:32:43,eddie@node1o12.ecdf.ed.ac.uk,8,3326
59012123,0.01414,step7_gate,yhu5,r,10/01/2026,05:21:48,eddie@node1r07.ecdf.ed.ac.uk,4,3347
59012123,0.01414,step7_gate,yhu5,r,10/01/2026,05:20:28,eddie@node1o14.ecdf.ed.ac.uk,4,3346
59012123,0.01414,step7_gate,yhu5,r,10/01/2026,05:16:31,eddie@node1o03.ecdf.ed.ac.uk,4,3345
59012123,0.01414,step7_gate,yhu5,r,10/01/2026,05:14:11,eddie@node1o06.ecdf.ed.ac.uk,4,3344
59014908,0.01411,step7_gate,s2609353,r,10/01/2026,08:03:26,eddie@node1r20.ecdf.ed.ac.uk,8,3323
59014908,0.01411,step7_gate,s2609353,r,10/01/2026,08:00:42,eddie@node1q06.ecdf.ed.ac.uk,8,3321
59014908,0.01411,step7_gate,s2609353,r,10/01/2026,08:02:31,eddie@node1i03.ecdf.ed.ac.uk,8,3322
59014908,0.01410,step7_gate,s2609353,r,10/01/2026,07:59:31,eddie@node1r15.ecdf.ed.ac.uk,8,3320
59012123,0.01410,step7_gate,yhu5,r,10/01/2026,04:49:42,eddie@node1h11.ecdf.ed.ac.uk,4,3338
59014908,0.01409,step7_gate,s2609353,r,10/01/2026,07:52:40,eddie@node1m13.ecdf.ed.ac.uk,8,3319
59012123,0.01409,step7_gate,yhu5,r,10/01/2026,04:41:22,eddie@node1r09.ecdf.ed.ac.uk,4,3334
59012123,0.01409,step7_gate,yhu5,r,10/01/2026,04:41:51,eddie@node1i03.ecdf.ed.ac.uk,4,3335
59014908,0.01409,step7_gate,s2609353,r,10/01/2026,07:46:58,eddie@node1j09.ecdf.ed.ac.uk,8,3318
59012123,0.01409,step7_gate,yhu5,r,10/01/2026,04:44:21,eddie@node1h08.ecdf.ed.ac.uk,4,3336
59012123,0.01409,step7_gate,yhu5,r,10/01/2026,04:47:46,eddie@node1o04.ecdf.ed.ac.uk,4,3337
59012123,0.01409,step7_gate,yhu5,r,10/01/2026,04:39:33,eddie@node1r16.ecdf.ed.ac.uk,4,3332
59012123,0.01409,step7_gate,yhu5,r,10/01/2026,04:39:40,eddie@node1o11.ecdf.ed.ac.uk,4,3333
59012123,0.01409,step7_gate,yhu5,r,10/01/2026,04:52:21,eddie@node1o06.ecdf.ed.ac.uk,4,3339
59012123,0.01409,step7_gate,yhu5,r,10/01/2026,05:07:18,eddie@node1r17.ecdf.ed.ac.uk,4,3343
59012123,0.01409,step7_gate,yhu5,r,10/01/2026,04:58:39,eddie@node1o04.ecdf.ed.ac.uk,4,3340
59012123,0.01409,step7_gate,yhu5,r,10/01/2026,05:03:45,eddie@node1m20.ecdf.ed.ac.uk,4,3342
59012123,0.01409,step7_gate,yhu5,r,10/01/2026,05:03:18,eddie@node1h21.ecdf.ed.ac.uk,4,3341
59014908,0.01408,step7_gate,s2609353,r,10/01/2026,07:45:16,eddie@node1f05.ecdf.ed.ac.uk,8,3315
59012123,0.01408,step7_gate,yhu5,r,10/01/2026,04:33:48,eddie@node1h10.ecdf.ed.ac.uk,4,3331
59012123,0.01407,step7_gate,yhu5,r,10/01/2026,04:33:09,eddie@node1h21.ecdf.ed.ac.uk,4,3330
59012123,0.01407,step7_gate,yhu5,r,10/01/2026,04:26:39,eddie@node1m18.ecdf.ed.ac.uk,4,3329
59012123,0.01405,step7_gate,yhu5,r,10/01/2026,04:14:24,eddie@node1r19.ecdf.ed.ac.uk,4,3326
59012123,0.01403,step7_gate,yhu5,r,10/01/2026,03:58:49,eddie@node1m15.ecdf.ed.ac.uk,4,3319
59012123,0.01403,step7_gate,yhu5,r,10/01/2026,04:00:10,eddie@node1o13.ecdf.ed.ac.uk,4,3320
59012123,0.01403,step7_gate,yhu5,r,10/01/2026,04:00:20,eddie@node1i16.ecdf.ed.ac.uk,4,3321
59014908,0.01402,step7_gate,s2609353,r,10/01/2026,07:00:09,eddie@node1o03.ecdf.ed.ac.uk,8,3300
59012123,0.01401,step7_gate,yhu5,r,10/01/2026,03:47:03,eddie@node1j26.ecdf.ed.ac.uk,4,3315
59012123,0.01401,step7_gate,yhu5,r,10/01/2026,03:57:15,eddie@node1s16.ecdf.ed.ac.uk,4,3318
59012123,0.01401,step7_gate,yhu5,r,10/01/2026,03:49:26,eddie@node1j11.ecdf.ed.ac.uk,4,3316
59012123,0.01401,step7_gate,yhu5,r,10/01/2026,03:54:36,eddie@node1f16.ecdf.ed.ac.uk,4,3317
59012123,0.01401,step7_gate,yhu5,r,10/01/2026,04:18:55,eddie@node1p08.ecdf.ed.ac.uk,4,3327
59012123,0.01401,step7_gate,yhu5,r,10/01/2026,04:22:16,eddie@node1o05.ecdf.ed.ac.uk,4,3328
59012123,0.01401,step7_gate,yhu5,r,10/01/2026,04:03:05,eddie@node1m19.ecdf.ed.ac.uk,4,3323
59012123,0.01401,step7_gate,yhu5,r,10/01/2026,04:03:05,eddie@node1h08.ecdf.ed.ac.uk,4,3324
59012123,0.01401,step7_gate,yhu5,r,10/01/2026,04:07:18,eddie@node1o07.ecdf.ed.ac.uk,4,3325
59012123,0.01401,step7_gate,yhu5,r,10/01/2026,04:00:53,eddie@node1n03.ecdf.ed.ac.uk,4,3322
59014908,0.01401,step7_gate,s2609353,r,10/01/2026,07:42:31,eddie@node1h12.ecdf.ed.ac.uk,8,3314
59014908,0.01401,step7_gate,s2609353,r,10/01/2026,07:46:32,eddie@node1m06.ecdf.ed.ac.uk,8,3316
59014908,0.01401,step7_gate,s2609353,r,10/01/2026,07:46:35,eddie@node1r08.ecdf.ed.ac.uk,8,3317
59014908,0.01401,step7_gate,s2609353,r,10/01/2026,07:20:18,eddie@node1i02.ecdf.ed.ac.uk,8,3307
59014908,0.01401,step7_gate,s2609353,r,10/01/2026,07:23:11,eddie@node1o14.ecdf.ed.ac.uk,8,3309
59014908,0.01401,step7_gate,s2609353,r,10/01/2026,06:58:18,eddie@node1s18.ecdf.ed.ac.uk,8,3299
59014908,0.01401,step7_gate,s2609353,r,10/01/2026,07:07:03,eddie@node1e06.ecdf.ed.ac.uk,8,3302
59014908,0.01401,step7_gate,s2609353,r,10/01/2026,07:15:36,eddie@node1j26.ecdf.ed.ac.uk,8,3305
59014908,0.01401,step7_gate,s2609353,r,10/01/2026,07:07:00,eddie@node1o08.ecdf.ed.ac.uk,8,3301
59014908,0.01400,step7_gate,s2609353,r,10/01/2026,06:48:54,eddie@node1i13.ecdf.ed.ac.uk,8,3298
59014908,0.01400,step7_gate,s2609353,r,10/01/2026,06:45:32,eddie@node1m18.ecdf.ed.ac.uk,8,3297
59014908,0.01399,step7_gate,s2609353,r,10/01/2026,06:39:49,eddie@node1h03.ecdf.ed.ac.uk,8,3292
59014908,0.01399,step7_gate,s2609353,r,10/01/2026,06:40:32,eddie@node1o11.ecdf.ed.ac.uk,8,3293
59012123,0.01399,step7_gate,yhu5,r,10/01/2026,03:33:11,eddie@node1i06.ecdf.ed.ac.uk,4,3311
59012123,0.01399,step7_gate,yhu5,r,10/01/2026,03:32:26,eddie@node1i15.ecdf.ed.ac.uk,4,3310
59012123,0.01399,step7_gate,yhu5,r,10/01/2026,03:36:22,eddie@node1l26.ecdf.ed.ac.uk,4,3313
59012123,0.01399,step7_gate,yhu5,r,10/01/2026,03:36:35,eddie@node1f12.ecdf.ed.ac.uk,4,3314
59012123,0.01398,step7_gate,yhu5,r,10/01/2026,03:29:05,eddie@node1i07.ecdf.ed.ac.uk,4,3309
59012123,0.01398,step7_gate,yhu5,r,10/01/2026,03:21:57,eddie@node1r08.ecdf.ed.ac.uk,4,3307
59012123,0.01398,step7_gate,yhu5,r,10/01/2026,03:22:54,eddie@node1n08.ecdf.ed.ac.uk,4,3308
59012123,0.01397,step7_gate,yhu5,r,10/01/2026,03:19:11,eddie@node1o13.ecdf.ed.ac.uk,4,3306
59014908,0.01397,step7_gate,s2609353,r,10/01/2026,06:24:15,eddie@node1s15.ecdf.ed.ac.uk,8,3285
59014908,0.01397,step7_gate,s2609353,r,10/01/2026,06:30:36,eddie@node1s14.ecdf.ed.ac.uk,8,3289
59014908,0.01396,step7_gate,s2609353,r,10/01/2026,06:21:56,eddie@node1r17.ecdf.ed.ac.uk,8,3283
59012123,0.01395,step7_gate,yhu5,r,10/01/2026,03:12:17,eddie@node1i15.ecdf.ed.ac.uk,4,3304
59012123,0.01395,step7_gate,yhu5,r,10/01/2026,03:06:19,eddie@node1l25.ecdf.ed.ac.uk,4,3303
59012123,0.01394,step7_gate,yhu5,r,10/01/2026,02:59:46,eddie@node1l25.ecdf.ed.ac.uk,4,3300
59012123,0.01394,step7_gate,yhu5,r,10/01/2026,03:00:29,eddie@node1l26.ecdf.ed.ac.uk,4,3301
59014908,0.01394,step7_gate,s2609353,r,10/01/2026,06:04:55,eddie@node1l20.ecdf.ed.ac.uk,8,3276
59014908,0.01393,step7_gate,s2609353,r,10/01/2026,05:58:54,eddie@node1j10.ecdf.ed.ac.uk,8,3273
59012123,0.01392,step7_gate,yhu5,r,10/01/2026,02:45:31,eddie@node1i02.ecdf.ed.ac.uk,4,3295
59012123,0.01392,step7_gate,yhu5,r,10/01/2026,02:43:31,eddie@node1h04.ecdf.ed.ac.uk,4,3294
59014908,0.01392,step7_gate,s2609353,r,10/01/2026,05:50:09,eddie@node1s14.ecdf.ed.ac.uk,8,3270
59012123,0.01392,step7_gate,yhu5,r,10/01/2026,02:41:04,eddie@node1r05.ecdf.ed.ac.uk,4,3293
59012123,0.01391,step7_gate,yhu5,r,10/01/2026,02:37:06,eddie@node1f13.ecdf.ed.ac.uk,4,3291
59014908,0.01391,step7_gate,s2609353,r,10/01/2026,06:03:03,eddie@node1r20.ecdf.ed.ac.uk,8,3275
59014908,0.01391,step7_gate,s2609353,r,10/01/2026,05:52:22,eddie@node1s14.ecdf.ed.ac.uk,8,3271
59014908,0.01391,step7_gate,s2609353,r,10/01/2026,05:54:20,eddie@node1d02.ecdf.ed.ac.uk,8,3272
59014908,0.01391,step7_gate,s2609353,r,10/01/2026,06:10:50,eddie@node1l26.ecdf.ed.ac.uk,8,3279
59014908,0.01391,step7_gate,s2609353,r,10/01/2026,05:39:56,eddie@node1i15.ecdf.ed.ac.uk,8,3268
59012123,0.01390,step7_gate,yhu5,r,10/01/2026,02:28:47,eddie@node1s13.ecdf.ed.ac.uk,4,3288
59014908,0.01390,step7_gate,s2609353,r,10/01/2026,05:34:29,eddie@node1s18.ecdf.ed.ac.uk,8,3265
59012123,0.01389,step7_gate,yhu5,r,10/01/2026,02:24:12,eddie@node1h05.ecdf.ed.ac.uk,4,3285
59012123,0.01389,step7_gate,yhu5,r,10/01/2026,02:25:52,eddie@node1h11.ecdf.ed.ac.uk,4,3287
59012123,0.01389,step7_gate,yhu5,r,10/01/2026,02:25:21,eddie@node1h15.ecdf.ed.ac.uk,4,3286
59012123,0.01388,step7_gate,yhu5,r,10/01/2026,02:22:14,eddie@node1m19.ecdf.ed.ac.uk,4,3284
59012123,0.01388,step7_gate,yhu5,r,10/01/2026,02:33:09,eddie@node1m21.ecdf.ed.ac.uk,4,3289
59012123,0.01388,step7_gate,yhu5,r,10/01/2026,02:36:23,eddie@node1r05.ecdf.ed.ac.uk,4,3290
59012123,0.01388,step7_gate,yhu5,r,10/01/2026,02:15:16,eddie@node1o08.ecdf.ed.ac.uk,4,3283
59012123,0.01388,step7_gate,yhu5,r,10/01/2026,02:10:29,eddie@node1i06.ecdf.ed.ac.uk,4,3279
59012123,0.01388,step7_gate,yhu5,r,10/01/2026,02:10:59,eddie@node1m22.ecdf.ed.ac.uk,4,3280
59014908,0.01387,step7_gate,s2609353,r,10/01/2026,05:23:53,eddie@node1e05.ecdf.ed.ac.uk,8,3264
59014908,0.01387,step7_gate,s2609353,r,10/01/2026,05:19:03,eddie@node1j27.ecdf.ed.ac.uk,8,3262
59014908,0.01387,step7_gate,s2609353,r,10/01/2026,05:35:24,eddie@node1m13.ecdf.ed.ac.uk,8,3266
59014908,0.01387,step7_gate,s2609353,r,10/01/2026,05:35:56,eddie@node1h16.ecdf.ed.ac.uk,8,3267
59012123,0.01387,step7_gate,yhu5,r,10/01/2026,02:09:37,eddie@node1m24.ecdf.ed.ac.uk,4,3278
59012123,0.01387,step7_gate,yhu5,r,10/01/2026,02:11:44,eddie@node1o07.ecdf.ed.ac.uk,4,3282
59012123,0.01387,step7_gate,yhu5,r,10/01/2026,02:11:11,eddie@node1o09.ecdf.ed.ac.uk,4,3281
59012123,0.01387,step7_gate,yhu5,r,10/01/2026,02:07:50,eddie@node1f07.ecdf.ed.ac.uk,4,3277
59012123,0.01387,step7_gate,yhu5,r,10/01/2026,03:16:37,eddie@node1n01.ecdf.ed.ac.uk,4,3305
59012123,0.01387,step7_gate,yhu5,r,10/01/2026,03:02:42,eddie@node1j28.ecdf.ed.ac.uk,4,3302
59012123,0.01387,step7_gate,yhu5,r,10/01/2026,02:56:47,eddie@node1h24.ecdf.ed.ac.uk,4,3299
59012123,0.01387,step7_gate,yhu5,r,10/01/2026,02:07:17,eddie@node1l26.ecdf.ed.ac.uk,4,3274
59012123,0.01387,step7_gate,yhu5,r,10/01/2026,02:07:17,eddie@node1o09.ecdf.ed.ac.uk,4,3275
59012123,0.01387,step7_gate,yhu5,r,10/01/2026,02:07:24,eddie@node1s20.ecdf.ed.ac.uk,4,3276
59012123,0.01387,step7_gate,yhu5,r,10/01/2026,02:39:38,eddie@node1f16.ecdf.ed.ac.uk,4,3292
59012123,0.01387,step7_gate,yhu5,r,10/01/2026,02:46:00,eddie@node1n03.ecdf.ed.ac.uk,4,3296
59012123,0.01387,step7_gate,yhu5,r,10/01/2026,02:46:52,eddie@node1s17.ecdf.ed.ac.uk,4,3297
59012123,0.01387,step7_gate,yhu5,r,10/01/2026,02:48:42,eddie@node1h21.ecdf.ed.ac.uk,4,3298
59012123,0.01385,step7_gate,yhu5,r,10/01/2026,02:03:00,eddie@node1m20.ecdf.ed.ac.uk,4,3270
59012123,0.01385,step7_gate,yhu5,r,10/01/2026,02:03:38,eddie@node1m14.ecdf.ed.ac.uk,4,3271
59012123,0.01385,step7_gate,yhu5,r,10/01/2026,02:04:29,eddie@node1l24.ecdf.ed.ac.uk,4,3272
59012123,0.01385,step7_gate,yhu5,r,10/01/2026,02:04:54,eddie@node1l06.ecdf.ed.ac.uk,4,3273
59012123,0.01385,step7_gate,yhu5,r,10/01/2026,01:55:09,eddie@node1j26.ecdf.ed.ac.uk,4,3269
59012123,0.01385,step7_gate,yhu5,r,10/01/2026,01:50:48,eddie@node1i15.ecdf.ed.ac.uk,4,3268
59012123,0.01384,step7_gate,yhu5,r,10/01/2026,01:45:32,eddie@node1s16.ecdf.ed.ac.uk,4,3266
59012123,0.01384,step7_gate,yhu5,r,10/01/2026,01:46:11,eddie@node1j27.ecdf.ed.ac.uk,4,3267
59012123,0.01384,step7_gate,yhu5,r,10/01/2026,01:43:21,eddie@node1j22.ecdf.ed.ac.uk,4,3265
59012123,0.01383,step7_gate,yhu5,r,10/01/2026,01:41:14,eddie@node1r18.ecdf.ed.ac.uk,4,3262
59012123,0.01383,step7_gate,yhu5,r,10/01/2026,01:41:31,eddie@node1r14.ecdf.ed.ac.uk,4,3263
59012123,0.01383,step7_gate,yhu5,r,10/01/2026,01:41:56,eddie@node1h06.ecdf.ed.ac.uk,4,3264
59012123,0.01383,step7_gate,yhu5,r,10/01/2026,01:38:00,eddie@node1h04.ecdf.ed.ac.uk,4,3260
59012123,0.01383,step7_gate,yhu5,r,10/01/2026,01:38:01,eddie@node1s18.ecdf.ed.ac.uk,4,3261
59012123,0.01383,step7_gate,yhu5,r,10/01/2026,01:37:44,eddie@node1i07.ecdf.ed.ac.uk,4,3259
59012123,0.01383,step7_gate,yhu5,r,10/01/2026,01:37:19,eddie@node1o06.ecdf.ed.ac.uk,4,3258
59012123,0.01382,step7_gate,yhu5,r,10/01/2026,01:33:08,eddie@node1r19.ecdf.ed.ac.uk,4,3256
59012123,0.01382,step7_gate,yhu5,r,10/01/2026,01:33:27,eddie@node1i06.ecdf.ed.ac.uk,4,3257
59014908,0.01382,step7_gate,s2609353,r,10/01/2026,04:40:46,eddie@node1l27.ecdf.ed.ac.uk,8,3253
59014908,0.01382,step7_gate,s2609353,r,10/01/2026,05:02:39,eddie@node1o03.ecdf.ed.ac.uk,8,3259
59014908,0.01381,step7_gate,s2609353,r,10/01/2026,04:29:38,eddie@node1l22.ecdf.ed.ac.uk,8,3250
59014908,0.01380,step7_gate,s2609353,r,10/01/2026,04:26:11,eddie@node1f04.ecdf.ed.ac.uk,8,3249
59014908,0.01380,step7_gate,s2609353,r,10/01/2026,04:24:20,eddie@node1h16.ecdf.ed.ac.uk,8,3248
59012123,0.01379,step7_gate,yhu5,r,10/01/2026,01:12:43,eddie@node1r14.ecdf.ed.ac.uk,4,3248
59012123,0.01379,step7_gate,yhu5,r,10/01/2026,01:12:01,eddie@node1h13.ecdf.ed.ac.uk,4,3247
59012123,0.01378,step7_gate,yhu5,r,10/01/2026,01:06:17,eddie@node1l25.ecdf.ed.ac.uk,4,3244
59012123,0.01378,step7_gate,yhu5,r,10/01/2026,01:06:17,eddie@node1j07.ecdf.ed.ac.uk,4,3245
59012123,0.01378,step7_gate,yhu5,r,10/01/2026,01:11:18,eddie@node1h05.ecdf.ed.ac.uk,4,3246
59012123,0.01378,step7_gate,yhu5,r,10/01/2026,01:06:08,eddie@node1r08.ecdf.ed.ac.uk,4,3243
59012123,0.01378,step7_gate,yhu5,r,10/01/2026,01:03:42,eddie@node1n06.ecdf.ed.ac.uk,4,3241
59012123,0.01378,step7_gate,yhu5,r,10/01/2026,01:05:16,eddie@node1p08.ecdf.ed.ac.uk,4,3242
59012123,0.01378,step7_gate,yhu5,r,10/01/2026,01:01:14,eddie@node1m23.ecdf.ed.ac.uk,4,3240
59012123,0.01378,step7_gate,yhu5,r,10/01/2026,01:00:59,eddie@node1l22.ecdf.ed.ac.uk,4,3239
59012123,0.01378,step7_gate,yhu5,r,10/01/2026,01:20:22,eddie@node1h15.ecdf.ed.ac.uk,4,3250
59012123,0.01378,step7_gate,yhu5,r,10/01/2026,01:20:51,eddie@node1r14.ecdf.ed.ac.uk,4,3251
59012123,0.01378,step7_gate,yhu5,r,10/01/2026,01:23:26,eddie@node1n06.ecdf.ed.ac.uk,4,3254
59012123,0.01378,step7_gate,yhu5,r,10/01/2026,01:21:09,eddie@node1h07.ecdf.ed.ac.uk,4,3252
59012123,0.01378,step7_gate,yhu5,r,10/01/2026,01:25:18,eddie@node1h08.ecdf.ed.ac.uk,4,3255
59012123,0.01378,step7_gate,yhu5,r,10/01/2026,01:17:34,eddie@node1i06.ecdf.ed.ac.uk,4,3249
59012123,0.01376,step7_gate,yhu5,r,10/01/2026,00:57:10,eddie@node1o07.ecdf.ed.ac.uk,4,3237
59012123,0.01376,step7_gate,yhu5,r,10/01/2026,00:52:54,eddie@node1o14.ecdf.ed.ac.uk,4,3234
59012123,0.01376,step7_gate,yhu5,r,10/01/2026,00:54:47,eddie@node1o06.ecdf.ed.ac.uk,4,3235
59012123,0.01376,step7_gate,yhu5,r,10/01/2026,00:55:13,eddie@node1r18.ecdf.ed.ac.uk,4,3236
59012123,0.01376,step7_gate,yhu5,r,10/01/2026,00:58:11,eddie@node1r16.ecdf.ed.ac.uk,4,3238
59012123,0.01376,step7_gate,yhu5,r,10/01/2026,00:51:24,eddie@node1s12.ecdf.ed.ac.uk,4,3232
59012123,0.01376,step7_gate,yhu5,r,10/01/2026,00:51:16,eddie@node1o08.ecdf.ed.ac.uk,4,3231
59012123,0.01376,step7_gate,yhu5,r,10/01/2026,00:47:23,eddie@node1r18.ecdf.ed.ac.uk,4,3230
59012123,0.01375,step7_gate,yhu5,r,10/01/2026,00:45:42,eddie@node1r09.ecdf.ed.ac.uk,4,3228
59012123,0.01375,step7_gate,yhu5,r,10/01/2026,00:46:12,eddie@node1i14.ecdf.ed.ac.uk,4,3229
59012123,0.01375,step7_gate,yhu5,r,10/01/2026,00:43:42,eddie@node1h09.ecdf.ed.ac.uk,4,3227
59012123,0.01375,step7_gate,yhu5,r,10/01/2026,00:43:23,eddie@node1h16.ecdf.ed.ac.uk,4,3226
59012123,0.01375,step7_gate,yhu5,r,10/01/2026,00:41:10,eddie@node1m22.ecdf.ed.ac.uk,4,3225
59012123,0.01375,step7_gate,yhu5,r,10/01/2026,00:40:30,eddie@node1h10.ecdf.ed.ac.uk,4,3224
59014908,0.01374,step7_gate,s2609353,r,10/01/2026,03:54:14,eddie@node1e05.ecdf.ed.ac.uk,8,3244
59014908,0.01374,step7_gate,s2609353,r,10/01/2026,03:49:21,eddie@node1r07.ecdf.ed.ac.uk,8,3241
59014908,0.01374,step7_gate,s2609353,r,10/01/2026,03:52:52,eddie@node1r09.ecdf.ed.ac.uk,8,3243
59012123,0.01374,step7_gate,yhu5,r,10/01/2026,00:36:40,eddie@node1f12.ecdf.ed.ac.uk,4,3223
59012123,0.01373,step7_gate,yhu5,r,10/01/2026,00:32:43,eddie@node1h24.ecdf.ed.ac.uk,4,3221
59012123,0.01373,step7_gate,yhu5,r,10/01/2026,00:33:00,eddie@node1m20.ecdf.ed.ac.uk,4,3222
59012123,0.01373,step7_gate,yhu5,r,10/01/2026,00:30:33,eddie@node1l26.ecdf.ed.ac.uk,4,3220
59014908,0.01373,step7_gate,s2609353,r,10/01/2026,03:34:06,eddie@node1o09.ecdf.ed.ac.uk,8,3234
59012123,0.01372,step7_gate,yhu5,r,10/01/2026,00:25:00,eddie@node1o10.ecdf.ed.ac.uk,4,3219
59012123,0.01372,step7_gate,yhu5,r,10/01/2026,00:21:12,eddie@node1m06.ecdf.ed.ac.uk,4,3217
59012123,0.01372,step7_gate,yhu5,r,10/01/2026,00:23:56,eddie@node1f06.ecdf.ed.ac.uk,4,3218
59014908,0.01371,step7_gate,s2609353,r,10/01/2026,03:23:35,eddie@node1r16.ecdf.ed.ac.uk,8,3233
59012123,0.01370,step7_gate,yhu5,r,10/01/2026,00:16:42,eddie@node1l21.ecdf.ed.ac.uk,4,3215
59012123,0.01370,step7_gate,yhu5,r,10/01/2026,00:18:00,eddie@node1r14.ecdf.ed.ac.uk,4,3216
59014908,0.01370,step7_gate,s2609353,r,10/01/2026,03:18:15,eddie@node1j27.ecdf.ed.ac.uk,8,3232
59012123,0.01370,step7_gate,yhu5,r,10/01/2026,00:04:55,eddie@node1h16.ecdf.ed.ac.uk,4,3214
59012123,0.01369,step7_gate,yhu5,r,09/30/2026,23:59:18,eddie@node1i06.ecdf.ed.ac.uk,4,3212
59012123,0.01369,step7_gate,yhu5,r,09/30/2026,23:58:32,eddie@node1r08.ecdf.ed.ac.uk,4,3211
59012123,0.01369,step7_gate,yhu5,r,09/30/2026,23:57:42,eddie@node1o11.ecdf.ed.ac.uk,4,3210
59012123,0.01369,step7_gate,yhu5,r,09/30/2026,23:57:30,eddie@node1r14.ecdf.ed.ac.uk,4,3209
59014908,0.01368,step7_gate,s2609353,r,10/01/2026,03:11:27,eddie@node1s17.ecdf.ed.ac.uk,8,3229
59012123,0.01368,step7_gate,yhu5,r,09/30/2026,23:53:26,eddie@node1m21.ecdf.ed.ac.uk,4,3206
59012123,0.01368,step7_gate,yhu5,r,09/30/2026,23:53:39,eddie@node1s17.ecdf.ed.ac.uk,4,3207
59012123,0.01368,step7_gate,yhu5,r,09/30/2026,23:54:01,eddie@node1m18.ecdf.ed.ac.uk,4,3208
59014908,0.01368,step7_gate,s2609353,r,10/01/2026,03:00:21,eddie@node1r19.ecdf.ed.ac.uk,8,3224
59014908,0.01368,step7_gate,s2609353,r,10/01/2026,02:59:02,eddie@node1f08.ecdf.ed.ac.uk,8,3223
59012123,0.01367,step7_gate,yhu5,r,09/30/2026,23:52:12,eddie@node1h23.ecdf.ed.ac.uk,4,3204
59012123,0.01367,step7_gate,yhu5,r,09/30/2026,23:48:53,eddie@node1l23.ecdf.ed.ac.uk,4,3203
59012123,0.01366,step7_gate,yhu5,r,09/30/2026,23:40:04,eddie@node1m18.ecdf.ed.ac.uk,4,3201
59012123,0.01365,step7_gate,yhu5,r,09/30/2026,23:35:41,eddie@node1l21.ecdf.ed.ac.uk,4,3200
59012123,0.01365,step7_gate,yhu5,r,09/30/2026,23:35:34,eddie@node1h08.ecdf.ed.ac.uk,4,3199
59012123,0.01365,step7_gate,yhu5,r,09/30/2026,23:34:22,eddie@node1l28.ecdf.ed.ac.uk,4,3198
59012123,0.01365,step7_gate,yhu5,r,09/30/2026,23:31:42,eddie@node1j28.ecdf.ed.ac.uk,4,3197
59012123,0.01365,step7_gate,yhu5,r,09/30/2026,23:31:19,eddie@node1h10.ecdf.ed.ac.uk,4,3196
59012123,0.01365,step7_gate,yhu5,r,09/30/2026,23:29:41,eddie@node1l21.ecdf.ed.ac.uk,4,3195
59014908,0.01365,step7_gate,s2609353,r,10/01/2026,02:38:04,eddie@node1m15.ecdf.ed.ac.uk,8,3216
59012123,0.01364,step7_gate,yhu5,r,09/30/2026,23:27:16,eddie@node1h13.ecdf.ed.ac.uk,4,3194
59012123,0.01364,step7_gate,yhu5,r,09/30/2026,23:23:59,eddie@node1m23.ecdf.ed.ac.uk,4,3193
59012123,0.01363,step7_gate,yhu5,r,09/30/2026,23:22:31,eddie@node1h09.ecdf.ed.ac.uk,4,3191
59012123,0.01363,step7_gate,yhu5,r,09/30/2026,23:22:48,eddie@node1s13.ecdf.ed.ac.uk,4,3192
59014908,0.01363,step7_gate,s2609353,r,10/01/2026,02:28:09,eddie@node1f11.ecdf.ed.ac.uk,8,3212
59012123,0.01362,step7_gate,yhu5,r,09/30/2026,23:18:57,eddie@node1o10.ecdf.ed.ac.uk,4,3189
59012123,0.01362,step7_gate,yhu5,r,09/30/2026,23:20:22,eddie@node1m14.ecdf.ed.ac.uk,4,3190
59012123,0.01362,step7_gate,yhu5,r,09/30/2026,23:15:16,eddie@node1h07.ecdf.ed.ac.uk,4,3188
59012123,0.01362,step7_gate,yhu5,r,09/30/2026,23:10:09,eddie@node1h04.ecdf.ed.ac.uk,4,3186
59012123,0.01362,step7_gate,yhu5,r,09/30/2026,23:11:39,eddie@node1o14.ecdf.ed.ac.uk,4,3187
59012123,0.01361,step7_gate,yhu5,r,09/30/2026,23:05:16,eddie@node1o06.ecdf.ed.ac.uk,4,3185
59012123,0.01361,step7_gate,yhu5,r,09/30/2026,23:02:35,eddie@node1l21.ecdf.ed.ac.uk,4,3184
59012123,0.01361,step7_gate,yhu5,r,09/30/2026,22:59:43,eddie@node1o09.ecdf.ed.ac.uk,4,3181
59014908,0.01360,step7_gate,s2609353,r,10/01/2026,03:01:46,eddie@node1h22.ecdf.ed.ac.uk,8,3225
59014908,0.01360,step7_gate,s2609353,r,10/01/2026,03:02:17,eddie@node1j18.ecdf.ed.ac.uk,8,3226
59014908,0.01360,step7_gate,s2609353,r,10/01/2026,02:56:15,eddie@node1h11.ecdf.ed.ac.uk,8,3222
59012123,0.01360,step7_gate,yhu5,r,09/30/2026,22:56:03,eddie@node1r09.ecdf.ed.ac.uk,4,3177
59012123,0.01359,step7_gate,yhu5,r,09/30/2026,22:50:15,eddie@node1m23.ecdf.ed.ac.uk,4,3176
59012123,0.01359,step7_gate,yhu5,r,09/30/2026,22:45:47,eddie@node1h10.ecdf.ed.ac.uk,4,3174
59012123,0.01359,step7_gate,yhu5,r,09/30/2026,22:44:54,eddie@node1s09.ecdf.ed.ac.uk,4,3173
59012123,0.01358,step7_gate,yhu5,r,09/30/2026,22:42:59,eddie@node1s15.ecdf.ed.ac.uk,4,3172
59014908,0.01357,step7_gate,s2609353,r,10/01/2026,01:47:52,eddie@node1s10.ecdf.ed.ac.uk,8,3203
59014908,0.01356,step7_gate,s2609353,r,10/01/2026,01:36:17,eddie@node1k04.ecdf.ed.ac.uk,8,3199
59014908,0.01355,step7_gate,s2609353,r,10/01/2026,01:28:37,eddie@node1f12.ecdf.ed.ac.uk,8,3196
59012123,0.01353,step7_gate,yhu5,r,09/30/2026,22:08:15,eddie@node1o09.ecdf.ed.ac.uk,4,3165
59012123,0.01353,step7_gate,yhu5,r,09/30/2026,22:10:03,eddie@node1i02.ecdf.ed.ac.uk,4,3166
59012123,0.01353,step7_gate,yhu5,r,09/30/2026,22:07:29,eddie@node1o12.ecdf.ed.ac.uk,4,3164
59012123,0.01352,step7_gate,yhu5,r,09/30/2026,22:02:46,eddie@node1h10.ecdf.ed.ac.uk,4,3163
59012123,0.01352,step7_gate,yhu5,r,09/30/2026,21:57:58,eddie@node1r07.ecdf.ed.ac.uk,4,3161
59012123,0.01352,step7_gate,yhu5,r,09/30/2026,21:58:24,eddie@node1i03.ecdf.ed.ac.uk,4,3162
59014908,0.01352,step7_gate,s2609353,r,10/01/2026,01:07:54,eddie@node1i15.ecdf.ed.ac.uk,8,3190
59014908,0.01351,step7_gate,s2609353,r,10/01/2026,01:01:45,eddie@node1m14.ecdf.ed.ac.uk,8,3189
59012123,0.01351,step7_gate,yhu5,r,09/30/2026,21:49:47,eddie@node1h10.ecdf.ed.ac.uk,4,3159
59014908,0.01351,step7_gate,s2609353,r,10/01/2026,01:27:12,eddie@node1r09.ecdf.ed.ac.uk,8,3195
59012123,0.01350,step7_gate,yhu5,r,09/30/2026,21:47:20,eddie@node1m18.ecdf.ed.ac.uk,4,3158
59012123,0.01348,step7_gate,yhu5,r,09/30/2026,21:33:47,eddie@node1l22.ecdf.ed.ac.uk,4,3157
59014908,0.01348,step7_gate,s2609353,r,10/01/2026,00:40:37,eddie@node1r12.ecdf.ed.ac.uk,8,3179
59014908,0.01348,step7_gate,s2609353,r,10/01/2026,00:49:24,eddie@node1s18.ecdf.ed.ac.uk,8,3184
59012123,0.01347,step7_gate,yhu5,r,09/30/2026,21:25:48,eddie@node1m15.ecdf.ed.ac.uk,4,3155
59014908,0.01347,step7_gate,s2609353,r,10/01/2026,00:34:44,eddie@node1h21.ecdf.ed.ac.uk,8,3175
59014908,0.01346,step7_gate,s2609353,r,10/01/2026,00:27:16,eddie@node1h08.ecdf.ed.ac.uk,8,3173
59012123,0.01346,step7_gate,yhu5,r,09/30/2026,21:20:18,eddie@node1n06.ecdf.ed.ac.uk,4,3154
59012123,0.01346,step7_gate,yhu5,r,09/30/2026,21:16:49,eddie@node1s11.ecdf.ed.ac.uk,4,3153
59014908,0.01345,step7_gate,s2609353,r,10/01/2026,00:23:17,eddie@node1m24.ecdf.ed.ac.uk,8,3169
59012123,0.01344,step7_gate,yhu5,r,09/30/2026,21:05:45,eddie@node1s16.ecdf.ed.ac.uk,4,3147
59012123,0.01344,step7_gate,yhu5,r,09/30/2026,21:07:25,eddie@node1i03.ecdf.ed.ac.uk,4,3148
59014908,0.01344,step7_gate,s2609353,r,10/01/2026,00:16:07,eddie@node1o11.ecdf.ed.ac.uk,8,3165
59012123,0.01343,step7_gate,yhu5,r,09/30/2026,20:58:05,eddie@node1s14.ecdf.ed.ac.uk,4,3144
59012123,0.01343,step7_gate,yhu5,r,09/30/2026,21:04:16,eddie@node1j26.ecdf.ed.ac.uk,4,3145
59012123,0.01343,step7_gate,yhu5,r,09/30/2026,21:04:57,eddie@node1o06.ecdf.ed.ac.uk,4,3146
59014908,0.01343,step7_gate,s2609353,r,10/01/2026,00:06:43,eddie@node1h03.ecdf.ed.ac.uk,8,3163
59012123,0.01342,step7_gate,yhu5,r,09/30/2026,20:55:12,eddie@node1h15.ecdf.ed.ac.uk,4,3143
59012123,0.01342,step7_gate,yhu5,r,09/30/2026,20:50:04,eddie@node1j06.ecdf.ed.ac.uk,4,3141
59014908,0.01342,step7_gate,s2609353,r,09/30/2026,23:59:05,eddie@node1h21.ecdf.ed.ac.uk,8,3162
59012123,0.01341,step7_gate,yhu5,r,09/30/2026,20:44:29,eddie@node1h24.ecdf.ed.ac.uk,4,3136
59014908,0.01341,step7_gate,s2609353,r,09/30/2026,23:52:00,eddie@node1f07.ecdf.ed.ac.uk,8,3161
59012123,0.01340,step7_gate,yhu5,r,09/30/2026,20:36:25,eddie@node1i07.ecdf.ed.ac.uk,4,3131
59012123,0.01340,step7_gate,yhu5,r,09/30/2026,20:37:54,eddie@node1f13.ecdf.ed.ac.uk,4,3132
59012123,0.01340,step7_gate,yhu5,r,09/30/2026,20:39:02,eddie@node1o08.ecdf.ed.ac.uk,4,3133
59012123,0.01340,step7_gate,yhu5,r,09/30/2026,20:40:07,eddie@node1r20.ecdf.ed.ac.uk,4,3134
59012123,0.01339,step7_gate,yhu5,r,09/30/2026,20:24:44,eddie@node1o07.ecdf.ed.ac.uk,4,3125
59014908,0.01338,step7_gate,s2609353,r,09/30/2026,23:33:13,eddie@node1k05.ecdf.ed.ac.uk,8,3154
59012123,0.01337,step7_gate,yhu5,r,09/30/2026,20:22:12,eddie@node1m14.ecdf.ed.ac.uk,4,3124
59012123,0.01337,step7_gate,yhu5,r,09/30/2026,20:12:25,eddie@node1o11.ecdf.ed.ac.uk,4,3123
59014908,0.01336,step7_gate,s2609353,r,09/30/2026,23:22:35,eddie@node1s18.ecdf.ed.ac.uk,8,3150
59012123,0.01336,step7_gate,yhu5,r,09/30/2026,20:08:19,eddie@node1n08.ecdf.ed.ac.uk,4,3121
59014908,0.01336,step7_gate,s2609353,r,09/30/2026,23:18:07,eddie@node1o03.ecdf.ed.ac.uk,8,3146
59014908,0.01336,step7_gate,s2609353,r,09/30/2026,23:19:04,eddie@node1l10.ecdf.ed.ac.uk,8,3147
59014908,0.01336,step7_gate,s2609353,r,09/30/2026,23:19:45,eddie@node1m22.ecdf.ed.ac.uk,8,3148
59014908,0.01336,step7_gate,s2609353,r,09/30/2026,23:19:50,eddie@node1n13.ecdf.ed.ac.uk,8,3149
59012123,0.01334,step7_gate,yhu5,r,09/30/2026,19:55:58,eddie@node1m15.ecdf.ed.ac.uk,4,3115
59012123,0.01334,step7_gate,yhu5,r,09/30/2026,19:56:17,eddie@node1f13.ecdf.ed.ac.uk,4,3116
59012123,0.01334,step7_gate,yhu5,r,09/30/2026,19:51:57,eddie@node1h23.ecdf.ed.ac.uk,4,3113
59012123,0.01333,step7_gate,yhu5,r,09/30/2026,19:49:09,eddie@node1f06.ecdf.ed.ac.uk,4,3111
59014908,0.01329,step7_gate,s2609353,r,09/30/2026,22:21:28,eddie@node1f08.ecdf.ed.ac.uk,8,3131
59012123,0.01329,step7_gate,yhu5,r,09/30/2026,19:18:10,eddie@node1m24.ecdf.ed.ac.uk,4,3098
59012123,0.01329,step7_gate,yhu5,r,09/30/2026,19:15:09,eddie@node1h24.ecdf.ed.ac.uk,4,3096
59014908,0.01328,step7_gate,s2609353,r,09/30/2026,22:14:24,eddie@node1f13.ecdf.ed.ac.uk,8,3128
59012123,0.01327,step7_gate,yhu5,r,09/30/2026,19:01:39,eddie@node1l24.ecdf.ed.ac.uk,4,3089
59014908,0.01325,step7_gate,s2609353,r,09/30/2026,22:01:17,eddie@node1l25.ecdf.ed.ac.uk,8,3123
59014908,0.01325,step7_gate,s2609353,r,09/30/2026,21:54:37,eddie@node1l10.ecdf.ed.ac.uk,8,3118
59014908,0.01323,step7_gate,s2609353,r,09/30/2026,21:42:12,eddie@node1r15.ecdf.ed.ac.uk,8,3115
59012123,0.01323,step7_gate,yhu5,r,09/30/2026,18:34:35,eddie@node1l21.ecdf.ed.ac.uk,4,3078
59014908,0.01321,step7_gate,s2609353,r,09/30/2026,21:27:20,eddie@node1s20.ecdf.ed.ac.uk,8,3107
59012123,0.01319,step7_gate,yhu5,r,09/30/2026,18:10:56,eddie@node1h09.ecdf.ed.ac.uk,4,3067
59012123,0.01318,step7_gate,yhu5,r,09/30/2026,18:05:28,eddie@node1o07.ecdf.ed.ac.uk,4,3066
59012123,0.01318,step7_gate,yhu5,r,09/30/2026,18:03:10,eddie@node1s15.ecdf.ed.ac.uk,4,3062
59012123,0.01317,step7_gate,yhu5,r,09/30/2026,18:05:24,eddie@node1f16.ecdf.ed.ac.uk,4,3065
59012123,0.01317,step7_gate,yhu5,r,09/30/2026,18:01:31,eddie@node1l28.ecdf.ed.ac.uk,4,3061
59014908,0.01317,step7_gate,s2609353,r,09/30/2026,20:57:55,eddie@node1o05.ecdf.ed.ac.uk,8,3097
59014908,0.01317,step7_gate,s2609353,r,09/30/2026,21:02:53,eddie@node1h07.ecdf.ed.ac.uk,8,3100
59012123,0.01316,step7_gate,yhu5,r,09/30/2026,17:51:01,eddie@node1o11.ecdf.ed.ac.uk,4,3056
59012123,0.01315,step7_gate,yhu5,r,09/30/2026,17:40:26,eddie@node1f06.ecdf.ed.ac.uk,4,3054
59012123,0.01312,step7_gate,yhu5,r,09/30/2026,17:37:53,eddie@node1f10.ecdf.ed.ac.uk,4,3053
59012123,0.01312,step7_gate,yhu5,r,09/30/2026,17:30:42,eddie@node1o13.ecdf.ed.ac.uk,4,3051
59012123,0.01311,step7_gate,yhu5,r,09/30/2026,17:21:17,eddie@node1r18.ecdf.ed.ac.uk,4,3048
59014908,0.01311,step7_gate,s2609353,r,09/30/2026,20:15:05,eddie@node1l24.ecdf.ed.ac.uk,8,3086
59014908,0.01310,step7_gate,s2609353,r,09/30/2026,20:11:11,eddie@node1h08.ecdf.ed.ac.uk,8,3084
59012123,0.01310,step7_gate,yhu5,r,09/30/2026,17:11:37,eddie@node1l25.ecdf.ed.ac.uk,4,3044
59012123,0.01309,step7_gate,yhu5,r,09/30/2026,17:07:42,eddie@node1n01.ecdf.ed.ac.uk,4,3040
59014908,0.01308,step7_gate,s2609353,r,09/30/2026,20:02:17,eddie@node1s17.ecdf.ed.ac.uk,8,3081
59014908,0.01308,step7_gate,s2609353,r,09/30/2026,19:58:53,eddie@node1s15.ecdf.ed.ac.uk,8,3080
59012123,0.01308,step7_gate,yhu5,r,09/30/2026,16:58:09,eddie@node1s19.ecdf.ed.ac.uk,4,3039
59012123,0.01307,step7_gate,yhu5,r,09/30/2026,16:50:34,eddie@node1i14.ecdf.ed.ac.uk,4,3035
59012123,0.01307,step7_gate,yhu5,r,09/30/2026,16:47:56,eddie@node1o03.ecdf.ed.ac.uk,4,3033
59014908,0.01303,step7_gate,s2609353,r,09/30/2026,19:26:16,eddie@node1h15.ecdf.ed.ac.uk,8,3078
59014908,0.01297,step7_gate,s2609353,r,09/30/2026,18:53:57,eddie@node1r18.ecdf.ed.ac.uk,8,3067
59014908,0.01294,step7_gate,s2609353,r,09/30/2026,18:28:45,eddie@node1m15.ecdf.ed.ac.uk,8,3058
59072667,0.01291,acetylh0,knicodem,r,09/28/2026,07:52:48,eddie@node1s12.ecdf.ed.ac.uk,1,7
59014908,0.01285,step7_gate,s2609353,r,09/30/2026,17:26:16,eddie@node1h04.ecdf.ed.ac.uk,8,3032
59014908,0.01283,step7_gate,s2609353,r,09/30/2026,17:11:28,eddie@node1s18.ecdf.ed.ac.uk,8,3025
59012123,0.01275,step7_gate,yhu5,r,09/30/2026,13:03:11,eddie@node1h15.ecdf.ed.ac.uk,4,3032
59014908,0.01275,step7_gate,s2609353,r,09/30/2026,16:11:51,eddie@node1o09.ecdf.ed.ac.uk,8,3005
59014908,0.01274,step7_gate,s2609353,r,09/30/2026,16:07:43,eddie@node1m24.ecdf.ed.ac.uk,8,3002
59014908,0.01266,step7_gate,s2609353,r,09/30/2026,15:12:24,eddie@node1h06.ecdf.ed.ac.uk,8,2982
59012123,0.01265,step7_gate,yhu5,r,09/30/2026,11:51:38,eddie@node1j11.ecdf.ed.ac.uk,4,3013
59012123,0.01259,step7_gate,yhu5,r,09/30/2026,11:15:19,eddie@node1h07.ecdf.ed.ac.uk,4,3003
59012123,0.01259,step7_gate,yhu5,r,09/30/2026,11:16:50,eddie@node1i02.ecdf.ed.ac.uk,4,3004
59012123,0.01258,step7_gate,yhu5,r,09/30/2026,11:05:09,eddie@node1l28.ecdf.ed.ac.uk,4,2995
59012123,0.01258,step7_gate,yhu5,r,09/30/2026,11:06:40,eddie@node1s14.ecdf.ed.ac.uk,4,2996
59014908,0.01256,step7_gate,s2609353,r,09/30/2026,14:01:09,eddie@node1k04.ecdf.ed.ac.uk,8,2960
59014908,0.01254,step7_gate,s2609353,r,09/30/2026,13:47:36,eddie@node1r08.ecdf.ed.ac.uk,8,2955
59014908,0.01251,step7_gate,s2609353,r,09/30/2026,13:21:22,eddie@node1h03.ecdf.ed.ac.uk,8,2953
59014908,0.01249,step7_gate,s2609353,r,09/30/2026,13:16:50,eddie@node1h16.ecdf.ed.ac.uk,8,2952
59012123,0.01249,step7_gate,yhu5,r,09/30/2026,09:59:26,eddie@node1n05.ecdf.ed.ac.uk,4,2976
59012123,0.01245,step7_gate,yhu5,r,09/30/2026,09:25:34,eddie@node1h05.ecdf.ed.ac.uk,4,2967
59014908,0.01244,step7_gate,s2609353,r,09/30/2026,12:39:11,eddie@node1o05.ecdf.ed.ac.uk,8,2938
59012123,0.01242,step7_gate,yhu5,r,09/30/2026,09:01:16,eddie@node1j26.ecdf.ed.ac.uk,4,2957
59012123,0.01242,step7_gate,yhu5,r,09/30/2026,09:01:55,eddie@node1l23.ecdf.ed.ac.uk,4,2959
59012123,0.01241,step7_gate,yhu5,r,09/30/2026,08:55:51,eddie@node1i02.ecdf.ed.ac.uk,4,2954
59014908,0.01229,step7_gate,s2609353,r,09/30/2026,10:49:12,eddie@node1f11.ecdf.ed.ac.uk,8,2896
59012123,0.01226,step7_gate,yhu5,r,09/30/2026,07:11:21,eddie@node1f11.ecdf.ed.ac.uk,4,2922
59012123,0.01224,step7_gate,yhu5,r,09/30/2026,06:54:50,eddie@node1s14.ecdf.ed.ac.uk,4,2917
59125187,0.01223,stronghold,s2742483,r,09/30/2026,08:33:02,eddie@node1k18.ecdf.ed.ac.uk,4
59012123,0.01222,step7_gate,yhu5,r,09/30/2026,06:48:35,eddie@node1o06.ecdf.ed.ac.uk,4,2913
59012123,0.01212,step7_gate,yhu5,r,09/30/2026,05:33:43,eddie@node1i16.ecdf.ed.ac.uk,4,2897
59012123,0.01206,step7_gate,yhu5,r,09/30/2026,04:56:12,eddie@node1f16.ecdf.ed.ac.uk,4,2888
59012123,0.01206,step7_gate,yhu5,r,09/30/2026,04:58:26,eddie@node1f12.ecdf.ed.ac.uk,4,2889
59012123,0.01201,step7_gate,yhu5,r,09/30/2026,04:23:50,eddie@node1f07.ecdf.ed.ac.uk,4,2876
59012123,0.01199,step7_gate,yhu5,r,09/30/2026,04:10:06,eddie@node1s19.ecdf.ed.ac.uk,4,2873
59012123,0.01197,step7_gate,yhu5,r,09/30/2026,03:53:53,eddie@node1h24.ecdf.ed.ac.uk,4,2870
59012123,0.01195,step7_gate,yhu5,r,09/30/2026,03:41:32,eddie@node1s13.ecdf.ed.ac.uk,4,2867
59014908,0.01194,step7_gate,s2609353,r,09/30/2026,06:27:29,eddie@node1h14.ecdf.ed.ac.uk,8,2804
59012123,0.01194,step7_gate,yhu5,r,09/30/2026,03:27:39,eddie@node1f06.ecdf.ed.ac.uk,4,2861
59012123,0.01191,step7_gate,yhu5,r,09/30/2026,03:14:15,eddie@node1j26.ecdf.ed.ac.uk,4,2857
59014908,0.01189,step7_gate,s2609353,r,09/30/2026,05:49:52,eddie@node1j19.ecdf.ed.ac.uk,8,2788
59014908,0.01182,step7_gate,s2609353,r,09/30/2026,05:01:51,eddie@node1i07.ecdf.ed.ac.uk,8,2764
59012123,0.01176,step7_gate,yhu5,r,09/30/2026,01:32:00,eddie@node1n01.ecdf.ed.ac.uk,4,2826
59012123,0.01176,step7_gate,yhu5,r,09/30/2026,01:36:48,eddie@node1s19.ecdf.ed.ac.uk,4,2827
59012123,0.01174,step7_gate,yhu5,r,09/30/2026,01:11:45,eddie@node1m01.ecdf.ed.ac.uk,4,2816
59014908,0.01174,step7_gate,s2609353,r,09/30/2026,04:07:28,eddie@node1h09.ecdf.ed.ac.uk,8,2743
59012123,0.01172,step7_gate,yhu5,r,09/30/2026,01:09:00,eddie@node1h06.ecdf.ed.ac.uk,4,2814
59014908,0.01159,step7_gate,s2609353,r,09/30/2026,02:29:19,eddie@node1h11.ecdf.ed.ac.uk,8,2705
59012123,0.01158,step7_gate,yhu5,r,09/29/2026,23:07:25,eddie@node1h08.ecdf.ed.ac.uk,4,2776
59012123,0.01157,step7_gate,yhu5,r,09/29/2026,22:57:55,eddie@node1o08.ecdf.ed.ac.uk,4,2771
59014908,0.01157,step7_gate,s2609353,r,09/30/2026,02:12:37,eddie@node1h11.ecdf.ed.ac.uk,8,2701
59012123,0.01155,step7_gate,yhu5,r,09/29/2026,22:45:43,eddie@node1o13.ecdf.ed.ac.uk,4,2769
59012123,0.01154,step7_gate,yhu5,r,09/29/2026,22:40:35,eddie@node1f16.ecdf.ed.ac.uk,4,2767
59012123,0.01154,step7_gate,yhu5,r,09/29/2026,22:35:34,eddie@node1j25.ecdf.ed.ac.uk,4,2765
59012123,0.01153,step7_gate,yhu5,r,09/29/2026,22:33:21,eddie@node1i16.ecdf.ed.ac.uk,4,2764
59014908,0.01151,step7_gate,s2609353,r,09/30/2026,01:42:59,eddie@node1l24.ecdf.ed.ac.uk,8,2683
59012123,0.01149,step7_gate,yhu5,r,09/29/2026,22:02:27,eddie@node1j26.ecdf.ed.ac.uk,4,2749
59072667,0.01147,acetylh0,knicodem,r,09/28/2026,07:52:48,eddie@node1s12.ecdf.ed.ac.uk,1,8
59012123,0.01145,step7_gate,yhu5,r,09/29/2026,21:37:53,eddie@node1o04.ecdf.ed.ac.uk,4,2742
59012123,0.01143,step7_gate,yhu5,r,09/29/2026,21:24:04,eddie@node1h23.ecdf.ed.ac.uk,4,2736
59012123,0.01140,step7_gate,yhu5,r,09/29/2026,21:00:54,eddie@node1o10.ecdf.ed.ac.uk,4,2723
59012123,0.01139,step7_gate,yhu5,r,09/29/2026,20:57:53,eddie@node1h06.ecdf.ed.ac.uk,4,2721
59012123,0.01138,step7_gate,yhu5,r,09/29/2026,20:50:59,eddie@node1h05.ecdf.ed.ac.uk,4,2718
59014908,0.01137,step7_gate,s2609353,r,09/29/2026,23:55:44,eddie@node1r15.ecdf.ed.ac.uk,8,2638
59012123,0.01136,step7_gate,yhu5,r,09/29/2026,20:34:46,eddie@node1r06.ecdf.ed.ac.uk,4,2711
59019436,0.01132,PYCOFITNES,blivesey,r,09/30/2026,23:51:56,igmm_long@node1a06.ecdf.ed.ac.,1,500
59019436,0.01131,PYCOFITNES,blivesey,r,09/30/2026,23:40:46,igmm_long@node1c02.ecdf.ed.ac.,1,499
59014908,0.01130,step7_gate,s2609353,r,09/29/2026,22:32:02,eddie@node1l24.ecdf.ed.ac.uk,8,2600
59019436,0.01129,PYCOFITNES,blivesey,r,09/30/2026,23:31:54,igmm_long@node1b02.ecdf.ed.ac.,1,498
59019436,0.01123,PYCOFITNES,blivesey,r,09/30/2026,22:33:26,igmm_long@node1b08.ecdf.ed.ac.,1,495
59012123,0.01120,step7_gate,yhu5,r,09/29/2026,18:42:49,eddie@node1m03.ecdf.ed.ac.uk,4,2659
59012123,0.01116,step7_gate,yhu5,r,09/29/2026,18:12:19,eddie@node1i13.ecdf.ed.ac.uk,4,2645
59019436,0.01114,PYCOFITNES,blivesey,r,09/30/2026,21:36:14,igmm_long@node1a01.ecdf.ed.ac.,1,493
59019436,0.01114,PYCOFITNES,blivesey,r,09/30/2026,21:34:42,igmm_long@node1a07.ecdf.ed.ac.,1,492
59012123,0.01113,step7_gate,yhu5,r,09/29/2026,17:53:03,eddie@node1f10.ecdf.ed.ac.uk,4,2639
59014908,0.01111,step7_gate,s2609353,r,09/29/2026,20:41:58,eddie@node1l22.ecdf.ed.ac.uk,8,2561
59014908,0.01106,step7_gate,s2609353,r,09/29/2026,19:49:19,eddie@node1h22.ecdf.ed.ac.uk,8,2539
59012123,0.01100,step7_gate,yhu5,r,09/29/2026,16:34:05,eddie@node1r09.ecdf.ed.ac.uk,4,2602
59019436,0.01099,PYCOFITNES,blivesey,r,09/30/2026,19:46:18,igmm_long@node1a04.ecdf.ed.ac.,1,482
59019436,0.01075,PYCOFITNES,blivesey,r,09/30/2026,17:18:04,igmm_long@node1h01.ecdf.ed.ac.,1,478
59019436,0.01071,PYCOFITNES,blivesey,r,09/30/2026,16:49:01,igmm_long@node1a08.ecdf.ed.ac.,1,477
59163830,0.01065,build_ref,jprende3,r,10/01/2026,15:41:54,eddie@node1r05.ecdf.ed.ac.uk,16
59019436,0.01063,PYCOFITNES,blivesey,r,09/30/2026,15:53:43,igmm_long@node1a02.ecdf.ed.ac.,1,473
59152303,0.01037,sim_8192_2,s2871218,r,10/01/2026,15:35:01,gpu@node1r03.ecdf.ed.ac.uk,1
59072667,0.01033,acetylh0,knicodem,r,09/28/2026,07:52:49,eddie@node1s10.ecdf.ed.ac.uk,1,9
59173100,0.01032,gadget64cl,s2583735,r,10/01/2026,15:31:59,eddie@node1e06.ecdf.ed.ac.uk,16,21
59086122,0.00983,crsbC_fini,s2538679,r,10/01/2026,08:58:52,gpu@node1q07.ecdf.ed.ac.uk,1
59159642,0.00975,q_0nm_0mT,s2066893,r,10/01/2026,15:37:58,gpu@node1s04.ecdf.ed.ac.uk,1,174
59173706,0.00964,bkan,s1687781,r,10/01/2026,15:31:47,gpu@node1g05.ecdf.ed.ac.uk,10
59106795,0.00958,QLOGIN,lcornell,r,09/29/2026,18:42:59,igmm_long@node1h02.ecdf.ed.ac.,1
59072667,0.00939,acetylh0,knicodem,r,09/28/2026,07:52:49,eddie@node1s11.ecdf.ed.ac.uk,1,10
59130158,0.00865,d10n0,s2162020,r,10/01/2026,14:42:09,gpu@node1p07.ecdf.ed.ac.uk,1
59072667,0.00861,acetylh0,knicodem,r,09/28/2026,07:52:49,eddie@node1s10.ecdf.ed.ac.uk,1,11
59067754,0.00851,perm-windo,v1malmar,r,10/01/2026,08:08:34,gpu@node1g06.ecdf.ed.ac.uk,8
59127528,0.00831,rnaseq,ddunica2,r,09/30/2026,10:11:00,eddie@node1j24.ecdf.ed.ac.uk,1
59067753,0.00821,perm-windo,v1malmar,r,10/01/2026,05:01:22,gpu@node1g07.ecdf.ed.ac.uk,8
59090941,0.00811,sim_8192_1,sbenavid,r,10/01/2026,15:46:22,gpu@node1q07.ecdf.ed.ac.uk,1
59144346,0.00806,QLOGIN,s2749210,r,09/30/2026,22:19:55,igmm_long@node1h02.ecdf.ed.ac.,24
59072667,0.00794,acetylh0,knicodem,r,09/28/2026,07:52:49,eddie@node1s11.ecdf.ed.ac.uk,1,12
59067752,0.00788,perm-windo,v1malmar,r,09/30/2026,23:10:36,gpu@node1p05.ecdf.ed.ac.uk,8
59075954,0.00782,g_input,pcai,r,10/01/2026,15:48:42,gpu@node1r02.ecdf.ed.ac.uk,1
59140792,0.00776,calvados_s,s2747831,r,10/01/2026,14:52:40,gpu@node1o17.ecdf.ed.ac.uk,1
59075952,0.00775,g_input,pcai,r,10/01/2026,15:12:36,gpu@node1g07.ecdf.ed.ac.uk,1
59067751,0.00773,perm-windo,v1malmar,r,09/30/2026,21:28:13,gpu@node1o17.ecdf.ed.ac.uk,8
59067750,0.00766,perm-windo,v1malmar,r,09/30/2026,20:37:54,gpu@node1o16.ecdf.ed.ac.uk,8
59067749,0.00764,perm-windo,v1malmar,r,09/30/2026,20:18:26,gpu@node1q09.ecdf.ed.ac.uk,8
59073702,0.00757,oil3d_mala,s2673720,r,09/30/2026,07:41:11,eddie@node1n14.ecdf.ed.ac.uk,20
59067748,0.00753,perm-windo,v1malmar,r,09/30/2026,19:21:22,gpu@node1p06.ecdf.ed.ac.uk,8
59072667,0.00738,acetylh0,knicodem,r,09/28/2026,07:52:49,eddie@node1s10.ecdf.ed.ac.uk,1,13
59096217,0.00735,ev_grl_gpu,s1904451,r,09/30/2026,05:55:19,gpu@node1o16.ecdf.ed.ac.uk,1
59174546,0.00730,patA24,s2309496,r,10/01/2026,15:50:04,eddie@node1e04.ecdf.ed.ac.uk,4
59067747,0.00721,perm-windo,v1malmar,r,09/30/2026,17:55:44,gpu@node1p06.ecdf.ed.ac.uk,8
59067746,0.00712,perm-windo,v1malmar,r,09/30/2026,17:01:19,gpu@node1p06.ecdf.ed.ac.uk,8
59174530,0.00704,ce2,gl03pr17,r,10/01/2026,15:50:29,eddie@node1l12.ecdf.ed.ac.uk,1
59067743,0.00699,perm-windo,v1malmar,r,09/30/2026,09:41:45,gpu@node1q07.ecdf.ed.ac.uk,8
59073889,0.00698,snakejob.i,abrether,r,10/01/2026,13:04:26,gpu@node1o15.ecdf.ed.ac.uk,2
59073415,0.00697,global_1de,lsmallma,r,10/01/2026,15:50:40,eddie@node1m03.ecdf.ed.ac.uk,3,12230
59073415,0.00697,global_1de,lsmallma,r,10/01/2026,15:49:53,eddie@node1e10.ecdf.ed.ac.uk,3,12228
59073415,0.00697,global_1de,lsmallma,r,10/01/2026,15:50:04,eddie@node1m07.ecdf.ed.ac.uk,3,12229
59019628,0.00697,uroPorIII_,wwong3,r,09/28/2026,02:45:17,eddie@node1k13.ecdf.ed.ac.uk,16
59073415,0.00697,global_1de,lsmallma,r,10/01/2026,15:49:25,eddie@node1j23.ecdf.ed.ac.uk,3,12226
59073415,0.00697,global_1de,lsmallma,r,10/01/2026,15:49:29,eddie@node1h10.ecdf.ed.ac.uk,3,12227
59073415,0.00697,global_1de,lsmallma,r,10/01/2026,15:48:54,eddie@node1m06.ecdf.ed.ac.uk,3,12224
59073415,0.00697,global_1de,lsmallma,r,10/01/2026,15:48:58,eddie@node1e01.ecdf.ed.ac.uk,3,12225
59073415,0.00697,global_1de,lsmallma,r,10/01/2026,15:48:04,eddie@node1f04.ecdf.ed.ac.uk,3,12217
59073415,0.00697,global_1de,lsmallma,r,10/01/2026,15:48:09,eddie@node1e06.ecdf.ed.ac.uk,3,12218
59073415,0.00697,global_1de,lsmallma,r,10/01/2026,15:48:25,eddie@node1f04.ecdf.ed.ac.uk,3,12219
59073415,0.00697,global_1de,lsmallma,r,10/01/2026,15:48:38,eddie@node1f07.ecdf.ed.ac.uk,3,12221
59073415,0.00697,global_1de,lsmallma,r,10/01/2026,15:48:38,eddie@node1j17.ecdf.ed.ac.uk,3,12222
59073415,0.00697,global_1de,lsmallma,r,10/01/2026,15:48:36,eddie@node1e10.ecdf.ed.ac.uk,3,12220
59073415,0.00697,global_1de,lsmallma,r,10/01/2026,15:48:45,eddie@node1r06.ecdf.ed.ac.uk,3,12223
59073415,0.00697,global_1de,lsmallma,r,10/01/2026,15:47:42,eddie@node1e08.ecdf.ed.ac.uk,3,12216
59073415,0.00697,global_1de,lsmallma,r,10/01/2026,15:47:12,eddie@node1m02.ecdf.ed.ac.uk,3,12214
59073415,0.00697,global_1de,lsmallma,r,10/01/2026,15:47:26,eddie@node1d09.ecdf.ed.ac.uk,3,12215
59073415,0.00697,global_1de,lsmallma,r,10/01/2026,15:47:01,eddie@node1m03.ecdf.ed.ac.uk,3,12213
59073415,0.00697,global_1de,lsmallma,r,10/01/2026,15:46:57,eddie@node1r05.ecdf.ed.ac.uk,3,12212
59073415,0.00697,global_1de,lsmallma,r,10/01/2026,15:46:56,eddie@node1f03.ecdf.ed.ac.uk,3,12211
59073415,0.00697,global_1de,lsmallma,r,10/01/2026,15:46:46,eddie@node1i24.ecdf.ed.ac.uk,3,12210
59073415,0.00697,global_1de,lsmallma,r,10/01/2026,15:46:34,eddie@node1i06.ecdf.ed.ac.uk,3,12209
59073415,0.00697,global_1de,lsmallma,r,10/01/2026,15:46:25,eddie@node1d01.ecdf.ed.ac.uk,3,12208
59073415,0.00696,global_1de,lsmallma,r,10/01/2026,15:43:34,eddie@node1l23.ecdf.ed.ac.uk,3,12204
59073415,0.00696,global_1de,lsmallma,r,10/01/2026,15:44:55,eddie@node1j06.ecdf.ed.ac.uk,3,12207
59073415,0.00696,global_1de,lsmallma,r,10/01/2026,15:43:05,eddie@node1j05.ecdf.ed.ac.uk,3,12203
59073415,0.00696,global_1de,lsmallma,r,10/01/2026,15:44:42,eddie@node1r20.ecdf.ed.ac.uk,3,12206
59073415,0.00696,global_1de,lsmallma,r,10/01/2026,15:42:47,eddie@node1l27.ecdf.ed.ac.uk,3,12202
59073415,0.00696,global_1de,lsmallma,r,10/01/2026,15:42:35,eddie@node1e10.ecdf.ed.ac.uk,3,12201
59073415,0.00696,global_1de,lsmallma,r,10/01/2026,15:42:21,eddie@node1l05.ecdf.ed.ac.uk,3,12200
59073415,0.00696,global_1de,lsmallma,r,10/01/2026,15:44:02,eddie@node1j21.ecdf.ed.ac.uk,3,12205
59073415,0.00696,global_1de,lsmallma,r,10/01/2026,15:42:11,eddie@node1j23.ecdf.ed.ac.uk,3,12198
59073415,0.00696,global_1de,lsmallma,r,10/01/2026,15:42:20,eddie@node1d09.ecdf.ed.ac.uk,3,12199
59073415,0.00696,global_1de,lsmallma,r,10/01/2026,15:41:44,eddie@node1e01.ecdf.ed.ac.uk,3,12196
59073415,0.00696,global_1de,lsmallma,r,10/01/2026,15:41:45,eddie@node1i17.ecdf.ed.ac.uk,3,12197
59073415,0.00696,global_1de,lsmallma,r,10/01/2026,15:41:19,eddie@node1j01.ecdf.ed.ac.uk,3,12195
59073415,0.00696,global_1de,lsmallma,r,10/01/2026,15:41:11,eddie@node1f03.ecdf.ed.ac.uk,3,12194
59073415,0.00696,global_1de,lsmallma,r,10/01/2026,15:41:04,eddie@node1l21.ecdf.ed.ac.uk,3,12193
59073415,0.00696,global_1de,lsmallma,r,10/01/2026,15:40:31,eddie@node1n02.ecdf.ed.ac.uk,3,12192
59073415,0.00696,global_1de,lsmallma,r,10/01/2026,15:39:30,eddie@node1e06.ecdf.ed.ac.uk,3,12191
59073415,0.00696,global_1de,lsmallma,r,10/01/2026,15:38:59,eddie@node1s20.ecdf.ed.ac.uk,3,12190
59073415,0.00696,global_1de,lsmallma,r,10/01/2026,15:38:35,eddie@node1k04.ecdf.ed.ac.uk,3,12189
59073415,0.00696,global_1de,lsmallma,r,10/01/2026,15:38:11,eddie@node1m06.ecdf.ed.ac.uk,3,12188
59073415,0.00696,global_1de,lsmallma,r,10/01/2026,15:38:02,eddie@node1e08.ecdf.ed.ac.uk,3,12187
59073415,0.00695,global_1de,lsmallma,r,10/01/2026,15:37:28,eddie@node1j23.ecdf.ed.ac.uk,3,12186
59073415,0.00695,global_1de,lsmallma,r,10/01/2026,15:37:19,eddie@node1h14.ecdf.ed.ac.uk,3,12184
59073415,0.00695,global_1de,lsmallma,r,10/01/2026,15:37:19,eddie@node1d10.ecdf.ed.ac.uk,3,12185
59073415,0.00695,global_1de,lsmallma,r,10/01/2026,15:36:53,eddie@node1e02.ecdf.ed.ac.uk,3,12182
59073415,0.00695,global_1de,lsmallma,r,10/01/2026,15:36:51,eddie@node1e08.ecdf.ed.ac.uk,3,12181
59073415,0.00695,global_1de,lsmallma,r,10/01/2026,15:37:06,eddie@node1j25.ecdf.ed.ac.uk,3,12183
59073415,0.00695,global_1de,lsmallma,r,10/01/2026,15:36:34,eddie@node1j17.ecdf.ed.ac.uk,3,12179
59073415,0.00695,global_1de,lsmallma,r,10/01/2026,15:36:35,eddie@node1i25.ecdf.ed.ac.uk,3,12180
59073415,0.00695,global_1de,lsmallma,r,10/01/2026,15:36:07,eddie@node1k09.ecdf.ed.ac.uk,3,12176
59073415,0.00695,global_1de,lsmallma,r,10/01/2026,15:36:07,eddie@node1d10.ecdf.ed.ac.uk,3,12177
59073415,0.00695,global_1de,lsmallma,r,10/01/2026,15:36:12,eddie@node1f11.ecdf.ed.ac.uk,3,12178
59073415,0.00695,global_1de,lsmallma,r,10/01/2026,15:35:49,eddie@node1n08.ecdf.ed.ac.uk,3,12174
59073415,0.00695,global_1de,lsmallma,r,10/01/2026,15:35:50,eddie@node1l01.ecdf.ed.ac.uk,3,12175
59073415,0.00695,global_1de,lsmallma,r,10/01/2026,15:35:45,eddie@node1e01.ecdf.ed.ac.uk,3,12173
59073415,0.00695,global_1de,lsmallma,r,10/01/2026,15:35:21,eddie@node1l08.ecdf.ed.ac.uk,3,12172
59073415,0.00695,global_1de,lsmallma,r,10/01/2026,15:34:47,eddie@node1d04.ecdf.ed.ac.uk,3,12171
59073415,0.00695,global_1de,lsmallma,r,10/01/2026,15:34:28,eddie@node1l19.ecdf.ed.ac.uk,3,12170
59073415,0.00695,global_1de,lsmallma,r,10/01/2026,15:34:14,eddie@node1h24.ecdf.ed.ac.uk,3,12166
59073415,0.00695,global_1de,lsmallma,r,10/01/2026,15:34:14,eddie@node1e04.ecdf.ed.ac.uk,3,12167
59073415,0.00695,global_1de,lsmallma,r,10/01/2026,15:34:26,eddie@node1e01.ecdf.ed.ac.uk,3,12169
59073415,0.00695,global_1de,lsmallma,r,10/01/2026,15:34:10,eddie@node1j18.ecdf.ed.ac.uk,3,12165
59073415,0.00695,global_1de,lsmallma,r,10/01/2026,15:34:19,eddie@node1d09.ecdf.ed.ac.uk,3,12168
59073415,0.00695,global_1de,lsmallma,r,10/01/2026,15:34:07,eddie@node1l09.ecdf.ed.ac.uk,3,12164
59073415,0.00695,global_1de,lsmallma,r,10/01/2026,15:33:44,eddie@node1j18.ecdf.ed.ac.uk,3,12161
59073415,0.00695,global_1de,lsmallma,r,10/01/2026,15:33:45,eddie@node1d09.ecdf.ed.ac.uk,3,12162
59073415,0.00695,global_1de,lsmallma,r,10/01/2026,15:33:59,eddie@node1f01.ecdf.ed.ac.uk,3,12163
59073415,0.00695,global_1de,lsmallma,r,10/01/2026,15:33:32,eddie@node1e05.ecdf.ed.ac.uk,3,12160
59073415,0.00695,global_1de,lsmallma,r,10/01/2026,15:32:00,eddie@node1m07.ecdf.ed.ac.uk,3,12158
59073415,0.00695,global_1de,lsmallma,r,10/01/2026,15:32:31,eddie@node1j09.ecdf.ed.ac.uk,3,12159
59073415,0.00695,global_1de,lsmallma,r,10/01/2026,15:31:13,eddie@node1f05.ecdf.ed.ac.uk,3,12157
59073415,0.00695,global_1de,lsmallma,r,10/01/2026,15:31:09,eddie@node1l20.ecdf.ed.ac.uk,3,12156
59073415,0.00695,global_1de,lsmallma,r,10/01/2026,15:30:45,eddie@node1e07.ecdf.ed.ac.uk,3,12155
59073415,0.00695,global_1de,lsmallma,r,10/01/2026,15:30:29,eddie@node1m07.ecdf.ed.ac.uk,3,12154
59073415,0.00694,global_1de,lsmallma,r,10/01/2026,15:30:19,eddie@node1l01.ecdf.ed.ac.uk,3,12153
59073415,0.00694,global_1de,lsmallma,r,10/01/2026,15:30:14,eddie@node1l01.ecdf.ed.ac.uk,3,12152
59073415,0.00694,global_1de,lsmallma,r,10/01/2026,15:29:57,eddie@node1m07.ecdf.ed.ac.uk,3,12151
59073888,0.00694,snakejob.i,abrether,r,10/01/2026,12:39:31,gpu@node1o15.ecdf.ed.ac.uk,2
59073415,0.00694,global_1de,lsmallma,r,10/01/2026,15:28:56,eddie@node1k12.ecdf.ed.ac.uk,3,12150
59073415,0.00694,global_1de,lsmallma,r,10/01/2026,15:28:52,eddie@node1l27.ecdf.ed.ac.uk,3,12149
59073415,0.00694,global_1de,lsmallma,r,10/01/2026,15:27:09,eddie@node1d06.ecdf.ed.ac.uk,3,12148
59073415,0.00693,global_1de,lsmallma,r,10/01/2026,15:26:56,eddie@node1h03.ecdf.ed.ac.uk,3,12147
59073415,0.00693,global_1de,lsmallma,r,10/01/2026,15:26:30,eddie@node1d01.ecdf.ed.ac.uk,3,12146
59073415,0.00693,global_1de,lsmallma,r,10/01/2026,15:26:13,eddie@node1f01.ecdf.ed.ac.uk,3,12145
59073415,0.00693,global_1de,lsmallma,r,10/01/2026,15:25:48,eddie@node1f04.ecdf.ed.ac.uk,3,12144
59073415,0.00693,global_1de,lsmallma,r,10/01/2026,15:25:32,eddie@node1m08.ecdf.ed.ac.uk,3,12143
59073415,0.00693,global_1de,lsmallma,r,10/01/2026,15:25:13,eddie@node1k07.ecdf.ed.ac.uk,3,12141
59073415,0.00693,global_1de,lsmallma,r,10/01/2026,15:25:13,eddie@node1i24.ecdf.ed.ac.uk,3,12142
59073415,0.00693,global_1de,lsmallma,r,10/01/2026,15:24:53,eddie@node1e06.ecdf.ed.ac.uk,3,12139
59073415,0.00693,global_1de,lsmallma,r,10/01/2026,15:24:57,eddie@node1e09.ecdf.ed.ac.uk,3,12140
59073415,0.00693,global_1de,lsmallma,r,10/01/2026,15:24:50,eddie@node1e05.ecdf.ed.ac.uk,3,12138
59073415,0.00693,global_1de,lsmallma,r,10/01/2026,15:24:17,eddie@node1e07.ecdf.ed.ac.uk,3,12137
59073415,0.00693,global_1de,lsmallma,r,10/01/2026,15:24:09,eddie@node1l19.ecdf.ed.ac.uk,3,12136
59073415,0.00693,global_1de,lsmallma,r,10/01/2026,15:23:44,eddie@node1s13.ecdf.ed.ac.uk,3,12134
59073415,0.00693,global_1de,lsmallma,r,10/01/2026,15:23:56,eddie@node1s09.ecdf.ed.ac.uk,3,12135
59073415,0.00693,global_1de,lsmallma,r,10/01/2026,15:23:26,eddie@node1d10.ecdf.ed.ac.uk,3,12132
59073415,0.00693,global_1de,lsmallma,r,10/01/2026,15:23:30,eddie@node1d04.ecdf.ed.ac.uk,3,12133
59073415,0.00693,global_1de,lsmallma,r,10/01/2026,15:22:32,eddie@node1l27.ecdf.ed.ac.uk,3,12131
59073415,0.00693,global_1de,lsmallma,r,10/01/2026,15:22:05,eddie@node1f13.ecdf.ed.ac.uk,3,12130
59073415,0.00693,global_1de,lsmallma,r,10/01/2026,15:21:14,eddie@node1e06.ecdf.ed.ac.uk,3,12129
59067744,0.00693,perm-windo,v1malmar,r,09/30/2026,10:18:19,gpu@node1p07.ecdf.ed.ac.uk,8
59073415,0.00693,global_1de,lsmallma,r,10/01/2026,15:20:48,eddie@node1d09.ecdf.ed.ac.uk,3,12128
59073415,0.00693,global_1de,lsmallma,r,10/01/2026,15:20:34,eddie@node1l02.ecdf.ed.ac.uk,3,12127
59073415,0.00693,global_1de,lsmallma,r,10/01/2026,15:20:29,eddie@node1k01.ecdf.ed.ac.uk,3,12126
59073415,0.00692,global_1de,lsmallma,r,10/01/2026,15:20:22,eddie@node1l27.ecdf.ed.ac.uk,3,12125
59073415,0.00692,global_1de,lsmallma,r,10/01/2026,15:18:58,eddie@node1n14.ecdf.ed.ac.uk,3,12124
59073415,0.00692,global_1de,lsmallma,r,10/01/2026,15:18:44,eddie@node1o10.ecdf.ed.ac.uk,3,12123
59073415,0.00692,global_1de,lsmallma,r,10/01/2026,15:18:40,eddie@node1m03.ecdf.ed.ac.uk,3,12122
59075687,0.00692,g_input,s2430499,r,10/01/2026,14:23:59,gpu@node1p01.ecdf.ed.ac.uk,1
59073415,0.00692,global_1de,lsmallma,r,10/01/2026,15:13:45,eddie@node1s20.ecdf.ed.ac.uk,3,12121
59073415,0.00692,global_1de,lsmallma,r,10/01/2026,15:13:32,eddie@node1e08.ecdf.ed.ac.uk,3,12120
59073415,0.00691,global_1de,lsmallma,r,10/01/2026,15:13:00,eddie@node1k08.ecdf.ed.ac.uk,3,12119
59073415,0.00691,global_1de,lsmallma,r,10/01/2026,15:12:55,eddie@node1l21.ecdf.ed.ac.uk,3,12118
59073415,0.00691,global_1de,lsmallma,r,10/01/2026,15:12:52,eddie@node1l20.ecdf.ed.ac.uk,3,12117
59073415,0.00691,global_1de,lsmallma,r,10/01/2026,15:11:18,eddie@node1o10.ecdf.ed.ac.uk,3,12116
59073415,0.00691,global_1de,lsmallma,r,10/01/2026,15:09:59,eddie@node1j01.ecdf.ed.ac.uk,3,12114
59073415,0.00691,global_1de,lsmallma,r,10/01/2026,15:10:13,eddie@node1j18.ecdf.ed.ac.uk,3,12115
59073415,0.00691,global_1de,lsmallma,r,10/01/2026,15:09:52,eddie@node1e06.ecdf.ed.ac.uk,3,12112
59073415,0.00691,global_1de,lsmallma,r,10/01/2026,15:09:53,eddie@node1i17.ecdf.ed.ac.uk,3,12113
59073415,0.00691,global_1de,lsmallma,r,10/01/2026,15:09:48,eddie@node1e06.ecdf.ed.ac.uk,3,12111
59073415,0.00691,global_1de,lsmallma,r,10/01/2026,15:08:44,eddie@node1f12.ecdf.ed.ac.uk,3,12110
59073415,0.00691,global_1de,lsmallma,r,10/01/2026,15:07:50,eddie@node1k04.ecdf.ed.ac.uk,3,12109
59073415,0.00691,global_1de,lsmallma,r,10/01/2026,15:07:22,eddie@node1j06.ecdf.ed.ac.uk,3,12108
59073415,0.00690,global_1de,lsmallma,r,10/01/2026,15:06:30,eddie@node1j08.ecdf.ed.ac.uk,3,12107
59073415,0.00690,global_1de,lsmallma,r,10/01/2026,15:05:58,eddie@node1j02.ecdf.ed.ac.uk,3,12105
59073415,0.00690,global_1de,lsmallma,r,10/01/2026,15:05:58,eddie@node1m12.ecdf.ed.ac.uk,3,12106
59073415,0.00690,global_1de,lsmallma,r,10/01/2026,15:05:25,eddie@node1e02.ecdf.ed.ac.uk,3,12104
59073415,0.00690,global_1de,lsmallma,r,10/01/2026,15:05:05,eddie@node1j10.ecdf.ed.ac.uk,3,12103
59073415,0.00690,global_1de,lsmallma,r,10/01/2026,15:04:38,eddie@node1l01.ecdf.ed.ac.uk,3,12102
59073415,0.00690,global_1de,lsmallma,r,10/01/2026,15:02:47,eddie@node1d02.ecdf.ed.ac.uk,3,12101
59073415,0.00690,global_1de,lsmallma,r,10/01/2026,15:02:13,eddie@node1o06.ecdf.ed.ac.uk,3,12100
59073415,0.00690,global_1de,lsmallma,r,10/01/2026,15:00:39,eddie@node1l04.ecdf.ed.ac.uk,3,12099
59073415,0.00690,global_1de,lsmallma,r,10/01/2026,14:59:57,eddie@node1k03.ecdf.ed.ac.uk,3,12097
59073415,0.00690,global_1de,lsmallma,r,10/01/2026,14:59:58,eddie@node1e01.ecdf.ed.ac.uk,3,12098
59073415,0.00690,global_1de,lsmallma,r,10/01/2026,14:59:47,eddie@node1d09.ecdf.ed.ac.uk,3,12096
59073415,0.00690,global_1de,lsmallma,r,10/01/2026,14:59:27,eddie@node1e02.ecdf.ed.ac.uk,3,12095
59073415,0.00689,global_1de,lsmallma,r,10/01/2026,14:58:50,eddie@node1e04.ecdf.ed.ac.uk,3,12094
59073415,0.00689,global_1de,lsmallma,r,10/01/2026,14:55:48,eddie@node1f03.ecdf.ed.ac.uk,3,12093
59073415,0.00689,global_1de,lsmallma,r,10/01/2026,14:53:49,eddie@node1d06.ecdf.ed.ac.uk,3,12092
59073415,0.00688,global_1de,lsmallma,r,10/01/2026,14:52:08,eddie@node1d06.ecdf.ed.ac.uk,3,12091
59072667,0.00688,acetylh0,knicodem,r,09/28/2026,07:52:49,eddie@node1s11.ecdf.ed.ac.uk,1,14
59076331,0.00688,A30_vf_32_,s1939328,r,10/01/2026,10:56:59,gpu@node1q08.ecdf.ed.ac.uk,1
59073415,0.00688,global_1de,lsmallma,r,10/01/2026,14:50:44,eddie@node1j19.ecdf.ed.ac.uk,3,12089
59073415,0.00688,global_1de,lsmallma,r,10/01/2026,14:50:48,eddie@node1e07.ecdf.ed.ac.uk,3,12090
59073415,0.00688,global_1de,lsmallma,r,10/01/2026,14:50:20,eddie@node1m07.ecdf.ed.ac.uk,3,12088
59075940,0.00688,g_input,pcai,r,10/01/2026,12:27:40,gpu@node1g02.ecdf.ed.ac.uk,1
59073415,0.00688,global_1de,lsmallma,r,10/01/2026,14:48:37,eddie@node1l05.ecdf.ed.ac.uk,3,12087
59073415,0.00688,global_1de,lsmallma,r,10/01/2026,14:47:24,eddie@node1e05.ecdf.ed.ac.uk,3,12086
59073415,0.00687,global_1de,lsmallma,r,10/01/2026,14:44:19,eddie@node1j07.ecdf.ed.ac.uk,3,12085
59073415,0.00687,global_1de,lsmallma,r,10/01/2026,14:44:11,eddie@node1m05.ecdf.ed.ac.uk,3,12084
59073415,0.00687,global_1de,lsmallma,r,10/01/2026,14:43:46,eddie@node1e04.ecdf.ed.ac.uk,3,12083
59073887,0.00687,snakejob.i,abrether,r,10/01/2026,11:54:10,gpu@node1p02.ecdf.ed.ac.uk,2
59073415,0.00687,global_1de,lsmallma,r,10/01/2026,14:40:00,eddie@node1d03.ecdf.ed.ac.uk,3,12082
59160396,0.00686,QLOGIN,s2880191,r,10/01/2026,10:30:55,gpu@node1g04.ecdf.ed.ac.uk,32
59073415,0.00686,global_1de,lsmallma,r,10/01/2026,14:38:27,eddie@node1k03.ecdf.ed.ac.uk,3,12081
59073415,0.00686,global_1de,lsmallma,r,10/01/2026,14:37:03,eddie@node1j21.ecdf.ed.ac.uk,3,12080
59073415,0.00686,global_1de,lsmallma,r,10/01/2026,14:36:56,eddie@node1f03.ecdf.ed.ac.uk,3,12079
59073415,0.00686,global_1de,lsmallma,r,10/01/2026,14:36:29,eddie@node1d09.ecdf.ed.ac.uk,3,12078
59073415,0.00685,global_1de,lsmallma,r,10/01/2026,14:33:21,eddie@node1d02.ecdf.ed.ac.uk,3,12077
59067745,0.00685,perm-windo,v1malmar,r,09/30/2026,13:36:08,gpu@node1o16.ecdf.ed.ac.uk,8
59073415,0.00685,global_1de,lsmallma,r,10/01/2026,14:28:25,eddie@node1f03.ecdf.ed.ac.uk,3,12076
59073415,0.00685,global_1de,lsmallma,r,10/01/2026,14:27:03,eddie@node1l02.ecdf.ed.ac.uk,3,12075
59073415,0.00684,global_1de,lsmallma,r,10/01/2026,14:25:48,eddie@node1d03.ecdf.ed.ac.uk,3,12072
59073415,0.00684,global_1de,lsmallma,r,10/01/2026,14:25:49,eddie@node1d09.ecdf.ed.ac.uk,3,12073
59073415,0.00684,global_1de,lsmallma,r,10/01/2026,14:25:57,eddie@node1k06.ecdf.ed.ac.uk,3,12074
59073415,0.00684,global_1de,lsmallma,r,10/01/2026,14:25:35,eddie@node1m03.ecdf.ed.ac.uk,3,12071
59073415,0.00684,global_1de,lsmallma,r,10/01/2026,14:22:45,eddie@node1j02.ecdf.ed.ac.uk,3,12070
59073415,0.00683,global_1de,lsmallma,r,10/01/2026,14:15:27,eddie@node1e07.ecdf.ed.ac.uk,3,12065
59073415,0.00683,global_1de,lsmallma,r,10/01/2026,14:13:58,eddie@node1f05.ecdf.ed.ac.uk,3,12064
59073415,0.00682,global_1de,lsmallma,r,10/01/2026,14:10:12,eddie@node1d01.ecdf.ed.ac.uk,3,12063
59096152,0.00680,quantile,s2150450,r,10/01/2026,15:31:59,eddie@node1f01.ecdf.ed.ac.uk,20,58
59172478,0.00680,QLOGIN,s1613478,r,10/01/2026,14:59:49,eddie@node1j24.ecdf.ed.ac.uk,16
59075948,0.00679,g_input,pcai,r,10/01/2026,12:57:06,gpu@node1g02.ecdf.ed.ac.uk,1
59073415,0.00679,global_1de,lsmallma,r,10/01/2026,13:45:24,eddie@node1k12.ecdf.ed.ac.uk,3,12059
59073415,0.00679,global_1de,lsmallma,r,10/01/2026,13:45:24,eddie@node1k12.ecdf.ed.ac.uk,3,12060
59073415,0.00679,global_1de,lsmallma,r,10/01/2026,13:45:24,eddie@node1k12.ecdf.ed.ac.uk,3,12061
59073415,0.00679,global_1de,lsmallma,r,10/01/2026,13:45:24,eddie@node1k12.ecdf.ed.ac.uk,3,12062
59073415,0.00678,global_1de,lsmallma,r,10/01/2026,13:42:18,eddie@node1f04.ecdf.ed.ac.uk,3,12055
59075681,0.00678,g_input,s2430499,r,10/01/2026,10:20:30,gpu@node1p07.ecdf.ed.ac.uk,1
59073415,0.00678,global_1de,lsmallma,r,10/01/2026,13:41:18,eddie@node1f05.ecdf.ed.ac.uk,3,12053
59073415,0.00678,global_1de,lsmallma,r,10/01/2026,13:39:28,eddie@node1d10.ecdf.ed.ac.uk,3,12046
59073415,0.00678,global_1de,lsmallma,r,10/01/2026,13:39:28,eddie@node1d10.ecdf.ed.ac.uk,3,12047
59073415,0.00678,global_1de,lsmallma,r,10/01/2026,13:39:28,eddie@node1d10.ecdf.ed.ac.uk,3,12050
59073415,0.00677,global_1de,lsmallma,r,10/01/2026,13:31:19,eddie@node1r20.ecdf.ed.ac.uk,3,12041
59073415,0.00677,global_1de,lsmallma,r,10/01/2026,13:31:19,eddie@node1r20.ecdf.ed.ac.uk,3,12042
59073415,0.00677,global_1de,lsmallma,r,10/01/2026,13:31:19,eddie@node1r20.ecdf.ed.ac.uk,3,12043
59073415,0.00677,global_1de,lsmallma,r,10/01/2026,13:31:19,eddie@node1r20.ecdf.ed.ac.uk,3,12044
59135696,0.00675,cool_BCMB,s3039529,r,09/30/2026,19:27:05,gpu@node1s05.ecdf.ed.ac.uk,8
59073415,0.00675,global_1de,lsmallma,r,10/01/2026,13:20:21,eddie@node1m07.ecdf.ed.ac.uk,3,12028
59075942,0.00675,g_input,pcai,r,10/01/2026,12:27:51,gpu@node1s05.ecdf.ed.ac.uk,1
59073415,0.00675,global_1de,lsmallma,r,10/01/2026,13:12:04,eddie@node1f16.ecdf.ed.ac.uk,3,11573
59073415,0.00675,global_1de,lsmallma,r,10/01/2026,13:12:04,eddie@node1f09.ecdf.ed.ac.uk,3,11574
59073415,0.00675,global_1de,lsmallma,r,10/01/2026,13:12:04,eddie@node1n05.ecdf.ed.ac.uk,3,11577
59073415,0.00675,global_1de,lsmallma,r,10/01/2026,13:12:04,eddie@node1f08.ecdf.ed.ac.uk,3,11581
59073415,0.00675,global_1de,lsmallma,r,10/01/2026,13:12:04,eddie@node1f09.ecdf.ed.ac.uk,3,11582
59073415,0.00675,global_1de,lsmallma,r,10/01/2026,13:12:04,eddie@node1m20.ecdf.ed.ac.uk,3,11583
59073415,0.00675,global_1de,lsmallma,r,10/01/2026,13:12:04,eddie@node1m18.ecdf.ed.ac.uk,3,11584
59073415,0.00675,global_1de,lsmallma,r,10/01/2026,13:12:04,eddie@node1l27.ecdf.ed.ac.uk,3,11585
59073415,0.00675,global_1de,lsmallma,r,10/01/2026,13:12:04,eddie@node1o04.ecdf.ed.ac.uk,3,11587
59073415,0.00675,global_1de,lsmallma,r,10/01/2026,13:12:04,eddie@node1l22.ecdf.ed.ac.uk,3,11588
59073415,0.00675,global_1de,lsmallma,r,10/01/2026,13:12:04,eddie@node1l27.ecdf.ed.ac.uk,3,11589
59073415,0.00675,global_1de,lsmallma,r,10/01/2026,13:12:04,eddie@node1l22.ecdf.ed.ac.uk,3,11592
59073415,0.00675,global_1de,lsmallma,r,10/01/2026,13:12:04,eddie@node1o04.ecdf.ed.ac.uk,3,11593
59073415,0.00675,global_1de,lsmallma,r,10/01/2026,13:12:04,eddie@node1l27.ecdf.ed.ac.uk,3,11594
59073415,0.00675,global_1de,lsmallma,r,10/01/2026,13:12:04,eddie@node1o06.ecdf.ed.ac.uk,3,11595
59073415,0.00675,global_1de,lsmallma,r,10/01/2026,13:12:04,eddie@node1l27.ecdf.ed.ac.uk,3,11599
59073415,0.00675,global_1de,lsmallma,r,10/01/2026,13:12:04,eddie@node1s09.ecdf.ed.ac.uk,3,11601
59073415,0.00675,global_1de,lsmallma,r,10/01/2026,13:12:04,eddie@node1s16.ecdf.ed.ac.uk,3,11602
59073415,0.00675,global_1de,lsmallma,r,10/01/2026,13:12:04,eddie@node1r18.ecdf.ed.ac.uk,3,11603
59073415,0.00675,global_1de,lsmallma,r,10/01/2026,13:12:04,eddie@node1j25.ecdf.ed.ac.uk,3,11604
59073415,0.00675,global_1de,lsmallma,r,10/01/2026,13:12:04,eddie@node1r17.ecdf.ed.ac.uk,3,11605
59073415,0.00675,global_1de,lsmallma,r,10/01/2026,13:12:04,eddie@node1h13.ecdf.ed.ac.uk,3,11606
59073415,0.00675,global_1de,lsmallma,r,10/01/2026,13:12:04,eddie@node1m15.ecdf.ed.ac.uk,3,11607
59073415,0.00675,global_1de,lsmallma,r,10/01/2026,13:12:04,eddie@node1s16.ecdf.ed.ac.uk,3,11608
59073415,0.00675,global_1de,lsmallma,r,10/01/2026,13:12:04,eddie@node1j28.ecdf.ed.ac.uk,3,11610
59073415,0.00675,global_1de,lsmallma,r,10/01/2026,13:12:04,eddie@node1h14.ecdf.ed.ac.uk,3,11611
59073415,0.00675,global_1de,lsmallma,r,10/01/2026,13:12:04,eddie@node1r18.ecdf.ed.ac.uk,3,11612
59073415,0.00675,global_1de,lsmallma,r,10/01/2026,13:12:04,eddie@node1m14.ecdf.ed.ac.uk,3,11613
59073415,0.00675,global_1de,lsmallma,r,10/01/2026,13:12:04,eddie@node1r19.ecdf.ed.ac.uk,3,11614
59073415,0.00675,global_1de,lsmallma,r,10/01/2026,13:12:04,eddie@node1r12.ecdf.ed.ac.uk,3,11616
59073415,0.00675,global_1de,lsmallma,r,10/01/2026,13:12:04,eddie@node1s17.ecdf.ed.ac.uk,3,11617
59073415,0.00675,global_1de,lsmallma,r,10/01/2026,13:12:04,eddie@node1r17.ecdf.ed.ac.uk,3,11618
59073415,0.00675,global_1de,lsmallma,r,10/01/2026,13:12:04,eddie@node1h11.ecdf.ed.ac.uk,3,11619
59073415,0.00675,global_1de,lsmallma,r,10/01/2026,13:12:04,eddie@node1h13.ecdf.ed.ac.uk,3,11620
59073415,0.00675,global_1de,lsmallma,r,10/01/2026,13:12:04,eddie@node1o11.ecdf.ed.ac.uk,3,11621
59073415,0.00675,global_1de,lsmallma,r,10/01/2026,13:12:04,eddie@node1m15.ecdf.ed.ac.uk,3,11622
59073415,0.00675,global_1de,lsmallma,r,10/01/2026,13:12:04,eddie@node1h12.ecdf.ed.ac.uk,3,11623
59073415,0.00675,global_1de,lsmallma,r,10/01/2026,13:12:04,eddie@node1s16.ecdf.ed.ac.uk,3,11624
59073415,0.00675,global_1de,lsmallma,r,10/01/2026,13:12:04,eddie@node1h07.ecdf.ed.ac.uk,3,11625
59073415,0.00675,global_1de,lsmallma,r,10/01/2026,13:12:04,eddie@node1h10.ecdf.ed.ac.uk,3,11627
59073415,0.00675,global_1de,lsmallma,r,10/01/2026,13:12:04,eddie@node1j28.ecdf.ed.ac.uk,3,11628
59073415,0.00675,global_1de,lsmallma,r,10/01/2026,13:12:04,eddie@node1s18.ecdf.ed.ac.uk,3,11629
59073415,0.00675,global_1de,lsmallma,r,10/01/2026,13:12:04,eddie@node1o13.ecdf.ed.ac.uk,3,11630
59073415,0.00675,global_1de,lsmallma,r,10/01/2026,13:12:04,eddie@node1h04.ecdf.ed.ac.uk,3,11631
59073415,0.00675,global_1de,lsmallma,r,10/01/2026,13:12:04,eddie@node1h14.ecdf.ed.ac.uk,3,11632
59073415,0.00675,global_1de,lsmallma,r,10/01/2026,13:12:04,eddie@node1s15.ecdf.ed.ac.uk,3,11633
59073415,0.00675,global_1de,lsmallma,r,10/01/2026,13:12:04,eddie@node1r18.ecdf.ed.ac.uk,3,11634
59073415,0.00675,global_1de,lsmallma,r,10/01/2026,13:12:04,eddie@node1m13.ecdf.ed.ac.uk,3,11635
59073415,0.00675,global_1de,lsmallma,r,10/01/2026,13:12:04,eddie@node1m14.ecdf.ed.ac.uk,3,11636
59073415,0.00675,global_1de,lsmallma,r,10/01/2026,13:12:04,eddie@node1s14.ecdf.ed.ac.uk,3,11637
59073415,0.00675,global_1de,lsmallma,r,10/01/2026,13:12:04,eddie@node1o07.ecdf.ed.ac.uk,3,11638
59073415,0.00675,global_1de,lsmallma,r,10/01/2026,13:12:04,eddie@node1r19.ecdf.ed.ac.uk,3,11640
59073415,0.00675,global_1de,lsmallma,r,10/01/2026,13:12:04,eddie@node1h08.ecdf.ed.ac.uk,3,11641
59073415,0.00675,global_1de,lsmallma,r,10/01/2026,13:12:04,eddie@node1j25.ecdf.ed.ac.uk,3,11642
59073415,0.00675,global_1de,lsmallma,r,10/01/2026,13:12:04,eddie@node1j26.ecdf.ed.ac.uk,3,11643
59073415,0.00675,global_1de,lsmallma,r,10/01/2026,13:12:04,eddie@node1r12.ecdf.ed.ac.uk,3,11644
59073415,0.00675,global_1de,lsmallma,r,10/01/2026,13:12:04,eddie@node1s17.ecdf.ed.ac.uk,3,11645
59073415,0.00675,global_1de,lsmallma,r,10/01/2026,13:12:04,eddie@node1r17.ecdf.ed.ac.uk,3,11646
59073415,0.00675,global_1de,lsmallma,r,10/01/2026,13:12:04,eddie@node1r09.ecdf.ed.ac.uk,3,11647
59073415,0.00675,global_1de,lsmallma,r,10/01/2026,13:12:04,eddie@node1h11.ecdf.ed.ac.uk,3,11648
59073415,0.00675,global_1de,lsmallma,r,10/01/2026,13:12:04,eddie@node1h13.ecdf.ed.ac.uk,3,11649
59073415,0.00675,global_1de,lsmallma,r,10/01/2026,13:12:04,eddie@node1o11.ecdf.ed.ac.uk,3,11650
59073415,0.00675,global_1de,lsmallma,r,10/01/2026,13:12:04,eddie@node1m15.ecdf.ed.ac.uk,3,11651
59073415,0.00675,global_1de,lsmallma,r,10/01/2026,13:12:04,eddie@node1h12.ecdf.ed.ac.uk,3,11652
59073415,0.00675,global_1de,lsmallma,r,10/01/2026,13:12:04,eddie@node1s20.ecdf.ed.ac.uk,3,11653
59073415,0.00675,global_1de,lsmallma,r,10/01/2026,13:12:04,eddie@node1s19.ecdf.ed.ac.uk,3,11654
59073415,0.00675,global_1de,lsmallma,r,10/01/2026,13:12:04,eddie@node1h07.ecdf.ed.ac.uk,3,11655
59073415,0.00675,global_1de,lsmallma,r,10/01/2026,13:12:04,eddie@node1s16.ecdf.ed.ac.uk,3,11656
59073415,0.00675,global_1de,lsmallma,r,10/01/2026,13:12:04,eddie@node1h10.ecdf.ed.ac.uk,3,11657
59073415,0.00675,global_1de,lsmallma,r,10/01/2026,13:12:04,eddie@node1j28.ecdf.ed.ac.uk,3,11658
59073415,0.00675,global_1de,lsmallma,r,10/01/2026,13:12:04,eddie@node1s18.ecdf.ed.ac.uk,3,11659
59073415,0.00675,global_1de,lsmallma,r,10/01/2026,13:12:04,eddie@node1h04.ecdf.ed.ac.uk,3,11660
59073415,0.00675,global_1de,lsmallma,r,10/01/2026,13:12:04,eddie@node1h14.ecdf.ed.ac.uk,3,11661
59073415,0.00675,global_1de,lsmallma,r,10/01/2026,13:12:04,eddie@node1s15.ecdf.ed.ac.uk,3,11662
59073415,0.00675,global_1de,lsmallma,r,10/01/2026,13:12:04,eddie@node1m13.ecdf.ed.ac.uk,3,11663
59073415,0.00675,global_1de,lsmallma,r,10/01/2026,13:12:04,eddie@node1m14.ecdf.ed.ac.uk,3,11664
59073415,0.00675,global_1de,lsmallma,r,10/01/2026,13:12:04,eddie@node1s14.ecdf.ed.ac.uk,3,11665
59073415,0.00675,global_1de,lsmallma,r,10/01/2026,13:12:04,eddie@node1j25.ecdf.ed.ac.uk,3,11666
59073415,0.00675,global_1de,lsmallma,r,10/01/2026,13:12:04,eddie@node1j26.ecdf.ed.ac.uk,3,11667
59073415,0.00675,global_1de,lsmallma,r,10/01/2026,13:12:04,eddie@node1r12.ecdf.ed.ac.uk,3,11668
59073415,0.00675,global_1de,lsmallma,r,10/01/2026,13:12:04,eddie@node1r17.ecdf.ed.ac.uk,3,11669
59073415,0.00675,global_1de,lsmallma,r,10/01/2026,13:12:04,eddie@node1h11.ecdf.ed.ac.uk,3,11670
59073415,0.00675,global_1de,lsmallma,r,10/01/2026,13:12:04,eddie@node1h13.ecdf.ed.ac.uk,3,11671
59073415,0.00675,global_1de,lsmallma,r,10/01/2026,13:12:04,eddie@node1m15.ecdf.ed.ac.uk,3,11672
59073415,0.00675,global_1de,lsmallma,r,10/01/2026,13:12:04,eddie@node1h12.ecdf.ed.ac.uk,3,11673
59073415,0.00675,global_1de,lsmallma,r,10/01/2026,13:12:04,eddie@node1o09.ecdf.ed.ac.uk,3,11675
59073415,0.00675,global_1de,lsmallma,r,10/01/2026,13:12:04,eddie@node1s16.ecdf.ed.ac.uk,3,11676
59073415,0.00675,global_1de,lsmallma,r,10/01/2026,13:12:04,eddie@node1s19.ecdf.ed.ac.uk,3,11677
59073415,0.00675,global_1de,lsmallma,r,10/01/2026,13:12:04,eddie@node1h10.ecdf.ed.ac.uk,3,11678
59073415,0.00675,global_1de,lsmallma,r,10/01/2026,13:12:04,eddie@node1j28.ecdf.ed.ac.uk,3,11679
59073415,0.00675,global_1de,lsmallma,r,10/01/2026,13:12:04,eddie@node1h04.ecdf.ed.ac.uk,3,11680
59073415,0.00675,global_1de,lsmallma,r,10/01/2026,13:12:04,eddie@node1s15.ecdf.ed.ac.uk,3,11682
59073415,0.00675,global_1de,lsmallma,r,10/01/2026,13:12:04,eddie@node1m13.ecdf.ed.ac.uk,3,11683
59073415,0.00675,global_1de,lsmallma,r,10/01/2026,13:12:04,eddie@node1m14.ecdf.ed.ac.uk,3,11684
59073415,0.00675,global_1de,lsmallma,r,10/01/2026,13:12:04,eddie@node1s14.ecdf.ed.ac.uk,3,11685
59073415,0.00675,global_1de,lsmallma,r,10/01/2026,13:12:04,eddie@node1j25.ecdf.ed.ac.uk,3,11686
59073415,0.00675,global_1de,lsmallma,r,10/01/2026,13:12:04,eddie@node1j26.ecdf.ed.ac.uk,3,11687
59073415,0.00675,global_1de,lsmallma,r,10/01/2026,13:12:04,eddie@node1r12.ecdf.ed.ac.uk,3,11688
59073415,0.00675,global_1de,lsmallma,r,10/01/2026,13:12:04,eddie@node1r06.ecdf.ed.ac.uk,3,11689
59073415,0.00675,global_1de,lsmallma,r,10/01/2026,13:12:04,eddie@node1r17.ecdf.ed.ac.uk,3,11690
59073415,0.00675,global_1de,lsmallma,r,10/01/2026,13:12:04,eddie@node1s13.ecdf.ed.ac.uk,3,11691
59073415,0.00675,global_1de,lsmallma,r,10/01/2026,13:12:04,eddie@node1h13.ecdf.ed.ac.uk,3,11692
59073415,0.00675,global_1de,lsmallma,r,10/01/2026,13:12:04,eddie@node1h12.ecdf.ed.ac.uk,3,11693
59073415,0.00675,global_1de,lsmallma,r,10/01/2026,13:12:04,eddie@node1s20.ecdf.ed.ac.uk,3,11694
59073415,0.00675,global_1de,lsmallma,r,10/01/2026,13:12:04,eddie@node1s19.ecdf.ed.ac.uk,3,11695
59073415,0.00675,global_1de,lsmallma,r,10/01/2026,13:12:04,eddie@node1s16.ecdf.ed.ac.uk,3,11696
59073415,0.00675,global_1de,lsmallma,r,10/01/2026,13:12:04,eddie@node1j28.ecdf.ed.ac.uk,3,11697
59073415,0.00675,global_1de,lsmallma,r,10/01/2026,13:12:04,eddie@node1s15.ecdf.ed.ac.uk,3,11698
59073415,0.00675,global_1de,lsmallma,r,10/01/2026,13:12:04,eddie@node1h09.ecdf.ed.ac.uk,3,11699
59073415,0.00675,global_1de,lsmallma,r,10/01/2026,13:12:04,eddie@node1j26.ecdf.ed.ac.uk,3,11700
59073415,0.00675,global_1de,lsmallma,r,10/01/2026,13:12:04,eddie@node1s13.ecdf.ed.ac.uk,3,11701
59073415,0.00675,global_1de,lsmallma,r,10/01/2026,13:12:04,eddie@node1s20.ecdf.ed.ac.uk,3,11702
59073415,0.00675,global_1de,lsmallma,r,10/01/2026,13:12:04,eddie@node1s16.ecdf.ed.ac.uk,3,11703
59073415,0.00675,global_1de,lsmallma,r,10/01/2026,13:12:04,eddie@node1j28.ecdf.ed.ac.uk,3,11704
59073415,0.00675,global_1de,lsmallma,r,10/01/2026,13:12:04,eddie@node1h09.ecdf.ed.ac.uk,3,11705
59073415,0.00675,global_1de,lsmallma,r,10/01/2026,13:12:04,eddie@node1s13.ecdf.ed.ac.uk,3,11706
59073415,0.00675,global_1de,lsmallma,r,10/01/2026,13:12:04,eddie@node1s20.ecdf.ed.ac.uk,3,11707
59073415,0.00675,global_1de,lsmallma,r,10/01/2026,13:12:04,eddie@node1s16.ecdf.ed.ac.uk,3,11708
59073415,0.00675,global_1de,lsmallma,r,10/01/2026,13:12:04,eddie@node1j28.ecdf.ed.ac.uk,3,11709
59073415,0.00675,global_1de,lsmallma,r,10/01/2026,13:12:04,eddie@node1s13.ecdf.ed.ac.uk,3,11710
59073415,0.00675,global_1de,lsmallma,r,10/01/2026,13:12:04,eddie@node1s16.ecdf.ed.ac.uk,3,11711
59073415,0.00675,global_1de,lsmallma,r,10/01/2026,13:12:04,eddie@node1s13.ecdf.ed.ac.uk,3,11712
59073415,0.00675,global_1de,lsmallma,r,10/01/2026,13:12:04,eddie@node1s16.ecdf.ed.ac.uk,3,11713
59073415,0.00675,global_1de,lsmallma,r,10/01/2026,13:12:04,eddie@node1j03.ecdf.ed.ac.uk,3,11714
59073415,0.00675,global_1de,lsmallma,r,10/01/2026,13:12:04,eddie@node1j22.ecdf.ed.ac.uk,3,11715
59073415,0.00675,global_1de,lsmallma,r,10/01/2026,13:12:04,eddie@node1j03.ecdf.ed.ac.uk,3,11716
59073415,0.00675,global_1de,lsmallma,r,10/01/2026,13:12:04,eddie@node1j22.ecdf.ed.ac.uk,3,11717
59073415,0.00675,global_1de,lsmallma,r,10/01/2026,13:12:04,eddie@node1j03.ecdf.ed.ac.uk,3,11718
59073415,0.00675,global_1de,lsmallma,r,10/01/2026,13:12:04,eddie@node1j22.ecdf.ed.ac.uk,3,11719
59073415,0.00675,global_1de,lsmallma,r,10/01/2026,13:12:04,eddie@node1j03.ecdf.ed.ac.uk,3,11720
59073415,0.00675,global_1de,lsmallma,r,10/01/2026,13:12:04,eddie@node1j22.ecdf.ed.ac.uk,3,11721
59073415,0.00675,global_1de,lsmallma,r,10/01/2026,13:12:04,eddie@node1j03.ecdf.ed.ac.uk,3,11722
59073415,0.00675,global_1de,lsmallma,r,10/01/2026,13:12:04,eddie@node1j22.ecdf.ed.ac.uk,3,11723
59073415,0.00675,global_1de,lsmallma,r,10/01/2026,13:12:04,eddie@node1j03.ecdf.ed.ac.uk,3,11724
59073415,0.00675,global_1de,lsmallma,r,10/01/2026,13:12:04,eddie@node1j22.ecdf.ed.ac.uk,3,11725
59073415,0.00675,global_1de,lsmallma,r,10/01/2026,13:12:04,eddie@node1m11.ecdf.ed.ac.uk,3,11726
59073415,0.00675,global_1de,lsmallma,r,10/01/2026,13:12:04,eddie@node1k15.ecdf.ed.ac.uk,3,11727
59073415,0.00675,global_1de,lsmallma,r,10/01/2026,13:12:04,eddie@node1j03.ecdf.ed.ac.uk,3,11728
59073415,0.00675,global_1de,lsmallma,r,10/01/2026,13:12:04,eddie@node1m09.ecdf.ed.ac.uk,3,11729
59073415,0.00675,global_1de,lsmallma,r,10/01/2026,13:12:04,eddie@node1j22.ecdf.ed.ac.uk,3,11730
59073415,0.00675,global_1de,lsmallma,r,10/01/2026,13:12:04,eddie@node1k15.ecdf.ed.ac.uk,3,11731
59073415,0.00675,global_1de,lsmallma,r,10/01/2026,13:12:04,eddie@node1m10.ecdf.ed.ac.uk,3,11732
59073415,0.00675,global_1de,lsmallma,r,10/01/2026,13:12:04,eddie@node1k15.ecdf.ed.ac.uk,3,11733
59073415,0.00675,global_1de,lsmallma,r,10/01/2026,13:12:04,eddie@node1j07.ecdf.ed.ac.uk,3,11734
59073415,0.00675,global_1de,lsmallma,r,10/01/2026,13:12:04,eddie@node1m04.ecdf.ed.ac.uk,3,11735
59073415,0.00675,global_1de,lsmallma,r,10/01/2026,13:12:04,eddie@node1j06.ecdf.ed.ac.uk,3,11736
59073415,0.00675,global_1de,lsmallma,r,10/01/2026,13:12:04,eddie@node1l02.ecdf.ed.ac.uk,3,11737
59073415,0.00675,global_1de,lsmallma,r,10/01/2026,13:12:04,eddie@node1m10.ecdf.ed.ac.uk,3,11738
59073415,0.00675,global_1de,lsmallma,r,10/01/2026,13:12:04,eddie@node1l05.ecdf.ed.ac.uk,3,11739
59073415,0.00675,global_1de,lsmallma,r,10/01/2026,13:12:05,eddie@node1k07.ecdf.ed.ac.uk,3,11740
59073415,0.00675,global_1de,lsmallma,r,10/01/2026,13:12:05,eddie@node1l01.ecdf.ed.ac.uk,3,11741
59073415,0.00675,global_1de,lsmallma,r,10/01/2026,13:12:05,eddie@node1m02.ecdf.ed.ac.uk,3,11742
59073415,0.00675,global_1de,lsmallma,r,10/01/2026,13:12:05,eddie@node1j07.ecdf.ed.ac.uk,3,11743
59073415,0.00675,global_1de,lsmallma,r,10/01/2026,13:12:05,eddie@node1k01.ecdf.ed.ac.uk,3,11744
59073415,0.00675,global_1de,lsmallma,r,10/01/2026,13:12:05,eddie@node1j02.ecdf.ed.ac.uk,3,11745
59073415,0.00675,global_1de,lsmallma,r,10/01/2026,13:12:05,eddie@node1j21.ecdf.ed.ac.uk,3,11746
59073415,0.00675,global_1de,lsmallma,r,10/01/2026,13:12:05,eddie@node1j19.ecdf.ed.ac.uk,3,11747
59073415,0.00675,global_1de,lsmallma,r,10/01/2026,13:12:05,eddie@node1m04.ecdf.ed.ac.uk,3,11748
59073415,0.00675,global_1de,lsmallma,r,10/01/2026,13:12:05,eddie@node1j06.ecdf.ed.ac.uk,3,11749
59073415,0.00675,global_1de,lsmallma,r,10/01/2026,13:12:05,eddie@node1l02.ecdf.ed.ac.uk,3,11750
59073415,0.00675,global_1de,lsmallma,r,10/01/2026,13:12:05,eddie@node1k05.ecdf.ed.ac.uk,3,11751
59073415,0.00675,global_1de,lsmallma,r,10/01/2026,13:12:05,eddie@node1k07.ecdf.ed.ac.uk,3,11753
59073415,0.00675,global_1de,lsmallma,r,10/01/2026,13:12:05,eddie@node1m06.ecdf.ed.ac.uk,3,11757
59073415,0.00675,global_1de,lsmallma,r,10/01/2026,13:12:05,eddie@node1k01.ecdf.ed.ac.uk,3,11762
59073415,0.00675,global_1de,lsmallma,r,10/01/2026,13:12:05,eddie@node1m04.ecdf.ed.ac.uk,3,11768
59073415,0.00675,global_1de,lsmallma,r,10/01/2026,13:12:05,eddie@node1k05.ecdf.ed.ac.uk,3,11772
59073415,0.00675,global_1de,lsmallma,r,10/01/2026,13:12:05,eddie@node1j11.ecdf.ed.ac.uk,3,11773
59073415,0.00675,global_1de,lsmallma,r,10/01/2026,13:12:05,eddie@node1l05.ecdf.ed.ac.uk,3,11774
59073415,0.00675,global_1de,lsmallma,r,10/01/2026,13:12:05,eddie@node1k07.ecdf.ed.ac.uk,3,11775
59073415,0.00675,global_1de,lsmallma,r,10/01/2026,13:12:05,eddie@node1l01.ecdf.ed.ac.uk,3,11776
59073415,0.00675,global_1de,lsmallma,r,10/01/2026,13:12:05,eddie@node1j10.ecdf.ed.ac.uk,3,11777
59073415,0.00675,global_1de,lsmallma,r,10/01/2026,13:12:05,eddie@node1k08.ecdf.ed.ac.uk,3,11778
59073415,0.00675,global_1de,lsmallma,r,10/01/2026,13:12:05,eddie@node1m06.ecdf.ed.ac.uk,3,11779
59073415,0.00675,global_1de,lsmallma,r,10/01/2026,13:12:05,eddie@node1m07.ecdf.ed.ac.uk,3,11780
59073415,0.00675,global_1de,lsmallma,r,10/01/2026,13:12:05,eddie@node1l20.ecdf.ed.ac.uk,3,11781
59073415,0.00675,global_1de,lsmallma,r,10/01/2026,13:12:05,eddie@node1j07.ecdf.ed.ac.uk,3,11782
59073415,0.00675,global_1de,lsmallma,r,10/01/2026,13:12:05,eddie@node1k01.ecdf.ed.ac.uk,3,11783
59073415,0.00675,global_1de,lsmallma,r,10/01/2026,13:12:05,eddie@node1j02.ecdf.ed.ac.uk,3,11784
59073415,0.00675,global_1de,lsmallma,r,10/01/2026,13:12:05,eddie@node1j21.ecdf.ed.ac.uk,3,11785
59073415,0.00675,global_1de,lsmallma,r,10/01/2026,13:12:05,eddie@node1k06.ecdf.ed.ac.uk,3,11787
59073415,0.00675,global_1de,lsmallma,r,10/01/2026,13:12:05,eddie@node1j01.ecdf.ed.ac.uk,3,11788
59073415,0.00675,global_1de,lsmallma,r,10/01/2026,13:12:05,eddie@node1j05.ecdf.ed.ac.uk,3,11789
59073415,0.00675,global_1de,lsmallma,r,10/01/2026,13:12:05,eddie@node1j19.ecdf.ed.ac.uk,3,11790
59073415,0.00675,global_1de,lsmallma,r,10/01/2026,13:12:05,eddie@node1l07.ecdf.ed.ac.uk,3,11791
59073415,0.00675,global_1de,lsmallma,r,10/01/2026,13:12:05,eddie@node1k09.ecdf.ed.ac.uk,3,11792
59073415,0.00675,global_1de,lsmallma,r,10/01/2026,13:12:05,eddie@node1m04.ecdf.ed.ac.uk,3,11793
59073415,0.00675,global_1de,lsmallma,r,10/01/2026,13:12:05,eddie@node1j06.ecdf.ed.ac.uk,3,11794
59073415,0.00675,global_1de,lsmallma,r,10/01/2026,13:12:05,eddie@node1k16.ecdf.ed.ac.uk,3,11795
59073415,0.00675,global_1de,lsmallma,r,10/01/2026,13:12:05,eddie@node1m05.ecdf.ed.ac.uk,3,11796
59073415,0.00675,global_1de,lsmallma,r,10/01/2026,13:12:05,eddie@node1l02.ecdf.ed.ac.uk,3,11797
59073415,0.00675,global_1de,lsmallma,r,10/01/2026,13:12:05,eddie@node1k05.ecdf.ed.ac.uk,3,11798
59073415,0.00675,global_1de,lsmallma,r,10/01/2026,13:12:05,eddie@node1j11.ecdf.ed.ac.uk,3,11799
59073415,0.00675,global_1de,lsmallma,r,10/01/2026,13:12:05,eddie@node1j09.ecdf.ed.ac.uk,3,11801
59073415,0.00675,global_1de,lsmallma,r,10/01/2026,13:12:05,eddie@node1k07.ecdf.ed.ac.uk,3,11802
59073415,0.00675,global_1de,lsmallma,r,10/01/2026,13:12:05,eddie@node1l01.ecdf.ed.ac.uk,3,11803
59073415,0.00675,global_1de,lsmallma,r,10/01/2026,13:12:05,eddie@node1j10.ecdf.ed.ac.uk,3,11804
59073415,0.00675,global_1de,lsmallma,r,10/01/2026,13:12:05,eddie@node1k08.ecdf.ed.ac.uk,3,11806
59073415,0.00675,global_1de,lsmallma,r,10/01/2026,13:12:05,eddie@node1l20.ecdf.ed.ac.uk,3,11809
59073415,0.00675,global_1de,lsmallma,r,10/01/2026,13:12:05,eddie@node1j07.ecdf.ed.ac.uk,3,11810
59073415,0.00675,global_1de,lsmallma,r,10/01/2026,13:12:05,eddie@node1j02.ecdf.ed.ac.uk,3,11812
59073415,0.00675,global_1de,lsmallma,r,10/01/2026,13:12:05,eddie@node1j21.ecdf.ed.ac.uk,3,11813
59073415,0.00675,global_1de,lsmallma,r,10/01/2026,13:12:05,eddie@node1m01.ecdf.ed.ac.uk,3,11814
59073415,0.00675,global_1de,lsmallma,r,10/01/2026,13:12:05,eddie@node1k06.ecdf.ed.ac.uk,3,11815
59073415,0.00675,global_1de,lsmallma,r,10/01/2026,13:12:05,eddie@node1j05.ecdf.ed.ac.uk,3,11817
59073415,0.00675,global_1de,lsmallma,r,10/01/2026,13:12:05,eddie@node1j19.ecdf.ed.ac.uk,3,11818
59073415,0.00675,global_1de,lsmallma,r,10/01/2026,13:12:05,eddie@node1l07.ecdf.ed.ac.uk,3,11819
59073415,0.00675,global_1de,lsmallma,r,10/01/2026,13:12:05,eddie@node1k09.ecdf.ed.ac.uk,3,11820
59073415,0.00675,global_1de,lsmallma,r,10/01/2026,13:12:05,eddie@node1j06.ecdf.ed.ac.uk,3,11821
59073415,0.00675,global_1de,lsmallma,r,10/01/2026,13:12:05,eddie@node1l02.ecdf.ed.ac.uk,3,11822
59073415,0.00675,global_1de,lsmallma,r,10/01/2026,13:12:05,eddie@node1m05.ecdf.ed.ac.uk,3,11823
59073415,0.00675,global_1de,lsmallma,r,10/01/2026,13:12:05,eddie@node1k05.ecdf.ed.ac.uk,3,11824
59073415,0.00675,global_1de,lsmallma,r,10/01/2026,13:12:05,eddie@node1j23.ecdf.ed.ac.uk,3,11825
59073415,0.00675,global_1de,lsmallma,r,10/01/2026,13:12:05,eddie@node1l05.ecdf.ed.ac.uk,3,11826
59073415,0.00675,global_1de,lsmallma,r,10/01/2026,13:12:05,eddie@node1j09.ecdf.ed.ac.uk,3,11827
59073415,0.00675,global_1de,lsmallma,r,10/01/2026,13:12:05,eddie@node1k07.ecdf.ed.ac.uk,3,11828
59073415,0.00675,global_1de,lsmallma,r,10/01/2026,13:12:05,eddie@node1j10.ecdf.ed.ac.uk,3,11830
59073415,0.00675,global_1de,lsmallma,r,10/01/2026,13:12:05,eddie@node1l09.ecdf.ed.ac.uk,3,11831
59073415,0.00675,global_1de,lsmallma,r,10/01/2026,13:12:05,eddie@node1k08.ecdf.ed.ac.uk,3,11832
59073415,0.00675,global_1de,lsmallma,r,10/01/2026,13:12:05,eddie@node1m06.ecdf.ed.ac.uk,3,11833
59073415,0.00675,global_1de,lsmallma,r,10/01/2026,13:12:05,eddie@node1m07.ecdf.ed.ac.uk,3,11834
59073415,0.00675,global_1de,lsmallma,r,10/01/2026,13:12:05,eddie@node1l20.ecdf.ed.ac.uk,3,11835
59073415,0.00675,global_1de,lsmallma,r,10/01/2026,13:12:05,eddie@node1j07.ecdf.ed.ac.uk,3,11836
59073415,0.00675,global_1de,lsmallma,r,10/01/2026,13:12:05,eddie@node1k01.ecdf.ed.ac.uk,3,11837
59073415,0.00675,global_1de,lsmallma,r,10/01/2026,13:12:05,eddie@node1j02.ecdf.ed.ac.uk,3,11838
59073415,0.00675,global_1de,lsmallma,r,10/01/2026,13:12:05,eddie@node1j21.ecdf.ed.ac.uk,3,11839
59073415,0.00675,global_1de,lsmallma,r,10/01/2026,13:12:05,eddie@node1m01.ecdf.ed.ac.uk,3,11840
59073415,0.00675,global_1de,lsmallma,r,10/01/2026,13:12:06,eddie@node1k06.ecdf.ed.ac.uk,3,11841
59073415,0.00675,global_1de,lsmallma,r,10/01/2026,13:12:06,eddie@node1j01.ecdf.ed.ac.uk,3,11842
59073415,0.00675,global_1de,lsmallma,r,10/01/2026,13:12:06,eddie@node1j05.ecdf.ed.ac.uk,3,11843
59073415,0.00675,global_1de,lsmallma,r,10/01/2026,13:12:06,eddie@node1j19.ecdf.ed.ac.uk,3,11844
59073415,0.00675,global_1de,lsmallma,r,10/01/2026,13:12:06,eddie@node1l07.ecdf.ed.ac.uk,3,11845
59073415,0.00675,global_1de,lsmallma,r,10/01/2026,13:12:06,eddie@node1k09.ecdf.ed.ac.uk,3,11846
59073415,0.00675,global_1de,lsmallma,r,10/01/2026,13:12:06,eddie@node1j06.ecdf.ed.ac.uk,3,11847
59073415,0.00675,global_1de,lsmallma,r,10/01/2026,13:12:06,eddie@node1m05.ecdf.ed.ac.uk,3,11848
59073415,0.00675,global_1de,lsmallma,r,10/01/2026,13:12:06,eddie@node1k05.ecdf.ed.ac.uk,3,11850
59073415,0.00675,global_1de,lsmallma,r,10/01/2026,13:12:06,eddie@node1l05.ecdf.ed.ac.uk,3,11852
59073415,0.00675,global_1de,lsmallma,r,10/01/2026,13:12:06,eddie@node1j09.ecdf.ed.ac.uk,3,11853
59073415,0.00675,global_1de,lsmallma,r,10/01/2026,13:12:06,eddie@node1j10.ecdf.ed.ac.uk,3,11856
59073415,0.00675,global_1de,lsmallma,r,10/01/2026,13:12:06,eddie@node1l09.ecdf.ed.ac.uk,3,11857
59073415,0.00675,global_1de,lsmallma,r,10/01/2026,13:12:06,eddie@node1k08.ecdf.ed.ac.uk,3,11858
59073415,0.00675,global_1de,lsmallma,r,10/01/2026,13:12:06,eddie@node1m06.ecdf.ed.ac.uk,3,11859
59073415,0.00675,global_1de,lsmallma,r,10/01/2026,13:12:06,eddie@node1k01.ecdf.ed.ac.uk,3,11862
59073415,0.00675,global_1de,lsmallma,r,10/01/2026,13:12:06,eddie@node1k06.ecdf.ed.ac.uk,3,11865
59073415,0.00675,global_1de,lsmallma,r,10/01/2026,13:12:06,eddie@node1j01.ecdf.ed.ac.uk,3,11866
59073415,0.00675,global_1de,lsmallma,r,10/01/2026,13:12:06,eddie@node1l07.ecdf.ed.ac.uk,3,11867
59073415,0.00675,global_1de,lsmallma,r,10/01/2026,13:12:06,eddie@node1k09.ecdf.ed.ac.uk,3,11868
59073415,0.00675,global_1de,lsmallma,r,10/01/2026,13:12:06,eddie@node1j06.ecdf.ed.ac.uk,3,11869
59073415,0.00675,global_1de,lsmallma,r,10/01/2026,13:12:06,eddie@node1l02.ecdf.ed.ac.uk,3,11870
59073415,0.00675,global_1de,lsmallma,r,10/01/2026,13:12:06,eddie@node1k05.ecdf.ed.ac.uk,3,11871
59073415,0.00675,global_1de,lsmallma,r,10/01/2026,13:12:06,eddie@node1j23.ecdf.ed.ac.uk,3,11872
59073415,0.00675,global_1de,lsmallma,r,10/01/2026,13:12:06,eddie@node1l05.ecdf.ed.ac.uk,3,11873
59073415,0.00675,global_1de,lsmallma,r,10/01/2026,13:12:06,eddie@node1j09.ecdf.ed.ac.uk,3,11874
59073415,0.00675,global_1de,lsmallma,r,10/01/2026,13:12:06,eddie@node1k07.ecdf.ed.ac.uk,3,11875
59073415,0.00675,global_1de,lsmallma,r,10/01/2026,13:12:06,eddie@node1j02.ecdf.ed.ac.uk,3,11879
59073415,0.00675,global_1de,lsmallma,r,10/01/2026,13:12:06,eddie@node1j21.ecdf.ed.ac.uk,3,11880
59073415,0.00675,global_1de,lsmallma,r,10/01/2026,13:12:06,eddie@node1j01.ecdf.ed.ac.uk,3,11882
59073415,0.00675,global_1de,lsmallma,r,10/01/2026,13:12:06,eddie@node1k09.ecdf.ed.ac.uk,3,11883
59073415,0.00675,global_1de,lsmallma,r,10/01/2026,13:12:06,eddie@node1j06.ecdf.ed.ac.uk,3,11884
59073415,0.00675,global_1de,lsmallma,r,10/01/2026,13:12:06,eddie@node1l02.ecdf.ed.ac.uk,3,11885
59073415,0.00675,global_1de,lsmallma,r,10/01/2026,13:12:06,eddie@node1k05.ecdf.ed.ac.uk,3,11886
59073415,0.00675,global_1de,lsmallma,r,10/01/2026,13:12:06,eddie@node1j23.ecdf.ed.ac.uk,3,11887
59073415,0.00675,global_1de,lsmallma,r,10/01/2026,13:12:06,eddie@node1j17.ecdf.ed.ac.uk,3,11888
59073415,0.00675,global_1de,lsmallma,r,10/01/2026,13:12:06,eddie@node1l01.ecdf.ed.ac.uk,3,11889
59073415,0.00675,global_1de,lsmallma,r,10/01/2026,13:12:06,eddie@node1j02.ecdf.ed.ac.uk,3,11890
59073415,0.00675,global_1de,lsmallma,r,10/01/2026,13:12:06,eddie@node1k06.ecdf.ed.ac.uk,3,11891
59073415,0.00675,global_1de,lsmallma,r,10/01/2026,13:12:06,eddie@node1k09.ecdf.ed.ac.uk,3,11892
59073415,0.00675,global_1de,lsmallma,r,10/01/2026,13:12:06,eddie@node1l02.ecdf.ed.ac.uk,3,11894
59073415,0.00675,global_1de,lsmallma,r,10/01/2026,13:12:06,eddie@node1k05.ecdf.ed.ac.uk,3,11895
59073415,0.00675,global_1de,lsmallma,r,10/01/2026,13:12:06,eddie@node1l01.ecdf.ed.ac.uk,3,11896
59073415,0.00675,global_1de,lsmallma,r,10/01/2026,13:12:06,eddie@node1j02.ecdf.ed.ac.uk,3,11897
59073415,0.00675,global_1de,lsmallma,r,10/01/2026,13:12:06,eddie@node1k06.ecdf.ed.ac.uk,3,11898
59073415,0.00675,global_1de,lsmallma,r,10/01/2026,13:12:06,eddie@node1l06.ecdf.ed.ac.uk,3,11899
59073415,0.00675,global_1de,lsmallma,r,10/01/2026,13:12:06,eddie@node1l02.ecdf.ed.ac.uk,3,11900
59073415,0.00675,global_1de,lsmallma,r,10/01/2026,13:12:06,eddie@node1k05.ecdf.ed.ac.uk,3,11901
59073415,0.00675,global_1de,lsmallma,r,10/01/2026,13:12:06,eddie@node1k06.ecdf.ed.ac.uk,3,11902
59073415,0.00675,global_1de,lsmallma,r,10/01/2026,13:12:06,eddie@node1l06.ecdf.ed.ac.uk,3,11903
59073415,0.00675,global_1de,lsmallma,r,10/01/2026,13:12:07,eddie@node1l04.ecdf.ed.ac.uk,3,11904
59073415,0.00675,global_1de,lsmallma,r,10/01/2026,13:12:07,eddie@node1l06.ecdf.ed.ac.uk,3,11905
59073415,0.00675,global_1de,lsmallma,r,10/01/2026,13:12:07,eddie@node1l04.ecdf.ed.ac.uk,3,11906
59073415,0.00675,global_1de,lsmallma,r,10/01/2026,13:12:07,eddie@node1l04.ecdf.ed.ac.uk,3,11907
59073415,0.00675,global_1de,lsmallma,r,10/01/2026,13:12:07,eddie@node1n15.ecdf.ed.ac.uk,3,11908
59073415,0.00675,global_1de,lsmallma,r,10/01/2026,13:12:07,eddie@node1n15.ecdf.ed.ac.uk,3,11909
59073415,0.00675,global_1de,lsmallma,r,10/01/2026,13:12:07,eddie@node1n15.ecdf.ed.ac.uk,3,11910
59073415,0.00675,global_1de,lsmallma,r,10/01/2026,13:12:07,eddie@node1n16.ecdf.ed.ac.uk,3,11911
59073415,0.00675,global_1de,lsmallma,r,10/01/2026,13:12:07,eddie@node1q05.ecdf.ed.ac.uk,3,11912
59073415,0.00675,global_1de,lsmallma,r,10/01/2026,13:12:07,eddie@node1n13.ecdf.ed.ac.uk,3,11913
59073415,0.00675,global_1de,lsmallma,r,10/01/2026,13:12:07,eddie@node1n16.ecdf.ed.ac.uk,3,11914
59073415,0.00675,global_1de,lsmallma,r,10/01/2026,13:12:07,eddie@node1q06.ecdf.ed.ac.uk,3,11915
59073415,0.00675,global_1de,lsmallma,r,10/01/2026,13:12:07,eddie@node1n16.ecdf.ed.ac.uk,3,11916
59073415,0.00675,global_1de,lsmallma,r,10/01/2026,13:12:07,eddie@node1q06.ecdf.ed.ac.uk,3,11917
59073415,0.00675,global_1de,lsmallma,r,10/01/2026,13:12:07,eddie@node1n16.ecdf.ed.ac.uk,3,11918
59073415,0.00675,global_1de,lsmallma,r,10/01/2026,13:12:07,eddie@node1n16.ecdf.ed.ac.uk,3,11919
59073415,0.00675,global_1de,lsmallma,r,10/01/2026,13:12:07,eddie@node1e08.ecdf.ed.ac.uk,3,11924
59073415,0.00675,global_1de,lsmallma,r,10/01/2026,13:12:07,eddie@node1e03.ecdf.ed.ac.uk,3,11925
59073415,0.00675,global_1de,lsmallma,r,10/01/2026,13:12:07,eddie@node1e06.ecdf.ed.ac.uk,3,11926
59073415,0.00675,global_1de,lsmallma,r,10/01/2026,13:12:07,eddie@node1e03.ecdf.ed.ac.uk,3,11928
59073415,0.00675,global_1de,lsmallma,r,10/01/2026,13:12:07,eddie@node1e08.ecdf.ed.ac.uk,3,11930
59073415,0.00675,global_1de,lsmallma,r,10/01/2026,13:12:07,eddie@node1f03.ecdf.ed.ac.uk,3,11937
59073415,0.00675,global_1de,lsmallma,r,10/01/2026,13:12:07,eddie@node1e08.ecdf.ed.ac.uk,3,11939
59073415,0.00675,global_1de,lsmallma,r,10/01/2026,13:12:07,eddie@node1f03.ecdf.ed.ac.uk,3,11941
59073415,0.00675,global_1de,lsmallma,r,10/01/2026,13:12:07,eddie@node1e10.ecdf.ed.ac.uk,3,11949
59073415,0.00675,global_1de,lsmallma,r,10/01/2026,13:12:07,eddie@node1d06.ecdf.ed.ac.uk,3,11957
59073415,0.00675,global_1de,lsmallma,r,10/01/2026,13:12:07,eddie@node1e06.ecdf.ed.ac.uk,3,11959
59073415,0.00675,global_1de,lsmallma,r,10/01/2026,13:12:07,eddie@node1d04.ecdf.ed.ac.uk,3,11960
59073415,0.00675,global_1de,lsmallma,r,10/01/2026,13:12:07,eddie@node1e02.ecdf.ed.ac.uk,3,11961
59073415,0.00675,global_1de,lsmallma,r,10/01/2026,13:12:07,eddie@node1d09.ecdf.ed.ac.uk,3,11962
59073415,0.00675,global_1de,lsmallma,r,10/01/2026,13:12:07,eddie@node1f03.ecdf.ed.ac.uk,3,11964
59073415,0.00675,global_1de,lsmallma,r,10/01/2026,13:12:07,eddie@node1e10.ecdf.ed.ac.uk,3,11966
59073415,0.00675,global_1de,lsmallma,r,10/01/2026,13:12:07,eddie@node1d03.ecdf.ed.ac.uk,3,11969
59073415,0.00675,global_1de,lsmallma,r,10/01/2026,13:12:07,eddie@node1d09.ecdf.ed.ac.uk,3,11970
59073415,0.00675,global_1de,lsmallma,r,10/01/2026,13:12:08,eddie@node1d06.ecdf.ed.ac.uk,3,11972
59073415,0.00675,global_1de,lsmallma,r,10/01/2026,13:12:08,eddie@node1e07.ecdf.ed.ac.uk,3,11980
59073415,0.00675,global_1de,lsmallma,r,10/01/2026,13:12:08,eddie@node1f03.ecdf.ed.ac.uk,3,11981
59073415,0.00675,global_1de,lsmallma,r,10/01/2026,13:12:08,eddie@node1f05.ecdf.ed.ac.uk,3,11983
59073415,0.00675,global_1de,lsmallma,r,10/01/2026,13:12:08,eddie@node1e01.ecdf.ed.ac.uk,3,11984
59073415,0.00675,global_1de,lsmallma,r,10/01/2026,13:12:08,eddie@node1f03.ecdf.ed.ac.uk,3,11986
59073415,0.00675,global_1de,lsmallma,r,10/01/2026,13:12:08,eddie@node1d10.ecdf.ed.ac.uk,3,11987
59073415,0.00675,global_1de,lsmallma,r,10/01/2026,13:12:08,eddie@node1e01.ecdf.ed.ac.uk,3,11990
59073415,0.00675,global_1de,lsmallma,r,10/01/2026,13:12:08,eddie@node1e07.ecdf.ed.ac.uk,3,11992
59073415,0.00675,global_1de,lsmallma,r,10/01/2026,13:12:08,eddie@node1f01.ecdf.ed.ac.uk,3,11994
59073415,0.00675,global_1de,lsmallma,r,10/01/2026,13:12:08,eddie@node1i24.ecdf.ed.ac.uk,3,11995
59073415,0.00675,global_1de,lsmallma,r,10/01/2026,13:12:08,eddie@node1i24.ecdf.ed.ac.uk,3,11996
59073415,0.00675,global_1de,lsmallma,r,10/01/2026,13:12:08,eddie@node1i24.ecdf.ed.ac.uk,3,11997
59073415,0.00674,global_1de,lsmallma,r,10/01/2026,13:15:17,eddie@node1l09.ecdf.ed.ac.uk,3,12019
59073415,0.00674,global_1de,lsmallma,r,10/01/2026,13:15:17,eddie@node1l09.ecdf.ed.ac.uk,3,12020
59073415,0.00674,global_1de,lsmallma,r,10/01/2026,13:15:17,eddie@node1l09.ecdf.ed.ac.uk,3,12021
59076332,0.00674,A30_vf_35_,s1939328,r,10/01/2026,11:47:41,gpu@node1r02.ecdf.ed.ac.uk,1
59073415,0.00674,global_1de,lsmallma,r,10/01/2026,13:11:59,eddie@node1i07.ecdf.ed.ac.uk,3,11394
59073415,0.00674,global_1de,lsmallma,r,10/01/2026,13:11:59,eddie@node1i03.ecdf.ed.ac.uk,3,11395
59073415,0.00674,global_1de,lsmallma,r,10/01/2026,13:11:59,eddie@node1f10.ecdf.ed.ac.uk,3,11396
59073415,0.00674,global_1de,lsmallma,r,10/01/2026,13:11:59,eddie@node1i16.ecdf.ed.ac.uk,3,11398
59073415,0.00674,global_1de,lsmallma,r,10/01/2026,13:11:59,eddie@node1i07.ecdf.ed.ac.uk,3,11399
59073415,0.00674,global_1de,lsmallma,r,10/01/2026,13:11:59,eddie@node1o03.ecdf.ed.ac.uk,3,11400
59073415,0.00674,global_1de,lsmallma,r,10/01/2026,13:11:59,eddie@node1l23.ecdf.ed.ac.uk,3,11401
59073415,0.00674,global_1de,lsmallma,r,10/01/2026,13:11:59,eddie@node1r15.ecdf.ed.ac.uk,3,11402
59073415,0.00674,global_1de,lsmallma,r,10/01/2026,13:11:59,eddie@node1l28.ecdf.ed.ac.uk,3,11403
59073415,0.00674,global_1de,lsmallma,r,10/01/2026,13:11:59,eddie@node1l26.ecdf.ed.ac.uk,3,11404
59073415,0.00674,global_1de,lsmallma,r,10/01/2026,13:11:59,eddie@node1l24.ecdf.ed.ac.uk,3,11405
59073415,0.00674,global_1de,lsmallma,r,10/01/2026,13:11:59,eddie@node1o05.ecdf.ed.ac.uk,3,11406
59073415,0.00674,global_1de,lsmallma,r,10/01/2026,13:11:59,eddie@node1r14.ecdf.ed.ac.uk,3,11407
59073415,0.00674,global_1de,lsmallma,r,10/01/2026,13:11:59,eddie@node1l25.ecdf.ed.ac.uk,3,11408
59073415,0.00674,global_1de,lsmallma,r,10/01/2026,13:11:59,eddie@node1o03.ecdf.ed.ac.uk,3,11409
59073415,0.00674,global_1de,lsmallma,r,10/01/2026,13:11:59,eddie@node1l23.ecdf.ed.ac.uk,3,11410
59073415,0.00674,global_1de,lsmallma,r,10/01/2026,13:11:59,eddie@node1r15.ecdf.ed.ac.uk,3,11411
59073415,0.00674,global_1de,lsmallma,r,10/01/2026,13:11:59,eddie@node1l28.ecdf.ed.ac.uk,3,11412
59073415,0.00674,global_1de,lsmallma,r,10/01/2026,13:11:59,eddie@node1r14.ecdf.ed.ac.uk,3,11413
59073415,0.00674,global_1de,lsmallma,r,10/01/2026,13:11:59,eddie@node1l23.ecdf.ed.ac.uk,3,11414
59073415,0.00674,global_1de,lsmallma,r,10/01/2026,13:11:59,eddie@node1l28.ecdf.ed.ac.uk,3,11415
59073415,0.00674,global_1de,lsmallma,r,10/01/2026,13:11:59,eddie@node1r14.ecdf.ed.ac.uk,3,11416
59073415,0.00674,global_1de,lsmallma,r,10/01/2026,13:11:59,eddie@node1l28.ecdf.ed.ac.uk,3,11417
59073415,0.00674,global_1de,lsmallma,r,10/01/2026,13:11:59,eddie@node1o12.ecdf.ed.ac.uk,3,11418
59073415,0.00674,global_1de,lsmallma,r,10/01/2026,13:11:59,eddie@node1h09.ecdf.ed.ac.uk,3,11419
59073415,0.00674,global_1de,lsmallma,r,10/01/2026,13:11:59,eddie@node1j26.ecdf.ed.ac.uk,3,11420
59073415,0.00674,global_1de,lsmallma,r,10/01/2026,13:11:59,eddie@node1o12.ecdf.ed.ac.uk,3,11421
59073415,0.00674,global_1de,lsmallma,r,10/01/2026,13:11:59,eddie@node1r12.ecdf.ed.ac.uk,3,11422
59073415,0.00674,global_1de,lsmallma,r,10/01/2026,13:11:59,eddie@node1s13.ecdf.ed.ac.uk,3,11423
59073415,0.00674,global_1de,lsmallma,r,10/01/2026,13:12:00,eddie@node1h06.ecdf.ed.ac.uk,3,11425
59073415,0.00674,global_1de,lsmallma,r,10/01/2026,13:12:00,eddie@node1s15.ecdf.ed.ac.uk,3,11426
59073415,0.00674,global_1de,lsmallma,r,10/01/2026,13:12:00,eddie@node1o08.ecdf.ed.ac.uk,3,11427
59073415,0.00674,global_1de,lsmallma,r,10/01/2026,13:12:00,eddie@node1s14.ecdf.ed.ac.uk,3,11428
59073415,0.00674,global_1de,lsmallma,r,10/01/2026,13:12:00,eddie@node1h05.ecdf.ed.ac.uk,3,11429
59073415,0.00674,global_1de,lsmallma,r,10/01/2026,13:12:00,eddie@node1h09.ecdf.ed.ac.uk,3,11430
59073415,0.00674,global_1de,lsmallma,r,10/01/2026,13:12:00,eddie@node1h22.ecdf.ed.ac.uk,3,11431
59073415,0.00674,global_1de,lsmallma,r,10/01/2026,13:12:00,eddie@node1h08.ecdf.ed.ac.uk,3,11432
59073415,0.00674,global_1de,lsmallma,r,10/01/2026,13:12:00,eddie@node1o14.ecdf.ed.ac.uk,3,11433
59073415,0.00674,global_1de,lsmallma,r,10/01/2026,13:12:00,eddie@node1h21.ecdf.ed.ac.uk,3,11434
59073415,0.00674,global_1de,lsmallma,r,10/01/2026,13:12:00,eddie@node1j26.ecdf.ed.ac.uk,3,11435
59073415,0.00674,global_1de,lsmallma,r,10/01/2026,13:12:00,eddie@node1o12.ecdf.ed.ac.uk,3,11436
59073415,0.00674,global_1de,lsmallma,r,10/01/2026,13:12:00,eddie@node1h23.ecdf.ed.ac.uk,3,11438
59073415,0.00674,global_1de,lsmallma,r,10/01/2026,13:12:00,eddie@node1r09.ecdf.ed.ac.uk,3,11439
59073415,0.00674,global_1de,lsmallma,r,10/01/2026,13:12:00,eddie@node1r08.ecdf.ed.ac.uk,3,11441
59073415,0.00674,global_1de,lsmallma,r,10/01/2026,13:12:00,eddie@node1j27.ecdf.ed.ac.uk,3,11442
59073415,0.00674,global_1de,lsmallma,r,10/01/2026,13:12:00,eddie@node1o09.ecdf.ed.ac.uk,3,11443
59073415,0.00674,global_1de,lsmallma,r,10/01/2026,13:12:00,eddie@node1s20.ecdf.ed.ac.uk,3,11445
59073415,0.00674,global_1de,lsmallma,r,10/01/2026,13:12:00,eddie@node1h06.ecdf.ed.ac.uk,3,11446
59073415,0.00674,global_1de,lsmallma,r,10/01/2026,13:12:00,eddie@node1r07.ecdf.ed.ac.uk,3,11447
59073415,0.00674,global_1de,lsmallma,r,10/01/2026,13:12:00,eddie@node1o08.ecdf.ed.ac.uk,3,11448
59073415,0.00674,global_1de,lsmallma,r,10/01/2026,13:12:00,eddie@node1h05.ecdf.ed.ac.uk,3,11449
59073415,0.00674,global_1de,lsmallma,r,10/01/2026,13:12:00,eddie@node1h09.ecdf.ed.ac.uk,3,11450
59073415,0.00674,global_1de,lsmallma,r,10/01/2026,13:12:00,eddie@node1h22.ecdf.ed.ac.uk,3,11451
59073415,0.00674,global_1de,lsmallma,r,10/01/2026,13:12:00,eddie@node1o14.ecdf.ed.ac.uk,3,11452
59073415,0.00674,global_1de,lsmallma,r,10/01/2026,13:12:00,eddie@node1h21.ecdf.ed.ac.uk,3,11453
59073415,0.00674,global_1de,lsmallma,r,10/01/2026,13:12:00,eddie@node1o12.ecdf.ed.ac.uk,3,11454
59073415,0.00674,global_1de,lsmallma,r,10/01/2026,13:12:00,eddie@node1r06.ecdf.ed.ac.uk,3,11455
59073415,0.00674,global_1de,lsmallma,r,10/01/2026,13:12:00,eddie@node1h23.ecdf.ed.ac.uk,3,11456
59073415,0.00674,global_1de,lsmallma,r,10/01/2026,13:12:00,eddie@node1s13.ecdf.ed.ac.uk,3,11457
59073415,0.00674,global_1de,lsmallma,r,10/01/2026,13:12:00,eddie@node1r08.ecdf.ed.ac.uk,3,11458
59073415,0.00674,global_1de,lsmallma,r,10/01/2026,13:12:00,eddie@node1j27.ecdf.ed.ac.uk,3,11459
59073415,0.00674,global_1de,lsmallma,r,10/01/2026,13:12:00,eddie@node1p10.ecdf.ed.ac.uk,3,11460
59073415,0.00674,global_1de,lsmallma,r,10/01/2026,13:12:00,eddie@node1o09.ecdf.ed.ac.uk,3,11461
59073415,0.00674,global_1de,lsmallma,r,10/01/2026,13:12:00,eddie@node1h03.ecdf.ed.ac.uk,3,11462
59073415,0.00674,global_1de,lsmallma,r,10/01/2026,13:12:00,eddie@node1h06.ecdf.ed.ac.uk,3,11463
59073415,0.00674,global_1de,lsmallma,r,10/01/2026,13:12:00,eddie@node1r07.ecdf.ed.ac.uk,3,11464
59073415,0.00674,global_1de,lsmallma,r,10/01/2026,13:12:00,eddie@node1o08.ecdf.ed.ac.uk,3,11465
59073415,0.00674,global_1de,lsmallma,r,10/01/2026,13:12:00,eddie@node1o10.ecdf.ed.ac.uk,3,11466
59073415,0.00674,global_1de,lsmallma,r,10/01/2026,13:12:00,eddie@node1h05.ecdf.ed.ac.uk,3,11467
59073415,0.00674,global_1de,lsmallma,r,10/01/2026,13:12:00,eddie@node1h09.ecdf.ed.ac.uk,3,11468
59073415,0.00674,global_1de,lsmallma,r,10/01/2026,13:12:00,eddie@node1o14.ecdf.ed.ac.uk,3,11469
59073415,0.00674,global_1de,lsmallma,r,10/01/2026,13:12:00,eddie@node1h21.ecdf.ed.ac.uk,3,11470
59073415,0.00674,global_1de,lsmallma,r,10/01/2026,13:12:00,eddie@node1r06.ecdf.ed.ac.uk,3,11471
59073415,0.00674,global_1de,lsmallma,r,10/01/2026,13:12:00,eddie@node1h23.ecdf.ed.ac.uk,3,11472
59073415,0.00674,global_1de,lsmallma,r,10/01/2026,13:12:00,eddie@node1s13.ecdf.ed.ac.uk,3,11473
59073415,0.00674,global_1de,lsmallma,r,10/01/2026,13:12:00,eddie@node1r08.ecdf.ed.ac.uk,3,11474
59073415,0.00674,global_1de,lsmallma,r,10/01/2026,13:12:00,eddie@node1j27.ecdf.ed.ac.uk,3,11475
59073415,0.00674,global_1de,lsmallma,r,10/01/2026,13:12:00,eddie@node1p10.ecdf.ed.ac.uk,3,11476
59073415,0.00674,global_1de,lsmallma,r,10/01/2026,13:12:00,eddie@node1h03.ecdf.ed.ac.uk,3,11477
59073415,0.00674,global_1de,lsmallma,r,10/01/2026,13:12:00,eddie@node1h06.ecdf.ed.ac.uk,3,11478
59073415,0.00674,global_1de,lsmallma,r,10/01/2026,13:12:00,eddie@node1r07.ecdf.ed.ac.uk,3,11479
59073415,0.00674,global_1de,lsmallma,r,10/01/2026,13:12:00,eddie@node1o10.ecdf.ed.ac.uk,3,11480
59073415,0.00674,global_1de,lsmallma,r,10/01/2026,13:12:00,eddie@node1h05.ecdf.ed.ac.uk,3,11481
59073415,0.00674,global_1de,lsmallma,r,10/01/2026,13:12:00,eddie@node1h09.ecdf.ed.ac.uk,3,11482
59073415,0.00674,global_1de,lsmallma,r,10/01/2026,13:12:00,eddie@node1o14.ecdf.ed.ac.uk,3,11483
59073415,0.00674,global_1de,lsmallma,r,10/01/2026,13:12:00,eddie@node1h21.ecdf.ed.ac.uk,3,11484
59073415,0.00674,global_1de,lsmallma,r,10/01/2026,13:12:00,eddie@node1o10.ecdf.ed.ac.uk,3,11485
59073415,0.00674,global_1de,lsmallma,r,10/01/2026,13:12:00,eddie@node1r05.ecdf.ed.ac.uk,3,11486
59073415,0.00674,global_1de,lsmallma,r,10/01/2026,13:12:00,eddie@node1h15.ecdf.ed.ac.uk,3,11487
59073415,0.00674,global_1de,lsmallma,r,10/01/2026,13:12:01,eddie@node1r20.ecdf.ed.ac.uk,3,11489
59073415,0.00674,global_1de,lsmallma,r,10/01/2026,13:12:01,eddie@node1r20.ecdf.ed.ac.uk,3,11490
59073415,0.00674,global_1de,lsmallma,r,10/01/2026,13:12:01,eddie@node1k01.ecdf.ed.ac.uk,3,11491
59073415,0.00674,global_1de,lsmallma,r,10/01/2026,13:12:01,eddie@node1k01.ecdf.ed.ac.uk,3,11492
59073415,0.00674,global_1de,lsmallma,r,10/01/2026,13:12:01,eddie@node1k06.ecdf.ed.ac.uk,3,11493
59073415,0.00674,global_1de,lsmallma,r,10/01/2026,13:12:01,eddie@node1k04.ecdf.ed.ac.uk,3,11494
59073415,0.00674,global_1de,lsmallma,r,10/01/2026,13:12:01,eddie@node1j23.ecdf.ed.ac.uk,3,11495
59073415,0.00674,global_1de,lsmallma,r,10/01/2026,13:12:01,eddie@node1l19.ecdf.ed.ac.uk,3,11496
59073415,0.00674,global_1de,lsmallma,r,10/01/2026,13:12:01,eddie@node1k08.ecdf.ed.ac.uk,3,11497
59073415,0.00674,global_1de,lsmallma,r,10/01/2026,13:12:01,eddie@node1j17.ecdf.ed.ac.uk,3,11498
59073415,0.00674,global_1de,lsmallma,r,10/01/2026,13:12:01,eddie@node1j08.ecdf.ed.ac.uk,3,11499
59073415,0.00674,global_1de,lsmallma,r,10/01/2026,13:12:01,eddie@node1m12.ecdf.ed.ac.uk,3,11500
59073415,0.00674,global_1de,lsmallma,r,10/01/2026,13:12:01,eddie@node1l07.ecdf.ed.ac.uk,3,11504
59073415,0.00674,global_1de,lsmallma,r,10/01/2026,13:12:01,eddie@node1j09.ecdf.ed.ac.uk,3,11508
59073415,0.00674,global_1de,lsmallma,r,10/01/2026,13:12:01,eddie@node1j17.ecdf.ed.ac.uk,3,11509
59073415,0.00674,global_1de,lsmallma,r,10/01/2026,13:12:01,eddie@node1j08.ecdf.ed.ac.uk,3,11510
59073415,0.00674,global_1de,lsmallma,r,10/01/2026,13:12:01,eddie@node1j05.ecdf.ed.ac.uk,3,11511
59073415,0.00674,global_1de,lsmallma,r,10/01/2026,13:12:01,eddie@node1k03.ecdf.ed.ac.uk,3,11512
59073415,0.00674,global_1de,lsmallma,r,10/01/2026,13:12:01,eddie@node1l03.ecdf.ed.ac.uk,3,11514
59073415,0.00674,global_1de,lsmallma,r,10/01/2026,13:12:01,eddie@node1l19.ecdf.ed.ac.uk,3,11518
59073415,0.00674,global_1de,lsmallma,r,10/01/2026,13:12:01,eddie@node1k02.ecdf.ed.ac.uk,3,11523
59073415,0.00674,global_1de,lsmallma,r,10/01/2026,13:12:01,eddie@node1j17.ecdf.ed.ac.uk,3,11528
59073415,0.00674,global_1de,lsmallma,r,10/01/2026,13:12:01,eddie@node1k03.ecdf.ed.ac.uk,3,11529
59073415,0.00674,global_1de,lsmallma,r,10/01/2026,13:12:01,eddie@node1k02.ecdf.ed.ac.uk,3,11530
59073415,0.00674,global_1de,lsmallma,r,10/01/2026,13:12:01,eddie@node1j18.ecdf.ed.ac.uk,3,11531
59073415,0.00674,global_1de,lsmallma,r,10/01/2026,13:12:01,eddie@node1l19.ecdf.ed.ac.uk,3,11532
59073415,0.00674,global_1de,lsmallma,r,10/01/2026,13:12:01,eddie@node1l06.ecdf.ed.ac.uk,3,11533
59073415,0.00674,global_1de,lsmallma,r,10/01/2026,13:12:01,eddie@node1j17.ecdf.ed.ac.uk,3,11534
59073415,0.00674,global_1de,lsmallma,r,10/01/2026,13:12:01,eddie@node1k03.ecdf.ed.ac.uk,3,11535
59073415,0.00674,global_1de,lsmallma,r,10/01/2026,13:12:01,eddie@node1k02.ecdf.ed.ac.uk,3,11536
59073415,0.00674,global_1de,lsmallma,r,10/01/2026,13:12:01,eddie@node1j04.ecdf.ed.ac.uk,3,11537
59073415,0.00674,global_1de,lsmallma,r,10/01/2026,13:12:01,eddie@node1j18.ecdf.ed.ac.uk,3,11538
59073415,0.00674,global_1de,lsmallma,r,10/01/2026,13:12:01,eddie@node1l10.ecdf.ed.ac.uk,3,11539
59073415,0.00674,global_1de,lsmallma,r,10/01/2026,13:12:01,eddie@node1l04.ecdf.ed.ac.uk,3,11540
59073415,0.00674,global_1de,lsmallma,r,10/01/2026,13:12:01,eddie@node1l06.ecdf.ed.ac.uk,3,11541
59073415,0.00674,global_1de,lsmallma,r,10/01/2026,13:12:01,eddie@node1k03.ecdf.ed.ac.uk,3,11543
59073415,0.00674,global_1de,lsmallma,r,10/01/2026,13:12:01,eddie@node1k02.ecdf.ed.ac.uk,3,11544
59073415,0.00674,global_1de,lsmallma,r,10/01/2026,13:12:01,eddie@node1j04.ecdf.ed.ac.uk,3,11545
59073415,0.00674,global_1de,lsmallma,r,10/01/2026,13:12:01,eddie@node1j18.ecdf.ed.ac.uk,3,11546
59073415,0.00674,global_1de,lsmallma,r,10/01/2026,13:12:01,eddie@node1l10.ecdf.ed.ac.uk,3,11547
59073415,0.00674,global_1de,lsmallma,r,10/01/2026,13:12:01,eddie@node1l04.ecdf.ed.ac.uk,3,11548
59073415,0.00674,global_1de,lsmallma,r,10/01/2026,13:12:01,eddie@node1l06.ecdf.ed.ac.uk,3,11549
59073415,0.00674,global_1de,lsmallma,r,10/01/2026,13:12:01,eddie@node1j04.ecdf.ed.ac.uk,3,11550
59073415,0.00674,global_1de,lsmallma,r,10/01/2026,13:12:01,eddie@node1j18.ecdf.ed.ac.uk,3,11551
59073415,0.00674,global_1de,lsmallma,r,10/01/2026,13:12:01,eddie@node1l04.ecdf.ed.ac.uk,3,11552
59073415,0.00674,global_1de,lsmallma,r,10/01/2026,13:12:01,eddie@node1j04.ecdf.ed.ac.uk,3,11553
59073415,0.00674,global_1de,lsmallma,r,10/01/2026,13:12:01,eddie@node1l04.ecdf.ed.ac.uk,3,11554
59073415,0.00674,global_1de,lsmallma,r,10/01/2026,13:12:01,eddie@node1j04.ecdf.ed.ac.uk,3,11555
59073415,0.00674,global_1de,lsmallma,r,10/01/2026,13:12:01,eddie@node1j04.ecdf.ed.ac.uk,3,11556
59073415,0.00674,global_1de,lsmallma,r,10/01/2026,13:12:01,eddie@node1i25.ecdf.ed.ac.uk,3,11558
59073415,0.00674,global_1de,lsmallma,r,10/01/2026,13:12:01,eddie@node1i25.ecdf.ed.ac.uk,3,11559
59073415,0.00674,global_1de,lsmallma,r,10/01/2026,13:12:01,eddie@node1i25.ecdf.ed.ac.uk,3,11560
59073415,0.00674,global_1de,lsmallma,r,10/01/2026,13:12:01,eddie@node1i17.ecdf.ed.ac.uk,3,11561
59073415,0.00674,global_1de,lsmallma,r,10/01/2026,13:12:01,eddie@node1n14.ecdf.ed.ac.uk,3,11564
59073415,0.00674,global_1de,lsmallma,r,10/01/2026,13:12:01,eddie@node1q05.ecdf.ed.ac.uk,3,11565
59073415,0.00674,global_1de,lsmallma,r,10/01/2026,13:12:01,eddie@node1n14.ecdf.ed.ac.uk,3,11566
59073415,0.00674,global_1de,lsmallma,r,10/01/2026,13:12:01,eddie@node1q05.ecdf.ed.ac.uk,3,11567
59073415,0.00674,global_1de,lsmallma,r,10/01/2026,13:12:01,eddie@node1n13.ecdf.ed.ac.uk,3,11568
59073415,0.00674,global_1de,lsmallma,r,10/01/2026,13:12:01,eddie@node1q06.ecdf.ed.ac.uk,3,11570
59073415,0.00674,global_1de,lsmallma,r,10/01/2026,13:12:01,eddie@node1n14.ecdf.ed.ac.uk,3,11571
59073415,0.00674,global_1de,lsmallma,r,10/01/2026,13:12:01,eddie@node1d10.ecdf.ed.ac.uk,3,11572
59073415,0.00673,global_1de,lsmallma,r,10/01/2026,13:12:14,eddie@node1s19.ecdf.ed.ac.uk,3,12001
59073415,0.00673,global_1de,lsmallma,r,10/01/2026,13:12:14,eddie@node1l08.ecdf.ed.ac.uk,3,12003
59073415,0.00673,global_1de,lsmallma,r,10/01/2026,13:12:14,eddie@node1l08.ecdf.ed.ac.uk,3,12005
59073415,0.00673,global_1de,lsmallma,r,10/01/2026,13:12:14,eddie@node1l08.ecdf.ed.ac.uk,3,12006
59073415,0.00673,global_1de,lsmallma,r,10/01/2026,13:12:14,eddie@node1l08.ecdf.ed.ac.uk,3,12007
59073415,0.00673,global_1de,lsmallma,r,10/01/2026,13:12:14,eddie@node1l08.ecdf.ed.ac.uk,3,12008
59073415,0.00673,global_1de,lsmallma,r,10/01/2026,13:12:14,eddie@node1l08.ecdf.ed.ac.uk,3,12010
59073415,0.00673,global_1de,lsmallma,r,10/01/2026,13:12:14,eddie@node1k01.ecdf.ed.ac.uk,3,12011
59073415,0.00673,global_1de,lsmallma,r,10/01/2026,13:12:14,eddie@node1l08.ecdf.ed.ac.uk,3,12012
59073415,0.00673,global_1de,lsmallma,r,10/01/2026,13:12:14,eddie@node1l08.ecdf.ed.ac.uk,3,12013
59073415,0.00673,global_1de,lsmallma,r,10/01/2026,13:12:14,eddie@node1k06.ecdf.ed.ac.uk,3,12014
59096152,0.00672,quantile,s2150450,r,10/01/2026,15:31:59,eddie@node1d09.ecdf.ed.ac.uk,20,59
59096152,0.00672,quantile,s2150450,r,10/01/2026,15:31:59,eddie@node1e08.ecdf.ed.ac.uk,20,60
59075685,0.00671,g_input,s2430499,r,10/01/2026,11:59:14,gpu@node1g07.ecdf.ed.ac.uk,1
59075677,0.00667,g_input,s2430499,r,10/01/2026,08:21:54,gpu@node1q07.ecdf.ed.ac.uk,1
59073886,0.00662,snakejob.i,abrether,r,10/01/2026,08:08:34,gpu@node1p01.ecdf.ed.ac.uk,2
59076330,0.00658,A30_vf_32_,s1939328,r,10/01/2026,08:25:29,gpu@node1o17.ecdf.ed.ac.uk,1
59073885,0.00650,snakejob.i,abrether,r,10/01/2026,06:10:25,gpu@node1p01.ecdf.ed.ac.uk,2
59075675,0.00649,g_input,s2430499,r,10/01/2026,06:26:53,gpu@node1g06.ecdf.ed.ac.uk,1
59072667,0.00645,acetylh0,knicodem,r,09/28/2026,07:52:49,eddie@node1s10.ecdf.ed.ac.uk,1,15
59076329,0.00645,A30_vf_30_,s1939328,r,10/01/2026,05:07:18,gpu@node1s05.ecdf.ed.ac.uk,1
59171901,0.00637,userGWAS_n,s1713158,r,10/01/2026,14:56:06,eddie@node1l04.ecdf.ed.ac.uk,8,1
59127412,0.00633,QLOGIN,dlarson,r,09/30/2026,10:04:58,eddie@node1i23.ecdf.ed.ac.uk,40
59142257,0.00629,GCMC_H2_30,hismaeel,r,10/01/2026,00:10:57,eddie@node1l03.ecdf.ed.ac.uk,22
59096152,0.00622,quantile,s2150450,r,10/01/2026,14:08:46,eddie@node1f04.ecdf.ed.ac.uk,20,56
59096152,0.00618,quantile,s2150450,r,10/01/2026,14:08:46,eddie@node1d06.ecdf.ed.ac.uk,20,57
59173271,0.00618,QLOGIN,s2403385,r,10/01/2026,15:21:39,eddie@node1j24.ecdf.ed.ac.uk,8
58992020,0.00616,Experiment,s2060501,r,09/25/2026,07:59:02,eddie@node1m22.ecdf.ed.ac.uk,10,83
58992020,0.00614,Experiment,s2060501,r,09/25/2026,09:35:55,eddie@node1n02.ecdf.ed.ac.uk,10,91
58992020,0.00614,Experiment,s2060501,r,09/25/2026,08:56:12,eddie@node1m21.ecdf.ed.ac.uk,10,87
58992020,0.00614,Experiment,s2060501,r,09/25/2026,09:44:39,eddie@node1m23.ecdf.ed.ac.uk,10,92
58992020,0.00614,Experiment,s2060501,r,09/25/2026,08:00:02,eddie@node1m18.ecdf.ed.ac.uk,10,84
58992020,0.00613,Experiment,s2060501,r,09/25/2026,08:21:54,eddie@node1m20.ecdf.ed.ac.uk,10,85
58992020,0.00612,Experiment,s2060501,r,09/25/2026,08:57:36,eddie@node1m20.ecdf.ed.ac.uk,10,88
58992020,0.00612,Experiment,s2060501,r,09/25/2026,09:03:58,eddie@node1m23.ecdf.ed.ac.uk,10,89
58992020,0.00610,Experiment,s2060501,r,09/25/2026,09:06:13,eddie@node1p08.ecdf.ed.ac.uk,10,90
59072667,0.00607,acetylh0,knicodem,r,09/28/2026,07:52:49,eddie@node1s11.ecdf.ed.ac.uk,1,16
58992020,0.00605,Experiment,s2060501,r,09/25/2026,08:52:24,eddie@node1m19.ecdf.ed.ac.uk,10,86
59162097,0.00594,smk.numbat,s1403097,r,10/01/2026,11:12:19,igmm_long@node1b05.ecdf.ed.ac.,24
59096152,0.00593,quantile,s2150450,r,10/01/2026,11:08:53,eddie@node1j22.ecdf.ed.ac.uk,20,55
59096152,0.00593,quantile,s2150450,r,10/01/2026,11:08:48,eddie@node1f04.ecdf.ed.ac.uk,20,54
59096152,0.00593,quantile,s2150450,r,10/01/2026,11:08:35,eddie@node1e01.ecdf.ed.ac.uk,20,52
59096152,0.00593,quantile,s2150450,r,10/01/2026,11:08:39,eddie@node1e08.ecdf.ed.ac.uk,20,53
59096152,0.00588,quantile,s2150450,r,10/01/2026,09:33:21,eddie@node1j03.ecdf.ed.ac.uk,20,49
59147027,0.00581,ce2,gl02pr11,r,10/01/2026,12:29:55,eddie@node1l14.ecdf.ed.ac.uk,8
59076891,0.00580,Scotland_f,dmilodow,r,10/01/2026,08:34:19,eddie@node1d10.ecdf.ed.ac.uk,3,1299
59076891,0.00580,Scotland_f,dmilodow,r,10/01/2026,08:28:34,eddie@node1d01.ecdf.ed.ac.uk,3,1298
59076891,0.00579,Scotland_f,dmilodow,r,10/01/2026,08:21:08,eddie@node1d02.ecdf.ed.ac.uk,3,1297
59076891,0.00578,Scotland_f,dmilodow,r,10/01/2026,08:17:50,eddie@node1f03.ecdf.ed.ac.uk,3,1296
59076891,0.00577,Scotland_f,dmilodow,r,10/01/2026,08:11:46,eddie@node1e02.ecdf.ed.ac.uk,3,1295
59076891,0.00576,Scotland_f,dmilodow,r,10/01/2026,08:02:26,eddie@node1f05.ecdf.ed.ac.uk,3,1294
59076891,0.00575,Scotland_f,dmilodow,r,10/01/2026,07:55:56,eddie@node1n10.ecdf.ed.ac.uk,3,1293
59076891,0.00574,Scotland_f,dmilodow,r,10/01/2026,07:53:14,eddie@node1e06.ecdf.ed.ac.uk,3,1292
59072667,0.00574,acetylh0,knicodem,r,09/28/2026,07:52:49,eddie@node1s11.ecdf.ed.ac.uk,1,17
59076891,0.00573,Scotland_f,dmilodow,r,10/01/2026,07:41:35,eddie@node1e06.ecdf.ed.ac.uk,3,1290
59076891,0.00572,Scotland_f,dmilodow,r,10/01/2026,07:34:09,eddie@node1d03.ecdf.ed.ac.uk,3,1287
59140231,0.00569,v6.1k0.5_6,s2439209,r,09/30/2026,19:05:24,eddie@node1n14.ecdf.ed.ac.uk,1
59076891,0.00566,Scotland_f,dmilodow,r,10/01/2026,07:25:31,eddie@node1e03.ecdf.ed.ac.uk,3,1285
59076891,0.00566,Scotland_f,dmilodow,r,10/01/2026,07:20:00,eddie@node1e05.ecdf.ed.ac.uk,3,1282
59076891,0.00566,Scotland_f,dmilodow,r,10/01/2026,07:20:34,eddie@node1e07.ecdf.ed.ac.uk,3,1283
59076891,0.00566,Scotland_f,dmilodow,r,10/01/2026,07:21:55,eddie@node1d03.ecdf.ed.ac.uk,3,1284
59076891,0.00566,Scotland_f,dmilodow,r,10/01/2026,07:03:22,eddie@node1n16.ecdf.ed.ac.uk,3,1277
59076891,0.00566,Scotland_f,dmilodow,r,10/01/2026,07:03:23,eddie@node1e07.ecdf.ed.ac.uk,3,1278
59076891,0.00566,Scotland_f,dmilodow,r,10/01/2026,07:03:27,eddie@node1e07.ecdf.ed.ac.uk,3,1279
59076891,0.00566,Scotland_f,dmilodow,r,10/01/2026,07:07:55,eddie@node1e09.ecdf.ed.ac.uk,3,1280
59076891,0.00566,Scotland_f,dmilodow,r,10/01/2026,07:15:01,eddie@node1e10.ecdf.ed.ac.uk,3,1281
59076891,0.00566,Scotland_f,dmilodow,r,10/01/2026,07:36:42,eddie@node1d09.ecdf.ed.ac.uk,3,1288
59076891,0.00566,Scotland_f,dmilodow,r,10/01/2026,07:38:28,eddie@node1e09.ecdf.ed.ac.uk,3,1289
59076891,0.00566,Scotland_f,dmilodow,r,10/01/2026,07:46:38,eddie@node1e05.ecdf.ed.ac.uk,3,1291
59076891,0.00566,Scotland_f,dmilodow,r,10/01/2026,06:53:15,eddie@node1h07.ecdf.ed.ac.uk,3,1275
59076891,0.00566,Scotland_f,dmilodow,r,10/01/2026,06:53:46,eddie@node1k03.ecdf.ed.ac.uk,3,1276
59076891,0.00566,Scotland_f,dmilodow,r,10/01/2026,07:32:36,eddie@node1d10.ecdf.ed.ac.uk,3,1286
59076891,0.00565,Scotland_f,dmilodow,r,10/01/2026,06:44:57,eddie@node1e03.ecdf.ed.ac.uk,3,1274
59076891,0.00564,Scotland_f,dmilodow,r,10/01/2026,06:37:56,eddie@node1f01.ecdf.ed.ac.uk,3,1273
59076891,0.00563,Scotland_f,dmilodow,r,10/01/2026,06:33:56,eddie@node1e09.ecdf.ed.ac.uk,3,1272
58992020,0.00561,Experiment,s2060501,r,09/25/2026,17:35:35,eddie@node1m11.ecdf.ed.ac.uk,10,98
58992020,0.00561,Experiment,s2060501,r,09/25/2026,17:30:34,eddie@node1m22.ecdf.ed.ac.uk,10,97
58992020,0.00561,Experiment,s2060501,r,09/25/2026,17:36:50,eddie@node1m19.ecdf.ed.ac.uk,10,99
59076891,0.00559,Scotland_f,dmilodow,r,10/01/2026,06:04:51,eddie@node1f01.ecdf.ed.ac.uk,3,1269
59076891,0.00558,Scotland_f,dmilodow,r,10/01/2026,05:59:27,eddie@node1d06.ecdf.ed.ac.uk,3,1268
59172963,0.00556,QLOGIN,bwallac1,r,10/01/2026,15:13:22,staging@node1f17.ecdf.ed.ac.uk,1
59076891,0.00556,Scotland_f,dmilodow,r,10/01/2026,05:49:07,eddie@node1e07.ecdf.ed.ac.uk,3,1267
59076891,0.00556,Scotland_f,dmilodow,r,10/01/2026,06:09:32,eddie@node1f01.ecdf.ed.ac.uk,3,1270
59076891,0.00556,Scotland_f,dmilodow,r,10/01/2026,06:10:59,eddie@node1f05.ecdf.ed.ac.uk,3,1271
58992020,0.00556,Experiment,s2060501,r,09/25/2026,17:01:34,eddie@node1m20.ecdf.ed.ac.uk,10,96
58992020,0.00554,Experiment,s2060501,r,09/25/2026,16:55:04,eddie@node1m19.ecdf.ed.ac.uk,10,95
59172462,0.00552,QLOGIN,lnisbet2,r,10/01/2026,14:59:24,staging@node1f14.ecdf.ed.ac.uk,1
59076891,0.00552,Scotland_f,dmilodow,r,10/01/2026,05:21:53,eddie@node1e06.ecdf.ed.ac.uk,3,1265
59076891,0.00552,Scotland_f,dmilodow,r,10/01/2026,05:35:24,eddie@node1e07.ecdf.ed.ac.uk,3,1266
59076891,0.00551,Scotland_f,dmilodow,r,10/01/2026,05:10:55,eddie@node1f04.ecdf.ed.ac.uk,3,1263
59076891,0.00551,Scotland_f,dmilodow,r,10/01/2026,05:12:14,eddie@node1f05.ecdf.ed.ac.uk,3,1264
59076891,0.00551,Scotland_f,dmilodow,r,10/01/2026,05:09:54,eddie@node1i25.ecdf.ed.ac.uk,3,1262
59156696,0.00549,nf-NFCORE_,aahmad3,r,10/01/2026,08:39:25,eddie@node1l01.ecdf.ed.ac.uk,12
59076891,0.00546,Scotland_f,dmilodow,r,10/01/2026,04:48:26,eddie@node1e02.ecdf.ed.ac.uk,3,1259
59076891,0.00546,Scotland_f,dmilodow,r,10/01/2026,05:05:34,eddie@node1e06.ecdf.ed.ac.uk,3,1261
59076891,0.00546,Scotland_f,dmilodow,r,10/01/2026,05:02:30,eddie@node1d09.ecdf.ed.ac.uk,3,1260
59076891,0.00545,Scotland_f,dmilodow,r,10/01/2026,04:30:08,eddie@node1f01.ecdf.ed.ac.uk,3,1258
59076891,0.00545,Scotland_f,dmilodow,r,10/01/2026,04:28:50,eddie@node1e03.ecdf.ed.ac.uk,3,1257
59072667,0.00543,acetylh0,knicodem,r,09/28/2026,07:52:49,eddie@node1p10.ecdf.ed.ac.uk,1,18
59076891,0.00543,Scotland_f,dmilodow,r,10/01/2026,04:12:32,eddie@node1e05.ecdf.ed.ac.uk,3,1254
58992020,0.00543,Experiment,s2060501,r,09/25/2026,15:22:34,eddie@node1s09.ecdf.ed.ac.uk,10,94
59076891,0.00539,Scotland_f,dmilodow,r,10/01/2026,03:51:23,eddie@node1e07.ecdf.ed.ac.uk,3,1251
59076891,0.00539,Scotland_f,dmilodow,r,10/01/2026,04:22:53,eddie@node1k01.ecdf.ed.ac.uk,3,1255
59076891,0.00539,Scotland_f,dmilodow,r,10/01/2026,04:23:30,eddie@node1d02.ecdf.ed.ac.uk,3,1256
59076891,0.00539,Scotland_f,dmilodow,r,10/01/2026,04:02:22,eddie@node1h04.ecdf.ed.ac.uk,3,1252
59076891,0.00539,Scotland_f,dmilodow,r,10/01/2026,04:06:04,eddie@node1e09.ecdf.ed.ac.uk,3,1253
59076891,0.00538,Scotland_f,dmilodow,r,10/01/2026,03:42:56,eddie@node1e02.ecdf.ed.ac.uk,3,1250
59076891,0.00538,Scotland_f,dmilodow,r,10/01/2026,03:42:50,eddie@node1d10.ecdf.ed.ac.uk,3,1249
59076891,0.00538,Scotland_f,dmilodow,r,10/01/2026,03:42:14,eddie@node1e07.ecdf.ed.ac.uk,3,1248
59076891,0.00535,Scotland_f,dmilodow,r,10/01/2026,03:19:07,eddie@node1e04.ecdf.ed.ac.uk,3,1247
59085931,0.00534,MC-37-Co-o,s2441545,r,09/30/2026,17:32:16,eddie@node1r06.ecdf.ed.ac.uk,16
59085929,0.00533,MC-34-Co-o,s2441545,r,09/30/2026,17:28:58,eddie@node1h24.ecdf.ed.ac.uk,16
59076891,0.00533,Scotland_f,dmilodow,r,10/01/2026,03:11:38,eddie@node1e09.ecdf.ed.ac.uk,3,1244
59076891,0.00530,Scotland_f,dmilodow,r,10/01/2026,02:47:11,eddie@node1k05.ecdf.ed.ac.uk,3,1239
58992020,0.00528,Experiment,s2060501,r,09/25/2026,12:16:14,eddie@node1n03.ecdf.ed.ac.uk,10,93
59085927,0.00527,MC-33-Ni-o,s2441545,r,09/30/2026,16:46:50,eddie@node1h23.ecdf.ed.ac.uk,16
59076891,0.00525,Scotland_f,dmilodow,r,10/01/2026,02:27:45,eddie@node1e06.ecdf.ed.ac.uk,3,1236
59076891,0.00525,Scotland_f,dmilodow,r,10/01/2026,02:36:39,eddie@node1e02.ecdf.ed.ac.uk,3,1237
59076891,0.00525,Scotland_f,dmilodow,r,10/01/2026,02:16:15,eddie@node1f04.ecdf.ed.ac.uk,3,1235
59076891,0.00524,Scotland_f,dmilodow,r,10/01/2026,02:56:38,eddie@node1l10.ecdf.ed.ac.uk,3,1241
59076891,0.00524,Scotland_f,dmilodow,r,10/01/2026,02:56:38,eddie@node1l09.ecdf.ed.ac.uk,3,1242
59076891,0.00524,Scotland_f,dmilodow,r,10/01/2026,03:14:40,eddie@node1f03.ecdf.ed.ac.uk,3,1245
59076891,0.00524,Scotland_f,dmilodow,r,10/01/2026,03:02:42,eddie@node1e09.ecdf.ed.ac.uk,3,1243
59076891,0.00524,Scotland_f,dmilodow,r,10/01/2026,03:16:21,eddie@node1e02.ecdf.ed.ac.uk,3,1246
59076891,0.00524,Scotland_f,dmilodow,r,10/01/2026,02:52:25,eddie@node1e03.ecdf.ed.ac.uk,3,1240
59076891,0.00524,Scotland_f,dmilodow,r,10/01/2026,02:45:42,eddie@node1e01.ecdf.ed.ac.uk,3,1238
59096152,0.00523,quantile,s2150450,r,10/01/2026,02:56:11,eddie@node1e02.ecdf.ed.ac.uk,20,44
59076891,0.00522,Scotland_f,dmilodow,r,10/01/2026,01:57:01,eddie@node1e09.ecdf.ed.ac.uk,3,1232
59076891,0.00522,Scotland_f,dmilodow,r,10/01/2026,01:54:07,eddie@node1e09.ecdf.ed.ac.uk,3,1231
59076891,0.00522,Scotland_f,dmilodow,r,10/01/2026,02:04:22,eddie@node1j05.ecdf.ed.ac.uk,3,1234
59076891,0.00522,Scotland_f,dmilodow,r,10/01/2026,01:58:21,eddie@node1f01.ecdf.ed.ac.uk,3,1233
59076891,0.00519,Scotland_f,dmilodow,r,10/01/2026,01:31:15,eddie@node1e06.ecdf.ed.ac.uk,3,1230
59096152,0.00518,quantile,s2150450,r,10/01/2026,01:25:37,eddie@node1j08.ecdf.ed.ac.uk,20,40
59085926,0.00517,MC-33-Cu-f,s2441545,r,09/30/2026,15:42:10,eddie@node1r06.ecdf.ed.ac.uk,16
59072667,0.00516,acetylh0,knicodem,r,09/28/2026,07:52:49,eddie@node1p10.ecdf.ed.ac.uk,1,19
59073884,0.00515,snakejob.i,abrether,r,09/30/2026,15:08:40,gpu@node1p02.ecdf.ed.ac.uk,2
59085924,0.00515,MC-32-Co-f,s2441545,r,09/30/2026,15:33:40,eddie@node1r07.ecdf.ed.ac.uk,16
59076891,0.00515,Scotland_f,dmilodow,r,10/01/2026,01:05:41,eddie@node1h07.ecdf.ed.ac.uk,3,1226
59076891,0.00515,Scotland_f,dmilodow,r,10/01/2026,01:05:41,eddie@node1l06.ecdf.ed.ac.uk,3,1227
59076891,0.00515,Scotland_f,dmilodow,r,10/01/2026,01:03:12,eddie@node1k02.ecdf.ed.ac.uk,3,1223
59076891,0.00515,Scotland_f,dmilodow,r,10/01/2026,01:04:25,eddie@node1h07.ecdf.ed.ac.uk,3,1224
59076891,0.00515,Scotland_f,dmilodow,r,10/01/2026,01:04:53,eddie@node1m01.ecdf.ed.ac.uk,3,1225
59076891,0.00515,Scotland_f,dmilodow,r,10/01/2026,01:20:22,eddie@node1s16.ecdf.ed.ac.uk,3,1228
59076891,0.00515,Scotland_f,dmilodow,r,10/01/2026,01:20:22,eddie@node1h22.ecdf.ed.ac.uk,3,1229
59076891,0.00513,Scotland_f,dmilodow,r,10/01/2026,00:52:12,eddie@node1l08.ecdf.ed.ac.uk,3,1221
59076891,0.00513,Scotland_f,dmilodow,r,10/01/2026,00:53:11,eddie@node1e08.ecdf.ed.ac.uk,3,1222
59076891,0.00512,Scotland_f,dmilodow,r,10/01/2026,00:41:35,eddie@node1d03.ecdf.ed.ac.uk,3,1220
59076891,0.00509,Scotland_f,dmilodow,r,10/01/2026,00:26:12,eddie@node1m06.ecdf.ed.ac.uk,3,1219
59076891,0.00507,Scotland_f,dmilodow,r,10/01/2026,00:06:46,eddie@node1e06.ecdf.ed.ac.uk,3,1218
59076891,0.00507,Scotland_f,dmilodow,r,10/01/2026,00:05:10,eddie@node1e04.ecdf.ed.ac.uk,3,1217
59076891,0.00505,Scotland_f,dmilodow,r,09/30/2026,23:53:31,eddie@node1m03.ecdf.ed.ac.uk,3,1216
59076891,0.00503,Scotland_f,dmilodow,r,09/30/2026,23:41:55,eddie@node1j05.ecdf.ed.ac.uk,3,1214
59076891,0.00503,Scotland_f,dmilodow,r,09/30/2026,23:42:11,eddie@node1h05.ecdf.ed.ac.uk,3,1215
59076891,0.00503,Scotland_f,dmilodow,r,09/30/2026,23:38:52,eddie@node1e02.ecdf.ed.ac.uk,3,1213
59076891,0.00503,Scotland_f,dmilodow,r,09/30/2026,23:36:57,eddie@node1j25.ecdf.ed.ac.uk,3,1212
59076891,0.00502,Scotland_f,dmilodow,r,09/30/2026,23:29:58,eddie@node1j27.ecdf.ed.ac.uk,3,1211
59076891,0.00499,Scotland_f,dmilodow,r,09/30/2026,23:14:52,eddie@node1e10.ecdf.ed.ac.uk,3,1210
59076891,0.00498,Scotland_f,dmilodow,r,09/30/2026,23:07:21,eddie@node1l09.ecdf.ed.ac.uk,3,1209
59076891,0.00497,Scotland_f,dmilodow,r,09/30/2026,23:05:38,eddie@node1o03.ecdf.ed.ac.uk,3,1208
59076891,0.00497,Scotland_f,dmilodow,r,09/30/2026,23:01:52,eddie@node1r07.ecdf.ed.ac.uk,3,1207
59076891,0.00495,Scotland_f,dmilodow,r,09/30/2026,22:41:37,eddie@node1l01.ecdf.ed.ac.uk,3,1206
59076891,0.00494,Scotland_f,dmilodow,r,09/30/2026,22:37:10,eddie@node1l09.ecdf.ed.ac.uk,3,1204
59076891,0.00494,Scotland_f,dmilodow,r,09/30/2026,22:38:55,eddie@node1m04.ecdf.ed.ac.uk,3,1205
59076891,0.00492,Scotland_f,dmilodow,r,09/30/2026,22:21:49,eddie@node1f04.ecdf.ed.ac.uk,3,1203
59072667,0.00492,acetylh0,knicodem,r,09/28/2026,07:52:49,eddie@node1p09.ecdf.ed.ac.uk,1,20
59076891,0.00489,Scotland_f,dmilodow,r,09/30/2026,21:59:13,eddie@node1o08.ecdf.ed.ac.uk,3,1199
59076891,0.00489,Scotland_f,dmilodow,r,09/30/2026,21:59:13,eddie@node1j18.ecdf.ed.ac.uk,3,1200
59076891,0.00488,Scotland_f,dmilodow,r,09/30/2026,22:04:07,eddie@node1d02.ecdf.ed.ac.uk,3,1202
59076891,0.00488,Scotland_f,dmilodow,r,09/30/2026,22:02:10,eddie@node1j06.ecdf.ed.ac.uk,3,1201
59076891,0.00486,Scotland_f,dmilodow,r,09/30/2026,21:40:18,eddie@node1d01.ecdf.ed.ac.uk,3,1198
59076891,0.00485,Scotland_f,dmilodow,r,09/30/2026,21:34:38,eddie@node1e07.ecdf.ed.ac.uk,3,1197
59076891,0.00485,Scotland_f,dmilodow,r,09/30/2026,21:32:16,eddie@node1j07.ecdf.ed.ac.uk,3,1195
59076891,0.00483,Scotland_f,dmilodow,r,09/30/2026,21:23:28,eddie@node1o08.ecdf.ed.ac.uk,3,1194
59076891,0.00482,Scotland_f,dmilodow,r,09/30/2026,21:20:59,eddie@node1o08.ecdf.ed.ac.uk,3,1191
59076891,0.00482,Scotland_f,dmilodow,r,09/30/2026,21:21:47,eddie@node1e10.ecdf.ed.ac.uk,3,1192
59076891,0.00482,Scotland_f,dmilodow,r,09/30/2026,21:22:15,eddie@node1j03.ecdf.ed.ac.uk,3,1193
59076891,0.00482,Scotland_f,dmilodow,r,09/30/2026,21:15:08,eddie@node1d04.ecdf.ed.ac.uk,3,1190
59076891,0.00481,Scotland_f,dmilodow,r,09/30/2026,21:11:00,eddie@node1h05.ecdf.ed.ac.uk,3,1189
59076891,0.00481,Scotland_f,dmilodow,r,09/30/2026,21:10:44,eddie@node1m06.ecdf.ed.ac.uk,3,1188
59160103,0.00480,precMS-atr,cfarrugi,r,10/01/2026,10:24:04,eddie@node1m09.ecdf.ed.ac.uk,8
59076891,0.00480,Scotland_f,dmilodow,r,09/30/2026,20:59:31,eddie@node1h07.ecdf.ed.ac.uk,3,1187
59076891,0.00480,Scotland_f,dmilodow,r,09/30/2026,20:58:32,eddie@node1e09.ecdf.ed.ac.uk,3,1186
59076891,0.00479,Scotland_f,dmilodow,r,09/30/2026,20:54:45,eddie@node1j18.ecdf.ed.ac.uk,3,1185
59076891,0.00479,Scotland_f,dmilodow,r,09/30/2026,20:53:48,eddie@node1r12.ecdf.ed.ac.uk,3,1183
59076891,0.00479,Scotland_f,dmilodow,r,09/30/2026,20:54:12,eddie@node1l07.ecdf.ed.ac.uk,3,1184
59076891,0.00479,Scotland_f,dmilodow,r,09/30/2026,20:50:57,eddie@node1l07.ecdf.ed.ac.uk,3,1182
59076891,0.00478,Scotland_f,dmilodow,r,09/30/2026,20:49:07,eddie@node1d10.ecdf.ed.ac.uk,3,1181
59076891,0.00477,Scotland_f,dmilodow,r,09/30/2026,20:45:57,eddie@node1j21.ecdf.ed.ac.uk,3,1178
59076891,0.00476,Scotland_f,dmilodow,r,09/30/2026,20:36:09,eddie@node1o08.ecdf.ed.ac.uk,3,1173
59076891,0.00476,Scotland_f,dmilodow,r,09/30/2026,20:36:09,eddie@node1j17.ecdf.ed.ac.uk,3,1174
59076891,0.00476,Scotland_f,dmilodow,r,09/30/2026,20:36:15,eddie@node1d02.ecdf.ed.ac.uk,3,1175
59076891,0.00476,Scotland_f,dmilodow,r,09/30/2026,20:39:24,eddie@node1m01.ecdf.ed.ac.uk,3,1177
59076891,0.00476,Scotland_f,dmilodow,r,09/30/2026,20:37:54,eddie@node1n13.ecdf.ed.ac.uk,3,1176
59085874,0.00476,MC-32-Ni-f,s2441545,r,09/30/2026,10:46:10,eddie@node1o13.ecdf.ed.ac.uk,16
59072685,0.00476,acetylh010,knicodem,r,09/30/2026,13:47:36,eddie@node1m24.ecdf.ed.ac.uk,1,997
59072685,0.00476,acetylh010,knicodem,r,09/30/2026,13:47:36,eddie@node1m24.ecdf.ed.ac.uk,1,998
59072685,0.00476,acetylh010,knicodem,r,09/30/2026,13:47:36,eddie@node1m24.ecdf.ed.ac.uk,1,999
59072685,0.00476,acetylh010,knicodem,r,09/30/2026,13:47:36,eddie@node1m24.ecdf.ed.ac.uk,1,1000
59076891,0.00475,Scotland_f,dmilodow,r,09/30/2026,20:29:10,eddie@node1l07.ecdf.ed.ac.uk,3,1172
59076891,0.00475,Scotland_f,dmilodow,r,09/30/2026,20:27:53,eddie@node1j05.ecdf.ed.ac.uk,3,1171
59076891,0.00475,Scotland_f,dmilodow,r,09/30/2026,20:24:58,eddie@node1d03.ecdf.ed.ac.uk,3,1170
59072685,0.00475,acetylh010,knicodem,r,09/30/2026,13:41:42,eddie@node1k10.ecdf.ed.ac.uk,1,996
59072685,0.00475,acetylh010,knicodem,r,09/30/2026,13:39:43,eddie@node1j12.ecdf.ed.ac.uk,1,994
59072685,0.00475,acetylh010,knicodem,r,09/30/2026,13:39:56,eddie@node1k10.ecdf.ed.ac.uk,1,995
59072685,0.00474,acetylh010,knicodem,r,09/30/2026,13:38:36,eddie@node1k10.ecdf.ed.ac.uk,1,993
59072685,0.00474,acetylh010,knicodem,r,09/30/2026,13:36:52,eddie@node1k10.ecdf.ed.ac.uk,1,991
59072685,0.00474,acetylh010,knicodem,r,09/30/2026,13:37:00,eddie@node1k11.ecdf.ed.ac.uk,1,992
59076891,0.00474,Scotland_f,dmilodow,r,09/30/2026,20:20:42,eddie@node1m07.ecdf.ed.ac.uk,3,1169
59076891,0.00474,Scotland_f,dmilodow,r,09/30/2026,20:18:56,eddie@node1o06.ecdf.ed.ac.uk,3,1168
59076891,0.00474,Scotland_f,dmilodow,r,09/30/2026,20:16:27,eddie@node1h05.ecdf.ed.ac.uk,3,1166
59076891,0.00474,Scotland_f,dmilodow,r,09/30/2026,20:16:27,eddie@node1e06.ecdf.ed.ac.uk,3,1167
59076891,0.00473,Scotland_f,dmilodow,r,09/30/2026,20:16:10,eddie@node1r05.ecdf.ed.ac.uk,3,1163
59076891,0.00473,Scotland_f,dmilodow,r,09/30/2026,20:16:10,eddie@node1m03.ecdf.ed.ac.uk,3,1164
59076891,0.00473,Scotland_f,dmilodow,r,09/30/2026,20:16:10,eddie@node1m01.ecdf.ed.ac.uk,3,1165
59076891,0.00473,Scotland_f,dmilodow,r,09/30/2026,20:14:55,eddie@node1j17.ecdf.ed.ac.uk,3,1162
59076891,0.00473,Scotland_f,dmilodow,r,09/30/2026,20:14:26,eddie@node1m03.ecdf.ed.ac.uk,3,1160
59076891,0.00473,Scotland_f,dmilodow,r,09/30/2026,20:14:40,eddie@node1j19.ecdf.ed.ac.uk,3,1161
59076891,0.00473,Scotland_f,dmilodow,r,09/30/2026,20:13:24,eddie@node1n15.ecdf.ed.ac.uk,3,1158
59076891,0.00473,Scotland_f,dmilodow,r,09/30/2026,20:13:41,eddie@node1i25.ecdf.ed.ac.uk,3,1159
59072685,0.00473,acetylh010,knicodem,r,09/30/2026,13:28:04,eddie@node1j12.ecdf.ed.ac.uk,1,988
59076891,0.00473,Scotland_f,dmilodow,r,09/30/2026,20:10:58,eddie@node1e05.ecdf.ed.ac.uk,3,1157
59072685,0.00473,acetylh010,knicodem,r,09/30/2026,13:30:33,eddie@node1k17.ecdf.ed.ac.uk,1,989
59072685,0.00473,acetylh010,knicodem,r,09/30/2026,13:30:46,eddie@node1k10.ecdf.ed.ac.uk,1,990
59072685,0.00472,acetylh010,knicodem,r,09/30/2026,13:24:41,eddie@node1k20.ecdf.ed.ac.uk,1,986
59072685,0.00472,acetylh010,knicodem,r,09/30/2026,13:24:36,eddie@node1k10.ecdf.ed.ac.uk,1,985
59072685,0.00472,acetylh010,knicodem,r,09/30/2026,13:26:53,eddie@node1k20.ecdf.ed.ac.uk,1,987
59072685,0.00472,acetylh010,knicodem,r,09/30/2026,13:23:53,eddie@node1j12.ecdf.ed.ac.uk,1,984
59072685,0.00472,acetylh010,knicodem,r,09/30/2026,13:23:40,eddie@node1j12.ecdf.ed.ac.uk,1,983
59072685,0.00472,acetylh010,knicodem,r,09/30/2026,13:23:32,eddie@node1m18.ecdf.ed.ac.uk,1,979
59072685,0.00472,acetylh010,knicodem,r,09/30/2026,13:23:32,eddie@node1m18.ecdf.ed.ac.uk,1,980
59072685,0.00472,acetylh010,knicodem,r,09/30/2026,13:23:33,eddie@node1m18.ecdf.ed.ac.uk,1,981
59072685,0.00472,acetylh010,knicodem,r,09/30/2026,13:23:33,eddie@node1m18.ecdf.ed.ac.uk,1,982
59076891,0.00472,Scotland_f,dmilodow,r,09/30/2026,20:05:42,eddie@node1d06.ecdf.ed.ac.uk,3,1155
59076891,0.00472,Scotland_f,dmilodow,r,09/30/2026,20:05:42,eddie@node1d06.ecdf.ed.ac.uk,3,1156
59072685,0.00472,acetylh010,knicodem,r,09/30/2026,13:19:13,eddie@node1k11.ecdf.ed.ac.uk,1,978
59072685,0.00472,acetylh010,knicodem,r,09/30/2026,13:19:05,eddie@node1k20.ecdf.ed.ac.uk,1,977
59076891,0.00471,Scotland_f,dmilodow,r,09/30/2026,20:01:58,eddie@node1j22.ecdf.ed.ac.uk,3,1154
59072685,0.00471,acetylh010,knicodem,r,09/30/2026,13:16:50,eddie@node1k20.ecdf.ed.ac.uk,1,976
59072685,0.00471,acetylh010,knicodem,r,09/30/2026,13:15:30,eddie@node1k11.ecdf.ed.ac.uk,1,975
59072685,0.00470,acetylh010,knicodem,r,09/30/2026,13:11:41,eddie@node1k17.ecdf.ed.ac.uk,1,974
59076891,0.00470,Scotland_f,dmilodow,r,09/30/2026,19:57:42,eddie@node1h15.ecdf.ed.ac.uk,3,1153
59072685,0.00470,acetylh010,knicodem,r,09/30/2026,13:11:18,eddie@node1j12.ecdf.ed.ac.uk,1,973
59076891,0.00470,Scotland_f,dmilodow,r,09/30/2026,19:53:40,eddie@node1m07.ecdf.ed.ac.uk,3,1152
59076891,0.00470,Scotland_f,dmilodow,r,09/30/2026,19:52:09,eddie@node1n14.ecdf.ed.ac.uk,3,1151
59072685,0.00470,acetylh010,knicodem,r,09/30/2026,13:08:34,eddie@node1k17.ecdf.ed.ac.uk,1,972
59072667,0.00469,acetylh0,knicodem,r,09/28/2026,07:52:49,eddie@node1p09.ecdf.ed.ac.uk,1,21
59072685,0.00469,acetylh010,knicodem,r,09/30/2026,13:02:12,eddie@node1k11.ecdf.ed.ac.uk,1,971
59076891,0.00469,Scotland_f,dmilodow,r,09/30/2026,19:44:54,eddie@node1i24.ecdf.ed.ac.uk,3,1150
59072685,0.00469,acetylh010,knicodem,r,09/30/2026,12:58:41,eddie@node1k20.ecdf.ed.ac.uk,1,970
59072685,0.00468,acetylh010,knicodem,r,09/30/2026,12:54:29,eddie@node1k10.ecdf.ed.ac.uk,1,965
59072685,0.00468,acetylh010,knicodem,r,09/30/2026,12:54:29,eddie@node1j12.ecdf.ed.ac.uk,1,966
59072685,0.00468,acetylh010,knicodem,r,09/30/2026,12:54:29,eddie@node1k11.ecdf.ed.ac.uk,1,967
59072685,0.00468,acetylh010,knicodem,r,09/30/2026,12:54:29,eddie@node1k10.ecdf.ed.ac.uk,1,968
59072685,0.00468,acetylh010,knicodem,r,09/30/2026,12:54:59,eddie@node1k17.ecdf.ed.ac.uk,1,969
59072685,0.00467,acetylh010,knicodem,r,09/30/2026,12:47:07,eddie@node1k10.ecdf.ed.ac.uk,1,964
59072685,0.00467,acetylh010,knicodem,r,09/30/2026,12:45:10,eddie@node1k20.ecdf.ed.ac.uk,1,963
59072685,0.00467,acetylh010,knicodem,r,09/30/2026,12:44:54,eddie@node1k17.ecdf.ed.ac.uk,1,962
59093571,0.00467,EVMUTATION,blivesey,r,10/01/2026,15:41:54,eddie@node1e03.ecdf.ed.ac.uk,2,390
59072685,0.00467,acetylh010,knicodem,r,09/30/2026,12:43:32,eddie@node1k17.ecdf.ed.ac.uk,1,961
59076891,0.00466,Scotland_f,dmilodow,r,09/30/2026,19:30:49,eddie@node1h06.ecdf.ed.ac.uk,3,1149
59076891,0.00466,Scotland_f,dmilodow,r,09/30/2026,19:27:46,eddie@node1j23.ecdf.ed.ac.uk,3,1147
59076891,0.00466,Scotland_f,dmilodow,r,09/30/2026,19:27:46,eddie@node1k09.ecdf.ed.ac.uk,3,1148
59161516,0.00466,bwa_mem,sdaless,r,10/01/2026,10:53:21,eddie@node1r12.ecdf.ed.ac.uk,8,18
59076891,0.00466,Scotland_f,dmilodow,r,09/30/2026,19:24:16,eddie@node1m01.ecdf.ed.ac.uk,3,1145
59076891,0.00466,Scotland_f,dmilodow,r,09/30/2026,19:24:30,eddie@node1n15.ecdf.ed.ac.uk,3,1146
59072685,0.00466,acetylh010,knicodem,r,09/30/2026,12:38:06,eddie@node1k17.ecdf.ed.ac.uk,1,960
59076891,0.00465,Scotland_f,dmilodow,r,09/30/2026,19:23:49,eddie@node1i15.ecdf.ed.ac.uk,3,1141
59076891,0.00465,Scotland_f,dmilodow,r,09/30/2026,19:23:49,eddie@node1r09.ecdf.ed.ac.uk,3,1142
59076891,0.00465,Scotland_f,dmilodow,r,09/30/2026,19:21:18,eddie@node1h09.ecdf.ed.ac.uk,3,1132
59076891,0.00465,Scotland_f,dmilodow,r,09/30/2026,19:21:18,eddie@node1n15.ecdf.ed.ac.uk,3,1133
59076891,0.00465,Scotland_f,dmilodow,r,09/30/2026,19:21:18,eddie@node1n15.ecdf.ed.ac.uk,3,1134
59076891,0.00465,Scotland_f,dmilodow,r,09/30/2026,19:21:18,eddie@node1q05.ecdf.ed.ac.uk,3,1135
59076891,0.00465,Scotland_f,dmilodow,r,09/30/2026,19:22:46,eddie@node1f06.ecdf.ed.ac.uk,3,1136
59076891,0.00465,Scotland_f,dmilodow,r,09/30/2026,19:22:46,eddie@node1i14.ecdf.ed.ac.uk,3,1137
59076891,0.00465,Scotland_f,dmilodow,r,09/30/2026,19:23:05,eddie@node1l06.ecdf.ed.ac.uk,3,1139
59076891,0.00465,Scotland_f,dmilodow,r,09/30/2026,19:23:05,eddie@node1f03.ecdf.ed.ac.uk,3,1140
59076891,0.00465,Scotland_f,dmilodow,r,09/30/2026,19:24:04,eddie@node1l10.ecdf.ed.ac.uk,3,1143
59076891,0.00465,Scotland_f,dmilodow,r,09/30/2026,19:24:04,eddie@node1j11.ecdf.ed.ac.uk,3,1144
59076891,0.00465,Scotland_f,dmilodow,r,09/30/2026,19:22:49,eddie@node1j09.ecdf.ed.ac.uk,3,1138
59076891,0.00465,Scotland_f,dmilodow,r,09/30/2026,19:19:02,eddie@node1m04.ecdf.ed.ac.uk,3,1131
59072685,0.00465,acetylh010,knicodem,r,09/30/2026,12:34:41,eddie@node1k11.ecdf.ed.ac.uk,1,958
59076891,0.00465,Scotland_f,dmilodow,r,09/30/2026,19:18:16,eddie@node1j27.ecdf.ed.ac.uk,3,1130
59072685,0.00465,acetylh010,knicodem,r,09/30/2026,12:31:20,eddie@node1j12.ecdf.ed.ac.uk,1,957
59076891,0.00464,Scotland_f,dmilodow,r,09/30/2026,19:13:00,eddie@node1l20.ecdf.ed.ac.uk,3,1127
59076891,0.00464,Scotland_f,dmilodow,r,09/30/2026,19:13:04,eddie@node1o09.ecdf.ed.ac.uk,3,1128
59076891,0.00464,Scotland_f,dmilodow,r,09/30/2026,19:13:48,eddie@node1r07.ecdf.ed.ac.uk,3,1129
59088505,0.00464,MC-32-Cu-f,s2441545,r,09/30/2026,18:44:25,eddie@node1o12.ecdf.ed.ac.uk,16
59085863,0.00464,MC-30-Cu-f,s2441545,r,09/29/2026,23:11:57,eddie@node1h12.ecdf.ed.ac.uk,16
59076891,0.00464,Scotland_f,dmilodow,r,09/30/2026,19:12:32,eddie@node1s14.ecdf.ed.ac.uk,3,1126
59076891,0.00464,Scotland_f,dmilodow,r,09/30/2026,19:11:29,eddie@node1d03.ecdf.ed.ac.uk,3,1122
59076891,0.00464,Scotland_f,dmilodow,r,09/30/2026,19:11:39,eddie@node1m04.ecdf.ed.ac.uk,3,1125
59076891,0.00464,Scotland_f,dmilodow,r,09/30/2026,19:11:04,eddie@node1o08.ecdf.ed.ac.uk,3,1121
59072685,0.00464,acetylh010,knicodem,r,09/30/2026,12:24:48,eddie@node1k17.ecdf.ed.ac.uk,1,954
59076891,0.00464,Scotland_f,dmilodow,r,09/30/2026,19:08:01,eddie@node1n15.ecdf.ed.ac.uk,3,1120
59072685,0.00464,acetylh010,knicodem,r,09/30/2026,12:25:30,eddie@node1k10.ecdf.ed.ac.uk,1,955
59072685,0.00463,acetylh010,knicodem,r,09/30/2026,12:35:03,eddie@node1k11.ecdf.ed.ac.uk,1,959
59072685,0.00463,acetylh010,knicodem,r,09/30/2026,12:29:23,eddie@node1k20.ecdf.ed.ac.uk,1,956
59072685,0.00463,acetylh010,knicodem,r,09/30/2026,12:20:51,eddie@node1k20.ecdf.ed.ac.uk,1,952
59072685,0.00463,acetylh010,knicodem,r,09/30/2026,12:21:05,eddie@node1k20.ecdf.ed.ac.uk,1,953
59076891,0.00463,Scotland_f,dmilodow,r,09/30/2026,19:03:30,eddie@node1e07.ecdf.ed.ac.uk,3,1119
59076891,0.00463,Scotland_f,dmilodow,r,09/30/2026,19:02:02,eddie@node1h12.ecdf.ed.ac.uk,3,1118
59072685,0.00462,acetylh010,knicodem,r,09/30/2026,12:16:19,eddie@node1k17.ecdf.ed.ac.uk,1,951
59072685,0.00462,acetylh010,knicodem,r,09/30/2026,12:13:34,eddie@node1j12.ecdf.ed.ac.uk,1,950
59072685,0.00462,acetylh010,knicodem,r,09/30/2026,12:13:22,eddie@node1k10.ecdf.ed.ac.uk,1,949
59072685,0.00462,acetylh010,knicodem,r,09/30/2026,12:10:22,eddie@node1k10.ecdf.ed.ac.uk,1,948
59072685,0.00461,acetylh010,knicodem,r,09/30/2026,12:08:00,eddie@node1k17.ecdf.ed.ac.uk,1,947
59076891,0.00461,Scotland_f,dmilodow,r,09/30/2026,18:52:24,eddie@node1e02.ecdf.ed.ac.uk,3,1117
59072685,0.00461,acetylh010,knicodem,r,09/30/2026,12:05:31,eddie@node1k20.ecdf.ed.ac.uk,1,945
59072685,0.00460,acetylh010,knicodem,r,09/30/2026,12:07:24,eddie@node1k10.ecdf.ed.ac.uk,1,946
59072685,0.00460,acetylh010,knicodem,r,09/30/2026,12:02:20,eddie@node1k17.ecdf.ed.ac.uk,1,943
59072685,0.00460,acetylh010,knicodem,r,09/30/2026,12:02:20,eddie@node1k17.ecdf.ed.ac.uk,1,944
59076891,0.00460,Scotland_f,dmilodow,r,09/30/2026,18:43:28,eddie@node1r09.ecdf.ed.ac.uk,3,1115
59076891,0.00460,Scotland_f,dmilodow,r,09/30/2026,18:43:28,eddie@node1j27.ecdf.ed.ac.uk,3,1116
59076891,0.00460,Scotland_f,dmilodow,r,09/30/2026,18:42:56,eddie@node1d09.ecdf.ed.ac.uk,3,1114
59076891,0.00460,Scotland_f,dmilodow,r,09/30/2026,18:40:59,eddie@node1e07.ecdf.ed.ac.uk,3,1113
59072685,0.00459,acetylh010,knicodem,r,09/30/2026,11:54:21,eddie@node1k20.ecdf.ed.ac.uk,1,942
59093571,0.00459,EVMUTATION,blivesey,r,10/01/2026,15:26:20,eddie@node1d01.ecdf.ed.ac.uk,2,389
59072685,0.00459,acetylh010,knicodem,r,09/30/2026,11:54:07,eddie@node1k10.ecdf.ed.ac.uk,1,941
59072685,0.00459,acetylh010,knicodem,r,09/30/2026,11:51:41,eddie@node1k10.ecdf.ed.ac.uk,1,940
59072685,0.00459,acetylh010,knicodem,r,09/30/2026,11:50:25,eddie@node1k11.ecdf.ed.ac.uk,1,939
59076891,0.00459,Scotland_f,dmilodow,r,09/30/2026,18:34:47,eddie@node1i16.ecdf.ed.ac.uk,3,1110
59076891,0.00459,Scotland_f,dmilodow,r,09/30/2026,18:35:39,eddie@node1k06.ecdf.ed.ac.uk,3,1111
59076891,0.00459,Scotland_f,dmilodow,r,09/30/2026,18:34:25,eddie@node1j05.ecdf.ed.ac.uk,3,1109
59072685,0.00458,acetylh010,knicodem,r,09/30/2026,11:46:23,eddie@node1k11.ecdf.ed.ac.uk,1,938
59076891,0.00458,Scotland_f,dmilodow,r,09/30/2026,18:39:55,eddie@node1d04.ecdf.ed.ac.uk,3,1112
59072685,0.00458,acetylh010,knicodem,r,09/30/2026,11:44:12,eddie@node1j12.ecdf.ed.ac.uk,1,937
59076891,0.00458,Scotland_f,dmilodow,r,09/30/2026,18:27:56,eddie@node1s19.ecdf.ed.ac.uk,3,1107
59076891,0.00458,Scotland_f,dmilodow,r,09/30/2026,18:27:56,eddie@node1k07.ecdf.ed.ac.uk,3,1108
59093571,0.00457,EVMUTATION,blivesey,r,10/01/2026,15:11:33,eddie@node1d02.ecdf.ed.ac.uk,2,388
59076891,0.00457,Scotland_f,dmilodow,r,09/30/2026,18:27:12,eddie@node1s20.ecdf.ed.ac.uk,3,1097
59076891,0.00457,Scotland_f,dmilodow,r,09/30/2026,18:27:12,eddie@node1m15.ecdf.ed.ac.uk,3,1098
59076891,0.00457,Scotland_f,dmilodow,r,09/30/2026,18:27:12,eddie@node1o09.ecdf.ed.ac.uk,3,1099
59076891,0.00457,Scotland_f,dmilodow,r,09/30/2026,18:27:12,eddie@node1r07.ecdf.ed.ac.uk,3,1100
59076891,0.00457,Scotland_f,dmilodow,r,09/30/2026,18:27:12,eddie@node1h03.ecdf.ed.ac.uk,3,1101
59076891,0.00457,Scotland_f,dmilodow,r,09/30/2026,18:27:12,eddie@node1i17.ecdf.ed.ac.uk,3,1102
59076891,0.00457,Scotland_f,dmilodow,r,09/30/2026,18:27:24,eddie@node1j28.ecdf.ed.ac.uk,3,1104
59076891,0.00457,Scotland_f,dmilodow,r,09/30/2026,18:27:24,eddie@node1h12.ecdf.ed.ac.uk,3,1105
59076891,0.00457,Scotland_f,dmilodow,r,09/30/2026,18:27:24,eddie@node1l19.ecdf.ed.ac.uk,3,1106
59076891,0.00457,Scotland_f,dmilodow,r,09/30/2026,18:27:19,eddie@node1n15.ecdf.ed.ac.uk,3,1103
59076891,0.00457,Scotland_f,dmilodow,r,09/30/2026,18:26:32,eddie@node1e03.ecdf.ed.ac.uk,3,1096
59072685,0.00457,acetylh010,knicodem,r,09/30/2026,11:38:31,eddie@node1k11.ecdf.ed.ac.uk,1,936
59072685,0.00457,acetylh010,knicodem,r,09/30/2026,11:37:29,eddie@node1j12.ecdf.ed.ac.uk,1,935
59093571,0.00456,EVMUTATION,blivesey,r,10/01/2026,15:07:22,eddie@node1j04.ecdf.ed.ac.uk,2,387
59072685,0.00456,acetylh010,knicodem,r,09/30/2026,11:36:54,eddie@node1j12.ecdf.ed.ac.uk,1,934
59072685,0.00456,acetylh010,knicodem,r,09/30/2026,11:34:57,eddie@node1k20.ecdf.ed.ac.uk,1,932
59072685,0.00456,acetylh010,knicodem,r,09/30/2026,11:35:13,eddie@node1k10.ecdf.ed.ac.uk,1,933
59076891,0.00456,Scotland_f,dmilodow,r,09/30/2026,18:21:55,eddie@node1m07.ecdf.ed.ac.uk,3,1095
59072685,0.00456,acetylh010,knicodem,r,09/30/2026,11:31:12,eddie@node1k17.ecdf.ed.ac.uk,1,930
59072685,0.00456,acetylh010,knicodem,r,09/30/2026,11:31:51,eddie@node1k10.ecdf.ed.ac.uk,1,931
59072685,0.00456,acetylh010,knicodem,r,09/30/2026,11:30:47,eddie@node1k17.ecdf.ed.ac.uk,1,929
59076891,0.00455,Scotland_f,dmilodow,r,09/30/2026,18:12:47,eddie@node1i24.ecdf.ed.ac.uk,3,1094
59076891,0.00455,Scotland_f,dmilodow,r,09/30/2026,18:11:48,eddie@node1s14.ecdf.ed.ac.uk,3,1093
59072685,0.00454,acetylh010,knicodem,r,09/30/2026,11:21:35,eddie@node1k10.ecdf.ed.ac.uk,1,928
59093571,0.00454,EVMUTATION,blivesey,r,10/01/2026,14:53:52,eddie@node1e03.ecdf.ed.ac.uk,2,386
59072685,0.00454,acetylh010,knicodem,r,09/30/2026,11:20:22,eddie@node1k17.ecdf.ed.ac.uk,1,927
59093571,0.00454,EVMUTATION,blivesey,r,10/01/2026,14:53:46,eddie@node1e03.ecdf.ed.ac.uk,2,385
59072685,0.00454,acetylh010,knicodem,r,09/30/2026,11:20:02,eddie@node1k20.ecdf.ed.ac.uk,1,926
59076891,0.00454,Scotland_f,dmilodow,r,09/30/2026,18:00:27,eddie@node1e09.ecdf.ed.ac.uk,3,1092
59072685,0.00453,acetylh010,knicodem,r,09/30/2026,11:15:33,eddie@node1j12.ecdf.ed.ac.uk,1,925
58992020,0.00453,Experiment,s2060501,r,09/24/2026,12:53:21,eddie@node1s09.ecdf.ed.ac.uk,10,72
59072685,0.00453,acetylh010,knicodem,r,09/30/2026,11:13:02,eddie@node1j12.ecdf.ed.ac.uk,1,924
59072685,0.00453,acetylh010,knicodem,r,09/30/2026,11:11:19,eddie@node1k20.ecdf.ed.ac.uk,1,923
59093571,0.00453,EVMUTATION,blivesey,r,10/01/2026,14:43:43,eddie@node1d01.ecdf.ed.ac.uk,2,384
59072685,0.00453,acetylh010,knicodem,r,09/30/2026,11:09:04,eddie@node1k11.ecdf.ed.ac.uk,1,921
59072685,0.00453,acetylh010,knicodem,r,09/30/2026,11:09:36,eddie@node1k20.ecdf.ed.ac.uk,1,922
59093571,0.00452,EVMUTATION,blivesey,r,10/01/2026,14:40:41,eddie@node1m06.ecdf.ed.ac.uk,2,383
59093571,0.00452,EVMUTATION,blivesey,r,10/01/2026,14:39:40,eddie@node1f04.ecdf.ed.ac.uk,2,382
59072685,0.00452,acetylh010,knicodem,r,09/30/2026,11:07:01,eddie@node1k11.ecdf.ed.ac.uk,1,919
59072685,0.00452,acetylh010,knicodem,r,09/30/2026,11:07:45,eddie@node1j12.ecdf.ed.ac.uk,1,920
59072685,0.00452,acetylh010,knicodem,r,09/30/2026,11:04:09,eddie@node1k11.ecdf.ed.ac.uk,1,917
59072685,0.00452,acetylh010,knicodem,r,09/30/2026,11:04:20,eddie@node1j12.ecdf.ed.ac.uk,1,918
59072685,0.00452,acetylh010,knicodem,r,09/30/2026,11:01:51,eddie@node1k10.ecdf.ed.ac.uk,1,916
59072685,0.00451,acetylh010,knicodem,r,09/30/2026,11:00:52,eddie@node1k10.ecdf.ed.ac.uk,1,915
59072685,0.00451,acetylh010,knicodem,r,09/30/2026,10:58:29,eddie@node1k11.ecdf.ed.ac.uk,1,914
59171779,0.00451,softrex_e1,s3012162,r,10/01/2026,15:37:11,eddie@node1h08.ecdf.ed.ac.uk,1,14
59072685,0.00451,acetylh010,knicodem,r,09/30/2026,10:56:07,eddie@node1j12.ecdf.ed.ac.uk,1,913
59072685,0.00450,acetylh010,knicodem,r,09/30/2026,10:54:28,eddie@node1k17.ecdf.ed.ac.uk,1,912
59072685,0.00450,acetylh010,knicodem,r,09/30/2026,10:53:54,eddie@node1k17.ecdf.ed.ac.uk,1,911
59072685,0.00450,acetylh010,knicodem,r,09/30/2026,10:53:37,eddie@node1k11.ecdf.ed.ac.uk,1,910
59072685,0.00450,acetylh010,knicodem,r,09/30/2026,10:52:40,eddie@node1k11.ecdf.ed.ac.uk,1,908
59072685,0.00450,acetylh010,knicodem,r,09/30/2026,10:52:52,eddie@node1j12.ecdf.ed.ac.uk,1,909
59072685,0.00450,acetylh010,knicodem,r,09/30/2026,10:50:29,eddie@node1k20.ecdf.ed.ac.uk,1,907
59072685,0.00450,acetylh010,knicodem,r,09/30/2026,10:50:10,eddie@node1k17.ecdf.ed.ac.uk,1,906
59072685,0.00450,acetylh010,knicodem,r,09/30/2026,10:50:06,eddie@node1j12.ecdf.ed.ac.uk,1,905
59072685,0.00450,acetylh010,knicodem,r,09/30/2026,10:48:18,eddie@node1k17.ecdf.ed.ac.uk,1,904
59072685,0.00449,acetylh010,knicodem,r,09/30/2026,10:46:39,eddie@node1k10.ecdf.ed.ac.uk,1,903
59072685,0.00449,acetylh010,knicodem,r,09/30/2026,10:46:05,eddie@node1k17.ecdf.ed.ac.uk,1,902
59072685,0.00449,acetylh010,knicodem,r,09/30/2026,10:44:22,eddie@node1j12.ecdf.ed.ac.uk,1,901
59093571,0.00449,EVMUTATION,blivesey,r,10/01/2026,14:37:14,eddie@node1m03.ecdf.ed.ac.uk,2,381
59072667,0.00449,acetylh0,knicodem,r,09/28/2026,07:52:49,eddie@node1n09.ecdf.ed.ac.uk,1,22
59076891,0.00449,Scotland_f,dmilodow,r,09/30/2026,17:28:58,eddie@node1j10.ecdf.ed.ac.uk,3,1085
59076891,0.00449,Scotland_f,dmilodow,r,09/30/2026,17:28:58,eddie@node1j10.ecdf.ed.ac.uk,3,1086
59093571,0.00448,EVMUTATION,blivesey,r,10/01/2026,14:33:59,eddie@node1m04.ecdf.ed.ac.uk,2,380
59093571,0.00448,EVMUTATION,blivesey,r,10/01/2026,14:33:17,eddie@node1j23.ecdf.ed.ac.uk,2,379
59076891,0.00448,Scotland_f,dmilodow,r,09/30/2026,17:39:00,eddie@node1l07.ecdf.ed.ac.uk,3,1091
59076891,0.00448,Scotland_f,dmilodow,r,09/30/2026,17:37:11,eddie@node1m07.ecdf.ed.ac.uk,3,1089
59076891,0.00448,Scotland_f,dmilodow,r,09/30/2026,17:29:14,eddie@node1r19.ecdf.ed.ac.uk,3,1087
59076891,0.00448,Scotland_f,dmilodow,r,09/30/2026,17:30:19,eddie@node1d03.ecdf.ed.ac.uk,3,1088
59076891,0.00448,Scotland_f,dmilodow,r,09/30/2026,17:37:44,eddie@node1m04.ecdf.ed.ac.uk,3,1090
59076891,0.00448,Scotland_f,dmilodow,r,09/30/2026,17:26:17,eddie@node1j23.ecdf.ed.ac.uk,3,1083
59076891,0.00448,Scotland_f,dmilodow,r,09/30/2026,17:26:17,eddie@node1j17.ecdf.ed.ac.uk,3,1084
59076891,0.00448,Scotland_f,dmilodow,r,09/30/2026,17:25:44,eddie@node1j05.ecdf.ed.ac.uk,3,1081
59076891,0.00448,Scotland_f,dmilodow,r,09/30/2026,17:25:44,eddie@node1j05.ecdf.ed.ac.uk,3,1082
59072683,0.00448,acetylh09,knicodem,r,09/30/2026,10:37:57,eddie@node1k20.ecdf.ed.ac.uk,1,900
59072683,0.00448,acetylh09,knicodem,r,09/30/2026,10:34:53,eddie@node1k20.ecdf.ed.ac.uk,1,899
59093571,0.00448,EVMUTATION,blivesey,r,10/01/2026,14:26:31,eddie@node1f05.ecdf.ed.ac.uk,2,378
59093571,0.00447,EVMUTATION,blivesey,r,10/01/2026,14:22:41,eddie@node1k05.ecdf.ed.ac.uk,2,377
59072683,0.00447,acetylh09,knicodem,r,09/30/2026,10:30:01,eddie@node1j12.ecdf.ed.ac.uk,1,898
59072683,0.00447,acetylh09,knicodem,r,09/30/2026,10:28:47,eddie@node1k10.ecdf.ed.ac.uk,1,897
59076891,0.00447,Scotland_f,dmilodow,r,09/30/2026,17:20:37,eddie@node1j09.ecdf.ed.ac.uk,3,1055
59076891,0.00447,Scotland_f,dmilodow,r,09/30/2026,17:20:37,eddie@node1l08.ecdf.ed.ac.uk,3,1056
59076891,0.00447,Scotland_f,dmilodow,r,09/30/2026,17:20:37,eddie@node1m01.ecdf.ed.ac.uk,3,1057
59076891,0.00447,Scotland_f,dmilodow,r,09/30/2026,17:20:37,eddie@node1j02.ecdf.ed.ac.uk,3,1058
59076891,0.00447,Scotland_f,dmilodow,r,09/30/2026,17:20:37,eddie@node1j19.ecdf.ed.ac.uk,3,1059
59076891,0.00447,Scotland_f,dmilodow,r,09/30/2026,17:20:37,eddie@node1k03.ecdf.ed.ac.uk,3,1060
59076891,0.00447,Scotland_f,dmilodow,r,09/30/2026,17:20:37,eddie@node1j04.ecdf.ed.ac.uk,3,1061
59076891,0.00447,Scotland_f,dmilodow,r,09/30/2026,17:20:37,eddie@node1j23.ecdf.ed.ac.uk,3,1063
59076891,0.00447,Scotland_f,dmilodow,r,09/30/2026,17:20:37,eddie@node1j11.ecdf.ed.ac.uk,3,1064
59076891,0.00447,Scotland_f,dmilodow,r,09/30/2026,17:20:37,eddie@node1j22.ecdf.ed.ac.uk,3,1065
59076891,0.00447,Scotland_f,dmilodow,r,09/30/2026,17:20:37,eddie@node1m06.ecdf.ed.ac.uk,3,1066
59076891,0.00447,Scotland_f,dmilodow,r,09/30/2026,17:20:37,eddie@node1k01.ecdf.ed.ac.uk,3,1067
59076891,0.00447,Scotland_f,dmilodow,r,09/30/2026,17:20:37,eddie@node1k03.ecdf.ed.ac.uk,3,1068
59076891,0.00447,Scotland_f,dmilodow,r,09/30/2026,17:20:37,eddie@node1k02.ecdf.ed.ac.uk,3,1069
59076891,0.00447,Scotland_f,dmilodow,r,09/30/2026,17:20:37,eddie@node1l19.ecdf.ed.ac.uk,3,1070
59076891,0.00447,Scotland_f,dmilodow,r,09/30/2026,17:20:37,eddie@node1j23.ecdf.ed.ac.uk,3,1071
59076891,0.00447,Scotland_f,dmilodow,r,09/30/2026,17:20:37,eddie@node1j22.ecdf.ed.ac.uk,3,1072
59076891,0.00447,Scotland_f,dmilodow,r,09/30/2026,17:20:37,eddie@node1k01.ecdf.ed.ac.uk,3,1073
59076891,0.00447,Scotland_f,dmilodow,r,09/30/2026,17:20:37,eddie@node1j08.ecdf.ed.ac.uk,3,1074
59076891,0.00447,Scotland_f,dmilodow,r,09/30/2026,17:20:37,eddie@node1j10.ecdf.ed.ac.uk,3,1075
59076891,0.00447,Scotland_f,dmilodow,r,09/30/2026,17:20:37,eddie@node1j10.ecdf.ed.ac.uk,3,1076
59076891,0.00447,Scotland_f,dmilodow,r,09/30/2026,17:20:37,eddie@node1i24.ecdf.ed.ac.uk,3,1077
59076891,0.00447,Scotland_f,dmilodow,r,09/30/2026,17:20:37,eddie@node1i24.ecdf.ed.ac.uk,3,1078
59076891,0.00447,Scotland_f,dmilodow,r,09/30/2026,17:14:09,eddie@node1h06.ecdf.ed.ac.uk,3,1052
59076891,0.00447,Scotland_f,dmilodow,r,09/30/2026,17:14:09,eddie@node1k08.ecdf.ed.ac.uk,3,1053
59076891,0.00447,Scotland_f,dmilodow,r,09/30/2026,17:19:22,eddie@node1k07.ecdf.ed.ac.uk,3,1054
59076891,0.00447,Scotland_f,dmilodow,r,09/30/2026,17:20:40,eddie@node1l05.ecdf.ed.ac.uk,3,1079
59076891,0.00447,Scotland_f,dmilodow,r,09/30/2026,17:21:09,eddie@node1m04.ecdf.ed.ac.uk,3,1080
59072683,0.00447,acetylh09,knicodem,r,09/30/2026,10:28:20,eddie@node1k10.ecdf.ed.ac.uk,1,896
59072683,0.00447,acetylh09,knicodem,r,09/30/2026,10:26:50,eddie@node1k20.ecdf.ed.ac.uk,1,895
59072683,0.00446,acetylh09,knicodem,r,09/30/2026,10:23:02,eddie@node1j12.ecdf.ed.ac.uk,1,890
59072683,0.00446,acetylh09,knicodem,r,09/30/2026,10:22:11,eddie@node1k17.ecdf.ed.ac.uk,1,889
59072683,0.00446,acetylh09,knicodem,r,09/30/2026,10:25:16,eddie@node1k17.ecdf.ed.ac.uk,1,894
59072683,0.00446,acetylh09,knicodem,r,09/30/2026,10:24:51,eddie@node1k17.ecdf.ed.ac.uk,1,893
59072683,0.00446,acetylh09,knicodem,r,09/30/2026,10:23:15,eddie@node1j12.ecdf.ed.ac.uk,1,891
59072683,0.00446,acetylh09,knicodem,r,09/30/2026,10:23:16,eddie@node1k17.ecdf.ed.ac.uk,1,892
59076891,0.00446,Scotland_f,dmilodow,r,09/30/2026,17:10:48,eddie@node1s19.ecdf.ed.ac.uk,3,1049
59076891,0.00446,Scotland_f,dmilodow,r,09/30/2026,17:10:48,eddie@node1o07.ecdf.ed.ac.uk,3,1050
59076891,0.00446,Scotland_f,dmilodow,r,09/30/2026,17:10:02,eddie@node1h11.ecdf.ed.ac.uk,3,1047
59076891,0.00446,Scotland_f,dmilodow,r,09/30/2026,17:10:44,eddie@node1d01.ecdf.ed.ac.uk,3,1048
59076891,0.00446,Scotland_f,dmilodow,r,09/30/2026,17:11:17,eddie@node1j10.ecdf.ed.ac.uk,3,1051
59076891,0.00446,Scotland_f,dmilodow,r,09/30/2026,17:08:47,eddie@node1k03.ecdf.ed.ac.uk,3,1046
59072683,0.00446,acetylh09,knicodem,r,09/30/2026,10:18:51,eddie@node1k11.ecdf.ed.ac.uk,1,888
59072683,0.00446,acetylh09,knicodem,r,09/30/2026,10:18:43,eddie@node1k20.ecdf.ed.ac.uk,1,887
59072683,0.00446,acetylh09,knicodem,r,09/30/2026,10:16:50,eddie@node1k17.ecdf.ed.ac.uk,1,878
59072683,0.00446,acetylh09,knicodem,r,09/30/2026,10:17:12,eddie@node1k16.ecdf.ed.ac.uk,1,879
59072683,0.00446,acetylh09,knicodem,r,09/30/2026,10:17:12,eddie@node1k16.ecdf.ed.ac.uk,1,880
59072683,0.00446,acetylh09,knicodem,r,09/30/2026,10:17:12,eddie@node1k16.ecdf.ed.ac.uk,1,881
59072683,0.00446,acetylh09,knicodem,r,09/30/2026,10:17:12,eddie@node1k16.ecdf.ed.ac.uk,1,882
59072683,0.00446,acetylh09,knicodem,r,09/30/2026,10:17:12,eddie@node1k16.ecdf.ed.ac.uk,1,883
59072683,0.00446,acetylh09,knicodem,r,09/30/2026,10:17:12,eddie@node1k16.ecdf.ed.ac.uk,1,884
59072683,0.00446,acetylh09,knicodem,r,09/30/2026,10:17:12,eddie@node1k16.ecdf.ed.ac.uk,1,885
59072683,0.00446,acetylh09,knicodem,r,09/30/2026,10:17:59,eddie@node1k16.ecdf.ed.ac.uk,1,886
59072683,0.00445,acetylh09,knicodem,r,09/30/2026,10:15:50,eddie@node1j12.ecdf.ed.ac.uk,1,877
59072683,0.00445,acetylh09,knicodem,r,09/30/2026,10:14:49,eddie@node1k11.ecdf.ed.ac.uk,1,876
59072683,0.00445,acetylh09,knicodem,r,09/30/2026,10:14:04,eddie@node1k20.ecdf.ed.ac.uk,1,875
59072683,0.00445,acetylh09,knicodem,r,09/30/2026,10:13:31,eddie@node1k11.ecdf.ed.ac.uk,1,873
59072683,0.00445,acetylh09,knicodem,r,09/30/2026,10:13:45,eddie@node1k17.ecdf.ed.ac.uk,1,874
59072683,0.00445,acetylh09,knicodem,r,09/30/2026,10:10:43,eddie@node1k11.ecdf.ed.ac.uk,1,872
59072683,0.00445,acetylh09,knicodem,r,09/30/2026,10:10:03,eddie@node1k11.ecdf.ed.ac.uk,1,871
59076891,0.00445,Scotland_f,dmilodow,r,09/30/2026,17:06:41,eddie@node1k10.ecdf.ed.ac.uk,3,1045
59072683,0.00444,acetylh09,knicodem,r,09/30/2026,10:06:47,eddie@node1k20.ecdf.ed.ac.uk,1,870
59072683,0.00444,acetylh09,knicodem,r,09/30/2026,10:05:23,eddie@node1k20.ecdf.ed.ac.uk,1,869
59072683,0.00444,acetylh09,knicodem,r,09/30/2026,10:04:56,eddie@node1k17.ecdf.ed.ac.uk,1,868
59076891,0.00444,Scotland_f,dmilodow,r,09/30/2026,16:54:28,eddie@node1j07.ecdf.ed.ac.uk,3,1040
59076891,0.00444,Scotland_f,dmilodow,r,09/30/2026,16:54:28,eddie@node1l05.ecdf.ed.ac.uk,3,1041
59076891,0.00444,Scotland_f,dmilodow,r,09/30/2026,16:57:22,eddie@node1i24.ecdf.ed.ac.uk,3,1043
59076891,0.00444,Scotland_f,dmilodow,r,09/30/2026,16:57:27,eddie@node1j19.ecdf.ed.ac.uk,3,1044
59076891,0.00444,Scotland_f,dmilodow,r,09/30/2026,16:57:13,eddie@node1j19.ecdf.ed.ac.uk,3,1042
59072683,0.00444,acetylh09,knicodem,r,09/30/2026,10:04:09,eddie@node1k17.ecdf.ed.ac.uk,1,867
59072683,0.00443,acetylh09,knicodem,r,09/30/2026,10:04:06,eddie@node1k10.ecdf.ed.ac.uk,1,866
59072683,0.00443,acetylh09,knicodem,r,09/30/2026,09:59:24,eddie@node1k11.ecdf.ed.ac.uk,1,865
59173771,0.00442,mageck_bGe,jpowell2,r,10/01/2026,15:33:27,eddie@node1q13.ecdf.ed.ac.uk,1
59173963,0.00442,QLOGIN,cmetheri,r,10/01/2026,15:37:36,eddie@node1j24.ecdf.ed.ac.uk,1
59072683,0.00442,acetylh09,knicodem,r,09/30/2026,09:55:04,eddie@node1k20.ecdf.ed.ac.uk,1,864
59072683,0.00442,acetylh09,knicodem,r,09/30/2026,09:54:41,eddie@node1k20.ecdf.ed.ac.uk,1,863
59072683,0.00442,acetylh09,knicodem,r,09/30/2026,09:54:31,eddie@node1k20.ecdf.ed.ac.uk,1,860
59072683,0.00442,acetylh09,knicodem,r,09/30/2026,09:54:31,eddie@node1k20.ecdf.ed.ac.uk,1,861
59072683,0.00442,acetylh09,knicodem,r,09/30/2026,09:54:31,eddie@node1k17.ecdf.ed.ac.uk,1,862
59076891,0.00442,Scotland_f,dmilodow,r,09/30/2026,16:42:02,eddie@node1d02.ecdf.ed.ac.uk,3,1039
59072683,0.00442,acetylh09,knicodem,r,09/30/2026,09:49:24,eddie@node1p08.ecdf.ed.ac.uk,1,853
59072683,0.00442,acetylh09,knicodem,r,09/30/2026,09:49:24,eddie@node1p08.ecdf.ed.ac.uk,1,854
59072683,0.00442,acetylh09,knicodem,r,09/30/2026,09:49:24,eddie@node1p08.ecdf.ed.ac.uk,1,855
59072683,0.00442,acetylh09,knicodem,r,09/30/2026,09:49:24,eddie@node1p08.ecdf.ed.ac.uk,1,856
59072683,0.00442,acetylh09,knicodem,r,09/30/2026,09:49:24,eddie@node1j12.ecdf.ed.ac.uk,1,857
59072683,0.00442,acetylh09,knicodem,r,09/30/2026,09:49:24,eddie@node1k10.ecdf.ed.ac.uk,1,858
59072683,0.00442,acetylh09,knicodem,r,09/30/2026,09:49:27,eddie@node1k10.ecdf.ed.ac.uk,1,859
59093571,0.00442,EVMUTATION,blivesey,r,10/01/2026,13:44:06,eddie@node1f05.ecdf.ed.ac.uk,2,376
59170521,0.00441,QLOGIN,rmedhi,r,10/01/2026,14:07:22,eddie@node1j24.ecdf.ed.ac.uk,8
59072683,0.00441,acetylh09,knicodem,r,09/30/2026,09:47:29,eddie@node1k17.ecdf.ed.ac.uk,1,852
59072683,0.00441,acetylh09,knicodem,r,09/30/2026,09:47:26,eddie@node1k20.ecdf.ed.ac.uk,1,851
59072683,0.00441,acetylh09,knicodem,r,09/30/2026,09:45:54,eddie@node1k10.ecdf.ed.ac.uk,1,848
59072683,0.00441,acetylh09,knicodem,r,09/30/2026,09:45:54,eddie@node1k10.ecdf.ed.ac.uk,1,849
59072683,0.00441,acetylh09,knicodem,r,09/30/2026,09:45:54,eddie@node1k20.ecdf.ed.ac.uk,1,850
59072683,0.00441,acetylh09,knicodem,r,09/30/2026,09:45:36,eddie@node1k20.ecdf.ed.ac.uk,1,844
59072683,0.00441,acetylh09,knicodem,r,09/30/2026,09:45:36,eddie@node1k20.ecdf.ed.ac.uk,1,845
59072683,0.00441,acetylh09,knicodem,r,09/30/2026,09:45:36,eddie@node1k11.ecdf.ed.ac.uk,1,846
59072683,0.00441,acetylh09,knicodem,r,09/30/2026,09:45:36,eddie@node1k20.ecdf.ed.ac.uk,1,847
59076891,0.00441,Scotland_f,dmilodow,r,09/30/2026,16:37:10,eddie@node1e01.ecdf.ed.ac.uk,3,1038
59072683,0.00441,acetylh09,knicodem,r,09/30/2026,09:43:30,eddie@node1k11.ecdf.ed.ac.uk,1,843
59072683,0.00441,acetylh09,knicodem,r,09/30/2026,09:43:17,eddie@node1k10.ecdf.ed.ac.uk,1,842
59085864,0.00440,MC-30-Ni-o,s2441545,r,09/29/2026,23:32:08,eddie@node1r08.ecdf.ed.ac.uk,16
59072683,0.00440,acetylh09,knicodem,r,09/30/2026,09:42:01,eddie@node1j12.ecdf.ed.ac.uk,1,841
59072683,0.00440,acetylh09,knicodem,r,09/30/2026,09:38:55,eddie@node1j12.ecdf.ed.ac.uk,1,839
59072683,0.00440,acetylh09,knicodem,r,09/30/2026,09:39:13,eddie@node1k17.ecdf.ed.ac.uk,1,840
59072683,0.00440,acetylh09,knicodem,r,09/30/2026,09:38:41,eddie@node1k11.ecdf.ed.ac.uk,1,837
59072683,0.00440,acetylh09,knicodem,r,09/30/2026,09:38:41,eddie@node1k20.ecdf.ed.ac.uk,1,838
59072683,0.00440,acetylh09,knicodem,r,09/30/2026,09:37:45,eddie@node1j12.ecdf.ed.ac.uk,1,834
59157126,0.00440,milk_FD,crochus,r,10/01/2026,08:46:03,eddie@node1q14.ecdf.ed.ac.uk,1
59072683,0.00440,acetylh09,knicodem,r,09/30/2026,09:37:58,eddie@node1k20.ecdf.ed.ac.uk,1,835
59072683,0.00440,acetylh09,knicodem,r,09/30/2026,09:38:11,eddie@node1k20.ecdf.ed.ac.uk,1,836
59072683,0.00440,acetylh09,knicodem,r,09/30/2026,09:37:34,eddie@node1k11.ecdf.ed.ac.uk,1,833
59072683,0.00439,acetylh09,knicodem,r,09/30/2026,09:35:22,eddie@node1k17.ecdf.ed.ac.uk,1,830
59072683,0.00439,acetylh09,knicodem,r,09/30/2026,09:35:54,eddie@node1k15.ecdf.ed.ac.uk,1,831
59072683,0.00439,acetylh09,knicodem,r,09/30/2026,09:35:54,eddie@node1k15.ecdf.ed.ac.uk,1,832
59072683,0.00439,acetylh09,knicodem,r,09/30/2026,09:31:32,eddie@node1j12.ecdf.ed.ac.uk,1,829
59072683,0.00439,acetylh09,knicodem,r,09/30/2026,09:30:21,eddie@node1k10.ecdf.ed.ac.uk,1,828
59072683,0.00439,acetylh09,knicodem,r,09/30/2026,09:29:18,eddie@node1k17.ecdf.ed.ac.uk,1,826
59072683,0.00439,acetylh09,knicodem,r,09/30/2026,09:29:18,eddie@node1k17.ecdf.ed.ac.uk,1,827
59072683,0.00439,acetylh09,knicodem,r,09/30/2026,09:27:30,eddie@node1k19.ecdf.ed.ac.uk,1,824
59072683,0.00439,acetylh09,knicodem,r,09/30/2026,09:27:30,eddie@node1k19.ecdf.ed.ac.uk,1,825
59072683,0.00439,acetylh09,knicodem,r,09/30/2026,09:26:30,eddie@node1k11.ecdf.ed.ac.uk,1,823
59072683,0.00438,acetylh09,knicodem,r,09/30/2026,09:23:48,eddie@node1k10.ecdf.ed.ac.uk,1,822
59072683,0.00438,acetylh09,knicodem,r,09/30/2026,09:21:10,eddie@node1k11.ecdf.ed.ac.uk,1,821
59072683,0.00438,acetylh09,knicodem,r,09/30/2026,09:19:33,eddie@node1j12.ecdf.ed.ac.uk,1,820
59072683,0.00437,acetylh09,knicodem,r,09/30/2026,09:17:28,eddie@node1k20.ecdf.ed.ac.uk,1,818
59072683,0.00437,acetylh09,knicodem,r,09/30/2026,09:17:33,eddie@node1k15.ecdf.ed.ac.uk,1,819
59093571,0.00437,EVMUTATION,blivesey,r,10/01/2026,13:16:17,eddie@node1f09.ecdf.ed.ac.uk,2,375
59093571,0.00437,EVMUTATION,blivesey,r,10/01/2026,13:16:14,eddie@node1m07.ecdf.ed.ac.uk,2,374
59093571,0.00437,EVMUTATION,blivesey,r,10/01/2026,13:14:47,eddie@node1j03.ecdf.ed.ac.uk,2,373
59076891,0.00437,Scotland_f,dmilodow,r,09/30/2026,16:08:42,eddie@node1d10.ecdf.ed.ac.uk,3,1036
59072683,0.00437,acetylh09,knicodem,r,09/30/2026,09:15:50,eddie@node1j12.ecdf.ed.ac.uk,1,815
59072683,0.00437,acetylh09,knicodem,r,09/30/2026,09:16:06,eddie@node1k11.ecdf.ed.ac.uk,1,816
59072683,0.00437,acetylh09,knicodem,r,09/30/2026,09:16:10,eddie@node1j12.ecdf.ed.ac.uk,1,817
59072679,0.00437,acetylh08,knicodem,r,09/30/2026,09:12:40,eddie@node1k19.ecdf.ed.ac.uk,1,799
59072679,0.00437,acetylh08,knicodem,r,09/30/2026,09:12:40,eddie@node1k19.ecdf.ed.ac.uk,1,800
59072683,0.00437,acetylh09,knicodem,r,09/30/2026,09:12:45,eddie@node1k19.ecdf.ed.ac.uk,1,805
59072683,0.00437,acetylh09,knicodem,r,09/30/2026,09:12:45,eddie@node1k19.ecdf.ed.ac.uk,1,806
59072683,0.00437,acetylh09,knicodem,r,09/30/2026,09:12:45,eddie@node1k19.ecdf.ed.ac.uk,1,807
59072683,0.00437,acetylh09,knicodem,r,09/30/2026,09:12:45,eddie@node1k19.ecdf.ed.ac.uk,1,808
59072683,0.00437,acetylh09,knicodem,r,09/30/2026,09:12:45,eddie@node1k19.ecdf.ed.ac.uk,1,809
59072683,0.00437,acetylh09,knicodem,r,09/30/2026,09:12:45,eddie@node1k19.ecdf.ed.ac.uk,1,810
59072683,0.00437,acetylh09,knicodem,r,09/30/2026,09:12:45,eddie@node1k19.ecdf.ed.ac.uk,1,811
59072683,0.00437,acetylh09,knicodem,r,09/30/2026,09:12:45,eddie@node1k19.ecdf.ed.ac.uk,1,812
59072683,0.00437,acetylh09,knicodem,r,09/30/2026,09:12:40,eddie@node1k19.ecdf.ed.ac.uk,1,801
59072683,0.00437,acetylh09,knicodem,r,09/30/2026,09:12:40,eddie@node1k19.ecdf.ed.ac.uk,1,802
59072683,0.00437,acetylh09,knicodem,r,09/30/2026,09:12:40,eddie@node1k19.ecdf.ed.ac.uk,1,803
59072683,0.00437,acetylh09,knicodem,r,09/30/2026,09:12:40,eddie@node1k19.ecdf.ed.ac.uk,1,804
59072683,0.00437,acetylh09,knicodem,r,09/30/2026,09:13:24,eddie@node1k11.ecdf.ed.ac.uk,1,813
59072683,0.00437,acetylh09,knicodem,r,09/30/2026,09:14:21,eddie@node1k15.ecdf.ed.ac.uk,1,814
59072679,0.00436,acetylh08,knicodem,r,09/30/2026,09:10:42,eddie@node1k11.ecdf.ed.ac.uk,1,798
59072679,0.00436,acetylh08,knicodem,r,09/30/2026,09:09:04,eddie@node1j12.ecdf.ed.ac.uk,1,797
59072679,0.00436,acetylh08,knicodem,r,09/30/2026,09:08:32,eddie@node1k20.ecdf.ed.ac.uk,1,796
59093571,0.00436,EVMUTATION,blivesey,r,10/01/2026,13:06:33,eddie@node1d06.ecdf.ed.ac.uk,2,372
59093571,0.00436,EVMUTATION,blivesey,r,10/01/2026,13:05:35,eddie@node1e02.ecdf.ed.ac.uk,2,371
59072679,0.00435,acetylh08,knicodem,r,09/30/2026,08:58:53,eddie@node1k10.ecdf.ed.ac.uk,1,760
59072679,0.00435,acetylh08,knicodem,r,09/30/2026,08:59:23,eddie@node1k10.ecdf.ed.ac.uk,1,761
59072679,0.00435,acetylh08,knicodem,r,09/30/2026,08:59:34,eddie@node1k17.ecdf.ed.ac.uk,1,762
59072679,0.00435,acetylh08,knicodem,r,09/30/2026,09:01:00,eddie@node1p10.ecdf.ed.ac.uk,1,763
59072679,0.00435,acetylh08,knicodem,r,09/30/2026,09:01:00,eddie@node1p10.ecdf.ed.ac.uk,1,764
59072679,0.00435,acetylh08,knicodem,r,09/30/2026,09:01:00,eddie@node1p10.ecdf.ed.ac.uk,1,765
59072679,0.00435,acetylh08,knicodem,r,09/30/2026,09:01:00,eddie@node1p10.ecdf.ed.ac.uk,1,766
59072679,0.00435,acetylh08,knicodem,r,09/30/2026,09:01:00,eddie@node1p10.ecdf.ed.ac.uk,1,767
59072679,0.00435,acetylh08,knicodem,r,09/30/2026,09:01:00,eddie@node1p10.ecdf.ed.ac.uk,1,768
59072679,0.00435,acetylh08,knicodem,r,09/30/2026,09:01:00,eddie@node1p10.ecdf.ed.ac.uk,1,769
59072679,0.00435,acetylh08,knicodem,r,09/30/2026,09:01:00,eddie@node1p10.ecdf.ed.ac.uk,1,770
59072679,0.00435,acetylh08,knicodem,r,09/30/2026,09:01:08,eddie@node1p10.ecdf.ed.ac.uk,1,771
59072679,0.00435,acetylh08,knicodem,r,09/30/2026,09:01:08,eddie@node1p10.ecdf.ed.ac.uk,1,772
59072679,0.00435,acetylh08,knicodem,r,09/30/2026,09:01:08,eddie@node1p10.ecdf.ed.ac.uk,1,773
59072679,0.00435,acetylh08,knicodem,r,09/30/2026,09:01:08,eddie@node1p10.ecdf.ed.ac.uk,1,774
59072679,0.00435,acetylh08,knicodem,r,09/30/2026,09:01:08,eddie@node1p10.ecdf.ed.ac.uk,1,775
59072679,0.00435,acetylh08,knicodem,r,09/30/2026,09:01:08,eddie@node1p10.ecdf.ed.ac.uk,1,776
59072679,0.00435,acetylh08,knicodem,r,09/30/2026,09:01:08,eddie@node1p10.ecdf.ed.ac.uk,1,777
59072679,0.00435,acetylh08,knicodem,r,09/30/2026,09:01:08,eddie@node1p10.ecdf.ed.ac.uk,1,778
59072679,0.00435,acetylh08,knicodem,r,09/30/2026,09:04:33,eddie@node1k11.ecdf.ed.ac.uk,1,779
59072679,0.00435,acetylh08,knicodem,r,09/30/2026,09:04:55,eddie@node1k15.ecdf.ed.ac.uk,1,780
59072679,0.00435,acetylh08,knicodem,r,09/30/2026,09:04:55,eddie@node1k15.ecdf.ed.ac.uk,1,781
59072679,0.00435,acetylh08,knicodem,r,09/30/2026,09:04:55,eddie@node1k15.ecdf.ed.ac.uk,1,782
59072679,0.00435,acetylh08,knicodem,r,09/30/2026,09:04:55,eddie@node1k15.ecdf.ed.ac.uk,1,783
59072679,0.00435,acetylh08,knicodem,r,09/30/2026,09:04:55,eddie@node1k15.ecdf.ed.ac.uk,1,784
59072679,0.00435,acetylh08,knicodem,r,09/30/2026,09:04:55,eddie@node1k15.ecdf.ed.ac.uk,1,785
59072679,0.00435,acetylh08,knicodem,r,09/30/2026,09:04:55,eddie@node1k15.ecdf.ed.ac.uk,1,786
59072679,0.00435,acetylh08,knicodem,r,09/30/2026,09:04:55,eddie@node1k15.ecdf.ed.ac.uk,1,787
59072679,0.00435,acetylh08,knicodem,r,09/30/2026,09:04:55,eddie@node1k15.ecdf.ed.ac.uk,1,788
59072679,0.00435,acetylh08,knicodem,r,09/30/2026,09:04:55,eddie@node1k15.ecdf.ed.ac.uk,1,789
59072679,0.00435,acetylh08,knicodem,r,09/30/2026,09:04:55,eddie@node1k15.ecdf.ed.ac.uk,1,790
59072679,0.00435,acetylh08,knicodem,r,09/30/2026,09:04:55,eddie@node1k15.ecdf.ed.ac.uk,1,791
59072679,0.00435,acetylh08,knicodem,r,09/30/2026,09:04:55,eddie@node1k15.ecdf.ed.ac.uk,1,792
59072679,0.00435,acetylh08,knicodem,r,09/30/2026,09:04:55,eddie@node1k15.ecdf.ed.ac.uk,1,793
59072679,0.00435,acetylh08,knicodem,r,09/30/2026,09:04:55,eddie@node1k15.ecdf.ed.ac.uk,1,794
59072679,0.00435,acetylh08,knicodem,r,09/30/2026,09:05:09,eddie@node1k17.ecdf.ed.ac.uk,1,795
59072679,0.00434,acetylh08,knicodem,r,09/30/2026,08:54:22,eddie@node1k10.ecdf.ed.ac.uk,1,758
59072679,0.00434,acetylh08,knicodem,r,09/30/2026,08:58:16,eddie@node1k10.ecdf.ed.ac.uk,1,759
59072679,0.00434,acetylh08,knicodem,r,09/30/2026,08:52:57,eddie@node1k11.ecdf.ed.ac.uk,1,756
59072679,0.00434,acetylh08,knicodem,r,09/30/2026,08:53:34,eddie@node1j12.ecdf.ed.ac.uk,1,757
59072679,0.00434,acetylh08,knicodem,r,09/30/2026,08:49:57,eddie@node1p09.ecdf.ed.ac.uk,1,755
59076891,0.00433,Scotland_f,dmilodow,r,09/30/2026,15:41:09,eddie@node1f16.ecdf.ed.ac.uk,3,1035
58992020,0.00433,Experiment,s2060501,r,09/24/2026,10:26:45,eddie@node1s09.ecdf.ed.ac.uk,10,71
59072679,0.00433,acetylh08,knicodem,r,09/30/2026,08:48:23,eddie@node1j12.ecdf.ed.ac.uk,1,754
59072679,0.00433,acetylh08,knicodem,r,09/30/2026,08:46:06,eddie@node1j12.ecdf.ed.ac.uk,1,753
59072679,0.00433,acetylh08,knicodem,r,09/30/2026,08:45:36,eddie@node1k10.ecdf.ed.ac.uk,1,751
59072679,0.00433,acetylh08,knicodem,r,09/30/2026,08:45:50,eddie@node1k11.ecdf.ed.ac.uk,1,752
59072679,0.00433,acetylh08,knicodem,r,09/30/2026,08:44:37,eddie@node1p09.ecdf.ed.ac.uk,1,749
59072679,0.00433,acetylh08,knicodem,r,09/30/2026,08:45:05,eddie@node1k20.ecdf.ed.ac.uk,1,750
59072679,0.00433,acetylh08,knicodem,r,09/30/2026,08:44:22,eddie@node1j12.ecdf.ed.ac.uk,1,748
59157572,0.00432,QLOGIN,rmcneil3,r,10/01/2026,08:58:36,igmm_long@node1h02.ecdf.ed.ac.,1
59072679,0.00432,acetylh08,knicodem,r,09/30/2026,08:42:27,eddie@node1k20.ecdf.ed.ac.uk,1,745
59072679,0.00432,acetylh08,knicodem,r,09/30/2026,08:42:46,eddie@node1j12.ecdf.ed.ac.uk,1,746
59072679,0.00432,acetylh08,knicodem,r,09/30/2026,08:42:46,eddie@node1k17.ecdf.ed.ac.uk,1,747
59093571,0.00431,EVMUTATION,blivesey,r,10/01/2026,12:33:03,eddie@node1l02.ecdf.ed.ac.uk,2,370
59072679,0.00430,acetylh08,knicodem,r,09/30/2026,08:29:07,eddie@node1k10.ecdf.ed.ac.uk,1,724
59072679,0.00430,acetylh08,knicodem,r,09/30/2026,08:29:15,eddie@node1k17.ecdf.ed.ac.uk,1,725
59072679,0.00430,acetylh08,knicodem,r,09/30/2026,08:30:19,eddie@node1k20.ecdf.ed.ac.uk,1,726
59072679,0.00430,acetylh08,knicodem,r,09/30/2026,08:33:03,eddie@node1k18.ecdf.ed.ac.uk,1,727
59072679,0.00430,acetylh08,knicodem,r,09/30/2026,08:33:03,eddie@node1k18.ecdf.ed.ac.uk,1,728
59072679,0.00430,acetylh08,knicodem,r,09/30/2026,08:33:03,eddie@node1k18.ecdf.ed.ac.uk,1,729
59072679,0.00430,acetylh08,knicodem,r,09/30/2026,08:33:03,eddie@node1k18.ecdf.ed.ac.uk,1,730
59072679,0.00430,acetylh08,knicodem,r,09/30/2026,08:33:03,eddie@node1k18.ecdf.ed.ac.uk,1,731
59072679,0.00430,acetylh08,knicodem,r,09/30/2026,08:33:03,eddie@node1k18.ecdf.ed.ac.uk,1,732
59072679,0.00430,acetylh08,knicodem,r,09/30/2026,08:33:03,eddie@node1k18.ecdf.ed.ac.uk,1,733
59072679,0.00430,acetylh08,knicodem,r,09/30/2026,08:33:03,eddie@node1k18.ecdf.ed.ac.uk,1,734
59072679,0.00430,acetylh08,knicodem,r,09/30/2026,08:33:03,eddie@node1k18.ecdf.ed.ac.uk,1,735
59072679,0.00430,acetylh08,knicodem,r,09/30/2026,08:33:03,eddie@node1k18.ecdf.ed.ac.uk,1,736
59072679,0.00430,acetylh08,knicodem,r,09/30/2026,08:33:03,eddie@node1k18.ecdf.ed.ac.uk,1,737
59072679,0.00430,acetylh08,knicodem,r,09/30/2026,08:33:03,eddie@node1k18.ecdf.ed.ac.uk,1,738
59072679,0.00430,acetylh08,knicodem,r,09/30/2026,08:38:41,eddie@node1k11.ecdf.ed.ac.uk,1,743
59072679,0.00430,acetylh08,knicodem,r,09/30/2026,08:39:01,eddie@node1k17.ecdf.ed.ac.uk,1,744
59072679,0.00430,acetylh08,knicodem,r,09/30/2026,08:33:44,eddie@node1j12.ecdf.ed.ac.uk,1,739
59072679,0.00430,acetylh08,knicodem,r,09/30/2026,08:34:45,eddie@node1k10.ecdf.ed.ac.uk,1,740
59072679,0.00430,acetylh08,knicodem,r,09/30/2026,08:36:30,eddie@node1j12.ecdf.ed.ac.uk,1,741
59072679,0.00430,acetylh08,knicodem,r,09/30/2026,08:37:38,eddie@node1j12.ecdf.ed.ac.uk,1,742
59072667,0.00430,acetylh0,knicodem,r,09/28/2026,07:52:49,eddie@node1n09.ecdf.ed.ac.uk,1,23
59093571,0.00430,EVMUTATION,blivesey,r,10/01/2026,12:27:44,eddie@node1l05.ecdf.ed.ac.uk,2,369
59072679,0.00430,acetylh08,knicodem,r,09/30/2026,08:24:39,eddie@node1p09.ecdf.ed.ac.uk,1,720
58992020,0.00430,Experiment,s2060501,r,09/24/2026,10:07:17,eddie@node1s10.ecdf.ed.ac.uk,10,70
59072679,0.00430,acetylh08,knicodem,r,09/30/2026,08:25:38,eddie@node1k17.ecdf.ed.ac.uk,1,721
59072679,0.00430,acetylh08,knicodem,r,09/30/2026,08:25:42,eddie@node1k11.ecdf.ed.ac.uk,1,722
59072679,0.00430,acetylh08,knicodem,r,09/30/2026,08:26:17,eddie@node1k11.ecdf.ed.ac.uk,1,723
59072679,0.00430,acetylh08,knicodem,r,09/30/2026,08:24:34,eddie@node1k11.ecdf.ed.ac.uk,1,719
59072679,0.00430,acetylh08,knicodem,r,09/30/2026,08:22:20,eddie@node1j12.ecdf.ed.ac.uk,1,717
59072679,0.00430,acetylh08,knicodem,r,09/30/2026,08:22:44,eddie@node1j12.ecdf.ed.ac.uk,1,718
59072679,0.00429,acetylh08,knicodem,r,09/30/2026,08:20:40,eddie@node1k17.ecdf.ed.ac.uk,1,714
59072679,0.00429,acetylh08,knicodem,r,09/30/2026,08:21:37,eddie@node1k10.ecdf.ed.ac.uk,1,715
59072679,0.00429,acetylh08,knicodem,r,09/30/2026,08:21:41,eddie@node1k20.ecdf.ed.ac.uk,1,716
59072679,0.00429,acetylh08,knicodem,r,09/30/2026,08:17:39,eddie@node1k11.ecdf.ed.ac.uk,1,712
59072679,0.00429,acetylh08,knicodem,r,09/30/2026,08:17:46,eddie@node1k11.ecdf.ed.ac.uk,1,713
59072679,0.00429,acetylh08,knicodem,r,09/30/2026,08:16:36,eddie@node1j12.ecdf.ed.ac.uk,1,711
59093571,0.00428,EVMUTATION,blivesey,r,10/01/2026,12:14:55,eddie@node1l07.ecdf.ed.ac.uk,2,368
59093571,0.00428,EVMUTATION,blivesey,r,10/01/2026,12:14:21,eddie@node1d01.ecdf.ed.ac.uk,2,367
59072679,0.00428,acetylh08,knicodem,r,09/30/2026,08:12:04,eddie@node1k11.ecdf.ed.ac.uk,1,709
59072679,0.00428,acetylh08,knicodem,r,09/30/2026,08:13:19,eddie@node1p09.ecdf.ed.ac.uk,1,710
59072679,0.00428,acetylh08,knicodem,r,09/30/2026,08:09:35,eddie@node1k10.ecdf.ed.ac.uk,1,705
59072679,0.00428,acetylh08,knicodem,r,09/30/2026,08:10:13,eddie@node1k17.ecdf.ed.ac.uk,1,706
59072679,0.00428,acetylh08,knicodem,r,09/30/2026,08:10:13,eddie@node1k17.ecdf.ed.ac.uk,1,707
59072679,0.00428,acetylh08,knicodem,r,09/30/2026,08:10:49,eddie@node1k17.ecdf.ed.ac.uk,1,708
59072679,0.00426,acetylh08,knicodem,r,09/30/2026,08:00:09,eddie@node1k17.ecdf.ed.ac.uk,1,701
59072679,0.00426,acetylh08,knicodem,r,09/30/2026,08:00:52,eddie@node1k17.ecdf.ed.ac.uk,1,702
59072677,0.00426,acetylh07,knicodem,r,09/30/2026,07:58:41,eddie@node1p09.ecdf.ed.ac.uk,1,700
59093571,0.00426,EVMUTATION,blivesey,r,10/01/2026,11:59:08,eddie@node1e03.ecdf.ed.ac.uk,2,365
59076891,0.00425,Scotland_f,dmilodow,r,09/30/2026,14:44:53,eddie@node1k08.ecdf.ed.ac.uk,3,1033
59076891,0.00425,Scotland_f,dmilodow,r,09/30/2026,14:48:47,eddie@node1d03.ecdf.ed.ac.uk,3,1034
59072679,0.00425,acetylh08,knicodem,r,09/30/2026,08:03:21,eddie@node1k20.ecdf.ed.ac.uk,1,703
59072679,0.00425,acetylh08,knicodem,r,09/30/2026,08:03:26,eddie@node1k11.ecdf.ed.ac.uk,1,704
59072677,0.00425,acetylh07,knicodem,r,09/30/2026,07:52:27,eddie@node1k10.ecdf.ed.ac.uk,1,699
59072677,0.00425,acetylh07,knicodem,r,09/30/2026,07:50:17,eddie@node1k10.ecdf.ed.ac.uk,1,698
59072677,0.00425,acetylh07,knicodem,r,09/30/2026,07:49:47,eddie@node1j12.ecdf.ed.ac.uk,1,697
59072677,0.00425,acetylh07,knicodem,r,09/30/2026,07:47:44,eddie@node1k17.ecdf.ed.ac.uk,1,696
59076891,0.00425,Scotland_f,dmilodow,r,09/30/2026,14:39:55,eddie@node1f04.ecdf.ed.ac.uk,3,1032
59131288,0.00424,step7_ext,s2116644,r,09/30/2026,14:58:54,eddie@node1j25.ecdf.ed.ac.uk,8,1
59076891,0.00424,Scotland_f,dmilodow,r,09/30/2026,14:38:33,eddie@node1l19.ecdf.ed.ac.uk,3,1031
59119374,0.00424,ce2,gl03pi18,r,10/01/2026,12:29:49,eddie@node1l15.ecdf.ed.ac.uk,8
59076891,0.00423,Scotland_f,dmilodow,r,09/30/2026,14:34:04,eddie@node1n13.ecdf.ed.ac.uk,3,1030
59072677,0.00423,acetylh07,knicodem,r,09/30/2026,07:37:54,eddie@node1k11.ecdf.ed.ac.uk,1,690
59072677,0.00423,acetylh07,knicodem,r,09/30/2026,07:38:19,eddie@node1k20.ecdf.ed.ac.uk,1,691
59072677,0.00423,acetylh07,knicodem,r,09/30/2026,07:39:10,eddie@node1k11.ecdf.ed.ac.uk,1,692
59072677,0.00423,acetylh07,knicodem,r,09/30/2026,07:39:51,eddie@node1k17.ecdf.ed.ac.uk,1,693
59072677,0.00423,acetylh07,knicodem,r,09/30/2026,07:40:07,eddie@node1k11.ecdf.ed.ac.uk,1,694
59072677,0.00423,acetylh07,knicodem,r,09/30/2026,07:43:58,eddie@node1k20.ecdf.ed.ac.uk,1,695
59076891,0.00423,Scotland_f,dmilodow,r,09/30/2026,14:33:29,eddie@node1f03.ecdf.ed.ac.uk,3,1029
59093571,0.00423,EVMUTATION,blivesey,r,10/01/2026,11:38:01,eddie@node1i13.ecdf.ed.ac.uk,2,364
59076891,0.00423,Scotland_f,dmilodow,r,09/30/2026,14:28:15,eddie@node1e05.ecdf.ed.ac.uk,3,1028
59072677,0.00422,acetylh07,knicodem,r,09/30/2026,07:37:50,eddie@node1k11.ecdf.ed.ac.uk,1,689
59072677,0.00422,acetylh07,knicodem,r,09/30/2026,07:29:19,eddie@node1j12.ecdf.ed.ac.uk,1,687
59072677,0.00422,acetylh07,knicodem,r,09/30/2026,07:29:50,eddie@node1k20.ecdf.ed.ac.uk,1,688
59072677,0.00421,acetylh07,knicodem,r,09/30/2026,07:24:55,eddie@node1k11.ecdf.ed.ac.uk,1,685
59072677,0.00421,acetylh07,knicodem,r,09/30/2026,07:25:35,eddie@node1k11.ecdf.ed.ac.uk,1,686
59072677,0.00421,acetylh07,knicodem,r,09/30/2026,07:22:13,eddie@node1k20.ecdf.ed.ac.uk,1,684
59072677,0.00421,acetylh07,knicodem,r,09/30/2026,07:19:58,eddie@node1j12.ecdf.ed.ac.uk,1,682
59072677,0.00421,acetylh07,knicodem,r,09/30/2026,07:20:41,eddie@node1k20.ecdf.ed.ac.uk,1,683
59076891,0.00420,Scotland_f,dmilodow,r,09/30/2026,14:12:36,eddie@node1d01.ecdf.ed.ac.uk,3,1027
59072677,0.00420,acetylh07,knicodem,r,09/30/2026,07:17:13,eddie@node1k17.ecdf.ed.ac.uk,1,679
59072677,0.00420,acetylh07,knicodem,r,09/30/2026,07:18:53,eddie@node1k11.ecdf.ed.ac.uk,1,680
59076891,0.00420,Scotland_f,dmilodow,r,09/30/2026,14:08:27,eddie@node1d01.ecdf.ed.ac.uk,3,1026
59072677,0.00419,acetylh07,knicodem,r,09/30/2026,07:09:27,eddie@node1k10.ecdf.ed.ac.uk,1,675
59072677,0.00419,acetylh07,knicodem,r,09/30/2026,07:09:36,eddie@node1k10.ecdf.ed.ac.uk,1,676
59072677,0.00419,acetylh07,knicodem,r,09/30/2026,07:10:13,eddie@node1k20.ecdf.ed.ac.uk,1,677
59072677,0.00419,acetylh07,knicodem,r,09/30/2026,07:08:01,eddie@node1p09.ecdf.ed.ac.uk,1,673
59072677,0.00419,acetylh07,knicodem,r,09/30/2026,07:08:27,eddie@node1k20.ecdf.ed.ac.uk,1,674
59072677,0.00419,acetylh07,knicodem,r,09/30/2026,07:14:04,eddie@node1k11.ecdf.ed.ac.uk,1,678
59072677,0.00419,acetylh07,knicodem,r,09/30/2026,07:19:40,eddie@node1k11.ecdf.ed.ac.uk,1,681
59076891,0.00419,Scotland_f,dmilodow,r,09/30/2026,14:03:20,eddie@node1e07.ecdf.ed.ac.uk,3,1025
59076891,0.00419,Scotland_f,dmilodow,r,09/30/2026,14:01:10,eddie@node1e10.ecdf.ed.ac.uk,3,1024
59160158,0.00418,QLOGIN,s2714757,r,10/01/2026,10:22:53,eddie@node1j24.ecdf.ed.ac.uk,1
59072677,0.00418,acetylh07,knicodem,r,09/30/2026,06:59:37,eddie@node1k20.ecdf.ed.ac.uk,1,667
59072677,0.00418,acetylh07,knicodem,r,09/30/2026,07:00:28,eddie@node1p09.ecdf.ed.ac.uk,1,668
59072677,0.00418,acetylh07,knicodem,r,09/30/2026,07:02:45,eddie@node1j12.ecdf.ed.ac.uk,1,669
59072677,0.00418,acetylh07,knicodem,r,09/30/2026,07:02:45,eddie@node1k10.ecdf.ed.ac.uk,1,670
59072677,0.00418,acetylh07,knicodem,r,09/30/2026,07:03:29,eddie@node1k20.ecdf.ed.ac.uk,1,671
59072677,0.00418,acetylh07,knicodem,r,09/30/2026,07:03:37,eddie@node1j12.ecdf.ed.ac.uk,1,672
59072677,0.00417,acetylh07,knicodem,r,09/30/2026,06:56:19,eddie@node1k11.ecdf.ed.ac.uk,1,666
59072677,0.00417,acetylh07,knicodem,r,09/30/2026,06:53:02,eddie@node1k10.ecdf.ed.ac.uk,1,665
59072677,0.00416,acetylh07,knicodem,r,09/30/2026,06:52:34,eddie@node1k20.ecdf.ed.ac.uk,1,664
59093571,0.00416,EVMUTATION,blivesey,r,10/01/2026,10:52:25,eddie@node1k06.ecdf.ed.ac.uk,2,362
59072677,0.00416,acetylh07,knicodem,r,09/30/2026,06:50:24,eddie@node1k20.ecdf.ed.ac.uk,1,663
59072677,0.00416,acetylh07,knicodem,r,09/30/2026,06:49:32,eddie@node1k11.ecdf.ed.ac.uk,1,662
59076891,0.00416,Scotland_f,dmilodow,r,09/30/2026,13:44:18,eddie@node1q05.ecdf.ed.ac.uk,3,1023
59072677,0.00416,acetylh07,knicodem,r,09/30/2026,06:48:12,eddie@node1k10.ecdf.ed.ac.uk,1,661
59072677,0.00416,acetylh07,knicodem,r,09/30/2026,06:47:19,eddie@node1k17.ecdf.ed.ac.uk,1,660
59072677,0.00416,acetylh07,knicodem,r,09/30/2026,06:46:05,eddie@node1p09.ecdf.ed.ac.uk,1,659
59093571,0.00415,EVMUTATION,blivesey,r,10/01/2026,10:42:30,eddie@node1n15.ecdf.ed.ac.uk,2,361
59093571,0.00415,EVMUTATION,blivesey,r,10/01/2026,10:37:34,eddie@node1e03.ecdf.ed.ac.uk,2,360
59076891,0.00414,Scotland_f,dmilodow,r,09/30/2026,13:34:12,eddie@node1e01.ecdf.ed.ac.uk,3,1022
59076891,0.00414,Scotland_f,dmilodow,r,09/30/2026,13:32:06,eddie@node1i24.ecdf.ed.ac.uk,3,1021
59093571,0.00414,EVMUTATION,blivesey,r,10/01/2026,10:35:53,eddie@node1f01.ecdf.ed.ac.uk,2,358
59072677,0.00414,acetylh07,knicodem,r,09/30/2026,06:33:31,eddie@node1k11.ecdf.ed.ac.uk,1,658
59076891,0.00414,Scotland_f,dmilodow,r,09/30/2026,13:30:16,eddie@node1e05.ecdf.ed.ac.uk,3,1020
59072667,0.00413,acetylh0,knicodem,r,09/28/2026,07:52:49,eddie@node1n09.ecdf.ed.ac.uk,1,24
59072677,0.00413,acetylh07,knicodem,r,09/30/2026,06:30:21,eddie@node1k20.ecdf.ed.ac.uk,1,657
59072677,0.00413,acetylh07,knicodem,r,09/30/2026,06:24:58,eddie@node1k10.ecdf.ed.ac.uk,1,656
59076891,0.00413,Scotland_f,dmilodow,r,09/30/2026,13:19:05,eddie@node1l08.ecdf.ed.ac.uk,3,1019
59072677,0.00412,acetylh07,knicodem,r,09/30/2026,06:20:14,eddie@node1p09.ecdf.ed.ac.uk,1,652
59072677,0.00412,acetylh07,knicodem,r,09/30/2026,06:20:30,eddie@node1p09.ecdf.ed.ac.uk,1,653
59072677,0.00412,acetylh07,knicodem,r,09/30/2026,06:20:30,eddie@node1k20.ecdf.ed.ac.uk,1,654
59072677,0.00412,acetylh07,knicodem,r,09/30/2026,06:21:19,eddie@node1k10.ecdf.ed.ac.uk,1,655
59076891,0.00412,Scotland_f,dmilodow,r,09/30/2026,13:14:17,eddie@node1d06.ecdf.ed.ac.uk,3,1018
59072677,0.00412,acetylh07,knicodem,r,09/30/2026,06:19:06,eddie@node1j12.ecdf.ed.ac.uk,1,651
59072677,0.00412,acetylh07,knicodem,r,09/30/2026,06:17:51,eddie@node1j12.ecdf.ed.ac.uk,1,650
59072677,0.00411,acetylh07,knicodem,r,09/30/2026,06:17:34,eddie@node1j12.ecdf.ed.ac.uk,1,649
59072677,0.00411,acetylh07,knicodem,r,09/30/2026,06:15:35,eddie@node1k17.ecdf.ed.ac.uk,1,648
59076891,0.00411,Scotland_f,dmilodow,r,09/30/2026,13:10:03,eddie@node1l06.ecdf.ed.ac.uk,3,1017
59072677,0.00410,acetylh07,knicodem,r,09/30/2026,06:06:19,eddie@node1k10.ecdf.ed.ac.uk,1,646
59072677,0.00410,acetylh07,knicodem,r,09/30/2026,06:07:08,eddie@node1k11.ecdf.ed.ac.uk,1,647
59093571,0.00410,EVMUTATION,blivesey,r,10/01/2026,10:03:02,eddie@node1q05.ecdf.ed.ac.uk,2,357
59072677,0.00410,acetylh07,knicodem,r,09/30/2026,06:04:53,eddie@node1k10.ecdf.ed.ac.uk,1,645
59076891,0.00409,Scotland_f,dmilodow,r,09/30/2026,12:54:29,eddie@node1e10.ecdf.ed.ac.uk,3,1014
59076891,0.00409,Scotland_f,dmilodow,r,09/30/2026,12:54:29,eddie@node1e01.ecdf.ed.ac.uk,3,1015
59076891,0.00409,Scotland_f,dmilodow,r,09/30/2026,12:55:09,eddie@node1m05.ecdf.ed.ac.uk,3,1016
59072677,0.00409,acetylh07,knicodem,r,09/30/2026,05:59:12,eddie@node1k10.ecdf.ed.ac.uk,1,643
59093571,0.00408,EVMUTATION,blivesey,r,10/01/2026,09:54:38,eddie@node1l02.ecdf.ed.ac.uk,2,356
59093571,0.00408,EVMUTATION,blivesey,r,10/01/2026,09:49:28,eddie@node1d01.ecdf.ed.ac.uk,2,355
59072677,0.00408,acetylh07,knicodem,r,09/30/2026,05:55:36,eddie@node1k17.ecdf.ed.ac.uk,1,642
59072677,0.00408,acetylh07,knicodem,r,09/30/2026,06:02:16,eddie@node1k17.ecdf.ed.ac.uk,1,644
59076891,0.00408,Scotland_f,dmilodow,r,09/30/2026,12:43:33,eddie@node1f03.ecdf.ed.ac.uk,3,1013
59093571,0.00407,EVMUTATION,blivesey,r,10/01/2026,09:45:41,eddie@node1j06.ecdf.ed.ac.uk,2,353
59093571,0.00407,EVMUTATION,blivesey,r,10/01/2026,09:44:29,eddie@node1f03.ecdf.ed.ac.uk,2,352
59072677,0.00407,acetylh07,knicodem,r,09/30/2026,05:45:13,eddie@node1k17.ecdf.ed.ac.uk,1,641
59093571,0.00407,EVMUTATION,blivesey,r,10/01/2026,09:41:13,eddie@node1e06.ecdf.ed.ac.uk,2,351
59076891,0.00406,Scotland_f,dmilodow,r,09/30/2026,12:35:53,eddie@node1h22.ecdf.ed.ac.uk,3,1011
59076891,0.00406,Scotland_f,dmilodow,r,09/30/2026,12:36:01,eddie@node1j21.ecdf.ed.ac.uk,3,1012
59076891,0.00405,Scotland_f,dmilodow,r,09/30/2026,12:27:05,eddie@node1d06.ecdf.ed.ac.uk,3,1008
59076891,0.00405,Scotland_f,dmilodow,r,09/30/2026,12:26:16,eddie@node1e01.ecdf.ed.ac.uk,3,1007
59072677,0.00405,acetylh07,knicodem,r,09/30/2026,05:30:19,eddie@node1k10.ecdf.ed.ac.uk,1,636
59072677,0.00405,acetylh07,knicodem,r,09/30/2026,05:31:08,eddie@node1j12.ecdf.ed.ac.uk,1,637
59072677,0.00405,acetylh07,knicodem,r,09/30/2026,05:31:26,eddie@node1k11.ecdf.ed.ac.uk,1,638
59072677,0.00405,acetylh07,knicodem,r,09/30/2026,05:39:32,eddie@node1k17.ecdf.ed.ac.uk,1,639
59072677,0.00405,acetylh07,knicodem,r,09/30/2026,05:42:44,eddie@node1p09.ecdf.ed.ac.uk,1,640
59142006,0.00405,nf-FASTA_C,spita,r,09/30/2026,21:27:59,eddie@node1e03.ecdf.ed.ac.uk,12
59076891,0.00405,Scotland_f,dmilodow,r,09/30/2026,12:24:52,eddie@node1d10.ecdf.ed.ac.uk,3,1004
59076891,0.00405,Scotland_f,dmilodow,r,09/30/2026,12:26:11,eddie@node1d02.ecdf.ed.ac.uk,3,1006
59076891,0.00404,Scotland_f,dmilodow,r,09/30/2026,12:31:55,eddie@node1d02.ecdf.ed.ac.uk,3,1009
59076891,0.00404,Scotland_f,dmilodow,r,09/30/2026,12:32:13,eddie@node1j11.ecdf.ed.ac.uk,3,1010
59076891,0.00404,Scotland_f,dmilodow,r,09/30/2026,12:20:41,eddie@node1l01.ecdf.ed.ac.uk,3,1002
59076891,0.00403,Scotland_f,dmilodow,r,09/30/2026,12:16:27,eddie@node1d10.ecdf.ed.ac.uk,3,1001
59072677,0.00403,acetylh07,knicodem,r,09/30/2026,05:20:00,eddie@node1k10.ecdf.ed.ac.uk,1,632
59072677,0.00403,acetylh07,knicodem,r,09/30/2026,05:20:19,eddie@node1p09.ecdf.ed.ac.uk,1,633
59072677,0.00403,acetylh07,knicodem,r,09/30/2026,05:22:16,eddie@node1p09.ecdf.ed.ac.uk,1,634
59072677,0.00403,acetylh07,knicodem,r,09/30/2026,05:23:43,eddie@node1j12.ecdf.ed.ac.uk,1,635
59072677,0.00403,acetylh07,knicodem,r,09/30/2026,05:17:47,eddie@node1j12.ecdf.ed.ac.uk,1,630
59072677,0.00403,acetylh07,knicodem,r,09/30/2026,05:18:06,eddie@node1k11.ecdf.ed.ac.uk,1,631
59072677,0.00403,acetylh07,knicodem,r,09/30/2026,05:17:02,eddie@node1k20.ecdf.ed.ac.uk,1,629
58992020,0.00403,Experiment,s2060501,r,09/24/2026,06:27:29,eddie@node1n10.ecdf.ed.ac.uk,10,59
58992020,0.00403,Experiment,s2060501,r,09/24/2026,06:29:59,eddie@node1n10.ecdf.ed.ac.uk,10,60
59076891,0.00402,Scotland_f,dmilodow,r,09/30/2026,12:10:04,eddie@node1e04.ecdf.ed.ac.uk,3,1000
59076891,0.00401,Scotland_f,dmilodow,r,09/30/2026,12:03:47,eddie@node1e04.ecdf.ed.ac.uk,3,999
59072677,0.00400,acetylh07,knicodem,r,09/30/2026,04:59:09,eddie@node1m08.ecdf.ed.ac.uk,1,617
59072677,0.00400,acetylh07,knicodem,r,09/30/2026,04:59:09,eddie@node1m08.ecdf.ed.ac.uk,1,618
59072677,0.00400,acetylh07,knicodem,r,09/30/2026,04:59:09,eddie@node1m08.ecdf.ed.ac.uk,1,619
59072677,0.00400,acetylh07,knicodem,r,09/30/2026,04:59:09,eddie@node1m08.ecdf.ed.ac.uk,1,620
59072677,0.00400,acetylh07,knicodem,r,09/30/2026,04:59:09,eddie@node1m08.ecdf.ed.ac.uk,1,621
59072677,0.00400,acetylh07,knicodem,r,09/30/2026,04:59:09,eddie@node1m08.ecdf.ed.ac.uk,1,622
59072677,0.00400,acetylh07,knicodem,r,09/30/2026,04:59:09,eddie@node1m08.ecdf.ed.ac.uk,1,623
59072677,0.00400,acetylh07,knicodem,r,09/30/2026,04:59:09,eddie@node1m08.ecdf.ed.ac.uk,1,624
59072677,0.00400,acetylh07,knicodem,r,09/30/2026,05:05:43,eddie@node1p09.ecdf.ed.ac.uk,1,626
59072677,0.00400,acetylh07,knicodem,r,09/30/2026,05:06:00,eddie@node1p09.ecdf.ed.ac.uk,1,627
59072677,0.00400,acetylh07,knicodem,r,09/30/2026,04:59:17,eddie@node1k10.ecdf.ed.ac.uk,1,625
58992020,0.00400,Experiment,s2060501,r,09/24/2026,06:10:29,eddie@node1k14.ecdf.ed.ac.uk,10,58
58992020,0.00400,Experiment,s2060501,r,09/24/2026,06:05:59,eddie@node1k19.ecdf.ed.ac.uk,10,57
59076891,0.00400,Scotland_f,dmilodow,r,09/30/2026,11:51:49,eddie@node1d02.ecdf.ed.ac.uk,3,998
59072677,0.00399,acetylh07,knicodem,r,09/30/2026,05:12:51,eddie@node1k10.ecdf.ed.ac.uk,1,628
59072677,0.00399,acetylh07,knicodem,r,09/30/2026,04:50:39,eddie@node1k20.ecdf.ed.ac.uk,1,616
59076891,0.00399,Scotland_f,dmilodow,r,09/30/2026,11:45:29,eddie@node1e04.ecdf.ed.ac.uk,3,996
59076891,0.00399,Scotland_f,dmilodow,r,09/30/2026,11:43:24,eddie@node1j05.ecdf.ed.ac.uk,3,995
59093571,0.00398,EVMUTATION,blivesey,r,10/01/2026,08:44:42,eddie@node1i25.ecdf.ed.ac.uk,2,350
59076891,0.00398,Scotland_f,dmilodow,r,09/30/2026,11:41:50,eddie@node1e04.ecdf.ed.ac.uk,3,994
59076891,0.00398,Scotland_f,dmilodow,r,09/30/2026,11:41:05,eddie@node1e08.ecdf.ed.ac.uk,3,992
59072677,0.00398,acetylh07,knicodem,r,09/30/2026,04:44:32,eddie@node1k10.ecdf.ed.ac.uk,1,615
59093571,0.00398,EVMUTATION,blivesey,r,10/01/2026,08:42:34,eddie@node1e03.ecdf.ed.ac.uk,2,349
59170835,0.00398,QLOGIN,vtrejor,r,10/01/2026,14:15:15,eddie@node1j24.ecdf.ed.ac.uk,4
59076891,0.00398,Scotland_f,dmilodow,r,09/30/2026,11:39:42,eddie@node1j05.ecdf.ed.ac.uk,3,991
59072667,0.00397,acetylh0,knicodem,r,09/28/2026,07:52:49,eddie@node1n09.ecdf.ed.ac.uk,1,25
59072677,0.00397,acetylh07,knicodem,r,09/30/2026,04:41:26,eddie@node1k17.ecdf.ed.ac.uk,1,612
59072677,0.00397,acetylh07,knicodem,r,09/30/2026,04:42:52,eddie@node1k11.ecdf.ed.ac.uk,1,613
59072677,0.00397,acetylh07,knicodem,r,09/30/2026,04:44:03,eddie@node1k17.ecdf.ed.ac.uk,1,614
59076891,0.00396,Scotland_f,dmilodow,r,09/30/2026,11:26:11,eddie@node1d04.ecdf.ed.ac.uk,3,988
59076891,0.00396,Scotland_f,dmilodow,r,09/30/2026,11:24:55,eddie@node1d02.ecdf.ed.ac.uk,3,985
59076891,0.00396,Scotland_f,dmilodow,r,09/30/2026,11:24:55,eddie@node1d04.ecdf.ed.ac.uk,3,986
59093571,0.00395,EVMUTATION,blivesey,r,10/01/2026,08:26:41,eddie@node1k09.ecdf.ed.ac.uk,2,347
59072677,0.00395,acetylh07,knicodem,r,09/30/2026,04:24:48,eddie@node1j12.ecdf.ed.ac.uk,1,608
59093571,0.00395,EVMUTATION,blivesey,r,10/01/2026,08:23:24,eddie@node1m06.ecdf.ed.ac.uk,2,346
59072677,0.00395,acetylh07,knicodem,r,09/30/2026,04:21:37,eddie@node1j12.ecdf.ed.ac.uk,1,606
59072677,0.00395,acetylh07,knicodem,r,09/30/2026,04:23:13,eddie@node1s10.ecdf.ed.ac.uk,1,607
59072677,0.00394,acetylh07,knicodem,r,09/30/2026,04:30:39,eddie@node1j12.ecdf.ed.ac.uk,1,609
59072677,0.00394,acetylh07,knicodem,r,09/30/2026,04:31:14,eddie@node1j12.ecdf.ed.ac.uk,1,610
59072677,0.00394,acetylh07,knicodem,r,09/30/2026,04:31:33,eddie@node1j12.ecdf.ed.ac.uk,1,611
59076891,0.00394,Scotland_f,dmilodow,r,09/30/2026,11:15:09,eddie@node1d10.ecdf.ed.ac.uk,3,984
59076891,0.00394,Scotland_f,dmilodow,r,09/30/2026,11:12:27,eddie@node1d01.ecdf.ed.ac.uk,3,983
59093571,0.00394,EVMUTATION,blivesey,r,10/01/2026,08:15:34,eddie@node1m06.ecdf.ed.ac.uk,2,345
59072677,0.00394,acetylh07,knicodem,r,09/30/2026,04:17:30,eddie@node1p09.ecdf.ed.ac.uk,1,604
59072677,0.00394,acetylh07,knicodem,r,09/30/2026,04:17:43,eddie@node1j12.ecdf.ed.ac.uk,1,605
59076891,0.00393,Scotland_f,dmilodow,r,09/30/2026,11:05:30,eddie@node1e07.ecdf.ed.ac.uk,3,981
59076891,0.00393,Scotland_f,dmilodow,r,09/30/2026,11:06:01,eddie@node1l02.ecdf.ed.ac.uk,3,982
59072677,0.00393,acetylh07,knicodem,r,09/30/2026,04:09:40,eddie@node1j12.ecdf.ed.ac.uk,1,603
59076891,0.00393,Scotland_f,dmilodow,r,09/30/2026,11:04:20,eddie@node1f05.ecdf.ed.ac.uk,3,980
59076891,0.00393,Scotland_f,dmilodow,r,09/30/2026,11:04:01,eddie@node1e08.ecdf.ed.ac.uk,3,979
59076891,0.00393,Scotland_f,dmilodow,r,09/30/2026,11:02:22,eddie@node1d03.ecdf.ed.ac.uk,3,978
59076891,0.00392,Scotland_f,dmilodow,r,09/30/2026,11:01:27,eddie@node1d03.ecdf.ed.ac.uk,3,977
59093571,0.00392,EVMUTATION,blivesey,r,10/01/2026,08:05:24,eddie@node1k15.ecdf.ed.ac.uk,2,344
59076891,0.00392,Scotland_f,dmilodow,r,09/30/2026,10:55:35,eddie@node1e04.ecdf.ed.ac.uk,3,976
59076891,0.00391,Scotland_f,dmilodow,r,09/30/2026,10:52:27,eddie@node1e05.ecdf.ed.ac.uk,3,975
59076891,0.00391,Scotland_f,dmilodow,r,09/30/2026,10:48:55,eddie@node1d09.ecdf.ed.ac.uk,3,974
59076891,0.00390,Scotland_f,dmilodow,r,09/30/2026,10:46:05,eddie@node1r17.ecdf.ed.ac.uk,3,973
59072677,0.00390,acetylh07,knicodem,r,09/30/2026,03:53:09,eddie@node1p09.ecdf.ed.ac.uk,1,602
59072677,0.00390,acetylh07,knicodem,r,09/30/2026,03:48:19,eddie@node1k10.ecdf.ed.ac.uk,1,601
59076891,0.00389,Scotland_f,dmilodow,r,09/30/2026,10:39:28,eddie@node1d06.ecdf.ed.ac.uk,3,972
59076891,0.00389,Scotland_f,dmilodow,r,09/30/2026,10:38:26,eddie@node1j11.ecdf.ed.ac.uk,3,971
59076891,0.00389,Scotland_f,dmilodow,r,09/30/2026,10:36:07,eddie@node1f05.ecdf.ed.ac.uk,3,970
59076891,0.00389,Scotland_f,dmilodow,r,09/30/2026,10:35:28,eddie@node1e07.ecdf.ed.ac.uk,3,969
59166354,0.00389,GenoGVCFs_,s2740533,r,10/01/2026,12:57:41,eddie@node1e10.ecdf.ed.ac.uk,2,1
58992020,0.00388,Experiment,s2060501,r,09/24/2026,23:27:18,eddie@node1n11.ecdf.ed.ac.uk,10,82
59076891,0.00388,Scotland_f,dmilodow,r,09/30/2026,10:31:06,eddie@node1f05.ecdf.ed.ac.uk,3,968
59076891,0.00387,Scotland_f,dmilodow,r,09/30/2026,10:25:46,eddie@node1f03.ecdf.ed.ac.uk,3,967
59076891,0.00387,Scotland_f,dmilodow,r,09/30/2026,10:16:59,eddie@node1f01.ecdf.ed.ac.uk,3,962
59076891,0.00386,Scotland_f,dmilodow,r,09/30/2026,10:13:45,eddie@node1l09.ecdf.ed.ac.uk,3,960
59076891,0.00386,Scotland_f,dmilodow,r,09/30/2026,10:13:31,eddie@node1e02.ecdf.ed.ac.uk,3,959
59072676,0.00386,acetylh06,knicodem,r,09/30/2026,03:22:52,eddie@node1j12.ecdf.ed.ac.uk,1,600
59076891,0.00385,Scotland_f,dmilodow,r,09/30/2026,10:06:00,eddie@node1d03.ecdf.ed.ac.uk,3,957
59076891,0.00385,Scotland_f,dmilodow,r,09/30/2026,10:04:09,eddie@node1j03.ecdf.ed.ac.uk,3,956
59072676,0.00384,acetylh06,knicodem,r,09/30/2026,03:15:30,eddie@node1k10.ecdf.ed.ac.uk,1,599
59076891,0.00384,Scotland_f,dmilodow,r,09/30/2026,09:59:27,eddie@node1j09.ecdf.ed.ac.uk,3,955
59170025,0.00383,QLOGIN,cmetheri,r,10/01/2026,13:53:20,eddie@node1j24.ecdf.ed.ac.uk,1
59076891,0.00383,Scotland_f,dmilodow,r,09/30/2026,09:49:24,eddie@node1h04.ecdf.ed.ac.uk,3,952
59072667,0.00382,acetylh0,knicodem,r,09/28/2026,07:52:49,eddie@node1n09.ecdf.ed.ac.uk,1,26
59072667,0.00382,acetylh0,knicodem,r,09/28/2026,07:52:49,eddie@node1n09.ecdf.ed.ac.uk,1,27
59072667,0.00382,acetylh0,knicodem,r,09/28/2026,07:52:49,eddie@node1n09.ecdf.ed.ac.uk,1,28
59072667,0.00382,acetylh0,knicodem,r,09/28/2026,07:52:49,eddie@node1n09.ecdf.ed.ac.uk,1,29
59072667,0.00382,acetylh0,knicodem,r,09/28/2026,07:52:49,eddie@node1n09.ecdf.ed.ac.uk,1,30
59072667,0.00382,acetylh0,knicodem,r,09/28/2026,07:52:49,eddie@node1n09.ecdf.ed.ac.uk,1,31
59072667,0.00382,acetylh0,knicodem,r,09/28/2026,07:52:49,eddie@node1n10.ecdf.ed.ac.uk,1,32
59072667,0.00382,acetylh0,knicodem,r,09/28/2026,07:52:49,eddie@node1n10.ecdf.ed.ac.uk,1,33
59072667,0.00382,acetylh0,knicodem,r,09/28/2026,07:52:49,eddie@node1n10.ecdf.ed.ac.uk,1,34
59072667,0.00382,acetylh0,knicodem,r,09/28/2026,07:52:49,eddie@node1n10.ecdf.ed.ac.uk,1,35
59072667,0.00382,acetylh0,knicodem,r,09/28/2026,07:52:49,eddie@node1n10.ecdf.ed.ac.uk,1,36
59072667,0.00382,acetylh0,knicodem,r,09/28/2026,07:52:49,eddie@node1m12.ecdf.ed.ac.uk,1,37
59072667,0.00382,acetylh0,knicodem,r,09/28/2026,07:52:49,eddie@node1n10.ecdf.ed.ac.uk,1,38
59072667,0.00382,acetylh0,knicodem,r,09/28/2026,07:52:49,eddie@node1k18.ecdf.ed.ac.uk,1,39
59072667,0.00382,acetylh0,knicodem,r,09/28/2026,07:52:49,eddie@node1m12.ecdf.ed.ac.uk,1,40
59072667,0.00382,acetylh0,knicodem,r,09/28/2026,07:52:49,eddie@node1n10.ecdf.ed.ac.uk,1,41
59072667,0.00382,acetylh0,knicodem,r,09/28/2026,07:52:49,eddie@node1k18.ecdf.ed.ac.uk,1,42
59072667,0.00382,acetylh0,knicodem,r,09/28/2026,07:52:49,eddie@node1m12.ecdf.ed.ac.uk,1,43
59072667,0.00382,acetylh0,knicodem,r,09/28/2026,07:52:49,eddie@node1k18.ecdf.ed.ac.uk,1,44
59072667,0.00382,acetylh0,knicodem,r,09/28/2026,07:52:49,eddie@node1m12.ecdf.ed.ac.uk,1,45
59072667,0.00382,acetylh0,knicodem,r,09/28/2026,07:52:49,eddie@node1m11.ecdf.ed.ac.uk,1,46
59072667,0.00382,acetylh0,knicodem,r,09/28/2026,07:52:49,eddie@node1k12.ecdf.ed.ac.uk,1,47
59072667,0.00382,acetylh0,knicodem,r,09/28/2026,07:52:49,eddie@node1k18.ecdf.ed.ac.uk,1,48
59072667,0.00382,acetylh0,knicodem,r,09/28/2026,07:52:49,eddie@node1m12.ecdf.ed.ac.uk,1,49
59072667,0.00382,acetylh0,knicodem,r,09/28/2026,07:52:49,eddie@node1m11.ecdf.ed.ac.uk,1,50
59072667,0.00382,acetylh0,knicodem,r,09/28/2026,07:52:49,eddie@node1k15.ecdf.ed.ac.uk,1,51
59072667,0.00382,acetylh0,knicodem,r,09/28/2026,07:52:49,eddie@node1k12.ecdf.ed.ac.uk,1,52
59072667,0.00382,acetylh0,knicodem,r,09/28/2026,07:52:49,eddie@node1k18.ecdf.ed.ac.uk,1,53
59072667,0.00382,acetylh0,knicodem,r,09/28/2026,07:52:49,eddie@node1m12.ecdf.ed.ac.uk,1,54
59072667,0.00382,acetylh0,knicodem,r,09/28/2026,07:52:49,eddie@node1m11.ecdf.ed.ac.uk,1,55
59072667,0.00382,acetylh0,knicodem,r,09/28/2026,07:52:49,eddie@node1k15.ecdf.ed.ac.uk,1,56
59072667,0.00382,acetylh0,knicodem,r,09/28/2026,07:52:49,eddie@node1k12.ecdf.ed.ac.uk,1,57
59072667,0.00382,acetylh0,knicodem,r,09/28/2026,07:52:49,eddie@node1k18.ecdf.ed.ac.uk,1,58
59072667,0.00382,acetylh0,knicodem,r,09/28/2026,07:52:49,eddie@node1m12.ecdf.ed.ac.uk,1,59
59072667,0.00382,acetylh0,knicodem,r,09/28/2026,07:52:49,eddie@node1m11.ecdf.ed.ac.uk,1,60
59072667,0.00382,acetylh0,knicodem,r,09/28/2026,07:52:49,eddie@node1k15.ecdf.ed.ac.uk,1,61
59072667,0.00382,acetylh0,knicodem,r,09/28/2026,07:52:49,eddie@node1k12.ecdf.ed.ac.uk,1,62
59072667,0.00382,acetylh0,knicodem,r,09/28/2026,07:52:49,eddie@node1m12.ecdf.ed.ac.uk,1,63
59072667,0.00382,acetylh0,knicodem,r,09/28/2026,07:52:49,eddie@node1m11.ecdf.ed.ac.uk,1,64
59072667,0.00382,acetylh0,knicodem,r,09/28/2026,07:52:49,eddie@node1k15.ecdf.ed.ac.uk,1,65
59072667,0.00382,acetylh0,knicodem,r,09/28/2026,07:52:49,eddie@node1k12.ecdf.ed.ac.uk,1,66
59072667,0.00382,acetylh0,knicodem,r,09/28/2026,07:52:49,eddie@node1n11.ecdf.ed.ac.uk,1,67
59072667,0.00382,acetylh0,knicodem,r,09/28/2026,07:52:49,eddie@node1m12.ecdf.ed.ac.uk,1,68
59072667,0.00382,acetylh0,knicodem,r,09/28/2026,07:52:49,eddie@node1m11.ecdf.ed.ac.uk,1,69
59072667,0.00382,acetylh0,knicodem,r,09/28/2026,07:52:49,eddie@node1k15.ecdf.ed.ac.uk,1,70
59072667,0.00382,acetylh0,knicodem,r,09/28/2026,07:52:49,eddie@node1k12.ecdf.ed.ac.uk,1,71
59072667,0.00382,acetylh0,knicodem,r,09/28/2026,07:52:49,eddie@node1n11.ecdf.ed.ac.uk,1,72
59072667,0.00382,acetylh0,knicodem,r,09/28/2026,07:52:49,eddie@node1m12.ecdf.ed.ac.uk,1,73
59072667,0.00382,acetylh0,knicodem,r,09/28/2026,07:52:49,eddie@node1m11.ecdf.ed.ac.uk,1,74
59072667,0.00382,acetylh0,knicodem,r,09/28/2026,07:52:49,eddie@node1k15.ecdf.ed.ac.uk,1,75
59072667,0.00382,acetylh0,knicodem,r,09/28/2026,07:52:49,eddie@node1k12.ecdf.ed.ac.uk,1,76
59072667,0.00382,acetylh0,knicodem,r,09/28/2026,07:52:49,eddie@node1n11.ecdf.ed.ac.uk,1,77
59072667,0.00382,acetylh0,knicodem,r,09/28/2026,07:52:49,eddie@node1m12.ecdf.ed.ac.uk,1,78
59072667,0.00382,acetylh0,knicodem,r,09/28/2026,07:52:49,eddie@node1m11.ecdf.ed.ac.uk,1,79
59072667,0.00382,acetylh0,knicodem,r,09/28/2026,07:52:49,eddie@node1k15.ecdf.ed.ac.uk,1,80
59072667,0.00382,acetylh0,knicodem,r,09/28/2026,07:52:49,eddie@node1k12.ecdf.ed.ac.uk,1,81
59072667,0.00382,acetylh0,knicodem,r,09/28/2026,07:52:49,eddie@node1n12.ecdf.ed.ac.uk,1,82
59072667,0.00382,acetylh0,knicodem,r,09/28/2026,07:52:49,eddie@node1n11.ecdf.ed.ac.uk,1,83
59072667,0.00382,acetylh0,knicodem,r,09/28/2026,07:52:49,eddie@node1m12.ecdf.ed.ac.uk,1,84
59072667,0.00382,acetylh0,knicodem,r,09/28/2026,07:52:49,eddie@node1k15.ecdf.ed.ac.uk,1,85
59072667,0.00382,acetylh0,knicodem,r,09/28/2026,07:52:49,eddie@node1k12.ecdf.ed.ac.uk,1,86
59072667,0.00382,acetylh0,knicodem,r,09/28/2026,07:52:49,eddie@node1m08.ecdf.ed.ac.uk,1,87
59072667,0.00382,acetylh0,knicodem,r,09/28/2026,07:52:49,eddie@node1n12.ecdf.ed.ac.uk,1,88
59072667,0.00382,acetylh0,knicodem,r,09/28/2026,07:52:49,eddie@node1k16.ecdf.ed.ac.uk,1,89
59072667,0.00382,acetylh0,knicodem,r,09/28/2026,07:52:49,eddie@node1k12.ecdf.ed.ac.uk,1,90
59072667,0.00382,acetylh0,knicodem,r,09/28/2026,07:52:49,eddie@node1m08.ecdf.ed.ac.uk,1,91
59072667,0.00382,acetylh0,knicodem,r,09/28/2026,07:52:49,eddie@node1n12.ecdf.ed.ac.uk,1,92
59072667,0.00382,acetylh0,knicodem,r,09/28/2026,07:52:49,eddie@node1k16.ecdf.ed.ac.uk,1,93
59072667,0.00382,acetylh0,knicodem,r,09/28/2026,07:52:49,eddie@node1k12.ecdf.ed.ac.uk,1,94
59072667,0.00382,acetylh0,knicodem,r,09/28/2026,07:52:49,eddie@node1m08.ecdf.ed.ac.uk,1,95
59072667,0.00382,acetylh0,knicodem,r,09/28/2026,07:52:49,eddie@node1n12.ecdf.ed.ac.uk,1,96
59072667,0.00382,acetylh0,knicodem,r,09/28/2026,07:52:49,eddie@node1k12.ecdf.ed.ac.uk,1,97
59072667,0.00382,acetylh0,knicodem,r,09/28/2026,07:52:49,eddie@node1m08.ecdf.ed.ac.uk,1,98
59072667,0.00382,acetylh0,knicodem,r,09/28/2026,07:52:49,eddie@node1n12.ecdf.ed.ac.uk,1,99
59072667,0.00382,acetylh0,knicodem,r,09/28/2026,07:52:49,eddie@node1k12.ecdf.ed.ac.uk,1,100
59093571,0.00382,EVMUTATION,blivesey,r,10/01/2026,07:38:15,eddie@node1l04.ecdf.ed.ac.uk,2,341
59093571,0.00382,EVMUTATION,blivesey,r,10/01/2026,07:42:14,eddie@node1m04.ecdf.ed.ac.uk,2,342
59093571,0.00382,EVMUTATION,blivesey,r,10/01/2026,07:23:11,eddie@node1n16.ecdf.ed.ac.uk,2,337
59072676,0.00382,acetylh06,knicodem,r,09/30/2026,02:54:51,eddie@node1m22.ecdf.ed.ac.uk,1,593
59072676,0.00382,acetylh06,knicodem,r,09/30/2026,02:54:51,eddie@node1m22.ecdf.ed.ac.uk,1,594
59072676,0.00382,acetylh06,knicodem,r,09/30/2026,02:54:51,eddie@node1m22.ecdf.ed.ac.uk,1,595
59072676,0.00382,acetylh06,knicodem,r,09/30/2026,02:54:51,eddie@node1m22.ecdf.ed.ac.uk,1,596
59072676,0.00382,acetylh06,knicodem,r,09/30/2026,02:55:00,eddie@node1m22.ecdf.ed.ac.uk,1,597
59072676,0.00382,acetylh06,knicodem,r,09/30/2026,02:55:00,eddie@node1m22.ecdf.ed.ac.uk,1,598
59093571,0.00382,EVMUTATION,blivesey,r,10/01/2026,07:33:05,eddie@node1k03.ecdf.ed.ac.uk,2,339
59170707,0.00380,QLOGIN,ksherwo2,r,10/01/2026,14:11:41,igmm_long@node1h02.ecdf.ed.ac.,1
59170223,0.00380,QLOGIN,jpowell2,r,10/01/2026,13:59:07,eddie@node1j24.ecdf.ed.ac.uk,1
59076891,0.00380,Scotland_f,dmilodow,r,09/30/2026,09:25:48,eddie@node1e06.ecdf.ed.ac.uk,3,948
58992020,0.00379,Experiment,s2060501,r,09/24/2026,04:48:29,eddie@node1p09.ecdf.ed.ac.uk,10,56
59076891,0.00378,Scotland_f,dmilodow,r,09/30/2026,09:15:31,eddie@node1f05.ecdf.ed.ac.uk,3,946
59174487,0.00378,bcl-smoke,krawlik3,r,10/01/2026,15:48:29,gpu@node1g02.ecdf.ed.ac.uk,4
59076891,0.00378,Scotland_f,dmilodow,r,09/30/2026,09:12:49,eddie@node1d03.ecdf.ed.ac.uk,3,944
59076891,0.00378,Scotland_f,dmilodow,r,09/30/2026,09:14:17,eddie@node1d10.ecdf.ed.ac.uk,3,945
59076891,0.00378,Scotland_f,dmilodow,r,09/30/2026,09:11:28,eddie@node1e04.ecdf.ed.ac.uk,3,943
59171236,0.00377,QLOGIN,stuart,r,10/01/2026,14:26:14,staging@node1f17.ecdf.ed.ac.uk,1
59076891,0.00377,Scotland_f,dmilodow,r,09/30/2026,09:10:22,eddie@node1e10.ecdf.ed.ac.uk,3,942
59072676,0.00377,acetylh06,knicodem,r,09/30/2026,02:19:33,eddie@node1m11.ecdf.ed.ac.uk,1,589
59072676,0.00377,acetylh06,knicodem,r,09/30/2026,02:19:33,eddie@node1m11.ecdf.ed.ac.uk,1,590
59072676,0.00377,acetylh06,knicodem,r,09/30/2026,02:19:33,eddie@node1m11.ecdf.ed.ac.uk,1,591
59072676,0.00377,acetylh06,knicodem,r,09/30/2026,02:19:33,eddie@node1m11.ecdf.ed.ac.uk,1,592
59093571,0.00377,EVMUTATION,blivesey,r,10/01/2026,06:24:45,eddie@node1d03.ecdf.ed.ac.uk,2,333
59170330,0.00376,dv_pred,s2306173,r,10/01/2026,15:31:59,eddie@node1e10.ecdf.ed.ac.uk,9,1991
59143427,0.00376,clos_S1,mcowley,r,10/01/2026,15:31:59,eddie@node1d02.ecdf.ed.ac.uk,16
59076891,0.00376,Scotland_f,dmilodow,r,09/30/2026,09:02:14,eddie@node1e02.ecdf.ed.ac.uk,3,939
59076891,0.00376,Scotland_f,dmilodow,r,09/30/2026,09:03:03,eddie@node1e07.ecdf.ed.ac.uk,3,940
59076891,0.00376,Scotland_f,dmilodow,r,09/30/2026,09:00:06,eddie@node1e05.ecdf.ed.ac.uk,3,938
59076891,0.00375,Scotland_f,dmilodow,r,09/30/2026,08:56:24,eddie@node1e07.ecdf.ed.ac.uk,3,937
59076891,0.00375,Scotland_f,dmilodow,r,09/30/2026,08:53:53,eddie@node1f03.ecdf.ed.ac.uk,3,936
59072676,0.00375,acetylh06,knicodem,r,09/30/2026,02:07:06,eddie@node1k17.ecdf.ed.ac.uk,1,588
59165754,0.00374,QLOGIN,s2520601,r,10/01/2026,12:47:36,eddie@node1j24.ecdf.ed.ac.uk,1
59111456,0.00374,N16k_K256_,lchen8,r,10/01/2026,15:48:56,eddie@node1e08.ecdf.ed.ac.uk,1
59109930,0.00374,N16k_K16_e,lchen8,r,10/01/2026,15:46:10,eddie@node1m14.ecdf.ed.ac.uk,1
59109743,0.00374,N16k_K8_e0,lchen8,r,10/01/2026,15:45:23,eddie@node1m03.ecdf.ed.ac.uk,1
59113622,0.00374,N16k_K3276,lchen8,r,10/01/2026,15:49:39,eddie@node1s20.ecdf.ed.ac.uk,1
59110975,0.00374,N16k_K64_e,lchen8,r,10/01/2026,15:45:14,eddie@node1m01.ecdf.ed.ac.uk,1
59109731,0.00374,N16k_K8_e0,lchen8,r,10/01/2026,15:42:09,eddie@node1r15.ecdf.ed.ac.uk,1
59111540,0.00373,N16k_K256_,lchen8,r,10/01/2026,15:44:47,eddie@node1i25.ecdf.ed.ac.uk,1
59093571,0.00373,EVMUTATION,blivesey,r,10/01/2026,06:00:17,eddie@node1d10.ecdf.ed.ac.uk,2,332
59112482,0.00373,N16k_K1024,lchen8,r,10/01/2026,15:44:54,eddie@node1s13.ecdf.ed.ac.uk,1
59112269,0.00373,N16k_K512_,lchen8,r,10/01/2026,15:43:15,eddie@node1j11.ecdf.ed.ac.uk,1
59109718,0.00373,N16k_K8_e0,lchen8,r,10/01/2026,15:38:16,eddie@node1h06.ecdf.ed.ac.uk,1
59076891,0.00373,Scotland_f,dmilodow,r,09/30/2026,08:41:56,eddie@node1e10.ecdf.ed.ac.uk,3,934
59076891,0.00373,Scotland_f,dmilodow,r,09/30/2026,08:42:31,eddie@node1d06.ecdf.ed.ac.uk,3,935
58992020,0.00373,Experiment,s2060501,r,09/24/2026,03:17:44,eddie@node1p09.ecdf.ed.ac.uk,10,52
59113564,0.00373,N16k_K3276,lchen8,r,10/01/2026,15:41:52,eddie@node1m24.ecdf.ed.ac.uk,1
59112170,0.00373,N16k_K448_,lchen8,r,10/01/2026,15:39:13,eddie@node1h04.ecdf.ed.ac.uk,1
58992020,0.00373,Experiment,s2060501,r,09/24/2026,04:02:59,eddie@node1k16.ecdf.ed.ac.uk,10,54
59109644,0.00373,N16k_K2_e0,lchen8,r,10/01/2026,15:35:49,eddie@node1r19.ecdf.ed.ac.uk,1
59110766,0.00373,N16k_K32_e,lchen8,r,10/01/2026,15:37:01,eddie@node1h04.ecdf.ed.ac.uk,1
58992020,0.00373,Experiment,s2060501,r,09/24/2026,03:33:29,eddie@node1p08.ecdf.ed.ac.uk,10,53
59113201,0.00373,N16k_K8192,lchen8,r,10/01/2026,15:39:10,eddie@node1r18.ecdf.ed.ac.uk,1
58992020,0.00373,Experiment,s2060501,r,09/24/2026,04:34:59,eddie@node1k14.ecdf.ed.ac.uk,10,55
59113266,0.00372,N16k_K8192,lchen8,r,10/01/2026,15:37:19,eddie@node1l24.ecdf.ed.ac.uk,1
59111778,0.00372,N16k_K320_,lchen8,r,10/01/2026,15:33:43,eddie@node1n15.ecdf.ed.ac.uk,1
59109600,0.00372,N16k_K2_e0,lchen8,r,10/01/2026,15:30:01,eddie@node1s14.ecdf.ed.ac.uk,1
59112185,0.00372,N16k_K448_,lchen8,r,10/01/2026,15:32:48,eddie@node1m02.ecdf.ed.ac.uk,1
59170881,0.00372,QLOGIN,s2344995,r,10/01/2026,14:16:44,eddie@node1j24.ecdf.ed.ac.uk,1
59125150,0.00372,ce1,gl03pi9,r,10/01/2026,12:43:58,eddie@node1l18.ecdf.ed.ac.uk,8
59125130,0.00371,ce1,gl03pi9,r,10/01/2026,12:30:07,eddie@node1l16.ecdf.ed.ac.uk,8
59076891,0.00371,Scotland_f,dmilodow,r,09/30/2026,08:29:03,eddie@node1d10.ecdf.ed.ac.uk,3,931
59076891,0.00371,Scotland_f,dmilodow,r,09/30/2026,08:30:32,eddie@node1e06.ecdf.ed.ac.uk,3,932
59076891,0.00371,Scotland_f,dmilodow,r,09/30/2026,08:30:46,eddie@node1d01.ecdf.ed.ac.uk,3,933
59076891,0.00371,Scotland_f,dmilodow,r,09/30/2026,08:25:52,eddie@node1d10.ecdf.ed.ac.uk,3,930
59111390,0.00371,N16k_K256_,lchen8,r,10/01/2026,15:25:33,eddie@node1s20.ecdf.ed.ac.uk,1
59111620,0.00370,N16k_K320_,lchen8,r,10/01/2026,15:25:08,eddie@node1j18.ecdf.ed.ac.uk,1
59113231,0.00370,N16k_K8192,lchen8,r,10/01/2026,15:24:56,eddie@node1l28.ecdf.ed.ac.uk,1
59112959,0.00370,N16k_K4096,lchen8,r,10/01/2026,15:24:17,eddie@node1o08.ecdf.ed.ac.uk,1
59076891,0.00370,Scotland_f,dmilodow,r,09/30/2026,08:18:06,eddie@node1d01.ecdf.ed.ac.uk,3,929
59112753,0.00370,N16k_K2048,lchen8,r,10/01/2026,15:22:22,eddie@node1h05.ecdf.ed.ac.uk,1
59112952,0.00370,N16k_K4096,lchen8,r,10/01/2026,15:20:26,eddie@node1r14.ecdf.ed.ac.uk,1
59109595,0.00369,N16k_K2_e0,lchen8,r,10/01/2026,15:14:33,eddie@node1f08.ecdf.ed.ac.uk,1
59109924,0.00369,N16k_K16_e,lchen8,r,10/01/2026,15:14:39,eddie@node1o09.ecdf.ed.ac.uk,1
59076891,0.00369,Scotland_f,dmilodow,r,09/30/2026,08:12:14,eddie@node1e01.ecdf.ed.ac.uk,3,925
59076891,0.00369,Scotland_f,dmilodow,r,09/30/2026,08:12:44,eddie@node1e09.ecdf.ed.ac.uk,3,926
59076891,0.00369,Scotland_f,dmilodow,r,09/30/2026,08:13:01,eddie@node1e09.ecdf.ed.ac.uk,3,927
59072676,0.00369,acetylh06,knicodem,r,09/30/2026,01:33:31,eddie@node1k20.ecdf.ed.ac.uk,1,587
59113216,0.00369,N16k_K8192,lchen8,r,10/01/2026,15:16:14,eddie@node1l27.ecdf.ed.ac.uk,1
59110177,0.00369,N16k_K20_e,lchen8,r,10/01/2026,15:12:25,eddie@node1h03.ecdf.ed.ac.uk,1
59093571,0.00369,EVMUTATION,blivesey,r,10/01/2026,05:27:52,eddie@node1e08.ecdf.ed.ac.uk,2,331
59112525,0.00369,N16k_K1024,lchen8,r,10/01/2026,15:13:37,eddie@node1h06.ecdf.ed.ac.uk,1
59076891,0.00368,Scotland_f,dmilodow,r,09/30/2026,08:14:49,eddie@node1d04.ecdf.ed.ac.uk,3,928
59112738,0.00368,N16k_K2048,lchen8,r,10/01/2026,15:13:03,eddie@node1h22.ecdf.ed.ac.uk,1
58992020,0.00368,Experiment,s2060501,r,09/24/2026,02:34:14,eddie@node1m09.ecdf.ed.ac.uk,10,51
59076891,0.00368,Scotland_f,dmilodow,r,09/30/2026,08:09:52,eddie@node1d04.ecdf.ed.ac.uk,3,924
59113180,0.00368,N16k_K8192,lchen8,r,10/01/2026,15:12:33,eddie@node1j25.ecdf.ed.ac.uk,1
59112041,0.00368,N16k_K448_,lchen8,r,10/01/2026,15:08:54,eddie@node1h11.ecdf.ed.ac.uk,1
59076891,0.00368,Scotland_f,dmilodow,r,09/30/2026,08:04:16,eddie@node1n16.ecdf.ed.ac.uk,3,920
59112966,0.00368,N16k_K4096,lchen8,r,10/01/2026,15:08:50,eddie@node1h22.ecdf.ed.ac.uk,1
59113173,0.00368,N16k_K8192,lchen8,r,10/01/2026,15:07:49,eddie@node1j25.ecdf.ed.ac.uk,1
59110680,0.00367,N16k_K32_e,lchen8,r,10/01/2026,15:02:22,eddie@node1h16.ecdf.ed.ac.uk,1
59110746,0.00367,N16k_K32_e,lchen8,r,10/01/2026,15:01:54,eddie@node1r19.ecdf.ed.ac.uk,1
59109639,0.00367,N16k_K2_e0,lchen8,r,10/01/2026,14:59:54,eddie@node1l24.ecdf.ed.ac.uk,1
59076891,0.00367,Scotland_f,dmilodow,r,09/30/2026,08:01:19,eddie@node1l23.ecdf.ed.ac.uk,3,919
59111236,0.00367,N16k_K128_,lchen8,r,10/01/2026,15:00:39,eddie@node1o13.ecdf.ed.ac.uk,1
59076891,0.00367,Scotland_f,dmilodow,r,09/30/2026,07:57:32,eddie@node1d04.ecdf.ed.ac.uk,3,917
59113407,0.00366,N16k_K1638,lchen8,r,10/01/2026,14:59:29,eddie@node1j25.ecdf.ed.ac.uk,1
59171355,0.00366,QLOGIN,s1855549,r,10/01/2026,14:29:31,igmm_long@node1h02.ecdf.ed.ac.,1
59113422,0.00366,N16k_K1638,lchen8,r,10/01/2026,14:58:28,eddie@node1n08.ecdf.ed.ac.uk,1
59109887,0.00366,N16k_K16_e,lchen8,r,10/01/2026,14:53:12,eddie@node1s15.ecdf.ed.ac.uk,1
59113137,0.00366,N16k_K8192,lchen8,r,10/01/2026,14:56:54,eddie@node1f11.ecdf.ed.ac.uk,1
59112489,0.00366,N16k_K1024,lchen8,r,10/01/2026,14:52:21,eddie@node1s19.ecdf.ed.ac.uk,1
59112014,0.00365,N16k_K384_,lchen8,r,10/01/2026,14:51:04,eddie@node1m02.ecdf.ed.ac.uk,1
59113165,0.00365,N16k_K8192,lchen8,r,10/01/2026,14:50:48,eddie@node1j04.ecdf.ed.ac.uk,1
59109785,0.00365,N16k_K8_e0,lchen8,r,10/01/2026,14:46:21,eddie@node1r09.ecdf.ed.ac.uk,1
59112604,0.00365,N16k_K1024,lchen8,r,10/01/2026,14:49:42,eddie@node1l06.ecdf.ed.ac.uk,1
59109570,0.00365,N16k_K2_e0,lchen8,r,10/01/2026,14:45:08,eddie@node1j28.ecdf.ed.ac.uk,1
59110855,0.00364,N16k_K48_e,lchen8,r,10/01/2026,14:38:35,eddie@node1j03.ecdf.ed.ac.uk,1
59113415,0.00364,N16k_K1638,lchen8,r,10/01/2026,14:39:50,eddie@node1m04.ecdf.ed.ac.uk,1
59132913,0.00363,A_CnR_Map_,echatzan,r,10/01/2026,13:54:36,eddie@node1k14.ecdf.ed.ac.uk,10,104
59125171,0.00363,ce1,gl03pi9,r,10/01/2026,12:45:58,eddie@node1l11.ecdf.ed.ac.uk,8
59112718,0.00363,N16k_K2048,lchen8,r,10/01/2026,14:38:31,eddie@node1e10.ecdf.ed.ac.uk,1
59110778,0.00363,N16k_K48_e,lchen8,r,10/01/2026,14:33:31,eddie@node1n03.ecdf.ed.ac.uk,1
59112084,0.00363,N16k_K448_,lchen8,r,10/01/2026,14:35:01,eddie@node1m14.ecdf.ed.ac.uk,1
59110468,0.00363,N16k_K28_e,lchen8,r,10/01/2026,14:31:55,eddie@node1m03.ecdf.ed.ac.uk,1
59076891,0.00362,Scotland_f,dmilodow,r,09/30/2026,07:24:17,eddie@node1d02.ecdf.ed.ac.uk,3,912
59076891,0.00362,Scotland_f,dmilodow,r,09/30/2026,07:24:36,eddie@node1f01.ecdf.ed.ac.uk,3,913
59112356,0.00362,N16k_K512_,lchen8,r,10/01/2026,14:29:34,eddie@node1j09.ecdf.ed.ac.uk,1
59109737,0.00362,N16k_K8_e0,lchen8,r,10/01/2026,14:26:17,eddie@node1h08.ecdf.ed.ac.uk,1
59110372,0.00362,N16k_K24_e,lchen8,r,10/01/2026,14:27:11,eddie@node1o12.ecdf.ed.ac.uk,1
59112255,0.00362,N16k_K512_,lchen8,r,10/01/2026,14:28:44,eddie@node1s19.ecdf.ed.ac.uk,1
59076891,0.00362,Scotland_f,dmilodow,r,09/30/2026,07:23:03,eddie@node1e02.ecdf.ed.ac.uk,3,910
59112546,0.00362,N16k_K1024,lchen8,r,10/01/2026,14:28:48,eddie@node1k04.ecdf.ed.ac.uk,1
59110252,0.00362,N16k_K24_e,lchen8,r,10/01/2026,14:25:14,eddie@node1h04.ecdf.ed.ac.uk,1
59112262,0.00362,N16k_K512_,lchen8,r,10/01/2026,14:26:23,eddie@node1h14.ecdf.ed.ac.uk,1
59072676,0.00362,acetylh06,knicodem,r,09/30/2026,00:43:05,eddie@node1m10.ecdf.ed.ac.uk,1,579
59072676,0.00362,acetylh06,knicodem,r,09/30/2026,00:43:05,eddie@node1m10.ecdf.ed.ac.uk,1,580
59072676,0.00362,acetylh06,knicodem,r,09/30/2026,00:43:05,eddie@node1m10.ecdf.ed.ac.uk,1,581
59072676,0.00362,acetylh06,knicodem,r,09/30/2026,00:43:05,eddie@node1m10.ecdf.ed.ac.uk,1,582
59072676,0.00362,acetylh06,knicodem,r,09/30/2026,00:43:05,eddie@node1m10.ecdf.ed.ac.uk,1,583
59072676,0.00362,acetylh06,knicodem,r,09/30/2026,00:43:05,eddie@node1m10.ecdf.ed.ac.uk,1,584
59072676,0.00362,acetylh06,knicodem,r,09/30/2026,00:43:05,eddie@node1m10.ecdf.ed.ac.uk,1,585
59072676,0.00362,acetylh06,knicodem,r,09/30/2026,00:43:05,eddie@node1m10.ecdf.ed.ac.uk,1,586
59111371,0.00361,N16k_K128_,lchen8,r,10/01/2026,14:25:29,eddie@node1l07.ecdf.ed.ac.uk,1
59110246,0.00361,N16k_K24_e,lchen8,r,10/01/2026,14:23:49,eddie@node1r06.ecdf.ed.ac.uk,1
59171901,0.00361,userGWAS_n,s1713158,r,10/01/2026,15:31:59,eddie@node1e04.ecdf.ed.ac.uk,8,3
59110532,0.00361,N16k_K28_e,lchen8,r,10/01/2026,14:20:51,eddie@node1h22.ecdf.ed.ac.uk,1
59076891,0.00361,Scotland_f,dmilodow,r,09/30/2026,07:17:20,eddie@node1d06.ecdf.ed.ac.uk,3,909
59110311,0.00361,N16k_K24_e,lchen8,r,10/01/2026,14:18:55,eddie@node1f11.ecdf.ed.ac.uk,1
59111009,0.00360,N16k_K64_e,lchen8,r,10/01/2026,14:17:08,eddie@node1h06.ecdf.ed.ac.uk,1
59112511,0.00360,N16k_K1024,lchen8,r,10/01/2026,14:18:56,eddie@node1s19.ecdf.ed.ac.uk,1
59111849,0.00360,N16k_K384_,lchen8,r,10/01/2026,14:17:26,eddie@node1o08.ecdf.ed.ac.uk,1
59111258,0.00360,N16k_K128_,lchen8,r,10/01/2026,14:15:27,eddie@node1i25.ecdf.ed.ac.uk,1
59110831,0.00360,N16k_K48_e,lchen8,r,10/01/2026,14:12:50,eddie@node1i13.ecdf.ed.ac.uk,1
59076891,0.00360,Scotland_f,dmilodow,r,09/30/2026,07:11:54,eddie@node1d09.ecdf.ed.ac.uk,3,908
59112781,0.00359,N16k_K2048,lchen8,r,10/01/2026,14:12:55,eddie@node1m02.ecdf.ed.ac.uk,1
59112995,0.00359,N16k_K4096,lchen8,r,10/01/2026,14:12:39,eddie@node1m15.ecdf.ed.ac.uk,1
59110772,0.00359,N16k_K32_e,lchen8,r,10/01/2026,14:07:52,eddie@node1m06.ecdf.ed.ac.uk,1
59111834,0.00359,N16k_K384_,lchen8,r,10/01/2026,14:08:16,eddie@node1f16.ecdf.ed.ac.uk,1
59110227,0.00359,N16k_K24_e,lchen8,r,10/01/2026,14:05:05,eddie@node1h04.ecdf.ed.ac.uk,1
59110693,0.00359,N16k_K32_e,lchen8,r,10/01/2026,14:04:35,eddie@node1k02.ecdf.ed.ac.uk,1
59113679,0.00359,N16k_K3276,lchen8,r,10/01/2026,14:07:59,eddie@node1r08.ecdf.ed.ac.uk,1
59112007,0.00358,N16k_K384_,lchen8,r,10/01/2026,14:04:51,eddie@node1h23.ecdf.ed.ac.uk,1
59136855,0.00358,trident_un,s2595589,r,09/30/2026,16:59:11,gpu@node1o15.ecdf.ed.ac.uk,4
59109791,0.00358,N16k_K8_e0,lchen8,r,10/01/2026,14:01:59,eddie@node1s20.ecdf.ed.ac.uk,1
59076891,0.00358,Scotland_f,dmilodow,r,09/30/2026,07:02:05,eddie@node1f05.ecdf.ed.ac.uk,3,906
59112091,0.00358,N16k_K448_,lchen8,r,10/01/2026,14:01:07,eddie@node1j26.ecdf.ed.ac.uk,1
59112553,0.00358,N16k_K1024,lchen8,r,10/01/2026,14:01:49,eddie@node1m13.ecdf.ed.ac.uk,1
59170330,0.00358,dv_pred,s2306173,r,10/01/2026,15:19:12,eddie@node1f01.ecdf.ed.ac.uk,9,1990
59111756,0.00357,N16k_K320_,lchen8,r,10/01/2026,13:57:28,eddie@node1h22.ecdf.ed.ac.uk,1
59111749,0.00357,N16k_K320_,lchen8,r,10/01/2026,13:56:01,eddie@node1r14.ecdf.ed.ac.uk,1
59109619,0.00357,N16k_K2_e0,lchen8,r,10/01/2026,13:52:31,eddie@node1o09.ecdf.ed.ac.uk,1
59113123,0.00357,N16k_K8192,lchen8,r,10/01/2026,13:55:27,eddie@node1j21.ecdf.ed.ac.uk,1
59110210,0.00357,N16k_K20_e,lchen8,r,10/01/2026,13:50:43,eddie@node1s19.ecdf.ed.ac.uk,1
59112070,0.00356,N16k_K448_,lchen8,r,10/01/2026,13:50:39,eddie@node1s19.ecdf.ed.ac.uk,1
59076891,0.00356,Scotland_f,dmilodow,r,09/30/2026,06:46:41,eddie@node1d10.ecdf.ed.ac.uk,3,901
59113509,0.00356,N16k_K1638,lchen8,r,10/01/2026,13:49:29,eddie@node1j02.ecdf.ed.ac.uk,1
59076891,0.00356,Scotland_f,dmilodow,r,09/30/2026,06:42:29,eddie@node1d04.ecdf.ed.ac.uk,3,899
59112634,0.00356,N16k_K1024,lchen8,r,10/01/2026,13:45:40,eddie@node1m02.ecdf.ed.ac.uk,1
59109476,0.00356,N16k_K1_e0,lchen8,r,10/01/2026,13:41:36,eddie@node1h24.ecdf.ed.ac.uk,1
59076891,0.00355,Scotland_f,dmilodow,r,09/30/2026,06:38:56,eddie@node1e10.ecdf.ed.ac.uk,3,898
59076891,0.00355,Scotland_f,dmilodow,r,09/30/2026,06:38:08,eddie@node1d03.ecdf.ed.ac.uk,3,896
59076891,0.00355,Scotland_f,dmilodow,r,09/30/2026,06:38:37,eddie@node1f03.ecdf.ed.ac.uk,3,897
59109767,0.00355,N16k_K8_e0,lchen8,r,10/01/2026,13:39:13,eddie@node1j26.ecdf.ed.ac.uk,1
59072676,0.00355,acetylh06,knicodem,r,09/30/2026,00:10:42,eddie@node1m21.ecdf.ed.ac.uk,1,573
59072676,0.00355,acetylh06,knicodem,r,09/30/2026,00:10:42,eddie@node1m21.ecdf.ed.ac.uk,1,574
59072676,0.00355,acetylh06,knicodem,r,09/30/2026,00:10:42,eddie@node1m21.ecdf.ed.ac.uk,1,575
59072676,0.00355,acetylh06,knicodem,r,09/30/2026,00:10:42,eddie@node1m21.ecdf.ed.ac.uk,1,576
59072676,0.00355,acetylh06,knicodem,r,09/30/2026,00:10:42,eddie@node1m21.ecdf.ed.ac.uk,1,577
59072676,0.00355,acetylh06,knicodem,r,09/30/2026,00:10:42,eddie@node1m21.ecdf.ed.ac.uk,1,578
59110360,0.00355,N16k_K24_e,lchen8,r,10/01/2026,13:38:17,eddie@node1h11.ecdf.ed.ac.uk,1
59076891,0.00355,Scotland_f,dmilodow,r,09/30/2026,06:34:58,eddie@node1e08.ecdf.ed.ac.uk,3,895
59111207,0.00355,N16k_K128_,lchen8,r,10/01/2026,13:38:39,eddie@node1h14.ecdf.ed.ac.uk,1
59111133,0.00355,N16k_K64_e,lchen8,r,10/01/2026,13:37:40,eddie@node1l04.ecdf.ed.ac.uk,1
59076891,0.00355,Scotland_f,dmilodow,r,09/30/2026,06:33:45,eddie@node1d02.ecdf.ed.ac.uk,3,894
59112055,0.00355,N16k_K448_,lchen8,r,10/01/2026,13:38:08,eddie@node1j23.ecdf.ed.ac.uk,1
59109518,0.00354,N16k_K2_e0,lchen8,r,10/01/2026,13:34:10,eddie@node1o12.ecdf.ed.ac.uk,1
59110700,0.00354,N16k_K32_e,lchen8,r,10/01/2026,13:33:59,eddie@node1o08.ecdf.ed.ac.uk,1
59125567,0.00354,ce1,gl03pi9,r,10/01/2026,12:53:54,eddie@node1l14.ecdf.ed.ac.uk,8
59111627,0.00354,N16k_K320_,lchen8,r,10/01/2026,13:32:42,eddie@node1l08.ecdf.ed.ac.uk,1
59112027,0.00354,N16k_K448_,lchen8,r,10/01/2026,13:32:59,eddie@node1o03.ecdf.ed.ac.uk,1
59093571,0.00354,EVMUTATION,blivesey,r,10/01/2026,04:16:28,eddie@node1k01.ecdf.ed.ac.uk,2,328
59112392,0.00354,N16k_K512_,lchen8,r,10/01/2026,13:32:55,eddie@node1r17.ecdf.ed.ac.uk,1
59109905,0.00354,N16k_K16_e,lchen8,r,10/01/2026,13:29:51,eddie@node1k07.ecdf.ed.ac.uk,1
59076891,0.00354,Scotland_f,dmilodow,r,09/30/2026,06:30:21,eddie@node1f04.ecdf.ed.ac.uk,3,892
59111022,0.00354,N16k_K64_e,lchen8,r,10/01/2026,13:29:51,eddie@node1j17.ecdf.ed.ac.uk,1
59109359,0.00353,N16k_K1_e0,lchen8,r,10/01/2026,13:26:43,eddie@node1m15.ecdf.ed.ac.uk,1
59113159,0.00353,N16k_K8192,lchen8,r,10/01/2026,13:29:53,eddie@node1m09.ecdf.ed.ac.uk,1
59110727,0.00353,N16k_K32_e,lchen8,r,10/01/2026,13:25:22,eddie@node1j04.ecdf.ed.ac.uk,1
59112988,0.00353,N16k_K4096,lchen8,r,10/01/2026,13:27:43,eddie@node1m15.ecdf.ed.ac.uk,1
59109810,0.00352,N16k_K8_e0,lchen8,r,10/01/2026,13:20:58,eddie@node1h22.ecdf.ed.ac.uk,1
59112924,0.00352,N16k_K4096,lchen8,r,10/01/2026,13:23:30,eddie@node1r05.ecdf.ed.ac.uk,1
59109846,0.00352,N16k_K8_e0,lchen8,r,10/01/2026,13:19:32,eddie@node1o14.ecdf.ed.ac.uk,1
59112533,0.00352,N16k_K1024,lchen8,r,10/01/2026,13:21:24,eddie@node1m09.ecdf.ed.ac.uk,1
59113194,0.00352,N16k_K8192,lchen8,r,10/01/2026,13:20:14,eddie@node1j25.ecdf.ed.ac.uk,1
59109495,0.00352,N16k_K1_e0,lchen8,r,10/01/2026,13:17:01,eddie@node1o06.ecdf.ed.ac.uk,1
59109936,0.00352,N16k_K16_e,lchen8,r,10/01/2026,13:15:49,eddie@node1l06.ecdf.ed.ac.uk,1
59110194,0.00351,N16k_K20_e,lchen8,r,10/01/2026,13:14:39,eddie@node1r08.ecdf.ed.ac.uk,1
59110752,0.00351,N16k_K32_e,lchen8,r,10/01/2026,13:15:46,eddie@node1o10.ecdf.ed.ac.uk,1
59076891,0.00351,Scotland_f,dmilodow,r,09/30/2026,06:14:17,eddie@node1d01.ecdf.ed.ac.uk,3,891
59110909,0.00351,N16k_K48_e,lchen8,r,10/01/2026,13:16:35,eddie@node1j06.ecdf.ed.ac.uk,1
59111648,0.00351,N16k_K320_,lchen8,r,10/01/2026,13:17:56,eddie@node1j23.ecdf.ed.ac.uk,1
59113145,0.00351,N16k_K8192,lchen8,r,10/01/2026,13:17:39,eddie@node1j03.ecdf.ed.ac.uk,1
59109706,0.00351,N16k_K8_e0,lchen8,r,10/01/2026,13:10:49,eddie@node1j27.ecdf.ed.ac.uk,1
59113208,0.00351,N16k_K8192,lchen8,r,10/01/2026,13:12:53,eddie@node1j25.ecdf.ed.ac.uk,1
59132913,0.00351,A_CnR_Map_,echatzan,r,10/01/2026,13:55:19,eddie@node1m05.ecdf.ed.ac.uk,10,105
59076891,0.00351,Scotland_f,dmilodow,r,09/30/2026,06:08:33,eddie@node1d09.ecdf.ed.ac.uk,3,890
59111029,0.00351,N16k_K64_e,lchen8,r,10/01/2026,13:10:00,eddie@node1h14.ecdf.ed.ac.uk,1
59111564,0.00350,N16k_K256_,lchen8,r,10/01/2026,13:08:48,eddie@node1l06.ecdf.ed.ac.uk,1
59111856,0.00350,N16k_K384_,lchen8,r,10/01/2026,13:07:37,eddie@node1j28.ecdf.ed.ac.uk,1
59113643,0.00350,N16k_K3276,lchen8,r,10/01/2026,13:09:48,eddie@node1j06.ecdf.ed.ac.uk,1
59110366,0.00350,N16k_K24_e,lchen8,r,10/01/2026,13:04:43,eddie@node1h12.ecdf.ed.ac.uk,1
59113443,0.00350,N16k_K1638,lchen8,r,10/01/2026,13:08:13,eddie@node1h22.ecdf.ed.ac.uk,1
59076891,0.00350,Scotland_f,dmilodow,r,09/30/2026,06:01:11,eddie@node1e04.ecdf.ed.ac.uk,3,889
59109712,0.00349,N16k_K8_e0,lchen8,r,10/01/2026,13:00:39,eddie@node1r12.ecdf.ed.ac.uk,1
59109893,0.00349,N16k_K16_e,lchen8,r,10/01/2026,12:59:39,eddie@node1m06.ecdf.ed.ac.uk,1
59109511,0.00349,N16k_K2_e0,lchen8,r,10/01/2026,12:58:46,eddie@node1h24.ecdf.ed.ac.uk,1
59113387,0.00349,N16k_K1638,lchen8,r,10/01/2026,13:02:53,eddie@node1m05.ecdf.ed.ac.uk,1
59111641,0.00349,N16k_K320_,lchen8,r,10/01/2026,13:01:55,eddie@node1j17.ecdf.ed.ac.uk,1
59109724,0.00349,N16k_K8_e0,lchen8,r,10/01/2026,12:57:20,eddie@node1h05.ecdf.ed.ac.uk,1
59112725,0.00349,N16k_K2048,lchen8,r,10/01/2026,13:00:35,eddie@node1r20.ecdf.ed.ac.uk,1
59109979,0.00349,N16k_K16_e,lchen8,r,10/01/2026,12:56:07,eddie@node1k03.ecdf.ed.ac.uk,1
59112497,0.00349,N16k_K1024,lchen8,r,10/01/2026,12:58:54,eddie@node1n02.ecdf.ed.ac.uk,1
59113657,0.00349,N16k_K3276,lchen8,r,10/01/2026,12:59:44,eddie@node1l09.ecdf.ed.ac.uk,1
59133419,0.00348,QLOGIN,s2589227,r,09/30/2026,14:29:26,eddie@node1j24.ecdf.ed.ac.uk,1
59076891,0.00348,Scotland_f,dmilodow,r,09/30/2026,05:58:16,eddie@node1i24.ecdf.ed.ac.uk,3,888
59111461,0.00348,N16k_K256_,lchen8,r,10/01/2026,12:55:18,eddie@node1l20.ecdf.ed.ac.uk,1
59111863,0.00348,N16k_K384_,lchen8,r,10/01/2026,12:54:42,eddie@node1o13.ecdf.ed.ac.uk,1
59110797,0.00348,N16k_K48_e,lchen8,r,10/01/2026,12:52:25,eddie@node1j08.ecdf.ed.ac.uk,1
59112098,0.00348,N16k_K448_,lchen8,r,10/01/2026,12:55:14,eddie@node1j03.ecdf.ed.ac.uk,1
59110395,0.00348,N16k_K28_e,lchen8,r,10/01/2026,12:51:06,eddie@node1r20.ecdf.ed.ac.uk,1
59110582,0.00348,N16k_K32_e,lchen8,r,10/01/2026,12:50:46,eddie@node1l20.ecdf.ed.ac.uk,1
59112938,0.00348,N16k_K4096,lchen8,r,10/01/2026,12:53:03,eddie@node1o05.ecdf.ed.ac.uk,1
59110982,0.00348,N16k_K64_e,lchen8,r,10/01/2026,12:50:35,eddie@node1m22.ecdf.ed.ac.uk,1
59112312,0.00348,N16k_K512_,lchen8,r,10/01/2026,12:50:25,eddie@node1n03.ecdf.ed.ac.uk,1
59111870,0.00348,N16k_K384_,lchen8,r,10/01/2026,12:50:02,eddie@node1s10.ecdf.ed.ac.uk,1
59110590,0.00347,N16k_K32_e,lchen8,r,10/01/2026,12:49:31,eddie@node1j05.ecdf.ed.ac.uk,1
59113636,0.00347,N16k_K3276,lchen8,r,10/01/2026,12:49:27,eddie@node1l23.ecdf.ed.ac.uk,1
59109683,0.00347,N16k_K2_e0,lchen8,r,10/01/2026,12:43:02,eddie@node1r15.ecdf.ed.ac.uk,1
59111243,0.00347,N16k_K128_,lchen8,r,10/01/2026,12:44:49,eddie@node1j04.ecdf.ed.ac.uk,1
59113187,0.00347,N16k_K8192,lchen8,r,10/01/2026,12:47:16,eddie@node1f07.ecdf.ed.ac.uk,1
58992020,0.00347,Experiment,s2060501,r,09/24/2026,18:30:10,eddie@node1k15.ecdf.ed.ac.uk,10,81
59109773,0.00347,N16k_K8_e0,lchen8,r,10/01/2026,12:41:58,eddie@node1h23.ecdf.ed.ac.uk,1
59109761,0.00347,N16k_K8_e0,lchen8,r,10/01/2026,12:40:45,eddie@node1n02.ecdf.ed.ac.uk,1
59109537,0.00347,N16k_K2_e0,lchen8,r,10/01/2026,12:39:49,eddie@node1m14.ecdf.ed.ac.uk,1
59112276,0.00346,N16k_K512_,lchen8,r,10/01/2026,12:44:02,eddie@node1s19.ecdf.ed.ac.uk,1
59111964,0.00346,N16k_K384_,lchen8,r,10/01/2026,12:41:30,eddie@node1j04.ecdf.ed.ac.uk,1
59112077,0.00346,N16k_K448_,lchen8,r,10/01/2026,12:41:52,eddie@node1h04.ecdf.ed.ac.uk,1
59111447,0.00346,N16k_K256_,lchen8,r,10/01/2026,12:40:13,eddie@node1m10.ecdf.ed.ac.uk,1
59134471,0.00346,ce1,gl02ad2,r,10/01/2026,12:58:58,eddie@node1l13.ecdf.ed.ac.uk,8
59113251,0.00346,N16k_K8192,lchen8,r,10/01/2026,12:41:40,eddie@node1j03.ecdf.ed.ac.uk,1
59113650,0.00346,N16k_K3276,lchen8,r,10/01/2026,12:40:45,eddie@node1h14.ecdf.ed.ac.uk,1
59111530,0.00346,N16k_K256_,lchen8,r,10/01/2026,12:37:15,eddie@node1s19.ecdf.ed.ac.uk,1
59110022,0.00346,N16k_K16_e,lchen8,r,10/01/2026,12:33:59,eddie@node1o13.ecdf.ed.ac.uk,1
59111440,0.00345,N16k_K256_,lchen8,r,10/01/2026,12:35:06,eddie@node1h14.ecdf.ed.ac.uk,1
59076891,0.00345,Scotland_f,dmilodow,r,09/30/2026,05:37:30,eddie@node1l05.ecdf.ed.ac.uk,3,879
59143177,0.00345,bp_im20,mcowley,r,10/01/2026,15:00:30,eddie@node1l06.ecdf.ed.ac.uk,16
59113464,0.00345,N16k_K1638,lchen8,r,10/01/2026,12:36:45,eddie@node1o11.ecdf.ed.ac.uk,1
59113457,0.00345,N16k_K1638,lchen8,r,10/01/2026,12:34:46,eddie@node1n02.ecdf.ed.ac.uk,1
59111655,0.00344,N16k_K320_,lchen8,r,10/01/2026,12:27:56,eddie@node1j19.ecdf.ed.ac.uk,1
59112406,0.00344,N16k_K512_,lchen8,r,10/01/2026,12:27:44,eddie@node1l07.ecdf.ed.ac.uk,1
59113437,0.00344,N16k_K1638,lchen8,r,10/01/2026,12:27:00,eddie@node1f03.ecdf.ed.ac.uk,1
59076891,0.00344,Scotland_f,dmilodow,r,09/30/2026,05:24:24,eddie@node1f01.ecdf.ed.ac.uk,3,872
59110740,0.00344,N16k_K32_e,lchen8,r,10/01/2026,12:22:45,eddie@node1h07.ecdf.ed.ac.uk,1
59109942,0.00344,N16k_K16_e,lchen8,r,10/01/2026,12:21:34,eddie@node1l01.ecdf.ed.ac.uk,1
59108068,0.00344,tsadd3,mcowley,r,09/30/2026,15:09:04,eddie@node1l02.ecdf.ed.ac.uk,16
59160069,0.00343,zerg_m1_12,s1903776,r,10/01/2026,14:08:46,eddie@node1e03.ecdf.ed.ac.uk,15
59109948,0.00343,N16k_K16_e,lchen8,r,10/01/2026,12:19:37,eddie@node1f16.ecdf.ed.ac.uk,1
59112567,0.00343,N16k_K1024,lchen8,r,10/01/2026,12:19:34,eddie@node1j09.ecdf.ed.ac.uk,1
59111065,0.00342,N16k_K64_e,lchen8,r,10/01/2026,12:14:31,eddie@node1l04.ecdf.ed.ac.uk,1
59110575,0.00342,N16k_K32_e,lchen8,r,10/01/2026,12:12:13,eddie@node1k17.ecdf.ed.ac.uk,1
59109557,0.00342,N16k_K2_e0,lchen8,r,10/01/2026,12:08:03,eddie@node1s13.ecdf.ed.ac.uk,1
59112788,0.00342,N16k_K2048,lchen8,r,10/01/2026,12:10:39,eddie@node1r17.ecdf.ed.ac.uk,1
59112326,0.00341,N16k_K512_,lchen8,r,10/01/2026,12:08:39,eddie@node1k04.ecdf.ed.ac.uk,1
59109657,0.00341,N16k_K2_e0,lchen8,r,10/01/2026,12:05:23,eddie@node1h08.ecdf.ed.ac.uk,1
59111502,0.00341,N16k_K256_,lchen8,r,10/01/2026,12:04:45,eddie@node1r06.ecdf.ed.ac.uk,1
59143178,0.00341,bp_im24,mcowley,r,10/01/2026,15:06:35,eddie@node1j04.ecdf.ed.ac.uk,16
59171901,0.00341,userGWAS_n,s1713158,r,10/01/2026,15:20:00,eddie@node1n15.ecdf.ed.ac.uk,8,2
59076891,0.00341,Scotland_f,dmilodow,r,09/30/2026,05:05:20,eddie@node1d03.ecdf.ed.ac.uk,3,867
59127837,0.00340,ce1,gl03pi9,r,10/01/2026,12:53:59,eddie@node1l12.ecdf.ed.ac.uk,8
59110221,0.00340,N16k_K24_e,lchen8,r,10/01/2026,11:58:45,eddie@node1h04.ecdf.ed.ac.uk,1
59111841,0.00340,N16k_K384_,lchen8,r,10/01/2026,12:03:00,eddie@node1h07.ecdf.ed.ac.uk,1
59076891,0.00340,Scotland_f,dmilodow,r,09/30/2026,05:12:59,eddie@node1e05.ecdf.ed.ac.uk,3,869
59076891,0.00340,Scotland_f,dmilodow,r,09/30/2026,04:53:34,eddie@node1e02.ecdf.ed.ac.uk,3,866
59111058,0.00340,N16k_K64_e,lchen8,r,10/01/2026,11:57:44,eddie@node1s20.ecdf.ed.ac.uk,1
59111405,0.00340,N16k_K256_,lchen8,r,10/01/2026,11:58:31,eddie@node1j01.ecdf.ed.ac.uk,1
59111877,0.00340,N16k_K384_,lchen8,r,10/01/2026,11:56:25,eddie@node1j25.ecdf.ed.ac.uk,1
59113322,0.00339,N16k_K1638,lchen8,r,10/01/2026,11:58:00,eddie@node1i13.ecdf.ed.ac.uk,1
59109779,0.00339,N16k_K8_e0,lchen8,r,10/01/2026,11:50:19,eddie@node1h14.ecdf.ed.ac.uk,1
59109828,0.00339,N16k_K8_e0,lchen8,r,10/01/2026,11:50:19,eddie@node1l04.ecdf.ed.ac.uk,1
59109869,0.00339,N16k_K16_e,lchen8,r,10/01/2026,11:52:07,eddie@node1i13.ecdf.ed.ac.uk,1
59109967,0.00339,N16k_K16_e,lchen8,r,10/01/2026,11:52:25,eddie@node1h15.ecdf.ed.ac.uk,1
59109804,0.00339,N16k_K8_e0,lchen8,r,10/01/2026,11:47:35,eddie@node1s19.ecdf.ed.ac.uk,1
59112120,0.00339,N16k_K448_,lchen8,r,10/01/2026,11:50:05,eddie@node1o11.ecdf.ed.ac.uk,1
59109960,0.00339,N16k_K16_e,lchen8,r,10/01/2026,11:46:39,eddie@node1h15.ecdf.ed.ac.uk,1
59112560,0.00339,N16k_K1024,lchen8,r,10/01/2026,11:52:36,eddie@node1j04.ecdf.ed.ac.uk,1
59113109,0.00338,N16k_K8192,lchen8,r,10/01/2026,11:51:29,eddie@node1l23.ecdf.ed.ac.uk,1
59109816,0.00338,N16k_K8_e0,lchen8,r,10/01/2026,11:43:39,eddie@node1o04.ecdf.ed.ac.uk,1
59123950,0.00338,ce1,gl03pi9,r,09/30/2026,21:18:37,eddie@node1l15.ecdf.ed.ac.uk,8
59110163,0.00338,N16k_K20_e,lchen8,r,10/01/2026,11:45:47,eddie@node1h13.ecdf.ed.ac.uk,1
59109563,0.00338,N16k_K2_e0,lchen8,r,10/01/2026,11:42:18,eddie@node1j23.ecdf.ed.ac.uk,1
59112333,0.00338,N16k_K512_,lchen8,r,10/01/2026,11:44:41,eddie@node1j18.ecdf.ed.ac.uk,1
59111677,0.00338,N16k_K320_,lchen8,r,10/01/2026,11:43:20,eddie@node1m03.ecdf.ed.ac.uk,1
59111670,0.00338,N16k_K320_,lchen8,r,10/01/2026,11:48:12,eddie@node1k04.ecdf.ed.ac.uk,1
59111884,0.00338,N16k_K384_,lchen8,r,10/01/2026,11:42:58,eddie@node1h07.ecdf.ed.ac.uk,1
59076891,0.00337,Scotland_f,dmilodow,r,09/30/2026,04:33:07,eddie@node1d04.ecdf.ed.ac.uk,3,864
59112703,0.00337,N16k_K2048,lchen8,r,10/01/2026,11:37:14,eddie@node1f09.ecdf.ed.ac.uk,1
59112795,0.00337,N16k_K2048,lchen8,r,10/01/2026,11:37:03,eddie@node1j04.ecdf.ed.ac.uk,1
59111663,0.00336,N16k_K320_,lchen8,r,10/01/2026,11:35:30,eddie@node1j01.ecdf.ed.ac.uk,1
59110597,0.00336,N16k_K32_e,lchen8,r,10/01/2026,11:32:33,eddie@node1h24.ecdf.ed.ac.uk,1
59113009,0.00336,N16k_K4096,lchen8,r,10/01/2026,11:30:17,eddie@node1h15.ecdf.ed.ac.uk,1
59111899,0.00336,N16k_K384_,lchen8,r,10/01/2026,11:28:10,eddie@node1i16.ecdf.ed.ac.uk,1
59110426,0.00336,N16k_K28_e,lchen8,r,10/01/2026,11:25:51,eddie@node1r17.ecdf.ed.ac.uk,1
59112589,0.00336,N16k_K1024,lchen8,r,10/01/2026,11:28:19,eddie@node1m02.ecdf.ed.ac.uk,1
59113030,0.00335,N16k_K4096,lchen8,r,10/01/2026,11:27:42,eddie@node1k02.ecdf.ed.ac.uk,1
59076891,0.00335,Scotland_f,dmilodow,r,09/30/2026,04:23:17,eddie@node1d06.ecdf.ed.ac.uk,3,862
59076891,0.00335,Scotland_f,dmilodow,r,09/30/2026,04:23:50,eddie@node1f05.ecdf.ed.ac.uk,3,863
59076891,0.00335,Scotland_f,dmilodow,r,09/30/2026,04:19:24,eddie@node1e10.ecdf.ed.ac.uk,3,860
59109899,0.00335,N16k_K16_e,lchen8,r,10/01/2026,11:20:11,eddie@node1f13.ecdf.ed.ac.uk,1
59108066,0.00335,meci_tcpr1,mcowley,r,09/30/2026,13:05:10,eddie@node1k04.ecdf.ed.ac.uk,16
59110861,0.00335,N16k_K48_e,lchen8,r,10/01/2026,11:21:05,eddie@node1h15.ecdf.ed.ac.uk,1
59109457,0.00334,N16k_K1_e0,lchen8,r,10/01/2026,11:16:41,eddie@node1r12.ecdf.ed.ac.uk,1
59110063,0.00334,N16k_K20_e,lchen8,r,10/01/2026,11:17:01,eddie@node1o13.ecdf.ed.ac.uk,1
59137164,0.00334,ce2,gl03pi18,r,10/01/2026,13:29:46,eddie@node1l17.ecdf.ed.ac.uk,8
59112817,0.00334,N16k_K2048,lchen8,r,10/01/2026,11:18:49,eddie@node1h13.ecdf.ed.ac.uk,1
59112575,0.00334,N16k_K1024,lchen8,r,10/01/2026,11:16:49,eddie@node1l02.ecdf.ed.ac.uk,1
59109366,0.00334,N16k_K1_e0,lchen8,r,10/01/2026,11:12:56,eddie@node1q06.ecdf.ed.ac.uk,1
59113721,0.00334,N16k_K3276,lchen8,r,10/01/2026,11:17:39,eddie@node1l04.ecdf.ed.ac.uk,1
59111906,0.00334,N16k_K384_,lchen8,r,10/01/2026,11:14:30,eddie@node1i03.ecdf.ed.ac.uk,1
59109450,0.00334,N16k_K1_e0,lchen8,r,10/01/2026,11:11:07,eddie@node1s17.ecdf.ed.ac.uk,1
59109390,0.00333,N16k_K1_e0,lchen8,r,10/01/2026,11:07:34,eddie@node1m04.ecdf.ed.ac.uk,1
59109588,0.00333,N16k_K2_e0,lchen8,r,10/01/2026,11:08:24,eddie@node1l21.ecdf.ed.ac.uk,1
59113665,0.00333,N16k_K3276,lchen8,r,10/01/2026,11:12:02,eddie@node1s18.ecdf.ed.ac.uk,1
59112113,0.00332,N16k_K448_,lchen8,r,10/01/2026,11:06:08,eddie@node1o11.ecdf.ed.ac.uk,1
59113279,0.00332,N16k_K8192,lchen8,r,10/01/2026,11:06:12,eddie@node1m04.ecdf.ed.ac.uk,1
59110883,0.00332,N16k_K48_e,lchen8,r,10/01/2026,11:03:45,eddie@node1j02.ecdf.ed.ac.uk,1
59111086,0.00332,N16k_K64_e,lchen8,r,10/01/2026,11:04:05,eddie@node1i15.ecdf.ed.ac.uk,1
59111691,0.00332,N16k_K320_,lchen8,r,10/01/2026,11:04:01,eddie@node1j04.ecdf.ed.ac.uk,1
59112127,0.00332,N16k_K448_,lchen8,r,10/01/2026,11:05:31,eddie@node1k08.ecdf.ed.ac.uk,1
59109378,0.00332,N16k_K1_e0,lchen8,r,10/01/2026,11:02:25,eddie@node1s13.ecdf.ed.ac.uk,1
59112305,0.00332,N16k_K512_,lchen8,r,10/01/2026,11:05:45,eddie@node1s17.ecdf.ed.ac.uk,1
59112062,0.00331,N16k_K448_,lchen8,r,10/01/2026,10:59:12,eddie@node1n05.ecdf.ed.ac.uk,1
59112824,0.00331,N16k_K2048,lchen8,r,10/01/2026,11:02:08,eddie@node1k06.ecdf.ed.ac.uk,1
59109372,0.00331,N16k_K1_e0,lchen8,r,10/01/2026,10:53:43,eddie@node1h05.ecdf.ed.ac.uk,1
59109650,0.00331,N16k_K2_e0,lchen8,r,10/01/2026,10:54:20,eddie@node1h08.ecdf.ed.ac.uk,1
59133027,0.00331,log_mappin,s2557145,r,10/01/2026,13:53:47,eddie@node1h15.ecdf.ed.ac.uk,8
59109612,0.00331,N16k_K2_e0,lchen8,r,10/01/2026,10:53:20,eddie@node1h07.ecdf.ed.ac.uk,1
59112539,0.00331,N16k_K1024,lchen8,r,10/01/2026,10:55:51,eddie@node1j08.ecdf.ed.ac.uk,1
59113016,0.00331,N16k_K4096,lchen8,r,10/01/2026,10:55:32,eddie@node1k01.ecdf.ed.ac.uk,1
59109551,0.00331,N16k_K2_e0,lchen8,r,10/01/2026,10:52:43,eddie@node1i14.ecdf.ed.ac.uk,1
59112518,0.00331,N16k_K1024,lchen8,r,10/01/2026,10:53:24,eddie@node1o05.ecdf.ed.ac.uk,1
59110182,0.00331,N16k_K20_e,lchen8,r,10/01/2026,10:50:55,eddie@node1h16.ecdf.ed.ac.uk,1
59076891,0.00331,Scotland_f,dmilodow,r,09/30/2026,03:57:09,eddie@node1e03.ecdf.ed.ac.uk,3,859
59111193,0.00330,N16k_K128_,lchen8,r,10/01/2026,10:52:46,eddie@node1m03.ecdf.ed.ac.uk,1
59111634,0.00330,N16k_K320_,lchen8,r,10/01/2026,10:50:05,eddie@node1j21.ecdf.ed.ac.uk,1
59112639,0.00330,N16k_K1024,lchen8,r,10/01/2026,10:51:36,eddie@node1m15.ecdf.ed.ac.uk,1
59111174,0.00330,N16k_K64_e,lchen8,r,10/01/2026,10:53:16,eddie@node1f12.ecdf.ed.ac.uk,1
59110937,0.00330,N16k_K48_e,lchen8,r,10/01/2026,10:46:44,eddie@node1l03.ecdf.ed.ac.uk,1
59112375,0.00330,N16k_K512_,lchen8,r,10/01/2026,10:46:00,eddie@node1j03.ecdf.ed.ac.uk,1
59112347,0.00329,N16k_K512_,lchen8,r,10/01/2026,10:45:26,eddie@node1s19.ecdf.ed.ac.uk,1
59112582,0.00329,N16k_K1024,lchen8,r,10/01/2026,10:41:46,eddie@node1l08.ecdf.ed.ac.uk,1
59111476,0.00328,N16k_K256_,lchen8,r,10/01/2026,10:37:22,eddie@node1l10.ecdf.ed.ac.uk,1
59137078,0.00328,ce2,gl03pi18,r,10/01/2026,12:55:53,eddie@node1l18.ecdf.ed.ac.uk,8
59112696,0.00328,N16k_K2048,lchen8,r,10/01/2026,10:39:40,eddie@node1i16.ecdf.ed.ac.uk,1
59110402,0.00328,N16k_K28_e,lchen8,r,10/01/2026,10:36:28,eddie@node1l23.ecdf.ed.ac.uk,1
59109505,0.00328,N16k_K2_e0,lchen8,r,10/01/2026,10:32:29,eddie@node1o14.ecdf.ed.ac.uk,1
59111942,0.00328,N16k_K384_,lchen8,r,10/01/2026,10:35:32,eddie@node1o14.ecdf.ed.ac.uk,1
59111762,0.00328,N16k_K320_,lchen8,r,10/01/2026,10:32:42,eddie@node1r09.ecdf.ed.ac.uk,1
59109972,0.00328,N16k_K16_e,lchen8,r,10/01/2026,10:29:39,eddie@node1f12.ecdf.ed.ac.uk,1
59112610,0.00328,N16k_K1024,lchen8,r,10/01/2026,10:32:34,eddie@node1l10.ecdf.ed.ac.uk,1
59113671,0.00327,N16k_K3276,lchen8,r,10/01/2026,10:32:02,eddie@node1r06.ecdf.ed.ac.uk,1
59076891,0.00327,Scotland_f,dmilodow,r,09/30/2026,03:26:13,eddie@node1d03.ecdf.ed.ac.uk,3,857
59076891,0.00327,Scotland_f,dmilodow,r,09/30/2026,03:28:05,eddie@node1f01.ecdf.ed.ac.uk,3,858
59111515,0.00327,N16k_K256_,lchen8,r,10/01/2026,10:26:41,eddie@node1h14.ecdf.ed.ac.uk,1
59113714,0.00327,N16k_K3276,lchen8,r,10/01/2026,10:28:24,eddie@node1h06.ecdf.ed.ac.uk,1
59111927,0.00326,N16k_K384_,lchen8,r,10/01/2026,10:23:29,eddie@node1d02.ecdf.ed.ac.uk,1
59113294,0.00326,N16k_K8192,lchen8,r,10/01/2026,10:24:58,eddie@node1l04.ecdf.ed.ac.uk,1
59111713,0.00326,N16k_K320_,lchen8,r,10/01/2026,10:22:55,eddie@node1h15.ecdf.ed.ac.uk,1
59110922,0.00326,N16k_K48_e,lchen8,r,10/01/2026,10:21:30,eddie@node1i16.ecdf.ed.ac.uk,1
59113700,0.00326,N16k_K3276,lchen8,r,10/01/2026,10:23:58,eddie@node1r07.ecdf.ed.ac.uk,1
59112619,0.00326,N16k_K1024,lchen8,r,10/01/2026,10:20:53,eddie@node1n16.ecdf.ed.ac.uk,1
59111222,0.00326,N16k_K128_,lchen8,r,10/01/2026,10:19:41,eddie@node1f16.ecdf.ed.ac.uk,1
58992020,0.00326,Experiment,s2060501,r,09/24/2026,16:28:14,eddie@node1k18.ecdf.ed.ac.uk,10,80
59109798,0.00325,N16k_K8_e0,lchen8,r,10/01/2026,10:13:41,eddie@node1l22.ecdf.ed.ac.uk,1
59112370,0.00325,N16k_K512_,lchen8,r,10/01/2026,10:14:59,eddie@node1h03.ecdf.ed.ac.uk,1
59111698,0.00325,N16k_K320_,lchen8,r,10/01/2026,10:12:54,eddie@node1l09.ecdf.ed.ac.uk,1
59076891,0.00325,Scotland_f,dmilodow,r,09/30/2026,03:09:24,eddie@node1d03.ecdf.ed.ac.uk,3,853
59076891,0.00325,Scotland_f,dmilodow,r,09/30/2026,03:09:24,eddie@node1f05.ecdf.ed.ac.uk,3,854
59076891,0.00325,Scotland_f,dmilodow,r,09/30/2026,03:12:26,eddie@node1f03.ecdf.ed.ac.uk,3,855
59111920,0.00324,N16k_K384_,lchen8,r,10/01/2026,10:08:55,eddie@node1f09.ecdf.ed.ac.uk,1
59112134,0.00324,N16k_K448_,lchen8,r,10/01/2026,10:10:35,eddie@node1j06.ecdf.ed.ac.uk,1
59111200,0.00324,N16k_K128_,lchen8,r,10/01/2026,10:07:09,eddie@node1o03.ecdf.ed.ac.uk,1
59111427,0.00324,N16k_K256_,lchen8,r,10/01/2026,10:05:11,eddie@node1h06.ecdf.ed.ac.uk,1
59076891,0.00324,Scotland_f,dmilodow,r,09/30/2026,03:06:54,eddie@node1d09.ecdf.ed.ac.uk,3,851
59076891,0.00324,Scotland_f,dmilodow,r,09/30/2026,03:08:30,eddie@node1e02.ecdf.ed.ac.uk,3,852
59076891,0.00324,Scotland_f,dmilodow,r,09/30/2026,03:03:58,eddie@node1d10.ecdf.ed.ac.uk,3,850
59112162,0.00323,N16k_K448_,lchen8,r,10/01/2026,10:03:05,eddie@node1h05.ecdf.ed.ac.uk,1
59111433,0.00323,N16k_K256_,lchen8,r,10/01/2026,10:00:50,eddie@node1h03.ecdf.ed.ac.uk,1
59111413,0.00323,N16k_K256_,lchen8,r,10/01/2026,10:02:00,eddie@node1l22.ecdf.ed.ac.uk,1
59109606,0.00322,N16k_K2_e0,lchen8,r,10/01/2026,09:53:04,eddie@node1f06.ecdf.ed.ac.uk,1
59110305,0.00322,N16k_K24_e,lchen8,r,10/01/2026,09:51:27,eddie@node1o03.ecdf.ed.ac.uk,1
59112852,0.00322,N16k_K2048,lchen8,r,10/01/2026,09:54:17,eddie@node1s17.ecdf.ed.ac.uk,1
59113059,0.00322,N16k_K4096,lchen8,r,10/01/2026,09:56:05,eddie@node1j11.ecdf.ed.ac.uk,1
59110233,0.00321,N16k_K24_e,lchen8,r,10/01/2026,09:47:51,eddie@node1h07.ecdf.ed.ac.uk,1
59113286,0.00321,N16k_K8192,lchen8,r,10/01/2026,09:50:44,eddie@node1h09.ecdf.ed.ac.uk,1
59110128,0.00321,N16k_K20_e,lchen8,r,10/01/2026,09:44:00,eddie@node1h05.ecdf.ed.ac.uk,1
59113272,0.00320,N16k_K8192,lchen8,r,10/01/2026,09:42:28,eddie@node1j25.ecdf.ed.ac.uk,1
59109576,0.00320,N16k_K2_e0,lchen8,r,10/01/2026,09:35:56,eddie@node1h04.ecdf.ed.ac.uk,1
59109488,0.00319,N16k_K1_e0,lchen8,r,10/01/2026,09:37:18,eddie@node1h13.ecdf.ed.ac.uk,1
59110804,0.00319,N16k_K48_e,lchen8,r,10/01/2026,09:35:41,eddie@node1r05.ecdf.ed.ac.uk,1
59111186,0.00319,N16k_K128_,lchen8,r,10/01/2026,09:38:04,eddie@node1f13.ecdf.ed.ac.uk,1
59111720,0.00319,N16k_K320_,lchen8,r,10/01/2026,09:35:14,eddie@node1h16.ecdf.ed.ac.uk,1
59113037,0.00319,N16k_K4096,lchen8,r,10/01/2026,09:38:06,eddie@node1n08.ecdf.ed.ac.uk,1
59113044,0.00319,N16k_K4096,lchen8,r,10/01/2026,09:33:25,eddie@node1k07.ecdf.ed.ac.uk,1
59112219,0.00319,N16k_K448_,lchen8,r,10/01/2026,09:32:35,eddie@node1h22.ecdf.ed.ac.uk,1
58992020,0.00319,Experiment,s2060501,r,09/24/2026,15:42:11,eddie@node1m08.ecdf.ed.ac.uk,10,79
59112803,0.00319,N16k_K2048,lchen8,r,10/01/2026,09:31:18,eddie@node1r20.ecdf.ed.ac.uk,1
59110869,0.00318,N16k_K48_e,lchen8,r,10/01/2026,09:30:40,eddie@node1l20.ecdf.ed.ac.uk,1
59111706,0.00318,N16k_K320_,lchen8,r,10/01/2026,09:27:54,eddie@node1l09.ecdf.ed.ac.uk,1
59111684,0.00318,N16k_K320_,lchen8,r,10/01/2026,09:27:50,eddie@node1l22.ecdf.ed.ac.uk,1
59111741,0.00318,N16k_K320_,lchen8,r,10/01/2026,09:27:26,eddie@node1o08.ecdf.ed.ac.uk,1
59112981,0.00318,N16k_K4096,lchen8,r,10/01/2026,09:29:01,eddie@node1h03.ecdf.ed.ac.uk,1
59111935,0.00318,N16k_K384_,lchen8,r,10/01/2026,09:25:39,eddie@node1j21.ecdf.ed.ac.uk,1
59109470,0.00318,N16k_K1_e0,lchen8,r,10/01/2026,09:21:43,eddie@node1n03.ecdf.ed.ac.uk,1
59111043,0.00318,N16k_K64_e,lchen8,r,10/01/2026,09:23:54,eddie@node1l21.ecdf.ed.ac.uk,1
59076891,0.00317,Scotland_f,dmilodow,r,09/30/2026,02:21:04,eddie@node1e03.ecdf.ed.ac.uk,3,846
59129366,0.00317,pcb_T1,wwong3,r,10/01/2026,04:33:10,eddie@node1n09.ecdf.ed.ac.uk,16
59129367,0.00317,pcb_S0,wwong3,r,10/01/2026,04:33:10,eddie@node1j02.ecdf.ed.ac.uk,16
59112411,0.00317,N16k_K512_,lchen8,r,10/01/2026,09:22:02,eddie@node1m02.ecdf.ed.ac.uk,1
59113051,0.00317,N16k_K4096,lchen8,r,10/01/2026,09:22:36,eddie@node1l08.ecdf.ed.ac.uk,1
59110619,0.00317,N16k_K32_e,lchen8,r,10/01/2026,09:19:49,eddie@node1o11.ecdf.ed.ac.uk,1
59111956,0.00317,N16k_K384_,lchen8,r,10/01/2026,09:17:58,eddie@node1l07.ecdf.ed.ac.uk,1
59111970,0.00317,N16k_K384_,lchen8,r,10/01/2026,09:19:57,eddie@node1s19.ecdf.ed.ac.uk,1
59112845,0.00317,N16k_K2048,lchen8,r,10/01/2026,09:17:39,eddie@node1k06.ecdf.ed.ac.uk,1
59113087,0.00317,N16k_K8192,lchen8,r,10/01/2026,09:20:07,eddie@node1s18.ecdf.ed.ac.uk,1
59112155,0.00316,N16k_K448_,lchen8,r,10/01/2026,09:14:18,eddie@node1j19.ecdf.ed.ac.uk,1
59112198,0.00316,N16k_K448_,lchen8,r,10/01/2026,09:15:24,eddie@node1f16.ecdf.ed.ac.uk,1
59113002,0.00316,N16k_K4096,lchen8,r,10/01/2026,09:15:01,eddie@node1i07.ecdf.ed.ac.uk,1
59112432,0.00316,N16k_K512_,lchen8,r,10/01/2026,09:13:29,eddie@node1m02.ecdf.ed.ac.uk,1
59110811,0.00316,N16k_K48_e,lchen8,r,10/01/2026,09:09:12,eddie@node1j04.ecdf.ed.ac.uk,1
59111106,0.00315,N16k_K64_e,lchen8,r,10/01/2026,09:11:19,eddie@node1j09.ecdf.ed.ac.uk,1
59112205,0.00315,N16k_K448_,lchen8,r,10/01/2026,09:08:51,eddie@node1l08.ecdf.ed.ac.uk,1
59111349,0.00315,N16k_K128_,lchen8,r,10/01/2026,09:12:03,eddie@node1h05.ecdf.ed.ac.uk,1
59112148,0.00315,N16k_K448_,lchen8,r,10/01/2026,09:11:59,eddie@node1o08.ecdf.ed.ac.uk,1
59112320,0.00315,N16k_K512_,lchen8,r,10/01/2026,09:11:31,eddie@node1k02.ecdf.ed.ac.uk,1
59072676,0.00315,acetylh06,knicodem,r,09/29/2026,19:05:28,eddie@node1s10.ecdf.ed.ac.uk,1,572
59109464,0.00315,N16k_K1_e0,lchen8,r,10/01/2026,09:05:40,eddie@node1l23.ecdf.ed.ac.uk,1
59109482,0.00315,N16k_K1_e0,lchen8,r,10/01/2026,09:02:19,eddie@node1m24.ecdf.ed.ac.uk,1
59111323,0.00314,N16k_K128_,lchen8,r,10/01/2026,09:02:12,eddie@node1l04.ecdf.ed.ac.uk,1
59111364,0.00314,N16k_K128_,lchen8,r,10/01/2026,08:59:25,eddie@node1l02.ecdf.ed.ac.uk,1
59111949,0.00314,N16k_K384_,lchen8,r,10/01/2026,08:58:53,eddie@node1j18.ecdf.ed.ac.uk,1
59111229,0.00314,N16k_K128_,lchen8,r,10/01/2026,08:54:40,eddie@node1l26.ecdf.ed.ac.uk,1
59112105,0.00313,N16k_K448_,lchen8,r,10/01/2026,08:53:51,eddie@node1l28.ecdf.ed.ac.uk,1
59110611,0.00313,N16k_K32_e,lchen8,r,10/01/2026,08:53:05,eddie@node1m02.ecdf.ed.ac.uk,1
59076891,0.00313,Scotland_f,dmilodow,r,09/30/2026,01:51:32,eddie@node1o13.ecdf.ed.ac.uk,3,842
58992020,0.00313,Experiment,s2060501,r,09/24/2026,15:14:19,eddie@node1p10.ecdf.ed.ac.uk,10,76
58992020,0.00313,Experiment,s2060501,r,09/24/2026,15:14:20,eddie@node1p10.ecdf.ed.ac.uk,10,77
58992020,0.00313,Experiment,s2060501,r,09/24/2026,15:14:20,eddie@node1p10.ecdf.ed.ac.uk,10,78
59111727,0.00313,N16k_K320_,lchen8,r,10/01/2026,08:50:38,eddie@node1k01.ecdf.ed.ac.uk,1
59076891,0.00313,Scotland_f,dmilodow,r,09/30/2026,01:47:23,eddie@node1m03.ecdf.ed.ac.uk,3,840
59113237,0.00313,N16k_K8192,lchen8,r,10/01/2026,08:51:05,eddie@node1o06.ecdf.ed.ac.uk,1
59111734,0.00312,N16k_K320_,lchen8,r,10/01/2026,08:49:13,eddie@node1j03.ecdf.ed.ac.uk,1
59112383,0.00312,N16k_K512_,lchen8,r,10/01/2026,08:47:16,eddie@node1h15.ecdf.ed.ac.uk,1
59110519,0.00312,N16k_K28_e,lchen8,r,10/01/2026,08:43:16,eddie@node1l22.ecdf.ed.ac.uk,1
59109663,0.00312,N16k_K2_e0,lchen8,r,10/01/2026,08:42:28,eddie@node1i06.ecdf.ed.ac.uk,1
58992020,0.00312,Experiment,s2060501,r,09/24/2026,14:52:57,eddie@node1s09.ecdf.ed.ac.uk,10,75
59112226,0.00311,N16k_K448_,lchen8,r,10/01/2026,08:41:41,eddie@node1h23.ecdf.ed.ac.uk,1
59112831,0.00311,N16k_K2048,lchen8,r,10/01/2026,08:39:50,eddie@node1k06.ecdf.ed.ac.uk,1
59110559,0.00311,N16k_K28_e,lchen8,r,10/01/2026,08:35:12,eddie@node1k07.ecdf.ed.ac.uk,1
59110564,0.00310,N16k_K28_e,lchen8,r,10/01/2026,08:32:40,eddie@node1r12.ecdf.ed.ac.uk,1
59072676,0.00310,acetylh06,knicodem,r,09/29/2026,18:35:25,eddie@node1s10.ecdf.ed.ac.uk,1,570
59072676,0.00310,acetylh06,knicodem,r,09/29/2026,18:36:47,eddie@node1s10.ecdf.ed.ac.uk,1,571
58992020,0.00310,Experiment,s2060501,r,09/24/2026,14:43:47,eddie@node1m11.ecdf.ed.ac.uk,10,74
59109444,0.00310,N16k_K1_e0,lchen8,r,10/01/2026,08:30:07,eddie@node1h03.ecdf.ed.ac.uk,1
59109911,0.00310,N16k_K16_e,lchen8,r,10/01/2026,08:28:39,eddie@node1h04.ecdf.ed.ac.uk,1
59110057,0.00310,N16k_K20_e,lchen8,r,10/01/2026,08:30:03,eddie@node1h15.ecdf.ed.ac.uk,1
59112425,0.00310,N16k_K512_,lchen8,r,10/01/2026,08:31:17,eddie@node1h13.ecdf.ed.ac.uk,1
59110383,0.00310,N16k_K24_e,lchen8,r,10/01/2026,08:28:29,eddie@node1h09.ecdf.ed.ac.uk,1
59110843,0.00310,N16k_K48_e,lchen8,r,10/01/2026,08:28:02,eddie@node1f09.ecdf.ed.ac.uk,1
59111977,0.00310,N16k_K384_,lchen8,r,10/01/2026,08:28:56,eddie@node1j04.ecdf.ed.ac.uk,1
59111162,0.00310,N16k_K64_e,lchen8,r,10/01/2026,08:27:25,eddie@node1l28.ecdf.ed.ac.uk,1
59076891,0.00309,Scotland_f,dmilodow,r,09/30/2026,01:45:36,eddie@node1l10.ecdf.ed.ac.uk,3,839
59076891,0.00309,Scotland_f,dmilodow,r,09/30/2026,01:34:42,eddie@node1k06.ecdf.ed.ac.uk,3,836
59113258,0.00309,N16k_K8192,lchen8,r,10/01/2026,08:28:14,eddie@node1k02.ecdf.ed.ac.uk,1
59110169,0.00309,N16k_K20_e,lchen8,r,10/01/2026,08:23:17,eddie@node1h23.ecdf.ed.ac.uk,1
59110188,0.00309,N16k_K20_e,lchen8,r,10/01/2026,08:21:57,eddie@node1f09.ecdf.ed.ac.uk,1
59109408,0.00309,N16k_K1_e0,lchen8,r,10/01/2026,08:19:46,eddie@node1s13.ecdf.ed.ac.uk,1
59111791,0.00309,N16k_K320_,lchen8,r,10/01/2026,08:23:49,eddie@node1j26.ecdf.ed.ac.uk,1
59110389,0.00309,N16k_K24_e,lchen8,r,10/01/2026,08:19:18,eddie@node1s17.ecdf.ed.ac.uk,1
59110652,0.00308,N16k_K32_e,lchen8,r,10/01/2026,08:18:51,eddie@node1k06.ecdf.ed.ac.uk,1
59110705,0.00308,N16k_K32_e,lchen8,r,10/01/2026,08:20:18,eddie@node1h13.ecdf.ed.ac.uk,1
59111092,0.00308,N16k_K64_e,lchen8,r,10/01/2026,08:16:06,eddie@node1i13.ecdf.ed.ac.uk,1
59113707,0.00308,N16k_K3276,lchen8,r,10/01/2026,08:17:54,eddie@node1f13.ecdf.ed.ac.uk,1
59111279,0.00308,N16k_K128_,lchen8,r,10/01/2026,08:16:29,eddie@node1j09.ecdf.ed.ac.uk,1
59111991,0.00307,N16k_K384_,lchen8,r,10/01/2026,08:13:49,eddie@node1s20.ecdf.ed.ac.uk,1
59076891,0.00307,Scotland_f,dmilodow,r,09/30/2026,01:15:46,eddie@node1k02.ecdf.ed.ac.uk,3,832
59112418,0.00307,N16k_K512_,lchen8,r,10/01/2026,08:12:36,eddie@node1o10.ecdf.ed.ac.uk,1
59110604,0.00307,N16k_K32_e,lchen8,r,10/01/2026,08:08:38,eddie@node1l06.ecdf.ed.ac.uk,1
59111469,0.00307,N16k_K256_,lchen8,r,10/01/2026,08:10:13,eddie@node1f13.ecdf.ed.ac.uk,1
59109396,0.00307,N16k_K1_e0,lchen8,r,10/01/2026,08:04:40,eddie@node1k15.ecdf.ed.ac.uk,1
59076891,0.00306,Scotland_f,dmilodow,r,09/30/2026,01:07:59,eddie@node1j22.ecdf.ed.ac.uk,3,829
59135885,0.00306,bcla_T1,wwong3,r,10/01/2026,08:11:56,eddie@node1j01.ecdf.ed.ac.uk,16
59110660,0.00306,N16k_K32_e,lchen8,r,10/01/2026,08:01:36,eddie@node1m13.ecdf.ed.ac.uk,1
59110712,0.00306,N16k_K32_e,lchen8,r,10/01/2026,08:00:58,eddie@node1h13.ecdf.ed.ac.uk,1
59072676,0.00306,acetylh06,knicodem,r,09/29/2026,18:00:10,eddie@node1m08.ecdf.ed.ac.uk,1,568
59072676,0.00306,acetylh06,knicodem,r,09/29/2026,18:00:10,eddie@node1m08.ecdf.ed.ac.uk,1,569
59111357,0.00306,N16k_K128_,lchen8,r,10/01/2026,08:00:13,eddie@node1r18.ecdf.ed.ac.uk,1
59111892,0.00306,N16k_K384_,lchen8,r,10/01/2026,08:01:09,eddie@node1n03.ecdf.ed.ac.uk,1
59110028,0.00304,N16k_K16_e,lchen8,r,10/01/2026,07:51:53,eddie@node1l23.ecdf.ed.ac.uk,1
59113066,0.00304,N16k_K4096,lchen8,r,10/01/2026,07:53:19,eddie@node1l27.ecdf.ed.ac.uk,1
59110876,0.00304,N16k_K48_e,lchen8,r,10/01/2026,07:47:20,eddie@node1l05.ecdf.ed.ac.uk,1
59110318,0.00304,N16k_K24_e,lchen8,r,10/01/2026,07:44:57,eddie@node1p09.ecdf.ed.ac.uk,1
58992020,0.00303,Experiment,s2060501,r,09/24/2026,13:55:53,eddie@node1m08.ecdf.ed.ac.uk,10,73
59145326,0.00303,QLOGIN,s2756346,r,09/30/2026,22:47:41,gpu@node1g01.ecdf.ed.ac.uk,1
59110293,0.00303,N16k_K24_e,lchen8,r,10/01/2026,07:41:41,eddie@node1s09.ecdf.ed.ac.uk,1
59112212,0.00303,N16k_K448_,lchen8,r,10/01/2026,07:43:48,eddie@node1h22.ecdf.ed.ac.uk,1
59076891,0.00303,Scotland_f,dmilodow,r,09/30/2026,00:47:49,eddie@node1k06.ecdf.ed.ac.uk,3,827
59170330,0.00303,dv_pred,s2306173,r,10/01/2026,15:31:59,eddie@node1e03.ecdf.ed.ac.uk,9,1992
59112888,0.00303,N16k_K4096,lchen8,r,10/01/2026,07:41:56,eddie@node1f11.ecdf.ed.ac.uk,1
59111271,0.00301,N16k_K128_,lchen8,r,10/01/2026,07:31:56,eddie@node1m03.ecdf.ed.ac.uk,1
59111398,0.00301,N16k_K256_,lchen8,r,10/01/2026,07:31:23,eddie@node1r20.ecdf.ed.ac.uk,1
59076891,0.00301,Scotland_f,dmilodow,r,09/30/2026,00:38:09,eddie@node1r06.ecdf.ed.ac.uk,3,825
59076891,0.00301,Scotland_f,dmilodow,r,09/30/2026,00:38:09,eddie@node1r06.ecdf.ed.ac.uk,3,826
59111577,0.00301,N16k_K256_,lchen8,r,10/01/2026,07:32:00,eddie@node1l01.ecdf.ed.ac.uk,1
59141511,0.00301,meci_pyrr1,mcowley,r,10/01/2026,07:25:09,eddie@node1r12.ecdf.ed.ac.uk,16
59142777,0.00301,StandardCN,s2309335,r,09/30/2026,21:24:38,eddie@node1e03.ecdf.ed.ac.uk,1
59124696,0.00301,ce1,gl03pi9,r,09/30/2026,21:22:18,eddie@node1l15.ecdf.ed.ac.uk,8
59112596,0.00301,N16k_K1024,lchen8,r,10/01/2026,07:28:59,eddie@node1j02.ecdf.ed.ac.uk,1
59072676,0.00300,acetylh06,knicodem,r,09/29/2026,17:31:47,eddie@node1n11.ecdf.ed.ac.uk,1,564
59072676,0.00300,acetylh06,knicodem,r,09/29/2026,17:31:47,eddie@node1n11.ecdf.ed.ac.uk,1,565
59072676,0.00300,acetylh06,knicodem,r,09/29/2026,17:31:47,eddie@node1n11.ecdf.ed.ac.uk,1,566
59072676,0.00300,acetylh06,knicodem,r,09/29/2026,17:31:47,eddie@node1n11.ecdf.ed.ac.uk,1,567
59112362,0.00299,N16k_K512_,lchen8,r,10/01/2026,07:14:22,eddie@node1k20.ecdf.ed.ac.uk,1
59111523,0.00298,N16k_K256_,lchen8,r,10/01/2026,07:08:06,eddie@node1h16.ecdf.ed.ac.uk,1
59076891,0.00297,Scotland_f,dmilodow,r,09/30/2026,00:08:22,eddie@node1i24.ecdf.ed.ac.uk,3,818
59112141,0.00297,N16k_K448_,lchen8,r,10/01/2026,07:01:37,eddie@node1l22.ecdf.ed.ac.uk,1
59112191,0.00297,N16k_K448_,lchen8,r,10/01/2026,07:00:44,eddie@node1m01.ecdf.ed.ac.uk,1
59112682,0.00296,N16k_K2048,lchen8,r,10/01/2026,06:59:38,eddie@node1l02.ecdf.ed.ac.uk,1
59141510,0.00296,mneb_bisr1,mcowley,r,10/01/2026,05:09:59,eddie@node1j07.ecdf.ed.ac.uk,16
59109439,0.00296,N16k_K1_e0,lchen8,r,10/01/2026,07:24:26,eddie@node1o06.ecdf.ed.ac.uk,1
59109699,0.00296,N16k_K8_e0,lchen8,r,10/01/2026,07:23:07,eddie@node1r06.ecdf.ed.ac.uk,1
59109687,0.00296,N16k_K8_e0,lchen8,r,10/01/2026,06:56:17,eddie@node1o12.ecdf.ed.ac.uk,1
59109749,0.00296,N16k_K8_e0,lchen8,r,10/01/2026,07:03:17,eddie@node1j25.ecdf.ed.ac.uk,1
59109918,0.00296,N16k_K16_e,lchen8,r,10/01/2026,07:35:02,eddie@node1s16.ecdf.ed.ac.uk,1
59109985,0.00296,N16k_K16_e,lchen8,r,10/01/2026,06:53:35,eddie@node1h09.ecdf.ed.ac.uk,1
59110069,0.00296,N16k_K20_e,lchen8,r,10/01/2026,07:15:50,eddie@node1h05.ecdf.ed.ac.uk,1
59110090,0.00296,N16k_K20_e,lchen8,r,10/01/2026,07:09:12,eddie@node1s20.ecdf.ed.ac.uk,1
59110215,0.00296,N16k_K24_e,lchen8,r,10/01/2026,07:17:53,eddie@node1l05.ecdf.ed.ac.uk,1
59076891,0.00296,Scotland_f,dmilodow,r,09/29/2026,23:57:47,eddie@node1m05.ecdf.ed.ac.uk,3,816
59110551,0.00296,N16k_K28_e,lchen8,r,10/01/2026,06:55:03,eddie@node1r09.ecdf.ed.ac.uk,1
59110673,0.00296,N16k_K32_e,lchen8,r,10/01/2026,07:39:22,eddie@node1k08.ecdf.ed.ac.uk,1
59111079,0.00296,N16k_K64_e,lchen8,r,10/01/2026,07:20:31,eddie@node1h08.ecdf.ed.ac.uk,1
59111153,0.00296,N16k_K64_e,lchen8,r,10/01/2026,07:26:13,eddie@node1m22.ecdf.ed.ac.uk,1
59111113,0.00296,N16k_K64_e,lchen8,r,10/01/2026,07:30:23,eddie@node1o04.ecdf.ed.ac.uk,1
59111483,0.00296,N16k_K256_,lchen8,r,10/01/2026,07:15:06,eddie@node1m18.ecdf.ed.ac.uk,1
59076891,0.00296,Scotland_f,dmilodow,r,09/29/2026,23:54:09,eddie@node1h07.ecdf.ed.ac.uk,3,811
59111784,0.00296,N16k_K320_,lchen8,r,10/01/2026,06:56:44,eddie@node1h22.ecdf.ed.ac.uk,1
59111984,0.00296,N16k_K384_,lchen8,r,10/01/2026,07:38:19,eddie@node1m03.ecdf.ed.ac.uk,1
59076891,0.00296,Scotland_f,dmilodow,r,09/30/2026,00:13:42,eddie@node1j11.ecdf.ed.ac.uk,3,820
59076891,0.00296,Scotland_f,dmilodow,r,09/29/2026,23:57:50,eddie@node1m05.ecdf.ed.ac.uk,3,817
59112468,0.00295,N16k_K1024,lchen8,r,10/01/2026,07:43:56,eddie@node1r19.ecdf.ed.ac.uk,1
59112866,0.00295,N16k_K2048,lchen8,r,10/01/2026,07:26:59,eddie@node1m20.ecdf.ed.ac.uk,1
59112838,0.00295,N16k_K2048,lchen8,r,10/01/2026,07:05:30,eddie@node1s13.ecdf.ed.ac.uk,1
59112809,0.00295,N16k_K2048,lchen8,r,10/01/2026,07:46:05,eddie@node1h13.ecdf.ed.ac.uk,1
59112859,0.00295,N16k_K2048,lchen8,r,10/01/2026,07:05:41,eddie@node1n08.ecdf.ed.ac.uk,1
59113372,0.00295,N16k_K1638,lchen8,r,10/01/2026,06:54:29,eddie@node1j08.ecdf.ed.ac.uk,1
59113686,0.00295,N16k_K3276,lchen8,r,10/01/2026,07:39:15,eddie@node1l23.ecdf.ed.ac.uk,1
59109582,0.00295,N16k_K2_e0,lchen8,r,10/01/2026,06:47:06,eddie@node1r15.ecdf.ed.ac.uk,1
59109353,0.00295,N16k_K1_e0,lchen8,r,10/01/2026,06:45:21,eddie@node1h04.ecdf.ed.ac.uk,1
59109997,0.00295,N16k_K16_e,lchen8,r,10/01/2026,06:45:13,eddie@node1s14.ecdf.ed.ac.uk,1
59110646,0.00295,N16k_K32_e,lchen8,r,10/01/2026,06:44:42,eddie@node1l04.ecdf.ed.ac.uk,1
59072676,0.00295,acetylh06,knicodem,r,09/29/2026,16:53:12,eddie@node1m18.ecdf.ed.ac.uk,1,560
59072676,0.00295,acetylh06,knicodem,r,09/29/2026,16:53:12,eddie@node1m18.ecdf.ed.ac.uk,1,561
59072676,0.00295,acetylh06,knicodem,r,09/29/2026,16:53:12,eddie@node1m18.ecdf.ed.ac.uk,1,562
59110331,0.00295,N16k_K24_e,lchen8,r,10/01/2026,06:43:03,eddie@node1f16.ecdf.ed.ac.uk,1
59113130,0.00294,N16k_K8192,lchen8,r,10/01/2026,06:49:22,eddie@node1k06.ecdf.ed.ac.uk,1
59119344,0.00294,ce2,gl03pi18,r,09/30/2026,23:31:37,eddie@node1l12.ecdf.ed.ac.uk,8
59113023,0.00294,N16k_K4096,lchen8,r,10/01/2026,06:45:03,eddie@node1l24.ecdf.ed.ac.uk,1
59109626,0.00294,N16k_K2_e0,lchen8,r,10/01/2026,06:39:49,eddie@node1n16.ecdf.ed.ac.uk,1
59072676,0.00294,acetylh06,knicodem,r,09/29/2026,16:53:48,eddie@node1m18.ecdf.ed.ac.uk,1,563
59076891,0.00294,Scotland_f,dmilodow,r,09/29/2026,23:41:49,eddie@node1l20.ecdf.ed.ac.uk,3,809
59113151,0.00294,N16k_K8192,lchen8,r,10/01/2026,06:40:53,eddie@node1j09.ecdf.ed.ac.uk,1
59113337,0.00294,N16k_K1638,lchen8,r,10/01/2026,06:41:21,eddie@node1j08.ecdf.ed.ac.uk,1
59131288,0.00293,step7_ext,s2116644,r,10/01/2026,12:17:01,eddie@node1m04.ecdf.ed.ac.uk,8,24
59174092,0.00293,QLOGIN,s2756346,r,10/01/2026,15:40:51,gpu@node1g01.ecdf.ed.ac.uk,1
59110996,0.00293,N16k_K64_e,lchen8,r,10/01/2026,06:31:22,eddie@node1r06.ecdf.ed.ac.uk,1
59111914,0.00293,N16k_K384_,lchen8,r,10/01/2026,06:31:22,eddie@node1h03.ecdf.ed.ac.uk,1
59131288,0.00292,step7_ext,s2116644,r,10/01/2026,11:59:33,eddie@node1i17.ecdf.ed.ac.uk,8,23
59109840,0.00292,N16k_K8_e0,lchen8,r,10/01/2026,06:30:57,eddie@node1j27.ecdf.ed.ac.uk,1
59109834,0.00292,N16k_K8_e0,lchen8,r,10/01/2026,06:26:24,eddie@node1s15.ecdf.ed.ac.uk,1
59076891,0.00291,Scotland_f,dmilodow,r,09/29/2026,23:21:07,eddie@node1j08.ecdf.ed.ac.uk,3,807
59072676,0.00291,acetylh06,knicodem,r,09/29/2026,16:30:50,eddie@node1n07.ecdf.ed.ac.uk,1,556
59072676,0.00291,acetylh06,knicodem,r,09/29/2026,16:30:50,eddie@node1n07.ecdf.ed.ac.uk,1,557
59072676,0.00291,acetylh06,knicodem,r,09/29/2026,16:30:50,eddie@node1n07.ecdf.ed.ac.uk,1,558
59072676,0.00291,acetylh06,knicodem,r,09/29/2026,16:30:50,eddie@node1n07.ecdf.ed.ac.uk,1,559
59111214,0.00291,N16k_K128_,lchen8,r,10/01/2026,06:22:07,eddie@node1l23.ecdf.ed.ac.uk,1
59131288,0.00291,step7_ext,s2116644,r,10/01/2026,11:36:23,eddie@node1e04.ecdf.ed.ac.uk,8,22
59112654,0.00291,N16k_K1024,lchen8,r,10/01/2026,06:25:40,eddie@node1k09.ecdf.ed.ac.uk,1
59159759,0.00291,QLOGIN,s1903776,r,10/01/2026,10:10:59,eddie@node1j24.ecdf.ed.ac.uk,10
59076891,0.00291,Scotland_f,dmilodow,r,09/29/2026,23:18:20,eddie@node1n13.ecdf.ed.ac.uk,3,806
59076891,0.00291,Scotland_f,dmilodow,r,09/29/2026,23:08:29,eddie@node1f12.ecdf.ed.ac.uk,3,804
59076891,0.00291,Scotland_f,dmilodow,r,09/29/2026,23:08:29,eddie@node1k08.ecdf.ed.ac.uk,3,805
59076891,0.00291,Scotland_f,dmilodow,r,09/29/2026,23:07:43,eddie@node1r17.ecdf.ed.ac.uk,3,790
59076891,0.00291,Scotland_f,dmilodow,r,09/29/2026,23:07:43,eddie@node1o10.ecdf.ed.ac.uk,3,791
59076891,0.00291,Scotland_f,dmilodow,r,09/29/2026,23:07:43,eddie@node1h04.ecdf.ed.ac.uk,3,792
59076891,0.00291,Scotland_f,dmilodow,r,09/29/2026,23:07:43,eddie@node1o12.ecdf.ed.ac.uk,3,793
59076891,0.00291,Scotland_f,dmilodow,r,09/29/2026,23:07:43,eddie@node1j27.ecdf.ed.ac.uk,3,794
59076891,0.00291,Scotland_f,dmilodow,r,09/29/2026,23:07:43,eddie@node1k02.ecdf.ed.ac.uk,3,795
59076891,0.00291,Scotland_f,dmilodow,r,09/29/2026,23:07:43,eddie@node1j02.ecdf.ed.ac.uk,3,796
59076891,0.00291,Scotland_f,dmilodow,r,09/29/2026,23:07:43,eddie@node1l20.ecdf.ed.ac.uk,3,797
59076891,0.00291,Scotland_f,dmilodow,r,09/29/2026,23:07:43,eddie@node1j10.ecdf.ed.ac.uk,3,798
59076891,0.00291,Scotland_f,dmilodow,r,09/29/2026,23:07:43,eddie@node1k05.ecdf.ed.ac.uk,3,799
59076891,0.00291,Scotland_f,dmilodow,r,09/29/2026,23:07:43,eddie@node1l07.ecdf.ed.ac.uk,3,800
59076891,0.00291,Scotland_f,dmilodow,r,09/29/2026,23:07:43,eddie@node1k07.ecdf.ed.ac.uk,3,801
59076891,0.00291,Scotland_f,dmilodow,r,09/29/2026,23:07:43,eddie@node1n15.ecdf.ed.ac.uk,3,802
59076891,0.00291,Scotland_f,dmilodow,r,09/29/2026,23:07:43,eddie@node1n13.ecdf.ed.ac.uk,3,803
59140486,0.00290,ExonUsage_,s2556897,r,09/30/2026,19:25:24,igmm_long@node1b05.ecdf.ed.ac.,1,102
59112895,0.00290,N16k_K4096,lchen8,r,10/01/2026,06:17:04,eddie@node1j26.ecdf.ed.ac.uk,1
59112902,0.00290,N16k_K4096,lchen8,r,10/01/2026,06:14:34,eddie@node1j26.ecdf.ed.ac.uk,1
59076891,0.00290,Scotland_f,dmilodow,r,09/29/2026,22:59:19,eddie@node1m05.ecdf.ed.ac.uk,3,787
59072676,0.00290,acetylh06,knicodem,r,09/29/2026,16:18:51,eddie@node1n07.ecdf.ed.ac.uk,1,552
59072676,0.00290,acetylh06,knicodem,r,09/29/2026,16:18:51,eddie@node1n07.ecdf.ed.ac.uk,1,553
59072676,0.00290,acetylh06,knicodem,r,09/29/2026,16:18:51,eddie@node1n07.ecdf.ed.ac.uk,1,554
59072676,0.00290,acetylh06,knicodem,r,09/29/2026,16:18:51,eddie@node1n07.ecdf.ed.ac.uk,1,555
59072676,0.00289,acetylh06,knicodem,r,09/29/2026,16:17:44,eddie@node1m10.ecdf.ed.ac.uk,1,550
59072676,0.00289,acetylh06,knicodem,r,09/29/2026,16:17:44,eddie@node1m10.ecdf.ed.ac.uk,1,551
59134128,0.00289,step7_gate,s2116644,r,10/01/2026,14:09:12,eddie@node1l08.ecdf.ed.ac.uk,8,220
59109531,0.00289,N16k_K2_e0,lchen8,r,10/01/2026,06:06:07,eddie@node1h15.ecdf.ed.ac.uk,1
59109693,0.00289,N16k_K8_e0,lchen8,r,10/01/2026,06:03:32,eddie@node1h16.ecdf.ed.ac.uk,1
59076891,0.00289,Scotland_f,dmilodow,r,09/29/2026,22:53:52,eddie@node1k04.ecdf.ed.ac.uk,3,786
59110785,0.00289,N16k_K48_e,lchen8,r,10/01/2026,06:04:59,eddie@node1l24.ecdf.ed.ac.uk,1
59110928,0.00289,N16k_K48_e,lchen8,r,10/01/2026,06:04:13,eddie@node1r17.ecdf.ed.ac.uk,1
58655621,0.00288,runlisfloo,awilso19,r,09/16/2026,20:55:51,eddie@node1s11.ecdf.ed.ac.uk,1,5143
58655621,0.00288,runlisfloo,awilso19,r,09/16/2026,20:55:51,eddie@node1s11.ecdf.ed.ac.uk,1,5144
58655621,0.00288,runlisfloo,awilso19,r,09/16/2026,20:55:51,eddie@node1s11.ecdf.ed.ac.uk,1,5145
58655621,0.00288,runlisfloo,awilso19,r,09/16/2026,20:55:51,eddie@node1s11.ecdf.ed.ac.uk,1,5146
58655621,0.00288,runlisfloo,awilso19,r,09/16/2026,20:55:51,eddie@node1s11.ecdf.ed.ac.uk,1,5147
58655621,0.00288,runlisfloo,awilso19,r,09/16/2026,20:55:51,eddie@node1s11.ecdf.ed.ac.uk,1,5148
59110337,0.00288,N16k_K24_e,lchen8,r,10/01/2026,06:00:08,eddie@node1h08.ecdf.ed.ac.uk,1
59171901,0.00288,userGWAS_n,s1713158,r,10/01/2026,15:31:59,eddie@node1e05.ecdf.ed.ac.uk,8,4
59134128,0.00288,step7_gate,s2116644,r,10/01/2026,14:09:15,eddie@node1f03.ecdf.ed.ac.uk,8,256
59134128,0.00286,step7_gate,s2116644,r,10/01/2026,14:09:27,eddie@node1m09.ecdf.ed.ac.uk,8,324
59112625,0.00286,N16k_K1024,lchen8,r,10/01/2026,05:51:11,eddie@node1f07.ecdf.ed.ac.uk,1
59113244,0.00286,N16k_K8192,lchen8,r,10/01/2026,05:50:18,eddie@node1i17.ecdf.ed.ac.uk,1
59131288,0.00286,step7_ext,s2116644,r,10/01/2026,10:27:24,eddie@node1j05.ecdf.ed.ac.uk,8,21
59109499,0.00286,N16k_K2_e0,lchen8,r,10/01/2026,06:02:09,eddie@node1r20.ecdf.ed.ac.uk,1
59110015,0.00286,N16k_K16_e,lchen8,r,10/01/2026,05:58:39,eddie@node1r20.ecdf.ed.ac.uk,1
59131288,0.00286,step7_ext,s2116644,r,10/01/2026,10:27:11,eddie@node1f03.ecdf.ed.ac.uk,8,20
59110538,0.00286,N16k_K28_e,lchen8,r,10/01/2026,06:02:57,eddie@node1r08.ecdf.ed.ac.uk,1
59110638,0.00286,N16k_K32_e,lchen8,r,10/01/2026,05:48:09,eddie@node1i16.ecdf.ed.ac.uk,1
59110667,0.00286,N16k_K32_e,lchen8,r,10/01/2026,05:49:27,eddie@node1j22.ecdf.ed.ac.uk,1
59110902,0.00286,N16k_K48_e,lchen8,r,10/01/2026,06:08:56,eddie@node1h09.ecdf.ed.ac.uk,1
59110949,0.00286,N16k_K48_e,lchen8,r,10/01/2026,06:12:21,eddie@node1k06.ecdf.ed.ac.uk,1
59111072,0.00286,N16k_K64_e,lchen8,r,10/01/2026,06:11:41,eddie@node1r15.ecdf.ed.ac.uk,1
59111099,0.00286,N16k_K64_e,lchen8,r,10/01/2026,06:00:59,eddie@node1n16.ecdf.ed.ac.uk,1
59076891,0.00286,Scotland_f,dmilodow,r,09/29/2026,22:32:53,eddie@node1j06.ecdf.ed.ac.uk,3,777
59111585,0.00286,N16k_K256_,lchen8,r,10/01/2026,05:56:07,eddie@node1r05.ecdf.ed.ac.uk,1
59111798,0.00286,N16k_K320_,lchen8,r,10/01/2026,06:03:08,eddie@node1j26.ecdf.ed.ac.uk,1
59112916,0.00286,N16k_K4096,lchen8,r,10/01/2026,06:08:35,eddie@node1h06.ecdf.ed.ac.uk,1
59076891,0.00286,Scotland_f,dmilodow,r,09/29/2026,22:30:31,eddie@node1h08.ecdf.ed.ac.uk,3,775
59076891,0.00286,Scotland_f,dmilodow,r,09/29/2026,22:30:31,eddie@node1h08.ecdf.ed.ac.uk,3,776
59113513,0.00285,N16k_K3276,lchen8,r,10/01/2026,05:47:48,eddie@node1j19.ecdf.ed.ac.uk,1
59113557,0.00285,N16k_K3276,lchen8,r,10/01/2026,05:48:06,eddie@node1l27.ecdf.ed.ac.uk,1
59076891,0.00285,Scotland_f,dmilodow,r,09/29/2026,22:26:35,eddie@node1l20.ecdf.ed.ac.uk,3,774
59076891,0.00285,Scotland_f,dmilodow,r,09/29/2026,22:24:35,eddie@node1s13.ecdf.ed.ac.uk,3,773
59076891,0.00284,Scotland_f,dmilodow,r,09/29/2026,22:23:52,eddie@node1k07.ecdf.ed.ac.uk,3,772
59134128,0.00284,step7_gate,s2116644,r,10/01/2026,14:09:37,eddie@node1k18.ecdf.ed.ac.uk,8,395
59112439,0.00284,N16k_K512_,lchen8,r,10/01/2026,05:34:22,eddie@node1o06.ecdf.ed.ac.uk,1
59110943,0.00284,N16k_K48_e,lchen8,r,10/01/2026,05:31:24,eddie@node1h13.ecdf.ed.ac.uk,1
59113520,0.00284,N16k_K3276,lchen8,r,10/01/2026,05:35:00,eddie@node1j07.ecdf.ed.ac.uk,1
59110508,0.00283,N16k_K28_e,lchen8,r,10/01/2026,05:26:55,eddie@node1m21.ecdf.ed.ac.uk,1
59109880,0.00283,N16k_K16_e,lchen8,r,10/01/2026,05:24:15,eddie@node1l01.ecdf.ed.ac.uk,1
59113081,0.00283,N16k_K4096,lchen8,r,10/01/2026,05:28:03,eddie@node1l27.ecdf.ed.ac.uk,1
59076891,0.00283,Scotland_f,dmilodow,r,09/29/2026,22:13:02,eddie@node1k02.ecdf.ed.ac.uk,3,764
59076891,0.00283,Scotland_f,dmilodow,r,09/29/2026,22:11:26,eddie@node1m05.ecdf.ed.ac.uk,3,760
59076891,0.00283,Scotland_f,dmilodow,r,09/29/2026,22:11:26,eddie@node1m05.ecdf.ed.ac.uk,3,761
59076891,0.00282,Scotland_f,dmilodow,r,09/29/2026,22:07:39,eddie@node1j17.ecdf.ed.ac.uk,3,755
59109384,0.00282,N16k_K1_e0,lchen8,r,10/01/2026,05:19:25,eddie@node1l22.ecdf.ed.ac.uk,1
59160106,0.00282,precMS-atr,cfarrugi,r,10/01/2026,14:09:10,eddie@node1h15.ecdf.ed.ac.uk,8
59076891,0.00282,Scotland_f,dmilodow,r,09/29/2026,22:05:39,eddie@node1n16.ecdf.ed.ac.uk,3,754
59110849,0.00282,N16k_K48_e,lchen8,r,10/01/2026,05:18:04,eddie@node1f13.ecdf.ed.ac.uk,1
59111250,0.00282,N16k_K128_,lchen8,r,10/01/2026,05:39:26,eddie@node1k04.ecdf.ed.ac.uk,1
59111998,0.00282,N16k_K384_,lchen8,r,10/01/2026,05:21:37,eddie@node1r14.ecdf.ed.ac.uk,1
59112176,0.00282,N16k_K448_,lchen8,r,10/01/2026,05:20:39,eddie@node1h04.ecdf.ed.ac.uk,1
59112283,0.00282,N16k_K512_,lchen8,r,10/01/2026,05:23:56,eddie@node1h22.ecdf.ed.ac.uk,1
59112909,0.00281,N16k_K4096,lchen8,r,10/01/2026,05:16:50,eddie@node1h22.ecdf.ed.ac.uk,1
59076891,0.00281,Scotland_f,dmilodow,r,09/29/2026,22:02:50,eddie@node1s20.ecdf.ed.ac.uk,3,751
59113073,0.00281,N16k_K4096,lchen8,r,10/01/2026,05:38:48,eddie@node1i16.ecdf.ed.ac.uk,1
59134128,0.00281,step7_gate,s2116644,r,10/01/2026,14:09:38,eddie@node1q05.ecdf.ed.ac.uk,8,429
59134128,0.00281,step7_gate,s2116644,r,10/01/2026,14:09:38,eddie@node1e02.ecdf.ed.ac.uk,8,432
59172308,0.00280,fp_call_E2,rguest,r,10/01/2026,14:55:13,igmm_long@node1a03.ecdf.ed.ac.,1,1
59131288,0.00280,step7_ext,s2116644,r,10/01/2026,09:38:35,eddie@node1j21.ecdf.ed.ac.uk,8,19
59076891,0.00280,Scotland_f,dmilodow,r,09/29/2026,21:49:35,eddie@node1s15.ecdf.ed.ac.uk,3,744
59076891,0.00280,Scotland_f,dmilodow,r,09/29/2026,21:48:59,eddie@node1o11.ecdf.ed.ac.uk,3,742
59134128,0.00280,step7_gate,s2116644,r,10/01/2026,14:09:44,eddie@node1i25.ecdf.ed.ac.uk,8,447
59171779,0.00278,softrex_e1,s3012162,r,10/01/2026,15:24:17,eddie@node1m10.ecdf.ed.ac.uk,1,13
59111605,0.00278,N16k_K320_,lchen8,r,10/01/2026,04:49:32,eddie@node1r19.ecdf.ed.ac.uk,1
59131288,0.00277,step7_ext,s2116644,r,10/01/2026,09:00:12,eddie@node1l20.ecdf.ed.ac.uk,8,17
59076891,0.00276,Scotland_f,dmilodow,r,09/29/2026,21:27:21,eddie@node1k05.ecdf.ed.ac.uk,3,732
59112048,0.00276,N16k_K448_,lchen8,r,10/01/2026,04:40:33,eddie@node1j18.ecdf.ed.ac.uk,1
59110720,0.00276,N16k_K32_e,lchen8,r,10/01/2026,05:06:25,eddie@node1j07.ecdf.ed.ac.uk,1
59110790,0.00276,N16k_K48_e,lchen8,r,10/01/2026,04:57:32,eddie@node1o10.ecdf.ed.ac.uk,1
59112668,0.00276,N16k_K2048,lchen8,r,10/01/2026,04:40:30,eddie@node1n16.ecdf.ed.ac.uk,1
59111147,0.00276,N16k_K64_e,lchen8,r,10/01/2026,05:07:27,eddie@node1s15.ecdf.ed.ac.uk,1
59110962,0.00276,N16k_K48_e,lchen8,r,10/01/2026,04:37:37,eddie@node1h16.ecdf.ed.ac.uk,1
59109420,0.00276,N16k_K1_e0,lchen8,r,10/01/2026,04:33:56,eddie@node1l24.ecdf.ed.ac.uk,1
59113379,0.00276,N16k_K1638,lchen8,r,10/01/2026,04:55:12,eddie@node1f11.ecdf.ed.ac.uk,1
59113693,0.00276,N16k_K3276,lchen8,r,10/01/2026,04:53:36,eddie@node1h11.ecdf.ed.ac.uk,1
59076891,0.00275,Scotland_f,dmilodow,r,09/29/2026,21:17:30,eddie@node1h16.ecdf.ed.ac.uk,3,723
59076891,0.00275,Scotland_f,dmilodow,r,09/29/2026,21:17:30,eddie@node1h16.ecdf.ed.ac.uk,3,724
59110353,0.00275,N16k_K24_e,lchen8,r,10/01/2026,04:32:51,eddie@node1o05.ecdf.ed.ac.uk,1
59093117,0.00275,l0p04_L614,s2563493,r,09/30/2026,08:21:44,gpu@node1o02.ecdf.ed.ac.uk,2
59111419,0.00275,N16k_K256_,lchen8,r,10/01/2026,04:28:19,eddie@node1k04.ecdf.ed.ac.uk,1
59112710,0.00275,N16k_K2048,lchen8,r,10/01/2026,04:34:44,eddie@node1n16.ecdf.ed.ac.uk,1
59112879,0.00275,N16k_K4096,lchen8,r,10/01/2026,04:29:28,eddie@node1j02.ecdf.ed.ac.uk,1
59076891,0.00274,Scotland_f,dmilodow,r,09/29/2026,21:12:00,eddie@node1r17.ecdf.ed.ac.uk,3,719
59076891,0.00274,Scotland_f,dmilodow,r,09/29/2026,21:12:00,eddie@node1r17.ecdf.ed.ac.uk,3,720
59076891,0.00274,Scotland_f,dmilodow,r,09/29/2026,21:13:23,eddie@node1j06.ecdf.ed.ac.uk,3,721
59076891,0.00274,Scotland_f,dmilodow,r,09/29/2026,21:09:52,eddie@node1j11.ecdf.ed.ac.uk,3,713
59129349,0.00274,pub_S0,wwong3,r,10/01/2026,00:11:31,eddie@node1o14.ecdf.ed.ac.uk,16
59134128,0.00274,step7_gate,s2116644,r,10/01/2026,14:09:39,eddie@node1d03.ecdf.ed.ac.uk,8,437
59076891,0.00272,Scotland_f,dmilodow,r,09/29/2026,21:05:22,eddie@node1h09.ecdf.ed.ac.uk,3,711
59072676,0.00272,acetylh06,knicodem,r,09/29/2026,14:21:28,eddie@node1n01.ecdf.ed.ac.uk,1,546
59072676,0.00272,acetylh06,knicodem,r,09/29/2026,14:21:28,eddie@node1n01.ecdf.ed.ac.uk,1,547
59072676,0.00272,acetylh06,knicodem,r,09/29/2026,14:21:28,eddie@node1n01.ecdf.ed.ac.uk,1,548
59076891,0.00272,Scotland_f,dmilodow,r,09/29/2026,20:54:11,eddie@node1r15.ecdf.ed.ac.uk,3,708
59076891,0.00271,Scotland_f,dmilodow,r,09/29/2026,20:50:54,eddie@node1j11.ecdf.ed.ac.uk,3,706
59072676,0.00271,acetylh06,knicodem,r,09/29/2026,14:22:27,eddie@node1n01.ecdf.ed.ac.uk,1,549
59131288,0.00270,step7_ext,s2116644,r,10/01/2026,07:54:14,eddie@node1d06.ecdf.ed.ac.uk,8,16
59114018,0.00270,ce1,gs10us1,r,10/01/2026,01:03:23,eddie@node1l14.ecdf.ed.ac.uk,4
59109432,0.00270,N16k_K1_e0,lchen8,r,10/01/2026,03:50:51,eddie@node1l28.ecdf.ed.ac.uk,1
59109426,0.00269,N16k_K1_e0,lchen8,r,10/01/2026,04:25:09,eddie@node1f11.ecdf.ed.ac.uk,1
59109543,0.00269,N16k_K2_e0,lchen8,r,10/01/2026,04:04:18,eddie@node1l25.ecdf.ed.ac.uk,1
59110274,0.00269,N16k_K24_e,lchen8,r,10/01/2026,04:18:32,eddie@node1o05.ecdf.ed.ac.uk,1
59110732,0.00269,N16k_K32_e,lchen8,r,10/01/2026,04:01:20,eddie@node1j04.ecdf.ed.ac.uk,1
59111545,0.00268,N16k_K256_,lchen8,r,10/01/2026,04:22:42,eddie@node1n16.ecdf.ed.ac.uk,1
59111570,0.00268,N16k_K256_,lchen8,r,10/01/2026,04:22:20,eddie@node1f07.ecdf.ed.ac.uk,1
59111770,0.00268,N16k_K320_,lchen8,r,10/01/2026,03:56:42,eddie@node1n02.ecdf.ed.ac.uk,1
59114362,0.00268,ce1,gs10us1,r,10/01/2026,01:08:44,eddie@node1l18.ecdf.ed.ac.uk,4
59114364,0.00268,ce1,gs10us1,r,10/01/2026,01:08:45,eddie@node1l12.ecdf.ed.ac.uk,4
59112646,0.00268,N16k_K1024,lchen8,r,10/01/2026,03:56:30,eddie@node1l02.ecdf.ed.ac.uk,1
59113093,0.00268,N16k_K8192,lchen8,r,10/01/2026,04:17:52,eddie@node1h12.ecdf.ed.ac.uk,1
59113223,0.00268,N16k_K8192,lchen8,r,10/01/2026,03:53:05,eddie@node1s20.ecdf.ed.ac.uk,1
59113300,0.00268,N16k_K1638,lchen8,r,10/01/2026,04:22:34,eddie@node1l20.ecdf.ed.ac.uk,1
59109322,0.00268,N16k_K1_e0,lchen8,r,10/01/2026,03:41:24,eddie@node1s17.ecdf.ed.ac.uk,1
59113429,0.00268,N16k_K1638,lchen8,r,10/01/2026,04:19:42,eddie@node1l10.ecdf.ed.ac.uk,1
59113450,0.00268,N16k_K1638,lchen8,r,10/01/2026,04:19:22,eddie@node1l10.ecdf.ed.ac.uk,1
59113570,0.00268,N16k_K3276,lchen8,r,10/01/2026,03:58:06,eddie@node1r19.ecdf.ed.ac.uk,1
59112020,0.00268,N16k_K448_,lchen8,r,10/01/2026,03:44:09,eddie@node1n16.ecdf.ed.ac.uk,1
59112931,0.00268,N16k_K4096,lchen8,r,10/01/2026,03:41:02,eddie@node1n16.ecdf.ed.ac.uk,1
59076891,0.00267,Scotland_f,dmilodow,r,09/29/2026,20:28:26,eddie@node1s15.ecdf.ed.ac.uk,3,701
59076891,0.00267,Scotland_f,dmilodow,r,09/29/2026,20:24:00,eddie@node1o10.ecdf.ed.ac.uk,3,696
59076891,0.00267,Scotland_f,dmilodow,r,09/29/2026,20:24:29,eddie@node1j11.ecdf.ed.ac.uk,3,697
59076891,0.00267,Scotland_f,dmilodow,r,09/29/2026,20:21:11,eddie@node1k05.ecdf.ed.ac.uk,3,694
59111167,0.00267,N16k_K64_e,lchen8,r,10/01/2026,03:34:06,eddie@node1k06.ecdf.ed.ac.uk,1
59109822,0.00267,N16k_K8_e0,lchen8,r,10/01/2026,03:34:50,eddie@node1l04.ecdf.ed.ac.uk,1
59111591,0.00266,N16k_K320_,lchen8,r,10/01/2026,03:34:54,eddie@node1r09.ecdf.ed.ac.uk,1
59076891,0.00266,Scotland_f,dmilodow,r,09/29/2026,20:20:41,eddie@node1l06.ecdf.ed.ac.uk,3,693
59111812,0.00266,N16k_K384_,lchen8,r,10/01/2026,03:28:55,eddie@node1r12.ecdf.ed.ac.uk,1
59109863,0.00265,N16k_K8_e0,lchen8,r,10/01/2026,03:23:30,eddie@node1h16.ecdf.ed.ac.uk,1
59110040,0.00265,N16k_K16_e,lchen8,r,10/01/2026,03:20:24,eddie@node1h06.ecdf.ed.ac.uk,1
59113486,0.00264,N16k_K1638,lchen8,r,10/01/2026,03:19:49,eddie@node1k09.ecdf.ed.ac.uk,1
59112746,0.00264,N16k_K2048,lchen8,r,10/01/2026,03:17:35,eddie@node1l28.ecdf.ed.ac.uk,1
59076891,0.00264,Scotland_f,dmilodow,r,09/29/2026,20:11:37,eddie@node1k05.ecdf.ed.ac.uk,3,690
59076891,0.00264,Scotland_f,dmilodow,r,09/29/2026,20:06:45,eddie@node1m07.ecdf.ed.ac.uk,3,689
59076891,0.00264,Scotland_f,dmilodow,r,09/29/2026,20:01:21,eddie@node1l19.ecdf.ed.ac.uk,3,685
59076891,0.00264,Scotland_f,dmilodow,r,09/29/2026,20:00:06,eddie@node1k07.ecdf.ed.ac.uk,3,683
59110686,0.00263,N16k_K32_e,lchen8,r,10/01/2026,03:05:05,eddie@node1n16.ecdf.ed.ac.uk,1
59170330,0.00262,dv_pred,s2306173,r,10/01/2026,14:35:55,eddie@node1e08.ecdf.ed.ac.uk,9,1989
59115192,0.00262,ce1,gs10us1,r,10/01/2026,01:08:50,eddie@node1l15.ecdf.ed.ac.uk,4
59115582,0.00261,ce1,gs10us1,r,10/01/2026,01:11:39,eddie@node1l18.ecdf.ed.ac.uk,4
59115327,0.00261,ce1,gs10us1,r,10/01/2026,01:08:50,eddie@node1l17.ecdf.ed.ac.uk,4
59129348,0.00261,pub_T1,wwong3,r,09/30/2026,21:43:26,eddie@node1e04.ecdf.ed.ac.uk,16
59076891,0.00261,Scotland_f,dmilodow,r,09/29/2026,19:38:28,eddie@node1j17.ecdf.ed.ac.uk,3,682
59115471,0.00260,ce1,gs10us1,r,10/01/2026,01:08:55,eddie@node1l14.ecdf.ed.ac.uk,4
59115502,0.00260,ce1,gs10us1,r,10/01/2026,01:08:55,eddie@node1l13.ecdf.ed.ac.uk,4
59115557,0.00260,ce1,gs10us1,r,10/01/2026,01:09:04,eddie@node1l11.ecdf.ed.ac.uk,4
59111140,0.00260,N16k_K64_e,lchen8,r,10/01/2026,02:44:37,eddie@node1h22.ecdf.ed.ac.uk,1
59110009,0.00259,N16k_K16_e,lchen8,r,10/01/2026,02:41:09,eddie@node1l09.ecdf.ed.ac.uk,1
59113343,0.00259,N16k_K1638,lchen8,r,10/01/2026,02:43:11,eddie@node1o12.ecdf.ed.ac.uk,1
59170330,0.00259,dv_pred,s2306173,r,10/01/2026,15:31:59,eddie@node1d03.ecdf.ed.ac.uk,9,1993
59112445,0.00259,N16k_K1024,lchen8,r,10/01/2026,02:41:55,eddie@node1m14.ecdf.ed.ac.uk,1
59076891,0.00259,Scotland_f,dmilodow,r,09/29/2026,19:26:11,eddie@node1o11.ecdf.ed.ac.uk,3,673
59076891,0.00259,Scotland_f,dmilodow,r,09/29/2026,19:26:29,eddie@node1j05.ecdf.ed.ac.uk,3,674
59076891,0.00259,Scotland_f,dmilodow,r,09/29/2026,19:27:19,eddie@node1j01.ecdf.ed.ac.uk,3,676
59110890,0.00259,N16k_K48_e,lchen8,r,10/01/2026,02:37:19,eddie@node1n16.ecdf.ed.ac.uk,1
59112340,0.00258,N16k_K512_,lchen8,r,10/01/2026,02:37:56,eddie@node1l08.ecdf.ed.ac.uk,1
59076891,0.00258,Scotland_f,dmilodow,r,09/29/2026,19:20:20,eddie@node1j19.ecdf.ed.ac.uk,3,668
59076891,0.00258,Scotland_f,dmilodow,r,09/29/2026,19:22:49,eddie@node1k07.ecdf.ed.ac.uk,3,672
59076891,0.00258,Scotland_f,dmilodow,r,09/29/2026,19:21:20,eddie@node1k07.ecdf.ed.ac.uk,3,669
59076891,0.00258,Scotland_f,dmilodow,r,09/29/2026,19:21:31,eddie@node1j17.ecdf.ed.ac.uk,3,670
59076891,0.00258,Scotland_f,dmilodow,r,09/29/2026,19:21:31,eddie@node1m03.ecdf.ed.ac.uk,3,671
59076891,0.00257,Scotland_f,dmilodow,r,09/29/2026,19:16:16,eddie@node1l06.ecdf.ed.ac.uk,3,665
59109991,0.00257,N16k_K16_e,lchen8,r,10/01/2026,02:28:16,eddie@node1j23.ecdf.ed.ac.uk,1
59072676,0.00257,acetylh06,knicodem,r,09/29/2026,12:34:16,eddie@node1s10.ecdf.ed.ac.uk,1,542
59072676,0.00257,acetylh06,knicodem,r,09/29/2026,12:34:16,eddie@node1s10.ecdf.ed.ac.uk,1,543
59072676,0.00257,acetylh06,knicodem,r,09/29/2026,12:34:16,eddie@node1s10.ecdf.ed.ac.uk,1,544
59072676,0.00257,acetylh06,knicodem,r,09/29/2026,12:34:16,eddie@node1s10.ecdf.ed.ac.uk,1,545
59076891,0.00256,Scotland_f,dmilodow,r,09/29/2026,19:13:03,eddie@node1k02.ecdf.ed.ac.uk,3,663
59076891,0.00256,Scotland_f,dmilodow,r,09/29/2026,19:08:48,eddie@node1l03.ecdf.ed.ac.uk,3,660
59076891,0.00256,Scotland_f,dmilodow,r,09/29/2026,19:05:10,eddie@node1h22.ecdf.ed.ac.uk,3,659
59116615,0.00256,ce1,gs10us1,r,10/01/2026,01:13:06,eddie@node1l15.ecdf.ed.ac.uk,4
59076891,0.00256,Scotland_f,dmilodow,r,09/29/2026,19:03:14,eddie@node1k07.ecdf.ed.ac.uk,3,657
59076891,0.00256,Scotland_f,dmilodow,r,09/29/2026,19:02:30,eddie@node1l19.ecdf.ed.ac.uk,3,655
59076891,0.00256,Scotland_f,dmilodow,r,09/29/2026,19:02:30,eddie@node1n16.ecdf.ed.ac.uk,3,656
59109316,0.00256,N16k_K1_e0,lchen8,r,10/01/2026,02:31:06,eddie@node1f16.ecdf.ed.ac.uk,1
59109341,0.00256,N16k_K1_e0,lchen8,r,10/01/2026,02:30:05,eddie@node1r17.ecdf.ed.ac.uk,1
59109347,0.00256,N16k_K1_e0,lchen8,r,10/01/2026,02:19:42,eddie@node1m06.ecdf.ed.ac.uk,1
59129346,0.00256,peb_T1,wwong3,r,09/30/2026,20:34:35,eddie@node1f01.ecdf.ed.ac.uk,16
59109953,0.00255,N16k_K16_e,lchen8,r,10/01/2026,02:16:38,eddie@node1o14.ecdf.ed.ac.uk,1
59110823,0.00255,N16k_K48_e,lchen8,r,10/01/2026,02:31:06,eddie@node1h13.ecdf.ed.ac.uk,1
59116789,0.00255,ce1,gs10us1,r,10/01/2026,01:13:29,eddie@node1l17.ecdf.ed.ac.uk,4
59072676,0.00255,acetylh06,knicodem,r,09/29/2026,12:25:59,eddie@node1m11.ecdf.ed.ac.uk,1,538
59072676,0.00255,acetylh06,knicodem,r,09/29/2026,12:25:59,eddie@node1m11.ecdf.ed.ac.uk,1,539
59072676,0.00255,acetylh06,knicodem,r,09/29/2026,12:25:59,eddie@node1m11.ecdf.ed.ac.uk,1,540
59072676,0.00255,acetylh06,knicodem,r,09/29/2026,12:25:59,eddie@node1m11.ecdf.ed.ac.uk,1,541
59072676,0.00255,acetylh06,knicodem,r,09/29/2026,12:24:55,eddie@node1m11.ecdf.ed.ac.uk,1,536
59072676,0.00255,acetylh06,knicodem,r,09/29/2026,12:24:55,eddie@node1m11.ecdf.ed.ac.uk,1,537
59116810,0.00255,ce1,gs10us1,r,10/01/2026,01:13:40,eddie@node1l13.ecdf.ed.ac.uk,4
59113535,0.00255,N16k_K3276,lchen8,r,10/01/2026,02:35:56,eddie@node1j03.ecdf.ed.ac.uk,1
59113584,0.00255,N16k_K3276,lchen8,r,10/01/2026,02:35:30,eddie@node1h09.ecdf.ed.ac.uk,1
59116833,0.00255,ce1,gs10us1,r,10/01/2026,01:14:10,eddie@node1l12.ecdf.ed.ac.uk,4
59113577,0.00255,N16k_K3276,lchen8,r,10/01/2026,02:13:11,eddie@node1h12.ecdf.ed.ac.uk,1
59124427,0.00254,step7_ext,lwong4,r,10/01/2026,04:59:55,eddie@node1k12.ecdf.ed.ac.uk,8,92
59109874,0.00254,N16k_K16_e,lchen8,r,10/01/2026,02:54:47,eddie@node1k08.ecdf.ed.ac.uk,1
59116939,0.00254,ce1,gs10us1,r,10/01/2026,01:16:02,eddie@node1l11.ecdf.ed.ac.uk,4
59116887,0.00254,ce1,gs10us1,r,10/01/2026,01:14:15,eddie@node1l14.ecdf.ed.ac.uk,4
59131489,0.00254,pca_gwas,s2267086,r,10/01/2026,15:01:00,eddie@node1f11.ecdf.ed.ac.uk,1,170
59111264,0.00254,N16k_K128_,lchen8,r,10/01/2026,02:52:48,eddie@node1k03.ecdf.ed.ac.uk,1
59076891,0.00254,Scotland_f,dmilodow,r,09/29/2026,18:52:08,eddie@node1l09.ecdf.ed.ac.uk,3,651
59072676,0.00254,acetylh06,knicodem,r,09/29/2026,12:18:57,eddie@node1m11.ecdf.ed.ac.uk,1,534
59072676,0.00254,acetylh06,knicodem,r,09/29/2026,12:18:57,eddie@node1m11.ecdf.ed.ac.uk,1,535
59131489,0.00254,pca_gwas,s2267086,r,10/01/2026,14:55:56,eddie@node1m19.ecdf.ed.ac.uk,1,169
59112453,0.00254,N16k_K1024,lchen8,r,10/01/2026,02:42:09,eddie@node1m14.ecdf.ed.ac.uk,1
59112774,0.00254,N16k_K2048,lchen8,r,10/01/2026,02:42:22,eddie@node1l02.ecdf.ed.ac.uk,1
59112973,0.00254,N16k_K4096,lchen8,r,10/01/2026,03:01:20,eddie@node1h03.ecdf.ed.ac.uk,1
59076891,0.00254,Scotland_f,dmilodow,r,09/29/2026,18:51:24,eddie@node1j06.ecdf.ed.ac.uk,3,649
59076891,0.00254,Scotland_f,dmilodow,r,09/29/2026,18:51:32,eddie@node1r18.ecdf.ed.ac.uk,3,650
59113472,0.00254,N16k_K1638,lchen8,r,10/01/2026,02:57:47,eddie@node1m14.ecdf.ed.ac.uk,1
59113479,0.00254,N16k_K1638,lchen8,r,10/01/2026,02:52:44,eddie@node1m06.ecdf.ed.ac.uk,1
59113591,0.00254,N16k_K3276,lchen8,r,10/01/2026,02:42:13,eddie@node1h11.ecdf.ed.ac.uk,1
59129347,0.00253,peb_S0,wwong3,r,09/30/2026,20:34:41,eddie@node1j23.ecdf.ed.ac.uk,16
59111819,0.00253,N16k_K384_,lchen8,r,10/01/2026,01:59:17,eddie@node1h22.ecdf.ed.ac.uk,1
59076891,0.00253,Scotland_f,dmilodow,r,09/29/2026,18:43:23,eddie@node1m07.ecdf.ed.ac.uk,3,642
59076891,0.00253,Scotland_f,dmilodow,r,09/29/2026,18:42:49,eddie@node1m03.ecdf.ed.ac.uk,3,638
59076891,0.00253,Scotland_f,dmilodow,r,09/29/2026,18:42:03,eddie@node1o06.ecdf.ed.ac.uk,3,637
59113628,0.00253,N16k_K3276,lchen8,r,10/01/2026,01:58:44,eddie@node1o10.ecdf.ed.ac.uk,1
59131489,0.00252,pca_gwas,s2267086,r,10/01/2026,14:42:46,eddie@node1j25.ecdf.ed.ac.uk,1,168
59109335,0.00252,N16k_K1_e0,lchen8,r,10/01/2026,01:54:46,eddie@node1j01.ecdf.ed.ac.uk,1
59076891,0.00252,Scotland_f,dmilodow,r,09/29/2026,18:39:30,eddie@node1o10.ecdf.ed.ac.uk,3,633
59109755,0.00252,N16k_K8_e0,lchen8,r,10/01/2026,02:05:52,eddie@node1n16.ecdf.ed.ac.uk,1
59076891,0.00252,Scotland_f,dmilodow,r,09/29/2026,18:38:35,eddie@node1n15.ecdf.ed.ac.uk,3,632
59110257,0.00252,N16k_K24_e,lchen8,r,10/01/2026,01:55:56,eddie@node1h11.ecdf.ed.ac.uk,1
59110435,0.00252,N16k_K28_e,lchen8,r,10/01/2026,01:53:41,eddie@node1j06.ecdf.ed.ac.uk,1
59113528,0.00252,N16k_K3276,lchen8,r,10/01/2026,01:55:27,eddie@node1j25.ecdf.ed.ac.uk,1
59113350,0.00251,N16k_K1638,lchen8,r,10/01/2026,01:50:21,eddie@node1j17.ecdf.ed.ac.uk,1
59113399,0.00251,N16k_K1638,lchen8,r,10/01/2026,01:50:55,eddie@node1h13.ecdf.ed.ac.uk,1
59076891,0.00251,Scotland_f,dmilodow,r,09/29/2026,18:26:56,eddie@node1n16.ecdf.ed.ac.uk,3,620
59128158,0.00251,TRC16k_K16,lchen8,r,10/01/2026,15:09:37,eddie@node1o09.ecdf.ed.ac.uk,1
59076891,0.00251,Scotland_f,dmilodow,r,09/29/2026,18:21:14,eddie@node1h05.ecdf.ed.ac.uk,3,617
59112872,0.00250,N16k_K4096,lchen8,r,10/01/2026,01:49:27,eddie@node1h03.ecdf.ed.ac.uk,1
59110495,0.00250,N16k_K28_e,lchen8,r,10/01/2026,01:41:39,eddie@node1h12.ecdf.ed.ac.uk,1
59110501,0.00250,N16k_K28_e,lchen8,r,10/01/2026,01:41:52,eddie@node1h22.ecdf.ed.ac.uk,1
59076891,0.00250,Scotland_f,dmilodow,r,09/29/2026,18:30:05,eddie@node1j06.ecdf.ed.ac.uk,3,622
59076891,0.00250,Scotland_f,dmilodow,r,09/29/2026,18:30:57,eddie@node1k05.ecdf.ed.ac.uk,3,623
59076891,0.00250,Scotland_f,dmilodow,r,09/29/2026,18:31:50,eddie@node1m04.ecdf.ed.ac.uk,3,625
59111805,0.00250,N16k_K384_,lchen8,r,10/01/2026,01:40:57,eddie@node1k01.ecdf.ed.ac.uk,1
59128486,0.00250,TRC16k_K32,lchen8,r,10/01/2026,15:06:03,eddie@node1i25.ecdf.ed.ac.uk,1
59111304,0.00250,N16k_K128_,lchen8,r,10/01/2026,01:37:05,eddie@node1k06.ecdf.ed.ac.uk,1
59109414,0.00250,N16k_K1_e0,lchen8,r,10/01/2026,01:34:46,eddie@node1k01.ecdf.ed.ac.uk,1
59110286,0.00250,N16k_K24_e,lchen8,r,10/01/2026,01:36:45,eddie@node1o10.ecdf.ed.ac.uk,1
59110298,0.00250,N16k_K24_e,lchen8,r,10/01/2026,01:36:45,eddie@node1h12.ecdf.ed.ac.uk,1
59110459,0.00250,N16k_K28_e,lchen8,r,10/01/2026,01:37:01,eddie@node1m01.ecdf.ed.ac.uk,1
59072676,0.00249,acetylh06,knicodem,r,09/29/2026,11:53:34,eddie@node1s10.ecdf.ed.ac.uk,1,533
59110004,0.00249,N16k_K16_e,lchen8,r,10/01/2026,01:33:38,eddie@node1j11.ecdf.ed.ac.uk,1
59112240,0.00249,N16k_K512_,lchen8,r,10/01/2026,01:35:17,eddie@node1m14.ecdf.ed.ac.uk,1
59112674,0.00249,N16k_K2048,lchen8,r,10/01/2026,01:33:59,eddie@node1i16.ecdf.ed.ac.uk,1
59111382,0.00249,N16k_K256_,lchen8,r,10/01/2026,01:31:15,eddie@node1s19.ecdf.ed.ac.uk,1
59112247,0.00249,N16k_K512_,lchen8,r,10/01/2026,01:32:02,eddie@node1j01.ecdf.ed.ac.uk,1
59128179,0.00249,TRC16k_K20,lchen8,r,10/01/2026,14:56:02,eddie@node1j18.ecdf.ed.ac.uk,1
59128165,0.00248,TRC16k_K16,lchen8,r,10/01/2026,14:49:42,eddie@node1l20.ecdf.ed.ac.uk,1
59162046,0.00248,Ti4O8-C12-,s1829244,r,10/01/2026,15:25:32,eddie@node1m08.ecdf.ed.ac.uk,4
59073151,0.00247,Ti4O8-C12-,s1829244,r,09/29/2026,04:19:20,eddie@node1n11.ecdf.ed.ac.uk,4
59128681,0.00247,TRC16k_K20,lchen8,r,10/01/2026,14:48:54,eddie@node1k17.ecdf.ed.ac.uk,1
59076891,0.00247,Scotland_f,dmilodow,r,09/29/2026,17:58:27,eddie@node1h13.ecdf.ed.ac.uk,3,605
59110482,0.00246,N16k_K28_e,lchen8,r,10/01/2026,01:11:57,eddie@node1s16.ecdf.ed.ac.uk,1
59072676,0.00246,acetylh06,knicodem,r,09/29/2026,11:27:25,eddie@node1k19.ecdf.ed.ac.uk,1,531
59072676,0.00246,acetylh06,knicodem,r,09/29/2026,11:27:25,eddie@node1k19.ecdf.ed.ac.uk,1,532
59128759,0.00245,TRC16k_K16,lchen8,r,10/01/2026,14:33:34,eddie@node1l20.ecdf.ed.ac.uk,1
59117770,0.00245,ce1,gs10us1,r,10/01/2026,01:30:07,eddie@node1l17.ecdf.ed.ac.uk,4
59117769,0.00245,ce1,gs10us1,r,10/01/2026,01:26:44,eddie@node1l12.ecdf.ed.ac.uk,4
59110238,0.00245,N16k_K24_e,lchen8,r,10/01/2026,01:21:36,eddie@node1h12.ecdf.ed.ac.uk,1
59110441,0.00245,N16k_K28_e,lchen8,r,10/01/2026,01:32:34,eddie@node1j06.ecdf.ed.ac.uk,1
59076891,0.00244,Scotland_f,dmilodow,r,09/29/2026,17:45:41,eddie@node1l04.ecdf.ed.ac.uk,3,603
59076891,0.00244,Scotland_f,dmilodow,r,09/29/2026,17:45:41,eddie@node1i17.ecdf.ed.ac.uk,3,604
59161466,0.00244,QLOGIN,dlarson,r,10/01/2026,10:51:09,eddie@node1j24.ecdf.ed.ac.uk,6
59112291,0.00244,N16k_K512_,lchen8,r,10/01/2026,01:30:21,eddie@node1j18.ecdf.ed.ac.uk,1
59111037,0.00244,N16k_K64_e,lchen8,r,10/01/2026,00:58:55,eddie@node1j06.ecdf.ed.ac.uk,1
59113314,0.00244,N16k_K1638,lchen8,r,10/01/2026,01:15:11,eddie@node1l04.ecdf.ed.ac.uk,1
59171901,0.00244,userGWAS_n,s1713158,r,10/01/2026,15:31:59,eddie@node1e02.ecdf.ed.ac.uk,8,5
59113599,0.00244,N16k_K3276,lchen8,r,10/01/2026,01:26:15,eddie@node1k07.ecdf.ed.ac.uk,1
59110268,0.00243,N16k_K24_e,lchen8,r,10/01/2026,00:54:48,eddie@node1o10.ecdf.ed.ac.uk,1
59110895,0.00243,N16k_K48_e,lchen8,r,10/01/2026,00:54:37,eddie@node1j26.ecdf.ed.ac.uk,1
59072676,0.00243,acetylh06,knicodem,r,09/29/2026,11:08:31,eddie@node1s10.ecdf.ed.ac.uk,1,530
59113392,0.00243,N16k_K1638,lchen8,r,10/01/2026,00:58:38,eddie@node1h22.ecdf.ed.ac.uk,1
59128674,0.00243,TRC16k_K20,lchen8,r,10/01/2026,14:18:55,eddie@node1l05.ecdf.ed.ac.uk,1
59113614,0.00243,N16k_K3276,lchen8,r,10/01/2026,00:57:10,eddie@node1j01.ecdf.ed.ac.uk,1
59110280,0.00243,N16k_K24_e,lchen8,r,10/01/2026,00:48:42,eddie@node1h22.ecdf.ed.ac.uk,1
59072676,0.00242,acetylh06,knicodem,r,09/29/2026,11:04:51,eddie@node1s10.ecdf.ed.ac.uk,1,529
59128128,0.00242,TRC16k_K8_,lchen8,r,10/01/2026,14:13:37,eddie@node1j11.ecdf.ed.ac.uk,1
59128702,0.00242,TRC16k_K40,lchen8,r,10/01/2026,14:13:42,eddie@node1h13.ecdf.ed.ac.uk,1
59076891,0.00242,Scotland_f,dmilodow,r,09/29/2026,17:31:31,eddie@node1j02.ecdf.ed.ac.uk,3,601
59112474,0.00241,N16k_K1024,lchen8,r,10/01/2026,00:41:44,eddie@node1l05.ecdf.ed.ac.uk,1
59112033,0.00241,N16k_K448_,lchen8,r,10/01/2026,00:40:30,eddie@node1f07.ecdf.ed.ac.uk,1
59113101,0.00241,N16k_K8192,lchen8,r,10/01/2026,00:41:16,eddie@node1l10.ecdf.ed.ac.uk,1
59128151,0.00241,TRC16k_K16,lchen8,r,10/01/2026,14:07:30,eddie@node1s16.ecdf.ed.ac.uk,1
59113328,0.00241,N16k_K1638,lchen8,r,10/01/2026,00:38:22,eddie@node1o08.ecdf.ed.ac.uk,1
59113357,0.00241,N16k_K1638,lchen8,r,10/01/2026,00:38:00,eddie@node1r18.ecdf.ed.ac.uk,1
59112944,0.00240,N16k_K4096,lchen8,r,10/01/2026,00:35:53,eddie@node1r12.ecdf.ed.ac.uk,1
59128709,0.00240,TRC16k_K40,lchen8,r,10/01/2026,14:01:45,eddie@node1j21.ecdf.ed.ac.uk,1
59072676,0.00240,acetylh06,knicodem,r,09/29/2026,10:48:11,eddie@node1m21.ecdf.ed.ac.uk,1,521
59072676,0.00240,acetylh06,knicodem,r,09/29/2026,10:48:11,eddie@node1m21.ecdf.ed.ac.uk,1,522
59072676,0.00240,acetylh06,knicodem,r,09/29/2026,10:48:11,eddie@node1m21.ecdf.ed.ac.uk,1,523
59072676,0.00240,acetylh06,knicodem,r,09/29/2026,10:48:11,eddie@node1m21.ecdf.ed.ac.uk,1,524
59072676,0.00240,acetylh06,knicodem,r,09/29/2026,10:48:11,eddie@node1m24.ecdf.ed.ac.uk,1,525
59072676,0.00240,acetylh06,knicodem,r,09/29/2026,10:48:12,eddie@node1m24.ecdf.ed.ac.uk,1,526
59072676,0.00240,acetylh06,knicodem,r,09/29/2026,10:48:12,eddie@node1m24.ecdf.ed.ac.uk,1,527
59072676,0.00240,acetylh06,knicodem,r,09/29/2026,10:48:12,eddie@node1m24.ecdf.ed.ac.uk,1,528
59128396,0.00240,TRC16k_K12,lchen8,r,10/01/2026,13:57:40,eddie@node1j28.ecdf.ed.ac.uk,1
59111003,0.00240,N16k_K64_e,lchen8,r,10/01/2026,00:30:25,eddie@node1k03.ecdf.ed.ac.uk,1
59111612,0.00240,N16k_K320_,lchen8,r,10/01/2026,00:28:06,eddie@node1r19.ecdf.ed.ac.uk,1
59128651,0.00239,TRC16k_K20,lchen8,r,10/01/2026,13:54:02,eddie@node1l19.ecdf.ed.ac.uk,1
59124427,0.00239,step7_ext,lwong4,r,10/01/2026,03:14:26,eddie@node1e01.ecdf.ed.ac.uk,8,90
59128731,0.00239,TRC16k_K81,lchen8,r,10/01/2026,13:51:52,eddie@node1j17.ecdf.ed.ac.uk,1
59128774,0.00239,TRC16k_K16,lchen8,r,10/01/2026,13:50:39,eddie@node1n15.ecdf.ed.ac.uk,1
59131489,0.00238,pca_gwas,s2267086,r,10/01/2026,14:15:30,eddie@node1k07.ecdf.ed.ac.uk,1,167
59076891,0.00238,Scotland_f,dmilodow,r,09/29/2026,17:12:18,eddie@node1j08.ecdf.ed.ac.uk,3,599
59131489,0.00238,pca_gwas,s2267086,r,10/01/2026,14:12:17,eddie@node1s13.ecdf.ed.ac.uk,1,166
59112730,0.00238,N16k_K2048,lchen8,r,10/01/2026,00:19:32,eddie@node1f16.ecdf.ed.ac.uk,1
59131489,0.00238,pca_gwas,s2267086,r,10/01/2026,14:07:03,eddie@node1r20.ecdf.ed.ac.uk,1,164
59131489,0.00238,pca_gwas,s2267086,r,10/01/2026,14:08:29,eddie@node1h16.ecdf.ed.ac.uk,1,165
59111016,0.00237,N16k_K64_e,lchen8,r,10/01/2026,00:14:56,eddie@node1m01.ecdf.ed.ac.uk,1
59131489,0.00237,pca_gwas,s2267086,r,10/01/2026,14:02:44,eddie@node1h04.ecdf.ed.ac.uk,1,163
59128609,0.00237,TRC16k_K51,lchen8,r,10/01/2026,13:41:14,eddie@node1j28.ecdf.ed.ac.uk,1
59128623,0.00237,TRC16k_K10,lchen8,r,10/01/2026,13:37:21,eddie@node1h14.ecdf.ed.ac.uk,1
59128695,0.00237,TRC16k_K40,lchen8,r,10/01/2026,13:37:12,eddie@node1j07.ecdf.ed.ac.uk,1
59113549,0.00237,N16k_K3276,lchen8,r,10/01/2026,00:10:38,eddie@node1l19.ecdf.ed.ac.uk,1
59072676,0.00237,acetylh06,knicodem,r,09/29/2026,10:30:58,eddie@node1k19.ecdf.ed.ac.uk,1,515
59072676,0.00237,acetylh06,knicodem,r,09/29/2026,10:30:58,eddie@node1k19.ecdf.ed.ac.uk,1,516
59072676,0.00237,acetylh06,knicodem,r,09/29/2026,10:30:58,eddie@node1k19.ecdf.ed.ac.uk,1,517
59072676,0.00237,acetylh06,knicodem,r,09/29/2026,10:30:58,eddie@node1k19.ecdf.ed.ac.uk,1,518
59072676,0.00237,acetylh06,knicodem,r,09/29/2026,10:30:58,eddie@node1k19.ecdf.ed.ac.uk,1,519
59072676,0.00237,acetylh06,knicodem,r,09/29/2026,10:30:58,eddie@node1k19.ecdf.ed.ac.uk,1,520
59110818,0.00237,N16k_K48_e,lchen8,r,10/01/2026,00:06:24,eddie@node1o12.ecdf.ed.ac.uk,1
59076891,0.00236,Scotland_f,dmilodow,r,09/29/2026,16:55:42,eddie@node1l01.ecdf.ed.ac.uk,3,597
59131489,0.00236,pca_gwas,s2267086,r,10/01/2026,13:54:46,eddie@node1f03.ecdf.ed.ac.uk,1,162
59131489,0.00236,pca_gwas,s2267086,r,10/01/2026,13:52:48,eddie@node1n14.ecdf.ed.ac.uk,1,161
59128529,0.00236,TRC16k_K38,lchen8,r,10/01/2026,13:30:20,eddie@node1h23.ecdf.ed.ac.uk,1
59072676,0.00235,acetylh06,knicodem,r,09/29/2026,10:18:33,eddie@node1s10.ecdf.ed.ac.uk,1,514
59072676,0.00235,acetylh06,knicodem,r,09/29/2026,10:18:20,eddie@node1k19.ecdf.ed.ac.uk,1,506
59072676,0.00235,acetylh06,knicodem,r,09/29/2026,10:18:20,eddie@node1k19.ecdf.ed.ac.uk,1,507
59072676,0.00235,acetylh06,knicodem,r,09/29/2026,10:18:20,eddie@node1k19.ecdf.ed.ac.uk,1,508
59072676,0.00235,acetylh06,knicodem,r,09/29/2026,10:18:20,eddie@node1k19.ecdf.ed.ac.uk,1,509
59072676,0.00235,acetylh06,knicodem,r,09/29/2026,10:18:20,eddie@node1k19.ecdf.ed.ac.uk,1,510
59072676,0.00235,acetylh06,knicodem,r,09/29/2026,10:18:20,eddie@node1k19.ecdf.ed.ac.uk,1,511
59072676,0.00235,acetylh06,knicodem,r,09/29/2026,10:18:20,eddie@node1k19.ecdf.ed.ac.uk,1,512
59072676,0.00235,acetylh06,knicodem,r,09/29/2026,10:18:20,eddie@node1k19.ecdf.ed.ac.uk,1,513
59128752,0.00235,TRC16k_K81,lchen8,r,10/01/2026,13:23:30,eddie@node1j04.ecdf.ed.ac.uk,1
59112296,0.00235,N16k_K512_,lchen8,r,09/30/2026,23:55:56,eddie@node1h13.ecdf.ed.ac.uk,1
59128189,0.00235,TRC16k_K20,lchen8,r,10/01/2026,13:22:19,eddie@node1d02.ecdf.ed.ac.uk,1
59072674,0.00235,acetylh05,knicodem,r,09/29/2026,10:15:44,eddie@node1k19.ecdf.ed.ac.uk,1,496
59072674,0.00235,acetylh05,knicodem,r,09/29/2026,10:15:44,eddie@node1k19.ecdf.ed.ac.uk,1,497
59072674,0.00235,acetylh05,knicodem,r,09/29/2026,10:15:44,eddie@node1k19.ecdf.ed.ac.uk,1,498
59072674,0.00235,acetylh05,knicodem,r,09/29/2026,10:15:44,eddie@node1k19.ecdf.ed.ac.uk,1,499
59072674,0.00235,acetylh05,knicodem,r,09/29/2026,10:15:44,eddie@node1k19.ecdf.ed.ac.uk,1,500
59072676,0.00235,acetylh06,knicodem,r,09/29/2026,10:15:44,eddie@node1k19.ecdf.ed.ac.uk,1,501
59072676,0.00235,acetylh06,knicodem,r,09/29/2026,10:15:44,eddie@node1k19.ecdf.ed.ac.uk,1,502
59072676,0.00235,acetylh06,knicodem,r,09/29/2026,10:15:44,eddie@node1k19.ecdf.ed.ac.uk,1,503
59072676,0.00235,acetylh06,knicodem,r,09/29/2026,10:15:44,eddie@node1k19.ecdf.ed.ac.uk,1,504
59072676,0.00235,acetylh06,knicodem,r,09/29/2026,10:15:44,eddie@node1k19.ecdf.ed.ac.uk,1,505
59112232,0.00234,N16k_K512_,lchen8,r,09/30/2026,23:54:34,eddie@node1s19.ecdf.ed.ac.uk,1
59131489,0.00234,pca_gwas,s2267086,r,10/01/2026,13:42:27,eddie@node1s20.ecdf.ed.ac.uk,1,160
59109524,0.00234,N16k_K2_e0,lchen8,r,09/30/2026,23:49:05,eddie@node1s17.ecdf.ed.ac.uk,1
59113364,0.00234,N16k_K1638,lchen8,r,09/30/2026,23:50:38,eddie@node1r05.ecdf.ed.ac.uk,1
59113307,0.00234,N16k_K1638,lchen8,r,09/30/2026,23:49:54,eddie@node1i13.ecdf.ed.ac.uk,1
59128079,0.00233,TRC16k_K2_,lchen8,r,10/01/2026,13:14:14,eddie@node1l02.ecdf.ed.ac.uk,1
59128644,0.00233,TRC16k_K10,lchen8,r,10/01/2026,13:15:41,eddie@node1j10.ecdf.ed.ac.uk,1
59112460,0.00233,N16k_K1024,lchen8,r,09/30/2026,23:46:51,eddie@node1i13.ecdf.ed.ac.uk,1
59111180,0.00233,N16k_K128_,lchen8,r,09/30/2026,23:43:55,eddie@node1h24.ecdf.ed.ac.uk,1
59112688,0.00233,N16k_K2048,lchen8,r,09/30/2026,23:48:03,eddie@node1l19.ecdf.ed.ac.uk,1
59113115,0.00233,N16k_K8192,lchen8,r,09/30/2026,23:49:08,eddie@node1j21.ecdf.ed.ac.uk,1
59113607,0.00233,N16k_K3276,lchen8,r,09/30/2026,23:45:22,eddie@node1j11.ecdf.ed.ac.uk,1
59109328,0.00233,N16k_K1_e0,lchen8,r,09/30/2026,23:38:21,eddie@node1i07.ecdf.ed.ac.uk,1
59128093,0.00233,TRC16k_K2_,lchen8,r,10/01/2026,13:11:11,eddie@node1j03.ecdf.ed.ac.uk,1
59131489,0.00233,pca_gwas,s2267086,r,10/01/2026,13:31:29,eddie@node1h04.ecdf.ed.ac.uk,1,159
59072674,0.00232,acetylh05,knicodem,r,09/29/2026,10:00:40,eddie@node1s10.ecdf.ed.ac.uk,1,495
59128063,0.00232,TRC16k_K1_,lchen8,r,10/01/2026,13:06:08,eddie@node1m14.ecdf.ed.ac.uk,1
59111051,0.00232,N16k_K64_e,lchen8,r,09/30/2026,23:36:07,eddie@node1h22.ecdf.ed.ac.uk,1
59113542,0.00232,N16k_K3276,lchen8,r,09/30/2026,23:38:17,eddie@node1j08.ecdf.ed.ac.uk,1
59076891,0.00232,Scotland_f,dmilodow,r,09/29/2026,16:26:40,eddie@node1m12.ecdf.ed.ac.uk,3,594
59109631,0.00232,N16k_K2_e0,lchen8,r,09/30/2026,23:32:59,eddie@node1o07.ecdf.ed.ac.uk,1
59131489,0.00232,pca_gwas,s2267086,r,10/01/2026,13:27:10,eddie@node1l28.ecdf.ed.ac.uk,1,158
59112759,0.00232,N16k_K2048,lchen8,r,09/30/2026,23:36:20,eddie@node1j28.ecdf.ed.ac.uk,1
59128738,0.00232,TRC16k_K81,lchen8,r,10/01/2026,13:04:30,eddie@node1m01.ecdf.ed.ac.uk,1
59128135,0.00231,TRC16k_K8_,lchen8,r,10/01/2026,13:00:43,eddie@node1r14.ecdf.ed.ac.uk,1
59076891,0.00231,Scotland_f,dmilodow,r,09/29/2026,16:18:47,eddie@node1k09.ecdf.ed.ac.uk,3,593
59131489,0.00231,pca_gwas,s2267086,r,10/01/2026,13:18:49,eddie@node1n02.ecdf.ed.ac.uk,1,157
59124427,0.00230,step7_ext,lwong4,r,10/01/2026,02:17:16,eddie@node1i24.ecdf.ed.ac.uk,8,87
59124427,0.00230,step7_ext,lwong4,r,10/01/2026,02:19:10,eddie@node1j17.ecdf.ed.ac.uk,8,88
59131489,0.00230,pca_gwas,s2267086,r,10/01/2026,13:18:10,eddie@node1j04.ecdf.ed.ac.uk,1,156
59112503,0.00230,N16k_K1024,lchen8,r,09/30/2026,23:23:30,eddie@node1j05.ecdf.ed.ac.uk,1
59128580,0.00229,TRC16k_K51,lchen8,r,10/01/2026,12:46:52,eddie@node1l08.ecdf.ed.ac.uk,1
59124427,0.00229,step7_ext,lwong4,r,10/01/2026,03:01:41,eddie@node1e04.ecdf.ed.ac.uk,8,89
59124427,0.00229,step7_ext,lwong4,r,10/01/2026,03:16:49,eddie@node1j01.ecdf.ed.ac.uk,8,91
59128056,0.00229,TRC16k_K1_,lchen8,r,10/01/2026,12:45:38,eddie@node1o09.ecdf.ed.ac.uk,1
59072674,0.00229,acetylh05,knicodem,r,09/29/2026,09:39:01,eddie@node1p09.ecdf.ed.ac.uk,1,485
59072674,0.00229,acetylh05,knicodem,r,09/29/2026,09:39:01,eddie@node1p09.ecdf.ed.ac.uk,1,486
59072674,0.00229,acetylh05,knicodem,r,09/29/2026,09:39:01,eddie@node1p09.ecdf.ed.ac.uk,1,487
59072674,0.00229,acetylh05,knicodem,r,09/29/2026,09:39:01,eddie@node1p09.ecdf.ed.ac.uk,1,488
59072674,0.00229,acetylh05,knicodem,r,09/29/2026,09:39:01,eddie@node1p09.ecdf.ed.ac.uk,1,489
59072674,0.00229,acetylh05,knicodem,r,09/29/2026,09:39:01,eddie@node1p09.ecdf.ed.ac.uk,1,490
59072674,0.00229,acetylh05,knicodem,r,09/29/2026,09:39:01,eddie@node1p09.ecdf.ed.ac.uk,1,491
59072674,0.00229,acetylh05,knicodem,r,09/29/2026,09:39:01,eddie@node1p09.ecdf.ed.ac.uk,1,492
59072674,0.00229,acetylh05,knicodem,r,09/29/2026,09:39:01,eddie@node1p09.ecdf.ed.ac.uk,1,493
59072674,0.00229,acetylh05,knicodem,r,09/29/2026,09:39:01,eddie@node1p09.ecdf.ed.ac.uk,1,494
59111598,0.00229,N16k_K320_,lchen8,r,09/30/2026,23:14:20,eddie@node1j17.ecdf.ed.ac.uk,1
59171444,0.00229,nf-HYBRACT,spita,r,10/01/2026,14:33:42,eddie@node1l19.ecdf.ed.ac.uk,6
59171448,0.00228,nf-HYBRACT,spita,r,10/01/2026,15:31:59,eddie@node1d01.ecdf.ed.ac.uk,6
59128049,0.00228,TRC16k_K1_,lchen8,r,10/01/2026,12:38:51,eddie@node1j26.ecdf.ed.ac.uk,1
59120121,0.00228,ce1,gs10us1,r,10/01/2026,01:36:13,eddie@node1l13.ecdf.ed.ac.uk,4
59111826,0.00228,N16k_K384_,lchen8,r,09/30/2026,23:12:02,eddie@node1r09.ecdf.ed.ac.uk,1
59128573,0.00228,TRC16k_K44,lchen8,r,10/01/2026,12:33:59,eddie@node1m02.ecdf.ed.ac.uk,1
59131489,0.00228,pca_gwas,s2267086,r,10/01/2026,12:58:27,eddie@node1h07.ecdf.ed.ac.uk,1,155
59124427,0.00227,step7_ext,lwong4,r,10/01/2026,01:53:25,eddie@node1k09.ecdf.ed.ac.uk,8,85
59131489,0.00227,pca_gwas,s2267086,r,10/01/2026,12:54:20,eddie@node1h22.ecdf.ed.ac.uk,1,154
59072674,0.00226,acetylh05,knicodem,r,09/29/2026,09:20:03,eddie@node1k18.ecdf.ed.ac.uk,1,477
59072674,0.00226,acetylh05,knicodem,r,09/29/2026,09:20:03,eddie@node1k18.ecdf.ed.ac.uk,1,478
59072674,0.00226,acetylh05,knicodem,r,09/29/2026,09:20:03,eddie@node1k18.ecdf.ed.ac.uk,1,479
59072674,0.00226,acetylh05,knicodem,r,09/29/2026,09:20:03,eddie@node1k18.ecdf.ed.ac.uk,1,480
59072674,0.00226,acetylh05,knicodem,r,09/29/2026,09:20:03,eddie@node1k18.ecdf.ed.ac.uk,1,481
59072674,0.00226,acetylh05,knicodem,r,09/29/2026,09:20:03,eddie@node1k18.ecdf.ed.ac.uk,1,482
59072674,0.00226,acetylh05,knicodem,r,09/29/2026,09:20:03,eddie@node1k18.ecdf.ed.ac.uk,1,483
59072674,0.00226,acetylh05,knicodem,r,09/29/2026,09:20:03,eddie@node1k18.ecdf.ed.ac.uk,1,484
59072674,0.00226,acetylh05,knicodem,r,09/29/2026,09:17:43,eddie@node1s10.ecdf.ed.ac.uk,1,476
59128042,0.00226,TRC16k_K1_,lchen8,r,10/01/2026,12:22:08,eddie@node1j17.ecdf.ed.ac.uk,1
59072674,0.00226,acetylh05,knicodem,r,09/29/2026,09:14:06,eddie@node1s10.ecdf.ed.ac.uk,1,475
59128122,0.00225,TRC16k_K8_,lchen8,r,10/01/2026,12:16:12,eddie@node1e01.ecdf.ed.ac.uk,1
59128108,0.00225,TRC16k_K8_,lchen8,r,10/01/2026,12:12:41,eddie@node1e01.ecdf.ed.ac.uk,1
59072674,0.00224,acetylh05,knicodem,r,09/29/2026,09:05:40,eddie@node1k13.ecdf.ed.ac.uk,1,461
59072674,0.00224,acetylh05,knicodem,r,09/29/2026,09:05:40,eddie@node1k13.ecdf.ed.ac.uk,1,462
59072674,0.00224,acetylh05,knicodem,r,09/29/2026,09:05:40,eddie@node1k13.ecdf.ed.ac.uk,1,463
59072674,0.00224,acetylh05,knicodem,r,09/29/2026,09:05:40,eddie@node1k13.ecdf.ed.ac.uk,1,464
59072674,0.00224,acetylh05,knicodem,r,09/29/2026,09:07:01,eddie@node1k19.ecdf.ed.ac.uk,1,465
59072674,0.00224,acetylh05,knicodem,r,09/29/2026,09:07:01,eddie@node1k19.ecdf.ed.ac.uk,1,466
59072674,0.00224,acetylh05,knicodem,r,09/29/2026,09:07:01,eddie@node1k19.ecdf.ed.ac.uk,1,467
59072674,0.00224,acetylh05,knicodem,r,09/29/2026,09:07:01,eddie@node1k19.ecdf.ed.ac.uk,1,468
59072674,0.00224,acetylh05,knicodem,r,09/29/2026,09:07:01,eddie@node1k19.ecdf.ed.ac.uk,1,469
59072674,0.00224,acetylh05,knicodem,r,09/29/2026,09:07:01,eddie@node1k19.ecdf.ed.ac.uk,1,470
59072674,0.00224,acetylh05,knicodem,r,09/29/2026,09:07:01,eddie@node1k19.ecdf.ed.ac.uk,1,471
59072674,0.00224,acetylh05,knicodem,r,09/29/2026,09:07:01,eddie@node1k19.ecdf.ed.ac.uk,1,472
59072674,0.00224,acetylh05,knicodem,r,09/29/2026,09:07:01,eddie@node1k19.ecdf.ed.ac.uk,1,473
59072674,0.00224,acetylh05,knicodem,r,09/29/2026,09:07:01,eddie@node1k19.ecdf.ed.ac.uk,1,474
59101915,0.00224,ce1,gs10us1,r,09/30/2026,13:35:20,eddie@node1l16.ecdf.ed.ac.uk,4
59072674,0.00224,acetylh05,knicodem,r,09/29/2026,09:03:52,eddie@node1s10.ecdf.ed.ac.uk,1,460
59101861,0.00223,ce1,gs10us1,r,09/30/2026,12:49:56,eddie@node1l15.ecdf.ed.ac.uk,4
59072674,0.00223,acetylh05,knicodem,r,09/29/2026,08:54:04,eddie@node1k13.ecdf.ed.ac.uk,1,448
59072674,0.00223,acetylh05,knicodem,r,09/29/2026,08:54:04,eddie@node1k13.ecdf.ed.ac.uk,1,449
59072674,0.00223,acetylh05,knicodem,r,09/29/2026,08:54:04,eddie@node1k13.ecdf.ed.ac.uk,1,450
59072674,0.00223,acetylh05,knicodem,r,09/29/2026,08:54:04,eddie@node1k13.ecdf.ed.ac.uk,1,451
59072674,0.00223,acetylh05,knicodem,r,09/29/2026,08:54:04,eddie@node1k13.ecdf.ed.ac.uk,1,452
59072674,0.00223,acetylh05,knicodem,r,09/29/2026,08:54:04,eddie@node1k13.ecdf.ed.ac.uk,1,453
59072674,0.00223,acetylh05,knicodem,r,09/29/2026,08:54:04,eddie@node1k13.ecdf.ed.ac.uk,1,454
59072674,0.00223,acetylh05,knicodem,r,09/29/2026,08:54:04,eddie@node1k13.ecdf.ed.ac.uk,1,455
59072674,0.00223,acetylh05,knicodem,r,09/29/2026,08:54:04,eddie@node1k13.ecdf.ed.ac.uk,1,456
59072674,0.00223,acetylh05,knicodem,r,09/29/2026,08:54:04,eddie@node1k13.ecdf.ed.ac.uk,1,457
59072674,0.00223,acetylh05,knicodem,r,09/29/2026,08:54:04,eddie@node1k13.ecdf.ed.ac.uk,1,458
59072674,0.00223,acetylh05,knicodem,r,09/29/2026,08:54:04,eddie@node1k13.ecdf.ed.ac.uk,1,459
59072674,0.00222,acetylh05,knicodem,r,09/29/2026,08:51:24,eddie@node1s10.ecdf.ed.ac.uk,1,447
59072674,0.00221,acetylh05,knicodem,r,09/29/2026,08:44:06,eddie@node1s10.ecdf.ed.ac.uk,1,446
59133734,0.00221,lisflood_r,s2207476,r,10/01/2026,15:50:53,eddie@node1k20.ecdf.ed.ac.uk,1,6754
59133734,0.00221,lisflood_r,s2207476,r,10/01/2026,15:50:32,eddie@node1m05.ecdf.ed.ac.uk,1,6753
59133734,0.00221,lisflood_r,s2207476,r,10/01/2026,15:50:21,eddie@node1q06.ecdf.ed.ac.uk,1,6751
59133734,0.00221,lisflood_r,s2207476,r,10/01/2026,15:50:25,eddie@node1l07.ecdf.ed.ac.uk,1,6752
59133734,0.00221,lisflood_r,s2207476,r,10/01/2026,15:49:51,eddie@node1j21.ecdf.ed.ac.uk,1,6747
59133734,0.00221,lisflood_r,s2207476,r,10/01/2026,15:50:07,eddie@node1l25.ecdf.ed.ac.uk,1,6748
59133734,0.00221,lisflood_r,s2207476,r,10/01/2026,15:50:07,eddie@node1j03.ecdf.ed.ac.uk,1,6749
59133734,0.00221,lisflood_r,s2207476,r,10/01/2026,15:50:11,eddie@node1m06.ecdf.ed.ac.uk,1,6750
59133734,0.00221,lisflood_r,s2207476,r,10/01/2026,15:49:35,eddie@node1f16.ecdf.ed.ac.uk,1,6745
59133734,0.00221,lisflood_r,s2207476,r,10/01/2026,15:49:39,eddie@node1l04.ecdf.ed.ac.uk,1,6746
59133734,0.00221,lisflood_r,s2207476,r,10/01/2026,15:49:25,eddie@node1k04.ecdf.ed.ac.uk,1,6744
59133734,0.00221,lisflood_r,s2207476,r,10/01/2026,15:49:21,eddie@node1j09.ecdf.ed.ac.uk,1,6743
59120872,0.00221,ce1,gs10us1,r,10/01/2026,01:37:01,eddie@node1l16.ecdf.ed.ac.uk,4
59133734,0.00221,lisflood_r,s2207476,r,10/01/2026,15:49:12,eddie@node1m09.ecdf.ed.ac.uk,1,6741
59133734,0.00221,lisflood_r,s2207476,r,10/01/2026,15:49:12,eddie@node1l05.ecdf.ed.ac.uk,1,6742
59133734,0.00221,lisflood_r,s2207476,r,10/01/2026,15:49:08,eddie@node1k01.ecdf.ed.ac.uk,1,6740
59133734,0.00221,lisflood_r,s2207476,r,10/01/2026,15:49:04,eddie@node1k04.ecdf.ed.ac.uk,1,6739
59133734,0.00221,lisflood_r,s2207476,r,10/01/2026,15:48:51,eddie@node1m02.ecdf.ed.ac.uk,1,6738
59133734,0.00221,lisflood_r,s2207476,r,10/01/2026,15:48:10,eddie@node1q06.ecdf.ed.ac.uk,1,6731
59133734,0.00221,lisflood_r,s2207476,r,10/01/2026,15:48:15,eddie@node1s17.ecdf.ed.ac.uk,1,6732
59133734,0.00221,lisflood_r,s2207476,r,10/01/2026,15:48:18,eddie@node1j19.ecdf.ed.ac.uk,1,6733
59133734,0.00221,lisflood_r,s2207476,r,10/01/2026,15:48:41,eddie@node1m05.ecdf.ed.ac.uk,1,6734
59133734,0.00221,lisflood_r,s2207476,r,10/01/2026,15:48:41,eddie@node1n16.ecdf.ed.ac.uk,1,6735
59133734,0.00221,lisflood_r,s2207476,r,10/01/2026,15:48:45,eddie@node1k02.ecdf.ed.ac.uk,1,6736
59133734,0.00221,lisflood_r,s2207476,r,10/01/2026,15:48:47,eddie@node1k17.ecdf.ed.ac.uk,1,6737
59133734,0.00221,lisflood_r,s2207476,r,10/01/2026,15:47:55,eddie@node1l03.ecdf.ed.ac.uk,1,6730
59133734,0.00221,lisflood_r,s2207476,r,10/01/2026,15:47:50,eddie@node1n15.ecdf.ed.ac.uk,1,6729
59133734,0.00221,lisflood_r,s2207476,r,10/01/2026,15:47:42,eddie@node1k02.ecdf.ed.ac.uk,1,6727
59133734,0.00221,lisflood_r,s2207476,r,10/01/2026,15:47:42,eddie@node1k02.ecdf.ed.ac.uk,1,6728
59133734,0.00221,lisflood_r,s2207476,r,10/01/2026,15:47:38,eddie@node1j03.ecdf.ed.ac.uk,1,6724
59133734,0.00221,lisflood_r,s2207476,r,10/01/2026,15:47:38,eddie@node1m09.ecdf.ed.ac.uk,1,6725
59133734,0.00221,lisflood_r,s2207476,r,10/01/2026,15:47:38,eddie@node1j19.ecdf.ed.ac.uk,1,6726
59133734,0.00221,lisflood_r,s2207476,r,10/01/2026,15:47:30,eddie@node1m07.ecdf.ed.ac.uk,1,6723
59133734,0.00221,lisflood_r,s2207476,r,10/01/2026,15:47:14,eddie@node1n08.ecdf.ed.ac.uk,1,6722
59133734,0.00221,lisflood_r,s2207476,r,10/01/2026,15:47:08,eddie@node1o10.ecdf.ed.ac.uk,1,6721
59133734,0.00221,lisflood_r,s2207476,r,10/01/2026,15:47:04,eddie@node1r07.ecdf.ed.ac.uk,1,6720
59133734,0.00221,lisflood_r,s2207476,r,10/01/2026,15:47:00,eddie@node1m06.ecdf.ed.ac.uk,1,6719
59133734,0.00221,lisflood_r,s2207476,r,10/01/2026,15:46:56,eddie@node1i17.ecdf.ed.ac.uk,1,6718
59133734,0.00221,lisflood_r,s2207476,r,10/01/2026,15:46:52,eddie@node1o03.ecdf.ed.ac.uk,1,6715
59133734,0.00221,lisflood_r,s2207476,r,10/01/2026,15:46:52,eddie@node1o09.ecdf.ed.ac.uk,1,6716
59133734,0.00221,lisflood_r,s2207476,r,10/01/2026,15:46:52,eddie@node1n16.ecdf.ed.ac.uk,1,6717
59131489,0.00221,pca_gwas,s2267086,r,10/01/2026,12:06:52,eddie@node1r12.ecdf.ed.ac.uk,1,153
59133734,0.00221,lisflood_r,s2207476,r,10/01/2026,15:46:38,eddie@node1r17.ecdf.ed.ac.uk,1,6714
59133734,0.00221,lisflood_r,s2207476,r,10/01/2026,15:46:26,eddie@node1m12.ecdf.ed.ac.uk,1,6713
59133734,0.00221,lisflood_r,s2207476,r,10/01/2026,15:46:17,eddie@node1l20.ecdf.ed.ac.uk,1,6712
59133734,0.00221,lisflood_r,s2207476,r,10/01/2026,15:46:10,eddie@node1n13.ecdf.ed.ac.uk,1,6710
59133734,0.00221,lisflood_r,s2207476,r,10/01/2026,15:46:13,eddie@node1s19.ecdf.ed.ac.uk,1,6711
59133734,0.00220,lisflood_r,s2207476,r,10/01/2026,15:45:48,eddie@node1l04.ecdf.ed.ac.uk,1,6707
59133734,0.00220,lisflood_r,s2207476,r,10/01/2026,15:45:50,eddie@node1l06.ecdf.ed.ac.uk,1,6708
59133734,0.00220,lisflood_r,s2207476,r,10/01/2026,15:45:55,eddie@node1l06.ecdf.ed.ac.uk,1,6709
59133734,0.00220,lisflood_r,s2207476,r,10/01/2026,15:45:23,eddie@node1l05.ecdf.ed.ac.uk,1,6704
59133734,0.00220,lisflood_r,s2207476,r,10/01/2026,15:45:26,eddie@node1k04.ecdf.ed.ac.uk,1,6705
59133734,0.00220,lisflood_r,s2207476,r,10/01/2026,15:45:27,eddie@node1k14.ecdf.ed.ac.uk,1,6706
59133734,0.00220,lisflood_r,s2207476,r,10/01/2026,15:45:10,eddie@node1l01.ecdf.ed.ac.uk,1,6703
59133734,0.00220,lisflood_r,s2207476,r,10/01/2026,15:45:00,eddie@node1l23.ecdf.ed.ac.uk,1,6702
59128796,0.00220,TRC16k_K32,lchen8,r,10/01/2026,11:45:38,eddie@node1d09.ecdf.ed.ac.uk,1
59133734,0.00220,lisflood_r,s2207476,r,10/01/2026,15:44:37,eddie@node1j19.ecdf.ed.ac.uk,1,6701
59133734,0.00220,lisflood_r,s2207476,r,10/01/2026,15:43:33,eddie@node1h23.ecdf.ed.ac.uk,1,6694
59133734,0.00220,lisflood_r,s2207476,r,10/01/2026,15:43:36,eddie@node1j19.ecdf.ed.ac.uk,1,6695
59133734,0.00220,lisflood_r,s2207476,r,10/01/2026,15:43:04,eddie@node1i17.ecdf.ed.ac.uk,1,6692
59133734,0.00220,lisflood_r,s2207476,r,10/01/2026,15:43:12,eddie@node1m11.ecdf.ed.ac.uk,1,6693
59133734,0.00220,lisflood_r,s2207476,r,10/01/2026,15:42:58,eddie@node1m07.ecdf.ed.ac.uk,1,6691
59133734,0.00220,lisflood_r,s2207476,r,10/01/2026,15:42:52,eddie@node1h09.ecdf.ed.ac.uk,1,6689
59133734,0.00220,lisflood_r,s2207476,r,10/01/2026,15:42:52,eddie@node1k13.ecdf.ed.ac.uk,1,6690
59133734,0.00220,lisflood_r,s2207476,r,10/01/2026,15:43:58,eddie@node1r19.ecdf.ed.ac.uk,1,6697
59133734,0.00220,lisflood_r,s2207476,r,10/01/2026,15:43:58,eddie@node1m06.ecdf.ed.ac.uk,1,6698
59133734,0.00220,lisflood_r,s2207476,r,10/01/2026,15:43:58,eddie@node1l03.ecdf.ed.ac.uk,1,6699
59133734,0.00220,lisflood_r,s2207476,r,10/01/2026,15:43:59,eddie@node1n15.ecdf.ed.ac.uk,1,6700
59128565,0.00220,TRC16k_K44,lchen8,r,10/01/2026,11:43:39,eddie@node1s19.ecdf.ed.ac.uk,1
59133734,0.00220,lisflood_r,s2207476,r,10/01/2026,15:42:35,eddie@node1m07.ecdf.ed.ac.uk,1,6687
59133734,0.00220,lisflood_r,s2207476,r,10/01/2026,15:42:35,eddie@node1m06.ecdf.ed.ac.uk,1,6688
59133734,0.00220,lisflood_r,s2207476,r,10/01/2026,15:43:54,eddie@node1l08.ecdf.ed.ac.uk,1,6696
59131489,0.00220,pca_gwas,s2267086,r,10/01/2026,12:04:20,eddie@node1j28.ecdf.ed.ac.uk,1,152
59133734,0.00220,lisflood_r,s2207476,r,10/01/2026,15:42:17,eddie@node1l28.ecdf.ed.ac.uk,1,6686
59133734,0.00220,lisflood_r,s2207476,r,10/01/2026,15:41:49,eddie@node1p10.ecdf.ed.ac.uk,1,6684
59133734,0.00220,lisflood_r,s2207476,r,10/01/2026,15:41:54,eddie@node1m06.ecdf.ed.ac.uk,1,6685
59133734,0.00220,lisflood_r,s2207476,r,10/01/2026,15:41:44,eddie@node1s19.ecdf.ed.ac.uk,1,6682
59133734,0.00220,lisflood_r,s2207476,r,10/01/2026,15:41:44,eddie@node1l05.ecdf.ed.ac.uk,1,6683
59133734,0.00220,lisflood_r,s2207476,r,10/01/2026,15:41:39,eddie@node1m05.ecdf.ed.ac.uk,1,6681
59133734,0.00220,lisflood_r,s2207476,r,10/01/2026,15:41:31,eddie@node1k04.ecdf.ed.ac.uk,1,6680
59133734,0.00220,lisflood_r,s2207476,r,10/01/2026,15:41:28,eddie@node1r12.ecdf.ed.ac.uk,1,6679
59133734,0.00220,lisflood_r,s2207476,r,10/01/2026,15:40:58,eddie@node1m02.ecdf.ed.ac.uk,1,6676
59133734,0.00220,lisflood_r,s2207476,r,10/01/2026,15:40:58,eddie@node1m05.ecdf.ed.ac.uk,1,6677
59133734,0.00220,lisflood_r,s2207476,r,10/01/2026,15:40:58,eddie@node1m05.ecdf.ed.ac.uk,1,6678
59133734,0.00220,lisflood_r,s2207476,r,10/01/2026,15:40:51,eddie@node1n13.ecdf.ed.ac.uk,1,6675
59112766,0.00220,N16k_K2048,lchen8,r,09/30/2026,22:16:08,eddie@node1o11.ecdf.ed.ac.uk,1
59133734,0.00220,lisflood_r,s2207476,r,10/01/2026,15:40:34,eddie@node1j03.ecdf.ed.ac.uk,1,6674
59124427,0.00220,step7_ext,lwong4,r,10/01/2026,01:08:18,eddie@node1l05.ecdf.ed.ac.uk,8,82
59133734,0.00220,lisflood_r,s2207476,r,10/01/2026,15:40:23,eddie@node1m15.ecdf.ed.ac.uk,1,6673
59072674,0.00220,acetylh05,knicodem,r,09/29/2026,08:38:05,eddie@node1n10.ecdf.ed.ac.uk,1,442
59072674,0.00220,acetylh05,knicodem,r,09/29/2026,08:38:05,eddie@node1n10.ecdf.ed.ac.uk,1,443
59072674,0.00220,acetylh05,knicodem,r,09/29/2026,08:38:05,eddie@node1n10.ecdf.ed.ac.uk,1,444
59072674,0.00220,acetylh05,knicodem,r,09/29/2026,08:38:05,eddie@node1n10.ecdf.ed.ac.uk,1,445
59133734,0.00220,lisflood_r,s2207476,r,10/01/2026,15:40:16,eddie@node1p10.ecdf.ed.ac.uk,1,6672
59133734,0.00220,lisflood_r,s2207476,r,10/01/2026,15:40:14,eddie@node1n14.ecdf.ed.ac.uk,1,6671
59124427,0.00220,step7_ext,lwong4,r,10/01/2026,01:25:37,eddie@node1j08.ecdf.ed.ac.uk,8,84
59124427,0.00220,step7_ext,lwong4,r,10/01/2026,01:14:47,eddie@node1d06.ecdf.ed.ac.uk,8,83
59133734,0.00220,lisflood_r,s2207476,r,10/01/2026,15:39:10,eddie@node1l19.ecdf.ed.ac.uk,1,6669
59133734,0.00220,lisflood_r,s2207476,r,10/01/2026,15:39:23,eddie@node1j19.ecdf.ed.ac.uk,1,6670
59133734,0.00220,lisflood_r,s2207476,r,10/01/2026,15:38:59,eddie@node1m13.ecdf.ed.ac.uk,1,6665
59133734,0.00220,lisflood_r,s2207476,r,10/01/2026,15:39:00,eddie@node1h08.ecdf.ed.ac.uk,1,6666
59133734,0.00220,lisflood_r,s2207476,r,10/01/2026,15:38:52,eddie@node1j04.ecdf.ed.ac.uk,1,6664
59133734,0.00220,lisflood_r,s2207476,r,10/01/2026,15:39:00,eddie@node1j18.ecdf.ed.ac.uk,1,6667
59133734,0.00220,lisflood_r,s2207476,r,10/01/2026,15:39:06,eddie@node1l23.ecdf.ed.ac.uk,1,6668
59133734,0.00220,lisflood_r,s2207476,r,10/01/2026,15:38:38,eddie@node1m09.ecdf.ed.ac.uk,1,6661
59133734,0.00220,lisflood_r,s2207476,r,10/01/2026,15:38:38,eddie@node1j19.ecdf.ed.ac.uk,1,6662
59133734,0.00220,lisflood_r,s2207476,r,10/01/2026,15:38:41,eddie@node1l10.ecdf.ed.ac.uk,1,6663
59133734,0.00220,lisflood_r,s2207476,r,10/01/2026,15:38:32,eddie@node1j19.ecdf.ed.ac.uk,1,6660
59133734,0.00220,lisflood_r,s2207476,r,10/01/2026,15:38:15,eddie@node1r18.ecdf.ed.ac.uk,1,6655
59133734,0.00220,lisflood_r,s2207476,r,10/01/2026,15:38:28,eddie@node1l10.ecdf.ed.ac.uk,1,6658
59133734,0.00220,lisflood_r,s2207476,r,10/01/2026,15:38:28,eddie@node1n15.ecdf.ed.ac.uk,1,6659
59133734,0.00220,lisflood_r,s2207476,r,10/01/2026,15:38:21,eddie@node1j28.ecdf.ed.ac.uk,1,6656
59133734,0.00220,lisflood_r,s2207476,r,10/01/2026,15:38:24,eddie@node1l04.ecdf.ed.ac.uk,1,6657
59133734,0.00220,lisflood_r,s2207476,r,10/01/2026,15:38:03,eddie@node1m06.ecdf.ed.ac.uk,1,6654
59133734,0.00219,lisflood_r,s2207476,r,10/01/2026,15:37:52,eddie@node1o08.ecdf.ed.ac.uk,1,6650
59133734,0.00219,lisflood_r,s2207476,r,10/01/2026,15:37:52,eddie@node1j18.ecdf.ed.ac.uk,1,6651
59133734,0.00219,lisflood_r,s2207476,r,10/01/2026,15:37:52,eddie@node1k14.ecdf.ed.ac.uk,1,6652
59133734,0.00219,lisflood_r,s2207476,r,10/01/2026,15:37:53,eddie@node1k17.ecdf.ed.ac.uk,1,6653
59133734,0.00219,lisflood_r,s2207476,r,10/01/2026,15:37:31,eddie@node1l02.ecdf.ed.ac.uk,1,6649
59133734,0.00219,lisflood_r,s2207476,r,10/01/2026,15:37:28,eddie@node1l10.ecdf.ed.ac.uk,1,6648
59133734,0.00219,lisflood_r,s2207476,r,10/01/2026,15:37:19,eddie@node1j06.ecdf.ed.ac.uk,1,6647
59133734,0.00219,lisflood_r,s2207476,r,10/01/2026,15:37:15,eddie@node1j26.ecdf.ed.ac.uk,1,6646
59133734,0.00219,lisflood_r,s2207476,r,10/01/2026,15:37:08,eddie@node1j09.ecdf.ed.ac.uk,1,6644
59133734,0.00219,lisflood_r,s2207476,r,10/01/2026,15:37:08,eddie@node1l03.ecdf.ed.ac.uk,1,6645
59133734,0.00219,lisflood_r,s2207476,r,10/01/2026,15:37:05,eddie@node1m03.ecdf.ed.ac.uk,1,6642
59133734,0.00219,lisflood_r,s2207476,r,10/01/2026,15:36:53,eddie@node1h05.ecdf.ed.ac.uk,1,6639
59133734,0.00219,lisflood_r,s2207476,r,10/01/2026,15:36:55,eddie@node1m05.ecdf.ed.ac.uk,1,6640
59133734,0.00219,lisflood_r,s2207476,r,10/01/2026,15:37:01,eddie@node1l01.ecdf.ed.ac.uk,1,6641
59133734,0.00219,lisflood_r,s2207476,r,10/01/2026,15:37:06,eddie@node1m07.ecdf.ed.ac.uk,1,6643
59131489,0.00219,pca_gwas,s2267086,r,10/01/2026,12:00:26,eddie@node1r18.ecdf.ed.ac.uk,1,150
59133734,0.00219,lisflood_r,s2207476,r,10/01/2026,15:36:42,eddie@node1j23.ecdf.ed.ac.uk,1,6637
59133734,0.00219,lisflood_r,s2207476,r,10/01/2026,15:36:43,eddie@node1k08.ecdf.ed.ac.uk,1,6638
59133734,0.00219,lisflood_r,s2207476,r,10/01/2026,15:36:03,eddie@node1k09.ecdf.ed.ac.uk,1,6636
59133734,0.00219,lisflood_r,s2207476,r,10/01/2026,15:35:54,eddie@node1f10.ecdf.ed.ac.uk,1,6635
59133734,0.00219,lisflood_r,s2207476,r,10/01/2026,15:35:21,eddie@node1j06.ecdf.ed.ac.uk,1,6634
59133734,0.00219,lisflood_r,s2207476,r,10/01/2026,15:35:17,eddie@node1j05.ecdf.ed.ac.uk,1,6633
59133734,0.00219,lisflood_r,s2207476,r,10/01/2026,15:35:09,eddie@node1i17.ecdf.ed.ac.uk,1,6632
59133734,0.00219,lisflood_r,s2207476,r,10/01/2026,15:35:01,eddie@node1j22.ecdf.ed.ac.uk,1,6631
59133734,0.00219,lisflood_r,s2207476,r,10/01/2026,15:34:55,eddie@node1j23.ecdf.ed.ac.uk,1,6630
59133734,0.00219,lisflood_r,s2207476,r,10/01/2026,15:34:53,eddie@node1m10.ecdf.ed.ac.uk,1,6629
59133734,0.00219,lisflood_r,s2207476,r,10/01/2026,15:34:50,eddie@node1j08.ecdf.ed.ac.uk,1,6628
59133734,0.00219,lisflood_r,s2207476,r,10/01/2026,15:34:43,eddie@node1k03.ecdf.ed.ac.uk,1,6627
59133734,0.00219,lisflood_r,s2207476,r,10/01/2026,15:34:41,eddie@node1h22.ecdf.ed.ac.uk,1,6626
59133734,0.00219,lisflood_r,s2207476,r,10/01/2026,15:34:14,eddie@node1h05.ecdf.ed.ac.uk,1,6623
59133734,0.00219,lisflood_r,s2207476,r,10/01/2026,15:34:02,eddie@node1k03.ecdf.ed.ac.uk,1,6622
59133734,0.00219,lisflood_r,s2207476,r,10/01/2026,15:34:26,eddie@node1q05.ecdf.ed.ac.uk,1,6625
59133734,0.00219,lisflood_r,s2207476,r,10/01/2026,15:34:20,eddie@node1h11.ecdf.ed.ac.uk,1,6624
59133734,0.00219,lisflood_r,s2207476,r,10/01/2026,15:33:59,eddie@node1p10.ecdf.ed.ac.uk,1,6621
59133734,0.00219,lisflood_r,s2207476,r,10/01/2026,15:33:54,eddie@node1n16.ecdf.ed.ac.uk,1,6620
59133734,0.00219,lisflood_r,s2207476,r,10/01/2026,15:33:33,eddie@node1n10.ecdf.ed.ac.uk,1,6619
59133734,0.00219,lisflood_r,s2207476,r,10/01/2026,15:33:27,eddie@node1s20.ecdf.ed.ac.uk,1,6618
59133734,0.00219,lisflood_r,s2207476,r,10/01/2026,15:33:20,eddie@node1n15.ecdf.ed.ac.uk,1,6617
59133734,0.00219,lisflood_r,s2207476,r,10/01/2026,15:33:11,eddie@node1o14.ecdf.ed.ac.uk,1,6616
59133734,0.00219,lisflood_r,s2207476,r,10/01/2026,15:32:50,eddie@node1n08.ecdf.ed.ac.uk,1,6614
59133734,0.00219,lisflood_r,s2207476,r,10/01/2026,15:33:02,eddie@node1k03.ecdf.ed.ac.uk,1,6615
59128689,0.00219,TRC16k_K40,lchen8,r,10/01/2026,11:34:25,eddie@node1e03.ecdf.ed.ac.uk,1
59133734,0.00219,lisflood_r,s2207476,r,10/01/2026,15:31:52,eddie@node1l03.ecdf.ed.ac.uk,1,6597
59133734,0.00219,lisflood_r,s2207476,r,10/01/2026,15:31:59,eddie@node1o10.ecdf.ed.ac.uk,1,6598
59133734,0.00219,lisflood_r,s2207476,r,10/01/2026,15:31:59,eddie@node1o10.ecdf.ed.ac.uk,1,6599
59133734,0.00219,lisflood_r,s2207476,r,10/01/2026,15:31:59,eddie@node1o10.ecdf.ed.ac.uk,1,6600
59133734,0.00219,lisflood_r,s2207476,r,10/01/2026,15:31:59,eddie@node1k07.ecdf.ed.ac.uk,1,6601
59133734,0.00219,lisflood_r,s2207476,r,10/01/2026,15:31:59,eddie@node1k07.ecdf.ed.ac.uk,1,6602
59133734,0.00219,lisflood_r,s2207476,r,10/01/2026,15:31:59,eddie@node1k07.ecdf.ed.ac.uk,1,6603
59133734,0.00219,lisflood_r,s2207476,r,10/01/2026,15:31:59,eddie@node1k07.ecdf.ed.ac.uk,1,6604
59133734,0.00219,lisflood_r,s2207476,r,10/01/2026,15:32:03,eddie@node1m24.ecdf.ed.ac.uk,1,6605
59133734,0.00219,lisflood_r,s2207476,r,10/01/2026,15:32:11,eddie@node1r12.ecdf.ed.ac.uk,1,6607
59133734,0.00219,lisflood_r,s2207476,r,10/01/2026,15:32:07,eddie@node1n14.ecdf.ed.ac.uk,1,6606
59133734,0.00219,lisflood_r,s2207476,r,10/01/2026,15:31:44,eddie@node1k09.ecdf.ed.ac.uk,1,6593
59133734,0.00219,lisflood_r,s2207476,r,10/01/2026,15:31:44,eddie@node1k12.ecdf.ed.ac.uk,1,6594
59133734,0.00219,lisflood_r,s2207476,r,10/01/2026,15:31:44,eddie@node1j09.ecdf.ed.ac.uk,1,6595
59133734,0.00219,lisflood_r,s2207476,r,10/01/2026,15:31:44,eddie@node1j09.ecdf.ed.ac.uk,1,6596
59133734,0.00219,lisflood_r,s2207476,r,10/01/2026,15:32:31,eddie@node1j09.ecdf.ed.ac.uk,1,6608
59133734,0.00219,lisflood_r,s2207476,r,10/01/2026,15:32:31,eddie@node1j09.ecdf.ed.ac.uk,1,6609
59133734,0.00219,lisflood_r,s2207476,r,10/01/2026,15:32:31,eddie@node1j09.ecdf.ed.ac.uk,1,6610
59133734,0.00219,lisflood_r,s2207476,r,10/01/2026,15:32:31,eddie@node1j09.ecdf.ed.ac.uk,1,6611
59133734,0.00219,lisflood_r,s2207476,r,10/01/2026,15:32:31,eddie@node1j09.ecdf.ed.ac.uk,1,6612
59133734,0.00219,lisflood_r,s2207476,r,10/01/2026,15:32:37,eddie@node1m04.ecdf.ed.ac.uk,1,6613
59133734,0.00219,lisflood_r,s2207476,r,10/01/2026,15:31:40,eddie@node1j11.ecdf.ed.ac.uk,1,6592
59133734,0.00219,lisflood_r,s2207476,r,10/01/2026,15:31:24,eddie@node1h05.ecdf.ed.ac.uk,1,6590
59133734,0.00219,lisflood_r,s2207476,r,10/01/2026,15:31:30,eddie@node1s20.ecdf.ed.ac.uk,1,6591
59128101,0.00219,TRC16k_K2_,lchen8,r,10/01/2026,11:32:37,eddie@node1d09.ecdf.ed.ac.uk,1
59133734,0.00218,lisflood_r,s2207476,r,10/01/2026,15:30:45,eddie@node1s19.ecdf.ed.ac.uk,1,6587
59133734,0.00218,lisflood_r,s2207476,r,10/01/2026,15:30:45,eddie@node1h06.ecdf.ed.ac.uk,1,6588
59133734,0.00218,lisflood_r,s2207476,r,10/01/2026,15:30:45,eddie@node1h24.ecdf.ed.ac.uk,1,6589
59133734,0.00218,lisflood_r,s2207476,r,10/01/2026,15:30:19,eddie@node1n16.ecdf.ed.ac.uk,1,6586
59133734,0.00218,lisflood_r,s2207476,r,10/01/2026,15:29:58,eddie@node1s13.ecdf.ed.ac.uk,1,6585
59072674,0.00218,acetylh05,knicodem,r,09/29/2026,08:28:10,eddie@node1m12.ecdf.ed.ac.uk,1,438
59072674,0.00218,acetylh05,knicodem,r,09/29/2026,08:28:10,eddie@node1m12.ecdf.ed.ac.uk,1,439
59072674,0.00218,acetylh05,knicodem,r,09/29/2026,08:28:10,eddie@node1m12.ecdf.ed.ac.uk,1,440
59072674,0.00218,acetylh05,knicodem,r,09/29/2026,08:28:10,eddie@node1m12.ecdf.ed.ac.uk,1,441
59133734,0.00218,lisflood_r,s2207476,r,10/01/2026,15:29:28,eddie@node1i25.ecdf.ed.ac.uk,1,6584
59133734,0.00218,lisflood_r,s2207476,r,10/01/2026,15:29:20,eddie@node1m13.ecdf.ed.ac.uk,1,6583
59133734,0.00218,lisflood_r,s2207476,r,10/01/2026,15:29:05,eddie@node1j18.ecdf.ed.ac.uk,1,6581
59133734,0.00218,lisflood_r,s2207476,r,10/01/2026,15:29:09,eddie@node1j23.ecdf.ed.ac.uk,1,6582
59124427,0.00218,step7_ext,lwong4,r,10/01/2026,00:49:44,eddie@node1k02.ecdf.ed.ac.uk,8,81
59133734,0.00218,lisflood_r,s2207476,r,10/01/2026,15:29:00,eddie@node1k01.ecdf.ed.ac.uk,1,6580
59133734,0.00218,lisflood_r,s2207476,r,10/01/2026,15:28:43,eddie@node1j19.ecdf.ed.ac.uk,1,6579
59133734,0.00218,lisflood_r,s2207476,r,10/01/2026,15:28:39,eddie@node1l23.ecdf.ed.ac.uk,1,6577
59133734,0.00218,lisflood_r,s2207476,r,10/01/2026,15:28:39,eddie@node1m02.ecdf.ed.ac.uk,1,6578
59133734,0.00218,lisflood_r,s2207476,r,10/01/2026,15:28:22,eddie@node1s09.ecdf.ed.ac.uk,1,6575
59133734,0.00218,lisflood_r,s2207476,r,10/01/2026,15:28:38,eddie@node1p10.ecdf.ed.ac.uk,1,6576
59133734,0.00218,lisflood_r,s2207476,r,10/01/2026,15:28:20,eddie@node1m09.ecdf.ed.ac.uk,1,6574
59128724,0.00218,TRC16k_K81,lchen8,r,10/01/2026,11:28:10,eddie@node1h09.ecdf.ed.ac.uk,1
59133734,0.00218,lisflood_r,s2207476,r,10/01/2026,15:28:01,eddie@node1o14.ecdf.ed.ac.uk,1,6573
59133734,0.00218,lisflood_r,s2207476,r,10/01/2026,15:27:42,eddie@node1k12.ecdf.ed.ac.uk,1,6572
59133734,0.00218,lisflood_r,s2207476,r,10/01/2026,15:27:30,eddie@node1l09.ecdf.ed.ac.uk,1,6571
59124427,0.00218,step7_ext,lwong4,r,10/01/2026,00:48:19,eddie@node1j21.ecdf.ed.ac.uk,8,80
59133734,0.00218,lisflood_r,s2207476,r,10/01/2026,15:27:14,eddie@node1m07.ecdf.ed.ac.uk,1,6570
59128746,0.00218,TRC16k_K81,lchen8,r,10/01/2026,11:27:35,eddie@node1d02.ecdf.ed.ac.uk,1
59128594,0.00218,TRC16k_K51,lchen8,r,10/01/2026,11:26:06,eddie@node1n15.ecdf.ed.ac.uk,1
59133734,0.00218,lisflood_r,s2207476,r,10/01/2026,15:27:00,eddie@node1j23.ecdf.ed.ac.uk,1,6568
59133734,0.00218,lisflood_r,s2207476,r,10/01/2026,15:27:03,eddie@node1j17.ecdf.ed.ac.uk,1,6569
59133734,0.00218,lisflood_r,s2207476,r,10/01/2026,15:26:49,eddie@node1l09.ecdf.ed.ac.uk,1,6567
59133734,0.00218,lisflood_r,s2207476,r,10/01/2026,15:26:41,eddie@node1f16.ecdf.ed.ac.uk,1,6564
59133734,0.00218,lisflood_r,s2207476,r,10/01/2026,15:26:41,eddie@node1i25.ecdf.ed.ac.uk,1,6565
59133734,0.00218,lisflood_r,s2207476,r,10/01/2026,15:26:46,eddie@node1k03.ecdf.ed.ac.uk,1,6566
59072674,0.00217,acetylh05,knicodem,r,09/29/2026,08:17:38,eddie@node1s10.ecdf.ed.ac.uk,1,437
59124427,0.00217,step7_ext,lwong4,r,10/01/2026,00:43:42,eddie@node1s11.ecdf.ed.ac.uk,8,77
59124427,0.00217,step7_ext,lwong4,r,10/01/2026,00:43:42,eddie@node1k01.ecdf.ed.ac.uk,8,78
59133734,0.00217,lisflood_r,s2207476,r,10/01/2026,15:26:02,eddie@node1o03.ecdf.ed.ac.uk,1,6562
59133734,0.00217,lisflood_r,s2207476,r,10/01/2026,15:26:02,eddie@node1j11.ecdf.ed.ac.uk,1,6563
59133734,0.00217,lisflood_r,s2207476,r,10/01/2026,15:25:55,eddie@node1f16.ecdf.ed.ac.uk,1,6560
59133734,0.00217,lisflood_r,s2207476,r,10/01/2026,15:25:59,eddie@node1j08.ecdf.ed.ac.uk,1,6561
59133734,0.00217,lisflood_r,s2207476,r,10/01/2026,15:25:47,eddie@node1l23.ecdf.ed.ac.uk,1,6559
59133734,0.00217,lisflood_r,s2207476,r,10/01/2026,15:25:32,eddie@node1l01.ecdf.ed.ac.uk,1,6551
59133734,0.00217,lisflood_r,s2207476,r,10/01/2026,15:25:32,eddie@node1m08.ecdf.ed.ac.uk,1,6552
59133734,0.00217,lisflood_r,s2207476,r,10/01/2026,15:25:36,eddie@node1m02.ecdf.ed.ac.uk,1,6553
59133734,0.00217,lisflood_r,s2207476,r,10/01/2026,15:25:37,eddie@node1o03.ecdf.ed.ac.uk,1,6554
59133734,0.00217,lisflood_r,s2207476,r,10/01/2026,15:25:39,eddie@node1i25.ecdf.ed.ac.uk,1,6555
59133734,0.00217,lisflood_r,s2207476,r,10/01/2026,15:25:39,eddie@node1i25.ecdf.ed.ac.uk,1,6556
59133734,0.00217,lisflood_r,s2207476,r,10/01/2026,15:25:39,eddie@node1i25.ecdf.ed.ac.uk,1,6557
59133734,0.00217,lisflood_r,s2207476,r,10/01/2026,15:25:39,eddie@node1i25.ecdf.ed.ac.uk,1,6558
59128768,0.00217,TRC16k_K16,lchen8,r,10/01/2026,11:23:59,eddie@node1m09.ecdf.ed.ac.uk,1
59133734,0.00217,lisflood_r,s2207476,r,10/01/2026,15:25:09,eddie@node1n10.ecdf.ed.ac.uk,1,6550
59133734,0.00217,lisflood_r,s2207476,r,10/01/2026,15:24:53,eddie@node1h09.ecdf.ed.ac.uk,1,6548
59133734,0.00217,lisflood_r,s2207476,r,10/01/2026,15:24:57,eddie@node1l05.ecdf.ed.ac.uk,1,6549
59133734,0.00217,lisflood_r,s2207476,r,10/01/2026,15:24:44,eddie@node1j21.ecdf.ed.ac.uk,1,6547
59133734,0.00217,lisflood_r,s2207476,r,10/01/2026,15:24:39,eddie@node1k01.ecdf.ed.ac.uk,1,6543
59133734,0.00217,lisflood_r,s2207476,r,10/01/2026,15:24:39,eddie@node1j11.ecdf.ed.ac.uk,1,6544
59133734,0.00217,lisflood_r,s2207476,r,10/01/2026,15:24:40,eddie@node1j06.ecdf.ed.ac.uk,1,6545
59133734,0.00217,lisflood_r,s2207476,r,10/01/2026,15:24:40,eddie@node1n15.ecdf.ed.ac.uk,1,6546
59133734,0.00217,lisflood_r,s2207476,r,10/01/2026,15:24:34,eddie@node1n16.ecdf.ed.ac.uk,1,6542
59133734,0.00217,lisflood_r,s2207476,r,10/01/2026,15:24:24,eddie@node1k15.ecdf.ed.ac.uk,1,6541
59133734,0.00217,lisflood_r,s2207476,r,10/01/2026,15:24:13,eddie@node1k18.ecdf.ed.ac.uk,1,6540
59133734,0.00217,lisflood_r,s2207476,r,10/01/2026,15:23:38,eddie@node1j19.ecdf.ed.ac.uk,1,6530
59133734,0.00217,lisflood_r,s2207476,r,10/01/2026,15:23:51,eddie@node1f06.ecdf.ed.ac.uk,1,6531
59133734,0.00217,lisflood_r,s2207476,r,10/01/2026,15:23:56,eddie@node1s09.ecdf.ed.ac.uk,1,6532
59133734,0.00217,lisflood_r,s2207476,r,10/01/2026,15:23:56,eddie@node1s09.ecdf.ed.ac.uk,1,6533
59133734,0.00217,lisflood_r,s2207476,r,10/01/2026,15:23:56,eddie@node1s09.ecdf.ed.ac.uk,1,6534
59133734,0.00217,lisflood_r,s2207476,r,10/01/2026,15:23:56,eddie@node1s09.ecdf.ed.ac.uk,1,6535
59133734,0.00217,lisflood_r,s2207476,r,10/01/2026,15:23:56,eddie@node1s09.ecdf.ed.ac.uk,1,6536
59133734,0.00217,lisflood_r,s2207476,r,10/01/2026,15:23:56,eddie@node1k04.ecdf.ed.ac.uk,1,6537
59133734,0.00217,lisflood_r,s2207476,r,10/01/2026,15:23:56,eddie@node1k04.ecdf.ed.ac.uk,1,6538
59133734,0.00217,lisflood_r,s2207476,r,10/01/2026,15:23:56,eddie@node1k04.ecdf.ed.ac.uk,1,6539
59133734,0.00217,lisflood_r,s2207476,r,10/01/2026,15:23:31,eddie@node1m12.ecdf.ed.ac.uk,1,6528
59133734,0.00217,lisflood_r,s2207476,r,10/01/2026,15:23:34,eddie@node1m11.ecdf.ed.ac.uk,1,6529
59133734,0.00217,lisflood_r,s2207476,r,10/01/2026,15:23:27,eddie@node1j17.ecdf.ed.ac.uk,1,6526
59133734,0.00217,lisflood_r,s2207476,r,10/01/2026,15:23:21,eddie@node1k03.ecdf.ed.ac.uk,1,6525
59133734,0.00217,lisflood_r,s2207476,r,10/01/2026,15:23:30,eddie@node1h23.ecdf.ed.ac.uk,1,6527
59133734,0.00217,lisflood_r,s2207476,r,10/01/2026,15:23:16,eddie@node1j23.ecdf.ed.ac.uk,1,6524
59133734,0.00217,lisflood_r,s2207476,r,10/01/2026,15:22:57,eddie@node1m21.ecdf.ed.ac.uk,1,6523
59133734,0.00217,lisflood_r,s2207476,r,10/01/2026,15:22:45,eddie@node1j28.ecdf.ed.ac.uk,1,6522
59124427,0.00217,step7_ext,lwong4,r,10/01/2026,00:46:38,eddie@node1h24.ecdf.ed.ac.uk,8,79
59133734,0.00217,lisflood_r,s2207476,r,10/01/2026,15:22:16,eddie@node1j12.ecdf.ed.ac.uk,1,6521
59133734,0.00217,lisflood_r,s2207476,r,10/01/2026,15:22:01,eddie@node1j25.ecdf.ed.ac.uk,1,6520
59133734,0.00217,lisflood_r,s2207476,r,10/01/2026,15:21:45,eddie@node1m02.ecdf.ed.ac.uk,1,6519
59133734,0.00217,lisflood_r,s2207476,r,10/01/2026,15:21:38,eddie@node1o05.ecdf.ed.ac.uk,1,6518
59133734,0.00217,lisflood_r,s2207476,r,10/01/2026,15:21:16,eddie@node1k01.ecdf.ed.ac.uk,1,6510
59133734,0.00217,lisflood_r,s2207476,r,10/01/2026,15:21:16,eddie@node1k01.ecdf.ed.ac.uk,1,6511
59133734,0.00217,lisflood_r,s2207476,r,10/01/2026,15:21:16,eddie@node1k01.ecdf.ed.ac.uk,1,6512
59133734,0.00217,lisflood_r,s2207476,r,10/01/2026,15:21:16,eddie@node1k01.ecdf.ed.ac.uk,1,6513
59133734,0.00217,lisflood_r,s2207476,r,10/01/2026,15:21:20,eddie@node1h11.ecdf.ed.ac.uk,1,6515
59133734,0.00217,lisflood_r,s2207476,r,10/01/2026,15:21:32,eddie@node1k07.ecdf.ed.ac.uk,1,6517
59133734,0.00217,lisflood_r,s2207476,r,10/01/2026,15:21:19,eddie@node1k09.ecdf.ed.ac.uk,1,6514
59133734,0.00217,lisflood_r,s2207476,r,10/01/2026,15:21:28,eddie@node1k01.ecdf.ed.ac.uk,1,6516
59133734,0.00217,lisflood_r,s2207476,r,10/01/2026,15:21:09,eddie@node1r17.ecdf.ed.ac.uk,1,6509
59133734,0.00217,lisflood_r,s2207476,r,10/01/2026,15:21:03,eddie@node1l20.ecdf.ed.ac.uk,1,6508
59133734,0.00217,lisflood_r,s2207476,r,10/01/2026,15:20:48,eddie@node1j11.ecdf.ed.ac.uk,1,6505
59133734,0.00217,lisflood_r,s2207476,r,10/01/2026,15:20:55,eddie@node1l03.ecdf.ed.ac.uk,1,6506
59133734,0.00217,lisflood_r,s2207476,r,10/01/2026,15:20:56,eddie@node1n16.ecdf.ed.ac.uk,1,6507
59133734,0.00217,lisflood_r,s2207476,r,10/01/2026,15:20:35,eddie@node1o03.ecdf.ed.ac.uk,1,6504
59133734,0.00217,lisflood_r,s2207476,r,10/01/2026,15:20:04,eddie@node1r20.ecdf.ed.ac.uk,1,6503
59133734,0.00217,lisflood_r,s2207476,r,10/01/2026,15:19:52,eddie@node1o08.ecdf.ed.ac.uk,1,6502
59133734,0.00217,lisflood_r,s2207476,r,10/01/2026,15:19:41,eddie@node1n16.ecdf.ed.ac.uk,1,6501
59133734,0.00216,lisflood_r,s2207476,r,10/01/2026,15:19:08,eddie@node1q05.ecdf.ed.ac.uk,1,6498
59133734,0.00216,lisflood_r,s2207476,r,10/01/2026,15:19:17,eddie@node1m11.ecdf.ed.ac.uk,1,6499
59133734,0.00216,lisflood_r,s2207476,r,10/01/2026,15:19:37,eddie@node1m06.ecdf.ed.ac.uk,1,6500
59133734,0.00216,lisflood_r,s2207476,r,10/01/2026,15:18:44,eddie@node1o10.ecdf.ed.ac.uk,1,6493
59133734,0.00216,lisflood_r,s2207476,r,10/01/2026,15:18:44,eddie@node1o10.ecdf.ed.ac.uk,1,6494
59133734,0.00216,lisflood_r,s2207476,r,10/01/2026,15:18:44,eddie@node1o10.ecdf.ed.ac.uk,1,6495
59133734,0.00216,lisflood_r,s2207476,r,10/01/2026,15:18:44,eddie@node1o10.ecdf.ed.ac.uk,1,6496
59133734,0.00216,lisflood_r,s2207476,r,10/01/2026,15:18:44,eddie@node1o10.ecdf.ed.ac.uk,1,6497
59133734,0.00216,lisflood_r,s2207476,r,10/01/2026,15:18:21,eddie@node1l09.ecdf.ed.ac.uk,1,6492
59133734,0.00216,lisflood_r,s2207476,r,10/01/2026,15:18:13,eddie@node1r12.ecdf.ed.ac.uk,1,6491
59133734,0.00216,lisflood_r,s2207476,r,10/01/2026,15:17:29,eddie@node1j17.ecdf.ed.ac.uk,1,6489
59133734,0.00216,lisflood_r,s2207476,r,10/01/2026,15:17:34,eddie@node1r15.ecdf.ed.ac.uk,1,6490
59133734,0.00216,lisflood_r,s2207476,r,10/01/2026,15:17:21,eddie@node1l04.ecdf.ed.ac.uk,1,6488
59133734,0.00216,lisflood_r,s2207476,r,10/01/2026,15:16:48,eddie@node1r17.ecdf.ed.ac.uk,1,6486
59133734,0.00216,lisflood_r,s2207476,r,10/01/2026,15:16:56,eddie@node1j18.ecdf.ed.ac.uk,1,6487
59133734,0.00216,lisflood_r,s2207476,r,10/01/2026,15:16:26,eddie@node1l19.ecdf.ed.ac.uk,1,6484
59133734,0.00216,lisflood_r,s2207476,r,10/01/2026,15:16:26,eddie@node1l06.ecdf.ed.ac.uk,1,6485
59133734,0.00216,lisflood_r,s2207476,r,10/01/2026,15:16:15,eddie@node1r05.ecdf.ed.ac.uk,1,6482
59133734,0.00216,lisflood_r,s2207476,r,10/01/2026,15:16:18,eddie@node1j02.ecdf.ed.ac.uk,1,6483
59133734,0.00216,lisflood_r,s2207476,r,10/01/2026,15:15:55,eddie@node1l10.ecdf.ed.ac.uk,1,6481
59133734,0.00216,lisflood_r,s2207476,r,10/01/2026,15:15:45,eddie@node1k15.ecdf.ed.ac.uk,1,6479
59133734,0.00216,lisflood_r,s2207476,r,10/01/2026,15:15:47,eddie@node1l09.ecdf.ed.ac.uk,1,6480
59133734,0.00216,lisflood_r,s2207476,r,10/01/2026,15:15:31,eddie@node1m01.ecdf.ed.ac.uk,1,6478
59133734,0.00216,lisflood_r,s2207476,r,10/01/2026,15:15:17,eddie@node1i17.ecdf.ed.ac.uk,1,6476
59133734,0.00216,lisflood_r,s2207476,r,10/01/2026,15:15:18,eddie@node1l19.ecdf.ed.ac.uk,1,6477
59133734,0.00216,lisflood_r,s2207476,r,10/01/2026,15:14:54,eddie@node1m02.ecdf.ed.ac.uk,1,6474
59133734,0.00216,lisflood_r,s2207476,r,10/01/2026,15:14:55,eddie@node1n10.ecdf.ed.ac.uk,1,6475
59133734,0.00216,lisflood_r,s2207476,r,10/01/2026,15:14:50,eddie@node1k08.ecdf.ed.ac.uk,1,6472
59133734,0.00216,lisflood_r,s2207476,r,10/01/2026,15:14:51,eddie@node1m07.ecdf.ed.ac.uk,1,6473
59133734,0.00216,lisflood_r,s2207476,r,10/01/2026,15:14:42,eddie@node1l10.ecdf.ed.ac.uk,1,6471
59133734,0.00216,lisflood_r,s2207476,r,10/01/2026,15:14:07,eddie@node1l20.ecdf.ed.ac.uk,1,6470
59133734,0.00216,lisflood_r,s2207476,r,10/01/2026,15:13:54,eddie@node1k01.ecdf.ed.ac.uk,1,6468
59133734,0.00216,lisflood_r,s2207476,r,10/01/2026,15:14:03,eddie@node1h24.ecdf.ed.ac.uk,1,6469
59134610,0.00216,N16k_K20_e,lchen8,r,10/01/2026,15:48:42,eddie@node1d06.ecdf.ed.ac.uk,1
59133734,0.00216,lisflood_r,s2207476,r,10/01/2026,15:13:10,eddie@node1j18.ecdf.ed.ac.uk,1,6466
59133734,0.00216,lisflood_r,s2207476,r,10/01/2026,15:13:20,eddie@node1m12.ecdf.ed.ac.uk,1,6467
59133734,0.00216,lisflood_r,s2207476,r,10/01/2026,15:13:01,eddie@node1h06.ecdf.ed.ac.uk,1,6465
59133734,0.00216,lisflood_r,s2207476,r,10/01/2026,15:12:53,eddie@node1j18.ecdf.ed.ac.uk,1,6464
59121501,0.00216,ce1,gs10us1,r,10/01/2026,01:40:03,eddie@node1l11.ecdf.ed.ac.uk,4
59134687,0.00215,N16k_K20_e,lchen8,r,10/01/2026,15:47:26,eddie@node1e06.ecdf.ed.ac.uk,1
59133734,0.00215,lisflood_r,s2207476,r,10/01/2026,15:12:20,eddie@node1n16.ecdf.ed.ac.uk,1,6463
59133734,0.00215,lisflood_r,s2207476,r,10/01/2026,15:12:00,eddie@node1s09.ecdf.ed.ac.uk,1,6460
59133734,0.00215,lisflood_r,s2207476,r,10/01/2026,15:12:00,eddie@node1l01.ecdf.ed.ac.uk,1,6461
59133734,0.00215,lisflood_r,s2207476,r,10/01/2026,15:12:10,eddie@node1i25.ecdf.ed.ac.uk,1,6462
59133734,0.00215,lisflood_r,s2207476,r,10/01/2026,15:11:44,eddie@node1m07.ecdf.ed.ac.uk,1,6458
59133734,0.00215,lisflood_r,s2207476,r,10/01/2026,15:11:49,eddie@node1j04.ecdf.ed.ac.uk,1,6459
59133734,0.00215,lisflood_r,s2207476,r,10/01/2026,15:11:36,eddie@node1j21.ecdf.ed.ac.uk,1,6457
59133734,0.00215,lisflood_r,s2207476,r,10/01/2026,15:10:54,eddie@node1f06.ecdf.ed.ac.uk,1,6447
59133734,0.00215,lisflood_r,s2207476,r,10/01/2026,15:10:54,eddie@node1k10.ecdf.ed.ac.uk,1,6448
59133734,0.00215,lisflood_r,s2207476,r,10/01/2026,15:10:52,eddie@node1r18.ecdf.ed.ac.uk,1,6445
59133734,0.00215,lisflood_r,s2207476,r,10/01/2026,15:10:52,eddie@node1m11.ecdf.ed.ac.uk,1,6446
59133734,0.00215,lisflood_r,s2207476,r,10/01/2026,15:11:18,eddie@node1o10.ecdf.ed.ac.uk,1,6449
59133734,0.00215,lisflood_r,s2207476,r,10/01/2026,15:11:18,eddie@node1o10.ecdf.ed.ac.uk,1,6450
59133734,0.00215,lisflood_r,s2207476,r,10/01/2026,15:11:18,eddie@node1o10.ecdf.ed.ac.uk,1,6451
59133734,0.00215,lisflood_r,s2207476,r,10/01/2026,15:11:18,eddie@node1o10.ecdf.ed.ac.uk,1,6452
59133734,0.00215,lisflood_r,s2207476,r,10/01/2026,15:11:18,eddie@node1o10.ecdf.ed.ac.uk,1,6453
59133734,0.00215,lisflood_r,s2207476,r,10/01/2026,15:11:18,eddie@node1l19.ecdf.ed.ac.uk,1,6454
59133734,0.00215,lisflood_r,s2207476,r,10/01/2026,15:11:19,eddie@node1k03.ecdf.ed.ac.uk,1,6455
59133734,0.00215,lisflood_r,s2207476,r,10/01/2026,15:11:22,eddie@node1s09.ecdf.ed.ac.uk,1,6456
59133734,0.00215,lisflood_r,s2207476,r,10/01/2026,15:10:39,eddie@node1m07.ecdf.ed.ac.uk,1,6441
59133734,0.00215,lisflood_r,s2207476,r,10/01/2026,15:10:39,eddie@node1j19.ecdf.ed.ac.uk,1,6442
59133734,0.00215,lisflood_r,s2207476,r,10/01/2026,15:10:39,eddie@node1j08.ecdf.ed.ac.uk,1,6443
59133734,0.00215,lisflood_r,s2207476,r,10/01/2026,15:10:41,eddie@node1k04.ecdf.ed.ac.uk,1,6444
59133734,0.00215,lisflood_r,s2207476,r,10/01/2026,15:10:24,eddie@node1h05.ecdf.ed.ac.uk,1,6440
59133734,0.00215,lisflood_r,s2207476,r,10/01/2026,15:10:04,eddie@node1s17.ecdf.ed.ac.uk,1,6436
59133734,0.00215,lisflood_r,s2207476,r,10/01/2026,15:10:04,eddie@node1m08.ecdf.ed.ac.uk,1,6437
59133734,0.00215,lisflood_r,s2207476,r,10/01/2026,15:10:03,eddie@node1l03.ecdf.ed.ac.uk,1,6435
59133734,0.00215,lisflood_r,s2207476,r,10/01/2026,15:10:08,eddie@node1k09.ecdf.ed.ac.uk,1,6438
59133734,0.00215,lisflood_r,s2207476,r,10/01/2026,15:10:17,eddie@node1j02.ecdf.ed.ac.uk,1,6439
59133734,0.00215,lisflood_r,s2207476,r,10/01/2026,15:09:52,eddie@node1q06.ecdf.ed.ac.uk,1,6434
59133734,0.00215,lisflood_r,s2207476,r,10/01/2026,15:09:43,eddie@node1h06.ecdf.ed.ac.uk,1,6432
59133734,0.00215,lisflood_r,s2207476,r,10/01/2026,15:09:44,eddie@node1j08.ecdf.ed.ac.uk,1,6433
59133734,0.00215,lisflood_r,s2207476,r,10/01/2026,15:09:32,eddie@node1j19.ecdf.ed.ac.uk,1,6431
59133734,0.00215,lisflood_r,s2207476,r,10/01/2026,15:08:47,eddie@node1j27.ecdf.ed.ac.uk,1,6430
59133734,0.00215,lisflood_r,s2207476,r,10/01/2026,15:08:43,eddie@node1h16.ecdf.ed.ac.uk,1,6429
59133734,0.00215,lisflood_r,s2207476,r,10/01/2026,15:08:34,eddie@node1m05.ecdf.ed.ac.uk,1,6428
59133734,0.00215,lisflood_r,s2207476,r,10/01/2026,15:08:21,eddie@node1i17.ecdf.ed.ac.uk,1,6427
59133734,0.00215,lisflood_r,s2207476,r,10/01/2026,15:08:14,eddie@node1j27.ecdf.ed.ac.uk,1,6420
59133734,0.00215,lisflood_r,s2207476,r,10/01/2026,15:08:14,eddie@node1j27.ecdf.ed.ac.uk,1,6421
59133734,0.00215,lisflood_r,s2207476,r,10/01/2026,15:08:14,eddie@node1j27.ecdf.ed.ac.uk,1,6422
59133734,0.00215,lisflood_r,s2207476,r,10/01/2026,15:08:14,eddie@node1j27.ecdf.ed.ac.uk,1,6423
59133734,0.00215,lisflood_r,s2207476,r,10/01/2026,15:08:14,eddie@node1j27.ecdf.ed.ac.uk,1,6424
59133734,0.00215,lisflood_r,s2207476,r,10/01/2026,15:08:14,eddie@node1j27.ecdf.ed.ac.uk,1,6425
59133734,0.00215,lisflood_r,s2207476,r,10/01/2026,15:08:14,eddie@node1j27.ecdf.ed.ac.uk,1,6426
59133734,0.00215,lisflood_r,s2207476,r,10/01/2026,15:08:03,eddie@node1j03.ecdf.ed.ac.uk,1,6419
59133734,0.00215,lisflood_r,s2207476,r,10/01/2026,15:08:00,eddie@node1l10.ecdf.ed.ac.uk,1,6418
59133734,0.00215,lisflood_r,s2207476,r,10/01/2026,15:07:41,eddie@node1l05.ecdf.ed.ac.uk,1,6416
59133734,0.00215,lisflood_r,s2207476,r,10/01/2026,15:07:49,eddie@node1m12.ecdf.ed.ac.uk,1,6417
59171901,0.00215,userGWAS_n,s1713158,r,10/01/2026,15:31:59,eddie@node1e09.ecdf.ed.ac.uk,8,6
59133734,0.00215,lisflood_r,s2207476,r,10/01/2026,15:07:25,eddie@node1m07.ecdf.ed.ac.uk,1,6413
59133734,0.00215,lisflood_r,s2207476,r,10/01/2026,15:07:27,eddie@node1h15.ecdf.ed.ac.uk,1,6414
59133734,0.00215,lisflood_r,s2207476,r,10/01/2026,15:07:28,eddie@node1l03.ecdf.ed.ac.uk,1,6415
59133734,0.00215,lisflood_r,s2207476,r,10/01/2026,15:07:07,eddie@node1k08.ecdf.ed.ac.uk,1,6412
59133734,0.00215,lisflood_r,s2207476,r,10/01/2026,15:06:41,eddie@node1n14.ecdf.ed.ac.uk,1,6409
59133734,0.00215,lisflood_r,s2207476,r,10/01/2026,15:06:47,eddie@node1k16.ecdf.ed.ac.uk,1,6410
59133734,0.00215,lisflood_r,s2207476,r,10/01/2026,15:06:55,eddie@node1n16.ecdf.ed.ac.uk,1,6411
59133734,0.00215,lisflood_r,s2207476,r,10/01/2026,15:06:30,eddie@node1k01.ecdf.ed.ac.uk,1,6408
59133734,0.00215,lisflood_r,s2207476,r,10/01/2026,15:06:21,eddie@node1r15.ecdf.ed.ac.uk,1,6406
59133734,0.00215,lisflood_r,s2207476,r,10/01/2026,15:06:25,eddie@node1i25.ecdf.ed.ac.uk,1,6407
59133734,0.00215,lisflood_r,s2207476,r,10/01/2026,15:05:58,eddie@node1k05.ecdf.ed.ac.uk,1,6405
59072674,0.00214,acetylh05,knicodem,r,09/29/2026,07:55:54,eddie@node1n10.ecdf.ed.ac.uk,1,421
59072674,0.00214,acetylh05,knicodem,r,09/29/2026,07:55:55,eddie@node1n10.ecdf.ed.ac.uk,1,422
59072674,0.00214,acetylh05,knicodem,r,09/29/2026,07:55:55,eddie@node1n10.ecdf.ed.ac.uk,1,423
59072674,0.00214,acetylh05,knicodem,r,09/29/2026,07:55:55,eddie@node1n10.ecdf.ed.ac.uk,1,424
59072674,0.00214,acetylh05,knicodem,r,09/29/2026,07:55:55,eddie@node1n10.ecdf.ed.ac.uk,1,425
59072674,0.00214,acetylh05,knicodem,r,09/29/2026,07:55:55,eddie@node1n10.ecdf.ed.ac.uk,1,426
59072674,0.00214,acetylh05,knicodem,r,09/29/2026,07:55:55,eddie@node1n10.ecdf.ed.ac.uk,1,427
59134942,0.00214,N16k_K28_e,lchen8,r,10/01/2026,15:39:18,eddie@node1e10.ecdf.ed.ac.uk,1
59072674,0.00214,acetylh05,knicodem,r,09/29/2026,07:57:31,eddie@node1k18.ecdf.ed.ac.uk,1,428
59072674,0.00214,acetylh05,knicodem,r,09/29/2026,07:57:31,eddie@node1k18.ecdf.ed.ac.uk,1,429
59072674,0.00214,acetylh05,knicodem,r,09/29/2026,07:57:31,eddie@node1k18.ecdf.ed.ac.uk,1,430
59072674,0.00214,acetylh05,knicodem,r,09/29/2026,07:57:31,eddie@node1k18.ecdf.ed.ac.uk,1,431
59072674,0.00214,acetylh05,knicodem,r,09/29/2026,07:57:31,eddie@node1k18.ecdf.ed.ac.uk,1,432
59072674,0.00214,acetylh05,knicodem,r,09/29/2026,07:57:31,eddie@node1k18.ecdf.ed.ac.uk,1,433
59072674,0.00214,acetylh05,knicodem,r,09/29/2026,07:57:31,eddie@node1k18.ecdf.ed.ac.uk,1,434
59072674,0.00214,acetylh05,knicodem,r,09/29/2026,07:57:31,eddie@node1k18.ecdf.ed.ac.uk,1,435
59133734,0.00214,lisflood_r,s2207476,r,10/01/2026,15:05:48,eddie@node1j22.ecdf.ed.ac.uk,1,6403
59133734,0.00214,lisflood_r,s2207476,r,10/01/2026,15:05:49,eddie@node1l10.ecdf.ed.ac.uk,1,6404
59133734,0.00214,lisflood_r,s2207476,r,10/01/2026,15:05:28,eddie@node1m24.ecdf.ed.ac.uk,1,6399
59133734,0.00214,lisflood_r,s2207476,r,10/01/2026,15:05:28,eddie@node1i25.ecdf.ed.ac.uk,1,6400
59133734,0.00214,lisflood_r,s2207476,r,10/01/2026,15:05:28,eddie@node1i25.ecdf.ed.ac.uk,1,6401
59133734,0.00214,lisflood_r,s2207476,r,10/01/2026,15:05:28,eddie@node1i25.ecdf.ed.ac.uk,1,6402
59133734,0.00214,lisflood_r,s2207476,r,10/01/2026,15:04:51,eddie@node1j04.ecdf.ed.ac.uk,1,6398
59072674,0.00214,acetylh05,knicodem,r,09/29/2026,07:55:05,eddie@node1m10.ecdf.ed.ac.uk,1,413
59072674,0.00214,acetylh05,knicodem,r,09/29/2026,07:55:05,eddie@node1m10.ecdf.ed.ac.uk,1,414
59072674,0.00214,acetylh05,knicodem,r,09/29/2026,07:55:05,eddie@node1m10.ecdf.ed.ac.uk,1,415
59072674,0.00214,acetylh05,knicodem,r,09/29/2026,07:55:05,eddie@node1m10.ecdf.ed.ac.uk,1,416
59072674,0.00214,acetylh05,knicodem,r,09/29/2026,07:55:05,eddie@node1m10.ecdf.ed.ac.uk,1,417
59072674,0.00214,acetylh05,knicodem,r,09/29/2026,07:55:05,eddie@node1m10.ecdf.ed.ac.uk,1,418
59072674,0.00214,acetylh05,knicodem,r,09/29/2026,07:55:05,eddie@node1m10.ecdf.ed.ac.uk,1,419
59072674,0.00214,acetylh05,knicodem,r,09/29/2026,07:55:05,eddie@node1m10.ecdf.ed.ac.uk,1,420
59133734,0.00214,lisflood_r,s2207476,r,10/01/2026,15:04:23,eddie@node1m01.ecdf.ed.ac.uk,1,6397
59133734,0.00214,lisflood_r,s2207476,r,10/01/2026,15:04:11,eddie@node1n15.ecdf.ed.ac.uk,1,6396
59133734,0.00214,lisflood_r,s2207476,r,10/01/2026,15:04:03,eddie@node1k14.ecdf.ed.ac.uk,1,6395
59133734,0.00214,lisflood_r,s2207476,r,10/01/2026,15:02:57,eddie@node1m01.ecdf.ed.ac.uk,1,6391
59133734,0.00214,lisflood_r,s2207476,r,10/01/2026,15:03:04,eddie@node1r20.ecdf.ed.ac.uk,1,6392
59133734,0.00214,lisflood_r,s2207476,r,10/01/2026,15:03:21,eddie@node1j19.ecdf.ed.ac.uk,1,6394
59133734,0.00214,lisflood_r,s2207476,r,10/01/2026,15:03:13,eddie@node1l01.ecdf.ed.ac.uk,1,6393
59133734,0.00214,lisflood_r,s2207476,r,10/01/2026,15:02:52,eddie@node1m07.ecdf.ed.ac.uk,1,6389
59133734,0.00214,lisflood_r,s2207476,r,10/01/2026,15:02:52,eddie@node1l09.ecdf.ed.ac.uk,1,6390
59133734,0.00214,lisflood_r,s2207476,r,10/01/2026,15:02:44,eddie@node1l07.ecdf.ed.ac.uk,1,6385
59133734,0.00214,lisflood_r,s2207476,r,10/01/2026,15:02:45,eddie@node1j11.ecdf.ed.ac.uk,1,6386
59133734,0.00214,lisflood_r,s2207476,r,10/01/2026,15:02:47,eddie@node1j23.ecdf.ed.ac.uk,1,6387
59133734,0.00214,lisflood_r,s2207476,r,10/01/2026,15:02:49,eddie@node1r14.ecdf.ed.ac.uk,1,6388
59072674,0.00214,acetylh05,knicodem,r,09/29/2026,07:53:12,eddie@node1m10.ecdf.ed.ac.uk,1,405
59072674,0.00214,acetylh05,knicodem,r,09/29/2026,07:53:12,eddie@node1m10.ecdf.ed.ac.uk,1,406
59072674,0.00214,acetylh05,knicodem,r,09/29/2026,07:53:12,eddie@node1m10.ecdf.ed.ac.uk,1,407
59072674,0.00214,acetylh05,knicodem,r,09/29/2026,07:53:12,eddie@node1m10.ecdf.ed.ac.uk,1,408
59072674,0.00214,acetylh05,knicodem,r,09/29/2026,07:53:12,eddie@node1m10.ecdf.ed.ac.uk,1,409
59072674,0.00214,acetylh05,knicodem,r,09/29/2026,07:53:12,eddie@node1m10.ecdf.ed.ac.uk,1,410
59072674,0.00214,acetylh05,knicodem,r,09/29/2026,07:53:12,eddie@node1m10.ecdf.ed.ac.uk,1,411
59072674,0.00214,acetylh05,knicodem,r,09/29/2026,07:53:12,eddie@node1m10.ecdf.ed.ac.uk,1,412
59133734,0.00214,lisflood_r,s2207476,r,10/01/2026,15:02:38,eddie@node1m03.ecdf.ed.ac.uk,1,6384
59133734,0.00214,lisflood_r,s2207476,r,10/01/2026,15:02:19,eddie@node1r14.ecdf.ed.ac.uk,1,6380
59133734,0.00214,lisflood_r,s2207476,r,10/01/2026,15:02:19,eddie@node1h24.ecdf.ed.ac.uk,1,6381
59133734,0.00214,lisflood_r,s2207476,r,10/01/2026,15:02:18,eddie@node1p10.ecdf.ed.ac.uk,1,6379
59133734,0.00214,lisflood_r,s2207476,r,10/01/2026,15:02:22,eddie@node1k14.ecdf.ed.ac.uk,1,6382
59133734,0.00214,lisflood_r,s2207476,r,10/01/2026,15:02:34,eddie@node1m01.ecdf.ed.ac.uk,1,6383
59133734,0.00214,lisflood_r,s2207476,r,10/01/2026,15:02:13,eddie@node1m01.ecdf.ed.ac.uk,1,6378
59133734,0.00214,lisflood_r,s2207476,r,10/01/2026,15:02:08,eddie@node1j07.ecdf.ed.ac.uk,1,6376
59133734,0.00214,lisflood_r,s2207476,r,10/01/2026,15:02:08,eddie@node1n15.ecdf.ed.ac.uk,1,6377
59133734,0.00214,lisflood_r,s2207476,r,10/01/2026,15:02:05,eddie@node1j18.ecdf.ed.ac.uk,1,6375
59133734,0.00214,lisflood_r,s2207476,r,10/01/2026,15:01:29,eddie@node1r14.ecdf.ed.ac.uk,1,6374
59133734,0.00214,lisflood_r,s2207476,r,10/01/2026,15:01:10,eddie@node1l10.ecdf.ed.ac.uk,1,6373
59133734,0.00214,lisflood_r,s2207476,r,10/01/2026,15:01:09,eddie@node1m01.ecdf.ed.ac.uk,1,6371
59133734,0.00214,lisflood_r,s2207476,r,10/01/2026,15:01:09,eddie@node1l03.ecdf.ed.ac.uk,1,6372
59133734,0.00214,lisflood_r,s2207476,r,10/01/2026,15:01:00,eddie@node1m01.ecdf.ed.ac.uk,1,6369
59133734,0.00214,lisflood_r,s2207476,r,10/01/2026,15:01:00,eddie@node1q05.ecdf.ed.ac.uk,1,6370
59133734,0.00214,lisflood_r,s2207476,r,10/01/2026,15:00:53,eddie@node1n16.ecdf.ed.ac.uk,1,6368
59133734,0.00214,lisflood_r,s2207476,r,10/01/2026,15:00:46,eddie@node1q05.ecdf.ed.ac.uk,1,6367
59133734,0.00214,lisflood_r,s2207476,r,10/01/2026,15:00:25,eddie@node1j04.ecdf.ed.ac.uk,1,6359
59133734,0.00214,lisflood_r,s2207476,r,10/01/2026,15:00:34,eddie@node1j21.ecdf.ed.ac.uk,1,6360
59133734,0.00214,lisflood_r,s2207476,r,10/01/2026,15:00:39,eddie@node1l04.ecdf.ed.ac.uk,1,6361
59133734,0.00214,lisflood_r,s2207476,r,10/01/2026,15:00:39,eddie@node1l04.ecdf.ed.ac.uk,1,6362
59133734,0.00214,lisflood_r,s2207476,r,10/01/2026,15:00:39,eddie@node1l04.ecdf.ed.ac.uk,1,6363
59133734,0.00214,lisflood_r,s2207476,r,10/01/2026,15:00:39,eddie@node1l04.ecdf.ed.ac.uk,1,6364
59133734,0.00214,lisflood_r,s2207476,r,10/01/2026,15:00:39,eddie@node1l04.ecdf.ed.ac.uk,1,6365
59133734,0.00214,lisflood_r,s2207476,r,10/01/2026,15:00:40,eddie@node1k05.ecdf.ed.ac.uk,1,6366
59133734,0.00214,lisflood_r,s2207476,r,10/01/2026,15:00:01,eddie@node1l05.ecdf.ed.ac.uk,1,6356
59133734,0.00214,lisflood_r,s2207476,r,10/01/2026,15:00:12,eddie@node1q06.ecdf.ed.ac.uk,1,6358
59133734,0.00214,lisflood_r,s2207476,r,10/01/2026,15:00:09,eddie@node1m09.ecdf.ed.ac.uk,1,6357
59133734,0.00214,lisflood_r,s2207476,r,10/01/2026,14:59:48,eddie@node1m19.ecdf.ed.ac.uk,1,6355
59072674,0.00214,acetylh05,knicodem,r,09/29/2026,07:51:15,eddie@node1s10.ecdf.ed.ac.uk,1,404
59133734,0.00214,lisflood_r,s2207476,r,10/01/2026,14:59:45,eddie@node1k09.ecdf.ed.ac.uk,1,6354
59133734,0.00214,lisflood_r,s2207476,r,10/01/2026,14:59:13,eddie@node1l09.ecdf.ed.ac.uk,1,6353
59133734,0.00213,lisflood_r,s2207476,r,10/01/2026,14:58:51,eddie@node1j22.ecdf.ed.ac.uk,1,6350
59133734,0.00213,lisflood_r,s2207476,r,10/01/2026,14:59:01,eddie@node1j08.ecdf.ed.ac.uk,1,6351
59133734,0.00213,lisflood_r,s2207476,r,10/01/2026,14:59:04,eddie@node1k20.ecdf.ed.ac.uk,1,6352
59133734,0.00213,lisflood_r,s2207476,r,10/01/2026,14:58:33,eddie@node1j07.ecdf.ed.ac.uk,1,6348
59133734,0.00213,lisflood_r,s2207476,r,10/01/2026,14:58:39,eddie@node1f07.ecdf.ed.ac.uk,1,6349
59133734,0.00213,lisflood_r,s2207476,r,10/01/2026,14:58:25,eddie@node1l07.ecdf.ed.ac.uk,1,6347
59133734,0.00213,lisflood_r,s2207476,r,10/01/2026,14:58:22,eddie@node1k18.ecdf.ed.ac.uk,1,6346
59133734,0.00213,lisflood_r,s2207476,r,10/01/2026,14:58:13,eddie@node1k03.ecdf.ed.ac.uk,1,6345
59133734,0.00213,lisflood_r,s2207476,r,10/01/2026,14:57:56,eddie@node1r05.ecdf.ed.ac.uk,1,6344
59133734,0.00213,lisflood_r,s2207476,r,10/01/2026,14:57:50,eddie@node1r15.ecdf.ed.ac.uk,1,6340
59133734,0.00213,lisflood_r,s2207476,r,10/01/2026,14:57:50,eddie@node1j11.ecdf.ed.ac.uk,1,6341
59133734,0.00213,lisflood_r,s2207476,r,10/01/2026,14:57:52,eddie@node1k09.ecdf.ed.ac.uk,1,6342
59133734,0.00213,lisflood_r,s2207476,r,10/01/2026,14:57:52,eddie@node1l04.ecdf.ed.ac.uk,1,6343
59134900,0.00213,N16k_K28_e,lchen8,r,10/01/2026,15:31:09,eddie@node1f05.ecdf.ed.ac.uk,1
59133734,0.00213,lisflood_r,s2207476,r,10/01/2026,14:57:36,eddie@node1l09.ecdf.ed.ac.uk,1,6337
59133734,0.00213,lisflood_r,s2207476,r,10/01/2026,14:57:36,eddie@node1l09.ecdf.ed.ac.uk,1,6338
59133734,0.00213,lisflood_r,s2207476,r,10/01/2026,14:57:29,eddie@node1r07.ecdf.ed.ac.uk,1,6336
59133734,0.00213,lisflood_r,s2207476,r,10/01/2026,14:57:40,eddie@node1k09.ecdf.ed.ac.uk,1,6339
59133734,0.00213,lisflood_r,s2207476,r,10/01/2026,14:57:24,eddie@node1j07.ecdf.ed.ac.uk,1,6335
59133734,0.00213,lisflood_r,s2207476,r,10/01/2026,14:57:02,eddie@node1l09.ecdf.ed.ac.uk,1,6334
59133734,0.00213,lisflood_r,s2207476,r,10/01/2026,14:56:49,eddie@node1m01.ecdf.ed.ac.uk,1,6333
59133734,0.00213,lisflood_r,s2207476,r,10/01/2026,14:56:46,eddie@node1s10.ecdf.ed.ac.uk,1,6331
59133734,0.00213,lisflood_r,s2207476,r,10/01/2026,14:56:46,eddie@node1m02.ecdf.ed.ac.uk,1,6332
59133734,0.00213,lisflood_r,s2207476,r,10/01/2026,14:56:42,eddie@node1l19.ecdf.ed.ac.uk,1,6329
59133734,0.00213,lisflood_r,s2207476,r,10/01/2026,14:56:42,eddie@node1m02.ecdf.ed.ac.uk,1,6330
59133734,0.00213,lisflood_r,s2207476,r,10/01/2026,14:56:40,eddie@node1m02.ecdf.ed.ac.uk,1,6328
59133734,0.00213,lisflood_r,s2207476,r,10/01/2026,14:55:58,eddie@node1j25.ecdf.ed.ac.uk,1,6326
59133734,0.00213,lisflood_r,s2207476,r,10/01/2026,14:55:54,eddie@node1j18.ecdf.ed.ac.uk,1,6325
59133734,0.00213,lisflood_r,s2207476,r,10/01/2026,14:55:59,eddie@node1j04.ecdf.ed.ac.uk,1,6327
59124427,0.00213,step7_ext,lwong4,r,10/01/2026,00:10:57,eddie@node1l03.ecdf.ed.ac.uk,8,74
59133734,0.00213,lisflood_r,s2207476,r,10/01/2026,14:55:29,eddie@node1l09.ecdf.ed.ac.uk,1,6321
59133734,0.00213,lisflood_r,s2207476,r,10/01/2026,14:55:29,eddie@node1k03.ecdf.ed.ac.uk,1,6322
59133734,0.00213,lisflood_r,s2207476,r,10/01/2026,14:55:29,eddie@node1j11.ecdf.ed.ac.uk,1,6323
59133734,0.00213,lisflood_r,s2207476,r,10/01/2026,14:55:41,eddie@node1j04.ecdf.ed.ac.uk,1,6324
59128544,0.00213,TRC16k_K44,lchen8,r,10/01/2026,10:54:01,eddie@node1d09.ecdf.ed.ac.uk,1
59124427,0.00213,step7_ext,lwong4,r,10/01/2026,00:18:16,eddie@node1l01.ecdf.ed.ac.uk,8,75
59133734,0.00213,lisflood_r,s2207476,r,10/01/2026,14:54:58,eddie@node1k05.ecdf.ed.ac.uk,1,6320
59133734,0.00213,lisflood_r,s2207476,r,10/01/2026,14:54:48,eddie@node1m11.ecdf.ed.ac.uk,1,6318
59133734,0.00213,lisflood_r,s2207476,r,10/01/2026,14:54:51,eddie@node1l08.ecdf.ed.ac.uk,1,6319
59133734,0.00213,lisflood_r,s2207476,r,10/01/2026,14:54:29,eddie@node1n14.ecdf.ed.ac.uk,1,6317
59133734,0.00213,lisflood_r,s2207476,r,10/01/2026,14:54:04,eddie@node1k09.ecdf.ed.ac.uk,1,6314
59133734,0.00213,lisflood_r,s2207476,r,10/01/2026,14:54:07,eddie@node1m09.ecdf.ed.ac.uk,1,6315
59133734,0.00213,lisflood_r,s2207476,r,10/01/2026,14:54:18,eddie@node1r18.ecdf.ed.ac.uk,1,6316
59133734,0.00213,lisflood_r,s2207476,r,10/01/2026,14:53:43,eddie@node1q06.ecdf.ed.ac.uk,1,6313
59133734,0.00213,lisflood_r,s2207476,r,10/01/2026,14:53:26,eddie@node1m12.ecdf.ed.ac.uk,1,6311
59133734,0.00213,lisflood_r,s2207476,r,10/01/2026,14:53:34,eddie@node1j02.ecdf.ed.ac.uk,1,6312
59134884,0.00213,N16k_K28_e,lchen8,r,10/01/2026,15:28:36,eddie@node1f04.ecdf.ed.ac.uk,1
59072674,0.00213,acetylh05,knicodem,r,09/29/2026,08:06:06,eddie@node1s10.ecdf.ed.ac.uk,1,436
59133734,0.00213,lisflood_r,s2207476,r,10/01/2026,14:53:12,eddie@node1l09.ecdf.ed.ac.uk,1,6310
59128036,0.00213,TRC16k_K1_,lchen8,r,10/01/2026,10:51:12,eddie@node1f01.ecdf.ed.ac.uk,1
59133734,0.00213,lisflood_r,s2207476,r,10/01/2026,14:52:30,eddie@node1n16.ecdf.ed.ac.uk,1,6309
59133734,0.00213,lisflood_r,s2207476,r,10/01/2026,14:52:22,eddie@node1m04.ecdf.ed.ac.uk,1,6308
59133734,0.00213,lisflood_r,s2207476,r,10/01/2026,14:52:08,eddie@node1j17.ecdf.ed.ac.uk,1,6303
59133734,0.00213,lisflood_r,s2207476,r,10/01/2026,14:52:08,eddie@node1j18.ecdf.ed.ac.uk,1,6304
59133734,0.00213,lisflood_r,s2207476,r,10/01/2026,14:52:08,eddie@node1m05.ecdf.ed.ac.uk,1,6305
59133734,0.00213,lisflood_r,s2207476,r,10/01/2026,14:52:08,eddie@node1l03.ecdf.ed.ac.uk,1,6306
59133734,0.00213,lisflood_r,s2207476,r,10/01/2026,14:52:05,eddie@node1s13.ecdf.ed.ac.uk,1,6300
59133734,0.00213,lisflood_r,s2207476,r,10/01/2026,14:52:05,eddie@node1s13.ecdf.ed.ac.uk,1,6301
59133734,0.00213,lisflood_r,s2207476,r,10/01/2026,14:52:05,eddie@node1j03.ecdf.ed.ac.uk,1,6302
59133734,0.00213,lisflood_r,s2207476,r,10/01/2026,14:52:16,eddie@node1k14.ecdf.ed.ac.uk,1,6307
59133734,0.00212,lisflood_r,s2207476,r,10/01/2026,14:51:49,eddie@node1m01.ecdf.ed.ac.uk,1,6298
59133734,0.00212,lisflood_r,s2207476,r,10/01/2026,14:51:49,eddie@node1n16.ecdf.ed.ac.uk,1,6299
59133734,0.00212,lisflood_r,s2207476,r,10/01/2026,14:51:33,eddie@node1j06.ecdf.ed.ac.uk,1,6297
59133734,0.00212,lisflood_r,s2207476,r,10/01/2026,14:51:21,eddie@node1j11.ecdf.ed.ac.uk,1,6295
59133734,0.00212,lisflood_r,s2207476,r,10/01/2026,14:51:21,eddie@node1n15.ecdf.ed.ac.uk,1,6296
59133734,0.00212,lisflood_r,s2207476,r,10/01/2026,14:51:08,eddie@node1k01.ecdf.ed.ac.uk,1,6293
59133734,0.00212,lisflood_r,s2207476,r,10/01/2026,14:51:08,eddie@node1k05.ecdf.ed.ac.uk,1,6294
59133734,0.00212,lisflood_r,s2207476,r,10/01/2026,14:50:44,eddie@node1o10.ecdf.ed.ac.uk,1,6291
59133734,0.00212,lisflood_r,s2207476,r,10/01/2026,14:50:44,eddie@node1k02.ecdf.ed.ac.uk,1,6292
59163967,0.00212,coloc_susi,s2714757,r,10/01/2026,14:39:31,eddie@node1m09.ecdf.ed.ac.uk,1,13
59133734,0.00212,lisflood_r,s2207476,r,10/01/2026,14:50:37,eddie@node1h15.ecdf.ed.ac.uk,1,6290
59133734,0.00212,lisflood_r,s2207476,r,10/01/2026,14:50:19,eddie@node1n08.ecdf.ed.ac.uk,1,6288
59133734,0.00212,lisflood_r,s2207476,r,10/01/2026,14:50:19,eddie@node1j06.ecdf.ed.ac.uk,1,6289
59133734,0.00212,lisflood_r,s2207476,r,10/01/2026,14:49:53,eddie@node1m01.ecdf.ed.ac.uk,1,6286
59133734,0.00212,lisflood_r,s2207476,r,10/01/2026,14:50:01,eddie@node1m01.ecdf.ed.ac.uk,1,6287
59133734,0.00212,lisflood_r,s2207476,r,10/01/2026,14:49:31,eddie@node1j19.ecdf.ed.ac.uk,1,6283
59133734,0.00212,lisflood_r,s2207476,r,10/01/2026,14:49:40,eddie@node1k09.ecdf.ed.ac.uk,1,6284
59133734,0.00212,lisflood_r,s2207476,r,10/01/2026,14:49:45,eddie@node1n14.ecdf.ed.ac.uk,1,6285
59134851,0.00212,N16k_K28_e,lchen8,r,10/01/2026,15:25:56,eddie@node1d09.ecdf.ed.ac.uk,1
59133734,0.00212,lisflood_r,s2207476,r,10/01/2026,14:49:23,eddie@node1f06.ecdf.ed.ac.uk,1,6280
59133734,0.00212,lisflood_r,s2207476,r,10/01/2026,14:49:23,eddie@node1m07.ecdf.ed.ac.uk,1,6281
59133734,0.00212,lisflood_r,s2207476,r,10/01/2026,14:49:16,eddie@node1j17.ecdf.ed.ac.uk,1,6279
59133734,0.00212,lisflood_r,s2207476,r,10/01/2026,14:49:26,eddie@node1h23.ecdf.ed.ac.uk,1,6282
59133734,0.00212,lisflood_r,s2207476,r,10/01/2026,14:49:16,eddie@node1h16.ecdf.ed.ac.uk,1,6278
59133734,0.00212,lisflood_r,s2207476,r,10/01/2026,14:49:00,eddie@node1m01.ecdf.ed.ac.uk,1,6276
59133734,0.00212,lisflood_r,s2207476,r,10/01/2026,14:49:04,eddie@node1l03.ecdf.ed.ac.uk,1,6277
59133734,0.00212,lisflood_r,s2207476,r,10/01/2026,14:48:50,eddie@node1k12.ecdf.ed.ac.uk,1,6275
59133734,0.00212,lisflood_r,s2207476,r,10/01/2026,14:48:41,eddie@node1r05.ecdf.ed.ac.uk,1,6273
59133734,0.00212,lisflood_r,s2207476,r,10/01/2026,14:48:45,eddie@node1n15.ecdf.ed.ac.uk,1,6274
59133734,0.00212,lisflood_r,s2207476,r,10/01/2026,14:48:29,eddie@node1j17.ecdf.ed.ac.uk,1,6271
59133734,0.00212,lisflood_r,s2207476,r,10/01/2026,14:48:37,eddie@node1r20.ecdf.ed.ac.uk,1,6272
59133734,0.00212,lisflood_r,s2207476,r,10/01/2026,14:48:00,eddie@node1q06.ecdf.ed.ac.uk,1,6269
59133734,0.00212,lisflood_r,s2207476,r,10/01/2026,14:48:03,eddie@node1l09.ecdf.ed.ac.uk,1,6270
59133734,0.00212,lisflood_r,s2207476,r,10/01/2026,14:47:58,eddie@node1j17.ecdf.ed.ac.uk,1,6268
59133734,0.00212,lisflood_r,s2207476,r,10/01/2026,14:47:52,eddie@node1j02.ecdf.ed.ac.uk,1,6264
59133734,0.00212,lisflood_r,s2207476,r,10/01/2026,14:47:52,eddie@node1k03.ecdf.ed.ac.uk,1,6265
59133734,0.00212,lisflood_r,s2207476,r,10/01/2026,14:47:52,eddie@node1m01.ecdf.ed.ac.uk,1,6266
59133734,0.00212,lisflood_r,s2207476,r,10/01/2026,14:47:57,eddie@node1n14.ecdf.ed.ac.uk,1,6267
59133734,0.00212,lisflood_r,s2207476,r,10/01/2026,14:47:47,eddie@node1p10.ecdf.ed.ac.uk,1,6262
59133734,0.00212,lisflood_r,s2207476,r,10/01/2026,14:47:42,eddie@node1n14.ecdf.ed.ac.uk,1,6261
59133734,0.00212,lisflood_r,s2207476,r,10/01/2026,14:47:48,eddie@node1j01.ecdf.ed.ac.uk,1,6263
59133734,0.00212,lisflood_r,s2207476,r,10/01/2026,14:47:30,eddie@node1s09.ecdf.ed.ac.uk,1,6259
59133734,0.00212,lisflood_r,s2207476,r,10/01/2026,14:47:30,eddie@node1l10.ecdf.ed.ac.uk,1,6260
59133734,0.00212,lisflood_r,s2207476,r,10/01/2026,14:47:03,eddie@node1j11.ecdf.ed.ac.uk,1,6258
59133734,0.00212,lisflood_r,s2207476,r,10/01/2026,14:46:46,eddie@node1l02.ecdf.ed.ac.uk,1,6257
59133734,0.00212,lisflood_r,s2207476,r,10/01/2026,14:46:27,eddie@node1k02.ecdf.ed.ac.uk,1,6253
59133734,0.00212,lisflood_r,s2207476,r,10/01/2026,14:46:27,eddie@node1k02.ecdf.ed.ac.uk,1,6254
59133734,0.00212,lisflood_r,s2207476,r,10/01/2026,14:46:27,eddie@node1l10.ecdf.ed.ac.uk,1,6255
59133734,0.00212,lisflood_r,s2207476,r,10/01/2026,14:46:27,eddie@node1k02.ecdf.ed.ac.uk,1,6256
59133734,0.00212,lisflood_r,s2207476,r,10/01/2026,14:45:57,eddie@node1k14.ecdf.ed.ac.uk,1,6248
59133734,0.00212,lisflood_r,s2207476,r,10/01/2026,14:45:55,eddie@node1k09.ecdf.ed.ac.uk,1,6247
59133734,0.00212,lisflood_r,s2207476,r,10/01/2026,14:46:07,eddie@node1n10.ecdf.ed.ac.uk,1,6251
59133734,0.00212,lisflood_r,s2207476,r,10/01/2026,14:46:14,eddie@node1f06.ecdf.ed.ac.uk,1,6252
59133734,0.00212,lisflood_r,s2207476,r,10/01/2026,14:45:58,eddie@node1n08.ecdf.ed.ac.uk,1,6249
59133734,0.00212,lisflood_r,s2207476,r,10/01/2026,14:46:04,eddie@node1l06.ecdf.ed.ac.uk,1,6250
59133734,0.00212,lisflood_r,s2207476,r,10/01/2026,14:45:34,eddie@node1l03.ecdf.ed.ac.uk,1,6246
59133734,0.00212,lisflood_r,s2207476,r,10/01/2026,14:45:11,eddie@node1i13.ecdf.ed.ac.uk,1,6241
59133734,0.00212,lisflood_r,s2207476,r,10/01/2026,14:45:12,eddie@node1l04.ecdf.ed.ac.uk,1,6242
59133734,0.00212,lisflood_r,s2207476,r,10/01/2026,14:45:12,eddie@node1l09.ecdf.ed.ac.uk,1,6243
59133734,0.00212,lisflood_r,s2207476,r,10/01/2026,14:45:12,eddie@node1j09.ecdf.ed.ac.uk,1,6244
59133734,0.00212,lisflood_r,s2207476,r,10/01/2026,14:45:20,eddie@node1l06.ecdf.ed.ac.uk,1,6245
59133734,0.00211,lisflood_r,s2207476,r,10/01/2026,14:44:43,eddie@node1k06.ecdf.ed.ac.uk,1,6240
59133734,0.00211,lisflood_r,s2207476,r,10/01/2026,14:44:36,eddie@node1l04.ecdf.ed.ac.uk,1,6239
59133734,0.00211,lisflood_r,s2207476,r,10/01/2026,14:44:20,eddie@node1k08.ecdf.ed.ac.uk,1,6237
59133734,0.00211,lisflood_r,s2207476,r,10/01/2026,14:44:20,eddie@node1m04.ecdf.ed.ac.uk,1,6238
59133734,0.00211,lisflood_r,s2207476,r,10/01/2026,14:44:08,eddie@node1m02.ecdf.ed.ac.uk,1,6235
59133734,0.00211,lisflood_r,s2207476,r,10/01/2026,14:44:08,eddie@node1n16.ecdf.ed.ac.uk,1,6236
59133734,0.00211,lisflood_r,s2207476,r,10/01/2026,14:44:04,eddie@node1m19.ecdf.ed.ac.uk,1,6232
59133734,0.00211,lisflood_r,s2207476,r,10/01/2026,14:44:04,eddie@node1m12.ecdf.ed.ac.uk,1,6233
59133734,0.00211,lisflood_r,s2207476,r,10/01/2026,14:44:05,eddie@node1m09.ecdf.ed.ac.uk,1,6234
59133734,0.00211,lisflood_r,s2207476,r,10/01/2026,14:43:46,eddie@node1j19.ecdf.ed.ac.uk,1,6229
59133734,0.00211,lisflood_r,s2207476,r,10/01/2026,14:43:46,eddie@node1m02.ecdf.ed.ac.uk,1,6230
59133734,0.00211,lisflood_r,s2207476,r,10/01/2026,14:43:38,eddie@node1o10.ecdf.ed.ac.uk,1,6227
59133734,0.00211,lisflood_r,s2207476,r,10/01/2026,14:43:38,eddie@node1k03.ecdf.ed.ac.uk,1,6228
59133734,0.00211,lisflood_r,s2207476,r,10/01/2026,14:43:54,eddie@node1n16.ecdf.ed.ac.uk,1,6231
59133734,0.00211,lisflood_r,s2207476,r,10/01/2026,14:43:19,eddie@node1l03.ecdf.ed.ac.uk,1,6226
59133734,0.00211,lisflood_r,s2207476,r,10/01/2026,14:43:10,eddie@node1j03.ecdf.ed.ac.uk,1,6224
59133734,0.00211,lisflood_r,s2207476,r,10/01/2026,14:43:14,eddie@node1m09.ecdf.ed.ac.uk,1,6225
59133734,0.00211,lisflood_r,s2207476,r,10/01/2026,14:43:04,eddie@node1q06.ecdf.ed.ac.uk,1,6223
59133734,0.00211,lisflood_r,s2207476,r,10/01/2026,14:42:57,eddie@node1k06.ecdf.ed.ac.uk,1,6220
59133734,0.00211,lisflood_r,s2207476,r,10/01/2026,14:42:58,eddie@node1h24.ecdf.ed.ac.uk,1,6221
59133734,0.00211,lisflood_r,s2207476,r,10/01/2026,14:43:00,eddie@node1l20.ecdf.ed.ac.uk,1,6222
59133734,0.00211,lisflood_r,s2207476,r,10/01/2026,14:42:48,eddie@node1h23.ecdf.ed.ac.uk,1,6218
59133734,0.00211,lisflood_r,s2207476,r,10/01/2026,14:42:48,eddie@node1n15.ecdf.ed.ac.uk,1,6219
59133734,0.00211,lisflood_r,s2207476,r,10/01/2026,14:42:46,eddie@node1j22.ecdf.ed.ac.uk,1,6217
59133734,0.00211,lisflood_r,s2207476,r,10/01/2026,14:42:44,eddie@node1m01.ecdf.ed.ac.uk,1,6216
59133734,0.00211,lisflood_r,s2207476,r,10/01/2026,14:42:34,eddie@node1p10.ecdf.ed.ac.uk,1,6214
59133734,0.00211,lisflood_r,s2207476,r,10/01/2026,14:42:34,eddie@node1m05.ecdf.ed.ac.uk,1,6215
59134794,0.00211,N16k_K24_e,lchen8,r,10/01/2026,15:18:49,eddie@node1f01.ecdf.ed.ac.uk,1
59133734,0.00211,lisflood_r,s2207476,r,10/01/2026,14:42:23,eddie@node1m12.ecdf.ed.ac.uk,1,6213
59133734,0.00211,lisflood_r,s2207476,r,10/01/2026,14:42:15,eddie@node1l20.ecdf.ed.ac.uk,1,6212
59133734,0.00211,lisflood_r,s2207476,r,10/01/2026,14:42:12,eddie@node1j08.ecdf.ed.ac.uk,1,6211
59134720,0.00211,N16k_K20_e,lchen8,r,10/01/2026,15:18:37,eddie@node1d03.ecdf.ed.ac.uk,1
59163967,0.00211,coloc_susi,s2714757,r,10/01/2026,14:40:48,eddie@node1m08.ecdf.ed.ac.uk,1,19
59133734,0.00211,lisflood_r,s2207476,r,10/01/2026,14:41:49,eddie@node1m12.ecdf.ed.ac.uk,1,6207
59133734,0.00211,lisflood_r,s2207476,r,10/01/2026,14:41:47,eddie@node1m11.ecdf.ed.ac.uk,1,6206
59133734,0.00211,lisflood_r,s2207476,r,10/01/2026,14:41:52,eddie@node1j05.ecdf.ed.ac.uk,1,6208
59133734,0.00211,lisflood_r,s2207476,r,10/01/2026,14:41:55,eddie@node1j23.ecdf.ed.ac.uk,1,6209
59133734,0.00211,lisflood_r,s2207476,r,10/01/2026,14:42:02,eddie@node1r12.ecdf.ed.ac.uk,1,6210
59133734,0.00211,lisflood_r,s2207476,r,10/01/2026,14:41:34,eddie@node1n16.ecdf.ed.ac.uk,1,6205
59128782,0.00211,TRC16k_K16,lchen8,r,10/01/2026,10:40:44,eddie@node1k12.ecdf.ed.ac.uk,1
59133734,0.00211,lisflood_r,s2207476,r,10/01/2026,14:41:20,eddie@node1m10.ecdf.ed.ac.uk,1,6203
59133734,0.00211,lisflood_r,s2207476,r,10/01/2026,14:41:20,eddie@node1m08.ecdf.ed.ac.uk,1,6204
59133734,0.00211,lisflood_r,s2207476,r,10/01/2026,14:41:14,eddie@node1l23.ecdf.ed.ac.uk,1,6202
59133734,0.00211,lisflood_r,s2207476,r,10/01/2026,14:40:56,eddie@node1k06.ecdf.ed.ac.uk,1,6201
59134876,0.00211,N16k_K28_e,lchen8,r,10/01/2026,15:17:57,eddie@node1d09.ecdf.ed.ac.uk,1
59133734,0.00211,lisflood_r,s2207476,r,10/01/2026,14:40:50,eddie@node1k18.ecdf.ed.ac.uk,1,6199
59133734,0.00211,lisflood_r,s2207476,r,10/01/2026,14:40:52,eddie@node1j23.ecdf.ed.ac.uk,1,6200
59133734,0.00211,lisflood_r,s2207476,r,10/01/2026,14:40:40,eddie@node1m02.ecdf.ed.ac.uk,1,6191
59133734,0.00211,lisflood_r,s2207476,r,10/01/2026,14:40:40,eddie@node1m02.ecdf.ed.ac.uk,1,6192
59133734,0.00211,lisflood_r,s2207476,r,10/01/2026,14:40:40,eddie@node1m02.ecdf.ed.ac.uk,1,6193
59133734,0.00211,lisflood_r,s2207476,r,10/01/2026,14:40:40,eddie@node1m02.ecdf.ed.ac.uk,1,6194
59133734,0.00211,lisflood_r,s2207476,r,10/01/2026,14:40:40,eddie@node1i25.ecdf.ed.ac.uk,1,6195
59133734,0.00211,lisflood_r,s2207476,r,10/01/2026,14:40:47,eddie@node1h11.ecdf.ed.ac.uk,1,6197
59133734,0.00211,lisflood_r,s2207476,r,10/01/2026,14:40:47,eddie@node1l03.ecdf.ed.ac.uk,1,6198
59133734,0.00211,lisflood_r,s2207476,r,10/01/2026,14:40:44,eddie@node1l28.ecdf.ed.ac.uk,1,6196
58049317,0.00211,b_ocExduck,s2719294,r,09/04/2026,14:19:22,eddie@node1q12.ecdf.ed.ac.uk,2
59133734,0.00211,lisflood_r,s2207476,r,10/01/2026,14:40:16,eddie@node1m19.ecdf.ed.ac.uk,1,6189
59133734,0.00211,lisflood_r,s2207476,r,10/01/2026,14:40:16,eddie@node1j18.ecdf.ed.ac.uk,1,6190
59133734,0.00211,lisflood_r,s2207476,r,10/01/2026,14:39:52,eddie@node1h04.ecdf.ed.ac.uk,1,6187
59133734,0.00211,lisflood_r,s2207476,r,10/01/2026,14:40:13,eddie@node1j22.ecdf.ed.ac.uk,1,6188
59133734,0.00211,lisflood_r,s2207476,r,10/01/2026,14:39:40,eddie@node1m05.ecdf.ed.ac.uk,1,6186
59124427,0.00211,step7_ext,lwong4,r,09/30/2026,23:53:35,eddie@node1h14.ecdf.ed.ac.uk,8,73
59133734,0.00211,lisflood_r,s2207476,r,10/01/2026,14:39:28,eddie@node1m06.ecdf.ed.ac.uk,1,6182
59133734,0.00211,lisflood_r,s2207476,r,10/01/2026,14:39:28,eddie@node1l03.ecdf.ed.ac.uk,1,6183
59133734,0.00211,lisflood_r,s2207476,r,10/01/2026,14:39:30,eddie@node1o07.ecdf.ed.ac.uk,1,6184
59133734,0.00211,lisflood_r,s2207476,r,10/01/2026,14:39:30,eddie@node1k08.ecdf.ed.ac.uk,1,6185
59133734,0.00210,lisflood_r,s2207476,r,10/01/2026,14:39:13,eddie@node1h04.ecdf.ed.ac.uk,1,6180
59133734,0.00210,lisflood_r,s2207476,r,10/01/2026,14:39:13,eddie@node1j23.ecdf.ed.ac.uk,1,6181
59133734,0.00210,lisflood_r,s2207476,r,10/01/2026,14:39:10,eddie@node1k08.ecdf.ed.ac.uk,1,6178
59133734,0.00210,lisflood_r,s2207476,r,10/01/2026,14:39:10,eddie@node1m10.ecdf.ed.ac.uk,1,6179
59133734,0.00210,lisflood_r,s2207476,r,10/01/2026,14:38:58,eddie@node1h14.ecdf.ed.ac.uk,1,6176
59133734,0.00210,lisflood_r,s2207476,r,10/01/2026,14:38:58,eddie@node1l19.ecdf.ed.ac.uk,1,6177
59133734,0.00210,lisflood_r,s2207476,r,10/01/2026,14:38:36,eddie@node1r07.ecdf.ed.ac.uk,1,6174
59133734,0.00210,lisflood_r,s2207476,r,10/01/2026,14:38:45,eddie@node1k17.ecdf.ed.ac.uk,1,6175
59134868,0.00210,N16k_K28_e,lchen8,r,10/01/2026,15:13:33,eddie@node1f04.ecdf.ed.ac.uk,1
59133734,0.00210,lisflood_r,s2207476,r,10/01/2026,14:38:27,eddie@node1j06.ecdf.ed.ac.uk,1,6165
59133734,0.00210,lisflood_r,s2207476,r,10/01/2026,14:38:27,eddie@node1k03.ecdf.ed.ac.uk,1,6166
59133734,0.00210,lisflood_r,s2207476,r,10/01/2026,14:38:27,eddie@node1k03.ecdf.ed.ac.uk,1,6167
59133734,0.00210,lisflood_r,s2207476,r,10/01/2026,14:38:27,eddie@node1k03.ecdf.ed.ac.uk,1,6168
59133734,0.00210,lisflood_r,s2207476,r,10/01/2026,14:38:27,eddie@node1k03.ecdf.ed.ac.uk,1,6169
59133734,0.00210,lisflood_r,s2207476,r,10/01/2026,14:38:27,eddie@node1k12.ecdf.ed.ac.uk,1,6170
59133734,0.00210,lisflood_r,s2207476,r,10/01/2026,14:38:27,eddie@node1k03.ecdf.ed.ac.uk,1,6171
59133734,0.00210,lisflood_r,s2207476,r,10/01/2026,14:38:27,eddie@node1k12.ecdf.ed.ac.uk,1,6172
59133734,0.00210,lisflood_r,s2207476,r,10/01/2026,14:38:27,eddie@node1k12.ecdf.ed.ac.uk,1,6173
59128631,0.00210,TRC16k_K10,lchen8,r,10/01/2026,10:36:17,eddie@node1k20.ecdf.ed.ac.uk,1
59133734,0.00210,lisflood_r,s2207476,r,10/01/2026,14:38:19,eddie@node1j08.ecdf.ed.ac.uk,1,6164
59133734,0.00210,lisflood_r,s2207476,r,10/01/2026,14:37:46,eddie@node1m11.ecdf.ed.ac.uk,1,6159
59133734,0.00210,lisflood_r,s2207476,r,10/01/2026,14:37:47,eddie@node1j11.ecdf.ed.ac.uk,1,6160
59133734,0.00210,lisflood_r,s2207476,r,10/01/2026,14:37:55,eddie@node1m10.ecdf.ed.ac.uk,1,6161
59133734,0.00210,lisflood_r,s2207476,r,10/01/2026,14:37:59,eddie@node1n14.ecdf.ed.ac.uk,1,6162
59133734,0.00210,lisflood_r,s2207476,r,10/01/2026,14:38:03,eddie@node1m10.ecdf.ed.ac.uk,1,6163
59133734,0.00210,lisflood_r,s2207476,r,10/01/2026,14:37:42,eddie@node1j11.ecdf.ed.ac.uk,1,6157
59133734,0.00210,lisflood_r,s2207476,r,10/01/2026,14:37:43,eddie@node1n13.ecdf.ed.ac.uk,1,6158
59133734,0.00210,lisflood_r,s2207476,r,10/01/2026,14:37:35,eddie@node1k18.ecdf.ed.ac.uk,1,6156
59133734,0.00210,lisflood_r,s2207476,r,10/01/2026,14:37:04,eddie@node1m12.ecdf.ed.ac.uk,1,6155
59134768,0.00210,N16k_K24_e,lchen8,r,10/01/2026,15:11:53,eddie@node1f05.ecdf.ed.ac.uk,1
59133734,0.00210,lisflood_r,s2207476,r,10/01/2026,14:36:35,eddie@node1j19.ecdf.ed.ac.uk,1,6154
59133734,0.00210,lisflood_r,s2207476,r,10/01/2026,14:36:19,eddie@node1j19.ecdf.ed.ac.uk,1,6153
59133734,0.00210,lisflood_r,s2207476,r,10/01/2026,14:36:06,eddie@node1l08.ecdf.ed.ac.uk,1,6152
59134695,0.00210,N16k_K20_e,lchen8,r,10/01/2026,15:10:50,eddie@node1d06.ecdf.ed.ac.uk,1
59133734,0.00210,lisflood_r,s2207476,r,10/01/2026,14:35:41,eddie@node1j05.ecdf.ed.ac.uk,1,6146
59133734,0.00210,lisflood_r,s2207476,r,10/01/2026,14:35:48,eddie@node1q05.ecdf.ed.ac.uk,1,6147
59133734,0.00210,lisflood_r,s2207476,r,10/01/2026,14:35:48,eddie@node1q05.ecdf.ed.ac.uk,1,6148
59133734,0.00210,lisflood_r,s2207476,r,10/01/2026,14:35:48,eddie@node1q05.ecdf.ed.ac.uk,1,6149
59133734,0.00210,lisflood_r,s2207476,r,10/01/2026,14:35:48,eddie@node1q05.ecdf.ed.ac.uk,1,6150
59133734,0.00210,lisflood_r,s2207476,r,10/01/2026,14:35:51,eddie@node1l20.ecdf.ed.ac.uk,1,6151
59133734,0.00210,lisflood_r,s2207476,r,10/01/2026,14:35:16,eddie@node1l20.ecdf.ed.ac.uk,1,6145
59133734,0.00210,lisflood_r,s2207476,r,10/01/2026,14:35:10,eddie@node1m03.ecdf.ed.ac.uk,1,6144
59133734,0.00210,lisflood_r,s2207476,r,10/01/2026,14:35:06,eddie@node1k07.ecdf.ed.ac.uk,1,6142
59133734,0.00210,lisflood_r,s2207476,r,10/01/2026,14:35:06,eddie@node1n16.ecdf.ed.ac.uk,1,6143
59133734,0.00210,lisflood_r,s2207476,r,10/01/2026,14:34:48,eddie@node1k09.ecdf.ed.ac.uk,1,6140
59133734,0.00210,lisflood_r,s2207476,r,10/01/2026,14:34:48,eddie@node1m01.ecdf.ed.ac.uk,1,6141
59133734,0.00210,lisflood_r,s2207476,r,10/01/2026,14:34:38,eddie@node1s16.ecdf.ed.ac.uk,1,6139
59133734,0.00210,lisflood_r,s2207476,r,10/01/2026,14:34:04,eddie@node1l07.ecdf.ed.ac.uk,1,6126
59133734,0.00210,lisflood_r,s2207476,r,10/01/2026,14:34:04,eddie@node1j17.ecdf.ed.ac.uk,1,6127
59133734,0.00210,lisflood_r,s2207476,r,10/01/2026,14:33:59,eddie@node1k05.ecdf.ed.ac.uk,1,6125
59133734,0.00210,lisflood_r,s2207476,r,10/01/2026,14:34:04,eddie@node1m01.ecdf.ed.ac.uk,1,6128
59133734,0.00210,lisflood_r,s2207476,r,10/01/2026,14:34:05,eddie@node1m01.ecdf.ed.ac.uk,1,6129
59133734,0.00210,lisflood_r,s2207476,r,10/01/2026,14:34:05,eddie@node1m01.ecdf.ed.ac.uk,1,6130
59133734,0.00210,lisflood_r,s2207476,r,10/01/2026,14:34:05,eddie@node1j04.ecdf.ed.ac.uk,1,6131
59133734,0.00210,lisflood_r,s2207476,r,10/01/2026,14:34:05,eddie@node1m01.ecdf.ed.ac.uk,1,6132
59133734,0.00210,lisflood_r,s2207476,r,10/01/2026,14:34:14,eddie@node1l08.ecdf.ed.ac.uk,1,6134
59133734,0.00210,lisflood_r,s2207476,r,10/01/2026,14:34:14,eddie@node1l09.ecdf.ed.ac.uk,1,6135
59133734,0.00210,lisflood_r,s2207476,r,10/01/2026,14:34:07,eddie@node1q05.ecdf.ed.ac.uk,1,6133
59133734,0.00210,lisflood_r,s2207476,r,10/01/2026,14:34:25,eddie@node1j04.ecdf.ed.ac.uk,1,6137
59133734,0.00210,lisflood_r,s2207476,r,10/01/2026,14:34:30,eddie@node1s20.ecdf.ed.ac.uk,1,6138
59133734,0.00210,lisflood_r,s2207476,r,10/01/2026,14:34:15,eddie@node1r12.ecdf.ed.ac.uk,1,6136
59133734,0.00210,lisflood_r,s2207476,r,10/01/2026,14:33:54,eddie@node1k09.ecdf.ed.ac.uk,1,6124
59133734,0.00210,lisflood_r,s2207476,r,10/01/2026,14:33:26,eddie@node1j19.ecdf.ed.ac.uk,1,6118
59133734,0.00210,lisflood_r,s2207476,r,10/01/2026,14:33:28,eddie@node1r17.ecdf.ed.ac.uk,1,6119
59133734,0.00210,lisflood_r,s2207476,r,10/01/2026,14:33:28,eddie@node1k02.ecdf.ed.ac.uk,1,6120
59133734,0.00210,lisflood_r,s2207476,r,10/01/2026,14:33:28,eddie@node1k02.ecdf.ed.ac.uk,1,6121
59133734,0.00210,lisflood_r,s2207476,r,10/01/2026,14:33:28,eddie@node1k02.ecdf.ed.ac.uk,1,6122
59133734,0.00210,lisflood_r,s2207476,r,10/01/2026,14:33:25,eddie@node1m02.ecdf.ed.ac.uk,1,6117
59133734,0.00210,lisflood_r,s2207476,r,10/01/2026,14:33:33,eddie@node1j05.ecdf.ed.ac.uk,1,6123
59133734,0.00210,lisflood_r,s2207476,r,10/01/2026,14:33:17,eddie@node1n13.ecdf.ed.ac.uk,1,6115
59133734,0.00210,lisflood_r,s2207476,r,10/01/2026,14:33:18,eddie@node1j01.ecdf.ed.ac.uk,1,6116
59133734,0.00209,lisflood_r,s2207476,r,10/01/2026,14:32:43,eddie@node1s13.ecdf.ed.ac.uk,1,6113
59133734,0.00209,lisflood_r,s2207476,r,10/01/2026,14:32:43,eddie@node1r12.ecdf.ed.ac.uk,1,6114
59133734,0.00209,lisflood_r,s2207476,r,10/01/2026,14:32:26,eddie@node1n10.ecdf.ed.ac.uk,1,6111
59133734,0.00209,lisflood_r,s2207476,r,10/01/2026,14:32:38,eddie@node1l09.ecdf.ed.ac.uk,1,6112
59133734,0.00209,lisflood_r,s2207476,r,10/01/2026,14:31:59,eddie@node1h13.ecdf.ed.ac.uk,1,6105
59133734,0.00209,lisflood_r,s2207476,r,10/01/2026,14:31:59,eddie@node1q05.ecdf.ed.ac.uk,1,6106
59133734,0.00209,lisflood_r,s2207476,r,10/01/2026,14:32:06,eddie@node1m02.ecdf.ed.ac.uk,1,6107
59133734,0.00209,lisflood_r,s2207476,r,10/01/2026,14:32:06,eddie@node1q05.ecdf.ed.ac.uk,1,6108
59133734,0.00209,lisflood_r,s2207476,r,10/01/2026,14:31:58,eddie@node1n10.ecdf.ed.ac.uk,1,6104
59133734,0.00209,lisflood_r,s2207476,r,10/01/2026,14:31:52,eddie@node1j04.ecdf.ed.ac.uk,1,6103
59133734,0.00209,lisflood_r,s2207476,r,10/01/2026,14:32:22,eddie@node1j18.ecdf.ed.ac.uk,1,6110
59133734,0.00209,lisflood_r,s2207476,r,10/01/2026,14:32:11,eddie@node1q06.ecdf.ed.ac.uk,1,6109
59134745,0.00209,N16k_K20_e,lchen8,r,10/01/2026,15:06:46,eddie@node1d09.ecdf.ed.ac.uk,1
59133734,0.00209,lisflood_r,s2207476,r,10/01/2026,14:31:38,eddie@node1k04.ecdf.ed.ac.uk,1,6102
59133734,0.00209,lisflood_r,s2207476,r,10/01/2026,14:31:27,eddie@node1f11.ecdf.ed.ac.uk,1,6100
59133734,0.00209,lisflood_r,s2207476,r,10/01/2026,14:31:32,eddie@node1s19.ecdf.ed.ac.uk,1,6101
59133734,0.00209,lisflood_r,s2207476,r,10/01/2026,14:30:58,eddie@node1l25.ecdf.ed.ac.uk,1,6093
59133734,0.00209,lisflood_r,s2207476,r,10/01/2026,14:30:58,eddie@node1l25.ecdf.ed.ac.uk,1,6094
59133734,0.00209,lisflood_r,s2207476,r,10/01/2026,14:30:58,eddie@node1l25.ecdf.ed.ac.uk,1,6095
59133734,0.00209,lisflood_r,s2207476,r,10/01/2026,14:31:02,eddie@node1j09.ecdf.ed.ac.uk,1,6098
59133734,0.00209,lisflood_r,s2207476,r,10/01/2026,14:31:02,eddie@node1l20.ecdf.ed.ac.uk,1,6099
59133734,0.00209,lisflood_r,s2207476,r,10/01/2026,14:30:59,eddie@node1k09.ecdf.ed.ac.uk,1,6097
59133734,0.00209,lisflood_r,s2207476,r,10/01/2026,14:30:49,eddie@node1k03.ecdf.ed.ac.uk,1,6092
59133734,0.00209,lisflood_r,s2207476,r,10/01/2026,14:30:37,eddie@node1m12.ecdf.ed.ac.uk,1,6091
59134677,0.00209,N16k_K20_e,lchen8,r,10/01/2026,15:05:04,eddie@node1e02.ecdf.ed.ac.uk,1
59133734,0.00209,lisflood_r,s2207476,r,10/01/2026,14:30:06,eddie@node1k20.ecdf.ed.ac.uk,1,6090
59133734,0.00209,lisflood_r,s2207476,r,10/01/2026,14:29:55,eddie@node1r18.ecdf.ed.ac.uk,1,6086
59133734,0.00209,lisflood_r,s2207476,r,10/01/2026,14:29:55,eddie@node1r18.ecdf.ed.ac.uk,1,6087
59133734,0.00209,lisflood_r,s2207476,r,10/01/2026,14:29:55,eddie@node1r18.ecdf.ed.ac.uk,1,6088
59133734,0.00209,lisflood_r,s2207476,r,10/01/2026,14:29:58,eddie@node1q05.ecdf.ed.ac.uk,1,6089
59133734,0.00209,lisflood_r,s2207476,r,10/01/2026,14:29:50,eddie@node1l02.ecdf.ed.ac.uk,1,6082
59133734,0.00209,lisflood_r,s2207476,r,10/01/2026,14:29:51,eddie@node1j18.ecdf.ed.ac.uk,1,6083
59133734,0.00209,lisflood_r,s2207476,r,10/01/2026,14:29:51,eddie@node1j18.ecdf.ed.ac.uk,1,6084
59133734,0.00209,lisflood_r,s2207476,r,10/01/2026,14:29:51,eddie@node1j18.ecdf.ed.ac.uk,1,6085
59133734,0.00209,lisflood_r,s2207476,r,10/01/2026,14:29:44,eddie@node1r18.ecdf.ed.ac.uk,1,6073
59133734,0.00209,lisflood_r,s2207476,r,10/01/2026,14:29:44,eddie@node1r18.ecdf.ed.ac.uk,1,6074
59133734,0.00209,lisflood_r,s2207476,r,10/01/2026,14:29:44,eddie@node1r18.ecdf.ed.ac.uk,1,6075
59133734,0.00209,lisflood_r,s2207476,r,10/01/2026,14:29:44,eddie@node1j02.ecdf.ed.ac.uk,1,6076
59133734,0.00209,lisflood_r,s2207476,r,10/01/2026,14:29:45,eddie@node1j02.ecdf.ed.ac.uk,1,6077
59133734,0.00209,lisflood_r,s2207476,r,10/01/2026,14:29:45,eddie@node1j02.ecdf.ed.ac.uk,1,6078
59133734,0.00209,lisflood_r,s2207476,r,10/01/2026,14:29:45,eddie@node1q05.ecdf.ed.ac.uk,1,6079
59133734,0.00209,lisflood_r,s2207476,r,10/01/2026,14:29:45,eddie@node1q05.ecdf.ed.ac.uk,1,6080
59133734,0.00209,lisflood_r,s2207476,r,10/01/2026,14:29:45,eddie@node1q05.ecdf.ed.ac.uk,1,6081
59133734,0.00209,lisflood_r,s2207476,r,10/01/2026,14:29:34,eddie@node1j10.ecdf.ed.ac.uk,1,6072
59133734,0.00209,lisflood_r,s2207476,r,10/01/2026,14:29:17,eddie@node1s17.ecdf.ed.ac.uk,1,6065
59133734,0.00209,lisflood_r,s2207476,r,10/01/2026,14:29:17,eddie@node1l09.ecdf.ed.ac.uk,1,6066
59133734,0.00209,lisflood_r,s2207476,r,10/01/2026,14:29:19,eddie@node1q05.ecdf.ed.ac.uk,1,6067
59133734,0.00209,lisflood_r,s2207476,r,10/01/2026,14:29:19,eddie@node1q05.ecdf.ed.ac.uk,1,6068
59133734,0.00209,lisflood_r,s2207476,r,10/01/2026,14:29:19,eddie@node1q05.ecdf.ed.ac.uk,1,6069
59133734,0.00209,lisflood_r,s2207476,r,10/01/2026,14:29:24,eddie@node1i25.ecdf.ed.ac.uk,1,6070
59133734,0.00209,lisflood_r,s2207476,r,10/01/2026,14:29:28,eddie@node1l08.ecdf.ed.ac.uk,1,6071
59133734,0.00209,lisflood_r,s2207476,r,10/01/2026,14:28:34,eddie@node1j10.ecdf.ed.ac.uk,1,6061
59133734,0.00209,lisflood_r,s2207476,r,10/01/2026,14:28:55,eddie@node1k09.ecdf.ed.ac.uk,1,6062
59133734,0.00209,lisflood_r,s2207476,r,10/01/2026,14:28:57,eddie@node1k01.ecdf.ed.ac.uk,1,6063
59133734,0.00209,lisflood_r,s2207476,r,10/01/2026,14:28:58,eddie@node1m02.ecdf.ed.ac.uk,1,6064
59133734,0.00209,lisflood_r,s2207476,r,10/01/2026,14:28:30,eddie@node1k08.ecdf.ed.ac.uk,1,6060
59133734,0.00209,lisflood_r,s2207476,r,10/01/2026,14:28:20,eddie@node1m03.ecdf.ed.ac.uk,1,6059
59133734,0.00209,lisflood_r,s2207476,r,10/01/2026,14:28:03,eddie@node1r18.ecdf.ed.ac.uk,1,6057
59133734,0.00209,lisflood_r,s2207476,r,10/01/2026,14:28:04,eddie@node1k03.ecdf.ed.ac.uk,1,6058
59133734,0.00209,lisflood_r,s2207476,r,10/01/2026,14:27:59,eddie@node1l06.ecdf.ed.ac.uk,1,6056
59133734,0.00209,lisflood_r,s2207476,r,10/01/2026,14:27:51,eddie@node1m10.ecdf.ed.ac.uk,1,6055
59134860,0.00209,N16k_K28_e,lchen8,r,10/01/2026,15:03:10,eddie@node1e08.ecdf.ed.ac.uk,1
59133734,0.00209,lisflood_r,s2207476,r,10/01/2026,14:27:42,eddie@node1k01.ecdf.ed.ac.uk,1,6053
59133734,0.00209,lisflood_r,s2207476,r,10/01/2026,14:27:48,eddie@node1m10.ecdf.ed.ac.uk,1,6054
59133734,0.00209,lisflood_r,s2207476,r,10/01/2026,14:27:38,eddie@node1j19.ecdf.ed.ac.uk,1,6052
59133734,0.00209,lisflood_r,s2207476,r,10/01/2026,14:26:42,eddie@node1l03.ecdf.ed.ac.uk,1,6046
59133734,0.00209,lisflood_r,s2207476,r,10/01/2026,14:27:10,eddie@node1s16.ecdf.ed.ac.uk,1,6050
59133734,0.00209,lisflood_r,s2207476,r,10/01/2026,14:26:38,eddie@node1m10.ecdf.ed.ac.uk,1,6045
59133734,0.00209,lisflood_r,s2207476,r,10/01/2026,14:26:47,eddie@node1m10.ecdf.ed.ac.uk,1,6047
59133734,0.00209,lisflood_r,s2207476,r,10/01/2026,14:27:03,eddie@node1j09.ecdf.ed.ac.uk,1,6048
59133734,0.00209,lisflood_r,s2207476,r,10/01/2026,14:27:20,eddie@node1j09.ecdf.ed.ac.uk,1,6051
59133734,0.00209,lisflood_r,s2207476,r,10/01/2026,14:27:04,eddie@node1h24.ecdf.ed.ac.uk,1,6049
59133734,0.00209,lisflood_r,s2207476,r,10/01/2026,14:26:15,eddie@node1p09.ecdf.ed.ac.uk,1,6038
59133734,0.00209,lisflood_r,s2207476,r,10/01/2026,14:26:24,eddie@node1k04.ecdf.ed.ac.uk,1,6039
59133734,0.00209,lisflood_r,s2207476,r,10/01/2026,14:26:24,eddie@node1m03.ecdf.ed.ac.uk,1,6040
59133734,0.00209,lisflood_r,s2207476,r,10/01/2026,14:26:27,eddie@node1l04.ecdf.ed.ac.uk,1,6041
59133734,0.00209,lisflood_r,s2207476,r,10/01/2026,14:26:27,eddie@node1l04.ecdf.ed.ac.uk,1,6042
59133734,0.00209,lisflood_r,s2207476,r,10/01/2026,14:26:27,eddie@node1l04.ecdf.ed.ac.uk,1,6043
59133734,0.00209,lisflood_r,s2207476,r,10/01/2026,14:26:30,eddie@node1l05.ecdf.ed.ac.uk,1,6044
59133734,0.00209,lisflood_r,s2207476,r,10/01/2026,14:26:01,eddie@node1o10.ecdf.ed.ac.uk,1,6035
59133734,0.00209,lisflood_r,s2207476,r,10/01/2026,14:26:01,eddie@node1m01.ecdf.ed.ac.uk,1,6036
59133734,0.00209,lisflood_r,s2207476,r,10/01/2026,14:25:54,eddie@node1m02.ecdf.ed.ac.uk,1,6034
59122912,0.00208,ce1,gs10us1,r,10/01/2026,02:28:24,eddie@node1l18.ecdf.ed.ac.uk,4
59133734,0.00208,lisflood_r,s2207476,r,10/01/2026,14:25:20,eddie@node1n10.ecdf.ed.ac.uk,1,6029
59133734,0.00208,lisflood_r,s2207476,r,10/01/2026,14:25:20,eddie@node1i17.ecdf.ed.ac.uk,1,6030
59133734,0.00208,lisflood_r,s2207476,r,10/01/2026,14:25:08,eddie@node1k03.ecdf.ed.ac.uk,1,6027
59133734,0.00208,lisflood_r,s2207476,r,10/01/2026,14:25:27,eddie@node1s16.ecdf.ed.ac.uk,1,6031
59133734,0.00208,lisflood_r,s2207476,r,10/01/2026,14:25:36,eddie@node1m10.ecdf.ed.ac.uk,1,6032
59133734,0.00208,lisflood_r,s2207476,r,10/01/2026,14:24:51,eddie@node1m08.ecdf.ed.ac.uk,1,6026
59133734,0.00208,lisflood_r,s2207476,r,10/01/2026,14:24:34,eddie@node1s16.ecdf.ed.ac.uk,1,6025
59133734,0.00208,lisflood_r,s2207476,r,10/01/2026,14:24:12,eddie@node1j07.ecdf.ed.ac.uk,1,6024
59072673,0.00208,acetylh04,knicodem,r,09/29/2026,07:13:05,eddie@node1n12.ecdf.ed.ac.uk,1,363
59072673,0.00208,acetylh04,knicodem,r,09/29/2026,07:13:05,eddie@node1n12.ecdf.ed.ac.uk,1,364
59072673,0.00208,acetylh04,knicodem,r,09/29/2026,07:13:05,eddie@node1n12.ecdf.ed.ac.uk,1,365
59072673,0.00208,acetylh04,knicodem,r,09/29/2026,07:13:05,eddie@node1n12.ecdf.ed.ac.uk,1,366
59072673,0.00208,acetylh04,knicodem,r,09/29/2026,07:13:05,eddie@node1n12.ecdf.ed.ac.uk,1,367
59072673,0.00208,acetylh04,knicodem,r,09/29/2026,07:13:05,eddie@node1n12.ecdf.ed.ac.uk,1,368
59072673,0.00208,acetylh04,knicodem,r,09/29/2026,07:13:05,eddie@node1n12.ecdf.ed.ac.uk,1,369
59072673,0.00208,acetylh04,knicodem,r,09/29/2026,07:13:05,eddie@node1n12.ecdf.ed.ac.uk,1,370
59072673,0.00208,acetylh04,knicodem,r,09/29/2026,07:13:05,eddie@node1n12.ecdf.ed.ac.uk,1,371
59072673,0.00208,acetylh04,knicodem,r,09/29/2026,07:13:05,eddie@node1n12.ecdf.ed.ac.uk,1,372
59072673,0.00208,acetylh04,knicodem,r,09/29/2026,07:26:50,eddie@node1n12.ecdf.ed.ac.uk,1,373
59072673,0.00208,acetylh04,knicodem,r,09/29/2026,07:26:50,eddie@node1n12.ecdf.ed.ac.uk,1,374
59072673,0.00208,acetylh04,knicodem,r,09/29/2026,07:26:50,eddie@node1n12.ecdf.ed.ac.uk,1,375
59072673,0.00208,acetylh04,knicodem,r,09/29/2026,07:26:50,eddie@node1n12.ecdf.ed.ac.uk,1,376
59072673,0.00208,acetylh04,knicodem,r,09/29/2026,07:26:50,eddie@node1n12.ecdf.ed.ac.uk,1,377
59072673,0.00208,acetylh04,knicodem,r,09/29/2026,07:26:50,eddie@node1n12.ecdf.ed.ac.uk,1,378
59072673,0.00208,acetylh04,knicodem,r,09/29/2026,07:26:50,eddie@node1n12.ecdf.ed.ac.uk,1,379
59072673,0.00208,acetylh04,knicodem,r,09/29/2026,07:26:50,eddie@node1n12.ecdf.ed.ac.uk,1,380
59072673,0.00208,acetylh04,knicodem,r,09/29/2026,07:26:50,eddie@node1n12.ecdf.ed.ac.uk,1,381
59072673,0.00208,acetylh04,knicodem,r,09/29/2026,07:26:50,eddie@node1n12.ecdf.ed.ac.uk,1,382
59133734,0.00208,lisflood_r,s2207476,r,10/01/2026,14:23:25,eddie@node1i17.ecdf.ed.ac.uk,1,6018
59133734,0.00208,lisflood_r,s2207476,r,10/01/2026,14:23:20,eddie@node1r09.ecdf.ed.ac.uk,1,6017
59133734,0.00208,lisflood_r,s2207476,r,10/01/2026,14:23:28,eddie@node1h14.ecdf.ed.ac.uk,1,6019
59133734,0.00208,lisflood_r,s2207476,r,10/01/2026,14:24:03,eddie@node1j09.ecdf.ed.ac.uk,1,6023
59133734,0.00208,lisflood_r,s2207476,r,10/01/2026,14:23:51,eddie@node1j22.ecdf.ed.ac.uk,1,6021
59133734,0.00208,lisflood_r,s2207476,r,10/01/2026,14:23:35,eddie@node1s19.ecdf.ed.ac.uk,1,6020
59134892,0.00208,N16k_K28_e,lchen8,r,10/01/2026,14:58:45,eddie@node1f04.ecdf.ed.ac.uk,1
59072673,0.00208,acetylh04,knicodem,r,09/29/2026,07:27:05,eddie@node1s10.ecdf.ed.ac.uk,1,383
59072673,0.00208,acetylh04,knicodem,r,09/29/2026,07:28:20,eddie@node1m09.ecdf.ed.ac.uk,1,384
59072673,0.00208,acetylh04,knicodem,r,09/29/2026,07:28:20,eddie@node1m09.ecdf.ed.ac.uk,1,385
59072673,0.00208,acetylh04,knicodem,r,09/29/2026,07:28:20,eddie@node1m09.ecdf.ed.ac.uk,1,386
59072673,0.00208,acetylh04,knicodem,r,09/29/2026,07:28:20,eddie@node1m09.ecdf.ed.ac.uk,1,387
59072673,0.00208,acetylh04,knicodem,r,09/29/2026,07:28:20,eddie@node1m09.ecdf.ed.ac.uk,1,388
59072673,0.00208,acetylh04,knicodem,r,09/29/2026,07:28:20,eddie@node1m09.ecdf.ed.ac.uk,1,389
59072673,0.00208,acetylh04,knicodem,r,09/29/2026,07:28:20,eddie@node1m09.ecdf.ed.ac.uk,1,390
59072673,0.00208,acetylh04,knicodem,r,09/29/2026,07:28:20,eddie@node1m09.ecdf.ed.ac.uk,1,391
59072673,0.00208,acetylh04,knicodem,r,09/29/2026,07:28:20,eddie@node1m09.ecdf.ed.ac.uk,1,392
59072673,0.00208,acetylh04,knicodem,r,09/29/2026,07:28:20,eddie@node1m09.ecdf.ed.ac.uk,1,393
59134661,0.00208,N16k_K20_e,lchen8,r,10/01/2026,14:58:06,eddie@node1d01.ecdf.ed.ac.uk,1
59072673,0.00208,acetylh04,knicodem,r,09/29/2026,07:32:05,eddie@node1k14.ecdf.ed.ac.uk,1,394
59072673,0.00208,acetylh04,knicodem,r,09/29/2026,07:32:05,eddie@node1k14.ecdf.ed.ac.uk,1,395
59072673,0.00208,acetylh04,knicodem,r,09/29/2026,07:32:05,eddie@node1k14.ecdf.ed.ac.uk,1,396
59072673,0.00208,acetylh04,knicodem,r,09/29/2026,07:32:05,eddie@node1k14.ecdf.ed.ac.uk,1,397
59072673,0.00208,acetylh04,knicodem,r,09/29/2026,07:32:05,eddie@node1k14.ecdf.ed.ac.uk,1,398
59072673,0.00208,acetylh04,knicodem,r,09/29/2026,07:32:05,eddie@node1k14.ecdf.ed.ac.uk,1,399
59072673,0.00208,acetylh04,knicodem,r,09/29/2026,07:32:05,eddie@node1k14.ecdf.ed.ac.uk,1,400
59072674,0.00208,acetylh05,knicodem,r,09/29/2026,07:32:05,eddie@node1k14.ecdf.ed.ac.uk,1,401
59072674,0.00208,acetylh05,knicodem,r,09/29/2026,07:32:05,eddie@node1k14.ecdf.ed.ac.uk,1,402
59072674,0.00208,acetylh05,knicodem,r,09/29/2026,07:32:05,eddie@node1k14.ecdf.ed.ac.uk,1,403
59133734,0.00208,lisflood_r,s2207476,r,10/01/2026,14:22:54,eddie@node1m09.ecdf.ed.ac.uk,1,6012
59133734,0.00208,lisflood_r,s2207476,r,10/01/2026,14:22:54,eddie@node1l20.ecdf.ed.ac.uk,1,6013
59133734,0.00208,lisflood_r,s2207476,r,10/01/2026,14:22:54,eddie@node1j09.ecdf.ed.ac.uk,1,6014
59133734,0.00208,lisflood_r,s2207476,r,10/01/2026,14:22:58,eddie@node1k12.ecdf.ed.ac.uk,1,6015
59133734,0.00208,lisflood_r,s2207476,r,10/01/2026,14:23:09,eddie@node1s20.ecdf.ed.ac.uk,1,6016
59133734,0.00208,lisflood_r,s2207476,r,10/01/2026,14:22:45,eddie@node1k08.ecdf.ed.ac.uk,1,6011
59133734,0.00208,lisflood_r,s2207476,r,10/01/2026,14:22:29,eddie@node1h13.ecdf.ed.ac.uk,1,6010
59133734,0.00208,lisflood_r,s2207476,r,10/01/2026,14:22:13,eddie@node1h09.ecdf.ed.ac.uk,1,6009
59123124,0.00208,ce1,gs10us1,r,10/01/2026,02:37:23,eddie@node1l13.ecdf.ed.ac.uk,4
59133734,0.00208,lisflood_r,s2207476,r,10/01/2026,14:22:06,eddie@node1k09.ecdf.ed.ac.uk,1,6008
59128404,0.00208,TRC16k_K12,lchen8,r,10/01/2026,10:18:42,eddie@node1f01.ecdf.ed.ac.uk,1
59133734,0.00208,lisflood_r,s2207476,r,10/01/2026,14:21:05,eddie@node1s19.ecdf.ed.ac.uk,1,6005
59133734,0.00208,lisflood_r,s2207476,r,10/01/2026,14:21:05,eddie@node1j04.ecdf.ed.ac.uk,1,6006
59133734,0.00208,lisflood_r,s2207476,r,10/01/2026,14:20:56,eddie@node1k03.ecdf.ed.ac.uk,1,6004
59133734,0.00208,lisflood_r,s2207476,r,10/01/2026,14:20:47,eddie@node1i13.ecdf.ed.ac.uk,1,6003
59133734,0.00208,lisflood_r,s2207476,r,10/01/2026,14:20:03,eddie@node1n14.ecdf.ed.ac.uk,1,5997
59133734,0.00208,lisflood_r,s2207476,r,10/01/2026,14:20:33,eddie@node1j04.ecdf.ed.ac.uk,1,6001
59133734,0.00208,lisflood_r,s2207476,r,10/01/2026,14:20:33,eddie@node1j18.ecdf.ed.ac.uk,1,6002
59133734,0.00208,lisflood_r,s2207476,r,10/01/2026,14:20:24,eddie@node1k02.ecdf.ed.ac.uk,1,5999
59133734,0.00208,lisflood_r,s2207476,r,10/01/2026,14:20:20,eddie@node1m10.ecdf.ed.ac.uk,1,5998
58982641,0.00208,pso_lisflo,s2207476,r,09/22/2026,12:31:22,eddie@node1n10.ecdf.ed.ac.uk,1
59133734,0.00208,lisflood_r,s2207476,r,10/01/2026,14:19:34,eddie@node1l09.ecdf.ed.ac.uk,1,5993
59133734,0.00208,lisflood_r,s2207476,r,10/01/2026,14:19:46,eddie@node1n10.ecdf.ed.ac.uk,1,5995
59133734,0.00208,lisflood_r,s2207476,r,10/01/2026,14:19:49,eddie@node1j08.ecdf.ed.ac.uk,1,5996
59133734,0.00208,lisflood_r,s2207476,r,10/01/2026,14:19:15,eddie@node1k08.ecdf.ed.ac.uk,1,5992
59134618,0.00207,N16k_K20_e,lchen8,r,10/01/2026,14:53:43,eddie@node1e07.ecdf.ed.ac.uk,1
59133734,0.00207,lisflood_r,s2207476,r,10/01/2026,14:18:39,eddie@node1r20.ecdf.ed.ac.uk,1,5983
59133734,0.00207,lisflood_r,s2207476,r,10/01/2026,14:18:39,eddie@node1j06.ecdf.ed.ac.uk,1,5984
59133734,0.00207,lisflood_r,s2207476,r,10/01/2026,14:18:35,eddie@node1j06.ecdf.ed.ac.uk,1,5982
59133734,0.00207,lisflood_r,s2207476,r,10/01/2026,14:18:26,eddie@node1r12.ecdf.ed.ac.uk,1,5981
59133734,0.00207,lisflood_r,s2207476,r,10/01/2026,14:18:42,eddie@node1m01.ecdf.ed.ac.uk,1,5985
59133734,0.00207,lisflood_r,s2207476,r,10/01/2026,14:18:42,eddie@node1m01.ecdf.ed.ac.uk,1,5986
59133734,0.00207,lisflood_r,s2207476,r,10/01/2026,14:18:42,eddie@node1m01.ecdf.ed.ac.uk,1,5987
59133734,0.00207,lisflood_r,s2207476,r,10/01/2026,14:18:42,eddie@node1m01.ecdf.ed.ac.uk,1,5988
59133734,0.00207,lisflood_r,s2207476,r,10/01/2026,14:18:42,eddie@node1m01.ecdf.ed.ac.uk,1,5989
59133734,0.00207,lisflood_r,s2207476,r,10/01/2026,14:18:42,eddie@node1m01.ecdf.ed.ac.uk,1,5990
59133734,0.00207,lisflood_r,s2207476,r,10/01/2026,14:18:03,eddie@node1j26.ecdf.ed.ac.uk,1,5976
59133734,0.00207,lisflood_r,s2207476,r,10/01/2026,14:18:10,eddie@node1m07.ecdf.ed.ac.uk,1,5979
59133734,0.00207,lisflood_r,s2207476,r,10/01/2026,14:18:23,eddie@node1l08.ecdf.ed.ac.uk,1,5980
59133734,0.00207,lisflood_r,s2207476,r,10/01/2026,14:18:08,eddie@node1n16.ecdf.ed.ac.uk,1,5978
59131288,0.00207,step7_ext,s2116644,r,09/30/2026,21:39:23,eddie@node1m05.ecdf.ed.ac.uk,8,13
59133734,0.00207,lisflood_r,s2207476,r,10/01/2026,14:17:17,eddie@node1p10.ecdf.ed.ac.uk,1,5973
59133734,0.00207,lisflood_r,s2207476,r,10/01/2026,14:17:18,eddie@node1j02.ecdf.ed.ac.uk,1,5974
59133734,0.00207,lisflood_r,s2207476,r,10/01/2026,14:17:18,eddie@node1n10.ecdf.ed.ac.uk,1,5975
59133734,0.00207,lisflood_r,s2207476,r,10/01/2026,14:17:04,eddie@node1n10.ecdf.ed.ac.uk,1,5972
59133734,0.00207,lisflood_r,s2207476,r,10/01/2026,14:16:53,eddie@node1n13.ecdf.ed.ac.uk,1,5971
59133734,0.00207,lisflood_r,s2207476,r,10/01/2026,14:16:03,eddie@node1j06.ecdf.ed.ac.uk,1,5968
59133734,0.00207,lisflood_r,s2207476,r,10/01/2026,14:16:06,eddie@node1i13.ecdf.ed.ac.uk,1,5969
59133734,0.00207,lisflood_r,s2207476,r,10/01/2026,14:15:58,eddie@node1k17.ecdf.ed.ac.uk,1,5967
59133734,0.00207,lisflood_r,s2207476,r,10/01/2026,14:15:40,eddie@node1j07.ecdf.ed.ac.uk,1,5966
59128718,0.00207,TRC16k_K40,lchen8,r,10/01/2026,10:13:02,eddie@node1j09.ecdf.ed.ac.uk,1
59133734,0.00207,lisflood_r,s2207476,r,10/01/2026,14:15:15,eddie@node1j18.ecdf.ed.ac.uk,1,5961
59133734,0.00207,lisflood_r,s2207476,r,10/01/2026,14:15:15,eddie@node1j18.ecdf.ed.ac.uk,1,5962
59133734,0.00207,lisflood_r,s2207476,r,10/01/2026,14:15:15,eddie@node1j18.ecdf.ed.ac.uk,1,5963
59133734,0.00207,lisflood_r,s2207476,r,10/01/2026,14:15:18,eddie@node1h07.ecdf.ed.ac.uk,1,5964
59133734,0.00207,lisflood_r,s2207476,r,10/01/2026,14:14:54,eddie@node1f11.ecdf.ed.ac.uk,1,5958
59133734,0.00207,lisflood_r,s2207476,r,10/01/2026,14:14:42,eddie@node1k06.ecdf.ed.ac.uk,1,5957
59133734,0.00207,lisflood_r,s2207476,r,10/01/2026,14:14:39,eddie@node1o11.ecdf.ed.ac.uk,1,5956
59133734,0.00207,lisflood_r,s2207476,r,10/01/2026,14:14:34,eddie@node1k18.ecdf.ed.ac.uk,1,5955
59133734,0.00207,lisflood_r,s2207476,r,10/01/2026,14:14:24,eddie@node1k02.ecdf.ed.ac.uk,1,5953
59133734,0.00207,lisflood_r,s2207476,r,10/01/2026,14:14:27,eddie@node1n10.ecdf.ed.ac.uk,1,5954
59133734,0.00207,lisflood_r,s2207476,r,10/01/2026,14:14:15,eddie@node1k18.ecdf.ed.ac.uk,1,5950
59133734,0.00207,lisflood_r,s2207476,r,10/01/2026,14:14:16,eddie@node1r18.ecdf.ed.ac.uk,1,5951
59133734,0.00207,lisflood_r,s2207476,r,10/01/2026,14:13:50,eddie@node1j11.ecdf.ed.ac.uk,1,5949
59133734,0.00207,lisflood_r,s2207476,r,10/01/2026,14:13:19,eddie@node1r07.ecdf.ed.ac.uk,1,5947
59133734,0.00207,lisflood_r,s2207476,r,10/01/2026,14:12:50,eddie@node1n14.ecdf.ed.ac.uk,1,5946
59133734,0.00207,lisflood_r,s2207476,r,10/01/2026,14:12:39,eddie@node1s17.ecdf.ed.ac.uk,1,5944
59133734,0.00207,lisflood_r,s2207476,r,10/01/2026,14:12:46,eddie@node1r12.ecdf.ed.ac.uk,1,5945
59133734,0.00207,lisflood_r,s2207476,r,10/01/2026,14:12:20,eddie@node1m05.ecdf.ed.ac.uk,1,5941
59134669,0.00207,N16k_K20_e,lchen8,r,10/01/2026,14:47:06,eddie@node1e02.ecdf.ed.ac.uk,1
59133734,0.00206,lisflood_r,s2207476,r,10/01/2026,14:12:07,eddie@node1h23.ecdf.ed.ac.uk,1,5939
59133734,0.00206,lisflood_r,s2207476,r,10/01/2026,14:12:07,eddie@node1l08.ecdf.ed.ac.uk,1,5940
59133734,0.00206,lisflood_r,s2207476,r,10/01/2026,14:11:53,eddie@node1m06.ecdf.ed.ac.uk,1,5937
59133734,0.00206,lisflood_r,s2207476,r,10/01/2026,14:11:58,eddie@node1m09.ecdf.ed.ac.uk,1,5938
59133734,0.00206,lisflood_r,s2207476,r,10/01/2026,14:11:32,eddie@node1s19.ecdf.ed.ac.uk,1,5935
59133734,0.00206,lisflood_r,s2207476,r,10/01/2026,14:10:52,eddie@node1s19.ecdf.ed.ac.uk,1,5930
59133734,0.00206,lisflood_r,s2207476,r,10/01/2026,14:11:06,eddie@node1l09.ecdf.ed.ac.uk,1,5932
59133734,0.00206,lisflood_r,s2207476,r,10/01/2026,14:11:28,eddie@node1s19.ecdf.ed.ac.uk,1,5933
59133734,0.00206,lisflood_r,s2207476,r,10/01/2026,14:10:40,eddie@node1k09.ecdf.ed.ac.uk,1,5928
59133734,0.00206,lisflood_r,s2207476,r,10/01/2026,14:10:00,eddie@node1l06.ecdf.ed.ac.uk,1,5924
59133734,0.00206,lisflood_r,s2207476,r,10/01/2026,14:10:05,eddie@node1l07.ecdf.ed.ac.uk,1,5925
59133734,0.00206,lisflood_r,s2207476,r,10/01/2026,14:09:48,eddie@node1f11.ecdf.ed.ac.uk,1,5856
59133734,0.00206,lisflood_r,s2207476,r,10/01/2026,14:09:48,eddie@node1o12.ecdf.ed.ac.uk,1,5857
59133734,0.00206,lisflood_r,s2207476,r,10/01/2026,14:09:48,eddie@node1o12.ecdf.ed.ac.uk,1,5858
59133734,0.00206,lisflood_r,s2207476,r,10/01/2026,14:09:48,eddie@node1o12.ecdf.ed.ac.uk,1,5859
59133734,0.00206,lisflood_r,s2207476,r,10/01/2026,14:09:48,eddie@node1o12.ecdf.ed.ac.uk,1,5860
59133734,0.00206,lisflood_r,s2207476,r,10/01/2026,14:09:48,eddie@node1o12.ecdf.ed.ac.uk,1,5861
59133734,0.00206,lisflood_r,s2207476,r,10/01/2026,14:09:48,eddie@node1o12.ecdf.ed.ac.uk,1,5862
59133734,0.00206,lisflood_r,s2207476,r,10/01/2026,14:09:48,eddie@node1o12.ecdf.ed.ac.uk,1,5863
59133734,0.00206,lisflood_r,s2207476,r,10/01/2026,14:09:48,eddie@node1o12.ecdf.ed.ac.uk,1,5864
59133734,0.00206,lisflood_r,s2207476,r,10/01/2026,14:09:48,eddie@node1m08.ecdf.ed.ac.uk,1,5865
59133734,0.00206,lisflood_r,s2207476,r,10/01/2026,14:09:48,eddie@node1m11.ecdf.ed.ac.uk,1,5866
59133734,0.00206,lisflood_r,s2207476,r,10/01/2026,14:09:48,eddie@node1m08.ecdf.ed.ac.uk,1,5867
59133734,0.00206,lisflood_r,s2207476,r,10/01/2026,14:09:48,eddie@node1m11.ecdf.ed.ac.uk,1,5868
59133734,0.00206,lisflood_r,s2207476,r,10/01/2026,14:09:48,eddie@node1m08.ecdf.ed.ac.uk,1,5869
59133734,0.00206,lisflood_r,s2207476,r,10/01/2026,14:09:48,eddie@node1m11.ecdf.ed.ac.uk,1,5870
59133734,0.00206,lisflood_r,s2207476,r,10/01/2026,14:09:48,eddie@node1m08.ecdf.ed.ac.uk,1,5871
59133734,0.00206,lisflood_r,s2207476,r,10/01/2026,14:09:48,eddie@node1m11.ecdf.ed.ac.uk,1,5872
59133734,0.00206,lisflood_r,s2207476,r,10/01/2026,14:09:48,eddie@node1m08.ecdf.ed.ac.uk,1,5873
59133734,0.00206,lisflood_r,s2207476,r,10/01/2026,14:09:48,eddie@node1m11.ecdf.ed.ac.uk,1,5874
59133734,0.00206,lisflood_r,s2207476,r,10/01/2026,14:09:48,eddie@node1m08.ecdf.ed.ac.uk,1,5875
59133734,0.00206,lisflood_r,s2207476,r,10/01/2026,14:09:48,eddie@node1m11.ecdf.ed.ac.uk,1,5876
59133734,0.00206,lisflood_r,s2207476,r,10/01/2026,14:09:48,eddie@node1m08.ecdf.ed.ac.uk,1,5877
59133734,0.00206,lisflood_r,s2207476,r,10/01/2026,14:09:48,eddie@node1m11.ecdf.ed.ac.uk,1,5878
59133734,0.00206,lisflood_r,s2207476,r,10/01/2026,14:09:48,eddie@node1m08.ecdf.ed.ac.uk,1,5879
59133734,0.00206,lisflood_r,s2207476,r,10/01/2026,14:09:48,eddie@node1m11.ecdf.ed.ac.uk,1,5880
59133734,0.00206,lisflood_r,s2207476,r,10/01/2026,14:09:48,eddie@node1k08.ecdf.ed.ac.uk,1,5881
59133734,0.00206,lisflood_r,s2207476,r,10/01/2026,14:09:48,eddie@node1m04.ecdf.ed.ac.uk,1,5882
59133734,0.00206,lisflood_r,s2207476,r,10/01/2026,14:09:48,eddie@node1k08.ecdf.ed.ac.uk,1,5883
59133734,0.00206,lisflood_r,s2207476,r,10/01/2026,14:09:48,eddie@node1m04.ecdf.ed.ac.uk,1,5884
59133734,0.00206,lisflood_r,s2207476,r,10/01/2026,14:09:48,eddie@node1j21.ecdf.ed.ac.uk,1,5885
59133734,0.00206,lisflood_r,s2207476,r,10/01/2026,14:09:48,eddie@node1k08.ecdf.ed.ac.uk,1,5886
59133734,0.00206,lisflood_r,s2207476,r,10/01/2026,14:09:48,eddie@node1m04.ecdf.ed.ac.uk,1,5887
59133734,0.00206,lisflood_r,s2207476,r,10/01/2026,14:09:48,eddie@node1j21.ecdf.ed.ac.uk,1,5888
59133734,0.00206,lisflood_r,s2207476,r,10/01/2026,14:09:48,eddie@node1k04.ecdf.ed.ac.uk,1,5889
59133734,0.00206,lisflood_r,s2207476,r,10/01/2026,14:09:48,eddie@node1k08.ecdf.ed.ac.uk,1,5890
59133734,0.00206,lisflood_r,s2207476,r,10/01/2026,14:09:48,eddie@node1m04.ecdf.ed.ac.uk,1,5891
59133734,0.00206,lisflood_r,s2207476,r,10/01/2026,14:09:48,eddie@node1j21.ecdf.ed.ac.uk,1,5892
59133734,0.00206,lisflood_r,s2207476,r,10/01/2026,14:09:48,eddie@node1m12.ecdf.ed.ac.uk,1,5894
59133734,0.00206,lisflood_r,s2207476,r,10/01/2026,14:09:48,eddie@node1k08.ecdf.ed.ac.uk,1,5895
59133734,0.00206,lisflood_r,s2207476,r,10/01/2026,14:09:48,eddie@node1m04.ecdf.ed.ac.uk,1,5896
59133734,0.00206,lisflood_r,s2207476,r,10/01/2026,14:09:48,eddie@node1j21.ecdf.ed.ac.uk,1,5897
59133734,0.00206,lisflood_r,s2207476,r,10/01/2026,14:09:48,eddie@node1k04.ecdf.ed.ac.uk,1,5898
59133734,0.00206,lisflood_r,s2207476,r,10/01/2026,14:09:48,eddie@node1m12.ecdf.ed.ac.uk,1,5899
59133734,0.00206,lisflood_r,s2207476,r,10/01/2026,14:09:48,eddie@node1k08.ecdf.ed.ac.uk,1,5900
59133734,0.00206,lisflood_r,s2207476,r,10/01/2026,14:09:48,eddie@node1m04.ecdf.ed.ac.uk,1,5901
59133734,0.00206,lisflood_r,s2207476,r,10/01/2026,14:09:48,eddie@node1j21.ecdf.ed.ac.uk,1,5902
59133734,0.00206,lisflood_r,s2207476,r,10/01/2026,14:09:48,eddie@node1k04.ecdf.ed.ac.uk,1,5903
59133734,0.00206,lisflood_r,s2207476,r,10/01/2026,14:09:48,eddie@node1m12.ecdf.ed.ac.uk,1,5904
59133734,0.00206,lisflood_r,s2207476,r,10/01/2026,14:09:48,eddie@node1k08.ecdf.ed.ac.uk,1,5905
59133734,0.00206,lisflood_r,s2207476,r,10/01/2026,14:09:48,eddie@node1m04.ecdf.ed.ac.uk,1,5906
59133734,0.00206,lisflood_r,s2207476,r,10/01/2026,14:09:48,eddie@node1j21.ecdf.ed.ac.uk,1,5907
59133734,0.00206,lisflood_r,s2207476,r,10/01/2026,14:09:48,eddie@node1k04.ecdf.ed.ac.uk,1,5908
59133734,0.00206,lisflood_r,s2207476,r,10/01/2026,14:09:48,eddie@node1m12.ecdf.ed.ac.uk,1,5909
59133734,0.00206,lisflood_r,s2207476,r,10/01/2026,14:09:48,eddie@node1k08.ecdf.ed.ac.uk,1,5910
59133734,0.00206,lisflood_r,s2207476,r,10/01/2026,14:09:48,eddie@node1m04.ecdf.ed.ac.uk,1,5911
59133734,0.00206,lisflood_r,s2207476,r,10/01/2026,14:09:48,eddie@node1j21.ecdf.ed.ac.uk,1,5912
59133734,0.00206,lisflood_r,s2207476,r,10/01/2026,14:09:48,eddie@node1m12.ecdf.ed.ac.uk,1,5914
59133734,0.00206,lisflood_r,s2207476,r,10/01/2026,14:09:48,eddie@node1j21.ecdf.ed.ac.uk,1,5915
59133734,0.00206,lisflood_r,s2207476,r,10/01/2026,14:09:48,eddie@node1m12.ecdf.ed.ac.uk,1,5917
59133734,0.00206,lisflood_r,s2207476,r,10/01/2026,14:09:48,eddie@node1k04.ecdf.ed.ac.uk,1,5918
59133734,0.00206,lisflood_r,s2207476,r,10/01/2026,14:09:48,eddie@node1m12.ecdf.ed.ac.uk,1,5919
59133734,0.00206,lisflood_r,s2207476,r,10/01/2026,14:09:48,eddie@node1m12.ecdf.ed.ac.uk,1,5920
59133734,0.00206,lisflood_r,s2207476,r,10/01/2026,14:09:38,eddie@node1j08.ecdf.ed.ac.uk,1,5854
59133734,0.00206,lisflood_r,s2207476,r,10/01/2026,14:09:27,eddie@node1l10.ecdf.ed.ac.uk,1,5851
59133734,0.00206,lisflood_r,s2207476,r,10/01/2026,14:09:37,eddie@node1j17.ecdf.ed.ac.uk,1,5853
59133734,0.00206,lisflood_r,s2207476,r,10/01/2026,14:09:52,eddie@node1m03.ecdf.ed.ac.uk,1,5921
59133734,0.00206,lisflood_r,s2207476,r,10/01/2026,14:09:01,eddie@node1k18.ecdf.ed.ac.uk,1,5850
59133734,0.00206,lisflood_r,s2207476,r,10/01/2026,14:08:51,eddie@node1r07.ecdf.ed.ac.uk,1,5846
59133734,0.00206,lisflood_r,s2207476,r,10/01/2026,14:08:41,eddie@node1m10.ecdf.ed.ac.uk,1,5844
59133734,0.00206,lisflood_r,s2207476,r,10/01/2026,14:08:42,eddie@node1m12.ecdf.ed.ac.uk,1,5845
59133734,0.00206,lisflood_r,s2207476,r,10/01/2026,14:08:32,eddie@node1i13.ecdf.ed.ac.uk,1,5843
59128502,0.00206,TRC16k_K32,lchen8,r,10/01/2026,10:06:38,eddie@node1d01.ecdf.ed.ac.uk,1
59133734,0.00206,lisflood_r,s2207476,r,10/01/2026,14:08:25,eddie@node1l20.ecdf.ed.ac.uk,1,5842
59133734,0.00206,lisflood_r,s2207476,r,10/01/2026,14:08:07,eddie@node1m09.ecdf.ed.ac.uk,1,5839
59133734,0.00206,lisflood_r,s2207476,r,10/01/2026,14:08:07,eddie@node1i17.ecdf.ed.ac.uk,1,5840
59133734,0.00206,lisflood_r,s2207476,r,10/01/2026,14:08:07,eddie@node1n14.ecdf.ed.ac.uk,1,5841
59133734,0.00206,lisflood_r,s2207476,r,10/01/2026,14:08:02,eddie@node1h14.ecdf.ed.ac.uk,1,5838
59072673,0.00206,acetylh04,knicodem,r,09/29/2026,07:03:05,eddie@node1s10.ecdf.ed.ac.uk,1,362
59133734,0.00206,lisflood_r,s2207476,r,10/01/2026,14:07:48,eddie@node1r09.ecdf.ed.ac.uk,1,5836
59133734,0.00206,lisflood_r,s2207476,r,10/01/2026,14:07:50,eddie@node1r09.ecdf.ed.ac.uk,1,5837
59133734,0.00206,lisflood_r,s2207476,r,10/01/2026,14:07:37,eddie@node1h14.ecdf.ed.ac.uk,1,5834
59122655,0.00206,ce1,gs10us1,r,10/01/2026,01:57:40,eddie@node1l18.ecdf.ed.ac.uk,4
59133734,0.00206,lisflood_r,s2207476,r,10/01/2026,14:07:13,eddie@node1m09.ecdf.ed.ac.uk,1,5829
59133734,0.00206,lisflood_r,s2207476,r,10/01/2026,14:07:16,eddie@node1o11.ecdf.ed.ac.uk,1,5831
59133734,0.00206,lisflood_r,s2207476,r,10/01/2026,14:07:01,eddie@node1p10.ecdf.ed.ac.uk,1,5827
59133734,0.00206,lisflood_r,s2207476,r,10/01/2026,14:06:36,eddie@node1r18.ecdf.ed.ac.uk,1,5824
59123361,0.00206,ce1,gs10us1,r,10/01/2026,02:37:26,eddie@node1l11.ecdf.ed.ac.uk,4
59133734,0.00206,lisflood_r,s2207476,r,10/01/2026,14:06:17,eddie@node1j19.ecdf.ed.ac.uk,1,5822
59133734,0.00206,lisflood_r,s2207476,r,10/01/2026,14:05:56,eddie@node1n14.ecdf.ed.ac.uk,1,5817
59133734,0.00206,lisflood_r,s2207476,r,10/01/2026,14:06:14,eddie@node1m13.ecdf.ed.ac.uk,1,5820
59133734,0.00206,lisflood_r,s2207476,r,10/01/2026,14:05:38,eddie@node1j19.ecdf.ed.ac.uk,1,5816
59133734,0.00206,lisflood_r,s2207476,r,10/01/2026,14:05:37,eddie@node1n14.ecdf.ed.ac.uk,1,5815
59133734,0.00206,lisflood_r,s2207476,r,10/01/2026,14:05:32,eddie@node1l19.ecdf.ed.ac.uk,1,5814
59133734,0.00206,lisflood_r,s2207476,r,10/01/2026,14:05:02,eddie@node1h05.ecdf.ed.ac.uk,1,5808
59133734,0.00206,lisflood_r,s2207476,r,10/01/2026,14:05:02,eddie@node1l03.ecdf.ed.ac.uk,1,5810
59133734,0.00206,lisflood_r,s2207476,r,10/01/2026,14:05:02,eddie@node1q06.ecdf.ed.ac.uk,1,5811
59123019,0.00206,ce1,gs10us1,r,10/01/2026,02:29:18,eddie@node1l12.ecdf.ed.ac.uk,4
59133734,0.00205,lisflood_r,s2207476,r,10/01/2026,14:04:41,eddie@node1r06.ecdf.ed.ac.uk,1,5802
59133734,0.00205,lisflood_r,s2207476,r,10/01/2026,14:04:41,eddie@node1l10.ecdf.ed.ac.uk,1,5803
59133734,0.00205,lisflood_r,s2207476,r,10/01/2026,14:04:43,eddie@node1j06.ecdf.ed.ac.uk,1,5804
59133734,0.00205,lisflood_r,s2207476,r,10/01/2026,14:04:43,eddie@node1l20.ecdf.ed.ac.uk,1,5805
59133734,0.00205,lisflood_r,s2207476,r,10/01/2026,14:04:51,eddie@node1k03.ecdf.ed.ac.uk,1,5806
59123401,0.00205,ce1,gs10us1,r,10/01/2026,02:37:38,eddie@node1l14.ecdf.ed.ac.uk,4
59133734,0.00205,lisflood_r,s2207476,r,10/01/2026,14:03:34,eddie@node1k10.ecdf.ed.ac.uk,1,5795
59133734,0.00205,lisflood_r,s2207476,r,10/01/2026,14:03:42,eddie@node1j03.ecdf.ed.ac.uk,1,5797
59123039,0.00205,ce1,gs10us1,r,10/01/2026,02:29:23,eddie@node1l17.ecdf.ed.ac.uk,4
59133734,0.00205,lisflood_r,s2207476,r,10/01/2026,14:02:47,eddie@node1m12.ecdf.ed.ac.uk,1,5789
59133734,0.00205,lisflood_r,s2207476,r,10/01/2026,14:02:28,eddie@node1m13.ecdf.ed.ac.uk,1,5786
59133734,0.00205,lisflood_r,s2207476,r,10/01/2026,14:01:24,eddie@node1m05.ecdf.ed.ac.uk,1,5777
59133734,0.00205,lisflood_r,s2207476,r,10/01/2026,14:01:24,eddie@node1m05.ecdf.ed.ac.uk,1,5778
59133734,0.00205,lisflood_r,s2207476,r,10/01/2026,14:01:24,eddie@node1j19.ecdf.ed.ac.uk,1,5780
59133734,0.00205,lisflood_r,s2207476,r,10/01/2026,14:02:10,eddie@node1j19.ecdf.ed.ac.uk,1,5783
59133734,0.00205,lisflood_r,s2207476,r,10/01/2026,14:02:12,eddie@node1m02.ecdf.ed.ac.uk,1,5784
59128509,0.00205,TRC16k_K38,lchen8,r,10/01/2026,09:59:46,eddie@node1j08.ecdf.ed.ac.uk,1
59133734,0.00205,lisflood_r,s2207476,r,10/01/2026,14:00:49,eddie@node1m06.ecdf.ed.ac.uk,1,5768
59133734,0.00205,lisflood_r,s2207476,r,10/01/2026,14:00:49,eddie@node1m06.ecdf.ed.ac.uk,1,5769
59133734,0.00205,lisflood_r,s2207476,r,10/01/2026,14:00:49,eddie@node1m06.ecdf.ed.ac.uk,1,5770
59133734,0.00205,lisflood_r,s2207476,r,10/01/2026,14:00:30,eddie@node1m13.ecdf.ed.ac.uk,1,5767
59123107,0.00205,ce1,gs10us1,r,10/01/2026,02:36:49,eddie@node1l13.ecdf.ed.ac.uk,4
59133734,0.00205,lisflood_r,s2207476,r,10/01/2026,13:59:52,eddie@node1m11.ecdf.ed.ac.uk,1,5763
59133734,0.00205,lisflood_r,s2207476,r,10/01/2026,13:59:26,eddie@node1n13.ecdf.ed.ac.uk,1,5759
59134950,0.00205,N16k_K48_e,lchen8,r,10/01/2026,14:35:56,eddie@node1e08.ecdf.ed.ac.uk,1
59072673,0.00205,acetylh04,knicodem,r,09/29/2026,06:48:20,eddie@node1k14.ecdf.ed.ac.uk,1,352
59072673,0.00205,acetylh04,knicodem,r,09/29/2026,06:48:20,eddie@node1k14.ecdf.ed.ac.uk,1,353
59072673,0.00205,acetylh04,knicodem,r,09/29/2026,06:48:20,eddie@node1k14.ecdf.ed.ac.uk,1,354
59072673,0.00205,acetylh04,knicodem,r,09/29/2026,06:48:20,eddie@node1k14.ecdf.ed.ac.uk,1,355
59072673,0.00205,acetylh04,knicodem,r,09/29/2026,06:48:20,eddie@node1k14.ecdf.ed.ac.uk,1,356
59072673,0.00205,acetylh04,knicodem,r,09/29/2026,06:48:20,eddie@node1k14.ecdf.ed.ac.uk,1,357
59072673,0.00205,acetylh04,knicodem,r,09/29/2026,06:48:20,eddie@node1k14.ecdf.ed.ac.uk,1,358
59072673,0.00205,acetylh04,knicodem,r,09/29/2026,06:48:20,eddie@node1k14.ecdf.ed.ac.uk,1,359
59072673,0.00205,acetylh04,knicodem,r,09/29/2026,06:48:20,eddie@node1k14.ecdf.ed.ac.uk,1,360
59072673,0.00205,acetylh04,knicodem,r,09/29/2026,06:48:20,eddie@node1k14.ecdf.ed.ac.uk,1,361
59124427,0.00205,step7_ext,lwong4,r,09/30/2026,23:16:32,eddie@node1k03.ecdf.ed.ac.uk,8,72
59133734,0.00205,lisflood_r,s2207476,r,10/01/2026,13:58:22,eddie@node1s20.ecdf.ed.ac.uk,1,5755
59133734,0.00204,lisflood_r,s2207476,r,10/01/2026,13:57:48,eddie@node1m06.ecdf.ed.ac.uk,1,5745
59133734,0.00204,lisflood_r,s2207476,r,10/01/2026,13:57:48,eddie@node1m06.ecdf.ed.ac.uk,1,5746
59133734,0.00204,lisflood_r,s2207476,r,10/01/2026,13:57:48,eddie@node1m06.ecdf.ed.ac.uk,1,5747
59133734,0.00204,lisflood_r,s2207476,r,10/01/2026,13:58:10,eddie@node1o11.ecdf.ed.ac.uk,1,5751
59133734,0.00204,lisflood_r,s2207476,r,10/01/2026,13:57:30,eddie@node1l08.ecdf.ed.ac.uk,1,5743
59128523,0.00204,TRC16k_K38,lchen8,r,10/01/2026,09:56:05,eddie@node1d03.ecdf.ed.ac.uk,1
59133734,0.00204,lisflood_r,s2207476,r,10/01/2026,13:55:57,eddie@node1j08.ecdf.ed.ac.uk,1,5732
59133734,0.00204,lisflood_r,s2207476,r,10/01/2026,13:55:43,eddie@node1m09.ecdf.ed.ac.uk,1,5730
59133734,0.00204,lisflood_r,s2207476,r,10/01/2026,13:55:47,eddie@node1m11.ecdf.ed.ac.uk,1,5731
59134711,0.00204,N16k_K20_e,lchen8,r,10/01/2026,14:32:44,eddie@node1d09.ecdf.ed.ac.uk,1
59133734,0.00204,lisflood_r,s2207476,r,10/01/2026,13:55:28,eddie@node1k02.ecdf.ed.ac.uk,1,5729
59133734,0.00204,lisflood_r,s2207476,r,10/01/2026,13:55:00,eddie@node1j11.ecdf.ed.ac.uk,1,5725
59133734,0.00204,lisflood_r,s2207476,r,10/01/2026,13:54:19,eddie@node1l03.ecdf.ed.ac.uk,1,5721
59133734,0.00204,lisflood_r,s2207476,r,10/01/2026,13:53:31,eddie@node1j04.ecdf.ed.ac.uk,1,5714
59128516,0.00204,TRC16k_K38,lchen8,r,10/01/2026,09:50:28,eddie@node1j04.ecdf.ed.ac.uk,1
59134703,0.00204,N16k_K20_e,lchen8,r,10/01/2026,14:30:09,eddie@node1e03.ecdf.ed.ac.uk,1
59072673,0.00204,acetylh04,knicodem,r,09/29/2026,06:42:20,eddie@node1s10.ecdf.ed.ac.uk,1,351
59133734,0.00204,lisflood_r,s2207476,r,10/01/2026,13:51:29,eddie@node1l04.ecdf.ed.ac.uk,1,5708
59133734,0.00203,lisflood_r,s2207476,r,10/01/2026,13:50:58,eddie@node1l03.ecdf.ed.ac.uk,1,5704
59072673,0.00203,acetylh04,knicodem,r,09/29/2026,06:40:50,eddie@node1k15.ecdf.ed.ac.uk,1,349
59072673,0.00203,acetylh04,knicodem,r,09/29/2026,06:40:50,eddie@node1k15.ecdf.ed.ac.uk,1,350
59133734,0.00203,lisflood_r,s2207476,r,10/01/2026,13:49:43,eddie@node1k03.ecdf.ed.ac.uk,1,5699
59133734,0.00203,lisflood_r,s2207476,r,10/01/2026,13:49:12,eddie@node1n14.ecdf.ed.ac.uk,1,5696
59133734,0.00203,lisflood_r,s2207476,r,10/01/2026,13:47:38,eddie@node1m02.ecdf.ed.ac.uk,1,5682
59133734,0.00203,lisflood_r,s2207476,r,10/01/2026,13:47:33,eddie@node1h23.ecdf.ed.ac.uk,1,5680
59133734,0.00203,lisflood_r,s2207476,r,10/01/2026,13:47:37,eddie@node1p10.ecdf.ed.ac.uk,1,5681
59133734,0.00203,lisflood_r,s2207476,r,10/01/2026,13:47:46,eddie@node1n14.ecdf.ed.ac.uk,1,5685
59133734,0.00203,lisflood_r,s2207476,r,10/01/2026,13:47:50,eddie@node1l03.ecdf.ed.ac.uk,1,5686
59133734,0.00203,lisflood_r,s2207476,r,10/01/2026,13:45:24,eddie@node1k12.ecdf.ed.ac.uk,1,5660
59123797,0.00203,ce1,gs10us1,r,10/01/2026,02:41:04,eddie@node1l14.ecdf.ed.ac.uk,4
59133734,0.00202,lisflood_r,s2207476,r,10/01/2026,13:44:17,eddie@node1m02.ecdf.ed.ac.uk,1,5649
59072673,0.00202,acetylh04,knicodem,r,09/29/2026,06:32:05,eddie@node1s10.ecdf.ed.ac.uk,1,348
59134908,0.00202,N16k_K28_e,lchen8,r,10/01/2026,14:16:03,eddie@node1e06.ecdf.ed.ac.uk,1
59072673,0.00201,acetylh04,knicodem,r,09/29/2026,06:25:50,eddie@node1s10.ecdf.ed.ac.uk,1,339
59072673,0.00201,acetylh04,knicodem,r,09/29/2026,06:27:05,eddie@node1k16.ecdf.ed.ac.uk,1,340
59072673,0.00201,acetylh04,knicodem,r,09/29/2026,06:27:05,eddie@node1k16.ecdf.ed.ac.uk,1,341
59072673,0.00201,acetylh04,knicodem,r,09/29/2026,06:27:05,eddie@node1k16.ecdf.ed.ac.uk,1,342
59072673,0.00201,acetylh04,knicodem,r,09/29/2026,06:27:05,eddie@node1k16.ecdf.ed.ac.uk,1,343
59072673,0.00201,acetylh04,knicodem,r,09/29/2026,06:27:05,eddie@node1k16.ecdf.ed.ac.uk,1,344
59072673,0.00201,acetylh04,knicodem,r,09/29/2026,06:27:05,eddie@node1k16.ecdf.ed.ac.uk,1,345
59072673,0.00201,acetylh04,knicodem,r,09/29/2026,06:27:05,eddie@node1k16.ecdf.ed.ac.uk,1,346
59072673,0.00201,acetylh04,knicodem,r,09/29/2026,06:27:05,eddie@node1k16.ecdf.ed.ac.uk,1,347
59134728,0.00201,N16k_K20_e,lchen8,r,10/01/2026,14:12:59,eddie@node1f04.ecdf.ed.ac.uk,1
59134601,0.00201,N16k_K1_e0,lchen8,r,10/01/2026,14:12:25,eddie@node1f04.ecdf.ed.ac.uk,1
59134736,0.00201,N16k_K20_e,lchen8,r,10/01/2026,14:10:00,eddie@node1e09.ecdf.ed.ac.uk,1
59134777,0.00201,N16k_K24_e,lchen8,r,10/01/2026,14:09:52,eddie@node1f04.ecdf.ed.ac.uk,1
59133734,0.00201,lisflood_r,s2207476,r,10/01/2026,13:31:14,eddie@node1m02.ecdf.ed.ac.uk,1,5574
59134785,0.00200,N16k_K24_e,lchen8,r,10/01/2026,14:05:37,eddie@node1e05.ecdf.ed.ac.uk,1
59134933,0.00200,N16k_K28_e,lchen8,r,10/01/2026,14:04:09,eddie@node1e03.ecdf.ed.ac.uk,1
59134594,0.00200,N16k_K16_e,lchen8,r,10/01/2026,14:01:59,eddie@node1d10.ecdf.ed.ac.uk,1
59123562,0.00200,ce1,gs10us1,r,10/01/2026,02:38:21,eddie@node1l15.ecdf.ed.ac.uk,4
59100653,0.00199,ce1,gs10us1,r,09/30/2026,08:43:26,eddie@node1l12.ecdf.ed.ac.uk,4
59171449,0.00199,nf-HYBRACT,spita,r,10/01/2026,15:31:59,eddie@node1f05.ecdf.ed.ac.uk,6
59128588,0.00198,TRC16k_K51,lchen8,r,10/01/2026,09:13:16,eddie@node1e01.ecdf.ed.ac.uk,1
59128602,0.00198,TRC16k_K51,lchen8,r,10/01/2026,09:13:53,eddie@node1k20.ecdf.ed.ac.uk,1
59128208,0.00198,TRC16k_K20,lchen8,r,10/01/2026,09:09:27,eddie@node1o13.ecdf.ed.ac.uk,1
59166354,0.00197,GenoGVCFs_,s2740533,r,10/01/2026,12:57:41,eddie@node1e10.ecdf.ed.ac.uk,2,2
59134917,0.00196,N16k_K28_e,lchen8,r,10/01/2026,13:38:14,eddie@node1d02.ecdf.ed.ac.uk,1
59134925,0.00196,N16k_K28_e,lchen8,r,10/01/2026,13:36:14,eddie@node1e08.ecdf.ed.ac.uk,1
59124838,0.00196,ce1,gs10us1,r,10/01/2026,03:00:25,eddie@node1l14.ecdf.ed.ac.uk,4
59128201,0.00196,TRC16k_K20,lchen8,r,10/01/2026,08:55:32,eddie@node1o13.ecdf.ed.ac.uk,1
59127569,0.00196,radish.2PC,s2742483,r,09/30/2026,11:35:43,eddie@node1p09.ecdf.ed.ac.uk,2
59124091,0.00195,ce1,gs10us1,r,10/01/2026,02:44:05,eddie@node1l18.ecdf.ed.ac.uk,4
59162049,0.00194,stellar-ba,dhosking,r,10/01/2026,11:10:54,staging@node1f17.ecdf.ed.ac.uk,1
59124224,0.00194,ce1,gs10us1,r,10/01/2026,02:48:17,eddie@node1l11.ecdf.ed.ac.uk,4
59169752,0.00191,QLOGIN,arichmo2,r,10/01/2026,13:45:40,igmm_long@node1h02.ecdf.ed.ac.,1
59144362,0.00189,f29-eta100,dhosking,r,09/30/2026,22:58:34,gpu@node1o02.ecdf.ed.ac.uk,8
59072673,0.00189,acetylh04,knicodem,r,09/29/2026,04:58:50,eddie@node1k15.ecdf.ed.ac.uk,1,335
59072673,0.00189,acetylh04,knicodem,r,09/29/2026,04:58:50,eddie@node1k15.ecdf.ed.ac.uk,1,336
59072673,0.00189,acetylh04,knicodem,r,09/29/2026,04:58:50,eddie@node1k15.ecdf.ed.ac.uk,1,337
59072673,0.00189,acetylh04,knicodem,r,09/29/2026,04:58:50,eddie@node1k15.ecdf.ed.ac.uk,1,338
59124800,0.00189,ce1,gs10us1,r,10/01/2026,02:56:08,eddie@node1l17.ecdf.ed.ac.uk,4
59072673,0.00188,acetylh04,knicodem,r,09/29/2026,04:53:05,eddie@node1s12.ecdf.ed.ac.uk,1,327
59072673,0.00188,acetylh04,knicodem,r,09/29/2026,04:53:05,eddie@node1s12.ecdf.ed.ac.uk,1,328
59072673,0.00188,acetylh04,knicodem,r,09/29/2026,04:53:05,eddie@node1s12.ecdf.ed.ac.uk,1,329
59072673,0.00188,acetylh04,knicodem,r,09/29/2026,04:53:05,eddie@node1s12.ecdf.ed.ac.uk,1,330
59072673,0.00188,acetylh04,knicodem,r,09/29/2026,04:53:05,eddie@node1s12.ecdf.ed.ac.uk,1,331
59072673,0.00188,acetylh04,knicodem,r,09/29/2026,04:53:05,eddie@node1s12.ecdf.ed.ac.uk,1,332
59072673,0.00188,acetylh04,knicodem,r,09/29/2026,04:53:05,eddie@node1s12.ecdf.ed.ac.uk,1,333
59072673,0.00188,acetylh04,knicodem,r,09/29/2026,04:53:05,eddie@node1s12.ecdf.ed.ac.uk,1,334
59134536,0.00188,N16k_K128_,lchen8,r,10/01/2026,12:40:06,eddie@node1f03.ecdf.ed.ac.uk,1
59134957,0.00187,N16k_K64_e,lchen8,r,10/01/2026,12:34:21,eddie@node1e05.ecdf.ed.ac.uk,1
59172308,0.00187,fp_call_E2,rguest,r,10/01/2026,14:55:13,igmm_long@node1a03.ecdf.ed.ac.,1,2
59134544,0.00186,N16k_K128_,lchen8,r,10/01/2026,12:25:01,eddie@node1e09.ecdf.ed.ac.uk,1
59125566,0.00181,ce1,gs10us1,r,10/01/2026,03:01:01,eddie@node1l18.ecdf.ed.ac.uk,4
59134528,0.00181,N16k_K128_,lchen8,r,10/01/2026,11:54:53,eddie@node1d02.ecdf.ed.ac.uk,1
59072673,0.00179,acetylh04,knicodem,r,09/29/2026,03:55:20,eddie@node1s10.ecdf.ed.ac.uk,1,326
59128801,0.00179,TRC16k_K32,lchen8,r,10/01/2026,07:00:00,eddie@node1h22.ecdf.ed.ac.uk,1
59134552,0.00178,N16k_K128_,lchen8,r,10/01/2026,11:36:45,eddie@node1d06.ecdf.ed.ac.uk,1
59128286,0.00178,TRC16k_K32,lchen8,r,10/01/2026,06:56:49,eddie@node1k06.ecdf.ed.ac.uk,1
59128230,0.00178,TRC16k_K24,lchen8,r,10/01/2026,06:52:58,eddie@node1l08.ecdf.ed.ac.uk,1
59128308,0.00178,TRC16k_K32,lchen8,r,10/01/2026,07:09:29,eddie@node1l19.ecdf.ed.ac.uk,1
59128301,0.00178,TRC16k_K32,lchen8,r,10/01/2026,07:32:37,eddie@node1k18.ecdf.ed.ac.uk,1
59128315,0.00178,TRC16k_K32,lchen8,r,10/01/2026,06:52:38,eddie@node1j18.ecdf.ed.ac.uk,1
59128658,0.00178,TRC16k_K20,lchen8,r,10/01/2026,06:56:44,eddie@node1j17.ecdf.ed.ac.uk,1
59128665,0.00178,TRC16k_K20,lchen8,r,10/01/2026,06:53:26,eddie@node1h22.ecdf.ed.ac.uk,1
59134811,0.00178,N16k_K256_,lchen8,r,10/01/2026,11:31:48,eddie@node1f01.ecdf.ed.ac.uk,1
59128337,0.00178,TRC16k_K48,lchen8,r,10/01/2026,06:50:51,eddie@node1j08.ecdf.ed.ac.uk,1
59128251,0.00177,TRC16k_K28,lchen8,r,10/01/2026,06:47:59,eddie@node1l02.ecdf.ed.ac.uk,1
59128352,0.00177,TRC16k_K48,lchen8,r,10/01/2026,06:48:32,eddie@node1j08.ecdf.ed.ac.uk,1
59128388,0.00177,TRC16k_K64,lchen8,r,10/01/2026,06:48:04,eddie@node1q06.ecdf.ed.ac.uk,1
59128215,0.00177,TRC16k_K24,lchen8,r,10/01/2026,06:47:11,eddie@node1l08.ecdf.ed.ac.uk,1
59072673,0.00177,acetylh04,knicodem,r,09/29/2026,03:42:35,eddie@node1k16.ecdf.ed.ac.uk,1,316
59072673,0.00177,acetylh04,knicodem,r,09/29/2026,03:42:35,eddie@node1k16.ecdf.ed.ac.uk,1,317
59072673,0.00177,acetylh04,knicodem,r,09/29/2026,03:42:35,eddie@node1k16.ecdf.ed.ac.uk,1,318
59072673,0.00177,acetylh04,knicodem,r,09/29/2026,03:42:35,eddie@node1k16.ecdf.ed.ac.uk,1,319
59072673,0.00177,acetylh04,knicodem,r,09/29/2026,03:42:35,eddie@node1k16.ecdf.ed.ac.uk,1,320
59072673,0.00177,acetylh04,knicodem,r,09/29/2026,03:42:35,eddie@node1k16.ecdf.ed.ac.uk,1,321
59072673,0.00177,acetylh04,knicodem,r,09/29/2026,03:42:35,eddie@node1k16.ecdf.ed.ac.uk,1,322
59072673,0.00177,acetylh04,knicodem,r,09/29/2026,03:42:35,eddie@node1k16.ecdf.ed.ac.uk,1,323
59072673,0.00177,acetylh04,knicodem,r,09/29/2026,03:42:35,eddie@node1k16.ecdf.ed.ac.uk,1,324
59072673,0.00177,acetylh04,knicodem,r,09/29/2026,03:42:35,eddie@node1k16.ecdf.ed.ac.uk,1,325
59128322,0.00177,TRC16k_K48,lchen8,r,10/01/2026,06:46:55,eddie@node1l19.ecdf.ed.ac.uk,1
59134802,0.00177,N16k_K256_,lchen8,r,10/01/2026,11:27:32,eddie@node1f01.ecdf.ed.ac.uk,1
59128237,0.00177,TRC16k_K24,lchen8,r,10/01/2026,06:45:25,eddie@node1l04.ecdf.ed.ac.uk,1
59128294,0.00177,TRC16k_K32,lchen8,r,10/01/2026,06:45:25,eddie@node1j18.ecdf.ed.ac.uk,1
59134560,0.00177,N16k_K128_,lchen8,r,10/01/2026,11:24:53,eddie@node1e06.ecdf.ed.ac.uk,1
59128272,0.00176,TRC16k_K28,lchen8,r,10/01/2026,06:42:56,eddie@node1j25.ecdf.ed.ac.uk,1
59128279,0.00176,TRC16k_K28,lchen8,r,10/01/2026,06:42:56,eddie@node1k01.ecdf.ed.ac.uk,1
59128374,0.00176,TRC16k_K64,lchen8,r,10/01/2026,06:41:52,eddie@node1m03.ecdf.ed.ac.uk,1
59128223,0.00176,TRC16k_K24,lchen8,r,10/01/2026,06:40:33,eddie@node1l08.ecdf.ed.ac.uk,1
59128244,0.00176,TRC16k_K24,lchen8,r,10/01/2026,06:40:14,eddie@node1l04.ecdf.ed.ac.uk,1
59072673,0.00176,acetylh04,knicodem,r,09/29/2026,03:34:05,eddie@node1n09.ecdf.ed.ac.uk,1,308
59072673,0.00176,acetylh04,knicodem,r,09/29/2026,03:34:05,eddie@node1n09.ecdf.ed.ac.uk,1,309
59072673,0.00176,acetylh04,knicodem,r,09/29/2026,03:34:05,eddie@node1n09.ecdf.ed.ac.uk,1,310
59072673,0.00176,acetylh04,knicodem,r,09/29/2026,03:34:05,eddie@node1n09.ecdf.ed.ac.uk,1,311
59072673,0.00176,acetylh04,knicodem,r,09/29/2026,03:34:05,eddie@node1n09.ecdf.ed.ac.uk,1,312
59072673,0.00176,acetylh04,knicodem,r,09/29/2026,03:34:05,eddie@node1n09.ecdf.ed.ac.uk,1,313
59072673,0.00176,acetylh04,knicodem,r,09/29/2026,03:34:05,eddie@node1n09.ecdf.ed.ac.uk,1,314
59072673,0.00176,acetylh04,knicodem,r,09/29/2026,03:34:05,eddie@node1n09.ecdf.ed.ac.uk,1,315
59128258,0.00176,TRC16k_K28,lchen8,r,10/01/2026,06:37:45,eddie@node1k06.ecdf.ed.ac.uk,1
59134752,0.00175,N16k_K20_e,lchen8,r,10/01/2026,11:14:17,eddie@node1e06.ecdf.ed.ac.uk,1
59128329,0.00175,TRC16k_K48,lchen8,r,10/01/2026,06:31:11,eddie@node1j18.ecdf.ed.ac.uk,1
59128345,0.00174,TRC16k_K48,lchen8,r,10/01/2026,06:28:33,eddie@node1j18.ecdf.ed.ac.uk,1
59072673,0.00174,acetylh04,knicodem,r,09/29/2026,03:21:35,eddie@node1p08.ecdf.ed.ac.uk,1,306
59072673,0.00174,acetylh04,knicodem,r,09/29/2026,03:21:35,eddie@node1p08.ecdf.ed.ac.uk,1,307
59072673,0.00174,acetylh04,knicodem,r,09/29/2026,03:19:20,eddie@node1m23.ecdf.ed.ac.uk,1,304
59072673,0.00174,acetylh04,knicodem,r,09/29/2026,03:19:20,eddie@node1m23.ecdf.ed.ac.uk,1,305
59128265,0.00173,TRC16k_K28,lchen8,r,10/01/2026,06:33:24,eddie@node1k06.ecdf.ed.ac.uk,1
59128359,0.00173,TRC16k_K64,lchen8,r,10/01/2026,06:36:27,eddie@node1m05.ecdf.ed.ac.uk,1
59128422,0.00173,TRC16k_K12,lchen8,r,10/01/2026,06:23:12,eddie@node1h08.ecdf.ed.ac.uk,1
59128471,0.00173,TRC16k_K32,lchen8,r,10/01/2026,06:23:37,eddie@node1m03.ecdf.ed.ac.uk,1
58655621,0.00173,runlisfloo,awilso19,r,09/16/2026,08:35:52,eddie@node1p11.ecdf.ed.ac.uk,1,5080
58655621,0.00173,runlisfloo,awilso19,r,09/16/2026,08:35:52,eddie@node1p11.ecdf.ed.ac.uk,1,5081
58655621,0.00173,runlisfloo,awilso19,r,09/16/2026,08:35:52,eddie@node1p11.ecdf.ed.ac.uk,1,5082
58655621,0.00173,runlisfloo,awilso19,r,09/16/2026,08:35:52,eddie@node1p11.ecdf.ed.ac.uk,1,5083
58655621,0.00173,runlisfloo,awilso19,r,09/16/2026,08:35:52,eddie@node1p11.ecdf.ed.ac.uk,1,5084
58655621,0.00173,runlisfloo,awilso19,r,09/16/2026,08:35:52,eddie@node1p11.ecdf.ed.ac.uk,1,5085
58655621,0.00173,runlisfloo,awilso19,r,09/16/2026,08:35:52,eddie@node1p11.ecdf.ed.ac.uk,1,5086
58655621,0.00173,runlisfloo,awilso19,r,09/16/2026,08:35:52,eddie@node1p11.ecdf.ed.ac.uk,1,5087
59134568,0.00173,N16k_K128_,lchen8,r,10/01/2026,11:01:44,eddie@node1e02.ecdf.ed.ac.uk,1
59134974,0.00173,N16k_K8_e0,lchen8,r,10/01/2026,10:59:35,eddie@node1f05.ecdf.ed.ac.uk,1
59134819,0.00173,N16k_K256_,lchen8,r,10/01/2026,10:59:07,eddie@node1e06.ecdf.ed.ac.uk,1
59128464,0.00173,TRC16k_K25,lchen8,r,10/01/2026,06:17:59,eddie@node1m03.ecdf.ed.ac.uk,1
59128381,0.00172,TRC16k_K64,lchen8,r,10/01/2026,06:14:18,eddie@node1q05.ecdf.ed.ac.uk,1
59128412,0.00172,TRC16k_K12,lchen8,r,10/01/2026,06:16:15,eddie@node1j25.ecdf.ed.ac.uk,1
58655621,0.00172,runlisfloo,awilso19,r,09/16/2026,08:26:37,eddie@node1p11.ecdf.ed.ac.uk,1,5061
58655621,0.00172,runlisfloo,awilso19,r,09/16/2026,08:24:41,eddie@node1p11.ecdf.ed.ac.uk,1,5059
58655621,0.00172,runlisfloo,awilso19,r,09/16/2026,08:24:41,eddie@node1p11.ecdf.ed.ac.uk,1,5060
59134827,0.00171,N16k_K256_,lchen8,r,10/01/2026,10:45:47,eddie@node1e08.ecdf.ed.ac.uk,1
59124427,0.00171,step7_ext,lwong4,r,09/30/2026,07:51:55,eddie@node1q06.ecdf.ed.ac.uk,8,11
59134577,0.00170,N16k_K128_,lchen8,r,10/01/2026,10:41:26,eddie@node1e02.ecdf.ed.ac.uk,1
59171326,0.00170,nf-NFCORE_,lcornell,r,10/01/2026,14:28:42,igmm_long@node1a08.ecdf.ed.ac.,12
59134966,0.00169,N16k_K8_e0,lchen8,r,10/01/2026,10:32:34,eddie@node1e09.ecdf.ed.ac.uk,1
59134585,0.00168,N16k_K128_,lchen8,r,10/01/2026,10:24:10,eddie@node1e05.ecdf.ed.ac.uk,1
59128367,0.00168,TRC16k_K64,lchen8,r,10/01/2026,05:45:44,eddie@node1m03.ecdf.ed.ac.uk,1
59128194,0.00168,TRC16k_K20,lchen8,r,10/01/2026,05:43:09,eddie@node1l23.ecdf.ed.ac.uk,1
59136212,0.00167,QLOGIN,rguest,r,09/30/2026,16:24:44,staging@node1f14.ecdf.ed.ac.uk,1
59128429,0.00167,TRC16k_K12,lchen8,r,10/01/2026,05:37:24,eddie@node1j21.ecdf.ed.ac.uk,1
59128436,0.00167,TRC16k_K25,lchen8,r,10/01/2026,05:37:49,eddie@node1j21.ecdf.ed.ac.uk,1
59128808,0.00166,TRC16k_K32,lchen8,r,10/01/2026,05:31:38,eddie@node1j21.ecdf.ed.ac.uk,1
59128450,0.00165,TRC16k_K25,lchen8,r,10/01/2026,05:26:02,eddie@node1m03.ecdf.ed.ac.uk,1
59131288,0.00165,step7_ext,s2116644,r,09/30/2026,14:58:54,eddie@node1k06.ecdf.ed.ac.uk,8,4
59124427,0.00165,step7_ext,lwong4,r,09/30/2026,08:03:26,eddie@node1i25.ecdf.ed.ac.uk,8,12
59136183,0.00164,l0p00875_L,s2563493,r,10/01/2026,06:49:31,gpu@node1o02.ecdf.ed.ac.uk,1
59128457,0.00164,TRC16k_K25,lchen8,r,10/01/2026,05:20:33,eddie@node1m03.ecdf.ed.ac.uk,1
59128443,0.00164,TRC16k_K25,lchen8,r,10/01/2026,05:32:24,eddie@node1m03.ecdf.ed.ac.uk,1
59128815,0.00164,TRC16k_K32,lchen8,r,10/01/2026,05:22:40,eddie@node1k08.ecdf.ed.ac.uk,1
59128822,0.00164,TRC16k_K32,lchen8,r,10/01/2026,05:22:25,eddie@node1n16.ecdf.ed.ac.uk,1
59171452,0.00163,nf-HYBRACT,spita,r,10/01/2026,15:34:30,eddie@node1d06.ecdf.ed.ac.uk,6
59072671,0.00162,acetylh02,knicodem,r,09/29/2026,02:04:20,eddie@node1m18.ecdf.ed.ac.uk,1,300
59072673,0.00162,acetylh04,knicodem,r,09/29/2026,02:04:20,eddie@node1m18.ecdf.ed.ac.uk,1,301
59072673,0.00162,acetylh04,knicodem,r,09/29/2026,02:04:20,eddie@node1m18.ecdf.ed.ac.uk,1,302
59072673,0.00162,acetylh04,knicodem,r,09/29/2026,02:04:20,eddie@node1m18.ecdf.ed.ac.uk,1,303
59136750,0.00161,l0p0075_L4,s2563493,r,10/01/2026,06:58:46,gpu@node1o01.ecdf.ed.ac.uk,1
59136131,0.00161,l0p0125_L1,s2563493,r,10/01/2026,06:32:32,gpu@node1o01.ecdf.ed.ac.uk,1
59136624,0.00161,l0p035_L15,s2563493,r,10/01/2026,06:52:24,gpu@node1o01.ecdf.ed.ac.uk,1
58049320,0.00161,b_ocExin_E,s2719294,r,09/04/2026,14:21:00,eddie@node1g09.ecdf.ed.ac.uk,2
59136988,0.00159,l0p005_L61,s2563493,r,10/01/2026,06:03:52,gpu@node1o02.ecdf.ed.ac.uk,2
59072671,0.00159,acetylh02,knicodem,r,09/29/2026,01:44:05,eddie@node1m23.ecdf.ed.ac.uk,1,298
59072671,0.00159,acetylh02,knicodem,r,09/29/2026,01:44:05,eddie@node1m23.ecdf.ed.ac.uk,1,299
59128142,0.00158,TRC16k_K16,lchen8,r,10/01/2026,04:36:11,eddie@node1m05.ecdf.ed.ac.uk,1
59171327,0.00157,nf-NFCORE_,lcornell,r,10/01/2026,14:28:44,igmm_long@node1b05.ecdf.ed.ac.,12
59124427,0.00157,step7_ext,lwong4,r,09/30/2026,17:57:33,eddie@node1e04.ecdf.ed.ac.uk,8,71
59124427,0.00156,step7_ext,lwong4,r,09/30/2026,17:48:17,eddie@node1j11.ecdf.ed.ac.uk,8,68
59124427,0.00156,step7_ext,lwong4,r,09/30/2026,17:48:53,eddie@node1m02.ecdf.ed.ac.uk,8,69
59124427,0.00155,step7_ext,lwong4,r,09/30/2026,17:44:06,eddie@node1m07.ecdf.ed.ac.uk,8,67
59167402,0.00155,ExonUsage_,s2556897,r,10/01/2026,15:14:06,igmm_long@node1b01.ecdf.ed.ac.,1,2
59124427,0.00154,step7_ext,lwong4,r,09/30/2026,17:31:19,eddie@node1d10.ecdf.ed.ac.uk,8,65
59124427,0.00154,step7_ext,lwong4,r,09/30/2026,17:32:06,eddie@node1l07.ecdf.ed.ac.uk,8,66
59131288,0.00154,step7_ext,s2116644,r,09/30/2026,17:00:53,eddie@node1e10.ecdf.ed.ac.uk,8,7
59124427,0.00153,step7_ext,lwong4,r,09/30/2026,17:25:51,eddie@node1e01.ecdf.ed.ac.uk,8,62
59124427,0.00153,step7_ext,lwong4,r,09/30/2026,17:26:27,eddie@node1e05.ecdf.ed.ac.uk,8,63
59134834,0.00153,N16k_K256_,lchen8,r,10/01/2026,08:41:21,eddie@node1i24.ecdf.ed.ac.uk,1
59134842,0.00153,N16k_K28_e,lchen8,r,10/01/2026,08:44:23,eddie@node1e04.ecdf.ed.ac.uk,1
59134759,0.00152,N16k_K24_e,lchen8,r,10/01/2026,08:37:16,eddie@node1f05.ecdf.ed.ac.uk,1
59124427,0.00152,step7_ext,lwong4,r,09/30/2026,17:18:58,eddie@node1e08.ecdf.ed.ac.uk,8,60
59124427,0.00151,step7_ext,lwong4,r,09/30/2026,17:20:25,eddie@node1d04.ecdf.ed.ac.uk,8,61
59165679,0.00151,parent-ppc,dhosking,r,10/01/2026,12:45:18,gpu@node1g02.ecdf.ed.ac.uk,4
59171453,0.00151,nf-HYBRACT,spita,r,10/01/2026,15:35:29,eddie@node1f03.ecdf.ed.ac.uk,6
59128086,0.00151,TRC16k_K2_,lchen8,r,10/01/2026,04:21:01,eddie@node1n16.ecdf.ed.ac.uk,1
59128114,0.00151,TRC16k_K8_,lchen8,r,10/01/2026,04:21:37,eddie@node1o10.ecdf.ed.ac.uk,1
59134643,0.00151,N16k_K20_e,lchen8,r,10/01/2026,08:26:12,eddie@node1d03.ecdf.ed.ac.uk,1
59134652,0.00150,N16k_K20_e,lchen8,r,10/01/2026,08:23:43,eddie@node1f05.ecdf.ed.ac.uk,1
59124427,0.00150,step7_ext,lwong4,r,09/30/2026,17:07:02,eddie@node1e02.ecdf.ed.ac.uk,8,59
59134634,0.00150,N16k_K20_e,lchen8,r,10/01/2026,08:17:54,eddie@node1d03.ecdf.ed.ac.uk,1
59171328,0.00149,nf-NFCORE_,lcornell,r,10/01/2026,14:28:44,igmm_long@node1c07.ecdf.ed.ac.,12
59124427,0.00148,step7_ext,lwong4,r,09/30/2026,08:33:40,eddie@node1k08.ecdf.ed.ac.uk,8,15
59134625,0.00148,N16k_K20_e,lchen8,r,10/01/2026,08:11:44,eddie@node1f05.ecdf.ed.ac.uk,1
59141034,0.00146,KINF16k_K-,lchen8,r,10/01/2026,12:21:12,eddie@node1d06.ecdf.ed.ac.uk,1
59124427,0.00143,step7_ext,lwong4,r,09/30/2026,08:35:29,eddie@node1d06.ecdf.ed.ac.uk,8,16
59141054,0.00143,KINF16k_K-,lchen8,r,10/01/2026,12:04:17,eddie@node1f04.ecdf.ed.ac.uk,1
59072671,0.00142,acetylh02,knicodem,r,09/28/2026,23:43:09,eddie@node1m24.ecdf.ed.ac.uk,1,290
59072671,0.00142,acetylh02,knicodem,r,09/28/2026,23:43:09,eddie@node1m24.ecdf.ed.ac.uk,1,291
59072671,0.00142,acetylh02,knicodem,r,09/28/2026,23:43:09,eddie@node1m24.ecdf.ed.ac.uk,1,292
59072671,0.00142,acetylh02,knicodem,r,09/28/2026,23:43:09,eddie@node1m24.ecdf.ed.ac.uk,1,293
59072671,0.00142,acetylh02,knicodem,r,09/28/2026,23:43:09,eddie@node1m24.ecdf.ed.ac.uk,1,294
59072671,0.00142,acetylh02,knicodem,r,09/28/2026,23:43:09,eddie@node1m24.ecdf.ed.ac.uk,1,295
59072671,0.00142,acetylh02,knicodem,r,09/28/2026,23:43:09,eddie@node1m24.ecdf.ed.ac.uk,1,296
59072671,0.00142,acetylh02,knicodem,r,09/28/2026,23:43:09,eddie@node1m24.ecdf.ed.ac.uk,1,297
59124427,0.00141,step7_ext,lwong4,r,09/30/2026,16:01:04,eddie@node1f03.ecdf.ed.ac.uk,8,57
59124427,0.00141,step7_ext,lwong4,r,09/30/2026,16:00:56,eddie@node1j07.ecdf.ed.ac.uk,8,56
59124427,0.00141,step7_ext,lwong4,r,09/30/2026,15:59:16,eddie@node1e03.ecdf.ed.ac.uk,8,55
59124427,0.00141,step7_ext,lwong4,r,09/30/2026,16:01:37,eddie@node1n15.ecdf.ed.ac.uk,8,58
59124427,0.00140,step7_ext,lwong4,r,09/30/2026,15:51:47,eddie@node1e03.ecdf.ed.ac.uk,8,53
59124427,0.00140,step7_ext,lwong4,r,09/30/2026,15:52:46,eddie@node1e10.ecdf.ed.ac.uk,8,54
59141013,0.00140,KINF16k_K-,lchen8,r,10/01/2026,11:43:24,eddie@node1e08.ecdf.ed.ac.uk,1
59172308,0.00140,fp_call_E2,rguest,r,10/01/2026,14:55:13,igmm_long@node1a03.ecdf.ed.ac.,1,3
59128551,0.00139,TRC16k_K44,lchen8,r,10/01/2026,02:27:52,eddie@node1m03.ecdf.ed.ac.uk,1
59124427,0.00139,step7_ext,lwong4,r,09/30/2026,08:36:26,eddie@node1k09.ecdf.ed.ac.uk,8,17
59072671,0.00139,acetylh02,knicodem,r,09/28/2026,23:14:55,eddie@node1p08.ecdf.ed.ac.uk,1,286
59072671,0.00139,acetylh02,knicodem,r,09/28/2026,23:14:55,eddie@node1p08.ecdf.ed.ac.uk,1,287
59072671,0.00139,acetylh02,knicodem,r,09/28/2026,23:14:55,eddie@node1p08.ecdf.ed.ac.uk,1,288
59072671,0.00139,acetylh02,knicodem,r,09/28/2026,23:15:10,eddie@node1p08.ecdf.ed.ac.uk,1,289
59127572,0.00137,radish.2PC,s2742483,r,09/30/2026,11:35:43,eddie@node1p09.ecdf.ed.ac.uk,2
59128493,0.00137,TRC16k_K32,lchen8,r,10/01/2026,02:15:33,eddie@node1j12.ecdf.ed.ac.uk,1
59131288,0.00137,step7_ext,s2116644,r,09/30/2026,14:58:54,eddie@node1m03.ecdf.ed.ac.uk,8,6
59124427,0.00136,step7_ext,lwong4,r,09/30/2026,08:45:46,eddie@node1m02.ecdf.ed.ac.uk,8,18
59128536,0.00136,TRC16k_K38,lchen8,r,10/01/2026,02:49:19,eddie@node1l09.ecdf.ed.ac.uk,1
58655621,0.00135,runlisfloo,awilso19,r,09/16/2026,04:27:40,eddie@node1p11.ecdf.ed.ac.uk,1,4962
58655621,0.00135,runlisfloo,awilso19,r,09/16/2026,04:27:40,eddie@node1p11.ecdf.ed.ac.uk,1,4963
58655621,0.00135,runlisfloo,awilso19,r,09/16/2026,04:27:40,eddie@node1p11.ecdf.ed.ac.uk,1,4964
58655621,0.00135,runlisfloo,awilso19,r,09/16/2026,04:27:40,eddie@node1p11.ecdf.ed.ac.uk,1,4965
58655621,0.00135,runlisfloo,awilso19,r,09/16/2026,04:27:40,eddie@node1p11.ecdf.ed.ac.uk,1,4966
58655621,0.00135,runlisfloo,awilso19,r,09/16/2026,04:27:40,eddie@node1p11.ecdf.ed.ac.uk,1,4967
58655621,0.00135,runlisfloo,awilso19,r,09/16/2026,04:27:40,eddie@node1p11.ecdf.ed.ac.uk,1,4968
58655621,0.00135,runlisfloo,awilso19,r,09/16/2026,04:27:40,eddie@node1p11.ecdf.ed.ac.uk,1,4969
58655621,0.00135,runlisfloo,awilso19,r,09/16/2026,04:27:40,eddie@node1p11.ecdf.ed.ac.uk,1,4970
58655621,0.00135,runlisfloo,awilso19,r,09/16/2026,04:27:40,eddie@node1p11.ecdf.ed.ac.uk,1,4971
58655621,0.00135,runlisfloo,awilso19,r,09/16/2026,04:27:40,eddie@node1p11.ecdf.ed.ac.uk,1,4972
58655621,0.00135,runlisfloo,awilso19,r,09/16/2026,04:27:40,eddie@node1p11.ecdf.ed.ac.uk,1,4973
58655621,0.00135,runlisfloo,awilso19,r,09/16/2026,04:27:40,eddie@node1p11.ecdf.ed.ac.uk,1,4974
58655621,0.00135,runlisfloo,awilso19,r,09/16/2026,04:27:40,eddie@node1p11.ecdf.ed.ac.uk,1,4975
58655621,0.00135,runlisfloo,awilso19,r,09/16/2026,04:27:40,eddie@node1p11.ecdf.ed.ac.uk,1,4976
58655621,0.00135,runlisfloo,awilso19,r,09/16/2026,04:27:40,eddie@node1p11.ecdf.ed.ac.uk,1,4977
58655621,0.00135,runlisfloo,awilso19,r,09/16/2026,04:27:40,eddie@node1p11.ecdf.ed.ac.uk,1,4978
58655621,0.00135,runlisfloo,awilso19,r,09/16/2026,04:27:40,eddie@node1p11.ecdf.ed.ac.uk,1,4979
58655621,0.00135,runlisfloo,awilso19,r,09/16/2026,04:27:40,eddie@node1p11.ecdf.ed.ac.uk,1,4980
58655621,0.00135,runlisfloo,awilso19,r,09/16/2026,04:27:40,eddie@node1p11.ecdf.ed.ac.uk,1,4981
58655621,0.00135,runlisfloo,awilso19,r,09/16/2026,04:27:40,eddie@node1p11.ecdf.ed.ac.uk,1,4982
58655621,0.00135,runlisfloo,awilso19,r,09/16/2026,04:27:40,eddie@node1p11.ecdf.ed.ac.uk,1,4983
58655621,0.00135,runlisfloo,awilso19,r,09/16/2026,04:27:40,eddie@node1p11.ecdf.ed.ac.uk,1,4984
58655621,0.00135,runlisfloo,awilso19,r,09/16/2026,04:27:40,eddie@node1p11.ecdf.ed.ac.uk,1,4985
58655621,0.00135,runlisfloo,awilso19,r,09/16/2026,04:27:40,eddie@node1p11.ecdf.ed.ac.uk,1,4986
58655621,0.00135,runlisfloo,awilso19,r,09/16/2026,04:27:40,eddie@node1p11.ecdf.ed.ac.uk,1,4987
58655621,0.00135,runlisfloo,awilso19,r,09/16/2026,04:27:40,eddie@node1p11.ecdf.ed.ac.uk,1,4988
58655621,0.00135,runlisfloo,awilso19,r,09/16/2026,04:27:40,eddie@node1p11.ecdf.ed.ac.uk,1,4989
58655621,0.00135,runlisfloo,awilso19,r,09/16/2026,04:27:40,eddie@node1p11.ecdf.ed.ac.uk,1,4990
58655621,0.00135,runlisfloo,awilso19,r,09/16/2026,04:27:40,eddie@node1p11.ecdf.ed.ac.uk,1,4991
58655621,0.00135,runlisfloo,awilso19,r,09/16/2026,04:27:40,eddie@node1p11.ecdf.ed.ac.uk,1,4992
58655621,0.00135,runlisfloo,awilso19,r,09/16/2026,04:27:40,eddie@node1p11.ecdf.ed.ac.uk,1,4993
58655621,0.00135,runlisfloo,awilso19,r,09/16/2026,04:27:41,eddie@node1p11.ecdf.ed.ac.uk,1,4994
58655621,0.00135,runlisfloo,awilso19,r,09/16/2026,04:27:41,eddie@node1p11.ecdf.ed.ac.uk,1,4995
58655621,0.00135,runlisfloo,awilso19,r,09/16/2026,04:27:41,eddie@node1p11.ecdf.ed.ac.uk,1,4996
58655621,0.00135,runlisfloo,awilso19,r,09/16/2026,04:27:41,eddie@node1p11.ecdf.ed.ac.uk,1,4997
58655621,0.00135,runlisfloo,awilso19,r,09/16/2026,04:27:41,eddie@node1p11.ecdf.ed.ac.uk,1,4998
58655621,0.00135,runlisfloo,awilso19,r,09/16/2026,04:27:41,eddie@node1p11.ecdf.ed.ac.uk,1,4999
58655621,0.00135,runlisfloo,awilso19,r,09/16/2026,04:27:41,eddie@node1p11.ecdf.ed.ac.uk,1,5000
58655621,0.00135,runlisfloo,awilso19,r,09/16/2026,04:27:41,eddie@node1p11.ecdf.ed.ac.uk,1,5001
58655621,0.00135,runlisfloo,awilso19,r,09/16/2026,04:27:41,eddie@node1p11.ecdf.ed.ac.uk,1,5002
58655621,0.00135,runlisfloo,awilso19,r,09/16/2026,04:27:41,eddie@node1p11.ecdf.ed.ac.uk,1,5003
58655621,0.00135,runlisfloo,awilso19,r,09/16/2026,04:27:41,eddie@node1p11.ecdf.ed.ac.uk,1,5004
59124427,0.00134,step7_ext,lwong4,r,09/30/2026,15:09:33,eddie@node1e10.ecdf.ed.ac.uk,8,51
59072671,0.00134,acetylh02,knicodem,r,09/28/2026,22:45:20,eddie@node1n05.ecdf.ed.ac.uk,1,285
59128558,0.00134,TRC16k_K44,lchen8,r,10/01/2026,01:57:16,eddie@node1l05.ecdf.ed.ac.uk,1
59124427,0.00134,step7_ext,lwong4,r,09/30/2026,15:03:31,eddie@node1d03.ecdf.ed.ac.uk,8,50
59124427,0.00133,step7_ext,lwong4,r,09/30/2026,14:59:02,eddie@node1e05.ecdf.ed.ac.uk,8,49
59124427,0.00133,step7_ext,lwong4,r,09/30/2026,08:46:02,eddie@node1m02.ecdf.ed.ac.uk,8,19
59163630,0.00133,sim_8192_1,sbenavid,r,10/01/2026,12:47:02,gpu@node1o01.ecdf.ed.ac.uk,8
59128478,0.00133,TRC16k_K32,lchen8,r,10/01/2026,01:49:06,eddie@node1l02.ecdf.ed.ac.uk,1
59072671,0.00130,acetylh02,knicodem,r,09/28/2026,22:14:09,eddie@node1n09.ecdf.ed.ac.uk,1,283
59072671,0.00130,acetylh02,knicodem,r,09/28/2026,22:14:09,eddie@node1n09.ecdf.ed.ac.uk,1,284
59124427,0.00130,step7_ext,lwong4,r,09/30/2026,08:46:06,eddie@node1m04.ecdf.ed.ac.uk,8,20
58049325,0.00130,b_ocExstor,s2719294,r,09/04/2026,14:22:30,eddie@node1g09.ecdf.ed.ac.uk,2
59169535,0.00129,QLOGIN,s2756346,r,10/01/2026,13:39:29,gpu@node1o15.ecdf.ed.ac.uk,1
59124427,0.00128,step7_ext,lwong4,r,09/30/2026,14:22:39,eddie@node1d02.ecdf.ed.ac.uk,8,47
59124427,0.00128,step7_ext,lwong4,r,09/30/2026,14:23:38,eddie@node1e09.ecdf.ed.ac.uk,8,48
59173931,0.00128,nf-NFCORE_,jfriedri,r,10/01/2026,15:37:19,eddie@node1q14.ecdf.ed.ac.uk,12
59173932,0.00128,nf-NFCORE_,jfriedri,r,10/01/2026,15:37:19,eddie@node1q14.ecdf.ed.ac.uk,12
59173933,0.00128,nf-NFCORE_,jfriedri,r,10/01/2026,15:37:19,eddie@node1t01.ecdf.ed.ac.uk,12
59173934,0.00128,nf-NFCORE_,jfriedri,r,10/01/2026,15:37:19,eddie@node1t01.ecdf.ed.ac.uk,12
59173935,0.00128,nf-NFCORE_,jfriedri,r,10/01/2026,15:37:19,eddie@node1t01.ecdf.ed.ac.uk,12
59173936,0.00128,nf-NFCORE_,jfriedri,r,10/01/2026,15:37:19,eddie@node1t01.ecdf.ed.ac.uk,12
59173937,0.00128,nf-NFCORE_,jfriedri,r,10/01/2026,15:37:19,eddie@node1t01.ecdf.ed.ac.uk,12
59173938,0.00128,nf-NFCORE_,jfriedri,r,10/01/2026,15:37:19,eddie@node1t01.ecdf.ed.ac.uk,12
59173939,0.00128,nf-NFCORE_,jfriedri,r,10/01/2026,15:37:19,eddie@node1t01.ecdf.ed.ac.uk,12
59173940,0.00128,nf-NFCORE_,jfriedri,r,10/01/2026,15:37:19,eddie@node1t01.ecdf.ed.ac.uk,12
59173941,0.00128,nf-NFCORE_,jfriedri,r,10/01/2026,15:37:19,eddie@node1t01.ecdf.ed.ac.uk,12
59173942,0.00128,nf-NFCORE_,jfriedri,r,10/01/2026,15:37:19,eddie@node1t01.ecdf.ed.ac.uk,12
59173943,0.00128,nf-NFCORE_,jfriedri,r,10/01/2026,15:37:19,eddie@node1t01.ecdf.ed.ac.uk,12
59173944,0.00128,nf-NFCORE_,jfriedri,r,10/01/2026,15:37:19,eddie@node1t01.ecdf.ed.ac.uk,12
59173945,0.00128,nf-NFCORE_,jfriedri,r,10/01/2026,15:37:19,eddie@node1t01.ecdf.ed.ac.uk,12
59173946,0.00128,nf-NFCORE_,jfriedri,r,10/01/2026,15:37:19,eddie@node1t01.ecdf.ed.ac.uk,12
59124427,0.00127,step7_ext,lwong4,r,09/30/2026,08:48:56,eddie@node1i24.ecdf.ed.ac.uk,8,21
59167402,0.00127,ExonUsage_,s2556897,r,10/01/2026,15:14:06,igmm_long@node1b01.ecdf.ed.ac.,1,3
59124427,0.00127,step7_ext,lwong4,r,09/30/2026,14:10:26,eddie@node1e01.ecdf.ed.ac.uk,8,46
59124427,0.00126,step7_ext,lwong4,r,09/30/2026,09:01:08,eddie@node1o07.ecdf.ed.ac.uk,8,23
59124427,0.00126,step7_ext,lwong4,r,09/30/2026,14:05:21,eddie@node1e06.ecdf.ed.ac.uk,8,45
58999349,0.00126,QLOGIN,crobert,r,09/23/2026,17:23:15,eddie@node1j24.ecdf.ed.ac.uk,1
59124427,0.00125,step7_ext,lwong4,r,09/30/2026,09:12:57,eddie@node1d04.ecdf.ed.ac.uk,8,24
59128787,0.00124,TRC16k_K16,lchen8,r,10/01/2026,00:45:50,eddie@node1j21.ecdf.ed.ac.uk,1
59128636,0.00123,TRC16k_K10,lchen8,r,10/01/2026,00:38:57,eddie@node1j19.ecdf.ed.ac.uk,1
59124427,0.00123,step7_ext,lwong4,r,09/30/2026,13:40:13,eddie@node1j25.ecdf.ed.ac.uk,8,44
59137239,0.00123,plot_cons_,s2559269,r,09/30/2026,17:17:57,igmm_long@node1b03.ecdf.ed.ac.,14,1
59137239,0.00123,plot_cons_,s2559269,r,09/30/2026,17:17:57,igmm_long@node1b03.ecdf.ed.ac.,14,2
59137239,0.00123,plot_cons_,s2559269,r,09/30/2026,17:17:57,igmm_long@node1b02.ecdf.ed.ac.,14,3
59137239,0.00123,plot_cons_,s2559269,r,09/30/2026,17:17:57,igmm_long@node1b03.ecdf.ed.ac.,14,4
59137239,0.00123,plot_cons_,s2559269,r,09/30/2026,17:17:57,igmm_long@node1b01.ecdf.ed.ac.,14,5
59137239,0.00123,plot_cons_,s2559269,r,09/30/2026,17:17:57,igmm_long@node1b02.ecdf.ed.ac.,14,6
59124427,0.00123,step7_ext,lwong4,r,09/30/2026,13:35:17,eddie@node1d06.ecdf.ed.ac.uk,8,42
59128615,0.00122,TRC16k_K10,lchen8,r,10/01/2026,00:32:04,eddie@node1j27.ecdf.ed.ac.uk,1
59124427,0.00122,step7_ext,lwong4,r,09/30/2026,13:23:36,eddie@node1e07.ecdf.ed.ac.uk,8,39
59124427,0.00122,step7_ext,lwong4,r,09/30/2026,13:23:30,eddie@node1q06.ecdf.ed.ac.uk,8,38
59124427,0.00122,step7_ext,lwong4,r,09/30/2026,13:19:05,eddie@node1e05.ecdf.ed.ac.uk,8,36
59170350,0.00122,agpivot_rs,s2719123,r,10/01/2026,14:02:33,igmm_long@node1a05.ecdf.ed.ac.,10,1
59170350,0.00122,agpivot_rs,s2719123,r,10/01/2026,14:02:33,igmm_long@node1b04.ecdf.ed.ac.,10,2
59170350,0.00122,agpivot_rs,s2719123,r,10/01/2026,14:02:33,igmm_long@node1h28.ecdf.ed.ac.,10,3
59170350,0.00122,agpivot_rs,s2719123,r,10/01/2026,14:02:33,igmm_long@node1b03.ecdf.ed.ac.,10,4
59170350,0.00122,agpivot_rs,s2719123,r,10/01/2026,14:02:33,igmm_long@node1c08.ecdf.ed.ac.,10,5
59170350,0.00122,agpivot_rs,s2719123,r,10/01/2026,14:02:33,igmm_long@node1b06.ecdf.ed.ac.,10,6
59170350,0.00122,agpivot_rs,s2719123,r,10/01/2026,14:02:33,igmm_long@node1c01.ecdf.ed.ac.,10,7
59170350,0.00122,agpivot_rs,s2719123,r,10/01/2026,14:02:33,igmm_long@node1c03.ecdf.ed.ac.,10,8
59170350,0.00122,agpivot_rs,s2719123,r,10/01/2026,14:02:33,igmm_long@node1c04.ecdf.ed.ac.,10,9
59170350,0.00122,agpivot_rs,s2719123,r,10/01/2026,14:02:33,igmm_long@node1c07.ecdf.ed.ac.,10,10
59170351,0.00122,agpivot_rs,s2719123,r,10/01/2026,14:02:33,igmm_long@node1c05.ecdf.ed.ac.,10,1
59170351,0.00122,agpivot_rs,s2719123,r,10/01/2026,14:02:33,igmm_long@node1b01.ecdf.ed.ac.,10,2
59170351,0.00122,agpivot_rs,s2719123,r,10/01/2026,14:02:33,igmm_long@node1c06.ecdf.ed.ac.,10,3
59170351,0.00122,agpivot_rs,s2719123,r,10/01/2026,14:02:33,igmm_long@node1b07.ecdf.ed.ac.,10,4
59170351,0.00122,agpivot_rs,s2719123,r,10/01/2026,14:02:33,igmm_long@node1a05.ecdf.ed.ac.,10,5
59170351,0.00122,agpivot_rs,s2719123,r,10/01/2026,14:02:33,igmm_long@node1b05.ecdf.ed.ac.,10,6
59170351,0.00122,agpivot_rs,s2719123,r,10/01/2026,14:02:33,igmm_long@node1b04.ecdf.ed.ac.,10,7
59170351,0.00122,agpivot_rs,s2719123,r,10/01/2026,14:02:33,igmm_long@node1b03.ecdf.ed.ac.,10,8
59170351,0.00122,agpivot_rs,s2719123,r,10/01/2026,14:02:33,igmm_long@node1c08.ecdf.ed.ac.,10,9
59170351,0.00122,agpivot_rs,s2719123,r,10/01/2026,14:02:33,igmm_long@node1b06.ecdf.ed.ac.,10,10
59170353,0.00122,agpivot_rs,s2719123,r,10/01/2026,14:02:33,igmm_long@node1h28.ecdf.ed.ac.,10,2
59124427,0.00121,step7_ext,lwong4,r,09/30/2026,13:20:03,eddie@node1f01.ecdf.ed.ac.uk,8,37
59124427,0.00121,step7_ext,lwong4,r,09/30/2026,09:31:27,eddie@node1d09.ecdf.ed.ac.uk,8,26
59173542,0.00121,QLOGIN,lcornell,r,10/01/2026,15:27:50,igmm_long@node1h02.ecdf.ed.ac.,1
59143428,0.00120,clos_T1,mcowley,r,10/01/2026,00:14:43,eddie@node1n10.ecdf.ed.ac.uk,8
59072671,0.00120,acetylh02,knicodem,r,09/28/2026,21:10:10,eddie@node1n05.ecdf.ed.ac.uk,1,280
59072671,0.00120,acetylh02,knicodem,r,09/28/2026,21:10:10,eddie@node1n05.ecdf.ed.ac.uk,1,281
59072671,0.00120,acetylh02,knicodem,r,09/28/2026,21:10:10,eddie@node1n05.ecdf.ed.ac.uk,1,282
59072671,0.00119,acetylh02,knicodem,r,09/28/2026,21:05:40,eddie@node1n08.ecdf.ed.ac.uk,1,278
59072671,0.00119,acetylh02,knicodem,r,09/28/2026,21:05:40,eddie@node1n08.ecdf.ed.ac.uk,1,279
59174110,0.00118,nf-NFCORE_,jfriedri,r,10/01/2026,15:41:16,eddie@node1q14.ecdf.ed.ac.uk,12
59174111,0.00118,nf-NFCORE_,jfriedri,r,10/01/2026,15:41:16,eddie@node1t01.ecdf.ed.ac.uk,12
59174112,0.00118,nf-NFCORE_,jfriedri,r,10/01/2026,15:41:16,eddie@node1t01.ecdf.ed.ac.uk,12
59174113,0.00118,nf-NFCORE_,jfriedri,r,10/01/2026,15:41:16,eddie@node1t01.ecdf.ed.ac.uk,12
59174114,0.00118,nf-NFCORE_,jfriedri,r,10/01/2026,15:41:16,eddie@node1t01.ecdf.ed.ac.uk,12
59174115,0.00118,nf-NFCORE_,jfriedri,r,10/01/2026,15:41:16,eddie@node1t01.ecdf.ed.ac.uk,12
59174116,0.00118,nf-NFCORE_,jfriedri,r,10/01/2026,15:41:16,eddie@node1t01.ecdf.ed.ac.uk,12
59174117,0.00118,nf-NFCORE_,jfriedri,r,10/01/2026,15:41:16,eddie@node1t01.ecdf.ed.ac.uk,12
59174118,0.00118,nf-NFCORE_,jfriedri,r,10/01/2026,15:41:16,eddie@node1t01.ecdf.ed.ac.uk,12
59174119,0.00118,nf-NFCORE_,jfriedri,r,10/01/2026,15:41:16,eddie@node1t01.ecdf.ed.ac.uk,12
59174120,0.00118,nf-NFCORE_,jfriedri,r,10/01/2026,15:41:16,eddie@node1t01.ecdf.ed.ac.uk,12
59174121,0.00118,nf-NFCORE_,jfriedri,r,10/01/2026,15:41:16,eddie@node1t01.ecdf.ed.ac.uk,12
59174122,0.00118,nf-NFCORE_,jfriedri,r,10/01/2026,15:41:16,eddie@node1t01.ecdf.ed.ac.uk,12
59174123,0.00118,nf-NFCORE_,jfriedri,r,10/01/2026,15:41:16,eddie@node1t01.ecdf.ed.ac.uk,12
59174124,0.00118,nf-NFCORE_,jfriedri,r,10/01/2026,15:41:16,eddie@node1t01.ecdf.ed.ac.uk,12
59174125,0.00118,nf-NFCORE_,jfriedri,r,10/01/2026,15:41:16,eddie@node1t01.ecdf.ed.ac.uk,12
59072671,0.00118,acetylh02,knicodem,r,09/28/2026,20:59:11,eddie@node1n07.ecdf.ed.ac.uk,1,276
59072671,0.00118,acetylh02,knicodem,r,09/28/2026,20:59:11,eddie@node1n07.ecdf.ed.ac.uk,1,277
59127742,0.00115,Ti4O8-C12-,s1829244,r,09/30/2026,14:51:05,eddie@node1k11.ecdf.ed.ac.uk,4
59072671,0.00115,acetylh02,knicodem,r,09/28/2026,20:37:52,eddie@node1k16.ecdf.ed.ac.uk,1,270
59072671,0.00115,acetylh02,knicodem,r,09/28/2026,20:37:52,eddie@node1k16.ecdf.ed.ac.uk,1,271
59072671,0.00115,acetylh02,knicodem,r,09/28/2026,20:37:52,eddie@node1k16.ecdf.ed.ac.uk,1,272
59072671,0.00115,acetylh02,knicodem,r,09/28/2026,20:37:52,eddie@node1k16.ecdf.ed.ac.uk,1,273
59072671,0.00115,acetylh02,knicodem,r,09/28/2026,20:37:52,eddie@node1k16.ecdf.ed.ac.uk,1,274
59072671,0.00115,acetylh02,knicodem,r,09/28/2026,20:37:52,eddie@node1k16.ecdf.ed.ac.uk,1,275
59144432,0.00115,l0p0425_L4,s2563493,r,10/01/2026,07:14:01,gpu@node1o02.ecdf.ed.ac.uk,1
59072671,0.00114,acetylh02,knicodem,r,09/28/2026,20:35:07,eddie@node1n02.ecdf.ed.ac.uk,1,268
59072671,0.00114,acetylh02,knicodem,r,09/28/2026,20:35:07,eddie@node1n02.ecdf.ed.ac.uk,1,269
59173411,0.00114,nf-NFCORE_,jfriedri,r,10/01/2026,15:24:45,eddie@node1t01.ecdf.ed.ac.uk,12
59173412,0.00114,nf-NFCORE_,jfriedri,r,10/01/2026,15:24:45,eddie@node1t01.ecdf.ed.ac.uk,12
59173413,0.00114,nf-NFCORE_,jfriedri,r,10/01/2026,15:24:45,eddie@node1t01.ecdf.ed.ac.uk,12
59173414,0.00114,nf-NFCORE_,jfriedri,r,10/01/2026,15:24:45,eddie@node1t01.ecdf.ed.ac.uk,12
59173415,0.00114,nf-NFCORE_,jfriedri,r,10/01/2026,15:24:45,eddie@node1t01.ecdf.ed.ac.uk,12
59173416,0.00114,nf-NFCORE_,jfriedri,r,10/01/2026,15:24:45,eddie@node1t01.ecdf.ed.ac.uk,12
59174208,0.00112,nf-NFCORE_,jfriedri,r,10/01/2026,15:43:01,eddie@node1t01.ecdf.ed.ac.uk,12
59174210,0.00112,nf-NFCORE_,jfriedri,r,10/01/2026,15:43:01,eddie@node1t01.ecdf.ed.ac.uk,12
59174211,0.00112,nf-NFCORE_,jfriedri,r,10/01/2026,15:43:01,eddie@node1t01.ecdf.ed.ac.uk,12
59174212,0.00112,nf-NFCORE_,jfriedri,r,10/01/2026,15:43:01,eddie@node1t01.ecdf.ed.ac.uk,12
59174213,0.00112,nf-NFCORE_,jfriedri,r,10/01/2026,15:43:01,eddie@node1t01.ecdf.ed.ac.uk,12
59174214,0.00112,nf-NFCORE_,jfriedri,r,10/01/2026,15:43:01,eddie@node1t01.ecdf.ed.ac.uk,12
59174215,0.00112,nf-NFCORE_,jfriedri,r,10/01/2026,15:43:01,eddie@node1t01.ecdf.ed.ac.uk,12
59174217,0.00112,nf-NFCORE_,jfriedri,r,10/01/2026,15:43:01,eddie@node1t01.ecdf.ed.ac.uk,12
59174218,0.00112,nf-NFCORE_,jfriedri,r,10/01/2026,15:43:01,eddie@node1t01.ecdf.ed.ac.uk,12
59174219,0.00112,nf-NFCORE_,jfriedri,r,10/01/2026,15:43:01,eddie@node1t01.ecdf.ed.ac.uk,12
59174220,0.00112,nf-NFCORE_,jfriedri,r,10/01/2026,15:43:01,eddie@node1t01.ecdf.ed.ac.uk,12
59174221,0.00112,nf-NFCORE_,jfriedri,r,10/01/2026,15:43:01,eddie@node1t01.ecdf.ed.ac.uk,12
59174222,0.00112,nf-NFCORE_,jfriedri,r,10/01/2026,15:43:01,eddie@node1t01.ecdf.ed.ac.uk,12
59174223,0.00112,nf-NFCORE_,jfriedri,r,10/01/2026,15:43:01,eddie@node1t01.ecdf.ed.ac.uk,12
59174224,0.00112,nf-NFCORE_,jfriedri,r,10/01/2026,15:43:01,eddie@node1t01.ecdf.ed.ac.uk,12
59174225,0.00112,nf-NFCORE_,jfriedri,r,10/01/2026,15:43:01,eddie@node1t01.ecdf.ed.ac.uk,12
59172308,0.00112,fp_call_E2,rguest,r,10/01/2026,14:55:13,igmm_long@node1a03.ecdf.ed.ac.,1,4
59124427,0.00111,step7_ext,lwong4,r,09/30/2026,10:23:08,eddie@node1k02.ecdf.ed.ac.uk,8,32
59124427,0.00111,step7_ext,lwong4,r,09/30/2026,09:35:45,eddie@node1n14.ecdf.ed.ac.uk,8,27
59072671,0.00110,acetylh02,knicodem,r,09/28/2026,20:17:37,eddie@node1m20.ecdf.ed.ac.uk,1,264
59072671,0.00110,acetylh02,knicodem,r,09/28/2026,20:17:37,eddie@node1m20.ecdf.ed.ac.uk,1,265
59072671,0.00110,acetylh02,knicodem,r,09/28/2026,20:19:37,eddie@node1n03.ecdf.ed.ac.uk,1,266
59072671,0.00110,acetylh02,knicodem,r,09/28/2026,20:19:37,eddie@node1n03.ecdf.ed.ac.uk,1,267
59173418,0.00110,nf-NFCORE_,jfriedri,r,10/01/2026,15:24:48,eddie@node1t01.ecdf.ed.ac.uk,12
59173419,0.00110,nf-NFCORE_,jfriedri,r,10/01/2026,15:24:48,eddie@node1t01.ecdf.ed.ac.uk,12
59173420,0.00110,nf-NFCORE_,jfriedri,r,10/01/2026,15:24:48,eddie@node1t01.ecdf.ed.ac.uk,12
59173421,0.00110,nf-NFCORE_,jfriedri,r,10/01/2026,15:24:48,eddie@node1t01.ecdf.ed.ac.uk,12
59173422,0.00110,nf-NFCORE_,jfriedri,r,10/01/2026,15:24:48,eddie@node1t01.ecdf.ed.ac.uk,12
59173423,0.00110,nf-NFCORE_,jfriedri,r,10/01/2026,15:24:48,eddie@node1t01.ecdf.ed.ac.uk,12
59173425,0.00110,nf-NFCORE_,jfriedri,r,10/01/2026,15:24:48,eddie@node1t01.ecdf.ed.ac.uk,12
59173426,0.00110,nf-NFCORE_,jfriedri,r,10/01/2026,15:24:48,eddie@node1t01.ecdf.ed.ac.uk,12
59173427,0.00110,nf-NFCORE_,jfriedri,r,10/01/2026,15:24:48,eddie@node1t01.ecdf.ed.ac.uk,12
58049331,0.00110,b_ocInduck,s2719294,r,09/04/2026,14:24:00,eddie@node1g09.ecdf.ed.ac.uk,2
59124427,0.00110,step7_ext,lwong4,r,09/30/2026,09:54:32,eddie@node1e09.ecdf.ed.ac.uk,8,29
59072671,0.00109,acetylh02,knicodem,r,09/28/2026,20:02:22,eddie@node1n07.ecdf.ed.ac.uk,1,262
59072671,0.00109,acetylh02,knicodem,r,09/28/2026,20:02:22,eddie@node1n07.ecdf.ed.ac.uk,1,263
59124427,0.00109,step7_ext,lwong4,r,09/30/2026,09:56:24,eddie@node1n13.ecdf.ed.ac.uk,8,30
59167402,0.00109,ExonUsage_,s2556897,r,10/01/2026,15:14:06,igmm_long@node1a05.ecdf.ed.ac.,1,4
59174238,0.00109,nf-NFCORE_,jfriedri,r,10/01/2026,15:43:22,eddie@node1t01.ecdf.ed.ac.uk,12
59174239,0.00109,nf-NFCORE_,jfriedri,r,10/01/2026,15:43:22,eddie@node1t01.ecdf.ed.ac.uk,12
59174240,0.00109,nf-NFCORE_,jfriedri,r,10/01/2026,15:43:22,eddie@node1t01.ecdf.ed.ac.uk,12
59174241,0.00109,nf-NFCORE_,jfriedri,r,10/01/2026,15:43:22,eddie@node1t01.ecdf.ed.ac.uk,12
59174242,0.00109,nf-NFCORE_,jfriedri,r,10/01/2026,15:43:22,eddie@node1t01.ecdf.ed.ac.uk,12
59174243,0.00109,nf-NFCORE_,jfriedri,r,10/01/2026,15:43:22,eddie@node1t01.ecdf.ed.ac.uk,12
59174244,0.00109,nf-NFCORE_,jfriedri,r,10/01/2026,15:43:22,eddie@node1t01.ecdf.ed.ac.uk,12
59174245,0.00109,nf-NFCORE_,jfriedri,r,10/01/2026,15:43:22,eddie@node1t01.ecdf.ed.ac.uk,12
59127577,0.00108,radish.2PC,s2742483,r,09/30/2026,11:35:43,eddie@node1k15.ecdf.ed.ac.uk,2
59174246,0.00107,nf-NFCORE_,jfriedri,r,10/01/2026,15:43:23,eddie@node1t01.ecdf.ed.ac.uk,12
59124427,0.00107,step7_ext,lwong4,r,09/30/2026,11:35:43,eddie@node1i17.ecdf.ed.ac.uk,8,33
59124427,0.00107,step7_ext,lwong4,r,09/30/2026,11:35:43,eddie@node1q05.ecdf.ed.ac.uk,8,34
59124427,0.00107,step7_ext,lwong4,r,09/30/2026,11:35:43,eddie@node1q06.ecdf.ed.ac.uk,8,35
59174251,0.00106,nf-NFCORE_,jfriedri,r,10/01/2026,15:47:51,eddie@node1t01.ecdf.ed.ac.uk,12
59174247,0.00106,nf-NFCORE_,jfriedri,r,10/01/2026,15:44:49,eddie@node1t01.ecdf.ed.ac.uk,12
59174248,0.00106,nf-NFCORE_,jfriedri,r,10/01/2026,15:44:49,eddie@node1t01.ecdf.ed.ac.uk,12
59174249,0.00106,nf-NFCORE_,jfriedri,r,10/01/2026,15:45:19,eddie@node1t01.ecdf.ed.ac.uk,12
59174250,0.00106,nf-NFCORE_,jfriedri,r,10/01/2026,15:45:19,eddie@node1t01.ecdf.ed.ac.uk,12
59072671,0.00105,acetylh02,knicodem,r,09/28/2026,19:22:14,eddie@node1m23.ecdf.ed.ac.uk,1,260
59072671,0.00105,acetylh02,knicodem,r,09/28/2026,19:22:14,eddie@node1m23.ecdf.ed.ac.uk,1,261
59127587,0.00104,radish.ngs,s2742483,r,09/30/2026,14:30:31,eddie@node1k11.ecdf.ed.ac.uk,2
59166354,0.00103,GenoGVCFs_,s2740533,r,10/01/2026,13:00:24,eddie@node1e02.ecdf.ed.ac.uk,2,3
59166389,0.00102,parent-ppc,dhosking,r,10/01/2026,12:58:14,gpu@node1g02.ecdf.ed.ac.uk,4
59072669,0.00101,acetylh02,knicodem,r,09/28/2026,07:52:52,eddie@node1m12.ecdf.ed.ac.uk,1,101
59072669,0.00101,acetylh02,knicodem,r,09/28/2026,07:52:52,eddie@node1k15.ecdf.ed.ac.uk,1,102
59072669,0.00101,acetylh02,knicodem,r,09/28/2026,07:52:52,eddie@node1m12.ecdf.ed.ac.uk,1,103
59072669,0.00101,acetylh02,knicodem,r,09/28/2026,07:52:52,eddie@node1m12.ecdf.ed.ac.uk,1,104
59072669,0.00101,acetylh02,knicodem,r,09/28/2026,07:52:52,eddie@node1m08.ecdf.ed.ac.uk,1,105
59072669,0.00101,acetylh02,knicodem,r,09/28/2026,07:52:52,eddie@node1n12.ecdf.ed.ac.uk,1,106
59072669,0.00101,acetylh02,knicodem,r,09/28/2026,07:52:52,eddie@node1k12.ecdf.ed.ac.uk,1,107
59072669,0.00101,acetylh02,knicodem,r,09/28/2026,07:52:52,eddie@node1m08.ecdf.ed.ac.uk,1,108
59072669,0.00101,acetylh02,knicodem,r,09/28/2026,07:52:52,eddie@node1n12.ecdf.ed.ac.uk,1,109
59072669,0.00101,acetylh02,knicodem,r,09/28/2026,07:52:52,eddie@node1k12.ecdf.ed.ac.uk,1,110
59072669,0.00101,acetylh02,knicodem,r,09/28/2026,07:52:52,eddie@node1m08.ecdf.ed.ac.uk,1,111
59072669,0.00101,acetylh02,knicodem,r,09/28/2026,07:52:52,eddie@node1n12.ecdf.ed.ac.uk,1,112
59072669,0.00101,acetylh02,knicodem,r,09/28/2026,07:52:52,eddie@node1k12.ecdf.ed.ac.uk,1,113
59072669,0.00101,acetylh02,knicodem,r,09/28/2026,07:52:52,eddie@node1m08.ecdf.ed.ac.uk,1,114
59072669,0.00101,acetylh02,knicodem,r,09/28/2026,07:52:52,eddie@node1n12.ecdf.ed.ac.uk,1,115
59072669,0.00101,acetylh02,knicodem,r,09/28/2026,07:52:52,eddie@node1m08.ecdf.ed.ac.uk,1,116
59072669,0.00101,acetylh02,knicodem,r,09/28/2026,07:52:52,eddie@node1n12.ecdf.ed.ac.uk,1,117
59072669,0.00101,acetylh02,knicodem,r,09/28/2026,07:52:52,eddie@node1m08.ecdf.ed.ac.uk,1,118
59072669,0.00101,acetylh02,knicodem,r,09/28/2026,07:52:52,eddie@node1n12.ecdf.ed.ac.uk,1,119
59072669,0.00101,acetylh02,knicodem,r,09/28/2026,07:52:52,eddie@node1k14.ecdf.ed.ac.uk,1,120
59072669,0.00101,acetylh02,knicodem,r,09/28/2026,07:52:52,eddie@node1m08.ecdf.ed.ac.uk,1,121
59072669,0.00101,acetylh02,knicodem,r,09/28/2026,07:52:52,eddie@node1n12.ecdf.ed.ac.uk,1,122
59072669,0.00101,acetylh02,knicodem,r,09/28/2026,07:52:52,eddie@node1m09.ecdf.ed.ac.uk,1,123
59072669,0.00101,acetylh02,knicodem,r,09/28/2026,07:52:52,eddie@node1k14.ecdf.ed.ac.uk,1,124
59072669,0.00101,acetylh02,knicodem,r,09/28/2026,07:52:52,eddie@node1m10.ecdf.ed.ac.uk,1,125
59072669,0.00101,acetylh02,knicodem,r,09/28/2026,07:52:52,eddie@node1m08.ecdf.ed.ac.uk,1,126
59072669,0.00101,acetylh02,knicodem,r,09/28/2026,07:52:52,eddie@node1n12.ecdf.ed.ac.uk,1,127
59072669,0.00101,acetylh02,knicodem,r,09/28/2026,07:52:52,eddie@node1m09.ecdf.ed.ac.uk,1,128
59072669,0.00101,acetylh02,knicodem,r,09/28/2026,07:52:52,eddie@node1k14.ecdf.ed.ac.uk,1,129
59072669,0.00101,acetylh02,knicodem,r,09/28/2026,07:52:52,eddie@node1m10.ecdf.ed.ac.uk,1,130
59072669,0.00101,acetylh02,knicodem,r,09/28/2026,07:52:52,eddie@node1m08.ecdf.ed.ac.uk,1,131
59072669,0.00101,acetylh02,knicodem,r,09/28/2026,07:52:52,eddie@node1m09.ecdf.ed.ac.uk,1,132
59072669,0.00101,acetylh02,knicodem,r,09/28/2026,07:52:52,eddie@node1k14.ecdf.ed.ac.uk,1,133
59072669,0.00101,acetylh02,knicodem,r,09/28/2026,07:52:52,eddie@node1m08.ecdf.ed.ac.uk,1,134
59072669,0.00101,acetylh02,knicodem,r,09/28/2026,07:52:52,eddie@node1m09.ecdf.ed.ac.uk,1,135
59072669,0.00101,acetylh02,knicodem,r,09/28/2026,07:52:52,eddie@node1k14.ecdf.ed.ac.uk,1,136
59072669,0.00101,acetylh02,knicodem,r,09/28/2026,07:52:52,eddie@node1m09.ecdf.ed.ac.uk,1,137
59072669,0.00101,acetylh02,knicodem,r,09/28/2026,07:52:52,eddie@node1k14.ecdf.ed.ac.uk,1,138
59072669,0.00101,acetylh02,knicodem,r,09/28/2026,07:52:52,eddie@node1k13.ecdf.ed.ac.uk,1,139
59072669,0.00101,acetylh02,knicodem,r,09/28/2026,07:52:52,eddie@node1m09.ecdf.ed.ac.uk,1,140
59072669,0.00101,acetylh02,knicodem,r,09/28/2026,07:52:52,eddie@node1k14.ecdf.ed.ac.uk,1,141
59072669,0.00101,acetylh02,knicodem,r,09/28/2026,07:52:52,eddie@node1m09.ecdf.ed.ac.uk,1,142
59072669,0.00101,acetylh02,knicodem,r,09/28/2026,07:52:52,eddie@node1k14.ecdf.ed.ac.uk,1,143
59072669,0.00101,acetylh02,knicodem,r,09/28/2026,07:52:52,eddie@node1m09.ecdf.ed.ac.uk,1,144
59072669,0.00101,acetylh02,knicodem,r,09/28/2026,07:52:52,eddie@node1k19.ecdf.ed.ac.uk,1,145
59072669,0.00101,acetylh02,knicodem,r,09/28/2026,07:52:52,eddie@node1k19.ecdf.ed.ac.uk,1,146
59160246,0.00101,Spermatozo,s2559269,r,10/01/2026,10:25:46,gpu@node1o15.ecdf.ed.ac.uk,10
59160425,0.00099,Spermatogo,s2559269,r,10/01/2026,10:31:58,gpu@node1o15.ecdf.ed.ac.uk,10
59152268,0.00099,ce1,gs10us1,r,10/01/2026,12:31:20,eddie@node1l13.ecdf.ed.ac.uk,4
59072671,0.00098,acetylh02,knicodem,r,09/28/2026,18:43:22,eddie@node1m22.ecdf.ed.ac.uk,1,257
59072671,0.00098,acetylh02,knicodem,r,09/28/2026,18:43:22,eddie@node1m22.ecdf.ed.ac.uk,1,258
59072671,0.00098,acetylh02,knicodem,r,09/28/2026,18:43:22,eddie@node1m21.ecdf.ed.ac.uk,1,259
59140606,0.00098,ce1,gs10us1,r,10/01/2026,03:13:42,eddie@node1l17.ecdf.ed.ac.uk,4
59072671,0.00098,acetylh02,knicodem,r,09/28/2026,12:45:15,eddie@node1m19.ecdf.ed.ac.uk,1,201
59072671,0.00098,acetylh02,knicodem,r,09/28/2026,12:45:15,eddie@node1m19.ecdf.ed.ac.uk,1,202
59072671,0.00098,acetylh02,knicodem,r,09/28/2026,12:45:15,eddie@node1m19.ecdf.ed.ac.uk,1,203
59072671,0.00098,acetylh02,knicodem,r,09/28/2026,12:45:15,eddie@node1m19.ecdf.ed.ac.uk,1,204
59140491,0.00098,ce1,gs10us1,r,10/01/2026,03:12:05,eddie@node1l11.ecdf.ed.ac.uk,4
59072671,0.00098,acetylh02,knicodem,r,09/28/2026,18:31:38,eddie@node1n06.ecdf.ed.ac.uk,1,255
59072671,0.00098,acetylh02,knicodem,r,09/28/2026,18:31:38,eddie@node1n06.ecdf.ed.ac.uk,1,256
59174277,0.00098,ctmle-sim,s2719123,r,10/01/2026,15:43:40,igmm_long@node1c05.ecdf.ed.ac.,8,11
59174277,0.00098,ctmle-sim,s2719123,r,10/01/2026,15:43:40,igmm_long@node1c07.ecdf.ed.ac.,8,15
59174277,0.00098,ctmle-sim,s2719123,r,10/01/2026,15:43:40,igmm_long@node1c04.ecdf.ed.ac.,8,18
59072671,0.00098,acetylh02,knicodem,r,09/28/2026,18:30:22,eddie@node1n07.ecdf.ed.ac.uk,1,253
59072671,0.00098,acetylh02,knicodem,r,09/28/2026,18:30:22,eddie@node1n07.ecdf.ed.ac.uk,1,254
59072671,0.00097,acetylh02,knicodem,r,09/28/2026,18:26:52,eddie@node1s12.ecdf.ed.ac.uk,1,249
59072671,0.00097,acetylh02,knicodem,r,09/28/2026,18:26:52,eddie@node1s12.ecdf.ed.ac.uk,1,250
59072671,0.00097,acetylh02,knicodem,r,09/28/2026,18:26:52,eddie@node1s12.ecdf.ed.ac.uk,1,251
59072671,0.00097,acetylh02,knicodem,r,09/28/2026,18:26:52,eddie@node1s12.ecdf.ed.ac.uk,1,252
59072671,0.00097,acetylh02,knicodem,r,09/28/2026,12:46:30,eddie@node1n05.ecdf.ed.ac.uk,1,205
59072671,0.00097,acetylh02,knicodem,r,09/28/2026,12:46:30,eddie@node1n05.ecdf.ed.ac.uk,1,206
59170148,0.00096,QLOGIN,fturner,r,10/01/2026,13:56:56,eddie@node1j24.ecdf.ed.ac.uk,1
59072669,0.00096,acetylh02,knicodem,r,09/28/2026,12:36:50,eddie@node1n02.ecdf.ed.ac.uk,1,199
59072669,0.00096,acetylh02,knicodem,r,09/28/2026,12:36:50,eddie@node1n02.ecdf.ed.ac.uk,1,200
59140236,0.00096,v6.1k0.5_6,s2439209,r,09/30/2026,19:09:12,eddie@node1n16.ecdf.ed.ac.uk,1
59167402,0.00095,ExonUsage_,s2556897,r,10/01/2026,15:14:06,igmm_long@node1b01.ecdf.ed.ac.,1,5
59152239,0.00095,ce1,gs10us1,r,10/01/2026,12:01:14,eddie@node1l18.ecdf.ed.ac.uk,4
59128171,0.00095,TRC16k_K16,lchen8,r,09/30/2026,21:23:43,eddie@node1o14.ecdf.ed.ac.uk,1
59072669,0.00094,acetylh02,knicodem,r,09/28/2026,11:55:29,eddie@node1m24.ecdf.ed.ac.uk,1,189
59072671,0.00094,acetylh02,knicodem,r,09/28/2026,18:17:43,eddie@node1s11.ecdf.ed.ac.uk,1,247
59072671,0.00094,acetylh02,knicodem,r,09/28/2026,18:17:43,eddie@node1s11.ecdf.ed.ac.uk,1,248
59172308,0.00093,fp_call_E2,rguest,r,10/01/2026,14:55:13,igmm_long@node1a03.ecdf.ed.ac.,1,5
59072669,0.00093,acetylh02,knicodem,r,09/28/2026,11:55:40,eddie@node1m24.ecdf.ed.ac.uk,1,190
59072669,0.00093,acetylh02,knicodem,r,09/28/2026,11:56:36,eddie@node1m24.ecdf.ed.ac.uk,1,191
59072669,0.00093,acetylh02,knicodem,r,09/28/2026,11:56:36,eddie@node1m24.ecdf.ed.ac.uk,1,192
59072669,0.00093,acetylh02,knicodem,r,09/28/2026,11:56:36,eddie@node1m24.ecdf.ed.ac.uk,1,193
59072669,0.00093,acetylh02,knicodem,r,09/28/2026,11:56:36,eddie@node1m24.ecdf.ed.ac.uk,1,194
59072669,0.00093,acetylh02,knicodem,r,09/28/2026,11:47:07,eddie@node1m21.ecdf.ed.ac.uk,1,185
59072669,0.00093,acetylh02,knicodem,r,09/28/2026,11:47:07,eddie@node1m21.ecdf.ed.ac.uk,1,186
59072669,0.00093,acetylh02,knicodem,r,09/28/2026,11:47:07,eddie@node1m21.ecdf.ed.ac.uk,1,187
59072669,0.00093,acetylh02,knicodem,r,09/28/2026,11:47:07,eddie@node1m21.ecdf.ed.ac.uk,1,188
59072671,0.00093,acetylh02,knicodem,r,09/28/2026,17:56:57,eddie@node1n01.ecdf.ed.ac.uk,1,241
59072671,0.00093,acetylh02,knicodem,r,09/28/2026,17:56:57,eddie@node1n01.ecdf.ed.ac.uk,1,242
59072669,0.00092,acetylh02,knicodem,r,09/28/2026,11:57:57,eddie@node1m24.ecdf.ed.ac.uk,1,195
59072669,0.00092,acetylh02,knicodem,r,09/28/2026,11:57:57,eddie@node1m24.ecdf.ed.ac.uk,1,196
59072671,0.00092,acetylh02,knicodem,r,09/28/2026,18:05:35,eddie@node1s12.ecdf.ed.ac.uk,1,243
59072671,0.00092,acetylh02,knicodem,r,09/28/2026,18:05:35,eddie@node1s12.ecdf.ed.ac.uk,1,244
59072671,0.00092,acetylh02,knicodem,r,09/28/2026,18:05:35,eddie@node1s12.ecdf.ed.ac.uk,1,245
59072671,0.00092,acetylh02,knicodem,r,09/28/2026,18:05:35,eddie@node1s12.ecdf.ed.ac.uk,1,246
59072669,0.00091,acetylh02,knicodem,r,09/28/2026,12:03:31,eddie@node1n07.ecdf.ed.ac.uk,1,197
59072669,0.00091,acetylh02,knicodem,r,09/28/2026,12:03:31,eddie@node1n07.ecdf.ed.ac.uk,1,198
59127582,0.00090,radish.ngs,s2742483,r,09/30/2026,11:35:43,eddie@node1n10.ecdf.ed.ac.uk,2
59128069,0.00090,TRC16k_K2_,lchen8,r,09/30/2026,20:51:13,eddie@node1o14.ecdf.ed.ac.uk,1
59174590,0.00086,sub_merged,s2559269,r,10/01/2026,15:51:00,igmm_long@node1h27.ecdf.ed.ac.,2,1
59167402,0.00086,ExonUsage_,s2556897,r,10/01/2026,15:14:06,igmm_long@node1a05.ecdf.ed.ac.,1,6
59072671,0.00085,acetylh02,knicodem,r,09/28/2026,17:06:31,eddie@node1n05.ecdf.ed.ac.uk,1,240
59166354,0.00085,GenoGVCFs_,s2740533,r,10/01/2026,13:00:58,eddie@node1e09.ecdf.ed.ac.uk,2,4
59072669,0.00084,acetylh02,knicodem,r,09/28/2026,10:45:59,eddie@node1n05.ecdf.ed.ac.uk,1,183
59072669,0.00084,acetylh02,knicodem,r,09/28/2026,10:45:59,eddie@node1n05.ecdf.ed.ac.uk,1,184
59140237,0.00082,v6.1k0.5_6,s2439209,r,09/30/2026,19:09:12,eddie@node1n14.ecdf.ed.ac.uk,1
59072671,0.00082,acetylh02,knicodem,r,09/28/2026,16:29:25,eddie@node1n08.ecdf.ed.ac.uk,1,236
59072671,0.00082,acetylh02,knicodem,r,09/28/2026,16:29:25,eddie@node1n08.ecdf.ed.ac.uk,1,237
59072671,0.00081,acetylh02,knicodem,r,09/28/2026,16:27:48,eddie@node1n01.ecdf.ed.ac.uk,1,234
59072671,0.00081,acetylh02,knicodem,r,09/28/2026,16:27:48,eddie@node1n01.ecdf.ed.ac.uk,1,235
59072669,0.00081,acetylh02,knicodem,r,09/28/2026,09:51:29,eddie@node1n05.ecdf.ed.ac.uk,1,167
59072669,0.00081,acetylh02,knicodem,r,09/28/2026,09:51:29,eddie@node1n05.ecdf.ed.ac.uk,1,168
59072669,0.00081,acetylh02,knicodem,r,09/28/2026,09:51:29,eddie@node1n05.ecdf.ed.ac.uk,1,169
59072669,0.00081,acetylh02,knicodem,r,09/28/2026,09:51:29,eddie@node1n05.ecdf.ed.ac.uk,1,170
59072669,0.00081,acetylh02,knicodem,r,09/28/2026,09:51:29,eddie@node1n05.ecdf.ed.ac.uk,1,171
59072669,0.00081,acetylh02,knicodem,r,09/28/2026,10:18:15,eddie@node1n04.ecdf.ed.ac.uk,1,181
59072669,0.00081,acetylh02,knicodem,r,09/28/2026,10:18:15,eddie@node1n04.ecdf.ed.ac.uk,1,182
59072671,0.00080,acetylh02,knicodem,r,09/28/2026,16:45:09,eddie@node1n03.ecdf.ed.ac.uk,1,238
59072671,0.00080,acetylh02,knicodem,r,09/28/2026,16:45:09,eddie@node1n03.ecdf.ed.ac.uk,1,239
59072669,0.00080,acetylh02,knicodem,r,09/28/2026,09:59:14,eddie@node1n05.ecdf.ed.ac.uk,1,175
59072669,0.00080,acetylh02,knicodem,r,09/28/2026,09:59:14,eddie@node1n05.ecdf.ed.ac.uk,1,176
59172308,0.00080,fp_call_E2,rguest,r,10/01/2026,14:55:13,igmm_long@node1a03.ecdf.ed.ac.,1,6
59072669,0.00080,acetylh02,knicodem,r,09/28/2026,10:00:59,eddie@node1p09.ecdf.ed.ac.uk,1,177
59072669,0.00080,acetylh02,knicodem,r,09/28/2026,10:00:59,eddie@node1p09.ecdf.ed.ac.uk,1,178
59072669,0.00080,acetylh02,knicodem,r,09/28/2026,10:00:59,eddie@node1p09.ecdf.ed.ac.uk,1,179
59072669,0.00080,acetylh02,knicodem,r,09/28/2026,10:00:59,eddie@node1p09.ecdf.ed.ac.uk,1,180
59072669,0.00080,acetylh02,knicodem,r,09/28/2026,09:31:59,eddie@node1n08.ecdf.ed.ac.uk,1,165
59072669,0.00080,acetylh02,knicodem,r,09/28/2026,09:31:59,eddie@node1n08.ecdf.ed.ac.uk,1,166
59072669,0.00079,acetylh02,knicodem,r,09/28/2026,09:51:44,eddie@node1n05.ecdf.ed.ac.uk,1,172
59072669,0.00079,acetylh02,knicodem,r,09/28/2026,09:51:44,eddie@node1n05.ecdf.ed.ac.uk,1,173
59072669,0.00079,acetylh02,knicodem,r,09/28/2026,09:51:44,eddie@node1n05.ecdf.ed.ac.uk,1,174
59174590,0.00079,sub_merged,s2559269,r,10/01/2026,15:51:00,igmm_long@node1c01.ecdf.ed.ac.,2,3
59174590,0.00079,sub_merged,s2559269,r,10/01/2026,15:51:00,igmm_long@node1h27.ecdf.ed.ac.,2,4
59167402,0.00078,ExonUsage_,s2556897,r,10/01/2026,15:14:06,igmm_long@node1b01.ecdf.ed.ac.,1,7
59072671,0.00076,acetylh02,knicodem,r,09/28/2026,16:12:21,eddie@node1m22.ecdf.ed.ac.uk,1,230
59072671,0.00076,acetylh02,knicodem,r,09/28/2026,16:12:21,eddie@node1m22.ecdf.ed.ac.uk,1,231
59072671,0.00076,acetylh02,knicodem,r,09/28/2026,16:14:06,eddie@node1m18.ecdf.ed.ac.uk,1,232
59072671,0.00076,acetylh02,knicodem,r,09/28/2026,16:14:06,eddie@node1m18.ecdf.ed.ac.uk,1,233
59072671,0.00076,acetylh02,knicodem,r,09/28/2026,16:10:51,eddie@node1n05.ecdf.ed.ac.uk,1,229
59171568,0.00075,QLOGIN,lcornell,r,10/01/2026,14:35:20,igmm_long@node1h02.ecdf.ed.ac.,1
59072671,0.00075,acetylh02,knicodem,r,09/28/2026,16:09:51,eddie@node1n06.ecdf.ed.ac.uk,1,228
59072671,0.00075,acetylh02,knicodem,r,09/28/2026,16:09:36,eddie@node1n06.ecdf.ed.ac.uk,1,227
59072669,0.00075,acetylh02,knicodem,r,09/28/2026,09:01:30,eddie@node1s12.ecdf.ed.ac.uk,1,161
59072669,0.00075,acetylh02,knicodem,r,09/28/2026,09:01:30,eddie@node1s12.ecdf.ed.ac.uk,1,162
59072669,0.00075,acetylh02,knicodem,r,09/28/2026,09:01:30,eddie@node1s12.ecdf.ed.ac.uk,1,163
59072669,0.00075,acetylh02,knicodem,r,09/28/2026,09:01:30,eddie@node1s12.ecdf.ed.ac.uk,1,164
59072671,0.00075,acetylh02,knicodem,r,09/28/2026,16:09:21,eddie@node1m22.ecdf.ed.ac.uk,1,225
59072671,0.00075,acetylh02,knicodem,r,09/28/2026,16:09:21,eddie@node1m22.ecdf.ed.ac.uk,1,226
59072669,0.00074,acetylh02,knicodem,r,09/28/2026,08:57:36,eddie@node1p08.ecdf.ed.ac.uk,1,157
59072669,0.00074,acetylh02,knicodem,r,09/28/2026,08:57:36,eddie@node1p08.ecdf.ed.ac.uk,1,158
59072669,0.00074,acetylh02,knicodem,r,09/28/2026,08:57:36,eddie@node1p08.ecdf.ed.ac.uk,1,159
59072669,0.00074,acetylh02,knicodem,r,09/28/2026,08:57:36,eddie@node1p08.ecdf.ed.ac.uk,1,160
59171371,0.00074,QLOGIN,s2589227,r,10/01/2026,14:30:00,eddie@node1j24.ecdf.ed.ac.uk,1
59166354,0.00072,GenoGVCFs_,s2740533,r,10/01/2026,13:01:25,eddie@node1e10.ecdf.ed.ac.uk,2,5
59167402,0.00072,ExonUsage_,s2556897,r,10/01/2026,15:14:06,igmm_long@node1a05.ecdf.ed.ac.,1,8
59167402,0.00072,ExonUsage_,s2556897,r,10/01/2026,15:14:06,igmm_long@node1b01.ecdf.ed.ac.,1,9
59167402,0.00072,ExonUsage_,s2556897,r,10/01/2026,15:14:06,igmm_long@node1a05.ecdf.ed.ac.,1,10
59167402,0.00072,ExonUsage_,s2556897,r,10/01/2026,15:14:06,igmm_long@node1b01.ecdf.ed.ac.,1,11
59167402,0.00072,ExonUsage_,s2556897,r,10/01/2026,15:14:06,igmm_long@node1a05.ecdf.ed.ac.,1,12
59167402,0.00072,ExonUsage_,s2556897,r,10/01/2026,15:14:06,igmm_long@node1b01.ecdf.ed.ac.,1,13
59167402,0.00072,ExonUsage_,s2556897,r,10/01/2026,15:14:06,igmm_long@node1c03.ecdf.ed.ac.,1,14
59167402,0.00072,ExonUsage_,s2556897,r,10/01/2026,15:14:06,igmm_long@node1a05.ecdf.ed.ac.,1,15
59167402,0.00072,ExonUsage_,s2556897,r,10/01/2026,15:14:06,igmm_long@node1b01.ecdf.ed.ac.,1,16
59167402,0.00072,ExonUsage_,s2556897,r,10/01/2026,15:14:06,igmm_long@node1c03.ecdf.ed.ac.,1,17
59167402,0.00072,ExonUsage_,s2556897,r,10/01/2026,15:14:06,igmm_long@node1a05.ecdf.ed.ac.,1,18
59167402,0.00072,ExonUsage_,s2556897,r,10/01/2026,15:14:06,igmm_long@node1b01.ecdf.ed.ac.,1,19
59167402,0.00072,ExonUsage_,s2556897,r,10/01/2026,15:14:06,igmm_long@node1c03.ecdf.ed.ac.,1,20
59167402,0.00072,ExonUsage_,s2556897,r,10/01/2026,15:14:06,igmm_long@node1a05.ecdf.ed.ac.,1,21
59167402,0.00072,ExonUsage_,s2556897,r,10/01/2026,15:14:06,igmm_long@node1b07.ecdf.ed.ac.,1,22
59167402,0.00072,ExonUsage_,s2556897,r,10/01/2026,15:14:06,igmm_long@node1a03.ecdf.ed.ac.,1,23
59167402,0.00072,ExonUsage_,s2556897,r,10/01/2026,15:14:06,igmm_long@node1b01.ecdf.ed.ac.,1,24
59167402,0.00072,ExonUsage_,s2556897,r,10/01/2026,15:14:06,igmm_long@node1b05.ecdf.ed.ac.,1,25
59167402,0.00072,ExonUsage_,s2556897,r,10/01/2026,15:14:06,igmm_long@node1c03.ecdf.ed.ac.,1,26
59140238,0.00071,v6.1k0.5_6,s2439209,r,09/30/2026,19:09:48,eddie@node1n14.ecdf.ed.ac.uk,1
59072669,0.00070,acetylh02,knicodem,r,09/28/2026,07:59:57,eddie@node1n11.ecdf.ed.ac.uk,1,149
59072669,0.00070,acetylh02,knicodem,r,09/28/2026,07:59:57,eddie@node1n11.ecdf.ed.ac.uk,1,150
59172308,0.00070,fp_call_E2,rguest,r,10/01/2026,14:55:13,igmm_long@node1a03.ecdf.ed.ac.,1,7
59072669,0.00070,acetylh02,knicodem,r,09/28/2026,07:53:38,eddie@node1s09.ecdf.ed.ac.uk,1,147
59072669,0.00070,acetylh02,knicodem,r,09/28/2026,07:53:39,eddie@node1s09.ecdf.ed.ac.uk,1,148
59072669,0.00069,acetylh02,knicodem,r,09/28/2026,08:00:12,eddie@node1s12.ecdf.ed.ac.uk,1,151
59072669,0.00069,acetylh02,knicodem,r,09/28/2026,08:00:12,eddie@node1s12.ecdf.ed.ac.uk,1,152
59145917,0.00068,ce1,gs10us1,r,10/01/2026,03:44:26,eddie@node1l17.ecdf.ed.ac.uk,4
59072669,0.00068,acetylh02,knicodem,r,09/28/2026,08:02:42,eddie@node1p08.ecdf.ed.ac.uk,1,153
59072669,0.00068,acetylh02,knicodem,r,09/28/2026,08:02:42,eddie@node1p08.ecdf.ed.ac.uk,1,154
59072669,0.00068,acetylh02,knicodem,r,09/28/2026,08:02:42,eddie@node1s09.ecdf.ed.ac.uk,1,155
59072669,0.00068,acetylh02,knicodem,r,09/28/2026,08:02:42,eddie@node1s09.ecdf.ed.ac.uk,1,156
59145915,0.00067,ce1,gs10us1,r,10/01/2026,03:36:26,eddie@node1l17.ecdf.ed.ac.uk,4
59072671,0.00067,acetylh02,knicodem,r,09/28/2026,15:12:05,eddie@node1m21.ecdf.ed.ac.uk,1,221
59072671,0.00067,acetylh02,knicodem,r,09/28/2026,15:12:05,eddie@node1m21.ecdf.ed.ac.uk,1,222
59072671,0.00067,acetylh02,knicodem,r,09/28/2026,15:12:05,eddie@node1m21.ecdf.ed.ac.uk,1,223
59072671,0.00067,acetylh02,knicodem,r,09/28/2026,15:12:05,eddie@node1m21.ecdf.ed.ac.uk,1,224
59145913,0.00066,ce1,gs10us1,r,10/01/2026,03:21:36,eddie@node1l13.ecdf.ed.ac.uk,4
59145914,0.00066,ce1,gs10us1,r,10/01/2026,03:23:12,eddie@node1l14.ecdf.ed.ac.uk,4
59145911,0.00065,ce1,gs10us1,r,10/01/2026,03:13:57,eddie@node1l12.ecdf.ed.ac.uk,4
59140239,0.00064,v6.1k0.5_6,s2439209,r,09/30/2026,19:10:21,eddie@node1n16.ecdf.ed.ac.uk,1
59166354,0.00063,GenoGVCFs_,s2740533,r,10/01/2026,13:01:50,eddie@node1e10.ecdf.ed.ac.uk,2,6
59172308,0.00062,fp_call_E2,rguest,r,10/01/2026,14:55:13,igmm_long@node1a03.ecdf.ed.ac.,1,8
59172308,0.00062,fp_call_E2,rguest,r,10/01/2026,14:55:13,igmm_long@node1a03.ecdf.ed.ac.,1,9
59172308,0.00062,fp_call_E2,rguest,r,10/01/2026,14:55:13,igmm_long@node1a03.ecdf.ed.ac.,1,10
59172308,0.00062,fp_call_E2,rguest,r,10/01/2026,14:55:13,igmm_long@node1a03.ecdf.ed.ac.,1,11
59172308,0.00062,fp_call_E2,rguest,r,10/01/2026,14:55:13,igmm_long@node1a03.ecdf.ed.ac.,1,12
59172308,0.00062,fp_call_E2,rguest,r,10/01/2026,14:55:13,igmm_long@node1a03.ecdf.ed.ac.,1,13
59172308,0.00062,fp_call_E2,rguest,r,10/01/2026,14:55:13,igmm_long@node1a03.ecdf.ed.ac.,1,14
59172308,0.00062,fp_call_E2,rguest,r,10/01/2026,14:55:13,igmm_long@node1a03.ecdf.ed.ac.,1,15
59172308,0.00062,fp_call_E2,rguest,r,10/01/2026,14:55:13,igmm_long@node1a03.ecdf.ed.ac.,1,16
59172308,0.00062,fp_call_E2,rguest,r,10/01/2026,14:55:13,igmm_long@node1a03.ecdf.ed.ac.,1,17
59172308,0.00062,fp_call_E2,rguest,r,10/01/2026,14:55:13,igmm_long@node1a03.ecdf.ed.ac.,1,18
59172308,0.00062,fp_call_E2,rguest,r,10/01/2026,14:55:13,igmm_long@node1a03.ecdf.ed.ac.,1,19
59172308,0.00062,fp_call_E2,rguest,r,10/01/2026,14:55:13,igmm_long@node1a03.ecdf.ed.ac.,1,20
58049352,0.00061,b_Wetland_,s2719294,r,09/04/2026,14:31:56,eddie@node1g08.ecdf.ed.ac.uk,2
59152135,0.00060,ce1,gs10us1,r,10/01/2026,07:44:29,eddie@node1l16.ecdf.ed.ac.uk,4
59152022,0.00058,ce1,gs10us1,r,10/01/2026,07:27:45,eddie@node1l11.ecdf.ed.ac.uk,4
59152127,0.00057,ce1,gs10us1,r,10/01/2026,07:28:35,eddie@node1l18.ecdf.ed.ac.uk,4
59072671,0.00057,acetylh02,knicodem,r,09/28/2026,14:03:59,eddie@node1p08.ecdf.ed.ac.uk,1,217
59072671,0.00057,acetylh02,knicodem,r,09/28/2026,14:03:59,eddie@node1p08.ecdf.ed.ac.uk,1,218
59072671,0.00057,acetylh02,knicodem,r,09/28/2026,14:03:59,eddie@node1p08.ecdf.ed.ac.uk,1,219
59072671,0.00057,acetylh02,knicodem,r,09/28/2026,14:03:59,eddie@node1p08.ecdf.ed.ac.uk,1,220
59166354,0.00057,GenoGVCFs_,s2740533,r,10/01/2026,13:01:56,eddie@node1e08.ecdf.ed.ac.uk,2,7
59072671,0.00056,acetylh02,knicodem,r,09/28/2026,14:02:29,eddie@node1n07.ecdf.ed.ac.uk,1,215
59072671,0.00056,acetylh02,knicodem,r,09/28/2026,14:02:29,eddie@node1n07.ecdf.ed.ac.uk,1,216
59072671,0.00055,acetylh02,knicodem,r,09/28/2026,13:54:14,eddie@node1n02.ecdf.ed.ac.uk,1,213
59072671,0.00055,acetylh02,knicodem,r,09/28/2026,13:54:14,eddie@node1n02.ecdf.ed.ac.uk,1,214
59072671,0.00055,acetylh02,knicodem,r,09/28/2026,13:52:29,eddie@node1n05.ecdf.ed.ac.uk,1,212
59145912,0.00055,ce1,gs10us1,r,10/01/2026,03:14:37,eddie@node1l18.ecdf.ed.ac.uk,4
59172153,0.00055,mpileup,sdaless,r,10/01/2026,15:30:31,eddie@node1d09.ecdf.ed.ac.uk,2,21
59072671,0.00055,acetylh02,knicodem,r,09/28/2026,13:50:30,eddie@node1n03.ecdf.ed.ac.uk,1,210
59072671,0.00055,acetylh02,knicodem,r,09/28/2026,13:50:30,eddie@node1n03.ecdf.ed.ac.uk,1,211
59132231,0.00055,CO23d_bvi,s2673720,r,09/30/2026,13:36:47,eddie@node1n14.ecdf.ed.ac.uk,2
59166546,0.00054,GenoGVCFs_,s2740533,r,10/01/2026,15:31:14,eddie@node1f05.ecdf.ed.ac.uk,2,19
59072671,0.00053,acetylh02,knicodem,r,09/28/2026,13:38:39,eddie@node1n05.ecdf.ed.ac.uk,1,209
59166546,0.00053,GenoGVCFs_,s2740533,r,10/01/2026,15:32:31,eddie@node1d09.ecdf.ed.ac.uk,2,20
59152006,0.00053,ce1,gs10us1,r,10/01/2026,07:25:31,eddie@node1l12.ecdf.ed.ac.uk,4
59152007,0.00053,ce1,gs10us1,r,10/01/2026,07:25:42,eddie@node1l14.ecdf.ed.ac.uk,4
59166546,0.00053,GenoGVCFs_,s2740533,r,10/01/2026,15:33:59,eddie@node1d09.ecdf.ed.ac.uk,2,21
59174467,0.00052,nf-NFCORE_,jfriedri,r,10/01/2026,15:47:55,eddie@node1t01.ecdf.ed.ac.uk,6
59072671,0.00052,acetylh02,knicodem,r,09/28/2026,13:35:36,eddie@node1n05.ecdf.ed.ac.uk,1,208
59072671,0.00052,acetylh02,knicodem,r,09/28/2026,13:33:36,eddie@node1n05.ecdf.ed.ac.uk,1,207
59166546,0.00052,GenoGVCFs_,s2740533,r,10/01/2026,15:34:14,eddie@node1d04.ecdf.ed.ac.uk,2,22
59166354,0.00052,GenoGVCFs_,s2740533,r,10/01/2026,13:06:02,eddie@node1d02.ecdf.ed.ac.uk,2,9
59152134,0.00052,ce1,gs10us1,r,10/01/2026,07:38:33,eddie@node1l16.ecdf.ed.ac.uk,4
59166354,0.00052,GenoGVCFs_,s2740533,r,10/01/2026,13:02:37,eddie@node1d01.ecdf.ed.ac.uk,2,8
59166546,0.00052,GenoGVCFs_,s2740533,r,10/01/2026,15:34:19,eddie@node1e03.ecdf.ed.ac.uk,2,23
59148989,0.00051,ce1,gs10us1,r,10/01/2026,03:45:12,eddie@node1l18.ecdf.ed.ac.uk,4
59148988,0.00051,ce1,gs10us1,r,10/01/2026,03:45:04,eddie@node1l16.ecdf.ed.ac.uk,4
59166546,0.00051,GenoGVCFs_,s2740533,r,10/01/2026,15:34:47,eddie@node1e03.ecdf.ed.ac.uk,2,24
59148987,0.00051,ce1,gs10us1,r,10/01/2026,03:44:49,eddie@node1l15.ecdf.ed.ac.uk,4
59148986,0.00051,ce1,gs10us1,r,10/01/2026,03:44:44,eddie@node1l11.ecdf.ed.ac.uk,4
59148985,0.00051,ce1,gs10us1,r,10/01/2026,03:44:31,eddie@node1l13.ecdf.ed.ac.uk,4
59149257,0.00051,ce1,gs10us1,r,10/01/2026,03:59:58,eddie@node1l17.ecdf.ed.ac.uk,4
59166546,0.00051,GenoGVCFs_,s2740533,r,10/01/2026,15:35:04,eddie@node1e04.ecdf.ed.ac.uk,2,25
59166546,0.00051,GenoGVCFs_,s2740533,r,10/01/2026,15:35:04,eddie@node1e04.ecdf.ed.ac.uk,2,26
59149254,0.00051,ce1,gs10us1,r,10/01/2026,03:58:49,eddie@node1l16.ecdf.ed.ac.uk,4
59149255,0.00051,ce1,gs10us1,r,10/01/2026,03:59:19,eddie@node1l12.ecdf.ed.ac.uk,4
59149256,0.00051,ce1,gs10us1,r,10/01/2026,03:59:23,eddie@node1l14.ecdf.ed.ac.uk,4
59172153,0.00050,mpileup,sdaless,r,10/01/2026,15:27:53,eddie@node1d01.ecdf.ed.ac.uk,2,18
59166546,0.00050,GenoGVCFs_,s2740533,r,10/01/2026,15:35:07,eddie@node1e01.ecdf.ed.ac.uk,2,27
59166546,0.00050,GenoGVCFs_,s2740533,r,10/01/2026,15:35:07,eddie@node1e01.ecdf.ed.ac.uk,2,28
59172153,0.00050,mpileup,sdaless,r,10/01/2026,15:02:45,eddie@node1f01.ecdf.ed.ac.uk,2,11
59167666,0.00049,hyp_rep_on,belie,r,10/01/2026,15:50:21,eddie@node1d09.ecdf.ed.ac.uk,1
59167667,0.00049,hyp_rep_on,belie,r,10/01/2026,15:50:21,eddie@node1d09.ecdf.ed.ac.uk,1
59167668,0.00049,hyp_rep_on,belie,r,10/01/2026,15:50:21,eddie@node1e08.ecdf.ed.ac.uk,1
59167669,0.00049,hyp_rep_on,belie,r,10/01/2026,15:50:21,eddie@node1e08.ecdf.ed.ac.uk,1
59167670,0.00049,hyp_rep_on,belie,r,10/01/2026,15:50:21,eddie@node1e02.ecdf.ed.ac.uk,1
59166546,0.00049,GenoGVCFs_,s2740533,r,10/01/2026,15:35:09,eddie@node1e07.ecdf.ed.ac.uk,2,29
59166546,0.00049,GenoGVCFs_,s2740533,r,10/01/2026,15:35:09,eddie@node1e07.ecdf.ed.ac.uk,2,30
59172153,0.00049,mpileup,sdaless,r,10/01/2026,15:36:24,eddie@node1d10.ecdf.ed.ac.uk,2,24
59172153,0.00049,mpileup,sdaless,r,10/01/2026,15:36:24,eddie@node1e05.ecdf.ed.ac.uk,2,25
59172153,0.00049,mpileup,sdaless,r,10/01/2026,15:36:24,eddie@node1d10.ecdf.ed.ac.uk,2,26
59172153,0.00049,mpileup,sdaless,r,10/01/2026,15:36:24,eddie@node1e05.ecdf.ed.ac.uk,2,27
59149258,0.00049,ce1,gs10us1,r,10/01/2026,04:01:12,eddie@node1l12.ecdf.ed.ac.uk,4
59172153,0.00049,mpileup,sdaless,r,10/01/2026,15:35:52,eddie@node1e04.ecdf.ed.ac.uk,2,22
59172153,0.00049,mpileup,sdaless,r,10/01/2026,15:35:52,eddie@node1e04.ecdf.ed.ac.uk,2,23
59151920,0.00049,ce1,gs10us1,r,10/01/2026,06:30:18,eddie@node1l13.ecdf.ed.ac.uk,4
59149253,0.00049,ce1,gs10us1,r,10/01/2026,03:57:33,eddie@node1l11.ecdf.ed.ac.uk,4
59166546,0.00049,GenoGVCFs_,s2740533,r,10/01/2026,15:35:23,eddie@node1e06.ecdf.ed.ac.uk,2,32
59172153,0.00049,mpileup,sdaless,r,10/01/2026,15:11:18,eddie@node1e07.ecdf.ed.ac.uk,2,14
59151918,0.00048,ce1,gs10us1,r,10/01/2026,06:19:36,eddie@node1l11.ecdf.ed.ac.uk,4
59172153,0.00048,mpileup,sdaless,r,10/01/2026,15:28:43,eddie@node1f05.ecdf.ed.ac.uk,2,20
59172656,0.00048,GAMSIG12,s2769188,r,10/01/2026,15:34:39,eddie@node1e01.ecdf.ed.ac.uk,1,37
59172153,0.00048,mpileup,sdaless,r,10/01/2026,15:28:36,eddie@node1e02.ecdf.ed.ac.uk,2,19
59166546,0.00048,GenoGVCFs_,s2740533,r,10/01/2026,15:35:49,eddie@node1f05.ecdf.ed.ac.uk,2,33
59166354,0.00048,GenoGVCFs_,s2740533,r,10/01/2026,13:06:11,eddie@node1e07.ecdf.ed.ac.uk,2,10
59149407,0.00048,ce1,gs10us1,r,10/01/2026,04:02:18,eddie@node1l13.ecdf.ed.ac.uk,4
59166833,0.00048,PSVMpermfi,s2017658,r,10/01/2026,13:13:21,eddie@node1f03.ecdf.ed.ac.uk,1,1
59167653,0.00048,hyp_rep_on,belie,r,10/01/2026,15:47:51,eddie@node1d09.ecdf.ed.ac.uk,1
59167652,0.00048,hyp_rep_on,belie,r,10/01/2026,15:47:50,eddie@node1d02.ecdf.ed.ac.uk,1
59172153,0.00047,mpileup,sdaless,r,10/01/2026,14:56:55,eddie@node1e09.ecdf.ed.ac.uk,2,6
59167641,0.00047,hyp_rep_on,belie,r,10/01/2026,15:46:00,eddie@node1d10.ecdf.ed.ac.uk,1
59164777,0.00047,OF1_M25_D1,s2408107,r,10/01/2026,15:47:13,eddie@node1d09.ecdf.ed.ac.uk,1,490
59164777,0.00047,OF1_M25_D1,s2408107,r,10/01/2026,15:47:13,eddie@node1e03.ecdf.ed.ac.uk,1,491
59164777,0.00047,OF1_M25_D1,s2408107,r,10/01/2026,15:47:13,eddie@node1f05.ecdf.ed.ac.uk,1,492
59167662,0.00047,hyp_rep_on,belie,r,10/01/2026,15:49:25,eddie@node1d09.ecdf.ed.ac.uk,1
59167663,0.00047,hyp_rep_on,belie,r,10/01/2026,15:49:25,eddie@node1e03.ecdf.ed.ac.uk,1
59167664,0.00047,hyp_rep_on,belie,r,10/01/2026,15:49:25,eddie@node1e03.ecdf.ed.ac.uk,1
59167661,0.00047,hyp_rep_on,belie,r,10/01/2026,15:49:17,eddie@node1f01.ecdf.ed.ac.uk,1
59167660,0.00047,hyp_rep_on,belie,r,10/01/2026,15:49:07,eddie@node1f05.ecdf.ed.ac.uk,1
59167654,0.00047,hyp_rep_on,belie,r,10/01/2026,15:47:55,eddie@node1d02.ecdf.ed.ac.uk,1
59167656,0.00047,hyp_rep_on,belie,r,10/01/2026,15:47:56,eddie@node1e05.ecdf.ed.ac.uk,1
59151808,0.00047,ce1,gs10us1,r,10/01/2026,05:58:54,eddie@node1l17.ecdf.ed.ac.uk,4
59167658,0.00047,hyp_rep_on,belie,r,10/01/2026,15:48:51,eddie@node1d04.ecdf.ed.ac.uk,1
59167659,0.00047,hyp_rep_on,belie,r,10/01/2026,15:48:51,eddie@node1e09.ecdf.ed.ac.uk,1
59172153,0.00046,mpileup,sdaless,r,10/01/2026,15:00:39,eddie@node1e09.ecdf.ed.ac.uk,2,10
59167671,0.00046,hyp_rep_on,belie,r,10/01/2026,15:50:58,eddie@node1f01.ecdf.ed.ac.uk,1
59167665,0.00046,hyp_rep_on,belie,r,10/01/2026,15:50:18,eddie@node1e06.ecdf.ed.ac.uk,1
59167651,0.00046,hyp_rep_on,belie,r,10/01/2026,15:47:30,eddie@node1d04.ecdf.ed.ac.uk,1
59164777,0.00046,OF1_M25_D1,s2408107,r,10/01/2026,15:49:42,eddie@node1f03.ecdf.ed.ac.uk,1,506
59164777,0.00046,OF1_M25_D1,s2408107,r,10/01/2026,15:49:42,eddie@node1d02.ecdf.ed.ac.uk,1,507
59172153,0.00046,mpileup,sdaless,r,10/01/2026,15:11:33,eddie@node1d01.ecdf.ed.ac.uk,2,15
59164777,0.00046,OF1_M25_D1,s2408107,r,10/01/2026,15:49:30,eddie@node1d03.ecdf.ed.ac.uk,1,505
59164777,0.00046,OF1_M25_D1,s2408107,r,10/01/2026,15:49:21,eddie@node1f03.ecdf.ed.ac.uk,1,504
59136889,0.00046,l0p045_L61,s2563493,r,09/30/2026,17:59:44,gpu@node1o01.ecdf.ed.ac.uk,2
59151917,0.00046,ce1,gs10us1,r,10/01/2026,06:06:20,eddie@node1l15.ecdf.ed.ac.uk,4
59164777,0.00046,OF1_M25_D1,s2408107,r,10/01/2026,15:50:07,eddie@node1d03.ecdf.ed.ac.uk,1,508
59164777,0.00046,OF1_M25_D1,s2408107,r,10/01/2026,15:50:14,eddie@node1e02.ecdf.ed.ac.uk,1,509
59167644,0.00046,hyp_rep_on,belie,r,10/01/2026,15:46:43,eddie@node1f03.ecdf.ed.ac.uk,1
59164777,0.00046,OF1_M25_D1,s2408107,r,10/01/2026,15:50:37,eddie@node1e10.ecdf.ed.ac.uk,1,510
59167643,0.00046,hyp_rep_on,belie,r,10/01/2026,15:46:34,eddie@node1d04.ecdf.ed.ac.uk,1
59167642,0.00046,hyp_rep_on,belie,r,10/01/2026,15:46:26,eddie@node1d04.ecdf.ed.ac.uk,1
59167650,0.00046,hyp_rep_on,belie,r,10/01/2026,15:47:14,eddie@node1f04.ecdf.ed.ac.uk,1
59161143,0.00046,c_r2298_01,wdewulf,r,10/01/2026,15:50:39,eddie@node1f05.ecdf.ed.ac.uk,1,2
59167646,0.00046,hyp_rep_on,belie,r,10/01/2026,15:47:00,eddie@node1d04.ecdf.ed.ac.uk,1
59161143,0.00046,c_r2298_01,wdewulf,r,10/01/2026,15:50:25,eddie@node1e08.ecdf.ed.ac.uk,1,1
59161137,0.00046,b_r2298_26,wdewulf,r,10/01/2026,15:49:51,eddie@node1e08.ecdf.ed.ac.uk,1,2
59161139,0.00046,c_r2298_06,wdewulf,r,10/01/2026,15:49:54,eddie@node1f04.ecdf.ed.ac.uk,1,1
59161137,0.00046,b_r2298_26,wdewulf,r,10/01/2026,15:49:47,eddie@node1d09.ecdf.ed.ac.uk,1,1
59161141,0.00046,c_r2298_30,wdewulf,r,10/01/2026,15:50:04,eddie@node1e04.ecdf.ed.ac.uk,1,1
59161141,0.00046,c_r2298_30,wdewulf,r,10/01/2026,15:50:04,eddie@node1e04.ecdf.ed.ac.uk,1,2
59164777,0.00046,OF1_M25_D1,s2408107,r,10/01/2026,15:45:47,eddie@node1e06.ecdf.ed.ac.uk,1,484
59164777,0.00046,OF1_M25_D1,s2408107,r,10/01/2026,15:45:47,eddie@node1e10.ecdf.ed.ac.uk,1,485
59164777,0.00046,OF1_M25_D1,s2408107,r,10/01/2026,15:45:26,eddie@node1e05.ecdf.ed.ac.uk,1,480
59167635,0.00046,hyp_rep_on,belie,r,10/01/2026,15:45:48,eddie@node1e08.ecdf.ed.ac.uk,1
59161135,0.00046,b_r2298_02,wdewulf,r,10/01/2026,15:49:12,eddie@node1f05.ecdf.ed.ac.uk,1,2
59164777,0.00046,OF1_M25_D1,s2408107,r,10/01/2026,15:46:46,eddie@node1d02.ecdf.ed.ac.uk,1,489
59161133,0.00046,b_r2298_29,wdewulf,r,10/01/2026,15:48:54,eddie@node1e08.ecdf.ed.ac.uk,1,2
59161135,0.00046,b_r2298_02,wdewulf,r,10/01/2026,15:48:58,eddie@node1d02.ecdf.ed.ac.uk,1,1
59164777,0.00046,OF1_M25_D1,s2408107,r,10/01/2026,15:47:27,eddie@node1d10.ecdf.ed.ac.uk,1,493
59164777,0.00046,OF1_M25_D1,s2408107,r,10/01/2026,15:47:27,eddie@node1d02.ecdf.ed.ac.uk,1,494
59164777,0.00046,OF1_M25_D1,s2408107,r,10/01/2026,15:47:27,eddie@node1d02.ecdf.ed.ac.uk,1,495
59164777,0.00046,OF1_M25_D1,s2408107,r,10/01/2026,15:47:27,eddie@node1d02.ecdf.ed.ac.uk,1,496
59164777,0.00046,OF1_M25_D1,s2408107,r,10/01/2026,15:48:10,eddie@node1e07.ecdf.ed.ac.uk,1,499
59164777,0.00046,OF1_M25_D1,s2408107,r,10/01/2026,15:48:10,eddie@node1e06.ecdf.ed.ac.uk,1,500
59164777,0.00046,OF1_M25_D1,s2408107,r,10/01/2026,15:48:10,eddie@node1e06.ecdf.ed.ac.uk,1,501
59164777,0.00046,OF1_M25_D1,s2408107,r,10/01/2026,15:48:10,eddie@node1e06.ecdf.ed.ac.uk,1,502
59164777,0.00046,OF1_M25_D1,s2408107,r,10/01/2026,15:48:10,eddie@node1f04.ecdf.ed.ac.uk,1,503
59164777,0.00046,OF1_M25_D1,s2408107,r,10/01/2026,15:48:00,eddie@node1e07.ecdf.ed.ac.uk,1,497
59164777,0.00046,OF1_M25_D1,s2408107,r,10/01/2026,15:48:00,eddie@node1d06.ecdf.ed.ac.uk,1,498
59167632,0.00046,hyp_rep_on,belie,r,10/01/2026,15:45:14,eddie@node1d03.ecdf.ed.ac.uk,1
59167602,0.00046,hyp_rep_on,belie,r,10/01/2026,15:41:21,eddie@node1f05.ecdf.ed.ac.uk,1
59166833,0.00046,PSVMpermfi,s2017658,r,10/01/2026,14:39:31,eddie@node1d03.ecdf.ed.ac.uk,1,17
59161125,0.00046,a_r2298_26,wdewulf,r,10/01/2026,15:48:11,eddie@node1e06.ecdf.ed.ac.uk,1,1
59164777,0.00046,OF1_M25_D1,s2408107,r,10/01/2026,15:43:33,eddie@node1e03.ecdf.ed.ac.uk,1,477
59164777,0.00046,OF1_M25_D1,s2408107,r,10/01/2026,15:43:28,eddie@node1e03.ecdf.ed.ac.uk,1,475
59164777,0.00046,OF1_M25_D1,s2408107,r,10/01/2026,15:43:29,eddie@node1e03.ecdf.ed.ac.uk,1,476
59161125,0.00046,a_r2298_26,wdewulf,r,10/01/2026,15:48:20,eddie@node1e02.ecdf.ed.ac.uk,1,2
59161127,0.00046,b_r2298_06,wdewulf,r,10/01/2026,15:48:20,eddie@node1e02.ecdf.ed.ac.uk,1,1
59161129,0.00046,b_r2298_30,wdewulf,r,10/01/2026,15:48:20,eddie@node1e02.ecdf.ed.ac.uk,1,1
59164777,0.00046,OF1_M25_D1,s2408107,r,10/01/2026,15:42:43,eddie@node1e03.ecdf.ed.ac.uk,1,471
59161129,0.00046,b_r2298_30,wdewulf,r,10/01/2026,15:48:25,eddie@node1f01.ecdf.ed.ac.uk,1,2
59161131,0.00046,b_r2298_01,wdewulf,r,10/01/2026,15:48:29,eddie@node1f03.ecdf.ed.ac.uk,1,1
59161131,0.00046,b_r2298_01,wdewulf,r,10/01/2026,15:48:29,eddie@node1f03.ecdf.ed.ac.uk,1,2
59161133,0.00046,b_r2298_29,wdewulf,r,10/01/2026,15:48:30,eddie@node1e07.ecdf.ed.ac.uk,1,1
59161122,0.00046,a_r2298_02,wdewulf,r,10/01/2026,15:47:39,eddie@node1d09.ecdf.ed.ac.uk,1,2
59164777,0.00046,OF1_M25_D1,s2408107,r,10/01/2026,15:43:08,eddie@node1f03.ecdf.ed.ac.uk,1,473
59164777,0.00046,OF1_M25_D1,s2408107,r,10/01/2026,15:43:08,eddie@node1f03.ecdf.ed.ac.uk,1,474
59161119,0.00046,a_r2298_29,wdewulf,r,10/01/2026,15:47:33,eddie@node1d10.ecdf.ed.ac.uk,1,2
59164777,0.00046,OF1_M25_D1,s2408107,r,10/01/2026,15:42:54,eddie@node1d01.ecdf.ed.ac.uk,1,472
59161122,0.00046,a_r2298_02,wdewulf,r,10/01/2026,15:47:35,eddie@node1d02.ecdf.ed.ac.uk,1,1
59164777,0.00046,OF1_M25_D1,s2408107,r,10/01/2026,15:46:10,eddie@node1e08.ecdf.ed.ac.uk,1,487
59164777,0.00046,OF1_M25_D1,s2408107,r,10/01/2026,15:46:10,eddie@node1e03.ecdf.ed.ac.uk,1,488
59172153,0.00046,mpileup,sdaless,r,10/01/2026,14:51:53,eddie@node1f01.ecdf.ed.ac.uk,2,1
59161103,0.00046,c_r2383_12,wdewulf,r,10/01/2026,15:43:23,eddie@node1d03.ecdf.ed.ac.uk,1,4
59164777,0.00046,OF1_M25_D1,s2408107,r,10/01/2026,15:45:50,eddie@node1e10.ecdf.ed.ac.uk,1,486
59164777,0.00046,OF1_M25_D1,s2408107,r,10/01/2026,15:45:41,eddie@node1d03.ecdf.ed.ac.uk,1,483
59164777,0.00046,OF1_M25_D1,s2408107,r,10/01/2026,15:41:55,eddie@node1d09.ecdf.ed.ac.uk,1,469
59164777,0.00046,OF1_M25_D1,s2408107,r,10/01/2026,15:42:00,eddie@node1e07.ecdf.ed.ac.uk,1,470
59161119,0.00046,a_r2298_29,wdewulf,r,10/01/2026,15:46:22,eddie@node1f01.ecdf.ed.ac.uk,1,1
59164777,0.00046,OF1_M25_D1,s2408107,r,10/01/2026,15:45:33,eddie@node1e06.ecdf.ed.ac.uk,1,481
59164777,0.00046,OF1_M25_D1,s2408107,r,10/01/2026,15:45:33,eddie@node1e06.ecdf.ed.ac.uk,1,482
59161117,0.00046,a_r2298_01,wdewulf,r,10/01/2026,15:46:22,eddie@node1d03.ecdf.ed.ac.uk,1,2
59164777,0.00046,OF1_M25_D1,s2408107,r,10/01/2026,15:41:40,eddie@node1e07.ecdf.ed.ac.uk,1,468
59161112,0.00046,a_r2298_06,wdewulf,r,10/01/2026,15:46:10,eddie@node1e01.ecdf.ed.ac.uk,1,1
59161114,0.00046,a_r2298_30,wdewulf,r,10/01/2026,15:46:10,eddie@node1e01.ecdf.ed.ac.uk,1,1
59161103,0.00046,c_r2383_12,wdewulf,r,10/01/2026,15:42:36,eddie@node1d04.ecdf.ed.ac.uk,1,3
59161114,0.00046,a_r2298_30,wdewulf,r,10/01/2026,15:46:13,eddie@node1e03.ecdf.ed.ac.uk,1,2
59161110,0.00046,d_r2383_17,wdewulf,r,10/01/2026,15:46:01,eddie@node1e09.ecdf.ed.ac.uk,1,6
59161110,0.00046,d_r2383_17,wdewulf,r,10/01/2026,15:46:01,eddie@node1e09.ecdf.ed.ac.uk,1,7
59161101,0.00046,c_r2383_17,wdewulf,r,10/01/2026,15:42:16,eddie@node1f01.ecdf.ed.ac.uk,1,2
59161101,0.00046,c_r2383_17,wdewulf,r,10/01/2026,15:42:16,eddie@node1e08.ecdf.ed.ac.uk,1,3
59161101,0.00046,c_r2383_17,wdewulf,r,10/01/2026,15:42:16,eddie@node1e08.ecdf.ed.ac.uk,1,4
59161101,0.00046,c_r2383_17,wdewulf,r,10/01/2026,15:42:16,eddie@node1d10.ecdf.ed.ac.uk,1,5
59161101,0.00046,c_r2383_17,wdewulf,r,10/01/2026,15:42:16,eddie@node1d10.ecdf.ed.ac.uk,1,6
59161101,0.00046,c_r2383_17,wdewulf,r,10/01/2026,15:42:16,eddie@node1d10.ecdf.ed.ac.uk,1,7
59161117,0.00046,a_r2298_01,wdewulf,r,10/01/2026,15:46:13,eddie@node1i24.ecdf.ed.ac.uk,1,1
59164777,0.00046,OF1_M25_D1,s2408107,r,10/01/2026,15:45:07,eddie@node1d03.ecdf.ed.ac.uk,1,479
59161110,0.00046,d_r2383_17,wdewulf,r,10/01/2026,15:45:55,eddie@node1d09.ecdf.ed.ac.uk,1,5
59161103,0.00046,c_r2383_12,wdewulf,r,10/01/2026,15:42:17,eddie@node1d04.ecdf.ed.ac.uk,1,1
59161103,0.00046,c_r2383_12,wdewulf,r,10/01/2026,15:42:20,eddie@node1e05.ecdf.ed.ac.uk,1,2
59161110,0.00046,d_r2383_17,wdewulf,r,10/01/2026,15:45:36,eddie@node1e04.ecdf.ed.ac.uk,1,3
59164777,0.00046,OF1_M25_D1,s2408107,r,10/01/2026,15:44:49,eddie@node1d03.ecdf.ed.ac.uk,1,478
59161110,0.00046,d_r2383_17,wdewulf,r,10/01/2026,15:45:38,eddie@node1e06.ecdf.ed.ac.uk,1,4
59172153,0.00045,mpileup,sdaless,r,10/01/2026,15:03:38,eddie@node1e01.ecdf.ed.ac.uk,2,12
59161110,0.00045,d_r2383_17,wdewulf,r,10/01/2026,15:44:46,eddie@node1e07.ecdf.ed.ac.uk,1,2
59164777,0.00045,OF1_M25_D1,s2408107,r,10/01/2026,15:38:54,eddie@node1d06.ecdf.ed.ac.uk,1,467
59161107,0.00045,d_r2383_13,wdewulf,r,10/01/2026,15:44:25,eddie@node1d09.ecdf.ed.ac.uk,1,4
59161107,0.00045,d_r2383_13,wdewulf,r,10/01/2026,15:44:25,eddie@node1e05.ecdf.ed.ac.uk,1,5
59161105,0.00045,d_r2383_18,wdewulf,r,10/01/2026,15:44:16,eddie@node1e07.ecdf.ed.ac.uk,1,5
59161105,0.00045,d_r2383_18,wdewulf,r,10/01/2026,15:44:16,eddie@node1d01.ecdf.ed.ac.uk,1,6
59161107,0.00045,d_r2383_13,wdewulf,r,10/01/2026,15:44:32,eddie@node1d01.ecdf.ed.ac.uk,1,6
59161107,0.00045,d_r2383_13,wdewulf,r,10/01/2026,15:44:32,eddie@node1d04.ecdf.ed.ac.uk,1,7
59161110,0.00045,d_r2383_17,wdewulf,r,10/01/2026,15:44:35,eddie@node1e07.ecdf.ed.ac.uk,1,1
59161107,0.00045,d_r2383_13,wdewulf,r,10/01/2026,15:44:16,eddie@node1f03.ecdf.ed.ac.uk,1,1
59161107,0.00045,d_r2383_13,wdewulf,r,10/01/2026,15:44:20,eddie@node1d01.ecdf.ed.ac.uk,1,2
59161107,0.00045,d_r2383_13,wdewulf,r,10/01/2026,15:44:20,eddie@node1d01.ecdf.ed.ac.uk,1,3
59161105,0.00045,d_r2383_18,wdewulf,r,10/01/2026,15:43:58,eddie@node1e10.ecdf.ed.ac.uk,1,2
59161105,0.00045,d_r2383_18,wdewulf,r,10/01/2026,15:44:02,eddie@node1d02.ecdf.ed.ac.uk,1,3
59161103,0.00045,c_r2383_12,wdewulf,r,10/01/2026,15:43:46,eddie@node1d06.ecdf.ed.ac.uk,1,5
59161103,0.00045,c_r2383_12,wdewulf,r,10/01/2026,15:43:47,eddie@node1e05.ecdf.ed.ac.uk,1,6
59161105,0.00045,d_r2383_18,wdewulf,r,10/01/2026,15:43:51,eddie@node1f05.ecdf.ed.ac.uk,1,1
59161105,0.00045,d_r2383_18,wdewulf,r,10/01/2026,15:44:06,eddie@node1f05.ecdf.ed.ac.uk,1,4
59164777,0.00045,OF1_M25_D1,s2408107,r,10/01/2026,15:38:28,eddie@node1e04.ecdf.ed.ac.uk,1,465
59161098,0.00045,c_r2383_11,wdewulf,r,10/01/2026,15:39:27,eddie@node1d01.ecdf.ed.ac.uk,1,4
59161101,0.00045,c_r2383_17,wdewulf,r,10/01/2026,15:39:27,eddie@node1d04.ecdf.ed.ac.uk,1,1
59161098,0.00045,c_r2383_11,wdewulf,r,10/01/2026,15:38:29,eddie@node1e04.ecdf.ed.ac.uk,1,2
59161098,0.00045,c_r2383_11,wdewulf,r,10/01/2026,15:38:31,eddie@node1d04.ecdf.ed.ac.uk,1,3
59161095,0.00045,c_r2383_16,wdewulf,r,10/01/2026,15:38:05,eddie@node1e07.ecdf.ed.ac.uk,1,7
59161098,0.00045,c_r2383_11,wdewulf,r,10/01/2026,15:38:21,eddie@node1e02.ecdf.ed.ac.uk,1,1
59161095,0.00045,c_r2383_16,wdewulf,r,10/01/2026,15:37:48,eddie@node1f01.ecdf.ed.ac.uk,1,3
59161095,0.00045,c_r2383_16,wdewulf,r,10/01/2026,15:37:48,eddie@node1f01.ecdf.ed.ac.uk,1,4
59161095,0.00045,c_r2383_16,wdewulf,r,10/01/2026,15:37:48,eddie@node1f01.ecdf.ed.ac.uk,1,5
59161095,0.00045,c_r2383_16,wdewulf,r,10/01/2026,15:37:48,eddie@node1e08.ecdf.ed.ac.uk,1,6
59172153,0.00045,mpileup,sdaless,r,10/01/2026,15:36:31,eddie@node1f04.ecdf.ed.ac.uk,2,28
59172153,0.00045,mpileup,sdaless,r,10/01/2026,15:36:31,eddie@node1e07.ecdf.ed.ac.uk,2,29
59172153,0.00045,mpileup,sdaless,r,10/01/2026,15:36:31,eddie@node1e07.ecdf.ed.ac.uk,2,30
59172153,0.00045,mpileup,sdaless,r,10/01/2026,15:36:31,eddie@node1e07.ecdf.ed.ac.uk,2,31
59161095,0.00045,c_r2383_16,wdewulf,r,10/01/2026,15:37:11,eddie@node1f03.ecdf.ed.ac.uk,1,2
59161093,0.00045,c_r2383_18,wdewulf,r,10/01/2026,15:36:45,eddie@node1f04.ecdf.ed.ac.uk,1,1
59161093,0.00045,c_r2383_18,wdewulf,r,10/01/2026,15:36:45,eddie@node1e09.ecdf.ed.ac.uk,1,2
59161093,0.00045,c_r2383_18,wdewulf,r,10/01/2026,15:36:50,eddie@node1d09.ecdf.ed.ac.uk,1,3
59161093,0.00045,c_r2383_18,wdewulf,r,10/01/2026,15:36:53,eddie@node1d04.ecdf.ed.ac.uk,1,4
59161093,0.00045,c_r2383_18,wdewulf,r,10/01/2026,15:36:53,eddie@node1d04.ecdf.ed.ac.uk,1,5
59161093,0.00045,c_r2383_18,wdewulf,r,10/01/2026,15:36:53,eddie@node1d04.ecdf.ed.ac.uk,1,6
59161095,0.00045,c_r2383_16,wdewulf,r,10/01/2026,15:36:53,eddie@node1d04.ecdf.ed.ac.uk,1,1
59166354,0.00045,GenoGVCFs_,s2740533,r,10/01/2026,13:06:13,eddie@node1e03.ecdf.ed.ac.uk,2,11
59172153,0.00045,mpileup,sdaless,r,10/01/2026,14:54:42,eddie@node1d10.ecdf.ed.ac.uk,2,5
59149800,0.00045,ce1,gs10us1,r,10/01/2026,04:02:52,eddie@node1l14.ecdf.ed.ac.uk,4
59151809,0.00044,ce1,gs10us1,r,10/01/2026,06:00:59,eddie@node1l16.ecdf.ed.ac.uk,4
59172153,0.00044,mpileup,sdaless,r,10/01/2026,15:11:46,eddie@node1e01.ecdf.ed.ac.uk,2,16
59131475,0.00044,step7_gate,yhu5,r,09/30/2026,15:00:45,eddie@node1o13.ecdf.ed.ac.uk,4,495
59166833,0.00044,PSVMpermfi,s2017658,r,10/01/2026,14:39:47,eddie@node1e07.ecdf.ed.ac.uk,1,18
59172153,0.00043,mpileup,sdaless,r,10/01/2026,15:04:28,eddie@node1d09.ecdf.ed.ac.uk,2,13
59166546,0.00043,GenoGVCFs_,s2740533,r,10/01/2026,15:20:40,eddie@node1f01.ecdf.ed.ac.uk,2,13
59166546,0.00043,GenoGVCFs_,s2740533,r,10/01/2026,15:20:48,eddie@node1d10.ecdf.ed.ac.uk,2,14
59166546,0.00043,GenoGVCFs_,s2740533,r,10/01/2026,15:23:51,eddie@node1d10.ecdf.ed.ac.uk,2,15
59151627,0.00043,ce1,gs10us1,r,10/01/2026,05:25:15,eddie@node1l15.ecdf.ed.ac.uk,4
59151626,0.00043,ce1,gs10us1,r,10/01/2026,05:25:03,eddie@node1l16.ecdf.ed.ac.uk,4
59172153,0.00043,mpileup,sdaless,r,10/01/2026,15:12:28,eddie@node1f03.ecdf.ed.ac.uk,2,17
59166546,0.00043,GenoGVCFs_,s2740533,r,10/01/2026,15:24:13,eddie@node1d04.ecdf.ed.ac.uk,2,16
59166546,0.00043,GenoGVCFs_,s2740533,r,10/01/2026,15:16:32,eddie@node1d09.ecdf.ed.ac.uk,2,11
59166546,0.00043,GenoGVCFs_,s2740533,r,10/01/2026,15:25:05,eddie@node1e10.ecdf.ed.ac.uk,2,18
59166546,0.00043,GenoGVCFs_,s2740533,r,10/01/2026,15:18:44,eddie@node1e06.ecdf.ed.ac.uk,2,12
59165959,0.00043,ce2,gl02pr11,r,10/01/2026,12:57:11,eddie@node1l15.ecdf.ed.ac.uk,1
59165965,0.00043,ce2,gl02pr11,r,10/01/2026,12:57:29,eddie@node1l13.ecdf.ed.ac.uk,1
59165970,0.00043,ce2,gl02pr11,r,10/01/2026,12:57:29,eddie@node1l18.ecdf.ed.ac.uk,1
59166833,0.00043,PSVMpermfi,s2017658,r,10/01/2026,13:13:25,eddie@node1e03.ecdf.ed.ac.uk,1,2
59161089,0.00043,c_r2383_13,wdewulf,r,10/01/2026,15:26:24,eddie@node1e05.ecdf.ed.ac.uk,1,7
59172153,0.00043,mpileup,sdaless,r,10/01/2026,14:59:24,eddie@node1d01.ecdf.ed.ac.uk,2,9
59161089,0.00042,c_r2383_13,wdewulf,r,10/01/2026,15:26:04,eddie@node1e06.ecdf.ed.ac.uk,1,6
59166546,0.00042,GenoGVCFs_,s2740533,r,10/01/2026,15:24:24,eddie@node1f05.ecdf.ed.ac.uk,2,17
59161087,0.00042,b_r2383_12,wdewulf,r,10/01/2026,15:24:39,eddie@node1d09.ecdf.ed.ac.uk,1,6
59161089,0.00042,c_r2383_13,wdewulf,r,10/01/2026,15:24:44,eddie@node1d09.ecdf.ed.ac.uk,1,3
59161089,0.00042,c_r2383_13,wdewulf,r,10/01/2026,15:24:44,eddie@node1d09.ecdf.ed.ac.uk,1,4
59161089,0.00042,c_r2383_13,wdewulf,r,10/01/2026,15:24:44,eddie@node1d09.ecdf.ed.ac.uk,1,5
59161089,0.00042,c_r2383_13,wdewulf,r,10/01/2026,15:24:39,eddie@node1d09.ecdf.ed.ac.uk,1,1
59161089,0.00042,c_r2383_13,wdewulf,r,10/01/2026,15:24:39,eddie@node1e07.ecdf.ed.ac.uk,1,2
59161087,0.00042,b_r2383_12,wdewulf,r,10/01/2026,15:24:24,eddie@node1f05.ecdf.ed.ac.uk,1,4
59161087,0.00042,b_r2383_12,wdewulf,r,10/01/2026,15:24:24,eddie@node1e07.ecdf.ed.ac.uk,1,5
59161087,0.00042,b_r2383_12,wdewulf,r,10/01/2026,15:23:51,eddie@node1d10.ecdf.ed.ac.uk,1,2
59161087,0.00042,b_r2383_12,wdewulf,r,10/01/2026,15:23:59,eddie@node1d04.ecdf.ed.ac.uk,1,3
59166833,0.00042,PSVMpermfi,s2017658,r,10/01/2026,14:40:07,eddie@node1e07.ecdf.ed.ac.uk,1,19
59161087,0.00042,b_r2383_12,wdewulf,r,10/01/2026,15:22:32,eddie@node1f03.ecdf.ed.ac.uk,1,1
59172153,0.00042,mpileup,sdaless,r,10/01/2026,14:53:46,eddie@node1e03.ecdf.ed.ac.uk,2,3
59161084,0.00042,b_r2383_17,wdewulf,r,10/01/2026,15:21:41,eddie@node1f01.ecdf.ed.ac.uk,1,7
59166354,0.00042,GenoGVCFs_,s2740533,r,10/01/2026,13:06:16,eddie@node1f03.ecdf.ed.ac.uk,2,12
59151804,0.00042,ce1,gs10us1,r,10/01/2026,05:28:10,eddie@node1l11.ecdf.ed.ac.uk,4
59151805,0.00042,ce1,gs10us1,r,10/01/2026,05:28:19,eddie@node1l14.ecdf.ed.ac.uk,4
59161084,0.00042,b_r2383_17,wdewulf,r,10/01/2026,15:20:08,eddie@node1f03.ecdf.ed.ac.uk,1,4
59161084,0.00042,b_r2383_17,wdewulf,r,10/01/2026,15:20:08,eddie@node1d06.ecdf.ed.ac.uk,1,5
59161084,0.00042,b_r2383_17,wdewulf,r,10/01/2026,15:20:11,eddie@node1e10.ecdf.ed.ac.uk,1,6
59161084,0.00042,b_r2383_17,wdewulf,r,10/01/2026,15:19:24,eddie@node1e04.ecdf.ed.ac.uk,1,1
59161084,0.00042,b_r2383_17,wdewulf,r,10/01/2026,15:19:29,eddie@node1e02.ecdf.ed.ac.uk,1,2
59161084,0.00042,b_r2383_17,wdewulf,r,10/01/2026,15:19:29,eddie@node1e05.ecdf.ed.ac.uk,1,3
59161082,0.00041,b_r2383_11,wdewulf,r,10/01/2026,15:18:44,eddie@node1e06.ecdf.ed.ac.uk,1,4
59151099,0.00041,ce1,gs10us1,r,10/01/2026,04:43:24,eddie@node1l12.ecdf.ed.ac.uk,4
59161082,0.00041,b_r2383_11,wdewulf,r,10/01/2026,15:17:20,eddie@node1e01.ecdf.ed.ac.uk,1,3
59161082,0.00041,b_r2383_11,wdewulf,r,10/01/2026,15:16:26,eddie@node1d02.ecdf.ed.ac.uk,1,2
59166833,0.00041,PSVMpermfi,s2017658,r,10/01/2026,14:40:28,eddie@node1e07.ecdf.ed.ac.uk,1,20
59161082,0.00041,b_r2383_11,wdewulf,r,10/01/2026,15:13:03,eddie@node1e08.ecdf.ed.ac.uk,1,1
59151102,0.00041,ce1,gs10us1,r,10/01/2026,04:44:00,eddie@node1l17.ecdf.ed.ac.uk,4
59172153,0.00041,mpileup,sdaless,r,10/01/2026,14:59:00,eddie@node1f03.ecdf.ed.ac.uk,2,8
59151103,0.00041,ce1,gs10us1,r,10/01/2026,04:47:03,eddie@node1l11.ecdf.ed.ac.uk,4
59151047,0.00041,ce1,gs10us1,r,10/01/2026,04:34:07,eddie@node1l15.ecdf.ed.ac.uk,4
59161080,0.00040,b_r2383_16,wdewulf,r,10/01/2026,15:12:10,eddie@node1e01.ecdf.ed.ac.uk,1,7
59161080,0.00040,b_r2383_16,wdewulf,r,10/01/2026,15:11:18,eddie@node1e07.ecdf.ed.ac.uk,1,6
59151806,0.00040,ce1,gs10us1,r,10/01/2026,05:32:40,eddie@node1l16.ecdf.ed.ac.uk,4
59166546,0.00040,GenoGVCFs_,s2740533,r,10/01/2026,14:40:35,eddie@node1e07.ecdf.ed.ac.uk,2,1
59166546,0.00040,GenoGVCFs_,s2740533,r,10/01/2026,14:40:35,eddie@node1e07.ecdf.ed.ac.uk,2,2
59151046,0.00040,ce1,gs10us1,r,10/01/2026,04:28:37,eddie@node1l12.ecdf.ed.ac.uk,4
59166354,0.00040,GenoGVCFs_,s2740533,r,10/01/2026,13:06:46,eddie@node1f05.ecdf.ed.ac.uk,2,13
59151045,0.00039,ce1,gs10us1,r,10/01/2026,04:26:28,eddie@node1l16.ecdf.ed.ac.uk,4
59161080,0.00039,b_r2383_16,wdewulf,r,10/01/2026,15:04:11,eddie@node1e05.ecdf.ed.ac.uk,1,5
59161080,0.00039,b_r2383_16,wdewulf,r,10/01/2026,15:03:38,eddie@node1e01.ecdf.ed.ac.uk,1,4
59150424,0.00039,ce1,gs10us1,r,10/01/2026,04:08:50,eddie@node1l17.ecdf.ed.ac.uk,4
59166546,0.00039,GenoGVCFs_,s2740533,r,10/01/2026,14:43:28,eddie@node1e05.ecdf.ed.ac.uk,2,3
58049393,0.00039,h_ocExstor,s2719294,r,09/04/2026,14:43:58,eddie@node1g10.ecdf.ed.ac.uk,2
59161080,0.00039,b_r2383_16,wdewulf,r,10/01/2026,15:02:25,eddie@node1d01.ecdf.ed.ac.uk,1,3
59161080,0.00039,b_r2383_16,wdewulf,r,10/01/2026,15:02:05,eddie@node1d02.ecdf.ed.ac.uk,1,2
59161080,0.00039,b_r2383_16,wdewulf,r,10/01/2026,15:01:33,eddie@node1f05.ecdf.ed.ac.uk,1,1
59161078,0.00039,b_r2383_18,wdewulf,r,10/01/2026,15:01:15,eddie@node1e09.ecdf.ed.ac.uk,1,5
59161078,0.00039,b_r2383_18,wdewulf,r,10/01/2026,15:01:05,eddie@node1d02.ecdf.ed.ac.uk,1,4
59166546,0.00039,GenoGVCFs_,s2740533,r,10/01/2026,14:43:46,eddie@node1e04.ecdf.ed.ac.uk,2,4
59166546,0.00039,GenoGVCFs_,s2740533,r,10/01/2026,14:43:46,eddie@node1e04.ecdf.ed.ac.uk,2,5
59166546,0.00039,GenoGVCFs_,s2740533,r,10/01/2026,14:43:46,eddie@node1i24.ecdf.ed.ac.uk,2,6
59161078,0.00039,b_r2383_18,wdewulf,r,10/01/2026,15:00:29,eddie@node1f01.ecdf.ed.ac.uk,1,2
59161078,0.00039,b_r2383_18,wdewulf,r,10/01/2026,15:00:39,eddie@node1e09.ecdf.ed.ac.uk,1,3
59161076,0.00039,b_r2383_13,wdewulf,r,10/01/2026,14:59:59,eddie@node1e07.ecdf.ed.ac.uk,1,6
59161076,0.00039,b_r2383_13,wdewulf,r,10/01/2026,15:00:10,eddie@node1f01.ecdf.ed.ac.uk,1,7
59161078,0.00039,b_r2383_18,wdewulf,r,10/01/2026,15:00:16,eddie@node1e07.ecdf.ed.ac.uk,1,1
59161076,0.00039,b_r2383_13,wdewulf,r,10/01/2026,14:59:25,eddie@node1d10.ecdf.ed.ac.uk,1,3
59161076,0.00039,b_r2383_13,wdewulf,r,10/01/2026,14:59:32,eddie@node1e09.ecdf.ed.ac.uk,1,4
59161076,0.00039,b_r2383_13,wdewulf,r,10/01/2026,14:59:33,eddie@node1e07.ecdf.ed.ac.uk,1,5
59161076,0.00039,b_r2383_13,wdewulf,r,10/01/2026,14:59:12,eddie@node1f01.ecdf.ed.ac.uk,1,1
59161076,0.00039,b_r2383_13,wdewulf,r,10/01/2026,14:59:22,eddie@node1d02.ecdf.ed.ac.uk,1,2
59161073,0.00039,a_r2383_12,wdewulf,r,10/01/2026,14:58:45,eddie@node1d02.ecdf.ed.ac.uk,1,6
59161073,0.00039,a_r2383_12,wdewulf,r,10/01/2026,14:58:25,eddie@node1e06.ecdf.ed.ac.uk,1,5
59161073,0.00039,a_r2383_12,wdewulf,r,10/01/2026,14:58:15,eddie@node1f05.ecdf.ed.ac.uk,1,4
59161073,0.00038,a_r2383_12,wdewulf,r,10/01/2026,14:58:04,eddie@node1f05.ecdf.ed.ac.uk,1,3
59161073,0.00038,a_r2383_12,wdewulf,r,10/01/2026,14:57:52,eddie@node1e06.ecdf.ed.ac.uk,1,2
59161071,0.00038,a_r2383_17,wdewulf,r,10/01/2026,14:57:27,eddie@node1e05.ecdf.ed.ac.uk,1,7
59161073,0.00038,a_r2383_12,wdewulf,r,10/01/2026,14:57:41,eddie@node1e03.ecdf.ed.ac.uk,1,1
59150514,0.00038,ce1,gs10us1,r,10/01/2026,04:10:59,eddie@node1l16.ecdf.ed.ac.uk,4
59166833,0.00038,PSVMpermfi,s2017658,r,10/01/2026,13:13:58,eddie@node1e08.ecdf.ed.ac.uk,1,8
59166833,0.00038,PSVMpermfi,s2017658,r,10/01/2026,13:13:58,eddie@node1e09.ecdf.ed.ac.uk,1,9
59166833,0.00038,PSVMpermfi,s2017658,r,10/01/2026,13:13:54,eddie@node1d10.ecdf.ed.ac.uk,1,7
59166833,0.00038,PSVMpermfi,s2017658,r,10/01/2026,13:13:25,eddie@node1e09.ecdf.ed.ac.uk,1,3
59166833,0.00038,PSVMpermfi,s2017658,r,10/01/2026,13:13:36,eddie@node1e09.ecdf.ed.ac.uk,1,4
59166833,0.00038,PSVMpermfi,s2017658,r,10/01/2026,13:13:43,eddie@node1d10.ecdf.ed.ac.uk,1,5
59166833,0.00038,PSVMpermfi,s2017658,r,10/01/2026,13:13:45,eddie@node1d02.ecdf.ed.ac.uk,1,6
59161071,0.00038,a_r2383_17,wdewulf,r,10/01/2026,14:56:20,eddie@node1d04.ecdf.ed.ac.uk,1,4
59161071,0.00038,a_r2383_17,wdewulf,r,10/01/2026,14:56:06,eddie@node1d10.ecdf.ed.ac.uk,1,2
59161071,0.00038,a_r2383_17,wdewulf,r,10/01/2026,14:56:16,eddie@node1f05.ecdf.ed.ac.uk,1,3
59161071,0.00038,a_r2383_17,wdewulf,r,10/01/2026,14:56:04,eddie@node1f01.ecdf.ed.ac.uk,1,1
59161071,0.00038,a_r2383_17,wdewulf,r,10/01/2026,14:56:27,eddie@node1e01.ecdf.ed.ac.uk,1,6
59161071,0.00038,a_r2383_17,wdewulf,r,10/01/2026,14:56:22,eddie@node1e10.ecdf.ed.ac.uk,1,5
59161069,0.00038,a_r2383_11,wdewulf,r,10/01/2026,14:55:22,eddie@node1f01.ecdf.ed.ac.uk,1,2
59161069,0.00038,a_r2383_11,wdewulf,r,10/01/2026,14:55:22,eddie@node1e09.ecdf.ed.ac.uk,1,3
59161069,0.00038,a_r2383_11,wdewulf,r,10/01/2026,14:55:26,eddie@node1d10.ecdf.ed.ac.uk,1,4
59161069,0.00038,a_r2383_11,wdewulf,r,10/01/2026,14:55:14,eddie@node1f03.ecdf.ed.ac.uk,1,1
59161065,0.00038,a_r2383_16,wdewulf,r,10/01/2026,14:55:05,eddie@node1d10.ecdf.ed.ac.uk,1,7
59161065,0.00038,a_r2383_16,wdewulf,r,10/01/2026,14:55:02,eddie@node1d03.ecdf.ed.ac.uk,1,6
59165166,0.00038,ce1,gl02ad2,r,10/01/2026,12:30:28,eddie@node1l17.ecdf.ed.ac.uk,1
59161065,0.00038,a_r2383_16,wdewulf,r,10/01/2026,14:54:39,eddie@node1d01.ecdf.ed.ac.uk,1,4
59161065,0.00038,a_r2383_16,wdewulf,r,10/01/2026,14:54:42,eddie@node1d10.ecdf.ed.ac.uk,1,5
59167411,0.00038,ExonUsage_,s2556897,r,10/01/2026,15:26:11,igmm_long@node1c05.ecdf.ed.ac.,1,2
59167411,0.00038,ExonUsage_,s2556897,r,10/01/2026,15:26:11,igmm_long@node1c08.ecdf.ed.ac.,1,3
59167411,0.00038,ExonUsage_,s2556897,r,10/01/2026,15:26:11,igmm_long@node1c05.ecdf.ed.ac.,1,4
59167411,0.00038,ExonUsage_,s2556897,r,10/01/2026,15:26:11,igmm_long@node1c08.ecdf.ed.ac.,1,5
59167411,0.00038,ExonUsage_,s2556897,r,10/01/2026,15:26:11,igmm_long@node1c06.ecdf.ed.ac.,1,6
59167411,0.00038,ExonUsage_,s2556897,r,10/01/2026,15:26:11,igmm_long@node1c05.ecdf.ed.ac.,1,7
59167411,0.00038,ExonUsage_,s2556897,r,10/01/2026,15:26:11,igmm_long@node1c01.ecdf.ed.ac.,1,8
59167411,0.00038,ExonUsage_,s2556897,r,10/01/2026,15:26:11,igmm_long@node1c08.ecdf.ed.ac.,1,9
59167411,0.00038,ExonUsage_,s2556897,r,10/01/2026,15:26:11,igmm_long@node1c06.ecdf.ed.ac.,1,10
59167411,0.00038,ExonUsage_,s2556897,r,10/01/2026,15:26:11,igmm_long@node1c05.ecdf.ed.ac.,1,11
59167411,0.00038,ExonUsage_,s2556897,r,10/01/2026,15:26:11,igmm_long@node1c01.ecdf.ed.ac.,1,12
59167411,0.00038,ExonUsage_,s2556897,r,10/01/2026,15:26:11,igmm_long@node1c08.ecdf.ed.ac.,1,13
59167411,0.00038,ExonUsage_,s2556897,r,10/01/2026,15:26:11,igmm_long@node1c06.ecdf.ed.ac.,1,14
59167411,0.00038,ExonUsage_,s2556897,r,10/01/2026,15:26:11,igmm_long@node1c05.ecdf.ed.ac.,1,15
59167411,0.00038,ExonUsage_,s2556897,r,10/01/2026,15:26:11,igmm_long@node1a03.ecdf.ed.ac.,1,16
59167411,0.00038,ExonUsage_,s2556897,r,10/01/2026,15:26:11,igmm_long@node1c01.ecdf.ed.ac.,1,17
59167411,0.00038,ExonUsage_,s2556897,r,10/01/2026,15:26:11,igmm_long@node1c04.ecdf.ed.ac.,1,18
59167411,0.00038,ExonUsage_,s2556897,r,10/01/2026,15:26:11,igmm_long@node1c08.ecdf.ed.ac.,1,19
59167411,0.00038,ExonUsage_,s2556897,r,10/01/2026,15:26:11,igmm_long@node1b04.ecdf.ed.ac.,1,20
59167411,0.00038,ExonUsage_,s2556897,r,10/01/2026,15:26:11,igmm_long@node1c06.ecdf.ed.ac.,1,21
59167411,0.00038,ExonUsage_,s2556897,r,10/01/2026,15:26:11,igmm_long@node1c05.ecdf.ed.ac.,1,22
59167411,0.00038,ExonUsage_,s2556897,r,10/01/2026,15:26:11,igmm_long@node1b05.ecdf.ed.ac.,1,23
59167411,0.00038,ExonUsage_,s2556897,r,10/01/2026,15:26:11,igmm_long@node1a03.ecdf.ed.ac.,1,24
59167411,0.00038,ExonUsage_,s2556897,r,10/01/2026,15:26:11,igmm_long@node1c01.ecdf.ed.ac.,1,25
59167411,0.00038,ExonUsage_,s2556897,r,10/01/2026,15:26:11,igmm_long@node1c04.ecdf.ed.ac.,1,26
59161065,0.00038,a_r2383_16,wdewulf,r,10/01/2026,14:54:09,eddie@node1d01.ecdf.ed.ac.uk,1,1
59161065,0.00038,a_r2383_16,wdewulf,r,10/01/2026,14:54:09,eddie@node1e07.ecdf.ed.ac.uk,1,2
59161065,0.00038,a_r2383_16,wdewulf,r,10/01/2026,14:54:13,eddie@node1e03.ecdf.ed.ac.uk,1,3
59151621,0.00038,ce1,gs10us1,r,10/01/2026,04:50:39,eddie@node1l11.ecdf.ed.ac.uk,4
59166546,0.00038,GenoGVCFs_,s2740533,r,10/01/2026,14:50:08,eddie@node1d04.ecdf.ed.ac.uk,2,10
59165929,0.00038,ce2,gl02pr11,r,10/01/2026,12:51:45,eddie@node1l11.ecdf.ed.ac.uk,1
59165165,0.00038,ce1,gl02ad2,r,10/01/2026,12:29:58,eddie@node1l17.ecdf.ed.ac.uk,1
59165164,0.00038,ce1,gl02ad2,r,10/01/2026,12:29:55,eddie@node1l15.ecdf.ed.ac.uk,1
59161062,0.00038,a_r2383_18,wdewulf,r,10/01/2026,14:51:53,eddie@node1f01.ecdf.ed.ac.uk,1,5
59161062,0.00038,a_r2383_18,wdewulf,r,10/01/2026,14:51:56,eddie@node1e02.ecdf.ed.ac.uk,1,6
59161062,0.00038,a_r2383_18,wdewulf,r,10/01/2026,14:51:49,eddie@node1e07.ecdf.ed.ac.uk,1,4
59161062,0.00038,a_r2383_18,wdewulf,r,10/01/2026,14:51:35,eddie@node1f01.ecdf.ed.ac.uk,1,3
59161062,0.00038,a_r2383_18,wdewulf,r,10/01/2026,14:51:33,eddie@node1d03.ecdf.ed.ac.uk,1,2
59161059,0.00038,a_r2383_13,wdewulf,r,10/01/2026,14:51:12,eddie@node1f01.ecdf.ed.ac.uk,1,5
59161059,0.00038,a_r2383_13,wdewulf,r,10/01/2026,14:51:25,eddie@node1f05.ecdf.ed.ac.uk,1,7
59161059,0.00038,a_r2383_13,wdewulf,r,10/01/2026,14:51:16,eddie@node1d04.ecdf.ed.ac.uk,1,6
59161062,0.00038,a_r2383_18,wdewulf,r,10/01/2026,14:51:25,eddie@node1d01.ecdf.ed.ac.uk,1,1
59166546,0.00038,GenoGVCFs_,s2740533,r,10/01/2026,14:43:50,eddie@node1e10.ecdf.ed.ac.uk,2,7
59161059,0.00037,a_r2383_13,wdewulf,r,10/01/2026,14:51:01,eddie@node1e03.ecdf.ed.ac.uk,1,4
59151490,0.00037,ce1,gs10us1,r,10/01/2026,04:47:08,eddie@node1l16.ecdf.ed.ac.uk,4
59150638,0.00037,ce1,gs10us1,r,10/01/2026,04:11:30,eddie@node1l17.ecdf.ed.ac.uk,4
59166546,0.00037,GenoGVCFs_,s2740533,r,10/01/2026,14:44:49,eddie@node1d01.ecdf.ed.ac.uk,2,8
59166546,0.00037,GenoGVCFs_,s2740533,r,10/01/2026,14:45:18,eddie@node1e05.ecdf.ed.ac.uk,2,9
59161059,0.00037,a_r2383_13,wdewulf,r,10/01/2026,14:45:26,eddie@node1d10.ecdf.ed.ac.uk,1,3
59161059,0.00037,a_r2383_13,wdewulf,r,10/01/2026,14:44:49,eddie@node1d01.ecdf.ed.ac.uk,1,2
59161059,0.00037,a_r2383_13,wdewulf,r,10/01/2026,14:44:38,eddie@node1e03.ecdf.ed.ac.uk,1,1
59161057,0.00036,d_R2333_15,wdewulf,r,10/01/2026,14:44:17,eddie@node1f04.ecdf.ed.ac.uk,1,2
59161051,0.00036,c_R2333_15,wdewulf,r,10/01/2026,14:43:28,eddie@node1e04.ecdf.ed.ac.uk,1,2
59161053,0.00036,c_R2333_16,wdewulf,r,10/01/2026,14:43:28,eddie@node1e05.ecdf.ed.ac.uk,1,1
59161053,0.00036,c_R2333_16,wdewulf,r,10/01/2026,14:43:29,eddie@node1d02.ecdf.ed.ac.uk,1,2
59161053,0.00036,c_R2333_16,wdewulf,r,10/01/2026,14:43:46,eddie@node1e04.ecdf.ed.ac.uk,1,3
59161055,0.00036,d_R2333_21,wdewulf,r,10/01/2026,14:43:46,eddie@node1i24.ecdf.ed.ac.uk,1,1
59161057,0.00036,d_R2333_15,wdewulf,r,10/01/2026,14:43:50,eddie@node1e10.ecdf.ed.ac.uk,1,1
59150740,0.00036,ce1,gs10us1,r,10/01/2026,04:16:33,eddie@node1l15.ecdf.ed.ac.uk,4
59151622,0.00036,ce1,gs10us1,r,10/01/2026,04:52:00,eddie@node1l13.ecdf.ed.ac.uk,4
59150761,0.00036,ce1,gs10us1,r,10/01/2026,04:19:37,eddie@node1l18.ecdf.ed.ac.uk,4
59151623,0.00036,ce1,gs10us1,r,10/01/2026,05:02:44,eddie@node1l13.ecdf.ed.ac.uk,4
59151624,0.00036,ce1,gs10us1,r,10/01/2026,05:05:52,eddie@node1l16.ecdf.ed.ac.uk,4
59150760,0.00036,ce1,gs10us1,r,10/01/2026,04:16:38,eddie@node1l13.ecdf.ed.ac.uk,4
59150863,0.00035,ce1,gs10us1,r,10/01/2026,04:22:31,eddie@node1l14.ecdf.ed.ac.uk,4
59161049,0.00035,c_R2333_19,wdewulf,r,10/01/2026,14:39:06,eddie@node1e04.ecdf.ed.ac.uk,1,2
59161049,0.00035,c_R2333_19,wdewulf,r,10/01/2026,14:39:06,eddie@node1e04.ecdf.ed.ac.uk,1,3
59161047,0.00035,b_R2333_16,wdewulf,r,10/01/2026,14:38:54,eddie@node1f04.ecdf.ed.ac.uk,1,3
59161049,0.00035,c_R2333_19,wdewulf,r,10/01/2026,14:38:54,eddie@node1e09.ecdf.ed.ac.uk,1,1
59161051,0.00035,c_R2333_15,wdewulf,r,10/01/2026,14:39:12,eddie@node1f04.ecdf.ed.ac.uk,1,1
59161047,0.00035,b_R2333_16,wdewulf,r,10/01/2026,14:38:48,eddie@node1d10.ecdf.ed.ac.uk,1,2
59161039,0.00035,a_R2333_16,wdewulf,r,10/01/2026,14:37:47,eddie@node1e06.ecdf.ed.ac.uk,1,3
59161047,0.00035,b_R2333_16,wdewulf,r,10/01/2026,14:38:31,eddie@node1d02.ecdf.ed.ac.uk,1,1
59161044,0.00035,b_R2333_15,wdewulf,r,10/01/2026,14:38:19,eddie@node1e07.ecdf.ed.ac.uk,1,2
59161041,0.00035,b_R2333_19,wdewulf,r,10/01/2026,14:37:47,eddie@node1d02.ecdf.ed.ac.uk,1,1
59161041,0.00035,b_R2333_19,wdewulf,r,10/01/2026,14:37:47,eddie@node1d02.ecdf.ed.ac.uk,1,2
59161041,0.00035,b_R2333_19,wdewulf,r,10/01/2026,14:37:47,eddie@node1d02.ecdf.ed.ac.uk,1,3
59161044,0.00035,b_R2333_15,wdewulf,r,10/01/2026,14:37:56,eddie@node1e07.ecdf.ed.ac.uk,1,1
59161039,0.00035,a_R2333_16,wdewulf,r,10/01/2026,14:37:19,eddie@node1e08.ecdf.ed.ac.uk,1,1
59161039,0.00035,a_R2333_16,wdewulf,r,10/01/2026,14:37:19,eddie@node1d10.ecdf.ed.ac.uk,1,2
59166833,0.00035,PSVMpermfi,s2017658,r,10/01/2026,13:14:10,eddie@node1e09.ecdf.ed.ac.uk,1,11
59166833,0.00035,PSVMpermfi,s2017658,r,10/01/2026,13:14:06,eddie@node1d02.ecdf.ed.ac.uk,1,10
59161037,0.00035,a_R2333_15,wdewulf,r,10/01/2026,14:36:52,eddie@node1d09.ecdf.ed.ac.uk,1,2
59161037,0.00035,a_R2333_15,wdewulf,r,10/01/2026,14:35:06,eddie@node1e10.ecdf.ed.ac.uk,1,1
59161035,0.00035,a_R2333_22,wdewulf,r,10/01/2026,14:35:01,eddie@node1e05.ecdf.ed.ac.uk,1,1
59161031,0.00035,a_R2333_19,wdewulf,r,10/01/2026,14:34:48,eddie@node1e05.ecdf.ed.ac.uk,1,3
59161027,0.00034,d_r2375_14,wdewulf,r,10/01/2026,14:29:43,eddie@node1d06.ecdf.ed.ac.uk,1,4
59161031,0.00034,a_R2333_19,wdewulf,r,10/01/2026,14:29:43,eddie@node1d06.ecdf.ed.ac.uk,1,1
59161031,0.00034,a_R2333_19,wdewulf,r,10/01/2026,14:29:43,eddie@node1d06.ecdf.ed.ac.uk,1,2
59161025,0.00034,d_r2375_06,wdewulf,r,10/01/2026,14:28:26,eddie@node1f03.ecdf.ed.ac.uk,1,2
59161025,0.00034,d_r2375_06,wdewulf,r,10/01/2026,14:28:26,eddie@node1d01.ecdf.ed.ac.uk,1,3
59161025,0.00034,d_r2375_06,wdewulf,r,10/01/2026,14:28:26,eddie@node1d01.ecdf.ed.ac.uk,1,4
59161025,0.00034,d_r2375_06,wdewulf,r,10/01/2026,14:28:26,eddie@node1d01.ecdf.ed.ac.uk,1,5
59161027,0.00034,d_r2375_14,wdewulf,r,10/01/2026,14:28:48,eddie@node1d06.ecdf.ed.ac.uk,1,3
59161027,0.00034,d_r2375_14,wdewulf,r,10/01/2026,14:28:30,eddie@node1e01.ecdf.ed.ac.uk,1,1
59161027,0.00034,d_r2375_14,wdewulf,r,10/01/2026,14:28:46,eddie@node1e02.ecdf.ed.ac.uk,1,2
59161025,0.00034,d_r2375_06,wdewulf,r,10/01/2026,14:28:17,eddie@node1e10.ecdf.ed.ac.uk,1,1
59135310,0.00034,l0p01_L409,s2563493,r,09/30/2026,15:38:57,gpu@node1o02.ecdf.ed.ac.uk,1
59161022,0.00034,d_r2375_13,wdewulf,r,10/01/2026,14:27:59,eddie@node1e06.ecdf.ed.ac.uk,1,6
59161022,0.00034,d_r2375_13,wdewulf,r,10/01/2026,14:27:38,eddie@node1e10.ecdf.ed.ac.uk,1,5
59161022,0.00033,d_r2375_13,wdewulf,r,10/01/2026,14:26:38,eddie@node1e10.ecdf.ed.ac.uk,1,3
59161022,0.00033,d_r2375_13,wdewulf,r,10/01/2026,14:27:15,eddie@node1d10.ecdf.ed.ac.uk,1,4
59161022,0.00033,d_r2375_13,wdewulf,r,10/01/2026,14:26:33,eddie@node1f05.ecdf.ed.ac.uk,1,2
59161022,0.00033,d_r2375_13,wdewulf,r,10/01/2026,14:26:30,eddie@node1d10.ecdf.ed.ac.uk,1,1
59161020,0.00033,d_r2375_21,wdewulf,r,10/01/2026,14:24:52,eddie@node1e06.ecdf.ed.ac.uk,1,2
59161020,0.00033,d_r2375_21,wdewulf,r,10/01/2026,14:25:11,eddie@node1e05.ecdf.ed.ac.uk,1,3
59161020,0.00033,d_r2375_21,wdewulf,r,10/01/2026,14:25:14,eddie@node1e05.ecdf.ed.ac.uk,1,4
59161014,0.00033,c_r2375_14,wdewulf,r,10/01/2026,14:23:18,eddie@node1f05.ecdf.ed.ac.uk,1,1
59161014,0.00033,c_r2375_14,wdewulf,r,10/01/2026,14:23:35,eddie@node1d09.ecdf.ed.ac.uk,1,2
59161014,0.00033,c_r2375_14,wdewulf,r,10/01/2026,14:23:35,eddie@node1e02.ecdf.ed.ac.uk,1,3
59161014,0.00033,c_r2375_14,wdewulf,r,10/01/2026,14:23:35,eddie@node1e02.ecdf.ed.ac.uk,1,4
59161016,0.00033,c_r2375_30,wdewulf,r,10/01/2026,14:23:35,eddie@node1e02.ecdf.ed.ac.uk,1,1
59161016,0.00033,c_r2375_30,wdewulf,r,10/01/2026,14:23:35,eddie@node1e02.ecdf.ed.ac.uk,1,2
59161020,0.00033,d_r2375_21,wdewulf,r,10/01/2026,14:24:04,eddie@node1f05.ecdf.ed.ac.uk,1,1
59161016,0.00033,c_r2375_30,wdewulf,r,10/01/2026,14:23:54,eddie@node1d09.ecdf.ed.ac.uk,1,4
59161016,0.00033,c_r2375_30,wdewulf,r,10/01/2026,14:23:40,eddie@node1d09.ecdf.ed.ac.uk,1,3
59161012,0.00033,c_r2375_09,wdewulf,r,10/01/2026,14:22:22,eddie@node1d09.ecdf.ed.ac.uk,1,2
59161007,0.00033,c_r2375_29,wdewulf,r,10/01/2026,14:22:01,eddie@node1e02.ecdf.ed.ac.uk,1,1
59161007,0.00033,c_r2375_29,wdewulf,r,10/01/2026,14:22:01,eddie@node1e02.ecdf.ed.ac.uk,1,2
59161009,0.00033,c_r2375_21,wdewulf,r,10/01/2026,14:22:01,eddie@node1e02.ecdf.ed.ac.uk,1,1
59161009,0.00033,c_r2375_21,wdewulf,r,10/01/2026,14:22:01,eddie@node1e02.ecdf.ed.ac.uk,1,2
59161009,0.00033,c_r2375_21,wdewulf,r,10/01/2026,14:22:06,eddie@node1e02.ecdf.ed.ac.uk,1,3
59161009,0.00033,c_r2375_21,wdewulf,r,10/01/2026,14:22:06,eddie@node1e02.ecdf.ed.ac.uk,1,4
59161009,0.00033,c_r2375_21,wdewulf,r,10/01/2026,14:22:06,eddie@node1e02.ecdf.ed.ac.uk,1,5
59161009,0.00033,c_r2375_21,wdewulf,r,10/01/2026,14:22:06,eddie@node1e02.ecdf.ed.ac.uk,1,6
59161012,0.00033,c_r2375_09,wdewulf,r,10/01/2026,14:22:06,eddie@node1e09.ecdf.ed.ac.uk,1,1
59161004,0.00033,c_r2375_05,wdewulf,r,10/01/2026,14:21:48,eddie@node1d02.ecdf.ed.ac.uk,1,2
59161004,0.00033,c_r2375_05,wdewulf,r,10/01/2026,14:21:33,eddie@node1e08.ecdf.ed.ac.uk,1,1
59161002,0.00033,c_r2375_13,wdewulf,r,10/01/2026,14:21:02,eddie@node1f04.ecdf.ed.ac.uk,1,6
59161002,0.00033,c_r2375_13,wdewulf,r,10/01/2026,14:20:56,eddie@node1d04.ecdf.ed.ac.uk,1,5
59161002,0.00033,c_r2375_13,wdewulf,r,10/01/2026,14:20:51,eddie@node1f01.ecdf.ed.ac.uk,1,4
59161002,0.00033,c_r2375_13,wdewulf,r,10/01/2026,14:20:46,eddie@node1d09.ecdf.ed.ac.uk,1,3
59161002,0.00033,c_r2375_13,wdewulf,r,10/01/2026,14:20:06,eddie@node1e09.ecdf.ed.ac.uk,1,2
59160997,0.00032,c_r2375_18,wdewulf,r,10/01/2026,14:19:31,eddie@node1f04.ecdf.ed.ac.uk,1,5
59160997,0.00032,c_r2375_18,wdewulf,r,10/01/2026,14:19:31,eddie@node1f05.ecdf.ed.ac.uk,1,6
59160999,0.00032,c_r2375_26,wdewulf,r,10/01/2026,14:19:33,eddie@node1d01.ecdf.ed.ac.uk,1,1
59160999,0.00032,c_r2375_26,wdewulf,r,10/01/2026,14:19:38,eddie@node1f05.ecdf.ed.ac.uk,1,2
59160999,0.00032,c_r2375_26,wdewulf,r,10/01/2026,14:19:52,eddie@node1d09.ecdf.ed.ac.uk,1,3
59160997,0.00032,c_r2375_18,wdewulf,r,10/01/2026,14:19:23,eddie@node1i24.ecdf.ed.ac.uk,1,2
59161002,0.00032,c_r2375_13,wdewulf,r,10/01/2026,14:20:02,eddie@node1d09.ecdf.ed.ac.uk,1,1
59160997,0.00032,c_r2375_18,wdewulf,r,10/01/2026,14:19:29,eddie@node1e10.ecdf.ed.ac.uk,1,3
59160997,0.00032,c_r2375_18,wdewulf,r,10/01/2026,14:19:29,eddie@node1e10.ecdf.ed.ac.uk,1,4
59160997,0.00032,c_r2375_18,wdewulf,r,10/01/2026,14:19:19,eddie@node1d09.ecdf.ed.ac.uk,1,1
59160994,0.00032,c_r2375_07,wdewulf,r,10/01/2026,14:19:09,eddie@node1e08.ecdf.ed.ac.uk,1,6
59160992,0.00032,c_r2375_01,wdewulf,r,10/01/2026,14:18:38,eddie@node1e10.ecdf.ed.ac.uk,1,5
59160994,0.00032,c_r2375_07,wdewulf,r,10/01/2026,14:18:38,eddie@node1e01.ecdf.ed.ac.uk,1,1
59160994,0.00032,c_r2375_07,wdewulf,r,10/01/2026,14:18:45,eddie@node1f05.ecdf.ed.ac.uk,1,2
59160994,0.00032,c_r2375_07,wdewulf,r,10/01/2026,14:19:00,eddie@node1f04.ecdf.ed.ac.uk,1,3
59160994,0.00032,c_r2375_07,wdewulf,r,10/01/2026,14:19:00,eddie@node1f04.ecdf.ed.ac.uk,1,4
59160994,0.00032,c_r2375_07,wdewulf,r,10/01/2026,14:19:00,eddie@node1f04.ecdf.ed.ac.uk,1,5
59160990,0.00032,c_r2375_28,wdewulf,r,10/01/2026,14:17:55,eddie@node1e08.ecdf.ed.ac.uk,1,2
59160992,0.00032,c_r2375_01,wdewulf,r,10/01/2026,14:17:55,eddie@node1e01.ecdf.ed.ac.uk,1,1
59160987,0.00032,c_r2375_06,wdewulf,r,10/01/2026,14:17:51,eddie@node1d09.ecdf.ed.ac.uk,1,5
59160990,0.00032,c_r2375_28,wdewulf,r,10/01/2026,14:17:51,eddie@node1e09.ecdf.ed.ac.uk,1,1
59160987,0.00032,c_r2375_06,wdewulf,r,10/01/2026,14:17:44,eddie@node1f01.ecdf.ed.ac.uk,1,3
59160987,0.00032,c_r2375_06,wdewulf,r,10/01/2026,14:17:44,eddie@node1d01.ecdf.ed.ac.uk,1,4
59160992,0.00032,c_r2375_01,wdewulf,r,10/01/2026,14:18:05,eddie@node1f03.ecdf.ed.ac.uk,1,2
59160992,0.00032,c_r2375_01,wdewulf,r,10/01/2026,14:18:08,eddie@node1d02.ecdf.ed.ac.uk,1,3
59160987,0.00032,c_r2375_06,wdewulf,r,10/01/2026,14:17:40,eddie@node1d02.ecdf.ed.ac.uk,1,2
59160992,0.00032,c_r2375_01,wdewulf,r,10/01/2026,14:18:14,eddie@node1d04.ecdf.ed.ac.uk,1,4
59160987,0.00032,c_r2375_06,wdewulf,r,10/01/2026,14:17:37,eddie@node1f05.ecdf.ed.ac.uk,1,1
59160985,0.00032,c_r2375_19,wdewulf,r,10/01/2026,14:17:26,eddie@node1f03.ecdf.ed.ac.uk,1,7
59160985,0.00032,c_r2375_19,wdewulf,r,10/01/2026,14:16:43,eddie@node1f04.ecdf.ed.ac.uk,1,6
59160985,0.00032,c_r2375_19,wdewulf,r,10/01/2026,14:16:31,eddie@node1f04.ecdf.ed.ac.uk,1,5
59166833,0.00032,PSVMpermfi,s2017658,r,10/01/2026,13:14:13,eddie@node1f05.ecdf.ed.ac.uk,1,12
59160985,0.00032,c_r2375_19,wdewulf,r,10/01/2026,14:15:39,eddie@node1f05.ecdf.ed.ac.uk,1,1
59160985,0.00032,c_r2375_19,wdewulf,r,10/01/2026,14:15:39,eddie@node1f05.ecdf.ed.ac.uk,1,2
59160985,0.00032,c_r2375_19,wdewulf,r,10/01/2026,14:15:44,eddie@node1f04.ecdf.ed.ac.uk,1,3
59160985,0.00032,c_r2375_19,wdewulf,r,10/01/2026,14:15:45,eddie@node1e10.ecdf.ed.ac.uk,1,4
59160983,0.00032,c_r2375_31,wdewulf,r,10/01/2026,14:15:11,eddie@node1e07.ecdf.ed.ac.uk,1,4
59160983,0.00032,c_r2375_31,wdewulf,r,10/01/2026,14:15:30,eddie@node1d03.ecdf.ed.ac.uk,1,5
59160983,0.00032,c_r2375_31,wdewulf,r,10/01/2026,14:15:32,eddie@node1d10.ecdf.ed.ac.uk,1,6
59160983,0.00032,c_r2375_31,wdewulf,r,10/01/2026,14:14:51,eddie@node1e09.ecdf.ed.ac.uk,1,3
59160983,0.00032,c_r2375_31,wdewulf,r,10/01/2026,14:14:42,eddie@node1e09.ecdf.ed.ac.uk,1,2
59160983,0.00032,c_r2375_31,wdewulf,r,10/01/2026,14:14:39,eddie@node1f01.ecdf.ed.ac.uk,1,1
59160981,0.00032,c_r2375_15,wdewulf,r,10/01/2026,14:14:27,eddie@node1d04.ecdf.ed.ac.uk,1,6
59160981,0.00032,c_r2375_15,wdewulf,r,10/01/2026,14:14:23,eddie@node1e10.ecdf.ed.ac.uk,1,4
59160981,0.00032,c_r2375_15,wdewulf,r,10/01/2026,14:14:23,eddie@node1f03.ecdf.ed.ac.uk,1,5
59160981,0.00032,c_r2375_15,wdewulf,r,10/01/2026,14:14:01,eddie@node1e02.ecdf.ed.ac.uk,1,1
59160981,0.00032,c_r2375_15,wdewulf,r,10/01/2026,14:14:01,eddie@node1e02.ecdf.ed.ac.uk,1,2
59160981,0.00032,c_r2375_15,wdewulf,r,10/01/2026,14:14:06,eddie@node1i24.ecdf.ed.ac.uk,1,3
58049445,0.00032,h_Wetland_,s2719294,r,09/04/2026,14:53:08,eddie@node1m23.ecdf.ed.ac.uk,2
59160978,0.00032,c_r2375_03,wdewulf,r,10/01/2026,14:13:40,eddie@node1e08.ecdf.ed.ac.uk,1,1
59160978,0.00032,c_r2375_03,wdewulf,r,10/01/2026,14:13:40,eddie@node1e09.ecdf.ed.ac.uk,1,2
59160976,0.00032,c_r2375_02,wdewulf,r,10/01/2026,14:13:22,eddie@node1e05.ecdf.ed.ac.uk,1,4
59160976,0.00032,c_r2375_02,wdewulf,r,10/01/2026,14:13:22,eddie@node1f05.ecdf.ed.ac.uk,1,5
59160974,0.00032,b_r2375_30,wdewulf,r,10/01/2026,14:13:10,eddie@node1e03.ecdf.ed.ac.uk,1,4
59160974,0.00032,b_r2375_30,wdewulf,r,10/01/2026,14:13:10,eddie@node1e03.ecdf.ed.ac.uk,1,5
59160976,0.00032,c_r2375_02,wdewulf,r,10/01/2026,14:13:10,eddie@node1e03.ecdf.ed.ac.uk,1,1
59160976,0.00032,c_r2375_02,wdewulf,r,10/01/2026,14:13:10,eddie@node1d03.ecdf.ed.ac.uk,1,2
59160976,0.00032,c_r2375_02,wdewulf,r,10/01/2026,14:13:15,eddie@node1d09.ecdf.ed.ac.uk,1,3
59131475,0.00032,step7_gate,yhu5,r,09/30/2026,13:37:54,eddie@node1f09.ecdf.ed.ac.uk,4,431
59160972,0.00032,b_r2375_14,wdewulf,r,10/01/2026,14:13:01,eddie@node1e01.ecdf.ed.ac.uk,1,3
59160972,0.00032,b_r2375_14,wdewulf,r,10/01/2026,14:13:01,eddie@node1d01.ecdf.ed.ac.uk,1,4
59160974,0.00032,b_r2375_30,wdewulf,r,10/01/2026,14:13:01,eddie@node1d01.ecdf.ed.ac.uk,1,1
59160974,0.00032,b_r2375_30,wdewulf,r,10/01/2026,14:13:01,eddie@node1d01.ecdf.ed.ac.uk,1,2
59160974,0.00032,b_r2375_30,wdewulf,r,10/01/2026,14:13:01,eddie@node1d01.ecdf.ed.ac.uk,1,3
59160972,0.00032,b_r2375_14,wdewulf,r,10/01/2026,14:12:59,eddie@node1d10.ecdf.ed.ac.uk,1,2
59166354,0.00032,GenoGVCFs_,s2740533,r,10/01/2026,14:09:44,eddie@node1e10.ecdf.ed.ac.uk,2,32
59160967,0.00032,b_r2375_21,wdewulf,r,10/01/2026,14:12:35,eddie@node1e02.ecdf.ed.ac.uk,1,6
59160969,0.00032,b_r2375_09,wdewulf,r,10/01/2026,14:12:40,eddie@node1d06.ecdf.ed.ac.uk,1,2
59160969,0.00032,b_r2375_09,wdewulf,r,10/01/2026,14:12:39,eddie@node1e01.ecdf.ed.ac.uk,1,1
59160972,0.00032,b_r2375_14,wdewulf,r,10/01/2026,14:12:43,eddie@node1e10.ecdf.ed.ac.uk,1,1
59160967,0.00032,b_r2375_21,wdewulf,r,10/01/2026,14:12:13,eddie@node1e01.ecdf.ed.ac.uk,1,1
59160967,0.00032,b_r2375_21,wdewulf,r,10/01/2026,14:12:13,eddie@node1d02.ecdf.ed.ac.uk,1,2
59160967,0.00032,b_r2375_21,wdewulf,r,10/01/2026,14:12:28,eddie@node1d01.ecdf.ed.ac.uk,1,5
59160967,0.00032,b_r2375_21,wdewulf,r,10/01/2026,14:12:13,eddie@node1f03.ecdf.ed.ac.uk,1,3
59160967,0.00032,b_r2375_21,wdewulf,r,10/01/2026,14:12:17,eddie@node1d03.ecdf.ed.ac.uk,1,4
59160965,0.00031,b_r2375_29,wdewulf,r,10/01/2026,14:12:03,eddie@node1d02.ecdf.ed.ac.uk,1,4
59160938,0.00031,b_r2375_31,wdewulf,r,10/01/2026,14:09:44,eddie@node1e10.ecdf.ed.ac.uk,1,4
59160938,0.00031,b_r2375_31,wdewulf,r,10/01/2026,14:09:44,eddie@node1e08.ecdf.ed.ac.uk,1,5
59160938,0.00031,b_r2375_31,wdewulf,r,10/01/2026,14:09:44,eddie@node1e01.ecdf.ed.ac.uk,1,6
59160940,0.00031,b_r2375_15,wdewulf,r,10/01/2026,14:09:44,eddie@node1e08.ecdf.ed.ac.uk,1,1
59160940,0.00031,b_r2375_15,wdewulf,r,10/01/2026,14:09:44,eddie@node1e01.ecdf.ed.ac.uk,1,2
59160940,0.00031,b_r2375_15,wdewulf,r,10/01/2026,14:09:44,eddie@node1e08.ecdf.ed.ac.uk,1,3
59160940,0.00031,b_r2375_15,wdewulf,r,10/01/2026,14:09:44,eddie@node1e10.ecdf.ed.ac.uk,1,4
59160940,0.00031,b_r2375_15,wdewulf,r,10/01/2026,14:09:44,eddie@node1e01.ecdf.ed.ac.uk,1,5
59160940,0.00031,b_r2375_15,wdewulf,r,10/01/2026,14:09:44,eddie@node1e08.ecdf.ed.ac.uk,1,6
59160943,0.00031,b_r2375_19,wdewulf,r,10/01/2026,14:09:44,eddie@node1e01.ecdf.ed.ac.uk,1,1
59160943,0.00031,b_r2375_19,wdewulf,r,10/01/2026,14:09:44,eddie@node1e08.ecdf.ed.ac.uk,1,2
59160943,0.00031,b_r2375_19,wdewulf,r,10/01/2026,14:09:44,eddie@node1e01.ecdf.ed.ac.uk,1,3
59160943,0.00031,b_r2375_19,wdewulf,r,10/01/2026,14:09:44,eddie@node1e08.ecdf.ed.ac.uk,1,4
59160943,0.00031,b_r2375_19,wdewulf,r,10/01/2026,14:09:44,eddie@node1d01.ecdf.ed.ac.uk,1,5
59160943,0.00031,b_r2375_19,wdewulf,r,10/01/2026,14:09:44,eddie@node1e01.ecdf.ed.ac.uk,1,6
59160943,0.00031,b_r2375_19,wdewulf,r,10/01/2026,14:09:44,eddie@node1d01.ecdf.ed.ac.uk,1,7
59160945,0.00031,b_r2375_06,wdewulf,r,10/01/2026,14:09:44,eddie@node1e01.ecdf.ed.ac.uk,1,1
59160945,0.00031,b_r2375_06,wdewulf,r,10/01/2026,14:09:44,eddie@node1d01.ecdf.ed.ac.uk,1,2
59160945,0.00031,b_r2375_06,wdewulf,r,10/01/2026,14:09:44,eddie@node1e01.ecdf.ed.ac.uk,1,3
59160945,0.00031,b_r2375_06,wdewulf,r,10/01/2026,14:09:44,eddie@node1d01.ecdf.ed.ac.uk,1,4
59160947,0.00031,b_r2375_27,wdewulf,r,10/01/2026,14:09:44,eddie@node1f05.ecdf.ed.ac.uk,1,1
59160947,0.00031,b_r2375_27,wdewulf,r,10/01/2026,14:09:44,eddie@node1d01.ecdf.ed.ac.uk,1,2
59160947,0.00031,b_r2375_27,wdewulf,r,10/01/2026,14:09:44,eddie@node1f05.ecdf.ed.ac.uk,1,3
59160947,0.00031,b_r2375_27,wdewulf,r,10/01/2026,14:09:44,eddie@node1d01.ecdf.ed.ac.uk,1,4
59160949,0.00031,b_r2375_28,wdewulf,r,10/01/2026,14:09:44,eddie@node1f05.ecdf.ed.ac.uk,1,1
59160949,0.00031,b_r2375_28,wdewulf,r,10/01/2026,14:09:44,eddie@node1d01.ecdf.ed.ac.uk,1,2
59160952,0.00031,b_r2375_01,wdewulf,r,10/01/2026,14:09:44,eddie@node1f05.ecdf.ed.ac.uk,1,1
59160952,0.00031,b_r2375_01,wdewulf,r,10/01/2026,14:09:44,eddie@node1d01.ecdf.ed.ac.uk,1,2
59160952,0.00031,b_r2375_01,wdewulf,r,10/01/2026,14:09:44,eddie@node1f05.ecdf.ed.ac.uk,1,3
59160952,0.00031,b_r2375_01,wdewulf,r,10/01/2026,14:09:44,eddie@node1f05.ecdf.ed.ac.uk,1,4
59160952,0.00031,b_r2375_01,wdewulf,r,10/01/2026,14:09:44,eddie@node1f05.ecdf.ed.ac.uk,1,5
59160954,0.00031,b_r2375_07,wdewulf,r,10/01/2026,14:09:44,eddie@node1f05.ecdf.ed.ac.uk,1,1
59160954,0.00031,b_r2375_07,wdewulf,r,10/01/2026,14:09:44,eddie@node1d10.ecdf.ed.ac.uk,1,2
59160954,0.00031,b_r2375_07,wdewulf,r,10/01/2026,14:09:44,eddie@node1d10.ecdf.ed.ac.uk,1,3
59160954,0.00031,b_r2375_07,wdewulf,r,10/01/2026,14:09:44,eddie@node1d10.ecdf.ed.ac.uk,1,4
59160954,0.00031,b_r2375_07,wdewulf,r,10/01/2026,14:09:44,eddie@node1d10.ecdf.ed.ac.uk,1,5
59160954,0.00031,b_r2375_07,wdewulf,r,10/01/2026,14:09:44,eddie@node1d10.ecdf.ed.ac.uk,1,6
59160956,0.00031,b_r2375_18,wdewulf,r,10/01/2026,14:09:44,eddie@node1d10.ecdf.ed.ac.uk,1,1
59160956,0.00031,b_r2375_18,wdewulf,r,10/01/2026,14:09:44,eddie@node1d10.ecdf.ed.ac.uk,1,2
59160956,0.00031,b_r2375_18,wdewulf,r,10/01/2026,14:09:44,eddie@node1i24.ecdf.ed.ac.uk,1,3
59160956,0.00031,b_r2375_18,wdewulf,r,10/01/2026,14:09:44,eddie@node1d10.ecdf.ed.ac.uk,1,4
59160938,0.00031,b_r2375_31,wdewulf,r,10/01/2026,14:09:27,eddie@node1d03.ecdf.ed.ac.uk,1,3
59160926,0.00031,a_r2375_29,wdewulf,r,10/01/2026,14:08:46,eddie@node1f01.ecdf.ed.ac.uk,1,2
59160926,0.00031,a_r2375_29,wdewulf,r,10/01/2026,14:08:46,eddie@node1f04.ecdf.ed.ac.uk,1,3
59160926,0.00031,a_r2375_29,wdewulf,r,10/01/2026,14:08:46,eddie@node1f04.ecdf.ed.ac.uk,1,4
59160928,0.00031,a_r2375_21,wdewulf,r,10/01/2026,14:08:46,eddie@node1f01.ecdf.ed.ac.uk,1,1
59160928,0.00031,a_r2375_21,wdewulf,r,10/01/2026,14:08:46,eddie@node1f04.ecdf.ed.ac.uk,1,2
59160928,0.00031,a_r2375_21,wdewulf,r,10/01/2026,14:08:46,eddie@node1f01.ecdf.ed.ac.uk,1,3
59160928,0.00031,a_r2375_21,wdewulf,r,10/01/2026,14:08:46,eddie@node1f04.ecdf.ed.ac.uk,1,4
59160928,0.00031,a_r2375_21,wdewulf,r,10/01/2026,14:08:46,eddie@node1e03.ecdf.ed.ac.uk,1,5
59160928,0.00031,a_r2375_21,wdewulf,r,10/01/2026,14:08:46,eddie@node1d04.ecdf.ed.ac.uk,1,6
59160930,0.00031,a_r2375_14,wdewulf,r,10/01/2026,14:08:46,eddie@node1d04.ecdf.ed.ac.uk,1,1
59160930,0.00031,a_r2375_14,wdewulf,r,10/01/2026,14:08:46,eddie@node1d04.ecdf.ed.ac.uk,1,2
59160930,0.00031,a_r2375_14,wdewulf,r,10/01/2026,14:08:46,eddie@node1d04.ecdf.ed.ac.uk,1,3
59160930,0.00031,a_r2375_14,wdewulf,r,10/01/2026,14:08:46,eddie@node1d06.ecdf.ed.ac.uk,1,4
59160932,0.00031,a_r2375_30,wdewulf,r,10/01/2026,14:08:46,eddie@node1d04.ecdf.ed.ac.uk,1,1
59160932,0.00031,a_r2375_30,wdewulf,r,10/01/2026,14:08:46,eddie@node1d06.ecdf.ed.ac.uk,1,2
59160932,0.00031,a_r2375_30,wdewulf,r,10/01/2026,14:08:46,eddie@node1d04.ecdf.ed.ac.uk,1,3
59160932,0.00031,a_r2375_30,wdewulf,r,10/01/2026,14:08:46,eddie@node1d06.ecdf.ed.ac.uk,1,4
59160932,0.00031,a_r2375_30,wdewulf,r,10/01/2026,14:08:46,eddie@node1d06.ecdf.ed.ac.uk,1,5
59160962,0.00031,b_r2375_05,wdewulf,r,10/01/2026,14:11:09,eddie@node1e10.ecdf.ed.ac.uk,1,2
59160965,0.00031,b_r2375_29,wdewulf,r,10/01/2026,14:11:19,eddie@node1e09.ecdf.ed.ac.uk,1,2
59160965,0.00031,b_r2375_29,wdewulf,r,10/01/2026,14:11:19,eddie@node1d10.ecdf.ed.ac.uk,1,3
59160938,0.00031,b_r2375_31,wdewulf,r,10/01/2026,14:09:20,eddie@node1d03.ecdf.ed.ac.uk,1,1
59160936,0.00031,b_r2375_03,wdewulf,r,10/01/2026,14:09:19,eddie@node1d04.ecdf.ed.ac.uk,1,2
59160965,0.00031,b_r2375_29,wdewulf,r,10/01/2026,14:11:12,eddie@node1d01.ecdf.ed.ac.uk,1,1
59160938,0.00031,b_r2375_31,wdewulf,r,10/01/2026,14:09:23,eddie@node1f01.ecdf.ed.ac.uk,1,2
59160962,0.00031,b_r2375_05,wdewulf,r,10/01/2026,14:10:45,eddie@node1f05.ecdf.ed.ac.uk,1,1
59160926,0.00031,a_r2375_29,wdewulf,r,10/01/2026,14:08:26,eddie@node1e01.ecdf.ed.ac.uk,1,1
59160934,0.00031,b_r2375_02,wdewulf,r,10/01/2026,14:09:01,eddie@node1d01.ecdf.ed.ac.uk,1,3
59160934,0.00031,b_r2375_02,wdewulf,r,10/01/2026,14:08:56,eddie@node1f04.ecdf.ed.ac.uk,1,2
59160934,0.00031,b_r2375_02,wdewulf,r,10/01/2026,14:09:01,eddie@node1f05.ecdf.ed.ac.uk,1,4
59160934,0.00031,b_r2375_02,wdewulf,r,10/01/2026,14:09:01,eddie@node1d10.ecdf.ed.ac.uk,1,5
59160924,0.00031,a_r2375_13,wdewulf,r,10/01/2026,14:08:20,eddie@node1d01.ecdf.ed.ac.uk,1,6
59160936,0.00031,b_r2375_03,wdewulf,r,10/01/2026,14:09:05,eddie@node1e08.ecdf.ed.ac.uk,1,1
59160924,0.00031,a_r2375_13,wdewulf,r,10/01/2026,14:08:11,eddie@node1d09.ecdf.ed.ac.uk,1,5
59160960,0.00031,b_r2375_13,wdewulf,r,10/01/2026,14:10:28,eddie@node1f05.ecdf.ed.ac.uk,1,3
59160960,0.00031,b_r2375_13,wdewulf,r,10/01/2026,14:10:44,eddie@node1e06.ecdf.ed.ac.uk,1,6
59160960,0.00031,b_r2375_13,wdewulf,r,10/01/2026,14:10:31,eddie@node1d01.ecdf.ed.ac.uk,1,4
59160960,0.00031,b_r2375_13,wdewulf,r,10/01/2026,14:10:40,eddie@node1e10.ecdf.ed.ac.uk,1,5
59160956,0.00031,b_r2375_18,wdewulf,r,10/01/2026,14:10:09,eddie@node1e09.ecdf.ed.ac.uk,1,6
59160958,0.00031,b_r2375_26,wdewulf,r,10/01/2026,14:10:09,eddie@node1e09.ecdf.ed.ac.uk,1,1
59160958,0.00031,b_r2375_26,wdewulf,r,10/01/2026,14:10:09,eddie@node1e09.ecdf.ed.ac.uk,1,2
59160958,0.00031,b_r2375_26,wdewulf,r,10/01/2026,14:10:09,eddie@node1e09.ecdf.ed.ac.uk,1,3
59160960,0.00031,b_r2375_13,wdewulf,r,10/01/2026,14:10:09,eddie@node1e09.ecdf.ed.ac.uk,1,1
59160960,0.00031,b_r2375_13,wdewulf,r,10/01/2026,14:10:09,eddie@node1e09.ecdf.ed.ac.uk,1,2
59160956,0.00031,b_r2375_18,wdewulf,r,10/01/2026,14:10:00,eddie@node1d10.ecdf.ed.ac.uk,1,5
59160924,0.00031,a_r2375_13,wdewulf,r,10/01/2026,14:07:59,eddie@node1f04.ecdf.ed.ac.uk,1,4
59160924,0.00031,a_r2375_13,wdewulf,r,10/01/2026,14:07:50,eddie@node1e09.ecdf.ed.ac.uk,1,2
59160924,0.00031,a_r2375_13,wdewulf,r,10/01/2026,14:07:58,eddie@node1e07.ecdf.ed.ac.uk,1,3
59160934,0.00031,b_r2375_02,wdewulf,r,10/01/2026,14:08:51,eddie@node1e06.ecdf.ed.ac.uk,1,1
59160924,0.00031,a_r2375_13,wdewulf,r,10/01/2026,14:07:40,eddie@node1e01.ecdf.ed.ac.uk,1,1
59131475,0.00031,step7_gate,yhu5,r,09/30/2026,13:35:06,eddie@node1q06.ecdf.ed.ac.uk,4,430
59131475,0.00031,step7_gate,yhu5,r,09/30/2026,13:34:14,eddie@node1j10.ecdf.ed.ac.uk,4,429
59160919,0.00031,a_r2375_18,wdewulf,r,10/01/2026,14:07:10,eddie@node1e09.ecdf.ed.ac.uk,1,6
59160922,0.00031,a_r2375_26,wdewulf,r,10/01/2026,14:07:13,eddie@node1e01.ecdf.ed.ac.uk,1,1
59160919,0.00031,a_r2375_18,wdewulf,r,10/01/2026,14:07:01,eddie@node1e04.ecdf.ed.ac.uk,1,4
59160919,0.00031,a_r2375_18,wdewulf,r,10/01/2026,14:07:01,eddie@node1d04.ecdf.ed.ac.uk,1,5
59160922,0.00031,a_r2375_26,wdewulf,r,10/01/2026,14:07:32,eddie@node1d10.ecdf.ed.ac.uk,1,3
59160922,0.00031,a_r2375_26,wdewulf,r,10/01/2026,14:07:29,eddie@node1f03.ecdf.ed.ac.uk,1,2
59160919,0.00031,a_r2375_18,wdewulf,r,10/01/2026,14:06:57,eddie@node1e08.ecdf.ed.ac.uk,1,3
59160917,0.00031,a_r2375_07,wdewulf,r,10/01/2026,14:06:26,eddie@node1e02.ecdf.ed.ac.uk,1,6
59160919,0.00031,a_r2375_18,wdewulf,r,10/01/2026,14:06:32,eddie@node1e01.ecdf.ed.ac.uk,1,2
59160919,0.00031,a_r2375_18,wdewulf,r,10/01/2026,14:06:28,eddie@node1f01.ecdf.ed.ac.uk,1,1
59160915,0.00031,a_r2375_01,wdewulf,r,10/01/2026,14:05:47,eddie@node1f04.ecdf.ed.ac.uk,1,3
59160915,0.00031,a_r2375_01,wdewulf,r,10/01/2026,14:05:51,eddie@node1d09.ecdf.ed.ac.uk,1,4
59160915,0.00031,a_r2375_01,wdewulf,r,10/01/2026,14:05:55,eddie@node1d09.ecdf.ed.ac.uk,1,5
59160917,0.00031,a_r2375_07,wdewulf,r,10/01/2026,14:05:55,eddie@node1d04.ecdf.ed.ac.uk,1,1
59160917,0.00031,a_r2375_07,wdewulf,r,10/01/2026,14:06:00,eddie@node1e08.ecdf.ed.ac.uk,1,2
59160917,0.00031,a_r2375_07,wdewulf,r,10/01/2026,14:06:03,eddie@node1e09.ecdf.ed.ac.uk,1,3
59160917,0.00031,a_r2375_07,wdewulf,r,10/01/2026,14:06:11,eddie@node1d04.ecdf.ed.ac.uk,1,4
59160917,0.00031,a_r2375_07,wdewulf,r,10/01/2026,14:06:14,eddie@node1f04.ecdf.ed.ac.uk,1,5
59160915,0.00031,a_r2375_01,wdewulf,r,10/01/2026,14:05:23,eddie@node1d09.ecdf.ed.ac.uk,1,2
59160915,0.00031,a_r2375_01,wdewulf,r,10/01/2026,14:05:10,eddie@node1e09.ecdf.ed.ac.uk,1,1
59160910,0.00031,a_r2375_27,wdewulf,r,10/01/2026,14:04:51,eddie@node1e07.ecdf.ed.ac.uk,1,4
59160913,0.00031,a_r2375_28,wdewulf,r,10/01/2026,14:04:54,eddie@node1e06.ecdf.ed.ac.uk,1,1
59160913,0.00031,a_r2375_28,wdewulf,r,10/01/2026,14:04:55,eddie@node1e06.ecdf.ed.ac.uk,1,2
59160910,0.00031,a_r2375_27,wdewulf,r,10/01/2026,14:04:46,eddie@node1d03.ecdf.ed.ac.uk,1,3
59160910,0.00031,a_r2375_27,wdewulf,r,10/01/2026,14:04:11,eddie@node1f04.ecdf.ed.ac.uk,1,1
59160910,0.00031,a_r2375_27,wdewulf,r,10/01/2026,14:04:24,eddie@node1e01.ecdf.ed.ac.uk,1,2
59160906,0.00031,a_r2375_19,wdewulf,r,10/01/2026,14:03:38,eddie@node1e06.ecdf.ed.ac.uk,1,5
59160906,0.00031,a_r2375_19,wdewulf,r,10/01/2026,14:03:38,eddie@node1e09.ecdf.ed.ac.uk,1,6
59160908,0.00031,a_r2375_06,wdewulf,r,10/01/2026,14:03:55,eddie@node1f04.ecdf.ed.ac.uk,1,2
59160908,0.00031,a_r2375_06,wdewulf,r,10/01/2026,14:03:55,eddie@node1e05.ecdf.ed.ac.uk,1,3
59160906,0.00031,a_r2375_19,wdewulf,r,10/01/2026,14:03:34,eddie@node1d10.ecdf.ed.ac.uk,1,4
59160908,0.00031,a_r2375_06,wdewulf,r,10/01/2026,14:03:51,eddie@node1f03.ecdf.ed.ac.uk,1,1
59160906,0.00031,a_r2375_19,wdewulf,r,10/01/2026,14:03:47,eddie@node1e09.ecdf.ed.ac.uk,1,7
59160908,0.00031,a_r2375_06,wdewulf,r,10/01/2026,14:03:58,eddie@node1e07.ecdf.ed.ac.uk,1,4
59160906,0.00031,a_r2375_19,wdewulf,r,10/01/2026,14:02:55,eddie@node1e08.ecdf.ed.ac.uk,1,3
59160906,0.00031,a_r2375_19,wdewulf,r,10/01/2026,14:02:48,eddie@node1e07.ecdf.ed.ac.uk,1,2
59160906,0.00031,a_r2375_19,wdewulf,r,10/01/2026,14:02:43,eddie@node1e03.ecdf.ed.ac.uk,1,1
59160904,0.00031,a_r2375_31,wdewulf,r,10/01/2026,14:02:21,eddie@node1d10.ecdf.ed.ac.uk,1,6
59160904,0.00030,a_r2375_31,wdewulf,r,10/01/2026,14:02:04,eddie@node1e06.ecdf.ed.ac.uk,1,3
59160904,0.00030,a_r2375_31,wdewulf,r,10/01/2026,14:01:57,eddie@node1d09.ecdf.ed.ac.uk,1,2
59160904,0.00030,a_r2375_31,wdewulf,r,10/01/2026,14:02:12,eddie@node1e06.ecdf.ed.ac.uk,1,5
59160904,0.00030,a_r2375_31,wdewulf,r,10/01/2026,14:02:10,eddie@node1f03.ecdf.ed.ac.uk,1,4
59160901,0.00030,a_r2375_15,wdewulf,r,10/01/2026,14:01:10,eddie@node1f04.ecdf.ed.ac.uk,1,6
59160904,0.00030,a_r2375_31,wdewulf,r,10/01/2026,14:01:10,eddie@node1f05.ecdf.ed.ac.uk,1,1
59160901,0.00030,a_r2375_15,wdewulf,r,10/01/2026,14:00:58,eddie@node1d03.ecdf.ed.ac.uk,1,4
59160901,0.00030,a_r2375_15,wdewulf,r,10/01/2026,14:01:02,eddie@node1e07.ecdf.ed.ac.uk,1,5
59160901,0.00030,a_r2375_15,wdewulf,r,10/01/2026,14:00:55,eddie@node1d03.ecdf.ed.ac.uk,1,3
59160897,0.00030,a_r2375_02,wdewulf,r,10/01/2026,14:00:42,eddie@node1e03.ecdf.ed.ac.uk,1,1
59160899,0.00030,a_r2375_03,wdewulf,r,10/01/2026,14:00:42,eddie@node1e02.ecdf.ed.ac.uk,1,1
59160901,0.00030,a_r2375_15,wdewulf,r,10/01/2026,14:00:50,eddie@node1e08.ecdf.ed.ac.uk,1,2
59160899,0.00030,a_r2375_03,wdewulf,r,10/01/2026,14:00:47,eddie@node1f03.ecdf.ed.ac.uk,1,2
59160901,0.00030,a_r2375_15,wdewulf,r,10/01/2026,14:00:47,eddie@node1d10.ecdf.ed.ac.uk,1,1
59131475,0.00030,step7_gate,yhu5,r,09/30/2026,13:29:28,eddie@node1h16.ecdf.ed.ac.uk,4,427
59131475,0.00030,step7_gate,yhu5,r,09/30/2026,13:26:53,eddie@node1e03.ecdf.ed.ac.uk,4,426
59166833,0.00030,PSVMpermfi,s2017658,r,10/01/2026,13:14:14,eddie@node1e03.ecdf.ed.ac.uk,1,13
59166833,0.00030,PSVMpermfi,s2017658,r,10/01/2026,13:14:14,eddie@node1d01.ecdf.ed.ac.uk,1,14
59166833,0.00026,PSVMpermfi,s2017658,r,10/01/2026,13:15:21,eddie@node1e05.ecdf.ed.ac.uk,1,15
59160888,0.00025,c_r2405_12,wdewulf,r,10/01/2026,13:21:24,eddie@node1i24.ecdf.ed.ac.uk,1,1
59166833,0.00024,PSVMpermfi,s2017658,r,10/01/2026,13:16:06,eddie@node1d02.ecdf.ed.ac.uk,1,16
58655621,0.00019,runlisfloo,awilso19,r,09/15/2026,14:11:19,eddie@node1s12.ecdf.ed.ac.uk,1,4094
58655621,0.00019,runlisfloo,awilso19,r,09/15/2026,14:11:19,eddie@node1s12.ecdf.ed.ac.uk,1,4095
58655621,0.00019,runlisfloo,awilso19,r,09/15/2026,14:11:19,eddie@node1s12.ecdf.ed.ac.uk,1,4096
58655621,0.00019,runlisfloo,awilso19,r,09/15/2026,14:11:19,eddie@node1s12.ecdf.ed.ac.uk,1,4097
58655621,0.00019,runlisfloo,awilso19,r,09/15/2026,14:11:19,eddie@node1s12.ecdf.ed.ac.uk,1,4098
58655621,0.00019,runlisfloo,awilso19,r,09/15/2026,14:11:19,eddie@node1s12.ecdf.ed.ac.uk,1,4100
58655621,0.00019,runlisfloo,awilso19,r,09/15/2026,14:11:19,eddie@node1s12.ecdf.ed.ac.uk,1,4102
58655621,0.00019,runlisfloo,awilso19,r,09/15/2026,14:11:20,eddie@node1s12.ecdf.ed.ac.uk,1,4105
58655621,0.00019,runlisfloo,awilso19,r,09/15/2026,14:11:20,eddie@node1s12.ecdf.ed.ac.uk,1,4108
58655621,0.00019,runlisfloo,awilso19,r,09/15/2026,14:11:20,eddie@node1s12.ecdf.ed.ac.uk,1,4111
58655621,0.00019,runlisfloo,awilso19,r,09/15/2026,14:11:20,eddie@node1s12.ecdf.ed.ac.uk,1,4114
58655621,0.00019,runlisfloo,awilso19,r,09/15/2026,14:11:20,eddie@node1s12.ecdf.ed.ac.uk,1,4117
58655621,0.00019,runlisfloo,awilso19,r,09/15/2026,14:11:20,eddie@node1s12.ecdf.ed.ac.uk,1,4120
58655621,0.00019,runlisfloo,awilso19,r,09/15/2026,14:11:20,eddie@node1s12.ecdf.ed.ac.uk,1,4123
58655621,0.00019,runlisfloo,awilso19,r,09/15/2026,14:11:20,eddie@node1s12.ecdf.ed.ac.uk,1,4126
58655621,0.00019,runlisfloo,awilso19,r,09/15/2026,14:11:20,eddie@node1s12.ecdf.ed.ac.uk,1,4129
58655621,0.00019,runlisfloo,awilso19,r,09/15/2026,14:11:20,eddie@node1s12.ecdf.ed.ac.uk,1,4131
58655621,0.00019,runlisfloo,awilso19,r,09/15/2026,14:11:20,eddie@node1s12.ecdf.ed.ac.uk,1,4133
58655621,0.00019,runlisfloo,awilso19,r,09/15/2026,14:11:20,eddie@node1s12.ecdf.ed.ac.uk,1,4135
58655621,0.00019,runlisfloo,awilso19,r,09/15/2026,14:11:20,eddie@node1s12.ecdf.ed.ac.uk,1,4137
58655621,0.00019,runlisfloo,awilso19,r,09/15/2026,14:11:20,eddie@node1s12.ecdf.ed.ac.uk,1,4139
58655621,0.00019,runlisfloo,awilso19,r,09/15/2026,14:11:20,eddie@node1s12.ecdf.ed.ac.uk,1,4140
58655621,0.00019,runlisfloo,awilso19,r,09/15/2026,14:11:20,eddie@node1s12.ecdf.ed.ac.uk,1,4141
58655621,0.00019,runlisfloo,awilso19,r,09/15/2026,14:11:20,eddie@node1s12.ecdf.ed.ac.uk,1,4142
58655621,0.00019,runlisfloo,awilso19,r,09/15/2026,14:11:20,eddie@node1s12.ecdf.ed.ac.uk,1,4143
58655621,0.00019,runlisfloo,awilso19,r,09/15/2026,14:11:20,eddie@node1s12.ecdf.ed.ac.uk,1,4144
58655621,0.00019,runlisfloo,awilso19,r,09/15/2026,14:11:20,eddie@node1s12.ecdf.ed.ac.uk,1,4145
58655621,0.00019,runlisfloo,awilso19,r,09/15/2026,14:11:20,eddie@node1s12.ecdf.ed.ac.uk,1,4146
58655621,0.00019,runlisfloo,awilso19,r,09/15/2026,14:11:20,eddie@node1s11.ecdf.ed.ac.uk,1,4165
58655621,0.00019,runlisfloo,awilso19,r,09/15/2026,14:11:20,eddie@node1s11.ecdf.ed.ac.uk,1,4168
58655621,0.00019,runlisfloo,awilso19,r,09/15/2026,14:11:20,eddie@node1s11.ecdf.ed.ac.uk,1,4171
58655621,0.00019,runlisfloo,awilso19,r,09/15/2026,14:11:20,eddie@node1s11.ecdf.ed.ac.uk,1,4174
58655621,0.00019,runlisfloo,awilso19,r,09/15/2026,14:11:20,eddie@node1s11.ecdf.ed.ac.uk,1,4177
58655621,0.00019,runlisfloo,awilso19,r,09/15/2026,14:11:20,eddie@node1s11.ecdf.ed.ac.uk,1,4180
58655621,0.00019,runlisfloo,awilso19,r,09/15/2026,14:11:20,eddie@node1s11.ecdf.ed.ac.uk,1,4183
58655621,0.00019,runlisfloo,awilso19,r,09/15/2026,14:11:20,eddie@node1s11.ecdf.ed.ac.uk,1,4186
58655621,0.00019,runlisfloo,awilso19,r,09/15/2026,14:11:20,eddie@node1s11.ecdf.ed.ac.uk,1,4189
58655621,0.00019,runlisfloo,awilso19,r,09/15/2026,14:11:20,eddie@node1s11.ecdf.ed.ac.uk,1,4192
58655621,0.00019,runlisfloo,awilso19,r,09/15/2026,14:11:20,eddie@node1s11.ecdf.ed.ac.uk,1,4195
58655621,0.00019,runlisfloo,awilso19,r,09/15/2026,14:11:20,eddie@node1s11.ecdf.ed.ac.uk,1,4198
58655621,0.00019,runlisfloo,awilso19,r,09/15/2026,14:11:20,eddie@node1s11.ecdf.ed.ac.uk,1,4201
58655621,0.00019,runlisfloo,awilso19,r,09/15/2026,14:11:20,eddie@node1s11.ecdf.ed.ac.uk,1,4204
58655621,0.00019,runlisfloo,awilso19,r,09/15/2026,14:11:21,eddie@node1s11.ecdf.ed.ac.uk,1,4207
58655621,0.00019,runlisfloo,awilso19,r,09/15/2026,14:11:21,eddie@node1s11.ecdf.ed.ac.uk,1,4210
58655621,0.00019,runlisfloo,awilso19,r,09/15/2026,14:11:21,eddie@node1s11.ecdf.ed.ac.uk,1,4213
58655621,0.00019,runlisfloo,awilso19,r,09/15/2026,14:11:21,eddie@node1s11.ecdf.ed.ac.uk,1,4216
58655621,0.00019,runlisfloo,awilso19,r,09/15/2026,14:11:21,eddie@node1s11.ecdf.ed.ac.uk,1,4219
58655621,0.00019,runlisfloo,awilso19,r,09/15/2026,14:11:21,eddie@node1s11.ecdf.ed.ac.uk,1,4222
58655621,0.00019,runlisfloo,awilso19,r,09/15/2026,14:11:21,eddie@node1s11.ecdf.ed.ac.uk,1,4225
58655621,0.00019,runlisfloo,awilso19,r,09/15/2026,14:11:21,eddie@node1s11.ecdf.ed.ac.uk,1,4228
58655621,0.00019,runlisfloo,awilso19,r,09/15/2026,14:11:21,eddie@node1s11.ecdf.ed.ac.uk,1,4231
58655621,0.00019,runlisfloo,awilso19,r,09/15/2026,14:11:21,eddie@node1p11.ecdf.ed.ac.uk,1,4240
58655621,0.00019,runlisfloo,awilso19,r,09/15/2026,14:11:21,eddie@node1p11.ecdf.ed.ac.uk,1,4241
58655621,0.00019,runlisfloo,awilso19,r,09/15/2026,14:11:21,eddie@node1p11.ecdf.ed.ac.uk,1,4242
58655621,0.00019,runlisfloo,awilso19,r,09/15/2026,14:11:21,eddie@node1p11.ecdf.ed.ac.uk,1,4243
58655621,0.00019,runlisfloo,awilso19,r,09/15/2026,14:11:21,eddie@node1p11.ecdf.ed.ac.uk,1,4244
58655621,0.00019,runlisfloo,awilso19,r,09/15/2026,14:11:21,eddie@node1p11.ecdf.ed.ac.uk,1,4245
58655621,0.00019,runlisfloo,awilso19,r,09/15/2026,14:11:21,eddie@node1p11.ecdf.ed.ac.uk,1,4246
58655621,0.00019,runlisfloo,awilso19,r,09/15/2026,14:11:21,eddie@node1p11.ecdf.ed.ac.uk,1,4247
58655621,0.00019,runlisfloo,awilso19,r,09/15/2026,14:11:21,eddie@node1p11.ecdf.ed.ac.uk,1,4248
58655621,0.00019,runlisfloo,awilso19,r,09/15/2026,14:11:21,eddie@node1p11.ecdf.ed.ac.uk,1,4249
58655621,0.00019,runlisfloo,awilso19,r,09/15/2026,14:11:25,eddie@node1n11.ecdf.ed.ac.uk,1,4497
58655621,0.00019,runlisfloo,awilso19,r,09/15/2026,14:11:25,eddie@node1n11.ecdf.ed.ac.uk,1,4503
58655621,0.00019,runlisfloo,awilso19,r,09/15/2026,14:11:25,eddie@node1n11.ecdf.ed.ac.uk,1,4509
58655621,0.00019,runlisfloo,awilso19,r,09/15/2026,14:11:25,eddie@node1n11.ecdf.ed.ac.uk,1,4515
58655621,0.00019,runlisfloo,awilso19,r,09/15/2026,14:11:25,eddie@node1n11.ecdf.ed.ac.uk,1,4521
58655621,0.00019,runlisfloo,awilso19,r,09/15/2026,14:11:26,eddie@node1n11.ecdf.ed.ac.uk,1,4527
58655621,0.00019,runlisfloo,awilso19,r,09/15/2026,14:11:26,eddie@node1n11.ecdf.ed.ac.uk,1,4533
58655621,0.00019,runlisfloo,awilso19,r,09/15/2026,14:11:26,eddie@node1n11.ecdf.ed.ac.uk,1,4539
58655621,0.00019,runlisfloo,awilso19,r,09/15/2026,14:11:26,eddie@node1n11.ecdf.ed.ac.uk,1,4545
58655621,0.00019,runlisfloo,awilso19,r,09/15/2026,14:11:26,eddie@node1n11.ecdf.ed.ac.uk,1,4551
58655621,0.00019,runlisfloo,awilso19,r,09/15/2026,14:11:26,eddie@node1n11.ecdf.ed.ac.uk,1,4557
58655621,0.00019,runlisfloo,awilso19,r,09/15/2026,14:11:26,eddie@node1n11.ecdf.ed.ac.uk,1,4563
58655621,0.00019,runlisfloo,awilso19,r,09/15/2026,14:11:26,eddie@node1n11.ecdf.ed.ac.uk,1,4569
58655621,0.00019,runlisfloo,awilso19,r,09/15/2026,14:11:26,eddie@node1n11.ecdf.ed.ac.uk,1,4575
58655621,0.00019,runlisfloo,awilso19,r,09/15/2026,14:11:26,eddie@node1n11.ecdf.ed.ac.uk,1,4581
58655621,0.00019,runlisfloo,awilso19,r,09/15/2026,14:11:27,eddie@node1n11.ecdf.ed.ac.uk,1,4587
58655621,0.00019,runlisfloo,awilso19,r,09/15/2026,14:11:27,eddie@node1n11.ecdf.ed.ac.uk,1,4593
58655621,0.00019,runlisfloo,awilso19,r,09/15/2026,14:11:27,eddie@node1n11.ecdf.ed.ac.uk,1,4599
58655621,0.00019,runlisfloo,awilso19,r,09/15/2026,14:11:27,eddie@node1n11.ecdf.ed.ac.uk,1,4605
58655621,0.00019,runlisfloo,awilso19,r,09/15/2026,14:11:27,eddie@node1n11.ecdf.ed.ac.uk,1,4611
58655621,0.00019,runlisfloo,awilso19,r,09/15/2026,14:11:27,eddie@node1n11.ecdf.ed.ac.uk,1,4617
58655621,0.00019,runlisfloo,awilso19,r,09/15/2026,14:11:27,eddie@node1n11.ecdf.ed.ac.uk,1,4623
58655621,0.00019,runlisfloo,awilso19,r,09/15/2026,14:11:27,eddie@node1n11.ecdf.ed.ac.uk,1,4629
58655621,0.00019,runlisfloo,awilso19,r,09/15/2026,14:11:28,eddie@node1n11.ecdf.ed.ac.uk,1,4634
58655621,0.00019,runlisfloo,awilso19,r,09/15/2026,14:11:28,eddie@node1n11.ecdf.ed.ac.uk,1,4635
58655621,0.00019,runlisfloo,awilso19,r,09/15/2026,14:11:28,eddie@node1n11.ecdf.ed.ac.uk,1,4636
58655621,0.00019,runlisfloo,awilso19,r,09/15/2026,14:11:28,eddie@node1n11.ecdf.ed.ac.uk,1,4637
58655621,0.00019,runlisfloo,awilso19,r,09/15/2026,14:11:28,eddie@node1n11.ecdf.ed.ac.uk,1,4638
58655621,0.00019,runlisfloo,awilso19,r,09/15/2026,14:11:28,eddie@node1n11.ecdf.ed.ac.uk,1,4639
58655621,0.00019,runlisfloo,awilso19,r,09/15/2026,14:11:28,eddie@node1n11.ecdf.ed.ac.uk,1,4640
58655621,0.00019,runlisfloo,awilso19,r,09/15/2026,14:11:28,eddie@node1n11.ecdf.ed.ac.uk,1,4641
58655621,0.00019,runlisfloo,awilso19,r,09/15/2026,14:11:28,eddie@node1n11.ecdf.ed.ac.uk,1,4642
59174504,0.00017,nf-NFCORE_,jfriedri,r,10/01/2026,15:48:51,eddie@node1q02.ecdf.ed.ac.uk,2
59174443,0.00017,nf-NFCORE_,jfriedri,r,10/01/2026,15:47:22,eddie@node1q15.ecdf.ed.ac.uk,2
59167405,0.00015,ExonUsage_,s2556897,r,10/01/2026,13:32:37,igmm_long@node1a05.ecdf.ed.ac.,1,1
59170310,0.00012,ce1,gs10us1,r,10/01/2026,14:52:43,eddie@node1l13.ecdf.ed.ac.uk,1
59170559,0.00011,ce1,gs10us1,r,10/01/2026,14:53:12,eddie@node1l13.ecdf.ed.ac.uk,1
59173299,0.00011,ce1,gs10us1,r,10/01/2026,15:42:38,eddie@node1l16.ecdf.ed.ac.uk,1
59173302,0.00009,ce1,gs10us1,r,10/01/2026,15:45:19,eddie@node1l15.ecdf.ed.ac.uk,1
59173300,0.00009,ce1,gs10us1,r,10/01/2026,15:44:25,eddie@node1l16.ecdf.ed.ac.uk,1
59173571,0.00009,ce1,gs10us1,r,10/01/2026,15:48:15,eddie@node1l16.ecdf.ed.ac.uk,1
59173568,0.00009,ce1,gs10us1,r,10/01/2026,15:47:30,eddie@node1l18.ecdf.ed.ac.uk,1
59173569,0.00009,ce1,gs10us1,r,10/01/2026,15:47:38,eddie@node1l16.ecdf.ed.ac.uk,1
59166649,0.00009,ce1,gs10us1,r,10/01/2026,13:44:17,eddie@node1l15.ecdf.ed.ac.uk,1
59173567,0.00009,ce1,gs10us1,r,10/01/2026,15:46:22,eddie@node1l12.ecdf.ed.ac.uk,1
59173566,0.00009,ce1,gs10us1,r,10/01/2026,15:46:03,eddie@node1l11.ecdf.ed.ac.uk,1
59173562,0.00009,ce1,gs10us1,r,10/01/2026,15:45:48,eddie@node1l11.ecdf.ed.ac.uk,1
59173563,0.00009,ce1,gs10us1,r,10/01/2026,15:45:56,eddie@node1l12.ecdf.ed.ac.uk,1
59173558,0.00009,ce1,gs10us1,r,10/01/2026,15:45:23,eddie@node1l13.ecdf.ed.ac.uk,1
59173559,0.00009,ce1,gs10us1,r,10/01/2026,15:45:31,eddie@node1l18.ecdf.ed.ac.uk,1
59166645,0.00008,ce1,gs10us1,r,10/01/2026,13:42:23,eddie@node1l12.ecdf.ed.ac.uk,1
59166640,0.00008,ce1,gs10us1,r,10/01/2026,13:40:21,eddie@node1l17.ecdf.ed.ac.uk,1
59173820,0.00008,ce1,gs10us1,r,10/01/2026,15:49:17,eddie@node1l17.ecdf.ed.ac.uk,1
59167372,0.00008,ce1,gs10us1,r,10/01/2026,13:52:06,eddie@node1l18.ecdf.ed.ac.uk,1
59161332,0.00006,QLOGIN,blivesey,r,10/01/2026,10:46:58,igmm_long@node1h02.ecdf.ed.ac.,1
59171017,0.00006,QLOGIN,blivesey,r,10/01/2026,14:20:03,igmm_long@node1h02.ecdf.ed.ac.,1
59171080,0.00006,QLOGIN,blivesey,r,10/01/2026,14:21:53,igmm_long@node1h02.ecdf.ed.ac.,1
59149280,0.00004,ce1,gs10us1,r,10/01/2026,01:35:04,eddie@node1l11.ecdf.ed.ac.uk,1
59160015,0.00000,QLOGIN,knicodem,r,10/01/2026,10:18:03,eddie@node1j24.ecdf.ed.ac.uk,1
