job-ID,prior,name,user,state,submit/start,at,queue,jclass,slots,ja-task-ID
------------------------------------------------------------------------------------------------------------------------------------------------
r,09/21/2026,11:31:45,gpu@node1r02.ecdf.ed.ac.uk,32
58788982,0.06127,QLOGIN,dzhiguno,r,09/21/2026,11:12:16,eddie@node1j24.ecdf.ed.ac.uk,32
58948163,0.05590,getLiftOve,rzhao4,r,09/22/2026,09:18:17,eddie@node1q03.ecdf.ed.ac.uk,10
58756769,0.05509,kv_runner1,s2630843,r,09/21/2026,03:56:53,gpu@node1p02.ecdf.ed.ac.uk,2
58948165,0.05507,mtan,s2520601,r,09/22/2026,09:18:32,gpu@node1p05.ecdf.ed.ac.uk,1
58938201,0.05496,QLOGIN,s2673716,r,09/22/2026,08:20:38,gpu@node1g07.ecdf.ed.ac.uk,4
58931761,0.05477,calvados_s,s2747831,r,09/22/2026,07:56:24,gpu@node1q08.ecdf.ed.ac.uk,1
58669744,0.05436,RSM_int_me,jricha3,r,09/21/2026,11:32:27,gpu@node1r03.ecdf.ed.ac.uk,32
58788447,0.05392,RSM_int_me,jricha3,r,09/21/2026,09:49:17,gpu@node1p01.ecdf.ed.ac.uk,32
58788506,0.05185,QLOGIN,crobert,r,09/21/2026,09:58:42,eddie@node1j15.ecdf.ed.ac.uk,1
58776521,0.05168,sim_8192_1,s2871218,r,09/21/2026,05:12:05,gpu@node1o17.ecdf.ed.ac.uk,1
58776809,0.05144,sim_8192_1,sbenavid,r,09/21/2026,05:12:05,gpu@node1q08.ecdf.ed.ac.uk,1
58788489,0.05130,Ti4O8-C12-,s1829244,r,09/21/2026,09:51:10,eddie@node1k14.ecdf.ed.ac.uk,2
58788362,0.04856,rRSS,crobert,r,09/21/2026,10:58:10,eddie@node1l06.ecdf.ed.ac.uk,20
58789060,0.04854,SimuPhyloE,gclarte,r,09/21/2026,13:09:53,eddie@node1s11.ecdf.ed.ac.uk,31
58790280,0.04688,ev_grl_gpu,s1904451,r,09/21/2026,12:57:11,gpu@node1p06.ecdf.ed.ac.uk,1
58776363,0.04208,kv_runner1,s2630843,r,09/21/2026,08:35:13,gpu@node1p01.ecdf.ed.ac.uk,2
58788491,0.04116,Ti4O8-C12-,s1829244,r,09/21/2026,09:52:26,eddie@node1n09.ecdf.ed.ac.uk,2
58893618,0.03877,Pan_1,s2745005,r,09/22/2026,04:48:09,eddie@node1q14.ecdf.ed.ac.uk,24
58790902,0.03866,perm-windo,v1malmar,r,09/22/2026,00:57:18,gpu@node1g07.ecdf.ed.ac.uk,8
58791057,0.03791,r_512_d_1d,sbenavid,r,09/22/2026,03:15:18,gpu@node1g06.ecdf.ed.ac.uk,1
58792829,0.03790,S0_0_vf_50,adixon3,r,09/22/2026,01:25:03,gpu@node1s04.ecdf.ed.ac.uk,1
58792868,0.03777,S0_0_vf_50,adixon3,r,09/22/2026,02:58:18,gpu@node1p07.ecdf.ed.ac.uk,1
58792888,0.03745,S0_0_vf_50,adixon3,r,09/22/2026,03:58:18,gpu@node1q07.ecdf.ed.ac.uk,1
58897176,0.03732,dsgd1e,s2324792,r,09/22/2026,05:43:09,gpu@node1g04.ecdf.ed.ac.uk,8,7
58788493,0.03432,Ti4O8-C12-,s1829244,r,09/21/2026,09:52:41,eddie@node1m09.ecdf.ed.ac.uk,2
58776364,0.03402,kv_runner1,s2630843,r,09/22/2026,08:47:57,gpu@node1p01.ecdf.ed.ac.uk,2
58663532,0.03002,s3-t224-B0,s2108353,r,09/22/2026,05:31:54,gpu@node1o16.ecdf.ed.ac.uk,1
58771118,0.02977,g_input,s2430499,r,09/22/2026,08:16:39,gpu@node1o16.ecdf.ed.ac.uk,1
58790903,0.02946,perm-windo,v1malmar,r,09/22/2026,05:34:54,gpu@node1p01.ecdf.ed.ac.uk,8
58788494,0.02943,Ti4O8-C12-,s1829244,r,09/21/2026,09:52:56,eddie@node1n05.ecdf.ed.ac.uk,2
58790439,0.02899,ev_grl_gpu,s1904451,r,09/22/2026,07:01:54,gpu@node1p06.ecdf.ed.ac.uk,1
58791060,0.02891,PO_256_m1d,sbenavid,r,09/22/2026,06:59:39,gpu@node1g07.ecdf.ed.ac.uk,1
58784136,0.02878,l0p05_L819,s2563493,r,09/20/2026,20:30:15,gpu@node1o01.ecdf.ed.ac.uk,2
58788496,0.02582,Ti4O8-C12-,s1829244,r,09/21/2026,09:56:21,eddie@node1k15.ecdf.ed.ac.uk,2
58789126,0.02523,RealWave_M,gclarte,r,09/21/2026,11:40:19,eddie@node1d02.ecdf.ed.ac.uk,32
58827380,0.02441,QLOGIN,s2673716,r,09/21/2026,23:44:28,gpu@node1p05.ecdf.ed.ac.uk,4
58788497,0.02296,Ti4O8-C12-,s1829244,r,09/21/2026,09:56:36,eddie@node1k15.ecdf.ed.ac.uk,2
58789122,0.02280,SimuPhyloE,gclarte,r,09/22/2026,07:43:54,eddie@node1j13.ecdf.ed.ac.uk,31
58788594,0.02272,Ti4O8-C12-,s1829244,r,09/21/2026,10:16:17,eddie@node1n05.ecdf.ed.ac.uk,2
58789127,0.02243,RealWave_M,gclarte,r,09/21/2026,11:40:19,eddie@node1e01.ecdf.ed.ac.uk,32
58451374,0.02051,step7_gate,yhu5,r,09/22/2026,09:15:32,eddie@node1h04.ecdf.ed.ac.uk,8,1912
58451374,0.02051,step7_gate,yhu5,r,09/22/2026,09:13:47,eddie@node1h16.ecdf.ed.ac.uk,8,1911
58451374,0.02051,step7_gate,yhu5,r,09/22/2026,09:12:47,eddie@node1f16.ecdf.ed.ac.uk,8,1910
58451374,0.02050,step7_gate,yhu5,r,09/22/2026,09:04:17,eddie@node1h03.ecdf.ed.ac.uk,8,1909
58451374,0.02049,step7_gate,yhu5,r,09/22/2026,08:57:05,eddie@node1r07.ecdf.ed.ac.uk,8,1906
58451374,0.02048,step7_gate,yhu5,r,09/22/2026,08:56:35,eddie@node1o08.ecdf.ed.ac.uk,8,1905
58451374,0.02048,step7_gate,yhu5,r,09/22/2026,09:02:52,eddie@node1h05.ecdf.ed.ac.uk,8,1908
58451374,0.02048,step7_gate,yhu5,r,09/22/2026,08:58:22,eddie@node1s14.ecdf.ed.ac.uk,8,1907
58451374,0.02047,step7_gate,yhu5,r,09/22/2026,08:54:31,eddie@node1o11.ecdf.ed.ac.uk,8,1904
58451374,0.02047,step7_gate,yhu5,r,09/22/2026,08:49:27,eddie@node1f06.ecdf.ed.ac.uk,8,1903
58451374,0.02047,step7_gate,yhu5,r,09/22/2026,08:44:57,eddie@node1i16.ecdf.ed.ac.uk,8,1902
58788595,0.02046,Ti4O8-C12-,s1829244,r,09/21/2026,10:16:32,eddie@node1m12.ecdf.ed.ac.uk,2
58451374,0.02046,step7_gate,yhu5,r,09/22/2026,08:40:23,eddie@node1h22.ecdf.ed.ac.uk,8,1901
58451374,0.02045,step7_gate,yhu5,r,09/22/2026,08:39:08,eddie@node1o04.ecdf.ed.ac.uk,8,1900
58451374,0.02045,step7_gate,yhu5,r,09/22/2026,08:37:23,eddie@node1f12.ecdf.ed.ac.uk,8,1899
58451374,0.02045,step7_gate,yhu5,r,09/22/2026,08:36:53,eddie@node1r20.ecdf.ed.ac.uk,8,1898
58451374,0.02045,step7_gate,yhu5,r,09/22/2026,08:34:53,eddie@node1f13.ecdf.ed.ac.uk,8,1897
58451374,0.02045,step7_gate,yhu5,r,09/22/2026,14:37:43,eddie@node1l28.ecdf.ed.ac.uk,8,1988
58451374,0.02045,step7_gate,yhu5,r,09/22/2026,08:33:08,eddie@node1l21.ecdf.ed.ac.uk,8,1896
58451374,0.02044,step7_gate,yhu5,r,09/22/2026,08:29:38,eddie@node1i13.ecdf.ed.ac.uk,8,1895
58451374,0.02044,step7_gate,yhu5,r,09/22/2026,08:28:23,eddie@node1o14.ecdf.ed.ac.uk,8,1894
58451374,0.02044,step7_gate,yhu5,r,09/22/2026,14:29:55,eddie@node1l27.ecdf.ed.ac.uk,8,1986
58451374,0.02044,step7_gate,yhu5,r,09/22/2026,14:30:10,eddie@node1o14.ecdf.ed.ac.uk,8,1987
58451374,0.02043,step7_gate,yhu5,r,09/22/2026,14:27:24,eddie@node1h04.ecdf.ed.ac.uk,8,1985
58451374,0.02043,step7_gate,yhu5,r,09/22/2026,08:23:38,eddie@node1h06.ecdf.ed.ac.uk,8,1893
58451374,0.02043,step7_gate,yhu5,r,09/22/2026,14:23:54,eddie@node1j28.ecdf.ed.ac.uk,8,1984
58451374,0.02042,step7_gate,yhu5,r,09/22/2026,14:18:40,eddie@node1l26.ecdf.ed.ac.uk,8,1983
58451374,0.02041,step7_gate,yhu5,r,09/22/2026,08:08:24,eddie@node1h12.ecdf.ed.ac.uk,8,1892
58451374,0.02041,step7_gate,yhu5,r,09/22/2026,08:07:54,eddie@node1o06.ecdf.ed.ac.uk,8,1891
58451374,0.02041,step7_gate,yhu5,r,09/22/2026,08:07:09,eddie@node1s16.ecdf.ed.ac.uk,8,1890
58451374,0.02041,step7_gate,yhu5,r,09/22/2026,08:06:39,eddie@node1j28.ecdf.ed.ac.uk,8,1889
58451374,0.02041,step7_gate,yhu5,r,09/22/2026,14:07:47,eddie@node1i13.ecdf.ed.ac.uk,8,1982
58451374,0.02040,step7_gate,yhu5,r,09/22/2026,08:04:24,eddie@node1h12.ecdf.ed.ac.uk,8,1888
58451374,0.02040,step7_gate,yhu5,r,09/22/2026,08:01:54,eddie@node1o04.ecdf.ed.ac.uk,8,1887
58451374,0.02039,step7_gate,yhu5,r,09/22/2026,07:57:54,eddie@node1i06.ecdf.ed.ac.uk,8,1885
58451374,0.02039,step7_gate,yhu5,r,09/22/2026,07:58:24,eddie@node1i16.ecdf.ed.ac.uk,8,1886
58451374,0.02039,step7_gate,yhu5,r,09/22/2026,13:55:17,eddie@node1r18.ecdf.ed.ac.uk,8,1980
58451374,0.02039,step7_gate,yhu5,r,09/22/2026,13:57:32,eddie@node1n04.ecdf.ed.ac.uk,8,1981
58451374,0.02038,step7_gate,yhu5,r,09/22/2026,07:46:39,eddie@node1l24.ecdf.ed.ac.uk,8,1883
58451374,0.02038,step7_gate,yhu5,r,09/22/2026,07:45:24,eddie@node1s16.ecdf.ed.ac.uk,8,1882
58451374,0.02038,step7_gate,yhu5,r,09/22/2026,07:49:09,eddie@node1s09.ecdf.ed.ac.uk,8,1884
58451374,0.02037,step7_gate,yhu5,r,09/22/2026,07:42:54,eddie@node1l21.ecdf.ed.ac.uk,8,1881
58451374,0.02037,step7_gate,yhu5,r,09/22/2026,13:41:26,eddie@node1o11.ecdf.ed.ac.uk,8,1978
58451374,0.02037,step7_gate,yhu5,r,09/22/2026,13:42:11,eddie@node1h12.ecdf.ed.ac.uk,8,1979
58451374,0.02036,step7_gate,yhu5,r,09/22/2026,07:37:39,eddie@node1r20.ecdf.ed.ac.uk,8,1880
58451374,0.02036,step7_gate,yhu5,r,09/22/2026,07:36:09,eddie@node1s19.ecdf.ed.ac.uk,8,1879
58451374,0.02036,step7_gate,yhu5,r,09/22/2026,07:33:54,eddie@node1f10.ecdf.ed.ac.uk,8,1878
58451374,0.02035,step7_gate,yhu5,r,09/22/2026,07:30:24,eddie@node1s16.ecdf.ed.ac.uk,8,1877
58451374,0.02035,step7_gate,yhu5,r,09/22/2026,07:26:39,eddie@node1o05.ecdf.ed.ac.uk,8,1875
58451374,0.02035,step7_gate,yhu5,r,09/22/2026,07:29:54,eddie@node1l19.ecdf.ed.ac.uk,8,1876
58451374,0.02034,step7_gate,yhu5,r,09/22/2026,07:22:39,eddie@node1r15.ecdf.ed.ac.uk,8,1874
58451374,0.02033,step7_gate,yhu5,r,09/22/2026,07:15:39,eddie@node1f12.ecdf.ed.ac.uk,8,1871
58451374,0.02033,step7_gate,yhu5,r,09/22/2026,13:21:21,eddie@node1o10.ecdf.ed.ac.uk,8,1977
58451374,0.02033,step7_gate,yhu5,r,09/22/2026,07:16:39,eddie@node1l23.ecdf.ed.ac.uk,8,1872
58451374,0.02032,step7_gate,yhu5,r,09/22/2026,07:06:39,eddie@node1o07.ecdf.ed.ac.uk,8,1870
58451374,0.02031,step7_gate,yhu5,r,09/22/2026,07:00:09,eddie@node1f12.ecdf.ed.ac.uk,8,1868
58451374,0.02031,step7_gate,yhu5,r,09/22/2026,07:00:09,eddie@node1r19.ecdf.ed.ac.uk,8,1869
58451374,0.02031,step7_gate,yhu5,r,09/22/2026,13:06:47,eddie@node1l28.ecdf.ed.ac.uk,8,1976
58451374,0.02031,step7_gate,yhu5,r,09/22/2026,06:58:54,eddie@node1i07.ecdf.ed.ac.uk,8,1866
58451374,0.02031,step7_gate,yhu5,r,09/22/2026,06:58:54,eddie@node1f07.ecdf.ed.ac.uk,8,1867
58451374,0.02030,step7_gate,yhu5,r,09/22/2026,06:55:24,eddie@node1p08.ecdf.ed.ac.uk,8,1865
58451374,0.02030,step7_gate,yhu5,r,09/22/2026,06:54:39,eddie@node1p08.ecdf.ed.ac.uk,8,1864
58451374,0.02030,step7_gate,yhu5,r,09/22/2026,06:53:24,eddie@node1i06.ecdf.ed.ac.uk,8,1863
58451374,0.02030,step7_gate,yhu5,r,09/22/2026,06:49:24,eddie@node1f08.ecdf.ed.ac.uk,8,1862
58451374,0.02029,step7_gate,yhu5,r,09/22/2026,12:57:48,eddie@node1i07.ecdf.ed.ac.uk,8,1975
58451374,0.02029,step7_gate,yhu5,r,09/22/2026,12:53:05,eddie@node1h10.ecdf.ed.ac.uk,8,1973
58451374,0.02028,step7_gate,yhu5,r,09/22/2026,06:38:09,eddie@node1i15.ecdf.ed.ac.uk,8,1860
58451374,0.02028,step7_gate,yhu5,r,09/22/2026,06:37:54,eddie@node1r08.ecdf.ed.ac.uk,8,1859
58451374,0.02028,step7_gate,yhu5,r,09/22/2026,06:36:54,eddie@node1l22.ecdf.ed.ac.uk,8,1858
58451374,0.02027,step7_gate,yhu5,r,09/22/2026,12:39:05,eddie@node1l21.ecdf.ed.ac.uk,8,1971
58451374,0.02027,step7_gate,yhu5,r,09/22/2026,12:39:35,eddie@node1h15.ecdf.ed.ac.uk,8,1972
58451374,0.02026,step7_gate,yhu5,r,09/22/2026,12:54:20,eddie@node1i03.ecdf.ed.ac.uk,8,1974
58451374,0.02026,step7_gate,yhu5,r,09/22/2026,12:34:52,eddie@node1f10.ecdf.ed.ac.uk,8,1970
58451374,0.02025,step7_gate,yhu5,r,09/22/2026,12:25:48,eddie@node1r14.ecdf.ed.ac.uk,8,1969
58451374,0.02025,step7_gate,yhu5,r,09/22/2026,06:15:24,eddie@node1h11.ecdf.ed.ac.uk,8,1857
58451374,0.02023,step7_gate,yhu5,r,09/22/2026,06:06:54,eddie@node1f13.ecdf.ed.ac.uk,8,1856
58451374,0.02023,step7_gate,yhu5,r,09/22/2026,06:05:24,eddie@node1f16.ecdf.ed.ac.uk,8,1855
58451374,0.02023,step7_gate,yhu5,r,09/22/2026,06:04:39,eddie@node1l24.ecdf.ed.ac.uk,8,1854
58451374,0.02023,step7_gate,yhu5,r,09/22/2026,12:11:48,eddie@node1m15.ecdf.ed.ac.uk,8,1968
58451374,0.02023,step7_gate,yhu5,r,09/22/2026,12:10:18,eddie@node1l23.ecdf.ed.ac.uk,8,1967
58451374,0.02023,step7_gate,yhu5,r,09/22/2026,12:09:48,eddie@node1f07.ecdf.ed.ac.uk,8,1966
58451374,0.02022,step7_gate,yhu5,r,09/22/2026,05:59:24,eddie@node1o09.ecdf.ed.ac.uk,8,1853
58451374,0.02022,step7_gate,yhu5,r,09/22/2026,12:06:53,eddie@node1r16.ecdf.ed.ac.uk,8,1965
58451374,0.02022,step7_gate,yhu5,r,09/22/2026,05:56:09,eddie@node1l21.ecdf.ed.ac.uk,8,1851
58451374,0.02022,step7_gate,yhu5,r,09/22/2026,05:56:09,eddie@node1o12.ecdf.ed.ac.uk,8,1852
58451374,0.02021,step7_gate,yhu5,r,09/22/2026,12:02:02,eddie@node1j25.ecdf.ed.ac.uk,8,1964
58451374,0.02021,step7_gate,yhu5,r,09/22/2026,12:00:43,eddie@node1o06.ecdf.ed.ac.uk,8,1963
58789124,0.02021,SimuPhyloE,gclarte,r,09/22/2026,08:05:09,eddie@node1k18.ecdf.ed.ac.uk,31
58451374,0.02021,step7_gate,yhu5,r,09/22/2026,05:51:09,eddie@node1h22.ecdf.ed.ac.uk,8,1850
58451374,0.02020,step7_gate,yhu5,r,09/22/2026,05:46:39,eddie@node1s12.ecdf.ed.ac.uk,8,1849
58451374,0.02020,step7_gate,yhu5,r,09/22/2026,05:45:09,eddie@node1l21.ecdf.ed.ac.uk,8,1848
58451374,0.02020,step7_gate,yhu5,r,09/22/2026,05:44:54,eddie@node1l24.ecdf.ed.ac.uk,8,1847
58451374,0.02020,step7_gate,yhu5,r,09/22/2026,05:44:24,eddie@node1j27.ecdf.ed.ac.uk,8,1846
58451374,0.02020,step7_gate,yhu5,r,09/22/2026,11:49:47,eddie@node1f16.ecdf.ed.ac.uk,8,1961
58451374,0.02020,step7_gate,yhu5,r,09/22/2026,11:49:47,eddie@node1r18.ecdf.ed.ac.uk,8,1962
58451374,0.02019,step7_gate,yhu5,r,09/22/2026,11:42:47,eddie@node1l22.ecdf.ed.ac.uk,8,1960
58451374,0.02019,step7_gate,yhu5,r,09/22/2026,11:41:44,eddie@node1h06.ecdf.ed.ac.uk,8,1959
58451374,0.02018,step7_gate,yhu5,r,09/22/2026,11:39:29,eddie@node1o04.ecdf.ed.ac.uk,8,1958
58451374,0.02018,step7_gate,yhu5,r,09/22/2026,05:34:09,eddie@node1l24.ecdf.ed.ac.uk,8,1841
58451374,0.02018,step7_gate,yhu5,r,09/22/2026,05:34:09,eddie@node1o06.ecdf.ed.ac.uk,8,1842
58451374,0.02018,step7_gate,yhu5,r,09/22/2026,11:38:44,eddie@node1j28.ecdf.ed.ac.uk,8,1956
58451374,0.02018,step7_gate,yhu5,r,09/22/2026,11:38:59,eddie@node1f09.ecdf.ed.ac.uk,8,1957
58451374,0.02018,step7_gate,yhu5,r,09/22/2026,05:31:24,eddie@node1r14.ecdf.ed.ac.uk,8,1839
58451374,0.02018,step7_gate,yhu5,r,09/22/2026,11:37:44,eddie@node1n10.ecdf.ed.ac.uk,8,1955
58451374,0.02018,step7_gate,yhu5,r,09/22/2026,05:31:39,eddie@node1o06.ecdf.ed.ac.uk,8,1840
58451374,0.02018,step7_gate,yhu5,r,09/22/2026,05:35:09,eddie@node1l26.ecdf.ed.ac.uk,8,1843
58451374,0.02018,step7_gate,yhu5,r,09/22/2026,11:36:29,eddie@node1r09.ecdf.ed.ac.uk,8,1954
58451374,0.02018,step7_gate,yhu5,r,09/22/2026,11:35:29,eddie@node1h14.ecdf.ed.ac.uk,8,1953
58451374,0.02017,step7_gate,yhu5,r,09/22/2026,11:33:44,eddie@node1o03.ecdf.ed.ac.uk,8,1952
58451374,0.02017,step7_gate,yhu5,r,09/22/2026,05:23:54,eddie@node1s14.ecdf.ed.ac.uk,8,1837
58451374,0.02017,step7_gate,yhu5,r,09/22/2026,11:31:44,eddie@node1i02.ecdf.ed.ac.uk,8,1951
58451374,0.02017,step7_gate,yhu5,r,09/22/2026,05:28:09,eddie@node1m14.ecdf.ed.ac.uk,8,1838
58451374,0.02016,step7_gate,yhu5,r,09/22/2026,11:29:05,eddie@node1s19.ecdf.ed.ac.uk,8,1950
58451374,0.02016,step7_gate,yhu5,r,09/22/2026,11:22:50,eddie@node1o08.ecdf.ed.ac.uk,8,1949
58451374,0.02015,step7_gate,yhu5,r,09/22/2026,05:10:39,eddie@node1r12.ecdf.ed.ac.uk,8,1836
58451374,0.02015,step7_gate,yhu5,r,09/22/2026,11:19:05,eddie@node1o09.ecdf.ed.ac.uk,8,1948
58451374,0.02015,step7_gate,yhu5,r,09/22/2026,05:07:54,eddie@node1r15.ecdf.ed.ac.uk,8,1833
58451374,0.02015,step7_gate,yhu5,r,09/22/2026,05:07:54,eddie@node1o08.ecdf.ed.ac.uk,8,1834
58451374,0.02014,step7_gate,yhu5,r,09/22/2026,05:08:54,eddie@node1p08.ecdf.ed.ac.uk,8,1835
58451374,0.02014,step7_gate,yhu5,r,09/22/2026,11:09:34,eddie@node1i15.ecdf.ed.ac.uk,8,1946
58451374,0.02014,step7_gate,yhu5,r,09/22/2026,11:09:34,eddie@node1h22.ecdf.ed.ac.uk,8,1947
58451374,0.02013,step7_gate,yhu5,r,09/22/2026,11:05:11,eddie@node1i06.ecdf.ed.ac.uk,8,1945
58451374,0.02013,step7_gate,yhu5,r,09/22/2026,11:03:47,eddie@node1l21.ecdf.ed.ac.uk,8,1944
58451374,0.02012,step7_gate,yhu5,r,09/22/2026,10:56:42,eddie@node1o04.ecdf.ed.ac.uk,8,1943
58451374,0.02012,step7_gate,yhu5,r,09/22/2026,04:52:09,eddie@node1i14.ecdf.ed.ac.uk,8,1832
58451374,0.02011,step7_gate,yhu5,r,09/22/2026,10:53:09,eddie@node1o05.ecdf.ed.ac.uk,8,1942
58451374,0.02011,step7_gate,yhu5,r,09/22/2026,10:50:39,eddie@node1o06.ecdf.ed.ac.uk,8,1941
58451374,0.02011,step7_gate,yhu5,r,09/22/2026,04:39:39,eddie@node1o08.ecdf.ed.ac.uk,8,1829
58451374,0.02011,step7_gate,yhu5,r,09/22/2026,10:47:50,eddie@node1m16.ecdf.ed.ac.uk,8,1940
58451374,0.02010,step7_gate,yhu5,r,09/22/2026,04:36:54,eddie@node1o04.ecdf.ed.ac.uk,8,1828
58451374,0.02010,step7_gate,yhu5,r,09/22/2026,10:44:11,eddie@node1i03.ecdf.ed.ac.uk,8,1939
58451374,0.02010,step7_gate,yhu5,r,09/22/2026,04:33:48,eddie@node1h06.ecdf.ed.ac.uk,8,1827
58451374,0.02009,step7_gate,yhu5,r,09/22/2026,10:36:31,eddie@node1s20.ecdf.ed.ac.uk,8,1938
58451374,0.02008,step7_gate,yhu5,r,09/22/2026,04:26:18,eddie@node1i16.ecdf.ed.ac.uk,8,1826
58451374,0.02008,step7_gate,yhu5,r,09/22/2026,04:17:48,eddie@node1o05.ecdf.ed.ac.uk,8,1822
58451374,0.02008,step7_gate,yhu5,r,09/22/2026,10:26:17,eddie@node1f10.ecdf.ed.ac.uk,8,1937
58451374,0.02007,step7_gate,yhu5,r,09/22/2026,04:12:03,eddie@node1l26.ecdf.ed.ac.uk,8,1820
58451374,0.02007,step7_gate,yhu5,r,09/22/2026,04:11:48,eddie@node1r16.ecdf.ed.ac.uk,8,1819
58451374,0.02007,step7_gate,yhu5,r,09/22/2026,10:19:37,eddie@node1h13.ecdf.ed.ac.uk,8,1936
58451374,0.02006,step7_gate,yhu5,r,09/22/2026,10:16:17,eddie@node1f12.ecdf.ed.ac.uk,8,1934
58451374,0.02006,step7_gate,yhu5,r,09/22/2026,10:16:17,eddie@node1r14.ecdf.ed.ac.uk,8,1935
58451374,0.02006,step7_gate,yhu5,r,09/22/2026,04:06:33,eddie@node1f13.ecdf.ed.ac.uk,8,1817
58451374,0.02006,step7_gate,yhu5,r,09/22/2026,10:15:17,eddie@node1f08.ecdf.ed.ac.uk,8,1933
58451374,0.02006,step7_gate,yhu5,r,09/22/2026,10:13:17,eddie@node1j26.ecdf.ed.ac.uk,8,1932
58451374,0.02005,step7_gate,yhu5,r,09/22/2026,10:07:27,eddie@node1l26.ecdf.ed.ac.uk,8,1931
58451374,0.02005,step7_gate,yhu5,r,09/22/2026,10:06:42,eddie@node1r06.ecdf.ed.ac.uk,8,1930
58451374,0.02004,step7_gate,yhu5,r,09/22/2026,03:53:03,eddie@node1n06.ecdf.ed.ac.uk,8,1814
58451374,0.02004,step7_gate,yhu5,r,09/22/2026,10:01:12,eddie@node1o07.ecdf.ed.ac.uk,8,1929
58451374,0.02004,step7_gate,yhu5,r,09/22/2026,09:59:27,eddie@node1m14.ecdf.ed.ac.uk,8,1928
58451374,0.02004,step7_gate,yhu5,r,09/22/2026,03:50:18,eddie@node1h23.ecdf.ed.ac.uk,8,1813
58451374,0.02004,step7_gate,yhu5,r,09/22/2026,09:58:27,eddie@node1l06.ecdf.ed.ac.uk,8,1927
58451374,0.02002,step7_gate,yhu5,r,09/22/2026,09:48:49,eddie@node1l22.ecdf.ed.ac.uk,8,1926
58451374,0.02002,step7_gate,yhu5,r,09/22/2026,03:43:18,eddie@node1f16.ecdf.ed.ac.uk,8,1810
58451374,0.02002,step7_gate,yhu5,r,09/22/2026,03:43:18,eddie@node1r14.ecdf.ed.ac.uk,8,1811
58451374,0.02001,step7_gate,yhu5,r,09/22/2026,09:43:32,eddie@node1o05.ecdf.ed.ac.uk,8,1925
58451374,0.02001,step7_gate,yhu5,r,09/22/2026,09:41:47,eddie@node1r15.ecdf.ed.ac.uk,8,1924
58451374,0.02001,step7_gate,yhu5,r,09/22/2026,09:40:03,eddie@node1i06.ecdf.ed.ac.uk,8,1923
58451374,0.02001,step7_gate,yhu5,r,09/22/2026,09:39:35,eddie@node1h06.ecdf.ed.ac.uk,8,1922
58451374,0.02001,step7_gate,yhu5,r,09/22/2026,09:37:50,eddie@node1o14.ecdf.ed.ac.uk,8,1921
58451374,0.02000,step7_gate,yhu5,r,09/22/2026,03:29:48,eddie@node1l23.ecdf.ed.ac.uk,8,1808
58451374,0.02000,step7_gate,yhu5,r,09/22/2026,03:33:18,eddie@node1r15.ecdf.ed.ac.uk,8,1809
58451374,0.02000,step7_gate,yhu5,r,09/22/2026,03:25:33,eddie@node1i14.ecdf.ed.ac.uk,8,1807
58451374,0.01999,step7_gate,yhu5,r,09/22/2026,09:30:23,eddie@node1f06.ecdf.ed.ac.uk,8,1918
58451374,0.01999,step7_gate,yhu5,r,09/22/2026,09:30:53,eddie@node1o06.ecdf.ed.ac.uk,8,1919
58451374,0.01999,step7_gate,yhu5,r,09/22/2026,09:32:53,eddie@node1h15.ecdf.ed.ac.uk,8,1920
58451374,0.01999,step7_gate,yhu5,r,09/22/2026,09:28:02,eddie@node1h07.ecdf.ed.ac.uk,8,1917
58451374,0.01999,step7_gate,yhu5,r,09/22/2026,09:26:47,eddie@node1h13.ecdf.ed.ac.uk,8,1916
58451374,0.01998,step7_gate,yhu5,r,09/22/2026,09:20:54,eddie@node1o13.ecdf.ed.ac.uk,8,1914
58451374,0.01998,step7_gate,yhu5,r,09/22/2026,09:21:39,eddie@node1f16.ecdf.ed.ac.uk,8,1915
58451374,0.01998,step7_gate,yhu5,r,09/22/2026,09:20:02,eddie@node1f11.ecdf.ed.ac.uk,8,1913
58451374,0.01996,step7_gate,yhu5,r,09/22/2026,02:57:18,eddie@node1l25.ecdf.ed.ac.uk,8,1802
58451374,0.01994,step7_gate,yhu5,r,09/22/2026,02:50:48,eddie@node1h10.ecdf.ed.ac.uk,8,1801
58451374,0.01994,step7_gate,yhu5,r,09/22/2026,02:45:18,eddie@node1m14.ecdf.ed.ac.uk,8,1799
58451374,0.01994,step7_gate,yhu5,r,09/22/2026,02:43:48,eddie@node1h13.ecdf.ed.ac.uk,8,1798
58451374,0.01993,step7_gate,yhu5,r,09/22/2026,02:40:18,eddie@node1f08.ecdf.ed.ac.uk,8,1796
58451374,0.01993,step7_gate,yhu5,r,09/22/2026,02:47:33,eddie@node1f13.ecdf.ed.ac.uk,8,1800
58451374,0.01992,step7_gate,yhu5,r,09/22/2026,02:33:03,eddie@node1r05.ecdf.ed.ac.uk,8,1794
58136039,0.01991,QLOGIN,crobert,r,09/07/2026,09:12:48,eddie@node1i22.ecdf.ed.ac.uk,1
58451374,0.01990,step7_gate,yhu5,r,09/22/2026,02:17:03,eddie@node1o06.ecdf.ed.ac.uk,8,1790
58451374,0.01989,step7_gate,yhu5,r,09/22/2026,02:11:33,eddie@node1m14.ecdf.ed.ac.uk,8,1789
58451374,0.01987,step7_gate,yhu5,r,09/22/2026,01:52:33,eddie@node1h11.ecdf.ed.ac.uk,8,1786
58451374,0.01985,step7_gate,yhu5,r,09/22/2026,01:43:33,eddie@node1f11.ecdf.ed.ac.uk,8,1785
58451374,0.01985,step7_gate,yhu5,r,09/22/2026,01:38:48,eddie@node1r16.ecdf.ed.ac.uk,8,1781
58451374,0.01982,step7_gate,yhu5,r,09/22/2026,01:17:33,eddie@node1i03.ecdf.ed.ac.uk,8,1775
58451374,0.01982,step7_gate,yhu5,r,09/22/2026,01:17:03,eddie@node1r14.ecdf.ed.ac.uk,8,1774
58451374,0.01979,step7_gate,yhu5,r,09/22/2026,00:55:33,eddie@node1f06.ecdf.ed.ac.uk,8,1769
58451374,0.01976,step7_gate,yhu5,r,09/22/2026,00:45:03,eddie@node1i02.ecdf.ed.ac.uk,8,1766
58451374,0.01976,step7_gate,yhu5,r,09/22/2026,00:47:48,eddie@node1l26.ecdf.ed.ac.uk,8,1767
58451374,0.01924,step7_gate,yhu5,r,09/21/2026,23:42:45,eddie@node1r09.ecdf.ed.ac.uk,8,1747
58451374,0.01923,step7_gate,yhu5,r,09/21/2026,23:57:13,eddie@node1s19.ecdf.ed.ac.uk,8,1752
58451374,0.01904,step7_gate,yhu5,r,09/21/2026,22:30:13,eddie@node1j26.ecdf.ed.ac.uk,8,1734
58451374,0.01903,step7_gate,yhu5,r,09/21/2026,22:24:24,eddie@node1l27.ecdf.ed.ac.uk,8,1733
58451374,0.01893,step7_gate,yhu5,r,09/21/2026,21:16:05,eddie@node1l24.ecdf.ed.ac.uk,8,1718
58451374,0.01870,step7_gate,yhu5,r,09/21/2026,18:41:24,eddie@node1f07.ecdf.ed.ac.uk,8,1687
58788596,0.01818,Ti4O8-C12-,s1829244,r,09/21/2026,10:25:58,eddie@node1j13.ecdf.ed.ac.uk,2
58792777,0.01806,SimuPhyloE,gclarte,r,09/22/2026,08:56:20,eddie@node1n12.ecdf.ed.ac.uk,31
58506257,0.01760,snakejob.i,abrether,r,09/22/2026,14:08:47,gpu@node1p02.ecdf.ed.ac.uk,2
58506256,0.01758,snakejob.i,abrether,r,09/22/2026,13:40:26,gpu@node1p02.ecdf.ed.ac.uk,2
58506255,0.01742,snakejob.i,abrether,r,09/22/2026,13:35:56,gpu@node1p01.ecdf.ed.ac.uk,2
58506254,0.01738,snakejob.i,abrether,r,09/22/2026,12:56:18,gpu@node1p02.ecdf.ed.ac.uk,2
58506250,0.01736,snakejob.i,abrether,r,09/22/2026,11:55:25,gpu@node1o15.ecdf.ed.ac.uk,2
58506253,0.01734,snakejob.i,abrether,r,09/22/2026,12:19:56,gpu@node1p02.ecdf.ed.ac.uk,2
58506251,0.01734,snakejob.i,abrether,r,09/22/2026,11:57:09,gpu@node1p01.ecdf.ed.ac.uk,2
58506252,0.01734,snakejob.i,abrether,r,09/22/2026,12:05:38,gpu@node1p01.ecdf.ed.ac.uk,2
58506249,0.01730,snakejob.i,abrether,r,09/22/2026,11:17:35,gpu@node1o15.ecdf.ed.ac.uk,2
58506248,0.01730,snakejob.i,abrether,r,09/22/2026,11:14:50,gpu@node1o15.ecdf.ed.ac.uk,2
58506247,0.01729,snakejob.i,abrether,r,09/22/2026,11:07:19,gpu@node1o15.ecdf.ed.ac.uk,2
58788597,0.01650,Ti4O8-C12-,s1829244,r,09/21/2026,10:27:43,eddie@node1j13.ecdf.ed.ac.uk,2
58506243,0.01566,snakejob.i,abrether,r,09/21/2026,15:33:51,gpu@node1p02.ecdf.ed.ac.uk,2
58663547,0.01545,s3-t224-B1,s2108353,r,09/22/2026,14:32:32,gpu@node1s05.ecdf.ed.ac.uk,1
58663546,0.01543,s3-t224-B1,s2108353,r,09/22/2026,14:15:56,gpu@node1g06.ecdf.ed.ac.uk,1
58663545,0.01541,s3-t224-B1,s2108353,r,09/22/2026,13:57:17,gpu@node1g06.ecdf.ed.ac.uk,1
58663544,0.01540,s3-t224-B1,s2108353,r,09/22/2026,13:50:37,gpu@node1g06.ecdf.ed.ac.uk,1
58663537,0.01531,s3-t224-B1,s2108353,r,09/22/2026,09:19:02,gpu@node1q09.ecdf.ed.ac.uk,1
58663543,0.01522,s3-t224-B1,s2108353,r,09/22/2026,13:31:26,gpu@node1q08.ecdf.ed.ac.uk,1
58663542,0.01501,s3-t224-B1,s2108353,r,09/22/2026,10:59:12,gpu@node1o17.ecdf.ed.ac.uk,1
58663538,0.01496,s3-t224-B1,s2108353,r,09/22/2026,09:25:16,gpu@node1s05.ecdf.ed.ac.uk,1
58663539,0.01494,s3-t224-B1,s2108353,r,09/22/2026,09:29:38,gpu@node1p07.ecdf.ed.ac.uk,1
58663540,0.01492,s3-t224-B1,s2108353,r,09/22/2026,09:31:23,gpu@node1q09.ecdf.ed.ac.uk,1
58663541,0.01490,s3-t224-B1,s2108353,r,09/22/2026,09:33:53,gpu@node1s04.ecdf.ed.ac.uk,1
58700766,0.01423,nf-estimat,akhamseh,r,09/16/2026,22:27:07,igmm_long@node1b02.ecdf.ed.ac.,32
58884567,0.01375,agre1,knicodem,r,09/22/2026,04:12:33,eddie@node1f06.ecdf.ed.ac.uk,1,2
58785832,0.01277,bcla_T1,wwong3,r,09/20/2026,21:55:11,eddie@node1h23.ecdf.ed.ac.uk,16
58785833,0.01277,bcla_S0,wwong3,r,09/20/2026,21:55:11,eddie@node1r08.ecdf.ed.ac.uk,16
58884567,0.01222,agre1,knicodem,r,09/22/2026,04:12:33,eddie@node1n06.ecdf.ed.ac.uk,1,3
58773092,0.01139,N64k_K1638,lchen8,r,09/21/2026,09:11:23,eddie@node1i13.ecdf.ed.ac.uk,1
58773022,0.01122,N64k_K128_,lchen8,r,09/22/2026,07:11:39,eddie@node1i13.ecdf.ed.ac.uk,1
58770774,0.01120,maf_to_fas,ryoung23,r,09/22/2026,09:18:32,igmm_long@node1b04.ecdf.ed.ac.,8,433
58773018,0.01107,N64k_K64_s,lchen8,r,09/22/2026,05:23:54,eddie@node1i14.ecdf.ed.ac.uk,1
58773002,0.01107,N64k_K64_s,lchen8,r,09/22/2026,05:14:39,eddie@node1f09.ecdf.ed.ac.uk,1
58773010,0.01105,N64k_K64_s,lchen8,r,09/22/2026,05:30:24,eddie@node1f06.ecdf.ed.ac.uk,1
58884567,0.01100,agre1,knicodem,r,09/22/2026,04:12:33,eddie@node1f10.ecdf.ed.ac.uk,1,4
58773063,0.01082,N64k_K8192,lchen8,r,09/22/2026,04:31:48,eddie@node1i02.ecdf.ed.ac.uk,1
58773006,0.01078,N64k_K64_s,lchen8,r,09/22/2026,04:08:03,eddie@node1n03.ecdf.ed.ac.uk,1
58773100,0.01077,N64k_K1638,lchen8,r,09/21/2026,11:25:43,eddie@node1f10.ecdf.ed.ac.uk,1
58773026,0.01073,N64k_K128_,lchen8,r,09/22/2026,03:39:48,eddie@node1i15.ecdf.ed.ac.uk,1
58773014,0.01072,N64k_K64_s,lchen8,r,09/22/2026,03:25:03,eddie@node1i15.ecdf.ed.ac.uk,1
58773067,0.01072,N64k_K8192,lchen8,r,09/22/2026,03:20:48,eddie@node1i14.ecdf.ed.ac.uk,1
58773076,0.01072,N64k_K8192,lchen8,r,09/22/2026,03:17:33,eddie@node1i07.ecdf.ed.ac.uk,1
58773071,0.01071,N64k_K8192,lchen8,r,09/22/2026,03:13:48,eddie@node1n03.ecdf.ed.ac.uk,1
58773039,0.01069,N64k_K128_,lchen8,r,09/22/2026,03:05:03,eddie@node1f10.ecdf.ed.ac.uk,1
58773055,0.01067,N64k_K1024,lchen8,r,09/22/2026,02:46:03,eddie@node1i13.ecdf.ed.ac.uk,1
58773059,0.01065,N64k_K1024,lchen8,r,09/22/2026,03:01:18,eddie@node1f09.ecdf.ed.ac.uk,1
58773084,0.01065,N64k_K1638,lchen8,r,09/22/2026,02:34:33,eddie@node1i14.ecdf.ed.ac.uk,1
58755978,0.01063,q_30nm-FC-,jross7,r,09/22/2026,14:50:41,gpu@node1p05.ecdf.ed.ac.uk,1,650
58773030,0.01062,N64k_K128_,lchen8,r,09/22/2026,02:53:48,eddie@node1i15.ecdf.ed.ac.uk,1
58755978,0.01061,q_30nm-FC-,jross7,r,09/22/2026,14:55:41,gpu@node1s05.ecdf.ed.ac.uk,1,653
58755978,0.01060,q_30nm-FC-,jross7,r,09/22/2026,14:51:11,gpu@node1o16.ecdf.ed.ac.uk,1,652
58755978,0.01060,q_30nm-FC-,jross7,r,09/22/2026,14:50:41,gpu@node1p06.ecdf.ed.ac.uk,1,651
58755978,0.01060,q_30nm-FC-,jross7,r,09/22/2026,14:46:41,gpu@node1p06.ecdf.ed.ac.uk,1,648
58755978,0.01059,q_30nm-FC-,jross7,r,09/22/2026,14:47:26,gpu@node1q09.ecdf.ed.ac.uk,1,649
58755978,0.01059,q_30nm-FC-,jross7,r,09/22/2026,14:44:27,gpu@node1s04.ecdf.ed.ac.uk,1,647
58755978,0.01059,q_30nm-FC-,jross7,r,09/22/2026,14:40:13,gpu@node1q07.ecdf.ed.ac.uk,1,645
58755978,0.01059,q_30nm-FC-,jross7,r,09/22/2026,14:41:57,gpu@node1s04.ecdf.ed.ac.uk,1,646
58755978,0.01058,q_30nm-FC-,jross7,r,09/22/2026,14:34:50,gpu@node1p07.ecdf.ed.ac.uk,1,643
58755978,0.01058,q_30nm-FC-,jross7,r,09/22/2026,14:32:17,gpu@node1p07.ecdf.ed.ac.uk,1,642
58755978,0.01058,q_30nm-FC-,jross7,r,09/22/2026,14:35:35,gpu@node1s05.ecdf.ed.ac.uk,1,644
58773051,0.01057,N64k_K1024,lchen8,r,09/22/2026,02:02:18,eddie@node1i15.ecdf.ed.ac.uk,1
58772985,0.01056,N64k_K1_s2,lchen8,r,09/22/2026,01:21:33,eddie@node1n03.ecdf.ed.ac.uk,1
58773088,0.01054,N64k_K1638,lchen8,r,09/22/2026,01:28:03,eddie@node1f09.ecdf.ed.ac.uk,1
58773035,0.01054,N64k_K128_,lchen8,r,09/22/2026,01:05:33,eddie@node1i15.ecdf.ed.ac.uk,1
58773080,0.01050,N64k_K8192,lchen8,r,09/22/2026,00:42:13,eddie@node1f06.ecdf.ed.ac.uk,1
58773047,0.01045,N64k_K1024,lchen8,r,09/22/2026,00:33:28,eddie@node1i15.ecdf.ed.ac.uk,1
58773043,0.01040,N64k_K1024,lchen8,r,09/22/2026,00:12:58,eddie@node1i15.ecdf.ed.ac.uk,1
58947420,0.01000,CO23d_fab,s2673720,r,09/22/2026,08:56:20,eddie@node1n12.ecdf.ed.ac.uk,10
58773096,0.01000,N64k_K1638,lchen8,r,09/21/2026,04:15:35,eddie@node1i14.ecdf.ed.ac.uk,1
58884567,0.01000,agre1,knicodem,r,09/22/2026,04:12:33,eddie@node1n07.ecdf.ed.ac.uk,1,5
58982971,0.00947,pap_s2_sci,s2740816,r,09/22/2026,13:56:36,eddie@node1f05.ecdf.ed.ac.uk,64
58770774,0.00946,maf_to_fas,ryoung23,r,09/22/2026,14:35:35,igmm_long@node1b08.ecdf.ed.ac.,8,455
58770774,0.00946,maf_to_fas,ryoung23,r,09/22/2026,14:34:00,igmm_long@node1c06.ecdf.ed.ac.,8,454
58770774,0.00940,maf_to_fas,ryoung23,r,09/22/2026,13:52:35,igmm_long@node1c02.ecdf.ed.ac.,8,453
58770774,0.00939,maf_to_fas,ryoung23,r,09/22/2026,13:46:22,igmm_long@node1a07.ecdf.ed.ac.,8,452
58770774,0.00932,maf_to_fas,ryoung23,r,09/22/2026,13:25:29,igmm_long@node1a04.ecdf.ed.ac.,8,451
58770774,0.00930,maf_to_fas,ryoung23,r,09/22/2026,13:13:47,igmm_long@node1a03.ecdf.ed.ac.,8,450
58770774,0.00929,maf_to_fas,ryoung23,r,09/22/2026,13:06:17,igmm_long@node1c03.ecdf.ed.ac.,8,449
58770774,0.00928,maf_to_fas,ryoung23,r,09/22/2026,13:01:08,igmm_long@node1h28.ecdf.ed.ac.,8,448
58771126,0.00919,g_input,s2430499,r,09/22/2026,14:12:15,gpu@node1o17.ecdf.ed.ac.uk,1
58770774,0.00918,maf_to_fas,ryoung23,r,09/22/2026,11:49:32,igmm_long@node1a01.ecdf.ed.ac.,8,445
58770774,0.00917,maf_to_fas,ryoung23,r,09/22/2026,11:43:02,igmm_long@node1c05.ecdf.ed.ac.,8,444
58884567,0.00917,agre1,knicodem,r,09/22/2026,04:12:33,eddie@node1n08.ecdf.ed.ac.uk,1,6
58947594,0.00908,CO23d_mass,s2673720,r,09/22/2026,08:56:20,eddie@node1n15.ecdf.ed.ac.uk,20
58770774,0.00907,maf_to_fas,ryoung23,r,09/22/2026,10:31:57,igmm_long@node1c05.ecdf.ed.ac.,8,441
58770774,0.00902,maf_to_fas,ryoung23,r,09/22/2026,10:01:27,igmm_long@node1h28.ecdf.ed.ac.,8,439
58770774,0.00897,maf_to_fas,ryoung23,r,09/22/2026,09:29:53,igmm_long@node1c01.ecdf.ed.ac.,8,434
58770774,0.00897,maf_to_fas,ryoung23,r,09/22/2026,09:33:23,igmm_long@node1a08.ecdf.ed.ac.,8,435
58826161,0.00880,QLOGIN,s1997549,r,09/21/2026,22:35:24,eddie@node1j15.ecdf.ed.ac.uk,50
58771122,0.00874,g_input,s2430499,r,09/22/2026,10:52:24,gpu@node1p02.ecdf.ed.ac.uk,1
58771120,0.00873,g_input,s2430499,r,09/22/2026,10:36:48,gpu@node1g02.ecdf.ed.ac.uk,1
58771124,0.00869,g_input,s2430499,r,09/22/2026,10:59:12,gpu@node1p01.ecdf.ed.ac.uk,1
58947482,0.00869,CO23d_bvi,s2673720,r,09/22/2026,08:56:20,eddie@node1i25.ecdf.ed.ac.uk,10
58947596,0.00862,CO23d_ssv,s2673720,r,09/22/2026,09:00:22,eddie@node1m07.ecdf.ed.ac.uk,20
58770774,0.00808,maf_to_fas,ryoung23,r,09/21/2026,23:11:36,igmm_long@node1c01.ecdf.ed.ac.,8,405
58788775,0.00804,gerp,ryoung23,r,09/21/2026,10:43:35,igmm_long@node1a06.ecdf.ed.ac.,8,1
58770774,0.00801,maf_to_fas,ryoung23,r,09/21/2026,22:20:56,igmm_long@node1c03.ecdf.ed.ac.,8,404
58770774,0.00799,maf_to_fas,ryoung23,r,09/21/2026,22:13:10,igmm_long@node1b07.ecdf.ed.ac.,8,403
58770774,0.00798,maf_to_fas,ryoung23,r,09/21/2026,22:00:52,igmm_long@node1c07.ecdf.ed.ac.,8,402
58770774,0.00794,maf_to_fas,ryoung23,r,09/21/2026,21:33:46,igmm_long@node1a02.ecdf.ed.ac.,8,400
58788196,0.00789,ce2,gl03pi18,r,09/22/2026,00:06:28,eddie@node1l15.ecdf.ed.ac.uk,8
58770774,0.00780,maf_to_fas,ryoung23,r,09/21/2026,20:03:24,igmm_long@node1c06.ecdf.ed.ac.,8,396
58788775,0.00777,gerp,ryoung23,r,09/21/2026,10:43:35,igmm_long@node1b01.ecdf.ed.ac.,8,4
58788775,0.00777,gerp,ryoung23,r,09/21/2026,10:43:35,igmm_long@node1b04.ecdf.ed.ac.,8,5
58788775,0.00777,gerp,ryoung23,r,09/21/2026,10:43:35,igmm_long@node1c04.ecdf.ed.ac.,8,6
58788775,0.00777,gerp,ryoung23,r,09/21/2026,10:43:35,igmm_long@node1a01.ecdf.ed.ac.,8,8
58788775,0.00777,gerp,ryoung23,r,09/21/2026,10:43:35,igmm_long@node1b07.ecdf.ed.ac.,8,9
58788775,0.00777,gerp,ryoung23,r,09/21/2026,10:43:35,igmm_long@node1b03.ecdf.ed.ac.,8,10
58788775,0.00777,gerp,ryoung23,r,09/21/2026,10:43:35,igmm_long@node1c02.ecdf.ed.ac.,8,11
58788775,0.00777,gerp,ryoung23,r,09/21/2026,10:43:35,igmm_long@node1b08.ecdf.ed.ac.,8,12
58788775,0.00777,gerp,ryoung23,r,09/21/2026,10:43:35,igmm_long@node1c07.ecdf.ed.ac.,8,13
58788775,0.00777,gerp,ryoung23,r,09/21/2026,10:43:35,igmm_long@node1c05.ecdf.ed.ac.,8,14
58788775,0.00777,gerp,ryoung23,r,09/21/2026,10:43:35,igmm_long@node1a08.ecdf.ed.ac.,8,15
58788775,0.00777,gerp,ryoung23,r,09/21/2026,10:43:35,igmm_long@node1a03.ecdf.ed.ac.,8,16
58788775,0.00777,gerp,ryoung23,r,09/21/2026,10:43:35,igmm_long@node1a02.ecdf.ed.ac.,8,17
58788775,0.00777,gerp,ryoung23,r,09/21/2026,10:43:35,igmm_long@node1c06.ecdf.ed.ac.,8,18
58788775,0.00777,gerp,ryoung23,r,09/21/2026,10:43:35,igmm_long@node1c01.ecdf.ed.ac.,8,19
58788775,0.00777,gerp,ryoung23,r,09/21/2026,10:43:35,igmm_long@node1c08.ecdf.ed.ac.,8,20
58788775,0.00777,gerp,ryoung23,r,09/21/2026,10:43:35,igmm_long@node1a04.ecdf.ed.ac.,8,21
58788775,0.00777,gerp,ryoung23,r,09/21/2026,10:43:35,igmm_long@node1a05.ecdf.ed.ac.,8,22
58788775,0.00777,gerp,ryoung23,r,09/21/2026,10:43:35,igmm_long@node1b05.ecdf.ed.ac.,8,23
58788775,0.00777,gerp,ryoung23,r,09/21/2026,10:43:35,igmm_long@node1h01.ecdf.ed.ac.,8,24
58771114,0.00771,g_input,s2430499,r,09/21/2026,23:26:25,gpu@node1p05.ecdf.ed.ac.uk,1
58771109,0.00770,g_input,s2430499,r,09/21/2026,22:57:50,gpu@node1q09.ecdf.ed.ac.uk,1
58770774,0.00769,maf_to_fas,ryoung23,r,09/21/2026,18:47:18,igmm_long@node1b03.ecdf.ed.ac.,8,388
58770774,0.00768,maf_to_fas,ryoung23,r,09/21/2026,18:45:37,igmm_long@node1b01.ecdf.ed.ac.,8,387
58770774,0.00768,maf_to_fas,ryoung23,r,09/21/2026,18:41:58,igmm_long@node1b06.ecdf.ed.ac.,8,386
58770774,0.00768,maf_to_fas,ryoung23,r,09/21/2026,18:40:04,igmm_long@node1a06.ecdf.ed.ac.,8,385
58788200,0.00763,ce2,gl03pi18,r,09/22/2026,00:26:58,eddie@node1l13.ecdf.ed.ac.uk,8
58790438,0.00757,ce2,gl03pi18,r,09/22/2026,00:48:33,eddie@node1l11.ecdf.ed.ac.uk,8
58788193,0.00756,ce1,gl03pi9,r,09/22/2026,00:07:58,eddie@node1l11.ecdf.ed.ac.uk,8
58790414,0.00755,ce2,gl03pi18,r,09/22/2026,00:36:13,eddie@node1l12.ecdf.ed.ac.uk,8
58983016,0.00754,DTDO_bench,s2615780,r,09/22/2026,14:09:32,eddie@node1k05.ecdf.ed.ac.uk,64
58788195,0.00753,ce1,gl03pi9,r,09/22/2026,00:24:43,eddie@node1l16.ecdf.ed.ac.uk,8
58790894,0.00750,ce2,gl03pi18,r,09/22/2026,01:12:33,eddie@node1l18.ecdf.ed.ac.uk,8
58790912,0.00750,ce2,gl03pi18,r,09/22/2026,01:13:48,eddie@node1l15.ecdf.ed.ac.uk,8
58790845,0.00747,ce1,gl03pi9,r,09/22/2026,00:53:48,eddie@node1l13.ecdf.ed.ac.uk,8
58790983,0.00747,ce1,gl03pi9,r,09/22/2026,01:08:33,eddie@node1l16.ecdf.ed.ac.uk,8
58790835,0.00746,ce1,gl03pi9,r,09/22/2026,00:41:43,eddie@node1l14.ecdf.ed.ac.uk,8
58772993,0.00729,N64k_K1_s4,lchen8,r,09/21/2026,22:59:25,eddie@node1f09.ecdf.ed.ac.uk,1
58772989,0.00724,N64k_K1_s3,lchen8,r,09/21/2026,22:19:48,eddie@node1i13.ecdf.ed.ac.uk,1
58772998,0.00721,N64k_K1_s5,lchen8,r,09/21/2026,22:13:56,eddie@node1f09.ecdf.ed.ac.uk,1
58790943,0.00720,ce2,gl03pi18,r,09/22/2026,01:14:48,eddie@node1l16.ecdf.ed.ac.uk,8
58790995,0.00714,ce1,gl03pi9,r,09/22/2026,01:26:03,eddie@node1l17.ecdf.ed.ac.uk,8
58772980,0.00711,N64k_K1_s1,lchen8,r,09/21/2026,20:57:12,eddie@node1i13.ecdf.ed.ac.uk,1
58831152,0.00711,ce2,gl03pi18,r,09/22/2026,08:05:39,eddie@node1l11.ecdf.ed.ac.uk,8
58777989,0.00708,step7_gate,lwong4,r,09/22/2026,08:42:16,eddie@node1d09.ecdf.ed.ac.uk,8,442
58777989,0.00708,step7_gate,lwong4,r,09/22/2026,08:40:23,eddie@node1h09.ecdf.ed.ac.uk,8,441
58777989,0.00705,step7_gate,lwong4,r,09/22/2026,08:23:53,eddie@node1m15.ecdf.ed.ac.uk,8,440
58777989,0.00705,step7_gate,lwong4,r,09/22/2026,08:23:38,eddie@node1r19.ecdf.ed.ac.uk,8,439
58777989,0.00705,step7_gate,lwong4,r,09/22/2026,08:23:08,eddie@node1l02.ecdf.ed.ac.uk,8,438
58777989,0.00705,step7_gate,lwong4,r,09/22/2026,08:21:38,eddie@node1f05.ecdf.ed.ac.uk,8,437
58777989,0.00702,step7_gate,lwong4,r,09/22/2026,08:05:39,eddie@node1h22.ecdf.ed.ac.uk,8,435
58777989,0.00701,step7_gate,lwong4,r,09/22/2026,07:54:54,eddie@node1j26.ecdf.ed.ac.uk,8,433
58777989,0.00701,step7_gate,lwong4,r,09/22/2026,08:00:54,eddie@node1m16.ecdf.ed.ac.uk,8,434
58777989,0.00700,step7_gate,lwong4,r,09/22/2026,08:11:54,eddie@node1r18.ecdf.ed.ac.uk,8,436
58777989,0.00699,step7_gate,lwong4,r,09/22/2026,07:46:09,eddie@node1m04.ecdf.ed.ac.uk,8,431
58777989,0.00699,step7_gate,lwong4,r,09/22/2026,07:49:54,eddie@node1s09.ecdf.ed.ac.uk,8,432
58836404,0.00695,ce1,gl03pi9,r,09/22/2026,09:17:17,eddie@node1l16.ecdf.ed.ac.uk,8
58777989,0.00694,step7_gate,lwong4,r,09/22/2026,07:20:39,eddie@node1r09.ecdf.ed.ac.uk,8,430
58835946,0.00694,ce1,gl03pi9,r,09/22/2026,09:12:47,eddie@node1l13.ecdf.ed.ac.uk,8
58831687,0.00693,ce2,gl03pi18,r,09/22/2026,09:03:22,eddie@node1l14.ecdf.ed.ac.uk,8
58790868,0.00693,x_4FO,eshrimpt,r,09/21/2026,14:08:41,eddie@node1s18.ecdf.ed.ac.uk,4
58777989,0.00693,step7_gate,lwong4,r,09/22/2026,07:09:09,eddie@node1l04.ecdf.ed.ac.uk,8,429
58777989,0.00692,step7_gate,lwong4,r,09/22/2026,14:52:11,eddie@node1r05.ecdf.ed.ac.uk,8,568
58655621,0.00692,runlisfloo,awilso19,r,09/15/2026,14:11:19,eddie@node1n04.ecdf.ed.ac.uk,1,4001
58777989,0.00691,step7_gate,lwong4,r,09/22/2026,14:48:56,eddie@node1l22.ecdf.ed.ac.uk,8,567
58777989,0.00690,step7_gate,lwong4,r,09/22/2026,14:42:40,eddie@node1l22.ecdf.ed.ac.uk,8,566
58777989,0.00689,step7_gate,lwong4,r,09/22/2026,14:34:35,eddie@node1j17.ecdf.ed.ac.uk,8,565
58777989,0.00689,step7_gate,lwong4,r,09/22/2026,06:39:09,eddie@node1j07.ecdf.ed.ac.uk,8,427
58777989,0.00689,step7_gate,lwong4,r,09/22/2026,06:35:09,eddie@node1r12.ecdf.ed.ac.uk,8,426
58777989,0.00688,step7_gate,lwong4,r,09/22/2026,06:32:24,eddie@node1l01.ecdf.ed.ac.uk,8,425
58777989,0.00688,step7_gate,lwong4,r,09/22/2026,06:26:39,eddie@node1s14.ecdf.ed.ac.uk,8,424
58777989,0.00687,step7_gate,lwong4,r,09/22/2026,06:24:54,eddie@node1j11.ecdf.ed.ac.uk,8,422
58777989,0.00687,step7_gate,lwong4,r,09/22/2026,06:23:39,eddie@node1k01.ecdf.ed.ac.uk,8,421
58777989,0.00687,step7_gate,lwong4,r,09/22/2026,06:22:09,eddie@node1j25.ecdf.ed.ac.uk,8,420
58777989,0.00686,step7_gate,lwong4,r,09/22/2026,06:17:39,eddie@node1h24.ecdf.ed.ac.uk,8,417
58777989,0.00686,step7_gate,lwong4,r,09/22/2026,06:21:09,eddie@node1m13.ecdf.ed.ac.uk,8,419
58777989,0.00686,step7_gate,lwong4,r,09/22/2026,14:12:30,eddie@node1r07.ecdf.ed.ac.uk,8,564
58777989,0.00686,step7_gate,lwong4,r,09/22/2026,06:19:54,eddie@node1m01.ecdf.ed.ac.uk,8,418
58777989,0.00686,step7_gate,lwong4,r,09/22/2026,14:10:32,eddie@node1s09.ecdf.ed.ac.uk,8,563
58794316,0.00686,O07,s2463047,r,09/21/2026,17:56:28,eddie@node1s18.ecdf.ed.ac.uk,32
58777989,0.00685,step7_gate,lwong4,r,09/22/2026,14:05:47,eddie@node1m14.ecdf.ed.ac.uk,8,562
58777989,0.00684,step7_gate,lwong4,r,09/22/2026,06:03:54,eddie@node1o05.ecdf.ed.ac.uk,8,416
58830614,0.00684,ce2,gl03pi18,r,09/22/2026,04:36:24,eddie@node1l12.ecdf.ed.ac.uk,8
58777989,0.00684,step7_gate,lwong4,r,09/22/2026,13:54:39,eddie@node1l09.ecdf.ed.ac.uk,8,561
58827114,0.00683,ce2,gl03pi18,r,09/22/2026,03:48:03,eddie@node1l12.ecdf.ed.ac.uk,8
58777989,0.00683,step7_gate,lwong4,r,09/22/2026,13:52:49,eddie@node1m13.ecdf.ed.ac.uk,8,560
58827384,0.00682,ce1,gl03pi9,r,09/22/2026,07:33:39,eddie@node1l18.ecdf.ed.ac.uk,8
58777989,0.00682,step7_gate,lwong4,r,09/22/2026,13:41:56,eddie@node1n10.ecdf.ed.ac.uk,8,559
58777989,0.00681,step7_gate,lwong4,r,09/22/2026,05:43:54,eddie@node1h22.ecdf.ed.ac.uk,8,414
58826507,0.00681,ce1,gl03pi9,r,09/22/2026,02:48:33,eddie@node1l14.ecdf.ed.ac.uk,8
58777989,0.00680,step7_gate,lwong4,r,09/22/2026,05:39:09,eddie@node1j08.ecdf.ed.ac.uk,8,413
58777989,0.00680,step7_gate,lwong4,r,09/22/2026,05:36:24,eddie@node1j23.ecdf.ed.ac.uk,8,412
58777989,0.00679,step7_gate,lwong4,r,09/22/2026,05:31:24,eddie@node1o09.ecdf.ed.ac.uk,8,411
58827082,0.00679,ce2,gl03pi18,r,09/22/2026,03:08:48,eddie@node1l17.ecdf.ed.ac.uk,8
58777989,0.00678,step7_gate,lwong4,r,09/22/2026,13:26:40,eddie@node1o04.ecdf.ed.ac.uk,8,558
58827050,0.00678,ce2,gl03pi18,r,09/22/2026,03:01:48,eddie@node1l14.ecdf.ed.ac.uk,8
58827359,0.00677,ce1,gl03pi9,r,09/22/2026,03:18:03,eddie@node1l13.ecdf.ed.ac.uk,8
58777989,0.00677,step7_gate,lwong4,r,09/22/2026,13:18:24,eddie@node1j26.ecdf.ed.ac.uk,8,557
58777989,0.00677,step7_gate,lwong4,r,09/22/2026,13:14:51,eddie@node1j03.ecdf.ed.ac.uk,8,556
58777989,0.00677,step7_gate,lwong4,r,09/22/2026,05:12:39,eddie@node1r09.ecdf.ed.ac.uk,8,410
58826469,0.00676,ce1,gl03pi9,r,09/22/2026,02:04:48,eddie@node1l18.ecdf.ed.ac.uk,8
58777989,0.00675,step7_gate,lwong4,r,09/22/2026,13:06:17,eddie@node1j18.ecdf.ed.ac.uk,8,555
58777989,0.00674,step7_gate,lwong4,r,09/22/2026,12:57:03,eddie@node1h11.ecdf.ed.ac.uk,8,554
58777989,0.00674,step7_gate,lwong4,r,09/22/2026,12:55:04,eddie@node1m02.ecdf.ed.ac.uk,8,553
58777989,0.00673,step7_gate,lwong4,r,09/22/2026,04:55:39,eddie@node1h13.ecdf.ed.ac.uk,8,408
58777989,0.00672,step7_gate,lwong4,r,09/22/2026,04:55:09,eddie@node1h03.ecdf.ed.ac.uk,8,407
58777989,0.00672,step7_gate,lwong4,r,09/22/2026,04:40:39,eddie@node1o08.ecdf.ed.ac.uk,8,406
58777989,0.00671,step7_gate,lwong4,r,09/22/2026,12:38:50,eddie@node1l28.ecdf.ed.ac.uk,8,552
58777989,0.00670,step7_gate,lwong4,r,09/22/2026,12:31:52,eddie@node1h08.ecdf.ed.ac.uk,8,550
58777989,0.00670,step7_gate,lwong4,r,09/22/2026,12:32:37,eddie@node1s14.ecdf.ed.ac.uk,8,551
58777989,0.00670,step7_gate,lwong4,r,09/22/2026,12:30:52,eddie@node1r17.ecdf.ed.ac.uk,8,548
58777989,0.00670,step7_gate,lwong4,r,09/22/2026,12:31:07,eddie@node1h10.ecdf.ed.ac.uk,8,549
58777989,0.00670,step7_gate,lwong4,r,09/22/2026,04:28:03,eddie@node1j07.ecdf.ed.ac.uk,8,405
58777989,0.00669,step7_gate,lwong4,r,09/22/2026,12:26:21,eddie@node1l25.ecdf.ed.ac.uk,8,547
58777989,0.00669,step7_gate,lwong4,r,09/22/2026,12:23:18,eddie@node1h13.ecdf.ed.ac.uk,8,546
58777989,0.00669,step7_gate,lwong4,r,09/22/2026,12:22:33,eddie@node1l23.ecdf.ed.ac.uk,8,545
58777989,0.00668,step7_gate,lwong4,r,09/22/2026,04:18:33,eddie@node1k01.ecdf.ed.ac.uk,8,403
58777989,0.00668,step7_gate,lwong4,r,09/22/2026,12:17:33,eddie@node1l04.ecdf.ed.ac.uk,8,544
58777989,0.00667,step7_gate,lwong4,r,09/22/2026,12:13:03,eddie@node1j02.ecdf.ed.ac.uk,8,543
58777989,0.00667,step7_gate,lwong4,r,09/22/2026,04:11:48,eddie@node1h07.ecdf.ed.ac.uk,8,401
58777989,0.00667,step7_gate,lwong4,r,09/22/2026,12:12:18,eddie@node1k19.ecdf.ed.ac.uk,8,542
58777989,0.00667,step7_gate,lwong4,r,09/22/2026,04:19:03,eddie@node1h08.ecdf.ed.ac.uk,8,404
58777989,0.00666,step7_gate,lwong4,r,09/22/2026,12:04:38,eddie@node1l20.ecdf.ed.ac.uk,8,541
58777989,0.00665,step7_gate,lwong4,r,09/22/2026,11:57:39,eddie@node1h15.ecdf.ed.ac.uk,8,540
58777989,0.00665,step7_gate,lwong4,r,09/22/2026,11:56:39,eddie@node1o10.ecdf.ed.ac.uk,8,539
58777989,0.00665,step7_gate,lwong4,r,09/22/2026,03:54:33,eddie@node1h14.ecdf.ed.ac.uk,8,395
58777989,0.00665,step7_gate,lwong4,r,09/22/2026,11:54:08,eddie@node1r17.ecdf.ed.ac.uk,8,537
58777989,0.00665,step7_gate,lwong4,r,09/22/2026,11:54:08,eddie@node1m05.ecdf.ed.ac.uk,8,538
58777989,0.00665,step7_gate,lwong4,r,09/22/2026,11:53:23,eddie@node1s13.ecdf.ed.ac.uk,8,536
58777989,0.00664,step7_gate,lwong4,r,09/22/2026,11:52:02,eddie@node1j06.ecdf.ed.ac.uk,8,535
58777989,0.00664,step7_gate,lwong4,r,09/22/2026,03:47:48,eddie@node1p08.ecdf.ed.ac.uk,8,394
58777989,0.00664,step7_gate,lwong4,r,09/22/2026,03:45:03,eddie@node1p08.ecdf.ed.ac.uk,8,392
58777989,0.00663,step7_gate,lwong4,r,09/22/2026,11:44:32,eddie@node1h05.ecdf.ed.ac.uk,8,534
58777989,0.00663,step7_gate,lwong4,r,09/22/2026,03:47:33,eddie@node1l03.ecdf.ed.ac.uk,8,393
58777989,0.00663,step7_gate,lwong4,r,09/22/2026,03:40:33,eddie@node1m01.ecdf.ed.ac.uk,8,391
58777989,0.00662,step7_gate,lwong4,r,09/22/2026,03:37:18,eddie@node1r05.ecdf.ed.ac.uk,8,390
58827383,0.00661,ce1,gl03pi9,r,09/22/2026,04:44:54,eddie@node1l18.ecdf.ed.ac.uk,8
58777989,0.00661,step7_gate,lwong4,r,09/22/2026,11:32:44,eddie@node1m15.ecdf.ed.ac.uk,8,533
58777989,0.00661,step7_gate,lwong4,r,09/22/2026,03:35:18,eddie@node1k03.ecdf.ed.ac.uk,8,389
58777989,0.00660,step7_gate,lwong4,r,09/22/2026,11:24:20,eddie@node1j04.ecdf.ed.ac.uk,8,532
58777989,0.00660,step7_gate,lwong4,r,09/22/2026,03:24:48,eddie@node1i07.ecdf.ed.ac.uk,8,387
58777989,0.00660,step7_gate,lwong4,r,09/22/2026,03:18:48,eddie@node1h12.ecdf.ed.ac.uk,8,385
58777989,0.00659,step7_gate,lwong4,r,09/22/2026,03:12:48,eddie@node1j08.ecdf.ed.ac.uk,8,382
58777989,0.00659,step7_gate,lwong4,r,09/22/2026,11:17:05,eddie@node1j06.ecdf.ed.ac.uk,8,530
58777989,0.00659,step7_gate,lwong4,r,09/22/2026,11:17:05,eddie@node1j09.ecdf.ed.ac.uk,8,531
58777989,0.00659,step7_gate,lwong4,r,09/22/2026,03:10:33,eddie@node1o12.ecdf.ed.ac.uk,8,380
58777989,0.00659,step7_gate,lwong4,r,09/22/2026,03:10:33,eddie@node1h06.ecdf.ed.ac.uk,8,381
58777989,0.00659,step7_gate,lwong4,r,09/22/2026,11:16:05,eddie@node1f01.ecdf.ed.ac.uk,8,529
58777989,0.00658,step7_gate,lwong4,r,09/22/2026,11:13:41,eddie@node1o13.ecdf.ed.ac.uk,8,528
58940279,0.00658,L4T2128R1x,apikelne,r,09/22/2026,08:28:23,eddie@node1e01.ecdf.ed.ac.uk,16
58940296,0.00658,L4T2128R1x,apikelne,r,09/22/2026,08:28:23,eddie@node1f01.ecdf.ed.ac.uk,16
58940315,0.00658,L4T2128R1x,apikelne,r,09/22/2026,08:28:23,eddie@node1d02.ecdf.ed.ac.uk,16
58940327,0.00658,L4T2128R1x,apikelne,r,09/22/2026,08:28:23,eddie@node1d01.ecdf.ed.ac.uk,16
58777989,0.00658,step7_gate,lwong4,r,09/22/2026,11:11:19,eddie@node1h08.ecdf.ed.ac.uk,8,527
58777989,0.00658,step7_gate,lwong4,r,09/22/2026,11:08:49,eddie@node1j21.ecdf.ed.ac.uk,8,526
58777989,0.00658,step7_gate,lwong4,r,09/22/2026,03:05:03,eddie@node1j02.ecdf.ed.ac.uk,8,378
58777989,0.00657,step7_gate,lwong4,r,09/22/2026,11:05:37,eddie@node1l28.ecdf.ed.ac.uk,8,525
58777989,0.00657,step7_gate,lwong4,r,09/22/2026,11:04:56,eddie@node1p09.ecdf.ed.ac.uk,8,524
58777989,0.00657,step7_gate,lwong4,r,09/22/2026,11:04:14,eddie@node1l10.ecdf.ed.ac.uk,8,523
58777989,0.00657,step7_gate,lwong4,r,09/22/2026,11:03:17,eddie@node1r16.ecdf.ed.ac.uk,8,522
58777989,0.00656,step7_gate,lwong4,r,09/22/2026,02:57:03,eddie@node1h03.ecdf.ed.ac.uk,8,376
58777989,0.00656,step7_gate,lwong4,r,09/22/2026,10:57:12,eddie@node1k02.ecdf.ed.ac.uk,8,521
58777989,0.00656,step7_gate,lwong4,r,09/22/2026,10:56:57,eddie@node1m05.ecdf.ed.ac.uk,8,520
58777989,0.00656,step7_gate,lwong4,r,09/22/2026,10:54:39,eddie@node1e05.ecdf.ed.ac.uk,8,516
58777989,0.00656,step7_gate,lwong4,r,09/22/2026,10:54:39,eddie@node1e02.ecdf.ed.ac.uk,8,517
58777989,0.00656,step7_gate,lwong4,r,09/22/2026,10:54:24,eddie@node1e04.ecdf.ed.ac.uk,8,515
58777989,0.00656,step7_gate,lwong4,r,09/22/2026,10:54:54,eddie@node1j21.ecdf.ed.ac.uk,8,518
58777989,0.00656,step7_gate,lwong4,r,09/22/2026,10:54:54,eddie@node1j06.ecdf.ed.ac.uk,8,519
58777989,0.00656,step7_gate,lwong4,r,09/22/2026,10:54:09,eddie@node1k09.ecdf.ed.ac.uk,8,507
58777989,0.00656,step7_gate,lwong4,r,09/22/2026,10:54:09,eddie@node1l07.ecdf.ed.ac.uk,8,508
58777989,0.00656,step7_gate,lwong4,r,09/22/2026,10:54:09,eddie@node1k09.ecdf.ed.ac.uk,8,509
58777989,0.00656,step7_gate,lwong4,r,09/22/2026,10:54:09,eddie@node1m01.ecdf.ed.ac.uk,8,510
58777989,0.00656,step7_gate,lwong4,r,09/22/2026,10:54:09,eddie@node1l07.ecdf.ed.ac.uk,8,511
58777989,0.00656,step7_gate,lwong4,r,09/22/2026,10:54:09,eddie@node1k09.ecdf.ed.ac.uk,8,512
58777989,0.00656,step7_gate,lwong4,r,09/22/2026,10:54:09,eddie@node1l07.ecdf.ed.ac.uk,8,513
58777989,0.00656,step7_gate,lwong4,r,09/22/2026,10:54:09,eddie@node1l03.ecdf.ed.ac.uk,8,514
58777989,0.00655,step7_gate,lwong4,r,09/22/2026,10:52:54,eddie@node1j17.ecdf.ed.ac.uk,8,506
58777989,0.00655,step7_gate,lwong4,r,09/22/2026,10:51:24,eddie@node1l09.ecdf.ed.ac.uk,8,495
58777989,0.00655,step7_gate,lwong4,r,09/22/2026,10:51:24,eddie@node1j09.ecdf.ed.ac.uk,8,496
58777989,0.00655,step7_gate,lwong4,r,09/22/2026,10:51:24,eddie@node1e05.ecdf.ed.ac.uk,8,497
58777989,0.00655,step7_gate,lwong4,r,09/22/2026,10:51:24,eddie@node1e06.ecdf.ed.ac.uk,8,498
58777989,0.00655,step7_gate,lwong4,r,09/22/2026,10:51:09,eddie@node1j18.ecdf.ed.ac.uk,8,492
58777989,0.00655,step7_gate,lwong4,r,09/22/2026,10:51:09,eddie@node1e08.ecdf.ed.ac.uk,8,493
58777989,0.00655,step7_gate,lwong4,r,09/22/2026,10:51:09,eddie@node1d06.ecdf.ed.ac.uk,8,494
58777989,0.00655,step7_gate,lwong4,r,09/22/2026,10:51:39,eddie@node1k02.ecdf.ed.ac.uk,8,499
58777989,0.00655,step7_gate,lwong4,r,09/22/2026,10:51:39,eddie@node1d04.ecdf.ed.ac.uk,8,500
58777989,0.00655,step7_gate,lwong4,r,09/22/2026,10:51:54,eddie@node1k03.ecdf.ed.ac.uk,8,501
58777989,0.00655,step7_gate,lwong4,r,09/22/2026,10:51:54,eddie@node1l08.ecdf.ed.ac.uk,8,502
58777989,0.00655,step7_gate,lwong4,r,09/22/2026,10:51:54,eddie@node1d01.ecdf.ed.ac.uk,8,503
58777989,0.00655,step7_gate,lwong4,r,09/22/2026,10:51:54,eddie@node1e10.ecdf.ed.ac.uk,8,504
58777989,0.00655,step7_gate,lwong4,r,09/22/2026,10:50:54,eddie@node1e07.ecdf.ed.ac.uk,8,491
58777989,0.00655,step7_gate,lwong4,r,09/22/2026,10:50:39,eddie@node1l08.ecdf.ed.ac.uk,8,489
58777989,0.00655,step7_gate,lwong4,r,09/22/2026,10:50:39,eddie@node1e10.ecdf.ed.ac.uk,8,490
58777989,0.00655,step7_gate,lwong4,r,09/22/2026,10:49:54,eddie@node1o03.ecdf.ed.ac.uk,8,487
58777989,0.00655,step7_gate,lwong4,r,09/22/2026,10:49:54,eddie@node1e03.ecdf.ed.ac.uk,8,488
58777989,0.00655,step7_gate,lwong4,r,09/22/2026,10:49:39,eddie@node1e07.ecdf.ed.ac.uk,8,486
58777989,0.00655,step7_gate,lwong4,r,09/22/2026,10:49:09,eddie@node1f01.ecdf.ed.ac.uk,8,485
58777989,0.00655,step7_gate,lwong4,r,09/22/2026,10:48:55,eddie@node1e09.ecdf.ed.ac.uk,8,483
58777989,0.00655,step7_gate,lwong4,r,09/22/2026,10:48:55,eddie@node1e10.ecdf.ed.ac.uk,8,484
58777989,0.00655,step7_gate,lwong4,r,09/22/2026,10:48:42,eddie@node1e09.ecdf.ed.ac.uk,8,482
58777989,0.00655,step7_gate,lwong4,r,09/22/2026,10:48:19,eddie@node1e05.ecdf.ed.ac.uk,8,480
58777989,0.00655,step7_gate,lwong4,r,09/22/2026,10:48:19,eddie@node1d10.ecdf.ed.ac.uk,8,481
58777989,0.00655,step7_gate,lwong4,r,09/22/2026,10:48:08,eddie@node1e08.ecdf.ed.ac.uk,8,479
58777989,0.00655,step7_gate,lwong4,r,09/22/2026,10:48:01,eddie@node1e02.ecdf.ed.ac.uk,8,478
58777989,0.00655,step7_gate,lwong4,r,09/22/2026,10:47:39,eddie@node1j22.ecdf.ed.ac.uk,8,470
58777989,0.00655,step7_gate,lwong4,r,09/22/2026,10:47:39,eddie@node1j22.ecdf.ed.ac.uk,8,471
58777989,0.00655,step7_gate,lwong4,r,09/22/2026,10:47:39,eddie@node1e03.ecdf.ed.ac.uk,8,472
58777989,0.00655,step7_gate,lwong4,r,09/22/2026,10:47:51,eddie@node1j05.ecdf.ed.ac.uk,8,475
58777989,0.00655,step7_gate,lwong4,r,09/22/2026,10:47:51,eddie@node1e06.ecdf.ed.ac.uk,8,476
58777989,0.00655,step7_gate,lwong4,r,09/22/2026,10:47:46,eddie@node1e03.ecdf.ed.ac.uk,8,473
58777989,0.00655,step7_gate,lwong4,r,09/22/2026,10:47:46,eddie@node1d02.ecdf.ed.ac.uk,8,474
58777989,0.00655,step7_gate,lwong4,r,09/22/2026,10:47:56,eddie@node1e10.ecdf.ed.ac.uk,8,477
58777989,0.00655,step7_gate,lwong4,r,09/22/2026,10:47:34,eddie@node1e03.ecdf.ed.ac.uk,8,469
58777989,0.00655,step7_gate,lwong4,r,09/22/2026,10:47:22,eddie@node1e06.ecdf.ed.ac.uk,8,468
58777989,0.00655,step7_gate,lwong4,r,09/22/2026,10:47:04,eddie@node1d10.ecdf.ed.ac.uk,8,467
58777989,0.00655,step7_gate,lwong4,r,09/22/2026,02:54:48,eddie@node1j09.ecdf.ed.ac.uk,8,375
58777989,0.00654,step7_gate,lwong4,r,09/22/2026,10:44:04,eddie@node1r17.ecdf.ed.ac.uk,8,466
58777989,0.00654,step7_gate,lwong4,r,09/22/2026,10:40:27,eddie@node1l19.ecdf.ed.ac.uk,8,465
58777989,0.00654,step7_gate,lwong4,r,09/22/2026,02:40:33,eddie@node1m15.ecdf.ed.ac.uk,8,371
58777989,0.00654,step7_gate,lwong4,r,09/22/2026,10:39:28,eddie@node1l26.ecdf.ed.ac.uk,8,464
58777989,0.00654,step7_gate,lwong4,r,09/22/2026,02:38:48,eddie@node1j01.ecdf.ed.ac.uk,8,370
58777989,0.00653,step7_gate,lwong4,r,09/22/2026,02:36:33,eddie@node1r05.ecdf.ed.ac.uk,8,369
58777989,0.00653,step7_gate,lwong4,r,09/22/2026,10:35:16,eddie@node1k01.ecdf.ed.ac.uk,8,463
58777989,0.00653,step7_gate,lwong4,r,09/22/2026,10:35:02,eddie@node1h14.ecdf.ed.ac.uk,8,462
58777989,0.00653,step7_gate,lwong4,r,09/22/2026,10:32:36,eddie@node1f11.ecdf.ed.ac.uk,8,461
58777989,0.00652,step7_gate,lwong4,r,09/22/2026,10:29:19,eddie@node1l09.ecdf.ed.ac.uk,8,460
58777989,0.00651,step7_gate,lwong4,r,09/22/2026,02:24:18,eddie@node1h24.ecdf.ed.ac.uk,8,365
58777989,0.00651,step7_gate,lwong4,r,09/22/2026,02:17:48,eddie@node1r17.ecdf.ed.ac.uk,8,359
58777989,0.00650,step7_gate,lwong4,r,09/22/2026,02:14:18,eddie@node1m03.ecdf.ed.ac.uk,8,358
58777989,0.00650,step7_gate,lwong4,r,09/22/2026,10:14:32,eddie@node1h05.ecdf.ed.ac.uk,8,459
58777989,0.00650,step7_gate,lwong4,r,09/22/2026,10:13:32,eddie@node1r08.ecdf.ed.ac.uk,8,458
58777989,0.00650,step7_gate,lwong4,r,09/22/2026,10:13:02,eddie@node1h03.ecdf.ed.ac.uk,8,457
58777989,0.00650,step7_gate,lwong4,r,09/22/2026,02:13:03,eddie@node1h03.ecdf.ed.ac.uk,8,357
58777989,0.00650,step7_gate,lwong4,r,09/22/2026,10:11:47,eddie@node1r16.ecdf.ed.ac.uk,8,455
58777989,0.00650,step7_gate,lwong4,r,09/22/2026,10:11:47,eddie@node1j01.ecdf.ed.ac.uk,8,456
58777989,0.00650,step7_gate,lwong4,r,09/22/2026,02:30:48,eddie@node1h13.ecdf.ed.ac.uk,8,366
58777989,0.00649,step7_gate,lwong4,r,09/22/2026,10:09:57,eddie@node1m16.ecdf.ed.ac.uk,8,454
58777989,0.00649,step7_gate,lwong4,r,09/22/2026,10:06:27,eddie@node1k05.ecdf.ed.ac.uk,8,453
58777989,0.00649,step7_gate,lwong4,r,09/22/2026,02:05:33,eddie@node1o03.ecdf.ed.ac.uk,8,352
58777989,0.00648,step7_gate,lwong4,r,09/22/2026,02:03:33,eddie@node1i03.ecdf.ed.ac.uk,8,351
58777989,0.00648,step7_gate,lwong4,r,09/22/2026,09:57:57,eddie@node1o07.ecdf.ed.ac.uk,8,452
58777989,0.00647,step7_gate,lwong4,r,09/22/2026,09:56:12,eddie@node1l25.ecdf.ed.ac.uk,8,451
58777989,0.00647,step7_gate,lwong4,r,09/22/2026,09:53:48,eddie@node1l23.ecdf.ed.ac.uk,8,450
58777989,0.00646,step7_gate,lwong4,r,09/22/2026,09:46:19,eddie@node1o05.ecdf.ed.ac.uk,8,449
58777989,0.00646,step7_gate,lwong4,r,09/22/2026,09:45:34,eddie@node1d04.ecdf.ed.ac.uk,8,448
58777989,0.00645,step7_gate,lwong4,r,09/22/2026,09:38:50,eddie@node1e02.ecdf.ed.ac.uk,8,447
58777989,0.00645,step7_gate,lwong4,r,09/22/2026,09:38:05,eddie@node1j25.ecdf.ed.ac.uk,8,446
58777989,0.00644,step7_gate,lwong4,r,09/22/2026,01:34:33,eddie@node1h03.ecdf.ed.ac.uk,8,338
58777989,0.00643,step7_gate,lwong4,r,09/22/2026,09:33:53,eddie@node1l01.ecdf.ed.ac.uk,8,445
58777989,0.00643,step7_gate,lwong4,r,09/22/2026,01:31:03,eddie@node1h23.ecdf.ed.ac.uk,8,335
58777989,0.00643,step7_gate,lwong4,r,09/22/2026,09:27:17,eddie@node1r06.ecdf.ed.ac.uk,8,444
58777989,0.00643,step7_gate,lwong4,r,09/22/2026,09:26:32,eddie@node1r17.ecdf.ed.ac.uk,8,443
58777989,0.00642,step7_gate,lwong4,r,09/22/2026,01:19:48,eddie@node1l28.ecdf.ed.ac.uk,8,334
58777989,0.00642,step7_gate,lwong4,r,09/22/2026,01:15:18,eddie@node1l28.ecdf.ed.ac.uk,8,333
58983013,0.00641,DTDO_bench,s2615780,r,09/22/2026,14:08:02,eddie@node1s16.ecdf.ed.ac.uk,32
58777989,0.00636,step7_gate,lwong4,r,09/22/2026,00:44:33,eddie@node1i14.ecdf.ed.ac.uk,8,329
58777989,0.00636,step7_gate,lwong4,r,09/22/2026,00:44:03,eddie@node1l28.ecdf.ed.ac.uk,8,328
58884567,0.00611,agre1,knicodem,r,09/22/2026,04:12:33,eddie@node1p10.ecdf.ed.ac.uk,1,20
58664142,0.00592,Experiment,s2060501,r,09/17/2026,08:29:42,eddie@node1n11.ecdf.ed.ac.uk,10,9
58664142,0.00587,Experiment,s2060501,r,09/17/2026,09:39:30,eddie@node1m12.ecdf.ed.ac.uk,10,10
58785896,0.00583,pvb_T1,wwong3,r,09/20/2026,23:21:25,eddie@node1k16.ecdf.ed.ac.uk,16
58785895,0.00583,pub_S0,wwong3,r,09/20/2026,23:18:10,eddie@node1k18.ecdf.ed.ac.uk,16
58664142,0.00581,Experiment,s2060501,r,09/17/2026,09:39:30,eddie@node1m09.ecdf.ed.ac.uk,10,11
58825747,0.00578,MC-8-Ni-op,s2441545,r,09/22/2026,08:07:39,eddie@node1j19.ecdf.ed.ac.uk,16
58825744,0.00578,MC-8-Cu-op,s2441545,r,09/22/2026,07:57:39,eddie@node1h24.ecdf.ed.ac.uk,16
58664142,0.00576,Experiment,s2060501,r,09/17/2026,09:39:30,eddie@node1m10.ecdf.ed.ac.uk,10,12
58940453,0.00574,L4T2128R1x,apikelne,r,09/22/2026,08:28:38,eddie@node1d04.ecdf.ed.ac.uk,16
58940454,0.00574,L4T2128R1x,apikelne,r,09/22/2026,08:28:38,eddie@node1e01.ecdf.ed.ac.uk,16
58940455,0.00574,L4T2128R1x,apikelne,r,09/22/2026,08:28:38,eddie@node1f05.ecdf.ed.ac.uk,16
58940456,0.00574,L4T2128R1x,apikelne,r,09/22/2026,08:28:38,eddie@node1e03.ecdf.ed.ac.uk,16
58940457,0.00574,L4T2128R1x,apikelne,r,09/22/2026,08:28:38,eddie@node1d09.ecdf.ed.ac.uk,16
58940458,0.00574,L4T2128R1x,apikelne,r,09/22/2026,08:28:38,eddie@node1d01.ecdf.ed.ac.uk,16
58940459,0.00574,L4T2128R1x,apikelne,r,09/22/2026,08:28:38,eddie@node1e07.ecdf.ed.ac.uk,16
58940460,0.00574,L4T2128R1x,apikelne,r,09/22/2026,08:28:38,eddie@node1d09.ecdf.ed.ac.uk,16
58785897,0.00573,pvb_S0,wwong3,r,09/20/2026,23:22:10,eddie@node1s09.ecdf.ed.ac.uk,16
58664142,0.00571,Experiment,s2060501,r,09/17/2026,09:39:30,eddie@node1m11.ecdf.ed.ac.uk,10,13
58825751,0.00569,MC-8-Co-op,s2441545,r,09/22/2026,08:16:54,eddie@node1j19.ecdf.ed.ac.uk,16
58777989,0.00569,step7_gate,lwong4,r,09/21/2026,23:55:43,eddie@node1s17.ecdf.ed.ac.uk,8,324
58777989,0.00568,step7_gate,lwong4,r,09/21/2026,23:46:28,eddie@node1m14.ecdf.ed.ac.uk,8,323
58664142,0.00567,Experiment,s2060501,r,09/17/2026,09:39:30,eddie@node1m08.ecdf.ed.ac.uk,10,14
58785916,0.00566,heme_S0,wwong3,r,09/20/2026,23:23:40,eddie@node1k16.ecdf.ed.ac.uk,16
58825739,0.00564,MC-8-Na-op,s2441545,r,09/22/2026,06:17:24,eddie@node1j27.ecdf.ed.ac.uk,16
58664142,0.00562,Experiment,s2060501,r,09/17/2026,09:39:30,eddie@node1m12.ecdf.ed.ac.uk,10,15
58825766,0.00561,MC-10-Li-o,s2441545,r,09/22/2026,08:31:53,eddie@node1o14.ecdf.ed.ac.uk,16
58825762,0.00560,MC-9-Ni-op,s2441545,r,09/22/2026,08:25:08,eddie@node1h23.ecdf.ed.ac.uk,16
58664142,0.00559,Experiment,s2060501,r,09/17/2026,09:39:30,eddie@node1m09.ecdf.ed.ac.uk,10,16
58664142,0.00555,Experiment,s2060501,r,09/17/2026,09:39:30,eddie@node1m10.ecdf.ed.ac.uk,10,17
58825770,0.00553,MC-10-Cu-o,s2441545,r,09/22/2026,08:40:23,eddie@node1r05.ecdf.ed.ac.uk,16
58664142,0.00552,Experiment,s2060501,r,09/17/2026,09:39:30,eddie@node1m11.ecdf.ed.ac.uk,10,18
58664142,0.00549,Experiment,s2060501,r,09/17/2026,09:39:30,eddie@node1m08.ecdf.ed.ac.uk,10,19
58664142,0.00546,Experiment,s2060501,r,09/17/2026,09:39:30,eddie@node1m12.ecdf.ed.ac.uk,10,20
58664142,0.00546,Experiment,s2060501,r,09/17/2026,09:39:30,eddie@node1m09.ecdf.ed.ac.uk,10,21
58664142,0.00546,Experiment,s2060501,r,09/17/2026,09:39:30,eddie@node1m10.ecdf.ed.ac.uk,10,22
58825733,0.00544,MC-8-Li-op,s2441545,r,09/22/2026,05:31:54,eddie@node1h04.ecdf.ed.ac.uk,16
58793806,0.00544,QLOGIN,s1613478,r,09/21/2026,17:29:28,gpu@node1g02.ecdf.ed.ac.uk,16
58777989,0.00537,step7_gate,lwong4,r,09/21/2026,21:22:16,eddie@node1s14.ecdf.ed.ac.uk,8,267
58777989,0.00537,step7_gate,lwong4,r,09/21/2026,21:22:16,eddie@node1m14.ecdf.ed.ac.uk,8,268
58777989,0.00537,step7_gate,lwong4,r,09/21/2026,21:22:16,eddie@node1s20.ecdf.ed.ac.uk,8,269
58777989,0.00536,step7_gate,lwong4,r,09/21/2026,21:30:10,eddie@node1r20.ecdf.ed.ac.uk,8,317
58792778,0.00521,SimuPhyloE,gclarte,r,09/22/2026,14:04:47,eddie@node1n09.ecdf.ed.ac.uk,31
58825730,0.00516,MC-3-Co-op,s2441545,r,09/22/2026,03:19:33,eddie@node1j19.ecdf.ed.ac.uk,16
58982942,0.00512,sim-events,jprentic,r,09/22/2026,13:40:41,eddie@node1q15.ecdf.ed.ac.uk,16,1
58777989,0.00503,step7_gate,lwong4,r,09/21/2026,17:39:19,eddie@node1m15.ecdf.ed.ac.uk,8,255
58983179,0.00491,GO-COOH-05,s2590260,r,09/22/2026,14:36:28,eddie@node1k19.ecdf.ed.ac.uk,16
58982733,0.00489,RM_OmykA_r,zjiao,r,09/22/2026,12:52:35,eddie@node1q02.ecdf.ed.ac.uk,32
58778195,0.00486,MC-43-Co-o,s2441545,r,09/20/2026,14:57:44,eddie@node1s16.ecdf.ed.ac.uk,16
58785893,0.00483,peb_S0,wwong3,r,09/20/2026,22:33:56,eddie@node1n09.ecdf.ed.ac.uk,16
58794318,0.00482,O08,s2463047,r,09/21/2026,17:56:39,eddie@node1r19.ecdf.ed.ac.uk,32
58940462,0.00479,L4T2128R1x,apikelne,r,09/22/2026,08:33:38,eddie@node1f01.ecdf.ed.ac.uk,16
58940461,0.00479,L4T2128R1x,apikelne,r,09/22/2026,08:30:08,eddie@node1k13.ecdf.ed.ac.uk,16
58785894,0.00478,pub_T1,wwong3,r,09/20/2026,22:41:41,eddie@node1m08.ecdf.ed.ac.uk,16
58779260,0.00478,MC-45-Cu-o,s2441545,r,09/20/2026,17:47:39,eddie@node1j28.ecdf.ed.ac.uk,16
58823977,0.00478,g16a_nitro,s2759967,r,09/21/2026,22:05:16,eddie@node1s15.ecdf.ed.ac.uk,8
58785892,0.00471,peb_T1,wwong3,r,09/20/2026,22:30:26,eddie@node1k14.ecdf.ed.ac.uk,16
58785891,0.00471,pcb_S0,wwong3,r,09/20/2026,22:29:56,eddie@node1n12.ecdf.ed.ac.uk,16
58940463,0.00469,L4T2128R1x,apikelne,r,09/22/2026,08:34:23,eddie@node1d06.ecdf.ed.ac.uk,16
58940464,0.00469,L4T2128R1x,apikelne,r,09/22/2026,08:34:23,eddie@node1f03.ecdf.ed.ac.uk,16
58825727,0.00466,MC-3-Mg-re,s2441545,r,09/22/2026,00:18:58,eddie@node1l27.ecdf.ed.ac.uk,16
58792787,0.00455,str_Combin,s2742483,r,09/21/2026,15:58:14,eddie@node1m11.ecdf.ed.ac.uk,8
58940465,0.00450,L4T2128R1x,apikelne,r,09/22/2026,08:34:38,eddie@node1e05.ecdf.ed.ac.uk,16
58940466,0.00450,L4T2128R1x,apikelne,r,09/22/2026,08:34:38,eddie@node1d10.ecdf.ed.ac.uk,16
58982984,0.00436,calval,s2441782,r,09/22/2026,13:58:17,eddie@node1l09.ecdf.ed.ac.uk,8,1
58940467,0.00433,L4T2128R1x,apikelne,r,09/22/2026,08:34:54,eddie@node1e02.ecdf.ed.ac.uk,16
58940468,0.00433,L4T2128R1x,apikelne,r,09/22/2026,08:34:54,eddie@node1e04.ecdf.ed.ac.uk,16
58788669,0.00429,EVMUTATION,blivesey,r,09/22/2026,09:08:32,eddie@node1i02.ecdf.ed.ac.uk,2,252
58826226,0.00428,dump.sh,fturner,r,09/21/2026,22:37:56,staging@node1f17.ecdf.ed.ac.uk,1
58788669,0.00428,EVMUTATION,blivesey,r,09/22/2026,08:56:20,eddie@node1i16.ecdf.ed.ac.uk,2,251
58940478,0.00426,L4T2128R1x,apikelne,r,09/22/2026,09:17:47,eddie@node1f05.ecdf.ed.ac.uk,16
58983098,0.00425,nf-estimat,s2211259,r,09/22/2026,14:15:56,igmm_long@node1h27.ecdf.ed.ac.,8
58940475,0.00424,L4T2128R1x,apikelne,r,09/22/2026,09:07:17,eddie@node1i17.ecdf.ed.ac.uk,16
58940474,0.00423,L4T2128R1x,apikelne,r,09/22/2026,09:01:22,eddie@node1d02.ecdf.ed.ac.uk,16
58940469,0.00418,L4T2128R1x,apikelne,r,09/22/2026,08:35:23,eddie@node1d03.ecdf.ed.ac.uk,16
58940470,0.00418,L4T2128R1x,apikelne,r,09/22/2026,08:35:23,eddie@node1f04.ecdf.ed.ac.uk,16
58788669,0.00417,EVMUTATION,blivesey,r,09/22/2026,07:56:24,eddie@node1j18.ecdf.ed.ac.uk,2,249
58794320,0.00415,O09,s2463047,r,09/21/2026,17:57:03,eddie@node1h14.ecdf.ed.ac.uk,32
58655621,0.00408,runlisfloo,awilso19,r,09/17/2026,09:39:30,eddie@node1m09.ecdf.ed.ac.uk,1,5245
58655621,0.00408,runlisfloo,awilso19,r,09/17/2026,09:39:30,eddie@node1m10.ecdf.ed.ac.uk,1,5246
58655621,0.00408,runlisfloo,awilso19,r,09/17/2026,09:39:30,eddie@node1m11.ecdf.ed.ac.uk,1,5247
58655621,0.00408,runlisfloo,awilso19,r,09/17/2026,09:39:30,eddie@node1m12.ecdf.ed.ac.uk,1,5248
58655621,0.00408,runlisfloo,awilso19,r,09/17/2026,09:39:30,eddie@node1m10.ecdf.ed.ac.uk,1,5249
58655621,0.00408,runlisfloo,awilso19,r,09/17/2026,09:39:30,eddie@node1m11.ecdf.ed.ac.uk,1,5250
58655621,0.00408,runlisfloo,awilso19,r,09/17/2026,09:39:30,eddie@node1m12.ecdf.ed.ac.uk,1,5251
58655621,0.00408,runlisfloo,awilso19,r,09/17/2026,09:39:30,eddie@node1m08.ecdf.ed.ac.uk,1,5252
58655621,0.00408,runlisfloo,awilso19,r,09/17/2026,09:39:30,eddie@node1m10.ecdf.ed.ac.uk,1,5253
58655621,0.00408,runlisfloo,awilso19,r,09/17/2026,09:39:30,eddie@node1m11.ecdf.ed.ac.uk,1,5254
58655621,0.00408,runlisfloo,awilso19,r,09/17/2026,09:39:30,eddie@node1m12.ecdf.ed.ac.uk,1,5255
58655621,0.00408,runlisfloo,awilso19,r,09/17/2026,09:39:30,eddie@node1m08.ecdf.ed.ac.uk,1,5256
58655621,0.00408,runlisfloo,awilso19,r,09/17/2026,09:39:30,eddie@node1m09.ecdf.ed.ac.uk,1,5257
58655621,0.00408,runlisfloo,awilso19,r,09/17/2026,09:39:30,eddie@node1m10.ecdf.ed.ac.uk,1,5258
58655621,0.00408,runlisfloo,awilso19,r,09/17/2026,09:39:30,eddie@node1m11.ecdf.ed.ac.uk,1,5259
58655621,0.00408,runlisfloo,awilso19,r,09/17/2026,09:39:30,eddie@node1m12.ecdf.ed.ac.uk,1,5260
58655621,0.00408,runlisfloo,awilso19,r,09/17/2026,09:39:30,eddie@node1m09.ecdf.ed.ac.uk,1,5261
58655621,0.00408,runlisfloo,awilso19,r,09/17/2026,09:39:30,eddie@node1m08.ecdf.ed.ac.uk,1,5262
58788669,0.00408,EVMUTATION,blivesey,r,09/22/2026,07:08:24,eddie@node1n02.ecdf.ed.ac.uk,2,245
58655621,0.00407,runlisfloo,awilso19,r,09/17/2026,09:35:45,eddie@node1m21.ecdf.ed.ac.uk,1,5244
58655621,0.00406,runlisfloo,awilso19,r,09/17/2026,09:29:10,eddie@node1n02.ecdf.ed.ac.uk,1,5243
58789062,0.00406,SimuPhyloE,gclarte,r,09/21/2026,15:15:04,eddie@node1p10.ecdf.ed.ac.uk,31
58788669,0.00405,EVMUTATION,blivesey,r,09/22/2026,07:08:09,eddie@node1k07.ecdf.ed.ac.uk,2,244
58940473,0.00405,L4T2128R1x,apikelne,r,09/22/2026,08:37:08,eddie@node1j22.ecdf.ed.ac.uk,16
58940472,0.00405,L4T2128R1x,apikelne,r,09/22/2026,08:36:53,eddie@node1l01.ecdf.ed.ac.uk,16
58940471,0.00405,L4T2128R1x,apikelne,r,09/22/2026,08:35:38,eddie@node1e09.ecdf.ed.ac.uk,16
58793422,0.00404,QLOGIN,s2715192,r,09/21/2026,17:02:39,igmm_long@node1h02.ecdf.ed.ac.,1
58788669,0.00401,EVMUTATION,blivesey,r,09/22/2026,06:07:39,eddie@node1j17.ecdf.ed.ac.uk,2,237
58785886,0.00401,prfmn_T1,wwong3,r,09/20/2026,21:55:56,eddie@node1k18.ecdf.ed.ac.uk,16
58788669,0.00400,EVMUTATION,blivesey,r,09/22/2026,05:59:09,eddie@node1j19.ecdf.ed.ac.uk,2,236
58788669,0.00400,EVMUTATION,blivesey,r,09/22/2026,05:55:24,eddie@node1k02.ecdf.ed.ac.uk,2,233
58983136,0.00397,nf-NFCORE_,s2589580,r,09/22/2026,14:24:54,igmm_long@node1a08.ecdf.ed.ac.,6
58655621,0.00393,runlisfloo,awilso19,r,09/17/2026,08:02:59,eddie@node1n01.ecdf.ed.ac.uk,1,5242
58788669,0.00393,EVMUTATION,blivesey,r,09/22/2026,05:24:54,eddie@node1j08.ecdf.ed.ac.uk,2,229
58655621,0.00393,runlisfloo,awilso19,r,09/17/2026,07:58:29,eddie@node1n01.ecdf.ed.ac.uk,1,5240
58655621,0.00393,runlisfloo,awilso19,r,09/17/2026,07:58:29,eddie@node1n01.ecdf.ed.ac.uk,1,5241
58793294,0.00391,lmfit_R,s2101370,r,09/21/2026,16:10:28,igmm_long@node1c04.ecdf.ed.ac.,1
58655621,0.00391,runlisfloo,awilso19,r,09/17/2026,07:49:14,eddie@node1n01.ecdf.ed.ac.uk,1,5237
58655621,0.00391,runlisfloo,awilso19,r,09/17/2026,07:46:29,eddie@node1n08.ecdf.ed.ac.uk,1,5229
58655621,0.00391,runlisfloo,awilso19,r,09/17/2026,07:46:29,eddie@node1n08.ecdf.ed.ac.uk,1,5230
58655621,0.00391,runlisfloo,awilso19,r,09/17/2026,07:46:29,eddie@node1n08.ecdf.ed.ac.uk,1,5231
58655621,0.00391,runlisfloo,awilso19,r,09/17/2026,07:46:29,eddie@node1n08.ecdf.ed.ac.uk,1,5232
58655621,0.00391,runlisfloo,awilso19,r,09/17/2026,07:46:29,eddie@node1n08.ecdf.ed.ac.uk,1,5233
58655621,0.00391,runlisfloo,awilso19,r,09/17/2026,07:46:29,eddie@node1n08.ecdf.ed.ac.uk,1,5234
58655621,0.00391,runlisfloo,awilso19,r,09/17/2026,07:46:29,eddie@node1n08.ecdf.ed.ac.uk,1,5235
58655621,0.00391,runlisfloo,awilso19,r,09/17/2026,07:47:44,eddie@node1n08.ecdf.ed.ac.uk,1,5236
58655621,0.00391,runlisfloo,awilso19,r,09/17/2026,07:53:44,eddie@node1n01.ecdf.ed.ac.uk,1,5238
58655621,0.00391,runlisfloo,awilso19,r,09/17/2026,07:54:59,eddie@node1n01.ecdf.ed.ac.uk,1,5239
58788669,0.00390,EVMUTATION,blivesey,r,09/22/2026,04:49:09,eddie@node1i13.ecdf.ed.ac.uk,2,225
58788669,0.00387,EVMUTATION,blivesey,r,09/22/2026,04:30:34,eddie@node1n03.ecdf.ed.ac.uk,2,221
58788669,0.00386,EVMUTATION,blivesey,r,09/22/2026,04:47:24,eddie@node1j05.ecdf.ed.ac.uk,2,224
58785890,0.00385,pcb_T1,wwong3,r,09/20/2026,21:56:11,eddie@node1k15.ecdf.ed.ac.uk,16
58655621,0.00383,runlisfloo,awilso19,r,09/17/2026,06:56:14,eddie@node1m19.ecdf.ed.ac.uk,1,5220
58655621,0.00383,runlisfloo,awilso19,r,09/17/2026,06:56:14,eddie@node1m19.ecdf.ed.ac.uk,1,5221
58655621,0.00383,runlisfloo,awilso19,r,09/17/2026,06:56:14,eddie@node1m19.ecdf.ed.ac.uk,1,5222
58655621,0.00383,runlisfloo,awilso19,r,09/17/2026,06:56:14,eddie@node1m19.ecdf.ed.ac.uk,1,5223
58655621,0.00383,runlisfloo,awilso19,r,09/17/2026,06:56:14,eddie@node1m19.ecdf.ed.ac.uk,1,5224
58655621,0.00383,runlisfloo,awilso19,r,09/17/2026,06:56:14,eddie@node1m19.ecdf.ed.ac.uk,1,5225
58655621,0.00383,runlisfloo,awilso19,r,09/17/2026,06:56:14,eddie@node1m19.ecdf.ed.ac.uk,1,5226
58655621,0.00383,runlisfloo,awilso19,r,09/17/2026,06:56:14,eddie@node1m19.ecdf.ed.ac.uk,1,5227
58794322,0.00383,O10,s2463047,r,09/21/2026,17:57:08,eddie@node1r12.ecdf.ed.ac.uk,32
58655621,0.00383,runlisfloo,awilso19,r,09/17/2026,06:59:29,eddie@node1n01.ecdf.ed.ac.uk,1,5228
58788669,0.00381,EVMUTATION,blivesey,r,09/22/2026,03:49:03,eddie@node1n04.ecdf.ed.ac.uk,2,217
58788669,0.00381,EVMUTATION,blivesey,r,09/22/2026,03:48:48,eddie@node1k02.ecdf.ed.ac.uk,2,216
58788669,0.00380,EVMUTATION,blivesey,r,09/22/2026,03:42:18,eddie@node1j04.ecdf.ed.ac.uk,2,214
58655621,0.00379,runlisfloo,awilso19,r,09/17/2026,06:29:12,eddie@node1n07.ecdf.ed.ac.uk,1,5211
58655621,0.00379,runlisfloo,awilso19,r,09/17/2026,06:29:12,eddie@node1n07.ecdf.ed.ac.uk,1,5212
58655621,0.00379,runlisfloo,awilso19,r,09/17/2026,06:29:12,eddie@node1n07.ecdf.ed.ac.uk,1,5213
58655621,0.00379,runlisfloo,awilso19,r,09/17/2026,06:30:57,eddie@node1n07.ecdf.ed.ac.uk,1,5214
58655621,0.00379,runlisfloo,awilso19,r,09/17/2026,06:30:57,eddie@node1n07.ecdf.ed.ac.uk,1,5215
58655621,0.00379,runlisfloo,awilso19,r,09/17/2026,06:30:57,eddie@node1n07.ecdf.ed.ac.uk,1,5216
58655621,0.00379,runlisfloo,awilso19,r,09/17/2026,06:30:57,eddie@node1m23.ecdf.ed.ac.uk,1,5217
58655621,0.00379,runlisfloo,awilso19,r,09/17/2026,06:31:27,eddie@node1n07.ecdf.ed.ac.uk,1,5218
58655621,0.00379,runlisfloo,awilso19,r,09/17/2026,06:31:27,eddie@node1n07.ecdf.ed.ac.uk,1,5219
58788669,0.00377,EVMUTATION,blivesey,r,09/22/2026,03:23:33,eddie@node1m06.ecdf.ed.ac.uk,2,211
58788607,0.00375,MC-6-Ni-op,s2441545,r,09/21/2026,10:45:05,eddie@node1j23.ecdf.ed.ac.uk,16
58788608,0.00375,MC-6-Co-op,s2441545,r,09/21/2026,10:45:05,eddie@node1l10.ecdf.ed.ac.uk,16
58788669,0.00374,EVMUTATION,blivesey,r,09/22/2026,02:59:03,eddie@node1m05.ecdf.ed.ac.uk,2,206
58982980,0.00372,QLOGIN,ehumble,r,09/22/2026,13:55:03,staging@node1f14.ecdf.ed.ac.uk,1
58788611,0.00370,MC-9-Co-op,s2441545,r,09/21/2026,10:45:20,eddie@node1k14.ecdf.ed.ac.uk,16
58788630,0.00366,MC-15-Co-o,s2441545,r,09/21/2026,10:45:50,eddie@node1m03.ecdf.ed.ac.uk,16
58788631,0.00366,MC-16-Li-o,s2441545,r,09/21/2026,10:45:50,eddie@node1l03.ecdf.ed.ac.uk,16
58788632,0.00366,MC-16-Co-f,s2441545,r,09/21/2026,10:45:50,eddie@node1j11.ecdf.ed.ac.uk,16
58794324,0.00366,O11,s2463047,r,09/21/2026,18:10:04,eddie@node1r07.ecdf.ed.ac.uk,32
58655621,0.00361,runlisfloo,awilso19,r,09/17/2026,04:34:39,eddie@node1n03.ecdf.ed.ac.uk,1,5210
58655621,0.00361,runlisfloo,awilso19,r,09/17/2026,04:32:39,eddie@node1n06.ecdf.ed.ac.uk,1,5209
58655621,0.00361,runlisfloo,awilso19,r,09/17/2026,04:31:09,eddie@node1n03.ecdf.ed.ac.uk,1,5207
58655621,0.00361,runlisfloo,awilso19,r,09/17/2026,04:31:24,eddie@node1n06.ecdf.ed.ac.uk,1,5208
58655621,0.00359,runlisfloo,awilso19,r,09/17/2026,04:28:54,eddie@node1n06.ecdf.ed.ac.uk,1,5205
58655621,0.00359,runlisfloo,awilso19,r,09/17/2026,04:29:54,eddie@node1n06.ecdf.ed.ac.uk,1,5206
58983169,0.00359,gpu_mig-ch,s1948145,r,09/22/2026,14:33:32,gpu@node1g02.ecdf.ed.ac.uk,1
58655621,0.00358,runlisfloo,awilso19,r,09/17/2026,04:22:09,eddie@node1n04.ecdf.ed.ac.uk,1,5201
58655621,0.00358,runlisfloo,awilso19,r,09/17/2026,04:22:24,eddie@node1n04.ecdf.ed.ac.uk,1,5202
58655621,0.00358,runlisfloo,awilso19,r,09/17/2026,04:23:39,eddie@node1n04.ecdf.ed.ac.uk,1,5203
58655621,0.00358,runlisfloo,awilso19,r,09/17/2026,04:23:39,eddie@node1n07.ecdf.ed.ac.uk,1,5204
58655621,0.00358,runlisfloo,awilso19,r,09/17/2026,04:18:39,eddie@node1n07.ecdf.ed.ac.uk,1,5197
58655621,0.00358,runlisfloo,awilso19,r,09/17/2026,04:19:09,eddie@node1n07.ecdf.ed.ac.uk,1,5198
58655621,0.00358,runlisfloo,awilso19,r,09/17/2026,04:19:54,eddie@node1n07.ecdf.ed.ac.uk,1,5199
58655621,0.00358,runlisfloo,awilso19,r,09/17/2026,04:20:24,eddie@node1n07.ecdf.ed.ac.uk,1,5200
58983173,0.00356,QLOGIN,s2037423,r,09/22/2026,14:34:35,staging@node1f17.ecdf.ed.ac.uk,1
58983106,0.00356,CustomizeC,s2309335,r,09/22/2026,14:18:10,eddie@node1k02.ecdf.ed.ac.uk,1
58655621,0.00355,runlisfloo,awilso19,r,09/17/2026,04:09:30,eddie@node1n01.ecdf.ed.ac.uk,1,5188
58655621,0.00355,runlisfloo,awilso19,r,09/17/2026,04:09:30,eddie@node1n01.ecdf.ed.ac.uk,1,5189
58655621,0.00355,runlisfloo,awilso19,r,09/17/2026,04:09:30,eddie@node1n01.ecdf.ed.ac.uk,1,5190
58655621,0.00355,runlisfloo,awilso19,r,09/17/2026,04:09:30,eddie@node1n01.ecdf.ed.ac.uk,1,5191
58655621,0.00355,runlisfloo,awilso19,r,09/17/2026,04:09:30,eddie@node1n01.ecdf.ed.ac.uk,1,5192
58655621,0.00355,runlisfloo,awilso19,r,09/17/2026,04:09:30,eddie@node1n01.ecdf.ed.ac.uk,1,5193
58655621,0.00355,runlisfloo,awilso19,r,09/17/2026,04:09:30,eddie@node1n01.ecdf.ed.ac.uk,1,5194
58655621,0.00355,runlisfloo,awilso19,r,09/17/2026,04:09:30,eddie@node1n01.ecdf.ed.ac.uk,1,5195
58655621,0.00355,runlisfloo,awilso19,r,09/17/2026,04:14:45,eddie@node1n07.ecdf.ed.ac.uk,1,5196
58788083,0.00354,ce2,gl03pi18,r,09/21/2026,23:31:15,eddie@node1l14.ecdf.ed.ac.uk,8
58983182,0.00354,QLOGIN,dmccormi,r,09/22/2026,14:36:14,eddie@node1j24.ecdf.ed.ac.uk,1
58794326,0.00353,O12,s2463047,r,09/21/2026,18:10:04,eddie@node1s20.ecdf.ed.ac.uk,32
58983317,0.00349,QLOGIN,s2587593,r,09/22/2026,14:43:34,staging@node1f17.ecdf.ed.ac.uk,1
58655621,0.00349,runlisfloo,awilso19,r,09/17/2026,03:16:15,eddie@node1n04.ecdf.ed.ac.uk,1,5186
58655621,0.00349,runlisfloo,awilso19,r,09/17/2026,03:20:00,eddie@node1n04.ecdf.ed.ac.uk,1,5187
58655621,0.00346,runlisfloo,awilso19,r,09/15/2026,14:11:19,eddie@node1m24.ecdf.ed.ac.uk,1,4002
58788086,0.00343,ce2,gl03pi18,r,09/21/2026,23:34:50,eddie@node1l11.ecdf.ed.ac.uk,8
58972806,0.00342,Extraction,jdibble,r,09/22/2026,11:20:50,igmm_long@node1a05.ecdf.ed.ac.,16
58655621,0.00341,runlisfloo,awilso19,r,09/17/2026,02:24:45,eddie@node1n08.ecdf.ed.ac.uk,1,5180
58655621,0.00340,runlisfloo,awilso19,r,09/17/2026,02:22:00,eddie@node1n08.ecdf.ed.ac.uk,1,5179
58655621,0.00340,runlisfloo,awilso19,r,09/17/2026,02:28:30,eddie@node1m18.ecdf.ed.ac.uk,1,5181
58655621,0.00340,runlisfloo,awilso19,r,09/17/2026,02:28:30,eddie@node1m18.ecdf.ed.ac.uk,1,5182
58655621,0.00340,runlisfloo,awilso19,r,09/17/2026,02:28:30,eddie@node1m18.ecdf.ed.ac.uk,1,5183
58655621,0.00340,runlisfloo,awilso19,r,09/17/2026,02:28:30,eddie@node1m18.ecdf.ed.ac.uk,1,5184
58655621,0.00340,runlisfloo,awilso19,r,09/17/2026,02:28:30,eddie@node1m18.ecdf.ed.ac.uk,1,5185
58788147,0.00337,ce1,gl03pi9,r,09/21/2026,23:37:46,eddie@node1l17.ecdf.ed.ac.uk,8
58655621,0.00335,runlisfloo,awilso19,r,09/17/2026,01:49:15,eddie@node1n06.ecdf.ed.ac.uk,1,5178
58655621,0.00335,runlisfloo,awilso19,r,09/17/2026,01:48:49,eddie@node1n05.ecdf.ed.ac.uk,1,5177
58982780,0.00334,C9_freq,s2149510,r,09/22/2026,13:07:02,eddie@node1j10.ecdf.ed.ac.uk,16
58655621,0.00332,runlisfloo,awilso19,r,09/17/2026,01:36:19,eddie@node1n05.ecdf.ed.ac.uk,1,5176
58655621,0.00332,runlisfloo,awilso19,r,09/17/2026,01:26:04,eddie@node1n05.ecdf.ed.ac.uk,1,5175
58655621,0.00331,runlisfloo,awilso19,r,09/17/2026,01:20:04,eddie@node1n05.ecdf.ed.ac.uk,1,5174
58655621,0.00328,runlisfloo,awilso19,r,09/17/2026,01:03:34,eddie@node1m18.ecdf.ed.ac.uk,1,5173
58664142,0.00328,Experiment,s2060501,r,09/16/2026,15:30:22,eddie@node1s10.ecdf.ed.ac.uk,10,8
58655621,0.00326,runlisfloo,awilso19,r,09/17/2026,00:54:04,eddie@node1n06.ecdf.ed.ac.uk,1,5171
58655621,0.00326,runlisfloo,awilso19,r,09/17/2026,00:59:34,eddie@node1m21.ecdf.ed.ac.uk,1,5172
58655621,0.00326,runlisfloo,awilso19,r,09/17/2026,00:46:49,eddie@node1n01.ecdf.ed.ac.uk,1,5162
58655621,0.00326,runlisfloo,awilso19,r,09/17/2026,00:46:49,eddie@node1n01.ecdf.ed.ac.uk,1,5163
58655621,0.00326,runlisfloo,awilso19,r,09/17/2026,00:46:49,eddie@node1n01.ecdf.ed.ac.uk,1,5164
58655621,0.00326,runlisfloo,awilso19,r,09/17/2026,00:46:49,eddie@node1n01.ecdf.ed.ac.uk,1,5165
58655621,0.00326,runlisfloo,awilso19,r,09/17/2026,00:46:49,eddie@node1n01.ecdf.ed.ac.uk,1,5166
58655621,0.00326,runlisfloo,awilso19,r,09/17/2026,00:46:49,eddie@node1n01.ecdf.ed.ac.uk,1,5167
58655621,0.00326,runlisfloo,awilso19,r,09/17/2026,00:46:49,eddie@node1n01.ecdf.ed.ac.uk,1,5168
58655621,0.00326,runlisfloo,awilso19,r,09/17/2026,00:46:49,eddie@node1n01.ecdf.ed.ac.uk,1,5169
58655621,0.00326,runlisfloo,awilso19,r,09/17/2026,00:47:34,eddie@node1m18.ecdf.ed.ac.uk,1,5170
58982942,0.00324,sim-events,jprentic,r,09/22/2026,13:40:41,eddie@node1q13.ecdf.ed.ac.uk,16,2
58787239,0.00320,MC-2-Ni-op,s2441545,r,09/20/2026,23:13:26,eddie@node1k07.ecdf.ed.ac.uk,16
58787335,0.00320,MC-33-only,s2441545,r,09/20/2026,23:13:26,eddie@node1k08.ecdf.ed.ac.uk,16
58655621,0.00320,runlisfloo,awilso19,r,09/17/2026,00:11:13,eddie@node1k15.ecdf.ed.ac.uk,1,5158
58655621,0.00320,runlisfloo,awilso19,r,09/17/2026,00:11:13,eddie@node1k15.ecdf.ed.ac.uk,1,5159
58655621,0.00320,runlisfloo,awilso19,r,09/17/2026,00:11:13,eddie@node1k15.ecdf.ed.ac.uk,1,5160
58655621,0.00320,runlisfloo,awilso19,r,09/17/2026,00:11:13,eddie@node1k15.ecdf.ed.ac.uk,1,5161
58787349,0.00320,MC-1-Na-re,s2441545,r,09/20/2026,23:13:26,eddie@node1j10.ecdf.ed.ac.uk,16
58787350,0.00320,MC-9-Cu-re,s2441545,r,09/20/2026,23:13:26,eddie@node1l02.ecdf.ed.ac.uk,16
58787352,0.00320,MC-17-Zn-r,s2441545,r,09/20/2026,23:13:26,eddie@node1j03.ecdf.ed.ac.uk,16
58787354,0.00320,MC-21-Co-r,s2441545,r,09/20/2026,23:13:26,eddie@node1l08.ecdf.ed.ac.uk,16
58787355,0.00320,MC-33-Zn-r,s2441545,r,09/20/2026,23:13:26,eddie@node1k04.ecdf.ed.ac.uk,16
58787356,0.00320,MC-38-Na-r,s2441545,r,09/20/2026,23:13:26,eddie@node1l06.ecdf.ed.ac.uk,16
58787357,0.00320,MC-38-Cu-r,s2441545,r,09/20/2026,23:13:26,eddie@node1j05.ecdf.ed.ac.uk,16
58787358,0.00320,MC-47-Na-r,s2441545,r,09/20/2026,23:13:26,eddie@node1k06.ecdf.ed.ac.uk,16
58982643,0.00315,fA2_rich_2,sfang3,r,09/22/2026,12:46:05,eddie@node1e06.ecdf.ed.ac.uk,24
58788191,0.00313,ce1,gl03pi9,r,09/21/2026,23:55:13,eddie@node1l14.ecdf.ed.ac.uk,8
58655621,0.00304,runlisfloo,awilso19,r,09/16/2026,22:31:12,eddie@node1n03.ecdf.ed.ac.uk,1,5157
58655621,0.00298,runlisfloo,awilso19,r,09/16/2026,21:46:30,eddie@node1n01.ecdf.ed.ac.uk,1,5155
58655621,0.00298,runlisfloo,awilso19,r,09/16/2026,21:46:30,eddie@node1n01.ecdf.ed.ac.uk,1,5156
58655621,0.00297,runlisfloo,awilso19,r,09/16/2026,21:46:15,eddie@node1n01.ecdf.ed.ac.uk,1,5153
58655621,0.00297,runlisfloo,awilso19,r,09/16/2026,21:46:15,eddie@node1n01.ecdf.ed.ac.uk,1,5154
58655621,0.00296,runlisfloo,awilso19,r,09/16/2026,21:38:45,eddie@node1n01.ecdf.ed.ac.uk,1,5149
58655621,0.00296,runlisfloo,awilso19,r,09/16/2026,21:38:45,eddie@node1n01.ecdf.ed.ac.uk,1,5150
58655621,0.00296,runlisfloo,awilso19,r,09/16/2026,21:38:45,eddie@node1n01.ecdf.ed.ac.uk,1,5151
58655621,0.00296,runlisfloo,awilso19,r,09/16/2026,21:38:45,eddie@node1n01.ecdf.ed.ac.uk,1,5152
58825779,0.00292,MC-10-Co-o,s2441545,r,09/22/2026,14:12:30,eddie@node1h08.ecdf.ed.ac.uk,16
58983312,0.00290,quantile,s2150450,r,09/22/2026,14:45:11,eddie@node1l20.ecdf.ed.ac.uk,20,2
58655621,0.00288,runlisfloo,awilso19,r,09/16/2026,20:55:51,eddie@node1s11.ecdf.ed.ac.uk,1,5143
58655621,0.00288,runlisfloo,awilso19,r,09/16/2026,20:55:51,eddie@node1s11.ecdf.ed.ac.uk,1,5144
58655621,0.00288,runlisfloo,awilso19,r,09/16/2026,20:55:51,eddie@node1s11.ecdf.ed.ac.uk,1,5145
58655621,0.00288,runlisfloo,awilso19,r,09/16/2026,20:55:51,eddie@node1s11.ecdf.ed.ac.uk,1,5146
58655621,0.00288,runlisfloo,awilso19,r,09/16/2026,20:55:51,eddie@node1s11.ecdf.ed.ac.uk,1,5147
58655621,0.00288,runlisfloo,awilso19,r,09/16/2026,20:55:51,eddie@node1s11.ecdf.ed.ac.uk,1,5148
58965989,0.00283,merqury_re,v1eoyien,r,09/22/2026,11:23:05,eddie@node1m09.ecdf.ed.ac.uk,8
58976593,0.00282,smi3d_edmi,s2673720,r,09/22/2026,12:08:33,eddie@node1f04.ecdf.ed.ac.uk,30
58976592,0.00282,smi3d_dmin,s2673720,r,09/22/2026,12:06:38,eddie@node1e09.ecdf.ed.ac.uk,30
58976591,0.00282,smi3d_fmin,s2673720,r,09/22/2026,12:06:23,eddie@node1d03.ecdf.ed.ac.uk,30
58982644,0.00280,fA2_rich_2,sfang3,r,09/22/2026,12:46:20,eddie@node1e04.ecdf.ed.ac.uk,24
58811471,0.00276,nf-PARSE_C,usobhiaf,r,09/21/2026,22:19:53,eddie@node1r05.ecdf.ed.ac.uk,6
58788669,0.00275,EVMUTATION,blivesey,r,09/22/2026,14:51:26,eddie@node1i02.ecdf.ed.ac.uk,2,298
58788669,0.00274,EVMUTATION,blivesey,r,09/22/2026,14:45:26,eddie@node1f11.ecdf.ed.ac.uk,2,297
58788669,0.00274,EVMUTATION,blivesey,r,09/22/2026,14:41:13,eddie@node1n05.ecdf.ed.ac.uk,2,296
58788669,0.00273,EVMUTATION,blivesey,r,09/22/2026,14:37:58,eddie@node1m04.ecdf.ed.ac.uk,2,294
58788669,0.00271,EVMUTATION,blivesey,r,09/22/2026,14:26:39,eddie@node1l04.ecdf.ed.ac.uk,2,293
58788669,0.00271,EVMUTATION,blivesey,r,09/22/2026,14:16:11,eddie@node1n02.ecdf.ed.ac.uk,2,291
58788669,0.00271,EVMUTATION,blivesey,r,09/22/2026,14:20:55,eddie@node1i07.ecdf.ed.ac.uk,2,292
58971004,0.00270,QLOGIN,npeker,r,09/22/2026,11:01:32,eddie@node1i23.ecdf.ed.ac.uk,8
58824006,0.00269,g16a_tbu_o,s2759967,r,09/21/2026,22:05:21,eddie@node1s17.ecdf.ed.ac.uk,8
58788669,0.00269,EVMUTATION,blivesey,r,09/22/2026,14:04:02,eddie@node1m01.ecdf.ed.ac.uk,2,290
58788669,0.00268,EVMUTATION,blivesey,r,09/22/2026,13:56:36,eddie@node1j08.ecdf.ed.ac.uk,2,288
58982746,0.00266,DCV_STARma,s2711852,r,09/22/2026,12:58:32,eddie@node1j18.ecdf.ed.ac.uk,8,1
58982754,0.00265,QLOGIN,rmedhi,r,09/22/2026,13:00:08,eddie@node1j24.ecdf.ed.ac.uk,8
58982645,0.00263,fA2_rich_2,sfang3,r,09/22/2026,12:46:35,eddie@node1e07.ecdf.ed.ac.uk,24
58982942,0.00262,sim-events,jprentic,r,09/22/2026,13:40:41,eddie@node1q14.ecdf.ed.ac.uk,16,3
58983312,0.00261,quantile,s2150450,r,09/22/2026,14:45:26,eddie@node1d01.ecdf.ed.ac.uk,20,4
58983312,0.00261,quantile,s2150450,r,09/22/2026,14:45:11,eddie@node1k04.ecdf.ed.ac.uk,20,3
58983312,0.00260,quantile,s2150450,r,09/22/2026,14:43:34,eddie@node1d02.ecdf.ed.ac.uk,20,1
58788669,0.00260,EVMUTATION,blivesey,r,09/22/2026,13:26:41,eddie@node1i13.ecdf.ed.ac.uk,2,287
58792788,0.00260,str_Combin,s2742483,r,09/21/2026,15:58:59,eddie@node1m10.ecdf.ed.ac.uk,8
58788669,0.00258,EVMUTATION,blivesey,r,09/22/2026,13:12:32,eddie@node1l06.ecdf.ed.ac.uk,2,286
58826326,0.00256,nf-PARSE_C,usobhiaf,r,09/21/2026,22:41:33,eddie@node1r05.ecdf.ed.ac.uk,6
58788669,0.00256,EVMUTATION,blivesey,r,09/22/2026,12:57:48,eddie@node1i14.ecdf.ed.ac.uk,2,285
58983181,0.00256,C9_paralle,s2149510,r,09/22/2026,14:38:13,eddie@node1n13.ecdf.ed.ac.uk,16
58788669,0.00254,EVMUTATION,blivesey,r,09/22/2026,12:46:20,eddie@node1f06.ecdf.ed.ac.uk,2,284
58788669,0.00254,EVMUTATION,blivesey,r,09/22/2026,12:44:50,eddie@node1f09.ecdf.ed.ac.uk,2,283
58982646,0.00253,fA2_sparse,sfang3,r,09/22/2026,12:46:35,eddie@node1e08.ecdf.ed.ac.uk,24
58788669,0.00252,EVMUTATION,blivesey,r,09/22/2026,12:28:33,eddie@node1j04.ecdf.ed.ac.uk,2,281
58788669,0.00251,EVMUTATION,blivesey,r,09/22/2026,12:25:48,eddie@node1l05.ecdf.ed.ac.uk,2,280
58788669,0.00251,EVMUTATION,blivesey,r,09/22/2026,12:24:33,eddie@node1i15.ecdf.ed.ac.uk,2,279
58825774,0.00250,MC-10-Ni-o,s2441545,r,09/22/2026,10:06:12,eddie@node1l25.ecdf.ed.ac.uk,16
58788669,0.00250,EVMUTATION,blivesey,r,09/22/2026,12:18:03,eddie@node1n05.ecdf.ed.ac.uk,2,278
58788669,0.00250,EVMUTATION,blivesey,r,09/22/2026,12:17:33,eddie@node1j02.ecdf.ed.ac.uk,2,277
58788669,0.00250,EVMUTATION,blivesey,r,09/22/2026,12:13:33,eddie@node1i14.ecdf.ed.ac.uk,2,276
58788669,0.00249,EVMUTATION,blivesey,r,09/22/2026,12:06:23,eddie@node1l01.ecdf.ed.ac.uk,2,275
58982984,0.00247,calval,s2441782,r,09/22/2026,13:58:32,eddie@node1l02.ecdf.ed.ac.uk,8,2
58788669,0.00247,EVMUTATION,blivesey,r,09/22/2026,11:56:39,eddie@node1k19.ecdf.ed.ac.uk,2,274
58788669,0.00247,EVMUTATION,blivesey,r,09/22/2026,11:56:10,eddie@node1j17.ecdf.ed.ac.uk,2,273
58948170,0.00247,QLOGIN,s2908091,r,09/22/2026,09:20:39,eddie@node1j15.ecdf.ed.ac.uk,1
58788669,0.00247,EVMUTATION,blivesey,r,09/22/2026,11:52:53,eddie@node1f09.ecdf.ed.ac.uk,2,272
58790808,0.00246,global_1de,lsmallma,r,09/22/2026,14:55:41,eddie@node1r16.ecdf.ed.ac.uk,3,3634
58790808,0.00246,global_1de,lsmallma,r,09/22/2026,14:55:41,eddie@node1o11.ecdf.ed.ac.uk,3,3635
58790808,0.00246,global_1de,lsmallma,r,09/22/2026,14:55:41,eddie@node1s13.ecdf.ed.ac.uk,3,3636
58790808,0.00246,global_1de,lsmallma,r,09/22/2026,14:56:26,eddie@node1r19.ecdf.ed.ac.uk,3,3637
58790808,0.00246,global_1de,lsmallma,r,09/22/2026,14:56:26,eddie@node1h08.ecdf.ed.ac.uk,3,3638
58790808,0.00246,global_1de,lsmallma,r,09/22/2026,14:53:56,eddie@node1s13.ecdf.ed.ac.uk,3,3626
58790808,0.00246,global_1de,lsmallma,r,09/22/2026,14:53:56,eddie@node1m16.ecdf.ed.ac.uk,3,3627
58790808,0.00246,global_1de,lsmallma,r,09/22/2026,14:54:41,eddie@node1s17.ecdf.ed.ac.uk,3,3629
58790808,0.00246,global_1de,lsmallma,r,09/22/2026,14:54:41,eddie@node1j27.ecdf.ed.ac.uk,3,3630
58790808,0.00246,global_1de,lsmallma,r,09/22/2026,14:55:26,eddie@node1h16.ecdf.ed.ac.uk,3,3632
58790808,0.00246,global_1de,lsmallma,r,09/22/2026,14:55:26,eddie@node1m13.ecdf.ed.ac.uk,3,3633
58790808,0.00246,global_1de,lsmallma,r,09/22/2026,14:54:26,eddie@node1o10.ecdf.ed.ac.uk,3,3628
58790808,0.00246,global_1de,lsmallma,r,09/22/2026,14:55:11,eddie@node1s13.ecdf.ed.ac.uk,3,3631
58790808,0.00246,global_1de,lsmallma,r,09/22/2026,14:53:11,eddie@node1o10.ecdf.ed.ac.uk,3,3625
58982647,0.00246,fA2_sparse,sfang3,r,09/22/2026,12:46:50,eddie@node1d06.ecdf.ed.ac.uk,24
58788669,0.00246,EVMUTATION,blivesey,r,09/22/2026,11:47:43,eddie@node1i07.ecdf.ed.ac.uk,2,271
58790808,0.00246,global_1de,lsmallma,r,09/22/2026,14:50:11,eddie@node1l22.ecdf.ed.ac.uk,3,3623
58790808,0.00246,global_1de,lsmallma,r,09/22/2026,14:50:11,eddie@node1h07.ecdf.ed.ac.uk,3,3624
58790808,0.00245,global_1de,lsmallma,r,09/22/2026,14:49:26,eddie@node1h04.ecdf.ed.ac.uk,3,3622
58790808,0.00245,global_1de,lsmallma,r,09/22/2026,14:46:26,eddie@node1f11.ecdf.ed.ac.uk,3,3621
58790808,0.00245,global_1de,lsmallma,r,09/22/2026,14:46:11,eddie@node1r15.ecdf.ed.ac.uk,3,3620
58790808,0.00245,global_1de,lsmallma,r,09/22/2026,14:45:26,eddie@node1r15.ecdf.ed.ac.uk,3,3619
58790808,0.00245,global_1de,lsmallma,r,09/22/2026,14:43:49,eddie@node1s17.ecdf.ed.ac.uk,3,3618
58790808,0.00244,global_1de,lsmallma,r,09/22/2026,14:43:20,eddie@node1l06.ecdf.ed.ac.uk,3,3617
58790808,0.00244,global_1de,lsmallma,r,09/22/2026,14:42:50,eddie@node1h09.ecdf.ed.ac.uk,3,3614
58790808,0.00244,global_1de,lsmallma,r,09/22/2026,14:42:50,eddie@node1h09.ecdf.ed.ac.uk,3,3615
58790808,0.00244,global_1de,lsmallma,r,09/22/2026,14:42:50,eddie@node1j28.ecdf.ed.ac.uk,3,3616
58790808,0.00244,global_1de,lsmallma,r,09/22/2026,14:40:58,eddie@node1l04.ecdf.ed.ac.uk,3,3613
58948187,0.00244,QLOGIN,s2558416,r,09/22/2026,09:22:17,igmm_long@node1h02.ecdf.ed.ac.,1
58790808,0.00244,global_1de,lsmallma,r,09/22/2026,14:36:43,eddie@node1n02.ecdf.ed.ac.uk,3,3610
58790808,0.00244,global_1de,lsmallma,r,09/22/2026,14:36:43,eddie@node1o12.ecdf.ed.ac.uk,3,3611
58790808,0.00244,global_1de,lsmallma,r,09/22/2026,14:39:43,eddie@node1f09.ecdf.ed.ac.uk,3,3612
58790808,0.00244,global_1de,lsmallma,r,09/22/2026,14:35:50,eddie@node1r06.ecdf.ed.ac.uk,3,3609
58790808,0.00243,global_1de,lsmallma,r,09/22/2026,14:35:20,eddie@node1h07.ecdf.ed.ac.uk,3,3608
58790808,0.00243,global_1de,lsmallma,r,09/22/2026,14:34:29,eddie@node1o04.ecdf.ed.ac.uk,3,3607
58790808,0.00243,global_1de,lsmallma,r,09/22/2026,14:32:47,eddie@node1k03.ecdf.ed.ac.uk,3,3605
58790808,0.00243,global_1de,lsmallma,r,09/22/2026,14:33:17,eddie@node1j25.ecdf.ed.ac.uk,3,3606
58788669,0.00243,EVMUTATION,blivesey,r,09/22/2026,11:27:50,eddie@node1f10.ecdf.ed.ac.uk,2,268
58788081,0.00243,ce2,gl03pi18,r,09/21/2026,23:17:13,eddie@node1l13.ecdf.ed.ac.uk,8
58790808,0.00242,global_1de,lsmallma,r,09/22/2026,14:28:40,eddie@node1n03.ecdf.ed.ac.uk,3,3597
58790808,0.00242,global_1de,lsmallma,r,09/22/2026,14:28:40,eddie@node1j08.ecdf.ed.ac.uk,3,3598
58790808,0.00242,global_1de,lsmallma,r,09/22/2026,14:28:55,eddie@node1h09.ecdf.ed.ac.uk,3,3599
58790808,0.00242,global_1de,lsmallma,r,09/22/2026,14:29:25,eddie@node1h16.ecdf.ed.ac.uk,3,3600
58790808,0.00242,global_1de,lsmallma,r,09/22/2026,14:30:25,eddie@node1h11.ecdf.ed.ac.uk,3,3604
58790808,0.00242,global_1de,lsmallma,r,09/22/2026,14:30:10,eddie@node1h14.ecdf.ed.ac.uk,3,3602
58790808,0.00242,global_1de,lsmallma,r,09/22/2026,14:30:10,eddie@node1k07.ecdf.ed.ac.uk,3,3603
58790808,0.00242,global_1de,lsmallma,r,09/22/2026,14:29:40,eddie@node1s13.ecdf.ed.ac.uk,3,3601
58790808,0.00242,global_1de,lsmallma,r,09/22/2026,14:26:39,eddie@node1h07.ecdf.ed.ac.uk,3,3596
58790808,0.00242,global_1de,lsmallma,r,09/22/2026,14:25:24,eddie@node1h06.ecdf.ed.ac.uk,3,3595
58790808,0.00242,global_1de,lsmallma,r,09/22/2026,14:23:24,eddie@node1h22.ecdf.ed.ac.uk,3,3592
58655621,0.00242,runlisfloo,awilso19,r,09/16/2026,15:54:34,eddie@node1s10.ecdf.ed.ac.uk,1,5137
58655621,0.00242,runlisfloo,awilso19,r,09/16/2026,15:54:34,eddie@node1s10.ecdf.ed.ac.uk,1,5138
58655621,0.00242,runlisfloo,awilso19,r,09/16/2026,15:54:34,eddie@node1s10.ecdf.ed.ac.uk,1,5139
58655621,0.00242,runlisfloo,awilso19,r,09/16/2026,15:54:34,eddie@node1s10.ecdf.ed.ac.uk,1,5140
58655621,0.00242,runlisfloo,awilso19,r,09/16/2026,15:54:34,eddie@node1s10.ecdf.ed.ac.uk,1,5141
58655621,0.00242,runlisfloo,awilso19,r,09/16/2026,15:54:34,eddie@node1s10.ecdf.ed.ac.uk,1,5142
58790808,0.00242,global_1de,lsmallma,r,09/22/2026,14:24:09,eddie@node1r20.ecdf.ed.ac.uk,3,3593
58790808,0.00242,global_1de,lsmallma,r,09/22/2026,14:24:09,eddie@node1o14.ecdf.ed.ac.uk,3,3594
58790808,0.00242,global_1de,lsmallma,r,09/22/2026,14:22:54,eddie@node1r16.ecdf.ed.ac.uk,3,3591
58790808,0.00241,global_1de,lsmallma,r,09/22/2026,14:20:40,eddie@node1o13.ecdf.ed.ac.uk,3,3589
58790808,0.00241,global_1de,lsmallma,r,09/22/2026,14:21:10,eddie@node1s13.ecdf.ed.ac.uk,3,3590
58790808,0.00241,global_1de,lsmallma,r,09/22/2026,14:19:55,eddie@node1h11.ecdf.ed.ac.uk,3,3587
58790808,0.00241,global_1de,lsmallma,r,09/22/2026,14:19:55,eddie@node1r17.ecdf.ed.ac.uk,3,3588
58790808,0.00241,global_1de,lsmallma,r,09/22/2026,14:19:10,eddie@node1j28.ecdf.ed.ac.uk,3,3586
58790808,0.00241,global_1de,lsmallma,r,09/22/2026,14:18:25,eddie@node1o03.ecdf.ed.ac.uk,3,3584
58790808,0.00241,global_1de,lsmallma,r,09/22/2026,14:18:25,eddie@node1s17.ecdf.ed.ac.uk,3,3585
58790808,0.00241,global_1de,lsmallma,r,09/22/2026,14:17:56,eddie@node1r09.ecdf.ed.ac.uk,3,3581
58790808,0.00241,global_1de,lsmallma,r,09/22/2026,14:17:56,eddie@node1j26.ecdf.ed.ac.uk,3,3582
58790808,0.00241,global_1de,lsmallma,r,09/22/2026,14:17:56,eddie@node1h22.ecdf.ed.ac.uk,3,3583
58982648,0.00241,fA2_sparse,sfang3,r,09/22/2026,12:46:50,eddie@node1d04.ecdf.ed.ac.uk,24
58790808,0.00241,global_1de,lsmallma,r,09/22/2026,14:16:56,eddie@node1s19.ecdf.ed.ac.uk,3,3579
58790808,0.00241,global_1de,lsmallma,r,09/22/2026,14:16:56,eddie@node1s09.ecdf.ed.ac.uk,3,3580
58790808,0.00241,global_1de,lsmallma,r,09/22/2026,14:16:41,eddie@node1o09.ecdf.ed.ac.uk,3,3578
58790808,0.00241,global_1de,lsmallma,r,09/22/2026,14:15:56,eddie@node1h21.ecdf.ed.ac.uk,3,3577
58983340,0.00241,run_snipit,s2589227,r,09/22/2026,14:56:11,eddie@node1e03.ecdf.ed.ac.uk,8
58790808,0.00240,global_1de,lsmallma,r,09/22/2026,14:14:26,eddie@node1r20.ecdf.ed.ac.uk,3,3575
58790808,0.00240,global_1de,lsmallma,r,09/22/2026,14:14:41,eddie@node1r14.ecdf.ed.ac.uk,3,3576
58790808,0.00240,global_1de,lsmallma,r,09/22/2026,14:13:30,eddie@node1j27.ecdf.ed.ac.uk,3,3574
58790808,0.00240,global_1de,lsmallma,r,09/22/2026,14:13:00,eddie@node1h21.ecdf.ed.ac.uk,3,3572
58790808,0.00240,global_1de,lsmallma,r,09/22/2026,14:13:00,eddie@node1h24.ecdf.ed.ac.uk,3,3573
58790808,0.00240,global_1de,lsmallma,r,09/22/2026,14:12:30,eddie@node1h04.ecdf.ed.ac.uk,3,3571
58790808,0.00240,global_1de,lsmallma,r,09/22/2026,14:11:15,eddie@node1s13.ecdf.ed.ac.uk,3,3570
58655621,0.00240,runlisfloo,awilso19,r,09/16/2026,15:42:42,eddie@node1s10.ecdf.ed.ac.uk,1,5133
58655621,0.00240,runlisfloo,awilso19,r,09/16/2026,15:42:42,eddie@node1s10.ecdf.ed.ac.uk,1,5134
58655621,0.00240,runlisfloo,awilso19,r,09/16/2026,15:42:42,eddie@node1s10.ecdf.ed.ac.uk,1,5135
58655621,0.00240,runlisfloo,awilso19,r,09/16/2026,15:42:42,eddie@node1s10.ecdf.ed.ac.uk,1,5136
58788095,0.00240,ce1,gl03pi9,r,09/21/2026,22:54:47,eddie@node1l13.ecdf.ed.ac.uk,8
58790808,0.00240,global_1de,lsmallma,r,09/22/2026,14:09:47,eddie@node1h12.ecdf.ed.ac.uk,3,3569
58788669,0.00240,EVMUTATION,blivesey,r,09/22/2026,11:06:49,eddie@node1j21.ecdf.ed.ac.uk,2,265
58790808,0.00239,global_1de,lsmallma,r,09/22/2026,14:08:47,eddie@node1h24.ecdf.ed.ac.uk,3,3568
58790808,0.00239,global_1de,lsmallma,r,09/22/2026,14:06:02,eddie@node1i07.ecdf.ed.ac.uk,3,3567
58790808,0.00239,global_1de,lsmallma,r,09/22/2026,14:04:32,eddie@node1o13.ecdf.ed.ac.uk,3,3566
58788669,0.00239,EVMUTATION,blivesey,r,09/22/2026,10:59:57,eddie@node1m01.ecdf.ed.ac.uk,2,264
58790808,0.00238,global_1de,lsmallma,r,09/22/2026,14:02:02,eddie@node1s13.ecdf.ed.ac.uk,3,3564
58790808,0.00238,global_1de,lsmallma,r,09/22/2026,14:02:02,eddie@node1m13.ecdf.ed.ac.uk,3,3565
58790808,0.00238,global_1de,lsmallma,r,09/22/2026,14:01:02,eddie@node1h05.ecdf.ed.ac.uk,3,3563
58790808,0.00238,global_1de,lsmallma,r,09/22/2026,13:59:47,eddie@node1l27.ecdf.ed.ac.uk,3,3559
58790808,0.00238,global_1de,lsmallma,r,09/22/2026,13:59:47,eddie@node1o07.ecdf.ed.ac.uk,3,3560
58790808,0.00238,global_1de,lsmallma,r,09/22/2026,14:00:32,eddie@node1h09.ecdf.ed.ac.uk,3,3561
58790808,0.00238,global_1de,lsmallma,r,09/22/2026,14:00:32,eddie@node1m15.ecdf.ed.ac.uk,3,3562
58790808,0.00238,global_1de,lsmallma,r,09/22/2026,13:58:32,eddie@node1o10.ecdf.ed.ac.uk,3,3557
58790808,0.00238,global_1de,lsmallma,r,09/22/2026,13:59:17,eddie@node1o10.ecdf.ed.ac.uk,3,3558
58790808,0.00238,global_1de,lsmallma,r,09/22/2026,13:57:47,eddie@node1h09.ecdf.ed.ac.uk,3,3556
58790808,0.00238,global_1de,lsmallma,r,09/22/2026,13:56:02,eddie@node1h16.ecdf.ed.ac.uk,3,3553
58788094,0.00238,ce1,gl03pi9,r,09/21/2026,22:42:16,eddie@node1l18.ecdf.ed.ac.uk,8
58790808,0.00237,global_1de,lsmallma,r,09/22/2026,13:56:47,eddie@node1o10.ecdf.ed.ac.uk,3,3555
58790808,0.00237,global_1de,lsmallma,r,09/22/2026,13:55:17,eddie@node1h22.ecdf.ed.ac.uk,3,3552
58790808,0.00237,global_1de,lsmallma,r,09/22/2026,13:56:24,eddie@node1r18.ecdf.ed.ac.uk,3,3554
58788669,0.00237,EVMUTATION,blivesey,r,09/22/2026,10:51:39,eddie@node1i15.ecdf.ed.ac.uk,2,263
58790808,0.00237,global_1de,lsmallma,r,09/22/2026,13:54:09,eddie@node1h07.ecdf.ed.ac.uk,3,3551
58655621,0.00237,runlisfloo,awilso19,r,09/16/2026,15:25:17,eddie@node1s10.ecdf.ed.ac.uk,1,5127
58655621,0.00237,runlisfloo,awilso19,r,09/16/2026,15:25:17,eddie@node1s10.ecdf.ed.ac.uk,1,5128
58655621,0.00237,runlisfloo,awilso19,r,09/16/2026,15:25:17,eddie@node1s10.ecdf.ed.ac.uk,1,5129
58655621,0.00237,runlisfloo,awilso19,r,09/16/2026,15:25:17,eddie@node1s10.ecdf.ed.ac.uk,1,5130
58655621,0.00237,runlisfloo,awilso19,r,09/16/2026,15:25:17,eddie@node1s10.ecdf.ed.ac.uk,1,5131
58655621,0.00237,runlisfloo,awilso19,r,09/16/2026,15:25:17,eddie@node1s10.ecdf.ed.ac.uk,1,5132
58982649,0.00237,fA2_interc,sfang3,r,09/22/2026,12:46:50,eddie@node1d10.ecdf.ed.ac.uk,24
58790808,0.00237,global_1de,lsmallma,r,09/22/2026,13:53:03,eddie@node1r20.ecdf.ed.ac.uk,3,3549
58790808,0.00237,global_1de,lsmallma,r,09/22/2026,13:53:03,eddie@node1o10.ecdf.ed.ac.uk,3,3550
58790808,0.00237,global_1de,lsmallma,r,09/22/2026,13:52:49,eddie@node1o10.ecdf.ed.ac.uk,3,3548
58790808,0.00237,global_1de,lsmallma,r,09/22/2026,13:52:35,eddie@node1o03.ecdf.ed.ac.uk,3,3547
58790808,0.00237,global_1de,lsmallma,r,09/22/2026,13:51:37,eddie@node1h08.ecdf.ed.ac.uk,3,3546
58790808,0.00237,global_1de,lsmallma,r,09/22/2026,13:50:52,eddie@node1h05.ecdf.ed.ac.uk,3,3544
58790808,0.00237,global_1de,lsmallma,r,09/22/2026,13:51:07,eddie@node1o13.ecdf.ed.ac.uk,3,3545
58790808,0.00237,global_1de,lsmallma,r,09/22/2026,13:50:22,eddie@node1s18.ecdf.ed.ac.uk,3,3543
58790808,0.00237,global_1de,lsmallma,r,09/22/2026,13:50:07,eddie@node1o10.ecdf.ed.ac.uk,3,3542
58790808,0.00236,global_1de,lsmallma,r,09/22/2026,13:48:52,eddie@node1h10.ecdf.ed.ac.uk,3,3541
58790808,0.00236,global_1de,lsmallma,r,09/22/2026,13:46:07,eddie@node1h23.ecdf.ed.ac.uk,3,3540
58790808,0.00236,global_1de,lsmallma,r,09/22/2026,13:45:53,eddie@node1h23.ecdf.ed.ac.uk,3,3538
58790808,0.00236,global_1de,lsmallma,r,09/22/2026,13:45:53,eddie@node1k08.ecdf.ed.ac.uk,3,3539
58790808,0.00236,global_1de,lsmallma,r,09/22/2026,13:45:41,eddie@node1m13.ecdf.ed.ac.uk,3,3537
58655621,0.00236,runlisfloo,awilso19,r,09/16/2026,15:16:20,eddie@node1s10.ecdf.ed.ac.uk,1,5123
58655621,0.00236,runlisfloo,awilso19,r,09/16/2026,15:16:20,eddie@node1s10.ecdf.ed.ac.uk,1,5124
58655621,0.00236,runlisfloo,awilso19,r,09/16/2026,15:16:20,eddie@node1s10.ecdf.ed.ac.uk,1,5125
58655621,0.00236,runlisfloo,awilso19,r,09/16/2026,15:16:21,eddie@node1s10.ecdf.ed.ac.uk,1,5126
58790808,0.00236,global_1de,lsmallma,r,09/22/2026,13:42:41,eddie@node1h16.ecdf.ed.ac.uk,3,3536
58790808,0.00235,global_1de,lsmallma,r,09/22/2026,13:41:41,eddie@node1j17.ecdf.ed.ac.uk,3,3535
58790808,0.00235,global_1de,lsmallma,r,09/22/2026,13:41:26,eddie@node1h15.ecdf.ed.ac.uk,3,3534
58790808,0.00235,global_1de,lsmallma,r,09/22/2026,13:40:41,eddie@node1o13.ecdf.ed.ac.uk,3,3531
58790808,0.00235,global_1de,lsmallma,r,09/22/2026,13:40:11,eddie@node1o11.ecdf.ed.ac.uk,3,3530
58790808,0.00235,global_1de,lsmallma,r,09/22/2026,13:40:56,eddie@node1l22.ecdf.ed.ac.uk,3,3532
58790808,0.00235,global_1de,lsmallma,r,09/22/2026,13:40:56,eddie@node1k02.ecdf.ed.ac.uk,3,3533
58790808,0.00235,global_1de,lsmallma,r,09/22/2026,13:39:39,eddie@node1h05.ecdf.ed.ac.uk,3,3529
58790808,0.00235,global_1de,lsmallma,r,09/22/2026,13:39:09,eddie@node1s16.ecdf.ed.ac.uk,3,3527
58790808,0.00235,global_1de,lsmallma,r,09/22/2026,13:39:24,eddie@node1f09.ecdf.ed.ac.uk,3,3528
58790808,0.00235,global_1de,lsmallma,r,09/22/2026,13:38:39,eddie@node1o13.ecdf.ed.ac.uk,3,3526
58790808,0.00235,global_1de,lsmallma,r,09/22/2026,13:37:54,eddie@node1h05.ecdf.ed.ac.uk,3,3525
58790808,0.00235,global_1de,lsmallma,r,09/22/2026,13:37:39,eddie@node1j28.ecdf.ed.ac.uk,3,3524
58790808,0.00234,global_1de,lsmallma,r,09/22/2026,13:36:41,eddie@node1h16.ecdf.ed.ac.uk,3,3523
58982650,0.00234,fA2_interc,sfang3,r,09/22/2026,12:47:05,eddie@node1f03.ecdf.ed.ac.uk,24
58790808,0.00234,global_1de,lsmallma,r,09/22/2026,13:34:11,eddie@node1o12.ecdf.ed.ac.uk,3,3518
58790808,0.00234,global_1de,lsmallma,r,09/22/2026,13:35:41,eddie@node1l22.ecdf.ed.ac.uk,3,3521
58790808,0.00234,global_1de,lsmallma,r,09/22/2026,13:34:26,eddie@node1o09.ecdf.ed.ac.uk,3,3519
58790808,0.00234,global_1de,lsmallma,r,09/22/2026,13:35:26,eddie@node1o08.ecdf.ed.ac.uk,3,3520
58790808,0.00234,global_1de,lsmallma,r,09/22/2026,13:35:56,eddie@node1h24.ecdf.ed.ac.uk,3,3522
58788669,0.00234,EVMUTATION,blivesey,r,09/22/2026,10:27:17,eddie@node1k05.ecdf.ed.ac.uk,2,261
58790808,0.00233,global_1de,lsmallma,r,09/22/2026,13:31:56,eddie@node1r08.ecdf.ed.ac.uk,3,3514
58790808,0.00233,global_1de,lsmallma,r,09/22/2026,13:32:26,eddie@node1j28.ecdf.ed.ac.uk,3,3515
58790808,0.00233,global_1de,lsmallma,r,09/22/2026,13:32:56,eddie@node1h08.ecdf.ed.ac.uk,3,3517
58790808,0.00233,global_1de,lsmallma,r,09/22/2026,13:32:41,eddie@node1j25.ecdf.ed.ac.uk,3,3516
58790808,0.00233,global_1de,lsmallma,r,09/22/2026,13:29:56,eddie@node1h06.ecdf.ed.ac.uk,3,3513
58790808,0.00233,global_1de,lsmallma,r,09/22/2026,13:29:41,eddie@node1s19.ecdf.ed.ac.uk,3,3512
58790808,0.00233,global_1de,lsmallma,r,09/22/2026,13:29:26,eddie@node1r14.ecdf.ed.ac.uk,3,3510
58790808,0.00233,global_1de,lsmallma,r,09/22/2026,13:29:26,eddie@node1o13.ecdf.ed.ac.uk,3,3511
58790808,0.00233,global_1de,lsmallma,r,09/22/2026,13:27:56,eddie@node1s17.ecdf.ed.ac.uk,3,3507
58790808,0.00233,global_1de,lsmallma,r,09/22/2026,13:27:56,eddie@node1k02.ecdf.ed.ac.uk,3,3508
58790808,0.00233,global_1de,lsmallma,r,09/22/2026,13:28:26,eddie@node1o12.ecdf.ed.ac.uk,3,3509
58790808,0.00233,global_1de,lsmallma,r,09/22/2026,13:27:26,eddie@node1o11.ecdf.ed.ac.uk,3,3505
58790808,0.00233,global_1de,lsmallma,r,09/22/2026,13:27:26,eddie@node1s09.ecdf.ed.ac.uk,3,3506
58790808,0.00233,global_1de,lsmallma,r,09/22/2026,13:27:12,eddie@node1l23.ecdf.ed.ac.uk,3,3503
58790808,0.00233,global_1de,lsmallma,r,09/22/2026,13:27:12,eddie@node1h11.ecdf.ed.ac.uk,3,3504
58790808,0.00233,global_1de,lsmallma,r,09/22/2026,13:27:04,eddie@node1r06.ecdf.ed.ac.uk,3,3502
58790808,0.00233,global_1de,lsmallma,r,09/22/2026,13:26:26,eddie@node1s11.ecdf.ed.ac.uk,3,3501
58790808,0.00233,global_1de,lsmallma,r,09/22/2026,13:26:04,eddie@node1s18.ecdf.ed.ac.uk,3,3500
58982877,0.00233,C9_bundle_,s2149510,r,09/22/2026,13:25:44,eddie@node1f01.ecdf.ed.ac.uk,16
58790808,0.00232,global_1de,lsmallma,r,09/22/2026,13:24:14,eddie@node1o10.ecdf.ed.ac.uk,3,3496
58790808,0.00232,global_1de,lsmallma,r,09/22/2026,13:24:14,eddie@node1r08.ecdf.ed.ac.uk,3,3497
58790808,0.00232,global_1de,lsmallma,r,09/22/2026,13:23:59,eddie@node1m16.ecdf.ed.ac.uk,3,3495
58790808,0.00232,global_1de,lsmallma,r,09/22/2026,13:24:29,eddie@node1s14.ecdf.ed.ac.uk,3,3498
58790808,0.00232,global_1de,lsmallma,r,09/22/2026,13:24:59,eddie@node1o08.ecdf.ed.ac.uk,3,3499
58790808,0.00232,global_1de,lsmallma,r,09/22/2026,13:23:39,eddie@node1h21.ecdf.ed.ac.uk,3,3493
58790808,0.00232,global_1de,lsmallma,r,09/22/2026,13:23:39,eddie@node1o10.ecdf.ed.ac.uk,3,3494
58790808,0.00232,global_1de,lsmallma,r,09/22/2026,13:23:09,eddie@node1s13.ecdf.ed.ac.uk,3,3492
58790808,0.00232,global_1de,lsmallma,r,09/22/2026,13:21:51,eddie@node1r06.ecdf.ed.ac.uk,3,3490
58790808,0.00232,global_1de,lsmallma,r,09/22/2026,13:22:21,eddie@node1h16.ecdf.ed.ac.uk,3,3491
58788669,0.00232,EVMUTATION,blivesey,r,09/22/2026,10:16:02,eddie@node1j23.ecdf.ed.ac.uk,2,259
58982651,0.00232,fA2_interc,sfang3,r,09/22/2026,12:47:05,eddie@node1e02.ecdf.ed.ac.uk,24
58790808,0.00232,global_1de,lsmallma,r,09/22/2026,13:19:24,eddie@node1r16.ecdf.ed.ac.uk,3,3489
58790808,0.00232,global_1de,lsmallma,r,09/22/2026,13:18:54,eddie@node1o03.ecdf.ed.ac.uk,3,3486
58790808,0.00232,global_1de,lsmallma,r,09/22/2026,13:18:54,eddie@node1h12.ecdf.ed.ac.uk,3,3487
58790808,0.00232,global_1de,lsmallma,r,09/22/2026,13:19:09,eddie@node1h21.ecdf.ed.ac.uk,3,3488
58790808,0.00232,global_1de,lsmallma,r,09/22/2026,13:18:24,eddie@node1s19.ecdf.ed.ac.uk,3,3484
58790808,0.00232,global_1de,lsmallma,r,09/22/2026,13:18:39,eddie@node1m04.ecdf.ed.ac.uk,3,3485
58790808,0.00231,global_1de,lsmallma,r,09/22/2026,13:17:21,eddie@node1m22.ecdf.ed.ac.uk,3,3481
58790808,0.00231,global_1de,lsmallma,r,09/22/2026,13:17:21,eddie@node1o09.ecdf.ed.ac.uk,3,3482
58790808,0.00231,global_1de,lsmallma,r,09/22/2026,13:17:54,eddie@node1h15.ecdf.ed.ac.uk,3,3483
58790808,0.00231,global_1de,lsmallma,r,09/22/2026,13:16:36,eddie@node1j26.ecdf.ed.ac.uk,3,3479
58790808,0.00231,global_1de,lsmallma,r,09/22/2026,13:17:06,eddie@node1o09.ecdf.ed.ac.uk,3,3480
58790808,0.00231,global_1de,lsmallma,r,09/22/2026,13:15:36,eddie@node1r19.ecdf.ed.ac.uk,3,3478
58790808,0.00231,global_1de,lsmallma,r,09/22/2026,13:15:21,eddie@node1r18.ecdf.ed.ac.uk,3,3477
58790808,0.00231,global_1de,lsmallma,r,09/22/2026,13:14:36,eddie@node1s19.ecdf.ed.ac.uk,3,3474
58790808,0.00231,global_1de,lsmallma,r,09/22/2026,13:14:51,eddie@node1h21.ecdf.ed.ac.uk,3,3475
58790808,0.00231,global_1de,lsmallma,r,09/22/2026,13:15:06,eddie@node1s17.ecdf.ed.ac.uk,3,3476
58790808,0.00231,global_1de,lsmallma,r,09/22/2026,13:13:32,eddie@node1s15.ecdf.ed.ac.uk,3,3473
58788669,0.00231,EVMUTATION,blivesey,r,09/22/2026,10:08:12,eddie@node1n05.ecdf.ed.ac.uk,2,257
58982652,0.00231,fA2_sparse,sfang3,r,09/22/2026,12:47:20,eddie@node1e05.ecdf.ed.ac.uk,24
58655621,0.00231,runlisfloo,awilso19,r,09/15/2026,14:11:19,eddie@node1m24.ecdf.ed.ac.uk,1,4003
58982942,0.00231,sim-events,jprentic,r,09/22/2026,13:40:41,eddie@node1t01.ecdf.ed.ac.uk,16,4
58790808,0.00230,global_1de,lsmallma,r,09/22/2026,13:12:17,eddie@node1f10.ecdf.ed.ac.uk,3,3468
58790808,0.00230,global_1de,lsmallma,r,09/22/2026,13:12:17,eddie@node1s13.ecdf.ed.ac.uk,3,3469
58790808,0.00230,global_1de,lsmallma,r,09/22/2026,13:12:17,eddie@node1o12.ecdf.ed.ac.uk,3,3470
58790808,0.00230,global_1de,lsmallma,r,09/22/2026,13:12:32,eddie@node1h09.ecdf.ed.ac.uk,3,3471
58790808,0.00230,global_1de,lsmallma,r,09/22/2026,13:12:47,eddie@node1r18.ecdf.ed.ac.uk,3,3472
58790808,0.00230,global_1de,lsmallma,r,09/22/2026,13:09:32,eddie@node1h07.ecdf.ed.ac.uk,3,3464
58790808,0.00230,global_1de,lsmallma,r,09/22/2026,13:09:32,eddie@node1h09.ecdf.ed.ac.uk,3,3465
58790808,0.00230,global_1de,lsmallma,r,09/22/2026,13:09:47,eddie@node1h10.ecdf.ed.ac.uk,3,3466
58790808,0.00230,global_1de,lsmallma,r,09/22/2026,13:09:47,eddie@node1h16.ecdf.ed.ac.uk,3,3467
58790808,0.00230,global_1de,lsmallma,r,09/22/2026,13:09:02,eddie@node1l24.ecdf.ed.ac.uk,3,3463
58790808,0.00230,global_1de,lsmallma,r,09/22/2026,13:08:17,eddie@node1h15.ecdf.ed.ac.uk,3,3462
58790808,0.00230,global_1de,lsmallma,r,09/22/2026,13:07:57,eddie@node1o12.ecdf.ed.ac.uk,3,3461
58790808,0.00230,global_1de,lsmallma,r,09/22/2026,13:06:02,eddie@node1i15.ecdf.ed.ac.uk,3,3458
58790808,0.00230,global_1de,lsmallma,r,09/22/2026,13:06:02,eddie@node1h05.ecdf.ed.ac.uk,3,3459
58790808,0.00230,global_1de,lsmallma,r,09/22/2026,13:05:32,eddie@node1m13.ecdf.ed.ac.uk,3,3457
58790808,0.00230,global_1de,lsmallma,r,09/22/2026,13:07:17,eddie@node1h12.ecdf.ed.ac.uk,3,3460
58982653,0.00229,fA2_sparse,sfang3,r,09/22/2026,12:47:35,eddie@node1f01.ecdf.ed.ac.uk,24
58790808,0.00229,global_1de,lsmallma,r,09/22/2026,13:03:24,eddie@node1h24.ecdf.ed.ac.uk,3,3455
58790808,0.00229,global_1de,lsmallma,r,09/22/2026,13:03:24,eddie@node1h12.ecdf.ed.ac.uk,3,3456
58790808,0.00229,global_1de,lsmallma,r,09/22/2026,13:03:09,eddie@node1j10.ecdf.ed.ac.uk,3,3454
58788669,0.00229,EVMUTATION,blivesey,r,09/22/2026,09:52:34,eddie@node1f08.ecdf.ed.ac.uk,2,256
58790808,0.00229,global_1de,lsmallma,r,09/22/2026,13:00:23,eddie@node1l27.ecdf.ed.ac.uk,3,3444
58790808,0.00229,global_1de,lsmallma,r,09/22/2026,13:00:23,eddie@node1o11.ecdf.ed.ac.uk,3,3445
58790808,0.00229,global_1de,lsmallma,r,09/22/2026,12:59:28,eddie@node1l06.ecdf.ed.ac.uk,3,3443
58790808,0.00229,global_1de,lsmallma,r,09/22/2026,12:58:47,eddie@node1l24.ecdf.ed.ac.uk,3,3442
58790808,0.00229,global_1de,lsmallma,r,09/22/2026,12:58:17,eddie@node1o08.ecdf.ed.ac.uk,3,3441
58790808,0.00229,global_1de,lsmallma,r,09/22/2026,13:00:53,eddie@node1o07.ecdf.ed.ac.uk,3,3446
58790808,0.00229,global_1de,lsmallma,r,09/22/2026,13:00:53,eddie@node1s09.ecdf.ed.ac.uk,3,3447
58790808,0.00229,global_1de,lsmallma,r,09/22/2026,13:01:53,eddie@node1m16.ecdf.ed.ac.uk,3,3451
58790808,0.00229,global_1de,lsmallma,r,09/22/2026,13:01:53,eddie@node1j10.ecdf.ed.ac.uk,3,3452
58790808,0.00229,global_1de,lsmallma,r,09/22/2026,13:01:23,eddie@node1r15.ecdf.ed.ac.uk,3,3448
58790808,0.00229,global_1de,lsmallma,r,09/22/2026,13:01:23,eddie@node1h15.ecdf.ed.ac.uk,3,3449
58790808,0.00229,global_1de,lsmallma,r,09/22/2026,13:01:38,eddie@node1p09.ecdf.ed.ac.uk,3,3450
58790808,0.00229,global_1de,lsmallma,r,09/22/2026,13:02:08,eddie@node1h09.ecdf.ed.ac.uk,3,3453
58790808,0.00228,global_1de,lsmallma,r,09/22/2026,12:57:33,eddie@node1o14.ecdf.ed.ac.uk,3,3440
58790808,0.00228,global_1de,lsmallma,r,09/22/2026,12:55:48,eddie@node1h13.ecdf.ed.ac.uk,3,3439
58790808,0.00228,global_1de,lsmallma,r,09/22/2026,12:55:04,eddie@node1r20.ecdf.ed.ac.uk,3,3438
58948133,0.00228,sdps3d,s2673720,r,09/22/2026,13:13:02,eddie@node1m02.ecdf.ed.ac.uk,20
58982654,0.00228,fA2_sparse,sfang3,r,09/22/2026,12:47:35,eddie@node1e03.ecdf.ed.ac.uk,24
58790808,0.00228,global_1de,lsmallma,r,09/22/2026,12:53:05,eddie@node1r09.ecdf.ed.ac.uk,3,3435
58790808,0.00228,global_1de,lsmallma,r,09/22/2026,12:51:50,eddie@node1m13.ecdf.ed.ac.uk,3,3433
58790808,0.00228,global_1de,lsmallma,r,09/22/2026,12:52:05,eddie@node1m13.ecdf.ed.ac.uk,3,3434
58790808,0.00228,global_1de,lsmallma,r,09/22/2026,12:51:20,eddie@node1j27.ecdf.ed.ac.uk,3,3431
58790808,0.00228,global_1de,lsmallma,r,09/22/2026,12:51:35,eddie@node1i13.ecdf.ed.ac.uk,3,3432
58948132,0.00227,lsdps3d,s2673720,r,09/22/2026,13:09:17,eddie@node1k06.ecdf.ed.ac.uk,20
58790808,0.00227,global_1de,lsmallma,r,09/22/2026,12:50:05,eddie@node1r15.ecdf.ed.ac.uk,3,3428
58790808,0.00227,global_1de,lsmallma,r,09/22/2026,12:50:35,eddie@node1o13.ecdf.ed.ac.uk,3,3429
58790808,0.00227,global_1de,lsmallma,r,09/22/2026,12:49:35,eddie@node1s15.ecdf.ed.ac.uk,3,3426
58790808,0.00227,global_1de,lsmallma,r,09/22/2026,12:49:35,eddie@node1m02.ecdf.ed.ac.uk,3,3427
58790808,0.00227,global_1de,lsmallma,r,09/22/2026,12:48:20,eddie@node1r19.ecdf.ed.ac.uk,3,3425
58982655,0.00227,fA2_interc,sfang3,r,09/22/2026,12:47:50,eddie@node1e04.ecdf.ed.ac.uk,24
58790808,0.00227,global_1de,lsmallma,r,09/22/2026,12:45:20,eddie@node1h07.ecdf.ed.ac.uk,3,3421
58790808,0.00226,global_1de,lsmallma,r,09/22/2026,12:45:35,eddie@node1m21.ecdf.ed.ac.uk,3,3422
58953650,0.00226,QLOGIN,jthoms24,r,09/22/2026,09:53:58,igmm_long@node1h02.ecdf.ed.ac.,1
58790808,0.00226,global_1de,lsmallma,r,09/22/2026,12:43:20,eddie@node1h21.ecdf.ed.ac.uk,3,3419
58790808,0.00226,global_1de,lsmallma,r,09/22/2026,12:43:20,eddie@node1r06.ecdf.ed.ac.uk,3,3420
58790808,0.00226,global_1de,lsmallma,r,09/22/2026,12:41:50,eddie@node1j26.ecdf.ed.ac.uk,3,3418
58790808,0.00226,global_1de,lsmallma,r,09/22/2026,12:41:20,eddie@node1h16.ecdf.ed.ac.uk,3,3417
58790808,0.00226,global_1de,lsmallma,r,09/22/2026,12:47:05,eddie@node1s20.ecdf.ed.ac.uk,3,3424
58790808,0.00226,global_1de,lsmallma,r,09/22/2026,12:51:05,eddie@node1s17.ecdf.ed.ac.uk,3,3430
58790808,0.00226,global_1de,lsmallma,r,09/22/2026,12:46:50,eddie@node1h21.ecdf.ed.ac.uk,3,3423
58982656,0.00226,fA2_interc,sfang3,r,09/22/2026,12:47:50,eddie@node1e07.ecdf.ed.ac.uk,24
58790808,0.00226,global_1de,lsmallma,r,09/22/2026,12:40:05,eddie@node1o13.ecdf.ed.ac.uk,3,3416
58790808,0.00226,global_1de,lsmallma,r,09/22/2026,12:39:50,eddie@node1m02.ecdf.ed.ac.uk,3,3415
58790808,0.00226,global_1de,lsmallma,r,09/22/2026,12:38:50,eddie@node1s13.ecdf.ed.ac.uk,3,3414
58790808,0.00225,global_1de,lsmallma,r,09/22/2026,12:38:20,eddie@node1o10.ecdf.ed.ac.uk,3,3412
58790808,0.00225,global_1de,lsmallma,r,09/22/2026,12:36:35,eddie@node1m15.ecdf.ed.ac.uk,3,3410
58790808,0.00225,global_1de,lsmallma,r,09/22/2026,12:38:35,eddie@node1o08.ecdf.ed.ac.uk,3,3413
58790808,0.00225,global_1de,lsmallma,r,09/22/2026,12:54:35,eddie@node1s17.ecdf.ed.ac.uk,3,3436
58790808,0.00225,global_1de,lsmallma,r,09/22/2026,12:54:50,eddie@node1r20.ecdf.ed.ac.uk,3,3437
58790808,0.00225,global_1de,lsmallma,r,09/22/2026,12:37:05,eddie@node1h12.ecdf.ed.ac.uk,3,3411
58982657,0.00225,fA2_interc,sfang3,r,09/22/2026,12:47:50,eddie@node1e08.ecdf.ed.ac.uk,24
58790808,0.00225,global_1de,lsmallma,r,09/22/2026,12:31:52,eddie@node1r20.ecdf.ed.ac.uk,3,3403
58790808,0.00225,global_1de,lsmallma,r,09/22/2026,12:31:52,eddie@node1o13.ecdf.ed.ac.uk,3,3404
58790808,0.00225,global_1de,lsmallma,r,09/22/2026,12:32:37,eddie@node1r20.ecdf.ed.ac.uk,3,3406
58790808,0.00225,global_1de,lsmallma,r,09/22/2026,12:32:37,eddie@node1r09.ecdf.ed.ac.uk,3,3407
58790808,0.00225,global_1de,lsmallma,r,09/22/2026,12:32:22,eddie@node1f06.ecdf.ed.ac.uk,3,3405
58790808,0.00225,global_1de,lsmallma,r,09/22/2026,12:35:07,eddie@node1j25.ecdf.ed.ac.uk,3,3409
58790808,0.00225,global_1de,lsmallma,r,09/22/2026,12:33:37,eddie@node1o10.ecdf.ed.ac.uk,3,3408
58790808,0.00224,global_1de,lsmallma,r,09/22/2026,12:31:22,eddie@node1h16.ecdf.ed.ac.uk,3,3401
58790808,0.00224,global_1de,lsmallma,r,09/22/2026,12:31:22,eddie@node1h22.ecdf.ed.ac.uk,3,3402
58982658,0.00224,fA2_interc,sfang3,r,09/22/2026,12:48:05,eddie@node1d09.ecdf.ed.ac.uk,24
58982659,0.00224,fA2_interc,sfang3,r,09/22/2026,12:48:05,eddie@node1f05.ecdf.ed.ac.uk,24
58982660,0.00224,fA2_interc,sfang3,r,09/22/2026,12:48:05,eddie@node1e06.ecdf.ed.ac.uk,24
58982661,0.00224,fA2_sparse,sfang3,r,09/22/2026,12:48:05,eddie@node1e05.ecdf.ed.ac.uk,24
58790808,0.00224,global_1de,lsmallma,r,09/22/2026,12:29:46,eddie@node1n03.ecdf.ed.ac.uk,3,3399
58790808,0.00224,global_1de,lsmallma,r,09/22/2026,12:29:46,eddie@node1h09.ecdf.ed.ac.uk,3,3400
58790808,0.00224,global_1de,lsmallma,r,09/22/2026,12:29:31,eddie@node1h15.ecdf.ed.ac.uk,3,3398
58790808,0.00224,global_1de,lsmallma,r,09/22/2026,12:28:48,eddie@node1j25.ecdf.ed.ac.uk,3,3396
58790808,0.00224,global_1de,lsmallma,r,09/22/2026,12:28:59,eddie@node1h07.ecdf.ed.ac.uk,3,3397
58790808,0.00224,global_1de,lsmallma,r,09/22/2026,12:26:48,eddie@node1r19.ecdf.ed.ac.uk,3,3395
58790808,0.00224,global_1de,lsmallma,r,09/22/2026,12:26:06,eddie@node1j28.ecdf.ed.ac.uk,3,3394
58790808,0.00223,global_1de,lsmallma,r,09/22/2026,12:25:33,eddie@node1o04.ecdf.ed.ac.uk,3,3392
58790808,0.00223,global_1de,lsmallma,r,09/22/2026,12:25:48,eddie@node1r18.ecdf.ed.ac.uk,3,3393
58790808,0.00223,global_1de,lsmallma,r,09/22/2026,12:24:18,eddie@node1j27.ecdf.ed.ac.uk,3,3391
58788076,0.00223,ce2,gl03pi18,r,09/21/2026,20:55:26,eddie@node1l18.ecdf.ed.ac.uk,8
58790808,0.00223,global_1de,lsmallma,r,09/22/2026,12:23:03,eddie@node1s16.ecdf.ed.ac.uk,3,3390
58790808,0.00223,global_1de,lsmallma,r,09/22/2026,12:22:48,eddie@node1s12.ecdf.ed.ac.uk,3,3389
58790808,0.00223,global_1de,lsmallma,r,09/22/2026,12:19:41,eddie@node1o14.ecdf.ed.ac.uk,3,3384
58790808,0.00223,global_1de,lsmallma,r,09/22/2026,12:20:48,eddie@node1s20.ecdf.ed.ac.uk,3,3386
58790808,0.00223,global_1de,lsmallma,r,09/22/2026,12:20:33,eddie@node1i13.ecdf.ed.ac.uk,3,3385
58790808,0.00223,global_1de,lsmallma,r,09/22/2026,12:21:33,eddie@node1m14.ecdf.ed.ac.uk,3,3387
58790808,0.00223,global_1de,lsmallma,r,09/22/2026,12:22:18,eddie@node1s13.ecdf.ed.ac.uk,3,3388
58788080,0.00222,ce2,gl03pi18,r,09/21/2026,20:58:48,eddie@node1l16.ecdf.ed.ac.uk,8
58790808,0.00222,global_1de,lsmallma,r,09/22/2026,12:16:33,eddie@node1f09.ecdf.ed.ac.uk,3,3383
58790808,0.00222,global_1de,lsmallma,r,09/22/2026,12:15:18,eddie@node1r20.ecdf.ed.ac.uk,3,3382
58790808,0.00222,global_1de,lsmallma,r,09/22/2026,12:14:33,eddie@node1o11.ecdf.ed.ac.uk,3,3381
58982662,0.00222,fA2_sparse,sfang3,r,09/22/2026,12:48:20,eddie@node1d06.ecdf.ed.ac.uk,24
58982672,0.00222,fA_rich_20,sfang3,r,09/22/2026,12:48:20,eddie@node1f03.ecdf.ed.ac.uk,24
58982673,0.00222,fA_sparse_,sfang3,r,09/22/2026,12:48:20,eddie@node1d02.ecdf.ed.ac.uk,24
58790808,0.00222,global_1de,lsmallma,r,09/22/2026,12:13:18,eddie@node1j18.ecdf.ed.ac.uk,3,3380
58790808,0.00222,global_1de,lsmallma,r,09/22/2026,12:12:33,eddie@node1o13.ecdf.ed.ac.uk,3,3378
58790808,0.00222,global_1de,lsmallma,r,09/22/2026,12:12:33,eddie@node1j25.ecdf.ed.ac.uk,3,3379
58790808,0.00222,global_1de,lsmallma,r,09/22/2026,12:11:48,eddie@node1o07.ecdf.ed.ac.uk,3,3377
58788073,0.00222,ce1,gl03pi9,r,09/21/2026,20:33:10,eddie@node1l17.ecdf.ed.ac.uk,8
58794350,0.00221,s5arr,s2609353,r,09/21/2026,17:50:02,eddie@node1d02.ecdf.ed.ac.uk,4,2
58790808,0.00221,global_1de,lsmallma,r,09/22/2026,12:11:03,eddie@node1h09.ecdf.ed.ac.uk,3,3376
58790808,0.00221,global_1de,lsmallma,r,09/22/2026,12:10:18,eddie@node1r06.ecdf.ed.ac.uk,3,3375
58790808,0.00221,global_1de,lsmallma,r,09/22/2026,12:09:48,eddie@node1s13.ecdf.ed.ac.uk,3,3373
58790808,0.00221,global_1de,lsmallma,r,09/22/2026,12:09:48,eddie@node1h12.ecdf.ed.ac.uk,3,3374
58790808,0.00221,global_1de,lsmallma,r,09/22/2026,12:09:03,eddie@node1l27.ecdf.ed.ac.uk,3,3372
58790808,0.00221,global_1de,lsmallma,r,09/22/2026,12:07:48,eddie@node1m02.ecdf.ed.ac.uk,3,3371
58790808,0.00221,global_1de,lsmallma,r,09/22/2026,12:05:53,eddie@node1m02.ecdf.ed.ac.uk,3,3369
58790808,0.00221,global_1de,lsmallma,r,09/22/2026,12:06:23,eddie@node1j27.ecdf.ed.ac.uk,3,3370
58982674,0.00221,fA_interce,sfang3,r,09/22/2026,12:48:35,eddie@node1d01.ecdf.ed.ac.uk,24
58982675,0.00221,fA_sparse_,sfang3,r,09/22/2026,12:48:35,eddie@node1e10.ecdf.ed.ac.uk,24
58790808,0.00220,global_1de,lsmallma,r,09/22/2026,12:04:38,eddie@node1r20.ecdf.ed.ac.uk,3,3367
58790808,0.00220,global_1de,lsmallma,r,09/22/2026,12:05:08,eddie@node1h03.ecdf.ed.ac.uk,3,3368
58655621,0.00220,runlisfloo,awilso19,r,09/16/2026,13:38:19,eddie@node1m18.ecdf.ed.ac.uk,1,5116
58655621,0.00220,runlisfloo,awilso19,r,09/16/2026,13:38:19,eddie@node1m24.ecdf.ed.ac.uk,1,5117
58655621,0.00220,runlisfloo,awilso19,r,09/16/2026,13:38:19,eddie@node1m20.ecdf.ed.ac.uk,1,5118
58655621,0.00220,runlisfloo,awilso19,r,09/16/2026,13:38:19,eddie@node1m24.ecdf.ed.ac.uk,1,5119
58655621,0.00220,runlisfloo,awilso19,r,09/16/2026,13:38:19,eddie@node1m20.ecdf.ed.ac.uk,1,5120
58655621,0.00220,runlisfloo,awilso19,r,09/16/2026,13:38:19,eddie@node1m24.ecdf.ed.ac.uk,1,5121
58655621,0.00220,runlisfloo,awilso19,r,09/16/2026,13:38:19,eddie@node1m20.ecdf.ed.ac.uk,1,5122
58790808,0.00220,global_1de,lsmallma,r,09/22/2026,12:03:53,eddie@node1s19.ecdf.ed.ac.uk,3,3366
58790808,0.00220,global_1de,lsmallma,r,09/22/2026,12:03:38,eddie@node1m13.ecdf.ed.ac.uk,3,3365
58790808,0.00220,global_1de,lsmallma,r,09/22/2026,12:02:47,eddie@node1r14.ecdf.ed.ac.uk,3,3363
58790808,0.00220,global_1de,lsmallma,r,09/22/2026,12:02:47,eddie@node1o12.ecdf.ed.ac.uk,3,3364
58790808,0.00220,global_1de,lsmallma,r,09/22/2026,12:02:32,eddie@node1h16.ecdf.ed.ac.uk,3,3360
58790808,0.00220,global_1de,lsmallma,r,09/22/2026,12:02:32,eddie@node1r06.ecdf.ed.ac.uk,3,3361
58790808,0.00220,global_1de,lsmallma,r,09/22/2026,12:02:32,eddie@node1s17.ecdf.ed.ac.uk,3,3362
58790808,0.00220,global_1de,lsmallma,r,09/22/2026,12:01:57,eddie@node1h09.ecdf.ed.ac.uk,3,3359
58790808,0.00220,global_1de,lsmallma,r,09/22/2026,12:01:42,eddie@node1o08.ecdf.ed.ac.uk,3,3358
58982676,0.00220,fA_interce,sfang3,r,09/22/2026,12:49:05,eddie@node1e02.ecdf.ed.ac.uk,24
58982677,0.00220,fA_interce,sfang3,r,09/22/2026,12:49:05,eddie@node1e10.ecdf.ed.ac.uk,24
58790808,0.00220,global_1de,lsmallma,r,09/22/2026,12:00:43,eddie@node1r15.ecdf.ed.ac.uk,3,3357
58790808,0.00220,global_1de,lsmallma,r,09/22/2026,11:59:38,eddie@node1k05.ecdf.ed.ac.uk,3,3356
58790808,0.00220,global_1de,lsmallma,r,09/22/2026,11:58:54,eddie@node1r15.ecdf.ed.ac.uk,3,3353
58790808,0.00220,global_1de,lsmallma,r,09/22/2026,11:58:54,eddie@node1o13.ecdf.ed.ac.uk,3,3354
58790808,0.00220,global_1de,lsmallma,r,09/22/2026,11:59:08,eddie@node1o08.ecdf.ed.ac.uk,3,3355
58982678,0.00219,fA_sparse_,sfang3,r,09/22/2026,12:49:20,eddie@node1e03.ecdf.ed.ac.uk,24
58790808,0.00219,global_1de,lsmallma,r,09/22/2026,11:57:39,eddie@node1s19.ecdf.ed.ac.uk,3,3352
58790808,0.00219,global_1de,lsmallma,r,09/22/2026,11:57:24,eddie@node1s17.ecdf.ed.ac.uk,3,3351
58790808,0.00219,global_1de,lsmallma,r,09/22/2026,11:56:39,eddie@node1h05.ecdf.ed.ac.uk,3,3350
58790808,0.00219,global_1de,lsmallma,r,09/22/2026,11:56:10,eddie@node1j27.ecdf.ed.ac.uk,3,3349
58790808,0.00219,global_1de,lsmallma,r,09/22/2026,11:54:23,eddie@node1h16.ecdf.ed.ac.uk,3,3348
58790808,0.00219,global_1de,lsmallma,r,09/22/2026,11:52:08,eddie@node1j02.ecdf.ed.ac.uk,3,3347
58790808,0.00218,global_1de,lsmallma,r,09/22/2026,11:51:32,eddie@node1s15.ecdf.ed.ac.uk,3,3346
58790808,0.00218,global_1de,lsmallma,r,09/22/2026,11:50:47,eddie@node1j27.ecdf.ed.ac.uk,3,3345
58790808,0.00218,global_1de,lsmallma,r,09/22/2026,11:50:02,eddie@node1s19.ecdf.ed.ac.uk,3,3344
58790808,0.00218,global_1de,lsmallma,r,09/22/2026,11:47:47,eddie@node1o12.ecdf.ed.ac.uk,3,3343
58790808,0.00218,global_1de,lsmallma,r,09/22/2026,11:46:32,eddie@node1o13.ecdf.ed.ac.uk,3,3342
58790808,0.00218,global_1de,lsmallma,r,09/22/2026,11:46:17,eddie@node1j02.ecdf.ed.ac.uk,3,3341
58790808,0.00218,global_1de,lsmallma,r,09/22/2026,11:45:47,eddie@node1h16.ecdf.ed.ac.uk,3,3340
58790808,0.00217,global_1de,lsmallma,r,09/22/2026,11:44:32,eddie@node1l25.ecdf.ed.ac.uk,3,3339
58790808,0.00217,global_1de,lsmallma,r,09/22/2026,11:42:47,eddie@node1h07.ecdf.ed.ac.uk,3,3338
58790808,0.00217,global_1de,lsmallma,r,09/22/2026,11:41:44,eddie@node1p10.ecdf.ed.ac.uk,3,3337
58790808,0.00217,global_1de,lsmallma,r,09/22/2026,11:40:44,eddie@node1s17.ecdf.ed.ac.uk,3,3336
58790808,0.00217,global_1de,lsmallma,r,09/22/2026,11:40:29,eddie@node1o03.ecdf.ed.ac.uk,3,3335
58826129,0.00216,f26-vertic,dhosking,r,09/21/2026,23:22:59,gpu@node1o02.ecdf.ed.ac.uk,8
58790808,0.00216,global_1de,lsmallma,r,09/22/2026,11:37:44,eddie@node1m13.ecdf.ed.ac.uk,3,3334
58790808,0.00216,global_1de,lsmallma,r,09/22/2026,11:36:59,eddie@node1k06.ecdf.ed.ac.uk,3,3333
58790808,0.00216,global_1de,lsmallma,r,09/22/2026,11:33:44,eddie@node1o14.ecdf.ed.ac.uk,3,3329
58790808,0.00216,global_1de,lsmallma,r,09/22/2026,11:33:44,eddie@node1h22.ecdf.ed.ac.uk,3,3330
58790808,0.00215,global_1de,lsmallma,r,09/22/2026,11:30:07,eddie@node1j27.ecdf.ed.ac.uk,3,3325
58790808,0.00215,global_1de,lsmallma,r,09/22/2026,11:29:45,eddie@node1h05.ecdf.ed.ac.uk,3,3324
58790808,0.00215,global_1de,lsmallma,r,09/22/2026,11:32:44,eddie@node1o05.ecdf.ed.ac.uk,3,3328
58967893,0.00215,QLOGIN,s2404760,r,09/22/2026,10:48:55,gpu@node1g04.ecdf.ed.ac.uk,1
58790808,0.00215,global_1de,lsmallma,r,09/22/2026,11:29:20,eddie@node1i16.ecdf.ed.ac.uk,3,3322
58790808,0.00215,global_1de,lsmallma,r,09/22/2026,11:28:50,eddie@node1r07.ecdf.ed.ac.uk,3,3321
58790808,0.00215,global_1de,lsmallma,r,09/22/2026,11:29:35,eddie@node1r08.ecdf.ed.ac.uk,3,3323
58790808,0.00214,global_1de,lsmallma,r,09/22/2026,11:24:35,eddie@node1s18.ecdf.ed.ac.uk,3,3320
58790808,0.00214,global_1de,lsmallma,r,09/22/2026,11:24:20,eddie@node1m15.ecdf.ed.ac.uk,3,3319
58790808,0.00214,global_1de,lsmallma,r,09/22/2026,11:23:50,eddie@node1h21.ecdf.ed.ac.uk,3,3317
58790808,0.00214,global_1de,lsmallma,r,09/22/2026,11:23:50,eddie@node1j21.ecdf.ed.ac.uk,3,3318
58790808,0.00214,global_1de,lsmallma,r,09/22/2026,11:22:20,eddie@node1m04.ecdf.ed.ac.uk,3,3316
58790808,0.00214,global_1de,lsmallma,r,09/22/2026,11:20:35,eddie@node1o12.ecdf.ed.ac.uk,3,3314
58790808,0.00214,global_1de,lsmallma,r,09/22/2026,11:20:35,eddie@node1h08.ecdf.ed.ac.uk,3,3315
58790808,0.00214,global_1de,lsmallma,r,09/22/2026,11:20:20,eddie@node1r08.ecdf.ed.ac.uk,3,3313
58790808,0.00214,global_1de,lsmallma,r,09/22/2026,11:19:05,eddie@node1s17.ecdf.ed.ac.uk,3,3312
58790808,0.00213,global_1de,lsmallma,r,09/22/2026,11:18:20,eddie@node1h23.ecdf.ed.ac.uk,3,3311
58790808,0.00213,global_1de,lsmallma,r,09/22/2026,11:17:50,eddie@node1h15.ecdf.ed.ac.uk,3,3310
58790808,0.00213,global_1de,lsmallma,r,09/22/2026,11:17:35,eddie@node1h05.ecdf.ed.ac.uk,3,3309
58790808,0.00213,global_1de,lsmallma,r,09/22/2026,11:16:50,eddie@node1s12.ecdf.ed.ac.uk,3,3307
58790808,0.00213,global_1de,lsmallma,r,09/22/2026,11:17:05,eddie@node1r09.ecdf.ed.ac.uk,3,3308
58790808,0.00213,global_1de,lsmallma,r,09/22/2026,11:15:50,eddie@node1l25.ecdf.ed.ac.uk,3,3303
58790808,0.00213,global_1de,lsmallma,r,09/22/2026,11:15:50,eddie@node1r17.ecdf.ed.ac.uk,3,3304
58790808,0.00213,global_1de,lsmallma,r,09/22/2026,11:16:05,eddie@node1j25.ecdf.ed.ac.uk,3,3305
58790808,0.00213,global_1de,lsmallma,r,09/22/2026,11:16:20,eddie@node1o11.ecdf.ed.ac.uk,3,3306
58790808,0.00213,global_1de,lsmallma,r,09/22/2026,11:15:35,eddie@node1j21.ecdf.ed.ac.uk,3,3302
58788172,0.00213,acetyl,knicodem,r,09/21/2026,07:58:14,eddie@node1m21.ecdf.ed.ac.uk,1
58788241,0.00213,acetylh0,knicodem,r,09/21/2026,08:42:25,eddie@node1n02.ecdf.ed.ac.uk,1,1
58788241,0.00213,acetylh0,knicodem,r,09/21/2026,08:42:25,eddie@node1n02.ecdf.ed.ac.uk,1,2
58790808,0.00213,global_1de,lsmallma,r,09/22/2026,11:14:11,eddie@node1h05.ecdf.ed.ac.uk,3,3299
58790808,0.00213,global_1de,lsmallma,r,09/22/2026,11:14:41,eddie@node1l27.ecdf.ed.ac.uk,3,3301
58790808,0.00213,global_1de,lsmallma,r,09/22/2026,11:14:26,eddie@node1o07.ecdf.ed.ac.uk,3,3300
58790808,0.00213,global_1de,lsmallma,r,09/22/2026,11:13:41,eddie@node1m07.ecdf.ed.ac.uk,3,3298
58790808,0.00212,global_1de,lsmallma,r,09/22/2026,11:12:41,eddie@node1r08.ecdf.ed.ac.uk,3,3293
58790808,0.00212,global_1de,lsmallma,r,09/22/2026,11:12:41,eddie@node1j22.ecdf.ed.ac.uk,3,3294
58790808,0.00212,global_1de,lsmallma,r,09/22/2026,11:12:41,eddie@node1k06.ecdf.ed.ac.uk,3,3295
58790808,0.00212,global_1de,lsmallma,r,09/22/2026,11:12:56,eddie@node1s15.ecdf.ed.ac.uk,3,3296
58790808,0.00212,global_1de,lsmallma,r,09/22/2026,11:12:56,eddie@node1h04.ecdf.ed.ac.uk,3,3297
58790808,0.00212,global_1de,lsmallma,r,09/22/2026,11:12:26,eddie@node1l05.ecdf.ed.ac.uk,3,3292
58790808,0.00212,global_1de,lsmallma,r,09/22/2026,11:09:49,eddie@node1o11.ecdf.ed.ac.uk,3,3286
58790808,0.00212,global_1de,lsmallma,r,09/22/2026,11:10:04,eddie@node1r16.ecdf.ed.ac.uk,3,3287
58790808,0.00212,global_1de,lsmallma,r,09/22/2026,11:10:04,eddie@node1h11.ecdf.ed.ac.uk,3,3288
58790808,0.00212,global_1de,lsmallma,r,09/22/2026,11:09:04,eddie@node1s14.ecdf.ed.ac.uk,3,3285
58790808,0.00212,global_1de,lsmallma,r,09/22/2026,11:10:49,eddie@node1j26.ecdf.ed.ac.uk,3,3289
58790808,0.00212,global_1de,lsmallma,r,09/22/2026,11:10:49,eddie@node1s20.ecdf.ed.ac.uk,3,3290
58790808,0.00212,global_1de,lsmallma,r,09/22/2026,11:11:49,eddie@node1j27.ecdf.ed.ac.uk,3,3291
58790808,0.00212,global_1de,lsmallma,r,09/22/2026,11:07:34,eddie@node1l05.ecdf.ed.ac.uk,3,3284
58982942,0.00212,sim-events,jprentic,r,09/22/2026,13:40:41,eddie@node1t01.ecdf.ed.ac.uk,16,5
58790808,0.00212,global_1de,lsmallma,r,09/22/2026,11:07:04,eddie@node1l24.ecdf.ed.ac.uk,3,3283
58790808,0.00212,global_1de,lsmallma,r,09/22/2026,11:06:49,eddie@node1s17.ecdf.ed.ac.uk,3,3282
58790808,0.00212,global_1de,lsmallma,r,09/22/2026,11:06:34,eddie@node1j25.ecdf.ed.ac.uk,3,3281
58790808,0.00212,global_1de,lsmallma,r,09/22/2026,11:06:23,eddie@node1s18.ecdf.ed.ac.uk,3,3280
58790808,0.00211,global_1de,lsmallma,r,09/22/2026,11:05:22,eddie@node1l24.ecdf.ed.ac.uk,3,3278
58790808,0.00211,global_1de,lsmallma,r,09/22/2026,11:05:22,eddie@node1s16.ecdf.ed.ac.uk,3,3279
58790808,0.00211,global_1de,lsmallma,r,09/22/2026,09:18:32,eddie@node1s15.ecdf.ed.ac.uk,3,3100
58790808,0.00211,global_1de,lsmallma,r,09/22/2026,11:05:11,eddie@node1o07.ecdf.ed.ac.uk,3,3275
58790808,0.00211,global_1de,lsmallma,r,09/22/2026,11:05:11,eddie@node1h07.ecdf.ed.ac.uk,3,3276
58790808,0.00211,global_1de,lsmallma,r,09/22/2026,11:05:11,eddie@node1k13.ecdf.ed.ac.uk,3,3277
58790808,0.00211,global_1de,lsmallma,r,09/22/2026,11:04:56,eddie@node1s13.ecdf.ed.ac.uk,3,3274
58790808,0.00211,global_1de,lsmallma,r,09/22/2026,11:04:48,eddie@node1m07.ecdf.ed.ac.uk,3,3273
58790808,0.00211,global_1de,lsmallma,r,09/22/2026,11:04:29,eddie@node1s15.ecdf.ed.ac.uk,3,3272
58790808,0.00211,global_1de,lsmallma,r,09/22/2026,11:04:14,eddie@node1k06.ecdf.ed.ac.uk,3,3271
58790808,0.00211,global_1de,lsmallma,r,09/22/2026,11:03:32,eddie@node1o03.ecdf.ed.ac.uk,3,3270
58790808,0.00211,global_1de,lsmallma,r,09/22/2026,11:03:17,eddie@node1h07.ecdf.ed.ac.uk,3,3269
58790808,0.00211,global_1de,lsmallma,r,09/22/2026,09:16:02,eddie@node1h24.ecdf.ed.ac.uk,3,3097
58790808,0.00211,global_1de,lsmallma,r,09/22/2026,09:16:02,eddie@node1s17.ecdf.ed.ac.uk,3,3098
58790808,0.00211,global_1de,lsmallma,r,09/22/2026,09:16:32,eddie@node1j25.ecdf.ed.ac.uk,3,3099
58790808,0.00211,global_1de,lsmallma,r,09/22/2026,11:02:17,eddie@node1r09.ecdf.ed.ac.uk,3,3268
58790808,0.00211,global_1de,lsmallma,r,09/22/2026,09:14:17,eddie@node1h10.ecdf.ed.ac.uk,3,3095
58790808,0.00211,global_1de,lsmallma,r,09/22/2026,11:01:27,eddie@node1s10.ecdf.ed.ac.uk,3,3267
58049317,0.00211,b_ocExduck,s2719294,r,09/04/2026,14:19:22,eddie@node1q12.ecdf.ed.ac.uk,2
58790808,0.00211,global_1de,lsmallma,r,09/22/2026,10:59:57,eddie@node1m22.ecdf.ed.ac.uk,3,3266
58790808,0.00211,global_1de,lsmallma,r,09/22/2026,10:59:42,eddie@node1h11.ecdf.ed.ac.uk,3,3265
58790808,0.00210,global_1de,lsmallma,r,09/22/2026,10:58:57,eddie@node1m07.ecdf.ed.ac.uk,3,3263
58790808,0.00210,global_1de,lsmallma,r,09/22/2026,10:58:57,eddie@node1m07.ecdf.ed.ac.uk,3,3264
58790808,0.00210,global_1de,lsmallma,r,09/22/2026,09:11:47,eddie@node1l22.ecdf.ed.ac.uk,3,3089
58790808,0.00210,global_1de,lsmallma,r,09/22/2026,09:14:02,eddie@node1p09.ecdf.ed.ac.uk,3,3094
58790808,0.00210,global_1de,lsmallma,r,09/22/2026,09:13:02,eddie@node1l22.ecdf.ed.ac.uk,3,3091
58790808,0.00210,global_1de,lsmallma,r,09/22/2026,10:57:27,eddie@node1r08.ecdf.ed.ac.uk,3,3262
58790808,0.00210,global_1de,lsmallma,r,09/22/2026,10:57:12,eddie@node1o07.ecdf.ed.ac.uk,3,3260
58790808,0.00210,global_1de,lsmallma,r,09/22/2026,10:57:12,eddie@node1j02.ecdf.ed.ac.uk,3,3261
58790808,0.00210,global_1de,lsmallma,r,09/22/2026,10:56:42,eddie@node1h11.ecdf.ed.ac.uk,3,3259
58790808,0.00210,global_1de,lsmallma,r,09/22/2026,10:55:39,eddie@node1j22.ecdf.ed.ac.uk,3,3257
58790808,0.00210,global_1de,lsmallma,r,09/22/2026,10:55:39,eddie@node1l05.ecdf.ed.ac.uk,3,3258
58790808,0.00210,global_1de,lsmallma,r,09/22/2026,10:55:09,eddie@node1j28.ecdf.ed.ac.uk,3,3255
58790808,0.00210,global_1de,lsmallma,r,09/22/2026,10:55:09,eddie@node1l06.ecdf.ed.ac.uk,3,3256
58790808,0.00210,global_1de,lsmallma,r,09/22/2026,09:07:47,eddie@node1s14.ecdf.ed.ac.uk,3,3083
58790808,0.00210,global_1de,lsmallma,r,09/22/2026,09:08:17,eddie@node1h05.ecdf.ed.ac.uk,3,3084
58790808,0.00210,global_1de,lsmallma,r,09/22/2026,10:53:09,eddie@node1p10.ecdf.ed.ac.uk,3,3254
58655621,0.00210,runlisfloo,awilso19,r,09/16/2026,12:28:51,eddie@node1n04.ecdf.ed.ac.uk,1,5114
58655621,0.00210,runlisfloo,awilso19,r,09/16/2026,12:28:51,eddie@node1n04.ecdf.ed.ac.uk,1,5115
58790808,0.00210,global_1de,lsmallma,r,09/22/2026,10:52:54,eddie@node1r19.ecdf.ed.ac.uk,3,3253
58790808,0.00209,global_1de,lsmallma,r,09/22/2026,10:51:24,eddie@node1k06.ecdf.ed.ac.uk,3,3250
58790808,0.00209,global_1de,lsmallma,r,09/22/2026,10:51:39,eddie@node1k06.ecdf.ed.ac.uk,3,3251
58790808,0.00209,global_1de,lsmallma,r,09/22/2026,09:04:32,eddie@node1s19.ecdf.ed.ac.uk,3,3081
58790808,0.00209,global_1de,lsmallma,r,09/22/2026,10:50:54,eddie@node1r06.ecdf.ed.ac.uk,3,3249
58790808,0.00209,global_1de,lsmallma,r,09/22/2026,10:50:09,eddie@node1l06.ecdf.ed.ac.uk,3,3247
58790808,0.00209,global_1de,lsmallma,r,09/22/2026,10:50:24,eddie@node1m01.ecdf.ed.ac.uk,3,3248
58790808,0.00209,global_1de,lsmallma,r,09/22/2026,10:49:54,eddie@node1h05.ecdf.ed.ac.uk,3,3245
58790808,0.00209,global_1de,lsmallma,r,09/22/2026,10:49:54,eddie@node1o07.ecdf.ed.ac.uk,3,3246
58790808,0.00209,global_1de,lsmallma,r,09/22/2026,10:49:09,eddie@node1h21.ecdf.ed.ac.uk,3,3244
58790808,0.00209,global_1de,lsmallma,r,09/22/2026,10:48:55,eddie@node1o12.ecdf.ed.ac.uk,3,3243
58790808,0.00209,global_1de,lsmallma,r,09/22/2026,10:48:42,eddie@node1h24.ecdf.ed.ac.uk,3,3242
58790808,0.00209,global_1de,lsmallma,r,09/22/2026,10:48:14,eddie@node1o10.ecdf.ed.ac.uk,3,3241
58655621,0.00209,runlisfloo,awilso19,r,09/16/2026,12:23:52,eddie@node1n08.ecdf.ed.ac.uk,1,5109
58655621,0.00209,runlisfloo,awilso19,r,09/16/2026,12:23:52,eddie@node1n08.ecdf.ed.ac.uk,1,5110
58655621,0.00209,runlisfloo,awilso19,r,09/16/2026,12:23:52,eddie@node1n08.ecdf.ed.ac.uk,1,5111
58655621,0.00209,runlisfloo,awilso19,r,09/16/2026,12:23:52,eddie@node1n08.ecdf.ed.ac.uk,1,5112
58655621,0.00209,runlisfloo,awilso19,r,09/16/2026,12:23:52,eddie@node1n08.ecdf.ed.ac.uk,1,5113
58790808,0.00209,global_1de,lsmallma,r,09/22/2026,10:47:29,eddie@node1h09.ecdf.ed.ac.uk,3,3240
58790808,0.00209,global_1de,lsmallma,r,09/22/2026,10:46:39,eddie@node1m18.ecdf.ed.ac.uk,3,3238
58790808,0.00208,global_1de,lsmallma,r,09/22/2026,08:59:22,eddie@node1s14.ecdf.ed.ac.uk,3,3073
58790808,0.00208,global_1de,lsmallma,r,09/22/2026,10:44:11,eddie@node1s15.ecdf.ed.ac.uk,3,3235
58790808,0.00208,global_1de,lsmallma,r,09/22/2026,10:43:47,eddie@node1o11.ecdf.ed.ac.uk,3,3234
58790808,0.00208,global_1de,lsmallma,r,09/22/2026,10:43:43,eddie@node1h09.ecdf.ed.ac.uk,3,3233
58790808,0.00208,global_1de,lsmallma,r,09/22/2026,08:56:35,eddie@node1o11.ecdf.ed.ac.uk,3,3068
58790808,0.00208,global_1de,lsmallma,r,09/22/2026,10:43:00,eddie@node1h07.ecdf.ed.ac.uk,3,3232
58790808,0.00208,global_1de,lsmallma,r,09/22/2026,09:03:22,eddie@node1j27.ecdf.ed.ac.uk,3,3080
58790808,0.00208,global_1de,lsmallma,r,09/22/2026,09:05:17,eddie@node1f09.ecdf.ed.ac.uk,3,3082
58790808,0.00208,global_1de,lsmallma,r,09/22/2026,09:00:37,eddie@node1s14.ecdf.ed.ac.uk,3,3074
58790808,0.00208,global_1de,lsmallma,r,09/22/2026,10:42:31,eddie@node1p09.ecdf.ed.ac.uk,3,3231
58790808,0.00208,global_1de,lsmallma,r,09/22/2026,08:55:16,eddie@node1l27.ecdf.ed.ac.uk,3,3066
58790808,0.00208,global_1de,lsmallma,r,09/22/2026,10:41:03,eddie@node1s14.ecdf.ed.ac.uk,3,3230
58790808,0.00208,global_1de,lsmallma,r,09/22/2026,10:40:59,eddie@node1o12.ecdf.ed.ac.uk,3,3229
58982641,0.00208,pso_lisflo,s2207476,r,09/22/2026,12:31:22,eddie@node1n10.ecdf.ed.ac.uk,1
58790808,0.00208,global_1de,lsmallma,r,09/22/2026,08:52:58,eddie@node1m16.ecdf.ed.ac.uk,3,3063
58790808,0.00208,global_1de,lsmallma,r,09/22/2026,08:52:58,eddie@node1r07.ecdf.ed.ac.uk,3,3064
58790808,0.00208,global_1de,lsmallma,r,09/22/2026,10:39:42,eddie@node1j26.ecdf.ed.ac.uk,3,3227
58790808,0.00208,global_1de,lsmallma,r,09/22/2026,10:39:42,eddie@node1k06.ecdf.ed.ac.uk,3,3228
58790808,0.00207,global_1de,lsmallma,r,09/22/2026,08:52:12,eddie@node1h07.ecdf.ed.ac.uk,3,3061
58790808,0.00207,global_1de,lsmallma,r,09/22/2026,10:38:27,eddie@node1h16.ecdf.ed.ac.uk,3,3225
58790808,0.00207,global_1de,lsmallma,r,09/22/2026,10:37:52,eddie@node1l27.ecdf.ed.ac.uk,3,3224
58790808,0.00207,global_1de,lsmallma,r,09/22/2026,08:50:58,eddie@node1o13.ecdf.ed.ac.uk,3,3058
58790808,0.00207,global_1de,lsmallma,r,09/22/2026,08:50:58,eddie@node1h15.ecdf.ed.ac.uk,3,3059
58790808,0.00207,global_1de,lsmallma,r,09/22/2026,08:50:27,eddie@node1o03.ecdf.ed.ac.uk,3,3057
58790808,0.00207,global_1de,lsmallma,r,09/22/2026,08:50:12,eddie@node1o07.ecdf.ed.ac.uk,3,3056
58790808,0.00207,global_1de,lsmallma,r,09/22/2026,08:49:57,eddie@node1j25.ecdf.ed.ac.uk,3,3055
58790808,0.00207,global_1de,lsmallma,r,09/22/2026,08:51:12,eddie@node1h11.ecdf.ed.ac.uk,3,3060
58790808,0.00207,global_1de,lsmallma,r,09/22/2026,10:36:01,eddie@node1m07.ecdf.ed.ac.uk,3,3223
58790808,0.00207,global_1de,lsmallma,r,09/22/2026,08:48:59,eddie@node1f09.ecdf.ed.ac.uk,3,3054
58790808,0.00207,global_1de,lsmallma,r,09/22/2026,10:34:58,eddie@node1k09.ecdf.ed.ac.uk,3,3221
58790808,0.00207,global_1de,lsmallma,r,09/22/2026,10:34:37,eddie@node1m15.ecdf.ed.ac.uk,3,3220
58790808,0.00207,global_1de,lsmallma,r,09/22/2026,10:34:13,eddie@node1o13.ecdf.ed.ac.uk,3,3218
58790808,0.00207,global_1de,lsmallma,r,09/22/2026,10:33:37,eddie@node1l01.ecdf.ed.ac.uk,3,3217
58790808,0.00207,global_1de,lsmallma,r,09/22/2026,10:33:23,eddie@node1h05.ecdf.ed.ac.uk,3,3216
58790808,0.00207,global_1de,lsmallma,r,09/22/2026,10:33:09,eddie@node1h11.ecdf.ed.ac.uk,3,3215
58790808,0.00207,global_1de,lsmallma,r,09/22/2026,08:46:27,eddie@node1h15.ecdf.ed.ac.uk,3,3053
58790808,0.00206,global_1de,lsmallma,r,09/22/2026,10:31:57,eddie@node1o09.ecdf.ed.ac.uk,3,3214
58790808,0.00206,global_1de,lsmallma,r,09/22/2026,08:45:42,eddie@node1l06.ecdf.ed.ac.uk,3,3052
58790808,0.00206,global_1de,lsmallma,r,09/22/2026,10:31:50,eddie@node1r09.ecdf.ed.ac.uk,3,3213
58790808,0.00206,global_1de,lsmallma,r,09/22/2026,10:31:01,eddie@node1s13.ecdf.ed.ac.uk,3,3211
58790808,0.00206,global_1de,lsmallma,r,09/22/2026,10:31:01,eddie@node1r08.ecdf.ed.ac.uk,3,3212
58790808,0.00206,global_1de,lsmallma,r,09/22/2026,10:30:36,eddie@node1h07.ecdf.ed.ac.uk,3,3210
58790808,0.00206,global_1de,lsmallma,r,09/22/2026,08:43:42,eddie@node1h04.ecdf.ed.ac.uk,3,3050
58790808,0.00206,global_1de,lsmallma,r,09/22/2026,08:43:42,eddie@node1m01.ecdf.ed.ac.uk,3,3051
58790808,0.00206,global_1de,lsmallma,r,09/22/2026,10:29:19,eddie@node1f08.ecdf.ed.ac.uk,3,3208
58790808,0.00206,global_1de,lsmallma,r,09/22/2026,10:29:34,eddie@node1j22.ecdf.ed.ac.uk,3,3209
58790808,0.00206,global_1de,lsmallma,r,09/22/2026,10:28:52,eddie@node1m16.ecdf.ed.ac.uk,3,3207
58972080,0.00206,QLOGIN,s2746072,r,09/22/2026,11:06:34,eddie@node1i23.ecdf.ed.ac.uk,1
58790808,0.00206,global_1de,lsmallma,r,09/22/2026,10:28:33,eddie@node1j22.ecdf.ed.ac.uk,3,3206
58790808,0.00206,global_1de,lsmallma,r,09/22/2026,08:41:46,eddie@node1j25.ecdf.ed.ac.uk,3,3048
58790808,0.00206,global_1de,lsmallma,r,09/22/2026,10:27:22,eddie@node1h06.ecdf.ed.ac.uk,3,3205
58790808,0.00206,global_1de,lsmallma,r,09/22/2026,08:40:46,eddie@node1p09.ecdf.ed.ac.uk,3,3045
58790808,0.00206,global_1de,lsmallma,r,09/22/2026,08:40:46,eddie@node1h05.ecdf.ed.ac.uk,3,3046
58790808,0.00206,global_1de,lsmallma,r,09/22/2026,10:27:08,eddie@node1m13.ecdf.ed.ac.uk,3,3204
58790808,0.00206,global_1de,lsmallma,r,09/22/2026,08:41:16,eddie@node1m16.ecdf.ed.ac.uk,3,3047
58790808,0.00205,global_1de,lsmallma,r,09/22/2026,08:40:32,eddie@node1m13.ecdf.ed.ac.uk,3,3044
58790808,0.00205,global_1de,lsmallma,r,09/22/2026,10:25:17,eddie@node1s13.ecdf.ed.ac.uk,3,3203
58790808,0.00205,global_1de,lsmallma,r,09/22/2026,08:38:53,eddie@node1h22.ecdf.ed.ac.uk,3,3041
58790808,0.00205,global_1de,lsmallma,r,09/22/2026,08:38:23,eddie@node1o14.ecdf.ed.ac.uk,3,3039
58790808,0.00205,global_1de,lsmallma,r,09/22/2026,10:24:33,eddie@node1o07.ecdf.ed.ac.uk,3,3202
58790808,0.00205,global_1de,lsmallma,r,09/22/2026,10:24:17,eddie@node1h14.ecdf.ed.ac.uk,3,3201
58790808,0.00205,global_1de,lsmallma,r,09/22/2026,10:23:12,eddie@node1o11.ecdf.ed.ac.uk,3,3200
58790808,0.00205,global_1de,lsmallma,r,09/22/2026,08:36:40,eddie@node1l23.ecdf.ed.ac.uk,3,3035
58790808,0.00205,global_1de,lsmallma,r,09/22/2026,08:35:54,eddie@node1h21.ecdf.ed.ac.uk,3,3032
58790808,0.00205,global_1de,lsmallma,r,09/22/2026,08:35:54,eddie@node1m13.ecdf.ed.ac.uk,3,3033
58790808,0.00205,global_1de,lsmallma,r,09/22/2026,10:21:28,eddie@node1o12.ecdf.ed.ac.uk,3,3199
58790808,0.00205,global_1de,lsmallma,r,09/22/2026,08:35:23,eddie@node1h21.ecdf.ed.ac.uk,3,3031
58790808,0.00205,global_1de,lsmallma,r,09/22/2026,10:21:14,eddie@node1s19.ecdf.ed.ac.uk,3,3198
58790808,0.00205,global_1de,lsmallma,r,09/22/2026,10:20:06,eddie@node1o12.ecdf.ed.ac.uk,3,3197
58790808,0.00204,global_1de,lsmallma,r,09/22/2026,10:19:22,eddie@node1h13.ecdf.ed.ac.uk,3,3196
58790808,0.00204,global_1de,lsmallma,r,09/22/2026,10:19:07,eddie@node1h13.ecdf.ed.ac.uk,3,3195
58982739,0.00204,QLOGIN,gkudla1,r,09/22/2026,12:55:04,staging@node1f14.ecdf.ed.ac.uk,1
58790808,0.00204,global_1de,lsmallma,r,09/22/2026,08:30:54,eddie@node1f07.ecdf.ed.ac.uk,3,3022
58790808,0.00204,global_1de,lsmallma,r,09/22/2026,10:16:17,eddie@node1p09.ecdf.ed.ac.uk,3,3194
58790808,0.00204,global_1de,lsmallma,r,09/22/2026,08:30:38,eddie@node1r20.ecdf.ed.ac.uk,3,3021
58790808,0.00204,global_1de,lsmallma,r,09/22/2026,08:29:08,eddie@node1m13.ecdf.ed.ac.uk,3,3018
58790808,0.00204,global_1de,lsmallma,r,09/22/2026,10:15:47,eddie@node1o05.ecdf.ed.ac.uk,3,3192
58790808,0.00204,global_1de,lsmallma,r,09/22/2026,10:16:02,eddie@node1j26.ecdf.ed.ac.uk,3,3193
58790808,0.00204,global_1de,lsmallma,r,09/22/2026,10:14:32,eddie@node1s18.ecdf.ed.ac.uk,3,3190
58790808,0.00204,global_1de,lsmallma,r,09/22/2026,10:14:02,eddie@node1h24.ecdf.ed.ac.uk,3,3188
58790808,0.00204,global_1de,lsmallma,r,09/22/2026,10:14:02,eddie@node1s15.ecdf.ed.ac.uk,3,3189
58790808,0.00204,global_1de,lsmallma,r,09/22/2026,08:26:53,eddie@node1h09.ecdf.ed.ac.uk,3,3015
58655621,0.00204,runlisfloo,awilso19,r,09/16/2026,11:50:10,eddie@node1n05.ecdf.ed.ac.uk,1,5107
58655621,0.00204,runlisfloo,awilso19,r,09/16/2026,11:50:10,eddie@node1n05.ecdf.ed.ac.uk,1,5108
58790808,0.00204,global_1de,lsmallma,r,09/22/2026,10:13:02,eddie@node1m16.ecdf.ed.ac.uk,3,3187
58790808,0.00203,global_1de,lsmallma,r,09/22/2026,10:12:17,eddie@node1l25.ecdf.ed.ac.uk,3,3184
58790808,0.00203,global_1de,lsmallma,r,09/22/2026,10:12:17,eddie@node1h11.ecdf.ed.ac.uk,3,3185
58790808,0.00203,global_1de,lsmallma,r,09/22/2026,10:12:47,eddie@node1s15.ecdf.ed.ac.uk,3,3186
58790808,0.00203,global_1de,lsmallma,r,09/22/2026,08:25:38,eddie@node1m15.ecdf.ed.ac.uk,3,3010
58790808,0.00203,global_1de,lsmallma,r,09/22/2026,08:25:38,eddie@node1m15.ecdf.ed.ac.uk,3,3011
58790808,0.00203,global_1de,lsmallma,r,09/22/2026,10:11:47,eddie@node1m16.ecdf.ed.ac.uk,3,3183
58790808,0.00203,global_1de,lsmallma,r,09/22/2026,10:11:17,eddie@node1m16.ecdf.ed.ac.uk,3,3181
58790808,0.00203,global_1de,lsmallma,r,09/22/2026,10:11:17,eddie@node1s15.ecdf.ed.ac.uk,3,3182
58790808,0.00203,global_1de,lsmallma,r,09/22/2026,08:24:08,eddie@node1m15.ecdf.ed.ac.uk,3,3009
58790808,0.00203,global_1de,lsmallma,r,09/22/2026,08:23:08,eddie@node1h21.ecdf.ed.ac.uk,3,3004
58790808,0.00203,global_1de,lsmallma,r,09/22/2026,08:23:08,eddie@node1o12.ecdf.ed.ac.uk,3,3005
58790808,0.00203,global_1de,lsmallma,r,09/22/2026,08:22:53,eddie@node1o10.ecdf.ed.ac.uk,3,3003
58790808,0.00203,global_1de,lsmallma,r,09/22/2026,08:21:55,eddie@node1o13.ecdf.ed.ac.uk,3,3002
57902535,0.00203,QLOGIN,crobert,r,08/26/2026,13:48:38,eddie@node1i22.ecdf.ed.ac.uk,1
58978910,0.00203,QLOGIN,s2753460,r,09/22/2026,12:02:03,staging@node1f17.ecdf.ed.ac.uk,1
58790808,0.00203,global_1de,lsmallma,r,09/22/2026,10:06:27,eddie@node1h09.ecdf.ed.ac.uk,3,3176
58790808,0.00202,global_1de,lsmallma,r,09/22/2026,08:18:24,eddie@node1j25.ecdf.ed.ac.uk,3,2996
58790808,0.00202,global_1de,lsmallma,r,09/22/2026,08:18:24,eddie@node1h07.ecdf.ed.ac.uk,3,2997
58790808,0.00202,global_1de,lsmallma,r,09/22/2026,10:04:42,eddie@node1h24.ecdf.ed.ac.uk,3,3175
58790808,0.00202,global_1de,lsmallma,r,09/22/2026,10:03:27,eddie@node1o07.ecdf.ed.ac.uk,3,3174
58791112,0.00202,s22py2,gross33,r,09/21/2026,14:47:58,eddie@node1n02.ecdf.ed.ac.uk,1
58790808,0.00202,global_1de,lsmallma,r,09/22/2026,08:16:10,eddie@node1r06.ecdf.ed.ac.uk,3,2993
58790808,0.00202,global_1de,lsmallma,r,09/22/2026,10:01:42,eddie@node1o07.ecdf.ed.ac.uk,3,3173
58655621,0.00202,runlisfloo,awilso19,r,09/16/2026,11:38:40,eddie@node1n03.ecdf.ed.ac.uk,1,5101
58655621,0.00202,runlisfloo,awilso19,r,09/16/2026,11:38:40,eddie@node1n03.ecdf.ed.ac.uk,1,5102
58655621,0.00202,runlisfloo,awilso19,r,09/16/2026,11:38:40,eddie@node1n03.ecdf.ed.ac.uk,1,5103
58655621,0.00202,runlisfloo,awilso19,r,09/16/2026,11:38:40,eddie@node1n03.ecdf.ed.ac.uk,1,5104
58655621,0.00202,runlisfloo,awilso19,r,09/16/2026,11:38:40,eddie@node1n03.ecdf.ed.ac.uk,1,5105
58655621,0.00202,runlisfloo,awilso19,r,09/16/2026,11:38:40,eddie@node1n03.ecdf.ed.ac.uk,1,5106
58790808,0.00202,global_1de,lsmallma,r,09/22/2026,10:01:12,eddie@node1n02.ecdf.ed.ac.uk,3,3172
58790808,0.00202,global_1de,lsmallma,r,09/22/2026,10:00:42,eddie@node1h15.ecdf.ed.ac.uk,3,3170
58790808,0.00202,global_1de,lsmallma,r,09/22/2026,10:00:42,eddie@node1j26.ecdf.ed.ac.uk,3,3171
58790808,0.00202,global_1de,lsmallma,r,09/22/2026,08:14:09,eddie@node1r18.ecdf.ed.ac.uk,3,2988
58790808,0.00202,global_1de,lsmallma,r,09/22/2026,08:14:55,eddie@node1r18.ecdf.ed.ac.uk,3,2989
58790808,0.00201,global_1de,lsmallma,r,09/22/2026,09:56:57,eddie@node1s15.ecdf.ed.ac.uk,3,3163
58790808,0.00201,global_1de,lsmallma,r,09/22/2026,09:56:42,eddie@node1h15.ecdf.ed.ac.uk,3,3162
58790808,0.00201,global_1de,lsmallma,r,09/22/2026,08:10:39,eddie@node1s17.ecdf.ed.ac.uk,3,2982
58790808,0.00201,global_1de,lsmallma,r,09/22/2026,08:10:54,eddie@node1s16.ecdf.ed.ac.uk,3,2983
58982759,0.00201,QLOGIN,rmcneil3,r,09/22/2026,13:02:24,igmm_long@node1h02.ecdf.ed.ac.,1
58790808,0.00201,global_1de,lsmallma,r,09/22/2026,09:55:42,eddie@node1l23.ecdf.ed.ac.uk,3,3161
58790808,0.00201,global_1de,lsmallma,r,09/22/2026,09:54:42,eddie@node1l23.ecdf.ed.ac.uk,3,3160
58824010,0.00201,g16a_ccl3_,s2759967,r,09/21/2026,22:05:26,eddie@node1s13.ecdf.ed.ac.uk,8
58790808,0.00201,global_1de,lsmallma,r,09/22/2026,08:06:54,eddie@node1l27.ecdf.ed.ac.uk,3,2976
58790808,0.00201,global_1de,lsmallma,r,09/22/2026,08:06:54,eddie@node1r06.ecdf.ed.ac.uk,3,2977
58790808,0.00200,global_1de,lsmallma,r,09/22/2026,08:07:09,eddie@node1m13.ecdf.ed.ac.uk,3,2978
58793399,0.00200,light_work,ddunica2,r,09/21/2026,16:54:48,eddie@node1j15.ecdf.ed.ac.uk,1
58790808,0.00200,global_1de,lsmallma,r,09/22/2026,08:05:09,eddie@node1h12.ecdf.ed.ac.uk,3,2971
58790808,0.00200,global_1de,lsmallma,r,09/22/2026,08:05:09,eddie@node1h22.ecdf.ed.ac.uk,3,2972
58790808,0.00200,global_1de,lsmallma,r,09/22/2026,08:05:24,eddie@node1o11.ecdf.ed.ac.uk,3,2973
58790808,0.00200,global_1de,lsmallma,r,09/22/2026,08:05:54,eddie@node1h12.ecdf.ed.ac.uk,3,2974
58790808,0.00200,global_1de,lsmallma,r,09/22/2026,08:06:24,eddie@node1m16.ecdf.ed.ac.uk,3,2975
58790808,0.00200,global_1de,lsmallma,r,09/22/2026,08:04:24,eddie@node1h12.ecdf.ed.ac.uk,3,2969
58790808,0.00200,global_1de,lsmallma,r,09/22/2026,09:50:04,eddie@node1i16.ecdf.ed.ac.uk,3,3155
58790808,0.00200,global_1de,lsmallma,r,09/22/2026,09:50:19,eddie@node1h15.ecdf.ed.ac.uk,3,3156
58790808,0.00200,global_1de,lsmallma,r,09/22/2026,09:48:49,eddie@node1h09.ecdf.ed.ac.uk,3,3153
58790808,0.00200,global_1de,lsmallma,r,09/22/2026,08:03:09,eddie@node1m16.ecdf.ed.ac.uk,3,2967
58790808,0.00200,global_1de,lsmallma,r,09/22/2026,09:47:34,eddie@node1j27.ecdf.ed.ac.uk,3,3150
58790808,0.00200,global_1de,lsmallma,r,09/22/2026,08:01:24,eddie@node1h22.ecdf.ed.ac.uk,3,2966
58790808,0.00200,global_1de,lsmallma,r,09/22/2026,09:47:19,eddie@node1r16.ecdf.ed.ac.uk,3,3148
58790808,0.00199,global_1de,lsmallma,r,09/22/2026,09:45:49,eddie@node1h07.ecdf.ed.ac.uk,3,3145
58790808,0.00199,global_1de,lsmallma,r,09/22/2026,09:45:49,eddie@node1j25.ecdf.ed.ac.uk,3,3146
58982770,0.00199,QLOGIN,s2344995,r,09/22/2026,13:03:51,eddie@node1i23.ecdf.ed.ac.uk,1
58790808,0.00199,global_1de,lsmallma,r,09/22/2026,07:58:39,eddie@node1r18.ecdf.ed.ac.uk,3,2963
58982942,0.00199,sim-events,jprentic,r,09/22/2026,13:40:41,eddie@node1t01.ecdf.ed.ac.uk,16,6
58790808,0.00199,global_1de,lsmallma,r,09/22/2026,09:44:17,eddie@node1l27.ecdf.ed.ac.uk,3,3140
58790808,0.00199,global_1de,lsmallma,r,09/22/2026,07:58:24,eddie@node1h15.ecdf.ed.ac.uk,3,2962
58790808,0.00199,global_1de,lsmallma,r,09/22/2026,09:42:47,eddie@node1f07.ecdf.ed.ac.uk,3,3139
58790808,0.00199,global_1de,lsmallma,r,09/22/2026,09:42:32,eddie@node1k09.ecdf.ed.ac.uk,3,3138
58790808,0.00199,global_1de,lsmallma,r,09/22/2026,07:55:39,eddie@node1j26.ecdf.ed.ac.uk,3,2957
58790808,0.00199,global_1de,lsmallma,r,09/22/2026,09:41:47,eddie@node1j25.ecdf.ed.ac.uk,3,3137
58790808,0.00199,global_1de,lsmallma,r,09/22/2026,09:41:32,eddie@node1o13.ecdf.ed.ac.uk,3,3136
58790808,0.00199,global_1de,lsmallma,r,09/22/2026,07:54:55,eddie@node1o03.ecdf.ed.ac.uk,3,2956
58790808,0.00199,global_1de,lsmallma,r,09/22/2026,09:40:17,eddie@node1k09.ecdf.ed.ac.uk,3,3135
58790808,0.00199,global_1de,lsmallma,r,09/22/2026,07:54:09,eddie@node1j26.ecdf.ed.ac.uk,3,2954
58790808,0.00199,global_1de,lsmallma,r,09/22/2026,07:54:24,eddie@node1o14.ecdf.ed.ac.uk,3,2955
58790808,0.00199,global_1de,lsmallma,r,09/22/2026,07:53:39,eddie@node1j26.ecdf.ed.ac.uk,3,2952
58790808,0.00198,global_1de,lsmallma,r,09/22/2026,09:39:50,eddie@node1h23.ecdf.ed.ac.uk,3,3134
58790808,0.00198,global_1de,lsmallma,r,09/22/2026,09:38:35,eddie@node1m13.ecdf.ed.ac.uk,3,3132
58790808,0.00198,global_1de,lsmallma,r,09/22/2026,07:52:24,eddie@node1r18.ecdf.ed.ac.uk,3,2950
58790808,0.00198,global_1de,lsmallma,r,09/22/2026,09:37:50,eddie@node1o07.ecdf.ed.ac.uk,3,3131
58790808,0.00198,global_1de,lsmallma,r,09/22/2026,07:51:54,eddie@node1h24.ecdf.ed.ac.uk,3,2949
58790808,0.00198,global_1de,lsmallma,r,09/22/2026,09:36:26,eddie@node1j27.ecdf.ed.ac.uk,3,3129
58790808,0.00198,global_1de,lsmallma,r,09/22/2026,09:36:41,eddie@node1j28.ecdf.ed.ac.uk,3,3130
58790808,0.00198,global_1de,lsmallma,r,09/22/2026,07:50:10,eddie@node1h04.ecdf.ed.ac.uk,3,2945
58790808,0.00198,global_1de,lsmallma,r,09/22/2026,09:34:56,eddie@node1m13.ecdf.ed.ac.uk,3,3127
58790808,0.00198,global_1de,lsmallma,r,09/22/2026,09:35:41,eddie@node1r06.ecdf.ed.ac.uk,3,3128
58790808,0.00198,global_1de,lsmallma,r,09/22/2026,09:34:08,eddie@node1f08.ecdf.ed.ac.uk,3,3126
58655621,0.00197,runlisfloo,awilso19,r,09/16/2026,11:10:45,eddie@node1n04.ecdf.ed.ac.uk,1,5097
58655621,0.00197,runlisfloo,awilso19,r,09/16/2026,11:10:45,eddie@node1n04.ecdf.ed.ac.uk,1,5098
58655621,0.00197,runlisfloo,awilso19,r,09/16/2026,11:10:45,eddie@node1n04.ecdf.ed.ac.uk,1,5099
58655621,0.00197,runlisfloo,awilso19,r,09/16/2026,11:10:45,eddie@node1n04.ecdf.ed.ac.uk,1,5100
58790808,0.00197,global_1de,lsmallma,r,09/22/2026,07:46:09,eddie@node1r18.ecdf.ed.ac.uk,3,2943
58790808,0.00197,global_1de,lsmallma,r,09/22/2026,07:44:54,eddie@node1s15.ecdf.ed.ac.uk,3,2940
58790808,0.00197,global_1de,lsmallma,r,09/22/2026,07:45:09,eddie@node1m15.ecdf.ed.ac.uk,3,2941
58790808,0.00197,global_1de,lsmallma,r,09/22/2026,07:43:09,eddie@node1h06.ecdf.ed.ac.uk,3,2938
58790808,0.00197,global_1de,lsmallma,r,09/22/2026,09:28:23,eddie@node1s18.ecdf.ed.ac.uk,3,3119
58790808,0.00197,global_1de,lsmallma,r,09/22/2026,09:28:23,eddie@node1p09.ecdf.ed.ac.uk,3,3120
58790808,0.00197,global_1de,lsmallma,r,09/22/2026,09:30:53,eddie@node1m13.ecdf.ed.ac.uk,3,3124
58790808,0.00197,global_1de,lsmallma,r,09/22/2026,09:29:08,eddie@node1o12.ecdf.ed.ac.uk,3,3122
58790808,0.00197,global_1de,lsmallma,r,09/22/2026,09:28:38,eddie@node1l23.ecdf.ed.ac.uk,3,3121
58790808,0.00197,global_1de,lsmallma,r,09/22/2026,09:29:23,eddie@node1r15.ecdf.ed.ac.uk,3,3123
58790808,0.00197,global_1de,lsmallma,r,09/22/2026,09:32:53,eddie@node1o11.ecdf.ed.ac.uk,3,3125
58790808,0.00197,global_1de,lsmallma,r,09/22/2026,07:41:24,eddie@node1h04.ecdf.ed.ac.uk,3,2935
58790808,0.00197,global_1de,lsmallma,r,09/22/2026,07:40:54,eddie@node1o11.ecdf.ed.ac.uk,3,2933
58790808,0.00197,global_1de,lsmallma,r,09/22/2026,09:28:02,eddie@node1o03.ecdf.ed.ac.uk,3,3117
58790808,0.00197,global_1de,lsmallma,r,09/22/2026,09:28:02,eddie@node1m21.ecdf.ed.ac.uk,3,3118
58790808,0.00197,global_1de,lsmallma,r,09/22/2026,09:27:47,eddie@node1r17.ecdf.ed.ac.uk,3,3116
58790808,0.00197,global_1de,lsmallma,r,09/22/2026,09:26:47,eddie@node1r17.ecdf.ed.ac.uk,3,3114
58790808,0.00197,global_1de,lsmallma,r,09/22/2026,09:27:17,eddie@node1r17.ecdf.ed.ac.uk,3,3115
58790808,0.00196,global_1de,lsmallma,r,09/22/2026,09:26:32,eddie@node1r17.ecdf.ed.ac.uk,3,3113
58790808,0.00196,global_1de,lsmallma,r,09/22/2026,09:26:17,eddie@node1r14.ecdf.ed.ac.uk,3,3112
58790808,0.00196,global_1de,lsmallma,r,09/22/2026,09:26:02,eddie@node1o09.ecdf.ed.ac.uk,3,3111
58790808,0.00196,global_1de,lsmallma,r,09/22/2026,07:38:54,eddie@node1o03.ecdf.ed.ac.uk,3,2930
58790808,0.00196,global_1de,lsmallma,r,09/22/2026,07:38:54,eddie@node1h23.ecdf.ed.ac.uk,3,2931
58982815,0.00196,runlisfloo,asiripat,r,09/22/2026,13:13:32,eddie@node1n05.ecdf.ed.ac.uk,1,1
58790808,0.00196,global_1de,lsmallma,r,09/22/2026,07:38:09,eddie@node1s17.ecdf.ed.ac.uk,3,2928
58790808,0.00196,global_1de,lsmallma,r,09/22/2026,07:38:09,eddie@node1s19.ecdf.ed.ac.uk,3,2929
58790808,0.00196,global_1de,lsmallma,r,09/22/2026,09:23:48,eddie@node1o10.ecdf.ed.ac.uk,3,3107
58790808,0.00196,global_1de,lsmallma,r,09/22/2026,09:25:16,eddie@node1h06.ecdf.ed.ac.uk,3,3109
58790808,0.00196,global_1de,lsmallma,r,09/22/2026,09:25:31,eddie@node1h21.ecdf.ed.ac.uk,3,3110
58790808,0.00196,global_1de,lsmallma,r,09/22/2026,07:37:39,eddie@node1s19.ecdf.ed.ac.uk,3,2927
58790808,0.00196,global_1de,lsmallma,r,09/22/2026,07:35:09,eddie@node1h16.ecdf.ed.ac.uk,3,2920
58790808,0.00196,global_1de,lsmallma,r,09/22/2026,07:35:09,eddie@node1s19.ecdf.ed.ac.uk,3,2921
58655621,0.00195,runlisfloo,awilso19,r,09/16/2026,10:57:52,eddie@node1n06.ecdf.ed.ac.uk,1,5094
58655621,0.00195,runlisfloo,awilso19,r,09/16/2026,10:57:52,eddie@node1n06.ecdf.ed.ac.uk,1,5095
58655621,0.00195,runlisfloo,awilso19,r,09/16/2026,10:57:52,eddie@node1n06.ecdf.ed.ac.uk,1,5096
58790808,0.00195,global_1de,lsmallma,r,09/22/2026,07:33:24,eddie@node1o11.ecdf.ed.ac.uk,3,2917
58790808,0.00195,global_1de,lsmallma,r,09/22/2026,07:33:24,eddie@node1h15.ecdf.ed.ac.uk,3,2918
58790808,0.00195,global_1de,lsmallma,r,09/22/2026,07:33:24,eddie@node1o12.ecdf.ed.ac.uk,3,2919
58790808,0.00195,global_1de,lsmallma,r,09/22/2026,09:19:47,eddie@node1h08.ecdf.ed.ac.uk,3,3102
58790808,0.00195,global_1de,lsmallma,r,09/22/2026,09:19:32,eddie@node1r18.ecdf.ed.ac.uk,3,3101
58790808,0.00195,global_1de,lsmallma,r,09/22/2026,07:29:09,eddie@node1h09.ecdf.ed.ac.uk,3,2908
58790808,0.00195,global_1de,lsmallma,r,09/22/2026,07:28:54,eddie@node1o09.ecdf.ed.ac.uk,3,2907
58790808,0.00194,global_1de,lsmallma,r,09/22/2026,07:26:24,eddie@node1l25.ecdf.ed.ac.uk,3,2904
58790808,0.00194,global_1de,lsmallma,r,09/22/2026,07:23:24,eddie@node1o09.ecdf.ed.ac.uk,3,2900
58790808,0.00194,global_1de,lsmallma,r,09/22/2026,07:23:24,eddie@node1o09.ecdf.ed.ac.uk,3,2901
58790808,0.00194,global_1de,lsmallma,r,09/22/2026,07:22:24,eddie@node1i02.ecdf.ed.ac.uk,3,2898
58790808,0.00194,global_1de,lsmallma,r,09/22/2026,07:23:09,eddie@node1o03.ecdf.ed.ac.uk,3,2899
58790808,0.00193,global_1de,lsmallma,r,09/22/2026,07:19:54,eddie@node1o09.ecdf.ed.ac.uk,3,2893
58790808,0.00193,global_1de,lsmallma,r,09/22/2026,07:19:54,eddie@node1h21.ecdf.ed.ac.uk,3,2894
58982919,0.00193,calibKaia,s1713176,r,09/22/2026,13:33:26,eddie@node1k08.ecdf.ed.ac.uk,1
58790808,0.00193,global_1de,lsmallma,r,09/22/2026,07:17:09,eddie@node1h21.ecdf.ed.ac.uk,3,2891
58790808,0.00193,global_1de,lsmallma,r,09/22/2026,07:17:09,eddie@node1r09.ecdf.ed.ac.uk,3,2892
58790808,0.00193,global_1de,lsmallma,r,09/22/2026,07:20:24,eddie@node1r09.ecdf.ed.ac.uk,3,2896
58790808,0.00192,global_1de,lsmallma,r,09/22/2026,07:15:54,eddie@node1r09.ecdf.ed.ac.uk,3,2890
58790808,0.00192,global_1de,lsmallma,r,09/22/2026,07:25:54,eddie@node1o09.ecdf.ed.ac.uk,3,2903
58790808,0.00192,global_1de,lsmallma,r,09/22/2026,07:20:54,eddie@node1o07.ecdf.ed.ac.uk,3,2897
58790808,0.00192,global_1de,lsmallma,r,09/22/2026,07:12:24,eddie@node1o14.ecdf.ed.ac.uk,3,2889
58790808,0.00192,global_1de,lsmallma,r,09/22/2026,07:08:54,eddie@node1j21.ecdf.ed.ac.uk,3,2884
58790808,0.00192,global_1de,lsmallma,r,09/22/2026,07:09:24,eddie@node1k05.ecdf.ed.ac.uk,3,2886
58655621,0.00191,runlisfloo,awilso19,r,09/16/2026,10:31:52,eddie@node1n07.ecdf.ed.ac.uk,1,5093
58790808,0.00191,global_1de,lsmallma,r,09/22/2026,07:05:39,eddie@node1r06.ecdf.ed.ac.uk,3,2879
58790808,0.00191,global_1de,lsmallma,r,09/22/2026,07:02:39,eddie@node1m14.ecdf.ed.ac.uk,3,2870
58959712,0.00190,check,s2745005,r,09/22/2026,10:18:03,eddie@node1q03.ecdf.ed.ac.uk,10
58982942,0.00190,sim-events,jprentic,r,09/22/2026,13:40:41,eddie@node1t01.ecdf.ed.ac.uk,16,7
58982842,0.00190,QLOGIN,s2756346,r,09/22/2026,13:20:07,gpu@node1o15.ecdf.ed.ac.uk,1
58790808,0.00190,global_1de,lsmallma,r,09/22/2026,06:58:54,eddie@node1s14.ecdf.ed.ac.uk,3,2864
58790808,0.00190,global_1de,lsmallma,r,09/22/2026,06:58:54,eddie@node1r07.ecdf.ed.ac.uk,3,2865
58790808,0.00190,global_1de,lsmallma,r,09/22/2026,06:58:39,eddie@node1r18.ecdf.ed.ac.uk,3,2861
58790808,0.00190,global_1de,lsmallma,r,09/22/2026,06:56:40,eddie@node1r07.ecdf.ed.ac.uk,3,2856
58940550,0.00190,L4T2128R1x,apikelne,r,09/22/2026,13:52:49,eddie@node1q06.ecdf.ed.ac.uk,16
58790808,0.00190,global_1de,lsmallma,r,09/22/2026,06:54:54,eddie@node1o11.ecdf.ed.ac.uk,3,2853
58790808,0.00190,global_1de,lsmallma,r,09/22/2026,06:54:39,eddie@node1h10.ecdf.ed.ac.uk,3,2852
58790808,0.00189,global_1de,lsmallma,r,09/22/2026,06:54:09,eddie@node1o11.ecdf.ed.ac.uk,3,2851
58655621,0.00189,runlisfloo,awilso19,r,09/16/2026,10:18:10,eddie@node1n03.ecdf.ed.ac.uk,1,5090
58655621,0.00189,runlisfloo,awilso19,r,09/16/2026,10:18:10,eddie@node1n03.ecdf.ed.ac.uk,1,5091
58655621,0.00189,runlisfloo,awilso19,r,09/16/2026,10:18:10,eddie@node1n03.ecdf.ed.ac.uk,1,5092
58790808,0.00189,global_1de,lsmallma,r,09/22/2026,06:50:54,eddie@node1h10.ecdf.ed.ac.uk,3,2848
58790808,0.00189,global_1de,lsmallma,r,09/22/2026,06:51:10,eddie@node1h10.ecdf.ed.ac.uk,3,2849
58982899,0.00189,QLOGIN,swilkins,r,09/22/2026,13:26:49,igmm_long@node1h02.ecdf.ed.ac.,1
58982903,0.00189,control_ve,amarti5,r,09/22/2026,13:27:41,eddie@node1o10.ecdf.ed.ac.uk,1,1
58790808,0.00188,global_1de,lsmallma,r,09/22/2026,06:47:24,eddie@node1h10.ecdf.ed.ac.uk,3,2846
58655621,0.00188,runlisfloo,awilso19,r,09/16/2026,10:08:10,eddie@node1n02.ecdf.ed.ac.uk,1,5089
58790808,0.00186,global_1de,lsmallma,r,09/22/2026,06:33:54,eddie@node1h21.ecdf.ed.ac.uk,3,2822
58982984,0.00186,calval,s2441782,r,09/22/2026,13:58:47,eddie@node1l07.ecdf.ed.ac.uk,8,3
58790808,0.00186,global_1de,lsmallma,r,09/22/2026,06:31:39,eddie@node1r20.ecdf.ed.ac.uk,3,2820
58790808,0.00186,global_1de,lsmallma,r,09/22/2026,06:30:39,eddie@node1r20.ecdf.ed.ac.uk,3,2818
58972787,0.00186,generate_c,rzhao4,r,09/22/2026,11:16:20,eddie@node1q15.ecdf.ed.ac.uk,10,1
58790808,0.00186,global_1de,lsmallma,r,09/22/2026,06:28:39,eddie@node1j28.ecdf.ed.ac.uk,3,2813
58790808,0.00186,global_1de,lsmallma,r,09/22/2026,06:29:54,eddie@node1r20.ecdf.ed.ac.uk,3,2816
58790808,0.00185,global_1de,lsmallma,r,09/22/2026,06:26:40,eddie@node1r08.ecdf.ed.ac.uk,3,2811
58790808,0.00185,global_1de,lsmallma,r,09/22/2026,06:24:24,eddie@node1s13.ecdf.ed.ac.uk,3,2807
58790808,0.00185,global_1de,lsmallma,r,09/22/2026,06:21:56,eddie@node1s18.ecdf.ed.ac.uk,3,2803
58790808,0.00184,global_1de,lsmallma,r,09/22/2026,06:17:39,eddie@node1j27.ecdf.ed.ac.uk,3,2797
58982942,0.00184,sim-events,jprentic,r,09/22/2026,13:40:41,eddie@node1t01.ecdf.ed.ac.uk,16,8
58790808,0.00182,global_1de,lsmallma,r,09/22/2026,06:07:39,eddie@node1h09.ecdf.ed.ac.uk,3,2777
58940549,0.00182,L4T2128R1x,apikelne,r,09/22/2026,13:13:47,eddie@node1n14.ecdf.ed.ac.uk,16
58983089,0.00182,ipgmres,s2435101,r,09/22/2026,14:13:15,eddie@node1s16.ecdf.ed.ac.uk,1
58940484,0.00182,L4T2128R1x,apikelne,r,09/22/2026,12:50:50,eddie@node1n16.ecdf.ed.ac.uk,16
58940547,0.00182,L4T2128R1x,apikelne,r,09/22/2026,13:11:32,eddie@node1n13.ecdf.ed.ac.uk,16
58940548,0.00182,L4T2128R1x,apikelne,r,09/22/2026,13:12:17,eddie@node1q05.ecdf.ed.ac.uk,16
58940487,0.00182,L4T2128R1x,apikelne,r,09/22/2026,12:51:35,eddie@node1f04.ecdf.ed.ac.uk,16
58940517,0.00182,L4T2128R1x,apikelne,r,09/22/2026,13:05:05,eddie@node1l02.ecdf.ed.ac.uk,16
58940518,0.00182,L4T2128R1x,apikelne,r,09/22/2026,13:05:05,eddie@node1l07.ecdf.ed.ac.uk,16
58940519,0.00182,L4T2128R1x,apikelne,r,09/22/2026,13:05:05,eddie@node1j06.ecdf.ed.ac.uk,16
58940520,0.00182,L4T2128R1x,apikelne,r,09/22/2026,13:05:05,eddie@node1q05.ecdf.ed.ac.uk,16
58940542,0.00181,L4T2128R1x,apikelne,r,09/22/2026,13:09:32,eddie@node1j04.ecdf.ed.ac.uk,16
58940488,0.00181,L4T2128R1x,apikelne,r,09/22/2026,12:51:50,eddie@node1n14.ecdf.ed.ac.uk,16
58790808,0.00181,global_1de,lsmallma,r,09/22/2026,06:00:39,eddie@node1r14.ecdf.ed.ac.uk,3,2765
58940521,0.00181,L4T2128R1x,apikelne,r,09/22/2026,13:05:20,eddie@node1m11.ecdf.ed.ac.uk,16
58940522,0.00181,L4T2128R1x,apikelne,r,09/22/2026,13:05:20,eddie@node1l10.ecdf.ed.ac.uk,16
58940523,0.00181,L4T2128R1x,apikelne,r,09/22/2026,13:05:20,eddie@node1n16.ecdf.ed.ac.uk,16
58940483,0.00181,L4T2128R1x,apikelne,r,09/22/2026,12:49:20,eddie@node1d03.ecdf.ed.ac.uk,16
58940500,0.00181,L4T2128R1x,apikelne,r,09/22/2026,12:58:17,eddie@node1l20.ecdf.ed.ac.uk,16
58940516,0.00181,L4T2128R1x,apikelne,r,09/22/2026,13:04:20,eddie@node1k08.ecdf.ed.ac.uk,16
58940524,0.00181,L4T2128R1x,apikelne,r,09/22/2026,13:05:32,eddie@node1n13.ecdf.ed.ac.uk,16
58940541,0.00181,L4T2128R1x,apikelne,r,09/22/2026,13:09:02,eddie@node1j05.ecdf.ed.ac.uk,16
58940525,0.00181,L4T2128R1x,apikelne,r,09/22/2026,13:05:47,eddie@node1j17.ecdf.ed.ac.uk,16
58940543,0.00181,L4T2128R1x,apikelne,r,09/22/2026,13:09:47,eddie@node1i25.ecdf.ed.ac.uk,16
58940544,0.00181,L4T2128R1x,apikelne,r,09/22/2026,13:10:02,eddie@node1m05.ecdf.ed.ac.uk,16
58940502,0.00181,L4T2128R1x,apikelne,r,09/22/2026,12:58:47,eddie@node1n16.ecdf.ed.ac.uk,16
58940540,0.00181,L4T2128R1x,apikelne,r,09/22/2026,13:08:17,eddie@node1m04.ecdf.ed.ac.uk,16
58940526,0.00181,L4T2128R1x,apikelne,r,09/22/2026,13:06:02,eddie@node1l08.ecdf.ed.ac.uk,16
58940501,0.00181,L4T2128R1x,apikelne,r,09/22/2026,12:58:32,eddie@node1n14.ecdf.ed.ac.uk,16
58940527,0.00181,L4T2128R1x,apikelne,r,09/22/2026,13:06:17,eddie@node1n14.ecdf.ed.ac.uk,16
58940514,0.00181,L4T2128R1x,apikelne,r,09/22/2026,13:02:54,eddie@node1j07.ecdf.ed.ac.uk,16
58940503,0.00181,L4T2128R1x,apikelne,r,09/22/2026,12:59:42,eddie@node1k16.ecdf.ed.ac.uk,16
58940528,0.00181,L4T2128R1x,apikelne,r,09/22/2026,13:06:32,eddie@node1k03.ecdf.ed.ac.uk,16
58940529,0.00181,L4T2128R1x,apikelne,r,09/22/2026,13:06:32,eddie@node1j23.ecdf.ed.ac.uk,16
58790808,0.00181,global_1de,lsmallma,r,09/22/2026,06:00:09,eddie@node1r06.ecdf.ed.ac.uk,3,2763
58940515,0.00181,L4T2128R1x,apikelne,r,09/22/2026,13:03:39,eddie@node1m10.ecdf.ed.ac.uk,16
58940496,0.00181,L4T2128R1x,apikelne,r,09/22/2026,12:55:18,eddie@node1d10.ecdf.ed.ac.uk,16
58940504,0.00181,L4T2128R1x,apikelne,r,09/22/2026,12:59:53,eddie@node1k04.ecdf.ed.ac.uk,16
58940505,0.00181,L4T2128R1x,apikelne,r,09/22/2026,12:59:53,eddie@node1i17.ecdf.ed.ac.uk,16
58940506,0.00181,L4T2128R1x,apikelne,r,09/22/2026,12:59:53,eddie@node1q05.ecdf.ed.ac.uk,16
58940530,0.00181,L4T2128R1x,apikelne,r,09/22/2026,13:06:47,eddie@node1m01.ecdf.ed.ac.uk,16
58940531,0.00181,L4T2128R1x,apikelne,r,09/22/2026,13:06:47,eddie@node1l03.ecdf.ed.ac.uk,16
58940497,0.00181,L4T2128R1x,apikelne,r,09/22/2026,12:55:33,eddie@node1n13.ecdf.ed.ac.uk,16
58940532,0.00181,L4T2128R1x,apikelne,r,09/22/2026,13:07:02,eddie@node1j08.ecdf.ed.ac.uk,16
58940533,0.00181,L4T2128R1x,apikelne,r,09/22/2026,13:07:02,eddie@node1j03.ecdf.ed.ac.uk,16
58940498,0.00181,L4T2128R1x,apikelne,r,09/22/2026,12:56:48,eddie@node1j10.ecdf.ed.ac.uk,16
58940534,0.00181,L4T2128R1x,apikelne,r,09/22/2026,13:07:17,eddie@node1l19.ecdf.ed.ac.uk,16
58940535,0.00181,L4T2128R1x,apikelne,r,09/22/2026,13:07:17,eddie@node1l05.ecdf.ed.ac.uk,16
58940536,0.00181,L4T2128R1x,apikelne,r,09/22/2026,13:07:17,eddie@node1q06.ecdf.ed.ac.uk,16
58940507,0.00181,L4T2128R1x,apikelne,r,09/22/2026,13:00:08,eddie@node1k05.ecdf.ed.ac.uk,16
58940508,0.00181,L4T2128R1x,apikelne,r,09/22/2026,13:00:08,eddie@node1i25.ecdf.ed.ac.uk,16
58940499,0.00181,L4T2128R1x,apikelne,r,09/22/2026,12:57:18,eddie@node1n15.ecdf.ed.ac.uk,16
58940537,0.00181,L4T2128R1x,apikelne,r,09/22/2026,13:07:32,eddie@node1j09.ecdf.ed.ac.uk,16
58940538,0.00181,L4T2128R1x,apikelne,r,09/22/2026,13:07:47,eddie@node1n10.ecdf.ed.ac.uk,16
58940539,0.00181,L4T2128R1x,apikelne,r,09/22/2026,13:07:47,eddie@node1k02.ecdf.ed.ac.uk,16
58940509,0.00181,L4T2128R1x,apikelne,r,09/22/2026,13:01:38,eddie@node1k07.ecdf.ed.ac.uk,16
58790808,0.00181,global_1de,lsmallma,r,09/22/2026,05:56:55,eddie@node1s15.ecdf.ed.ac.uk,3,2758
58940510,0.00181,L4T2128R1x,apikelne,r,09/22/2026,13:01:53,eddie@node1j01.ecdf.ed.ac.uk,16
58940511,0.00181,L4T2128R1x,apikelne,r,09/22/2026,13:02:08,eddie@node1m06.ecdf.ed.ac.uk,16
58940512,0.00181,L4T2128R1x,apikelne,r,09/22/2026,13:02:23,eddie@node1l09.ecdf.ed.ac.uk,16
58940513,0.00181,L4T2128R1x,apikelne,r,09/22/2026,13:02:23,eddie@node1k01.ecdf.ed.ac.uk,16
58790808,0.00180,global_1de,lsmallma,r,09/22/2026,05:53:39,eddie@node1l01.ecdf.ed.ac.uk,3,2751
58790808,0.00180,global_1de,lsmallma,r,09/22/2026,05:52:39,eddie@node1s15.ecdf.ed.ac.uk,3,2749
58940485,0.00180,L4T2128R1x,apikelne,r,09/22/2026,12:51:05,eddie@node1n15.ecdf.ed.ac.uk,16
58940486,0.00180,L4T2128R1x,apikelne,r,09/22/2026,12:51:05,eddie@node1q05.ecdf.ed.ac.uk,16
58655621,0.00180,runlisfloo,awilso19,r,09/16/2026,09:19:22,eddie@node1n01.ecdf.ed.ac.uk,1,5088
58825928,0.00180,L4T2128R1x,apikelne,r,09/21/2026,23:30:27,eddie@node1n16.ecdf.ed.ac.uk,16
58826130,0.00180,f26-tilt30,dhosking,r,09/21/2026,23:22:59,gpu@node1o01.ecdf.ed.ac.uk,8
58940489,0.00180,L4T2128R1x,apikelne,r,09/22/2026,12:52:50,eddie@node1e06.ecdf.ed.ac.uk,16
58940490,0.00180,L4T2128R1x,apikelne,r,09/22/2026,12:53:20,eddie@node1q06.ecdf.ed.ac.uk,16
58983171,0.00179,QLOGIN,s2016632,r,09/22/2026,14:34:00,igmm_long@node1h02.ecdf.ed.ac.,1
58790808,0.00179,global_1de,lsmallma,r,09/22/2026,05:44:24,eddie@node1r06.ecdf.ed.ac.uk,3,2731
58790808,0.00179,global_1de,lsmallma,r,09/22/2026,05:43:54,eddie@node1r08.ecdf.ed.ac.uk,3,2730
58790808,0.00179,global_1de,lsmallma,r,09/22/2026,05:43:39,eddie@node1h08.ecdf.ed.ac.uk,3,2729
58940491,0.00179,L4T2128R1x,apikelne,r,09/22/2026,12:54:05,eddie@node1d04.ecdf.ed.ac.uk,16
58940492,0.00179,L4T2128R1x,apikelne,r,09/22/2026,12:54:05,eddie@node1e10.ecdf.ed.ac.uk,16
58790808,0.00179,global_1de,lsmallma,r,09/22/2026,05:42:54,eddie@node1h16.ecdf.ed.ac.uk,3,2727
58825929,0.00179,L4T2128R1x,apikelne,r,09/21/2026,23:41:20,eddie@node1q06.ecdf.ed.ac.uk,16
58790808,0.00179,global_1de,lsmallma,r,09/22/2026,05:42:24,eddie@node1l25.ecdf.ed.ac.uk,3,2725
58940493,0.00179,L4T2128R1x,apikelne,r,09/22/2026,12:54:20,eddie@node1d06.ecdf.ed.ac.uk,16
58940494,0.00178,L4T2128R1x,apikelne,r,09/22/2026,12:54:35,eddie@node1f03.ecdf.ed.ac.uk,16
58982942,0.00178,sim-events,jprentic,r,09/22/2026,13:40:41,eddie@node1t01.ecdf.ed.ac.uk,16,9
58940495,0.00178,L4T2128R1x,apikelne,r,09/22/2026,12:54:50,eddie@node1l04.ecdf.ed.ac.uk,16
58790808,0.00178,global_1de,lsmallma,r,09/22/2026,05:40:24,eddie@node1h16.ecdf.ed.ac.uk,3,2721
58790808,0.00178,global_1de,lsmallma,r,09/22/2026,05:41:09,eddie@node1h11.ecdf.ed.ac.uk,3,2722
58790808,0.00178,global_1de,lsmallma,r,09/22/2026,05:40:09,eddie@node1h16.ecdf.ed.ac.uk,3,2720
58790808,0.00178,global_1de,lsmallma,r,09/22/2026,05:39:39,eddie@node1o08.ecdf.ed.ac.uk,3,2718
58790808,0.00177,global_1de,lsmallma,r,09/22/2026,05:31:24,eddie@node1s18.ecdf.ed.ac.uk,3,2696
58982942,0.00174,sim-events,jprentic,r,09/22/2026,13:40:41,eddie@node1t01.ecdf.ed.ac.uk,16,10
58790808,0.00174,global_1de,lsmallma,r,09/22/2026,05:18:09,eddie@node1h07.ecdf.ed.ac.uk,3,2673
58790808,0.00173,global_1de,lsmallma,r,09/22/2026,05:07:39,eddie@node1l05.ecdf.ed.ac.uk,3,2644
58790808,0.00173,global_1de,lsmallma,r,09/22/2026,05:07:24,eddie@node1s17.ecdf.ed.ac.uk,3,2640
58790808,0.00173,global_1de,lsmallma,r,09/22/2026,05:07:54,eddie@node1h21.ecdf.ed.ac.uk,3,2645
58790808,0.00173,global_1de,lsmallma,r,09/22/2026,05:06:39,eddie@node1r06.ecdf.ed.ac.uk,3,2637
58655621,0.00173,runlisfloo,awilso19,r,09/16/2026,08:35:52,eddie@node1p11.ecdf.ed.ac.uk,1,5080
58655621,0.00173,runlisfloo,awilso19,r,09/16/2026,08:35:52,eddie@node1p11.ecdf.ed.ac.uk,1,5081
58655621,0.00173,runlisfloo,awilso19,r,09/16/2026,08:35:52,eddie@node1p11.ecdf.ed.ac.uk,1,5082
58655621,0.00173,runlisfloo,awilso19,r,09/16/2026,08:35:52,eddie@node1p11.ecdf.ed.ac.uk,1,5083
58655621,0.00173,runlisfloo,awilso19,r,09/16/2026,08:35:52,eddie@node1p11.ecdf.ed.ac.uk,1,5084
58655621,0.00173,runlisfloo,awilso19,r,09/16/2026,08:35:52,eddie@node1p11.ecdf.ed.ac.uk,1,5085
58655621,0.00173,runlisfloo,awilso19,r,09/16/2026,08:35:52,eddie@node1p11.ecdf.ed.ac.uk,1,5086
58655621,0.00173,runlisfloo,awilso19,r,09/16/2026,08:35:52,eddie@node1p11.ecdf.ed.ac.uk,1,5087
58790808,0.00173,global_1de,lsmallma,r,09/22/2026,05:05:54,eddie@node1o09.ecdf.ed.ac.uk,3,2636
58655621,0.00173,runlisfloo,awilso19,r,09/15/2026,14:11:19,eddie@node1m24.ecdf.ed.ac.uk,1,4004
58848235,0.00173,ce2,gl03pi18,r,09/22/2026,12:15:18,eddie@node1l13.ecdf.ed.ac.uk,8
58790808,0.00173,global_1de,lsmallma,r,09/22/2026,05:03:54,eddie@node1h03.ecdf.ed.ac.uk,3,2630
58655621,0.00172,runlisfloo,awilso19,r,09/16/2026,08:32:37,eddie@node1n04.ecdf.ed.ac.uk,1,5062
58655621,0.00172,runlisfloo,awilso19,r,09/16/2026,08:32:37,eddie@node1n06.ecdf.ed.ac.uk,1,5063
58655621,0.00172,runlisfloo,awilso19,r,09/16/2026,08:32:37,eddie@node1n07.ecdf.ed.ac.uk,1,5064
58655621,0.00172,runlisfloo,awilso19,r,09/16/2026,08:32:37,eddie@node1n06.ecdf.ed.ac.uk,1,5065
58655621,0.00172,runlisfloo,awilso19,r,09/16/2026,08:32:37,eddie@node1n07.ecdf.ed.ac.uk,1,5066
58655621,0.00172,runlisfloo,awilso19,r,09/16/2026,08:32:37,eddie@node1n03.ecdf.ed.ac.uk,1,5067
58655621,0.00172,runlisfloo,awilso19,r,09/16/2026,08:32:37,eddie@node1n06.ecdf.ed.ac.uk,1,5068
58655621,0.00172,runlisfloo,awilso19,r,09/16/2026,08:32:37,eddie@node1n07.ecdf.ed.ac.uk,1,5069
58655621,0.00172,runlisfloo,awilso19,r,09/16/2026,08:32:37,eddie@node1n03.ecdf.ed.ac.uk,1,5070
58655621,0.00172,runlisfloo,awilso19,r,09/16/2026,08:32:37,eddie@node1n06.ecdf.ed.ac.uk,1,5071
58655621,0.00172,runlisfloo,awilso19,r,09/16/2026,08:32:37,eddie@node1n07.ecdf.ed.ac.uk,1,5072
58655621,0.00172,runlisfloo,awilso19,r,09/16/2026,08:32:37,eddie@node1n03.ecdf.ed.ac.uk,1,5073
58655621,0.00172,runlisfloo,awilso19,r,09/16/2026,08:32:37,eddie@node1n06.ecdf.ed.ac.uk,1,5074
58655621,0.00172,runlisfloo,awilso19,r,09/16/2026,08:32:37,eddie@node1n07.ecdf.ed.ac.uk,1,5075
58655621,0.00172,runlisfloo,awilso19,r,09/16/2026,08:32:37,eddie@node1n03.ecdf.ed.ac.uk,1,5076
58655621,0.00172,runlisfloo,awilso19,r,09/16/2026,08:32:37,eddie@node1n07.ecdf.ed.ac.uk,1,5077
58655621,0.00172,runlisfloo,awilso19,r,09/16/2026,08:32:37,eddie@node1n03.ecdf.ed.ac.uk,1,5078
58655621,0.00172,runlisfloo,awilso19,r,09/16/2026,08:32:37,eddie@node1n07.ecdf.ed.ac.uk,1,5079
58848769,0.00172,ce2,gl03pi18,r,09/22/2026,12:16:48,eddie@node1l18.ecdf.ed.ac.uk,8
58790808,0.00172,global_1de,lsmallma,r,09/22/2026,05:00:24,eddie@node1m11.ecdf.ed.ac.uk,3,2619
58848770,0.00172,ce2,gl03pi18,r,09/22/2026,12:17:18,eddie@node1l17.ecdf.ed.ac.uk,8
58655621,0.00172,runlisfloo,awilso19,r,09/16/2026,08:26:37,eddie@node1p11.ecdf.ed.ac.uk,1,5061
58655621,0.00172,runlisfloo,awilso19,r,09/16/2026,08:24:41,eddie@node1p11.ecdf.ed.ac.uk,1,5059
58655621,0.00172,runlisfloo,awilso19,r,09/16/2026,08:24:41,eddie@node1p11.ecdf.ed.ac.uk,1,5060
58848234,0.00171,ce2,gl03pi18,r,09/22/2026,12:00:08,eddie@node1l11.ecdf.ed.ac.uk,8
58982942,0.00171,sim-events,jprentic,r,09/22/2026,13:40:41,eddie@node1t01.ecdf.ed.ac.uk,16,11
58790808,0.00171,global_1de,lsmallma,r,09/22/2026,04:51:54,eddie@node1s09.ecdf.ed.ac.uk,3,2599
58790808,0.00171,global_1de,lsmallma,r,09/22/2026,04:49:09,eddie@node1s19.ecdf.ed.ac.uk,3,2593
58655621,0.00170,runlisfloo,awilso19,r,09/16/2026,08:14:41,eddie@node1n02.ecdf.ed.ac.uk,1,5051
58655621,0.00170,runlisfloo,awilso19,r,09/16/2026,08:14:41,eddie@node1n02.ecdf.ed.ac.uk,1,5052
58655621,0.00170,runlisfloo,awilso19,r,09/16/2026,08:14:41,eddie@node1n02.ecdf.ed.ac.uk,1,5053
58655621,0.00170,runlisfloo,awilso19,r,09/16/2026,08:14:41,eddie@node1n02.ecdf.ed.ac.uk,1,5054
58655621,0.00170,runlisfloo,awilso19,r,09/16/2026,08:14:41,eddie@node1n02.ecdf.ed.ac.uk,1,5055
58655621,0.00170,runlisfloo,awilso19,r,09/16/2026,08:14:41,eddie@node1n02.ecdf.ed.ac.uk,1,5056
58655621,0.00170,runlisfloo,awilso19,r,09/16/2026,08:14:41,eddie@node1n02.ecdf.ed.ac.uk,1,5057
58655621,0.00170,runlisfloo,awilso19,r,09/16/2026,08:14:41,eddie@node1n02.ecdf.ed.ac.uk,1,5058
58982942,0.00168,sim-events,jprentic,r,09/22/2026,13:40:41,eddie@node1t01.ecdf.ed.ac.uk,16,12
58982637,0.00168,E39040526_,jluft,r,09/22/2026,12:31:52,eddie@node1e10.ecdf.ed.ac.uk,8
58858262,0.00167,ce1,gl03pi9,r,09/22/2026,12:31:37,eddie@node1l17.ecdf.ed.ac.uk,8
58790808,0.00167,global_1de,lsmallma,r,09/22/2026,04:27:03,eddie@node1r18.ecdf.ed.ac.uk,3,2552
58857907,0.00167,ce1,gl03pi9,r,09/22/2026,12:29:52,eddie@node1l12.ecdf.ed.ac.uk,8
58790808,0.00167,global_1de,lsmallma,r,09/22/2026,04:26:03,eddie@node1r07.ecdf.ed.ac.uk,3,2551
58847874,0.00167,ce1,gl03pi9,r,09/22/2026,11:27:05,eddie@node1l15.ecdf.ed.ac.uk,8
58858799,0.00167,ce1,gl03pi9,r,09/22/2026,12:32:52,eddie@node1l11.ecdf.ed.ac.uk,8
58790808,0.00166,global_1de,lsmallma,r,09/22/2026,04:20:48,eddie@node1h06.ecdf.ed.ac.uk,3,2536
58982942,0.00166,sim-events,jprentic,r,09/22/2026,13:40:41,eddie@node1t01.ecdf.ed.ac.uk,16,13
58655621,0.00165,runlisfloo,awilso19,r,09/16/2026,07:43:30,eddie@node1m20.ecdf.ed.ac.uk,1,5049
58655621,0.00165,runlisfloo,awilso19,r,09/16/2026,07:44:15,eddie@node1m20.ecdf.ed.ac.uk,1,5050
58975075,0.00165,xat_s0,jgaetev,r,09/22/2026,11:45:02,eddie@node1m06.ecdf.ed.ac.uk,8
58982755,0.00165,featureCou,s1913073,r,09/22/2026,13:01:08,eddie@node1j04.ecdf.ed.ac.uk,8
58655621,0.00164,runlisfloo,awilso19,r,09/16/2026,07:39:00,eddie@node1m20.ecdf.ed.ac.uk,1,5044
58655621,0.00164,runlisfloo,awilso19,r,09/16/2026,07:39:45,eddie@node1m20.ecdf.ed.ac.uk,1,5045
58655621,0.00164,runlisfloo,awilso19,r,09/16/2026,07:40:30,eddie@node1m20.ecdf.ed.ac.uk,1,5046
58655621,0.00164,runlisfloo,awilso19,r,09/16/2026,07:40:30,eddie@node1m20.ecdf.ed.ac.uk,1,5047
58655621,0.00164,runlisfloo,awilso19,r,09/16/2026,07:41:00,eddie@node1m20.ecdf.ed.ac.uk,1,5048
58790808,0.00164,global_1de,lsmallma,r,09/22/2026,04:06:48,eddie@node1h12.ecdf.ed.ac.uk,3,2512
58655621,0.00164,runlisfloo,awilso19,r,09/16/2026,07:34:30,eddie@node1n05.ecdf.ed.ac.uk,1,5041
58655621,0.00164,runlisfloo,awilso19,r,09/16/2026,07:34:00,eddie@node1n05.ecdf.ed.ac.uk,1,5040
58655621,0.00164,runlisfloo,awilso19,r,09/16/2026,07:32:30,eddie@node1n05.ecdf.ed.ac.uk,1,5036
58655621,0.00164,runlisfloo,awilso19,r,09/16/2026,07:32:45,eddie@node1n05.ecdf.ed.ac.uk,1,5037
58655621,0.00164,runlisfloo,awilso19,r,09/16/2026,07:33:00,eddie@node1m19.ecdf.ed.ac.uk,1,5038
58655621,0.00164,runlisfloo,awilso19,r,09/16/2026,07:33:15,eddie@node1n05.ecdf.ed.ac.uk,1,5039
58982942,0.00164,sim-events,jprentic,r,09/22/2026,13:40:41,eddie@node1t01.ecdf.ed.ac.uk,16,14
58655621,0.00163,runlisfloo,awilso19,r,09/16/2026,07:31:15,eddie@node1m19.ecdf.ed.ac.uk,1,5031
58655621,0.00163,runlisfloo,awilso19,r,09/16/2026,07:36:45,eddie@node1m19.ecdf.ed.ac.uk,1,5042
58655621,0.00163,runlisfloo,awilso19,r,09/16/2026,07:31:45,eddie@node1m19.ecdf.ed.ac.uk,1,5032
58655621,0.00163,runlisfloo,awilso19,r,09/16/2026,07:31:45,eddie@node1m19.ecdf.ed.ac.uk,1,5033
58655621,0.00163,runlisfloo,awilso19,r,09/16/2026,07:37:00,eddie@node1m19.ecdf.ed.ac.uk,1,5043
58655621,0.00163,runlisfloo,awilso19,r,09/16/2026,07:32:00,eddie@node1n05.ecdf.ed.ac.uk,1,5034
58655621,0.00163,runlisfloo,awilso19,r,09/16/2026,07:32:00,eddie@node1m19.ecdf.ed.ac.uk,1,5035
58796846,0.00163,coproPorII,wwong3,r,09/21/2026,20:26:40,eddie@node1m12.ecdf.ed.ac.uk,16
58796845,0.00163,coproPorII,wwong3,r,09/21/2026,20:23:32,eddie@node1s10.ecdf.ed.ac.uk,16
58982942,0.00162,sim-events,jprentic,r,09/22/2026,13:40:41,eddie@node1t01.ecdf.ed.ac.uk,16,15
58982942,0.00162,sim-events,jprentic,r,09/22/2026,13:40:41,eddie@node1t01.ecdf.ed.ac.uk,16,16
58982942,0.00162,sim-events,jprentic,r,09/22/2026,13:40:41,eddie@node1t01.ecdf.ed.ac.uk,16,17
58982942,0.00162,sim-events,jprentic,r,09/22/2026,13:40:41,eddie@node1t01.ecdf.ed.ac.uk,16,18
58982942,0.00162,sim-events,jprentic,r,09/22/2026,13:40:41,eddie@node1t01.ecdf.ed.ac.uk,16,19
58982942,0.00162,sim-events,jprentic,r,09/22/2026,13:40:41,eddie@node1t01.ecdf.ed.ac.uk,16,20
58982942,0.00162,sim-events,jprentic,r,09/22/2026,13:40:41,eddie@node1t01.ecdf.ed.ac.uk,16,21
58982942,0.00162,sim-events,jprentic,r,09/22/2026,13:40:41,eddie@node1t01.ecdf.ed.ac.uk,16,22
58982942,0.00162,sim-events,jprentic,r,09/22/2026,13:40:41,eddie@node1t01.ecdf.ed.ac.uk,16,23
58982942,0.00162,sim-events,jprentic,r,09/22/2026,13:40:41,eddie@node1t01.ecdf.ed.ac.uk,16,24
58982942,0.00162,sim-events,jprentic,r,09/22/2026,13:40:41,eddie@node1t01.ecdf.ed.ac.uk,16,25
58982942,0.00162,sim-events,jprentic,r,09/22/2026,13:40:41,eddie@node1t01.ecdf.ed.ac.uk,16,26
58982942,0.00162,sim-events,jprentic,r,09/22/2026,13:40:41,eddie@node1t01.ecdf.ed.ac.uk,16,27
58982942,0.00162,sim-events,jprentic,r,09/22/2026,13:40:41,eddie@node1t01.ecdf.ed.ac.uk,16,28
58982942,0.00162,sim-events,jprentic,r,09/22/2026,13:40:41,eddie@node1t01.ecdf.ed.ac.uk,16,29
58982942,0.00162,sim-events,jprentic,r,09/22/2026,13:40:41,eddie@node1t01.ecdf.ed.ac.uk,16,30
58982942,0.00162,sim-events,jprentic,r,09/22/2026,13:40:41,eddie@node1t01.ecdf.ed.ac.uk,16,31
58982942,0.00162,sim-events,jprentic,r,09/22/2026,13:40:41,eddie@node1t01.ecdf.ed.ac.uk,16,32
58982942,0.00162,sim-events,jprentic,r,09/22/2026,13:40:41,eddie@node1t01.ecdf.ed.ac.uk,16,33
58982942,0.00162,sim-events,jprentic,r,09/22/2026,13:40:41,eddie@node1t01.ecdf.ed.ac.uk,16,34
58982942,0.00162,sim-events,jprentic,r,09/22/2026,13:40:41,eddie@node1t01.ecdf.ed.ac.uk,16,35
58982942,0.00162,sim-events,jprentic,r,09/22/2026,13:40:41,eddie@node1t01.ecdf.ed.ac.uk,16,36
58982942,0.00162,sim-events,jprentic,r,09/22/2026,13:40:41,eddie@node1t01.ecdf.ed.ac.uk,16,37
58982942,0.00162,sim-events,jprentic,r,09/22/2026,13:40:41,eddie@node1t01.ecdf.ed.ac.uk,16,38
58982942,0.00162,sim-events,jprentic,r,09/22/2026,13:40:41,eddie@node1t01.ecdf.ed.ac.uk,16,39
58982942,0.00162,sim-events,jprentic,r,09/22/2026,13:40:41,eddie@node1t01.ecdf.ed.ac.uk,16,40
58982942,0.00162,sim-events,jprentic,r,09/22/2026,13:40:41,eddie@node1t01.ecdf.ed.ac.uk,16,41
58982942,0.00162,sim-events,jprentic,r,09/22/2026,13:40:41,eddie@node1t01.ecdf.ed.ac.uk,16,42
58982942,0.00162,sim-events,jprentic,r,09/22/2026,13:40:41,eddie@node1t01.ecdf.ed.ac.uk,16,43
58982942,0.00162,sim-events,jprentic,r,09/22/2026,13:40:41,eddie@node1t01.ecdf.ed.ac.uk,16,44
58982942,0.00162,sim-events,jprentic,r,09/22/2026,13:40:41,eddie@node1t01.ecdf.ed.ac.uk,16,45
58982942,0.00162,sim-events,jprentic,r,09/22/2026,13:40:41,eddie@node1t01.ecdf.ed.ac.uk,16,46
58982942,0.00162,sim-events,jprentic,r,09/22/2026,13:40:41,eddie@node1t01.ecdf.ed.ac.uk,16,47
58982942,0.00162,sim-events,jprentic,r,09/22/2026,13:40:41,eddie@node1t01.ecdf.ed.ac.uk,16,48
58982942,0.00162,sim-events,jprentic,r,09/22/2026,13:40:42,eddie@node1t01.ecdf.ed.ac.uk,16,49
58982942,0.00162,sim-events,jprentic,r,09/22/2026,13:40:42,eddie@node1t01.ecdf.ed.ac.uk,16,50
58982942,0.00162,sim-events,jprentic,r,09/22/2026,13:40:42,eddie@node1t01.ecdf.ed.ac.uk,16,51
58982942,0.00162,sim-events,jprentic,r,09/22/2026,13:40:42,eddie@node1t01.ecdf.ed.ac.uk,16,52
58982942,0.00162,sim-events,jprentic,r,09/22/2026,13:40:42,eddie@node1t01.ecdf.ed.ac.uk,16,53
58982942,0.00162,sim-events,jprentic,r,09/22/2026,13:40:42,eddie@node1t01.ecdf.ed.ac.uk,16,54
58982942,0.00162,sim-events,jprentic,r,09/22/2026,13:40:42,eddie@node1t01.ecdf.ed.ac.uk,16,55
58982942,0.00162,sim-events,jprentic,r,09/22/2026,13:40:42,eddie@node1t01.ecdf.ed.ac.uk,16,56
58982942,0.00162,sim-events,jprentic,r,09/22/2026,13:40:42,eddie@node1t01.ecdf.ed.ac.uk,16,57
58982942,0.00162,sim-events,jprentic,r,09/22/2026,13:40:42,eddie@node1t01.ecdf.ed.ac.uk,16,58
58982942,0.00162,sim-events,jprentic,r,09/22/2026,13:40:42,eddie@node1t01.ecdf.ed.ac.uk,16,59
58796843,0.00162,protoPorIX,wwong3,r,09/21/2026,20:02:13,eddie@node1m08.ecdf.ed.ac.uk,16
58049320,0.00161,b_ocExin_E,s2719294,r,09/04/2026,14:21:00,eddie@node1g09.ecdf.ed.ac.uk,2
58836931,0.00161,ce1,gl03pi9,r,09/22/2026,09:49:49,eddie@node1l12.ecdf.ed.ac.uk,8
58796844,0.00161,protoPorIX,wwong3,r,09/21/2026,20:11:37,eddie@node1k13.ecdf.ed.ac.uk,16
58790808,0.00159,global_1de,lsmallma,r,09/22/2026,03:38:03,eddie@node1s18.ecdf.ed.ac.uk,3,2450
58842180,0.00159,ce2,gl03pi18,r,09/22/2026,10:09:57,eddie@node1l11.ecdf.ed.ac.uk,8
58841662,0.00159,ce2,gl03pi18,r,09/22/2026,09:57:12,eddie@node1l16.ecdf.ed.ac.uk,8
58847314,0.00159,ce1,gl03pi9,r,09/22/2026,10:25:17,eddie@node1l12.ecdf.ed.ac.uk,8
58655621,0.00159,runlisfloo,awilso19,r,09/16/2026,07:00:11,eddie@node1n04.ecdf.ed.ac.uk,1,5030
58655621,0.00159,runlisfloo,awilso19,r,09/16/2026,06:59:41,eddie@node1n04.ecdf.ed.ac.uk,1,5029
58655621,0.00158,runlisfloo,awilso19,r,09/16/2026,06:57:56,eddie@node1n04.ecdf.ed.ac.uk,1,5028
58655621,0.00158,runlisfloo,awilso19,r,09/16/2026,06:54:29,eddie@node1m22.ecdf.ed.ac.uk,1,5027
58975470,0.00157,rf_fcht,wwong3,r,09/22/2026,12:47:20,eddie@node1e09.ecdf.ed.ac.uk,16
58794350,0.00157,s5arr,s2609353,r,09/21/2026,17:50:02,eddie@node1f03.ecdf.ed.ac.uk,4,3
58655621,0.00156,runlisfloo,awilso19,r,09/16/2026,06:46:46,eddie@node1m18.ecdf.ed.ac.uk,1,5026
58982915,0.00156,Rubpy3_S0,wwong3,r,09/22/2026,14:12:15,eddie@node1k14.ecdf.ed.ac.uk,16
58976596,0.00156,uroPorIII_,wwong3,r,09/22/2026,12:48:20,eddie@node1n10.ecdf.ed.ac.uk,16
58982984,0.00156,calval,s2441782,r,09/22/2026,13:58:47,eddie@node1n10.ecdf.ed.ac.uk,8,4
58976597,0.00156,uroPorIII_,wwong3,r,09/22/2026,12:49:20,eddie@node1k19.ecdf.ed.ac.uk,16
58940482,0.00155,L4T2128R1x,apikelne,r,09/22/2026,09:46:34,eddie@node1i17.ecdf.ed.ac.uk,16
58790808,0.00155,global_1de,lsmallma,r,09/22/2026,03:03:33,eddie@node1h21.ecdf.ed.ac.uk,3,2375
58940481,0.00154,L4T2128R1x,apikelne,r,09/22/2026,09:40:17,eddie@node1j02.ecdf.ed.ac.uk,16
58940480,0.00152,L4T2128R1x,apikelne,r,09/22/2026,09:33:38,eddie@node1e08.ecdf.ed.ac.uk,16
58940479,0.00151,L4T2128R1x,apikelne,r,09/22/2026,09:23:31,eddie@node1j21.ecdf.ed.ac.uk,16
58879954,0.00151,ce2,gl03pi18,r,09/22/2026,12:36:50,eddie@node1l15.ecdf.ed.ac.uk,8
58972787,0.00151,generate_c,rzhao4,r,09/22/2026,11:16:20,eddie@node1q03.ecdf.ed.ac.uk,10,2
58982982,0.00151,proflv_T1,wwong3,r,09/22/2026,13:56:47,eddie@node1j04.ecdf.ed.ac.uk,16
58880532,0.00151,ce2,gl03pi18,r,09/22/2026,12:38:05,eddie@node1l15.ecdf.ed.ac.uk,8
58982942,0.00150,sim-events,jprentic,r,09/22/2026,14:27:24,eddie@node1k13.ecdf.ed.ac.uk,16,60
58982993,0.00150,picard_Ins,s1913073,r,09/22/2026,14:01:02,eddie@node1j08.ecdf.ed.ac.uk,4
58825725,0.00148,MC-1-Co-op,s2441545,r,09/21/2026,22:24:02,eddie@node1r12.ecdf.ed.ac.uk,16
58655621,0.00146,runlisfloo,awilso19,r,09/16/2026,05:55:48,eddie@node1n05.ecdf.ed.ac.uk,1,5025
58825927,0.00146,L4T2128R1x,apikelne,r,09/21/2026,22:50:43,eddie@node1k09.ecdf.ed.ac.uk,16
58655621,0.00145,runlisfloo,awilso19,r,09/16/2026,05:35:18,eddie@node1m20.ecdf.ed.ac.uk,1,5023
58982778,0.00145,aq4_T1,wwong3,r,09/22/2026,13:07:02,eddie@node1j21.ecdf.ed.ac.uk,16
58982779,0.00145,aq4_S0,wwong3,r,09/22/2026,13:07:02,eddie@node1m05.ecdf.ed.ac.uk,16
58655621,0.00145,runlisfloo,awilso19,r,09/16/2026,05:36:33,eddie@node1m20.ecdf.ed.ac.uk,1,5024
58982914,0.00144,Rubpy3_T1,wwong3,r,09/22/2026,13:31:11,eddie@node1m09.ecdf.ed.ac.uk,16
58655621,0.00144,runlisfloo,awilso19,r,09/16/2026,05:25:18,eddie@node1m19.ecdf.ed.ac.uk,1,5022
58893825,0.00143,ce1,gl03pi9,r,09/22/2026,12:39:05,eddie@node1l18.ecdf.ed.ac.uk,8
58655621,0.00143,runlisfloo,awilso19,r,09/16/2026,05:24:18,eddie@node1n04.ecdf.ed.ac.uk,1,5020
58655621,0.00143,runlisfloo,awilso19,r,09/16/2026,05:24:18,eddie@node1n04.ecdf.ed.ac.uk,1,5021
58894416,0.00143,ce1,gl03pi9,r,09/22/2026,12:40:05,eddie@node1l15.ecdf.ed.ac.uk,8
58655621,0.00142,runlisfloo,awilso19,r,09/16/2026,05:16:18,eddie@node1n06.ecdf.ed.ac.uk,1,5012
58655621,0.00142,runlisfloo,awilso19,r,09/16/2026,05:16:18,eddie@node1n06.ecdf.ed.ac.uk,1,5013
58655621,0.00142,runlisfloo,awilso19,r,09/16/2026,05:16:18,eddie@node1n06.ecdf.ed.ac.uk,1,5014
58655621,0.00142,runlisfloo,awilso19,r,09/16/2026,05:16:18,eddie@node1n06.ecdf.ed.ac.uk,1,5015
58655621,0.00142,runlisfloo,awilso19,r,09/16/2026,05:16:18,eddie@node1n06.ecdf.ed.ac.uk,1,5016
58655621,0.00142,runlisfloo,awilso19,r,09/16/2026,05:16:18,eddie@node1n06.ecdf.ed.ac.uk,1,5017
58655621,0.00142,runlisfloo,awilso19,r,09/16/2026,05:18:48,eddie@node1n04.ecdf.ed.ac.uk,1,5018
58655621,0.00142,runlisfloo,awilso19,r,09/16/2026,05:18:48,eddie@node1n04.ecdf.ed.ac.uk,1,5019
58972785,0.00141,dsgd2e,s2324792,r,09/22/2026,12:15:33,gpu@node1g04.ecdf.ed.ac.uk,8,1
58655621,0.00139,runlisfloo,awilso19,r,09/16/2026,04:53:10,eddie@node1n06.ecdf.ed.ac.uk,1,5009
58655621,0.00139,runlisfloo,awilso19,r,09/16/2026,04:53:10,eddie@node1n06.ecdf.ed.ac.uk,1,5010
58655621,0.00139,runlisfloo,awilso19,r,09/16/2026,04:53:10,eddie@node1n06.ecdf.ed.ac.uk,1,5011
58655621,0.00138,runlisfloo,awilso19,r,09/15/2026,14:11:19,eddie@node1m24.ecdf.ed.ac.uk,1,4005
58655621,0.00138,runlisfloo,awilso19,r,09/16/2026,04:49:40,eddie@node1n07.ecdf.ed.ac.uk,1,5005
58982984,0.00137,calval,s2441782,r,09/22/2026,13:59:17,eddie@node1l08.ecdf.ed.ac.uk,8,5
58655621,0.00137,runlisfloo,awilso19,r,09/16/2026,04:51:55,eddie@node1n03.ecdf.ed.ac.uk,1,5006
58655621,0.00137,runlisfloo,awilso19,r,09/16/2026,04:51:55,eddie@node1n03.ecdf.ed.ac.uk,1,5007
58655621,0.00137,runlisfloo,awilso19,r,09/16/2026,04:51:55,eddie@node1n03.ecdf.ed.ac.uk,1,5008
58791114,0.00135,s22py3,gross33,r,09/21/2026,14:47:58,eddie@node1f07.ecdf.ed.ac.uk,1
58655621,0.00135,runlisfloo,awilso19,r,09/16/2026,04:27:40,eddie@node1p11.ecdf.ed.ac.uk,1,4962
58655621,0.00135,runlisfloo,awilso19,r,09/16/2026,04:27:40,eddie@node1p11.ecdf.ed.ac.uk,1,4963
58655621,0.00135,runlisfloo,awilso19,r,09/16/2026,04:27:40,eddie@node1p11.ecdf.ed.ac.uk,1,4964
58655621,0.00135,runlisfloo,awilso19,r,09/16/2026,04:27:40,eddie@node1p11.ecdf.ed.ac.uk,1,4965
58655621,0.00135,runlisfloo,awilso19,r,09/16/2026,04:27:40,eddie@node1p11.ecdf.ed.ac.uk,1,4966
58655621,0.00135,runlisfloo,awilso19,r,09/16/2026,04:27:40,eddie@node1p11.ecdf.ed.ac.uk,1,4967
58655621,0.00135,runlisfloo,awilso19,r,09/16/2026,04:27:40,eddie@node1p11.ecdf.ed.ac.uk,1,4968
58655621,0.00135,runlisfloo,awilso19,r,09/16/2026,04:27:40,eddie@node1p11.ecdf.ed.ac.uk,1,4969
58655621,0.00135,runlisfloo,awilso19,r,09/16/2026,04:27:40,eddie@node1p11.ecdf.ed.ac.uk,1,4970
58655621,0.00135,runlisfloo,awilso19,r,09/16/2026,04:27:40,eddie@node1p11.ecdf.ed.ac.uk,1,4971
58655621,0.00135,runlisfloo,awilso19,r,09/16/2026,04:27:40,eddie@node1p11.ecdf.ed.ac.uk,1,4972
58655621,0.00135,runlisfloo,awilso19,r,09/16/2026,04:27:40,eddie@node1p11.ecdf.ed.ac.uk,1,4973
58655621,0.00135,runlisfloo,awilso19,r,09/16/2026,04:27:40,eddie@node1p11.ecdf.ed.ac.uk,1,4974
58655621,0.00135,runlisfloo,awilso19,r,09/16/2026,04:27:40,eddie@node1p11.ecdf.ed.ac.uk,1,4975
58655621,0.00135,runlisfloo,awilso19,r,09/16/2026,04:27:40,eddie@node1p11.ecdf.ed.ac.uk,1,4976
58655621,0.00135,runlisfloo,awilso19,r,09/16/2026,04:27:40,eddie@node1p11.ecdf.ed.ac.uk,1,4977
58655621,0.00135,runlisfloo,awilso19,r,09/16/2026,04:27:40,eddie@node1p11.ecdf.ed.ac.uk,1,4978
58655621,0.00135,runlisfloo,awilso19,r,09/16/2026,04:27:40,eddie@node1p11.ecdf.ed.ac.uk,1,4979
58655621,0.00135,runlisfloo,awilso19,r,09/16/2026,04:27:40,eddie@node1p11.ecdf.ed.ac.uk,1,4980
58655621,0.00135,runlisfloo,awilso19,r,09/16/2026,04:27:40,eddie@node1p11.ecdf.ed.ac.uk,1,4981
58655621,0.00135,runlisfloo,awilso19,r,09/16/2026,04:27:40,eddie@node1p11.ecdf.ed.ac.uk,1,4982
58655621,0.00135,runlisfloo,awilso19,r,09/16/2026,04:27:40,eddie@node1p11.ecdf.ed.ac.uk,1,4983
58655621,0.00135,runlisfloo,awilso19,r,09/16/2026,04:27:40,eddie@node1p11.ecdf.ed.ac.uk,1,4984
58655621,0.00135,runlisfloo,awilso19,r,09/16/2026,04:27:40,eddie@node1p11.ecdf.ed.ac.uk,1,4985
58655621,0.00135,runlisfloo,awilso19,r,09/16/2026,04:27:40,eddie@node1p11.ecdf.ed.ac.uk,1,4986
58655621,0.00135,runlisfloo,awilso19,r,09/16/2026,04:27:40,eddie@node1p11.ecdf.ed.ac.uk,1,4987
58655621,0.00135,runlisfloo,awilso19,r,09/16/2026,04:27:40,eddie@node1p11.ecdf.ed.ac.uk,1,4988
58655621,0.00135,runlisfloo,awilso19,r,09/16/2026,04:27:40,eddie@node1p11.ecdf.ed.ac.uk,1,4989
58655621,0.00135,runlisfloo,awilso19,r,09/16/2026,04:27:40,eddie@node1p11.ecdf.ed.ac.uk,1,4990
58655621,0.00135,runlisfloo,awilso19,r,09/16/2026,04:27:40,eddie@node1p11.ecdf.ed.ac.uk,1,4991
58655621,0.00135,runlisfloo,awilso19,r,09/16/2026,04:27:40,eddie@node1p11.ecdf.ed.ac.uk,1,4992
58655621,0.00135,runlisfloo,awilso19,r,09/16/2026,04:27:40,eddie@node1p11.ecdf.ed.ac.uk,1,4993
58655621,0.00135,runlisfloo,awilso19,r,09/16/2026,04:27:41,eddie@node1p11.ecdf.ed.ac.uk,1,4994
58655621,0.00135,runlisfloo,awilso19,r,09/16/2026,04:27:41,eddie@node1p11.ecdf.ed.ac.uk,1,4995
58655621,0.00135,runlisfloo,awilso19,r,09/16/2026,04:27:41,eddie@node1p11.ecdf.ed.ac.uk,1,4996
58655621,0.00135,runlisfloo,awilso19,r,09/16/2026,04:27:41,eddie@node1p11.ecdf.ed.ac.uk,1,4997
58655621,0.00135,runlisfloo,awilso19,r,09/16/2026,04:27:41,eddie@node1p11.ecdf.ed.ac.uk,1,4998
58655621,0.00135,runlisfloo,awilso19,r,09/16/2026,04:27:41,eddie@node1p11.ecdf.ed.ac.uk,1,4999
58655621,0.00135,runlisfloo,awilso19,r,09/16/2026,04:27:41,eddie@node1p11.ecdf.ed.ac.uk,1,5000
58655621,0.00135,runlisfloo,awilso19,r,09/16/2026,04:27:41,eddie@node1p11.ecdf.ed.ac.uk,1,5001
58655621,0.00135,runlisfloo,awilso19,r,09/16/2026,04:27:41,eddie@node1p11.ecdf.ed.ac.uk,1,5002
58655621,0.00135,runlisfloo,awilso19,r,09/16/2026,04:27:41,eddie@node1p11.ecdf.ed.ac.uk,1,5003
58655621,0.00135,runlisfloo,awilso19,r,09/16/2026,04:27:41,eddie@node1p11.ecdf.ed.ac.uk,1,5004
58972787,0.00134,generate_c,rzhao4,r,09/22/2026,11:16:20,eddie@node1q13.ecdf.ed.ac.uk,10,3
58975076,0.00131,xat_s1,jgaetev,r,09/22/2026,11:45:17,eddie@node1m06.ecdf.ed.ac.uk,8
58049325,0.00130,b_ocExstor,s2719294,r,09/04/2026,14:22:30,eddie@node1g09.ecdf.ed.ac.uk,2
58794350,0.00125,s5arr,s2609353,r,09/21/2026,17:54:47,eddie@node1h16.ecdf.ed.ac.uk,4,4
58982984,0.00125,calval,s2441782,r,09/22/2026,13:59:47,eddie@node1e03.ecdf.ed.ac.uk,8,6
58982948,0.00125,QLOGIN,fturner,r,09/22/2026,13:44:57,eddie@node1j24.ecdf.ed.ac.uk,1
58972785,0.00124,dsgd2e,s2324792,r,09/22/2026,12:15:33,gpu@node1g04.ecdf.ed.ac.uk,8,2
58948184,0.00123,ce1,gl03pi9,r,09/22/2026,14:36:05,eddie@node1l17.ecdf.ed.ac.uk,8
58655621,0.00121,runlisfloo,awilso19,r,09/16/2026,03:00:02,eddie@node1m23.ecdf.ed.ac.uk,1,4954
58655621,0.00121,runlisfloo,awilso19,r,09/16/2026,03:00:02,eddie@node1m23.ecdf.ed.ac.uk,1,4955
58655621,0.00121,runlisfloo,awilso19,r,09/16/2026,03:00:02,eddie@node1m23.ecdf.ed.ac.uk,1,4956
58655621,0.00121,runlisfloo,awilso19,r,09/16/2026,03:00:02,eddie@node1m23.ecdf.ed.ac.uk,1,4957
58655621,0.00121,runlisfloo,awilso19,r,09/16/2026,03:00:02,eddie@node1m23.ecdf.ed.ac.uk,1,4958
58655621,0.00121,runlisfloo,awilso19,r,09/16/2026,03:00:02,eddie@node1m23.ecdf.ed.ac.uk,1,4959
58655621,0.00121,runlisfloo,awilso19,r,09/16/2026,03:00:02,eddie@node1m23.ecdf.ed.ac.uk,1,4960
58655621,0.00121,runlisfloo,awilso19,r,09/16/2026,03:00:02,eddie@node1m23.ecdf.ed.ac.uk,1,4961
58655621,0.00120,runlisfloo,awilso19,r,09/16/2026,02:51:32,eddie@node1m23.ecdf.ed.ac.uk,1,4946
58655621,0.00120,runlisfloo,awilso19,r,09/16/2026,02:51:32,eddie@node1m23.ecdf.ed.ac.uk,1,4947
58655621,0.00120,runlisfloo,awilso19,r,09/16/2026,02:51:32,eddie@node1m23.ecdf.ed.ac.uk,1,4948
58655621,0.00120,runlisfloo,awilso19,r,09/16/2026,02:51:32,eddie@node1m23.ecdf.ed.ac.uk,1,4949
58655621,0.00120,runlisfloo,awilso19,r,09/16/2026,02:51:32,eddie@node1m23.ecdf.ed.ac.uk,1,4950
58655621,0.00120,runlisfloo,awilso19,r,09/16/2026,02:51:32,eddie@node1m23.ecdf.ed.ac.uk,1,4951
58655621,0.00120,runlisfloo,awilso19,r,09/16/2026,02:51:32,eddie@node1m23.ecdf.ed.ac.uk,1,4952
58655621,0.00120,runlisfloo,awilso19,r,09/16/2026,02:51:32,eddie@node1m23.ecdf.ed.ac.uk,1,4953
58948203,0.00119,get_SRP303,fturner,r,09/22/2026,09:26:47,staging@node1f17.ecdf.ed.ac.uk,1
58983318,0.00117,QLOGIN,dlarson,r,09/22/2026,14:44:27,staging@node1f17.ecdf.ed.ac.uk,1
58982984,0.00116,calval,s2441782,r,09/22/2026,14:00:02,eddie@node1e10.ecdf.ed.ac.uk,8,7
58655621,0.00115,runlisfloo,awilso19,r,09/15/2026,14:11:19,eddie@node1m24.ecdf.ed.ac.uk,1,4006
58655621,0.00115,runlisfloo,awilso19,r,09/16/2026,02:21:55,eddie@node1m19.ecdf.ed.ac.uk,1,4945
58935488,0.00115,ce2,gl03pi18,r,09/22/2026,12:57:33,eddie@node1l14.ecdf.ed.ac.uk,8
58972785,0.00115,dsgd2e,s2324792,r,09/22/2026,12:19:30,gpu@node1g01.ecdf.ed.ac.uk,8,3
58975077,0.00115,xat_s2,jgaetev,r,09/22/2026,11:45:17,eddie@node1e01.ecdf.ed.ac.uk,8
58954546,0.00113,huber-swee,s2907628,r,09/22/2026,09:57:12,eddie@node1l22.ecdf.ed.ac.uk,1,1
58049331,0.00110,b_ocInduck,s2719294,r,09/04/2026,14:24:00,eddie@node1g09.ecdf.ed.ac.uk,2
58655621,0.00110,runlisfloo,awilso19,r,09/16/2026,01:59:10,eddie@node1m21.ecdf.ed.ac.uk,1,4937
58655621,0.00110,runlisfloo,awilso19,r,09/16/2026,01:59:10,eddie@node1m21.ecdf.ed.ac.uk,1,4938
58655621,0.00110,runlisfloo,awilso19,r,09/16/2026,01:59:10,eddie@node1m21.ecdf.ed.ac.uk,1,4939
58655621,0.00110,runlisfloo,awilso19,r,09/16/2026,01:59:10,eddie@node1m21.ecdf.ed.ac.uk,1,4940
58655621,0.00110,runlisfloo,awilso19,r,09/16/2026,01:59:10,eddie@node1m21.ecdf.ed.ac.uk,1,4941
58655621,0.00110,runlisfloo,awilso19,r,09/16/2026,01:59:10,eddie@node1m21.ecdf.ed.ac.uk,1,4942
58655621,0.00110,runlisfloo,awilso19,r,09/16/2026,01:59:10,eddie@node1m21.ecdf.ed.ac.uk,1,4943
58655621,0.00110,runlisfloo,awilso19,r,09/16/2026,01:59:10,eddie@node1m21.ecdf.ed.ac.uk,1,4944
58982984,0.00110,calval,s2441782,r,09/22/2026,14:00:02,eddie@node1e03.ecdf.ed.ac.uk,8,8
58948169,0.00108,ce1,gl03pi9,r,09/22/2026,13:30:11,eddie@node1l15.ecdf.ed.ac.uk,8
58948164,0.00108,ce1,gl03pi9,r,09/22/2026,13:23:09,eddie@node1l11.ecdf.ed.ac.uk,8
58948183,0.00108,ce1,gl03pi9,r,09/22/2026,13:31:41,eddie@node1l15.ecdf.ed.ac.uk,8
58948142,0.00108,ce2,gl03pi18,r,09/22/2026,13:14:51,eddie@node1l14.ecdf.ed.ac.uk,8
58972785,0.00108,dsgd2e,s2324792,r,09/22/2026,12:19:30,gpu@node1g01.ecdf.ed.ac.uk,8,4
58948168,0.00108,ce1,gl03pi9,r,09/22/2026,13:23:54,eddie@node1l12.ecdf.ed.ac.uk,8
58966619,0.00107,QLOGIN,s2589227,r,09/22/2026,10:44:21,eddie@node1j24.ecdf.ed.ac.uk,1
58948137,0.00106,ce2,gl03pi18,r,09/22/2026,13:01:23,eddie@node1l12.ecdf.ed.ac.uk,8
58794350,0.00106,s5arr,s2609353,r,09/21/2026,17:54:47,eddie@node1r06.ecdf.ed.ac.uk,4,5
58982984,0.00105,calval,s2441782,r,09/22/2026,14:00:17,eddie@node1j22.ecdf.ed.ac.uk,8,9
58975078,0.00104,clip_ax_s1,jgaetev,r,09/22/2026,11:45:17,eddie@node1e10.ecdf.ed.ac.uk,8
58972838,0.00104,trim_dada2,s1708075,r,09/22/2026,11:29:45,eddie@node1j21.ecdf.ed.ac.uk,1
58972814,0.00104,get_psvm_t,s2017658,r,09/22/2026,11:24:05,eddie@node1r06.ecdf.ed.ac.uk,1
58975870,0.00101,QLOGIN,s1844143,r,09/22/2026,11:47:48,eddie@node1j24.ecdf.ed.ac.uk,1
58655621,0.00101,runlisfloo,awilso19,r,09/16/2026,00:52:15,eddie@node1m21.ecdf.ed.ac.uk,1,4929
58655621,0.00101,runlisfloo,awilso19,r,09/16/2026,00:52:15,eddie@node1m21.ecdf.ed.ac.uk,1,4930
58655621,0.00101,runlisfloo,awilso19,r,09/16/2026,00:52:15,eddie@node1m21.ecdf.ed.ac.uk,1,4931
58655621,0.00101,runlisfloo,awilso19,r,09/16/2026,00:52:15,eddie@node1m21.ecdf.ed.ac.uk,1,4932
58655621,0.00101,runlisfloo,awilso19,r,09/16/2026,00:52:15,eddie@node1m21.ecdf.ed.ac.uk,1,4933
58655621,0.00101,runlisfloo,awilso19,r,09/16/2026,00:52:15,eddie@node1m21.ecdf.ed.ac.uk,1,4934
58655621,0.00101,runlisfloo,awilso19,r,09/16/2026,00:52:15,eddie@node1m21.ecdf.ed.ac.uk,1,4935
58655621,0.00101,runlisfloo,awilso19,r,09/16/2026,00:52:15,eddie@node1m21.ecdf.ed.ac.uk,1,4936
58982984,0.00101,calval,s2441782,r,09/22/2026,14:00:32,eddie@node1e04.ecdf.ed.ac.uk,8,10
58655621,0.00099,runlisfloo,awilso19,r,09/15/2026,14:11:19,eddie@node1m18.ecdf.ed.ac.uk,1,4007
58982815,0.00098,runlisfloo,asiripat,r,09/22/2026,13:13:32,eddie@node1n02.ecdf.ed.ac.uk,1,2
58982984,0.00098,calval,s2441782,r,09/22/2026,14:01:17,eddie@node1m02.ecdf.ed.ac.uk,8,11
58982740,0.00098,g16a_sh_ou,s2759967,r,09/22/2026,12:55:18,eddie@node1l05.ecdf.ed.ac.uk,8
58655621,0.00097,runlisfloo,awilso19,r,09/16/2026,00:27:45,eddie@node1k15.ecdf.ed.ac.uk,1,4922
58655621,0.00097,runlisfloo,awilso19,r,09/16/2026,00:27:45,eddie@node1k15.ecdf.ed.ac.uk,1,4923
58655621,0.00097,runlisfloo,awilso19,r,09/16/2026,00:27:45,eddie@node1k15.ecdf.ed.ac.uk,1,4924
58655621,0.00097,runlisfloo,awilso19,r,09/16/2026,00:27:45,eddie@node1k15.ecdf.ed.ac.uk,1,4925
58655621,0.00097,runlisfloo,awilso19,r,09/16/2026,00:27:45,eddie@node1k15.ecdf.ed.ac.uk,1,4926
58655621,0.00097,runlisfloo,awilso19,r,09/16/2026,00:27:45,eddie@node1k15.ecdf.ed.ac.uk,1,4927
58655621,0.00097,runlisfloo,awilso19,r,09/16/2026,00:27:45,eddie@node1k15.ecdf.ed.ac.uk,1,4928
58982936,0.00097,QLOGIN,swilkins,r,09/22/2026,13:39:40,igmm_long@node1h02.ecdf.ed.ac.,1
58982984,0.00095,calval,s2441782,r,09/22/2026,14:01:17,eddie@node1d10.ecdf.ed.ac.uk,8,12
58982926,0.00095,QLOGIN,s2747831,r,09/22/2026,13:36:27,eddie@node1j24.ecdf.ed.ac.uk,1
58982903,0.00094,control_ve,amarti5,r,09/22/2026,13:27:41,eddie@node1r08.ecdf.ed.ac.uk,1,2
58982751,0.00094,Spermatogo,s2559269,r,09/22/2026,12:59:42,gpu@node1o15.ecdf.ed.ac.uk,10,1
58982984,0.00093,calval,s2441782,r,09/22/2026,14:02:02,eddie@node1j18.ecdf.ed.ac.uk,8,13
58982746,0.00093,DCV_STARma,s2711852,r,09/22/2026,12:58:32,eddie@node1k05.ecdf.ed.ac.uk,8,7
58953643,0.00092,QLOGIN,abrether,r,09/22/2026,09:53:34,igmm_long@node1h02.ecdf.ed.ac.,10
58982984,0.00091,calval,s2441782,r,09/22/2026,14:02:32,eddie@node1d09.ecdf.ed.ac.uk,8,14
58982984,0.00089,calval,s2441782,r,09/22/2026,14:02:32,eddie@node1f04.ecdf.ed.ac.uk,8,15
58982984,0.00087,calval,s2441782,r,09/22/2026,14:02:32,eddie@node1d04.ecdf.ed.ac.uk,8,16
58982984,0.00087,calval,s2441782,r,09/22/2026,14:02:32,eddie@node1f04.ecdf.ed.ac.uk,8,17
58982984,0.00087,calval,s2441782,r,09/22/2026,14:02:32,eddie@node1d02.ecdf.ed.ac.uk,8,18
58655621,0.00087,runlisfloo,awilso19,r,09/15/2026,14:11:19,eddie@node1m24.ecdf.ed.ac.uk,1,4008
58982984,0.00084,calval,s2441782,r,09/22/2026,14:02:47,eddie@node1d03.ecdf.ed.ac.uk,8,19
58982984,0.00084,calval,s2441782,r,09/22/2026,14:02:47,eddie@node1f04.ecdf.ed.ac.uk,8,20
58982984,0.00084,calval,s2441782,r,09/22/2026,14:02:47,eddie@node1e01.ecdf.ed.ac.uk,8,21
58982984,0.00084,calval,s2441782,r,09/22/2026,14:02:47,eddie@node1e05.ecdf.ed.ac.uk,8,22
58982984,0.00084,calval,s2441782,r,09/22/2026,14:02:47,eddie@node1d01.ecdf.ed.ac.uk,8,23
58982984,0.00084,calval,s2441782,r,09/22/2026,14:02:47,eddie@node1e03.ecdf.ed.ac.uk,8,24
58655621,0.00084,runlisfloo,awilso19,r,09/15/2026,23:00:13,eddie@node1m20.ecdf.ed.ac.uk,1,4914
58655621,0.00084,runlisfloo,awilso19,r,09/15/2026,23:00:13,eddie@node1m20.ecdf.ed.ac.uk,1,4915
58655621,0.00084,runlisfloo,awilso19,r,09/15/2026,23:00:13,eddie@node1m20.ecdf.ed.ac.uk,1,4916
58655621,0.00084,runlisfloo,awilso19,r,09/15/2026,23:00:13,eddie@node1m20.ecdf.ed.ac.uk,1,4917
58655621,0.00084,runlisfloo,awilso19,r,09/15/2026,23:00:13,eddie@node1m20.ecdf.ed.ac.uk,1,4918
58655621,0.00084,runlisfloo,awilso19,r,09/15/2026,23:00:13,eddie@node1m20.ecdf.ed.ac.uk,1,4919
58655621,0.00084,runlisfloo,awilso19,r,09/15/2026,23:00:13,eddie@node1m20.ecdf.ed.ac.uk,1,4920
58655621,0.00084,runlisfloo,awilso19,r,09/15/2026,23:00:13,eddie@node1m20.ecdf.ed.ac.uk,1,4921
58655621,0.00082,runlisfloo,awilso19,r,09/15/2026,22:55:13,eddie@node1m24.ecdf.ed.ac.uk,1,4906
58655621,0.00082,runlisfloo,awilso19,r,09/15/2026,22:55:13,eddie@node1m24.ecdf.ed.ac.uk,1,4907
58655621,0.00082,runlisfloo,awilso19,r,09/15/2026,22:55:13,eddie@node1m24.ecdf.ed.ac.uk,1,4908
58655621,0.00082,runlisfloo,awilso19,r,09/15/2026,22:55:13,eddie@node1m24.ecdf.ed.ac.uk,1,4909
58655621,0.00082,runlisfloo,awilso19,r,09/15/2026,22:55:13,eddie@node1m24.ecdf.ed.ac.uk,1,4910
58655621,0.00082,runlisfloo,awilso19,r,09/15/2026,22:55:13,eddie@node1m24.ecdf.ed.ac.uk,1,4911
58655621,0.00082,runlisfloo,awilso19,r,09/15/2026,22:55:13,eddie@node1m24.ecdf.ed.ac.uk,1,4912
58655621,0.00082,runlisfloo,awilso19,r,09/15/2026,22:55:13,eddie@node1m24.ecdf.ed.ac.uk,1,4913
58968224,0.00081,x_2R1,eshrimpt,r,09/22/2026,10:51:09,eddie@node1m04.ecdf.ed.ac.uk,4
58791116,0.00081,s22py5,gross33,r,09/21/2026,14:48:02,eddie@node1l01.ecdf.ed.ac.uk,1
58982984,0.00079,calval,s2441782,r,09/22/2026,14:03:02,eddie@node1d09.ecdf.ed.ac.uk,8,25
58982984,0.00079,calval,s2441782,r,09/22/2026,14:03:02,eddie@node1d09.ecdf.ed.ac.uk,8,26
58982984,0.00079,calval,s2441782,r,09/22/2026,14:03:02,eddie@node1e07.ecdf.ed.ac.uk,8,27
58982984,0.00079,calval,s2441782,r,09/22/2026,14:03:02,eddie@node1e06.ecdf.ed.ac.uk,8,29
58982984,0.00079,calval,s2441782,r,09/22/2026,14:03:02,eddie@node1e06.ecdf.ed.ac.uk,8,30
58982984,0.00079,calval,s2441782,r,09/22/2026,14:03:02,eddie@node1e02.ecdf.ed.ac.uk,8,31
58982984,0.00079,calval,s2441782,r,09/22/2026,14:03:02,eddie@node1e02.ecdf.ed.ac.uk,8,32
58655621,0.00077,runlisfloo,awilso19,r,09/15/2026,14:11:19,eddie@node1m18.ecdf.ed.ac.uk,1,4009
58982746,0.00076,DCV_STARma,s2711852,r,09/22/2026,12:58:32,eddie@node1l05.ecdf.ed.ac.uk,8,20
58982984,0.00076,calval,s2441782,r,09/22/2026,14:56:56,eddie@node1i02.ecdf.ed.ac.uk,8,105
58982984,0.00076,calval,s2441782,r,09/22/2026,14:03:17,eddie@node1e04.ecdf.ed.ac.uk,8,33
58982984,0.00076,calval,s2441782,r,09/22/2026,14:03:17,eddie@node1e08.ecdf.ed.ac.uk,8,34
58982984,0.00076,calval,s2441782,r,09/22/2026,14:03:17,eddie@node1e04.ecdf.ed.ac.uk,8,35
58982984,0.00076,calval,s2441782,r,09/22/2026,14:03:17,eddie@node1e08.ecdf.ed.ac.uk,8,36
58982984,0.00076,calval,s2441782,r,09/22/2026,14:03:17,eddie@node1e04.ecdf.ed.ac.uk,8,38
58982984,0.00076,calval,s2441782,r,09/22/2026,14:03:17,eddie@node1e02.ecdf.ed.ac.uk,8,39
58982984,0.00076,calval,s2441782,r,09/22/2026,14:03:17,eddie@node1e02.ecdf.ed.ac.uk,8,40
58954546,0.00075,huber-swee,s2907628,r,09/22/2026,09:57:12,eddie@node1l24.ecdf.ed.ac.uk,1,2
58982746,0.00075,DCV_STARma,s2711852,r,09/22/2026,13:08:47,eddie@node1l09.ecdf.ed.ac.uk,8,26
58982984,0.00075,calval,s2441782,r,09/22/2026,14:48:11,eddie@node1e04.ecdf.ed.ac.uk,8,104
58982984,0.00075,calval,s2441782,r,09/22/2026,14:47:41,eddie@node1h11.ecdf.ed.ac.uk,8,103
58982984,0.00075,calval,s2441782,r,09/22/2026,14:46:41,eddie@node1k02.ecdf.ed.ac.uk,8,102
58982984,0.00075,calval,s2441782,r,09/22/2026,14:44:56,eddie@node1l19.ecdf.ed.ac.uk,8,98
58982984,0.00075,calval,s2441782,r,09/22/2026,14:44:56,eddie@node1l19.ecdf.ed.ac.uk,8,99
58982984,0.00075,calval,s2441782,r,09/22/2026,14:45:26,eddie@node1l21.ecdf.ed.ac.uk,8,100
58982984,0.00075,calval,s2441782,r,09/22/2026,14:44:04,eddie@node1h21.ecdf.ed.ac.uk,8,97
58982984,0.00074,calval,s2441782,r,09/22/2026,14:45:41,eddie@node1j17.ecdf.ed.ac.uk,8,101
58982984,0.00074,calval,s2441782,r,09/22/2026,14:42:41,eddie@node1s15.ecdf.ed.ac.uk,8,95
58982984,0.00074,calval,s2441782,r,09/22/2026,14:42:41,eddie@node1j23.ecdf.ed.ac.uk,8,96
58982984,0.00074,calval,s2441782,r,09/22/2026,14:40:13,eddie@node1j07.ecdf.ed.ac.uk,8,94
58982970,0.00074,QLOGIN,s2601697,r,09/22/2026,13:52:49,staging@node1f14.ecdf.ed.ac.uk,1
58982984,0.00074,calval,s2441782,r,09/22/2026,14:38:28,eddie@node1j08.ecdf.ed.ac.uk,8,90
58982984,0.00074,calval,s2441782,r,09/22/2026,14:38:28,eddie@node1j09.ecdf.ed.ac.uk,8,91
58982984,0.00074,calval,s2441782,r,09/22/2026,14:39:13,eddie@node1h04.ecdf.ed.ac.uk,8,92
58982984,0.00074,calval,s2441782,r,09/22/2026,14:35:50,eddie@node1e04.ecdf.ed.ac.uk,8,89
58982984,0.00074,calval,s2441782,r,09/22/2026,14:39:43,eddie@node1l26.ecdf.ed.ac.uk,8,93
58982984,0.00074,calval,s2441782,r,09/22/2026,14:03:32,eddie@node1e08.ecdf.ed.ac.uk,8,41
58982984,0.00074,calval,s2441782,r,09/22/2026,14:03:32,eddie@node1e08.ecdf.ed.ac.uk,8,42
58982984,0.00073,calval,s2441782,r,09/22/2026,14:03:47,eddie@node1m07.ecdf.ed.ac.uk,8,43
58982984,0.00073,calval,s2441782,r,09/22/2026,14:03:47,eddie@node1e06.ecdf.ed.ac.uk,8,44
58982984,0.00073,calval,s2441782,r,09/22/2026,14:03:47,eddie@node1e06.ecdf.ed.ac.uk,8,45
58982984,0.00073,calval,s2441782,r,09/22/2026,14:03:47,eddie@node1e08.ecdf.ed.ac.uk,8,46
58982984,0.00073,calval,s2441782,r,09/22/2026,14:03:47,eddie@node1e09.ecdf.ed.ac.uk,8,47
58982984,0.00073,calval,s2441782,r,09/22/2026,14:03:47,eddie@node1e09.ecdf.ed.ac.uk,8,48
58982984,0.00073,calval,s2441782,r,09/22/2026,14:03:47,eddie@node1e09.ecdf.ed.ac.uk,8,49
58982984,0.00073,calval,s2441782,r,09/22/2026,14:03:47,eddie@node1e09.ecdf.ed.ac.uk,8,50
58982984,0.00073,calval,s2441782,r,09/22/2026,14:29:25,eddie@node1k01.ecdf.ed.ac.uk,8,88
58982984,0.00072,calval,s2441782,r,09/22/2026,14:27:24,eddie@node1j03.ecdf.ed.ac.uk,8,87
58982984,0.00072,calval,s2441782,r,09/22/2026,14:04:02,eddie@node1e07.ecdf.ed.ac.uk,8,51
58982984,0.00072,calval,s2441782,r,09/22/2026,14:04:02,eddie@node1e01.ecdf.ed.ac.uk,8,52
58982984,0.00072,calval,s2441782,r,09/22/2026,14:04:02,eddie@node1e05.ecdf.ed.ac.uk,8,53
58982984,0.00072,calval,s2441782,r,09/22/2026,14:04:02,eddie@node1e01.ecdf.ed.ac.uk,8,54
58982984,0.00072,calval,s2441782,r,09/22/2026,14:04:02,eddie@node1e01.ecdf.ed.ac.uk,8,55
58982984,0.00071,calval,s2441782,r,09/22/2026,14:04:17,eddie@node1e07.ecdf.ed.ac.uk,8,56
58982984,0.00071,calval,s2441782,r,09/22/2026,14:04:17,eddie@node1e07.ecdf.ed.ac.uk,8,57
58982984,0.00071,calval,s2441782,r,09/22/2026,14:04:17,eddie@node1e05.ecdf.ed.ac.uk,8,58
58982984,0.00071,calval,s2441782,r,09/22/2026,14:19:10,eddie@node1e05.ecdf.ed.ac.uk,8,85
58982984,0.00071,calval,s2441782,r,09/22/2026,14:19:40,eddie@node1m01.ecdf.ed.ac.uk,8,86
58982984,0.00071,calval,s2441782,r,09/22/2026,14:10:47,eddie@node1l02.ecdf.ed.ac.uk,8,66
58982984,0.00071,calval,s2441782,r,09/22/2026,14:10:47,eddie@node1m07.ecdf.ed.ac.uk,8,67
58982984,0.00071,calval,s2441782,r,09/22/2026,14:10:47,eddie@node1l10.ecdf.ed.ac.uk,8,68
58982984,0.00071,calval,s2441782,r,09/22/2026,14:07:02,eddie@node1l05.ecdf.ed.ac.uk,8,62
58982984,0.00071,calval,s2441782,r,09/22/2026,14:11:02,eddie@node1j03.ecdf.ed.ac.uk,8,69
58982984,0.00071,calval,s2441782,r,09/22/2026,14:11:02,eddie@node1l10.ecdf.ed.ac.uk,8,70
58982984,0.00071,calval,s2441782,r,09/22/2026,14:05:17,eddie@node1m02.ecdf.ed.ac.uk,8,59
58982984,0.00071,calval,s2441782,r,09/22/2026,14:07:17,eddie@node1m03.ecdf.ed.ac.uk,8,63
58982984,0.00071,calval,s2441782,r,09/22/2026,14:05:32,eddie@node1j11.ecdf.ed.ac.uk,8,60
58982984,0.00071,calval,s2441782,r,09/22/2026,14:07:32,eddie@node1m03.ecdf.ed.ac.uk,8,64
58982984,0.00071,calval,s2441782,r,09/22/2026,14:11:15,eddie@node1j08.ecdf.ed.ac.uk,8,71
58982984,0.00071,calval,s2441782,r,09/22/2026,14:11:15,eddie@node1j01.ecdf.ed.ac.uk,8,72
58982984,0.00071,calval,s2441782,r,09/22/2026,14:11:15,eddie@node1k02.ecdf.ed.ac.uk,8,73
58982984,0.00071,calval,s2441782,r,09/22/2026,14:11:15,eddie@node1j01.ecdf.ed.ac.uk,8,74
58982984,0.00071,calval,s2441782,r,09/22/2026,14:11:15,eddie@node1l01.ecdf.ed.ac.uk,8,75
58982984,0.00071,calval,s2441782,r,09/22/2026,14:09:17,eddie@node1k05.ecdf.ed.ac.uk,8,65
58982984,0.00071,calval,s2441782,r,09/22/2026,14:06:02,eddie@node1j02.ecdf.ed.ac.uk,8,61
58982984,0.00071,calval,s2441782,r,09/22/2026,14:11:30,eddie@node1j09.ecdf.ed.ac.uk,8,76
58982984,0.00071,calval,s2441782,r,09/22/2026,14:11:30,eddie@node1j01.ecdf.ed.ac.uk,8,77
58982984,0.00071,calval,s2441782,r,09/22/2026,14:13:30,eddie@node1k01.ecdf.ed.ac.uk,8,84
58982984,0.00071,calval,s2441782,r,09/22/2026,14:11:45,eddie@node1j06.ecdf.ed.ac.uk,8,78
58982984,0.00071,calval,s2441782,r,09/22/2026,14:12:45,eddie@node1j07.ecdf.ed.ac.uk,8,82
58982984,0.00071,calval,s2441782,r,09/22/2026,14:12:45,eddie@node1j07.ecdf.ed.ac.uk,8,83
58982984,0.00070,calval,s2441782,r,09/22/2026,14:12:00,eddie@node1k03.ecdf.ed.ac.uk,8,79
58982984,0.00070,calval,s2441782,r,09/22/2026,14:12:00,eddie@node1k03.ecdf.ed.ac.uk,8,80
58982984,0.00070,calval,s2441782,r,09/22/2026,14:12:00,eddie@node1j23.ecdf.ed.ac.uk,8,81
58655621,0.00070,runlisfloo,awilso19,r,09/15/2026,21:41:46,eddie@node1m19.ecdf.ed.ac.uk,1,4898
58655621,0.00070,runlisfloo,awilso19,r,09/15/2026,21:41:46,eddie@node1m19.ecdf.ed.ac.uk,1,4899
58655621,0.00070,runlisfloo,awilso19,r,09/15/2026,21:41:46,eddie@node1m19.ecdf.ed.ac.uk,1,4900
58655621,0.00070,runlisfloo,awilso19,r,09/15/2026,21:41:46,eddie@node1m19.ecdf.ed.ac.uk,1,4901
58655621,0.00070,runlisfloo,awilso19,r,09/15/2026,21:41:46,eddie@node1m19.ecdf.ed.ac.uk,1,4902
58655621,0.00070,runlisfloo,awilso19,r,09/15/2026,21:41:46,eddie@node1m19.ecdf.ed.ac.uk,1,4903
58655621,0.00070,runlisfloo,awilso19,r,09/15/2026,21:41:46,eddie@node1m19.ecdf.ed.ac.uk,1,4904
58655621,0.00070,runlisfloo,awilso19,r,09/15/2026,21:41:46,eddie@node1m19.ecdf.ed.ac.uk,1,4905
58655621,0.00070,runlisfloo,awilso19,r,09/15/2026,21:30:46,eddie@node1m24.ecdf.ed.ac.uk,1,4890
58655621,0.00070,runlisfloo,awilso19,r,09/15/2026,21:30:46,eddie@node1m24.ecdf.ed.ac.uk,1,4891
58655621,0.00070,runlisfloo,awilso19,r,09/15/2026,21:30:46,eddie@node1m24.ecdf.ed.ac.uk,1,4892
58655621,0.00070,runlisfloo,awilso19,r,09/15/2026,21:30:46,eddie@node1m24.ecdf.ed.ac.uk,1,4893
58655621,0.00070,runlisfloo,awilso19,r,09/15/2026,21:30:46,eddie@node1m24.ecdf.ed.ac.uk,1,4894
58655621,0.00070,runlisfloo,awilso19,r,09/15/2026,21:30:46,eddie@node1m24.ecdf.ed.ac.uk,1,4895
58655621,0.00070,runlisfloo,awilso19,r,09/15/2026,21:30:46,eddie@node1m24.ecdf.ed.ac.uk,1,4896
58655621,0.00070,runlisfloo,awilso19,r,09/15/2026,21:30:46,eddie@node1m24.ecdf.ed.ac.uk,1,4897
58972815,0.00069,get_psvm_t,s2017658,r,09/22/2026,11:24:05,eddie@node1h09.ecdf.ed.ac.uk,1
58655621,0.00069,runlisfloo,awilso19,r,09/15/2026,14:11:19,eddie@node1m24.ecdf.ed.ac.uk,1,4010
58976775,0.00069,QLOGIN,dlarson,r,09/22/2026,11:52:08,staging@node1f17.ecdf.ed.ac.uk,1
58979998,0.00069,QLOGIN,jthoms24,r,09/22/2026,12:07:18,igmm_long@node1h02.ecdf.ed.ac.,1
58791117,0.00067,s22py6,gross33,r,09/21/2026,14:48:02,eddie@node1m07.ecdf.ed.ac.uk,1
58655621,0.00066,runlisfloo,awilso19,r,09/15/2026,21:13:36,eddie@node1m18.ecdf.ed.ac.uk,1,4882
58655621,0.00066,runlisfloo,awilso19,r,09/15/2026,21:13:36,eddie@node1m18.ecdf.ed.ac.uk,1,4883
58655621,0.00066,runlisfloo,awilso19,r,09/15/2026,21:13:36,eddie@node1m18.ecdf.ed.ac.uk,1,4884
58655621,0.00066,runlisfloo,awilso19,r,09/15/2026,21:13:36,eddie@node1m18.ecdf.ed.ac.uk,1,4885
58655621,0.00066,runlisfloo,awilso19,r,09/15/2026,21:13:36,eddie@node1m18.ecdf.ed.ac.uk,1,4886
58655621,0.00066,runlisfloo,awilso19,r,09/15/2026,21:13:36,eddie@node1m18.ecdf.ed.ac.uk,1,4887
58655621,0.00066,runlisfloo,awilso19,r,09/15/2026,21:13:36,eddie@node1m18.ecdf.ed.ac.uk,1,4888
58655621,0.00066,runlisfloo,awilso19,r,09/15/2026,21:13:36,eddie@node1m18.ecdf.ed.ac.uk,1,4889
58982781,0.00066,QLOGIN,s1913073,r,09/22/2026,13:07:57,eddie@node1j24.ecdf.ed.ac.uk,1
58982815,0.00065,runlisfloo,asiripat,r,09/22/2026,13:13:32,eddie@node1f07.ecdf.ed.ac.uk,1,3
58982812,0.00065,ce1,gs10us1,r,09/22/2026,13:57:32,eddie@node1l17.ecdf.ed.ac.uk,4
58968269,0.00063,x_2TL,eshrimpt,r,09/22/2026,10:51:09,eddie@node1j18.ecdf.ed.ac.uk,4
58982903,0.00063,control_ve,amarti5,r,09/22/2026,13:27:41,eddie@node1h08.ecdf.ed.ac.uk,1,3
58655621,0.00063,runlisfloo,awilso19,r,09/15/2026,14:11:19,eddie@node1m18.ecdf.ed.ac.uk,1,4011
58982933,0.00061,ce1,gs10us1,r,09/22/2026,13:57:47,eddie@node1l13.ecdf.ed.ac.uk,4
58655621,0.00061,runlisfloo,awilso19,r,09/15/2026,20:37:56,eddie@node1m22.ecdf.ed.ac.uk,1,4874
58655621,0.00061,runlisfloo,awilso19,r,09/15/2026,20:37:56,eddie@node1m22.ecdf.ed.ac.uk,1,4875
58655621,0.00061,runlisfloo,awilso19,r,09/15/2026,20:37:56,eddie@node1m22.ecdf.ed.ac.uk,1,4876
58655621,0.00061,runlisfloo,awilso19,r,09/15/2026,20:37:56,eddie@node1m22.ecdf.ed.ac.uk,1,4877
58655621,0.00061,runlisfloo,awilso19,r,09/15/2026,20:37:56,eddie@node1m22.ecdf.ed.ac.uk,1,4878
58655621,0.00061,runlisfloo,awilso19,r,09/15/2026,20:37:56,eddie@node1m22.ecdf.ed.ac.uk,1,4879
58655621,0.00061,runlisfloo,awilso19,r,09/15/2026,20:37:56,eddie@node1m22.ecdf.ed.ac.uk,1,4880
58655621,0.00061,runlisfloo,awilso19,r,09/15/2026,20:37:56,eddie@node1m22.ecdf.ed.ac.uk,1,4881
58049352,0.00061,b_Wetland_,s2719294,r,09/04/2026,14:31:56,eddie@node1g08.ecdf.ed.ac.uk,2
58794350,0.00061,s5arr,s2609353,r,09/21/2026,17:54:51,eddie@node1p09.ecdf.ed.ac.uk,4,12
58655621,0.00058,runlisfloo,awilso19,r,09/15/2026,20:21:14,eddie@node1m24.ecdf.ed.ac.uk,1,4866
58655621,0.00058,runlisfloo,awilso19,r,09/15/2026,20:21:14,eddie@node1m24.ecdf.ed.ac.uk,1,4867
58655621,0.00058,runlisfloo,awilso19,r,09/15/2026,20:21:14,eddie@node1m24.ecdf.ed.ac.uk,1,4868
58655621,0.00058,runlisfloo,awilso19,r,09/15/2026,20:21:14,eddie@node1m24.ecdf.ed.ac.uk,1,4869
58655621,0.00058,runlisfloo,awilso19,r,09/15/2026,20:21:14,eddie@node1m24.ecdf.ed.ac.uk,1,4870
58655621,0.00058,runlisfloo,awilso19,r,09/15/2026,20:21:14,eddie@node1m24.ecdf.ed.ac.uk,1,4871
58655621,0.00058,runlisfloo,awilso19,r,09/15/2026,20:21:14,eddie@node1m24.ecdf.ed.ac.uk,1,4872
58655621,0.00058,runlisfloo,awilso19,r,09/15/2026,20:21:14,eddie@node1m24.ecdf.ed.ac.uk,1,4873
58655621,0.00058,runlisfloo,awilso19,r,09/15/2026,14:11:19,eddie@node1m24.ecdf.ed.ac.uk,1,4012
58982744,0.00057,Spermaotog,s2559269,r,09/22/2026,12:57:18,igmm_long@node1c03.ecdf.ed.ac.,6,1
58982744,0.00057,Spermaotog,s2559269,r,09/22/2026,12:57:18,igmm_long@node1a07.ecdf.ed.ac.,6,2
58982744,0.00057,Spermaotog,s2559269,r,09/22/2026,12:57:18,igmm_long@node1a03.ecdf.ed.ac.,6,3
58982744,0.00057,Spermaotog,s2559269,r,09/22/2026,12:57:18,igmm_long@node1b06.ecdf.ed.ac.,6,4
58982917,0.00057,Spermaotog,s2559269,r,09/22/2026,13:32:11,igmm_long@node1c08.ecdf.ed.ac.,6,1
58982917,0.00057,Spermaotog,s2559269,r,09/22/2026,13:32:11,igmm_long@node1a06.ecdf.ed.ac.,6,2
58982917,0.00057,Spermaotog,s2559269,r,09/22/2026,13:32:11,igmm_long@node1b04.ecdf.ed.ac.,6,3
58982917,0.00057,Spermaotog,s2559269,r,09/22/2026,13:32:11,igmm_long@node1c07.ecdf.ed.ac.,6,4
58655621,0.00056,runlisfloo,awilso19,r,09/15/2026,20:07:32,eddie@node1n08.ecdf.ed.ac.uk,1,4858
58655621,0.00056,runlisfloo,awilso19,r,09/15/2026,20:07:32,eddie@node1n08.ecdf.ed.ac.uk,1,4859
58655621,0.00056,runlisfloo,awilso19,r,09/15/2026,20:07:32,eddie@node1n08.ecdf.ed.ac.uk,1,4860
58655621,0.00056,runlisfloo,awilso19,r,09/15/2026,20:07:32,eddie@node1n08.ecdf.ed.ac.uk,1,4861
58655621,0.00056,runlisfloo,awilso19,r,09/15/2026,20:07:32,eddie@node1n08.ecdf.ed.ac.uk,1,4862
58655621,0.00056,runlisfloo,awilso19,r,09/15/2026,20:07:32,eddie@node1n08.ecdf.ed.ac.uk,1,4863
58655621,0.00056,runlisfloo,awilso19,r,09/15/2026,20:07:32,eddie@node1n08.ecdf.ed.ac.uk,1,4864
58655621,0.00056,runlisfloo,awilso19,r,09/15/2026,20:07:32,eddie@node1n08.ecdf.ed.ac.uk,1,4865
58791626,0.00055,bb_no_rw_l,s2751530,r,09/21/2026,14:59:17,eddie@node1l20.ecdf.ed.ac.uk,1,7
58968282,0.00054,x_4FO,eshrimpt,r,09/22/2026,10:51:24,eddie@node1l07.ecdf.ed.ac.uk,4
58655621,0.00054,runlisfloo,awilso19,r,09/15/2026,19:51:47,eddie@node1m19.ecdf.ed.ac.uk,1,4850
58655621,0.00054,runlisfloo,awilso19,r,09/15/2026,19:51:47,eddie@node1m19.ecdf.ed.ac.uk,1,4851
58655621,0.00054,runlisfloo,awilso19,r,09/15/2026,19:51:47,eddie@node1m19.ecdf.ed.ac.uk,1,4852
58655621,0.00054,runlisfloo,awilso19,r,09/15/2026,19:51:47,eddie@node1m19.ecdf.ed.ac.uk,1,4853
58655621,0.00054,runlisfloo,awilso19,r,09/15/2026,19:51:47,eddie@node1m19.ecdf.ed.ac.uk,1,4854
58655621,0.00054,runlisfloo,awilso19,r,09/15/2026,19:51:47,eddie@node1m19.ecdf.ed.ac.uk,1,4855
58655621,0.00054,runlisfloo,awilso19,r,09/15/2026,19:51:47,eddie@node1m19.ecdf.ed.ac.uk,1,4856
58655621,0.00054,runlisfloo,awilso19,r,09/15/2026,19:51:47,eddie@node1m19.ecdf.ed.ac.uk,1,4857
58982999,0.00053,ce1,gs10us1,r,09/22/2026,14:37:43,eddie@node1l16.ecdf.ed.ac.uk,4
58655621,0.00053,runlisfloo,awilso19,r,09/15/2026,14:11:19,eddie@node1m18.ecdf.ed.ac.uk,1,4013
58826380,0.00053,l0p04_L153,s2563493,r,09/21/2026,22:43:59,gpu@node1o02.ecdf.ed.ac.uk,1
58655621,0.00053,runlisfloo,awilso19,r,09/15/2026,19:48:32,eddie@node1m22.ecdf.ed.ac.uk,1,4842
58655621,0.00053,runlisfloo,awilso19,r,09/15/2026,19:48:32,eddie@node1m22.ecdf.ed.ac.uk,1,4843
58655621,0.00053,runlisfloo,awilso19,r,09/15/2026,19:48:32,eddie@node1m22.ecdf.ed.ac.uk,1,4844
58655621,0.00053,runlisfloo,awilso19,r,09/15/2026,19:48:32,eddie@node1m22.ecdf.ed.ac.uk,1,4845
58655621,0.00053,runlisfloo,awilso19,r,09/15/2026,19:48:32,eddie@node1m22.ecdf.ed.ac.uk,1,4846
58655621,0.00053,runlisfloo,awilso19,r,09/15/2026,19:48:32,eddie@node1m22.ecdf.ed.ac.uk,1,4847
58655621,0.00053,runlisfloo,awilso19,r,09/15/2026,19:48:32,eddie@node1m22.ecdf.ed.ac.uk,1,4848
58655621,0.00053,runlisfloo,awilso19,r,09/15/2026,19:48:32,eddie@node1m22.ecdf.ed.ac.uk,1,4849
58655621,0.00053,runlisfloo,awilso19,r,09/15/2026,19:43:19,eddie@node1m22.ecdf.ed.ac.uk,1,4834
58655621,0.00053,runlisfloo,awilso19,r,09/15/2026,19:43:19,eddie@node1m22.ecdf.ed.ac.uk,1,4835
58655621,0.00053,runlisfloo,awilso19,r,09/15/2026,19:43:19,eddie@node1m22.ecdf.ed.ac.uk,1,4836
58655621,0.00053,runlisfloo,awilso19,r,09/15/2026,19:43:19,eddie@node1m22.ecdf.ed.ac.uk,1,4837
58655621,0.00053,runlisfloo,awilso19,r,09/15/2026,19:43:19,eddie@node1m22.ecdf.ed.ac.uk,1,4838
58655621,0.00053,runlisfloo,awilso19,r,09/15/2026,19:43:19,eddie@node1m22.ecdf.ed.ac.uk,1,4839
58655621,0.00053,runlisfloo,awilso19,r,09/15/2026,19:43:19,eddie@node1m22.ecdf.ed.ac.uk,1,4840
58655621,0.00053,runlisfloo,awilso19,r,09/15/2026,19:43:19,eddie@node1m22.ecdf.ed.ac.uk,1,4841
58972816,0.00052,get_psvm_t,s2017658,r,09/22/2026,11:24:05,eddie@node1s15.ecdf.ed.ac.uk,1
58968275,0.00051,x_3GL,eshrimpt,r,09/22/2026,10:51:09,eddie@node1e04.ecdf.ed.ac.uk,4
58978199,0.00051,QLOGIN,dlarson,r,09/22/2026,11:58:54,staging@node1f17.ecdf.ed.ac.uk,1
58983341,0.00051,okc164_pow,gross33,r,09/22/2026,14:56:41,eddie@node1l23.ecdf.ed.ac.uk,1,1
58791119,0.00051,s22py8,gross33,r,09/21/2026,14:48:04,eddie@node1l10.ecdf.ed.ac.uk,1
58983326,0.00050,D2_four_fu,s2974111,r,09/22/2026,14:46:11,eddie@node1r15.ecdf.ed.ac.uk,1
58655621,0.00049,runlisfloo,awilso19,r,09/15/2026,14:11:19,eddie@node1m24.ecdf.ed.ac.uk,1,4014
58982815,0.00049,runlisfloo,asiripat,r,09/22/2026,13:13:32,eddie@node1n03.ecdf.ed.ac.uk,1,4
58968285,0.00049,x_5R5,eshrimpt,r,09/22/2026,10:51:24,eddie@node1d10.ecdf.ed.ac.uk,4
58791626,0.00049,bb_no_rw_l,s2751530,r,09/21/2026,14:59:17,eddie@node1j11.ecdf.ed.ac.uk,1,8
58826520,0.00048,l0p0075_L1,s2563493,r,09/21/2026,22:51:51,gpu@node1o02.ecdf.ed.ac.uk,1
58982873,0.00048,QLOGIN,s2520601,r,09/22/2026,13:23:59,eddie@node1j24.ecdf.ed.ac.uk,1
58982903,0.00047,control_ve,amarti5,r,09/22/2026,13:27:41,eddie@node1s20.ecdf.ed.ac.uk,1,4
58982591,0.00047,ce1,gs10us1,r,09/22/2026,12:29:14,eddie@node1l17.ecdf.ed.ac.uk,4
58968376,0.00047,x_5VV,eshrimpt,r,09/22/2026,10:51:24,eddie@node1d04.ecdf.ed.ac.uk,4
58655621,0.00046,runlisfloo,awilso19,r,09/15/2026,14:11:19,eddie@node1m18.ecdf.ed.ac.uk,1,4015
58968377,0.00045,x_6ZS,eshrimpt,r,09/22/2026,10:51:24,eddie@node1e01.ecdf.ed.ac.uk,4
58826300,0.00045,g16a_ococh,s2759967,r,09/21/2026,22:41:12,eddie@node1r05.ecdf.ed.ac.uk,4
58826310,0.00045,g16a_oph_o,s2759967,r,09/21/2026,22:41:12,eddie@node1r08.ecdf.ed.ac.uk,4
58791120,0.00045,s22py9,gross33,r,09/21/2026,14:48:04,eddie@node1j08.ecdf.ed.ac.uk,1
58983341,0.00044,okc164_pow,gross33,r,09/22/2026,14:56:41,eddie@node1r09.ecdf.ed.ac.uk,1,2
58983327,0.00044,D2_four_fu,s2974111,r,09/22/2026,14:46:11,eddie@node1r15.ecdf.ed.ac.uk,1
58968379,0.00044,x_7C9,eshrimpt,r,09/22/2026,10:51:39,eddie@node1j17.ecdf.ed.ac.uk,4
58655621,0.00043,runlisfloo,awilso19,r,09/15/2026,18:48:27,eddie@node1m23.ecdf.ed.ac.uk,1,4826
58655621,0.00043,runlisfloo,awilso19,r,09/15/2026,18:48:27,eddie@node1m23.ecdf.ed.ac.uk,1,4827
58655621,0.00043,runlisfloo,awilso19,r,09/15/2026,18:48:27,eddie@node1m23.ecdf.ed.ac.uk,1,4828
58655621,0.00043,runlisfloo,awilso19,r,09/15/2026,18:48:27,eddie@node1m23.ecdf.ed.ac.uk,1,4829
58655621,0.00043,runlisfloo,awilso19,r,09/15/2026,18:48:27,eddie@node1m23.ecdf.ed.ac.uk,1,4830
58655621,0.00043,runlisfloo,awilso19,r,09/15/2026,18:48:27,eddie@node1m23.ecdf.ed.ac.uk,1,4831
58655621,0.00043,runlisfloo,awilso19,r,09/15/2026,18:48:27,eddie@node1m23.ecdf.ed.ac.uk,1,4832
58655621,0.00043,runlisfloo,awilso19,r,09/15/2026,18:48:27,eddie@node1m23.ecdf.ed.ac.uk,1,4833
58655621,0.00043,runlisfloo,awilso19,r,09/15/2026,14:11:19,eddie@node1m24.ecdf.ed.ac.uk,1,4016
58826567,0.00043,l0p035_L15,s2563493,r,09/21/2026,22:53:25,gpu@node1o01.ecdf.ed.ac.uk,1
58982592,0.00043,ce1,gs10us1,r,09/22/2026,12:38:20,eddie@node1l16.ecdf.ed.ac.uk,4
58962585,0.00043,tst,s2907628,r,09/22/2026,10:28:03,eddie@node1j03.ecdf.ed.ac.uk,1
58655621,0.00042,runlisfloo,awilso19,r,09/15/2026,18:37:42,eddie@node1m19.ecdf.ed.ac.uk,1,4814
58655621,0.00042,runlisfloo,awilso19,r,09/15/2026,18:37:42,eddie@node1m19.ecdf.ed.ac.uk,1,4815
58655621,0.00042,runlisfloo,awilso19,r,09/15/2026,18:37:42,eddie@node1m19.ecdf.ed.ac.uk,1,4816
58655621,0.00042,runlisfloo,awilso19,r,09/15/2026,18:37:42,eddie@node1m19.ecdf.ed.ac.uk,1,4817
58655621,0.00042,runlisfloo,awilso19,r,09/15/2026,18:37:42,eddie@node1m19.ecdf.ed.ac.uk,1,4818
58655621,0.00042,runlisfloo,awilso19,r,09/15/2026,18:37:42,eddie@node1m19.ecdf.ed.ac.uk,1,4819
58655621,0.00042,runlisfloo,awilso19,r,09/15/2026,18:37:42,eddie@node1m19.ecdf.ed.ac.uk,1,4820
58655621,0.00042,runlisfloo,awilso19,r,09/15/2026,18:37:42,eddie@node1m19.ecdf.ed.ac.uk,1,4821
58972817,0.00042,get_psvm_t,s2017658,r,09/22/2026,11:24:05,eddie@node1s15.ecdf.ed.ac.uk,1
58655621,0.00041,runlisfloo,awilso19,r,09/15/2026,14:11:19,eddie@node1m18.ecdf.ed.ac.uk,1,4017
58826007,0.00040,l0p05_L614,s2563493,r,09/21/2026,22:31:53,gpu@node1o02.ecdf.ed.ac.uk,2
58968386,0.00040,A0A,eshrimpt,r,09/22/2026,10:51:39,eddie@node1e08.ecdf.ed.ac.uk,4
58983341,0.00039,okc164_pow,gross33,r,09/22/2026,14:56:41,eddie@node1r09.ecdf.ed.ac.uk,1,3
58137575,0.00039,h_ocExin,s2719294,r,09/07/2026,11:11:03,eddie@node1q04.ecdf.ed.ac.uk,2
58982815,0.00039,runlisfloo,asiripat,r,09/22/2026,13:13:32,eddie@node1i13.ecdf.ed.ac.uk,1,5
58049393,0.00039,h_ocExstor,s2719294,r,09/04/2026,14:43:58,eddie@node1g10.ecdf.ed.ac.uk,2
58983328,0.00039,D2_four_fu,s2974111,r,09/22/2026,14:46:26,eddie@node1f11.ecdf.ed.ac.uk,1
58791626,0.00039,bb_no_rw_l,s2751530,r,09/21/2026,14:59:17,eddie@node1j17.ecdf.ed.ac.uk,1,10
58826733,0.00039,l0p01_L153,s2563493,r,09/21/2026,23:03:24,gpu@node1o01.ecdf.ed.ac.uk,1
58655621,0.00038,runlisfloo,awilso19,r,09/15/2026,14:11:19,eddie@node1m24.ecdf.ed.ac.uk,1,4018
58826137,0.00038,l0p045_L61,s2563493,r,09/21/2026,22:34:55,gpu@node1o01.ecdf.ed.ac.uk,2
58982903,0.00038,control_ve,amarti5,r,09/22/2026,13:27:41,eddie@node1s20.ecdf.ed.ac.uk,1,5
58826921,0.00037,l0p0075_L2,s2563493,r,09/21/2026,23:15:51,gpu@node1o02.ecdf.ed.ac.uk,1
58655621,0.00036,runlisfloo,awilso19,r,09/15/2026,14:11:19,eddie@node1m22.ecdf.ed.ac.uk,1,4019
58655621,0.00036,runlisfloo,awilso19,r,09/15/2026,17:58:05,eddie@node1m21.ecdf.ed.ac.uk,1,4806
58655621,0.00036,runlisfloo,awilso19,r,09/15/2026,17:58:05,eddie@node1m21.ecdf.ed.ac.uk,1,4807
58655621,0.00036,runlisfloo,awilso19,r,09/15/2026,17:58:05,eddie@node1m21.ecdf.ed.ac.uk,1,4808
58655621,0.00036,runlisfloo,awilso19,r,09/15/2026,17:58:05,eddie@node1m21.ecdf.ed.ac.uk,1,4809
58655621,0.00036,runlisfloo,awilso19,r,09/15/2026,17:58:05,eddie@node1m21.ecdf.ed.ac.uk,1,4810
58655621,0.00036,runlisfloo,awilso19,r,09/15/2026,17:58:05,eddie@node1m21.ecdf.ed.ac.uk,1,4811
58655621,0.00036,runlisfloo,awilso19,r,09/15/2026,17:58:05,eddie@node1m21.ecdf.ed.ac.uk,1,4812
58655621,0.00036,runlisfloo,awilso19,r,09/15/2026,17:58:05,eddie@node1m21.ecdf.ed.ac.uk,1,4813
58983084,0.00036,QLOGIN,gclarte,r,09/22/2026,14:11:15,eddie@node1j24.ecdf.ed.ac.uk,1
58983185,0.00035,D2_four_fu,s2974111,r,09/22/2026,14:39:58,eddie@node1h10.ecdf.ed.ac.uk,1
58983341,0.00035,okc164_pow,gross33,r,09/22/2026,14:56:41,eddie@node1o10.ecdf.ed.ac.uk,1,4
58791626,0.00035,bb_no_rw_l,s2751530,r,09/21/2026,14:59:17,eddie@node1l09.ecdf.ed.ac.uk,1,11
58983329,0.00035,D2_four_fu,s2974111,r,09/22/2026,14:46:26,eddie@node1f11.ecdf.ed.ac.uk,1
58983339,0.00035,D2_four_fu,s2974111,r,09/22/2026,14:53:11,eddie@node1r09.ecdf.ed.ac.uk,1
58655621,0.00035,runlisfloo,awilso19,r,09/15/2026,14:11:19,eddie@node1m18.ecdf.ed.ac.uk,1,4020
58655621,0.00034,runlisfloo,awilso19,r,09/15/2026,17:43:50,eddie@node1k15.ecdf.ed.ac.uk,1,4798
58655621,0.00034,runlisfloo,awilso19,r,09/15/2026,17:43:50,eddie@node1k15.ecdf.ed.ac.uk,1,4799
58655621,0.00034,runlisfloo,awilso19,r,09/15/2026,17:43:50,eddie@node1k15.ecdf.ed.ac.uk,1,4800
58655621,0.00034,runlisfloo,awilso19,r,09/15/2026,17:43:50,eddie@node1k15.ecdf.ed.ac.uk,1,4801
58655621,0.00034,runlisfloo,awilso19,r,09/15/2026,17:43:50,eddie@node1k15.ecdf.ed.ac.uk,1,4802
58655621,0.00034,runlisfloo,awilso19,r,09/15/2026,17:43:50,eddie@node1k15.ecdf.ed.ac.uk,1,4803
58655621,0.00034,runlisfloo,awilso19,r,09/15/2026,17:43:50,eddie@node1k15.ecdf.ed.ac.uk,1,4804
58655621,0.00034,runlisfloo,awilso19,r,09/15/2026,17:43:50,eddie@node1k15.ecdf.ed.ac.uk,1,4805
58655621,0.00033,runlisfloo,awilso19,r,09/15/2026,14:11:19,eddie@node1m24.ecdf.ed.ac.uk,1,4021
58982815,0.00033,runlisfloo,asiripat,r,09/22/2026,13:13:32,eddie@node1n08.ecdf.ed.ac.uk,1,6
58791626,0.00032,bb_no_rw_l,s2751530,r,09/21/2026,14:59:17,eddie@node1l01.ecdf.ed.ac.uk,1,12
58983341,0.00032,okc164_pow,gross33,r,09/22/2026,14:56:41,eddie@node1s16.ecdf.ed.ac.uk,1,5
58973455,0.00032,Spermatogo,s2559269,r,09/22/2026,11:38:14,igmm_long@node1b06.ecdf.ed.ac.,3,1
58973455,0.00032,Spermatogo,s2559269,r,09/22/2026,11:38:14,igmm_long@node1c04.ecdf.ed.ac.,3,2
58973455,0.00032,Spermatogo,s2559269,r,09/22/2026,11:38:14,igmm_long@node1b07.ecdf.ed.ac.,3,3
58973455,0.00032,Spermatogo,s2559269,r,09/22/2026,11:38:14,igmm_long@node1a02.ecdf.ed.ac.,3,4
58973455,0.00032,Spermatogo,s2559269,r,09/22/2026,11:38:14,igmm_long@node1b05.ecdf.ed.ac.,3,5
58973455,0.00032,Spermatogo,s2559269,r,09/22/2026,11:38:14,igmm_long@node1b01.ecdf.ed.ac.,3,6
58049445,0.00032,h_Wetland_,s2719294,r,09/04/2026,14:53:08,eddie@node1m23.ecdf.ed.ac.uk,2
58983159,0.00032,D2_four_fu,s2974111,r,09/22/2026,14:28:25,eddie@node1h13.ecdf.ed.ac.uk,1
58655621,0.00031,runlisfloo,awilso19,r,09/15/2026,14:11:19,eddie@node1m22.ecdf.ed.ac.uk,1,4022
58982903,0.00031,control_ve,amarti5,r,09/22/2026,13:27:41,eddie@node1s20.ecdf.ed.ac.uk,1,6
58655621,0.00030,runlisfloo,awilso19,r,09/15/2026,14:11:19,eddie@node1m18.ecdf.ed.ac.uk,1,4023
58791626,0.00030,bb_no_rw_l,s2751530,r,09/21/2026,14:59:17,eddie@node1j01.ecdf.ed.ac.uk,1,13
58983341,0.00029,okc164_pow,gross33,r,09/22/2026,14:56:41,eddie@node1j01.ecdf.ed.ac.uk,1,6
58655621,0.00029,runlisfloo,awilso19,r,09/15/2026,14:11:19,eddie@node1m24.ecdf.ed.ac.uk,1,4024
58982815,0.00028,runlisfloo,asiripat,r,09/22/2026,13:13:32,eddie@node1o03.ecdf.ed.ac.uk,1,7
58791626,0.00028,bb_no_rw_l,s2751530,r,09/21/2026,14:59:17,eddie@node1l19.ecdf.ed.ac.uk,1,14
58655621,0.00028,runlisfloo,awilso19,r,09/15/2026,14:11:19,eddie@node1m22.ecdf.ed.ac.uk,1,4025
58983341,0.00027,okc164_pow,gross33,r,09/22/2026,14:56:41,eddie@node1k03.ecdf.ed.ac.uk,1,7
58983341,0.00027,okc164_pow,gross33,r,09/22/2026,14:56:41,eddie@node1k03.ecdf.ed.ac.uk,1,8
58983341,0.00027,okc164_pow,gross33,r,09/22/2026,14:56:41,eddie@node1k03.ecdf.ed.ac.uk,1,9
58983341,0.00027,okc164_pow,gross33,r,09/22/2026,14:56:41,eddie@node1j23.ecdf.ed.ac.uk,1,10
58983341,0.00027,okc164_pow,gross33,r,09/22/2026,14:56:41,eddie@node1j07.ecdf.ed.ac.uk,1,11
58983341,0.00027,okc164_pow,gross33,r,09/22/2026,14:56:41,eddie@node1j23.ecdf.ed.ac.uk,1,12
58983341,0.00027,okc164_pow,gross33,r,09/22/2026,14:56:41,eddie@node1l01.ecdf.ed.ac.uk,1,13
58983341,0.00027,okc164_pow,gross33,r,09/22/2026,14:56:41,eddie@node1l01.ecdf.ed.ac.uk,1,14
58983341,0.00027,okc164_pow,gross33,r,09/22/2026,14:56:41,eddie@node1l01.ecdf.ed.ac.uk,1,15
58983341,0.00027,okc164_pow,gross33,r,09/22/2026,14:56:41,eddie@node1l02.ecdf.ed.ac.uk,1,16
58983341,0.00027,okc164_pow,gross33,r,09/22/2026,14:56:41,eddie@node1l02.ecdf.ed.ac.uk,1,17
58983341,0.00027,okc164_pow,gross33,r,09/22/2026,14:56:41,eddie@node1l06.ecdf.ed.ac.uk,1,18
58983341,0.00027,okc164_pow,gross33,r,09/22/2026,14:56:41,eddie@node1k01.ecdf.ed.ac.uk,1,19
58983341,0.00027,okc164_pow,gross33,r,09/22/2026,14:56:41,eddie@node1l02.ecdf.ed.ac.uk,1,20
58983341,0.00027,okc164_pow,gross33,r,09/22/2026,14:56:41,eddie@node1j03.ecdf.ed.ac.uk,1,21
58983341,0.00027,okc164_pow,gross33,r,09/22/2026,14:56:41,eddie@node1j08.ecdf.ed.ac.uk,1,22
58983341,0.00027,okc164_pow,gross33,r,09/22/2026,14:56:41,eddie@node1m07.ecdf.ed.ac.uk,1,23
58983341,0.00027,okc164_pow,gross33,r,09/22/2026,14:56:41,eddie@node1m07.ecdf.ed.ac.uk,1,24
58983341,0.00027,okc164_pow,gross33,r,09/22/2026,14:56:41,eddie@node1m07.ecdf.ed.ac.uk,1,25
58983341,0.00027,okc164_pow,gross33,r,09/22/2026,14:56:41,eddie@node1m11.ecdf.ed.ac.uk,1,26
58983341,0.00027,okc164_pow,gross33,r,09/22/2026,14:56:41,eddie@node1j06.ecdf.ed.ac.uk,1,27
58983341,0.00027,okc164_pow,gross33,r,09/22/2026,14:56:41,eddie@node1m11.ecdf.ed.ac.uk,1,28
58983341,0.00027,okc164_pow,gross33,r,09/22/2026,14:56:41,eddie@node1m11.ecdf.ed.ac.uk,1,29
58983341,0.00027,okc164_pow,gross33,r,09/22/2026,14:56:41,eddie@node1l04.ecdf.ed.ac.uk,1,30
58983341,0.00027,okc164_pow,gross33,r,09/22/2026,14:56:41,eddie@node1m11.ecdf.ed.ac.uk,1,31
58983341,0.00027,okc164_pow,gross33,r,09/22/2026,14:56:41,eddie@node1m02.ecdf.ed.ac.uk,1,32
58983341,0.00027,okc164_pow,gross33,r,09/22/2026,14:56:41,eddie@node1j09.ecdf.ed.ac.uk,1,33
58983341,0.00027,okc164_pow,gross33,r,09/22/2026,14:56:41,eddie@node1j10.ecdf.ed.ac.uk,1,34
58983341,0.00027,okc164_pow,gross33,r,09/22/2026,14:56:41,eddie@node1j10.ecdf.ed.ac.uk,1,35
58983341,0.00027,okc164_pow,gross33,r,09/22/2026,14:56:42,eddie@node1k02.ecdf.ed.ac.uk,1,36
58983341,0.00027,okc164_pow,gross33,r,09/22/2026,14:56:42,eddie@node1f03.ecdf.ed.ac.uk,1,37
58983341,0.00027,okc164_pow,gross33,r,09/22/2026,14:56:42,eddie@node1f03.ecdf.ed.ac.uk,1,38
58983341,0.00027,okc164_pow,gross33,r,09/22/2026,14:56:42,eddie@node1f03.ecdf.ed.ac.uk,1,39
58983341,0.00027,okc164_pow,gross33,r,09/22/2026,14:56:42,eddie@node1d10.ecdf.ed.ac.uk,1,40
58983341,0.00027,okc164_pow,gross33,r,09/22/2026,14:56:42,eddie@node1d10.ecdf.ed.ac.uk,1,41
58983341,0.00027,okc164_pow,gross33,r,09/22/2026,14:56:42,eddie@node1d10.ecdf.ed.ac.uk,1,42
58983341,0.00027,okc164_pow,gross33,r,09/22/2026,14:56:42,eddie@node1e04.ecdf.ed.ac.uk,1,43
58983341,0.00027,okc164_pow,gross33,r,09/22/2026,14:56:42,eddie@node1e06.ecdf.ed.ac.uk,1,44
58983341,0.00027,okc164_pow,gross33,r,09/22/2026,14:56:42,eddie@node1e07.ecdf.ed.ac.uk,1,45
58983341,0.00027,okc164_pow,gross33,r,09/22/2026,14:56:42,eddie@node1e02.ecdf.ed.ac.uk,1,46
58983341,0.00027,okc164_pow,gross33,r,09/22/2026,14:56:42,eddie@node1e02.ecdf.ed.ac.uk,1,47
58983341,0.00027,okc164_pow,gross33,r,09/22/2026,14:56:42,eddie@node1e05.ecdf.ed.ac.uk,1,48
58983341,0.00027,okc164_pow,gross33,r,09/22/2026,14:56:42,eddie@node1e02.ecdf.ed.ac.uk,1,49
58983341,0.00027,okc164_pow,gross33,r,09/22/2026,14:56:42,eddie@node1e05.ecdf.ed.ac.uk,1,50
58983341,0.00027,okc164_pow,gross33,r,09/22/2026,14:56:42,eddie@node1e02.ecdf.ed.ac.uk,1,51
58983341,0.00027,okc164_pow,gross33,r,09/22/2026,14:56:42,eddie@node1e05.ecdf.ed.ac.uk,1,52
58983341,0.00027,okc164_pow,gross33,r,09/22/2026,14:56:42,eddie@node1e02.ecdf.ed.ac.uk,1,53
58983341,0.00027,okc164_pow,gross33,r,09/22/2026,14:56:42,eddie@node1e05.ecdf.ed.ac.uk,1,54
58983341,0.00027,okc164_pow,gross33,r,09/22/2026,14:56:42,eddie@node1d03.ecdf.ed.ac.uk,1,55
58983341,0.00027,okc164_pow,gross33,r,09/22/2026,14:56:42,eddie@node1e09.ecdf.ed.ac.uk,1,56
58983341,0.00027,okc164_pow,gross33,r,09/22/2026,14:56:42,eddie@node1e09.ecdf.ed.ac.uk,1,57
58983341,0.00027,okc164_pow,gross33,r,09/22/2026,14:56:42,eddie@node1e09.ecdf.ed.ac.uk,1,58
58983341,0.00027,okc164_pow,gross33,r,09/22/2026,14:56:42,eddie@node1e09.ecdf.ed.ac.uk,1,59
58983341,0.00027,okc164_pow,gross33,r,09/22/2026,14:56:42,eddie@node1e09.ecdf.ed.ac.uk,1,60
58983341,0.00027,okc164_pow,gross33,r,09/22/2026,14:56:42,eddie@node1e09.ecdf.ed.ac.uk,1,61
58983341,0.00027,okc164_pow,gross33,r,09/22/2026,14:56:42,eddie@node1e09.ecdf.ed.ac.uk,1,62
58982903,0.00027,control_ve,amarti5,r,09/22/2026,13:27:41,eddie@node1l10.ecdf.ed.ac.uk,1,7
58655621,0.00027,runlisfloo,awilso19,r,09/15/2026,14:11:19,eddie@node1m18.ecdf.ed.ac.uk,1,4026
58791626,0.00026,bb_no_rw_l,s2751530,r,09/21/2026,14:59:17,eddie@node1j06.ecdf.ed.ac.uk,1,15
58655621,0.00026,runlisfloo,awilso19,r,09/15/2026,14:11:19,eddie@node1m24.ecdf.ed.ac.uk,1,4027
58983119,0.00026,ce1,gs10us1,r,09/22/2026,14:44:56,eddie@node1l13.ecdf.ed.ac.uk,1
58983120,0.00026,ce1,gs10us1,r,09/22/2026,14:45:11,eddie@node1l13.ecdf.ed.ac.uk,1
58982998,0.00025,ce1,gs10us1,r,09/22/2026,14:12:15,eddie@node1l16.ecdf.ed.ac.uk,1
58983123,0.00025,ce1,gs10us1,r,09/22/2026,14:48:56,eddie@node1l16.ecdf.ed.ac.uk,1
58983122,0.00025,ce1,gs10us1,r,09/22/2026,14:47:11,eddie@node1l16.ecdf.ed.ac.uk,1
58655621,0.00025,runlisfloo,awilso19,r,09/15/2026,14:11:19,eddie@node1m22.ecdf.ed.ac.uk,1,4028
58983150,0.00025,ce1,gs10us1,r,09/22/2026,14:53:56,eddie@node1l16.ecdf.ed.ac.uk,1
58983149,0.00025,ce1,gs10us1,r,09/22/2026,14:53:26,eddie@node1l13.ecdf.ed.ac.uk,1
58983121,0.00025,ce1,gs10us1,r,09/22/2026,14:46:11,eddie@node1l13.ecdf.ed.ac.uk,1
58982815,0.00025,runlisfloo,asiripat,r,09/22/2026,13:13:32,eddie@node1o03.ecdf.ed.ac.uk,1,8
58791626,0.00024,bb_no_rw_l,s2751530,r,09/21/2026,14:59:17,eddie@node1m05.ecdf.ed.ac.uk,1,16
58983118,0.00024,ce1,gs10us1,r,09/22/2026,14:43:34,eddie@node1l16.ecdf.ed.ac.uk,1
58655621,0.00024,runlisfloo,awilso19,r,09/15/2026,14:11:19,eddie@node1m18.ecdf.ed.ac.uk,1,4029
58982903,0.00024,control_ve,amarti5,r,09/22/2026,13:27:41,eddie@node1l10.ecdf.ed.ac.uk,1,8
58655621,0.00023,runlisfloo,awilso19,r,09/15/2026,14:11:19,eddie@node1m23.ecdf.ed.ac.uk,1,4030
58983117,0.00023,ce1,gs10us1,r,09/22/2026,14:32:02,eddie@node1l16.ecdf.ed.ac.uk,1
58655621,0.00022,runlisfloo,awilso19,r,09/15/2026,16:30:45,eddie@node1m23.ecdf.ed.ac.uk,1,4797
58655621,0.00022,runlisfloo,awilso19,r,09/15/2026,14:11:19,eddie@node1m24.ecdf.ed.ac.uk,1,4031
58655621,0.00022,runlisfloo,awilso19,r,09/15/2026,16:27:30,eddie@node1p08.ecdf.ed.ac.uk,1,4781
58655621,0.00022,runlisfloo,awilso19,r,09/15/2026,16:27:30,eddie@node1p08.ecdf.ed.ac.uk,1,4782
58655621,0.00022,runlisfloo,awilso19,r,09/15/2026,16:27:30,eddie@node1p08.ecdf.ed.ac.uk,1,4783
58655621,0.00022,runlisfloo,awilso19,r,09/15/2026,16:27:30,eddie@node1p08.ecdf.ed.ac.uk,1,4784
58655621,0.00022,runlisfloo,awilso19,r,09/15/2026,16:27:30,eddie@node1p08.ecdf.ed.ac.uk,1,4785
58655621,0.00022,runlisfloo,awilso19,r,09/15/2026,16:27:30,eddie@node1p08.ecdf.ed.ac.uk,1,4786
58655621,0.00022,runlisfloo,awilso19,r,09/15/2026,16:27:30,eddie@node1p08.ecdf.ed.ac.uk,1,4787
58655621,0.00022,runlisfloo,awilso19,r,09/15/2026,16:27:30,eddie@node1p08.ecdf.ed.ac.uk,1,4788
58655621,0.00022,runlisfloo,awilso19,r,09/15/2026,16:27:30,eddie@node1p08.ecdf.ed.ac.uk,1,4789
58655621,0.00022,runlisfloo,awilso19,r,09/15/2026,16:27:30,eddie@node1p08.ecdf.ed.ac.uk,1,4790
58655621,0.00022,runlisfloo,awilso19,r,09/15/2026,16:27:30,eddie@node1p08.ecdf.ed.ac.uk,1,4791
58655621,0.00022,runlisfloo,awilso19,r,09/15/2026,16:27:30,eddie@node1p08.ecdf.ed.ac.uk,1,4792
58655621,0.00022,runlisfloo,awilso19,r,09/15/2026,16:27:30,eddie@node1p08.ecdf.ed.ac.uk,1,4793
58655621,0.00022,runlisfloo,awilso19,r,09/15/2026,16:27:30,eddie@node1p08.ecdf.ed.ac.uk,1,4794
58655621,0.00022,runlisfloo,awilso19,r,09/15/2026,16:27:30,eddie@node1p08.ecdf.ed.ac.uk,1,4795
58655621,0.00022,runlisfloo,awilso19,r,09/15/2026,16:27:30,eddie@node1p08.ecdf.ed.ac.uk,1,4796
58982815,0.00022,runlisfloo,asiripat,r,09/22/2026,13:13:32,eddie@node1l25.ecdf.ed.ac.uk,1,9
58655621,0.00022,runlisfloo,awilso19,r,09/15/2026,14:11:19,eddie@node1m22.ecdf.ed.ac.uk,1,4032
58655621,0.00021,runlisfloo,awilso19,r,09/15/2026,14:11:19,eddie@node1m23.ecdf.ed.ac.uk,1,4033
58982903,0.00021,control_ve,amarti5,r,09/22/2026,13:27:41,eddie@node1l10.ecdf.ed.ac.uk,1,9
58655621,0.00020,runlisfloo,awilso19,r,09/15/2026,14:11:19,eddie@node1m24.ecdf.ed.ac.uk,1,4034
58655621,0.00020,runlisfloo,awilso19,r,09/15/2026,14:11:19,eddie@node1m22.ecdf.ed.ac.uk,1,4035
58655621,0.00020,runlisfloo,awilso19,r,09/15/2026,16:12:52,eddie@node1m19.ecdf.ed.ac.uk,1,4773
58655621,0.00020,runlisfloo,awilso19,r,09/15/2026,16:12:52,eddie@node1m19.ecdf.ed.ac.uk,1,4774
58655621,0.00020,runlisfloo,awilso19,r,09/15/2026,16:12:52,eddie@node1m19.ecdf.ed.ac.uk,1,4775
58655621,0.00020,runlisfloo,awilso19,r,09/15/2026,16:12:52,eddie@node1m19.ecdf.ed.ac.uk,1,4776
58655621,0.00020,runlisfloo,awilso19,r,09/15/2026,16:12:52,eddie@node1m19.ecdf.ed.ac.uk,1,4777
58655621,0.00020,runlisfloo,awilso19,r,09/15/2026,16:12:52,eddie@node1m19.ecdf.ed.ac.uk,1,4778
58655621,0.00020,runlisfloo,awilso19,r,09/15/2026,16:12:52,eddie@node1m19.ecdf.ed.ac.uk,1,4779
58655621,0.00020,runlisfloo,awilso19,r,09/15/2026,16:12:52,eddie@node1m19.ecdf.ed.ac.uk,1,4780
58982815,0.00020,runlisfloo,asiripat,r,09/22/2026,13:13:32,eddie@node1r16.ecdf.ed.ac.uk,1,10
58791626,0.00019,bb_no_rw_l,s2751530,r,09/21/2026,14:59:17,eddie@node1k07.ecdf.ed.ac.uk,1,21
58791626,0.00019,bb_no_rw_l,s2751530,r,09/21/2026,14:59:17,eddie@node1j17.ecdf.ed.ac.uk,1,22
58791626,0.00019,bb_no_rw_l,s2751530,r,09/21/2026,14:59:17,eddie@node1j01.ecdf.ed.ac.uk,1,25
58791626,0.00019,bb_no_rw_l,s2751530,r,09/21/2026,14:59:17,eddie@node1j06.ecdf.ed.ac.uk,1,26
58791626,0.00019,bb_no_rw_l,s2751530,r,09/21/2026,14:59:17,eddie@node1m05.ecdf.ed.ac.uk,1,27
58791626,0.00019,bb_no_rw_l,s2751530,r,09/21/2026,14:59:17,eddie@node1m07.ecdf.ed.ac.uk,1,28
58791626,0.00019,bb_no_rw_l,s2751530,r,09/21/2026,14:59:17,eddie@node1j11.ecdf.ed.ac.uk,1,30
58791626,0.00019,bb_no_rw_l,s2751530,r,09/21/2026,14:59:17,eddie@node1k07.ecdf.ed.ac.uk,1,31
58791626,0.00019,bb_no_rw_l,s2751530,r,09/21/2026,14:59:17,eddie@node1j17.ecdf.ed.ac.uk,1,32
58791626,0.00019,bb_no_rw_l,s2751530,r,09/21/2026,14:59:17,eddie@node1l09.ecdf.ed.ac.uk,1,33
58791626,0.00019,bb_no_rw_l,s2751530,r,09/21/2026,14:59:17,eddie@node1l01.ecdf.ed.ac.uk,1,34
58791626,0.00019,bb_no_rw_l,s2751530,r,09/21/2026,14:59:17,eddie@node1j01.ecdf.ed.ac.uk,1,35
58791626,0.00019,bb_no_rw_l,s2751530,r,09/21/2026,14:59:17,eddie@node1m05.ecdf.ed.ac.uk,1,36
58791626,0.00019,bb_no_rw_l,s2751530,r,09/21/2026,14:59:17,eddie@node1m07.ecdf.ed.ac.uk,1,37
58791626,0.00019,bb_no_rw_l,s2751530,r,09/21/2026,14:59:17,eddie@node1j09.ecdf.ed.ac.uk,1,38
58791626,0.00019,bb_no_rw_l,s2751530,r,09/21/2026,14:59:17,eddie@node1j11.ecdf.ed.ac.uk,1,39
58791626,0.00019,bb_no_rw_l,s2751530,r,09/21/2026,14:59:17,eddie@node1k07.ecdf.ed.ac.uk,1,40
58655621,0.00019,runlisfloo,awilso19,r,09/15/2026,14:11:19,eddie@node1m23.ecdf.ed.ac.uk,1,4036
58982903,0.00019,control_ve,amarti5,r,09/22/2026,13:27:41,eddie@node1l10.ecdf.ed.ac.uk,1,10
58655621,0.00019,runlisfloo,awilso19,r,09/15/2026,14:11:19,eddie@node1m24.ecdf.ed.ac.uk,1,4037
58655621,0.00019,runlisfloo,awilso19,r,09/15/2026,14:11:19,eddie@node1m22.ecdf.ed.ac.uk,1,4038
58655621,0.00019,runlisfloo,awilso19,r,09/15/2026,14:11:19,eddie@node1m23.ecdf.ed.ac.uk,1,4039
58655621,0.00019,runlisfloo,awilso19,r,09/15/2026,14:11:19,eddie@node1m24.ecdf.ed.ac.uk,1,4040
58655621,0.00019,runlisfloo,awilso19,r,09/15/2026,14:11:19,eddie@node1m22.ecdf.ed.ac.uk,1,4041
58655621,0.00019,runlisfloo,awilso19,r,09/15/2026,14:11:19,eddie@node1m23.ecdf.ed.ac.uk,1,4042
58655621,0.00019,runlisfloo,awilso19,r,09/15/2026,14:11:19,eddie@node1m24.ecdf.ed.ac.uk,1,4043
58655621,0.00019,runlisfloo,awilso19,r,09/15/2026,14:11:19,eddie@node1m22.ecdf.ed.ac.uk,1,4044
58655621,0.00019,runlisfloo,awilso19,r,09/15/2026,14:11:19,eddie@node1m23.ecdf.ed.ac.uk,1,4045
58655621,0.00019,runlisfloo,awilso19,r,09/15/2026,14:11:19,eddie@node1m24.ecdf.ed.ac.uk,1,4046
58655621,0.00019,runlisfloo,awilso19,r,09/15/2026,14:11:19,eddie@node1m20.ecdf.ed.ac.uk,1,4047
58655621,0.00019,runlisfloo,awilso19,r,09/15/2026,14:11:19,eddie@node1m23.ecdf.ed.ac.uk,1,4048
58655621,0.00019,runlisfloo,awilso19,r,09/15/2026,14:11:19,eddie@node1m24.ecdf.ed.ac.uk,1,4049
58655621,0.00019,runlisfloo,awilso19,r,09/15/2026,14:11:19,eddie@node1m20.ecdf.ed.ac.uk,1,4050
58655621,0.00019,runlisfloo,awilso19,r,09/15/2026,14:11:19,eddie@node1m23.ecdf.ed.ac.uk,1,4051
58655621,0.00019,runlisfloo,awilso19,r,09/15/2026,14:11:19,eddie@node1m20.ecdf.ed.ac.uk,1,4052
58655621,0.00019,runlisfloo,awilso19,r,09/15/2026,14:11:19,eddie@node1m19.ecdf.ed.ac.uk,1,4053
58655621,0.00019,runlisfloo,awilso19,r,09/15/2026,14:11:19,eddie@node1m23.ecdf.ed.ac.uk,1,4054
58655621,0.00019,runlisfloo,awilso19,r,09/15/2026,14:11:19,eddie@node1m20.ecdf.ed.ac.uk,1,4055
58655621,0.00019,runlisfloo,awilso19,r,09/15/2026,14:11:19,eddie@node1m19.ecdf.ed.ac.uk,1,4056
58655621,0.00019,runlisfloo,awilso19,r,09/15/2026,14:11:19,eddie@node1m23.ecdf.ed.ac.uk,1,4057
58655621,0.00019,runlisfloo,awilso19,r,09/15/2026,14:11:19,eddie@node1m20.ecdf.ed.ac.uk,1,4058
58655621,0.00019,runlisfloo,awilso19,r,09/15/2026,14:11:19,eddie@node1m19.ecdf.ed.ac.uk,1,4059
58655621,0.00019,runlisfloo,awilso19,r,09/15/2026,14:11:19,eddie@node1m23.ecdf.ed.ac.uk,1,4060
58655621,0.00019,runlisfloo,awilso19,r,09/15/2026,14:11:19,eddie@node1m20.ecdf.ed.ac.uk,1,4061
58655621,0.00019,runlisfloo,awilso19,r,09/15/2026,14:11:19,eddie@node1m19.ecdf.ed.ac.uk,1,4062
58655621,0.00019,runlisfloo,awilso19,r,09/15/2026,14:11:19,eddie@node1m23.ecdf.ed.ac.uk,1,4063
58655621,0.00019,runlisfloo,awilso19,r,09/15/2026,14:11:19,eddie@node1m20.ecdf.ed.ac.uk,1,4064
58655621,0.00019,runlisfloo,awilso19,r,09/15/2026,14:11:19,eddie@node1m19.ecdf.ed.ac.uk,1,4065
58655621,0.00019,runlisfloo,awilso19,r,09/15/2026,14:11:19,eddie@node1m23.ecdf.ed.ac.uk,1,4066
58655621,0.00019,runlisfloo,awilso19,r,09/15/2026,14:11:19,eddie@node1m20.ecdf.ed.ac.uk,1,4067
58655621,0.00019,runlisfloo,awilso19,r,09/15/2026,14:11:19,eddie@node1m19.ecdf.ed.ac.uk,1,4068
58655621,0.00019,runlisfloo,awilso19,r,09/15/2026,14:11:19,eddie@node1m23.ecdf.ed.ac.uk,1,4069
58655621,0.00019,runlisfloo,awilso19,r,09/15/2026,14:11:19,eddie@node1m20.ecdf.ed.ac.uk,1,4070
58655621,0.00019,runlisfloo,awilso19,r,09/15/2026,14:11:19,eddie@node1m19.ecdf.ed.ac.uk,1,4071
58655621,0.00019,runlisfloo,awilso19,r,09/15/2026,14:11:19,eddie@node1m23.ecdf.ed.ac.uk,1,4072
58655621,0.00019,runlisfloo,awilso19,r,09/15/2026,14:11:19,eddie@node1m20.ecdf.ed.ac.uk,1,4073
58655621,0.00019,runlisfloo,awilso19,r,09/15/2026,14:11:19,eddie@node1m21.ecdf.ed.ac.uk,1,4074
58655621,0.00019,runlisfloo,awilso19,r,09/15/2026,14:11:19,eddie@node1m20.ecdf.ed.ac.uk,1,4075
58655621,0.00019,runlisfloo,awilso19,r,09/15/2026,14:11:19,eddie@node1m21.ecdf.ed.ac.uk,1,4076
58655621,0.00019,runlisfloo,awilso19,r,09/15/2026,14:11:19,eddie@node1m21.ecdf.ed.ac.uk,1,4077
58655621,0.00019,runlisfloo,awilso19,r,09/15/2026,14:11:19,eddie@node1m21.ecdf.ed.ac.uk,1,4078
58655621,0.00019,runlisfloo,awilso19,r,09/15/2026,14:11:19,eddie@node1m21.ecdf.ed.ac.uk,1,4079
58655621,0.00019,runlisfloo,awilso19,r,09/15/2026,14:11:19,eddie@node1m21.ecdf.ed.ac.uk,1,4080
58655621,0.00019,runlisfloo,awilso19,r,09/15/2026,14:11:19,eddie@node1m21.ecdf.ed.ac.uk,1,4081
58655621,0.00019,runlisfloo,awilso19,r,09/15/2026,14:11:19,eddie@node1m21.ecdf.ed.ac.uk,1,4082
58655621,0.00019,runlisfloo,awilso19,r,09/15/2026,14:11:19,eddie@node1m21.ecdf.ed.ac.uk,1,4083
58655621,0.00019,runlisfloo,awilso19,r,09/15/2026,14:11:19,eddie@node1m21.ecdf.ed.ac.uk,1,4084
58655621,0.00019,runlisfloo,awilso19,r,09/15/2026,14:11:19,eddie@node1m21.ecdf.ed.ac.uk,1,4085
58655621,0.00019,runlisfloo,awilso19,r,09/15/2026,14:11:19,eddie@node1m21.ecdf.ed.ac.uk,1,4086
58655621,0.00019,runlisfloo,awilso19,r,09/15/2026,14:11:19,eddie@node1m21.ecdf.ed.ac.uk,1,4087
58655621,0.00019,runlisfloo,awilso19,r,09/15/2026,14:11:19,eddie@node1m21.ecdf.ed.ac.uk,1,4088
58655621,0.00019,runlisfloo,awilso19,r,09/15/2026,14:11:19,eddie@node1m21.ecdf.ed.ac.uk,1,4089
58655621,0.00019,runlisfloo,awilso19,r,09/15/2026,14:11:19,eddie@node1m21.ecdf.ed.ac.uk,1,4090
58655621,0.00019,runlisfloo,awilso19,r,09/15/2026,14:11:19,eddie@node1m21.ecdf.ed.ac.uk,1,4091
58655621,0.00019,runlisfloo,awilso19,r,09/15/2026,14:11:19,eddie@node1m21.ecdf.ed.ac.uk,1,4092
58655621,0.00019,runlisfloo,awilso19,r,09/15/2026,14:11:19,eddie@node1m21.ecdf.ed.ac.uk,1,4093
58655621,0.00019,runlisfloo,awilso19,r,09/15/2026,14:11:19,eddie@node1s12.ecdf.ed.ac.uk,1,4094
58655621,0.00019,runlisfloo,awilso19,r,09/15/2026,14:11:19,eddie@node1s12.ecdf.ed.ac.uk,1,4095
58655621,0.00019,runlisfloo,awilso19,r,09/15/2026,14:11:19,eddie@node1s12.ecdf.ed.ac.uk,1,4096
58655621,0.00019,runlisfloo,awilso19,r,09/15/2026,14:11:19,eddie@node1s12.ecdf.ed.ac.uk,1,4097
58655621,0.00019,runlisfloo,awilso19,r,09/15/2026,14:11:19,eddie@node1s12.ecdf.ed.ac.uk,1,4098
58655621,0.00019,runlisfloo,awilso19,r,09/15/2026,14:11:19,eddie@node1s09.ecdf.ed.ac.uk,1,4099
58655621,0.00019,runlisfloo,awilso19,r,09/15/2026,14:11:19,eddie@node1s12.ecdf.ed.ac.uk,1,4100
58655621,0.00019,runlisfloo,awilso19,r,09/15/2026,14:11:19,eddie@node1s09.ecdf.ed.ac.uk,1,4101
58655621,0.00019,runlisfloo,awilso19,r,09/15/2026,14:11:19,eddie@node1s12.ecdf.ed.ac.uk,1,4102
58655621,0.00019,runlisfloo,awilso19,r,09/15/2026,14:11:19,eddie@node1s10.ecdf.ed.ac.uk,1,4103
58655621,0.00019,runlisfloo,awilso19,r,09/15/2026,14:11:20,eddie@node1s09.ecdf.ed.ac.uk,1,4104
58655621,0.00019,runlisfloo,awilso19,r,09/15/2026,14:11:20,eddie@node1s12.ecdf.ed.ac.uk,1,4105
58655621,0.00019,runlisfloo,awilso19,r,09/15/2026,14:11:20,eddie@node1s10.ecdf.ed.ac.uk,1,4106
58655621,0.00019,runlisfloo,awilso19,r,09/15/2026,14:11:20,eddie@node1s09.ecdf.ed.ac.uk,1,4107
58655621,0.00019,runlisfloo,awilso19,r,09/15/2026,14:11:20,eddie@node1s12.ecdf.ed.ac.uk,1,4108
58655621,0.00019,runlisfloo,awilso19,r,09/15/2026,14:11:20,eddie@node1s10.ecdf.ed.ac.uk,1,4109
58655621,0.00019,runlisfloo,awilso19,r,09/15/2026,14:11:20,eddie@node1s09.ecdf.ed.ac.uk,1,4110
58655621,0.00019,runlisfloo,awilso19,r,09/15/2026,14:11:20,eddie@node1s12.ecdf.ed.ac.uk,1,4111
58655621,0.00019,runlisfloo,awilso19,r,09/15/2026,14:11:20,eddie@node1s10.ecdf.ed.ac.uk,1,4112
58655621,0.00019,runlisfloo,awilso19,r,09/15/2026,14:11:20,eddie@node1s09.ecdf.ed.ac.uk,1,4113
58655621,0.00019,runlisfloo,awilso19,r,09/15/2026,14:11:20,eddie@node1s12.ecdf.ed.ac.uk,1,4114
58655621,0.00019,runlisfloo,awilso19,r,09/15/2026,14:11:20,eddie@node1s10.ecdf.ed.ac.uk,1,4115
58655621,0.00019,runlisfloo,awilso19,r,09/15/2026,14:11:20,eddie@node1s09.ecdf.ed.ac.uk,1,4116
58655621,0.00019,runlisfloo,awilso19,r,09/15/2026,14:11:20,eddie@node1s12.ecdf.ed.ac.uk,1,4117
58655621,0.00019,runlisfloo,awilso19,r,09/15/2026,14:11:20,eddie@node1s10.ecdf.ed.ac.uk,1,4118
58655621,0.00019,runlisfloo,awilso19,r,09/15/2026,14:11:20,eddie@node1s09.ecdf.ed.ac.uk,1,4119
58655621,0.00019,runlisfloo,awilso19,r,09/15/2026,14:11:20,eddie@node1s12.ecdf.ed.ac.uk,1,4120
58655621,0.00019,runlisfloo,awilso19,r,09/15/2026,14:11:20,eddie@node1s10.ecdf.ed.ac.uk,1,4121
58655621,0.00019,runlisfloo,awilso19,r,09/15/2026,14:11:20,eddie@node1s12.ecdf.ed.ac.uk,1,4123
58655621,0.00019,runlisfloo,awilso19,r,09/15/2026,14:11:20,eddie@node1s10.ecdf.ed.ac.uk,1,4124
58655621,0.00019,runlisfloo,awilso19,r,09/15/2026,14:11:20,eddie@node1s12.ecdf.ed.ac.uk,1,4126
58655621,0.00019,runlisfloo,awilso19,r,09/15/2026,14:11:20,eddie@node1s10.ecdf.ed.ac.uk,1,4127
58655621,0.00019,runlisfloo,awilso19,r,09/15/2026,14:11:20,eddie@node1s12.ecdf.ed.ac.uk,1,4129
58655621,0.00019,runlisfloo,awilso19,r,09/15/2026,14:11:20,eddie@node1s10.ecdf.ed.ac.uk,1,4130
58655621,0.00019,runlisfloo,awilso19,r,09/15/2026,14:11:20,eddie@node1s12.ecdf.ed.ac.uk,1,4131
58655621,0.00019,runlisfloo,awilso19,r,09/15/2026,14:11:20,eddie@node1s10.ecdf.ed.ac.uk,1,4132
58655621,0.00019,runlisfloo,awilso19,r,09/15/2026,14:11:20,eddie@node1s12.ecdf.ed.ac.uk,1,4133
58655621,0.00019,runlisfloo,awilso19,r,09/15/2026,14:11:20,eddie@node1s10.ecdf.ed.ac.uk,1,4134
58655621,0.00019,runlisfloo,awilso19,r,09/15/2026,14:11:20,eddie@node1s12.ecdf.ed.ac.uk,1,4135
58655621,0.00019,runlisfloo,awilso19,r,09/15/2026,14:11:20,eddie@node1s10.ecdf.ed.ac.uk,1,4136
58655621,0.00019,runlisfloo,awilso19,r,09/15/2026,14:11:20,eddie@node1s12.ecdf.ed.ac.uk,1,4137
58655621,0.00019,runlisfloo,awilso19,r,09/15/2026,14:11:20,eddie@node1s10.ecdf.ed.ac.uk,1,4138
58655621,0.00019,runlisfloo,awilso19,r,09/15/2026,14:11:20,eddie@node1s12.ecdf.ed.ac.uk,1,4139
58655621,0.00019,runlisfloo,awilso19,r,09/15/2026,14:11:20,eddie@node1s12.ecdf.ed.ac.uk,1,4140
58655621,0.00019,runlisfloo,awilso19,r,09/15/2026,14:11:20,eddie@node1s12.ecdf.ed.ac.uk,1,4141
58655621,0.00019,runlisfloo,awilso19,r,09/15/2026,14:11:20,eddie@node1s12.ecdf.ed.ac.uk,1,4142
58655621,0.00019,runlisfloo,awilso19,r,09/15/2026,14:11:20,eddie@node1s12.ecdf.ed.ac.uk,1,4143
58655621,0.00019,runlisfloo,awilso19,r,09/15/2026,14:11:20,eddie@node1s12.ecdf.ed.ac.uk,1,4144
58655621,0.00019,runlisfloo,awilso19,r,09/15/2026,14:11:20,eddie@node1s12.ecdf.ed.ac.uk,1,4145
58655621,0.00019,runlisfloo,awilso19,r,09/15/2026,14:11:20,eddie@node1s12.ecdf.ed.ac.uk,1,4146
58655621,0.00019,runlisfloo,awilso19,r,09/15/2026,14:11:20,eddie@node1s12.ecdf.ed.ac.uk,1,4147
58655621,0.00019,runlisfloo,awilso19,r,09/15/2026,14:11:20,eddie@node1s12.ecdf.ed.ac.uk,1,4148
58655621,0.00019,runlisfloo,awilso19,r,09/15/2026,14:11:20,eddie@node1s12.ecdf.ed.ac.uk,1,4149
58655621,0.00019,runlisfloo,awilso19,r,09/15/2026,14:11:20,eddie@node1s12.ecdf.ed.ac.uk,1,4150
58655621,0.00019,runlisfloo,awilso19,r,09/15/2026,14:11:20,eddie@node1s12.ecdf.ed.ac.uk,1,4151
58655621,0.00019,runlisfloo,awilso19,r,09/15/2026,14:11:20,eddie@node1s12.ecdf.ed.ac.uk,1,4152
58655621,0.00019,runlisfloo,awilso19,r,09/15/2026,14:11:20,eddie@node1s12.ecdf.ed.ac.uk,1,4153
58655621,0.00019,runlisfloo,awilso19,r,09/15/2026,14:11:20,eddie@node1s12.ecdf.ed.ac.uk,1,4154
58655621,0.00019,runlisfloo,awilso19,r,09/15/2026,14:11:20,eddie@node1s12.ecdf.ed.ac.uk,1,4155
58655621,0.00019,runlisfloo,awilso19,r,09/15/2026,14:11:20,eddie@node1s12.ecdf.ed.ac.uk,1,4156
58655621,0.00019,runlisfloo,awilso19,r,09/15/2026,14:11:20,eddie@node1s12.ecdf.ed.ac.uk,1,4157
58655621,0.00019,runlisfloo,awilso19,r,09/15/2026,14:11:20,eddie@node1s12.ecdf.ed.ac.uk,1,4158
58655621,0.00019,runlisfloo,awilso19,r,09/15/2026,14:11:20,eddie@node1p09.ecdf.ed.ac.uk,1,4159
58655621,0.00019,runlisfloo,awilso19,r,09/15/2026,14:11:20,eddie@node1p09.ecdf.ed.ac.uk,1,4160
58655621,0.00019,runlisfloo,awilso19,r,09/15/2026,14:11:20,eddie@node1p10.ecdf.ed.ac.uk,1,4161
58655621,0.00019,runlisfloo,awilso19,r,09/15/2026,14:11:20,eddie@node1p09.ecdf.ed.ac.uk,1,4162
58655621,0.00019,runlisfloo,awilso19,r,09/15/2026,14:11:20,eddie@node1p10.ecdf.ed.ac.uk,1,4163
58655621,0.00019,runlisfloo,awilso19,r,09/15/2026,14:11:20,eddie@node1p09.ecdf.ed.ac.uk,1,4164
58655621,0.00019,runlisfloo,awilso19,r,09/15/2026,14:11:20,eddie@node1s11.ecdf.ed.ac.uk,1,4165
58655621,0.00019,runlisfloo,awilso19,r,09/15/2026,14:11:20,eddie@node1p10.ecdf.ed.ac.uk,1,4166
58655621,0.00019,runlisfloo,awilso19,r,09/15/2026,14:11:20,eddie@node1p09.ecdf.ed.ac.uk,1,4167
58655621,0.00019,runlisfloo,awilso19,r,09/15/2026,14:11:20,eddie@node1s11.ecdf.ed.ac.uk,1,4168
58655621,0.00019,runlisfloo,awilso19,r,09/15/2026,14:11:20,eddie@node1p10.ecdf.ed.ac.uk,1,4169
58655621,0.00019,runlisfloo,awilso19,r,09/15/2026,14:11:20,eddie@node1p09.ecdf.ed.ac.uk,1,4170
58655621,0.00019,runlisfloo,awilso19,r,09/15/2026,14:11:20,eddie@node1s11.ecdf.ed.ac.uk,1,4171
58655621,0.00019,runlisfloo,awilso19,r,09/15/2026,14:11:20,eddie@node1p10.ecdf.ed.ac.uk,1,4172
58655621,0.00019,runlisfloo,awilso19,r,09/15/2026,14:11:20,eddie@node1p09.ecdf.ed.ac.uk,1,4173
58655621,0.00019,runlisfloo,awilso19,r,09/15/2026,14:11:20,eddie@node1s11.ecdf.ed.ac.uk,1,4174
58655621,0.00019,runlisfloo,awilso19,r,09/15/2026,14:11:20,eddie@node1p10.ecdf.ed.ac.uk,1,4175
58655621,0.00019,runlisfloo,awilso19,r,09/15/2026,14:11:20,eddie@node1p09.ecdf.ed.ac.uk,1,4176
58655621,0.00019,runlisfloo,awilso19,r,09/15/2026,14:11:20,eddie@node1s11.ecdf.ed.ac.uk,1,4177
58655621,0.00019,runlisfloo,awilso19,r,09/15/2026,14:11:20,eddie@node1p10.ecdf.ed.ac.uk,1,4178
58655621,0.00019,runlisfloo,awilso19,r,09/15/2026,14:11:20,eddie@node1p09.ecdf.ed.ac.uk,1,4179
58655621,0.00019,runlisfloo,awilso19,r,09/15/2026,14:11:20,eddie@node1s11.ecdf.ed.ac.uk,1,4180
58655621,0.00019,runlisfloo,awilso19,r,09/15/2026,14:11:20,eddie@node1p10.ecdf.ed.ac.uk,1,4181
58655621,0.00019,runlisfloo,awilso19,r,09/15/2026,14:11:20,eddie@node1p09.ecdf.ed.ac.uk,1,4182
58655621,0.00019,runlisfloo,awilso19,r,09/15/2026,14:11:20,eddie@node1s11.ecdf.ed.ac.uk,1,4183
58655621,0.00019,runlisfloo,awilso19,r,09/15/2026,14:11:20,eddie@node1p10.ecdf.ed.ac.uk,1,4184
58655621,0.00019,runlisfloo,awilso19,r,09/15/2026,14:11:20,eddie@node1p09.ecdf.ed.ac.uk,1,4185
58655621,0.00019,runlisfloo,awilso19,r,09/15/2026,14:11:20,eddie@node1s11.ecdf.ed.ac.uk,1,4186
58655621,0.00019,runlisfloo,awilso19,r,09/15/2026,14:11:20,eddie@node1p10.ecdf.ed.ac.uk,1,4187
58655621,0.00019,runlisfloo,awilso19,r,09/15/2026,14:11:20,eddie@node1p09.ecdf.ed.ac.uk,1,4188
58655621,0.00019,runlisfloo,awilso19,r,09/15/2026,14:11:20,eddie@node1s11.ecdf.ed.ac.uk,1,4189
58655621,0.00019,runlisfloo,awilso19,r,09/15/2026,14:11:20,eddie@node1p10.ecdf.ed.ac.uk,1,4190
58655621,0.00019,runlisfloo,awilso19,r,09/15/2026,14:11:20,eddie@node1p09.ecdf.ed.ac.uk,1,4191
58655621,0.00019,runlisfloo,awilso19,r,09/15/2026,14:11:20,eddie@node1s11.ecdf.ed.ac.uk,1,4192
58655621,0.00019,runlisfloo,awilso19,r,09/15/2026,14:11:20,eddie@node1p10.ecdf.ed.ac.uk,1,4193
58655621,0.00019,runlisfloo,awilso19,r,09/15/2026,14:11:20,eddie@node1p09.ecdf.ed.ac.uk,1,4194
58655621,0.00019,runlisfloo,awilso19,r,09/15/2026,14:11:20,eddie@node1s11.ecdf.ed.ac.uk,1,4195
58655621,0.00019,runlisfloo,awilso19,r,09/15/2026,14:11:20,eddie@node1p10.ecdf.ed.ac.uk,1,4196
58655621,0.00019,runlisfloo,awilso19,r,09/15/2026,14:11:20,eddie@node1p09.ecdf.ed.ac.uk,1,4197
58655621,0.00019,runlisfloo,awilso19,r,09/15/2026,14:11:20,eddie@node1s11.ecdf.ed.ac.uk,1,4198
58655621,0.00019,runlisfloo,awilso19,r,09/15/2026,14:11:20,eddie@node1p10.ecdf.ed.ac.uk,1,4199
58655621,0.00019,runlisfloo,awilso19,r,09/15/2026,14:11:20,eddie@node1p09.ecdf.ed.ac.uk,1,4200
58655621,0.00019,runlisfloo,awilso19,r,09/15/2026,14:11:20,eddie@node1s11.ecdf.ed.ac.uk,1,4201
58655621,0.00019,runlisfloo,awilso19,r,09/15/2026,14:11:20,eddie@node1p10.ecdf.ed.ac.uk,1,4202
58655621,0.00019,runlisfloo,awilso19,r,09/15/2026,14:11:20,eddie@node1p09.ecdf.ed.ac.uk,1,4203
58655621,0.00019,runlisfloo,awilso19,r,09/15/2026,14:11:20,eddie@node1s11.ecdf.ed.ac.uk,1,4204
58655621,0.00019,runlisfloo,awilso19,r,09/15/2026,14:11:20,eddie@node1p10.ecdf.ed.ac.uk,1,4205
58655621,0.00019,runlisfloo,awilso19,r,09/15/2026,14:11:20,eddie@node1p09.ecdf.ed.ac.uk,1,4206
58655621,0.00019,runlisfloo,awilso19,r,09/15/2026,14:11:21,eddie@node1s11.ecdf.ed.ac.uk,1,4207
58655621,0.00019,runlisfloo,awilso19,r,09/15/2026,14:11:21,eddie@node1p10.ecdf.ed.ac.uk,1,4208
58655621,0.00019,runlisfloo,awilso19,r,09/15/2026,14:11:21,eddie@node1p09.ecdf.ed.ac.uk,1,4209
58655621,0.00019,runlisfloo,awilso19,r,09/15/2026,14:11:21,eddie@node1s11.ecdf.ed.ac.uk,1,4210
58655621,0.00019,runlisfloo,awilso19,r,09/15/2026,14:11:21,eddie@node1p10.ecdf.ed.ac.uk,1,4211
58655621,0.00019,runlisfloo,awilso19,r,09/15/2026,14:11:21,eddie@node1p09.ecdf.ed.ac.uk,1,4212
58655621,0.00019,runlisfloo,awilso19,r,09/15/2026,14:11:21,eddie@node1s11.ecdf.ed.ac.uk,1,4213
58655621,0.00019,runlisfloo,awilso19,r,09/15/2026,14:11:21,eddie@node1p10.ecdf.ed.ac.uk,1,4214
58655621,0.00019,runlisfloo,awilso19,r,09/15/2026,14:11:21,eddie@node1p09.ecdf.ed.ac.uk,1,4215
58655621,0.00019,runlisfloo,awilso19,r,09/15/2026,14:11:21,eddie@node1s11.ecdf.ed.ac.uk,1,4216
58655621,0.00019,runlisfloo,awilso19,r,09/15/2026,14:11:21,eddie@node1p10.ecdf.ed.ac.uk,1,4217
58655621,0.00019,runlisfloo,awilso19,r,09/15/2026,14:11:21,eddie@node1p09.ecdf.ed.ac.uk,1,4218
58655621,0.00019,runlisfloo,awilso19,r,09/15/2026,14:11:21,eddie@node1s11.ecdf.ed.ac.uk,1,4219
58655621,0.00019,runlisfloo,awilso19,r,09/15/2026,14:11:21,eddie@node1p10.ecdf.ed.ac.uk,1,4220
58655621,0.00019,runlisfloo,awilso19,r,09/15/2026,14:11:21,eddie@node1p09.ecdf.ed.ac.uk,1,4221
58655621,0.00019,runlisfloo,awilso19,r,09/15/2026,14:11:21,eddie@node1s11.ecdf.ed.ac.uk,1,4222
58655621,0.00019,runlisfloo,awilso19,r,09/15/2026,14:11:21,eddie@node1p10.ecdf.ed.ac.uk,1,4223
58655621,0.00019,runlisfloo,awilso19,r,09/15/2026,14:11:21,eddie@node1p09.ecdf.ed.ac.uk,1,4224
58655621,0.00019,runlisfloo,awilso19,r,09/15/2026,14:11:21,eddie@node1s11.ecdf.ed.ac.uk,1,4225
58655621,0.00019,runlisfloo,awilso19,r,09/15/2026,14:11:21,eddie@node1p10.ecdf.ed.ac.uk,1,4226
58655621,0.00019,runlisfloo,awilso19,r,09/15/2026,14:11:21,eddie@node1p09.ecdf.ed.ac.uk,1,4227
58655621,0.00019,runlisfloo,awilso19,r,09/15/2026,14:11:21,eddie@node1s11.ecdf.ed.ac.uk,1,4228
58655621,0.00019,runlisfloo,awilso19,r,09/15/2026,14:11:21,eddie@node1p10.ecdf.ed.ac.uk,1,4229
58655621,0.00019,runlisfloo,awilso19,r,09/15/2026,14:11:21,eddie@node1p09.ecdf.ed.ac.uk,1,4230
58655621,0.00019,runlisfloo,awilso19,r,09/15/2026,14:11:21,eddie@node1s11.ecdf.ed.ac.uk,1,4231
58655621,0.00019,runlisfloo,awilso19,r,09/15/2026,14:11:21,eddie@node1p10.ecdf.ed.ac.uk,1,4232
58655621,0.00019,runlisfloo,awilso19,r,09/15/2026,14:11:21,eddie@node1p09.ecdf.ed.ac.uk,1,4233
58655621,0.00019,runlisfloo,awilso19,r,09/15/2026,14:11:21,eddie@node1p09.ecdf.ed.ac.uk,1,4234
58655621,0.00019,runlisfloo,awilso19,r,09/15/2026,14:11:21,eddie@node1p09.ecdf.ed.ac.uk,1,4235
58655621,0.00019,runlisfloo,awilso19,r,09/15/2026,14:11:21,eddie@node1p09.ecdf.ed.ac.uk,1,4236
58655621,0.00019,runlisfloo,awilso19,r,09/15/2026,14:11:21,eddie@node1p09.ecdf.ed.ac.uk,1,4237
58655621,0.00019,runlisfloo,awilso19,r,09/15/2026,14:11:21,eddie@node1p09.ecdf.ed.ac.uk,1,4238
58655621,0.00019,runlisfloo,awilso19,r,09/15/2026,14:11:21,eddie@node1p09.ecdf.ed.ac.uk,1,4239
58655621,0.00019,runlisfloo,awilso19,r,09/15/2026,14:11:21,eddie@node1p11.ecdf.ed.ac.uk,1,4240
58655621,0.00019,runlisfloo,awilso19,r,09/15/2026,14:11:21,eddie@node1p11.ecdf.ed.ac.uk,1,4241
58655621,0.00019,runlisfloo,awilso19,r,09/15/2026,14:11:21,eddie@node1p11.ecdf.ed.ac.uk,1,4242
58655621,0.00019,runlisfloo,awilso19,r,09/15/2026,14:11:21,eddie@node1p11.ecdf.ed.ac.uk,1,4243
58655621,0.00019,runlisfloo,awilso19,r,09/15/2026,14:11:21,eddie@node1p11.ecdf.ed.ac.uk,1,4244
58655621,0.00019,runlisfloo,awilso19,r,09/15/2026,14:11:21,eddie@node1p11.ecdf.ed.ac.uk,1,4245
58655621,0.00019,runlisfloo,awilso19,r,09/15/2026,14:11:21,eddie@node1p11.ecdf.ed.ac.uk,1,4246
58655621,0.00019,runlisfloo,awilso19,r,09/15/2026,14:11:21,eddie@node1p11.ecdf.ed.ac.uk,1,4247
58655621,0.00019,runlisfloo,awilso19,r,09/15/2026,14:11:21,eddie@node1p11.ecdf.ed.ac.uk,1,4248
58655621,0.00019,runlisfloo,awilso19,r,09/15/2026,14:11:21,eddie@node1p11.ecdf.ed.ac.uk,1,4249
58655621,0.00019,runlisfloo,awilso19,r,09/15/2026,14:11:21,eddie@node1k17.ecdf.ed.ac.uk,1,4250
58655621,0.00019,runlisfloo,awilso19,r,09/15/2026,14:11:21,eddie@node1k10.ecdf.ed.ac.uk,1,4251
58655621,0.00019,runlisfloo,awilso19,r,09/15/2026,14:11:21,eddie@node1k11.ecdf.ed.ac.uk,1,4252
58655621,0.00019,runlisfloo,awilso19,r,09/15/2026,14:11:21,eddie@node1j12.ecdf.ed.ac.uk,1,4253
58655621,0.00019,runlisfloo,awilso19,r,09/15/2026,14:11:21,eddie@node1k20.ecdf.ed.ac.uk,1,4254
58655621,0.00019,runlisfloo,awilso19,r,09/15/2026,14:11:21,eddie@node1k17.ecdf.ed.ac.uk,1,4255
58655621,0.00019,runlisfloo,awilso19,r,09/15/2026,14:11:21,eddie@node1k10.ecdf.ed.ac.uk,1,4256
58655621,0.00019,runlisfloo,awilso19,r,09/15/2026,14:11:21,eddie@node1k11.ecdf.ed.ac.uk,1,4257
58655621,0.00019,runlisfloo,awilso19,r,09/15/2026,14:11:21,eddie@node1j12.ecdf.ed.ac.uk,1,4258
58655621,0.00019,runlisfloo,awilso19,r,09/15/2026,14:11:21,eddie@node1k20.ecdf.ed.ac.uk,1,4259
58655621,0.00019,runlisfloo,awilso19,r,09/15/2026,14:11:21,eddie@node1k17.ecdf.ed.ac.uk,1,4260
58655621,0.00019,runlisfloo,awilso19,r,09/15/2026,14:11:21,eddie@node1k10.ecdf.ed.ac.uk,1,4261
58655621,0.00019,runlisfloo,awilso19,r,09/15/2026,14:11:21,eddie@node1k11.ecdf.ed.ac.uk,1,4262
58655621,0.00019,runlisfloo,awilso19,r,09/15/2026,14:11:21,eddie@node1j12.ecdf.ed.ac.uk,1,4263
58655621,0.00019,runlisfloo,awilso19,r,09/15/2026,14:11:21,eddie@node1k20.ecdf.ed.ac.uk,1,4264
58655621,0.00019,runlisfloo,awilso19,r,09/15/2026,14:11:21,eddie@node1k17.ecdf.ed.ac.uk,1,4265
58655621,0.00019,runlisfloo,awilso19,r,09/15/2026,14:11:21,eddie@node1k10.ecdf.ed.ac.uk,1,4266
58655621,0.00019,runlisfloo,awilso19,r,09/15/2026,14:11:21,eddie@node1k11.ecdf.ed.ac.uk,1,4267
58655621,0.00019,runlisfloo,awilso19,r,09/15/2026,14:11:21,eddie@node1j12.ecdf.ed.ac.uk,1,4268
58655621,0.00019,runlisfloo,awilso19,r,09/15/2026,14:11:21,eddie@node1k20.ecdf.ed.ac.uk,1,4269
58655621,0.00019,runlisfloo,awilso19,r,09/15/2026,14:11:21,eddie@node1k17.ecdf.ed.ac.uk,1,4270
58655621,0.00019,runlisfloo,awilso19,r,09/15/2026,14:11:21,eddie@node1k10.ecdf.ed.ac.uk,1,4271
58655621,0.00019,runlisfloo,awilso19,r,09/15/2026,14:11:21,eddie@node1k11.ecdf.ed.ac.uk,1,4272
58655621,0.00019,runlisfloo,awilso19,r,09/15/2026,14:11:21,eddie@node1j12.ecdf.ed.ac.uk,1,4273
58655621,0.00019,runlisfloo,awilso19,r,09/15/2026,14:11:21,eddie@node1k20.ecdf.ed.ac.uk,1,4274
58655621,0.00019,runlisfloo,awilso19,r,09/15/2026,14:11:22,eddie@node1k17.ecdf.ed.ac.uk,1,4275
58655621,0.00019,runlisfloo,awilso19,r,09/15/2026,14:11:22,eddie@node1k10.ecdf.ed.ac.uk,1,4276
58655621,0.00019,runlisfloo,awilso19,r,09/15/2026,14:11:22,eddie@node1k11.ecdf.ed.ac.uk,1,4277
58655621,0.00019,runlisfloo,awilso19,r,09/15/2026,14:11:22,eddie@node1j12.ecdf.ed.ac.uk,1,4278
58655621,0.00019,runlisfloo,awilso19,r,09/15/2026,14:11:22,eddie@node1k20.ecdf.ed.ac.uk,1,4279
58655621,0.00019,runlisfloo,awilso19,r,09/15/2026,14:11:22,eddie@node1k17.ecdf.ed.ac.uk,1,4280
58655621,0.00019,runlisfloo,awilso19,r,09/15/2026,14:11:22,eddie@node1k10.ecdf.ed.ac.uk,1,4281
58655621,0.00019,runlisfloo,awilso19,r,09/15/2026,14:11:22,eddie@node1k11.ecdf.ed.ac.uk,1,4282
58655621,0.00019,runlisfloo,awilso19,r,09/15/2026,14:11:22,eddie@node1j12.ecdf.ed.ac.uk,1,4283
58655621,0.00019,runlisfloo,awilso19,r,09/15/2026,14:11:22,eddie@node1k20.ecdf.ed.ac.uk,1,4284
58655621,0.00019,runlisfloo,awilso19,r,09/15/2026,14:11:22,eddie@node1k17.ecdf.ed.ac.uk,1,4285
58655621,0.00019,runlisfloo,awilso19,r,09/15/2026,14:11:22,eddie@node1k10.ecdf.ed.ac.uk,1,4286
58655621,0.00019,runlisfloo,awilso19,r,09/15/2026,14:11:22,eddie@node1k11.ecdf.ed.ac.uk,1,4287
58655621,0.00019,runlisfloo,awilso19,r,09/15/2026,14:11:22,eddie@node1j12.ecdf.ed.ac.uk,1,4288
58655621,0.00019,runlisfloo,awilso19,r,09/15/2026,14:11:22,eddie@node1k20.ecdf.ed.ac.uk,1,4289
58655621,0.00019,runlisfloo,awilso19,r,09/15/2026,14:11:22,eddie@node1k17.ecdf.ed.ac.uk,1,4290
58655621,0.00019,runlisfloo,awilso19,r,09/15/2026,14:11:22,eddie@node1k10.ecdf.ed.ac.uk,1,4291
58655621,0.00019,runlisfloo,awilso19,r,09/15/2026,14:11:22,eddie@node1k11.ecdf.ed.ac.uk,1,4292
58655621,0.00019,runlisfloo,awilso19,r,09/15/2026,14:11:22,eddie@node1j12.ecdf.ed.ac.uk,1,4293
58655621,0.00019,runlisfloo,awilso19,r,09/15/2026,14:11:22,eddie@node1k20.ecdf.ed.ac.uk,1,4294
58655621,0.00019,runlisfloo,awilso19,r,09/15/2026,14:11:22,eddie@node1k17.ecdf.ed.ac.uk,1,4295
58655621,0.00019,runlisfloo,awilso19,r,09/15/2026,14:11:22,eddie@node1k10.ecdf.ed.ac.uk,1,4296
58655621,0.00019,runlisfloo,awilso19,r,09/15/2026,14:11:22,eddie@node1k11.ecdf.ed.ac.uk,1,4297
58655621,0.00019,runlisfloo,awilso19,r,09/15/2026,14:11:22,eddie@node1j12.ecdf.ed.ac.uk,1,4298
58655621,0.00019,runlisfloo,awilso19,r,09/15/2026,14:11:22,eddie@node1k20.ecdf.ed.ac.uk,1,4299
58655621,0.00019,runlisfloo,awilso19,r,09/15/2026,14:11:22,eddie@node1k17.ecdf.ed.ac.uk,1,4300
58655621,0.00019,runlisfloo,awilso19,r,09/15/2026,14:11:22,eddie@node1k10.ecdf.ed.ac.uk,1,4301
58655621,0.00019,runlisfloo,awilso19,r,09/15/2026,14:11:22,eddie@node1k11.ecdf.ed.ac.uk,1,4302
58655621,0.00019,runlisfloo,awilso19,r,09/15/2026,14:11:22,eddie@node1j12.ecdf.ed.ac.uk,1,4303
58655621,0.00019,runlisfloo,awilso19,r,09/15/2026,14:11:22,eddie@node1k20.ecdf.ed.ac.uk,1,4304
58655621,0.00019,runlisfloo,awilso19,r,09/15/2026,14:11:22,eddie@node1k17.ecdf.ed.ac.uk,1,4305
58655621,0.00019,runlisfloo,awilso19,r,09/15/2026,14:11:22,eddie@node1k10.ecdf.ed.ac.uk,1,4306
58655621,0.00019,runlisfloo,awilso19,r,09/15/2026,14:11:22,eddie@node1k11.ecdf.ed.ac.uk,1,4307
58655621,0.00019,runlisfloo,awilso19,r,09/15/2026,14:11:22,eddie@node1j12.ecdf.ed.ac.uk,1,4308
58655621,0.00019,runlisfloo,awilso19,r,09/15/2026,14:11:22,eddie@node1k20.ecdf.ed.ac.uk,1,4309
58655621,0.00019,runlisfloo,awilso19,r,09/15/2026,14:11:22,eddie@node1k17.ecdf.ed.ac.uk,1,4310
58655621,0.00019,runlisfloo,awilso19,r,09/15/2026,14:11:22,eddie@node1k10.ecdf.ed.ac.uk,1,4311
58655621,0.00019,runlisfloo,awilso19,r,09/15/2026,14:11:22,eddie@node1k11.ecdf.ed.ac.uk,1,4312
58655621,0.00019,runlisfloo,awilso19,r,09/15/2026,14:11:22,eddie@node1j12.ecdf.ed.ac.uk,1,4313
58655621,0.00019,runlisfloo,awilso19,r,09/15/2026,14:11:22,eddie@node1k20.ecdf.ed.ac.uk,1,4314
58655621,0.00019,runlisfloo,awilso19,r,09/15/2026,14:11:22,eddie@node1k17.ecdf.ed.ac.uk,1,4315
58655621,0.00019,runlisfloo,awilso19,r,09/15/2026,14:11:22,eddie@node1k10.ecdf.ed.ac.uk,1,4316
58655621,0.00019,runlisfloo,awilso19,r,09/15/2026,14:11:22,eddie@node1k11.ecdf.ed.ac.uk,1,4317
58655621,0.00019,runlisfloo,awilso19,r,09/15/2026,14:11:22,eddie@node1j12.ecdf.ed.ac.uk,1,4318
58655621,0.00019,runlisfloo,awilso19,r,09/15/2026,14:11:22,eddie@node1k20.ecdf.ed.ac.uk,1,4319
58655621,0.00019,runlisfloo,awilso19,r,09/15/2026,14:11:22,eddie@node1k17.ecdf.ed.ac.uk,1,4320
58655621,0.00019,runlisfloo,awilso19,r,09/15/2026,14:11:22,eddie@node1k10.ecdf.ed.ac.uk,1,4321
58655621,0.00019,runlisfloo,awilso19,r,09/15/2026,14:11:22,eddie@node1k11.ecdf.ed.ac.uk,1,4322
58655621,0.00019,runlisfloo,awilso19,r,09/15/2026,14:11:22,eddie@node1j12.ecdf.ed.ac.uk,1,4323
58655621,0.00019,runlisfloo,awilso19,r,09/15/2026,14:11:22,eddie@node1k20.ecdf.ed.ac.uk,1,4324
58655621,0.00019,runlisfloo,awilso19,r,09/15/2026,14:11:22,eddie@node1k17.ecdf.ed.ac.uk,1,4325
58655621,0.00019,runlisfloo,awilso19,r,09/15/2026,14:11:22,eddie@node1k10.ecdf.ed.ac.uk,1,4326
58655621,0.00019,runlisfloo,awilso19,r,09/15/2026,14:11:22,eddie@node1k11.ecdf.ed.ac.uk,1,4327
58655621,0.00019,runlisfloo,awilso19,r,09/15/2026,14:11:22,eddie@node1j12.ecdf.ed.ac.uk,1,4328
58655621,0.00019,runlisfloo,awilso19,r,09/15/2026,14:11:22,eddie@node1k20.ecdf.ed.ac.uk,1,4329
58655621,0.00019,runlisfloo,awilso19,r,09/15/2026,14:11:22,eddie@node1k17.ecdf.ed.ac.uk,1,4330
58655621,0.00019,runlisfloo,awilso19,r,09/15/2026,14:11:22,eddie@node1k10.ecdf.ed.ac.uk,1,4331
58655621,0.00019,runlisfloo,awilso19,r,09/15/2026,14:11:22,eddie@node1k11.ecdf.ed.ac.uk,1,4332
58655621,0.00019,runlisfloo,awilso19,r,09/15/2026,14:11:22,eddie@node1j12.ecdf.ed.ac.uk,1,4333
58655621,0.00019,runlisfloo,awilso19,r,09/15/2026,14:11:22,eddie@node1k20.ecdf.ed.ac.uk,1,4334
58655621,0.00019,runlisfloo,awilso19,r,09/15/2026,14:11:22,eddie@node1k17.ecdf.ed.ac.uk,1,4335
58655621,0.00019,runlisfloo,awilso19,r,09/15/2026,14:11:22,eddie@node1k10.ecdf.ed.ac.uk,1,4336
58655621,0.00019,runlisfloo,awilso19,r,09/15/2026,14:11:22,eddie@node1k11.ecdf.ed.ac.uk,1,4337
58655621,0.00019,runlisfloo,awilso19,r,09/15/2026,14:11:22,eddie@node1j12.ecdf.ed.ac.uk,1,4338
58655621,0.00019,runlisfloo,awilso19,r,09/15/2026,14:11:22,eddie@node1k20.ecdf.ed.ac.uk,1,4339
58655621,0.00019,runlisfloo,awilso19,r,09/15/2026,14:11:22,eddie@node1k17.ecdf.ed.ac.uk,1,4340
58655621,0.00019,runlisfloo,awilso19,r,09/15/2026,14:11:22,eddie@node1k10.ecdf.ed.ac.uk,1,4341
58655621,0.00019,runlisfloo,awilso19,r,09/15/2026,14:11:22,eddie@node1k11.ecdf.ed.ac.uk,1,4342
58655621,0.00019,runlisfloo,awilso19,r,09/15/2026,14:11:22,eddie@node1j12.ecdf.ed.ac.uk,1,4343
58655621,0.00019,runlisfloo,awilso19,r,09/15/2026,14:11:22,eddie@node1k20.ecdf.ed.ac.uk,1,4344
58655621,0.00019,runlisfloo,awilso19,r,09/15/2026,14:11:22,eddie@node1k17.ecdf.ed.ac.uk,1,4345
58655621,0.00019,runlisfloo,awilso19,r,09/15/2026,14:11:22,eddie@node1n11.ecdf.ed.ac.uk,1,4346
58655621,0.00019,runlisfloo,awilso19,r,09/15/2026,14:11:22,eddie@node1k10.ecdf.ed.ac.uk,1,4347
58655621,0.00019,runlisfloo,awilso19,r,09/15/2026,14:11:22,eddie@node1k11.ecdf.ed.ac.uk,1,4348
58655621,0.00019,runlisfloo,awilso19,r,09/15/2026,14:11:23,eddie@node1j12.ecdf.ed.ac.uk,1,4349
58655621,0.00019,runlisfloo,awilso19,r,09/15/2026,14:11:23,eddie@node1k20.ecdf.ed.ac.uk,1,4350
58655621,0.00019,runlisfloo,awilso19,r,09/15/2026,14:11:23,eddie@node1k17.ecdf.ed.ac.uk,1,4351
58655621,0.00019,runlisfloo,awilso19,r,09/15/2026,14:11:23,eddie@node1n11.ecdf.ed.ac.uk,1,4352
58655621,0.00019,runlisfloo,awilso19,r,09/15/2026,14:11:23,eddie@node1k10.ecdf.ed.ac.uk,1,4353
58655621,0.00019,runlisfloo,awilso19,r,09/15/2026,14:11:23,eddie@node1k11.ecdf.ed.ac.uk,1,4354
58655621,0.00019,runlisfloo,awilso19,r,09/15/2026,14:11:23,eddie@node1k15.ecdf.ed.ac.uk,1,4355
58655621,0.00019,runlisfloo,awilso19,r,09/15/2026,14:11:23,eddie@node1j12.ecdf.ed.ac.uk,1,4356
58655621,0.00019,runlisfloo,awilso19,r,09/15/2026,14:11:23,eddie@node1k20.ecdf.ed.ac.uk,1,4357
58655621,0.00019,runlisfloo,awilso19,r,09/15/2026,14:11:23,eddie@node1k17.ecdf.ed.ac.uk,1,4358
58655621,0.00019,runlisfloo,awilso19,r,09/15/2026,14:11:23,eddie@node1n11.ecdf.ed.ac.uk,1,4359
58655621,0.00019,runlisfloo,awilso19,r,09/15/2026,14:11:23,eddie@node1k10.ecdf.ed.ac.uk,1,4360
58655621,0.00019,runlisfloo,awilso19,r,09/15/2026,14:11:23,eddie@node1k11.ecdf.ed.ac.uk,1,4361
58655621,0.00019,runlisfloo,awilso19,r,09/15/2026,14:11:23,eddie@node1k15.ecdf.ed.ac.uk,1,4362
58655621,0.00019,runlisfloo,awilso19,r,09/15/2026,14:11:23,eddie@node1j12.ecdf.ed.ac.uk,1,4363
58655621,0.00019,runlisfloo,awilso19,r,09/15/2026,14:11:23,eddie@node1k20.ecdf.ed.ac.uk,1,4364
58655621,0.00019,runlisfloo,awilso19,r,09/15/2026,14:11:23,eddie@node1k17.ecdf.ed.ac.uk,1,4365
58655621,0.00019,runlisfloo,awilso19,r,09/15/2026,14:11:23,eddie@node1n11.ecdf.ed.ac.uk,1,4366
58655621,0.00019,runlisfloo,awilso19,r,09/15/2026,14:11:23,eddie@node1k10.ecdf.ed.ac.uk,1,4367
58655621,0.00019,runlisfloo,awilso19,r,09/15/2026,14:11:23,eddie@node1k11.ecdf.ed.ac.uk,1,4368
58655621,0.00019,runlisfloo,awilso19,r,09/15/2026,14:11:23,eddie@node1k15.ecdf.ed.ac.uk,1,4369
58655621,0.00019,runlisfloo,awilso19,r,09/15/2026,14:11:23,eddie@node1j12.ecdf.ed.ac.uk,1,4370
58655621,0.00019,runlisfloo,awilso19,r,09/15/2026,14:11:23,eddie@node1k20.ecdf.ed.ac.uk,1,4371
58655621,0.00019,runlisfloo,awilso19,r,09/15/2026,14:11:23,eddie@node1k17.ecdf.ed.ac.uk,1,4372
58655621,0.00019,runlisfloo,awilso19,r,09/15/2026,14:11:23,eddie@node1n11.ecdf.ed.ac.uk,1,4373
58655621,0.00019,runlisfloo,awilso19,r,09/15/2026,14:11:23,eddie@node1k10.ecdf.ed.ac.uk,1,4374
58655621,0.00019,runlisfloo,awilso19,r,09/15/2026,14:11:23,eddie@node1k11.ecdf.ed.ac.uk,1,4375
58655621,0.00019,runlisfloo,awilso19,r,09/15/2026,14:11:23,eddie@node1k15.ecdf.ed.ac.uk,1,4376
58655621,0.00019,runlisfloo,awilso19,r,09/15/2026,14:11:23,eddie@node1j12.ecdf.ed.ac.uk,1,4377
58655621,0.00019,runlisfloo,awilso19,r,09/15/2026,14:11:23,eddie@node1k20.ecdf.ed.ac.uk,1,4378
58655621,0.00019,runlisfloo,awilso19,r,09/15/2026,14:11:23,eddie@node1k17.ecdf.ed.ac.uk,1,4379
58655621,0.00019,runlisfloo,awilso19,r,09/15/2026,14:11:23,eddie@node1n11.ecdf.ed.ac.uk,1,4380
58655621,0.00019,runlisfloo,awilso19,r,09/15/2026,14:11:23,eddie@node1k10.ecdf.ed.ac.uk,1,4381
58655621,0.00019,runlisfloo,awilso19,r,09/15/2026,14:11:23,eddie@node1k11.ecdf.ed.ac.uk,1,4382
58655621,0.00019,runlisfloo,awilso19,r,09/15/2026,14:11:23,eddie@node1k15.ecdf.ed.ac.uk,1,4383
58655621,0.00019,runlisfloo,awilso19,r,09/15/2026,14:11:23,eddie@node1j12.ecdf.ed.ac.uk,1,4384
58655621,0.00019,runlisfloo,awilso19,r,09/15/2026,14:11:23,eddie@node1k20.ecdf.ed.ac.uk,1,4385
58655621,0.00019,runlisfloo,awilso19,r,09/15/2026,14:11:23,eddie@node1k17.ecdf.ed.ac.uk,1,4386
58655621,0.00019,runlisfloo,awilso19,r,09/15/2026,14:11:23,eddie@node1n11.ecdf.ed.ac.uk,1,4387
58655621,0.00019,runlisfloo,awilso19,r,09/15/2026,14:11:23,eddie@node1k10.ecdf.ed.ac.uk,1,4388
58655621,0.00019,runlisfloo,awilso19,r,09/15/2026,14:11:23,eddie@node1k11.ecdf.ed.ac.uk,1,4389
58655621,0.00019,runlisfloo,awilso19,r,09/15/2026,14:11:23,eddie@node1k15.ecdf.ed.ac.uk,1,4390
58655621,0.00019,runlisfloo,awilso19,r,09/15/2026,14:11:23,eddie@node1j12.ecdf.ed.ac.uk,1,4391
58655621,0.00019,runlisfloo,awilso19,r,09/15/2026,14:11:23,eddie@node1k20.ecdf.ed.ac.uk,1,4392
58655621,0.00019,runlisfloo,awilso19,r,09/15/2026,14:11:23,eddie@node1k17.ecdf.ed.ac.uk,1,4393
58655621,0.00019,runlisfloo,awilso19,r,09/15/2026,14:11:23,eddie@node1n11.ecdf.ed.ac.uk,1,4394
58655621,0.00019,runlisfloo,awilso19,r,09/15/2026,14:11:23,eddie@node1k10.ecdf.ed.ac.uk,1,4395
58655621,0.00019,runlisfloo,awilso19,r,09/15/2026,14:11:23,eddie@node1k11.ecdf.ed.ac.uk,1,4396
58655621,0.00019,runlisfloo,awilso19,r,09/15/2026,14:11:23,eddie@node1k15.ecdf.ed.ac.uk,1,4397
58655621,0.00019,runlisfloo,awilso19,r,09/15/2026,14:11:23,eddie@node1j12.ecdf.ed.ac.uk,1,4398
58655621,0.00019,runlisfloo,awilso19,r,09/15/2026,14:11:23,eddie@node1k20.ecdf.ed.ac.uk,1,4399
58655621,0.00019,runlisfloo,awilso19,r,09/15/2026,14:11:23,eddie@node1k17.ecdf.ed.ac.uk,1,4400
58655621,0.00019,runlisfloo,awilso19,r,09/15/2026,14:11:23,eddie@node1n11.ecdf.ed.ac.uk,1,4401
58655621,0.00019,runlisfloo,awilso19,r,09/15/2026,14:11:23,eddie@node1k10.ecdf.ed.ac.uk,1,4402
58655621,0.00019,runlisfloo,awilso19,r,09/15/2026,14:11:23,eddie@node1k11.ecdf.ed.ac.uk,1,4403
58655621,0.00019,runlisfloo,awilso19,r,09/15/2026,14:11:23,eddie@node1k15.ecdf.ed.ac.uk,1,4404
58655621,0.00019,runlisfloo,awilso19,r,09/15/2026,14:11:23,eddie@node1j12.ecdf.ed.ac.uk,1,4405
58655621,0.00019,runlisfloo,awilso19,r,09/15/2026,14:11:23,eddie@node1k20.ecdf.ed.ac.uk,1,4406
58655621,0.00019,runlisfloo,awilso19,r,09/15/2026,14:11:23,eddie@node1k17.ecdf.ed.ac.uk,1,4407
58655621,0.00019,runlisfloo,awilso19,r,09/15/2026,14:11:23,eddie@node1n11.ecdf.ed.ac.uk,1,4408
58655621,0.00019,runlisfloo,awilso19,r,09/15/2026,14:11:23,eddie@node1k10.ecdf.ed.ac.uk,1,4409
58655621,0.00019,runlisfloo,awilso19,r,09/15/2026,14:11:23,eddie@node1k11.ecdf.ed.ac.uk,1,4410
58655621,0.00019,runlisfloo,awilso19,r,09/15/2026,14:11:24,eddie@node1k15.ecdf.ed.ac.uk,1,4411
58655621,0.00019,runlisfloo,awilso19,r,09/15/2026,14:11:24,eddie@node1j12.ecdf.ed.ac.uk,1,4412
58655621,0.00019,runlisfloo,awilso19,r,09/15/2026,14:11:24,eddie@node1k20.ecdf.ed.ac.uk,1,4413
58655621,0.00019,runlisfloo,awilso19,r,09/15/2026,14:11:24,eddie@node1k17.ecdf.ed.ac.uk,1,4414
58655621,0.00019,runlisfloo,awilso19,r,09/15/2026,14:11:24,eddie@node1n11.ecdf.ed.ac.uk,1,4415
58655621,0.00019,runlisfloo,awilso19,r,09/15/2026,14:11:24,eddie@node1k10.ecdf.ed.ac.uk,1,4416
58655621,0.00019,runlisfloo,awilso19,r,09/15/2026,14:11:24,eddie@node1k11.ecdf.ed.ac.uk,1,4417
58655621,0.00019,runlisfloo,awilso19,r,09/15/2026,14:11:24,eddie@node1k15.ecdf.ed.ac.uk,1,4418
58655621,0.00019,runlisfloo,awilso19,r,09/15/2026,14:11:24,eddie@node1j12.ecdf.ed.ac.uk,1,4419
58655621,0.00019,runlisfloo,awilso19,r,09/15/2026,14:11:24,eddie@node1k20.ecdf.ed.ac.uk,1,4420
58655621,0.00019,runlisfloo,awilso19,r,09/15/2026,14:11:24,eddie@node1k17.ecdf.ed.ac.uk,1,4421
58655621,0.00019,runlisfloo,awilso19,r,09/15/2026,14:11:24,eddie@node1n11.ecdf.ed.ac.uk,1,4422
58655621,0.00019,runlisfloo,awilso19,r,09/15/2026,14:11:24,eddie@node1k10.ecdf.ed.ac.uk,1,4423
58655621,0.00019,runlisfloo,awilso19,r,09/15/2026,14:11:24,eddie@node1k11.ecdf.ed.ac.uk,1,4424
58655621,0.00019,runlisfloo,awilso19,r,09/15/2026,14:11:24,eddie@node1k15.ecdf.ed.ac.uk,1,4425
58655621,0.00019,runlisfloo,awilso19,r,09/15/2026,14:11:24,eddie@node1j12.ecdf.ed.ac.uk,1,4426
58655621,0.00019,runlisfloo,awilso19,r,09/15/2026,14:11:24,eddie@node1k20.ecdf.ed.ac.uk,1,4427
58655621,0.00019,runlisfloo,awilso19,r,09/15/2026,14:11:24,eddie@node1k17.ecdf.ed.ac.uk,1,4428
58655621,0.00019,runlisfloo,awilso19,r,09/15/2026,14:11:24,eddie@node1n11.ecdf.ed.ac.uk,1,4429
58655621,0.00019,runlisfloo,awilso19,r,09/15/2026,14:11:24,eddie@node1k10.ecdf.ed.ac.uk,1,4430
58655621,0.00019,runlisfloo,awilso19,r,09/15/2026,14:11:24,eddie@node1k11.ecdf.ed.ac.uk,1,4431
58655621,0.00019,runlisfloo,awilso19,r,09/15/2026,14:11:24,eddie@node1k15.ecdf.ed.ac.uk,1,4432
58655621,0.00019,runlisfloo,awilso19,r,09/15/2026,14:11:24,eddie@node1j12.ecdf.ed.ac.uk,1,4433
58655621,0.00019,runlisfloo,awilso19,r,09/15/2026,14:11:24,eddie@node1k20.ecdf.ed.ac.uk,1,4434
58655621,0.00019,runlisfloo,awilso19,r,09/15/2026,14:11:24,eddie@node1k17.ecdf.ed.ac.uk,1,4435
58655621,0.00019,runlisfloo,awilso19,r,09/15/2026,14:11:24,eddie@node1n11.ecdf.ed.ac.uk,1,4436
58655621,0.00019,runlisfloo,awilso19,r,09/15/2026,14:11:24,eddie@node1k10.ecdf.ed.ac.uk,1,4437
58655621,0.00019,runlisfloo,awilso19,r,09/15/2026,14:11:24,eddie@node1k11.ecdf.ed.ac.uk,1,4438
58655621,0.00019,runlisfloo,awilso19,r,09/15/2026,14:11:24,eddie@node1k15.ecdf.ed.ac.uk,1,4439
58655621,0.00019,runlisfloo,awilso19,r,09/15/2026,14:11:24,eddie@node1j12.ecdf.ed.ac.uk,1,4440
58655621,0.00019,runlisfloo,awilso19,r,09/15/2026,14:11:24,eddie@node1k20.ecdf.ed.ac.uk,1,4441
58655621,0.00019,runlisfloo,awilso19,r,09/15/2026,14:11:24,eddie@node1k17.ecdf.ed.ac.uk,1,4442
58655621,0.00019,runlisfloo,awilso19,r,09/15/2026,14:11:24,eddie@node1n11.ecdf.ed.ac.uk,1,4443
58655621,0.00019,runlisfloo,awilso19,r,09/15/2026,14:11:24,eddie@node1k10.ecdf.ed.ac.uk,1,4444
58655621,0.00019,runlisfloo,awilso19,r,09/15/2026,14:11:24,eddie@node1k11.ecdf.ed.ac.uk,1,4445
58655621,0.00019,runlisfloo,awilso19,r,09/15/2026,14:11:24,eddie@node1k15.ecdf.ed.ac.uk,1,4446
58655621,0.00019,runlisfloo,awilso19,r,09/15/2026,14:11:24,eddie@node1j12.ecdf.ed.ac.uk,1,4447
58655621,0.00019,runlisfloo,awilso19,r,09/15/2026,14:11:24,eddie@node1k20.ecdf.ed.ac.uk,1,4448
58655621,0.00019,runlisfloo,awilso19,r,09/15/2026,14:11:24,eddie@node1k17.ecdf.ed.ac.uk,1,4449
58655621,0.00019,runlisfloo,awilso19,r,09/15/2026,14:11:24,eddie@node1n11.ecdf.ed.ac.uk,1,4450
58655621,0.00019,runlisfloo,awilso19,r,09/15/2026,14:11:24,eddie@node1k10.ecdf.ed.ac.uk,1,4451
58655621,0.00019,runlisfloo,awilso19,r,09/15/2026,14:11:24,eddie@node1k11.ecdf.ed.ac.uk,1,4452
58655621,0.00019,runlisfloo,awilso19,r,09/15/2026,14:11:24,eddie@node1k15.ecdf.ed.ac.uk,1,4453
58655621,0.00019,runlisfloo,awilso19,r,09/15/2026,14:11:24,eddie@node1j12.ecdf.ed.ac.uk,1,4454
58655621,0.00019,runlisfloo,awilso19,r,09/15/2026,14:11:24,eddie@node1k20.ecdf.ed.ac.uk,1,4455
58655621,0.00019,runlisfloo,awilso19,r,09/15/2026,14:11:24,eddie@node1k17.ecdf.ed.ac.uk,1,4456
58655621,0.00019,runlisfloo,awilso19,r,09/15/2026,14:11:24,eddie@node1n11.ecdf.ed.ac.uk,1,4457
58655621,0.00019,runlisfloo,awilso19,r,09/15/2026,14:11:24,eddie@node1k10.ecdf.ed.ac.uk,1,4458
58655621,0.00019,runlisfloo,awilso19,r,09/15/2026,14:11:24,eddie@node1k11.ecdf.ed.ac.uk,1,4459
58655621,0.00019,runlisfloo,awilso19,r,09/15/2026,14:11:24,eddie@node1k15.ecdf.ed.ac.uk,1,4460
58655621,0.00019,runlisfloo,awilso19,r,09/15/2026,14:11:24,eddie@node1j12.ecdf.ed.ac.uk,1,4461
58655621,0.00019,runlisfloo,awilso19,r,09/15/2026,14:11:24,eddie@node1k20.ecdf.ed.ac.uk,1,4462
58655621,0.00019,runlisfloo,awilso19,r,09/15/2026,14:11:24,eddie@node1k17.ecdf.ed.ac.uk,1,4463
58655621,0.00019,runlisfloo,awilso19,r,09/15/2026,14:11:24,eddie@node1n11.ecdf.ed.ac.uk,1,4464
58655621,0.00019,runlisfloo,awilso19,r,09/15/2026,14:11:24,eddie@node1k10.ecdf.ed.ac.uk,1,4465
58655621,0.00019,runlisfloo,awilso19,r,09/15/2026,14:11:24,eddie@node1k11.ecdf.ed.ac.uk,1,4466
58655621,0.00019,runlisfloo,awilso19,r,09/15/2026,14:11:24,eddie@node1k15.ecdf.ed.ac.uk,1,4467
58655621,0.00019,runlisfloo,awilso19,r,09/15/2026,14:11:24,eddie@node1j12.ecdf.ed.ac.uk,1,4468
58655621,0.00019,runlisfloo,awilso19,r,09/15/2026,14:11:24,eddie@node1k20.ecdf.ed.ac.uk,1,4469
58655621,0.00019,runlisfloo,awilso19,r,09/15/2026,14:11:24,eddie@node1k17.ecdf.ed.ac.uk,1,4470
58655621,0.00019,runlisfloo,awilso19,r,09/15/2026,14:11:24,eddie@node1n11.ecdf.ed.ac.uk,1,4471
58655621,0.00019,runlisfloo,awilso19,r,09/15/2026,14:11:24,eddie@node1k10.ecdf.ed.ac.uk,1,4472
58655621,0.00019,runlisfloo,awilso19,r,09/15/2026,14:11:24,eddie@node1k11.ecdf.ed.ac.uk,1,4473
58655621,0.00019,runlisfloo,awilso19,r,09/15/2026,14:11:25,eddie@node1k15.ecdf.ed.ac.uk,1,4474
58655621,0.00019,runlisfloo,awilso19,r,09/15/2026,14:11:25,eddie@node1j12.ecdf.ed.ac.uk,1,4475
58655621,0.00019,runlisfloo,awilso19,r,09/15/2026,14:11:25,eddie@node1k20.ecdf.ed.ac.uk,1,4476
58655621,0.00019,runlisfloo,awilso19,r,09/15/2026,14:11:25,eddie@node1k17.ecdf.ed.ac.uk,1,4477
58655621,0.00019,runlisfloo,awilso19,r,09/15/2026,14:11:25,eddie@node1n11.ecdf.ed.ac.uk,1,4478
58655621,0.00019,runlisfloo,awilso19,r,09/15/2026,14:11:25,eddie@node1k10.ecdf.ed.ac.uk,1,4479
58655621,0.00019,runlisfloo,awilso19,r,09/15/2026,14:11:25,eddie@node1k11.ecdf.ed.ac.uk,1,4480
58655621,0.00019,runlisfloo,awilso19,r,09/15/2026,14:11:25,eddie@node1k15.ecdf.ed.ac.uk,1,4481
58655621,0.00019,runlisfloo,awilso19,r,09/15/2026,14:11:25,eddie@node1j12.ecdf.ed.ac.uk,1,4482
58655621,0.00019,runlisfloo,awilso19,r,09/15/2026,14:11:25,eddie@node1k20.ecdf.ed.ac.uk,1,4483
58655621,0.00019,runlisfloo,awilso19,r,09/15/2026,14:11:25,eddie@node1k17.ecdf.ed.ac.uk,1,4484
58655621,0.00019,runlisfloo,awilso19,r,09/15/2026,14:11:25,eddie@node1n11.ecdf.ed.ac.uk,1,4485
58655621,0.00019,runlisfloo,awilso19,r,09/15/2026,14:11:25,eddie@node1k10.ecdf.ed.ac.uk,1,4486
58655621,0.00019,runlisfloo,awilso19,r,09/15/2026,14:11:25,eddie@node1k11.ecdf.ed.ac.uk,1,4487
58655621,0.00019,runlisfloo,awilso19,r,09/15/2026,14:11:25,eddie@node1j12.ecdf.ed.ac.uk,1,4488
58655621,0.00019,runlisfloo,awilso19,r,09/15/2026,14:11:25,eddie@node1k20.ecdf.ed.ac.uk,1,4489
58655621,0.00019,runlisfloo,awilso19,r,09/15/2026,14:11:25,eddie@node1k17.ecdf.ed.ac.uk,1,4490
58655621,0.00019,runlisfloo,awilso19,r,09/15/2026,14:11:25,eddie@node1n11.ecdf.ed.ac.uk,1,4491
58655621,0.00019,runlisfloo,awilso19,r,09/15/2026,14:11:25,eddie@node1k10.ecdf.ed.ac.uk,1,4492
58655621,0.00019,runlisfloo,awilso19,r,09/15/2026,14:11:25,eddie@node1k11.ecdf.ed.ac.uk,1,4493
58655621,0.00019,runlisfloo,awilso19,r,09/15/2026,14:11:25,eddie@node1j12.ecdf.ed.ac.uk,1,4494
58655621,0.00019,runlisfloo,awilso19,r,09/15/2026,14:11:25,eddie@node1k20.ecdf.ed.ac.uk,1,4495
58655621,0.00019,runlisfloo,awilso19,r,09/15/2026,14:11:25,eddie@node1k17.ecdf.ed.ac.uk,1,4496
58655621,0.00019,runlisfloo,awilso19,r,09/15/2026,14:11:25,eddie@node1n11.ecdf.ed.ac.uk,1,4497
58655621,0.00019,runlisfloo,awilso19,r,09/15/2026,14:11:25,eddie@node1k10.ecdf.ed.ac.uk,1,4498
58655621,0.00019,runlisfloo,awilso19,r,09/15/2026,14:11:25,eddie@node1k11.ecdf.ed.ac.uk,1,4499
58655621,0.00019,runlisfloo,awilso19,r,09/15/2026,14:11:25,eddie@node1j12.ecdf.ed.ac.uk,1,4500
58655621,0.00019,runlisfloo,awilso19,r,09/15/2026,14:11:25,eddie@node1k20.ecdf.ed.ac.uk,1,4501
58655621,0.00019,runlisfloo,awilso19,r,09/15/2026,14:11:25,eddie@node1k17.ecdf.ed.ac.uk,1,4502
58655621,0.00019,runlisfloo,awilso19,r,09/15/2026,14:11:25,eddie@node1n11.ecdf.ed.ac.uk,1,4503
58655621,0.00019,runlisfloo,awilso19,r,09/15/2026,14:11:25,eddie@node1k10.ecdf.ed.ac.uk,1,4504
58655621,0.00019,runlisfloo,awilso19,r,09/15/2026,14:11:25,eddie@node1k11.ecdf.ed.ac.uk,1,4505
58655621,0.00019,runlisfloo,awilso19,r,09/15/2026,14:11:25,eddie@node1j12.ecdf.ed.ac.uk,1,4506
58655621,0.00019,runlisfloo,awilso19,r,09/15/2026,14:11:25,eddie@node1k20.ecdf.ed.ac.uk,1,4507
58655621,0.00019,runlisfloo,awilso19,r,09/15/2026,14:11:25,eddie@node1k17.ecdf.ed.ac.uk,1,4508
58655621,0.00019,runlisfloo,awilso19,r,09/15/2026,14:11:25,eddie@node1n11.ecdf.ed.ac.uk,1,4509
58655621,0.00019,runlisfloo,awilso19,r,09/15/2026,14:11:25,eddie@node1k10.ecdf.ed.ac.uk,1,4510
58655621,0.00019,runlisfloo,awilso19,r,09/15/2026,14:11:25,eddie@node1k11.ecdf.ed.ac.uk,1,4511
58655621,0.00019,runlisfloo,awilso19,r,09/15/2026,14:11:25,eddie@node1j12.ecdf.ed.ac.uk,1,4512
58655621,0.00019,runlisfloo,awilso19,r,09/15/2026,14:11:25,eddie@node1k20.ecdf.ed.ac.uk,1,4513
58655621,0.00019,runlisfloo,awilso19,r,09/15/2026,14:11:25,eddie@node1k17.ecdf.ed.ac.uk,1,4514
58655621,0.00019,runlisfloo,awilso19,r,09/15/2026,14:11:25,eddie@node1n11.ecdf.ed.ac.uk,1,4515
58655621,0.00019,runlisfloo,awilso19,r,09/15/2026,14:11:25,eddie@node1k10.ecdf.ed.ac.uk,1,4516
58655621,0.00019,runlisfloo,awilso19,r,09/15/2026,14:11:25,eddie@node1k11.ecdf.ed.ac.uk,1,4517
58655621,0.00019,runlisfloo,awilso19,r,09/15/2026,14:11:25,eddie@node1j12.ecdf.ed.ac.uk,1,4518
58655621,0.00019,runlisfloo,awilso19,r,09/15/2026,14:11:25,eddie@node1k20.ecdf.ed.ac.uk,1,4519
58655621,0.00019,runlisfloo,awilso19,r,09/15/2026,14:11:25,eddie@node1k17.ecdf.ed.ac.uk,1,4520
58655621,0.00019,runlisfloo,awilso19,r,09/15/2026,14:11:25,eddie@node1n11.ecdf.ed.ac.uk,1,4521
58655621,0.00019,runlisfloo,awilso19,r,09/15/2026,14:11:25,eddie@node1k10.ecdf.ed.ac.uk,1,4522
58655621,0.00019,runlisfloo,awilso19,r,09/15/2026,14:11:25,eddie@node1k11.ecdf.ed.ac.uk,1,4523
58655621,0.00019,runlisfloo,awilso19,r,09/15/2026,14:11:25,eddie@node1j12.ecdf.ed.ac.uk,1,4524
58655621,0.00019,runlisfloo,awilso19,r,09/15/2026,14:11:25,eddie@node1k20.ecdf.ed.ac.uk,1,4525
58655621,0.00019,runlisfloo,awilso19,r,09/15/2026,14:11:25,eddie@node1k17.ecdf.ed.ac.uk,1,4526
58655621,0.00019,runlisfloo,awilso19,r,09/15/2026,14:11:26,eddie@node1n11.ecdf.ed.ac.uk,1,4527
58655621,0.00019,runlisfloo,awilso19,r,09/15/2026,14:11:26,eddie@node1k10.ecdf.ed.ac.uk,1,4528
58655621,0.00019,runlisfloo,awilso19,r,09/15/2026,14:11:26,eddie@node1k11.ecdf.ed.ac.uk,1,4529
58655621,0.00019,runlisfloo,awilso19,r,09/15/2026,14:11:26,eddie@node1j12.ecdf.ed.ac.uk,1,4530
58655621,0.00019,runlisfloo,awilso19,r,09/15/2026,14:11:26,eddie@node1k20.ecdf.ed.ac.uk,1,4531
58655621,0.00019,runlisfloo,awilso19,r,09/15/2026,14:11:26,eddie@node1k17.ecdf.ed.ac.uk,1,4532
58655621,0.00019,runlisfloo,awilso19,r,09/15/2026,14:11:26,eddie@node1n11.ecdf.ed.ac.uk,1,4533
58655621,0.00019,runlisfloo,awilso19,r,09/15/2026,14:11:26,eddie@node1k10.ecdf.ed.ac.uk,1,4534
58655621,0.00019,runlisfloo,awilso19,r,09/15/2026,14:11:26,eddie@node1k11.ecdf.ed.ac.uk,1,4535
58655621,0.00019,runlisfloo,awilso19,r,09/15/2026,14:11:26,eddie@node1j12.ecdf.ed.ac.uk,1,4536
58655621,0.00019,runlisfloo,awilso19,r,09/15/2026,14:11:26,eddie@node1k20.ecdf.ed.ac.uk,1,4537
58655621,0.00019,runlisfloo,awilso19,r,09/15/2026,14:11:26,eddie@node1k17.ecdf.ed.ac.uk,1,4538
58655621,0.00019,runlisfloo,awilso19,r,09/15/2026,14:11:26,eddie@node1n11.ecdf.ed.ac.uk,1,4539
58655621,0.00019,runlisfloo,awilso19,r,09/15/2026,14:11:26,eddie@node1k10.ecdf.ed.ac.uk,1,4540
58655621,0.00019,runlisfloo,awilso19,r,09/15/2026,14:11:26,eddie@node1k11.ecdf.ed.ac.uk,1,4541
58655621,0.00019,runlisfloo,awilso19,r,09/15/2026,14:11:26,eddie@node1j12.ecdf.ed.ac.uk,1,4542
58655621,0.00019,runlisfloo,awilso19,r,09/15/2026,14:11:26,eddie@node1k20.ecdf.ed.ac.uk,1,4543
58655621,0.00019,runlisfloo,awilso19,r,09/15/2026,14:11:26,eddie@node1k17.ecdf.ed.ac.uk,1,4544
58655621,0.00019,runlisfloo,awilso19,r,09/15/2026,14:11:26,eddie@node1n11.ecdf.ed.ac.uk,1,4545
58655621,0.00019,runlisfloo,awilso19,r,09/15/2026,14:11:26,eddie@node1k10.ecdf.ed.ac.uk,1,4546
58655621,0.00019,runlisfloo,awilso19,r,09/15/2026,14:11:26,eddie@node1k11.ecdf.ed.ac.uk,1,4547
58655621,0.00019,runlisfloo,awilso19,r,09/15/2026,14:11:26,eddie@node1j12.ecdf.ed.ac.uk,1,4548
58655621,0.00019,runlisfloo,awilso19,r,09/15/2026,14:11:26,eddie@node1k20.ecdf.ed.ac.uk,1,4549
58655621,0.00019,runlisfloo,awilso19,r,09/15/2026,14:11:26,eddie@node1k17.ecdf.ed.ac.uk,1,4550
58655621,0.00019,runlisfloo,awilso19,r,09/15/2026,14:11:26,eddie@node1n11.ecdf.ed.ac.uk,1,4551
58655621,0.00019,runlisfloo,awilso19,r,09/15/2026,14:11:26,eddie@node1k10.ecdf.ed.ac.uk,1,4552
58655621,0.00019,runlisfloo,awilso19,r,09/15/2026,14:11:26,eddie@node1k11.ecdf.ed.ac.uk,1,4553
58655621,0.00019,runlisfloo,awilso19,r,09/15/2026,14:11:26,eddie@node1j12.ecdf.ed.ac.uk,1,4554
58655621,0.00019,runlisfloo,awilso19,r,09/15/2026,14:11:26,eddie@node1k20.ecdf.ed.ac.uk,1,4555
58655621,0.00019,runlisfloo,awilso19,r,09/15/2026,14:11:26,eddie@node1k17.ecdf.ed.ac.uk,1,4556
58655621,0.00019,runlisfloo,awilso19,r,09/15/2026,14:11:26,eddie@node1n11.ecdf.ed.ac.uk,1,4557
58655621,0.00019,runlisfloo,awilso19,r,09/15/2026,14:11:26,eddie@node1k10.ecdf.ed.ac.uk,1,4558
58655621,0.00019,runlisfloo,awilso19,r,09/15/2026,14:11:26,eddie@node1k11.ecdf.ed.ac.uk,1,4559
58655621,0.00019,runlisfloo,awilso19,r,09/15/2026,14:11:26,eddie@node1j12.ecdf.ed.ac.uk,1,4560
58655621,0.00019,runlisfloo,awilso19,r,09/15/2026,14:11:26,eddie@node1k20.ecdf.ed.ac.uk,1,4561
58655621,0.00019,runlisfloo,awilso19,r,09/15/2026,14:11:26,eddie@node1k17.ecdf.ed.ac.uk,1,4562
58655621,0.00019,runlisfloo,awilso19,r,09/15/2026,14:11:26,eddie@node1n11.ecdf.ed.ac.uk,1,4563
58655621,0.00019,runlisfloo,awilso19,r,09/15/2026,14:11:26,eddie@node1k10.ecdf.ed.ac.uk,1,4564
58655621,0.00019,runlisfloo,awilso19,r,09/15/2026,14:11:26,eddie@node1k11.ecdf.ed.ac.uk,1,4565
58655621,0.00019,runlisfloo,awilso19,r,09/15/2026,14:11:26,eddie@node1j12.ecdf.ed.ac.uk,1,4566
58655621,0.00019,runlisfloo,awilso19,r,09/15/2026,14:11:26,eddie@node1k20.ecdf.ed.ac.uk,1,4567
58655621,0.00019,runlisfloo,awilso19,r,09/15/2026,14:11:26,eddie@node1k17.ecdf.ed.ac.uk,1,4568
58655621,0.00019,runlisfloo,awilso19,r,09/15/2026,14:11:26,eddie@node1n11.ecdf.ed.ac.uk,1,4569
58655621,0.00019,runlisfloo,awilso19,r,09/15/2026,14:11:26,eddie@node1k10.ecdf.ed.ac.uk,1,4570
58655621,0.00019,runlisfloo,awilso19,r,09/15/2026,14:11:26,eddie@node1k11.ecdf.ed.ac.uk,1,4571
58655621,0.00019,runlisfloo,awilso19,r,09/15/2026,14:11:26,eddie@node1j12.ecdf.ed.ac.uk,1,4572
58655621,0.00019,runlisfloo,awilso19,r,09/15/2026,14:11:26,eddie@node1k20.ecdf.ed.ac.uk,1,4573
58655621,0.00019,runlisfloo,awilso19,r,09/15/2026,14:11:26,eddie@node1k17.ecdf.ed.ac.uk,1,4574
58655621,0.00019,runlisfloo,awilso19,r,09/15/2026,14:11:26,eddie@node1n11.ecdf.ed.ac.uk,1,4575
58655621,0.00019,runlisfloo,awilso19,r,09/15/2026,14:11:26,eddie@node1k10.ecdf.ed.ac.uk,1,4576
58655621,0.00019,runlisfloo,awilso19,r,09/15/2026,14:11:26,eddie@node1k11.ecdf.ed.ac.uk,1,4577
58655621,0.00019,runlisfloo,awilso19,r,09/15/2026,14:11:26,eddie@node1j12.ecdf.ed.ac.uk,1,4578
58655621,0.00019,runlisfloo,awilso19,r,09/15/2026,14:11:26,eddie@node1k20.ecdf.ed.ac.uk,1,4579
58655621,0.00019,runlisfloo,awilso19,r,09/15/2026,14:11:26,eddie@node1k17.ecdf.ed.ac.uk,1,4580
58655621,0.00019,runlisfloo,awilso19,r,09/15/2026,14:11:26,eddie@node1n11.ecdf.ed.ac.uk,1,4581
58655621,0.00019,runlisfloo,awilso19,r,09/15/2026,14:11:26,eddie@node1k10.ecdf.ed.ac.uk,1,4582
58655621,0.00019,runlisfloo,awilso19,r,09/15/2026,14:11:26,eddie@node1k11.ecdf.ed.ac.uk,1,4583
58655621,0.00019,runlisfloo,awilso19,r,09/15/2026,14:11:26,eddie@node1j12.ecdf.ed.ac.uk,1,4584
58655621,0.00019,runlisfloo,awilso19,r,09/15/2026,14:11:27,eddie@node1k20.ecdf.ed.ac.uk,1,4585
58655621,0.00019,runlisfloo,awilso19,r,09/15/2026,14:11:27,eddie@node1k17.ecdf.ed.ac.uk,1,4586
58655621,0.00019,runlisfloo,awilso19,r,09/15/2026,14:11:27,eddie@node1n11.ecdf.ed.ac.uk,1,4587
58655621,0.00019,runlisfloo,awilso19,r,09/15/2026,14:11:27,eddie@node1k10.ecdf.ed.ac.uk,1,4588
58655621,0.00019,runlisfloo,awilso19,r,09/15/2026,14:11:27,eddie@node1k11.ecdf.ed.ac.uk,1,4589
58655621,0.00019,runlisfloo,awilso19,r,09/15/2026,14:11:27,eddie@node1j12.ecdf.ed.ac.uk,1,4590
58655621,0.00019,runlisfloo,awilso19,r,09/15/2026,14:11:27,eddie@node1k20.ecdf.ed.ac.uk,1,4591
58655621,0.00019,runlisfloo,awilso19,r,09/15/2026,14:11:27,eddie@node1k17.ecdf.ed.ac.uk,1,4592
58655621,0.00019,runlisfloo,awilso19,r,09/15/2026,14:11:27,eddie@node1n11.ecdf.ed.ac.uk,1,4593
58655621,0.00019,runlisfloo,awilso19,r,09/15/2026,14:11:27,eddie@node1k10.ecdf.ed.ac.uk,1,4594
58655621,0.00019,runlisfloo,awilso19,r,09/15/2026,14:11:27,eddie@node1k11.ecdf.ed.ac.uk,1,4595
58655621,0.00019,runlisfloo,awilso19,r,09/15/2026,14:11:27,eddie@node1j12.ecdf.ed.ac.uk,1,4596
58655621,0.00019,runlisfloo,awilso19,r,09/15/2026,14:11:27,eddie@node1k20.ecdf.ed.ac.uk,1,4597
58655621,0.00019,runlisfloo,awilso19,r,09/15/2026,14:11:27,eddie@node1k17.ecdf.ed.ac.uk,1,4598
58655621,0.00019,runlisfloo,awilso19,r,09/15/2026,14:11:27,eddie@node1n11.ecdf.ed.ac.uk,1,4599
58655621,0.00019,runlisfloo,awilso19,r,09/15/2026,14:11:27,eddie@node1k10.ecdf.ed.ac.uk,1,4600
58655621,0.00019,runlisfloo,awilso19,r,09/15/2026,14:11:27,eddie@node1k11.ecdf.ed.ac.uk,1,4601
58655621,0.00019,runlisfloo,awilso19,r,09/15/2026,14:11:27,eddie@node1j12.ecdf.ed.ac.uk,1,4602
58655621,0.00019,runlisfloo,awilso19,r,09/15/2026,14:11:27,eddie@node1k20.ecdf.ed.ac.uk,1,4603
58655621,0.00019,runlisfloo,awilso19,r,09/15/2026,14:11:27,eddie@node1k17.ecdf.ed.ac.uk,1,4604
58655621,0.00019,runlisfloo,awilso19,r,09/15/2026,14:11:27,eddie@node1n11.ecdf.ed.ac.uk,1,4605
58655621,0.00019,runlisfloo,awilso19,r,09/15/2026,14:11:27,eddie@node1k10.ecdf.ed.ac.uk,1,4606
58655621,0.00019,runlisfloo,awilso19,r,09/15/2026,14:11:27,eddie@node1k11.ecdf.ed.ac.uk,1,4607
58655621,0.00019,runlisfloo,awilso19,r,09/15/2026,14:11:27,eddie@node1j12.ecdf.ed.ac.uk,1,4608
58655621,0.00019,runlisfloo,awilso19,r,09/15/2026,14:11:27,eddie@node1k20.ecdf.ed.ac.uk,1,4609
58655621,0.00019,runlisfloo,awilso19,r,09/15/2026,14:11:27,eddie@node1k17.ecdf.ed.ac.uk,1,4610
58655621,0.00019,runlisfloo,awilso19,r,09/15/2026,14:11:27,eddie@node1n11.ecdf.ed.ac.uk,1,4611
58655621,0.00019,runlisfloo,awilso19,r,09/15/2026,14:11:27,eddie@node1k10.ecdf.ed.ac.uk,1,4612
58655621,0.00019,runlisfloo,awilso19,r,09/15/2026,14:11:27,eddie@node1k11.ecdf.ed.ac.uk,1,4613
58655621,0.00019,runlisfloo,awilso19,r,09/15/2026,14:11:27,eddie@node1j12.ecdf.ed.ac.uk,1,4614
58655621,0.00019,runlisfloo,awilso19,r,09/15/2026,14:11:27,eddie@node1k20.ecdf.ed.ac.uk,1,4615
58655621,0.00019,runlisfloo,awilso19,r,09/15/2026,14:11:27,eddie@node1k17.ecdf.ed.ac.uk,1,4616
58655621,0.00019,runlisfloo,awilso19,r,09/15/2026,14:11:27,eddie@node1n11.ecdf.ed.ac.uk,1,4617
58655621,0.00019,runlisfloo,awilso19,r,09/15/2026,14:11:27,eddie@node1k10.ecdf.ed.ac.uk,1,4618
58655621,0.00019,runlisfloo,awilso19,r,09/15/2026,14:11:27,eddie@node1k11.ecdf.ed.ac.uk,1,4619
58655621,0.00019,runlisfloo,awilso19,r,09/15/2026,14:11:27,eddie@node1j12.ecdf.ed.ac.uk,1,4620
58655621,0.00019,runlisfloo,awilso19,r,09/15/2026,14:11:27,eddie@node1k20.ecdf.ed.ac.uk,1,4621
58655621,0.00019,runlisfloo,awilso19,r,09/15/2026,14:11:27,eddie@node1k17.ecdf.ed.ac.uk,1,4622
58655621,0.00019,runlisfloo,awilso19,r,09/15/2026,14:11:27,eddie@node1n11.ecdf.ed.ac.uk,1,4623
58655621,0.00019,runlisfloo,awilso19,r,09/15/2026,14:11:27,eddie@node1k10.ecdf.ed.ac.uk,1,4624
58655621,0.00019,runlisfloo,awilso19,r,09/15/2026,14:11:27,eddie@node1k11.ecdf.ed.ac.uk,1,4625
58655621,0.00019,runlisfloo,awilso19,r,09/15/2026,14:11:27,eddie@node1j12.ecdf.ed.ac.uk,1,4626
58655621,0.00019,runlisfloo,awilso19,r,09/15/2026,14:11:27,eddie@node1k20.ecdf.ed.ac.uk,1,4627
58655621,0.00019,runlisfloo,awilso19,r,09/15/2026,14:11:27,eddie@node1k17.ecdf.ed.ac.uk,1,4628
58655621,0.00019,runlisfloo,awilso19,r,09/15/2026,14:11:27,eddie@node1n11.ecdf.ed.ac.uk,1,4629
58655621,0.00019,runlisfloo,awilso19,r,09/15/2026,14:11:27,eddie@node1k10.ecdf.ed.ac.uk,1,4630
58655621,0.00019,runlisfloo,awilso19,r,09/15/2026,14:11:27,eddie@node1k11.ecdf.ed.ac.uk,1,4631
58655621,0.00019,runlisfloo,awilso19,r,09/15/2026,14:11:28,eddie@node1j12.ecdf.ed.ac.uk,1,4632
58655621,0.00019,runlisfloo,awilso19,r,09/15/2026,14:11:28,eddie@node1k20.ecdf.ed.ac.uk,1,4633
58655621,0.00019,runlisfloo,awilso19,r,09/15/2026,14:11:28,eddie@node1n11.ecdf.ed.ac.uk,1,4634
58655621,0.00019,runlisfloo,awilso19,r,09/15/2026,14:11:28,eddie@node1n11.ecdf.ed.ac.uk,1,4635
58655621,0.00019,runlisfloo,awilso19,r,09/15/2026,14:11:28,eddie@node1n11.ecdf.ed.ac.uk,1,4636
58655621,0.00019,runlisfloo,awilso19,r,09/15/2026,14:11:28,eddie@node1n11.ecdf.ed.ac.uk,1,4637
58655621,0.00019,runlisfloo,awilso19,r,09/15/2026,14:11:28,eddie@node1n11.ecdf.ed.ac.uk,1,4638
58655621,0.00019,runlisfloo,awilso19,r,09/15/2026,14:11:28,eddie@node1n11.ecdf.ed.ac.uk,1,4639
58655621,0.00019,runlisfloo,awilso19,r,09/15/2026,14:11:28,eddie@node1n11.ecdf.ed.ac.uk,1,4640
58655621,0.00019,runlisfloo,awilso19,r,09/15/2026,14:11:28,eddie@node1n11.ecdf.ed.ac.uk,1,4641
58655621,0.00019,runlisfloo,awilso19,r,09/15/2026,14:11:28,eddie@node1n11.ecdf.ed.ac.uk,1,4642
58982821,0.00017,runlisfloo,asiripat,r,09/22/2026,13:14:06,eddie@node1o04.ecdf.ed.ac.uk,1,11
58655621,0.00017,runlisfloo,awilso19,r,09/15/2026,15:54:14,eddie@node1m20.ecdf.ed.ac.uk,1,4765
58655621,0.00017,runlisfloo,awilso19,r,09/15/2026,15:54:14,eddie@node1m20.ecdf.ed.ac.uk,1,4766
58655621,0.00017,runlisfloo,awilso19,r,09/15/2026,15:54:14,eddie@node1m20.ecdf.ed.ac.uk,1,4767
58655621,0.00017,runlisfloo,awilso19,r,09/15/2026,15:54:14,eddie@node1m20.ecdf.ed.ac.uk,1,4768
58655621,0.00017,runlisfloo,awilso19,r,09/15/2026,15:54:14,eddie@node1m20.ecdf.ed.ac.uk,1,4769
58655621,0.00017,runlisfloo,awilso19,r,09/15/2026,15:54:14,eddie@node1m20.ecdf.ed.ac.uk,1,4770
58655621,0.00017,runlisfloo,awilso19,r,09/15/2026,15:54:14,eddie@node1m20.ecdf.ed.ac.uk,1,4771
58655621,0.00017,runlisfloo,awilso19,r,09/15/2026,15:54:14,eddie@node1m20.ecdf.ed.ac.uk,1,4772
58982903,0.00017,control_ve,amarti5,r,09/22/2026,13:27:41,eddie@node1j06.ecdf.ed.ac.uk,1,11
58982818,0.00016,OF2_M25_D1,s2408107,r,09/22/2026,14:56:56,eddie@node1j01.ecdf.ed.ac.uk,1,5529
58982818,0.00016,OF2_M25_D1,s2408107,r,09/22/2026,14:56:56,eddie@node1j08.ecdf.ed.ac.uk,1,5530
58982818,0.00016,OF2_M25_D1,s2408107,r,09/22/2026,14:56:56,eddie@node1l19.ecdf.ed.ac.uk,1,5531
58982818,0.00016,OF2_M25_D1,s2408107,r,09/22/2026,14:56:56,eddie@node1f03.ecdf.ed.ac.uk,1,5532
58982818,0.00016,OF2_M25_D1,s2408107,r,09/22/2026,14:56:56,eddie@node1e06.ecdf.ed.ac.uk,1,5533
58982818,0.00016,OF2_M25_D1,s2408107,r,09/22/2026,14:56:56,eddie@node1e07.ecdf.ed.ac.uk,1,5534
58982818,0.00016,OF2_M25_D1,s2408107,r,09/22/2026,14:56:56,eddie@node1e02.ecdf.ed.ac.uk,1,5535
58982818,0.00016,OF2_M25_D1,s2408107,r,09/22/2026,14:56:56,eddie@node1d01.ecdf.ed.ac.uk,1,5536
58655621,0.00016,runlisfloo,awilso19,r,09/15/2026,15:48:17,eddie@node1n05.ecdf.ed.ac.uk,1,4761
58655621,0.00016,runlisfloo,awilso19,r,09/15/2026,15:48:17,eddie@node1n05.ecdf.ed.ac.uk,1,4762
58655621,0.00016,runlisfloo,awilso19,r,09/15/2026,15:48:17,eddie@node1n05.ecdf.ed.ac.uk,1,4763
58655621,0.00016,runlisfloo,awilso19,r,09/15/2026,15:48:17,eddie@node1n05.ecdf.ed.ac.uk,1,4764
58982821,0.00016,runlisfloo,asiripat,r,09/22/2026,13:14:06,eddie@node1l24.ecdf.ed.ac.uk,1,12
58982818,0.00016,OF2_M25_D1,s2408107,r,09/22/2026,14:53:11,eddie@node1m06.ecdf.ed.ac.uk,1,5449
58982818,0.00016,OF2_M25_D1,s2408107,r,09/22/2026,14:53:11,eddie@node1k19.ecdf.ed.ac.uk,1,5450
58982818,0.00016,OF2_M25_D1,s2408107,r,09/22/2026,14:53:11,eddie@node1k15.ecdf.ed.ac.uk,1,5451
58982818,0.00016,OF2_M25_D1,s2408107,r,09/22/2026,14:53:11,eddie@node1j11.ecdf.ed.ac.uk,1,5452
58982818,0.00016,OF2_M25_D1,s2408107,r,09/22/2026,14:53:11,eddie@node1j11.ecdf.ed.ac.uk,1,5453
58982818,0.00016,OF2_M25_D1,s2408107,r,09/22/2026,14:53:11,eddie@node1n09.ecdf.ed.ac.uk,1,5454
58982818,0.00016,OF2_M25_D1,s2408107,r,09/22/2026,14:53:11,eddie@node1k14.ecdf.ed.ac.uk,1,5455
58982818,0.00016,OF2_M25_D1,s2408107,r,09/22/2026,14:53:11,eddie@node1m12.ecdf.ed.ac.uk,1,5456
58982818,0.00016,OF2_M25_D1,s2408107,r,09/22/2026,14:53:11,eddie@node1k14.ecdf.ed.ac.uk,1,5457
58982818,0.00016,OF2_M25_D1,s2408107,r,09/22/2026,14:53:11,eddie@node1i24.ecdf.ed.ac.uk,1,5459
58982818,0.00016,OF2_M25_D1,s2408107,r,09/22/2026,14:53:11,eddie@node1i24.ecdf.ed.ac.uk,1,5461
58982818,0.00016,OF2_M25_D1,s2408107,r,09/22/2026,14:53:26,eddie@node1k01.ecdf.ed.ac.uk,1,5470
58982818,0.00016,OF2_M25_D1,s2408107,r,09/22/2026,14:53:26,eddie@node1m03.ecdf.ed.ac.uk,1,5471
58982818,0.00016,OF2_M25_D1,s2408107,r,09/22/2026,14:53:26,eddie@node1k13.ecdf.ed.ac.uk,1,5472
58982818,0.00016,OF2_M25_D1,s2408107,r,09/22/2026,14:53:26,eddie@node1m12.ecdf.ed.ac.uk,1,5473
58982818,0.00016,OF2_M25_D1,s2408107,r,09/22/2026,14:53:26,eddie@node1m12.ecdf.ed.ac.uk,1,5474
58982818,0.00016,OF2_M25_D1,s2408107,r,09/22/2026,14:53:26,eddie@node1i24.ecdf.ed.ac.uk,1,5476
58982818,0.00016,OF2_M25_D1,s2408107,r,09/22/2026,14:53:26,eddie@node1e10.ecdf.ed.ac.uk,1,5483
58982818,0.00016,OF2_M25_D1,s2408107,r,09/22/2026,14:53:41,eddie@node1i15.ecdf.ed.ac.uk,1,5485
58982818,0.00016,OF2_M25_D1,s2408107,r,09/22/2026,14:53:41,eddie@node1k15.ecdf.ed.ac.uk,1,5486
58982818,0.00016,OF2_M25_D1,s2408107,r,09/22/2026,14:53:41,eddie@node1j11.ecdf.ed.ac.uk,1,5487
58982818,0.00016,OF2_M25_D1,s2408107,r,09/22/2026,14:53:41,eddie@node1j11.ecdf.ed.ac.uk,1,5488
58982818,0.00016,OF2_M25_D1,s2408107,r,09/22/2026,14:53:41,eddie@node1j11.ecdf.ed.ac.uk,1,5489
58982818,0.00016,OF2_M25_D1,s2408107,r,09/22/2026,14:53:41,eddie@node1m08.ecdf.ed.ac.uk,1,5490
58982818,0.00016,OF2_M25_D1,s2408107,r,09/22/2026,14:53:41,eddie@node1d10.ecdf.ed.ac.uk,1,5491
58982818,0.00016,OF2_M25_D1,s2408107,r,09/22/2026,14:53:41,eddie@node1e06.ecdf.ed.ac.uk,1,5492
58982818,0.00016,OF2_M25_D1,s2408107,r,09/22/2026,14:53:41,eddie@node1e07.ecdf.ed.ac.uk,1,5493
58982818,0.00016,OF2_M25_D1,s2408107,r,09/22/2026,14:53:41,eddie@node1e05.ecdf.ed.ac.uk,1,5494
58982818,0.00016,OF2_M25_D1,s2408107,r,09/22/2026,14:53:41,eddie@node1e05.ecdf.ed.ac.uk,1,5495
58982818,0.00016,OF2_M25_D1,s2408107,r,09/22/2026,14:56:26,eddie@node1j03.ecdf.ed.ac.uk,1,5519
58982818,0.00016,OF2_M25_D1,s2408107,r,09/22/2026,14:56:26,eddie@node1j03.ecdf.ed.ac.uk,1,5520
58982818,0.00016,OF2_M25_D1,s2408107,r,09/22/2026,14:56:26,eddie@node1e08.ecdf.ed.ac.uk,1,5521
58982818,0.00016,OF2_M25_D1,s2408107,r,09/22/2026,14:56:26,eddie@node1d04.ecdf.ed.ac.uk,1,5522
58982818,0.00016,OF2_M25_D1,s2408107,r,09/22/2026,14:56:26,eddie@node1f04.ecdf.ed.ac.uk,1,5523
58982818,0.00016,OF2_M25_D1,s2408107,r,09/22/2026,14:56:26,eddie@node1e07.ecdf.ed.ac.uk,1,5524
58982818,0.00016,OF2_M25_D1,s2408107,r,09/22/2026,14:56:26,eddie@node1e06.ecdf.ed.ac.uk,1,5525
58982818,0.00016,OF2_M25_D1,s2408107,r,09/22/2026,14:56:26,eddie@node1e07.ecdf.ed.ac.uk,1,5526
58982818,0.00016,OF2_M25_D1,s2408107,r,09/22/2026,14:56:26,eddie@node1d03.ecdf.ed.ac.uk,1,5527
58982818,0.00016,OF2_M25_D1,s2408107,r,09/22/2026,14:56:26,eddie@node1e01.ecdf.ed.ac.uk,1,5528
58982818,0.00016,OF2_M25_D1,s2408107,r,09/22/2026,14:56:11,eddie@node1e04.ecdf.ed.ac.uk,1,5513
58982818,0.00016,OF2_M25_D1,s2408107,r,09/22/2026,14:56:11,eddie@node1e04.ecdf.ed.ac.uk,1,5514
58982818,0.00016,OF2_M25_D1,s2408107,r,09/22/2026,14:56:11,eddie@node1e02.ecdf.ed.ac.uk,1,5515
58982818,0.00016,OF2_M25_D1,s2408107,r,09/22/2026,14:56:11,eddie@node1e01.ecdf.ed.ac.uk,1,5516
58982818,0.00016,OF2_M25_D1,s2408107,r,09/22/2026,14:56:11,eddie@node1d01.ecdf.ed.ac.uk,1,5517
58982818,0.00016,OF2_M25_D1,s2408107,r,09/22/2026,14:56:11,eddie@node1d01.ecdf.ed.ac.uk,1,5518
58982818,0.00016,OF2_M25_D1,s2408107,r,09/22/2026,14:53:56,eddie@node1k16.ecdf.ed.ac.uk,1,5496
58982818,0.00016,OF2_M25_D1,s2408107,r,09/22/2026,14:53:56,eddie@node1m05.ecdf.ed.ac.uk,1,5497
58982818,0.00016,OF2_M25_D1,s2408107,r,09/22/2026,14:53:56,eddie@node1k15.ecdf.ed.ac.uk,1,5498
58982818,0.00016,OF2_M25_D1,s2408107,r,09/22/2026,14:53:56,eddie@node1j11.ecdf.ed.ac.uk,1,5499
58982818,0.00016,OF2_M25_D1,s2408107,r,09/22/2026,14:53:56,eddie@node1d03.ecdf.ed.ac.uk,1,5500
58982818,0.00016,OF2_M25_D1,s2408107,r,09/22/2026,14:54:26,eddie@node1n12.ecdf.ed.ac.uk,1,5503
58982818,0.00016,OF2_M25_D1,s2408107,r,09/22/2026,14:54:26,eddie@node1n12.ecdf.ed.ac.uk,1,5504
58982818,0.00016,OF2_M25_D1,s2408107,r,09/22/2026,14:54:26,eddie@node1n12.ecdf.ed.ac.uk,1,5505
58982818,0.00016,OF2_M25_D1,s2408107,r,09/22/2026,14:54:26,eddie@node1j11.ecdf.ed.ac.uk,1,5506
58982818,0.00016,OF2_M25_D1,s2408107,r,09/22/2026,14:54:26,eddie@node1m08.ecdf.ed.ac.uk,1,5507
58982818,0.00016,OF2_M25_D1,s2408107,r,09/22/2026,14:54:56,eddie@node1k19.ecdf.ed.ac.uk,1,5508
58982818,0.00016,OF2_M25_D1,s2408107,r,09/22/2026,14:54:56,eddie@node1n12.ecdf.ed.ac.uk,1,5509
58982818,0.00016,OF2_M25_D1,s2408107,r,09/22/2026,14:54:56,eddie@node1e10.ecdf.ed.ac.uk,1,5510
58982818,0.00016,OF2_M25_D1,s2408107,r,09/22/2026,14:54:11,eddie@node1k19.ecdf.ed.ac.uk,1,5501
58982818,0.00016,OF2_M25_D1,s2408107,r,09/22/2026,14:54:11,eddie@node1k15.ecdf.ed.ac.uk,1,5502
58982818,0.00016,OF2_M25_D1,s2408107,r,09/22/2026,14:55:11,eddie@node1k15.ecdf.ed.ac.uk,1,5511
58982818,0.00016,OF2_M25_D1,s2408107,r,09/22/2026,14:55:41,eddie@node1d03.ecdf.ed.ac.uk,1,5512
58655621,0.00016,runlisfloo,awilso19,r,09/15/2026,15:44:11,eddie@node1m23.ecdf.ed.ac.uk,1,4757
58655621,0.00016,runlisfloo,awilso19,r,09/15/2026,15:44:11,eddie@node1m23.ecdf.ed.ac.uk,1,4758
58655621,0.00016,runlisfloo,awilso19,r,09/15/2026,15:44:11,eddie@node1m23.ecdf.ed.ac.uk,1,4759
58655621,0.00016,runlisfloo,awilso19,r,09/15/2026,15:44:11,eddie@node1m23.ecdf.ed.ac.uk,1,4760
58982903,0.00016,control_ve,amarti5,r,09/22/2026,13:27:41,eddie@node1j06.ecdf.ed.ac.uk,1,12
58655621,0.00016,runlisfloo,awilso19,r,09/15/2026,15:43:41,eddie@node1n02.ecdf.ed.ac.uk,1,4753
58655621,0.00016,runlisfloo,awilso19,r,09/15/2026,15:43:41,eddie@node1n02.ecdf.ed.ac.uk,1,4754
58655621,0.00016,runlisfloo,awilso19,r,09/15/2026,15:43:41,eddie@node1n02.ecdf.ed.ac.uk,1,4755
58655621,0.00016,runlisfloo,awilso19,r,09/15/2026,15:43:41,eddie@node1n02.ecdf.ed.ac.uk,1,4756
58655621,0.00016,runlisfloo,awilso19,r,09/15/2026,15:43:14,eddie@node1m22.ecdf.ed.ac.uk,1,4749
58655621,0.00016,runlisfloo,awilso19,r,09/15/2026,15:43:14,eddie@node1m22.ecdf.ed.ac.uk,1,4750
58655621,0.00016,runlisfloo,awilso19,r,09/15/2026,15:43:14,eddie@node1m22.ecdf.ed.ac.uk,1,4751
58655621,0.00016,runlisfloo,awilso19,r,09/15/2026,15:43:14,eddie@node1m22.ecdf.ed.ac.uk,1,4752
58982818,0.00016,OF2_M25_D1,s2408107,r,09/22/2026,14:51:11,eddie@node1j01.ecdf.ed.ac.uk,1,5241
58982818,0.00016,OF2_M25_D1,s2408107,r,09/22/2026,14:51:11,eddie@node1k01.ecdf.ed.ac.uk,1,5242
58982818,0.00016,OF2_M25_D1,s2408107,r,09/22/2026,14:51:11,eddie@node1l04.ecdf.ed.ac.uk,1,5243
58982818,0.00016,OF2_M25_D1,s2408107,r,09/22/2026,14:51:11,eddie@node1l02.ecdf.ed.ac.uk,1,5244
58982818,0.00016,OF2_M25_D1,s2408107,r,09/22/2026,14:51:11,eddie@node1l04.ecdf.ed.ac.uk,1,5245
58982818,0.00016,OF2_M25_D1,s2408107,r,09/22/2026,14:51:11,eddie@node1m04.ecdf.ed.ac.uk,1,5246
58982818,0.00016,OF2_M25_D1,s2408107,r,09/22/2026,14:51:11,eddie@node1k07.ecdf.ed.ac.uk,1,5247
58982818,0.00016,OF2_M25_D1,s2408107,r,09/22/2026,14:51:11,eddie@node1j17.ecdf.ed.ac.uk,1,5248
58982818,0.00016,OF2_M25_D1,s2408107,r,09/22/2026,14:51:11,eddie@node1j03.ecdf.ed.ac.uk,1,5249
58982818,0.00016,OF2_M25_D1,s2408107,r,09/22/2026,14:51:11,eddie@node1k07.ecdf.ed.ac.uk,1,5250
58982818,0.00016,OF2_M25_D1,s2408107,r,09/22/2026,14:51:11,eddie@node1j17.ecdf.ed.ac.uk,1,5251
58982818,0.00016,OF2_M25_D1,s2408107,r,09/22/2026,14:51:11,eddie@node1m07.ecdf.ed.ac.uk,1,5252
58982818,0.00016,OF2_M25_D1,s2408107,r,09/22/2026,14:51:11,eddie@node1m07.ecdf.ed.ac.uk,1,5253
58982818,0.00016,OF2_M25_D1,s2408107,r,09/22/2026,14:51:11,eddie@node1m10.ecdf.ed.ac.uk,1,5254
58982818,0.00016,OF2_M25_D1,s2408107,r,09/22/2026,14:51:11,eddie@node1k08.ecdf.ed.ac.uk,1,5255
58982818,0.00016,OF2_M25_D1,s2408107,r,09/22/2026,14:51:11,eddie@node1j02.ecdf.ed.ac.uk,1,5256
58982818,0.00016,OF2_M25_D1,s2408107,r,09/22/2026,14:51:11,eddie@node1l20.ecdf.ed.ac.uk,1,5257
58982818,0.00016,OF2_M25_D1,s2408107,r,09/22/2026,14:51:11,eddie@node1m03.ecdf.ed.ac.uk,1,5258
58982818,0.00016,OF2_M25_D1,s2408107,r,09/22/2026,14:51:11,eddie@node1m03.ecdf.ed.ac.uk,1,5259
58982818,0.00016,OF2_M25_D1,s2408107,r,09/22/2026,14:51:11,eddie@node1m03.ecdf.ed.ac.uk,1,5260
58982818,0.00016,OF2_M25_D1,s2408107,r,09/22/2026,14:51:11,eddie@node1k02.ecdf.ed.ac.uk,1,5261
58982818,0.00016,OF2_M25_D1,s2408107,r,09/22/2026,14:51:11,eddie@node1j22.ecdf.ed.ac.uk,1,5262
58982818,0.00016,OF2_M25_D1,s2408107,r,09/22/2026,14:51:11,eddie@node1m03.ecdf.ed.ac.uk,1,5263
58982818,0.00016,OF2_M25_D1,s2408107,r,09/22/2026,14:51:11,eddie@node1k19.ecdf.ed.ac.uk,1,5264
58982818,0.00016,OF2_M25_D1,s2408107,r,09/22/2026,14:51:11,eddie@node1k04.ecdf.ed.ac.uk,1,5265
58982818,0.00016,OF2_M25_D1,s2408107,r,09/22/2026,14:51:11,eddie@node1k04.ecdf.ed.ac.uk,1,5266
58982818,0.00016,OF2_M25_D1,s2408107,r,09/22/2026,14:51:11,eddie@node1k06.ecdf.ed.ac.uk,1,5267
58982818,0.00016,OF2_M25_D1,s2408107,r,09/22/2026,14:51:11,eddie@node1j21.ecdf.ed.ac.uk,1,5268
58982818,0.00016,OF2_M25_D1,s2408107,r,09/22/2026,14:51:11,eddie@node1j21.ecdf.ed.ac.uk,1,5269
58982818,0.00016,OF2_M25_D1,s2408107,r,09/22/2026,14:51:11,eddie@node1j11.ecdf.ed.ac.uk,1,5270
58982818,0.00016,OF2_M25_D1,s2408107,r,09/22/2026,14:51:11,eddie@node1k14.ecdf.ed.ac.uk,1,5271
58982818,0.00016,OF2_M25_D1,s2408107,r,09/22/2026,14:51:11,eddie@node1m12.ecdf.ed.ac.uk,1,5272
58982818,0.00016,OF2_M25_D1,s2408107,r,09/22/2026,14:51:11,eddie@node1i25.ecdf.ed.ac.uk,1,5273
58982818,0.00016,OF2_M25_D1,s2408107,r,09/22/2026,14:51:11,eddie@node1i25.ecdf.ed.ac.uk,1,5274
58982818,0.00016,OF2_M25_D1,s2408107,r,09/22/2026,14:51:11,eddie@node1n15.ecdf.ed.ac.uk,1,5275
58982818,0.00016,OF2_M25_D1,s2408107,r,09/22/2026,14:51:11,eddie@node1n15.ecdf.ed.ac.uk,1,5276
58982818,0.00016,OF2_M25_D1,s2408107,r,09/22/2026,14:51:11,eddie@node1i24.ecdf.ed.ac.uk,1,5277
58982818,0.00016,OF2_M25_D1,s2408107,r,09/22/2026,14:51:11,eddie@node1i24.ecdf.ed.ac.uk,1,5278
58982818,0.00016,OF2_M25_D1,s2408107,r,09/22/2026,14:52:41,eddie@node1m11.ecdf.ed.ac.uk,1,5400
58982818,0.00016,OF2_M25_D1,s2408107,r,09/22/2026,14:52:41,eddie@node1m11.ecdf.ed.ac.uk,1,5401
58982818,0.00016,OF2_M25_D1,s2408107,r,09/22/2026,14:52:41,eddie@node1k08.ecdf.ed.ac.uk,1,5402
58982818,0.00016,OF2_M25_D1,s2408107,r,09/22/2026,14:52:41,eddie@node1l19.ecdf.ed.ac.uk,1,5403
58982818,0.00016,OF2_M25_D1,s2408107,r,09/22/2026,14:52:41,eddie@node1j18.ecdf.ed.ac.uk,1,5404
58982818,0.00016,OF2_M25_D1,s2408107,r,09/22/2026,14:52:41,eddie@node1j18.ecdf.ed.ac.uk,1,5405
58982818,0.00016,OF2_M25_D1,s2408107,r,09/22/2026,14:52:41,eddie@node1j18.ecdf.ed.ac.uk,1,5406
58982818,0.00016,OF2_M25_D1,s2408107,r,09/22/2026,14:52:41,eddie@node1j11.ecdf.ed.ac.uk,1,5407
58982818,0.00016,OF2_M25_D1,s2408107,r,09/22/2026,14:52:41,eddie@node1j11.ecdf.ed.ac.uk,1,5408
58982818,0.00016,OF2_M25_D1,s2408107,r,09/22/2026,14:52:41,eddie@node1j11.ecdf.ed.ac.uk,1,5409
58982818,0.00016,OF2_M25_D1,s2408107,r,09/22/2026,14:52:41,eddie@node1j11.ecdf.ed.ac.uk,1,5410
58982818,0.00016,OF2_M25_D1,s2408107,r,09/22/2026,14:52:41,eddie@node1n09.ecdf.ed.ac.uk,1,5411
58982818,0.00016,OF2_M25_D1,s2408107,r,09/22/2026,14:52:41,eddie@node1n09.ecdf.ed.ac.uk,1,5412
58982818,0.00016,OF2_M25_D1,s2408107,r,09/22/2026,14:52:41,eddie@node1n09.ecdf.ed.ac.uk,1,5413
58982818,0.00016,OF2_M25_D1,s2408107,r,09/22/2026,14:52:41,eddie@node1n09.ecdf.ed.ac.uk,1,5414
58982818,0.00016,OF2_M25_D1,s2408107,r,09/22/2026,14:52:41,eddie@node1m12.ecdf.ed.ac.uk,1,5415
58982818,0.00016,OF2_M25_D1,s2408107,r,09/22/2026,14:52:41,eddie@node1k12.ecdf.ed.ac.uk,1,5416
58982818,0.00016,OF2_M25_D1,s2408107,r,09/22/2026,14:52:41,eddie@node1k12.ecdf.ed.ac.uk,1,5417
58982818,0.00016,OF2_M25_D1,s2408107,r,09/22/2026,14:52:41,eddie@node1j19.ecdf.ed.ac.uk,1,5418
58982818,0.00016,OF2_M25_D1,s2408107,r,09/22/2026,14:52:41,eddie@node1k12.ecdf.ed.ac.uk,1,5419
58982818,0.00016,OF2_M25_D1,s2408107,r,09/22/2026,14:52:41,eddie@node1j19.ecdf.ed.ac.uk,1,5420
58982818,0.00016,OF2_M25_D1,s2408107,r,09/22/2026,14:52:41,eddie@node1k12.ecdf.ed.ac.uk,1,5421
58982818,0.00016,OF2_M25_D1,s2408107,r,09/22/2026,14:52:41,eddie@node1j19.ecdf.ed.ac.uk,1,5422
58982818,0.00016,OF2_M25_D1,s2408107,r,09/22/2026,14:51:26,eddie@node1m06.ecdf.ed.ac.uk,1,5279
58982818,0.00016,OF2_M25_D1,s2408107,r,09/22/2026,14:51:26,eddie@node1k03.ecdf.ed.ac.uk,1,5280
58982818,0.00016,OF2_M25_D1,s2408107,r,09/22/2026,14:51:26,eddie@node1j23.ecdf.ed.ac.uk,1,5281
58982818,0.00016,OF2_M25_D1,s2408107,r,09/22/2026,14:51:26,eddie@node1k05.ecdf.ed.ac.uk,1,5282
58982818,0.00016,OF2_M25_D1,s2408107,r,09/22/2026,14:51:26,eddie@node1k05.ecdf.ed.ac.uk,1,5283
58982818,0.00016,OF2_M25_D1,s2408107,r,09/22/2026,14:51:26,eddie@node1k07.ecdf.ed.ac.uk,1,5284
58982818,0.00016,OF2_M25_D1,s2408107,r,09/22/2026,14:51:26,eddie@node1j04.ecdf.ed.ac.uk,1,5285
58982818,0.00016,OF2_M25_D1,s2408107,r,09/22/2026,14:51:26,eddie@node1n10.ecdf.ed.ac.uk,1,5286
58982818,0.00016,OF2_M25_D1,s2408107,r,09/22/2026,14:51:26,eddie@node1n10.ecdf.ed.ac.uk,1,5287
58982818,0.00016,OF2_M25_D1,s2408107,r,09/22/2026,14:51:26,eddie@node1m01.ecdf.ed.ac.uk,1,5288
58982818,0.00016,OF2_M25_D1,s2408107,r,09/22/2026,14:51:26,eddie@node1j02.ecdf.ed.ac.uk,1,5289
58982818,0.00016,OF2_M25_D1,s2408107,r,09/22/2026,14:51:26,eddie@node1j10.ecdf.ed.ac.uk,1,5290
58982818,0.00016,OF2_M25_D1,s2408107,r,09/22/2026,14:51:26,eddie@node1l19.ecdf.ed.ac.uk,1,5291
58982818,0.00016,OF2_M25_D1,s2408107,r,09/22/2026,14:51:26,eddie@node1l08.ecdf.ed.ac.uk,1,5292
58982818,0.00016,OF2_M25_D1,s2408107,r,09/22/2026,14:51:26,eddie@node1m03.ecdf.ed.ac.uk,1,5293
58982818,0.00016,OF2_M25_D1,s2408107,r,09/22/2026,14:51:26,eddie@node1j22.ecdf.ed.ac.uk,1,5294
58982818,0.00016,OF2_M25_D1,s2408107,r,09/22/2026,14:51:26,eddie@node1m03.ecdf.ed.ac.uk,1,5295
58982818,0.00016,OF2_M25_D1,s2408107,r,09/22/2026,14:51:26,eddie@node1k19.ecdf.ed.ac.uk,1,5296
58982818,0.00016,OF2_M25_D1,s2408107,r,09/22/2026,14:51:26,eddie@node1j18.ecdf.ed.ac.uk,1,5297
58982818,0.00016,OF2_M25_D1,s2408107,r,09/22/2026,14:51:26,eddie@node1k09.ecdf.ed.ac.uk,1,5298
58982818,0.00016,OF2_M25_D1,s2408107,r,09/22/2026,14:51:26,eddie@node1j18.ecdf.ed.ac.uk,1,5299
58982818,0.00016,OF2_M25_D1,s2408107,r,09/22/2026,14:51:26,eddie@node1j18.ecdf.ed.ac.uk,1,5300
58982818,0.00016,OF2_M25_D1,s2408107,r,09/22/2026,14:51:26,eddie@node1k06.ecdf.ed.ac.uk,1,5301
58982818,0.00016,OF2_M25_D1,s2408107,r,09/22/2026,14:51:26,eddie@node1k06.ecdf.ed.ac.uk,1,5302
58982818,0.00016,OF2_M25_D1,s2408107,r,09/22/2026,14:51:26,eddie@node1j21.ecdf.ed.ac.uk,1,5303
58982818,0.00016,OF2_M25_D1,s2408107,r,09/22/2026,14:51:26,eddie@node1j11.ecdf.ed.ac.uk,1,5304
58982818,0.00016,OF2_M25_D1,s2408107,r,09/22/2026,14:51:26,eddie@node1j21.ecdf.ed.ac.uk,1,5305
58982818,0.00016,OF2_M25_D1,s2408107,r,09/22/2026,14:51:26,eddie@node1k14.ecdf.ed.ac.uk,1,5306
58982818,0.00016,OF2_M25_D1,s2408107,r,09/22/2026,14:51:26,eddie@node1m08.ecdf.ed.ac.uk,1,5307
58982818,0.00016,OF2_M25_D1,s2408107,r,09/22/2026,14:51:26,eddie@node1i24.ecdf.ed.ac.uk,1,5308
58982818,0.00016,OF2_M25_D1,s2408107,r,09/22/2026,14:52:11,eddie@node1m06.ecdf.ed.ac.uk,1,5357
58982818,0.00016,OF2_M25_D1,s2408107,r,09/22/2026,14:52:11,eddie@node1l05.ecdf.ed.ac.uk,1,5358
58982818,0.00016,OF2_M25_D1,s2408107,r,09/22/2026,14:52:11,eddie@node1l09.ecdf.ed.ac.uk,1,5359
58982818,0.00016,OF2_M25_D1,s2408107,r,09/22/2026,14:52:11,eddie@node1m03.ecdf.ed.ac.uk,1,5360
58982818,0.00016,OF2_M25_D1,s2408107,r,09/22/2026,14:52:11,eddie@node1m03.ecdf.ed.ac.uk,1,5361
58982818,0.00016,OF2_M25_D1,s2408107,r,09/22/2026,14:52:11,eddie@node1m03.ecdf.ed.ac.uk,1,5362
58982818,0.00016,OF2_M25_D1,s2408107,r,09/22/2026,14:52:11,eddie@node1m03.ecdf.ed.ac.uk,1,5363
58982818,0.00016,OF2_M25_D1,s2408107,r,09/22/2026,14:52:11,eddie@node1m03.ecdf.ed.ac.uk,1,5364
58982818,0.00016,OF2_M25_D1,s2408107,r,09/22/2026,14:52:11,eddie@node1j18.ecdf.ed.ac.uk,1,5365
58982818,0.00016,OF2_M25_D1,s2408107,r,09/22/2026,14:52:11,eddie@node1j18.ecdf.ed.ac.uk,1,5366
58982818,0.00016,OF2_M25_D1,s2408107,r,09/22/2026,14:52:11,eddie@node1j11.ecdf.ed.ac.uk,1,5367
58982818,0.00016,OF2_M25_D1,s2408107,r,09/22/2026,14:52:11,eddie@node1k19.ecdf.ed.ac.uk,1,5368
58982818,0.00016,OF2_M25_D1,s2408107,r,09/22/2026,14:52:11,eddie@node1n09.ecdf.ed.ac.uk,1,5369
58982818,0.00016,OF2_M25_D1,s2408107,r,09/22/2026,14:52:11,eddie@node1n09.ecdf.ed.ac.uk,1,5370
58982818,0.00016,OF2_M25_D1,s2408107,r,09/22/2026,14:52:11,eddie@node1k12.ecdf.ed.ac.uk,1,5371
58982818,0.00016,OF2_M25_D1,s2408107,r,09/22/2026,14:52:11,eddie@node1i25.ecdf.ed.ac.uk,1,5372
58982818,0.00016,OF2_M25_D1,s2408107,r,09/22/2026,14:52:11,eddie@node1i25.ecdf.ed.ac.uk,1,5373
58982818,0.00016,OF2_M25_D1,s2408107,r,09/22/2026,14:52:11,eddie@node1i25.ecdf.ed.ac.uk,1,5374
58982818,0.00016,OF2_M25_D1,s2408107,r,09/22/2026,14:52:11,eddie@node1n15.ecdf.ed.ac.uk,1,5375
58982818,0.00016,OF2_M25_D1,s2408107,r,09/22/2026,14:52:11,eddie@node1i24.ecdf.ed.ac.uk,1,5376
58982818,0.00016,OF2_M25_D1,s2408107,r,09/22/2026,14:52:11,eddie@node1i24.ecdf.ed.ac.uk,1,5377
58982818,0.00016,OF2_M25_D1,s2408107,r,09/22/2026,14:51:41,eddie@node1j01.ecdf.ed.ac.uk,1,5309
58982818,0.00016,OF2_M25_D1,s2408107,r,09/22/2026,14:51:41,eddie@node1m06.ecdf.ed.ac.uk,1,5310
58982818,0.00016,OF2_M25_D1,s2408107,r,09/22/2026,14:51:41,eddie@node1l10.ecdf.ed.ac.uk,1,5311
58982818,0.00016,OF2_M25_D1,s2408107,r,09/22/2026,14:51:41,eddie@node1k05.ecdf.ed.ac.uk,1,5312
58982818,0.00016,OF2_M25_D1,s2408107,r,09/22/2026,14:51:41,eddie@node1m04.ecdf.ed.ac.uk,1,5313
58982818,0.00016,OF2_M25_D1,s2408107,r,09/22/2026,14:51:41,eddie@node1j17.ecdf.ed.ac.uk,1,5314
58982818,0.00016,OF2_M25_D1,s2408107,r,09/22/2026,14:51:41,eddie@node1j05.ecdf.ed.ac.uk,1,5315
58982818,0.00016,OF2_M25_D1,s2408107,r,09/22/2026,14:51:41,eddie@node1j05.ecdf.ed.ac.uk,1,5316
58982818,0.00016,OF2_M25_D1,s2408107,r,09/22/2026,14:51:41,eddie@node1n10.ecdf.ed.ac.uk,1,5317
58982818,0.00016,OF2_M25_D1,s2408107,r,09/22/2026,14:51:41,eddie@node1k08.ecdf.ed.ac.uk,1,5318
58982818,0.00016,OF2_M25_D1,s2408107,r,09/22/2026,14:51:41,eddie@node1m01.ecdf.ed.ac.uk,1,5319
58982818,0.00016,OF2_M25_D1,s2408107,r,09/22/2026,14:51:41,eddie@node1j10.ecdf.ed.ac.uk,1,5320
58982818,0.00016,OF2_M25_D1,s2408107,r,09/22/2026,14:51:41,eddie@node1l20.ecdf.ed.ac.uk,1,5321
58982818,0.00016,OF2_M25_D1,s2408107,r,09/22/2026,14:51:41,eddie@node1l07.ecdf.ed.ac.uk,1,5322
58982818,0.00016,OF2_M25_D1,s2408107,r,09/22/2026,14:51:41,eddie@node1l07.ecdf.ed.ac.uk,1,5323
58982818,0.00016,OF2_M25_D1,s2408107,r,09/22/2026,14:51:41,eddie@node1j22.ecdf.ed.ac.uk,1,5324
58982818,0.00016,OF2_M25_D1,s2408107,r,09/22/2026,14:51:41,eddie@node1m03.ecdf.ed.ac.uk,1,5325
58982818,0.00016,OF2_M25_D1,s2408107,r,09/22/2026,14:51:41,eddie@node1j22.ecdf.ed.ac.uk,1,5326
58982818,0.00016,OF2_M25_D1,s2408107,r,09/22/2026,14:51:41,eddie@node1k04.ecdf.ed.ac.uk,1,5327
58982818,0.00016,OF2_M25_D1,s2408107,r,09/22/2026,14:51:41,eddie@node1k09.ecdf.ed.ac.uk,1,5328
58982818,0.00016,OF2_M25_D1,s2408107,r,09/22/2026,14:51:41,eddie@node1j11.ecdf.ed.ac.uk,1,5329
58982818,0.00016,OF2_M25_D1,s2408107,r,09/22/2026,14:51:41,eddie@node1k14.ecdf.ed.ac.uk,1,5330
58982818,0.00016,OF2_M25_D1,s2408107,r,09/22/2026,14:51:41,eddie@node1j19.ecdf.ed.ac.uk,1,5331
58982818,0.00016,OF2_M25_D1,s2408107,r,09/22/2026,14:51:41,eddie@node1j19.ecdf.ed.ac.uk,1,5332
58982818,0.00016,OF2_M25_D1,s2408107,r,09/22/2026,14:51:41,eddie@node1i25.ecdf.ed.ac.uk,1,5333
58982818,0.00016,OF2_M25_D1,s2408107,r,09/22/2026,14:52:26,eddie@node1l19.ecdf.ed.ac.uk,1,5379
58982818,0.00016,OF2_M25_D1,s2408107,r,09/22/2026,14:52:26,eddie@node1k16.ecdf.ed.ac.uk,1,5380
58982818,0.00016,OF2_M25_D1,s2408107,r,09/22/2026,14:52:26,eddie@node1k16.ecdf.ed.ac.uk,1,5381
58982818,0.00016,OF2_M25_D1,s2408107,r,09/22/2026,14:52:26,eddie@node1m03.ecdf.ed.ac.uk,1,5382
58982818,0.00016,OF2_M25_D1,s2408107,r,09/22/2026,14:52:26,eddie@node1m03.ecdf.ed.ac.uk,1,5383
58982818,0.00016,OF2_M25_D1,s2408107,r,09/22/2026,14:52:26,eddie@node1j18.ecdf.ed.ac.uk,1,5384
58982818,0.00016,OF2_M25_D1,s2408107,r,09/22/2026,14:52:26,eddie@node1j18.ecdf.ed.ac.uk,1,5385
58982818,0.00016,OF2_M25_D1,s2408107,r,09/22/2026,14:52:26,eddie@node1j11.ecdf.ed.ac.uk,1,5386
58982818,0.00016,OF2_M25_D1,s2408107,r,09/22/2026,14:52:26,eddie@node1k19.ecdf.ed.ac.uk,1,5387
58982818,0.00016,OF2_M25_D1,s2408107,r,09/22/2026,14:52:26,eddie@node1j11.ecdf.ed.ac.uk,1,5388
58982818,0.00016,OF2_M25_D1,s2408107,r,09/22/2026,14:52:26,eddie@node1k14.ecdf.ed.ac.uk,1,5389
58982818,0.00016,OF2_M25_D1,s2408107,r,09/22/2026,14:52:26,eddie@node1k14.ecdf.ed.ac.uk,1,5390
58982818,0.00016,OF2_M25_D1,s2408107,r,09/22/2026,14:52:26,eddie@node1k14.ecdf.ed.ac.uk,1,5391
58982818,0.00016,OF2_M25_D1,s2408107,r,09/22/2026,14:52:26,eddie@node1k14.ecdf.ed.ac.uk,1,5392
58982818,0.00016,OF2_M25_D1,s2408107,r,09/22/2026,14:52:26,eddie@node1m08.ecdf.ed.ac.uk,1,5393
58982818,0.00016,OF2_M25_D1,s2408107,r,09/22/2026,14:52:26,eddie@node1k12.ecdf.ed.ac.uk,1,5394
58982818,0.00016,OF2_M25_D1,s2408107,r,09/22/2026,14:51:56,eddie@node1l01.ecdf.ed.ac.uk,1,5334
58982818,0.00016,OF2_M25_D1,s2408107,r,09/22/2026,14:51:56,eddie@node1k03.ecdf.ed.ac.uk,1,5335
58982818,0.00016,OF2_M25_D1,s2408107,r,09/22/2026,14:51:56,eddie@node1m06.ecdf.ed.ac.uk,1,5336
58982818,0.00016,OF2_M25_D1,s2408107,r,09/22/2026,14:51:56,eddie@node1l01.ecdf.ed.ac.uk,1,5337
58982818,0.00016,OF2_M25_D1,s2408107,r,09/22/2026,14:51:56,eddie@node1k03.ecdf.ed.ac.uk,1,5338
58982818,0.00016,OF2_M25_D1,s2408107,r,09/22/2026,14:51:56,eddie@node1m06.ecdf.ed.ac.uk,1,5339
58982818,0.00016,OF2_M25_D1,s2408107,r,09/22/2026,14:51:56,eddie@node1k05.ecdf.ed.ac.uk,1,5340
58982818,0.00016,OF2_M25_D1,s2408107,r,09/22/2026,14:51:56,eddie@node1j04.ecdf.ed.ac.uk,1,5341
58982818,0.00016,OF2_M25_D1,s2408107,r,09/22/2026,14:51:56,eddie@node1l20.ecdf.ed.ac.uk,1,5342
58982818,0.00016,OF2_M25_D1,s2408107,r,09/22/2026,14:51:56,eddie@node1l20.ecdf.ed.ac.uk,1,5343
58982818,0.00016,OF2_M25_D1,s2408107,r,09/22/2026,14:51:56,eddie@node1l08.ecdf.ed.ac.uk,1,5344
58982818,0.00016,OF2_M25_D1,s2408107,r,09/22/2026,14:51:56,eddie@node1m05.ecdf.ed.ac.uk,1,5345
58982818,0.00016,OF2_M25_D1,s2408107,r,09/22/2026,14:51:56,eddie@node1m03.ecdf.ed.ac.uk,1,5346
58982818,0.00016,OF2_M25_D1,s2408107,r,09/22/2026,14:51:56,eddie@node1j22.ecdf.ed.ac.uk,1,5347
58982818,0.00016,OF2_M25_D1,s2408107,r,09/22/2026,14:51:56,eddie@node1j18.ecdf.ed.ac.uk,1,5348
58982818,0.00016,OF2_M25_D1,s2408107,r,09/22/2026,14:51:56,eddie@node1k09.ecdf.ed.ac.uk,1,5349
58982818,0.00016,OF2_M25_D1,s2408107,r,09/22/2026,14:51:56,eddie@node1j18.ecdf.ed.ac.uk,1,5350
58982818,0.00016,OF2_M25_D1,s2408107,r,09/22/2026,14:51:56,eddie@node1j18.ecdf.ed.ac.uk,1,5351
58982818,0.00016,OF2_M25_D1,s2408107,r,09/22/2026,14:51:56,eddie@node1j11.ecdf.ed.ac.uk,1,5352
58982818,0.00016,OF2_M25_D1,s2408107,r,09/22/2026,14:51:56,eddie@node1j11.ecdf.ed.ac.uk,1,5353
58982818,0.00016,OF2_M25_D1,s2408107,r,09/22/2026,14:51:56,eddie@node1k14.ecdf.ed.ac.uk,1,5354
58982818,0.00016,OF2_M25_D1,s2408107,r,09/22/2026,14:51:56,eddie@node1k14.ecdf.ed.ac.uk,1,5355
58982818,0.00016,OF2_M25_D1,s2408107,r,09/22/2026,14:51:56,eddie@node1m08.ecdf.ed.ac.uk,1,5356
58982818,0.00016,OF2_M25_D1,s2408107,r,09/22/2026,14:52:56,eddie@node1l04.ecdf.ed.ac.uk,1,5430
58982818,0.00016,OF2_M25_D1,s2408107,r,09/22/2026,14:52:56,eddie@node1m10.ecdf.ed.ac.uk,1,5431
58982818,0.00016,OF2_M25_D1,s2408107,r,09/22/2026,14:52:56,eddie@node1k16.ecdf.ed.ac.uk,1,5432
58982818,0.00016,OF2_M25_D1,s2408107,r,09/22/2026,14:52:56,eddie@node1m03.ecdf.ed.ac.uk,1,5433
58982818,0.00016,OF2_M25_D1,s2408107,r,09/22/2026,14:52:56,eddie@node1j18.ecdf.ed.ac.uk,1,5434
58982818,0.00016,OF2_M25_D1,s2408107,r,09/22/2026,14:52:56,eddie@node1j11.ecdf.ed.ac.uk,1,5435
58982818,0.00016,OF2_M25_D1,s2408107,r,09/22/2026,14:52:56,eddie@node1n09.ecdf.ed.ac.uk,1,5436
58982818,0.00016,OF2_M25_D1,s2408107,r,09/22/2026,14:52:56,eddie@node1n09.ecdf.ed.ac.uk,1,5437
58982818,0.00016,OF2_M25_D1,s2408107,r,09/22/2026,14:52:56,eddie@node1k14.ecdf.ed.ac.uk,1,5438
58982818,0.00016,OF2_M25_D1,s2408107,r,09/22/2026,14:52:56,eddie@node1j19.ecdf.ed.ac.uk,1,5439
58655621,0.00015,runlisfloo,awilso19,r,09/15/2026,15:41:59,eddie@node1m22.ecdf.ed.ac.uk,1,4741
58655621,0.00015,runlisfloo,awilso19,r,09/15/2026,15:41:59,eddie@node1m22.ecdf.ed.ac.uk,1,4742
58655621,0.00015,runlisfloo,awilso19,r,09/15/2026,15:41:59,eddie@node1m22.ecdf.ed.ac.uk,1,4743
58655621,0.00015,runlisfloo,awilso19,r,09/15/2026,15:41:59,eddie@node1m22.ecdf.ed.ac.uk,1,4744
58655621,0.00015,runlisfloo,awilso19,r,09/15/2026,15:41:59,eddie@node1m24.ecdf.ed.ac.uk,1,4745
58655621,0.00015,runlisfloo,awilso19,r,09/15/2026,15:41:59,eddie@node1m24.ecdf.ed.ac.uk,1,4746
58655621,0.00015,runlisfloo,awilso19,r,09/15/2026,15:41:59,eddie@node1m24.ecdf.ed.ac.uk,1,4747
58655621,0.00015,runlisfloo,awilso19,r,09/15/2026,15:41:59,eddie@node1m24.ecdf.ed.ac.uk,1,4748
58655621,0.00015,runlisfloo,awilso19,r,09/15/2026,15:41:44,eddie@node1m20.ecdf.ed.ac.uk,1,4737
58655621,0.00015,runlisfloo,awilso19,r,09/15/2026,15:41:44,eddie@node1m20.ecdf.ed.ac.uk,1,4738
58655621,0.00015,runlisfloo,awilso19,r,09/15/2026,15:41:44,eddie@node1m20.ecdf.ed.ac.uk,1,4739
58655621,0.00015,runlisfloo,awilso19,r,09/15/2026,15:41:44,eddie@node1m20.ecdf.ed.ac.uk,1,4740
58982818,0.00015,OF2_M25_D1,s2408107,r,09/22/2026,14:49:56,eddie@node1l04.ecdf.ed.ac.uk,1,5099
58982818,0.00015,OF2_M25_D1,s2408107,r,09/22/2026,14:49:56,eddie@node1l04.ecdf.ed.ac.uk,1,5100
58982818,0.00015,OF2_M25_D1,s2408107,r,09/22/2026,14:49:56,eddie@node1l04.ecdf.ed.ac.uk,1,5101
58982818,0.00015,OF2_M25_D1,s2408107,r,09/22/2026,14:49:56,eddie@node1l04.ecdf.ed.ac.uk,1,5102
58982818,0.00015,OF2_M25_D1,s2408107,r,09/22/2026,14:49:56,eddie@node1m07.ecdf.ed.ac.uk,1,5104
58982818,0.00015,OF2_M25_D1,s2408107,r,09/22/2026,14:49:56,eddie@node1k07.ecdf.ed.ac.uk,1,5105
58982818,0.00015,OF2_M25_D1,s2408107,r,09/22/2026,14:49:56,eddie@node1j09.ecdf.ed.ac.uk,1,5106
58982818,0.00015,OF2_M25_D1,s2408107,r,09/22/2026,14:49:56,eddie@node1j09.ecdf.ed.ac.uk,1,5107
58982818,0.00015,OF2_M25_D1,s2408107,r,09/22/2026,14:49:56,eddie@node1k08.ecdf.ed.ac.uk,1,5108
58982818,0.00015,OF2_M25_D1,s2408107,r,09/22/2026,14:49:56,eddie@node1l09.ecdf.ed.ac.uk,1,5109
58982818,0.00015,OF2_M25_D1,s2408107,r,09/22/2026,14:49:56,eddie@node1j02.ecdf.ed.ac.uk,1,5110
58982818,0.00015,OF2_M25_D1,s2408107,r,09/22/2026,14:49:56,eddie@node1l19.ecdf.ed.ac.uk,1,5111
58982818,0.00015,OF2_M25_D1,s2408107,r,09/22/2026,14:49:56,eddie@node1l19.ecdf.ed.ac.uk,1,5112
58982818,0.00015,OF2_M25_D1,s2408107,r,09/22/2026,14:49:56,eddie@node1l07.ecdf.ed.ac.uk,1,5113
58982818,0.00015,OF2_M25_D1,s2408107,r,09/22/2026,14:49:56,eddie@node1k02.ecdf.ed.ac.uk,1,5114
58982818,0.00015,OF2_M25_D1,s2408107,r,09/22/2026,14:49:56,eddie@node1k09.ecdf.ed.ac.uk,1,5115
58982818,0.00015,OF2_M25_D1,s2408107,r,09/22/2026,14:49:56,eddie@node1k18.ecdf.ed.ac.uk,1,5116
58982818,0.00015,OF2_M25_D1,s2408107,r,09/22/2026,14:49:56,eddie@node1l03.ecdf.ed.ac.uk,1,5117
58982818,0.00015,OF2_M25_D1,s2408107,r,09/22/2026,14:49:56,eddie@node1k13.ecdf.ed.ac.uk,1,5118
58982818,0.00015,OF2_M25_D1,s2408107,r,09/22/2026,14:49:56,eddie@node1k13.ecdf.ed.ac.uk,1,5119
58982818,0.00015,OF2_M25_D1,s2408107,r,09/22/2026,14:49:56,eddie@node1k13.ecdf.ed.ac.uk,1,5120
58982818,0.00015,OF2_M25_D1,s2408107,r,09/22/2026,14:49:56,eddie@node1n09.ecdf.ed.ac.uk,1,5121
58982818,0.00015,OF2_M25_D1,s2408107,r,09/22/2026,14:49:56,eddie@node1m12.ecdf.ed.ac.uk,1,5122
58982818,0.00015,OF2_M25_D1,s2408107,r,09/22/2026,14:49:56,eddie@node1i17.ecdf.ed.ac.uk,1,5123
58982818,0.00015,OF2_M25_D1,s2408107,r,09/22/2026,14:49:56,eddie@node1n15.ecdf.ed.ac.uk,1,5124
58982818,0.00015,OF2_M25_D1,s2408107,r,09/22/2026,14:49:56,eddie@node1n15.ecdf.ed.ac.uk,1,5125
58982818,0.00015,OF2_M25_D1,s2408107,r,09/22/2026,14:49:41,eddie@node1i15.ecdf.ed.ac.uk,1,5068
58982818,0.00015,OF2_M25_D1,s2408107,r,09/22/2026,14:49:41,eddie@node1j01.ecdf.ed.ac.uk,1,5069
58982818,0.00015,OF2_M25_D1,s2408107,r,09/22/2026,14:49:41,eddie@node1m06.ecdf.ed.ac.uk,1,5070
58982818,0.00015,OF2_M25_D1,s2408107,r,09/22/2026,14:49:41,eddie@node1k07.ecdf.ed.ac.uk,1,5071
58982818,0.00015,OF2_M25_D1,s2408107,r,09/22/2026,14:49:41,eddie@node1k07.ecdf.ed.ac.uk,1,5072
58982818,0.00015,OF2_M25_D1,s2408107,r,09/22/2026,14:49:41,eddie@node1k08.ecdf.ed.ac.uk,1,5074
58982818,0.00015,OF2_M25_D1,s2408107,r,09/22/2026,14:49:41,eddie@node1k08.ecdf.ed.ac.uk,1,5075
58982818,0.00015,OF2_M25_D1,s2408107,r,09/22/2026,14:49:41,eddie@node1j02.ecdf.ed.ac.uk,1,5076
58982818,0.00015,OF2_M25_D1,s2408107,r,09/22/2026,14:49:41,eddie@node1j10.ecdf.ed.ac.uk,1,5077
58982818,0.00015,OF2_M25_D1,s2408107,r,09/22/2026,14:49:41,eddie@node1j22.ecdf.ed.ac.uk,1,5078
58982818,0.00015,OF2_M25_D1,s2408107,r,09/22/2026,14:49:41,eddie@node1l03.ecdf.ed.ac.uk,1,5079
58982818,0.00015,OF2_M25_D1,s2408107,r,09/22/2026,14:49:41,eddie@node1j18.ecdf.ed.ac.uk,1,5080
58982818,0.00015,OF2_M25_D1,s2408107,r,09/22/2026,14:49:41,eddie@node1k04.ecdf.ed.ac.uk,1,5081
58982818,0.00015,OF2_M25_D1,s2408107,r,09/22/2026,14:49:41,eddie@node1j19.ecdf.ed.ac.uk,1,5082
58982818,0.00015,OF2_M25_D1,s2408107,r,09/22/2026,14:49:41,eddie@node1j19.ecdf.ed.ac.uk,1,5083
58982818,0.00015,OF2_M25_D1,s2408107,r,09/22/2026,14:49:41,eddie@node1j19.ecdf.ed.ac.uk,1,5084
58982818,0.00015,OF2_M25_D1,s2408107,r,09/22/2026,14:49:41,eddie@node1j19.ecdf.ed.ac.uk,1,5085
58982818,0.00015,OF2_M25_D1,s2408107,r,09/22/2026,14:49:41,eddie@node1j19.ecdf.ed.ac.uk,1,5086
58982818,0.00015,OF2_M25_D1,s2408107,r,09/22/2026,14:49:41,eddie@node1i17.ecdf.ed.ac.uk,1,5087
58982818,0.00015,OF2_M25_D1,s2408107,r,09/22/2026,14:49:41,eddie@node1i17.ecdf.ed.ac.uk,1,5088
58982818,0.00015,OF2_M25_D1,s2408107,r,09/22/2026,14:49:41,eddie@node1n15.ecdf.ed.ac.uk,1,5089
58982818,0.00015,OF2_M25_D1,s2408107,r,09/22/2026,14:49:41,eddie@node1i24.ecdf.ed.ac.uk,1,5091
58982818,0.00015,OF2_M25_D1,s2408107,r,09/22/2026,14:50:41,eddie@node1j07.ecdf.ed.ac.uk,1,5185
58982818,0.00015,OF2_M25_D1,s2408107,r,09/22/2026,14:50:41,eddie@node1l01.ecdf.ed.ac.uk,1,5186
58982818,0.00015,OF2_M25_D1,s2408107,r,09/22/2026,14:50:41,eddie@node1k01.ecdf.ed.ac.uk,1,5187
58982818,0.00015,OF2_M25_D1,s2408107,r,09/22/2026,14:50:41,eddie@node1m07.ecdf.ed.ac.uk,1,5188
58982818,0.00015,OF2_M25_D1,s2408107,r,09/22/2026,14:50:41,eddie@node1j03.ecdf.ed.ac.uk,1,5189
58982818,0.00015,OF2_M25_D1,s2408107,r,09/22/2026,14:50:41,eddie@node1k07.ecdf.ed.ac.uk,1,5190
58982818,0.00015,OF2_M25_D1,s2408107,r,09/22/2026,14:50:41,eddie@node1j05.ecdf.ed.ac.uk,1,5191
58982818,0.00015,OF2_M25_D1,s2408107,r,09/22/2026,14:50:41,eddie@node1m11.ecdf.ed.ac.uk,1,5192
58982818,0.00015,OF2_M25_D1,s2408107,r,09/22/2026,14:50:41,eddie@node1l09.ecdf.ed.ac.uk,1,5193
58982818,0.00015,OF2_M25_D1,s2408107,r,09/22/2026,14:50:41,eddie@node1l09.ecdf.ed.ac.uk,1,5194
58982818,0.00015,OF2_M25_D1,s2408107,r,09/22/2026,14:50:41,eddie@node1l20.ecdf.ed.ac.uk,1,5195
58982818,0.00015,OF2_M25_D1,s2408107,r,09/22/2026,14:50:41,eddie@node1l20.ecdf.ed.ac.uk,1,5196
58982818,0.00015,OF2_M25_D1,s2408107,r,09/22/2026,14:50:41,eddie@node1l07.ecdf.ed.ac.uk,1,5197
58982818,0.00015,OF2_M25_D1,s2408107,r,09/22/2026,14:50:41,eddie@node1l07.ecdf.ed.ac.uk,1,5198
58982818,0.00015,OF2_M25_D1,s2408107,r,09/22/2026,14:50:41,eddie@node1m05.ecdf.ed.ac.uk,1,5199
58982818,0.00015,OF2_M25_D1,s2408107,r,09/22/2026,14:50:41,eddie@node1m03.ecdf.ed.ac.uk,1,5200
58982818,0.00015,OF2_M25_D1,s2408107,r,09/22/2026,14:50:41,eddie@node1m03.ecdf.ed.ac.uk,1,5201
58982818,0.00015,OF2_M25_D1,s2408107,r,09/22/2026,14:50:41,eddie@node1j18.ecdf.ed.ac.uk,1,5202
58982818,0.00015,OF2_M25_D1,s2408107,r,09/22/2026,14:50:41,eddie@node1k09.ecdf.ed.ac.uk,1,5203
58982818,0.00015,OF2_M25_D1,s2408107,r,09/22/2026,14:50:41,eddie@node1k06.ecdf.ed.ac.uk,1,5204
58982818,0.00015,OF2_M25_D1,s2408107,r,09/22/2026,14:50:41,eddie@node1j18.ecdf.ed.ac.uk,1,5205
58982818,0.00015,OF2_M25_D1,s2408107,r,09/22/2026,14:50:41,eddie@node1j18.ecdf.ed.ac.uk,1,5206
58982818,0.00015,OF2_M25_D1,s2408107,r,09/22/2026,14:50:41,eddie@node1l03.ecdf.ed.ac.uk,1,5207
58982818,0.00015,OF2_M25_D1,s2408107,r,09/22/2026,14:50:41,eddie@node1n12.ecdf.ed.ac.uk,1,5208
58982818,0.00015,OF2_M25_D1,s2408107,r,09/22/2026,14:50:41,eddie@node1l03.ecdf.ed.ac.uk,1,5209
58982818,0.00015,OF2_M25_D1,s2408107,r,09/22/2026,14:50:41,eddie@node1n12.ecdf.ed.ac.uk,1,5210
58982818,0.00015,OF2_M25_D1,s2408107,r,09/22/2026,14:50:41,eddie@node1m09.ecdf.ed.ac.uk,1,5211
58982818,0.00015,OF2_M25_D1,s2408107,r,09/22/2026,14:50:41,eddie@node1k12.ecdf.ed.ac.uk,1,5212
58982818,0.00015,OF2_M25_D1,s2408107,r,09/22/2026,14:50:41,eddie@node1i17.ecdf.ed.ac.uk,1,5213
58982818,0.00015,OF2_M25_D1,s2408107,r,09/22/2026,14:50:41,eddie@node1i24.ecdf.ed.ac.uk,1,5214
58982818,0.00015,OF2_M25_D1,s2408107,r,09/22/2026,14:50:56,eddie@node1j07.ecdf.ed.ac.uk,1,5215
58982818,0.00015,OF2_M25_D1,s2408107,r,09/22/2026,14:50:56,eddie@node1m06.ecdf.ed.ac.uk,1,5216
58982818,0.00015,OF2_M25_D1,s2408107,r,09/22/2026,14:50:56,eddie@node1k03.ecdf.ed.ac.uk,1,5217
58982818,0.00015,OF2_M25_D1,s2408107,r,09/22/2026,14:50:56,eddie@node1l02.ecdf.ed.ac.uk,1,5218
58982818,0.00015,OF2_M25_D1,s2408107,r,09/22/2026,14:50:56,eddie@node1k05.ecdf.ed.ac.uk,1,5219
58982818,0.00015,OF2_M25_D1,s2408107,r,09/22/2026,14:50:56,eddie@node1m07.ecdf.ed.ac.uk,1,5220
58982818,0.00015,OF2_M25_D1,s2408107,r,09/22/2026,14:50:56,eddie@node1j06.ecdf.ed.ac.uk,1,5221
58982818,0.00015,OF2_M25_D1,s2408107,r,09/22/2026,14:50:56,eddie@node1j06.ecdf.ed.ac.uk,1,5222
58982818,0.00015,OF2_M25_D1,s2408107,r,09/22/2026,14:50:56,eddie@node1m10.ecdf.ed.ac.uk,1,5223
58982818,0.00015,OF2_M25_D1,s2408107,r,09/22/2026,14:50:56,eddie@node1j05.ecdf.ed.ac.uk,1,5224
58982818,0.00015,OF2_M25_D1,s2408107,r,09/22/2026,14:50:56,eddie@node1n10.ecdf.ed.ac.uk,1,5225
58982818,0.00015,OF2_M25_D1,s2408107,r,09/22/2026,14:50:56,eddie@node1j10.ecdf.ed.ac.uk,1,5226
58982818,0.00015,OF2_M25_D1,s2408107,r,09/22/2026,14:50:56,eddie@node1l20.ecdf.ed.ac.uk,1,5227
58982818,0.00015,OF2_M25_D1,s2408107,r,09/22/2026,14:50:56,eddie@node1l20.ecdf.ed.ac.uk,1,5228
58982818,0.00015,OF2_M25_D1,s2408107,r,09/22/2026,14:50:56,eddie@node1j22.ecdf.ed.ac.uk,1,5229
58982818,0.00015,OF2_M25_D1,s2408107,r,09/22/2026,14:50:56,eddie@node1k06.ecdf.ed.ac.uk,1,5230
58982818,0.00015,OF2_M25_D1,s2408107,r,09/22/2026,14:50:56,eddie@node1m09.ecdf.ed.ac.uk,1,5231
58982818,0.00015,OF2_M25_D1,s2408107,r,09/22/2026,14:50:56,eddie@node1m08.ecdf.ed.ac.uk,1,5232
58982818,0.00015,OF2_M25_D1,s2408107,r,09/22/2026,14:50:56,eddie@node1k12.ecdf.ed.ac.uk,1,5233
58982818,0.00015,OF2_M25_D1,s2408107,r,09/22/2026,14:50:56,eddie@node1j19.ecdf.ed.ac.uk,1,5234
58982818,0.00015,OF2_M25_D1,s2408107,r,09/22/2026,14:50:56,eddie@node1i25.ecdf.ed.ac.uk,1,5235
58982818,0.00015,OF2_M25_D1,s2408107,r,09/22/2026,14:50:56,eddie@node1i25.ecdf.ed.ac.uk,1,5236
58982818,0.00015,OF2_M25_D1,s2408107,r,09/22/2026,14:50:56,eddie@node1i25.ecdf.ed.ac.uk,1,5237
58982818,0.00015,OF2_M25_D1,s2408107,r,09/22/2026,14:50:56,eddie@node1i24.ecdf.ed.ac.uk,1,5238
58982818,0.00015,OF2_M25_D1,s2408107,r,09/22/2026,14:50:56,eddie@node1i24.ecdf.ed.ac.uk,1,5239
58982818,0.00015,OF2_M25_D1,s2408107,r,09/22/2026,14:50:56,eddie@node1i24.ecdf.ed.ac.uk,1,5240
58982818,0.00015,OF2_M25_D1,s2408107,r,09/22/2026,14:50:26,eddie@node1l01.ecdf.ed.ac.uk,1,5159
58982818,0.00015,OF2_M25_D1,s2408107,r,09/22/2026,14:50:26,eddie@node1k03.ecdf.ed.ac.uk,1,5160
58982818,0.00015,OF2_M25_D1,s2408107,r,09/22/2026,14:50:26,eddie@node1k03.ecdf.ed.ac.uk,1,5161
58982818,0.00015,OF2_M25_D1,s2408107,r,09/22/2026,14:50:26,eddie@node1k01.ecdf.ed.ac.uk,1,5162
58982818,0.00015,OF2_M25_D1,s2408107,r,09/22/2026,14:50:26,eddie@node1l05.ecdf.ed.ac.uk,1,5163
58982818,0.00015,OF2_M25_D1,s2408107,r,09/22/2026,14:50:26,eddie@node1j06.ecdf.ed.ac.uk,1,5164
58982818,0.00015,OF2_M25_D1,s2408107,r,09/22/2026,14:50:26,eddie@node1l05.ecdf.ed.ac.uk,1,5165
58982818,0.00015,OF2_M25_D1,s2408107,r,09/22/2026,14:50:26,eddie@node1j04.ecdf.ed.ac.uk,1,5166
58982818,0.00015,OF2_M25_D1,s2408107,r,09/22/2026,14:50:26,eddie@node1m01.ecdf.ed.ac.uk,1,5167
58982818,0.00015,OF2_M25_D1,s2408107,r,09/22/2026,14:50:26,eddie@node1k08.ecdf.ed.ac.uk,1,5168
58982818,0.00015,OF2_M25_D1,s2408107,r,09/22/2026,14:50:26,eddie@node1k08.ecdf.ed.ac.uk,1,5169
58982818,0.00015,OF2_M25_D1,s2408107,r,09/22/2026,14:50:26,eddie@node1l08.ecdf.ed.ac.uk,1,5170
58982818,0.00015,OF2_M25_D1,s2408107,r,09/22/2026,14:50:26,eddie@node1m03.ecdf.ed.ac.uk,1,5171
58982818,0.00015,OF2_M25_D1,s2408107,r,09/22/2026,14:50:26,eddie@node1m03.ecdf.ed.ac.uk,1,5172
58982818,0.00015,OF2_M25_D1,s2408107,r,09/22/2026,14:50:26,eddie@node1k06.ecdf.ed.ac.uk,1,5173
58982818,0.00015,OF2_M25_D1,s2408107,r,09/22/2026,14:50:26,eddie@node1k06.ecdf.ed.ac.uk,1,5174
58982818,0.00015,OF2_M25_D1,s2408107,r,09/22/2026,14:50:26,eddie@node1k04.ecdf.ed.ac.uk,1,5175
58982818,0.00015,OF2_M25_D1,s2408107,r,09/22/2026,14:50:26,eddie@node1k04.ecdf.ed.ac.uk,1,5176
58982818,0.00015,OF2_M25_D1,s2408107,r,09/22/2026,14:50:26,eddie@node1k04.ecdf.ed.ac.uk,1,5177
58982818,0.00015,OF2_M25_D1,s2408107,r,09/22/2026,14:50:26,eddie@node1l03.ecdf.ed.ac.uk,1,5178
58982818,0.00015,OF2_M25_D1,s2408107,r,09/22/2026,14:50:26,eddie@node1n12.ecdf.ed.ac.uk,1,5179
58982818,0.00015,OF2_M25_D1,s2408107,r,09/22/2026,14:50:26,eddie@node1n09.ecdf.ed.ac.uk,1,5180
58982818,0.00015,OF2_M25_D1,s2408107,r,09/22/2026,14:50:26,eddie@node1m12.ecdf.ed.ac.uk,1,5181
58982818,0.00015,OF2_M25_D1,s2408107,r,09/22/2026,14:50:26,eddie@node1i25.ecdf.ed.ac.uk,1,5182
58982818,0.00015,OF2_M25_D1,s2408107,r,09/22/2026,14:50:26,eddie@node1i24.ecdf.ed.ac.uk,1,5183
58982818,0.00015,OF2_M25_D1,s2408107,r,09/22/2026,14:50:26,eddie@node1i24.ecdf.ed.ac.uk,1,5184
58982818,0.00015,OF2_M25_D1,s2408107,r,09/22/2026,14:50:11,eddie@node1j07.ecdf.ed.ac.uk,1,5136
58982818,0.00015,OF2_M25_D1,s2408107,r,09/22/2026,14:50:11,eddie@node1j07.ecdf.ed.ac.uk,1,5137
58982818,0.00015,OF2_M25_D1,s2408107,r,09/22/2026,14:50:11,eddie@node1j23.ecdf.ed.ac.uk,1,5138
58982818,0.00015,OF2_M25_D1,s2408107,r,09/22/2026,14:50:11,eddie@node1l04.ecdf.ed.ac.uk,1,5139
58982818,0.00015,OF2_M25_D1,s2408107,r,09/22/2026,14:50:11,eddie@node1j02.ecdf.ed.ac.uk,1,5141
58982818,0.00015,OF2_M25_D1,s2408107,r,09/22/2026,14:50:11,eddie@node1j10.ecdf.ed.ac.uk,1,5142
58982818,0.00015,OF2_M25_D1,s2408107,r,09/22/2026,14:50:11,eddie@node1m03.ecdf.ed.ac.uk,1,5143
58982818,0.00015,OF2_M25_D1,s2408107,r,09/22/2026,14:50:11,eddie@node1j22.ecdf.ed.ac.uk,1,5144
58982818,0.00015,OF2_M25_D1,s2408107,r,09/22/2026,14:50:11,eddie@node1k19.ecdf.ed.ac.uk,1,5145
58982818,0.00015,OF2_M25_D1,s2408107,r,09/22/2026,14:50:11,eddie@node1k19.ecdf.ed.ac.uk,1,5146
58982818,0.00015,OF2_M25_D1,s2408107,r,09/22/2026,14:50:11,eddie@node1k09.ecdf.ed.ac.uk,1,5147
58982818,0.00015,OF2_M25_D1,s2408107,r,09/22/2026,14:50:11,eddie@node1k13.ecdf.ed.ac.uk,1,5148
58982818,0.00015,OF2_M25_D1,s2408107,r,09/22/2026,14:50:11,eddie@node1n09.ecdf.ed.ac.uk,1,5149
58982818,0.00015,OF2_M25_D1,s2408107,r,09/22/2026,14:50:11,eddie@node1n09.ecdf.ed.ac.uk,1,5150
58982818,0.00015,OF2_M25_D1,s2408107,r,09/22/2026,14:50:11,eddie@node1n09.ecdf.ed.ac.uk,1,5151
58982818,0.00015,OF2_M25_D1,s2408107,r,09/22/2026,14:50:11,eddie@node1k12.ecdf.ed.ac.uk,1,5152
58982818,0.00015,OF2_M25_D1,s2408107,r,09/22/2026,14:50:11,eddie@node1i17.ecdf.ed.ac.uk,1,5153
58982818,0.00015,OF2_M25_D1,s2408107,r,09/22/2026,14:50:11,eddie@node1i25.ecdf.ed.ac.uk,1,5154
58982818,0.00015,OF2_M25_D1,s2408107,r,09/22/2026,14:50:11,eddie@node1i25.ecdf.ed.ac.uk,1,5155
58982818,0.00015,OF2_M25_D1,s2408107,r,09/22/2026,14:50:11,eddie@node1i25.ecdf.ed.ac.uk,1,5156
58982818,0.00015,OF2_M25_D1,s2408107,r,09/22/2026,14:50:11,eddie@node1i24.ecdf.ed.ac.uk,1,5157
58655621,0.00015,runlisfloo,awilso19,r,09/15/2026,15:40:44,eddie@node1m18.ecdf.ed.ac.uk,1,4733
58655621,0.00015,runlisfloo,awilso19,r,09/15/2026,15:40:44,eddie@node1m18.ecdf.ed.ac.uk,1,4734
58655621,0.00015,runlisfloo,awilso19,r,09/15/2026,15:40:44,eddie@node1m18.ecdf.ed.ac.uk,1,4735
58655621,0.00015,runlisfloo,awilso19,r,09/15/2026,15:40:44,eddie@node1m18.ecdf.ed.ac.uk,1,4736
58655621,0.00015,runlisfloo,awilso19,r,09/15/2026,15:39:59,eddie@node1n02.ecdf.ed.ac.uk,1,4729
58655621,0.00015,runlisfloo,awilso19,r,09/15/2026,15:39:59,eddie@node1n02.ecdf.ed.ac.uk,1,4730
58655621,0.00015,runlisfloo,awilso19,r,09/15/2026,15:39:59,eddie@node1n02.ecdf.ed.ac.uk,1,4731
58655621,0.00015,runlisfloo,awilso19,r,09/15/2026,15:39:59,eddie@node1n02.ecdf.ed.ac.uk,1,4732
58655621,0.00015,runlisfloo,awilso19,r,09/15/2026,15:39:30,eddie@node1m18.ecdf.ed.ac.uk,1,4725
58655621,0.00015,runlisfloo,awilso19,r,09/15/2026,15:39:30,eddie@node1m18.ecdf.ed.ac.uk,1,4726
58655621,0.00015,runlisfloo,awilso19,r,09/15/2026,15:39:30,eddie@node1m18.ecdf.ed.ac.uk,1,4727
58655621,0.00015,runlisfloo,awilso19,r,09/15/2026,15:39:30,eddie@node1m18.ecdf.ed.ac.uk,1,4728
58982818,0.00015,OF2_M25_D1,s2408107,r,09/22/2026,14:49:26,eddie@node1l06.ecdf.ed.ac.uk,1,5026
58982818,0.00015,OF2_M25_D1,s2408107,r,09/22/2026,14:49:26,eddie@node1l06.ecdf.ed.ac.uk,1,5027
58982818,0.00015,OF2_M25_D1,s2408107,r,09/22/2026,14:49:26,eddie@node1l01.ecdf.ed.ac.uk,1,5028
58982818,0.00015,OF2_M25_D1,s2408107,r,09/22/2026,14:49:26,eddie@node1m04.ecdf.ed.ac.uk,1,5029
58982818,0.00015,OF2_M25_D1,s2408107,r,09/22/2026,14:49:26,eddie@node1m04.ecdf.ed.ac.uk,1,5031
58982818,0.00015,OF2_M25_D1,s2408107,r,09/22/2026,14:49:26,eddie@node1m04.ecdf.ed.ac.uk,1,5033
58982818,0.00015,OF2_M25_D1,s2408107,r,09/22/2026,14:49:26,eddie@node1m04.ecdf.ed.ac.uk,1,5034
58982818,0.00015,OF2_M25_D1,s2408107,r,09/22/2026,14:49:26,eddie@node1k05.ecdf.ed.ac.uk,1,5035
58982818,0.00015,OF2_M25_D1,s2408107,r,09/22/2026,14:49:26,eddie@node1m04.ecdf.ed.ac.uk,1,5036
58982818,0.00015,OF2_M25_D1,s2408107,r,09/22/2026,14:49:26,eddie@node1k07.ecdf.ed.ac.uk,1,5037
58982818,0.00015,OF2_M25_D1,s2408107,r,09/22/2026,14:49:26,eddie@node1m04.ecdf.ed.ac.uk,1,5038
58982818,0.00015,OF2_M25_D1,s2408107,r,09/22/2026,14:49:26,eddie@node1j06.ecdf.ed.ac.uk,1,5039
58982818,0.00015,OF2_M25_D1,s2408107,r,09/22/2026,14:49:26,eddie@node1l05.ecdf.ed.ac.uk,1,5040
58982818,0.00015,OF2_M25_D1,s2408107,r,09/22/2026,14:49:26,eddie@node1j09.ecdf.ed.ac.uk,1,5041
58982818,0.00015,OF2_M25_D1,s2408107,r,09/22/2026,14:49:27,eddie@node1j05.ecdf.ed.ac.uk,1,5042
58982818,0.00015,OF2_M25_D1,s2408107,r,09/22/2026,14:49:27,eddie@node1l08.ecdf.ed.ac.uk,1,5043
58982818,0.00015,OF2_M25_D1,s2408107,r,09/22/2026,14:49:27,eddie@node1l09.ecdf.ed.ac.uk,1,5044
58982818,0.00015,OF2_M25_D1,s2408107,r,09/22/2026,14:49:27,eddie@node1j10.ecdf.ed.ac.uk,1,5045
58982818,0.00015,OF2_M25_D1,s2408107,r,09/22/2026,14:49:27,eddie@node1l20.ecdf.ed.ac.uk,1,5046
58982818,0.00015,OF2_M25_D1,s2408107,r,09/22/2026,14:49:27,eddie@node1k19.ecdf.ed.ac.uk,1,5049
58982818,0.00015,OF2_M25_D1,s2408107,r,09/22/2026,14:49:27,eddie@node1k09.ecdf.ed.ac.uk,1,5050
58982818,0.00015,OF2_M25_D1,s2408107,r,09/22/2026,14:49:27,eddie@node1k09.ecdf.ed.ac.uk,1,5051
58982818,0.00015,OF2_M25_D1,s2408107,r,09/22/2026,14:49:27,eddie@node1j18.ecdf.ed.ac.uk,1,5052
58982818,0.00015,OF2_M25_D1,s2408107,r,09/22/2026,14:49:27,eddie@node1k04.ecdf.ed.ac.uk,1,5053
58982818,0.00015,OF2_M25_D1,s2408107,r,09/22/2026,14:49:27,eddie@node1n09.ecdf.ed.ac.uk,1,5054
58982818,0.00015,OF2_M25_D1,s2408107,r,09/22/2026,14:49:27,eddie@node1i17.ecdf.ed.ac.uk,1,5055
58982818,0.00015,OF2_M25_D1,s2408107,r,09/22/2026,14:49:27,eddie@node1i17.ecdf.ed.ac.uk,1,5056
58982818,0.00015,OF2_M25_D1,s2408107,r,09/22/2026,14:49:27,eddie@node1i17.ecdf.ed.ac.uk,1,5057
58982818,0.00015,OF2_M25_D1,s2408107,r,09/22/2026,14:49:27,eddie@node1n15.ecdf.ed.ac.uk,1,5058
58982818,0.00015,OF2_M25_D1,s2408107,r,09/22/2026,14:49:27,eddie@node1n15.ecdf.ed.ac.uk,1,5059
58982818,0.00015,OF2_M25_D1,s2408107,r,09/22/2026,14:49:27,eddie@node1n15.ecdf.ed.ac.uk,1,5060
58982818,0.00015,OF2_M25_D1,s2408107,r,09/22/2026,14:49:27,eddie@node1n15.ecdf.ed.ac.uk,1,5061
58982818,0.00015,OF2_M25_D1,s2408107,r,09/22/2026,14:49:27,eddie@node1n15.ecdf.ed.ac.uk,1,5062
58982818,0.00015,OF2_M25_D1,s2408107,r,09/22/2026,14:49:11,eddie@node1f11.ecdf.ed.ac.uk,1,4993
58982818,0.00015,OF2_M25_D1,s2408107,r,09/22/2026,14:49:11,eddie@node1j06.ecdf.ed.ac.uk,1,4995
58982818,0.00015,OF2_M25_D1,s2408107,r,09/22/2026,14:49:11,eddie@node1l05.ecdf.ed.ac.uk,1,4996
58982818,0.00015,OF2_M25_D1,s2408107,r,09/22/2026,14:49:11,eddie@node1l05.ecdf.ed.ac.uk,1,4997
58982818,0.00015,OF2_M25_D1,s2408107,r,09/22/2026,14:49:11,eddie@node1l05.ecdf.ed.ac.uk,1,4998
58982818,0.00015,OF2_M25_D1,s2408107,r,09/22/2026,14:49:11,eddie@node1l08.ecdf.ed.ac.uk,1,4999
58982818,0.00015,OF2_M25_D1,s2408107,r,09/22/2026,14:49:11,eddie@node1j05.ecdf.ed.ac.uk,1,5000
58982818,0.00015,OF2_M25_D1,s2408107,r,09/22/2026,14:49:11,eddie@node1j02.ecdf.ed.ac.uk,1,5002
58982818,0.00015,OF2_M25_D1,s2408107,r,09/22/2026,14:49:11,eddie@node1j02.ecdf.ed.ac.uk,1,5003
58982818,0.00015,OF2_M25_D1,s2408107,r,09/22/2026,14:49:11,eddie@node1m11.ecdf.ed.ac.uk,1,5004
58982818,0.00015,OF2_M25_D1,s2408107,r,09/22/2026,14:49:11,eddie@node1k19.ecdf.ed.ac.uk,1,5006
58982818,0.00015,OF2_M25_D1,s2408107,r,09/22/2026,14:49:11,eddie@node1k19.ecdf.ed.ac.uk,1,5007
58982818,0.00015,OF2_M25_D1,s2408107,r,09/22/2026,14:49:11,eddie@node1k04.ecdf.ed.ac.uk,1,5008
58982818,0.00015,OF2_M25_D1,s2408107,r,09/22/2026,14:49:11,eddie@node1m12.ecdf.ed.ac.uk,1,5009
58982818,0.00015,OF2_M25_D1,s2408107,r,09/22/2026,14:49:11,eddie@node1m12.ecdf.ed.ac.uk,1,5010
58982818,0.00015,OF2_M25_D1,s2408107,r,09/22/2026,14:49:11,eddie@node1j19.ecdf.ed.ac.uk,1,5011
58982818,0.00015,OF2_M25_D1,s2408107,r,09/22/2026,14:49:11,eddie@node1j19.ecdf.ed.ac.uk,1,5012
58982818,0.00015,OF2_M25_D1,s2408107,r,09/22/2026,14:49:11,eddie@node1k12.ecdf.ed.ac.uk,1,5013
58982818,0.00015,OF2_M25_D1,s2408107,r,09/22/2026,14:48:56,eddie@node1m04.ecdf.ed.ac.uk,1,4973
58982818,0.00015,OF2_M25_D1,s2408107,r,09/22/2026,14:48:56,eddie@node1j09.ecdf.ed.ac.uk,1,4976
58982818,0.00015,OF2_M25_D1,s2408107,r,09/22/2026,14:48:56,eddie@node1m11.ecdf.ed.ac.uk,1,4978
58982818,0.00015,OF2_M25_D1,s2408107,r,09/22/2026,14:48:56,eddie@node1n10.ecdf.ed.ac.uk,1,4979
58982818,0.00015,OF2_M25_D1,s2408107,r,09/22/2026,14:48:56,eddie@node1k08.ecdf.ed.ac.uk,1,4980
58982818,0.00015,OF2_M25_D1,s2408107,r,09/22/2026,14:48:56,eddie@node1j18.ecdf.ed.ac.uk,1,4982
58982818,0.00015,OF2_M25_D1,s2408107,r,09/22/2026,14:48:56,eddie@node1k04.ecdf.ed.ac.uk,1,4983
58982818,0.00015,OF2_M25_D1,s2408107,r,09/22/2026,14:48:56,eddie@node1k15.ecdf.ed.ac.uk,1,4984
58982818,0.00015,OF2_M25_D1,s2408107,r,09/22/2026,14:48:56,eddie@node1m12.ecdf.ed.ac.uk,1,4985
58982818,0.00015,OF2_M25_D1,s2408107,r,09/22/2026,14:48:56,eddie@node1m12.ecdf.ed.ac.uk,1,4986
58982818,0.00015,OF2_M25_D1,s2408107,r,09/22/2026,14:48:56,eddie@node1m12.ecdf.ed.ac.uk,1,4987
58982818,0.00015,OF2_M25_D1,s2408107,r,09/22/2026,14:48:56,eddie@node1n15.ecdf.ed.ac.uk,1,4988
58655621,0.00015,runlisfloo,awilso19,r,09/15/2026,15:38:06,eddie@node1m18.ecdf.ed.ac.uk,1,4717
58655621,0.00015,runlisfloo,awilso19,r,09/15/2026,15:38:06,eddie@node1m18.ecdf.ed.ac.uk,1,4718
58655621,0.00015,runlisfloo,awilso19,r,09/15/2026,15:38:06,eddie@node1m18.ecdf.ed.ac.uk,1,4719
58655621,0.00015,runlisfloo,awilso19,r,09/15/2026,15:38:06,eddie@node1m18.ecdf.ed.ac.uk,1,4720
58982821,0.00015,runlisfloo,asiripat,r,09/22/2026,13:14:06,eddie@node1o05.ecdf.ed.ac.uk,1,13
58655621,0.00015,runlisfloo,awilso19,r,09/15/2026,15:38:36,eddie@node1m24.ecdf.ed.ac.uk,1,4721
58655621,0.00015,runlisfloo,awilso19,r,09/15/2026,15:38:36,eddie@node1m24.ecdf.ed.ac.uk,1,4722
58655621,0.00015,runlisfloo,awilso19,r,09/15/2026,15:38:36,eddie@node1m24.ecdf.ed.ac.uk,1,4723
58655621,0.00015,runlisfloo,awilso19,r,09/15/2026,15:38:36,eddie@node1m24.ecdf.ed.ac.uk,1,4724
58655621,0.00014,runlisfloo,awilso19,r,09/15/2026,15:36:03,eddie@node1m20.ecdf.ed.ac.uk,1,4713
58655621,0.00014,runlisfloo,awilso19,r,09/15/2026,15:36:03,eddie@node1m20.ecdf.ed.ac.uk,1,4714
58655621,0.00014,runlisfloo,awilso19,r,09/15/2026,15:36:03,eddie@node1m20.ecdf.ed.ac.uk,1,4715
58655621,0.00014,runlisfloo,awilso19,r,09/15/2026,15:36:03,eddie@node1m20.ecdf.ed.ac.uk,1,4716
58655621,0.00014,runlisfloo,awilso19,r,09/15/2026,15:35:03,eddie@node1m21.ecdf.ed.ac.uk,1,4709
58655621,0.00014,runlisfloo,awilso19,r,09/15/2026,15:35:03,eddie@node1m21.ecdf.ed.ac.uk,1,4710
58655621,0.00014,runlisfloo,awilso19,r,09/15/2026,15:35:03,eddie@node1m21.ecdf.ed.ac.uk,1,4711
58655621,0.00014,runlisfloo,awilso19,r,09/15/2026,15:35:03,eddie@node1m21.ecdf.ed.ac.uk,1,4712
58655621,0.00014,runlisfloo,awilso19,r,09/15/2026,15:32:48,eddie@node1n07.ecdf.ed.ac.uk,1,4708
58655621,0.00014,runlisfloo,awilso19,r,09/15/2026,15:23:28,eddie@node1p08.ecdf.ed.ac.uk,1,4687
58655621,0.00014,runlisfloo,awilso19,r,09/15/2026,15:23:28,eddie@node1p08.ecdf.ed.ac.uk,1,4688
58655621,0.00014,runlisfloo,awilso19,r,09/15/2026,15:23:28,eddie@node1p08.ecdf.ed.ac.uk,1,4689
58655621,0.00014,runlisfloo,awilso19,r,09/15/2026,15:23:28,eddie@node1p08.ecdf.ed.ac.uk,1,4690
58655621,0.00014,runlisfloo,awilso19,r,09/15/2026,15:23:28,eddie@node1p08.ecdf.ed.ac.uk,1,4691
58982821,0.00014,runlisfloo,asiripat,r,09/22/2026,13:14:06,eddie@node1o04.ecdf.ed.ac.uk,1,14
58655621,0.00014,runlisfloo,awilso19,r,09/15/2026,15:30:48,eddie@node1n07.ecdf.ed.ac.uk,1,4701
58655621,0.00014,runlisfloo,awilso19,r,09/15/2026,15:30:48,eddie@node1n07.ecdf.ed.ac.uk,1,4702
58655621,0.00014,runlisfloo,awilso19,r,09/15/2026,15:30:48,eddie@node1n07.ecdf.ed.ac.uk,1,4703
58655621,0.00014,runlisfloo,awilso19,r,09/15/2026,15:30:48,eddie@node1n07.ecdf.ed.ac.uk,1,4704
58655621,0.00014,runlisfloo,awilso19,r,09/15/2026,15:30:48,eddie@node1n07.ecdf.ed.ac.uk,1,4705
58655621,0.00014,runlisfloo,awilso19,r,09/15/2026,15:30:48,eddie@node1n07.ecdf.ed.ac.uk,1,4706
58655621,0.00014,runlisfloo,awilso19,r,09/15/2026,15:30:48,eddie@node1n07.ecdf.ed.ac.uk,1,4707
58982903,0.00013,control_ve,amarti5,r,09/22/2026,13:27:41,eddie@node1j06.ecdf.ed.ac.uk,1,14
58982818,0.00013,OF2_M25_D1,s2408107,r,09/22/2026,14:37:58,eddie@node1m08.ecdf.ed.ac.uk,1,3937
58982818,0.00013,OF2_M25_D1,s2408107,r,09/22/2026,14:36:14,eddie@node1m08.ecdf.ed.ac.uk,1,3859
58982818,0.00013,OF2_M25_D1,s2408107,r,09/22/2026,14:36:14,eddie@node1m08.ecdf.ed.ac.uk,1,3860
58655621,0.00013,runlisfloo,awilso19,r,09/15/2026,15:28:13,eddie@node1m23.ecdf.ed.ac.uk,1,4700
58982818,0.00013,OF2_M25_D1,s2408107,r,09/22/2026,14:36:05,eddie@node1l20.ecdf.ed.ac.uk,1,3848
58982821,0.00013,runlisfloo,asiripat,r,09/22/2026,13:14:06,eddie@node1l24.ecdf.ed.ac.uk,1,15
58655621,0.00013,runlisfloo,awilso19,r,09/15/2026,15:25:13,eddie@node1m20.ecdf.ed.ac.uk,1,4692
58655621,0.00013,runlisfloo,awilso19,r,09/15/2026,15:25:13,eddie@node1m20.ecdf.ed.ac.uk,1,4693
58655621,0.00013,runlisfloo,awilso19,r,09/15/2026,15:25:13,eddie@node1m20.ecdf.ed.ac.uk,1,4694
58655621,0.00013,runlisfloo,awilso19,r,09/15/2026,15:25:13,eddie@node1m20.ecdf.ed.ac.uk,1,4695
58655621,0.00013,runlisfloo,awilso19,r,09/15/2026,15:25:13,eddie@node1m20.ecdf.ed.ac.uk,1,4696
58655621,0.00013,runlisfloo,awilso19,r,09/15/2026,15:25:13,eddie@node1m20.ecdf.ed.ac.uk,1,4697
58655621,0.00013,runlisfloo,awilso19,r,09/15/2026,15:25:13,eddie@node1m20.ecdf.ed.ac.uk,1,4698
58655621,0.00013,runlisfloo,awilso19,r,09/15/2026,15:25:13,eddie@node1m20.ecdf.ed.ac.uk,1,4699
58982903,0.00013,control_ve,amarti5,r,09/22/2026,13:27:41,eddie@node1j06.ecdf.ed.ac.uk,1,15
58982903,0.00013,control_ve,amarti5,r,09/22/2026,13:27:41,eddie@node1k08.ecdf.ed.ac.uk,1,16
58982903,0.00013,control_ve,amarti5,r,09/22/2026,13:27:41,eddie@node1j06.ecdf.ed.ac.uk,1,17
58982903,0.00013,control_ve,amarti5,r,09/22/2026,13:27:41,eddie@node1j06.ecdf.ed.ac.uk,1,19
58982821,0.00012,runlisfloo,asiripat,r,09/22/2026,13:14:06,eddie@node1o05.ecdf.ed.ac.uk,1,16
58982821,0.00012,runlisfloo,asiripat,r,09/22/2026,13:14:06,eddie@node1r15.ecdf.ed.ac.uk,1,17
58982821,0.00012,runlisfloo,asiripat,r,09/22/2026,13:14:06,eddie@node1p10.ecdf.ed.ac.uk,1,18
58982821,0.00012,runlisfloo,asiripat,r,09/22/2026,13:14:06,eddie@node1h10.ecdf.ed.ac.uk,1,19
58982821,0.00012,runlisfloo,asiripat,r,09/22/2026,13:14:06,eddie@node1h10.ecdf.ed.ac.uk,1,20
58982821,0.00012,runlisfloo,asiripat,r,09/22/2026,13:14:06,eddie@node1s11.ecdf.ed.ac.uk,1,21
58982821,0.00012,runlisfloo,asiripat,r,09/22/2026,13:14:06,eddie@node1h21.ecdf.ed.ac.uk,1,22
58982821,0.00012,runlisfloo,asiripat,r,09/22/2026,13:14:06,eddie@node1h16.ecdf.ed.ac.uk,1,23
58982821,0.00012,runlisfloo,asiripat,r,09/22/2026,13:14:06,eddie@node1h21.ecdf.ed.ac.uk,1,24
58982821,0.00012,runlisfloo,asiripat,r,09/22/2026,13:14:06,eddie@node1s18.ecdf.ed.ac.uk,1,25
58982821,0.00012,runlisfloo,asiripat,r,09/22/2026,13:14:06,eddie@node1r06.ecdf.ed.ac.uk,1,26
58982821,0.00012,runlisfloo,asiripat,r,09/22/2026,13:14:06,eddie@node1p09.ecdf.ed.ac.uk,1,27
58982821,0.00012,runlisfloo,asiripat,r,09/22/2026,13:14:06,eddie@node1h06.ecdf.ed.ac.uk,1,28
58982821,0.00012,runlisfloo,asiripat,r,09/22/2026,13:14:06,eddie@node1h05.ecdf.ed.ac.uk,1,29
58982821,0.00012,runlisfloo,asiripat,r,09/22/2026,13:14:06,eddie@node1j25.ecdf.ed.ac.uk,1,30
58982821,0.00012,runlisfloo,asiripat,r,09/22/2026,13:14:06,eddie@node1s19.ecdf.ed.ac.uk,1,31
58982821,0.00012,runlisfloo,asiripat,r,09/22/2026,13:14:06,eddie@node1o07.ecdf.ed.ac.uk,1,32
58982821,0.00012,runlisfloo,asiripat,r,09/22/2026,13:14:06,eddie@node1m16.ecdf.ed.ac.uk,1,33
58982821,0.00012,runlisfloo,asiripat,r,09/22/2026,13:14:06,eddie@node1s12.ecdf.ed.ac.uk,1,34
58982821,0.00012,runlisfloo,asiripat,r,09/22/2026,13:14:06,eddie@node1h09.ecdf.ed.ac.uk,1,35
58982821,0.00012,runlisfloo,asiripat,r,09/22/2026,13:14:06,eddie@node1h06.ecdf.ed.ac.uk,1,36
58982821,0.00012,runlisfloo,asiripat,r,09/22/2026,13:14:06,eddie@node1o12.ecdf.ed.ac.uk,1,37
58982821,0.00012,runlisfloo,asiripat,r,09/22/2026,13:14:06,eddie@node1j27.ecdf.ed.ac.uk,1,38
58982821,0.00012,runlisfloo,asiripat,r,09/22/2026,13:14:06,eddie@node1h04.ecdf.ed.ac.uk,1,39
58982821,0.00012,runlisfloo,asiripat,r,09/22/2026,13:14:06,eddie@node1m16.ecdf.ed.ac.uk,1,40
58982821,0.00012,runlisfloo,asiripat,r,09/22/2026,13:14:06,eddie@node1h11.ecdf.ed.ac.uk,1,41
58982821,0.00012,runlisfloo,asiripat,r,09/22/2026,13:14:06,eddie@node1s12.ecdf.ed.ac.uk,1,42
58982821,0.00012,runlisfloo,asiripat,r,09/22/2026,13:14:06,eddie@node1h15.ecdf.ed.ac.uk,1,43
58982821,0.00012,runlisfloo,asiripat,r,09/22/2026,13:14:06,eddie@node1h03.ecdf.ed.ac.uk,1,44
58982821,0.00012,runlisfloo,asiripat,r,09/22/2026,13:14:06,eddie@node1h06.ecdf.ed.ac.uk,1,45
58982821,0.00012,runlisfloo,asiripat,r,09/22/2026,13:14:06,eddie@node1o12.ecdf.ed.ac.uk,1,46
58982821,0.00012,runlisfloo,asiripat,r,09/22/2026,13:14:06,eddie@node1r20.ecdf.ed.ac.uk,1,47
58982821,0.00012,runlisfloo,asiripat,r,09/22/2026,13:14:06,eddie@node1h04.ecdf.ed.ac.uk,1,48
58982821,0.00012,runlisfloo,asiripat,r,09/22/2026,13:14:06,eddie@node1j26.ecdf.ed.ac.uk,1,49
58982821,0.00012,runlisfloo,asiripat,r,09/22/2026,13:14:06,eddie@node1m16.ecdf.ed.ac.uk,1,50
58982821,0.00012,runlisfloo,asiripat,r,09/22/2026,13:14:06,eddie@node1h11.ecdf.ed.ac.uk,1,51
58982821,0.00012,runlisfloo,asiripat,r,09/22/2026,13:14:06,eddie@node1s12.ecdf.ed.ac.uk,1,52
58982821,0.00012,runlisfloo,asiripat,r,09/22/2026,13:14:06,eddie@node1h03.ecdf.ed.ac.uk,1,53
58982821,0.00012,runlisfloo,asiripat,r,09/22/2026,13:14:06,eddie@node1h06.ecdf.ed.ac.uk,1,54
58982821,0.00012,runlisfloo,asiripat,r,09/22/2026,13:14:06,eddie@node1o12.ecdf.ed.ac.uk,1,55
58982821,0.00012,runlisfloo,asiripat,r,09/22/2026,13:14:06,eddie@node1h12.ecdf.ed.ac.uk,1,56
58982821,0.00012,runlisfloo,asiripat,r,09/22/2026,13:14:06,eddie@node1r17.ecdf.ed.ac.uk,1,57
58982821,0.00012,runlisfloo,asiripat,r,09/22/2026,13:14:06,eddie@node1h04.ecdf.ed.ac.uk,1,58
58982821,0.00012,runlisfloo,asiripat,r,09/22/2026,13:14:06,eddie@node1j26.ecdf.ed.ac.uk,1,59
58982821,0.00012,runlisfloo,asiripat,r,09/22/2026,13:14:06,eddie@node1s12.ecdf.ed.ac.uk,1,60
58982821,0.00012,runlisfloo,asiripat,r,09/22/2026,13:14:06,eddie@node1s14.ecdf.ed.ac.uk,1,61
58982821,0.00012,runlisfloo,asiripat,r,09/22/2026,13:14:06,eddie@node1h03.ecdf.ed.ac.uk,1,62
58982821,0.00012,runlisfloo,asiripat,r,09/22/2026,13:14:06,eddie@node1h06.ecdf.ed.ac.uk,1,63
58982821,0.00012,runlisfloo,asiripat,r,09/22/2026,13:14:06,eddie@node1h12.ecdf.ed.ac.uk,1,64
58982821,0.00012,runlisfloo,asiripat,r,09/22/2026,13:14:06,eddie@node1r09.ecdf.ed.ac.uk,1,65
58982821,0.00012,runlisfloo,asiripat,r,09/22/2026,13:14:06,eddie@node1r17.ecdf.ed.ac.uk,1,66
58982821,0.00012,runlisfloo,asiripat,r,09/22/2026,13:14:06,eddie@node1h24.ecdf.ed.ac.uk,1,67
58982821,0.00012,runlisfloo,asiripat,r,09/22/2026,13:14:06,eddie@node1h13.ecdf.ed.ac.uk,1,68
58982821,0.00012,runlisfloo,asiripat,r,09/22/2026,13:14:06,eddie@node1h04.ecdf.ed.ac.uk,1,69
58982821,0.00012,runlisfloo,asiripat,r,09/22/2026,13:14:06,eddie@node1o10.ecdf.ed.ac.uk,1,70
58982821,0.00012,runlisfloo,asiripat,r,09/22/2026,13:14:06,eddie@node1s09.ecdf.ed.ac.uk,1,71
58982821,0.00012,runlisfloo,asiripat,r,09/22/2026,13:14:06,eddie@node1s12.ecdf.ed.ac.uk,1,72
58982821,0.00012,runlisfloo,asiripat,r,09/22/2026,13:14:06,eddie@node1s14.ecdf.ed.ac.uk,1,73
58982821,0.00012,runlisfloo,asiripat,r,09/22/2026,13:14:06,eddie@node1h03.ecdf.ed.ac.uk,1,74
58982821,0.00012,runlisfloo,asiripat,r,09/22/2026,13:14:06,eddie@node1h06.ecdf.ed.ac.uk,1,75
58982821,0.00012,runlisfloo,asiripat,r,09/22/2026,13:14:06,eddie@node1r09.ecdf.ed.ac.uk,1,76
58982821,0.00012,runlisfloo,asiripat,r,09/22/2026,13:14:06,eddie@node1r17.ecdf.ed.ac.uk,1,77
58982821,0.00012,runlisfloo,asiripat,r,09/22/2026,13:14:07,eddie@node1h13.ecdf.ed.ac.uk,1,78
58982821,0.00012,runlisfloo,asiripat,r,09/22/2026,13:14:07,eddie@node1h04.ecdf.ed.ac.uk,1,79
58982821,0.00012,runlisfloo,asiripat,r,09/22/2026,13:14:07,eddie@node1s09.ecdf.ed.ac.uk,1,80
58982821,0.00012,runlisfloo,asiripat,r,09/22/2026,13:14:07,eddie@node1s12.ecdf.ed.ac.uk,1,81
58982821,0.00012,runlisfloo,asiripat,r,09/22/2026,13:14:07,eddie@node1s14.ecdf.ed.ac.uk,1,82
58982821,0.00012,runlisfloo,asiripat,r,09/22/2026,13:14:07,eddie@node1h03.ecdf.ed.ac.uk,1,83
58982821,0.00012,runlisfloo,asiripat,r,09/22/2026,13:14:07,eddie@node1h08.ecdf.ed.ac.uk,1,84
58982821,0.00012,runlisfloo,asiripat,r,09/22/2026,13:14:07,eddie@node1o14.ecdf.ed.ac.uk,1,85
58982821,0.00012,runlisfloo,asiripat,r,09/22/2026,13:14:07,eddie@node1o08.ecdf.ed.ac.uk,1,86
58982821,0.00012,runlisfloo,asiripat,r,09/22/2026,13:14:07,eddie@node1r17.ecdf.ed.ac.uk,1,87
58982821,0.00012,runlisfloo,asiripat,r,09/22/2026,13:14:07,eddie@node1h13.ecdf.ed.ac.uk,1,88
58982821,0.00012,runlisfloo,asiripat,r,09/22/2026,13:14:07,eddie@node1h04.ecdf.ed.ac.uk,1,89
58982821,0.00012,runlisfloo,asiripat,r,09/22/2026,13:14:07,eddie@node1s09.ecdf.ed.ac.uk,1,90
58982821,0.00012,runlisfloo,asiripat,r,09/22/2026,13:14:07,eddie@node1s12.ecdf.ed.ac.uk,1,91
58982821,0.00012,runlisfloo,asiripat,r,09/22/2026,13:14:07,eddie@node1h03.ecdf.ed.ac.uk,1,92
58982821,0.00012,runlisfloo,asiripat,r,09/22/2026,13:14:07,eddie@node1h08.ecdf.ed.ac.uk,1,93
58982821,0.00012,runlisfloo,asiripat,r,09/22/2026,13:14:07,eddie@node1o14.ecdf.ed.ac.uk,1,94
58982821,0.00012,runlisfloo,asiripat,r,09/22/2026,13:14:07,eddie@node1o08.ecdf.ed.ac.uk,1,95
58982821,0.00012,runlisfloo,asiripat,r,09/22/2026,13:14:07,eddie@node1s20.ecdf.ed.ac.uk,1,96
58982821,0.00012,runlisfloo,asiripat,r,09/22/2026,13:14:07,eddie@node1r17.ecdf.ed.ac.uk,1,97
58982821,0.00012,runlisfloo,asiripat,r,09/22/2026,13:14:07,eddie@node1h13.ecdf.ed.ac.uk,1,98
58982821,0.00012,runlisfloo,asiripat,r,09/22/2026,13:14:07,eddie@node1s09.ecdf.ed.ac.uk,1,99
58982821,0.00012,runlisfloo,asiripat,r,09/22/2026,13:14:07,eddie@node1h03.ecdf.ed.ac.uk,1,100
58791631,0.00010,bb_rw_lsd0,s2751530,r,09/21/2026,14:59:32,eddie@node1j18.ecdf.ed.ac.uk,1,18
58791631,0.00010,bb_rw_lsd0,s2751530,r,09/21/2026,14:59:32,eddie@node1l01.ecdf.ed.ac.uk,1,23
58791631,0.00010,bb_rw_lsd0,s2751530,r,09/21/2026,14:59:32,eddie@node1j18.ecdf.ed.ac.uk,1,24
58655621,0.00009,runlisfloo,awilso19,r,09/15/2026,15:06:45,eddie@node1m18.ecdf.ed.ac.uk,1,4686
58655621,0.00007,runlisfloo,awilso19,r,09/15/2026,14:51:05,eddie@node1n08.ecdf.ed.ac.uk,1,4685
58983125,0.00007,AFFIPRED_A,blivesey,r,09/22/2026,14:20:10,igmm_long@node1b08.ecdf.ed.ac.,1,1
58983125,0.00007,AFFIPRED_A,blivesey,r,09/22/2026,14:20:10,igmm_long@node1a08.ecdf.ed.ac.,1,2
58983125,0.00007,AFFIPRED_A,blivesey,r,09/22/2026,14:20:10,igmm_long@node1c06.ecdf.ed.ac.,1,3
58983125,0.00007,AFFIPRED_A,blivesey,r,09/22/2026,14:20:10,igmm_long@node1h01.ecdf.ed.ac.,1,4
58983125,0.00007,AFFIPRED_A,blivesey,r,09/22/2026,14:20:10,igmm_long@node1a08.ecdf.ed.ac.,1,5
58983125,0.00007,AFFIPRED_A,blivesey,r,09/22/2026,14:20:10,igmm_long@node1c02.ecdf.ed.ac.,1,6
58983125,0.00007,AFFIPRED_A,blivesey,r,09/22/2026,14:20:10,igmm_long@node1b08.ecdf.ed.ac.,1,7
58983125,0.00007,AFFIPRED_A,blivesey,r,09/22/2026,14:20:10,igmm_long@node1a08.ecdf.ed.ac.,1,8
58983125,0.00007,AFFIPRED_A,blivesey,r,09/22/2026,14:20:10,igmm_long@node1c06.ecdf.ed.ac.,1,9
58983125,0.00007,AFFIPRED_A,blivesey,r,09/22/2026,14:20:10,igmm_long@node1a04.ecdf.ed.ac.,1,10
58655621,0.00006,runlisfloo,awilso19,r,09/15/2026,14:48:08,eddie@node1n08.ecdf.ed.ac.uk,1,4684
58655621,0.00005,runlisfloo,awilso19,r,09/15/2026,14:41:33,eddie@node1n08.ecdf.ed.ac.uk,1,4675
58655621,0.00005,runlisfloo,awilso19,r,09/15/2026,14:41:48,eddie@node1m18.ecdf.ed.ac.uk,1,4676
58655621,0.00005,runlisfloo,awilso19,r,09/15/2026,14:41:48,eddie@node1m18.ecdf.ed.ac.uk,1,4677
58655621,0.00005,runlisfloo,awilso19,r,09/15/2026,14:41:48,eddie@node1m18.ecdf.ed.ac.uk,1,4678
58655621,0.00005,runlisfloo,awilso19,r,09/15/2026,14:41:48,eddie@node1m18.ecdf.ed.ac.uk,1,4679
58655621,0.00005,runlisfloo,awilso19,r,09/15/2026,14:41:48,eddie@node1m18.ecdf.ed.ac.uk,1,4680
58655621,0.00005,runlisfloo,awilso19,r,09/15/2026,14:41:48,eddie@node1m18.ecdf.ed.ac.uk,1,4681
58655621,0.00005,runlisfloo,awilso19,r,09/15/2026,14:41:48,eddie@node1m18.ecdf.ed.ac.uk,1,4682
58655621,0.00005,runlisfloo,awilso19,r,09/15/2026,14:41:48,eddie@node1m18.ecdf.ed.ac.uk,1,4683
58655621,0.00005,runlisfloo,awilso19,r,09/15/2026,14:38:48,eddie@node1n08.ecdf.ed.ac.uk,1,4674
58655621,0.00005,runlisfloo,awilso19,r,09/15/2026,14:38:01,eddie@node1m23.ecdf.ed.ac.uk,1,4673
58655621,0.00004,runlisfloo,awilso19,r,09/15/2026,14:36:01,eddie@node1m23.ecdf.ed.ac.uk,1,4669
58655621,0.00004,runlisfloo,awilso19,r,09/15/2026,14:36:01,eddie@node1m23.ecdf.ed.ac.uk,1,4670
58655621,0.00004,runlisfloo,awilso19,r,09/15/2026,14:36:16,eddie@node1m23.ecdf.ed.ac.uk,1,4671
58655621,0.00004,runlisfloo,awilso19,r,09/15/2026,14:36:16,eddie@node1m23.ecdf.ed.ac.uk,1,4672
58655621,0.00004,runlisfloo,awilso19,r,09/15/2026,14:34:31,eddie@node1m18.ecdf.ed.ac.uk,1,4658
58655621,0.00004,runlisfloo,awilso19,r,09/15/2026,14:34:31,eddie@node1m22.ecdf.ed.ac.uk,1,4659
58655621,0.00004,runlisfloo,awilso19,r,09/15/2026,14:34:31,eddie@node1m22.ecdf.ed.ac.uk,1,4660
58655621,0.00004,runlisfloo,awilso19,r,09/15/2026,14:34:31,eddie@node1m22.ecdf.ed.ac.uk,1,4661
58655621,0.00004,runlisfloo,awilso19,r,09/15/2026,14:34:31,eddie@node1m22.ecdf.ed.ac.uk,1,4662
58655621,0.00004,runlisfloo,awilso19,r,09/15/2026,14:34:31,eddie@node1m22.ecdf.ed.ac.uk,1,4663
58655621,0.00004,runlisfloo,awilso19,r,09/15/2026,14:34:31,eddie@node1m22.ecdf.ed.ac.uk,1,4664
58655621,0.00004,runlisfloo,awilso19,r,09/15/2026,14:34:31,eddie@node1m22.ecdf.ed.ac.uk,1,4665
58655621,0.00004,runlisfloo,awilso19,r,09/15/2026,14:34:31,eddie@node1m22.ecdf.ed.ac.uk,1,4666
58655621,0.00004,runlisfloo,awilso19,r,09/15/2026,14:35:01,eddie@node1m18.ecdf.ed.ac.uk,1,4667
58655621,0.00004,runlisfloo,awilso19,r,09/15/2026,14:35:16,eddie@node1m20.ecdf.ed.ac.uk,1,4668
58655621,0.00004,runlisfloo,awilso19,r,09/15/2026,14:32:46,eddie@node1n05.ecdf.ed.ac.uk,1,4656
58655621,0.00004,runlisfloo,awilso19,r,09/15/2026,14:34:01,eddie@node1m23.ecdf.ed.ac.uk,1,4657
58655621,0.00004,runlisfloo,awilso19,r,09/15/2026,14:32:15,eddie@node1n04.ecdf.ed.ac.uk,1,4655
58655621,0.00003,runlisfloo,awilso19,r,09/15/2026,14:28:15,eddie@node1n05.ecdf.ed.ac.uk,1,4652
58655621,0.00003,runlisfloo,awilso19,r,09/15/2026,14:29:00,eddie@node1n08.ecdf.ed.ac.uk,1,4653
58655621,0.00003,runlisfloo,awilso19,r,09/15/2026,14:29:30,eddie@node1m18.ecdf.ed.ac.uk,1,4654
58655621,0.00003,runlisfloo,awilso19,r,09/15/2026,14:27:00,eddie@node1n08.ecdf.ed.ac.uk,1,4651
58655621,0.00003,runlisfloo,awilso19,r,09/15/2026,14:21:30,eddie@node1n08.ecdf.ed.ac.uk,1,4646
58655621,0.00003,runlisfloo,awilso19,r,09/15/2026,14:21:30,eddie@node1m23.ecdf.ed.ac.uk,1,4647
58655621,0.00002,runlisfloo,awilso19,r,09/15/2026,14:16:40,eddie@node1n05.ecdf.ed.ac.uk,1,4645
58982830,0.00002,runlisfloo,asiripat,r,09/22/2026,13:15:36,eddie@node1o08.ecdf.ed.ac.uk,1,101
58982830,0.00002,runlisfloo,asiripat,r,09/22/2026,13:15:36,eddie@node1r17.ecdf.ed.ac.uk,1,102
58982830,0.00002,runlisfloo,asiripat,r,09/22/2026,13:15:36,eddie@node1o14.ecdf.ed.ac.uk,1,103
58982830,0.00002,runlisfloo,asiripat,r,09/22/2026,13:15:36,eddie@node1h23.ecdf.ed.ac.uk,1,104
58982830,0.00002,runlisfloo,asiripat,r,09/22/2026,13:15:36,eddie@node1r07.ecdf.ed.ac.uk,1,105
58982830,0.00002,runlisfloo,asiripat,r,09/22/2026,13:15:36,eddie@node1s20.ecdf.ed.ac.uk,1,106
58982830,0.00002,runlisfloo,asiripat,r,09/22/2026,13:15:36,eddie@node1h13.ecdf.ed.ac.uk,1,107
58982830,0.00002,runlisfloo,asiripat,r,09/22/2026,13:15:36,eddie@node1s16.ecdf.ed.ac.uk,1,108
58982830,0.00002,runlisfloo,asiripat,r,09/22/2026,13:15:36,eddie@node1s20.ecdf.ed.ac.uk,1,109
58982830,0.00002,runlisfloo,asiripat,r,09/22/2026,13:15:36,eddie@node1h13.ecdf.ed.ac.uk,1,110
58982830,0.00002,runlisfloo,asiripat,r,09/22/2026,13:15:36,eddie@node1h14.ecdf.ed.ac.uk,1,111
58982830,0.00002,runlisfloo,asiripat,r,09/22/2026,13:15:36,eddie@node1h03.ecdf.ed.ac.uk,1,112
58982830,0.00002,runlisfloo,asiripat,r,09/22/2026,13:15:36,eddie@node1p08.ecdf.ed.ac.uk,1,113
58982830,0.00002,runlisfloo,asiripat,r,09/22/2026,13:15:36,eddie@node1s20.ecdf.ed.ac.uk,1,114
58982830,0.00002,runlisfloo,asiripat,r,09/22/2026,13:15:36,eddie@node1m14.ecdf.ed.ac.uk,1,115
58982830,0.00002,runlisfloo,asiripat,r,09/22/2026,13:15:36,eddie@node1h14.ecdf.ed.ac.uk,1,116
58982830,0.00002,runlisfloo,asiripat,r,09/22/2026,13:15:36,eddie@node1h03.ecdf.ed.ac.uk,1,117
58982830,0.00002,runlisfloo,asiripat,r,09/22/2026,13:15:36,eddie@node1r19.ecdf.ed.ac.uk,1,118
58982830,0.00002,runlisfloo,asiripat,r,09/22/2026,13:15:36,eddie@node1p08.ecdf.ed.ac.uk,1,119
58982830,0.00002,runlisfloo,asiripat,r,09/22/2026,13:15:36,eddie@node1m14.ecdf.ed.ac.uk,1,120
58982830,0.00002,runlisfloo,asiripat,r,09/22/2026,13:15:36,eddie@node1h03.ecdf.ed.ac.uk,1,121
58982830,0.00002,runlisfloo,asiripat,r,09/22/2026,13:15:36,eddie@node1p08.ecdf.ed.ac.uk,1,122
58982830,0.00002,runlisfloo,asiripat,r,09/22/2026,13:15:36,eddie@node1s10.ecdf.ed.ac.uk,1,123
58982830,0.00002,runlisfloo,asiripat,r,09/22/2026,13:15:36,eddie@node1m04.ecdf.ed.ac.uk,1,124
58982830,0.00002,runlisfloo,asiripat,r,09/22/2026,13:15:36,eddie@node1l19.ecdf.ed.ac.uk,1,125
58982830,0.00002,runlisfloo,asiripat,r,09/22/2026,13:15:36,eddie@node1m04.ecdf.ed.ac.uk,1,126
58982830,0.00002,runlisfloo,asiripat,r,09/22/2026,13:15:36,eddie@node1l19.ecdf.ed.ac.uk,1,127
58982830,0.00002,runlisfloo,asiripat,r,09/22/2026,13:15:36,eddie@node1l10.ecdf.ed.ac.uk,1,128
58982830,0.00002,runlisfloo,asiripat,r,09/22/2026,13:15:36,eddie@node1l04.ecdf.ed.ac.uk,1,129
58982830,0.00002,runlisfloo,asiripat,r,09/22/2026,13:15:36,eddie@node1k03.ecdf.ed.ac.uk,1,130
58982830,0.00002,runlisfloo,asiripat,r,09/22/2026,13:15:36,eddie@node1l10.ecdf.ed.ac.uk,1,131
58982830,0.00002,runlisfloo,asiripat,r,09/22/2026,13:15:36,eddie@node1l02.ecdf.ed.ac.uk,1,132
58982830,0.00002,runlisfloo,asiripat,r,09/22/2026,13:15:36,eddie@node1l04.ecdf.ed.ac.uk,1,133
58982830,0.00002,runlisfloo,asiripat,r,09/22/2026,13:15:36,eddie@node1k03.ecdf.ed.ac.uk,1,134
58982830,0.00002,runlisfloo,asiripat,r,09/22/2026,13:15:36,eddie@node1l02.ecdf.ed.ac.uk,1,135
58982830,0.00002,runlisfloo,asiripat,r,09/22/2026,13:15:36,eddie@node1j08.ecdf.ed.ac.uk,1,136
58982830,0.00002,runlisfloo,asiripat,r,09/22/2026,13:15:36,eddie@node1j04.ecdf.ed.ac.uk,1,137
58982830,0.00002,runlisfloo,asiripat,r,09/22/2026,13:15:36,eddie@node1j17.ecdf.ed.ac.uk,1,138
58982830,0.00002,runlisfloo,asiripat,r,09/22/2026,13:15:36,eddie@node1k01.ecdf.ed.ac.uk,1,139
58982830,0.00002,runlisfloo,asiripat,r,09/22/2026,13:15:36,eddie@node1j04.ecdf.ed.ac.uk,1,140
58982830,0.00002,runlisfloo,asiripat,r,09/22/2026,13:15:36,eddie@node1j06.ecdf.ed.ac.uk,1,141
58982830,0.00002,runlisfloo,asiripat,r,09/22/2026,13:15:36,eddie@node1j17.ecdf.ed.ac.uk,1,142
58982830,0.00002,runlisfloo,asiripat,r,09/22/2026,13:15:36,eddie@node1j07.ecdf.ed.ac.uk,1,143
58982830,0.00002,runlisfloo,asiripat,r,09/22/2026,13:15:36,eddie@node1k01.ecdf.ed.ac.uk,1,144
58982830,0.00002,runlisfloo,asiripat,r,09/22/2026,13:15:36,eddie@node1j04.ecdf.ed.ac.uk,1,145
58982830,0.00002,runlisfloo,asiripat,r,09/22/2026,13:15:36,eddie@node1j07.ecdf.ed.ac.uk,1,146
58982830,0.00002,runlisfloo,asiripat,r,09/22/2026,13:15:36,eddie@node1k01.ecdf.ed.ac.uk,1,147
58982830,0.00002,runlisfloo,asiripat,r,09/22/2026,13:15:36,eddie@node1m11.ecdf.ed.ac.uk,1,148
58982830,0.00002,runlisfloo,asiripat,r,09/22/2026,13:15:36,eddie@node1j07.ecdf.ed.ac.uk,1,149
58982830,0.00002,runlisfloo,asiripat,r,09/22/2026,13:15:36,eddie@node1k07.ecdf.ed.ac.uk,1,150
58982830,0.00002,runlisfloo,asiripat,r,09/22/2026,13:15:36,eddie@node1l07.ecdf.ed.ac.uk,1,151
58982830,0.00002,runlisfloo,asiripat,r,09/22/2026,13:15:36,eddie@node1m07.ecdf.ed.ac.uk,1,152
58982830,0.00002,runlisfloo,asiripat,r,09/22/2026,13:15:36,eddie@node1m11.ecdf.ed.ac.uk,1,153
58982830,0.00002,runlisfloo,asiripat,r,09/22/2026,13:15:36,eddie@node1k08.ecdf.ed.ac.uk,1,154
58982830,0.00002,runlisfloo,asiripat,r,09/22/2026,13:15:36,eddie@node1k07.ecdf.ed.ac.uk,1,155
58982830,0.00002,runlisfloo,asiripat,r,09/22/2026,13:15:36,eddie@node1j03.ecdf.ed.ac.uk,1,156
58982830,0.00002,runlisfloo,asiripat,r,09/22/2026,13:15:36,eddie@node1k02.ecdf.ed.ac.uk,1,157
58982830,0.00002,runlisfloo,asiripat,r,09/22/2026,13:15:36,eddie@node1l07.ecdf.ed.ac.uk,1,158
58982830,0.00002,runlisfloo,asiripat,r,09/22/2026,13:15:36,eddie@node1m07.ecdf.ed.ac.uk,1,159
58982830,0.00002,runlisfloo,asiripat,r,09/22/2026,13:15:36,eddie@node1m06.ecdf.ed.ac.uk,1,160
58982830,0.00002,runlisfloo,asiripat,r,09/22/2026,13:15:36,eddie@node1k08.ecdf.ed.ac.uk,1,161
58982830,0.00002,runlisfloo,asiripat,r,09/22/2026,13:15:36,eddie@node1k07.ecdf.ed.ac.uk,1,162
58982830,0.00002,runlisfloo,asiripat,r,09/22/2026,13:15:36,eddie@node1j03.ecdf.ed.ac.uk,1,163
58982830,0.00002,runlisfloo,asiripat,r,09/22/2026,13:15:36,eddie@node1k02.ecdf.ed.ac.uk,1,164
58982830,0.00002,runlisfloo,asiripat,r,09/22/2026,13:15:36,eddie@node1l07.ecdf.ed.ac.uk,1,165
58982830,0.00002,runlisfloo,asiripat,r,09/22/2026,13:15:36,eddie@node1j09.ecdf.ed.ac.uk,1,166
58982830,0.00002,runlisfloo,asiripat,r,09/22/2026,13:15:36,eddie@node1k16.ecdf.ed.ac.uk,1,167
58982830,0.00002,runlisfloo,asiripat,r,09/22/2026,13:15:36,eddie@node1m06.ecdf.ed.ac.uk,1,168
58982830,0.00002,runlisfloo,asiripat,r,09/22/2026,13:15:36,eddie@node1l08.ecdf.ed.ac.uk,1,169
58982830,0.00002,runlisfloo,asiripat,r,09/22/2026,13:15:36,eddie@node1j09.ecdf.ed.ac.uk,1,170
58982830,0.00002,runlisfloo,asiripat,r,09/22/2026,13:15:36,eddie@node1k16.ecdf.ed.ac.uk,1,171
58982830,0.00002,runlisfloo,asiripat,r,09/22/2026,13:15:36,eddie@node1l08.ecdf.ed.ac.uk,1,172
58982830,0.00002,runlisfloo,asiripat,r,09/22/2026,13:15:36,eddie@node1l01.ecdf.ed.ac.uk,1,173
58982830,0.00002,runlisfloo,asiripat,r,09/22/2026,13:15:36,eddie@node1j02.ecdf.ed.ac.uk,1,174
58982830,0.00002,runlisfloo,asiripat,r,09/22/2026,13:15:36,eddie@node1j10.ecdf.ed.ac.uk,1,175
58982830,0.00002,runlisfloo,asiripat,r,09/22/2026,13:15:36,eddie@node1l01.ecdf.ed.ac.uk,1,176
58982830,0.00002,runlisfloo,asiripat,r,09/22/2026,13:15:36,eddie@node1k13.ecdf.ed.ac.uk,1,177
58982830,0.00002,runlisfloo,asiripat,r,09/22/2026,13:15:36,eddie@node1l03.ecdf.ed.ac.uk,1,178
58982830,0.00002,runlisfloo,asiripat,r,09/22/2026,13:15:36,eddie@node1j10.ecdf.ed.ac.uk,1,179
58982830,0.00002,runlisfloo,asiripat,r,09/22/2026,13:15:36,eddie@node1k05.ecdf.ed.ac.uk,1,180
58982830,0.00002,runlisfloo,asiripat,r,09/22/2026,13:15:36,eddie@node1l03.ecdf.ed.ac.uk,1,181
58982830,0.00002,runlisfloo,asiripat,r,09/22/2026,13:15:36,eddie@node1n10.ecdf.ed.ac.uk,1,182
58982830,0.00002,runlisfloo,asiripat,r,09/22/2026,13:15:36,eddie@node1l20.ecdf.ed.ac.uk,1,183
58982830,0.00002,runlisfloo,asiripat,r,09/22/2026,13:15:36,eddie@node1m01.ecdf.ed.ac.uk,1,184
58982830,0.00002,runlisfloo,asiripat,r,09/22/2026,13:15:37,eddie@node1l05.ecdf.ed.ac.uk,1,185
58982830,0.00002,runlisfloo,asiripat,r,09/22/2026,13:15:37,eddie@node1j23.ecdf.ed.ac.uk,1,186
58982830,0.00002,runlisfloo,asiripat,r,09/22/2026,13:15:37,eddie@node1m05.ecdf.ed.ac.uk,1,187
58982830,0.00002,runlisfloo,asiripat,r,09/22/2026,13:15:37,eddie@node1j23.ecdf.ed.ac.uk,1,188
58982830,0.00002,runlisfloo,asiripat,r,09/22/2026,13:15:37,eddie@node1m05.ecdf.ed.ac.uk,1,189
58982830,0.00002,runlisfloo,asiripat,r,09/22/2026,13:15:37,eddie@node1m05.ecdf.ed.ac.uk,1,190
58982830,0.00002,runlisfloo,asiripat,r,09/22/2026,13:15:37,eddie@node1j22.ecdf.ed.ac.uk,1,191
58982830,0.00002,runlisfloo,asiripat,r,09/22/2026,13:15:37,eddie@node1k04.ecdf.ed.ac.uk,1,192
58982830,0.00002,runlisfloo,asiripat,r,09/22/2026,13:15:37,eddie@node1m09.ecdf.ed.ac.uk,1,193
58982830,0.00002,runlisfloo,asiripat,r,09/22/2026,13:15:37,eddie@node1k04.ecdf.ed.ac.uk,1,194
58982830,0.00002,runlisfloo,asiripat,r,09/22/2026,13:15:37,eddie@node1m09.ecdf.ed.ac.uk,1,195
58982830,0.00002,runlisfloo,asiripat,r,09/22/2026,13:15:37,eddie@node1j05.ecdf.ed.ac.uk,1,196
58982830,0.00002,runlisfloo,asiripat,r,09/22/2026,13:15:37,eddie@node1m09.ecdf.ed.ac.uk,1,197
58982830,0.00002,runlisfloo,asiripat,r,09/22/2026,13:15:37,eddie@node1j05.ecdf.ed.ac.uk,1,198
58982830,0.00002,runlisfloo,asiripat,r,09/22/2026,13:15:37,eddie@node1j11.ecdf.ed.ac.uk,1,199
58982830,0.00002,runlisfloo,asiripat,r,09/22/2026,13:15:37,eddie@node1j11.ecdf.ed.ac.uk,1,200
58655621,0.00002,runlisfloo,awilso19,r,09/15/2026,14:16:10,eddie@node1n04.ecdf.ed.ac.uk,1,4644
58655621,0.00001,runlisfloo,awilso19,r,09/15/2026,14:22:30,eddie@node1m18.ecdf.ed.ac.uk,1,4648
58655621,0.00001,runlisfloo,awilso19,r,09/15/2026,14:23:45,eddie@node1m23.ecdf.ed.ac.uk,1,4649
58655621,0.00001,runlisfloo,awilso19,r,09/15/2026,14:24:00,eddie@node1m18.ecdf.ed.ac.uk,1,4650
58655621,0.00001,runlisfloo,awilso19,r,09/15/2026,14:11:49,eddie@node1n05.ecdf.ed.ac.uk,1,4643
58982832,0.00001,runlisfloo,asiripat,r,09/22/2026,13:16:36,eddie@node1r14.ecdf.ed.ac.uk,1,201
58982832,0.00001,runlisfloo,asiripat,r,09/22/2026,13:16:36,eddie@node1j08.ecdf.ed.ac.uk,1,202
58982832,0.00001,runlisfloo,asiripat,r,09/22/2026,13:16:36,eddie@node1k13.ecdf.ed.ac.uk,1,203
58982832,0.00001,runlisfloo,asiripat,r,09/22/2026,13:16:36,eddie@node1k13.ecdf.ed.ac.uk,1,204
58982832,0.00001,runlisfloo,asiripat,r,09/22/2026,13:16:36,eddie@node1k09.ecdf.ed.ac.uk,1,205
58982832,0.00001,runlisfloo,asiripat,r,09/22/2026,13:16:36,eddie@node1k13.ecdf.ed.ac.uk,1,206
58982832,0.00001,runlisfloo,asiripat,r,09/22/2026,13:16:36,eddie@node1j11.ecdf.ed.ac.uk,1,207
58982832,0.00001,runlisfloo,asiripat,r,09/22/2026,13:16:36,eddie@node1j11.ecdf.ed.ac.uk,1,208
58982832,0.00001,runlisfloo,asiripat,r,09/22/2026,13:16:36,eddie@node1j11.ecdf.ed.ac.uk,1,209
58982832,0.00001,runlisfloo,asiripat,r,09/22/2026,13:16:36,eddie@node1j11.ecdf.ed.ac.uk,1,210
58982832,0.00001,runlisfloo,asiripat,r,09/22/2026,13:16:36,eddie@node1j11.ecdf.ed.ac.uk,1,211
58982832,0.00001,runlisfloo,asiripat,r,09/22/2026,13:16:51,eddie@node1k09.ecdf.ed.ac.uk,1,247
58982832,0.00001,runlisfloo,asiripat,r,09/22/2026,13:16:51,eddie@node1k09.ecdf.ed.ac.uk,1,248
58982832,0.00001,runlisfloo,asiripat,r,09/22/2026,13:16:51,eddie@node1k13.ecdf.ed.ac.uk,1,249
58982832,0.00001,runlisfloo,asiripat,r,09/22/2026,13:16:51,eddie@node1k09.ecdf.ed.ac.uk,1,250
58982832,0.00001,runlisfloo,asiripat,r,09/22/2026,13:17:06,eddie@node1k16.ecdf.ed.ac.uk,1,286
58982832,0.00001,runlisfloo,asiripat,r,09/22/2026,13:17:06,eddie@node1k16.ecdf.ed.ac.uk,1,287
58982832,0.00001,runlisfloo,asiripat,r,09/22/2026,13:17:06,eddie@node1k16.ecdf.ed.ac.uk,1,288
58982832,0.00001,runlisfloo,asiripat,r,09/22/2026,13:17:06,eddie@node1k16.ecdf.ed.ac.uk,1,289
58982832,0.00001,runlisfloo,asiripat,r,09/22/2026,13:17:06,eddie@node1k09.ecdf.ed.ac.uk,1,290
58982836,0.00001,runlisfloo,asiripat,r,09/22/2026,13:18:24,eddie@node1m05.ecdf.ed.ac.uk,1,212
58982836,0.00001,runlisfloo,asiripat,r,09/22/2026,13:18:24,eddie@node1m05.ecdf.ed.ac.uk,1,213
58982841,0.00001,runlisfloo,asiripat,r,09/22/2026,13:19:24,eddie@node1m16.ecdf.ed.ac.uk,1,212
58982841,0.00001,runlisfloo,asiripat,r,09/22/2026,13:19:24,eddie@node1r18.ecdf.ed.ac.uk,1,213
58982841,0.00001,runlisfloo,asiripat,r,09/22/2026,13:19:24,eddie@node1m16.ecdf.ed.ac.uk,1,214
58982841,0.00001,runlisfloo,asiripat,r,09/22/2026,13:19:24,eddie@node1r18.ecdf.ed.ac.uk,1,215
58982841,0.00001,runlisfloo,asiripat,r,09/22/2026,13:19:24,eddie@node1m16.ecdf.ed.ac.uk,1,216
58982841,0.00001,runlisfloo,asiripat,r,09/22/2026,13:19:24,eddie@node1r18.ecdf.ed.ac.uk,1,217
58982841,0.00001,runlisfloo,asiripat,r,09/22/2026,13:19:24,eddie@node1m16.ecdf.ed.ac.uk,1,218
58982841,0.00001,runlisfloo,asiripat,r,09/22/2026,13:19:24,eddie@node1r18.ecdf.ed.ac.uk,1,219
58982841,0.00001,runlisfloo,asiripat,r,09/22/2026,13:19:24,eddie@node1s16.ecdf.ed.ac.uk,1,220
58982841,0.00001,runlisfloo,asiripat,r,09/22/2026,13:19:24,eddie@node1s16.ecdf.ed.ac.uk,1,221
58982841,0.00001,runlisfloo,asiripat,r,09/22/2026,13:19:24,eddie@node1s16.ecdf.ed.ac.uk,1,222
58982841,0.00001,runlisfloo,asiripat,r,09/22/2026,13:19:24,eddie@node1s16.ecdf.ed.ac.uk,1,223
58982841,0.00001,runlisfloo,asiripat,r,09/22/2026,13:19:24,eddie@node1s16.ecdf.ed.ac.uk,1,224
58982841,0.00001,runlisfloo,asiripat,r,09/22/2026,13:19:24,eddie@node1s16.ecdf.ed.ac.uk,1,225
58982841,0.00001,runlisfloo,asiripat,r,09/22/2026,13:19:24,eddie@node1s16.ecdf.ed.ac.uk,1,226
58982841,0.00001,runlisfloo,asiripat,r,09/22/2026,13:19:25,eddie@node1s16.ecdf.ed.ac.uk,1,227
58982841,0.00001,runlisfloo,asiripat,r,09/22/2026,13:19:25,eddie@node1k05.ecdf.ed.ac.uk,1,228
58982841,0.00001,runlisfloo,asiripat,r,09/22/2026,13:19:25,eddie@node1j22.ecdf.ed.ac.uk,1,229
58982847,0.00001,runlisfloo,asiripat,r,09/22/2026,13:21:06,eddie@node1s15.ecdf.ed.ac.uk,1,232
58982847,0.00001,runlisfloo,asiripat,r,09/22/2026,13:21:06,eddie@node1s15.ecdf.ed.ac.uk,1,233
58982847,0.00001,runlisfloo,asiripat,r,09/22/2026,13:21:06,eddie@node1s15.ecdf.ed.ac.uk,1,234
58982847,0.00001,runlisfloo,asiripat,r,09/22/2026,13:21:06,eddie@node1s15.ecdf.ed.ac.uk,1,235
58982847,0.00001,runlisfloo,asiripat,r,09/22/2026,13:21:06,eddie@node1h24.ecdf.ed.ac.uk,1,236
58982847,0.00001,runlisfloo,asiripat,r,09/22/2026,13:21:06,eddie@node1o09.ecdf.ed.ac.uk,1,237
58982847,0.00001,runlisfloo,asiripat,r,09/22/2026,13:21:06,eddie@node1h24.ecdf.ed.ac.uk,1,238
58982847,0.00001,runlisfloo,asiripat,r,09/22/2026,13:21:06,eddie@node1o09.ecdf.ed.ac.uk,1,239
58982847,0.00001,runlisfloo,asiripat,r,09/22/2026,13:21:06,eddie@node1h24.ecdf.ed.ac.uk,1,240
58982847,0.00001,runlisfloo,asiripat,r,09/22/2026,13:21:06,eddie@node1o09.ecdf.ed.ac.uk,1,241
58982847,0.00001,runlisfloo,asiripat,r,09/22/2026,13:21:06,eddie@node1h24.ecdf.ed.ac.uk,1,242
58982847,0.00001,runlisfloo,asiripat,r,09/22/2026,13:21:06,eddie@node1h08.ecdf.ed.ac.uk,1,243
58982847,0.00001,runlisfloo,asiripat,r,09/22/2026,13:21:06,eddie@node1o09.ecdf.ed.ac.uk,1,244
58982847,0.00001,runlisfloo,asiripat,r,09/22/2026,13:21:06,eddie@node1h08.ecdf.ed.ac.uk,1,245
58982847,0.00001,runlisfloo,asiripat,r,09/22/2026,13:21:06,eddie@node1h08.ecdf.ed.ac.uk,1,246
58982843,0.00001,runlisfloo,asiripat,r,09/22/2026,13:20:21,eddie@node1k03.ecdf.ed.ac.uk,1,230
58982843,0.00001,runlisfloo,asiripat,r,09/22/2026,13:20:21,eddie@node1j11.ecdf.ed.ac.uk,1,231
