job-ID,prior,name,user,state,submit/start,at,queue,jclass,slots,ja-task-ID
------------------------------------------------------------------------------------------------------------------------------------------------
57562825,0.04473,step7_gate,s2116644,r,08/26/2026,07:37:41,eddie@node1o03.ecdf.ed.ac.uk,8,2164
57562825,0.04470,step7_gate,s2116644,r,08/26/2026,07:50:11,eddie@node1i15.ecdf.ed.ac.uk,8,2165
57562825,0.04467,step7_gate,s2116644,r,08/26/2026,07:05:36,eddie@node1o05.ecdf.ed.ac.uk,8,2163
57562825,0.04459,step7_gate,s2116644,r,08/26/2026,06:29:40,eddie@node1i03.ecdf.ed.ac.uk,8,2160
57562825,0.04458,step7_gate,s2116644,r,08/26/2026,06:56:24,eddie@node1l25.ecdf.ed.ac.uk,8,2161
57562825,0.04458,step7_gate,s2116644,r,08/26/2026,06:59:21,eddie@node1r15.ecdf.ed.ac.uk,8,2162
57562825,0.04456,step7_gate,s2116644,r,08/26/2026,05:58:52,eddie@node1h08.ecdf.ed.ac.uk,8,2159
57562825,0.04453,step7_gate,s2116644,r,08/26/2026,05:31:36,eddie@node1h21.ecdf.ed.ac.uk,8,2157
57562825,0.04451,step7_gate,s2116644,r,08/26/2026,05:23:27,eddie@node1f16.ecdf.ed.ac.uk,8,2156
57562825,0.04439,step7_gate,s2116644,r,08/26/2026,04:13:50,eddie@node1i16.ecdf.ed.ac.uk,8,2154
57562825,0.04421,step7_gate,s2116644,r,08/26/2026,02:32:52,eddie@node1f12.ecdf.ed.ac.uk,8,2149
57562825,0.04415,step7_gate,s2116644,r,08/26/2026,02:12:21,eddie@node1l28.ecdf.ed.ac.uk,8,2147
57562825,0.04397,step7_gate,s2116644,r,08/25/2026,23:58:30,eddie@node1f08.ecdf.ed.ac.uk,8,2145
57562825,0.04380,step7_gate,s2116644,r,08/25/2026,22:21:00,eddie@node1i07.ecdf.ed.ac.uk,8,2138
57562825,0.04338,step7_gate,s2116644,r,08/25/2026,17:25:39,eddie@node1o14.ecdf.ed.ac.uk,8,2123
57873594,0.04209,piece9,mzeng,r,08/26/2026,11:31:20,eddie@node1o07.ecdf.ed.ac.uk,1,6
57582774,0.04198,lw_b11_24h,pminervi,r,08/26/2026,12:27:14,eddie@node1f06.ecdf.ed.ac.uk,1,4865
57582774,0.04195,lw_b11_24h,pminervi,r,08/26/2026,12:09:59,eddie@node1r16.ecdf.ed.ac.uk,1,4864
57582774,0.04195,lw_b11_24h,pminervi,r,08/26/2026,12:08:20,eddie@node1l24.ecdf.ed.ac.uk,1,4863
57582774,0.04195,lw_b11_24h,pminervi,r,08/26/2026,12:06:08,eddie@node1f10.ecdf.ed.ac.uk,1,4862
57582774,0.04195,lw_b11_24h,pminervi,r,08/26/2026,12:05:39,eddie@node1h15.ecdf.ed.ac.uk,1,4861
57582774,0.04194,lw_b11_24h,pminervi,r,08/26/2026,11:59:02,eddie@node1f12.ecdf.ed.ac.uk,1,4859
57582774,0.04194,lw_b11_24h,pminervi,r,08/26/2026,11:59:16,eddie@node1f16.ecdf.ed.ac.uk,1,4860
57582774,0.04193,lw_b11_24h,pminervi,r,08/26/2026,11:56:57,eddie@node1r14.ecdf.ed.ac.uk,1,4858
57582774,0.04191,lw_b11_24h,pminervi,r,08/26/2026,11:39:45,eddie@node1l24.ecdf.ed.ac.uk,1,4857
57582774,0.04188,lw_b11_24h,pminervi,r,08/26/2026,11:22:23,eddie@node1r14.ecdf.ed.ac.uk,1,4856
57582774,0.04187,lw_b11_24h,pminervi,r,08/26/2026,11:18:20,eddie@node1r15.ecdf.ed.ac.uk,1,4855
57582774,0.04187,lw_b11_24h,pminervi,r,08/26/2026,11:17:17,eddie@node1i07.ecdf.ed.ac.uk,1,4854
57582774,0.04186,lw_b11_24h,pminervi,r,08/26/2026,11:10:19,eddie@node1f16.ecdf.ed.ac.uk,1,4852
57582774,0.04186,lw_b11_24h,pminervi,r,08/26/2026,11:11:09,eddie@node1l25.ecdf.ed.ac.uk,1,4853
57582774,0.04185,lw_b11_24h,pminervi,r,08/26/2026,11:02:19,eddie@node1o04.ecdf.ed.ac.uk,1,4851
57582774,0.04185,lw_b11_24h,pminervi,r,08/26/2026,11:01:46,eddie@node1f08.ecdf.ed.ac.uk,1,4850
57582774,0.04184,lw_b11_24h,pminervi,r,08/26/2026,10:55:31,eddie@node1o03.ecdf.ed.ac.uk,1,4849
57582774,0.04183,lw_b11_24h,pminervi,r,08/26/2026,10:53:08,eddie@node1o03.ecdf.ed.ac.uk,1,4848
57582774,0.04182,lw_b11_24h,pminervi,r,08/26/2026,10:44:59,eddie@node1l25.ecdf.ed.ac.uk,1,4847
57582774,0.04181,lw_b11_24h,pminervi,r,08/26/2026,10:37:40,eddie@node1l27.ecdf.ed.ac.uk,1,4846
57582774,0.04180,lw_b11_24h,pminervi,r,08/26/2026,10:29:04,eddie@node1r14.ecdf.ed.ac.uk,1,4845
57582774,0.04178,lw_b11_24h,pminervi,r,08/26/2026,10:16:35,eddie@node1o06.ecdf.ed.ac.uk,1,4844
57582774,0.04177,lw_b11_24h,pminervi,r,08/26/2026,10:15:15,eddie@node1o03.ecdf.ed.ac.uk,1,4843
57582774,0.04177,lw_b11_24h,pminervi,r,08/26/2026,10:11:04,eddie@node1f13.ecdf.ed.ac.uk,1,4842
57582774,0.04176,lw_b11_24h,pminervi,r,08/26/2026,10:09:31,eddie@node1f10.ecdf.ed.ac.uk,1,4841
57582774,0.04173,lw_b11_24h,pminervi,r,08/26/2026,09:59:04,eddie@node1r16.ecdf.ed.ac.uk,1,4840
57582774,0.04173,lw_b11_24h,pminervi,r,08/26/2026,09:56:02,eddie@node1f11.ecdf.ed.ac.uk,1,4838
57582774,0.04173,lw_b11_24h,pminervi,r,08/26/2026,09:56:02,eddie@node1r16.ecdf.ed.ac.uk,1,4839
57582774,0.04173,lw_b11_24h,pminervi,r,08/26/2026,09:50:24,eddie@node1o03.ecdf.ed.ac.uk,1,4837
57582774,0.04172,lw_b11_24h,pminervi,r,08/26/2026,09:42:59,eddie@node1f06.ecdf.ed.ac.uk,1,4836
57582774,0.04171,lw_b11_24h,pminervi,r,08/26/2026,09:39:42,eddie@node1i02.ecdf.ed.ac.uk,1,4835
57582774,0.04170,lw_b11_24h,pminervi,r,08/26/2026,09:33:14,eddie@node1l24.ecdf.ed.ac.uk,1,4834
57582774,0.04168,lw_b11_24h,pminervi,r,08/26/2026,09:27:08,eddie@node1f13.ecdf.ed.ac.uk,1,4832
57582774,0.04168,lw_b11_24h,pminervi,r,08/26/2026,09:24:02,eddie@node1o06.ecdf.ed.ac.uk,1,4830
57582774,0.04168,lw_b11_24h,pminervi,r,08/26/2026,09:24:33,eddie@node1o06.ecdf.ed.ac.uk,1,4831
57582774,0.04168,lw_b11_24h,pminervi,r,08/26/2026,09:29:03,eddie@node1f13.ecdf.ed.ac.uk,1,4833
57582774,0.04168,lw_b11_24h,pminervi,r,08/26/2026,09:17:41,eddie@node1l27.ecdf.ed.ac.uk,1,4829
57582774,0.04168,lw_b11_24h,pminervi,r,08/26/2026,09:15:50,eddie@node1r14.ecdf.ed.ac.uk,1,4828
57582774,0.04167,lw_b11_24h,pminervi,r,08/26/2026,09:13:26,eddie@node1r14.ecdf.ed.ac.uk,1,4827
57582774,0.04166,lw_b11_24h,pminervi,r,08/26/2026,09:10:40,eddie@node1i14.ecdf.ed.ac.uk,1,4826
57582774,0.04166,lw_b11_24h,pminervi,r,08/26/2026,09:06:45,eddie@node1l25.ecdf.ed.ac.uk,1,4825
57582774,0.04165,lw_b11_24h,pminervi,r,08/26/2026,09:06:02,eddie@node1l23.ecdf.ed.ac.uk,1,4824
57582774,0.04163,lw_b11_24h,pminervi,r,08/26/2026,08:49:11,eddie@node1o06.ecdf.ed.ac.uk,1,4823
57582774,0.04162,lw_b11_24h,pminervi,r,08/26/2026,08:45:08,eddie@node1o04.ecdf.ed.ac.uk,1,4822
57582774,0.04162,lw_b11_24h,pminervi,r,08/26/2026,08:38:40,eddie@node1l23.ecdf.ed.ac.uk,1,4821
57582774,0.04160,lw_b11_24h,pminervi,r,08/26/2026,08:28:41,eddie@node1l22.ecdf.ed.ac.uk,1,4820
57582774,0.04159,lw_b11_24h,pminervi,r,08/26/2026,08:26:35,eddie@node1f16.ecdf.ed.ac.uk,1,4819
57582774,0.04157,lw_b11_24h,pminervi,r,08/26/2026,08:14:41,eddie@node1r15.ecdf.ed.ac.uk,1,4817
57582774,0.04157,lw_b11_24h,pminervi,r,08/26/2026,08:10:37,eddie@node1l27.ecdf.ed.ac.uk,1,4816
57582774,0.04157,lw_b11_24h,pminervi,r,08/26/2026,08:14:48,eddie@node1r16.ecdf.ed.ac.uk,1,4818
57582774,0.04157,lw_b11_24h,pminervi,r,08/26/2026,08:05:47,eddie@node1r16.ecdf.ed.ac.uk,1,4815
57582774,0.04156,lw_b11_24h,pminervi,r,08/26/2026,08:03:00,eddie@node1l27.ecdf.ed.ac.uk,1,4813
57582774,0.04156,lw_b11_24h,pminervi,r,08/26/2026,08:03:25,eddie@node1r15.ecdf.ed.ac.uk,1,4814
57582774,0.04155,lw_b11_24h,pminervi,r,08/26/2026,07:56:23,eddie@node1o04.ecdf.ed.ac.uk,1,4809
57582774,0.04149,lw_b11_24h,pminervi,r,08/26/2026,08:02:29,eddie@node1r15.ecdf.ed.ac.uk,1,4812
57582774,0.04149,lw_b11_24h,pminervi,r,08/26/2026,08:00:56,eddie@node1o04.ecdf.ed.ac.uk,1,4810
57582774,0.04149,lw_b11_24h,pminervi,r,08/26/2026,08:01:47,eddie@node1l25.ecdf.ed.ac.uk,1,4811
57582774,0.04149,lw_b11_24h,pminervi,r,08/26/2026,07:42:31,eddie@node1l22.ecdf.ed.ac.uk,1,4803
57582774,0.04149,lw_b11_24h,pminervi,r,08/26/2026,07:24:51,eddie@node1r16.ecdf.ed.ac.uk,1,4797
57582774,0.04149,lw_b11_24h,pminervi,r,08/26/2026,07:28:11,eddie@node1f16.ecdf.ed.ac.uk,1,4798
57582774,0.04149,lw_b11_24h,pminervi,r,08/26/2026,07:29:56,eddie@node1r16.ecdf.ed.ac.uk,1,4799
57582774,0.04149,lw_b11_24h,pminervi,r,08/26/2026,07:36:34,eddie@node1l25.ecdf.ed.ac.uk,1,4800
57582774,0.04149,lw_b11_24h,pminervi,r,08/26/2026,07:39:51,eddie@node1l23.ecdf.ed.ac.uk,1,4801
57582774,0.04149,lw_b11_24h,pminervi,r,08/26/2026,07:49:40,eddie@node1l27.ecdf.ed.ac.uk,1,4804
57582774,0.04149,lw_b11_24h,pminervi,r,08/26/2026,07:54:41,eddie@node1l27.ecdf.ed.ac.uk,1,4806
57582774,0.04149,lw_b11_24h,pminervi,r,08/26/2026,07:55:49,eddie@node1l22.ecdf.ed.ac.uk,1,4808
57582774,0.04149,lw_b11_24h,pminervi,r,08/26/2026,07:42:04,eddie@node1l25.ecdf.ed.ac.uk,1,4802
57582774,0.04149,lw_b11_24h,pminervi,r,08/26/2026,07:51:49,eddie@node1o04.ecdf.ed.ac.uk,1,4805
57582774,0.04149,lw_b11_24h,pminervi,r,08/26/2026,07:55:17,eddie@node1l27.ecdf.ed.ac.uk,1,4807
57582774,0.04149,lw_b11_24h,pminervi,r,08/26/2026,07:18:46,eddie@node1r16.ecdf.ed.ac.uk,1,4796
57582774,0.04147,lw_b11_24h,pminervi,r,08/26/2026,07:11:45,eddie@node1l22.ecdf.ed.ac.uk,1,4794
57582774,0.04147,lw_b11_24h,pminervi,r,08/26/2026,07:16:12,eddie@node1r16.ecdf.ed.ac.uk,1,4795
57582774,0.04147,lw_b11_24h,pminervi,r,08/26/2026,07:09:02,eddie@node1l21.ecdf.ed.ac.uk,1,4792
57582774,0.04147,lw_b11_24h,pminervi,r,08/26/2026,07:09:32,eddie@node1o04.ecdf.ed.ac.uk,1,4793
57582774,0.04147,lw_b11_24h,pminervi,r,08/26/2026,07:05:53,eddie@node1l25.ecdf.ed.ac.uk,1,4791
57582774,0.04139,lw_b11_24h,pminervi,r,08/26/2026,06:24:02,eddie@node1r14.ecdf.ed.ac.uk,1,4777
57582774,0.04139,lw_b11_24h,pminervi,r,08/26/2026,06:33:56,eddie@node1l22.ecdf.ed.ac.uk,1,4780
57582774,0.04139,lw_b11_24h,pminervi,r,08/26/2026,06:17:53,eddie@node1l28.ecdf.ed.ac.uk,1,4775
57582774,0.04139,lw_b11_24h,pminervi,r,08/26/2026,06:14:20,eddie@node1l28.ecdf.ed.ac.uk,1,4774
57582774,0.04139,lw_b11_24h,pminervi,r,08/26/2026,06:19:29,eddie@node1o06.ecdf.ed.ac.uk,1,4776
57582774,0.04139,lw_b11_24h,pminervi,r,08/26/2026,06:28:34,eddie@node1j25.ecdf.ed.ac.uk,1,4778
57582774,0.04139,lw_b11_24h,pminervi,r,08/26/2026,06:29:09,eddie@node1j25.ecdf.ed.ac.uk,1,4779
57582774,0.04138,lw_b11_24h,pminervi,r,08/26/2026,06:37:40,eddie@node1o03.ecdf.ed.ac.uk,1,4782
57582774,0.04138,lw_b11_24h,pminervi,r,08/26/2026,06:42:54,eddie@node1l28.ecdf.ed.ac.uk,1,4785
57582774,0.04138,lw_b11_24h,pminervi,r,08/26/2026,06:54:59,eddie@node1l23.ecdf.ed.ac.uk,1,4786
57582774,0.04138,lw_b11_24h,pminervi,r,08/26/2026,06:55:29,eddie@node1l23.ecdf.ed.ac.uk,1,4787
57582774,0.04138,lw_b11_24h,pminervi,r,08/26/2026,06:55:43,eddie@node1l23.ecdf.ed.ac.uk,1,4788
57582774,0.04138,lw_b11_24h,pminervi,r,08/26/2026,07:00:33,eddie@node1l23.ecdf.ed.ac.uk,1,4789
57582774,0.04138,lw_b11_24h,pminervi,r,08/26/2026,06:35:54,eddie@node1l24.ecdf.ed.ac.uk,1,4781
57582774,0.04138,lw_b11_24h,pminervi,r,08/26/2026,06:39:10,eddie@node1l22.ecdf.ed.ac.uk,1,4783
57582774,0.04138,lw_b11_24h,pminervi,r,08/26/2026,06:39:50,eddie@node1r06.ecdf.ed.ac.uk,1,4784
57582774,0.04138,lw_b11_24h,pminervi,r,08/26/2026,07:02:02,eddie@node1l22.ecdf.ed.ac.uk,1,4790
57582774,0.04138,lw_b11_24h,pminervi,r,08/26/2026,06:09:30,eddie@node1o05.ecdf.ed.ac.uk,1,4773
57582774,0.04136,lw_b11_24h,pminervi,r,08/26/2026,06:06:11,eddie@node1l21.ecdf.ed.ac.uk,1,4770
57582774,0.04136,lw_b11_24h,pminervi,r,08/26/2026,05:56:23,eddie@node1l24.ecdf.ed.ac.uk,1,4766
57582774,0.04136,lw_b11_24h,pminervi,r,08/26/2026,06:06:08,eddie@node1l23.ecdf.ed.ac.uk,1,4769
57582774,0.04136,lw_b11_24h,pminervi,r,08/26/2026,06:06:31,eddie@node1l28.ecdf.ed.ac.uk,1,4771
57582774,0.04136,lw_b11_24h,pminervi,r,08/26/2026,05:58:13,eddie@node1l26.ecdf.ed.ac.uk,1,4767
57582774,0.04136,lw_b11_24h,pminervi,r,08/26/2026,06:01:16,eddie@node1o03.ecdf.ed.ac.uk,1,4768
57582774,0.04136,lw_b11_24h,pminervi,r,08/26/2026,06:06:45,eddie@node1o06.ecdf.ed.ac.uk,1,4772
57582774,0.04136,lw_b11_24h,pminervi,r,08/26/2026,05:54:46,eddie@node1l22.ecdf.ed.ac.uk,1,4765
57582774,0.04133,lw_b11_24h,pminervi,r,08/26/2026,05:48:29,eddie@node1r15.ecdf.ed.ac.uk,1,4762
57582774,0.04133,lw_b11_24h,pminervi,r,08/26/2026,05:42:19,eddie@node1l21.ecdf.ed.ac.uk,1,4760
57582774,0.04133,lw_b11_24h,pminervi,r,08/26/2026,05:44:50,eddie@node1o04.ecdf.ed.ac.uk,1,4761
57582774,0.04133,lw_b11_24h,pminervi,r,08/26/2026,05:50:51,eddie@node1l26.ecdf.ed.ac.uk,1,4764
57582774,0.04133,lw_b11_24h,pminervi,r,08/26/2026,05:49:35,eddie@node1f10.ecdf.ed.ac.uk,1,4763
57582774,0.04133,lw_b11_24h,pminervi,r,08/26/2026,05:39:44,eddie@node1l26.ecdf.ed.ac.uk,1,4758
57582774,0.04133,lw_b11_24h,pminervi,r,08/26/2026,05:40:14,eddie@node1l24.ecdf.ed.ac.uk,1,4759
57582774,0.04133,lw_b11_24h,pminervi,r,08/26/2026,05:38:16,eddie@node1l26.ecdf.ed.ac.uk,1,4756
57582774,0.04133,lw_b11_24h,pminervi,r,08/26/2026,05:39:39,eddie@node1o03.ecdf.ed.ac.uk,1,4757
57582774,0.04132,lw_b11_24h,pminervi,r,08/26/2026,05:32:50,eddie@node1l22.ecdf.ed.ac.uk,1,4753
57582774,0.04132,lw_b11_24h,pminervi,r,08/26/2026,05:37:13,eddie@node1l28.ecdf.ed.ac.uk,1,4754
57582774,0.04132,lw_b11_24h,pminervi,r,08/26/2026,05:37:27,eddie@node1l21.ecdf.ed.ac.uk,1,4755
57582774,0.04131,lw_b11_24h,pminervi,r,08/26/2026,05:29:11,eddie@node1r15.ecdf.ed.ac.uk,1,4751
57582774,0.04131,lw_b11_24h,pminervi,r,08/26/2026,05:28:42,eddie@node1l22.ecdf.ed.ac.uk,1,4750
57582774,0.04131,lw_b11_24h,pminervi,r,08/26/2026,05:30:40,eddie@node1l22.ecdf.ed.ac.uk,1,4752
57582774,0.04131,lw_b11_24h,pminervi,r,08/26/2026,05:24:40,eddie@node1l23.ecdf.ed.ac.uk,1,4749
57582774,0.04129,lw_b11_24h,pminervi,r,08/26/2026,05:17:04,eddie@node1l23.ecdf.ed.ac.uk,1,4744
57582774,0.04129,lw_b11_24h,pminervi,r,08/26/2026,05:20:29,eddie@node1l26.ecdf.ed.ac.uk,1,4746
57582774,0.04129,lw_b11_24h,pminervi,r,08/26/2026,05:21:16,eddie@node1l26.ecdf.ed.ac.uk,1,4747
57582774,0.04129,lw_b11_24h,pminervi,r,08/26/2026,05:21:28,eddie@node1o06.ecdf.ed.ac.uk,1,4748
57582774,0.04129,lw_b11_24h,pminervi,r,08/26/2026,05:16:44,eddie@node1r14.ecdf.ed.ac.uk,1,4743
57582774,0.04129,lw_b11_24h,pminervi,r,08/26/2026,05:18:21,eddie@node1l21.ecdf.ed.ac.uk,1,4745
57582774,0.04129,lw_b11_24h,pminervi,r,08/26/2026,05:12:53,eddie@node1o06.ecdf.ed.ac.uk,1,4741
57582774,0.04129,lw_b11_24h,pminervi,r,08/26/2026,05:15:35,eddie@node1l21.ecdf.ed.ac.uk,1,4742
57582774,0.04128,lw_b11_24h,pminervi,r,08/26/2026,05:07:09,eddie@node1l24.ecdf.ed.ac.uk,1,4735
57582774,0.04128,lw_b11_24h,pminervi,r,08/26/2026,05:10:20,eddie@node1o05.ecdf.ed.ac.uk,1,4737
57582774,0.04128,lw_b11_24h,pminervi,r,08/26/2026,05:04:21,eddie@node1o04.ecdf.ed.ac.uk,1,4733
57582774,0.04128,lw_b11_24h,pminervi,r,08/26/2026,05:04:49,eddie@node1l23.ecdf.ed.ac.uk,1,4734
57582774,0.04128,lw_b11_24h,pminervi,r,08/26/2026,05:11:34,eddie@node1l21.ecdf.ed.ac.uk,1,4738
57582774,0.04128,lw_b11_24h,pminervi,r,08/26/2026,05:11:57,eddie@node1o03.ecdf.ed.ac.uk,1,4739
57582774,0.04128,lw_b11_24h,pminervi,r,08/26/2026,05:12:01,eddie@node1r16.ecdf.ed.ac.uk,1,4740
57582774,0.04128,lw_b11_24h,pminervi,r,08/26/2026,05:08:40,eddie@node1l21.ecdf.ed.ac.uk,1,4736
57582774,0.04126,lw_b11_24h,pminervi,r,08/26/2026,04:53:58,eddie@node1l24.ecdf.ed.ac.uk,1,4728
57582774,0.04126,lw_b11_24h,pminervi,r,08/26/2026,04:54:37,eddie@node1l24.ecdf.ed.ac.uk,1,4729
57582774,0.04126,lw_b11_24h,pminervi,r,08/26/2026,04:55:09,eddie@node1l28.ecdf.ed.ac.uk,1,4730
57582774,0.04126,lw_b11_24h,pminervi,r,08/26/2026,04:57:54,eddie@node1r15.ecdf.ed.ac.uk,1,4731
57582774,0.04126,lw_b11_24h,pminervi,r,08/26/2026,04:58:43,eddie@node1r15.ecdf.ed.ac.uk,1,4732
57582774,0.04125,lw_b11_24h,pminervi,r,08/26/2026,04:49:26,eddie@node1o03.ecdf.ed.ac.uk,1,4726
57582774,0.04125,lw_b11_24h,pminervi,r,08/26/2026,04:50:47,eddie@node1l24.ecdf.ed.ac.uk,1,4727
57582774,0.04124,lw_b11_24h,pminervi,r,08/26/2026,04:48:01,eddie@node1l24.ecdf.ed.ac.uk,1,4724
57582774,0.04124,lw_b11_24h,pminervi,r,08/26/2026,04:48:16,eddie@node1l25.ecdf.ed.ac.uk,1,4725
57582774,0.04124,lw_b11_24h,pminervi,r,08/26/2026,04:42:51,eddie@node1o03.ecdf.ed.ac.uk,1,4721
57582774,0.04124,lw_b11_24h,pminervi,r,08/26/2026,04:43:00,eddie@node1o04.ecdf.ed.ac.uk,1,4722
57582774,0.04124,lw_b11_24h,pminervi,r,08/26/2026,04:43:10,eddie@node1l28.ecdf.ed.ac.uk,1,4723
57582774,0.04123,lw_b11_24h,pminervi,r,08/26/2026,04:35:14,eddie@node1r14.ecdf.ed.ac.uk,1,4717
57582774,0.04123,lw_b11_24h,pminervi,r,08/26/2026,04:41:15,eddie@node1f16.ecdf.ed.ac.uk,1,4720
57582774,0.04123,lw_b11_24h,pminervi,r,08/26/2026,04:33:44,eddie@node1l27.ecdf.ed.ac.uk,1,4716
57582774,0.04123,lw_b11_24h,pminervi,r,08/26/2026,04:40:30,eddie@node1l24.ecdf.ed.ac.uk,1,4719
57582774,0.04123,lw_b11_24h,pminervi,r,08/26/2026,04:39:04,eddie@node1l27.ecdf.ed.ac.uk,1,4718
57582774,0.04122,lw_b11_24h,pminervi,r,08/26/2026,04:32:26,eddie@node1l27.ecdf.ed.ac.uk,1,4715
57582774,0.04122,lw_b11_24h,pminervi,r,08/26/2026,04:30:44,eddie@node1l22.ecdf.ed.ac.uk,1,4714
57582774,0.04121,lw_b11_24h,pminervi,r,08/26/2026,04:19:23,eddie@node1r15.ecdf.ed.ac.uk,1,4710
57582774,0.04121,lw_b11_24h,pminervi,r,08/26/2026,04:22:54,eddie@node1o03.ecdf.ed.ac.uk,1,4712
57582774,0.04121,lw_b11_24h,pminervi,r,08/26/2026,04:25:56,eddie@node1o03.ecdf.ed.ac.uk,1,4713
57582774,0.04121,lw_b11_24h,pminervi,r,08/26/2026,04:21:23,eddie@node1r14.ecdf.ed.ac.uk,1,4711
57582774,0.04119,lw_b11_24h,pminervi,r,08/26/2026,04:09:17,eddie@node1o04.ecdf.ed.ac.uk,1,4702
57582774,0.04119,lw_b11_24h,pminervi,r,08/26/2026,04:09:17,eddie@node1l23.ecdf.ed.ac.uk,1,4703
57582774,0.04119,lw_b11_24h,pminervi,r,08/26/2026,04:13:29,eddie@node1r16.ecdf.ed.ac.uk,1,4706
57582774,0.04119,lw_b11_24h,pminervi,r,08/26/2026,04:11:44,eddie@node1f16.ecdf.ed.ac.uk,1,4704
57582774,0.04119,lw_b11_24h,pminervi,r,08/26/2026,04:12:58,eddie@node1l25.ecdf.ed.ac.uk,1,4705
57582774,0.04119,lw_b11_24h,pminervi,r,08/26/2026,04:14:03,eddie@node1l24.ecdf.ed.ac.uk,1,4707
57582774,0.04119,lw_b11_24h,pminervi,r,08/26/2026,04:14:07,eddie@node1r16.ecdf.ed.ac.uk,1,4708
57582774,0.04119,lw_b11_24h,pminervi,r,08/26/2026,04:14:56,eddie@node1r16.ecdf.ed.ac.uk,1,4709
57582774,0.04119,lw_b11_24h,pminervi,r,08/26/2026,04:07:20,eddie@node1f08.ecdf.ed.ac.uk,1,4701
57582774,0.04118,lw_b11_24h,pminervi,r,08/26/2026,04:05:01,eddie@node1i06.ecdf.ed.ac.uk,1,4700
57582774,0.04117,lw_b11_24h,pminervi,r,08/26/2026,03:54:08,eddie@node1r16.ecdf.ed.ac.uk,1,4697
57582774,0.04117,lw_b11_24h,pminervi,r,08/26/2026,03:55:33,eddie@node1l23.ecdf.ed.ac.uk,1,4699
57582774,0.04117,lw_b11_24h,pminervi,r,08/26/2026,03:54:38,eddie@node1r15.ecdf.ed.ac.uk,1,4698
57582774,0.04116,lw_b11_24h,pminervi,r,08/26/2026,03:49:19,eddie@node1i15.ecdf.ed.ac.uk,1,4696
57582774,0.04114,lw_b11_24h,pminervi,r,08/26/2026,03:38:56,eddie@node1o06.ecdf.ed.ac.uk,1,4694
57582774,0.04114,lw_b11_24h,pminervi,r,08/26/2026,03:42:27,eddie@node1o06.ecdf.ed.ac.uk,1,4695
57582774,0.04113,lw_b11_24h,pminervi,r,08/26/2026,03:33:20,eddie@node1o05.ecdf.ed.ac.uk,1,4693
57582774,0.04113,lw_b11_24h,pminervi,r,08/26/2026,03:29:59,eddie@node1o06.ecdf.ed.ac.uk,1,4692
57582774,0.04112,lw_b11_24h,pminervi,r,08/26/2026,03:26:33,eddie@node1i06.ecdf.ed.ac.uk,1,4691
57582774,0.04111,lw_b11_24h,pminervi,r,08/26/2026,03:16:55,eddie@node1l25.ecdf.ed.ac.uk,1,4689
57582774,0.04111,lw_b11_24h,pminervi,r,08/26/2026,03:20:35,eddie@node1l28.ecdf.ed.ac.uk,1,4690
57582774,0.04109,lw_b11_24h,pminervi,r,08/26/2026,03:11:20,eddie@node1r15.ecdf.ed.ac.uk,1,4687
57582774,0.04109,lw_b11_24h,pminervi,r,08/26/2026,03:12:30,eddie@node1h04.ecdf.ed.ac.uk,1,4688
57582774,0.04109,lw_b11_24h,pminervi,r,08/26/2026,03:04:44,eddie@node1l21.ecdf.ed.ac.uk,1,4685
57582774,0.04109,lw_b11_24h,pminervi,r,08/26/2026,03:07:07,eddie@node1i15.ecdf.ed.ac.uk,1,4686
57582774,0.04108,lw_b11_24h,pminervi,r,08/26/2026,03:03:43,eddie@node1l21.ecdf.ed.ac.uk,1,4684
57582774,0.04108,lw_b11_24h,pminervi,r,08/26/2026,03:00:56,eddie@node1f16.ecdf.ed.ac.uk,1,4682
57582774,0.04108,lw_b11_24h,pminervi,r,08/26/2026,03:03:23,eddie@node1f13.ecdf.ed.ac.uk,1,4683
57582774,0.04107,lw_b11_24h,pminervi,r,08/26/2026,02:49:54,eddie@node1o03.ecdf.ed.ac.uk,1,4677
57582774,0.04106,lw_b11_24h,pminervi,r,08/26/2026,02:54:11,eddie@node1r15.ecdf.ed.ac.uk,1,4680
57582774,0.04106,lw_b11_24h,pminervi,r,08/26/2026,02:57:26,eddie@node1r14.ecdf.ed.ac.uk,1,4681
57582774,0.04106,lw_b11_24h,pminervi,r,08/26/2026,02:50:42,eddie@node1r14.ecdf.ed.ac.uk,1,4678
57582774,0.04106,lw_b11_24h,pminervi,r,08/26/2026,02:52:48,eddie@node1l24.ecdf.ed.ac.uk,1,4679
57582774,0.04106,lw_b11_24h,pminervi,r,08/26/2026,02:44:59,eddie@node1r15.ecdf.ed.ac.uk,1,4676
57582774,0.04105,lw_b11_24h,pminervi,r,08/26/2026,02:43:35,eddie@node1l22.ecdf.ed.ac.uk,1,4675
57582774,0.04105,lw_b11_24h,pminervi,r,08/26/2026,02:38:31,eddie@node1f11.ecdf.ed.ac.uk,1,4671
57582774,0.04105,lw_b11_24h,pminervi,r,08/26/2026,02:39:58,eddie@node1i15.ecdf.ed.ac.uk,1,4672
57582774,0.04105,lw_b11_24h,pminervi,r,08/26/2026,02:40:07,eddie@node1i16.ecdf.ed.ac.uk,1,4673
57582774,0.04105,lw_b11_24h,pminervi,r,08/26/2026,02:40:19,eddie@node1i16.ecdf.ed.ac.uk,1,4674
57582774,0.04104,lw_b11_24h,pminervi,r,08/26/2026,02:37:10,eddie@node1f08.ecdf.ed.ac.uk,1,4669
57582774,0.04104,lw_b11_24h,pminervi,r,08/26/2026,02:37:53,eddie@node1i06.ecdf.ed.ac.uk,1,4670
57582774,0.04104,lw_b11_24h,pminervi,r,08/26/2026,02:35:38,eddie@node1l27.ecdf.ed.ac.uk,1,4668
57582774,0.04102,lw_b11_24h,pminervi,r,08/26/2026,02:31:43,eddie@node1l22.ecdf.ed.ac.uk,1,4666
57582774,0.04102,lw_b11_24h,pminervi,r,08/26/2026,02:32:17,eddie@node1i14.ecdf.ed.ac.uk,1,4667
57582774,0.04102,lw_b11_24h,pminervi,r,08/26/2026,02:23:48,eddie@node1h12.ecdf.ed.ac.uk,1,4662
57582774,0.04102,lw_b11_24h,pminervi,r,08/26/2026,02:25:59,eddie@node1h15.ecdf.ed.ac.uk,1,4664
57582774,0.04102,lw_b11_24h,pminervi,r,08/26/2026,02:25:04,eddie@node1l26.ecdf.ed.ac.uk,1,4663
57582774,0.04102,lw_b11_24h,pminervi,r,08/26/2026,02:28:41,eddie@node1f11.ecdf.ed.ac.uk,1,4665
57582774,0.04102,lw_b11_24h,pminervi,r,08/26/2026,02:21:29,eddie@node1r15.ecdf.ed.ac.uk,1,4661
57582774,0.04101,lw_b11_24h,pminervi,r,08/26/2026,02:19:43,eddie@node1i16.ecdf.ed.ac.uk,1,4659
57582774,0.04101,lw_b11_24h,pminervi,r,08/26/2026,02:19:47,eddie@node1l25.ecdf.ed.ac.uk,1,4660
57582774,0.04098,lw_b11_24h,pminervi,r,08/26/2026,01:52:55,eddie@node1l24.ecdf.ed.ac.uk,1,4652
57582774,0.04097,lw_b11_24h,pminervi,r,08/26/2026,02:10:17,eddie@node1s17.ecdf.ed.ac.uk,1,4656
57582774,0.04097,lw_b11_24h,pminervi,r,08/26/2026,02:10:08,eddie@node1o03.ecdf.ed.ac.uk,1,4655
57582774,0.04097,lw_b11_24h,pminervi,r,08/26/2026,02:10:56,eddie@node1r12.ecdf.ed.ac.uk,1,4657
57582774,0.04097,lw_b11_24h,pminervi,r,08/26/2026,02:12:16,eddie@node1j26.ecdf.ed.ac.uk,1,4658
57582774,0.04097,lw_b11_24h,pminervi,r,08/26/2026,01:49:26,eddie@node1o05.ecdf.ed.ac.uk,1,4649
57582774,0.04097,lw_b11_24h,pminervi,r,08/26/2026,01:51:15,eddie@node1j27.ecdf.ed.ac.uk,1,4650
57582774,0.04097,lw_b11_24h,pminervi,r,08/26/2026,01:52:26,eddie@node1h09.ecdf.ed.ac.uk,1,4651
57582774,0.04097,lw_b11_24h,pminervi,r,08/26/2026,02:03:32,eddie@node1l28.ecdf.ed.ac.uk,1,4653
57582774,0.04097,lw_b11_24h,pminervi,r,08/26/2026,02:05:31,eddie@node1o12.ecdf.ed.ac.uk,1,4654
57582774,0.04097,lw_b11_24h,pminervi,r,08/26/2026,01:48:25,eddie@node1h05.ecdf.ed.ac.uk,1,4648
57582774,0.04097,lw_b11_24h,pminervi,r,08/26/2026,01:46:53,eddie@node1h16.ecdf.ed.ac.uk,1,4647
57582774,0.04094,lw_b11_24h,pminervi,r,08/26/2026,01:42:48,eddie@node1r16.ecdf.ed.ac.uk,1,4643
57582774,0.04094,lw_b11_24h,pminervi,r,08/26/2026,01:42:48,eddie@node1s15.ecdf.ed.ac.uk,1,4644
57582774,0.04094,lw_b11_24h,pminervi,r,08/26/2026,01:43:12,eddie@node1h08.ecdf.ed.ac.uk,1,4645
57582774,0.04094,lw_b11_24h,pminervi,r,08/26/2026,01:44:00,eddie@node1l23.ecdf.ed.ac.uk,1,4646
57582774,0.04094,lw_b11_24h,pminervi,r,08/26/2026,01:34:14,eddie@node1j26.ecdf.ed.ac.uk,1,4642
57582774,0.04094,lw_b11_24h,pminervi,r,08/26/2026,01:32:11,eddie@node1s13.ecdf.ed.ac.uk,1,4641
57582774,0.04094,lw_b11_24h,pminervi,r,08/26/2026,01:31:35,eddie@node1l21.ecdf.ed.ac.uk,1,4640
57582774,0.04094,lw_b11_24h,pminervi,r,08/26/2026,01:31:21,eddie@node1h08.ecdf.ed.ac.uk,1,4639
57582774,0.04093,lw_b11_24h,pminervi,r,08/26/2026,01:26:31,eddie@node1h15.ecdf.ed.ac.uk,1,4638
57582774,0.04092,lw_b11_24h,pminervi,r,08/26/2026,01:16:07,eddie@node1r12.ecdf.ed.ac.uk,1,4632
57582774,0.04091,lw_b11_24h,pminervi,r,08/26/2026,01:11:38,eddie@node1h03.ecdf.ed.ac.uk,1,4628
57582774,0.04091,lw_b11_24h,pminervi,r,08/26/2026,01:10:43,eddie@node1l24.ecdf.ed.ac.uk,1,4627
57582774,0.04087,lw_b11_24h,pminervi,r,08/26/2026,01:24:18,eddie@node1l25.ecdf.ed.ac.uk,1,4635
57582774,0.04087,lw_b11_24h,pminervi,r,08/26/2026,01:25:50,eddie@node1h23.ecdf.ed.ac.uk,1,4637
57582774,0.04087,lw_b11_24h,pminervi,r,08/26/2026,01:24:34,eddie@node1l21.ecdf.ed.ac.uk,1,4636
57582774,0.04087,lw_b11_24h,pminervi,r,08/26/2026,01:05:11,eddie@node1l22.ecdf.ed.ac.uk,1,4625
57582774,0.04087,lw_b11_24h,pminervi,r,08/26/2026,01:09:12,eddie@node1o03.ecdf.ed.ac.uk,1,4626
57582774,0.04087,lw_b11_24h,pminervi,r,08/26/2026,01:12:56,eddie@node1h23.ecdf.ed.ac.uk,1,4629
57582774,0.04087,lw_b11_24h,pminervi,r,08/26/2026,01:14:47,eddie@node1r05.ecdf.ed.ac.uk,1,4630
57582774,0.04087,lw_b11_24h,pminervi,r,08/26/2026,01:15:18,eddie@node1o04.ecdf.ed.ac.uk,1,4631
57582774,0.04087,lw_b11_24h,pminervi,r,08/26/2026,01:17:49,eddie@node1l26.ecdf.ed.ac.uk,1,4633
57582774,0.04087,lw_b11_24h,pminervi,r,08/26/2026,01:19:29,eddie@node1m15.ecdf.ed.ac.uk,1,4634
57582774,0.04087,lw_b11_24h,pminervi,r,08/26/2026,00:52:57,eddie@node1o06.ecdf.ed.ac.uk,1,4616
57582774,0.04087,lw_b11_24h,pminervi,r,08/26/2026,00:55:45,eddie@node1r15.ecdf.ed.ac.uk,1,4618
57582774,0.04087,lw_b11_24h,pminervi,r,08/26/2026,00:58:06,eddie@node1l21.ecdf.ed.ac.uk,1,4619
57582774,0.04087,lw_b11_24h,pminervi,r,08/26/2026,01:00:40,eddie@node1o04.ecdf.ed.ac.uk,1,4622
57582774,0.04087,lw_b11_24h,pminervi,r,08/26/2026,01:01:19,eddie@node1s18.ecdf.ed.ac.uk,1,4623
57582774,0.04087,lw_b11_24h,pminervi,r,08/26/2026,01:03:34,eddie@node1l25.ecdf.ed.ac.uk,1,4624
57582774,0.04087,lw_b11_24h,pminervi,r,08/26/2026,00:51:55,eddie@node1h21.ecdf.ed.ac.uk,1,4615
57582774,0.04087,lw_b11_24h,pminervi,r,08/26/2026,00:54:42,eddie@node1r18.ecdf.ed.ac.uk,1,4617
57582774,0.04087,lw_b11_24h,pminervi,r,08/26/2026,00:58:26,eddie@node1n08.ecdf.ed.ac.uk,1,4620
57582774,0.04087,lw_b11_24h,pminervi,r,08/26/2026,00:58:38,eddie@node1l27.ecdf.ed.ac.uk,1,4621
57582774,0.04085,lw_b11_24h,pminervi,r,08/26/2026,00:36:00,eddie@node1j28.ecdf.ed.ac.uk,1,4609
57582774,0.04085,lw_b11_24h,pminervi,r,08/26/2026,00:45:21,eddie@node1l25.ecdf.ed.ac.uk,1,4612
57582774,0.04085,lw_b11_24h,pminervi,r,08/26/2026,00:45:14,eddie@node1h23.ecdf.ed.ac.uk,1,4611
57582774,0.04085,lw_b11_24h,pminervi,r,08/26/2026,00:46:52,eddie@node1o04.ecdf.ed.ac.uk,1,4613
57582774,0.04085,lw_b11_24h,pminervi,r,08/26/2026,00:47:17,eddie@node1l28.ecdf.ed.ac.uk,1,4614
57582774,0.04085,lw_b11_24h,pminervi,r,08/26/2026,00:37:02,eddie@node1h24.ecdf.ed.ac.uk,1,4610
57582774,0.04084,lw_b11_24h,pminervi,r,08/26/2026,00:28:57,eddie@node1h08.ecdf.ed.ac.uk,1,4605
57582774,0.04084,lw_b11_24h,pminervi,r,08/26/2026,00:30:27,eddie@node1l21.ecdf.ed.ac.uk,1,4606
57582774,0.04084,lw_b11_24h,pminervi,r,08/26/2026,00:31:31,eddie@node1l28.ecdf.ed.ac.uk,1,4607
57582774,0.04084,lw_b11_24h,pminervi,r,08/26/2026,00:33:48,eddie@node1r14.ecdf.ed.ac.uk,1,4608
57582774,0.04083,lw_b11_24h,pminervi,r,08/26/2026,00:24:08,eddie@node1h04.ecdf.ed.ac.uk,1,4604
57582774,0.04081,lw_b11_24h,pminervi,r,08/26/2026,00:19:24,eddie@node1l21.ecdf.ed.ac.uk,1,4602
57582774,0.04081,lw_b11_24h,pminervi,r,08/26/2026,00:20:39,eddie@node1r16.ecdf.ed.ac.uk,1,4603
57582774,0.04079,lw_b11_24h,pminervi,r,08/26/2026,00:08:45,eddie@node1l25.ecdf.ed.ac.uk,1,4599
57582774,0.04079,lw_b11_24h,pminervi,r,08/26/2026,00:08:45,eddie@node1o13.ecdf.ed.ac.uk,1,4600
57582774,0.04079,lw_b11_24h,pminervi,r,08/25/2026,23:59:30,eddie@node1f11.ecdf.ed.ac.uk,1,4592
57582774,0.04079,lw_b11_24h,pminervi,r,08/26/2026,00:05:30,eddie@node1l23.ecdf.ed.ac.uk,1,4595
57582774,0.04079,lw_b11_24h,pminervi,r,08/26/2026,00:01:45,eddie@node1l28.ecdf.ed.ac.uk,1,4594
57582774,0.04079,lw_b11_24h,pminervi,r,08/26/2026,00:06:15,eddie@node1f13.ecdf.ed.ac.uk,1,4596
57582774,0.04079,lw_b11_24h,pminervi,r,08/26/2026,00:07:45,eddie@node1r15.ecdf.ed.ac.uk,1,4598
57582774,0.04079,lw_b11_24h,pminervi,r,08/26/2026,00:09:00,eddie@node1j28.ecdf.ed.ac.uk,1,4601
57582774,0.04079,lw_b11_24h,pminervi,r,08/26/2026,00:00:32,eddie@node1s18.ecdf.ed.ac.uk,1,4593
57582774,0.04079,lw_b11_24h,pminervi,r,08/26/2026,00:07:30,eddie@node1l28.ecdf.ed.ac.uk,1,4597
57582774,0.04078,lw_b11_24h,pminervi,r,08/25/2026,23:50:30,eddie@node1r14.ecdf.ed.ac.uk,1,4589
57582774,0.04078,lw_b11_24h,pminervi,r,08/25/2026,23:52:30,eddie@node1o03.ecdf.ed.ac.uk,1,4591
57582774,0.04078,lw_b11_24h,pminervi,r,08/25/2026,23:52:00,eddie@node1l25.ecdf.ed.ac.uk,1,4590
57582774,0.04078,lw_b11_24h,pminervi,r,08/25/2026,23:47:45,eddie@node1l21.ecdf.ed.ac.uk,1,4587
57582774,0.04078,lw_b11_24h,pminervi,r,08/25/2026,23:48:45,eddie@node1i15.ecdf.ed.ac.uk,1,4588
57582774,0.04077,lw_b11_24h,pminervi,r,08/25/2026,23:46:45,eddie@node1o12.ecdf.ed.ac.uk,1,4586
57582774,0.04077,lw_b11_24h,pminervi,r,08/25/2026,23:44:00,eddie@node1o03.ecdf.ed.ac.uk,1,4583
57582774,0.04077,lw_b11_24h,pminervi,r,08/25/2026,23:44:00,eddie@node1o06.ecdf.ed.ac.uk,1,4584
57582774,0.04077,lw_b11_24h,pminervi,r,08/25/2026,23:43:30,eddie@node1o04.ecdf.ed.ac.uk,1,4582
57582774,0.04077,lw_b11_24h,pminervi,r,08/25/2026,23:44:30,eddie@node1l26.ecdf.ed.ac.uk,1,4585
57582774,0.04076,lw_b11_24h,pminervi,r,08/25/2026,23:37:42,eddie@node1o06.ecdf.ed.ac.uk,1,4579
57582774,0.04076,lw_b11_24h,pminervi,r,08/25/2026,23:40:12,eddie@node1r05.ecdf.ed.ac.uk,1,4581
57582774,0.04076,lw_b11_24h,pminervi,r,08/25/2026,23:36:42,eddie@node1l23.ecdf.ed.ac.uk,1,4578
57582774,0.04076,lw_b11_24h,pminervi,r,08/25/2026,23:39:12,eddie@node1r16.ecdf.ed.ac.uk,1,4580
57582774,0.04075,lw_b11_24h,pminervi,r,08/25/2026,23:33:57,eddie@node1r14.ecdf.ed.ac.uk,1,4577
57582774,0.04074,lw_b11_24h,pminervi,r,08/25/2026,23:27:27,eddie@node1l27.ecdf.ed.ac.uk,1,4573
57582774,0.04074,lw_b11_24h,pminervi,r,08/25/2026,23:27:57,eddie@node1l23.ecdf.ed.ac.uk,1,4574
57582774,0.04074,lw_b11_24h,pminervi,r,08/25/2026,23:28:42,eddie@node1o05.ecdf.ed.ac.uk,1,4575
57582774,0.04074,lw_b11_24h,pminervi,r,08/25/2026,23:29:12,eddie@node1l21.ecdf.ed.ac.uk,1,4576
57582774,0.04074,lw_b11_24h,pminervi,r,08/25/2026,23:26:27,eddie@node1r15.ecdf.ed.ac.uk,1,4572
57582774,0.04074,lw_b11_24h,pminervi,r,08/25/2026,23:24:02,eddie@node1s13.ecdf.ed.ac.uk,1,4571
57582774,0.04073,lw_b11_24h,pminervi,r,08/25/2026,23:23:30,eddie@node1o12.ecdf.ed.ac.uk,1,4570
57582774,0.04073,lw_b11_24h,pminervi,r,08/25/2026,23:18:15,eddie@node1j28.ecdf.ed.ac.uk,1,4569
57582774,0.04072,lw_b11_24h,pminervi,r,08/25/2026,23:13:00,eddie@node1o06.ecdf.ed.ac.uk,1,4568
57582774,0.04071,lw_b11_24h,pminervi,r,08/25/2026,23:10:45,eddie@node1h06.ecdf.ed.ac.uk,1,4567
57582774,0.04071,lw_b11_24h,pminervi,r,08/25/2026,23:08:30,eddie@node1l22.ecdf.ed.ac.uk,1,4566
57582774,0.04071,lw_b11_24h,pminervi,r,08/25/2026,23:06:15,eddie@node1l27.ecdf.ed.ac.uk,1,4565
57582774,0.04071,lw_b11_24h,pminervi,r,08/25/2026,23:05:30,eddie@node1l23.ecdf.ed.ac.uk,1,4564
57582774,0.04071,lw_b11_24h,pminervi,r,08/25/2026,23:04:15,eddie@node1l21.ecdf.ed.ac.uk,1,4563
57582774,0.04069,lw_b11_24h,pminervi,r,08/25/2026,22:57:00,eddie@node1r16.ecdf.ed.ac.uk,1,4562
57582774,0.04069,lw_b11_24h,pminervi,r,08/25/2026,22:56:00,eddie@node1o08.ecdf.ed.ac.uk,1,4560
57582774,0.04069,lw_b11_24h,pminervi,r,08/25/2026,22:56:15,eddie@node1j25.ecdf.ed.ac.uk,1,4561
57582774,0.04069,lw_b11_24h,pminervi,r,08/25/2026,22:55:15,eddie@node1l22.ecdf.ed.ac.uk,1,4559
57582774,0.04068,lw_b11_24h,pminervi,r,08/25/2026,22:50:45,eddie@node1n08.ecdf.ed.ac.uk,1,4558
57582774,0.04068,lw_b11_24h,pminervi,r,08/25/2026,22:50:00,eddie@node1o03.ecdf.ed.ac.uk,1,4557
57582774,0.04068,lw_b11_24h,pminervi,r,08/25/2026,22:48:15,eddie@node1l27.ecdf.ed.ac.uk,1,4555
57582774,0.04068,lw_b11_24h,pminervi,r,08/25/2026,22:48:30,eddie@node1l25.ecdf.ed.ac.uk,1,4556
57582774,0.04068,lw_b11_24h,pminervi,r,08/25/2026,22:46:45,eddie@node1r14.ecdf.ed.ac.uk,1,4553
57582774,0.04068,lw_b11_24h,pminervi,r,08/25/2026,22:46:45,eddie@node1o08.ecdf.ed.ac.uk,1,4554
57582774,0.04068,lw_b11_24h,pminervi,r,08/25/2026,22:45:00,eddie@node1l23.ecdf.ed.ac.uk,1,4552
57582774,0.04067,lw_b11_24h,pminervi,r,08/25/2026,22:43:30,eddie@node1j28.ecdf.ed.ac.uk,1,4550
57582774,0.04067,lw_b11_24h,pminervi,r,08/25/2026,22:44:15,eddie@node1r14.ecdf.ed.ac.uk,1,4551
57582774,0.04067,lw_b11_24h,pminervi,r,08/25/2026,22:41:45,eddie@node1l26.ecdf.ed.ac.uk,1,4548
57582774,0.04067,lw_b11_24h,pminervi,r,08/25/2026,22:40:15,eddie@node1l22.ecdf.ed.ac.uk,1,4547
57582774,0.04067,lw_b11_24h,pminervi,r,08/25/2026,22:42:30,eddie@node1f10.ecdf.ed.ac.uk,1,4549
57582774,0.04066,lw_b11_24h,pminervi,r,08/25/2026,22:39:45,eddie@node1o09.ecdf.ed.ac.uk,1,4546
57582774,0.04065,lw_b11_24h,pminervi,r,08/25/2026,22:32:00,eddie@node1o05.ecdf.ed.ac.uk,1,4545
57582774,0.04064,lw_b11_24h,pminervi,r,08/25/2026,22:25:15,eddie@node1o05.ecdf.ed.ac.uk,1,4543
57582774,0.04064,lw_b11_24h,pminervi,r,08/25/2026,22:22:45,eddie@node1r16.ecdf.ed.ac.uk,1,4542
57582774,0.04063,lw_b11_24h,pminervi,r,08/25/2026,22:27:45,eddie@node1o12.ecdf.ed.ac.uk,1,4544
57582774,0.04063,lw_b11_24h,pminervi,r,08/25/2026,22:18:45,eddie@node1l23.ecdf.ed.ac.uk,1,4541
57582774,0.04062,lw_b11_24h,pminervi,r,08/25/2026,22:12:45,eddie@node1i13.ecdf.ed.ac.uk,1,4538
57582774,0.04062,lw_b11_24h,pminervi,r,08/25/2026,22:12:45,eddie@node1j26.ecdf.ed.ac.uk,1,4539
57582774,0.04062,lw_b11_24h,pminervi,r,08/25/2026,22:13:00,eddie@node1r14.ecdf.ed.ac.uk,1,4540
57582774,0.04062,lw_b11_24h,pminervi,r,08/25/2026,22:12:00,eddie@node1h06.ecdf.ed.ac.uk,1,4537
57582774,0.04060,lw_b11_24h,pminervi,r,08/25/2026,21:55:45,eddie@node1h09.ecdf.ed.ac.uk,1,4533
57582774,0.04060,lw_b11_24h,pminervi,r,08/25/2026,22:10:15,eddie@node1o03.ecdf.ed.ac.uk,1,4536
57582774,0.04060,lw_b11_24h,pminervi,r,08/25/2026,21:57:15,eddie@node1l25.ecdf.ed.ac.uk,1,4535
57582774,0.04060,lw_b11_24h,pminervi,r,08/25/2026,21:56:00,eddie@node1o04.ecdf.ed.ac.uk,1,4534
57582774,0.04058,lw_b11_24h,pminervi,r,08/25/2026,21:47:45,eddie@node1l23.ecdf.ed.ac.uk,1,4532
57582774,0.04058,lw_b11_24h,pminervi,r,08/25/2026,21:43:30,eddie@node1o06.ecdf.ed.ac.uk,1,4529
57582774,0.04058,lw_b11_24h,pminervi,r,08/25/2026,21:44:15,eddie@node1m14.ecdf.ed.ac.uk,1,4531
57582774,0.04058,lw_b11_24h,pminervi,r,08/25/2026,21:43:45,eddie@node1l23.ecdf.ed.ac.uk,1,4530
57582774,0.04058,lw_b11_24h,pminervi,r,08/25/2026,21:42:00,eddie@node1i06.ecdf.ed.ac.uk,1,4528
57582774,0.04057,lw_b11_24h,pminervi,r,08/25/2026,21:38:15,eddie@node1h09.ecdf.ed.ac.uk,1,4527
57582774,0.04056,lw_b11_24h,pminervi,r,08/25/2026,21:35:30,eddie@node1l26.ecdf.ed.ac.uk,1,4525
57582774,0.04056,lw_b11_24h,pminervi,r,08/25/2026,21:35:45,eddie@node1o04.ecdf.ed.ac.uk,1,4526
57582774,0.04056,lw_b11_24h,pminervi,r,08/25/2026,21:34:30,eddie@node1r14.ecdf.ed.ac.uk,1,4524
57582774,0.04056,lw_b11_24h,pminervi,r,08/25/2026,21:34:08,eddie@node1i13.ecdf.ed.ac.uk,1,4523
57582774,0.04056,lw_b11_24h,pminervi,r,08/25/2026,21:33:53,eddie@node1i15.ecdf.ed.ac.uk,1,4522
57582774,0.04056,lw_b11_24h,pminervi,r,08/25/2026,21:33:21,eddie@node1l23.ecdf.ed.ac.uk,1,4521
57582774,0.04056,lw_b11_24h,pminervi,r,08/25/2026,21:32:51,eddie@node1i13.ecdf.ed.ac.uk,1,4520
57582774,0.04055,lw_b11_24h,pminervi,r,08/25/2026,21:28:55,eddie@node1i03.ecdf.ed.ac.uk,1,4519
57582774,0.04055,lw_b11_24h,pminervi,r,08/25/2026,21:26:55,eddie@node1o04.ecdf.ed.ac.uk,1,4518
57582774,0.04055,lw_b11_24h,pminervi,r,08/25/2026,21:26:10,eddie@node1l26.ecdf.ed.ac.uk,1,4517
57582774,0.04054,lw_b11_24h,pminervi,r,08/25/2026,21:21:10,eddie@node1o03.ecdf.ed.ac.uk,1,4516
57582774,0.04054,lw_b11_24h,pminervi,r,08/25/2026,21:19:39,eddie@node1l23.ecdf.ed.ac.uk,1,4515
57582774,0.04054,lw_b11_24h,pminervi,r,08/25/2026,21:17:39,eddie@node1f08.ecdf.ed.ac.uk,1,4512
57582774,0.04054,lw_b11_24h,pminervi,r,08/25/2026,21:17:54,eddie@node1s15.ecdf.ed.ac.uk,1,4513
57582774,0.04054,lw_b11_24h,pminervi,r,08/25/2026,21:18:09,eddie@node1l23.ecdf.ed.ac.uk,1,4514
57582774,0.04053,lw_b11_24h,pminervi,r,08/25/2026,21:15:24,eddie@node1o08.ecdf.ed.ac.uk,1,4509
57582774,0.04053,lw_b11_24h,pminervi,r,08/25/2026,21:15:54,eddie@node1r14.ecdf.ed.ac.uk,1,4510
57582774,0.04053,lw_b11_24h,pminervi,r,08/25/2026,21:16:54,eddie@node1f09.ecdf.ed.ac.uk,1,4511
57582774,0.04053,lw_b11_24h,pminervi,r,08/25/2026,21:10:09,eddie@node1o04.ecdf.ed.ac.uk,1,4508
57582774,0.04052,lw_b11_24h,pminervi,r,08/25/2026,21:06:24,eddie@node1l21.ecdf.ed.ac.uk,1,4507
57582774,0.04052,lw_b11_24h,pminervi,r,08/25/2026,21:04:54,eddie@node1i06.ecdf.ed.ac.uk,1,4506
57582774,0.04051,lw_b11_24h,pminervi,r,08/25/2026,21:00:33,eddie@node1o04.ecdf.ed.ac.uk,1,4503
57582774,0.04051,lw_b11_24h,pminervi,r,08/25/2026,21:02:03,eddie@node1f13.ecdf.ed.ac.uk,1,4504
57582774,0.04051,lw_b11_24h,pminervi,r,08/25/2026,21:03:33,eddie@node1o04.ecdf.ed.ac.uk,1,4505
57582774,0.04050,lw_b11_24h,pminervi,r,08/25/2026,20:53:40,eddie@node1l23.ecdf.ed.ac.uk,1,4501
57582774,0.04050,lw_b11_24h,pminervi,r,08/25/2026,20:54:10,eddie@node1j26.ecdf.ed.ac.uk,1,4502
57582774,0.04050,lw_b11_24h,pminervi,r,08/25/2026,20:51:10,eddie@node1i03.ecdf.ed.ac.uk,1,4500
57582774,0.04050,lw_b11_24h,pminervi,r,08/25/2026,20:50:25,eddie@node1i07.ecdf.ed.ac.uk,1,4499
57582774,0.04049,lw_b11_24h,pminervi,r,08/25/2026,20:46:55,eddie@node1i03.ecdf.ed.ac.uk,1,4498
57582774,0.04049,lw_b11_24h,pminervi,r,08/25/2026,20:45:10,eddie@node1f11.ecdf.ed.ac.uk,1,4497
57582774,0.04048,lw_b11_24h,pminervi,r,08/25/2026,20:42:55,eddie@node1l23.ecdf.ed.ac.uk,1,4496
57582774,0.04048,lw_b11_24h,pminervi,r,08/25/2026,20:42:10,eddie@node1l28.ecdf.ed.ac.uk,1,4494
57582774,0.04048,lw_b11_24h,pminervi,r,08/25/2026,20:42:25,eddie@node1r15.ecdf.ed.ac.uk,1,4495
57582774,0.04048,lw_b11_24h,pminervi,r,08/25/2026,20:41:40,eddie@node1r07.ecdf.ed.ac.uk,1,4493
57582774,0.04048,lw_b11_24h,pminervi,r,08/25/2026,20:38:41,eddie@node1l28.ecdf.ed.ac.uk,1,4491
57582774,0.04048,lw_b11_24h,pminervi,r,08/25/2026,20:39:56,eddie@node1o04.ecdf.ed.ac.uk,1,4492
57582774,0.04047,lw_b11_24h,pminervi,r,08/25/2026,20:37:41,eddie@node1n03.ecdf.ed.ac.uk,1,4490
57582774,0.04047,lw_b11_24h,pminervi,r,08/25/2026,20:35:56,eddie@node1f09.ecdf.ed.ac.uk,1,4489
57582774,0.04046,lw_b11_24h,pminervi,r,08/25/2026,20:30:56,eddie@node1f12.ecdf.ed.ac.uk,1,4487
57582774,0.04046,lw_b11_24h,pminervi,r,08/25/2026,20:31:41,eddie@node1l21.ecdf.ed.ac.uk,1,4488
57582774,0.04046,lw_b11_24h,pminervi,r,08/25/2026,20:29:56,eddie@node1r18.ecdf.ed.ac.uk,1,4486
57582774,0.04045,lw_b11_24h,pminervi,r,08/25/2026,20:24:41,eddie@node1o04.ecdf.ed.ac.uk,1,4485
57582774,0.04045,lw_b11_24h,pminervi,r,08/25/2026,20:24:11,eddie@node1o06.ecdf.ed.ac.uk,1,4484
57582774,0.04045,lw_b11_24h,pminervi,r,08/25/2026,20:23:56,eddie@node1h03.ecdf.ed.ac.uk,1,4483
57582774,0.04045,lw_b11_24h,pminervi,r,08/25/2026,20:22:56,eddie@node1n01.ecdf.ed.ac.uk,1,4482
57582774,0.04044,lw_b11_24h,pminervi,r,08/25/2026,20:17:56,eddie@node1n03.ecdf.ed.ac.uk,1,4481
57582774,0.04044,lw_b11_24h,pminervi,r,08/25/2026,20:16:04,eddie@node1o08.ecdf.ed.ac.uk,1,4480
57582774,0.04044,lw_b11_24h,pminervi,r,08/25/2026,20:14:49,eddie@node1l25.ecdf.ed.ac.uk,1,4479
57582774,0.04043,lw_b11_24h,pminervi,r,08/25/2026,20:10:49,eddie@node1m14.ecdf.ed.ac.uk,1,4478
57582774,0.04043,lw_b11_24h,pminervi,r,08/25/2026,20:09:48,eddie@node1h06.ecdf.ed.ac.uk,1,4475
57582774,0.04043,lw_b11_24h,pminervi,r,08/25/2026,20:10:03,eddie@node1i02.ecdf.ed.ac.uk,1,4476
57582774,0.04043,lw_b11_24h,pminervi,r,08/25/2026,20:10:18,eddie@node1r16.ecdf.ed.ac.uk,1,4477
57582774,0.04042,lw_b11_24h,pminervi,r,08/25/2026,20:00:03,eddie@node1l25.ecdf.ed.ac.uk,1,4474
57582774,0.04041,lw_b11_24h,pminervi,r,08/25/2026,19:56:33,eddie@node1f13.ecdf.ed.ac.uk,1,4473
57582774,0.04041,lw_b11_24h,pminervi,r,08/25/2026,19:54:33,eddie@node1o05.ecdf.ed.ac.uk,1,4472
57582774,0.04040,lw_b11_24h,pminervi,r,08/25/2026,19:51:18,eddie@node1i02.ecdf.ed.ac.uk,1,4471
57582774,0.04040,lw_b11_24h,pminervi,r,08/25/2026,19:46:24,eddie@node1o12.ecdf.ed.ac.uk,1,4470
57582774,0.04040,lw_b11_24h,pminervi,r,08/25/2026,19:46:09,eddie@node1o03.ecdf.ed.ac.uk,1,4469
57582774,0.04039,lw_b11_24h,pminervi,r,08/25/2026,19:45:39,eddie@node1r16.ecdf.ed.ac.uk,1,4468
57582774,0.04039,lw_b11_24h,pminervi,r,08/25/2026,19:41:39,eddie@node1h09.ecdf.ed.ac.uk,1,4467
57582774,0.04039,lw_b11_24h,pminervi,r,08/25/2026,19:40:54,eddie@node1r15.ecdf.ed.ac.uk,1,4466
57582774,0.04038,lw_b11_24h,pminervi,r,08/25/2026,19:38:54,eddie@node1n05.ecdf.ed.ac.uk,1,4465
57582774,0.04038,lw_b11_24h,pminervi,r,08/25/2026,19:38:24,eddie@node1i03.ecdf.ed.ac.uk,1,4464
57582774,0.04038,lw_b11_24h,pminervi,r,08/25/2026,19:37:09,eddie@node1o06.ecdf.ed.ac.uk,1,4462
57582774,0.04038,lw_b11_24h,pminervi,r,08/25/2026,19:37:24,eddie@node1h21.ecdf.ed.ac.uk,1,4463
57582774,0.04037,lw_b11_24h,pminervi,r,08/25/2026,19:31:15,eddie@node1f07.ecdf.ed.ac.uk,1,4461
57582774,0.04037,lw_b11_24h,pminervi,r,08/25/2026,19:29:15,eddie@node1f10.ecdf.ed.ac.uk,1,4460
57582774,0.04036,lw_b11_24h,pminervi,r,08/25/2026,19:24:30,eddie@node1s17.ecdf.ed.ac.uk,1,4459
57582774,0.04035,lw_b11_24h,pminervi,r,08/25/2026,19:19:15,eddie@node1i15.ecdf.ed.ac.uk,1,4456
57582774,0.04035,lw_b11_24h,pminervi,r,08/25/2026,19:20:00,eddie@node1o12.ecdf.ed.ac.uk,1,4457
57582774,0.04035,lw_b11_24h,pminervi,r,08/25/2026,19:20:30,eddie@node1i16.ecdf.ed.ac.uk,1,4458
57582774,0.04035,lw_b11_24h,pminervi,r,08/25/2026,19:17:00,eddie@node1f12.ecdf.ed.ac.uk,1,4455
57582774,0.04034,lw_b11_24h,pminervi,r,08/25/2026,19:12:00,eddie@node1f07.ecdf.ed.ac.uk,1,4453
57582774,0.04034,lw_b11_24h,pminervi,r,08/25/2026,19:12:45,eddie@node1o04.ecdf.ed.ac.uk,1,4454
57582774,0.04033,lw_b11_24h,pminervi,r,08/25/2026,19:09:15,eddie@node1f12.ecdf.ed.ac.uk,1,4452
57582774,0.04033,lw_b11_24h,pminervi,r,08/25/2026,19:06:45,eddie@node1i03.ecdf.ed.ac.uk,1,4451
57582774,0.04033,lw_b11_24h,pminervi,r,08/25/2026,19:03:00,eddie@node1f09.ecdf.ed.ac.uk,1,4450
57582774,0.04032,lw_b11_24h,pminervi,r,08/25/2026,18:59:45,eddie@node1f13.ecdf.ed.ac.uk,1,4446
57582774,0.04032,lw_b11_24h,pminervi,r,08/25/2026,19:00:30,eddie@node1r14.ecdf.ed.ac.uk,1,4447
57582774,0.04032,lw_b11_24h,pminervi,r,08/25/2026,19:00:45,eddie@node1f09.ecdf.ed.ac.uk,1,4448
57582774,0.04032,lw_b11_24h,pminervi,r,08/25/2026,19:01:00,eddie@node1l24.ecdf.ed.ac.uk,1,4449
57582774,0.04032,lw_b11_24h,pminervi,r,08/25/2026,18:56:52,eddie@node1o06.ecdf.ed.ac.uk,1,4445
57582774,0.04031,lw_b11_24h,pminervi,r,08/25/2026,18:55:39,eddie@node1i02.ecdf.ed.ac.uk,1,4444
57582774,0.04031,lw_b11_24h,pminervi,r,08/25/2026,18:53:24,eddie@node1l26.ecdf.ed.ac.uk,1,4443
57582774,0.04031,lw_b11_24h,pminervi,r,08/25/2026,18:50:39,eddie@node1n07.ecdf.ed.ac.uk,1,4441
57582774,0.04031,lw_b11_24h,pminervi,r,08/25/2026,18:50:39,eddie@node1i02.ecdf.ed.ac.uk,1,4442
57582774,0.04031,lw_b11_24h,pminervi,r,08/25/2026,18:49:39,eddie@node1i16.ecdf.ed.ac.uk,1,4438
57582774,0.04031,lw_b11_24h,pminervi,r,08/25/2026,18:49:39,eddie@node1o14.ecdf.ed.ac.uk,1,4439
57582774,0.04031,lw_b11_24h,pminervi,r,08/25/2026,18:49:54,eddie@node1m14.ecdf.ed.ac.uk,1,4440
57582774,0.04030,lw_b11_24h,pminervi,r,08/25/2026,18:49:09,eddie@node1i02.ecdf.ed.ac.uk,1,4437
57582774,0.04030,lw_b11_24h,pminervi,r,08/25/2026,18:45:41,eddie@node1f11.ecdf.ed.ac.uk,1,4436
57582774,0.04029,lw_b11_24h,pminervi,r,08/25/2026,18:41:41,eddie@node1f09.ecdf.ed.ac.uk,1,4434
57582774,0.04029,lw_b11_24h,pminervi,r,08/25/2026,18:43:26,eddie@node1s17.ecdf.ed.ac.uk,1,4435
57582774,0.04029,lw_b11_24h,pminervi,r,08/25/2026,18:38:11,eddie@node1o03.ecdf.ed.ac.uk,1,4433
57582774,0.04028,lw_b11_24h,pminervi,r,08/25/2026,18:37:26,eddie@node1l28.ecdf.ed.ac.uk,1,4432
57582774,0.04028,lw_b11_24h,pminervi,r,08/25/2026,18:33:41,eddie@node1f09.ecdf.ed.ac.uk,1,4431
57582774,0.04028,lw_b11_24h,pminervi,r,08/25/2026,18:33:26,eddie@node1o03.ecdf.ed.ac.uk,1,4430
57582774,0.04028,lw_b11_24h,pminervi,r,08/25/2026,18:31:41,eddie@node1i03.ecdf.ed.ac.uk,1,4426
57582774,0.04028,lw_b11_24h,pminervi,r,08/25/2026,18:32:41,eddie@node1i14.ecdf.ed.ac.uk,1,4428
57582774,0.04028,lw_b11_24h,pminervi,r,08/25/2026,18:32:41,eddie@node1j25.ecdf.ed.ac.uk,1,4429
57582774,0.04028,lw_b11_24h,pminervi,r,08/25/2026,18:32:11,eddie@node1h08.ecdf.ed.ac.uk,1,4427
57582774,0.04027,lw_b11_24h,pminervi,r,08/25/2026,18:30:56,eddie@node1i13.ecdf.ed.ac.uk,1,4425
57582774,0.04027,lw_b11_24h,pminervi,r,08/25/2026,18:27:56,eddie@node1i03.ecdf.ed.ac.uk,1,4424
57582774,0.04027,lw_b11_24h,pminervi,r,08/25/2026,18:27:41,eddie@node1i02.ecdf.ed.ac.uk,1,4422
57582774,0.04027,lw_b11_24h,pminervi,r,08/25/2026,18:27:41,eddie@node1i14.ecdf.ed.ac.uk,1,4423
57582774,0.04027,lw_b11_24h,pminervi,r,08/25/2026,18:27:26,eddie@node1h03.ecdf.ed.ac.uk,1,4421
57582774,0.04026,lw_b11_24h,pminervi,r,08/25/2026,18:24:26,eddie@node1i14.ecdf.ed.ac.uk,1,4419
57582774,0.04026,lw_b11_24h,pminervi,r,08/25/2026,18:24:41,eddie@node1i14.ecdf.ed.ac.uk,1,4420
57582774,0.04026,lw_b11_24h,pminervi,r,08/25/2026,18:23:41,eddie@node1i14.ecdf.ed.ac.uk,1,4418
57582774,0.04026,lw_b11_24h,pminervi,r,08/25/2026,18:22:56,eddie@node1i15.ecdf.ed.ac.uk,1,4417
57582774,0.04026,lw_b11_24h,pminervi,r,08/25/2026,18:22:26,eddie@node1h24.ecdf.ed.ac.uk,1,4416
57582774,0.04026,lw_b11_24h,pminervi,r,08/25/2026,18:20:41,eddie@node1f08.ecdf.ed.ac.uk,1,4415
57582774,0.04025,lw_b11_24h,pminervi,r,08/25/2026,18:17:26,eddie@node1h15.ecdf.ed.ac.uk,1,4413
57582774,0.04025,lw_b11_24h,pminervi,r,08/25/2026,18:17:26,eddie@node1m14.ecdf.ed.ac.uk,1,4414
57582774,0.04025,lw_b11_24h,pminervi,r,08/25/2026,18:15:11,eddie@node1i15.ecdf.ed.ac.uk,1,4412
57582774,0.04025,lw_b11_24h,pminervi,r,08/25/2026,18:13:41,eddie@node1m16.ecdf.ed.ac.uk,1,4411
57582774,0.04024,lw_b11_24h,pminervi,r,08/25/2026,18:11:26,eddie@node1j25.ecdf.ed.ac.uk,1,4410
57582774,0.04024,lw_b11_24h,pminervi,r,08/25/2026,18:07:11,eddie@node1i03.ecdf.ed.ac.uk,1,4409
57582774,0.04023,lw_b11_24h,pminervi,r,08/25/2026,18:05:24,eddie@node1f12.ecdf.ed.ac.uk,1,4408
57582774,0.04023,lw_b11_24h,pminervi,r,08/25/2026,18:04:54,eddie@node1i03.ecdf.ed.ac.uk,1,4407
57582774,0.04023,lw_b11_24h,pminervi,r,08/25/2026,18:00:54,eddie@node1l26.ecdf.ed.ac.uk,1,4406
57582774,0.04022,lw_b11_24h,pminervi,r,08/25/2026,17:59:39,eddie@node1i07.ecdf.ed.ac.uk,1,4405
57582774,0.04022,lw_b11_24h,pminervi,r,08/25/2026,17:58:39,eddie@node1l24.ecdf.ed.ac.uk,1,4404
57582774,0.04022,lw_b11_24h,pminervi,r,08/25/2026,17:57:09,eddie@node1i13.ecdf.ed.ac.uk,1,4403
57582774,0.04022,lw_b11_24h,pminervi,r,08/25/2026,17:56:39,eddie@node1l22.ecdf.ed.ac.uk,1,4402
57582774,0.04022,lw_b11_24h,pminervi,r,08/25/2026,17:53:54,eddie@node1f08.ecdf.ed.ac.uk,1,4400
57582774,0.04022,lw_b11_24h,pminervi,r,08/25/2026,17:54:09,eddie@node1f09.ecdf.ed.ac.uk,1,4401
57582774,0.04021,lw_b11_24h,pminervi,r,08/25/2026,17:50:24,eddie@node1m14.ecdf.ed.ac.uk,1,4399
57582774,0.04020,lw_b11_24h,pminervi,r,08/25/2026,17:47:24,eddie@node1n07.ecdf.ed.ac.uk,1,4398
57582774,0.04020,lw_b11_24h,pminervi,r,08/25/2026,17:44:39,eddie@node1h07.ecdf.ed.ac.uk,1,4397
57582774,0.04020,lw_b11_24h,pminervi,r,08/25/2026,17:43:24,eddie@node1f13.ecdf.ed.ac.uk,1,4396
57582774,0.04020,lw_b11_24h,pminervi,r,08/25/2026,17:42:39,eddie@node1s13.ecdf.ed.ac.uk,1,4395
57582774,0.04019,lw_b11_24h,pminervi,r,08/25/2026,17:38:24,eddie@node1i16.ecdf.ed.ac.uk,1,4394
57582774,0.04019,lw_b11_24h,pminervi,r,08/25/2026,17:37:39,eddie@node1r05.ecdf.ed.ac.uk,1,4393
57582774,0.04019,lw_b11_24h,pminervi,r,08/25/2026,17:36:24,eddie@node1r16.ecdf.ed.ac.uk,1,4392
57582774,0.04018,lw_b11_24h,pminervi,r,08/25/2026,17:33:54,eddie@node1i07.ecdf.ed.ac.uk,1,4388
57582774,0.04018,lw_b11_24h,pminervi,r,08/25/2026,17:34:24,eddie@node1j25.ecdf.ed.ac.uk,1,4390
57582774,0.04018,lw_b11_24h,pminervi,r,08/25/2026,17:34:09,eddie@node1f13.ecdf.ed.ac.uk,1,4389
57582774,0.04018,lw_b11_24h,pminervi,r,08/25/2026,17:36:09,eddie@node1o06.ecdf.ed.ac.uk,1,4391
57582774,0.04018,lw_b11_24h,pminervi,r,08/25/2026,17:33:09,eddie@node1o04.ecdf.ed.ac.uk,1,4387
57582774,0.04018,lw_b11_24h,pminervi,r,08/25/2026,17:32:39,eddie@node1o08.ecdf.ed.ac.uk,1,4386
57582774,0.04018,lw_b11_24h,pminervi,r,08/25/2026,17:32:09,eddie@node1j26.ecdf.ed.ac.uk,1,4385
57582774,0.04017,lw_b11_24h,pminervi,r,08/25/2026,17:29:54,eddie@node1f10.ecdf.ed.ac.uk,1,4384
57582774,0.04017,lw_b11_24h,pminervi,r,08/25/2026,17:27:24,eddie@node1f11.ecdf.ed.ac.uk,1,4383
57582774,0.04017,lw_b11_24h,pminervi,r,08/25/2026,17:26:24,eddie@node1j28.ecdf.ed.ac.uk,1,4381
57582774,0.04017,lw_b11_24h,pminervi,r,08/25/2026,17:26:24,eddie@node1h04.ecdf.ed.ac.uk,1,4382
57582774,0.04017,lw_b11_24h,pminervi,r,08/25/2026,17:24:39,eddie@node1h04.ecdf.ed.ac.uk,1,4379
57582774,0.04017,lw_b11_24h,pminervi,r,08/25/2026,17:25:39,eddie@node1o06.ecdf.ed.ac.uk,1,4380
57582774,0.04016,lw_b11_24h,pminervi,r,08/25/2026,17:22:24,eddie@node1i03.ecdf.ed.ac.uk,1,4378
57582774,0.04016,lw_b11_24h,pminervi,r,08/25/2026,17:19:39,eddie@node1j28.ecdf.ed.ac.uk,1,4377
57582774,0.04016,lw_b11_24h,pminervi,r,08/25/2026,17:18:39,eddie@node1f11.ecdf.ed.ac.uk,1,4375
57582774,0.04016,lw_b11_24h,pminervi,r,08/25/2026,17:19:09,eddie@node1f11.ecdf.ed.ac.uk,1,4376
57582774,0.04015,lw_b11_24h,pminervi,r,08/25/2026,17:18:24,eddie@node1r16.ecdf.ed.ac.uk,1,4374
57582774,0.04015,lw_b11_24h,pminervi,r,08/25/2026,17:16:09,eddie@node1o03.ecdf.ed.ac.uk,1,4373
57582774,0.04015,lw_b11_24h,pminervi,r,08/25/2026,17:12:39,eddie@node1h03.ecdf.ed.ac.uk,1,4372
57582774,0.04015,lw_b11_24h,pminervi,r,08/25/2026,17:12:09,eddie@node1f10.ecdf.ed.ac.uk,1,4370
57582774,0.04015,lw_b11_24h,pminervi,r,08/25/2026,17:12:24,eddie@node1f11.ecdf.ed.ac.uk,1,4371
57582774,0.04014,lw_b11_24h,pminervi,r,08/25/2026,17:10:39,eddie@node1i02.ecdf.ed.ac.uk,1,4369
57582774,0.04014,lw_b11_24h,pminervi,r,08/25/2026,17:06:09,eddie@node1r14.ecdf.ed.ac.uk,1,4367
57582774,0.04014,lw_b11_24h,pminervi,r,08/25/2026,17:06:24,eddie@node1n07.ecdf.ed.ac.uk,1,4368
57582774,0.04013,lw_b11_24h,pminervi,r,08/25/2026,17:01:43,eddie@node1i16.ecdf.ed.ac.uk,1,4366
57582774,0.04013,lw_b11_24h,pminervi,r,08/25/2026,17:00:58,eddie@node1l21.ecdf.ed.ac.uk,1,4365
57582774,0.04012,lw_b11_24h,pminervi,r,08/25/2026,16:54:58,eddie@node1l21.ecdf.ed.ac.uk,1,4364
57582774,0.04012,lw_b11_24h,pminervi,r,08/25/2026,16:54:28,eddie@node1f09.ecdf.ed.ac.uk,1,4363
57582774,0.04012,lw_b11_24h,pminervi,r,08/25/2026,16:53:20,eddie@node1i15.ecdf.ed.ac.uk,1,4362
57582774,0.04011,lw_b11_24h,pminervi,r,08/25/2026,16:52:20,eddie@node1l22.ecdf.ed.ac.uk,1,4361
57582774,0.04011,lw_b11_24h,pminervi,r,08/25/2026,16:50:06,eddie@node1i16.ecdf.ed.ac.uk,1,4360
57582774,0.04011,lw_b11_24h,pminervi,r,08/25/2026,16:47:44,eddie@node1l27.ecdf.ed.ac.uk,1,4358
57582774,0.04011,lw_b11_24h,pminervi,r,08/25/2026,16:49:23,eddie@node1o05.ecdf.ed.ac.uk,1,4359
57582774,0.04011,lw_b11_24h,pminervi,r,08/25/2026,16:46:05,eddie@node1f10.ecdf.ed.ac.uk,1,4357
57582774,0.04010,lw_b11_24h,pminervi,r,08/25/2026,16:43:54,eddie@node1i02.ecdf.ed.ac.uk,1,4355
57582774,0.04010,lw_b11_24h,pminervi,r,08/25/2026,16:43:54,eddie@node1l24.ecdf.ed.ac.uk,1,4356
57582774,0.04010,lw_b11_24h,pminervi,r,08/25/2026,16:42:09,eddie@node1r18.ecdf.ed.ac.uk,1,4354
57582774,0.04010,lw_b11_24h,pminervi,r,08/25/2026,16:41:39,eddie@node1f06.ecdf.ed.ac.uk,1,4353
57582774,0.04010,lw_b11_24h,pminervi,r,08/25/2026,16:40:39,eddie@node1i06.ecdf.ed.ac.uk,1,4352
57582774,0.04009,lw_b11_24h,pminervi,r,08/25/2026,16:38:20,eddie@node1i16.ecdf.ed.ac.uk,1,4350
57582774,0.04009,lw_b11_24h,pminervi,r,08/25/2026,16:38:20,eddie@node1h03.ecdf.ed.ac.uk,1,4351
57582774,0.04008,lw_b11_24h,pminervi,r,08/25/2026,16:29:30,eddie@node1o05.ecdf.ed.ac.uk,1,4348
57582774,0.04008,lw_b11_24h,pminervi,r,08/25/2026,16:30:15,eddie@node1l28.ecdf.ed.ac.uk,1,4349
57582774,0.04007,lw_b11_24h,pminervi,r,08/25/2026,16:25:51,eddie@node1o06.ecdf.ed.ac.uk,1,4346
57582774,0.04007,lw_b11_24h,pminervi,r,08/25/2026,16:25:51,eddie@node1r15.ecdf.ed.ac.uk,1,4347
57582774,0.04007,lw_b11_24h,pminervi,r,08/25/2026,16:23:51,eddie@node1s19.ecdf.ed.ac.uk,1,4345
57582774,0.04007,lw_b11_24h,pminervi,r,08/25/2026,16:22:21,eddie@node1i14.ecdf.ed.ac.uk,1,4343
57582774,0.04007,lw_b11_24h,pminervi,r,08/25/2026,16:23:06,eddie@node1h04.ecdf.ed.ac.uk,1,4344
57582774,0.04006,lw_b11_24h,pminervi,r,08/25/2026,16:20:54,eddie@node1f07.ecdf.ed.ac.uk,1,4342
57582774,0.04003,lw_b11_24h,pminervi,r,08/25/2026,16:01:55,eddie@node1l26.ecdf.ed.ac.uk,1,4335
57582774,0.04003,lw_b11_24h,pminervi,r,08/25/2026,16:11:54,eddie@node1f07.ecdf.ed.ac.uk,1,4341
57582774,0.04003,lw_b11_24h,pminervi,r,08/25/2026,16:09:07,eddie@node1l22.ecdf.ed.ac.uk,1,4340
57582774,0.04003,lw_b11_24h,pminervi,r,08/25/2026,16:07:07,eddie@node1f12.ecdf.ed.ac.uk,1,4338
57582774,0.04003,lw_b11_24h,pminervi,r,08/25/2026,16:07:52,eddie@node1o05.ecdf.ed.ac.uk,1,4339
57582774,0.04003,lw_b11_24h,pminervi,r,08/25/2026,16:03:40,eddie@node1n06.ecdf.ed.ac.uk,1,4336
57582774,0.04003,lw_b11_24h,pminervi,r,08/25/2026,16:04:10,eddie@node1l22.ecdf.ed.ac.uk,1,4337
57582774,0.04003,lw_b11_24h,pminervi,r,08/25/2026,16:01:25,eddie@node1o04.ecdf.ed.ac.uk,1,4334
57582774,0.04003,lw_b11_24h,pminervi,r,08/25/2026,15:57:55,eddie@node1f13.ecdf.ed.ac.uk,1,4333
57582774,0.04003,lw_b11_24h,pminervi,r,08/25/2026,15:56:55,eddie@node1f06.ecdf.ed.ac.uk,1,4332
57582774,0.04002,lw_b11_24h,pminervi,r,08/25/2026,15:56:40,eddie@node1j28.ecdf.ed.ac.uk,1,4331
57582774,0.04002,lw_b11_24h,pminervi,r,08/25/2026,15:53:35,eddie@node1r07.ecdf.ed.ac.uk,1,4330
57582774,0.04001,lw_b11_24h,pminervi,r,08/25/2026,15:47:20,eddie@node1i03.ecdf.ed.ac.uk,1,4329
57582774,0.04000,lw_b11_24h,pminervi,r,08/25/2026,15:44:41,eddie@node1l22.ecdf.ed.ac.uk,1,4328
57582774,0.03999,lw_b11_24h,pminervi,r,08/25/2026,15:37:15,eddie@node1f06.ecdf.ed.ac.uk,1,4327
57582774,0.03999,lw_b11_24h,pminervi,r,08/25/2026,15:33:45,eddie@node1h16.ecdf.ed.ac.uk,1,4324
57582774,0.03999,lw_b11_24h,pminervi,r,08/25/2026,15:34:30,eddie@node1h16.ecdf.ed.ac.uk,1,4325
57582774,0.03999,lw_b11_24h,pminervi,r,08/25/2026,15:34:45,eddie@node1i14.ecdf.ed.ac.uk,1,4326
57582774,0.03999,lw_b11_24h,pminervi,r,08/25/2026,15:32:15,eddie@node1i03.ecdf.ed.ac.uk,1,4323
57582774,0.03998,lw_b11_24h,pminervi,r,08/25/2026,15:29:15,eddie@node1f10.ecdf.ed.ac.uk,1,4322
57582774,0.03997,lw_b11_24h,pminervi,r,08/25/2026,15:23:58,eddie@node1l25.ecdf.ed.ac.uk,1,4320
57582774,0.03997,lw_b11_24h,pminervi,r,08/25/2026,15:23:58,eddie@node1h10.ecdf.ed.ac.uk,1,4321
57582774,0.03997,lw_b11_24h,pminervi,r,08/25/2026,15:23:29,eddie@node1l24.ecdf.ed.ac.uk,1,4318
57582774,0.03997,lw_b11_24h,pminervi,r,08/25/2026,15:23:29,eddie@node1h10.ecdf.ed.ac.uk,1,4319
57582774,0.03997,lw_b11_24h,pminervi,r,08/25/2026,15:22:46,eddie@node1f11.ecdf.ed.ac.uk,1,4317
57582774,0.03997,lw_b11_24h,pminervi,r,08/25/2026,15:21:46,eddie@node1l27.ecdf.ed.ac.uk,1,4316
57582774,0.03997,lw_b11_24h,pminervi,r,08/25/2026,15:20:31,eddie@node1r18.ecdf.ed.ac.uk,1,4315
57582774,0.03996,lw_b11_24h,pminervi,r,08/25/2026,15:14:48,eddie@node1i03.ecdf.ed.ac.uk,1,4314
57582774,0.03995,lw_b11_24h,pminervi,r,08/25/2026,15:11:48,eddie@node1i13.ecdf.ed.ac.uk,1,4312
57582774,0.03995,lw_b11_24h,pminervi,r,08/25/2026,15:11:48,eddie@node1s19.ecdf.ed.ac.uk,1,4313
57582774,0.03995,lw_b11_24h,pminervi,r,08/25/2026,15:08:00,eddie@node1r14.ecdf.ed.ac.uk,1,4311
57582774,0.03994,lw_b11_24h,pminervi,r,08/25/2026,15:04:15,eddie@node1f13.ecdf.ed.ac.uk,1,4309
57582774,0.03994,lw_b11_24h,pminervi,r,08/25/2026,15:06:15,eddie@node1h24.ecdf.ed.ac.uk,1,4310
57582774,0.03993,lw_b11_24h,pminervi,r,08/25/2026,15:00:30,eddie@node1s17.ecdf.ed.ac.uk,1,4308
57582774,0.03993,lw_b11_24h,pminervi,r,08/25/2026,14:57:45,eddie@node1l23.ecdf.ed.ac.uk,1,4307
57582774,0.03993,lw_b11_24h,pminervi,r,08/25/2026,14:55:15,eddie@node1i14.ecdf.ed.ac.uk,1,4305
57582774,0.03993,lw_b11_24h,pminervi,r,08/25/2026,14:55:15,eddie@node1s13.ecdf.ed.ac.uk,1,4306
57582774,0.03991,lw_b11_24h,pminervi,r,08/25/2026,14:45:19,eddie@node1l22.ecdf.ed.ac.uk,1,4302
57582774,0.03991,lw_b11_24h,pminervi,r,08/25/2026,14:45:34,eddie@node1f13.ecdf.ed.ac.uk,1,4303
57582774,0.03991,lw_b11_24h,pminervi,r,08/25/2026,14:42:09,eddie@node1i13.ecdf.ed.ac.uk,1,4301
57582774,0.03989,lw_b11_24h,pminervi,r,08/25/2026,14:40:07,eddie@node1i02.ecdf.ed.ac.uk,1,4299
57582774,0.03989,lw_b11_24h,pminervi,r,08/25/2026,14:40:07,eddie@node1i14.ecdf.ed.ac.uk,1,4300
57582774,0.03989,lw_b11_24h,pminervi,r,08/25/2026,14:33:07,eddie@node1f12.ecdf.ed.ac.uk,1,4294
57582774,0.03989,lw_b11_24h,pminervi,r,08/25/2026,14:35:22,eddie@node1i07.ecdf.ed.ac.uk,1,4297
57582774,0.03989,lw_b11_24h,pminervi,r,08/25/2026,14:37:37,eddie@node1l28.ecdf.ed.ac.uk,1,4298
57582774,0.03989,lw_b11_24h,pminervi,r,08/25/2026,14:33:22,eddie@node1f09.ecdf.ed.ac.uk,1,4295
57582774,0.03989,lw_b11_24h,pminervi,r,08/25/2026,14:32:52,eddie@node1f10.ecdf.ed.ac.uk,1,4293
57582774,0.03989,lw_b11_24h,pminervi,r,08/25/2026,14:32:31,eddie@node1f07.ecdf.ed.ac.uk,1,4292
57582774,0.03988,lw_b11_24h,pminervi,r,08/25/2026,14:30:46,eddie@node1i16.ecdf.ed.ac.uk,1,4291
57582774,0.03988,lw_b11_24h,pminervi,r,08/25/2026,14:30:16,eddie@node1i03.ecdf.ed.ac.uk,1,4290
57582774,0.03988,lw_b11_24h,pminervi,r,08/25/2026,14:30:01,eddie@node1f12.ecdf.ed.ac.uk,1,4289
57582774,0.03988,lw_b11_24h,pminervi,r,08/25/2026,14:29:16,eddie@node1r15.ecdf.ed.ac.uk,1,4288
57582774,0.03988,lw_b11_24h,pminervi,r,08/25/2026,14:26:01,eddie@node1f06.ecdf.ed.ac.uk,1,4285
57582774,0.03988,lw_b11_24h,pminervi,r,08/25/2026,14:26:16,eddie@node1i15.ecdf.ed.ac.uk,1,4286
57582774,0.03988,lw_b11_24h,pminervi,r,08/25/2026,14:26:46,eddie@node1f09.ecdf.ed.ac.uk,1,4287
57582774,0.03988,lw_b11_24h,pminervi,r,08/25/2026,14:25:16,eddie@node1i02.ecdf.ed.ac.uk,1,4284
57582774,0.03988,lw_b11_24h,pminervi,r,08/25/2026,14:24:31,eddie@node1s18.ecdf.ed.ac.uk,1,4283
57582774,0.03988,lw_b11_24h,pminervi,r,08/25/2026,14:23:31,eddie@node1o08.ecdf.ed.ac.uk,1,4282
57582774,0.03987,lw_b11_24h,pminervi,r,08/25/2026,14:20:53,eddie@node1f10.ecdf.ed.ac.uk,1,4280
57582774,0.03987,lw_b11_24h,pminervi,r,08/25/2026,14:21:11,eddie@node1i02.ecdf.ed.ac.uk,1,4281
57582774,0.03987,lw_b11_24h,pminervi,r,08/25/2026,14:18:42,eddie@node1i02.ecdf.ed.ac.uk,1,4279
57582774,0.03985,lw_b11_24h,pminervi,r,08/25/2026,14:15:12,eddie@node1i13.ecdf.ed.ac.uk,1,4274
57582774,0.03985,lw_b11_24h,pminervi,r,08/25/2026,14:15:12,eddie@node1f06.ecdf.ed.ac.uk,1,4275
57582774,0.03985,lw_b11_24h,pminervi,r,08/25/2026,14:15:12,eddie@node1s13.ecdf.ed.ac.uk,1,4276
57582774,0.03985,lw_b11_24h,pminervi,r,08/25/2026,14:13:42,eddie@node1f06.ecdf.ed.ac.uk,1,4271
57582774,0.03985,lw_b11_24h,pminervi,r,08/25/2026,14:13:42,eddie@node1i02.ecdf.ed.ac.uk,1,4272
57582774,0.03985,lw_b11_24h,pminervi,r,08/25/2026,14:15:57,eddie@node1n02.ecdf.ed.ac.uk,1,4277
57582774,0.03985,lw_b11_24h,pminervi,r,08/25/2026,14:14:42,eddie@node1n05.ecdf.ed.ac.uk,1,4273
57582774,0.03985,lw_b11_24h,pminervi,r,08/25/2026,14:11:27,eddie@node1f07.ecdf.ed.ac.uk,1,4267
57582774,0.03985,lw_b11_24h,pminervi,r,08/25/2026,14:11:27,eddie@node1f07.ecdf.ed.ac.uk,1,4268
57582774,0.03985,lw_b11_24h,pminervi,r,08/25/2026,14:12:27,eddie@node1l21.ecdf.ed.ac.uk,1,4269
57582774,0.03985,lw_b11_24h,pminervi,r,08/25/2026,14:12:57,eddie@node1l25.ecdf.ed.ac.uk,1,4270
57582774,0.03985,lw_b11_24h,pminervi,r,08/25/2026,14:17:27,eddie@node1i16.ecdf.ed.ac.uk,1,4278
57582774,0.03985,lw_b11_24h,pminervi,r,08/25/2026,14:09:27,eddie@node1f07.ecdf.ed.ac.uk,1,4265
57582774,0.03985,lw_b11_24h,pminervi,r,08/25/2026,14:09:12,eddie@node1l27.ecdf.ed.ac.uk,1,4264
57582774,0.03985,lw_b11_24h,pminervi,r,08/25/2026,14:09:57,eddie@node1f07.ecdf.ed.ac.uk,1,4266
57582774,0.03985,lw_b11_24h,pminervi,r,08/25/2026,14:07:36,eddie@node1i14.ecdf.ed.ac.uk,1,4262
57582774,0.03985,lw_b11_24h,pminervi,r,08/25/2026,14:07:36,eddie@node1r14.ecdf.ed.ac.uk,1,4263
57582774,0.03984,lw_b11_24h,pminervi,r,08/25/2026,13:59:36,eddie@node1i13.ecdf.ed.ac.uk,1,4258
57582774,0.03984,lw_b11_24h,pminervi,r,08/25/2026,13:59:21,eddie@node1f10.ecdf.ed.ac.uk,1,4257
57582774,0.03984,lw_b11_24h,pminervi,r,08/25/2026,14:01:21,eddie@node1f08.ecdf.ed.ac.uk,1,4259
57582774,0.03984,lw_b11_24h,pminervi,r,08/25/2026,14:03:06,eddie@node1f09.ecdf.ed.ac.uk,1,4260
57582774,0.03983,lw_b11_24h,pminervi,r,08/25/2026,13:53:13,eddie@node1s19.ecdf.ed.ac.uk,1,4255
57582774,0.03983,lw_b11_24h,pminervi,r,08/25/2026,13:53:43,eddie@node1f09.ecdf.ed.ac.uk,1,4256
57582774,0.03983,lw_b11_24h,pminervi,r,08/25/2026,13:52:36,eddie@node1o10.ecdf.ed.ac.uk,1,4254
57582774,0.03983,lw_b11_24h,pminervi,r,08/25/2026,13:52:06,eddie@node1i16.ecdf.ed.ac.uk,1,4253
57582774,0.03982,lw_b11_24h,pminervi,r,08/25/2026,13:50:46,eddie@node1l22.ecdf.ed.ac.uk,1,4252
57582774,0.03982,lw_b11_24h,pminervi,r,08/25/2026,13:48:46,eddie@node1i07.ecdf.ed.ac.uk,1,4251
57582774,0.03982,lw_b11_24h,pminervi,r,08/25/2026,13:45:23,eddie@node1h06.ecdf.ed.ac.uk,1,4250
57582774,0.03981,lw_b11_24h,pminervi,r,08/25/2026,13:43:30,eddie@node1n06.ecdf.ed.ac.uk,1,4246
57582774,0.03981,lw_b11_24h,pminervi,r,08/25/2026,13:42:15,eddie@node1n07.ecdf.ed.ac.uk,1,4245
57582774,0.03981,lw_b11_24h,pminervi,r,08/25/2026,13:43:45,eddie@node1i13.ecdf.ed.ac.uk,1,4247
57582774,0.03981,lw_b11_24h,pminervi,r,08/25/2026,13:43:45,eddie@node1i13.ecdf.ed.ac.uk,1,4248
57582774,0.03981,lw_b11_24h,pminervi,r,08/25/2026,13:44:15,eddie@node1i14.ecdf.ed.ac.uk,1,4249
57582774,0.03980,lw_b11_24h,pminervi,r,08/25/2026,13:37:05,eddie@node1f10.ecdf.ed.ac.uk,1,4244
57582774,0.03980,lw_b11_24h,pminervi,r,08/25/2026,13:36:20,eddie@node1n07.ecdf.ed.ac.uk,1,4243
57582774,0.03980,lw_b11_24h,pminervi,r,08/25/2026,13:36:05,eddie@node1i13.ecdf.ed.ac.uk,1,4242
57582774,0.03980,lw_b11_24h,pminervi,r,08/25/2026,13:34:05,eddie@node1f06.ecdf.ed.ac.uk,1,4241
57582774,0.03979,lw_b11_24h,pminervi,r,08/25/2026,13:31:50,eddie@node1f11.ecdf.ed.ac.uk,1,4239
57582774,0.03979,lw_b11_24h,pminervi,r,08/25/2026,13:31:50,eddie@node1f09.ecdf.ed.ac.uk,1,4240
57582774,0.03979,lw_b11_24h,pminervi,r,08/25/2026,13:31:20,eddie@node1i15.ecdf.ed.ac.uk,1,4238
57582774,0.03979,lw_b11_24h,pminervi,r,08/25/2026,13:30:20,eddie@node1l26.ecdf.ed.ac.uk,1,4237
57582774,0.03979,lw_b11_24h,pminervi,r,08/25/2026,13:29:50,eddie@node1f06.ecdf.ed.ac.uk,1,4235
57582774,0.03979,lw_b11_24h,pminervi,r,08/25/2026,13:29:50,eddie@node1i02.ecdf.ed.ac.uk,1,4236
57582774,0.03979,lw_b11_24h,pminervi,r,08/25/2026,13:28:01,eddie@node1i02.ecdf.ed.ac.uk,1,4234
57582774,0.03979,lw_b11_24h,pminervi,r,08/25/2026,13:26:36,eddie@node1i02.ecdf.ed.ac.uk,1,4233
57582774,0.03978,lw_b11_24h,pminervi,r,08/25/2026,13:24:45,eddie@node1i16.ecdf.ed.ac.uk,1,4232
57582774,0.03978,lw_b11_24h,pminervi,r,08/25/2026,13:22:30,eddie@node1f11.ecdf.ed.ac.uk,1,4231
57582774,0.03978,lw_b11_24h,pminervi,r,08/25/2026,13:20:00,eddie@node1o09.ecdf.ed.ac.uk,1,4228
57582774,0.03977,lw_b11_24h,pminervi,r,08/25/2026,13:19:00,eddie@node1i14.ecdf.ed.ac.uk,1,4227
57582774,0.03977,lw_b11_24h,pminervi,r,08/25/2026,13:21:15,eddie@node1s13.ecdf.ed.ac.uk,1,4229
57582774,0.03977,lw_b11_24h,pminervi,r,08/25/2026,13:22:00,eddie@node1s13.ecdf.ed.ac.uk,1,4230
57582774,0.03977,lw_b11_24h,pminervi,r,08/25/2026,13:18:45,eddie@node1f10.ecdf.ed.ac.uk,1,4226
57582774,0.03977,lw_b11_24h,pminervi,r,08/25/2026,13:16:00,eddie@node1f09.ecdf.ed.ac.uk,1,4224
57582774,0.03977,lw_b11_24h,pminervi,r,08/25/2026,13:16:15,eddie@node1f10.ecdf.ed.ac.uk,1,4225
57582774,0.03976,lw_b11_24h,pminervi,r,08/25/2026,13:12:00,eddie@node1i13.ecdf.ed.ac.uk,1,4222
57582774,0.03976,lw_b11_24h,pminervi,r,08/25/2026,13:12:15,eddie@node1f11.ecdf.ed.ac.uk,1,4223
57582774,0.03976,lw_b11_24h,pminervi,r,08/25/2026,13:09:00,eddie@node1i02.ecdf.ed.ac.uk,1,4220
57582774,0.03976,lw_b11_24h,pminervi,r,08/25/2026,13:10:00,eddie@node1f09.ecdf.ed.ac.uk,1,4221
57582774,0.03976,lw_b11_24h,pminervi,r,08/25/2026,13:08:45,eddie@node1l24.ecdf.ed.ac.uk,1,4219
57582774,0.03975,lw_b11_24h,pminervi,r,08/25/2026,13:05:45,eddie@node1o13.ecdf.ed.ac.uk,1,4217
57582774,0.03975,lw_b11_24h,pminervi,r,08/25/2026,13:07:23,eddie@node1f09.ecdf.ed.ac.uk,1,4218
57582774,0.03975,lw_b11_24h,pminervi,r,08/25/2026,13:04:45,eddie@node1i02.ecdf.ed.ac.uk,1,4216
57582774,0.03975,lw_b11_24h,pminervi,r,08/25/2026,13:04:14,eddie@node1h06.ecdf.ed.ac.uk,1,4215
57582774,0.03975,lw_b11_24h,pminervi,r,08/25/2026,13:03:44,eddie@node1i14.ecdf.ed.ac.uk,1,4214
57582774,0.03975,lw_b11_24h,pminervi,r,08/25/2026,13:02:23,eddie@node1s19.ecdf.ed.ac.uk,1,4212
57582774,0.03974,lw_b11_24h,pminervi,r,08/25/2026,13:02:38,eddie@node1n07.ecdf.ed.ac.uk,1,4213
57582774,0.03974,lw_b11_24h,pminervi,r,08/25/2026,12:59:08,eddie@node1f13.ecdf.ed.ac.uk,1,4209
57582774,0.03974,lw_b11_24h,pminervi,r,08/25/2026,13:00:38,eddie@node1f09.ecdf.ed.ac.uk,1,4210
57582774,0.03974,lw_b11_24h,pminervi,r,08/25/2026,13:01:08,eddie@node1f09.ecdf.ed.ac.uk,1,4211
57582774,0.03974,lw_b11_24h,pminervi,r,08/25/2026,12:58:03,eddie@node1h16.ecdf.ed.ac.uk,1,4208
57582774,0.03974,lw_b11_24h,pminervi,r,08/25/2026,12:57:03,eddie@node1f08.ecdf.ed.ac.uk,1,4206
57582774,0.03974,lw_b11_24h,pminervi,r,08/25/2026,12:57:33,eddie@node1i07.ecdf.ed.ac.uk,1,4207
57582774,0.03971,lw_b11_24h,pminervi,r,08/25/2026,12:38:33,eddie@node1i13.ecdf.ed.ac.uk,1,4194
57582774,0.03971,lw_b11_24h,pminervi,r,08/25/2026,12:37:18,eddie@node1i02.ecdf.ed.ac.uk,1,4193
57582774,0.03971,lw_b11_24h,pminervi,r,08/25/2026,12:53:48,eddie@node1r14.ecdf.ed.ac.uk,1,4205
57582774,0.03971,lw_b11_24h,pminervi,r,08/25/2026,12:50:33,eddie@node1i14.ecdf.ed.ac.uk,1,4204
57582774,0.03971,lw_b11_24h,pminervi,r,08/25/2026,12:49:33,eddie@node1f10.ecdf.ed.ac.uk,1,4203
57582774,0.03971,lw_b11_24h,pminervi,r,08/25/2026,12:47:03,eddie@node1o05.ecdf.ed.ac.uk,1,4201
57582774,0.03971,lw_b11_24h,pminervi,r,08/25/2026,12:48:18,eddie@node1i02.ecdf.ed.ac.uk,1,4202
57582774,0.03971,lw_b11_24h,pminervi,r,08/25/2026,12:45:03,eddie@node1f13.ecdf.ed.ac.uk,1,4200
57582774,0.03971,lw_b11_24h,pminervi,r,08/25/2026,12:42:48,eddie@node1o04.ecdf.ed.ac.uk,1,4198
57582774,0.03971,lw_b11_24h,pminervi,r,08/25/2026,12:43:18,eddie@node1f09.ecdf.ed.ac.uk,1,4199
57582774,0.03970,lw_b11_24h,pminervi,r,08/25/2026,12:39:33,eddie@node1f11.ecdf.ed.ac.uk,1,4195
57582774,0.03970,lw_b11_24h,pminervi,r,08/25/2026,12:39:48,eddie@node1f06.ecdf.ed.ac.uk,1,4196
57582774,0.03970,lw_b11_24h,pminervi,r,08/25/2026,12:40:03,eddie@node1f07.ecdf.ed.ac.uk,1,4197
57582774,0.03970,lw_b11_24h,pminervi,r,08/25/2026,12:35:48,eddie@node1i06.ecdf.ed.ac.uk,1,4192
57582774,0.03970,lw_b11_24h,pminervi,r,08/25/2026,12:33:54,eddie@node1f07.ecdf.ed.ac.uk,1,4191
57582774,0.03970,lw_b11_24h,pminervi,r,08/25/2026,12:32:49,eddie@node1f10.ecdf.ed.ac.uk,1,4190
57873594,0.03508,piece9,mzeng,r,08/26/2026,11:31:20,eddie@node1m14.ecdf.ed.ac.uk,1,7
56976090,0.03464,Experiment,s2060501,r,08/25/2026,09:27:13,eddie@node1s12.ecdf.ed.ac.uk,10,79
56976090,0.03451,Experiment,s2060501,r,08/25/2026,05:07:22,eddie@node1s12.ecdf.ed.ac.uk,10,78
56976090,0.03439,Experiment,s2060501,r,08/25/2026,02:17:49,eddie@node1s11.ecdf.ed.ac.uk,10,77
56976090,0.03435,Experiment,s2060501,r,08/25/2026,01:35:19,eddie@node1s11.ecdf.ed.ac.uk,10,76
56976090,0.03435,Experiment,s2060501,r,08/25/2026,01:22:19,eddie@node1s11.ecdf.ed.ac.uk,10,75
57865572,0.03377,eqw_npt_ri,s2713107,r,08/26/2026,03:27:24,eddie@node1f16.ecdf.ed.ac.uk,256
56976090,0.03088,Experiment,s2060501,r,08/21/2026,07:34:33,eddie@node1s12.ecdf.ed.ac.uk,10,74
56976090,0.03074,Experiment,s2060501,r,08/21/2026,04:02:54,eddie@node1s10.ecdf.ed.ac.uk,10,73
56976090,0.03073,Experiment,s2060501,r,08/21/2026,01:15:09,eddie@node1s10.ecdf.ed.ac.uk,10,72
56976090,0.03018,Experiment,s2060501,r,08/20/2026,14:41:27,eddie@node1s11.ecdf.ed.ac.uk,10,71
57873594,0.03007,piece9,mzeng,r,08/26/2026,11:31:20,eddie@node1j25.ecdf.ed.ac.uk,1,8
56976090,0.02941,Experiment,s2060501,r,08/19/2026,15:24:12,eddie@node1s10.ecdf.ed.ac.uk,10,59
56976090,0.02941,Experiment,s2060501,r,08/19/2026,15:36:30,eddie@node1s10.ecdf.ed.ac.uk,10,60
56976090,0.02940,Experiment,s2060501,r,08/19/2026,15:10:19,eddie@node1s10.ecdf.ed.ac.uk,10,58
56976090,0.02921,Experiment,s2060501,r,08/19/2026,09:45:02,eddie@node1n04.ecdf.ed.ac.uk,10,56
56976090,0.02919,Experiment,s2060501,r,08/19/2026,09:24:25,eddie@node1n04.ecdf.ed.ac.uk,10,55
56976090,0.02919,Experiment,s2060501,r,08/19/2026,09:45:02,eddie@node1n04.ecdf.ed.ac.uk,10,57
57660905,0.02850,snakemake,rroehe,r,08/25/2026,13:48:46,eddie@node1s09.ecdf.ed.ac.uk,8,12
56860680,0.02662,runlisfloo,awilso19,r,08/09/2026,21:00:24,eddie@node1n11.ecdf.ed.ac.uk,1,5654
56860680,0.02662,runlisfloo,awilso19,r,08/09/2026,21:00:56,eddie@node1n11.ecdf.ed.ac.uk,1,5655
56860680,0.02662,runlisfloo,awilso19,r,08/09/2026,21:06:11,eddie@node1n11.ecdf.ed.ac.uk,1,5658
56860680,0.02662,runlisfloo,awilso19,r,08/09/2026,21:07:08,eddie@node1n11.ecdf.ed.ac.uk,1,5659
56860680,0.02662,runlisfloo,awilso19,r,08/09/2026,21:07:24,eddie@node1n11.ecdf.ed.ac.uk,1,5660
56860680,0.02662,runlisfloo,awilso19,r,08/09/2026,21:05:10,eddie@node1n11.ecdf.ed.ac.uk,1,5656
56860680,0.02662,runlisfloo,awilso19,r,08/09/2026,21:05:54,eddie@node1n11.ecdf.ed.ac.uk,1,5657
56860680,0.02662,runlisfloo,awilso19,r,08/09/2026,20:59:57,eddie@node1n11.ecdf.ed.ac.uk,1,5653
56860680,0.02661,runlisfloo,awilso19,r,08/09/2026,20:55:08,eddie@node1n11.ecdf.ed.ac.uk,1,5646
56860680,0.02661,runlisfloo,awilso19,r,08/09/2026,20:55:38,eddie@node1n11.ecdf.ed.ac.uk,1,5647
56860680,0.02661,runlisfloo,awilso19,r,08/09/2026,20:57:53,eddie@node1n11.ecdf.ed.ac.uk,1,5652
56860680,0.02661,runlisfloo,awilso19,r,08/09/2026,20:55:53,eddie@node1n11.ecdf.ed.ac.uk,1,5648
56860680,0.02661,runlisfloo,awilso19,r,08/09/2026,20:56:10,eddie@node1n11.ecdf.ed.ac.uk,1,5649
56860680,0.02661,runlisfloo,awilso19,r,08/09/2026,20:57:26,eddie@node1n11.ecdf.ed.ac.uk,1,5651
56860680,0.02661,runlisfloo,awilso19,r,08/09/2026,20:54:38,eddie@node1n11.ecdf.ed.ac.uk,1,5645
57873594,0.02631,piece9,mzeng,r,08/26/2026,11:31:20,eddie@node1o07.ecdf.ed.ac.uk,1,9
57873594,0.02338,piece9,mzeng,r,08/26/2026,11:31:20,eddie@node1j25.ecdf.ed.ac.uk,1,10
57710568,0.02141,TRANCEPTIO,blivesey,r,08/26/2026,11:09:30,gpu@node1g06.ecdf.ed.ac.uk,1,304
57710568,0.02105,TRANCEPTIO,blivesey,r,08/26/2026,11:54:42,gpu@node1g07.ecdf.ed.ac.uk,1,305
57873594,0.02105,piece9,mzeng,r,08/26/2026,11:31:20,eddie@node1o07.ecdf.ed.ac.uk,1,11
57710568,0.02104,TRANCEPTIO,blivesey,r,08/26/2026,12:11:37,gpu@node1g06.ecdf.ed.ac.uk,1,306
57710568,0.02004,TRANCEPTIO,blivesey,r,08/26/2026,07:55:09,gpu@node1g02.ecdf.ed.ac.uk,1,301
57710568,0.01991,TRANCEPTIO,blivesey,r,08/26/2026,06:35:50,gpu@node1g06.ecdf.ed.ac.uk,1,296
57754698,0.01957,inward-r2,s2198147,r,08/25/2026,23:20:30,gpu@node1q07.ecdf.ed.ac.uk,24,4
57873594,0.01913,piece9,mzeng,r,08/26/2026,11:31:20,eddie@node1r05.ecdf.ed.ac.uk,1,12
57754697,0.01902,inward-r1,s2198147,r,08/25/2026,23:19:30,gpu@node1o17.ecdf.ed.ac.uk,24,4
57754700,0.01902,inward-r4,s2198147,r,08/25/2026,23:21:45,gpu@node1s04.ecdf.ed.ac.uk,24,4
57754699,0.01902,inward-r3,s2198147,r,08/25/2026,23:20:30,gpu@node1o16.ecdf.ed.ac.uk,24,4
57873594,0.01754,piece9,mzeng,r,08/26/2026,11:31:20,eddie@node1o08.ecdf.ed.ac.uk,1,13
57728307,0.01744,runlisfloo,asiripat,r,08/26/2026,11:50:54,eddie@node1s10.ecdf.ed.ac.uk,1,8834
57728307,0.01744,runlisfloo,asiripat,r,08/26/2026,11:50:54,eddie@node1s10.ecdf.ed.ac.uk,1,8835
57728307,0.01744,runlisfloo,asiripat,r,08/26/2026,11:50:54,eddie@node1s10.ecdf.ed.ac.uk,1,8836
57728307,0.01744,runlisfloo,asiripat,r,08/26/2026,11:50:54,eddie@node1s10.ecdf.ed.ac.uk,1,8837
57728307,0.01744,runlisfloo,asiripat,r,08/26/2026,11:50:54,eddie@node1s10.ecdf.ed.ac.uk,1,8838
57728307,0.01744,runlisfloo,asiripat,r,08/26/2026,11:50:54,eddie@node1s10.ecdf.ed.ac.uk,1,8839
57728307,0.01744,runlisfloo,asiripat,r,08/26/2026,11:50:54,eddie@node1s10.ecdf.ed.ac.uk,1,8840
57728307,0.01744,runlisfloo,asiripat,r,08/26/2026,11:50:54,eddie@node1s10.ecdf.ed.ac.uk,1,8841
57728307,0.01743,runlisfloo,asiripat,r,08/26/2026,11:51:09,eddie@node1s09.ecdf.ed.ac.uk,1,8842
57728307,0.01743,runlisfloo,asiripat,r,08/26/2026,11:51:09,eddie@node1s09.ecdf.ed.ac.uk,1,8843
57728307,0.01743,runlisfloo,asiripat,r,08/26/2026,11:51:09,eddie@node1s09.ecdf.ed.ac.uk,1,8844
57728307,0.01743,runlisfloo,asiripat,r,08/26/2026,11:51:09,eddie@node1s09.ecdf.ed.ac.uk,1,8845
57728307,0.01743,runlisfloo,asiripat,r,08/26/2026,11:51:09,eddie@node1s09.ecdf.ed.ac.uk,1,8846
57728307,0.01743,runlisfloo,asiripat,r,08/26/2026,11:51:09,eddie@node1s09.ecdf.ed.ac.uk,1,8847
57728307,0.01743,runlisfloo,asiripat,r,08/26/2026,11:48:13,eddie@node1s12.ecdf.ed.ac.uk,1,8833
57728307,0.01726,runlisfloo,asiripat,r,08/26/2026,10:08:02,eddie@node1s12.ecdf.ed.ac.uk,1,8832
57728307,0.01726,runlisfloo,asiripat,r,08/26/2026,10:04:33,eddie@node1s12.ecdf.ed.ac.uk,1,8831
57728307,0.01723,runlisfloo,asiripat,r,08/26/2026,09:50:53,eddie@node1s12.ecdf.ed.ac.uk,1,8830
57728307,0.01707,runlisfloo,asiripat,r,08/26/2026,08:17:03,eddie@node1s12.ecdf.ed.ac.uk,1,8829
57728307,0.01696,runlisfloo,asiripat,r,08/26/2026,07:10:35,eddie@node1s10.ecdf.ed.ac.uk,1,8828
57728307,0.01681,runlisfloo,asiripat,r,08/26/2026,05:43:57,eddie@node1s10.ecdf.ed.ac.uk,1,8827
57728307,0.01656,runlisfloo,asiripat,r,08/26/2026,03:14:25,eddie@node1s10.ecdf.ed.ac.uk,1,8826
57728307,0.01642,runlisfloo,asiripat,r,08/26/2026,01:48:55,eddie@node1s12.ecdf.ed.ac.uk,1,8825
57728307,0.01636,runlisfloo,asiripat,r,08/26/2026,01:10:35,eddie@node1k20.ecdf.ed.ac.uk,1,8824
57728307,0.01633,runlisfloo,asiripat,r,08/26/2026,00:49:32,eddie@node1s12.ecdf.ed.ac.uk,1,8823
57728307,0.01622,runlisfloo,asiripat,r,08/25/2026,23:48:15,eddie@node1s10.ecdf.ed.ac.uk,1,8822
57873594,0.01619,piece9,mzeng,r,08/26/2026,11:31:20,eddie@node1j25.ecdf.ed.ac.uk,1,14
57728307,0.01607,runlisfloo,asiripat,r,08/25/2026,22:19:00,eddie@node1n03.ecdf.ed.ac.uk,1,8821
57728307,0.01567,runlisfloo,asiripat,r,08/25/2026,18:14:26,eddie@node1s10.ecdf.ed.ac.uk,1,8820
57829466,0.01563,nf-estimat,akhamseh,r,08/24/2026,10:12:28,igmm_long@node1b01.ecdf.ed.ac.,32
57728307,0.01550,runlisfloo,asiripat,r,08/25/2026,16:32:21,eddie@node1s10.ecdf.ed.ac.uk,1,8819
57728307,0.01534,runlisfloo,asiripat,r,08/25/2026,15:05:45,eddie@node1s09.ecdf.ed.ac.uk,1,8813
57728307,0.01534,runlisfloo,asiripat,r,08/25/2026,15:05:45,eddie@node1s09.ecdf.ed.ac.uk,1,8814
57728307,0.01534,runlisfloo,asiripat,r,08/25/2026,15:05:45,eddie@node1s09.ecdf.ed.ac.uk,1,8815
57728307,0.01534,runlisfloo,asiripat,r,08/25/2026,15:05:45,eddie@node1s09.ecdf.ed.ac.uk,1,8816
57728307,0.01534,runlisfloo,asiripat,r,08/25/2026,15:05:45,eddie@node1s09.ecdf.ed.ac.uk,1,8817
57728307,0.01534,runlisfloo,asiripat,r,08/25/2026,15:05:45,eddie@node1s09.ecdf.ed.ac.uk,1,8818
57772185,0.01520,q_30nm-FC-,jross7,r,08/26/2026,12:21:59,gpu@node1p07.ecdf.ed.ac.uk,1,698
57772185,0.01520,q_30nm-FC-,jross7,r,08/26/2026,12:20:22,gpu@node1q09.ecdf.ed.ac.uk,1,697
57772185,0.01520,q_30nm-FC-,jross7,r,08/26/2026,12:23:09,gpu@node1p07.ecdf.ed.ac.uk,1,699
57772185,0.01520,q_30nm-FC-,jross7,r,08/26/2026,12:25:50,gpu@node1q08.ecdf.ed.ac.uk,1,703
57772185,0.01520,q_30nm-FC-,jross7,r,08/26/2026,12:24:58,gpu@node1r02.ecdf.ed.ac.uk,1,702
57772185,0.01520,q_30nm-FC-,jross7,r,08/26/2026,12:27:55,gpu@node1r02.ecdf.ed.ac.uk,1,705
57772185,0.01520,q_30nm-FC-,jross7,r,08/26/2026,12:24:52,gpu@node1q09.ecdf.ed.ac.uk,1,701
57772185,0.01520,q_30nm-FC-,jross7,r,08/26/2026,12:24:20,gpu@node1q08.ecdf.ed.ac.uk,1,700
57772185,0.01519,q_30nm-FC-,jross7,r,08/26/2026,12:26:28,gpu@node1r03.ecdf.ed.ac.uk,1,704
57772185,0.01519,q_30nm-FC-,jross7,r,08/26/2026,12:18:42,gpu@node1q08.ecdf.ed.ac.uk,1,696
57772185,0.01519,q_30nm-FC-,jross7,r,08/26/2026,12:15:21,gpu@node1g07.ecdf.ed.ac.uk,1,694
57772185,0.01518,q_30nm-FC-,jross7,r,08/26/2026,12:16:32,gpu@node1p07.ecdf.ed.ac.uk,1,695
57873594,0.01503,piece9,mzeng,r,08/26/2026,11:31:20,eddie@node1o08.ecdf.ed.ac.uk,1,15
57582774,0.01500,lw_b11_24h,pminervi,r,08/25/2026,12:30:35,eddie@node1f11.ecdf.ed.ac.uk,1,4189
57582774,0.01500,lw_b11_24h,pminervi,r,08/25/2026,12:25:50,eddie@node1f09.ecdf.ed.ac.uk,1,4187
57582774,0.01500,lw_b11_24h,pminervi,r,08/25/2026,12:25:50,eddie@node1h16.ecdf.ed.ac.uk,1,4188
57582774,0.01500,lw_b11_24h,pminervi,r,08/25/2026,12:25:35,eddie@node1f12.ecdf.ed.ac.uk,1,4186
57582774,0.01500,lw_b11_24h,pminervi,r,08/25/2026,12:25:05,eddie@node1o03.ecdf.ed.ac.uk,1,4185
57582774,0.01500,lw_b11_24h,pminervi,r,08/25/2026,12:24:26,eddie@node1n06.ecdf.ed.ac.uk,1,4183
57582774,0.01500,lw_b11_24h,pminervi,r,08/25/2026,12:24:26,eddie@node1l21.ecdf.ed.ac.uk,1,4184
57582774,0.01500,lw_b11_24h,pminervi,r,08/25/2026,12:23:56,eddie@node1i07.ecdf.ed.ac.uk,1,4181
57582774,0.01500,lw_b11_24h,pminervi,r,08/25/2026,12:24:11,eddie@node1o12.ecdf.ed.ac.uk,1,4182
57582774,0.01500,lw_b11_24h,pminervi,r,08/25/2026,12:21:41,eddie@node1i07.ecdf.ed.ac.uk,1,4179
57582774,0.01500,lw_b11_24h,pminervi,r,08/25/2026,12:22:26,eddie@node1f13.ecdf.ed.ac.uk,1,4180
57582774,0.01500,lw_b11_24h,pminervi,r,08/25/2026,12:21:15,eddie@node1i07.ecdf.ed.ac.uk,1,4178
57582774,0.01499,lw_b11_24h,pminervi,r,08/25/2026,12:19:37,eddie@node1h15.ecdf.ed.ac.uk,1,4177
57582774,0.01499,lw_b11_24h,pminervi,r,08/25/2026,12:18:07,eddie@node1f10.ecdf.ed.ac.uk,1,4176
57582774,0.01499,lw_b11_24h,pminervi,r,08/25/2026,12:16:07,eddie@node1i13.ecdf.ed.ac.uk,1,4175
57582774,0.01499,lw_b11_24h,pminervi,r,08/25/2026,12:14:07,eddie@node1f12.ecdf.ed.ac.uk,1,4173
57582774,0.01499,lw_b11_24h,pminervi,r,08/25/2026,12:14:22,eddie@node1f10.ecdf.ed.ac.uk,1,4174
57582774,0.01499,lw_b11_24h,pminervi,r,08/25/2026,12:13:52,eddie@node1i03.ecdf.ed.ac.uk,1,4172
57582774,0.01499,lw_b11_24h,pminervi,r,08/25/2026,12:12:37,eddie@node1i02.ecdf.ed.ac.uk,1,4171
57582774,0.01499,lw_b11_24h,pminervi,r,08/25/2026,12:11:07,eddie@node1i13.ecdf.ed.ac.uk,1,4170
57582774,0.01499,lw_b11_24h,pminervi,r,08/25/2026,12:10:22,eddie@node1i07.ecdf.ed.ac.uk,1,4169
57582774,0.01499,lw_b11_24h,pminervi,r,08/25/2026,12:10:07,eddie@node1f08.ecdf.ed.ac.uk,1,4168
57582774,0.01499,lw_b11_24h,pminervi,r,08/25/2026,12:06:30,eddie@node1o13.ecdf.ed.ac.uk,1,4167
57582774,0.01499,lw_b11_24h,pminervi,r,08/25/2026,12:05:09,eddie@node1i14.ecdf.ed.ac.uk,1,4165
57582774,0.01499,lw_b11_24h,pminervi,r,08/25/2026,12:04:39,eddie@node1f10.ecdf.ed.ac.uk,1,4164
57582774,0.01498,lw_b11_24h,pminervi,r,08/25/2026,12:01:43,eddie@node1i02.ecdf.ed.ac.uk,1,4161
57582774,0.01498,lw_b11_24h,pminervi,r,08/25/2026,12:03:14,eddie@node1i07.ecdf.ed.ac.uk,1,4162
57582774,0.01498,lw_b11_24h,pminervi,r,08/25/2026,12:03:14,eddie@node1l27.ecdf.ed.ac.uk,1,4163
57582774,0.01498,lw_b11_24h,pminervi,r,08/25/2026,12:00:55,eddie@node1i16.ecdf.ed.ac.uk,1,4159
57582774,0.01498,lw_b11_24h,pminervi,r,08/25/2026,12:01:10,eddie@node1l27.ecdf.ed.ac.uk,1,4160
57582774,0.01498,lw_b11_24h,pminervi,r,08/25/2026,11:51:51,eddie@node1i16.ecdf.ed.ac.uk,1,4151
57582774,0.01498,lw_b11_24h,pminervi,r,08/25/2026,11:51:51,eddie@node1i03.ecdf.ed.ac.uk,1,4152
57582774,0.01498,lw_b11_24h,pminervi,r,08/25/2026,11:52:21,eddie@node1i07.ecdf.ed.ac.uk,1,4153
57582774,0.01498,lw_b11_24h,pminervi,r,08/25/2026,11:52:36,eddie@node1f08.ecdf.ed.ac.uk,1,4154
57582774,0.01498,lw_b11_24h,pminervi,r,08/25/2026,11:53:21,eddie@node1f07.ecdf.ed.ac.uk,1,4155
57582774,0.01498,lw_b11_24h,pminervi,r,08/25/2026,11:53:51,eddie@node1f10.ecdf.ed.ac.uk,1,4156
57582774,0.01498,lw_b11_24h,pminervi,r,08/25/2026,11:51:06,eddie@node1f11.ecdf.ed.ac.uk,1,4150
57582774,0.01498,lw_b11_24h,pminervi,r,08/25/2026,11:48:28,eddie@node1f07.ecdf.ed.ac.uk,1,4148
57582774,0.01498,lw_b11_24h,pminervi,r,08/25/2026,11:48:58,eddie@node1i06.ecdf.ed.ac.uk,1,4149
57582774,0.01497,lw_b11_24h,pminervi,r,08/25/2026,11:47:43,eddie@node1i06.ecdf.ed.ac.uk,1,4147
57582774,0.01497,lw_b11_24h,pminervi,r,08/25/2026,11:46:45,eddie@node1o03.ecdf.ed.ac.uk,1,4146
57582774,0.01497,lw_b11_24h,pminervi,r,08/25/2026,11:45:24,eddie@node1i13.ecdf.ed.ac.uk,1,4145
57582774,0.01497,lw_b11_24h,pminervi,r,08/25/2026,11:44:44,eddie@node1l26.ecdf.ed.ac.uk,1,4144
57582774,0.01497,lw_b11_24h,pminervi,r,08/25/2026,11:44:14,eddie@node1f11.ecdf.ed.ac.uk,1,4143
57582774,0.01497,lw_b11_24h,pminervi,r,08/25/2026,11:39:44,eddie@node1f06.ecdf.ed.ac.uk,1,4142
57582774,0.01497,lw_b11_24h,pminervi,r,08/25/2026,11:38:10,eddie@node1f10.ecdf.ed.ac.uk,1,4141
57582774,0.01497,lw_b11_24h,pminervi,r,08/25/2026,11:36:28,eddie@node1i03.ecdf.ed.ac.uk,1,4140
57582774,0.01497,lw_b11_24h,pminervi,r,08/25/2026,11:35:01,eddie@node1i06.ecdf.ed.ac.uk,1,4139
57582774,0.01497,lw_b11_24h,pminervi,r,08/25/2026,11:33:01,eddie@node1f10.ecdf.ed.ac.uk,1,4138
57582774,0.01496,lw_b11_24h,pminervi,r,08/25/2026,11:31:31,eddie@node1f09.ecdf.ed.ac.uk,1,4137
57582774,0.01496,lw_b11_24h,pminervi,r,08/25/2026,11:30:31,eddie@node1i02.ecdf.ed.ac.uk,1,4136
57582774,0.01496,lw_b11_24h,pminervi,r,08/25/2026,11:29:01,eddie@node1f13.ecdf.ed.ac.uk,1,4134
57582774,0.01496,lw_b11_24h,pminervi,r,08/25/2026,11:29:01,eddie@node1i16.ecdf.ed.ac.uk,1,4135
57582774,0.01496,lw_b11_24h,pminervi,r,08/25/2026,11:27:46,eddie@node1i13.ecdf.ed.ac.uk,1,4133
57582774,0.01496,lw_b11_24h,pminervi,r,08/25/2026,11:26:31,eddie@node1f09.ecdf.ed.ac.uk,1,4132
57582774,0.01496,lw_b11_24h,pminervi,r,08/25/2026,11:24:16,eddie@node1l21.ecdf.ed.ac.uk,1,4131
57582774,0.01496,lw_b11_24h,pminervi,r,08/25/2026,11:23:01,eddie@node1f06.ecdf.ed.ac.uk,1,4130
57582774,0.01496,lw_b11_24h,pminervi,r,08/25/2026,11:22:47,eddie@node1i02.ecdf.ed.ac.uk,1,4129
57582774,0.01496,lw_b11_24h,pminervi,r,08/25/2026,11:19:49,eddie@node1f13.ecdf.ed.ac.uk,1,4128
57582774,0.01496,lw_b11_24h,pminervi,r,08/25/2026,11:18:19,eddie@node1f12.ecdf.ed.ac.uk,1,4126
57582774,0.01496,lw_b11_24h,pminervi,r,08/25/2026,11:18:49,eddie@node1l21.ecdf.ed.ac.uk,1,4127
57582774,0.01496,lw_b11_24h,pminervi,r,08/25/2026,11:17:49,eddie@node1f11.ecdf.ed.ac.uk,1,4125
57582774,0.01495,lw_b11_24h,pminervi,r,08/25/2026,11:13:04,eddie@node1f06.ecdf.ed.ac.uk,1,4124
57582774,0.01495,lw_b11_24h,pminervi,r,08/25/2026,11:11:01,eddie@node1f08.ecdf.ed.ac.uk,1,4122
57582774,0.01495,lw_b11_24h,pminervi,r,08/25/2026,11:11:01,eddie@node1f06.ecdf.ed.ac.uk,1,4123
57582774,0.01495,lw_b11_24h,pminervi,r,08/25/2026,11:10:43,eddie@node1f10.ecdf.ed.ac.uk,1,4121
57582774,0.01495,lw_b11_24h,pminervi,r,08/25/2026,11:09:58,eddie@node1l24.ecdf.ed.ac.uk,1,4120
57582774,0.01495,lw_b11_24h,pminervi,r,08/25/2026,11:06:58,eddie@node1f06.ecdf.ed.ac.uk,1,4119
57582774,0.01495,lw_b11_24h,pminervi,r,08/25/2026,11:05:43,eddie@node1f11.ecdf.ed.ac.uk,1,4118
57582774,0.01495,lw_b11_24h,pminervi,r,08/25/2026,11:03:30,eddie@node1f07.ecdf.ed.ac.uk,1,4117
57582774,0.01495,lw_b11_24h,pminervi,r,08/25/2026,11:00:30,eddie@node1i03.ecdf.ed.ac.uk,1,4116
57582774,0.01494,lw_b11_24h,pminervi,r,08/25/2026,10:58:24,eddie@node1f08.ecdf.ed.ac.uk,1,4114
57582774,0.01494,lw_b11_24h,pminervi,r,08/25/2026,10:58:24,eddie@node1f07.ecdf.ed.ac.uk,1,4115
57582774,0.01494,lw_b11_24h,pminervi,r,08/25/2026,10:49:50,eddie@node1r15.ecdf.ed.ac.uk,1,4112
57582774,0.01494,lw_b11_24h,pminervi,r,08/25/2026,10:49:50,eddie@node1l26.ecdf.ed.ac.uk,1,4113
57582774,0.01494,lw_b11_24h,pminervi,r,08/25/2026,10:49:05,eddie@node1i16.ecdf.ed.ac.uk,1,4111
57582774,0.01494,lw_b11_24h,pminervi,r,08/25/2026,10:48:05,eddie@node1f11.ecdf.ed.ac.uk,1,4110
57582774,0.01494,lw_b11_24h,pminervi,r,08/25/2026,10:46:35,eddie@node1o04.ecdf.ed.ac.uk,1,4109
57582774,0.01494,lw_b11_24h,pminervi,r,08/25/2026,10:45:50,eddie@node1f13.ecdf.ed.ac.uk,1,4108
57582774,0.01493,lw_b11_24h,pminervi,r,08/25/2026,10:41:05,eddie@node1f11.ecdf.ed.ac.uk,1,4107
57582774,0.01493,lw_b11_24h,pminervi,r,08/25/2026,10:37:50,eddie@node1f13.ecdf.ed.ac.uk,1,4104
57582774,0.01493,lw_b11_24h,pminervi,r,08/25/2026,10:38:20,eddie@node1f08.ecdf.ed.ac.uk,1,4105
57582774,0.01493,lw_b11_24h,pminervi,r,08/25/2026,10:38:35,eddie@node1i03.ecdf.ed.ac.uk,1,4106
57582774,0.01493,lw_b11_24h,pminervi,r,08/25/2026,10:36:05,eddie@node1f11.ecdf.ed.ac.uk,1,4103
57582774,0.01493,lw_b11_24h,pminervi,r,08/25/2026,10:35:05,eddie@node1i06.ecdf.ed.ac.uk,1,4102
57582774,0.01493,lw_b11_24h,pminervi,r,08/25/2026,10:34:20,eddie@node1i14.ecdf.ed.ac.uk,1,4101
57582774,0.01493,lw_b11_24h,pminervi,r,08/25/2026,10:32:35,eddie@node1f07.ecdf.ed.ac.uk,1,4100
57582774,0.01493,lw_b11_24h,pminervi,r,08/25/2026,10:29:26,eddie@node1f11.ecdf.ed.ac.uk,1,4098
57582774,0.01493,lw_b11_24h,pminervi,r,08/25/2026,10:29:26,eddie@node1f13.ecdf.ed.ac.uk,1,4099
57582774,0.01493,lw_b11_24h,pminervi,r,08/25/2026,10:27:41,eddie@node1f09.ecdf.ed.ac.uk,1,4097
57582774,0.01493,lw_b11_24h,pminervi,r,08/25/2026,10:27:26,eddie@node1f07.ecdf.ed.ac.uk,1,4096
57582774,0.01493,lw_b11_24h,pminervi,r,08/25/2026,10:26:26,eddie@node1n05.ecdf.ed.ac.uk,1,4095
57582774,0.01492,lw_b11_24h,pminervi,r,08/25/2026,10:23:41,eddie@node1f13.ecdf.ed.ac.uk,1,4094
57582774,0.01492,lw_b11_24h,pminervi,r,08/25/2026,10:23:11,eddie@node1i07.ecdf.ed.ac.uk,1,4093
57582774,0.01492,lw_b11_24h,pminervi,r,08/25/2026,10:22:26,eddie@node1f06.ecdf.ed.ac.uk,1,4091
57582774,0.01492,lw_b11_24h,pminervi,r,08/25/2026,10:22:41,eddie@node1f10.ecdf.ed.ac.uk,1,4092
57582774,0.01492,lw_b11_24h,pminervi,r,08/25/2026,10:20:25,eddie@node1i13.ecdf.ed.ac.uk,1,4090
57582774,0.01492,lw_b11_24h,pminervi,r,08/25/2026,10:19:40,eddie@node1r17.ecdf.ed.ac.uk,1,4089
57582774,0.01492,lw_b11_24h,pminervi,r,08/25/2026,10:18:28,eddie@node1o05.ecdf.ed.ac.uk,1,4088
57582774,0.01492,lw_b11_24h,pminervi,r,08/25/2026,10:17:28,eddie@node1r16.ecdf.ed.ac.uk,1,4087
57582774,0.01492,lw_b11_24h,pminervi,r,08/25/2026,10:12:43,eddie@node1f06.ecdf.ed.ac.uk,1,4086
57582774,0.01491,lw_b11_24h,pminervi,r,08/25/2026,10:09:28,eddie@node1o04.ecdf.ed.ac.uk,1,4085
57582774,0.01491,lw_b11_24h,pminervi,r,08/25/2026,10:07:58,eddie@node1f08.ecdf.ed.ac.uk,1,4084
57582774,0.01491,lw_b11_24h,pminervi,r,08/25/2026,10:06:13,eddie@node1f06.ecdf.ed.ac.uk,1,4083
57582774,0.01491,lw_b11_24h,pminervi,r,08/25/2026,10:04:13,eddie@node1l24.ecdf.ed.ac.uk,1,4082
57582774,0.01491,lw_b11_24h,pminervi,r,08/25/2026,10:03:43,eddie@node1f07.ecdf.ed.ac.uk,1,4081
57582774,0.01491,lw_b11_24h,pminervi,r,08/25/2026,10:00:43,eddie@node1f12.ecdf.ed.ac.uk,1,4080
57582774,0.01491,lw_b11_24h,pminervi,r,08/25/2026,09:59:13,eddie@node1f12.ecdf.ed.ac.uk,1,4079
57582774,0.01491,lw_b11_24h,pminervi,r,08/25/2026,09:55:58,eddie@node1i13.ecdf.ed.ac.uk,1,4078
57582774,0.01491,lw_b11_24h,pminervi,r,08/25/2026,09:54:58,eddie@node1f13.ecdf.ed.ac.uk,1,4076
57582774,0.01491,lw_b11_24h,pminervi,r,08/25/2026,09:54:58,eddie@node1f07.ecdf.ed.ac.uk,1,4077
57582774,0.01490,lw_b11_24h,pminervi,r,08/25/2026,09:51:57,eddie@node1r17.ecdf.ed.ac.uk,1,4075
57582774,0.01490,lw_b11_24h,pminervi,r,08/25/2026,09:50:12,eddie@node1h06.ecdf.ed.ac.uk,1,4073
57582774,0.01490,lw_b11_24h,pminervi,r,08/25/2026,09:50:27,eddie@node1i06.ecdf.ed.ac.uk,1,4074
57582774,0.01490,lw_b11_24h,pminervi,r,08/25/2026,09:49:12,eddie@node1f06.ecdf.ed.ac.uk,1,4072
57582774,0.01490,lw_b11_24h,pminervi,r,08/25/2026,09:47:44,eddie@node1i07.ecdf.ed.ac.uk,1,4071
57582774,0.01490,lw_b11_24h,pminervi,r,08/25/2026,09:46:44,eddie@node1s18.ecdf.ed.ac.uk,1,4070
57582774,0.01490,lw_b11_24h,pminervi,r,08/25/2026,09:40:14,eddie@node1h06.ecdf.ed.ac.uk,1,4065
57582774,0.01490,lw_b11_24h,pminervi,r,08/25/2026,09:42:14,eddie@node1i07.ecdf.ed.ac.uk,1,4067
57582774,0.01490,lw_b11_24h,pminervi,r,08/25/2026,09:41:44,eddie@node1f12.ecdf.ed.ac.uk,1,4066
57582774,0.01490,lw_b11_24h,pminervi,r,08/25/2026,09:42:29,eddie@node1f07.ecdf.ed.ac.uk,1,4068
57582774,0.01490,lw_b11_24h,pminervi,r,08/25/2026,09:42:29,eddie@node1f12.ecdf.ed.ac.uk,1,4069
57582774,0.01489,lw_b11_24h,pminervi,r,08/25/2026,09:36:59,eddie@node1f11.ecdf.ed.ac.uk,1,4063
57582774,0.01489,lw_b11_24h,pminervi,r,08/25/2026,09:37:14,eddie@node1f10.ecdf.ed.ac.uk,1,4064
57582774,0.01489,lw_b11_24h,pminervi,r,08/25/2026,09:30:13,eddie@node1i07.ecdf.ed.ac.uk,1,4062
57582774,0.01489,lw_b11_24h,pminervi,r,08/25/2026,09:26:58,eddie@node1o06.ecdf.ed.ac.uk,1,4060
57582774,0.01489,lw_b11_24h,pminervi,r,08/25/2026,09:26:13,eddie@node1f13.ecdf.ed.ac.uk,1,4059
57582774,0.01489,lw_b11_24h,pminervi,r,08/25/2026,09:27:13,eddie@node1f12.ecdf.ed.ac.uk,1,4061
57582774,0.01489,lw_b11_24h,pminervi,r,08/25/2026,09:24:43,eddie@node1f11.ecdf.ed.ac.uk,1,4058
57582774,0.01489,lw_b11_24h,pminervi,r,08/25/2026,09:22:43,eddie@node1f13.ecdf.ed.ac.uk,1,4057
57582774,0.01488,lw_b11_24h,pminervi,r,08/25/2026,09:19:58,eddie@node1i06.ecdf.ed.ac.uk,1,4056
57582774,0.01488,lw_b11_24h,pminervi,r,08/25/2026,09:19:43,eddie@node1f07.ecdf.ed.ac.uk,1,4055
57582774,0.01488,lw_b11_24h,pminervi,r,08/25/2026,09:18:43,eddie@node1f07.ecdf.ed.ac.uk,1,4054
57582774,0.01488,lw_b11_24h,pminervi,r,08/25/2026,09:17:58,eddie@node1f07.ecdf.ed.ac.uk,1,4052
57582774,0.01488,lw_b11_24h,pminervi,r,08/25/2026,09:16:58,eddie@node1f07.ecdf.ed.ac.uk,1,4051
57582774,0.01488,lw_b11_24h,pminervi,r,08/25/2026,09:16:43,eddie@node1f16.ecdf.ed.ac.uk,1,4050
57582774,0.01488,lw_b11_24h,pminervi,r,08/25/2026,09:14:58,eddie@node1o04.ecdf.ed.ac.uk,1,4049
57582774,0.01488,lw_b11_24h,pminervi,r,08/25/2026,09:13:58,eddie@node1f13.ecdf.ed.ac.uk,1,4047
57582774,0.01488,lw_b11_24h,pminervi,r,08/25/2026,09:13:58,eddie@node1f13.ecdf.ed.ac.uk,1,4048
57582774,0.01488,lw_b11_24h,pminervi,r,08/25/2026,09:13:28,eddie@node1f07.ecdf.ed.ac.uk,1,4046
57582774,0.01488,lw_b11_24h,pminervi,r,08/25/2026,09:13:13,eddie@node1i07.ecdf.ed.ac.uk,1,4045
57582774,0.01488,lw_b11_24h,pminervi,r,08/25/2026,09:12:13,eddie@node1i03.ecdf.ed.ac.uk,1,4044
57582774,0.01488,lw_b11_24h,pminervi,r,08/25/2026,09:11:26,eddie@node1f08.ecdf.ed.ac.uk,1,4043
57582774,0.01488,lw_b11_24h,pminervi,r,08/25/2026,09:09:30,eddie@node1f06.ecdf.ed.ac.uk,1,4042
57582774,0.01488,lw_b11_24h,pminervi,r,08/25/2026,09:09:15,eddie@node1f07.ecdf.ed.ac.uk,1,4041
57582774,0.01488,lw_b11_24h,pminervi,r,08/25/2026,09:07:45,eddie@node1i16.ecdf.ed.ac.uk,1,4040
57582774,0.01487,lw_b11_24h,pminervi,r,08/25/2026,09:04:48,eddie@node1f07.ecdf.ed.ac.uk,1,4038
57582774,0.01487,lw_b11_24h,pminervi,r,08/25/2026,09:04:48,eddie@node1f07.ecdf.ed.ac.uk,1,4039
57582774,0.01487,lw_b11_24h,pminervi,r,08/25/2026,09:03:18,eddie@node1i15.ecdf.ed.ac.uk,1,4037
57582774,0.01487,lw_b11_24h,pminervi,r,08/25/2026,09:02:48,eddie@node1m16.ecdf.ed.ac.uk,1,4036
57582774,0.01487,lw_b11_24h,pminervi,r,08/25/2026,09:01:48,eddie@node1l21.ecdf.ed.ac.uk,1,4035
57582774,0.01487,lw_b11_24h,pminervi,r,08/25/2026,09:01:03,eddie@node1i15.ecdf.ed.ac.uk,1,4034
57582774,0.01487,lw_b11_24h,pminervi,r,08/25/2026,08:59:18,eddie@node1i14.ecdf.ed.ac.uk,1,4032
57582774,0.01487,lw_b11_24h,pminervi,r,08/25/2026,08:59:33,eddie@node1f16.ecdf.ed.ac.uk,1,4033
57582774,0.01487,lw_b11_24h,pminervi,r,08/25/2026,08:58:03,eddie@node1r15.ecdf.ed.ac.uk,1,4030
57582774,0.01487,lw_b11_24h,pminervi,r,08/25/2026,08:58:48,eddie@node1f06.ecdf.ed.ac.uk,1,4031
57582774,0.01487,lw_b11_24h,pminervi,r,08/25/2026,08:53:33,eddie@node1i14.ecdf.ed.ac.uk,1,4028
57582774,0.01487,lw_b11_24h,pminervi,r,08/25/2026,08:53:33,eddie@node1i06.ecdf.ed.ac.uk,1,4029
57582774,0.01487,lw_b11_24h,pminervi,r,08/25/2026,08:51:44,eddie@node1f11.ecdf.ed.ac.uk,1,4027
57582774,0.01487,lw_b11_24h,pminervi,r,08/25/2026,08:50:44,eddie@node1i14.ecdf.ed.ac.uk,1,4026
57582774,0.01486,lw_b11_24h,pminervi,r,08/25/2026,08:49:44,eddie@node1i03.ecdf.ed.ac.uk,1,4025
57582774,0.01486,lw_b11_24h,pminervi,r,08/25/2026,08:48:44,eddie@node1l25.ecdf.ed.ac.uk,1,4024
57582774,0.01486,lw_b11_24h,pminervi,r,08/25/2026,08:46:14,eddie@node1l24.ecdf.ed.ac.uk,1,4023
57582774,0.01486,lw_b11_24h,pminervi,r,08/25/2026,08:45:44,eddie@node1l22.ecdf.ed.ac.uk,1,4022
57582774,0.01486,lw_b11_24h,pminervi,r,08/25/2026,08:42:14,eddie@node1i06.ecdf.ed.ac.uk,1,4021
57582774,0.01486,lw_b11_24h,pminervi,r,08/25/2026,08:41:29,eddie@node1l27.ecdf.ed.ac.uk,1,4020
57582774,0.01486,lw_b11_24h,pminervi,r,08/25/2026,08:40:29,eddie@node1f12.ecdf.ed.ac.uk,1,4019
57582774,0.01486,lw_b11_24h,pminervi,r,08/25/2026,08:35:29,eddie@node1f12.ecdf.ed.ac.uk,1,4017
57582774,0.01486,lw_b11_24h,pminervi,r,08/25/2026,08:35:29,eddie@node1l25.ecdf.ed.ac.uk,1,4018
57582774,0.01486,lw_b11_24h,pminervi,r,08/25/2026,08:35:14,eddie@node1i14.ecdf.ed.ac.uk,1,4016
57582774,0.01485,lw_b11_24h,pminervi,r,08/25/2026,08:33:14,eddie@node1i03.ecdf.ed.ac.uk,1,4015
57582774,0.01485,lw_b11_24h,pminervi,r,08/25/2026,08:29:21,eddie@node1l21.ecdf.ed.ac.uk,1,4013
57582774,0.01485,lw_b11_24h,pminervi,r,08/25/2026,08:29:51,eddie@node1f09.ecdf.ed.ac.uk,1,4014
57582774,0.01485,lw_b11_24h,pminervi,r,08/25/2026,08:28:36,eddie@node1i13.ecdf.ed.ac.uk,1,4012
57582774,0.01485,lw_b11_24h,pminervi,r,08/25/2026,08:23:51,eddie@node1f09.ecdf.ed.ac.uk,1,4011
57582774,0.01485,lw_b11_24h,pminervi,r,08/25/2026,08:22:51,eddie@node1l25.ecdf.ed.ac.uk,1,4010
57582774,0.01485,lw_b11_24h,pminervi,r,08/25/2026,08:21:41,eddie@node1i14.ecdf.ed.ac.uk,1,4008
57582774,0.01485,lw_b11_24h,pminervi,r,08/25/2026,08:22:11,eddie@node1i06.ecdf.ed.ac.uk,1,4009
57582774,0.01485,lw_b11_24h,pminervi,r,08/25/2026,08:21:11,eddie@node1f12.ecdf.ed.ac.uk,1,4007
57582774,0.01484,lw_b11_24h,pminervi,r,08/25/2026,08:16:41,eddie@node1l24.ecdf.ed.ac.uk,1,4004
57582774,0.01484,lw_b11_24h,pminervi,r,08/25/2026,08:17:41,eddie@node1f13.ecdf.ed.ac.uk,1,4005
57582774,0.01484,lw_b11_24h,pminervi,r,08/25/2026,08:18:26,eddie@node1f07.ecdf.ed.ac.uk,1,4006
57582774,0.01484,lw_b11_24h,pminervi,r,08/25/2026,08:15:11,eddie@node1f09.ecdf.ed.ac.uk,1,4003
57582774,0.01484,lw_b11_24h,pminervi,r,08/25/2026,08:14:56,eddie@node1f06.ecdf.ed.ac.uk,1,4002
57582774,0.01484,lw_b11_24h,pminervi,r,08/25/2026,08:14:26,eddie@node1r16.ecdf.ed.ac.uk,1,4001
57582774,0.01484,lw_b11_24h,pminervi,r,08/25/2026,08:12:26,eddie@node1i07.ecdf.ed.ac.uk,1,4000
57582774,0.01484,lw_b11_24h,pminervi,r,08/25/2026,08:10:56,eddie@node1i06.ecdf.ed.ac.uk,1,3999
57582774,0.01484,lw_b11_24h,pminervi,r,08/25/2026,08:08:56,eddie@node1l23.ecdf.ed.ac.uk,1,3998
57582774,0.01484,lw_b11_24h,pminervi,r,08/25/2026,08:08:11,eddie@node1f09.ecdf.ed.ac.uk,1,3997
57582774,0.01484,lw_b11_24h,pminervi,r,08/25/2026,08:07:41,eddie@node1i14.ecdf.ed.ac.uk,1,3996
57582774,0.01484,lw_b11_24h,pminervi,r,08/25/2026,08:04:11,eddie@node1i14.ecdf.ed.ac.uk,1,3995
57582774,0.01484,lw_b11_24h,pminervi,r,08/25/2026,08:03:11,eddie@node1f07.ecdf.ed.ac.uk,1,3994
57582774,0.01483,lw_b11_24h,pminervi,r,08/25/2026,07:57:56,eddie@node1f12.ecdf.ed.ac.uk,1,3992
57582774,0.01483,lw_b11_24h,pminervi,r,08/25/2026,07:57:56,eddie@node1f13.ecdf.ed.ac.uk,1,3993
57582774,0.01483,lw_b11_24h,pminervi,r,08/25/2026,07:53:56,eddie@node1i15.ecdf.ed.ac.uk,1,3989
57582774,0.01483,lw_b11_24h,pminervi,r,08/25/2026,07:52:56,eddie@node1f16.ecdf.ed.ac.uk,1,3986
57582774,0.01483,lw_b11_24h,pminervi,r,08/25/2026,07:52:56,eddie@node1f09.ecdf.ed.ac.uk,1,3987
57582774,0.01483,lw_b11_24h,pminervi,r,08/25/2026,07:53:41,eddie@node1i06.ecdf.ed.ac.uk,1,3988
57582774,0.01483,lw_b11_24h,pminervi,r,08/25/2026,07:56:11,eddie@node1f08.ecdf.ed.ac.uk,1,3991
57582774,0.01483,lw_b11_24h,pminervi,r,08/25/2026,07:52:26,eddie@node1f08.ecdf.ed.ac.uk,1,3985
57582774,0.01483,lw_b11_24h,pminervi,r,08/25/2026,07:50:56,eddie@node1f09.ecdf.ed.ac.uk,1,3983
57582774,0.01483,lw_b11_24h,pminervi,r,08/25/2026,07:51:41,eddie@node1o06.ecdf.ed.ac.uk,1,3984
57582774,0.01483,lw_b11_24h,pminervi,r,08/25/2026,07:48:26,eddie@node1f11.ecdf.ed.ac.uk,1,3981
57582774,0.01483,lw_b11_24h,pminervi,r,08/25/2026,07:48:41,eddie@node1f13.ecdf.ed.ac.uk,1,3982
57582774,0.01482,lw_b11_24h,pminervi,r,08/25/2026,07:45:58,eddie@node1i15.ecdf.ed.ac.uk,1,3980
57582774,0.01482,lw_b11_24h,pminervi,r,08/25/2026,07:44:43,eddie@node1i16.ecdf.ed.ac.uk,1,3979
57582774,0.01482,lw_b11_24h,pminervi,r,08/25/2026,07:44:00,eddie@node1o05.ecdf.ed.ac.uk,1,3978
57582774,0.01482,lw_b11_24h,pminervi,r,08/25/2026,07:42:15,eddie@node1i06.ecdf.ed.ac.uk,1,3977
57582774,0.01482,lw_b11_24h,pminervi,r,08/25/2026,07:36:37,eddie@node1m15.ecdf.ed.ac.uk,1,3976
57582774,0.01482,lw_b11_24h,pminervi,r,08/25/2026,07:35:52,eddie@node1i14.ecdf.ed.ac.uk,1,3975
57582774,0.01482,lw_b11_24h,pminervi,r,08/25/2026,07:34:52,eddie@node1i02.ecdf.ed.ac.uk,1,3974
57582774,0.01482,lw_b11_24h,pminervi,r,08/25/2026,07:34:07,eddie@node1l21.ecdf.ed.ac.uk,1,3973
57582774,0.01481,lw_b11_24h,pminervi,r,08/25/2026,07:27:07,eddie@node1f08.ecdf.ed.ac.uk,1,3969
57582774,0.01481,lw_b11_24h,pminervi,r,08/25/2026,07:27:37,eddie@node1h06.ecdf.ed.ac.uk,1,3970
57582774,0.01481,lw_b11_24h,pminervi,r,08/25/2026,07:28:37,eddie@node1i15.ecdf.ed.ac.uk,1,3971
57582774,0.01481,lw_b11_24h,pminervi,r,08/25/2026,07:25:52,eddie@node1i07.ecdf.ed.ac.uk,1,3967
57582774,0.01481,lw_b11_24h,pminervi,r,08/25/2026,07:25:52,eddie@node1h23.ecdf.ed.ac.uk,1,3968
57582774,0.01481,lw_b11_24h,pminervi,r,08/25/2026,07:25:07,eddie@node1i13.ecdf.ed.ac.uk,1,3966
57582774,0.01481,lw_b11_24h,pminervi,r,08/25/2026,07:23:52,eddie@node1i14.ecdf.ed.ac.uk,1,3963
57582774,0.01481,lw_b11_24h,pminervi,r,08/25/2026,07:24:07,eddie@node1l25.ecdf.ed.ac.uk,1,3964
57582774,0.01481,lw_b11_24h,pminervi,r,08/25/2026,07:24:52,eddie@node1i16.ecdf.ed.ac.uk,1,3965
57582774,0.01481,lw_b11_24h,pminervi,r,08/25/2026,07:22:52,eddie@node1i03.ecdf.ed.ac.uk,1,3962
57582774,0.01481,lw_b11_24h,pminervi,r,08/25/2026,07:19:52,eddie@node1i15.ecdf.ed.ac.uk,1,3961
57582774,0.01481,lw_b11_24h,pminervi,r,08/25/2026,07:18:22,eddie@node1f08.ecdf.ed.ac.uk,1,3960
57582774,0.01481,lw_b11_24h,pminervi,r,08/25/2026,07:18:07,eddie@node1f11.ecdf.ed.ac.uk,1,3959
57582774,0.01481,lw_b11_24h,pminervi,r,08/25/2026,07:17:22,eddie@node1l22.ecdf.ed.ac.uk,1,3958
57582774,0.01480,lw_b11_24h,pminervi,r,08/25/2026,07:10:07,eddie@node1i06.ecdf.ed.ac.uk,1,3956
57582774,0.01480,lw_b11_24h,pminervi,r,08/25/2026,07:10:37,eddie@node1f12.ecdf.ed.ac.uk,1,3957
57582774,0.01480,lw_b11_24h,pminervi,r,08/25/2026,07:08:07,eddie@node1o06.ecdf.ed.ac.uk,1,3955
57582774,0.01480,lw_b11_24h,pminervi,r,08/25/2026,07:03:22,eddie@node1i06.ecdf.ed.ac.uk,1,3953
57582774,0.01480,lw_b11_24h,pminervi,r,08/25/2026,07:03:22,eddie@node1l22.ecdf.ed.ac.uk,1,3954
57582774,0.01480,lw_b11_24h,pminervi,r,08/25/2026,07:00:07,eddie@node1i02.ecdf.ed.ac.uk,1,3950
57582774,0.01480,lw_b11_24h,pminervi,r,08/25/2026,07:01:07,eddie@node1i13.ecdf.ed.ac.uk,1,3951
57582774,0.01480,lw_b11_24h,pminervi,r,08/25/2026,06:59:22,eddie@node1i07.ecdf.ed.ac.uk,1,3949
57582774,0.01479,lw_b11_24h,pminervi,r,08/25/2026,06:57:07,eddie@node1o06.ecdf.ed.ac.uk,1,3947
57582774,0.01479,lw_b11_24h,pminervi,r,08/25/2026,06:58:22,eddie@node1o06.ecdf.ed.ac.uk,1,3948
57582774,0.01479,lw_b11_24h,pminervi,r,08/25/2026,06:54:37,eddie@node1h06.ecdf.ed.ac.uk,1,3945
57582774,0.01479,lw_b11_24h,pminervi,r,08/25/2026,06:55:22,eddie@node1i13.ecdf.ed.ac.uk,1,3946
57582774,0.01479,lw_b11_24h,pminervi,r,08/25/2026,06:52:37,eddie@node1f08.ecdf.ed.ac.uk,1,3944
57582774,0.01479,lw_b11_24h,pminervi,r,08/25/2026,06:48:22,eddie@node1f07.ecdf.ed.ac.uk,1,3942
57582774,0.01479,lw_b11_24h,pminervi,r,08/25/2026,06:47:52,eddie@node1i15.ecdf.ed.ac.uk,1,3941
57582774,0.01479,lw_b11_24h,pminervi,r,08/25/2026,06:46:37,eddie@node1i02.ecdf.ed.ac.uk,1,3940
57582774,0.01479,lw_b11_24h,pminervi,r,08/25/2026,06:45:22,eddie@node1r15.ecdf.ed.ac.uk,1,3939
57582774,0.01479,lw_b11_24h,pminervi,r,08/25/2026,06:45:07,eddie@node1r15.ecdf.ed.ac.uk,1,3938
57582774,0.01478,lw_b11_24h,pminervi,r,08/25/2026,06:42:52,eddie@node1f10.ecdf.ed.ac.uk,1,3936
57582774,0.01478,lw_b11_24h,pminervi,r,08/25/2026,06:42:52,eddie@node1i14.ecdf.ed.ac.uk,1,3937
57582774,0.01478,lw_b11_24h,pminervi,r,08/25/2026,06:42:22,eddie@node1o06.ecdf.ed.ac.uk,1,3935
57582774,0.01478,lw_b11_24h,pminervi,r,08/25/2026,06:42:07,eddie@node1o04.ecdf.ed.ac.uk,1,3934
57582774,0.01478,lw_b11_24h,pminervi,r,08/25/2026,06:41:07,eddie@node1i14.ecdf.ed.ac.uk,1,3932
57582774,0.01478,lw_b11_24h,pminervi,r,08/25/2026,06:41:22,eddie@node1f12.ecdf.ed.ac.uk,1,3933
57582774,0.01478,lw_b11_24h,pminervi,r,08/25/2026,06:39:07,eddie@node1i14.ecdf.ed.ac.uk,1,3931
57582774,0.01478,lw_b11_24h,pminervi,r,08/25/2026,06:37:07,eddie@node1f09.ecdf.ed.ac.uk,1,3930
57582774,0.01478,lw_b11_24h,pminervi,r,08/25/2026,06:35:37,eddie@node1i06.ecdf.ed.ac.uk,1,3929
57582774,0.01477,lw_b11_24h,pminervi,r,08/25/2026,06:24:22,eddie@node1l26.ecdf.ed.ac.uk,1,3927
57582774,0.01477,lw_b11_24h,pminervi,r,08/25/2026,06:19:52,eddie@node1l22.ecdf.ed.ac.uk,1,3925
57582774,0.01477,lw_b11_24h,pminervi,r,08/25/2026,06:20:52,eddie@node1i15.ecdf.ed.ac.uk,1,3926
57582774,0.01477,lw_b11_24h,pminervi,r,08/25/2026,06:17:52,eddie@node1f12.ecdf.ed.ac.uk,1,3923
57582774,0.01477,lw_b11_24h,pminervi,r,08/25/2026,06:18:52,eddie@node1l22.ecdf.ed.ac.uk,1,3924
57582774,0.01477,lw_b11_24h,pminervi,r,08/25/2026,06:17:22,eddie@node1f16.ecdf.ed.ac.uk,1,3922
57582774,0.01477,lw_b11_24h,pminervi,r,08/25/2026,06:14:22,eddie@node1r15.ecdf.ed.ac.uk,1,3921
57582774,0.01477,lw_b11_24h,pminervi,r,08/25/2026,06:12:52,eddie@node1f13.ecdf.ed.ac.uk,1,3920
57582774,0.01476,lw_b11_24h,pminervi,r,08/25/2026,06:09:07,eddie@node1i16.ecdf.ed.ac.uk,1,3919
57582774,0.01476,lw_b11_24h,pminervi,r,08/25/2026,06:08:37,eddie@node1i15.ecdf.ed.ac.uk,1,3918
57582774,0.01476,lw_b11_24h,pminervi,r,08/25/2026,06:06:37,eddie@node1i06.ecdf.ed.ac.uk,1,3917
57582774,0.01476,lw_b11_24h,pminervi,r,08/25/2026,06:02:52,eddie@node1r14.ecdf.ed.ac.uk,1,3916
57582774,0.01476,lw_b11_24h,pminervi,r,08/25/2026,06:01:22,eddie@node1f06.ecdf.ed.ac.uk,1,3915
57582774,0.01476,lw_b11_24h,pminervi,r,08/25/2026,05:57:07,eddie@node1l22.ecdf.ed.ac.uk,1,3914
57582774,0.01475,lw_b11_24h,pminervi,r,08/25/2026,05:48:37,eddie@node1i02.ecdf.ed.ac.uk,1,3912
57582774,0.01475,lw_b11_24h,pminervi,r,08/25/2026,05:48:52,eddie@node1i03.ecdf.ed.ac.uk,1,3913
57582774,0.01475,lw_b11_24h,pminervi,r,08/25/2026,05:48:07,eddie@node1l21.ecdf.ed.ac.uk,1,3911
57582774,0.01475,lw_b11_24h,pminervi,r,08/25/2026,05:43:07,eddie@node1r14.ecdf.ed.ac.uk,1,3910
57582774,0.01475,lw_b11_24h,pminervi,r,08/25/2026,05:42:22,eddie@node1l26.ecdf.ed.ac.uk,1,3909
57582774,0.01474,lw_b11_24h,pminervi,r,08/25/2026,05:40:07,eddie@node1f10.ecdf.ed.ac.uk,1,3908
57582774,0.01474,lw_b11_24h,pminervi,r,08/25/2026,05:28:37,eddie@node1r18.ecdf.ed.ac.uk,1,3906
57582774,0.01474,lw_b11_24h,pminervi,r,08/25/2026,05:30:07,eddie@node1f10.ecdf.ed.ac.uk,1,3907
57582774,0.01474,lw_b11_24h,pminervi,r,08/25/2026,05:27:52,eddie@node1f10.ecdf.ed.ac.uk,1,3905
57582774,0.01473,lw_b11_24h,pminervi,r,08/25/2026,05:22:37,eddie@node1i07.ecdf.ed.ac.uk,1,3903
57582774,0.01473,lw_b11_24h,pminervi,r,08/25/2026,05:22:37,eddie@node1l24.ecdf.ed.ac.uk,1,3904
57582774,0.01473,lw_b11_24h,pminervi,r,08/25/2026,05:13:22,eddie@node1f08.ecdf.ed.ac.uk,1,3899
57582774,0.01473,lw_b11_24h,pminervi,r,08/25/2026,05:13:37,eddie@node1f10.ecdf.ed.ac.uk,1,3900
57582774,0.01473,lw_b11_24h,pminervi,r,08/25/2026,05:11:22,eddie@node1i13.ecdf.ed.ac.uk,1,3898
57582774,0.01472,lw_b11_24h,pminervi,r,08/25/2026,04:56:37,eddie@node1i16.ecdf.ed.ac.uk,1,3894
57582774,0.01472,lw_b11_24h,pminervi,r,08/25/2026,04:56:52,eddie@node1r08.ecdf.ed.ac.uk,1,3895
57582774,0.01472,lw_b11_24h,pminervi,r,08/25/2026,04:57:37,eddie@node1i13.ecdf.ed.ac.uk,1,3896
57582774,0.01472,lw_b11_24h,pminervi,r,08/25/2026,04:57:52,eddie@node1h16.ecdf.ed.ac.uk,1,3897
57582774,0.01472,lw_b11_24h,pminervi,r,08/25/2026,04:55:07,eddie@node1i02.ecdf.ed.ac.uk,1,3893
57582774,0.01471,lw_b11_24h,pminervi,r,08/25/2026,04:48:22,eddie@node1i14.ecdf.ed.ac.uk,1,3892
57582774,0.01471,lw_b11_24h,pminervi,r,08/25/2026,04:45:37,eddie@node1j28.ecdf.ed.ac.uk,1,3891
57582774,0.01471,lw_b11_24h,pminervi,r,08/25/2026,04:43:22,eddie@node1i13.ecdf.ed.ac.uk,1,3890
57582774,0.01469,lw_b11_24h,pminervi,r,08/25/2026,04:21:07,eddie@node1i15.ecdf.ed.ac.uk,1,3888
57582774,0.01469,lw_b11_24h,pminervi,r,08/25/2026,04:12:07,eddie@node1i15.ecdf.ed.ac.uk,1,3887
57582774,0.01468,lw_b11_24h,pminervi,r,08/25/2026,04:04:07,eddie@node1f08.ecdf.ed.ac.uk,1,3885
57582774,0.01468,lw_b11_24h,pminervi,r,08/25/2026,04:02:07,eddie@node1n05.ecdf.ed.ac.uk,1,3884
57582774,0.01468,lw_b11_24h,pminervi,r,08/25/2026,03:58:37,eddie@node1i15.ecdf.ed.ac.uk,1,3883
57582774,0.01467,lw_b11_24h,pminervi,r,08/25/2026,03:43:07,eddie@node1f10.ecdf.ed.ac.uk,1,3880
57582774,0.01466,lw_b11_24h,pminervi,r,08/25/2026,03:37:52,eddie@node1i13.ecdf.ed.ac.uk,1,3879
57582774,0.01466,lw_b11_24h,pminervi,r,08/25/2026,03:25:52,eddie@node1f08.ecdf.ed.ac.uk,1,3876
57582774,0.01465,lw_b11_24h,pminervi,r,08/25/2026,03:22:07,eddie@node1m16.ecdf.ed.ac.uk,1,3872
57582774,0.01465,lw_b11_24h,pminervi,r,08/25/2026,03:22:52,eddie@node1s19.ecdf.ed.ac.uk,1,3873
57582774,0.01465,lw_b11_24h,pminervi,r,08/25/2026,03:23:07,eddie@node1i13.ecdf.ed.ac.uk,1,3874
57582774,0.01465,lw_b11_24h,pminervi,r,08/25/2026,03:24:22,eddie@node1i14.ecdf.ed.ac.uk,1,3875
57582774,0.01465,lw_b11_24h,pminervi,r,08/25/2026,03:16:37,eddie@node1i02.ecdf.ed.ac.uk,1,3869
57582774,0.01465,lw_b11_24h,pminervi,r,08/25/2026,03:17:22,eddie@node1i15.ecdf.ed.ac.uk,1,3870
57582774,0.01465,lw_b11_24h,pminervi,r,08/25/2026,03:16:07,eddie@node1h05.ecdf.ed.ac.uk,1,3868
57582774,0.01465,lw_b11_24h,pminervi,r,08/25/2026,03:11:07,eddie@node1h16.ecdf.ed.ac.uk,1,3867
57582774,0.01463,lw_b11_24h,pminervi,r,08/25/2026,02:39:49,eddie@node1i07.ecdf.ed.ac.uk,1,3863
57582774,0.01461,lw_b11_24h,pminervi,r,08/25/2026,02:18:49,eddie@node1n06.ecdf.ed.ac.uk,1,3862
57582774,0.01461,lw_b11_24h,pminervi,r,08/25/2026,02:11:49,eddie@node1m16.ecdf.ed.ac.uk,1,3860
57582774,0.01461,lw_b11_24h,pminervi,r,08/25/2026,02:09:49,eddie@node1i06.ecdf.ed.ac.uk,1,3859
57582774,0.01460,lw_b11_24h,pminervi,r,08/25/2026,02:02:34,eddie@node1s14.ecdf.ed.ac.uk,1,3857
57582774,0.01460,lw_b11_24h,pminervi,r,08/25/2026,01:57:04,eddie@node1m16.ecdf.ed.ac.uk,1,3856
57582774,0.01460,lw_b11_24h,pminervi,r,08/25/2026,01:51:04,eddie@node1i13.ecdf.ed.ac.uk,1,3855
57582774,0.01459,lw_b11_24h,pminervi,r,08/25/2026,01:40:19,eddie@node1m16.ecdf.ed.ac.uk,1,3853
57582774,0.01459,lw_b11_24h,pminervi,r,08/25/2026,01:38:19,eddie@node1f09.ecdf.ed.ac.uk,1,3852
57582774,0.01459,lw_b11_24h,pminervi,r,08/25/2026,01:37:04,eddie@node1f09.ecdf.ed.ac.uk,1,3851
57582774,0.01459,lw_b11_24h,pminervi,r,08/25/2026,01:31:49,eddie@node1i02.ecdf.ed.ac.uk,1,3849
57582774,0.01457,lw_b11_24h,pminervi,r,08/25/2026,01:07:19,eddie@node1i13.ecdf.ed.ac.uk,1,3844
57582774,0.01455,lw_b11_24h,pminervi,r,08/25/2026,00:41:19,eddie@node1f08.ecdf.ed.ac.uk,1,3839
57582774,0.01454,lw_b11_24h,pminervi,r,08/25/2026,00:26:11,eddie@node1f12.ecdf.ed.ac.uk,1,3832
57582774,0.01452,lw_b11_24h,pminervi,r,08/24/2026,23:54:24,eddie@node1i07.ecdf.ed.ac.uk,1,3814
57582774,0.01451,lw_b11_24h,pminervi,r,08/24/2026,23:33:53,eddie@node1i16.ecdf.ed.ac.uk,1,3807
57582774,0.01450,lw_b11_24h,pminervi,r,08/24/2026,23:23:53,eddie@node1i13.ecdf.ed.ac.uk,1,3800
57582774,0.01449,lw_b11_24h,pminervi,r,08/24/2026,23:09:08,eddie@node1i16.ecdf.ed.ac.uk,1,3796
57582774,0.01446,lw_b11_24h,pminervi,r,08/24/2026,22:23:01,eddie@node1f07.ecdf.ed.ac.uk,1,3782
57582774,0.01446,lw_b11_24h,pminervi,r,08/24/2026,22:06:31,eddie@node1f11.ecdf.ed.ac.uk,1,3774
57582774,0.01439,lw_b11_24h,pminervi,r,08/24/2026,20:24:09,eddie@node1f16.ecdf.ed.ac.uk,1,3715
57582774,0.01437,lw_b11_24h,pminervi,r,08/24/2026,19:57:09,eddie@node1f16.ecdf.ed.ac.uk,1,3706
57816463,0.01434,log_mappin,s2557145,r,08/26/2026,11:53:12,eddie@node1h22.ecdf.ed.ac.uk,8
57873594,0.01403,piece9,mzeng,r,08/26/2026,11:31:20,eddie@node1r05.ecdf.ed.ac.uk,1,16
57873594,0.01313,piece9,mzeng,r,08/26/2026,11:31:20,eddie@node1r05.ecdf.ed.ac.uk,1,17
57833584,0.01247,PolyNOPAH3,s2017658,r,08/25/2026,12:48:48,eddie@node1e02.ecdf.ed.ac.uk,80
57873594,0.01231,piece9,mzeng,r,08/26/2026,11:31:20,eddie@node1r05.ecdf.ed.ac.uk,1,18
57873594,0.01158,piece9,mzeng,r,08/26/2026,11:31:20,eddie@node1r05.ecdf.ed.ac.uk,1,19
57873594,0.01094,piece9,mzeng,r,08/26/2026,11:31:20,eddie@node1j28.ecdf.ed.ac.uk,1,20
57851463,0.01092,beagle_ibd,s2740773,r,08/24/2026,22:09:16,eddie@node1o12.ecdf.ed.ac.uk,8
57872561,0.01070,QLOGIN,s1844143,r,08/26/2026,10:39:57,igmm_long@node1h02.ecdf.ed.ac.,1
57872962,0.01052,QLOGIN,s2844523,r,08/26/2026,10:58:52,gpu@node1g01.ecdf.ed.ac.uk,1
57872908,0.01052,QLOGIN,s1896224,r,08/26/2026,10:55:09,igmm_long@node1h02.ecdf.ed.ac.,1
57873734,0.01042,QLOGIN,s1891075,r,08/26/2026,11:38:55,gpu@node1o02.ecdf.ed.ac.uk,4
57839696,0.01040,jCC121,s1951420,r,08/24/2026,15:41:44,eddie@node1m04.ecdf.ed.ac.uk,32
57873594,0.01036,piece9,mzeng,r,08/26/2026,11:31:20,eddie@node1h21.ecdf.ed.ac.uk,1,21
57874193,0.01034,QLOGIN,s2054134,r,08/26/2026,11:42:28,eddie@node1j14.ecdf.ed.ac.uk,4
57873721,0.01029,h_ocRoadst,s2719294,r,08/26/2026,11:38:21,eddie@node1q02.ecdf.ed.ac.uk,2
57871970,0.01029,QLOGIN,s2309496,r,08/26/2026,10:06:42,eddie@node1j24.ecdf.ed.ac.uk,8
57852493,0.01019,real_data_,s2469797,r,08/25/2026,08:01:41,eddie@node1k08.ecdf.ed.ac.uk,16
57860332,0.01013,job_idefix,cskene3,r,08/25/2026,18:07:11,gpu@node1o02.ecdf.ed.ac.uk,4
57874198,0.00995,retry_tran,v1nayele,r,08/26/2026,11:42:41,eddie@node1n15.ecdf.ed.ac.uk,1
57873594,0.00986,piece9,mzeng,r,08/26/2026,11:31:20,eddie@node1j28.ecdf.ed.ac.uk,1,22
57871926,0.00975,QLOGIN,tregan,r,08/26/2026,10:04:08,eddie@node1j24.ecdf.ed.ac.uk,1
57871960,0.00966,SegB,s2465418,r,08/26/2026,10:06:05,eddie@node1q13.ecdf.ed.ac.uk,1
57881795,0.00966,pcb_S0,wwong3,r,08/26/2026,12:24:26,eddie@node1h13.ecdf.ed.ac.uk,16
57880094,0.00966,QLOGIN,llefevre,r,08/26/2026,12:15:23,eddie@node1j15.ecdf.ed.ac.uk,16
57873594,0.00941,piece9,mzeng,r,08/26/2026,11:31:20,eddie@node1s15.ecdf.ed.ac.uk,1,23
57879636,0.00924,QLOGIN,mmorchio,r,08/26/2026,12:12:29,eddie@node1j14.ecdf.ed.ac.uk,12
57839734,0.00923,bindcraft_,s2455959,r,08/24/2026,15:49:24,gpu@node1s04.ecdf.ed.ac.uk,4
57872116,0.00913,QLOGIN,jpowell2,r,08/26/2026,10:16:10,eddie@node1j24.ecdf.ed.ac.uk,1
57839672,0.00912,QLOGIN,s2520601,r,08/24/2026,15:34:44,eddie@node1j24.ecdf.ed.ac.uk,1
57873594,0.00900,piece9,mzeng,r,08/26/2026,11:31:20,eddie@node1h21.ecdf.ed.ac.uk,1,24
57881539,0.00890,cover_sim,s2441782,r,08/26/2026,12:22:38,eddie@node1j01.ecdf.ed.ac.uk,8,1
57879781,0.00877,g16a_benze,s2759967,r,08/26/2026,12:13:28,eddie@node1r09.ecdf.ed.ac.uk,8
57871093,0.00869,gssn16,s1833252,r,08/26/2026,09:12:39,eddie@node1j27.ecdf.ed.ac.uk,14
57873502,0.00868,QLOGIN,s2619019,r,08/26/2026,11:25:55,eddie@node1j24.ecdf.ed.ac.uk,4
57873594,0.00863,piece9,mzeng,r,08/26/2026,11:31:20,eddie@node1s15.ecdf.ed.ac.uk,1,25
57853114,0.00861,QLOGIN,s2589227,r,08/25/2026,10:29:50,eddie@node1j14.ecdf.ed.ac.uk,1
57873363,0.00844,QLOGIN,s2211259,r,08/26/2026,11:20:12,staging@node1f14.ecdf.ed.ac.uk,1
57873594,0.00828,piece9,mzeng,r,08/26/2026,11:31:20,eddie@node1h21.ecdf.ed.ac.uk,1,26
57859502,0.00821,QLOGIN,s2749210,r,08/25/2026,15:18:31,igmm_long@node1h02.ecdf.ed.ac.,24
57851257,0.00820,logo_20260,s1901528,r,08/26/2026,11:55:44,eddie@node1e03.ecdf.ed.ac.uk,40,9
57851257,0.00820,logo_20260,s1901528,r,08/26/2026,11:55:44,eddie@node1e06.ecdf.ed.ac.uk,40,10
57882337,0.00804,QLOGIN,s2740533,r,08/26/2026,12:27:08,staging@node1f17.ecdf.ed.ac.uk,1
57873594,0.00796,piece9,mzeng,r,08/26/2026,11:31:20,eddie@node1h08.ecdf.ed.ac.uk,1,27
57860122,0.00775,QLOGIN,ljohnst8,r,08/25/2026,16:39:09,igmm_long@node1h02.ecdf.ed.ac.,1
57870061,0.00771,QLOGIN,jthoms24,r,08/26/2026,08:16:10,igmm_long@node1h02.ecdf.ed.ac.,1
57873594,0.00767,piece9,mzeng,r,08/26/2026,11:31:20,eddie@node1s15.ecdf.ed.ac.uk,1,28
57860909,0.00764,r_512_d_1d,sbenavid,r,08/26/2026,00:14:42,gpu@node1g02.ecdf.ed.ac.uk,1
57743575,0.00755,r2dell,telahma,r,08/19/2026,16:56:29,eddie@node1n11.ecdf.ed.ac.uk,1
57858363,0.00751,wham-per-s,v1malmar,r,08/25/2026,14:00:51,eddie@node1e10.ecdf.ed.ac.uk,16
57840017,0.00745,cooling_on,s2601697,r,08/25/2026,18:10:26,gpu@node1g07.ecdf.ed.ac.uk,1
57873594,0.00740,piece9,mzeng,r,08/26/2026,11:31:20,eddie@node1s15.ecdf.ed.ac.uk,1,29
57881626,0.00726,run_cutada,s1896224,r,08/26/2026,12:23:10,igmm_long@node1a07.ecdf.ed.ac.,32,1
57851254,0.00717,regex_2026,s1901528,r,08/26/2026,12:05:08,eddie@node1e10.ecdf.ed.ac.uk,30,16
57851257,0.00716,logo_20260,s1901528,r,08/26/2026,02:02:04,eddie@node1l05.ecdf.ed.ac.uk,40,8
57873594,0.00714,piece9,mzeng,r,08/26/2026,11:31:20,eddie@node1s15.ecdf.ed.ac.uk,1,30
57851257,0.00708,logo_20260,s1901528,r,08/26/2026,01:12:45,eddie@node1m12.ecdf.ed.ac.uk,40,7
57851257,0.00704,logo_20260,s1901528,r,08/26/2026,00:56:33,eddie@node1j22.ecdf.ed.ac.uk,40,6
57873594,0.00690,piece9,mzeng,r,08/26/2026,11:31:20,eddie@node1o13.ecdf.ed.ac.uk,1,31
57813665,0.00688,Ti4O8-C12-,s1829244,r,08/24/2026,21:22:46,eddie@node1n11.ecdf.ed.ac.uk,2
57872298,0.00687,QLOGIN,yyou,r,08/26/2026,10:27:47,eddie@node1j15.ecdf.ed.ac.uk,1
57872655,0.00686,pggb_smoke,tregan,r,08/26/2026,10:44:18,eddie@node1r12.ecdf.ed.ac.uk,16
57864919,0.00678,miniseed_c,lzhu4,r,08/26/2026,02:44:31,eddie@node1k05.ecdf.ed.ac.uk,32
57813666,0.00676,Ti4O8-C12-,s1829244,r,08/25/2026,05:04:52,eddie@node1k12.ecdf.ed.ac.uk,2
57873594,0.00668,piece9,mzeng,r,08/26/2026,11:31:20,eddie@node1r08.ecdf.ed.ac.uk,1,32
57873746,0.00658,QLOGIN,dzhiguno,r,08/26/2026,11:39:33,eddie@node1j24.ecdf.ed.ac.uk,32
57859872,0.00654,pool1,jluft,r,08/25/2026,15:42:26,eddie@node1h03.ecdf.ed.ac.uk,8
57873594,0.00647,piece9,mzeng,r,08/26/2026,11:31:20,eddie@node1s15.ecdf.ed.ac.uk,1,33
57873594,0.00627,piece9,mzeng,r,08/26/2026,11:31:20,eddie@node1o13.ecdf.ed.ac.uk,1,34
57858577,0.00618,primevul_c,s2581051,r,08/25/2026,14:52:15,gpu@node1s05.ecdf.ed.ac.uk,4
57851233,0.00617,tower_2026,s1901528,r,08/26/2026,12:23:46,eddie@node1j04.ecdf.ed.ac.uk,20,124
57840020,0.00610,cooling_on,s2601697,r,08/25/2026,19:20:00,gpu@node1g07.ecdf.ed.ac.uk,1
57873594,0.00609,piece9,mzeng,r,08/26/2026,11:31:20,eddie@node1s15.ecdf.ed.ac.uk,1,35
57851233,0.00602,tower_2026,s1901528,r,08/26/2026,10:39:25,eddie@node1h06.ecdf.ed.ac.uk,20,123
57813686,0.00601,Ti4O8-C12-,s1829244,r,08/25/2026,10:56:39,eddie@node1k18.ecdf.ed.ac.uk,2
57858369,0.00596,code03_gms,s2285280,r,08/25/2026,14:07:06,eddie@node1f13.ecdf.ed.ac.uk,1,1
57858384,0.00596,nug2_kqedm,s2421480,r,08/25/2026,14:17:42,eddie@node1i17.ecdf.ed.ac.uk,1
57873594,0.00592,piece9,mzeng,r,08/26/2026,11:31:20,eddie@node1o13.ecdf.ed.ac.uk,1,36
57882605,0.00587,run_cutada,s1896224,r,08/26/2026,12:28:32,igmm_long@node1h27.ecdf.ed.ac.,32,1
57851257,0.00579,logo_20260,s1901528,r,08/25/2026,12:49:03,eddie@node1e04.ecdf.ed.ac.uk,40,4
57873594,0.00575,piece9,mzeng,r,08/26/2026,11:31:20,eddie@node1o13.ecdf.ed.ac.uk,1,37
57851233,0.00575,tower_2026,s1901528,r,08/26/2026,08:21:52,eddie@node1j18.ecdf.ed.ac.uk,20,122
57838775,0.00575,mh,s2594881,r,08/24/2026,13:47:31,gpu@node1q08.ecdf.ed.ac.uk,1
57851254,0.00574,regex_2026,s1901528,r,08/25/2026,22:19:30,eddie@node1q05.ecdf.ed.ac.uk,30,15
57851254,0.00570,regex_2026,s1901528,r,08/25/2026,21:50:45,eddie@node1i25.ecdf.ed.ac.uk,30,14
57840021,0.00569,cooling_on,s2601697,r,08/25/2026,20:43:10,gpu@node1g06.ecdf.ed.ac.uk,1
57851254,0.00567,regex_2026,s1901528,r,08/25/2026,21:33:23,eddie@node1m02.ecdf.ed.ac.uk,30,13
57851254,0.00567,regex_2026,s1901528,r,08/25/2026,21:33:06,eddie@node1k04.ecdf.ed.ac.uk,30,12
57851254,0.00566,regex_2026,s1901528,r,08/25/2026,21:29:55,eddie@node1n16.ecdf.ed.ac.uk,30,11
57851254,0.00564,regex_2026,s1901528,r,08/25/2026,21:05:09,eddie@node1j08.ecdf.ed.ac.uk,30,9
57881059,0.00564,wham-per-s,v1malmar,r,08/26/2026,12:20:30,eddie@node1d10.ecdf.ed.ac.uk,16
57851254,0.00562,regex_2026,s1901528,r,08/25/2026,21:09:39,eddie@node1l19.ecdf.ed.ac.uk,30,10
57872245,0.00562,snrna_pseu,s2576916,r,08/26/2026,10:24:19,eddie@node1r12.ecdf.ed.ac.uk,12
57872667,0.00561,twoabentst,mingleso,r,08/26/2026,10:45:03,eddie@node1l26.ecdf.ed.ac.uk,4
57882334,0.00561,QLOGIN,llefevre,r,08/26/2026,12:27:01,eddie@node1i23.ecdf.ed.ac.uk,16
57873594,0.00560,piece9,mzeng,r,08/26/2026,11:31:20,eddie@node1h04.ecdf.ed.ac.uk,1,38
57851254,0.00559,regex_2026,s1901528,r,08/25/2026,20:36:56,eddie@node1q06.ecdf.ed.ac.uk,30,8
57851254,0.00557,regex_2026,s1901528,r,08/25/2026,20:27:11,eddie@node1m01.ecdf.ed.ac.uk,30,7
57881798,0.00557,pcb_T1,wwong3,r,08/26/2026,12:24:26,eddie@node1r19.ecdf.ed.ac.uk,16
57851254,0.00556,regex_2026,s1901528,r,08/25/2026,20:21:26,eddie@node1q05.ecdf.ed.ac.uk,30,6
57851254,0.00554,regex_2026,s1901528,r,08/25/2026,20:10:03,eddie@node1n14.ecdf.ed.ac.uk,30,5
57728307,0.00553,runlisfloo,asiripat,r,08/25/2026,07:57:26,eddie@node1n04.ecdf.ed.ac.uk,1,8812
57851254,0.00553,regex_2026,s1901528,r,08/25/2026,20:01:33,eddie@node1k09.ecdf.ed.ac.uk,30,4
57851233,0.00552,tower_2026,s1901528,r,08/26/2026,06:50:48,eddie@node1r18.ecdf.ed.ac.uk,20,120
57851233,0.00552,tower_2026,s1901528,r,08/26/2026,06:57:42,eddie@node1h16.ecdf.ed.ac.uk,20,121
57851254,0.00552,regex_2026,s1901528,r,08/25/2026,19:44:24,eddie@node1j06.ecdf.ed.ac.uk,30,3
57728307,0.00551,runlisfloo,asiripat,r,08/25/2026,07:20:37,eddie@node1n04.ecdf.ed.ac.uk,1,8811
57851233,0.00546,tower_2026,s1901528,r,08/26/2026,05:32:50,eddie@node1s15.ecdf.ed.ac.uk,20,119
57873594,0.00545,piece9,mzeng,r,08/26/2026,11:31:20,eddie@node1s19.ecdf.ed.ac.uk,1,39
57872400,0.00545,QLOGIN,s2403385,r,08/26/2026,10:33:26,eddie@node1j15.ecdf.ed.ac.uk,1
57851254,0.00544,regex_2026,s1901528,r,08/25/2026,18:55:39,eddie@node1d10.ecdf.ed.ac.uk,30,2
57851233,0.00541,tower_2026,s1901528,r,08/26/2026,05:04:33,eddie@node1m16.ecdf.ed.ac.uk,20,118
57872610,0.00540,light_work,ddunica2,r,08/26/2026,10:41:36,eddie@node1i22.ecdf.ed.ac.uk,1
57854126,0.00539,QLOGIN,dzhiguno,r,08/25/2026,13:04:16,eddie@node1j14.ecdf.ed.ac.uk,32
57851233,0.00533,tower_2026,s1901528,r,08/26/2026,04:19:45,eddie@node1o10.ecdf.ed.ac.uk,20,117
57873594,0.00531,piece9,mzeng,r,08/26/2026,11:31:20,eddie@node1o13.ecdf.ed.ac.uk,1,40
57854945,0.00529,QLOGIN,dzhiguno,r,08/25/2026,13:25:06,eddie@node1j15.ecdf.ed.ac.uk,32
57851233,0.00529,tower_2026,s1901528,r,08/26/2026,03:55:17,eddie@node1r08.ecdf.ed.ac.uk,20,116
57728307,0.00527,runlisfloo,asiripat,r,08/25/2026,01:17:49,eddie@node1s09.ecdf.ed.ac.uk,1,8810
57872977,0.00526,chandran_w,mharvey2,r,08/26/2026,10:59:47,staging@node1f14.ecdf.ed.ac.uk,1
57381920,0.00525,QLOGIN,crobert,r,08/03/2026,11:33:36,eddie@node1i24.ecdf.ed.ac.uk,1
57851233,0.00524,tower_2026,s1901528,r,08/26/2026,03:26:37,eddie@node1r17.ecdf.ed.ac.uk,20,115
57851233,0.00521,tower_2026,s1901528,r,08/26/2026,03:09:02,eddie@node1h10.ecdf.ed.ac.uk,20,114
57873303,0.00518,QLOGIN,s1844143,r,08/26/2026,11:17:18,eddie@node1j15.ecdf.ed.ac.uk,1
57873594,0.00518,piece9,mzeng,r,08/26/2026,11:31:20,eddie@node1h04.ecdf.ed.ac.uk,1,41
57860051,0.00517,jCC128,s1951420,r,08/25/2026,16:46:35,eddie@node1l04.ecdf.ed.ac.uk,32
57851233,0.00517,tower_2026,s1901528,r,08/26/2026,02:48:37,eddie@node1s14.ecdf.ed.ac.uk,20,113
57851233,0.00513,tower_2026,s1901528,r,08/26/2026,02:24:48,eddie@node1j01.ecdf.ed.ac.uk,20,112
57851233,0.00510,tower_2026,s1901528,r,08/26/2026,02:07:23,eddie@node1l07.ecdf.ed.ac.uk,20,111
57873580,0.00508,at_cluster,yyou,r,08/26/2026,11:30:31,eddie@node1j09.ecdf.ed.ac.uk,10
57874210,0.00508,h_ocWildab,s2719294,r,08/26/2026,11:43:22,eddie@node1q13.ecdf.ed.ac.uk,2
57728307,0.00506,runlisfloo,asiripat,r,08/24/2026,19:46:39,eddie@node1k20.ecdf.ed.ac.uk,1,8809
57873594,0.00505,piece9,mzeng,r,08/26/2026,11:31:20,eddie@node1s17.ecdf.ed.ac.uk,1,42
57851233,0.00504,tower_2026,s1901528,r,08/26/2026,01:44:01,eddie@node1o14.ecdf.ed.ac.uk,20,110
57851233,0.00504,tower_2026,s1901528,r,08/26/2026,01:31:02,eddie@node1j03.ecdf.ed.ac.uk,20,109
57728307,0.00503,runlisfloo,asiripat,r,08/24/2026,19:04:54,eddie@node1s09.ecdf.ed.ac.uk,1,8807
57728307,0.00503,runlisfloo,asiripat,r,08/24/2026,19:04:54,eddie@node1s09.ecdf.ed.ac.uk,1,8808
57851233,0.00502,tower_2026,s1901528,r,08/26/2026,01:22:08,eddie@node1l03.ecdf.ed.ac.uk,20,108
57728307,0.00500,runlisfloo,asiripat,r,08/24/2026,18:07:16,eddie@node1s09.ecdf.ed.ac.uk,1,8805
57728307,0.00500,runlisfloo,asiripat,r,08/24/2026,18:07:16,eddie@node1s09.ecdf.ed.ac.uk,1,8806
57728307,0.00493,runlisfloo,asiripat,r,08/24/2026,16:33:58,eddie@node1s11.ecdf.ed.ac.uk,1,8804
57873594,0.00493,piece9,mzeng,r,08/26/2026,11:31:20,eddie@node1h15.ecdf.ed.ac.uk,1,43
57851233,0.00493,tower_2026,s1901528,r,08/26/2026,00:33:17,eddie@node1s16.ecdf.ed.ac.uk,20,106
57851233,0.00493,tower_2026,s1901528,r,08/26/2026,00:33:31,eddie@node1j23.ecdf.ed.ac.uk,20,107
57728307,0.00489,runlisfloo,asiripat,r,08/24/2026,15:34:06,eddie@node1s11.ecdf.ed.ac.uk,1,8803
57728307,0.00488,runlisfloo,asiripat,r,08/24/2026,15:14:23,eddie@node1k20.ecdf.ed.ac.uk,1,8802
57851233,0.00488,tower_2026,s1901528,r,08/26/2026,00:03:15,eddie@node1m05.ecdf.ed.ac.uk,20,104
57851233,0.00488,tower_2026,s1901528,r,08/26/2026,00:05:00,eddie@node1s20.ecdf.ed.ac.uk,20,105
57851233,0.00485,tower_2026,s1901528,r,08/25/2026,23:42:30,eddie@node1h14.ecdf.ed.ac.uk,20,103
57873594,0.00482,piece9,mzeng,r,08/26/2026,11:31:20,eddie@node1h04.ecdf.ed.ac.uk,1,44
57728307,0.00478,runlisfloo,asiripat,r,08/24/2026,12:29:44,eddie@node1s09.ecdf.ed.ac.uk,1,8801
57881539,0.00478,cover_sim,s2441782,r,08/26/2026,12:22:38,eddie@node1j01.ecdf.ed.ac.uk,8,2
57728307,0.00477,runlisfloo,asiripat,r,08/24/2026,12:16:28,eddie@node1k13.ecdf.ed.ac.uk,1,8800
57879820,0.00471,g16a_benze,s2759967,r,08/26/2026,12:13:40,eddie@node1h11.ecdf.ed.ac.uk,8
57873594,0.00471,piece9,mzeng,r,08/26/2026,11:31:20,eddie@node1s17.ecdf.ed.ac.uk,1,45
57728307,0.00469,runlisfloo,asiripat,r,08/24/2026,10:10:58,eddie@node1k20.ecdf.ed.ac.uk,1,8799
57851233,0.00467,tower_2026,s1901528,r,08/25/2026,22:00:15,eddie@node1l07.ecdf.ed.ac.uk,20,100
57873594,0.00460,piece9,mzeng,r,08/26/2026,11:31:20,eddie@node1r18.ecdf.ed.ac.uk,1,46
57873633,0.00458,nf-NFCORE_,s2403385,r,08/26/2026,11:33:18,eddie@node1s18.ecdf.ed.ac.uk,16
57869777,0.00454,real_null_,s2469797,r,08/26/2026,08:06:09,eddie@node1r20.ecdf.ed.ac.uk,8,1
57872139,0.00453,QLOGIN,jpowell2,r,08/26/2026,10:17:29,staging@node1f17.ecdf.ed.ac.uk,1
57862196,0.00450,jCC131,s1951420,r,08/25/2026,22:26:45,eddie@node1l08.ecdf.ed.ac.uk,32
57851233,0.00450,tower_2026,s1901528,r,08/25/2026,20:08:48,eddie@node1j02.ecdf.ed.ac.uk,20,99
57728307,0.00450,runlisfloo,asiripat,r,08/24/2026,05:25:56,eddie@node1k20.ecdf.ed.ac.uk,1,8798
57873594,0.00450,piece9,mzeng,r,08/26/2026,11:31:20,eddie@node1h04.ecdf.ed.ac.uk,1,47
57728307,0.00443,runlisfloo,asiripat,r,08/24/2026,03:41:26,eddie@node1k20.ecdf.ed.ac.uk,1,8797
57873594,0.00441,piece9,mzeng,r,08/26/2026,11:31:20,eddie@node1o12.ecdf.ed.ac.uk,1,48
57728307,0.00435,runlisfloo,asiripat,r,08/24/2026,01:29:54,eddie@node1n11.ecdf.ed.ac.uk,1,8796
57873594,0.00431,piece9,mzeng,r,08/26/2026,11:31:20,eddie@node1s17.ecdf.ed.ac.uk,1,49
57728307,0.00431,runlisfloo,asiripat,r,08/24/2026,00:33:54,eddie@node1k13.ecdf.ed.ac.uk,1,8795
57840146,0.00424,prepro_2nd,smoon,r,08/26/2026,07:47:44,eddie@node1q12.ecdf.ed.ac.uk,2,63
57839804,0.00424,jCC123,s1951420,r,08/24/2026,16:04:30,eddie@node1k07.ecdf.ed.ac.uk,32
57873594,0.00423,piece9,mzeng,r,08/26/2026,11:31:20,eddie@node1h04.ecdf.ed.ac.uk,1,50
57882426,0.00421,heme_S0,wwong3,r,08/26/2026,12:27:50,eddie@node1h05.ecdf.ed.ac.uk,16
57728307,0.00421,runlisfloo,asiripat,r,08/23/2026,21:55:08,eddie@node1k10.ecdf.ed.ac.uk,1,8794
57728307,0.00421,runlisfloo,asiripat,r,08/23/2026,21:47:08,eddie@node1k12.ecdf.ed.ac.uk,1,8793
57728307,0.00420,runlisfloo,asiripat,r,08/23/2026,21:45:53,eddie@node1k20.ecdf.ed.ac.uk,1,8792
57873560,0.00419,QLOGIN,jfriedri,r,08/26/2026,11:29:19,eddie@node1j24.ecdf.ed.ac.uk,1
57872504,0.00418,DL_BATCH,cmetheri,r,08/26/2026,12:12:40,eddie@node1q13.ecdf.ed.ac.uk,1,70
57728307,0.00414,runlisfloo,asiripat,r,08/23/2026,20:11:41,eddie@node1k20.ecdf.ed.ac.uk,1,8791
57873594,0.00414,piece9,mzeng,r,08/26/2026,11:31:20,eddie@node1o12.ecdf.ed.ac.uk,1,51
57873594,0.00414,piece9,mzeng,r,08/26/2026,11:31:20,eddie@node1h04.ecdf.ed.ac.uk,1,52
57873594,0.00414,piece9,mzeng,r,08/26/2026,11:31:20,eddie@node1o12.ecdf.ed.ac.uk,1,53
57873594,0.00414,piece9,mzeng,r,08/26/2026,11:31:20,eddie@node1h04.ecdf.ed.ac.uk,1,54
57873594,0.00414,piece9,mzeng,r,08/26/2026,11:31:20,eddie@node1o12.ecdf.ed.ac.uk,1,55
57873594,0.00414,piece9,mzeng,r,08/26/2026,11:31:20,eddie@node1h04.ecdf.ed.ac.uk,1,56
57873594,0.00414,piece9,mzeng,r,08/26/2026,11:31:20,eddie@node1r12.ecdf.ed.ac.uk,1,57
57873594,0.00414,piece9,mzeng,r,08/26/2026,11:31:20,eddie@node1r12.ecdf.ed.ac.uk,1,58
57873594,0.00414,piece9,mzeng,r,08/26/2026,11:31:20,eddie@node1h10.ecdf.ed.ac.uk,1,59
57873594,0.00414,piece9,mzeng,r,08/26/2026,11:31:20,eddie@node1h03.ecdf.ed.ac.uk,1,61
57873594,0.00414,piece9,mzeng,r,08/26/2026,11:31:20,eddie@node1h10.ecdf.ed.ac.uk,1,62
57873594,0.00414,piece9,mzeng,r,08/26/2026,11:31:20,eddie@node1s20.ecdf.ed.ac.uk,1,63
57873594,0.00414,piece9,mzeng,r,08/26/2026,11:31:20,eddie@node1h03.ecdf.ed.ac.uk,1,64
57873594,0.00414,piece9,mzeng,r,08/26/2026,11:31:20,eddie@node1s14.ecdf.ed.ac.uk,1,65
57873594,0.00414,piece9,mzeng,r,08/26/2026,11:31:20,eddie@node1h10.ecdf.ed.ac.uk,1,66
57873594,0.00414,piece9,mzeng,r,08/26/2026,11:31:20,eddie@node1h07.ecdf.ed.ac.uk,1,68
57873594,0.00414,piece9,mzeng,r,08/26/2026,11:31:20,eddie@node1h10.ecdf.ed.ac.uk,1,69
57873594,0.00414,piece9,mzeng,r,08/26/2026,11:31:20,eddie@node1h22.ecdf.ed.ac.uk,1,70
57873594,0.00414,piece9,mzeng,r,08/26/2026,11:31:20,eddie@node1h07.ecdf.ed.ac.uk,1,71
57873594,0.00414,piece9,mzeng,r,08/26/2026,11:31:20,eddie@node1h05.ecdf.ed.ac.uk,1,73
57873594,0.00414,piece9,mzeng,r,08/26/2026,11:31:20,eddie@node1h10.ecdf.ed.ac.uk,1,74
57873594,0.00414,piece9,mzeng,r,08/26/2026,11:31:20,eddie@node1h22.ecdf.ed.ac.uk,1,75
57873594,0.00414,piece9,mzeng,r,08/26/2026,11:31:20,eddie@node1h07.ecdf.ed.ac.uk,1,76
57873594,0.00414,piece9,mzeng,r,08/26/2026,11:31:20,eddie@node1m15.ecdf.ed.ac.uk,1,78
57873594,0.00414,piece9,mzeng,r,08/26/2026,11:31:20,eddie@node1h05.ecdf.ed.ac.uk,1,79
57873594,0.00414,piece9,mzeng,r,08/26/2026,11:31:20,eddie@node1h10.ecdf.ed.ac.uk,1,80
57873594,0.00414,piece9,mzeng,r,08/26/2026,11:31:20,eddie@node1h22.ecdf.ed.ac.uk,1,81
57873594,0.00414,piece9,mzeng,r,08/26/2026,11:31:20,eddie@node1r07.ecdf.ed.ac.uk,1,82
57873594,0.00414,piece9,mzeng,r,08/26/2026,11:31:20,eddie@node1o10.ecdf.ed.ac.uk,1,83
57873594,0.00414,piece9,mzeng,r,08/26/2026,11:31:20,eddie@node1h07.ecdf.ed.ac.uk,1,84
57873594,0.00414,piece9,mzeng,r,08/26/2026,11:31:20,eddie@node1h13.ecdf.ed.ac.uk,1,85
57873594,0.00414,piece9,mzeng,r,08/26/2026,11:31:20,eddie@node1m15.ecdf.ed.ac.uk,1,86
57873594,0.00414,piece9,mzeng,r,08/26/2026,11:31:20,eddie@node1h10.ecdf.ed.ac.uk,1,87
57873594,0.00414,piece9,mzeng,r,08/26/2026,11:31:20,eddie@node1h24.ecdf.ed.ac.uk,1,88
57873594,0.00414,piece9,mzeng,r,08/26/2026,11:31:20,eddie@node1h22.ecdf.ed.ac.uk,1,89
57873594,0.00414,piece9,mzeng,r,08/26/2026,11:31:20,eddie@node1r07.ecdf.ed.ac.uk,1,90
57873594,0.00414,piece9,mzeng,r,08/26/2026,11:31:20,eddie@node1h07.ecdf.ed.ac.uk,1,91
57873594,0.00414,piece9,mzeng,r,08/26/2026,11:31:20,eddie@node1m15.ecdf.ed.ac.uk,1,92
57873594,0.00414,piece9,mzeng,r,08/26/2026,11:31:20,eddie@node1h24.ecdf.ed.ac.uk,1,93
57873594,0.00414,piece9,mzeng,r,08/26/2026,11:31:20,eddie@node1h22.ecdf.ed.ac.uk,1,94
57873594,0.00414,piece9,mzeng,r,08/26/2026,11:31:20,eddie@node1h07.ecdf.ed.ac.uk,1,95
57873594,0.00414,piece9,mzeng,r,08/26/2026,11:31:20,eddie@node1m15.ecdf.ed.ac.uk,1,96
57873594,0.00414,piece9,mzeng,r,08/26/2026,11:31:20,eddie@node1h14.ecdf.ed.ac.uk,1,97
57873594,0.00414,piece9,mzeng,r,08/26/2026,11:31:20,eddie@node1h24.ecdf.ed.ac.uk,1,98
57873594,0.00414,piece9,mzeng,r,08/26/2026,11:31:20,eddie@node1h23.ecdf.ed.ac.uk,1,99
57873594,0.00414,piece9,mzeng,r,08/26/2026,11:31:20,eddie@node1h22.ecdf.ed.ac.uk,1,100
57851233,0.00413,tower_2026,s1901528,r,08/25/2026,16:36:35,eddie@node1s17.ecdf.ed.ac.uk,20,96
57728307,0.00412,runlisfloo,asiripat,r,08/23/2026,19:40:27,eddie@node1k20.ecdf.ed.ac.uk,1,8790
57840146,0.00411,prepro_2nd,smoon,r,08/26/2026,07:00:04,eddie@node1q04.ecdf.ed.ac.uk,2,62
57878206,0.00406,QLOGIN,lcornell,r,08/26/2026,12:05:33,igmm_long@node1h02.ecdf.ed.ac.,1
57880008,0.00406,QLOGIN,lcornell,r,08/26/2026,12:14:37,igmm_long@node1h02.ecdf.ed.ac.,1
57873635,0.00397,nf-NFCORE_,s2403385,r,08/26/2026,11:33:21,eddie@node1l01.ecdf.ed.ac.uk,16
57728307,0.00396,runlisfloo,asiripat,r,08/23/2026,15:44:07,eddie@node1k12.ecdf.ed.ac.uk,1,8789
57728307,0.00396,runlisfloo,asiripat,r,08/23/2026,15:37:52,eddie@node1n06.ecdf.ed.ac.uk,1,8788
57728307,0.00394,runlisfloo,asiripat,r,08/23/2026,15:15:52,eddie@node1s09.ecdf.ed.ac.uk,1,8787
57728307,0.00393,runlisfloo,asiripat,r,08/23/2026,14:54:22,eddie@node1s09.ecdf.ed.ac.uk,1,8784
57728307,0.00393,runlisfloo,asiripat,r,08/23/2026,14:54:22,eddie@node1s09.ecdf.ed.ac.uk,1,8785
57728307,0.00393,runlisfloo,asiripat,r,08/23/2026,14:54:22,eddie@node1s09.ecdf.ed.ac.uk,1,8786
57728307,0.00388,runlisfloo,asiripat,r,08/23/2026,13:39:01,eddie@node1n06.ecdf.ed.ac.uk,1,8783
57728307,0.00382,runlisfloo,asiripat,r,08/23/2026,11:53:28,eddie@node1k12.ecdf.ed.ac.uk,1,8782
57851233,0.00381,tower_2026,s1901528,r,08/25/2026,13:38:35,eddie@node1l06.ecdf.ed.ac.uk,20,92
57851233,0.00376,tower_2026,s1901528,r,08/25/2026,13:10:45,eddie@node1k03.ecdf.ed.ac.uk,20,90
57871564,0.00371,QLOGIN,fturner,r,08/26/2026,09:41:59,eddie@node1j24.ecdf.ed.ac.uk,1
57839121,0.00367,mh,s2594881,r,08/24/2026,15:11:01,gpu@node1o02.ecdf.ed.ac.uk,1
57728307,0.00360,runlisfloo,asiripat,r,08/23/2026,06:35:04,eddie@node1k20.ecdf.ed.ac.uk,1,8781
57728307,0.00359,runlisfloo,asiripat,r,08/23/2026,06:23:04,eddie@node1k20.ecdf.ed.ac.uk,1,8780
57728307,0.00358,runlisfloo,asiripat,r,08/23/2026,06:02:49,eddie@node1k20.ecdf.ed.ac.uk,1,8778
57728307,0.00358,runlisfloo,asiripat,r,08/23/2026,06:06:04,eddie@node1k12.ecdf.ed.ac.uk,1,8779
57728307,0.00357,runlisfloo,asiripat,r,08/23/2026,05:47:04,eddie@node1k20.ecdf.ed.ac.uk,1,8777
57873636,0.00357,nf-NFCORE_,s2403385,r,08/26/2026,11:33:21,eddie@node1j03.ecdf.ed.ac.uk,16
57728307,0.00356,runlisfloo,asiripat,r,08/23/2026,05:43:34,eddie@node1k20.ecdf.ed.ac.uk,1,8776
57728307,0.00356,runlisfloo,asiripat,r,08/23/2026,05:37:19,eddie@node1k13.ecdf.ed.ac.uk,1,8775
57882427,0.00355,heme_T1,wwong3,r,08/26/2026,12:27:55,eddie@node1i17.ecdf.ed.ac.uk,16
57820695,0.00350,S0_40_vf_5,adixon3,r,08/24/2026,14:40:45,gpu@node1q09.ecdf.ed.ac.uk,1
57728307,0.00345,runlisfloo,asiripat,r,08/23/2026,02:45:34,eddie@node1k20.ecdf.ed.ac.uk,1,8774
57728307,0.00345,runlisfloo,asiripat,r,08/23/2026,02:36:49,eddie@node1k20.ecdf.ed.ac.uk,1,8773
57728307,0.00344,runlisfloo,asiripat,r,08/23/2026,02:21:34,eddie@node1k13.ecdf.ed.ac.uk,1,8772
57385939,0.00344,QLOGIN,crobert,r,08/03/2026,16:37:12,eddie@node1i24.ecdf.ed.ac.uk,1
57881539,0.00342,cover_sim,s2441782,r,08/26/2026,12:22:38,eddie@node1d06.ecdf.ed.ac.uk,8,3
57820696,0.00333,S0_40_vf_5,adixon3,r,08/24/2026,14:40:45,gpu@node1s05.ecdf.ed.ac.uk,1
57728307,0.00332,runlisfloo,asiripat,r,08/22/2026,23:28:00,eddie@node1k10.ecdf.ed.ac.uk,1,8771
57728307,0.00332,runlisfloo,asiripat,r,08/22/2026,23:24:15,eddie@node1j12.ecdf.ed.ac.uk,1,8770
57873750,0.00331,a_r2405_12,wdewulf,r,08/26/2026,11:39:46,eddie@node1l02.ecdf.ed.ac.uk,1,3
57728307,0.00331,runlisfloo,asiripat,r,08/22/2026,23:16:00,eddie@node1k10.ecdf.ed.ac.uk,1,8769
57873637,0.00328,nf-NFCORE_,s2403385,r,08/26/2026,11:33:21,eddie@node1m10.ecdf.ed.ac.uk,16
57869777,0.00327,real_null_,s2469797,r,08/26/2026,08:06:09,eddie@node1o11.ecdf.ed.ac.uk,8,2
57728307,0.00325,runlisfloo,asiripat,r,08/22/2026,21:44:45,eddie@node1k13.ecdf.ed.ac.uk,1,8768
57728307,0.00324,runlisfloo,asiripat,r,08/22/2026,21:27:45,eddie@node1k13.ecdf.ed.ac.uk,1,8767
57728307,0.00323,runlisfloo,asiripat,r,08/22/2026,21:17:45,eddie@node1k10.ecdf.ed.ac.uk,1,8766
57728307,0.00322,runlisfloo,asiripat,r,08/22/2026,20:52:45,eddie@node1k10.ecdf.ed.ac.uk,1,8765
57728307,0.00321,runlisfloo,asiripat,r,08/22/2026,20:39:00,eddie@node1k10.ecdf.ed.ac.uk,1,8764
57728307,0.00319,runlisfloo,asiripat,r,08/22/2026,20:07:30,eddie@node1k13.ecdf.ed.ac.uk,1,8763
57728307,0.00314,runlisfloo,asiripat,r,08/22/2026,18:57:15,eddie@node1k10.ecdf.ed.ac.uk,1,8762
57728307,0.00313,runlisfloo,asiripat,r,08/22/2026,18:36:30,eddie@node1k15.ecdf.ed.ac.uk,1,8761
57851950,0.00313,ce2,gl03pi18,r,08/25/2026,18:04:54,eddie@node1l17.ecdf.ed.ac.uk,8
57851965,0.00312,ce2,gl03pi18,r,08/25/2026,18:54:39,eddie@node1l11.ecdf.ed.ac.uk,8
57728307,0.00310,runlisfloo,asiripat,r,08/22/2026,17:51:30,eddie@node1k13.ecdf.ed.ac.uk,1,8760
57860803,0.00309,humann4,npeker,r,08/25/2026,17:43:39,eddie@node1t01.ecdf.ed.ac.uk,8,3
57728307,0.00307,runlisfloo,asiripat,r,08/22/2026,17:06:59,eddie@node1n05.ecdf.ed.ac.uk,1,8759
57852267,0.00302,ce2,gl03pi18,r,08/25/2026,20:59:33,eddie@node1l13.ecdf.ed.ac.uk,8
57728307,0.00301,runlisfloo,asiripat,r,08/22/2026,15:38:22,eddie@node1k10.ecdf.ed.ac.uk,1,8758
57728307,0.00301,runlisfloo,asiripat,r,08/22/2026,15:30:22,eddie@node1k10.ecdf.ed.ac.uk,1,8757
57858548,0.00300,QLOGIN,s2520601,r,08/25/2026,14:42:50,eddie@node1j24.ecdf.ed.ac.uk,1
57728307,0.00300,runlisfloo,asiripat,r,08/22/2026,15:16:01,eddie@node1k13.ecdf.ed.ac.uk,1,8756
57840146,0.00299,prepro_2nd,smoon,r,08/24/2026,16:55:10,eddie@node1t01.ecdf.ed.ac.uk,2,3
57820666,0.00299,S0_60_vf_5,adixon3,r,08/24/2026,14:36:04,gpu@node1r03.ecdf.ed.ac.uk,1
57858369,0.00298,code03_gms,s2285280,r,08/25/2026,14:07:06,eddie@node1o12.ecdf.ed.ac.uk,1,2
57820686,0.00298,S0_60_vf_5,adixon3,r,08/24/2026,14:39:15,gpu@node1p05.ecdf.ed.ac.uk,1
57728307,0.00298,runlisfloo,asiripat,r,08/22/2026,14:45:44,eddie@node1k12.ecdf.ed.ac.uk,1,8755
57728307,0.00298,runlisfloo,asiripat,r,08/22/2026,14:38:59,eddie@node1n06.ecdf.ed.ac.uk,1,8754
57820694,0.00297,S0_40_vf_5,adixon3,r,08/24/2026,14:40:30,gpu@node1o16.ecdf.ed.ac.uk,1
57839738,0.00295,bindcraft_,s2455959,r,08/24/2026,17:58:46,gpu@node1o17.ecdf.ed.ac.uk,4
57728307,0.00295,runlisfloo,asiripat,r,08/22/2026,13:49:28,eddie@node1k13.ecdf.ed.ac.uk,1,8753
57820725,0.00293,S0_40_vf_5,adixon3,r,08/24/2026,14:49:43,gpu@node1r02.ecdf.ed.ac.uk,1
57728307,0.00293,runlisfloo,asiripat,r,08/22/2026,13:21:03,eddie@node1n06.ecdf.ed.ac.uk,1,8752
57820614,0.00291,S0_60_vf_5,adixon3,r,08/24/2026,14:26:49,gpu@node1s05.ecdf.ed.ac.uk,1
57728307,0.00291,runlisfloo,asiripat,r,08/22/2026,13:03:54,eddie@node1k13.ecdf.ed.ac.uk,1,8751
57728307,0.00291,runlisfloo,asiripat,r,08/22/2026,12:49:14,eddie@node1n12.ecdf.ed.ac.uk,1,8750
57852546,0.00290,CO23d_mass,s2673720,r,08/25/2026,13:21:45,eddie@node1e06.ecdf.ed.ac.uk,20
57852547,0.00288,CO23d_ssv,s2673720,r,08/25/2026,13:23:00,eddie@node1e03.ecdf.ed.ac.uk,20
57820724,0.00286,S0_40_vf_5,adixon3,r,08/24/2026,14:48:43,gpu@node1o17.ecdf.ed.ac.uk,1
57852488,0.00285,ce2,gl03pi18,r,08/25/2026,22:47:15,eddie@node1l13.ecdf.ed.ac.uk,8
57820726,0.00285,S0_40_vf_5,adixon3,r,08/24/2026,14:49:43,gpu@node1r02.ecdf.ed.ac.uk,1
57820704,0.00285,S0_40_vf_5,adixon3,r,08/24/2026,14:42:00,gpu@node1o17.ecdf.ed.ac.uk,1
57728307,0.00284,runlisfloo,asiripat,r,08/22/2026,11:21:28,eddie@node1k13.ecdf.ed.ac.uk,1,8749
57820716,0.00284,S0_40_vf_5,adixon3,r,08/24/2026,14:45:51,gpu@node1s04.ecdf.ed.ac.uk,1
57852572,0.00284,ce2,gl03pi18,r,08/26/2026,00:05:45,eddie@node1l18.ecdf.ed.ac.uk,8
57728307,0.00283,runlisfloo,asiripat,r,08/22/2026,11:05:13,eddie@node1n08.ecdf.ed.ac.uk,1,8748
57820615,0.00283,S0_60_vf_5,adixon3,r,08/24/2026,14:26:49,gpu@node1r03.ecdf.ed.ac.uk,1
57852593,0.00282,ce2,gl03pi18,r,08/26/2026,00:15:13,eddie@node1l13.ecdf.ed.ac.uk,8
57852484,0.00281,ce2,gl03pi18,r,08/25/2026,22:25:45,eddie@node1l12.ecdf.ed.ac.uk,8
57728307,0.00280,runlisfloo,asiripat,r,08/22/2026,10:11:43,eddie@node1n06.ecdf.ed.ac.uk,1,8747
57873555,0.00279,QLOGIN,jireland,r,08/26/2026,11:29:06,gpu@node1o15.ecdf.ed.ac.uk,1
57728307,0.00279,runlisfloo,asiripat,r,08/22/2026,09:55:58,eddie@node1k13.ecdf.ed.ac.uk,1,8746
57852714,0.00279,ce1,gl03pi9,r,08/26/2026,00:40:22,eddie@node1l13.ecdf.ed.ac.uk,8
57852724,0.00278,ce1,gl03pi9,r,08/26/2026,00:51:27,eddie@node1l11.ecdf.ed.ac.uk,8
57728307,0.00277,runlisfloo,asiripat,r,08/22/2026,09:35:43,eddie@node1n03.ecdf.ed.ac.uk,1,8745
57881539,0.00275,cover_sim,s2441782,r,08/26/2026,12:22:38,eddie@node1e01.ecdf.ed.ac.uk,8,4
57852736,0.00275,ce1,gl03pi9,r,08/26/2026,00:51:39,eddie@node1l13.ecdf.ed.ac.uk,8
57728307,0.00274,runlisfloo,asiripat,r,08/22/2026,08:40:28,eddie@node1n05.ecdf.ed.ac.uk,1,8744
57860200,0.00271,gpu_input,s2538679,r,08/26/2026,11:10:20,gpu@node1o01.ecdf.ed.ac.uk,1
57861585,0.00271,horizon_qw,s2306173,r,08/26/2026,11:13:27,gpu@node1p05.ecdf.ed.ac.uk,4,25
57861585,0.00271,horizon_qw,s2306173,r,08/26/2026,11:07:09,gpu@node1o16.ecdf.ed.ac.uk,4,24
57872565,0.00270,QLOGIN,s2403385,r,08/26/2026,10:40:11,eddie@node1j15.ecdf.ed.ac.uk,1
57860198,0.00270,gpu_input,s2538679,r,08/26/2026,10:56:54,gpu@node1p06.ecdf.ed.ac.uk,1
57860196,0.00269,gpu_input,s2538679,r,08/26/2026,10:55:24,gpu@node1o02.ecdf.ed.ac.uk,1
57871073,0.00269,oil3d_mala,s2673720,r,08/26/2026,10:41:44,eddie@node1n13.ecdf.ed.ac.uk,20
57860194,0.00268,gpu_input,s2538679,r,08/26/2026,10:41:56,gpu@node1o01.ecdf.ed.ac.uk,1
57861585,0.00268,horizon_qw,s2306173,r,08/26/2026,10:50:29,gpu@node1p05.ecdf.ed.ac.uk,4,23
57728307,0.00268,runlisfloo,asiripat,r,08/22/2026,07:15:28,eddie@node1j12.ecdf.ed.ac.uk,1,8743
57861585,0.00268,horizon_qw,s2306173,r,08/26/2026,10:36:59,gpu@node1o01.ecdf.ed.ac.uk,4,22
57728307,0.00267,runlisfloo,asiripat,r,08/22/2026,07:03:13,eddie@node1n06.ecdf.ed.ac.uk,1,8742
57852839,0.00267,ce1,gl03pi9,r,08/26/2026,01:01:24,eddie@node1l13.ecdf.ed.ac.uk,8
57870731,0.00267,nf-NFCORE_,ljohnst8,r,08/26/2026,10:41:44,eddie@node1n13.ecdf.ed.ac.uk,12
57728307,0.00266,runlisfloo,asiripat,r,08/22/2026,06:51:13,eddie@node1n12.ecdf.ed.ac.uk,1,8741
57852847,0.00265,ce1,gl03pi9,r,08/26/2026,01:07:14,eddie@node1l12.ecdf.ed.ac.uk,8
57852846,0.00265,ce1,gl03pi9,r,08/26/2026,01:01:24,eddie@node1l13.ecdf.ed.ac.uk,8
57728307,0.00265,runlisfloo,asiripat,r,08/22/2026,06:19:28,eddie@node1n12.ecdf.ed.ac.uk,1,8739
57728307,0.00265,runlisfloo,asiripat,r,08/22/2026,06:22:13,eddie@node1n08.ecdf.ed.ac.uk,1,8740
57852910,0.00264,ce1,gl03pi9,r,08/26/2026,01:10:38,eddie@node1l14.ecdf.ed.ac.uk,8
57869777,0.00263,real_null_,s2469797,r,08/26/2026,08:06:09,eddie@node1r08.ecdf.ed.ac.uk,8,3
57872531,0.00263,DL_BATCH,cmetheri,r,08/26/2026,10:54:37,eddie@node1q02.ecdf.ed.ac.uk,1,74
57728307,0.00263,runlisfloo,asiripat,r,08/22/2026,05:58:58,eddie@node1n06.ecdf.ed.ac.uk,1,8738
57852907,0.00263,ce1,gl03pi9,r,08/26/2026,01:08:24,eddie@node1l11.ecdf.ed.ac.uk,8
57870739,0.00263,nf-NFCORE_,ljohnst8,r,08/26/2026,11:32:31,eddie@node1n15.ecdf.ed.ac.uk,12
57860803,0.00261,humann4,npeker,r,08/25/2026,17:43:39,eddie@node1t01.ecdf.ed.ac.uk,8,4
57728307,0.00261,runlisfloo,asiripat,r,08/22/2026,05:27:28,eddie@node1n03.ecdf.ed.ac.uk,1,8737
57861585,0.00261,horizon_qw,s2306173,r,08/26/2026,11:58:22,gpu@node1p06.ecdf.ed.ac.uk,4,26
57853179,0.00258,oil2d_mcmc,s2673720,r,08/25/2026,13:37:05,eddie@node1e07.ecdf.ed.ac.uk,20
57728307,0.00256,runlisfloo,asiripat,r,08/22/2026,04:11:13,eddie@node1n06.ecdf.ed.ac.uk,1,8736
57870133,0.00255,QLOGIN,s2520601,r,08/26/2026,08:20:07,eddie@node1j24.ecdf.ed.ac.uk,1
57728307,0.00255,runlisfloo,asiripat,r,08/22/2026,03:40:51,eddie@node1n05.ecdf.ed.ac.uk,1,8735
57762664,0.00254,r2dsigc,telahma,r,08/20/2026,12:21:00,eddie@node1k18.ecdf.ed.ac.uk,1
57728307,0.00253,runlisfloo,asiripat,r,08/22/2026,03:22:21,eddie@node1k13.ecdf.ed.ac.uk,1,8733
57839140,0.00253,mh,s2594881,r,08/25/2026,05:45:52,gpu@node1o02.ecdf.ed.ac.uk,1
57728307,0.00253,runlisfloo,asiripat,r,08/22/2026,03:29:36,eddie@node1n11.ecdf.ed.ac.uk,1,8734
57861585,0.00252,horizon_qw,s2306173,r,08/26/2026,08:29:16,gpu@node1p06.ecdf.ed.ac.uk,4,16
57870732,0.00252,nf-NFCORE_,ljohnst8,r,08/26/2026,10:41:44,eddie@node1n13.ecdf.ed.ac.uk,12
57728307,0.00251,runlisfloo,asiripat,r,08/22/2026,02:49:51,eddie@node1n08.ecdf.ed.ac.uk,1,8732
57860177,0.00251,gpu_input,s2538679,r,08/26/2026,08:52:10,gpu@node1r03.ecdf.ed.ac.uk,1
57861585,0.00250,horizon_qw,s2306173,r,08/26/2026,08:17:24,gpu@node1o02.ecdf.ed.ac.uk,4,15
57728307,0.00250,runlisfloo,asiripat,r,08/22/2026,02:30:36,eddie@node1n06.ecdf.ed.ac.uk,1,8731
57874207,0.00249,exon_dexse,fturner,r,08/26/2026,11:43:13,eddie@node1l28.ecdf.ed.ac.uk,1
57728307,0.00249,runlisfloo,asiripat,r,08/22/2026,02:12:51,eddie@node1k18.ecdf.ed.ac.uk,1,8730
57873750,0.00248,a_r2405_12,wdewulf,r,08/26/2026,11:39:46,eddie@node1l07.ecdf.ed.ac.uk,1,4
57860175,0.00246,gpu_input,s2538679,r,08/26/2026,08:10:29,gpu@node1q07.ecdf.ed.ac.uk,1
57728307,0.00246,runlisfloo,asiripat,r,08/22/2026,01:19:19,eddie@node1n06.ecdf.ed.ac.uk,1,8729
57860169,0.00244,gpu_input,s2538679,r,08/26/2026,07:10:12,gpu@node1s05.ecdf.ed.ac.uk,1
57860180,0.00243,gpu_input,s2538679,r,08/26/2026,09:00:47,gpu@node1q09.ecdf.ed.ac.uk,1
57728307,0.00243,runlisfloo,asiripat,r,08/22/2026,00:34:07,eddie@node1k16.ecdf.ed.ac.uk,1,8728
57728307,0.00242,runlisfloo,asiripat,r,08/22/2026,00:27:22,eddie@node1n12.ecdf.ed.ac.uk,1,8727
57870737,0.00242,nf-NFCORE_,ljohnst8,r,08/26/2026,11:05:07,eddie@node1n15.ecdf.ed.ac.uk,12
57870738,0.00242,nf-NFCORE_,ljohnst8,r,08/26/2026,11:11:41,eddie@node1n15.ecdf.ed.ac.uk,12
57839739,0.00240,bindcraft_,s2455959,r,08/24/2026,17:58:46,gpu@node1q07.ecdf.ed.ac.uk,4
57861585,0.00240,horizon_qw,s2306173,r,08/26/2026,08:35:35,gpu@node1o02.ecdf.ed.ac.uk,4,17
57870734,0.00240,nf-NFCORE_,ljohnst8,r,08/26/2026,10:59:27,eddie@node1i17.ecdf.ed.ac.uk,12
57870733,0.00240,nf-NFCORE_,ljohnst8,r,08/26/2026,10:41:44,eddie@node1n13.ecdf.ed.ac.uk,12
57728307,0.00239,runlisfloo,asiripat,r,08/21/2026,23:34:32,eddie@node1k13.ecdf.ed.ac.uk,1,8726
57861585,0.00238,horizon_qw,s2306173,r,08/26/2026,09:22:34,gpu@node1o01.ecdf.ed.ac.uk,4,18
57728307,0.00237,runlisfloo,asiripat,r,08/21/2026,23:16:58,eddie@node1k10.ecdf.ed.ac.uk,1,8725
57871068,0.00235,oil3d_ssv,s2673720,r,08/26/2026,09:11:13,eddie@node1m11.ecdf.ed.ac.uk,20
57881539,0.00234,cover_sim,s2441782,r,08/26/2026,12:22:38,eddie@node1e02.ecdf.ed.ac.uk,8,5
57871070,0.00233,oil3d_smi,s2673720,r,08/26/2026,09:11:16,eddie@node1l03.ecdf.ed.ac.uk,20
57728307,0.00233,runlisfloo,asiripat,r,08/21/2026,22:04:34,eddie@node1n06.ecdf.ed.ac.uk,1,8724
57728307,0.00232,runlisfloo,asiripat,r,08/21/2026,22:02:04,eddie@node1n06.ecdf.ed.ac.uk,1,8723
57728307,0.00232,runlisfloo,asiripat,r,08/21/2026,21:53:48,eddie@node1n06.ecdf.ed.ac.uk,1,8721
57728307,0.00232,runlisfloo,asiripat,r,08/21/2026,21:55:03,eddie@node1n06.ecdf.ed.ac.uk,1,8722
57871071,0.00232,oil3d_mass,s2673720,r,08/26/2026,09:11:16,eddie@node1j19.ecdf.ed.ac.uk,20
57861585,0.00231,horizon_qw,s2306173,r,08/26/2026,09:22:34,gpu@node1o01.ecdf.ed.ac.uk,4,19
57860803,0.00230,humann4,npeker,r,08/25/2026,17:43:39,eddie@node1t01.ecdf.ed.ac.uk,8,5
57728307,0.00229,runlisfloo,asiripat,r,08/21/2026,21:11:02,eddie@node1k11.ecdf.ed.ac.uk,1,8720
57728307,0.00228,runlisfloo,asiripat,r,08/21/2026,20:57:53,eddie@node1n06.ecdf.ed.ac.uk,1,8719
57861585,0.00226,horizon_qw,s2306173,r,08/26/2026,09:28:24,gpu@node1o01.ecdf.ed.ac.uk,4,21
57861585,0.00226,horizon_qw,s2306173,r,08/26/2026,09:22:34,gpu@node1o01.ecdf.ed.ac.uk,4,20
57840146,0.00225,prepro_2nd,smoon,r,08/24/2026,16:55:10,eddie@node1t01.ecdf.ed.ac.uk,2,4
57869777,0.00225,real_null_,s2469797,r,08/26/2026,08:06:09,eddie@node1m15.ecdf.ed.ac.uk,8,4
57728307,0.00224,runlisfloo,asiripat,r,08/21/2026,20:07:54,eddie@node1n11.ecdf.ed.ac.uk,1,8718
57870736,0.00224,nf-NFCORE_,ljohnst8,r,08/26/2026,11:01:14,eddie@node1i17.ecdf.ed.ac.uk,12
57728307,0.00222,runlisfloo,asiripat,r,08/21/2026,19:21:14,eddie@node1k12.ecdf.ed.ac.uk,1,8717
57728307,0.00222,runlisfloo,asiripat,r,08/21/2026,19:19:29,eddie@node1n06.ecdf.ed.ac.uk,1,8716
57870740,0.00221,nf-NFCORE_,ljohnst8,r,08/26/2026,11:55:44,eddie@node1q06.ecdf.ed.ac.uk,12
57844224,0.00220,mh,s2594881,r,08/24/2026,17:58:46,gpu@node1q07.ecdf.ed.ac.uk,1
57728307,0.00218,runlisfloo,asiripat,r,08/21/2026,18:58:44,eddie@node1k10.ecdf.ed.ac.uk,1,8713
57728307,0.00218,runlisfloo,asiripat,r,08/21/2026,18:59:44,eddie@node1k19.ecdf.ed.ac.uk,1,8714
57728307,0.00218,runlisfloo,asiripat,r,08/21/2026,19:06:29,eddie@node1n09.ecdf.ed.ac.uk,1,8715
57728307,0.00217,runlisfloo,asiripat,r,08/21/2026,18:00:16,eddie@node1k15.ecdf.ed.ac.uk,1,8712
57728307,0.00215,runlisfloo,asiripat,r,08/21/2026,17:35:12,eddie@node1k17.ecdf.ed.ac.uk,1,8711
57870741,0.00214,nf-NFCORE_,ljohnst8,r,08/26/2026,11:55:44,eddie@node1q06.ecdf.ed.ac.uk,12
57728307,0.00214,runlisfloo,asiripat,r,08/21/2026,17:23:12,eddie@node1k12.ecdf.ed.ac.uk,1,8710
57872327,0.00214,Hf_nve_sta,cstorm,r,08/26/2026,11:39:16,gpu@node1o16.ecdf.ed.ac.uk,1,9
57828832,0.00214,Pan_3,s2745005,r,08/24/2026,09:24:19,eddie@node1t01.ecdf.ed.ac.uk,24
57870742,0.00209,nf-NFCORE_,ljohnst8,r,08/26/2026,11:55:44,eddie@node1n14.ecdf.ed.ac.uk,12
57728307,0.00208,runlisfloo,asiripat,r,08/21/2026,15:50:39,eddie@node1n03.ecdf.ed.ac.uk,1,8709
57881539,0.00207,cover_sim,s2441782,r,08/26/2026,12:22:38,eddie@node1e07.ecdf.ed.ac.uk,8,6
57728307,0.00207,runlisfloo,asiripat,r,08/21/2026,15:31:17,eddie@node1n08.ecdf.ed.ac.uk,1,8708
57870744,0.00204,nf-NFCORE_,ljohnst8,r,08/26/2026,11:55:44,eddie@node1n16.ecdf.ed.ac.uk,12
57728307,0.00204,runlisfloo,asiripat,r,08/21/2026,14:51:56,eddie@node1n07.ecdf.ed.ac.uk,1,8707
57728307,0.00204,runlisfloo,asiripat,r,08/21/2026,14:43:11,eddie@node1n12.ecdf.ed.ac.uk,1,8706
57728307,0.00203,runlisfloo,asiripat,r,08/21/2026,14:38:56,eddie@node1k11.ecdf.ed.ac.uk,1,8705
57728307,0.00201,runlisfloo,asiripat,r,08/21/2026,14:10:20,eddie@node1n08.ecdf.ed.ac.uk,1,8704
57870747,0.00201,nf-NFCORE_,ljohnst8,r,08/26/2026,12:21:37,eddie@node1n15.ecdf.ed.ac.uk,12
57728307,0.00201,runlisfloo,asiripat,r,08/21/2026,14:06:20,eddie@node1n10.ecdf.ed.ac.uk,1,8703
57728307,0.00201,runlisfloo,asiripat,r,08/21/2026,13:57:18,eddie@node1k17.ecdf.ed.ac.uk,1,8702
57870745,0.00201,nf-NFCORE_,ljohnst8,r,08/26/2026,11:55:44,eddie@node1n14.ecdf.ed.ac.uk,12
57869777,0.00200,real_null_,s2469797,r,08/26/2026,08:06:09,eddie@node1h12.ecdf.ed.ac.uk,8,5
57728307,0.00200,runlisfloo,asiripat,r,08/21/2026,13:41:01,eddie@node1k10.ecdf.ed.ac.uk,1,8701
57728307,0.00199,runlisfloo,asiripat,r,08/21/2026,13:31:59,eddie@node1n12.ecdf.ed.ac.uk,1,8700
57858369,0.00199,code03_gms,s2285280,r,08/25/2026,14:07:06,eddie@node1h06.ecdf.ed.ac.uk,1,3
57728307,0.00198,runlisfloo,asiripat,r,08/21/2026,13:22:39,eddie@node1k17.ecdf.ed.ac.uk,1,8699
57874225,0.00197,isoform_de,fturner,r,08/26/2026,11:44:18,eddie@node1l28.ecdf.ed.ac.uk,1
57870746,0.00197,nf-NFCORE_,ljohnst8,r,08/26/2026,11:55:44,eddie@node1n16.ecdf.ed.ac.uk,12
57728307,0.00197,runlisfloo,asiripat,r,08/21/2026,13:06:43,eddie@node1k20.ecdf.ed.ac.uk,1,8698
57728307,0.00196,runlisfloo,asiripat,r,08/21/2026,12:58:13,eddie@node1n06.ecdf.ed.ac.uk,1,8697
57728307,0.00196,runlisfloo,asiripat,r,08/21/2026,12:52:28,eddie@node1k13.ecdf.ed.ac.uk,1,8695
57728307,0.00196,runlisfloo,asiripat,r,08/21/2026,12:52:43,eddie@node1n06.ecdf.ed.ac.uk,1,8696
57828937,0.00195,Pan_2,s2745005,r,08/24/2026,09:28:19,eddie@node1t01.ecdf.ed.ac.uk,24
57728307,0.00194,runlisfloo,asiripat,r,08/21/2026,12:20:41,eddie@node1n09.ecdf.ed.ac.uk,1,8694
57728307,0.00194,runlisfloo,asiripat,r,08/21/2026,12:15:26,eddie@node1k13.ecdf.ed.ac.uk,1,8693
57728307,0.00190,runlisfloo,asiripat,r,08/21/2026,11:19:14,eddie@node1k10.ecdf.ed.ac.uk,1,8692
57728307,0.00188,runlisfloo,asiripat,r,08/21/2026,10:56:34,eddie@node1n11.ecdf.ed.ac.uk,1,8691
57881539,0.00188,cover_sim,s2441782,r,08/26/2026,12:22:38,eddie@node1d02.ecdf.ed.ac.uk,8,7
57728307,0.00188,runlisfloo,asiripat,r,08/21/2026,10:54:41,eddie@node1k10.ecdf.ed.ac.uk,1,8690
57728307,0.00188,runlisfloo,asiripat,r,08/21/2026,10:52:56,eddie@node1k12.ecdf.ed.ac.uk,1,8689
57852371,0.00188,snakemake,rroehe,r,08/25/2026,06:03:37,eddie@node1j27.ecdf.ed.ac.uk,8,5
57828953,0.00187,Pan_5,s2745005,r,08/24/2026,09:30:34,eddie@node1t01.ecdf.ed.ac.uk,24
57728307,0.00187,runlisfloo,asiripat,r,08/21/2026,10:44:18,eddie@node1n12.ecdf.ed.ac.uk,1,8688
57728307,0.00187,runlisfloo,asiripat,r,08/21/2026,10:41:06,eddie@node1n12.ecdf.ed.ac.uk,1,8687
57728307,0.00187,runlisfloo,asiripat,r,08/21/2026,10:39:40,eddie@node1k11.ecdf.ed.ac.uk,1,8686
57728307,0.00186,runlisfloo,asiripat,r,08/21/2026,10:22:55,eddie@node1j12.ecdf.ed.ac.uk,1,8685
57728307,0.00185,runlisfloo,asiripat,r,08/21/2026,10:11:08,eddie@node1n07.ecdf.ed.ac.uk,1,8684
57728307,0.00185,runlisfloo,asiripat,r,08/21/2026,10:07:50,eddie@node1n07.ecdf.ed.ac.uk,1,8683
57728307,0.00184,runlisfloo,asiripat,r,08/21/2026,09:47:01,eddie@node1k14.ecdf.ed.ac.uk,1,8682
57728307,0.00184,runlisfloo,asiripat,r,08/21/2026,09:42:29,eddie@node1k15.ecdf.ed.ac.uk,1,8681
57728307,0.00182,runlisfloo,asiripat,r,08/21/2026,09:27:04,eddie@node1k11.ecdf.ed.ac.uk,1,8680
57728307,0.00182,runlisfloo,asiripat,r,08/21/2026,09:20:16,eddie@node1n06.ecdf.ed.ac.uk,1,8679
57869777,0.00181,real_null_,s2469797,r,08/26/2026,08:06:09,eddie@node1h24.ecdf.ed.ac.uk,8,6
57840146,0.00181,prepro_2nd,smoon,r,08/24/2026,16:55:10,eddie@node1t01.ecdf.ed.ac.uk,2,5
57728307,0.00180,runlisfloo,asiripat,r,08/21/2026,08:47:15,eddie@node1n10.ecdf.ed.ac.uk,1,8678
57728307,0.00180,runlisfloo,asiripat,r,08/21/2026,08:44:00,eddie@node1n03.ecdf.ed.ac.uk,1,8677
57728307,0.00180,runlisfloo,asiripat,r,08/21/2026,08:37:32,eddie@node1k13.ecdf.ed.ac.uk,1,8676
57860149,0.00179,gpu_input,s2538679,r,08/25/2026,23:06:15,gpu@node1s04.ecdf.ed.ac.uk,1
57728307,0.00177,runlisfloo,asiripat,r,08/21/2026,08:05:24,eddie@node1k10.ecdf.ed.ac.uk,1,8674
57728307,0.00177,runlisfloo,asiripat,r,08/21/2026,08:02:24,eddie@node1n02.ecdf.ed.ac.uk,1,8673
57728307,0.00175,runlisfloo,asiripat,r,08/21/2026,08:29:32,eddie@node1k10.ecdf.ed.ac.uk,1,8675
57881539,0.00174,cover_sim,s2441782,r,08/26/2026,12:22:38,eddie@node1e10.ecdf.ed.ac.uk,8,8
57728307,0.00170,runlisfloo,asiripat,r,08/21/2026,06:50:40,eddie@node1n07.ecdf.ed.ac.uk,1,8671
57728307,0.00170,runlisfloo,asiripat,r,08/21/2026,06:54:55,eddie@node1n07.ecdf.ed.ac.uk,1,8672
57728307,0.00168,runlisfloo,asiripat,r,08/21/2026,05:48:54,eddie@node1k15.ecdf.ed.ac.uk,1,8669
57728307,0.00168,runlisfloo,asiripat,r,08/21/2026,05:45:09,eddie@node1n12.ecdf.ed.ac.uk,1,8668
57869777,0.00168,real_null_,s2469797,r,08/26/2026,08:06:09,eddie@node1r19.ecdf.ed.ac.uk,8,7
57860803,0.00167,humann4,npeker,r,08/25/2026,17:45:09,eddie@node1t01.ecdf.ed.ac.uk,8,9
57728307,0.00164,runlisfloo,asiripat,r,08/21/2026,04:47:09,eddie@node1n03.ecdf.ed.ac.uk,1,8662
57728307,0.00164,runlisfloo,asiripat,r,08/21/2026,04:47:09,eddie@node1n02.ecdf.ed.ac.uk,1,8663
57728307,0.00164,runlisfloo,asiripat,r,08/21/2026,05:29:24,eddie@node1k10.ecdf.ed.ac.uk,1,8666
57728307,0.00164,runlisfloo,asiripat,r,08/21/2026,05:29:24,eddie@node1k12.ecdf.ed.ac.uk,1,8667
57728307,0.00164,runlisfloo,asiripat,r,08/21/2026,05:07:09,eddie@node1k13.ecdf.ed.ac.uk,1,8664
57728307,0.00164,runlisfloo,asiripat,r,08/21/2026,05:55:39,eddie@node1k11.ecdf.ed.ac.uk,1,8670
57728307,0.00164,runlisfloo,asiripat,r,08/21/2026,05:09:09,eddie@node1n05.ecdf.ed.ac.uk,1,8665
57728307,0.00163,runlisfloo,asiripat,r,08/21/2026,04:26:39,eddie@node1n08.ecdf.ed.ac.uk,1,8661
57881539,0.00162,cover_sim,s2441782,r,08/26/2026,12:22:38,eddie@node1e08.ecdf.ed.ac.uk,8,9
57728307,0.00161,runlisfloo,asiripat,r,08/21/2026,04:00:39,eddie@node1n11.ecdf.ed.ac.uk,1,8660
57728307,0.00160,runlisfloo,asiripat,r,08/21/2026,03:48:09,eddie@node1k11.ecdf.ed.ac.uk,1,8659
57728307,0.00159,runlisfloo,asiripat,r,08/21/2026,03:26:54,eddie@node1k17.ecdf.ed.ac.uk,1,8657
57728307,0.00159,runlisfloo,asiripat,r,08/21/2026,03:31:09,eddie@node1n08.ecdf.ed.ac.uk,1,8658
57869777,0.00157,real_null_,s2469797,r,08/26/2026,08:06:09,eddie@node1h23.ecdf.ed.ac.uk,8,8
57728307,0.00156,runlisfloo,asiripat,r,08/21/2026,02:34:09,eddie@node1n11.ecdf.ed.ac.uk,1,8656
57728307,0.00155,runlisfloo,asiripat,r,08/21/2026,02:13:39,eddie@node1k11.ecdf.ed.ac.uk,1,8655
57871411,0.00154,snakemake,rroehe,r,08/26/2026,09:32:04,eddie@node1r19.ecdf.ed.ac.uk,8,16
57851254,0.00154,regex_2026,s1901528,r,08/24/2026,20:41:24,eddie@node1m03.ecdf.ed.ac.uk,30,1
57881539,0.00153,cover_sim,s2441782,r,08/26/2026,12:22:38,eddie@node1d06.ecdf.ed.ac.uk,8,10
57728307,0.00153,runlisfloo,asiripat,r,08/21/2026,01:48:39,eddie@node1n07.ecdf.ed.ac.uk,1,8654
57704466,0.00152,runlisfloo,nfische2,r,08/19/2026,06:25:45,eddie@node1k19.ecdf.ed.ac.uk,1,7000
57704466,0.00152,runlisfloo,nfische2,r,08/19/2026,06:24:00,eddie@node1k14.ecdf.ed.ac.uk,1,6999
57840146,0.00151,prepro_2nd,smoon,r,08/24/2026,16:55:10,eddie@node1t01.ecdf.ed.ac.uk,2,6
57704466,0.00151,runlisfloo,nfische2,r,08/19/2026,06:19:15,eddie@node1k11.ecdf.ed.ac.uk,1,6996
57704466,0.00151,runlisfloo,nfische2,r,08/19/2026,06:20:15,eddie@node1n09.ecdf.ed.ac.uk,1,6997
57704466,0.00151,runlisfloo,nfische2,r,08/19/2026,06:21:00,eddie@node1k17.ecdf.ed.ac.uk,1,6998
57870218,0.00151,CO23d_fab,s2673720,r,08/26/2026,08:23:54,eddie@node1k06.ecdf.ed.ac.uk,10
57704466,0.00151,runlisfloo,nfische2,r,08/19/2026,06:15:45,eddie@node1k18.ecdf.ed.ac.uk,1,6989
57704466,0.00151,runlisfloo,nfische2,r,08/19/2026,06:16:00,eddie@node1n12.ecdf.ed.ac.uk,1,6990
57704466,0.00151,runlisfloo,nfische2,r,08/19/2026,06:16:15,eddie@node1k15.ecdf.ed.ac.uk,1,6991
57704466,0.00151,runlisfloo,nfische2,r,08/19/2026,06:16:30,eddie@node1k15.ecdf.ed.ac.uk,1,6992
57704466,0.00151,runlisfloo,nfische2,r,08/19/2026,06:17:15,eddie@node1k15.ecdf.ed.ac.uk,1,6993
57704466,0.00151,runlisfloo,nfische2,r,08/19/2026,06:18:00,eddie@node1k14.ecdf.ed.ac.uk,1,6994
57704466,0.00151,runlisfloo,nfische2,r,08/19/2026,06:18:30,eddie@node1k12.ecdf.ed.ac.uk,1,6995
57728307,0.00151,runlisfloo,asiripat,r,08/21/2026,01:28:54,eddie@node1k10.ecdf.ed.ac.uk,1,8653
57704466,0.00151,runlisfloo,nfische2,r,08/19/2026,06:10:30,eddie@node1k12.ecdf.ed.ac.uk,1,6986
57704466,0.00151,runlisfloo,nfische2,r,08/19/2026,06:10:30,eddie@node1j12.ecdf.ed.ac.uk,1,6987
57704466,0.00151,runlisfloo,nfische2,r,08/19/2026,06:13:30,eddie@node1k17.ecdf.ed.ac.uk,1,6988
57704466,0.00150,runlisfloo,nfische2,r,08/19/2026,06:05:30,eddie@node1j13.ecdf.ed.ac.uk,1,6981
57704466,0.00150,runlisfloo,nfische2,r,08/19/2026,06:05:30,eddie@node1n12.ecdf.ed.ac.uk,1,6982
57704466,0.00150,runlisfloo,nfische2,r,08/19/2026,06:05:30,eddie@node1j13.ecdf.ed.ac.uk,1,6983
57704466,0.00150,runlisfloo,nfische2,r,08/19/2026,06:06:00,eddie@node1n12.ecdf.ed.ac.uk,1,6984
57704466,0.00150,runlisfloo,nfische2,r,08/19/2026,06:06:15,eddie@node1n09.ecdf.ed.ac.uk,1,6985
57728307,0.00150,runlisfloo,asiripat,r,08/21/2026,01:08:54,eddie@node1n07.ecdf.ed.ac.uk,1,8652
57704466,0.00149,runlisfloo,nfische2,r,08/19/2026,06:02:13,eddie@node1j12.ecdf.ed.ac.uk,1,6979
57704466,0.00149,runlisfloo,nfische2,r,08/19/2026,05:50:58,eddie@node1n01.ecdf.ed.ac.uk,1,6969
57704466,0.00149,runlisfloo,nfische2,r,08/19/2026,06:02:43,eddie@node1n08.ecdf.ed.ac.uk,1,6980
57704466,0.00149,runlisfloo,nfische2,r,08/19/2026,05:52:13,eddie@node1k19.ecdf.ed.ac.uk,1,6970
57704466,0.00149,runlisfloo,nfische2,r,08/19/2026,05:53:43,eddie@node1k11.ecdf.ed.ac.uk,1,6971
57704466,0.00149,runlisfloo,nfische2,r,08/19/2026,05:54:43,eddie@node1n10.ecdf.ed.ac.uk,1,6972
57704466,0.00149,runlisfloo,nfische2,r,08/19/2026,05:54:58,eddie@node1n12.ecdf.ed.ac.uk,1,6973
57704466,0.00149,runlisfloo,nfische2,r,08/19/2026,05:56:43,eddie@node1k10.ecdf.ed.ac.uk,1,6974
57704466,0.00149,runlisfloo,nfische2,r,08/19/2026,05:56:58,eddie@node1n10.ecdf.ed.ac.uk,1,6975
57704466,0.00149,runlisfloo,nfische2,r,08/19/2026,05:59:13,eddie@node1n09.ecdf.ed.ac.uk,1,6976
57704466,0.00149,runlisfloo,nfische2,r,08/19/2026,05:59:58,eddie@node1n12.ecdf.ed.ac.uk,1,6977
57704466,0.00149,runlisfloo,nfische2,r,08/19/2026,06:00:13,eddie@node1k14.ecdf.ed.ac.uk,1,6978
57728307,0.00149,runlisfloo,asiripat,r,08/21/2026,00:52:35,eddie@node1n07.ecdf.ed.ac.uk,1,8651
57858369,0.00149,code03_gms,s2285280,r,08/25/2026,14:07:06,eddie@node1s13.ecdf.ed.ac.uk,1,4
57869777,0.00149,real_null_,s2469797,r,08/26/2026,08:06:09,eddie@node1r05.ecdf.ed.ac.uk,8,9
57704466,0.00149,runlisfloo,nfische2,r,08/19/2026,05:39:13,eddie@node1k12.ecdf.ed.ac.uk,1,6954
57704466,0.00149,runlisfloo,nfische2,r,08/19/2026,05:39:13,eddie@node1k12.ecdf.ed.ac.uk,1,6955
57704466,0.00149,runlisfloo,nfische2,r,08/19/2026,05:39:13,eddie@node1k12.ecdf.ed.ac.uk,1,6956
57704466,0.00149,runlisfloo,nfische2,r,08/19/2026,05:39:13,eddie@node1k12.ecdf.ed.ac.uk,1,6957
57704466,0.00149,runlisfloo,nfische2,r,08/19/2026,05:40:13,eddie@node1j13.ecdf.ed.ac.uk,1,6958
57704466,0.00149,runlisfloo,nfische2,r,08/19/2026,05:40:43,eddie@node1k15.ecdf.ed.ac.uk,1,6959
57704466,0.00149,runlisfloo,nfische2,r,08/19/2026,05:40:58,eddie@node1k15.ecdf.ed.ac.uk,1,6960
57704466,0.00149,runlisfloo,nfische2,r,08/19/2026,05:41:43,eddie@node1k19.ecdf.ed.ac.uk,1,6961
57704466,0.00149,runlisfloo,nfische2,r,08/19/2026,05:41:43,eddie@node1n12.ecdf.ed.ac.uk,1,6962
57704466,0.00149,runlisfloo,nfische2,r,08/19/2026,05:42:28,eddie@node1k14.ecdf.ed.ac.uk,1,6963
57704466,0.00149,runlisfloo,nfische2,r,08/19/2026,05:38:28,eddie@node1n02.ecdf.ed.ac.uk,1,6953
57704466,0.00149,runlisfloo,nfische2,r,08/19/2026,05:43:13,eddie@node1k20.ecdf.ed.ac.uk,1,6964
57704466,0.00149,runlisfloo,nfische2,r,08/19/2026,05:44:28,eddie@node1k12.ecdf.ed.ac.uk,1,6965
57704466,0.00149,runlisfloo,nfische2,r,08/19/2026,05:44:43,eddie@node1k19.ecdf.ed.ac.uk,1,6966
57704466,0.00149,runlisfloo,nfische2,r,08/19/2026,05:44:58,eddie@node1j13.ecdf.ed.ac.uk,1,6967
57704466,0.00149,runlisfloo,nfische2,r,08/19/2026,05:48:58,eddie@node1k18.ecdf.ed.ac.uk,1,6968
57704466,0.00148,runlisfloo,nfische2,r,08/19/2026,05:35:43,eddie@node1k17.ecdf.ed.ac.uk,1,6952
57728307,0.00148,runlisfloo,asiripat,r,08/21/2026,00:37:35,eddie@node1k10.ecdf.ed.ac.uk,1,8650
57728307,0.00148,runlisfloo,asiripat,r,08/21/2026,00:35:20,eddie@node1n11.ecdf.ed.ac.uk,1,8649
57704466,0.00148,runlisfloo,nfische2,r,08/19/2026,05:28:43,eddie@node1k20.ecdf.ed.ac.uk,1,6951
57704466,0.00148,runlisfloo,nfische2,r,08/19/2026,05:27:28,eddie@node1n12.ecdf.ed.ac.uk,1,6950
57704466,0.00147,runlisfloo,nfische2,r,08/19/2026,05:26:43,eddie@node1n01.ecdf.ed.ac.uk,1,6949
57704466,0.00147,runlisfloo,nfische2,r,08/19/2026,05:22:43,eddie@node1n01.ecdf.ed.ac.uk,1,6946
57704466,0.00147,runlisfloo,nfische2,r,08/19/2026,05:22:43,eddie@node1k14.ecdf.ed.ac.uk,1,6947
57704466,0.00147,runlisfloo,nfische2,r,08/19/2026,05:23:43,eddie@node1k17.ecdf.ed.ac.uk,1,6948
57704466,0.00147,runlisfloo,nfische2,r,08/19/2026,05:19:13,eddie@node1k14.ecdf.ed.ac.uk,1,6944
57704466,0.00147,runlisfloo,nfische2,r,08/19/2026,05:20:58,eddie@node1j12.ecdf.ed.ac.uk,1,6945
57704466,0.00147,runlisfloo,nfische2,r,08/19/2026,05:16:28,eddie@node1n02.ecdf.ed.ac.uk,1,6937
57704466,0.00147,runlisfloo,nfische2,r,08/19/2026,05:16:58,eddie@node1k15.ecdf.ed.ac.uk,1,6938
57704466,0.00147,runlisfloo,nfische2,r,08/19/2026,05:16:58,eddie@node1k17.ecdf.ed.ac.uk,1,6939
57704466,0.00147,runlisfloo,nfische2,r,08/19/2026,05:17:28,eddie@node1k11.ecdf.ed.ac.uk,1,6940
57704466,0.00147,runlisfloo,nfische2,r,08/19/2026,05:18:13,eddie@node1k15.ecdf.ed.ac.uk,1,6941
57704466,0.00147,runlisfloo,nfische2,r,08/19/2026,05:18:13,eddie@node1k11.ecdf.ed.ac.uk,1,6942
57870219,0.00147,CO23d_bvi,s2673720,r,08/26/2026,08:23:54,eddie@node1j05.ecdf.ed.ac.uk,10
57704466,0.00147,runlisfloo,nfische2,r,08/19/2026,05:18:58,eddie@node1j13.ecdf.ed.ac.uk,1,6943
57728307,0.00147,runlisfloo,asiripat,r,08/21/2026,00:16:50,eddie@node1n03.ecdf.ed.ac.uk,1,8648
57704466,0.00147,runlisfloo,nfische2,r,08/19/2026,05:10:58,eddie@node1n10.ecdf.ed.ac.uk,1,6934
57704466,0.00147,runlisfloo,nfische2,r,08/19/2026,05:13:28,eddie@node1k11.ecdf.ed.ac.uk,1,6935
57704466,0.00147,runlisfloo,nfische2,r,08/19/2026,05:13:58,eddie@node1n07.ecdf.ed.ac.uk,1,6936
57704466,0.00146,runlisfloo,nfische2,r,08/19/2026,04:59:58,eddie@node1k10.ecdf.ed.ac.uk,1,6932
57704466,0.00146,runlisfloo,nfische2,r,08/19/2026,05:01:28,eddie@node1k20.ecdf.ed.ac.uk,1,6933
57881539,0.00146,cover_sim,s2441782,r,08/26/2026,12:22:38,eddie@node1d10.ecdf.ed.ac.uk,8,11
57871411,0.00146,snakemake,rroehe,r,08/26/2026,09:32:04,eddie@node1h12.ecdf.ed.ac.uk,8,17
57704466,0.00145,runlisfloo,nfische2,r,08/19/2026,04:48:13,eddie@node1n10.ecdf.ed.ac.uk,1,6926
57728307,0.00145,runlisfloo,asiripat,r,08/20/2026,23:52:26,eddie@node1n11.ecdf.ed.ac.uk,1,8647
57704466,0.00145,runlisfloo,nfische2,r,08/19/2026,04:51:43,eddie@node1n10.ecdf.ed.ac.uk,1,6927
57704466,0.00145,runlisfloo,nfische2,r,08/19/2026,04:53:28,eddie@node1k14.ecdf.ed.ac.uk,1,6928
57704466,0.00145,runlisfloo,nfische2,r,08/19/2026,04:54:43,eddie@node1j13.ecdf.ed.ac.uk,1,6929
57704466,0.00145,runlisfloo,nfische2,r,08/19/2026,04:54:43,eddie@node1n09.ecdf.ed.ac.uk,1,6930
57728307,0.00145,runlisfloo,asiripat,r,08/20/2026,23:49:41,eddie@node1k19.ecdf.ed.ac.uk,1,8646
57851233,0.00145,tower_2026,s1901528,r,08/24/2026,20:41:24,eddie@node1k02.ecdf.ed.ac.uk,20,2
57704466,0.00145,runlisfloo,nfische2,r,08/19/2026,04:41:13,eddie@node1k11.ecdf.ed.ac.uk,1,6917
57704466,0.00145,runlisfloo,nfische2,r,08/19/2026,04:41:13,eddie@node1k10.ecdf.ed.ac.uk,1,6918
57704466,0.00145,runlisfloo,nfische2,r,08/19/2026,04:42:28,eddie@node1n01.ecdf.ed.ac.uk,1,6919
57704466,0.00145,runlisfloo,nfische2,r,08/19/2026,04:42:28,eddie@node1n01.ecdf.ed.ac.uk,1,6920
57704466,0.00145,runlisfloo,nfische2,r,08/19/2026,04:42:28,eddie@node1n01.ecdf.ed.ac.uk,1,6921
57704466,0.00145,runlisfloo,nfische2,r,08/19/2026,04:42:28,eddie@node1n01.ecdf.ed.ac.uk,1,6922
57704466,0.00145,runlisfloo,nfische2,r,08/19/2026,04:42:43,eddie@node1k18.ecdf.ed.ac.uk,1,6923
57704466,0.00145,runlisfloo,nfische2,r,08/19/2026,04:43:13,eddie@node1k12.ecdf.ed.ac.uk,1,6924
57704466,0.00145,runlisfloo,nfische2,r,08/19/2026,04:44:28,eddie@node1n05.ecdf.ed.ac.uk,1,6925
57704466,0.00145,runlisfloo,nfische2,r,08/19/2026,04:58:28,eddie@node1k20.ecdf.ed.ac.uk,1,6931
57728307,0.00145,runlisfloo,asiripat,r,08/20/2026,23:44:26,eddie@node1k12.ecdf.ed.ac.uk,1,8645
57852545,0.00144,CO23d_mala,s2673720,r,08/25/2026,10:47:20,eddie@node1i25.ecdf.ed.ac.uk,20
57704466,0.00144,runlisfloo,nfische2,r,08/19/2026,04:30:28,eddie@node1n12.ecdf.ed.ac.uk,1,6914
57704466,0.00144,runlisfloo,nfische2,r,08/19/2026,04:33:58,eddie@node1n02.ecdf.ed.ac.uk,1,6915
57704466,0.00144,runlisfloo,nfische2,r,08/19/2026,04:35:43,eddie@node1k10.ecdf.ed.ac.uk,1,6916
57704466,0.00144,runlisfloo,nfische2,r,08/19/2026,04:23:43,eddie@node1n10.ecdf.ed.ac.uk,1,6910
57704466,0.00144,runlisfloo,nfische2,r,08/19/2026,04:24:58,eddie@node1n12.ecdf.ed.ac.uk,1,6911
57704466,0.00144,runlisfloo,nfische2,r,08/19/2026,04:26:43,eddie@node1k14.ecdf.ed.ac.uk,1,6912
57704466,0.00144,runlisfloo,nfische2,r,08/19/2026,04:29:13,eddie@node1n09.ecdf.ed.ac.uk,1,6913
57851233,0.00143,tower_2026,s1901528,r,08/25/2026,10:47:05,eddie@node1s19.ecdf.ed.ac.uk,20,60
57704466,0.00143,runlisfloo,nfische2,r,08/19/2026,04:15:13,eddie@node1j13.ecdf.ed.ac.uk,1,6905
57704466,0.00143,runlisfloo,nfische2,r,08/19/2026,04:16:13,eddie@node1n10.ecdf.ed.ac.uk,1,6906
57704466,0.00143,runlisfloo,nfische2,r,08/19/2026,04:16:58,eddie@node1k18.ecdf.ed.ac.uk,1,6907
57704466,0.00143,runlisfloo,nfische2,r,08/19/2026,04:17:13,eddie@node1n12.ecdf.ed.ac.uk,1,6908
57704466,0.00143,runlisfloo,nfische2,r,08/19/2026,04:18:43,eddie@node1k19.ecdf.ed.ac.uk,1,6909
57851233,0.00143,tower_2026,s1901528,r,08/25/2026,10:47:20,eddie@node1m14.ecdf.ed.ac.uk,20,61
57851233,0.00143,tower_2026,s1901528,r,08/25/2026,10:48:05,eddie@node1r05.ecdf.ed.ac.uk,20,62
57728307,0.00143,runlisfloo,asiripat,r,08/20/2026,23:23:56,eddie@node1j13.ecdf.ed.ac.uk,1,8644
57704466,0.00143,runlisfloo,nfische2,r,08/19/2026,04:13:58,eddie@node1n12.ecdf.ed.ac.uk,1,6904
57704466,0.00143,runlisfloo,nfische2,r,08/19/2026,04:10:43,eddie@node1k10.ecdf.ed.ac.uk,1,6902
57704466,0.00143,runlisfloo,nfische2,r,08/19/2026,04:12:28,eddie@node1n10.ecdf.ed.ac.uk,1,6903
57851233,0.00143,tower_2026,s1901528,r,08/25/2026,10:49:50,eddie@node1j28.ecdf.ed.ac.uk,20,64
57851233,0.00143,tower_2026,s1901528,r,08/25/2026,10:49:50,eddie@node1h08.ecdf.ed.ac.uk,20,65
57704466,0.00143,runlisfloo,nfische2,r,08/19/2026,04:09:28,eddie@node1k15.ecdf.ed.ac.uk,1,6901
57728307,0.00143,runlisfloo,asiripat,r,08/20/2026,23:18:26,eddie@node1k10.ecdf.ed.ac.uk,1,8643
57851233,0.00143,tower_2026,s1901528,r,08/25/2026,10:51:30,eddie@node1j25.ecdf.ed.ac.uk,20,66
57704466,0.00143,runlisfloo,nfische2,r,08/19/2026,04:04:58,eddie@node1k15.ecdf.ed.ac.uk,1,6900
57851233,0.00142,tower_2026,s1901528,r,08/25/2026,10:53:00,eddie@node1h09.ecdf.ed.ac.uk,20,67
57851233,0.00142,tower_2026,s1901528,r,08/25/2026,10:53:00,eddie@node1o13.ecdf.ed.ac.uk,20,68
57704466,0.00142,runlisfloo,nfische2,r,08/19/2026,04:02:58,eddie@node1k14.ecdf.ed.ac.uk,1,6899
57860011,0.00142,oil3d_fab,s2673720,r,08/25/2026,17:25:39,eddie@node1m04.ecdf.ed.ac.uk,10
57704466,0.00142,runlisfloo,nfische2,r,08/19/2026,03:59:13,eddie@node1k19.ecdf.ed.ac.uk,1,6896
57704466,0.00142,runlisfloo,nfische2,r,08/19/2026,03:59:43,eddie@node1k12.ecdf.ed.ac.uk,1,6897
57704466,0.00142,runlisfloo,nfische2,r,08/19/2026,03:59:43,eddie@node1k14.ecdf.ed.ac.uk,1,6898
57873750,0.00142,a_r2405_12,wdewulf,r,08/26/2026,11:39:46,eddie@node1l05.ecdf.ed.ac.uk,1,7
57851233,0.00142,tower_2026,s1901528,r,08/25/2026,10:53:45,eddie@node1o08.ecdf.ed.ac.uk,20,70
57851233,0.00142,tower_2026,s1901528,r,08/25/2026,10:53:45,eddie@node1h04.ecdf.ed.ac.uk,20,71
57869777,0.00142,real_null_,s2469797,r,08/26/2026,08:06:09,eddie@node1r20.ecdf.ed.ac.uk,8,10
57704466,0.00142,runlisfloo,nfische2,r,08/19/2026,03:54:43,eddie@node1k19.ecdf.ed.ac.uk,1,6894
57704466,0.00142,runlisfloo,nfische2,r,08/19/2026,03:57:28,eddie@node1k15.ecdf.ed.ac.uk,1,6895
57851233,0.00142,tower_2026,s1901528,r,08/25/2026,11:53:36,eddie@node1j21.ecdf.ed.ac.uk,20,84
57851233,0.00142,tower_2026,s1901528,r,08/25/2026,10:54:15,eddie@node1h21.ecdf.ed.ac.uk,20,72
57704466,0.00141,runlisfloo,nfische2,r,08/19/2026,03:48:43,eddie@node1k14.ecdf.ed.ac.uk,1,6892
57704466,0.00141,runlisfloo,nfische2,r,08/19/2026,03:50:13,eddie@node1n10.ecdf.ed.ac.uk,1,6893
57851233,0.00141,tower_2026,s1901528,r,08/24/2026,20:41:24,eddie@node1k08.ecdf.ed.ac.uk,20,3
57728307,0.00141,runlisfloo,asiripat,r,08/20/2026,23:02:56,eddie@node1n07.ecdf.ed.ac.uk,1,8642
57851233,0.00141,tower_2026,s1901528,r,08/25/2026,11:29:16,eddie@node1j05.ecdf.ed.ac.uk,20,79
57851233,0.00141,tower_2026,s1901528,r,08/25/2026,11:29:31,eddie@node1o12.ecdf.ed.ac.uk,20,80
57851233,0.00140,tower_2026,s1901528,r,08/25/2026,11:17:50,eddie@node1m05.ecdf.ed.ac.uk,20,76
57704466,0.00140,runlisfloo,nfische2,r,08/19/2026,03:29:58,eddie@node1k15.ecdf.ed.ac.uk,1,6882
57704466,0.00140,runlisfloo,nfische2,r,08/19/2026,03:29:58,eddie@node1j13.ecdf.ed.ac.uk,1,6883
57704466,0.00140,runlisfloo,nfische2,r,08/19/2026,03:30:13,eddie@node1k19.ecdf.ed.ac.uk,1,6884
57704466,0.00140,runlisfloo,nfische2,r,08/19/2026,03:31:43,eddie@node1j13.ecdf.ed.ac.uk,1,6885
57704466,0.00140,runlisfloo,nfische2,r,08/19/2026,03:31:58,eddie@node1k14.ecdf.ed.ac.uk,1,6886
57704466,0.00140,runlisfloo,nfische2,r,08/19/2026,03:32:13,eddie@node1k15.ecdf.ed.ac.uk,1,6887
57704466,0.00140,runlisfloo,nfische2,r,08/19/2026,03:32:28,eddie@node1k15.ecdf.ed.ac.uk,1,6888
57704466,0.00140,runlisfloo,nfische2,r,08/19/2026,03:34:28,eddie@node1k17.ecdf.ed.ac.uk,1,6889
57704466,0.00140,runlisfloo,nfische2,r,08/19/2026,03:38:58,eddie@node1n02.ecdf.ed.ac.uk,1,6890
57704466,0.00140,runlisfloo,nfische2,r,08/19/2026,03:40:28,eddie@node1k15.ecdf.ed.ac.uk,1,6891
57728307,0.00140,runlisfloo,asiripat,r,08/20/2026,22:34:34,eddie@node1k11.ecdf.ed.ac.uk,1,8639
57881539,0.00140,cover_sim,s2441782,r,08/26/2026,12:22:38,eddie@node1d01.ecdf.ed.ac.uk,8,12
57704466,0.00140,runlisfloo,nfische2,r,08/19/2026,03:27:28,eddie@node1j12.ecdf.ed.ac.uk,1,6881
57704466,0.00140,runlisfloo,nfische2,r,08/19/2026,03:25:58,eddie@node1k14.ecdf.ed.ac.uk,1,6880
57704466,0.00140,runlisfloo,nfische2,r,08/19/2026,03:23:43,eddie@node1k15.ecdf.ed.ac.uk,1,6878
57704466,0.00140,runlisfloo,nfische2,r,08/19/2026,03:23:58,eddie@node1n12.ecdf.ed.ac.uk,1,6879
57704466,0.00139,runlisfloo,nfische2,r,08/19/2026,03:20:58,eddie@node1k14.ecdf.ed.ac.uk,1,6877
57728307,0.00139,runlisfloo,asiripat,r,08/20/2026,22:36:34,eddie@node1k19.ecdf.ed.ac.uk,1,8640
57728307,0.00139,runlisfloo,asiripat,r,08/20/2026,22:36:34,eddie@node1k19.ecdf.ed.ac.uk,1,8641
57704466,0.00139,runlisfloo,nfische2,r,08/19/2026,03:15:28,eddie@node1n09.ecdf.ed.ac.uk,1,6876
57704466,0.00139,runlisfloo,nfische2,r,08/19/2026,03:11:58,eddie@node1j13.ecdf.ed.ac.uk,1,6874
57704466,0.00139,runlisfloo,nfische2,r,08/19/2026,03:11:58,eddie@node1n09.ecdf.ed.ac.uk,1,6875
57880804,0.00139,nf-NFCORE_,s1744040,r,08/26/2026,12:19:05,eddie@node1o09.ecdf.ed.ac.uk,12
57728307,0.00139,runlisfloo,asiripat,r,08/20/2026,22:16:49,eddie@node1n05.ecdf.ed.ac.uk,1,8638
57880815,0.00138,nf-NFCORE_,s1744040,r,08/26/2026,12:19:22,eddie@node1h24.ecdf.ed.ac.uk,12
57880817,0.00138,nf-NFCORE_,s1744040,r,08/26/2026,12:19:22,eddie@node1h11.ecdf.ed.ac.uk,12
57880819,0.00138,nf-NFCORE_,s1744040,r,08/26/2026,12:19:22,eddie@node1r09.ecdf.ed.ac.uk,12
57880820,0.00138,nf-NFCORE_,s1744040,r,08/26/2026,12:19:22,eddie@node1h07.ecdf.ed.ac.uk,12
57870326,0.00138,oil2d_lbvi,s2673720,r,08/26/2026,08:30:46,eddie@node1j11.ecdf.ed.ac.uk,10
57851233,0.00138,tower_2026,s1901528,r,08/24/2026,20:41:24,eddie@node1l10.ecdf.ed.ac.uk,20,4
57704466,0.00138,runlisfloo,nfische2,r,08/19/2026,02:58:28,eddie@node1n12.ecdf.ed.ac.uk,1,6869
57704466,0.00138,runlisfloo,nfische2,r,08/19/2026,03:00:28,eddie@node1k16.ecdf.ed.ac.uk,1,6870
57704466,0.00138,runlisfloo,nfische2,r,08/19/2026,03:00:43,eddie@node1k17.ecdf.ed.ac.uk,1,6871
57704466,0.00138,runlisfloo,nfische2,r,08/19/2026,03:01:43,eddie@node1j13.ecdf.ed.ac.uk,1,6872
57704466,0.00138,runlisfloo,nfische2,r,08/19/2026,03:04:13,eddie@node1k20.ecdf.ed.ac.uk,1,6873
57704466,0.00138,runlisfloo,nfische2,r,08/19/2026,02:50:13,eddie@node1n12.ecdf.ed.ac.uk,1,6868
57704466,0.00137,runlisfloo,nfische2,r,08/19/2026,02:48:43,eddie@node1k19.ecdf.ed.ac.uk,1,6865
57704466,0.00137,runlisfloo,nfische2,r,08/19/2026,02:49:13,eddie@node1n09.ecdf.ed.ac.uk,1,6866
57880808,0.00137,nf-NFCORE_,s1744040,r,08/26/2026,12:19:09,eddie@node1m15.ecdf.ed.ac.uk,12
57880810,0.00137,nf-NFCORE_,s1744040,r,08/26/2026,12:19:09,eddie@node1s13.ecdf.ed.ac.uk,12
57704466,0.00137,runlisfloo,nfische2,r,08/19/2026,02:47:28,eddie@node1k10.ecdf.ed.ac.uk,1,6864
57704466,0.00137,runlisfloo,nfische2,r,08/19/2026,02:49:43,eddie@node1j13.ecdf.ed.ac.uk,1,6867
57704466,0.00137,runlisfloo,nfische2,r,08/19/2026,02:44:28,eddie@node1n01.ecdf.ed.ac.uk,1,6863
57728307,0.00137,runlisfloo,asiripat,r,08/20/2026,21:54:04,eddie@node1k12.ecdf.ed.ac.uk,1,8636
57728307,0.00137,runlisfloo,asiripat,r,08/20/2026,21:54:04,eddie@node1k12.ecdf.ed.ac.uk,1,8637
57704466,0.00137,runlisfloo,nfische2,r,08/19/2026,02:38:28,eddie@node1k11.ecdf.ed.ac.uk,1,6862
57704466,0.00136,runlisfloo,nfische2,r,08/19/2026,02:34:13,eddie@node1n08.ecdf.ed.ac.uk,1,6861
57704466,0.00136,runlisfloo,nfische2,r,08/19/2026,02:28:43,eddie@node1j12.ecdf.ed.ac.uk,1,6859
57704466,0.00136,runlisfloo,nfische2,r,08/19/2026,02:28:58,eddie@node1k17.ecdf.ed.ac.uk,1,6860
57869777,0.00136,real_null_,s2469797,r,08/26/2026,08:06:09,eddie@node1r07.ecdf.ed.ac.uk,8,11
57728307,0.00136,runlisfloo,asiripat,r,08/20/2026,21:34:34,eddie@node1k12.ecdf.ed.ac.uk,1,8634
57728307,0.00136,runlisfloo,asiripat,r,08/20/2026,21:34:34,eddie@node1k12.ecdf.ed.ac.uk,1,8635
57704466,0.00136,runlisfloo,nfische2,r,08/19/2026,02:23:58,eddie@node1k10.ecdf.ed.ac.uk,1,6858
57852371,0.00135,snakemake,rroehe,r,08/25/2026,06:20:52,eddie@node1r06.ecdf.ed.ac.uk,8,8
57704466,0.00135,runlisfloo,nfische2,r,08/19/2026,02:17:43,eddie@node1k19.ecdf.ed.ac.uk,1,6856
57704466,0.00135,runlisfloo,nfische2,r,08/19/2026,02:17:58,eddie@node1n12.ecdf.ed.ac.uk,1,6857
57704466,0.00135,runlisfloo,nfische2,r,08/19/2026,02:13:13,eddie@node1k18.ecdf.ed.ac.uk,1,6855
57728307,0.00135,runlisfloo,asiripat,r,08/20/2026,21:27:34,eddie@node1k18.ecdf.ed.ac.uk,1,8633
57704466,0.00135,runlisfloo,nfische2,r,08/19/2026,02:10:13,eddie@node1n02.ecdf.ed.ac.uk,1,6854
57881539,0.00135,cover_sim,s2441782,r,08/26/2026,12:22:38,eddie@node1e01.ecdf.ed.ac.uk,8,13
57704466,0.00134,runlisfloo,nfische2,r,08/19/2026,02:03:58,eddie@node1k18.ecdf.ed.ac.uk,1,6853
57728307,0.00134,runlisfloo,asiripat,r,08/20/2026,21:10:57,eddie@node1n07.ecdf.ed.ac.uk,1,8632
57728307,0.00134,runlisfloo,asiripat,r,08/20/2026,21:08:42,eddie@node1n07.ecdf.ed.ac.uk,1,8631
57704466,0.00134,runlisfloo,nfische2,r,08/19/2026,01:53:28,eddie@node1k17.ecdf.ed.ac.uk,1,6849
57704466,0.00134,runlisfloo,nfische2,r,08/19/2026,01:54:58,eddie@node1k17.ecdf.ed.ac.uk,1,6850
57704466,0.00134,runlisfloo,nfische2,r,08/19/2026,01:55:58,eddie@node1n09.ecdf.ed.ac.uk,1,6851
57704466,0.00134,runlisfloo,nfische2,r,08/19/2026,01:58:43,eddie@node1k16.ecdf.ed.ac.uk,1,6852
57880899,0.00133,nf-NFCORE_,s1744040,r,08/26/2026,12:19:29,eddie@node1k08.ecdf.ed.ac.uk,12
57704466,0.00133,runlisfloo,nfische2,r,08/19/2026,01:47:28,eddie@node1n09.ecdf.ed.ac.uk,1,6845
57704466,0.00133,runlisfloo,nfische2,r,08/19/2026,01:48:28,eddie@node1n10.ecdf.ed.ac.uk,1,6846
57704466,0.00133,runlisfloo,nfische2,r,08/19/2026,01:49:13,eddie@node1n10.ecdf.ed.ac.uk,1,6847
57704466,0.00133,runlisfloo,nfische2,r,08/19/2026,01:50:13,eddie@node1k11.ecdf.ed.ac.uk,1,6848
57880823,0.00133,nf-NFCORE_,s1744040,r,08/26/2026,12:19:25,eddie@node1h23.ecdf.ed.ac.uk,12
57704466,0.00133,runlisfloo,nfische2,r,08/19/2026,01:41:58,eddie@node1k14.ecdf.ed.ac.uk,1,6843
57704466,0.00133,runlisfloo,nfische2,r,08/19/2026,01:46:43,eddie@node1k10.ecdf.ed.ac.uk,1,6844
57880901,0.00133,nf-NFCORE_,s1744040,r,08/26/2026,12:19:34,eddie@node1l06.ecdf.ed.ac.uk,12
57880904,0.00133,nf-NFCORE_,s1744040,r,08/26/2026,12:19:34,eddie@node1j04.ecdf.ed.ac.uk,12
57880906,0.00133,nf-NFCORE_,s1744040,r,08/26/2026,12:19:39,eddie@node1k02.ecdf.ed.ac.uk,12
57880908,0.00133,nf-NFCORE_,s1744040,r,08/26/2026,12:19:39,eddie@node1l20.ecdf.ed.ac.uk,12
57704466,0.00133,runlisfloo,nfische2,r,08/19/2026,01:35:43,eddie@node1k15.ecdf.ed.ac.uk,1,6841
57704466,0.00132,runlisfloo,nfische2,r,08/19/2026,01:36:58,eddie@node1k10.ecdf.ed.ac.uk,1,6842
57704466,0.00132,runlisfloo,nfische2,r,08/19/2026,01:32:58,eddie@node1k20.ecdf.ed.ac.uk,1,6838
57704466,0.00132,runlisfloo,nfische2,r,08/19/2026,01:33:28,eddie@node1k11.ecdf.ed.ac.uk,1,6839
57704466,0.00132,runlisfloo,nfische2,r,08/19/2026,01:33:43,eddie@node1k17.ecdf.ed.ac.uk,1,6840
57704466,0.00132,runlisfloo,nfische2,r,08/19/2026,01:31:58,eddie@node1k10.ecdf.ed.ac.uk,1,6837
57704466,0.00132,runlisfloo,nfische2,r,08/19/2026,01:30:13,eddie@node1k18.ecdf.ed.ac.uk,1,6836
57704466,0.00132,runlisfloo,nfische2,r,08/19/2026,01:27:43,eddie@node1n09.ecdf.ed.ac.uk,1,6835
57728307,0.00132,runlisfloo,asiripat,r,08/20/2026,20:37:31,eddie@node1n07.ecdf.ed.ac.uk,1,8630
57880913,0.00132,nf-NFCORE_,s1744040,r,08/26/2026,12:19:43,eddie@node1m07.ecdf.ed.ac.uk,12
57880914,0.00132,nf-NFCORE_,s1744040,r,08/26/2026,12:19:43,eddie@node1j23.ecdf.ed.ac.uk,12
57880915,0.00132,nf-NFCORE_,s1744040,r,08/26/2026,12:19:43,eddie@node1m07.ecdf.ed.ac.uk,12
57704466,0.00132,runlisfloo,nfische2,r,08/19/2026,01:22:43,eddie@node1j12.ecdf.ed.ac.uk,1,6832
57704466,0.00132,runlisfloo,nfische2,r,08/19/2026,01:23:13,eddie@node1n08.ecdf.ed.ac.uk,1,6833
57704466,0.00132,runlisfloo,nfische2,r,08/19/2026,01:23:58,eddie@node1j13.ecdf.ed.ac.uk,1,6834
57704466,0.00132,runlisfloo,nfische2,r,08/19/2026,01:21:58,eddie@node1k13.ecdf.ed.ac.uk,1,6831
57704466,0.00132,runlisfloo,nfische2,r,08/19/2026,01:20:13,eddie@node1k20.ecdf.ed.ac.uk,1,6828
57704466,0.00132,runlisfloo,nfische2,r,08/19/2026,01:21:13,eddie@node1n09.ecdf.ed.ac.uk,1,6829
57704466,0.00132,runlisfloo,nfische2,r,08/19/2026,01:21:13,eddie@node1k14.ecdf.ed.ac.uk,1,6830
57728307,0.00131,runlisfloo,asiripat,r,08/20/2026,20:28:44,eddie@node1n11.ecdf.ed.ac.uk,1,8629
57704466,0.00131,runlisfloo,nfische2,r,08/19/2026,01:17:58,eddie@node1k10.ecdf.ed.ac.uk,1,6827
57704466,0.00131,runlisfloo,nfische2,r,08/19/2026,01:15:58,eddie@node1j13.ecdf.ed.ac.uk,1,6825
57704466,0.00131,runlisfloo,nfische2,r,08/19/2026,01:15:58,eddie@node1k14.ecdf.ed.ac.uk,1,6826
57704466,0.00131,runlisfloo,nfische2,r,08/19/2026,01:14:13,eddie@node1n01.ecdf.ed.ac.uk,1,6824
57869777,0.00131,real_null_,s2469797,r,08/26/2026,08:06:09,eddie@node1s18.ecdf.ed.ac.uk,8,12
57704466,0.00131,runlisfloo,nfische2,r,08/19/2026,01:12:28,eddie@node1k11.ecdf.ed.ac.uk,1,6822
57704466,0.00131,runlisfloo,nfische2,r,08/19/2026,01:12:43,eddie@node1j12.ecdf.ed.ac.uk,1,6823
57704466,0.00131,runlisfloo,nfische2,r,08/19/2026,01:11:28,eddie@node1k18.ecdf.ed.ac.uk,1,6821
57704466,0.00131,runlisfloo,nfische2,r,08/19/2026,01:10:58,eddie@node1n10.ecdf.ed.ac.uk,1,6820
57840146,0.00130,prepro_2nd,smoon,r,08/24/2026,16:55:10,eddie@node1t01.ecdf.ed.ac.uk,2,7
57881006,0.00130,nf-NFCORE_,s1744040,r,08/26/2026,12:20:04,eddie@node1j02.ecdf.ed.ac.uk,12
57881007,0.00130,nf-NFCORE_,s1744040,r,08/26/2026,12:20:04,eddie@node1j07.ecdf.ed.ac.uk,12
57881010,0.00130,nf-NFCORE_,s1744040,r,08/26/2026,12:20:04,eddie@node1j02.ecdf.ed.ac.uk,12
57881539,0.00130,cover_sim,s2441782,r,08/26/2026,12:22:38,eddie@node1d09.ecdf.ed.ac.uk,8,14
57704466,0.00130,runlisfloo,nfische2,r,08/18/2026,00:41:24,eddie@node1k16.ecdf.ed.ac.uk,1,6000
57880922,0.00130,nf-NFCORE_,s1744040,r,08/26/2026,12:19:55,eddie@node1o11.ecdf.ed.ac.uk,12
57880919,0.00130,nf-NFCORE_,s1744040,r,08/26/2026,12:19:48,eddie@node1o11.ecdf.ed.ac.uk,12
57704466,0.00130,runlisfloo,nfische2,r,08/19/2026,00:56:13,eddie@node1n02.ecdf.ed.ac.uk,1,6815
57704466,0.00130,runlisfloo,nfische2,r,08/19/2026,00:57:28,eddie@node1n09.ecdf.ed.ac.uk,1,6816
57704466,0.00130,runlisfloo,nfische2,r,08/19/2026,00:59:43,eddie@node1n10.ecdf.ed.ac.uk,1,6817
57704466,0.00130,runlisfloo,nfische2,r,08/19/2026,01:03:13,eddie@node1n09.ecdf.ed.ac.uk,1,6818
57704466,0.00130,runlisfloo,nfische2,r,08/19/2026,01:03:43,eddie@node1n10.ecdf.ed.ac.uk,1,6819
57881014,0.00129,nf-NFCORE_,s1744040,r,08/26/2026,12:20:18,eddie@node1l09.ecdf.ed.ac.uk,12
57881017,0.00129,nf-NFCORE_,s1744040,r,08/26/2026,12:20:18,eddie@node1e07.ecdf.ed.ac.uk,12
57704466,0.00129,runlisfloo,nfische2,r,08/19/2026,00:53:43,eddie@node1n06.ecdf.ed.ac.uk,1,6813
57728307,0.00129,runlisfloo,asiripat,r,08/20/2026,19:53:23,eddie@node1k18.ecdf.ed.ac.uk,1,8627
57728307,0.00129,runlisfloo,asiripat,r,08/20/2026,19:53:23,eddie@node1k18.ecdf.ed.ac.uk,1,8628
57704466,0.00129,runlisfloo,nfische2,r,08/19/2026,00:43:43,eddie@node1k17.ecdf.ed.ac.uk,1,6810
57704466,0.00129,runlisfloo,nfische2,r,08/19/2026,00:45:43,eddie@node1k10.ecdf.ed.ac.uk,1,6811
57704466,0.00129,runlisfloo,nfische2,r,08/19/2026,00:46:58,eddie@node1k15.ecdf.ed.ac.uk,1,6812
57704466,0.00129,runlisfloo,nfische2,r,08/19/2026,00:53:58,eddie@node1n09.ecdf.ed.ac.uk,1,6814
57728307,0.00129,runlisfloo,asiripat,r,08/20/2026,19:49:38,eddie@node1k13.ecdf.ed.ac.uk,1,8626
57704466,0.00129,runlisfloo,nfische2,r,08/19/2026,00:40:43,eddie@node1k11.ecdf.ed.ac.uk,1,6805
57704466,0.00129,runlisfloo,nfische2,r,08/19/2026,00:40:58,eddie@node1k11.ecdf.ed.ac.uk,1,6806
57704466,0.00129,runlisfloo,nfische2,r,08/19/2026,00:41:28,eddie@node1n10.ecdf.ed.ac.uk,1,6807
57704466,0.00129,runlisfloo,nfische2,r,08/19/2026,00:41:43,eddie@node1k20.ecdf.ed.ac.uk,1,6808
57704466,0.00129,runlisfloo,nfische2,r,08/19/2026,00:41:43,eddie@node1k17.ecdf.ed.ac.uk,1,6809
57704466,0.00129,runlisfloo,nfische2,r,08/19/2026,00:39:58,eddie@node1k10.ecdf.ed.ac.uk,1,6804
57704466,0.00129,runlisfloo,nfische2,r,08/19/2026,00:36:28,eddie@node1k12.ecdf.ed.ac.uk,1,6803
57704466,0.00128,runlisfloo,nfische2,r,08/19/2026,00:31:58,eddie@node1k18.ecdf.ed.ac.uk,1,6800
57704466,0.00128,runlisfloo,nfische2,r,08/19/2026,00:33:28,eddie@node1n08.ecdf.ed.ac.uk,1,6801
57704466,0.00128,runlisfloo,nfische2,r,08/19/2026,00:33:43,eddie@node1k13.ecdf.ed.ac.uk,1,6802
57881020,0.00128,nf-NFCORE_,s1744040,r,08/26/2026,12:20:22,eddie@node1d10.ecdf.ed.ac.uk,12
57881023,0.00128,nf-NFCORE_,s1744040,r,08/26/2026,12:20:26,eddie@node1e07.ecdf.ed.ac.uk,12
57704466,0.00128,runlisfloo,nfische2,r,08/19/2026,00:25:28,eddie@node1n12.ecdf.ed.ac.uk,1,6795
57704466,0.00128,runlisfloo,nfische2,r,08/19/2026,00:26:28,eddie@node1n10.ecdf.ed.ac.uk,1,6796
57704466,0.00128,runlisfloo,nfische2,r,08/19/2026,00:26:58,eddie@node1k12.ecdf.ed.ac.uk,1,6797
57704466,0.00128,runlisfloo,nfische2,r,08/19/2026,00:27:28,eddie@node1k18.ecdf.ed.ac.uk,1,6798
57704466,0.00128,runlisfloo,nfische2,r,08/19/2026,00:28:13,eddie@node1n09.ecdf.ed.ac.uk,1,6799
57704466,0.00128,runlisfloo,nfische2,r,08/19/2026,00:21:58,eddie@node1n09.ecdf.ed.ac.uk,1,6793
57704466,0.00128,runlisfloo,nfische2,r,08/19/2026,00:22:43,eddie@node1j13.ecdf.ed.ac.uk,1,6794
57704466,0.00128,runlisfloo,nfische2,r,08/19/2026,00:20:28,eddie@node1k17.ecdf.ed.ac.uk,1,6791
57704466,0.00128,runlisfloo,nfische2,r,08/19/2026,00:20:58,eddie@node1k18.ecdf.ed.ac.uk,1,6792
57851233,0.00127,tower_2026,s1901528,r,08/24/2026,20:41:24,eddie@node1m06.ecdf.ed.ac.uk,20,8
57728307,0.00127,runlisfloo,asiripat,r,08/20/2026,19:27:14,eddie@node1k13.ecdf.ed.ac.uk,1,8624
57728307,0.00127,runlisfloo,asiripat,r,08/20/2026,19:27:14,eddie@node1k13.ecdf.ed.ac.uk,1,8625
57704466,0.00127,runlisfloo,nfische2,r,08/19/2026,00:10:58,eddie@node1n05.ecdf.ed.ac.uk,1,6787
57704466,0.00127,runlisfloo,nfische2,r,08/19/2026,00:11:13,eddie@node1k13.ecdf.ed.ac.uk,1,6788
57704466,0.00127,runlisfloo,nfische2,r,08/19/2026,00:11:43,eddie@node1k15.ecdf.ed.ac.uk,1,6789
57704466,0.00127,runlisfloo,nfische2,r,08/19/2026,00:13:28,eddie@node1k19.ecdf.ed.ac.uk,1,6790
57869777,0.00127,real_null_,s2469797,r,08/26/2026,08:06:09,eddie@node1o11.ecdf.ed.ac.uk,8,13
57704466,0.00127,runlisfloo,nfische2,r,08/19/2026,00:08:13,eddie@node1k18.ecdf.ed.ac.uk,1,6786
57704466,0.00127,runlisfloo,nfische2,r,08/19/2026,00:07:43,eddie@node1n02.ecdf.ed.ac.uk,1,6785
57704466,0.00127,runlisfloo,nfische2,r,08/19/2026,00:06:28,eddie@node1n10.ecdf.ed.ac.uk,1,6784
57704466,0.00127,runlisfloo,nfische2,r,08/19/2026,00:03:43,eddie@node1n05.ecdf.ed.ac.uk,1,6782
57704466,0.00127,runlisfloo,nfische2,r,08/19/2026,00:04:13,eddie@node1k10.ecdf.ed.ac.uk,1,6783
57881539,0.00126,cover_sim,s2441782,r,08/26/2026,12:22:38,eddie@node1e09.ecdf.ed.ac.uk,8,15
57704466,0.00126,runlisfloo,nfische2,r,08/19/2026,00:01:43,eddie@node1k14.ecdf.ed.ac.uk,1,6781
57704466,0.00126,runlisfloo,nfische2,r,08/18/2026,23:59:43,eddie@node1k20.ecdf.ed.ac.uk,1,6779
57704466,0.00126,runlisfloo,nfische2,r,08/19/2026,00:00:19,eddie@node1k14.ecdf.ed.ac.uk,1,6780
57704466,0.00126,runlisfloo,nfische2,r,08/18/2026,23:57:58,eddie@node1n09.ecdf.ed.ac.uk,1,6778
57704466,0.00126,runlisfloo,nfische2,r,08/18/2026,23:57:28,eddie@node1n09.ecdf.ed.ac.uk,1,6777
57704466,0.00126,runlisfloo,nfische2,r,08/18/2026,23:55:28,eddie@node1k13.ecdf.ed.ac.uk,1,6776
57704466,0.00126,runlisfloo,nfische2,r,08/18/2026,23:48:13,eddie@node1j13.ecdf.ed.ac.uk,1,6772
57704466,0.00126,runlisfloo,nfische2,r,08/18/2026,23:50:13,eddie@node1n10.ecdf.ed.ac.uk,1,6773
57704466,0.00126,runlisfloo,nfische2,r,08/18/2026,23:51:43,eddie@node1k20.ecdf.ed.ac.uk,1,6774
57728307,0.00125,runlisfloo,asiripat,r,08/20/2026,18:53:24,eddie@node1k10.ecdf.ed.ac.uk,1,8623
57728307,0.00125,runlisfloo,asiripat,r,08/20/2026,18:52:23,eddie@node1j13.ecdf.ed.ac.uk,1,8622
57704466,0.00125,runlisfloo,nfische2,r,08/18/2026,23:46:28,eddie@node1n09.ecdf.ed.ac.uk,1,6771
57704466,0.00125,runlisfloo,nfische2,r,08/18/2026,23:53:43,eddie@node1k14.ecdf.ed.ac.uk,1,6775
57704466,0.00125,runlisfloo,nfische2,r,08/18/2026,23:45:58,eddie@node1k14.ecdf.ed.ac.uk,1,6769
57704466,0.00125,runlisfloo,nfische2,r,08/18/2026,23:46:13,eddie@node1k12.ecdf.ed.ac.uk,1,6770
57704466,0.00125,runlisfloo,nfische2,r,08/18/2026,23:37:52,eddie@node1k18.ecdf.ed.ac.uk,1,6768
57728307,0.00125,runlisfloo,asiripat,r,08/20/2026,18:49:08,eddie@node1n11.ecdf.ed.ac.uk,1,8621
57728307,0.00125,runlisfloo,asiripat,r,08/20/2026,18:46:38,eddie@node1k13.ecdf.ed.ac.uk,1,8619
57728307,0.00125,runlisfloo,asiripat,r,08/20/2026,18:46:38,eddie@node1k13.ecdf.ed.ac.uk,1,8620
57704466,0.00125,runlisfloo,nfische2,r,08/18/2026,23:35:22,eddie@node1k20.ecdf.ed.ac.uk,1,6767
57728307,0.00124,runlisfloo,asiripat,r,08/20/2026,18:42:23,eddie@node1k11.ecdf.ed.ac.uk,1,8618
57704466,0.00124,runlisfloo,nfische2,r,08/18/2026,23:30:07,eddie@node1k12.ecdf.ed.ac.uk,1,6766
57728307,0.00124,runlisfloo,asiripat,r,08/20/2026,18:41:08,eddie@node1k13.ecdf.ed.ac.uk,1,8617
57728307,0.00124,runlisfloo,asiripat,r,08/20/2026,18:40:08,eddie@node1n03.ecdf.ed.ac.uk,1,8616
57704466,0.00124,runlisfloo,nfische2,r,08/18/2026,23:29:22,eddie@node1k14.ecdf.ed.ac.uk,1,6765
57704466,0.00124,runlisfloo,nfische2,r,08/18/2026,23:27:37,eddie@node1n12.ecdf.ed.ac.uk,1,6764
57704466,0.00124,runlisfloo,nfische2,r,08/18/2026,23:23:52,eddie@node1n01.ecdf.ed.ac.uk,1,6762
57704466,0.00124,runlisfloo,nfische2,r,08/18/2026,23:25:37,eddie@node1n10.ecdf.ed.ac.uk,1,6763
57704466,0.00124,runlisfloo,nfische2,r,08/18/2026,23:21:09,eddie@node1n07.ecdf.ed.ac.uk,1,6760
57704466,0.00124,runlisfloo,nfische2,r,08/18/2026,23:22:07,eddie@node1n10.ecdf.ed.ac.uk,1,6761
57704466,0.00124,runlisfloo,nfische2,r,08/18/2026,23:19:24,eddie@node1k17.ecdf.ed.ac.uk,1,6759
57728307,0.00124,runlisfloo,asiripat,r,08/20/2026,18:30:08,eddie@node1k11.ecdf.ed.ac.uk,1,8615
57851233,0.00123,tower_2026,s1901528,r,08/24/2026,20:41:24,eddie@node1k01.ecdf.ed.ac.uk,20,10
57704466,0.00123,runlisfloo,nfische2,r,08/18/2026,23:16:24,eddie@node1n10.ecdf.ed.ac.uk,1,6758
57704466,0.00123,runlisfloo,nfische2,r,08/18/2026,23:14:39,eddie@node1n12.ecdf.ed.ac.uk,1,6757
57869777,0.00123,real_null_,s2469797,r,08/26/2026,08:06:09,eddie@node1o13.ecdf.ed.ac.uk,8,14
57881539,0.00123,cover_sim,s2441782,r,08/26/2026,12:22:38,eddie@node1d03.ecdf.ed.ac.uk,8,16
57704466,0.00123,runlisfloo,nfische2,r,08/18/2026,23:08:31,eddie@node1n09.ecdf.ed.ac.uk,1,6755
57704466,0.00123,runlisfloo,nfische2,r,08/18/2026,23:09:59,eddie@node1k11.ecdf.ed.ac.uk,1,6756
57704466,0.00123,runlisfloo,nfische2,r,08/18/2026,23:05:09,eddie@node1k20.ecdf.ed.ac.uk,1,6752
57704466,0.00123,runlisfloo,nfische2,r,08/18/2026,23:05:24,eddie@node1k14.ecdf.ed.ac.uk,1,6753
57704466,0.00123,runlisfloo,nfische2,r,08/18/2026,23:06:59,eddie@node1j13.ecdf.ed.ac.uk,1,6754
57704466,0.00123,runlisfloo,nfische2,r,08/18/2026,23:03:54,eddie@node1n02.ecdf.ed.ac.uk,1,6751
57704466,0.00122,runlisfloo,nfische2,r,08/18/2026,22:57:39,eddie@node1j12.ecdf.ed.ac.uk,1,6748
57704466,0.00122,runlisfloo,nfische2,r,08/18/2026,22:51:09,eddie@node1k10.ecdf.ed.ac.uk,1,6745
57704466,0.00122,runlisfloo,nfische2,r,08/18/2026,22:52:24,eddie@node1k14.ecdf.ed.ac.uk,1,6746
57704466,0.00122,runlisfloo,nfische2,r,08/18/2026,22:53:24,eddie@node1k15.ecdf.ed.ac.uk,1,6747
57704466,0.00122,runlisfloo,nfische2,r,08/18/2026,22:47:36,eddie@node1k14.ecdf.ed.ac.uk,1,6742
57704466,0.00122,runlisfloo,nfische2,r,08/18/2026,22:48:51,eddie@node1k14.ecdf.ed.ac.uk,1,6743
57704466,0.00122,runlisfloo,nfische2,r,08/18/2026,22:50:21,eddie@node1k11.ecdf.ed.ac.uk,1,6744
57704466,0.00122,runlisfloo,nfische2,r,08/18/2026,22:58:54,eddie@node1k15.ecdf.ed.ac.uk,1,6749
57704466,0.00122,runlisfloo,nfische2,r,08/18/2026,23:02:24,eddie@node1k13.ecdf.ed.ac.uk,1,6750
57704466,0.00122,runlisfloo,nfische2,r,08/18/2026,22:43:51,eddie@node1n02.ecdf.ed.ac.uk,1,6739
57704466,0.00122,runlisfloo,nfische2,r,08/18/2026,22:44:36,eddie@node1k15.ecdf.ed.ac.uk,1,6740
57704466,0.00122,runlisfloo,nfische2,r,08/18/2026,22:44:51,eddie@node1n10.ecdf.ed.ac.uk,1,6741
57704466,0.00121,runlisfloo,nfische2,r,08/18/2026,22:41:45,eddie@node1n09.ecdf.ed.ac.uk,1,6738
57704466,0.00121,runlisfloo,nfische2,r,08/18/2026,22:37:30,eddie@node1n12.ecdf.ed.ac.uk,1,6733
57704466,0.00121,runlisfloo,nfische2,r,08/18/2026,22:37:45,eddie@node1k15.ecdf.ed.ac.uk,1,6734
57704466,0.00121,runlisfloo,nfische2,r,08/18/2026,22:39:45,eddie@node1k15.ecdf.ed.ac.uk,1,6735
57704466,0.00121,runlisfloo,nfische2,r,08/18/2026,22:40:15,eddie@node1n06.ecdf.ed.ac.uk,1,6736
57704466,0.00121,runlisfloo,nfische2,r,08/18/2026,22:40:15,eddie@node1k14.ecdf.ed.ac.uk,1,6737
57704466,0.00121,runlisfloo,nfische2,r,08/18/2026,22:34:45,eddie@node1k14.ecdf.ed.ac.uk,1,6732
57704466,0.00121,runlisfloo,nfische2,r,08/18/2026,22:27:30,eddie@node1k11.ecdf.ed.ac.uk,1,6731
57704466,0.00120,runlisfloo,nfische2,r,08/18/2026,22:26:15,eddie@node1k12.ecdf.ed.ac.uk,1,6730
57704466,0.00120,runlisfloo,nfische2,r,08/18/2026,22:23:30,eddie@node1j13.ecdf.ed.ac.uk,1,6728
57704466,0.00120,runlisfloo,nfische2,r,08/18/2026,22:24:00,eddie@node1n12.ecdf.ed.ac.uk,1,6729
57704466,0.00120,runlisfloo,nfische2,r,08/18/2026,22:22:00,eddie@node1k19.ecdf.ed.ac.uk,1,6727
57869777,0.00120,real_null_,s2469797,r,08/26/2026,08:06:09,eddie@node1h09.ecdf.ed.ac.uk,8,15
57881539,0.00120,cover_sim,s2441782,r,08/26/2026,12:22:38,eddie@node1e02.ecdf.ed.ac.uk,8,17
57851233,0.00120,tower_2026,s1901528,r,08/24/2026,20:41:24,eddie@node1l02.ecdf.ed.ac.uk,20,12
57704466,0.00120,runlisfloo,nfische2,r,08/18/2026,22:18:45,eddie@node1k15.ecdf.ed.ac.uk,1,6726
57704466,0.00120,runlisfloo,nfische2,r,08/18/2026,22:17:30,eddie@node1n02.ecdf.ed.ac.uk,1,6725
57704466,0.00120,runlisfloo,nfische2,r,08/18/2026,22:16:27,eddie@node1n02.ecdf.ed.ac.uk,1,6724
57704466,0.00120,runlisfloo,nfische2,r,08/18/2026,22:14:27,eddie@node1k12.ecdf.ed.ac.uk,1,6723
57704466,0.00119,runlisfloo,nfische2,r,08/18/2026,22:13:42,eddie@node1j12.ecdf.ed.ac.uk,1,6722
57704466,0.00119,runlisfloo,nfische2,r,08/18/2026,22:12:42,eddie@node1s12.ecdf.ed.ac.uk,1,6721
57728307,0.00119,runlisfloo,asiripat,r,08/20/2026,17:29:31,eddie@node1n02.ecdf.ed.ac.uk,1,8614
57704466,0.00119,runlisfloo,nfische2,r,08/18/2026,22:09:57,eddie@node1n09.ecdf.ed.ac.uk,1,6720
57858369,0.00119,code03_gms,s2285280,r,08/25/2026,14:07:06,eddie@node1s13.ecdf.ed.ac.uk,1,5
57704466,0.00119,runlisfloo,nfische2,r,08/18/2026,22:06:27,eddie@node1k11.ecdf.ed.ac.uk,1,6719
57704466,0.00119,runlisfloo,nfische2,r,08/18/2026,22:05:57,eddie@node1k15.ecdf.ed.ac.uk,1,6718
57704466,0.00119,runlisfloo,nfische2,r,08/18/2026,22:04:27,eddie@node1n09.ecdf.ed.ac.uk,1,6717
57704466,0.00119,runlisfloo,nfische2,r,08/18/2026,22:03:42,eddie@node1s12.ecdf.ed.ac.uk,1,6715
57704466,0.00119,runlisfloo,nfische2,r,08/18/2026,22:04:12,eddie@node1n12.ecdf.ed.ac.uk,1,6716
57728307,0.00119,runlisfloo,asiripat,r,08/20/2026,17:15:20,eddie@node1n11.ecdf.ed.ac.uk,1,8613
57704466,0.00119,runlisfloo,nfische2,r,08/18/2026,21:59:27,eddie@node1j13.ecdf.ed.ac.uk,1,6714
57704466,0.00119,runlisfloo,nfische2,r,08/18/2026,21:58:42,eddie@node1k16.ecdf.ed.ac.uk,1,6712
57704466,0.00119,runlisfloo,nfische2,r,08/18/2026,21:58:42,eddie@node1k10.ecdf.ed.ac.uk,1,6713
57704466,0.00118,runlisfloo,nfische2,r,08/18/2026,21:56:12,eddie@node1k12.ecdf.ed.ac.uk,1,6711
57704466,0.00118,runlisfloo,nfische2,r,08/18/2026,21:52:12,eddie@node1s12.ecdf.ed.ac.uk,1,6710
57704466,0.00118,runlisfloo,nfische2,r,08/18/2026,21:46:12,eddie@node1n03.ecdf.ed.ac.uk,1,6709
57704466,0.00117,runlisfloo,nfische2,r,08/18/2026,00:50:09,eddie@node1j12.ecdf.ed.ac.uk,1,6001
57728307,0.00117,runlisfloo,asiripat,r,08/20/2026,16:58:02,eddie@node1k11.ecdf.ed.ac.uk,1,8612
57881539,0.00117,cover_sim,s2441782,r,08/26/2026,12:22:38,eddie@node1e07.ecdf.ed.ac.uk,8,18
57704466,0.00117,runlisfloo,nfische2,r,08/18/2026,21:40:12,eddie@node1s12.ecdf.ed.ac.uk,1,6707
57704466,0.00117,runlisfloo,nfische2,r,08/18/2026,21:43:42,eddie@node1n10.ecdf.ed.ac.uk,1,6708
57869777,0.00117,real_null_,s2469797,r,08/26/2026,08:06:09,eddie@node1m15.ecdf.ed.ac.uk,8,16
57704466,0.00117,runlisfloo,nfische2,r,08/18/2026,21:38:57,eddie@node1k10.ecdf.ed.ac.uk,1,6705
57704466,0.00117,runlisfloo,nfische2,r,08/18/2026,21:39:12,eddie@node1k15.ecdf.ed.ac.uk,1,6706
57704466,0.00117,runlisfloo,nfische2,r,08/18/2026,21:37:27,eddie@node1k14.ecdf.ed.ac.uk,1,6704
57704466,0.00117,runlisfloo,nfische2,r,08/18/2026,21:33:42,eddie@node1n12.ecdf.ed.ac.uk,1,6702
57704466,0.00117,runlisfloo,nfische2,r,08/18/2026,21:35:12,eddie@node1k18.ecdf.ed.ac.uk,1,6703
57704466,0.00117,runlisfloo,nfische2,r,08/18/2026,21:30:27,eddie@node1k18.ecdf.ed.ac.uk,1,6701
57728307,0.00116,runlisfloo,asiripat,r,08/20/2026,16:41:26,eddie@node1n05.ecdf.ed.ac.uk,1,8611
57704466,0.00116,runlisfloo,nfische2,r,08/18/2026,21:19:57,eddie@node1n09.ecdf.ed.ac.uk,1,6700
57704466,0.00116,runlisfloo,nfische2,r,08/18/2026,21:16:42,eddie@node1k13.ecdf.ed.ac.uk,1,6698
57704466,0.00116,runlisfloo,nfische2,r,08/18/2026,21:18:57,eddie@node1k11.ecdf.ed.ac.uk,1,6699
57704466,0.00116,runlisfloo,nfische2,r,08/18/2026,21:12:57,eddie@node1k17.ecdf.ed.ac.uk,1,6697
57704466,0.00115,runlisfloo,nfische2,r,08/18/2026,21:04:27,eddie@node1j12.ecdf.ed.ac.uk,1,6696
57881539,0.00115,cover_sim,s2441782,r,08/26/2026,12:22:38,eddie@node1d04.ecdf.ed.ac.uk,8,19
57728307,0.00115,runlisfloo,asiripat,r,08/20/2026,16:21:07,eddie@node1k12.ecdf.ed.ac.uk,1,8610
57704466,0.00115,runlisfloo,nfische2,r,08/18/2026,21:03:42,eddie@node1k10.ecdf.ed.ac.uk,1,6695
57704466,0.00115,runlisfloo,nfische2,r,08/18/2026,21:02:17,eddie@node1k14.ecdf.ed.ac.uk,1,6694
57869777,0.00115,real_null_,s2469797,r,08/26/2026,08:06:09,eddie@node1r08.ecdf.ed.ac.uk,8,17
57840146,0.00115,prepro_2nd,smoon,r,08/24/2026,16:55:10,eddie@node1t01.ecdf.ed.ac.uk,2,8
57851233,0.00114,tower_2026,s1901528,r,08/24/2026,20:41:24,eddie@node1l20.ecdf.ed.ac.uk,20,20
57851233,0.00114,tower_2026,s1901528,r,08/24/2026,20:41:24,eddie@node1l02.ecdf.ed.ac.uk,20,22
57851233,0.00114,tower_2026,s1901528,r,08/24/2026,20:41:24,eddie@node1k03.ecdf.ed.ac.uk,20,23
57851233,0.00114,tower_2026,s1901528,r,08/24/2026,20:41:24,eddie@node1j21.ecdf.ed.ac.uk,20,24
57851233,0.00114,tower_2026,s1901528,r,08/24/2026,20:41:24,eddie@node1m04.ecdf.ed.ac.uk,20,25
57851233,0.00114,tower_2026,s1901528,r,08/24/2026,20:41:25,eddie@node1j17.ecdf.ed.ac.uk,20,28
57851233,0.00114,tower_2026,s1901528,r,08/24/2026,20:41:25,eddie@node1k06.ecdf.ed.ac.uk,20,32
57851233,0.00114,tower_2026,s1901528,r,08/24/2026,20:41:25,eddie@node1j04.ecdf.ed.ac.uk,20,33
57704466,0.00114,runlisfloo,nfische2,r,08/18/2026,20:55:47,eddie@node1k20.ecdf.ed.ac.uk,1,6693
57704466,0.00114,runlisfloo,nfische2,r,08/18/2026,20:52:33,eddie@node1n09.ecdf.ed.ac.uk,1,6692
57704466,0.00114,runlisfloo,nfische2,r,08/18/2026,20:49:32,eddie@node1k10.ecdf.ed.ac.uk,1,6691
57728307,0.00114,runlisfloo,asiripat,r,08/20/2026,16:05:56,eddie@node1k18.ecdf.ed.ac.uk,1,8609
57704466,0.00114,runlisfloo,nfische2,r,08/18/2026,20:47:18,eddie@node1k11.ecdf.ed.ac.uk,1,6690
57704466,0.00114,runlisfloo,nfische2,r,08/18/2026,20:46:18,eddie@node1k15.ecdf.ed.ac.uk,1,6689
57704466,0.00114,runlisfloo,nfische2,r,08/18/2026,20:45:03,eddie@node1j13.ecdf.ed.ac.uk,1,6688
57704466,0.00114,runlisfloo,nfische2,r,08/18/2026,20:38:32,eddie@node1j13.ecdf.ed.ac.uk,1,6684
57704466,0.00114,runlisfloo,nfische2,r,08/18/2026,20:43:03,eddie@node1k13.ecdf.ed.ac.uk,1,6687
57704466,0.00114,runlisfloo,nfische2,r,08/18/2026,20:37:17,eddie@node1n05.ecdf.ed.ac.uk,1,6683
57704466,0.00113,runlisfloo,nfische2,r,08/18/2026,20:29:02,eddie@node1j13.ecdf.ed.ac.uk,1,6682
57881539,0.00113,cover_sim,s2441782,r,08/26/2026,12:22:38,eddie@node1e10.ecdf.ed.ac.uk,8,20
57728307,0.00113,runlisfloo,asiripat,r,08/20/2026,15:49:09,eddie@node1k13.ecdf.ed.ac.uk,1,8608
57728307,0.00113,runlisfloo,asiripat,r,08/20/2026,15:47:55,eddie@node1k18.ecdf.ed.ac.uk,1,8607
57829406,0.00113,qc725,s2745005,r,08/24/2026,10:03:12,eddie@node1t01.ecdf.ed.ac.uk,10
57704466,0.00113,runlisfloo,nfische2,r,08/18/2026,20:25:17,eddie@node1n06.ecdf.ed.ac.uk,1,6678
57704466,0.00113,runlisfloo,nfische2,r,08/18/2026,20:25:32,eddie@node1n02.ecdf.ed.ac.uk,1,6679
57704466,0.00113,runlisfloo,nfische2,r,08/18/2026,20:27:02,eddie@node1k17.ecdf.ed.ac.uk,1,6680
57704466,0.00113,runlisfloo,nfische2,r,08/18/2026,20:28:17,eddie@node1n09.ecdf.ed.ac.uk,1,6681
57704466,0.00113,runlisfloo,nfische2,r,08/18/2026,20:23:17,eddie@node1k18.ecdf.ed.ac.uk,1,6676
57704466,0.00113,runlisfloo,nfische2,r,08/18/2026,20:23:17,eddie@node1k14.ecdf.ed.ac.uk,1,6677
57704466,0.00113,runlisfloo,nfische2,r,08/18/2026,20:23:02,eddie@node1n07.ecdf.ed.ac.uk,1,6675
57869777,0.00113,real_null_,s2469797,r,08/26/2026,08:06:09,eddie@node1m14.ecdf.ed.ac.uk,8,18
57869777,0.00113,real_null_,s2469797,r,08/26/2026,08:06:09,eddie@node1h15.ecdf.ed.ac.uk,8,19
57869777,0.00113,real_null_,s2469797,r,08/26/2026,08:06:09,eddie@node1s17.ecdf.ed.ac.uk,8,20
57869777,0.00113,real_null_,s2469797,r,08/26/2026,08:06:09,eddie@node1h12.ecdf.ed.ac.uk,8,21
57869777,0.00113,real_null_,s2469797,r,08/26/2026,08:06:09,eddie@node1o08.ecdf.ed.ac.uk,8,22
57869777,0.00113,real_null_,s2469797,r,08/26/2026,08:06:09,eddie@node1h24.ecdf.ed.ac.uk,8,23
57869777,0.00113,real_null_,s2469797,r,08/26/2026,08:06:09,eddie@node1r19.ecdf.ed.ac.uk,8,24
57869777,0.00113,real_null_,s2469797,r,08/26/2026,08:06:09,eddie@node1r18.ecdf.ed.ac.uk,8,25
57869777,0.00113,real_null_,s2469797,r,08/26/2026,08:06:09,eddie@node1h23.ecdf.ed.ac.uk,8,26
57869777,0.00113,real_null_,s2469797,r,08/26/2026,08:06:09,eddie@node1r05.ecdf.ed.ac.uk,8,27
57869777,0.00113,real_null_,s2469797,r,08/26/2026,08:06:09,eddie@node1r20.ecdf.ed.ac.uk,8,28
57869777,0.00113,real_null_,s2469797,r,08/26/2026,08:06:09,eddie@node1h11.ecdf.ed.ac.uk,8,29
57869777,0.00113,real_null_,s2469797,r,08/26/2026,08:06:09,eddie@node1r07.ecdf.ed.ac.uk,8,30
57869777,0.00113,real_null_,s2469797,r,08/26/2026,08:06:09,eddie@node1r09.ecdf.ed.ac.uk,8,31
57869777,0.00113,real_null_,s2469797,r,08/26/2026,08:06:09,eddie@node1s19.ecdf.ed.ac.uk,8,32
57869777,0.00113,real_null_,s2469797,r,08/26/2026,08:06:09,eddie@node1j28.ecdf.ed.ac.uk,8,33
57869777,0.00113,real_null_,s2469797,r,08/26/2026,08:06:09,eddie@node1s18.ecdf.ed.ac.uk,8,34
57869777,0.00113,real_null_,s2469797,r,08/26/2026,08:06:09,eddie@node1o11.ecdf.ed.ac.uk,8,35
57869777,0.00113,real_null_,s2469797,r,08/26/2026,08:06:09,eddie@node1h05.ecdf.ed.ac.uk,8,36
57869777,0.00113,real_null_,s2469797,r,08/26/2026,08:06:09,eddie@node1o13.ecdf.ed.ac.uk,8,37
57869777,0.00113,real_null_,s2469797,r,08/26/2026,08:06:09,eddie@node1s13.ecdf.ed.ac.uk,8,38
57869777,0.00113,real_null_,s2469797,r,08/26/2026,08:06:09,eddie@node1h09.ecdf.ed.ac.uk,8,39
57869777,0.00113,real_null_,s2469797,r,08/26/2026,08:06:09,eddie@node1h03.ecdf.ed.ac.uk,8,40
57869777,0.00113,real_null_,s2469797,r,08/26/2026,08:06:09,eddie@node1h15.ecdf.ed.ac.uk,8,41
57869777,0.00113,real_null_,s2469797,r,08/26/2026,08:06:09,eddie@node1r08.ecdf.ed.ac.uk,8,42
57869777,0.00113,real_null_,s2469797,r,08/26/2026,08:06:09,eddie@node1m15.ecdf.ed.ac.uk,8,43
57869777,0.00113,real_null_,s2469797,r,08/26/2026,08:06:09,eddie@node1o07.ecdf.ed.ac.uk,8,44
57869777,0.00113,real_null_,s2469797,r,08/26/2026,08:06:09,eddie@node1s17.ecdf.ed.ac.uk,8,45
57869777,0.00113,real_null_,s2469797,r,08/26/2026,08:06:09,eddie@node1h12.ecdf.ed.ac.uk,8,46
57869777,0.00113,real_null_,s2469797,r,08/26/2026,08:06:09,eddie@node1h07.ecdf.ed.ac.uk,8,47
57869777,0.00113,real_null_,s2469797,r,08/26/2026,08:06:09,eddie@node1r17.ecdf.ed.ac.uk,8,48
57869777,0.00113,real_null_,s2469797,r,08/26/2026,08:06:09,eddie@node1o09.ecdf.ed.ac.uk,8,49
57869777,0.00113,real_null_,s2469797,r,08/26/2026,08:06:09,eddie@node1h06.ecdf.ed.ac.uk,8,50
57869777,0.00113,real_null_,s2469797,r,08/26/2026,08:06:09,eddie@node1h24.ecdf.ed.ac.uk,8,51
57869777,0.00113,real_null_,s2469797,r,08/26/2026,08:06:09,eddie@node1r19.ecdf.ed.ac.uk,8,52
57869777,0.00113,real_null_,s2469797,r,08/26/2026,08:06:09,eddie@node1r18.ecdf.ed.ac.uk,8,53
57869777,0.00113,real_null_,s2469797,r,08/26/2026,08:06:09,eddie@node1h23.ecdf.ed.ac.uk,8,54
57869777,0.00113,real_null_,s2469797,r,08/26/2026,08:06:09,eddie@node1o12.ecdf.ed.ac.uk,8,55
57869777,0.00113,real_null_,s2469797,r,08/26/2026,08:06:09,eddie@node1r20.ecdf.ed.ac.uk,8,56
57869777,0.00113,real_null_,s2469797,r,08/26/2026,08:06:09,eddie@node1h11.ecdf.ed.ac.uk,8,57
57869777,0.00113,real_null_,s2469797,r,08/26/2026,08:06:09,eddie@node1r07.ecdf.ed.ac.uk,8,58
57869777,0.00113,real_null_,s2469797,r,08/26/2026,08:06:09,eddie@node1r09.ecdf.ed.ac.uk,8,59
57869777,0.00113,real_null_,s2469797,r,08/26/2026,08:06:09,eddie@node1s19.ecdf.ed.ac.uk,8,60
57869777,0.00113,real_null_,s2469797,r,08/26/2026,08:06:09,eddie@node1j26.ecdf.ed.ac.uk,8,61
57869777,0.00113,real_null_,s2469797,r,08/26/2026,08:06:09,eddie@node1s18.ecdf.ed.ac.uk,8,62
57869777,0.00113,real_null_,s2469797,r,08/26/2026,08:06:09,eddie@node1o11.ecdf.ed.ac.uk,8,63
57869777,0.00113,real_null_,s2469797,r,08/26/2026,08:06:09,eddie@node1h05.ecdf.ed.ac.uk,8,64
57869777,0.00113,real_null_,s2469797,r,08/26/2026,08:06:10,eddie@node1o13.ecdf.ed.ac.uk,8,65
57869777,0.00113,real_null_,s2469797,r,08/26/2026,08:06:10,eddie@node1s13.ecdf.ed.ac.uk,8,66
57869777,0.00113,real_null_,s2469797,r,08/26/2026,08:06:10,eddie@node1h03.ecdf.ed.ac.uk,8,67
57869777,0.00113,real_null_,s2469797,r,08/26/2026,08:06:10,eddie@node1m15.ecdf.ed.ac.uk,8,68
57869777,0.00113,real_null_,s2469797,r,08/26/2026,08:06:10,eddie@node1r08.ecdf.ed.ac.uk,8,69
57869777,0.00113,real_null_,s2469797,r,08/26/2026,08:06:10,eddie@node1h15.ecdf.ed.ac.uk,8,70
57869777,0.00113,real_null_,s2469797,r,08/26/2026,08:06:10,eddie@node1s17.ecdf.ed.ac.uk,8,71
57869777,0.00113,real_null_,s2469797,r,08/26/2026,08:06:10,eddie@node1h12.ecdf.ed.ac.uk,8,72
57869777,0.00113,real_null_,s2469797,r,08/26/2026,08:06:10,eddie@node1h07.ecdf.ed.ac.uk,8,73
57869777,0.00113,real_null_,s2469797,r,08/26/2026,08:06:10,eddie@node1r17.ecdf.ed.ac.uk,8,74
57869777,0.00113,real_null_,s2469797,r,08/26/2026,08:06:10,eddie@node1o09.ecdf.ed.ac.uk,8,75
57869777,0.00113,real_null_,s2469797,r,08/26/2026,08:06:10,eddie@node1h04.ecdf.ed.ac.uk,8,76
57869777,0.00113,real_null_,s2469797,r,08/26/2026,08:06:10,eddie@node1h06.ecdf.ed.ac.uk,8,77
57869777,0.00113,real_null_,s2469797,r,08/26/2026,08:06:10,eddie@node1h24.ecdf.ed.ac.uk,8,78
57869777,0.00113,real_null_,s2469797,r,08/26/2026,08:06:10,eddie@node1r19.ecdf.ed.ac.uk,8,79
57869777,0.00113,real_null_,s2469797,r,08/26/2026,08:06:10,eddie@node1r18.ecdf.ed.ac.uk,8,80
57869777,0.00113,real_null_,s2469797,r,08/26/2026,08:06:10,eddie@node1s14.ecdf.ed.ac.uk,8,81
57869777,0.00113,real_null_,s2469797,r,08/26/2026,08:06:10,eddie@node1h23.ecdf.ed.ac.uk,8,82
57869777,0.00113,real_null_,s2469797,r,08/26/2026,08:06:10,eddie@node1o12.ecdf.ed.ac.uk,8,83
57869777,0.00113,real_null_,s2469797,r,08/26/2026,08:06:10,eddie@node1r20.ecdf.ed.ac.uk,8,84
57869777,0.00113,real_null_,s2469797,r,08/26/2026,08:06:10,eddie@node1h11.ecdf.ed.ac.uk,8,85
57869777,0.00113,real_null_,s2469797,r,08/26/2026,08:06:10,eddie@node1r07.ecdf.ed.ac.uk,8,86
57869777,0.00113,real_null_,s2469797,r,08/26/2026,08:06:10,eddie@node1h10.ecdf.ed.ac.uk,8,87
57869777,0.00113,real_null_,s2469797,r,08/26/2026,08:06:10,eddie@node1r09.ecdf.ed.ac.uk,8,88
57869777,0.00113,real_null_,s2469797,r,08/26/2026,08:06:10,eddie@node1s19.ecdf.ed.ac.uk,8,89
57869777,0.00113,real_null_,s2469797,r,08/26/2026,08:06:10,eddie@node1h13.ecdf.ed.ac.uk,8,90
57869777,0.00113,real_null_,s2469797,r,08/26/2026,08:06:10,eddie@node1j26.ecdf.ed.ac.uk,8,91
57869777,0.00113,real_null_,s2469797,r,08/26/2026,08:06:10,eddie@node1o11.ecdf.ed.ac.uk,8,92
57869777,0.00113,real_null_,s2469797,r,08/26/2026,08:06:10,eddie@node1j27.ecdf.ed.ac.uk,8,93
57869777,0.00113,real_null_,s2469797,r,08/26/2026,08:06:10,eddie@node1h05.ecdf.ed.ac.uk,8,94
57869777,0.00113,real_null_,s2469797,r,08/26/2026,08:06:10,eddie@node1s16.ecdf.ed.ac.uk,8,95
57869777,0.00113,real_null_,s2469797,r,08/26/2026,08:06:10,eddie@node1o13.ecdf.ed.ac.uk,8,96
57869777,0.00113,real_null_,s2469797,r,08/26/2026,08:06:10,eddie@node1s13.ecdf.ed.ac.uk,8,97
57869777,0.00113,real_null_,s2469797,r,08/26/2026,08:06:10,eddie@node1s20.ecdf.ed.ac.uk,8,98
57869777,0.00113,real_null_,s2469797,r,08/26/2026,08:06:10,eddie@node1h03.ecdf.ed.ac.uk,8,99
57869777,0.00113,real_null_,s2469797,r,08/26/2026,08:06:10,eddie@node1h15.ecdf.ed.ac.uk,8,100
57869777,0.00113,real_null_,s2469797,r,08/26/2026,08:06:10,eddie@node1r08.ecdf.ed.ac.uk,8,101
57869777,0.00113,real_null_,s2469797,r,08/26/2026,08:06:10,eddie@node1m15.ecdf.ed.ac.uk,8,102
57869777,0.00113,real_null_,s2469797,r,08/26/2026,08:06:10,eddie@node1s17.ecdf.ed.ac.uk,8,103
57869777,0.00113,real_null_,s2469797,r,08/26/2026,08:06:10,eddie@node1h12.ecdf.ed.ac.uk,8,104
57869777,0.00113,real_null_,s2469797,r,08/26/2026,08:06:10,eddie@node1h07.ecdf.ed.ac.uk,8,105
57869777,0.00113,real_null_,s2469797,r,08/26/2026,08:06:10,eddie@node1r17.ecdf.ed.ac.uk,8,106
57869777,0.00113,real_null_,s2469797,r,08/26/2026,08:06:10,eddie@node1h14.ecdf.ed.ac.uk,8,107
57869777,0.00113,real_null_,s2469797,r,08/26/2026,08:06:10,eddie@node1o09.ecdf.ed.ac.uk,8,108
57869777,0.00113,real_null_,s2469797,r,08/26/2026,08:06:10,eddie@node1h04.ecdf.ed.ac.uk,8,109
57869777,0.00113,real_null_,s2469797,r,08/26/2026,08:06:10,eddie@node1h06.ecdf.ed.ac.uk,8,110
57869777,0.00113,real_null_,s2469797,r,08/26/2026,08:06:10,eddie@node1h24.ecdf.ed.ac.uk,8,111
57869777,0.00113,real_null_,s2469797,r,08/26/2026,08:06:10,eddie@node1r19.ecdf.ed.ac.uk,8,112
57869777,0.00113,real_null_,s2469797,r,08/26/2026,08:06:10,eddie@node1s15.ecdf.ed.ac.uk,8,113
57869777,0.00113,real_null_,s2469797,r,08/26/2026,08:06:10,eddie@node1r18.ecdf.ed.ac.uk,8,114
57869777,0.00113,real_null_,s2469797,r,08/26/2026,08:06:10,eddie@node1s14.ecdf.ed.ac.uk,8,115
57869777,0.00113,real_null_,s2469797,r,08/26/2026,08:06:10,eddie@node1h23.ecdf.ed.ac.uk,8,116
57869777,0.00113,real_null_,s2469797,r,08/26/2026,08:06:10,eddie@node1r06.ecdf.ed.ac.uk,8,117
57869777,0.00113,real_null_,s2469797,r,08/26/2026,08:06:10,eddie@node1r20.ecdf.ed.ac.uk,8,118
57869777,0.00113,real_null_,s2469797,r,08/26/2026,08:06:10,eddie@node1h11.ecdf.ed.ac.uk,8,119
57869777,0.00113,real_null_,s2469797,r,08/26/2026,08:06:10,eddie@node1r07.ecdf.ed.ac.uk,8,120
57869777,0.00113,real_null_,s2469797,r,08/26/2026,08:06:10,eddie@node1h10.ecdf.ed.ac.uk,8,121
57869777,0.00113,real_null_,s2469797,r,08/26/2026,08:06:10,eddie@node1r09.ecdf.ed.ac.uk,8,122
57869777,0.00113,real_null_,s2469797,r,08/26/2026,08:06:10,eddie@node1s19.ecdf.ed.ac.uk,8,123
57869777,0.00113,real_null_,s2469797,r,08/26/2026,08:06:10,eddie@node1o10.ecdf.ed.ac.uk,8,124
57869777,0.00113,real_null_,s2469797,r,08/26/2026,08:06:10,eddie@node1h13.ecdf.ed.ac.uk,8,125
57869777,0.00113,real_null_,s2469797,r,08/26/2026,08:06:10,eddie@node1j26.ecdf.ed.ac.uk,8,126
57869777,0.00113,real_null_,s2469797,r,08/26/2026,08:06:10,eddie@node1j27.ecdf.ed.ac.uk,8,127
57869777,0.00113,real_null_,s2469797,r,08/26/2026,08:06:10,eddie@node1h05.ecdf.ed.ac.uk,8,128
57869777,0.00113,real_null_,s2469797,r,08/26/2026,08:06:10,eddie@node1s16.ecdf.ed.ac.uk,8,129
57869777,0.00113,real_null_,s2469797,r,08/26/2026,08:06:10,eddie@node1s13.ecdf.ed.ac.uk,8,130
57869777,0.00113,real_null_,s2469797,r,08/26/2026,08:06:10,eddie@node1s20.ecdf.ed.ac.uk,8,131
57869777,0.00113,real_null_,s2469797,r,08/26/2026,08:06:10,eddie@node1h03.ecdf.ed.ac.uk,8,132
57869777,0.00113,real_null_,s2469797,r,08/26/2026,08:06:10,eddie@node1h22.ecdf.ed.ac.uk,8,133
57869777,0.00113,real_null_,s2469797,r,08/26/2026,08:06:10,eddie@node1h07.ecdf.ed.ac.uk,8,134
57869777,0.00113,real_null_,s2469797,r,08/26/2026,08:06:10,eddie@node1r17.ecdf.ed.ac.uk,8,135
57869777,0.00113,real_null_,s2469797,r,08/26/2026,08:06:10,eddie@node1h14.ecdf.ed.ac.uk,8,136
57869777,0.00113,real_null_,s2469797,r,08/26/2026,08:06:10,eddie@node1o09.ecdf.ed.ac.uk,8,137
57869777,0.00113,real_null_,s2469797,r,08/26/2026,08:06:11,eddie@node1h04.ecdf.ed.ac.uk,8,138
57869777,0.00113,real_null_,s2469797,r,08/26/2026,08:06:11,eddie@node1s15.ecdf.ed.ac.uk,8,139
57869777,0.00113,real_null_,s2469797,r,08/26/2026,08:06:11,eddie@node1s14.ecdf.ed.ac.uk,8,140
57869777,0.00113,real_null_,s2469797,r,08/26/2026,08:06:11,eddie@node1r06.ecdf.ed.ac.uk,8,141
57869777,0.00113,real_null_,s2469797,r,08/26/2026,08:06:11,eddie@node1h11.ecdf.ed.ac.uk,8,142
57869777,0.00113,real_null_,s2469797,r,08/26/2026,08:06:11,eddie@node1h10.ecdf.ed.ac.uk,8,143
57869777,0.00113,real_null_,s2469797,r,08/26/2026,08:06:11,eddie@node1r09.ecdf.ed.ac.uk,8,144
57869777,0.00113,real_null_,s2469797,r,08/26/2026,08:06:11,eddie@node1o10.ecdf.ed.ac.uk,8,145
57869777,0.00113,real_null_,s2469797,r,08/26/2026,08:06:11,eddie@node1h13.ecdf.ed.ac.uk,8,146
57869777,0.00113,real_null_,s2469797,r,08/26/2026,08:06:11,eddie@node1j26.ecdf.ed.ac.uk,8,147
57869777,0.00113,real_null_,s2469797,r,08/26/2026,08:06:11,eddie@node1j27.ecdf.ed.ac.uk,8,148
57869777,0.00113,real_null_,s2469797,r,08/26/2026,08:06:11,eddie@node1h05.ecdf.ed.ac.uk,8,149
57869777,0.00113,real_null_,s2469797,r,08/26/2026,08:06:11,eddie@node1s16.ecdf.ed.ac.uk,8,150
57869777,0.00113,real_null_,s2469797,r,08/26/2026,08:06:11,eddie@node1m16.ecdf.ed.ac.uk,8,151
57869777,0.00113,real_null_,s2469797,r,08/26/2026,08:06:11,eddie@node1s20.ecdf.ed.ac.uk,8,152
57869777,0.00113,real_null_,s2469797,r,08/26/2026,08:06:11,eddie@node1h03.ecdf.ed.ac.uk,8,153
57869777,0.00113,real_null_,s2469797,r,08/26/2026,08:06:11,eddie@node1h22.ecdf.ed.ac.uk,8,154
57869777,0.00113,real_null_,s2469797,r,08/26/2026,08:06:11,eddie@node1h07.ecdf.ed.ac.uk,8,155
57869777,0.00113,real_null_,s2469797,r,08/26/2026,08:06:11,eddie@node1h14.ecdf.ed.ac.uk,8,156
57869777,0.00113,real_null_,s2469797,r,08/26/2026,08:06:11,eddie@node1o09.ecdf.ed.ac.uk,8,157
57869777,0.00113,real_null_,s2469797,r,08/26/2026,08:06:11,eddie@node1o14.ecdf.ed.ac.uk,8,158
57869777,0.00113,real_null_,s2469797,r,08/26/2026,08:06:11,eddie@node1h16.ecdf.ed.ac.uk,8,159
57869777,0.00113,real_null_,s2469797,r,08/26/2026,08:06:11,eddie@node1s15.ecdf.ed.ac.uk,8,160
57869777,0.00113,real_null_,s2469797,r,08/26/2026,08:06:11,eddie@node1s14.ecdf.ed.ac.uk,8,161
57869777,0.00113,real_null_,s2469797,r,08/26/2026,08:06:11,eddie@node1r06.ecdf.ed.ac.uk,8,162
57869777,0.00113,real_null_,s2469797,r,08/26/2026,08:06:11,eddie@node1h10.ecdf.ed.ac.uk,8,163
57869777,0.00113,real_null_,s2469797,r,08/26/2026,08:06:11,eddie@node1o10.ecdf.ed.ac.uk,8,164
57869777,0.00113,real_null_,s2469797,r,08/26/2026,08:06:11,eddie@node1h13.ecdf.ed.ac.uk,8,165
57869777,0.00113,real_null_,s2469797,r,08/26/2026,08:06:11,eddie@node1j26.ecdf.ed.ac.uk,8,166
57869777,0.00113,real_null_,s2469797,r,08/26/2026,08:06:11,eddie@node1j27.ecdf.ed.ac.uk,8,167
57869777,0.00113,real_null_,s2469797,r,08/26/2026,08:06:11,eddie@node1s16.ecdf.ed.ac.uk,8,168
57869777,0.00113,real_null_,s2469797,r,08/26/2026,08:06:11,eddie@node1m16.ecdf.ed.ac.uk,8,169
57869777,0.00113,real_null_,s2469797,r,08/26/2026,08:06:11,eddie@node1s20.ecdf.ed.ac.uk,8,170
57869777,0.00113,real_null_,s2469797,r,08/26/2026,08:06:11,eddie@node1h22.ecdf.ed.ac.uk,8,171
57869777,0.00113,real_null_,s2469797,r,08/26/2026,08:06:11,eddie@node1h14.ecdf.ed.ac.uk,8,172
57869777,0.00113,real_null_,s2469797,r,08/26/2026,08:06:11,eddie@node1o14.ecdf.ed.ac.uk,8,173
57869777,0.00113,real_null_,s2469797,r,08/26/2026,08:06:11,eddie@node1h16.ecdf.ed.ac.uk,8,174
57869777,0.00113,real_null_,s2469797,r,08/26/2026,08:06:11,eddie@node1s15.ecdf.ed.ac.uk,8,175
57869777,0.00113,real_null_,s2469797,r,08/26/2026,08:06:11,eddie@node1s14.ecdf.ed.ac.uk,8,176
57869777,0.00113,real_null_,s2469797,r,08/26/2026,08:06:11,eddie@node1r06.ecdf.ed.ac.uk,8,177
57869777,0.00113,real_null_,s2469797,r,08/26/2026,08:06:11,eddie@node1o10.ecdf.ed.ac.uk,8,178
57869777,0.00113,real_null_,s2469797,r,08/26/2026,08:06:11,eddie@node1h13.ecdf.ed.ac.uk,8,179
57869777,0.00113,real_null_,s2469797,r,08/26/2026,08:06:11,eddie@node1j27.ecdf.ed.ac.uk,8,180
57869777,0.00113,real_null_,s2469797,r,08/26/2026,08:06:11,eddie@node1s16.ecdf.ed.ac.uk,8,181
57869777,0.00113,real_null_,s2469797,r,08/26/2026,08:06:11,eddie@node1m16.ecdf.ed.ac.uk,8,182
57869777,0.00113,real_null_,s2469797,r,08/26/2026,08:06:11,eddie@node1s20.ecdf.ed.ac.uk,8,183
57869777,0.00113,real_null_,s2469797,r,08/26/2026,08:06:11,eddie@node1h22.ecdf.ed.ac.uk,8,184
57869777,0.00113,real_null_,s2469797,r,08/26/2026,08:06:11,eddie@node1h14.ecdf.ed.ac.uk,8,185
57869777,0.00113,real_null_,s2469797,r,08/26/2026,08:06:11,eddie@node1o14.ecdf.ed.ac.uk,8,186
57869777,0.00113,real_null_,s2469797,r,08/26/2026,08:06:11,eddie@node1h16.ecdf.ed.ac.uk,8,187
57869777,0.00113,real_null_,s2469797,r,08/26/2026,08:06:11,eddie@node1r12.ecdf.ed.ac.uk,8,188
57869777,0.00113,real_null_,s2469797,r,08/26/2026,08:06:11,eddie@node1r06.ecdf.ed.ac.uk,8,189
57869777,0.00113,real_null_,s2469797,r,08/26/2026,08:06:11,eddie@node1o10.ecdf.ed.ac.uk,8,190
57869777,0.00113,real_null_,s2469797,r,08/26/2026,08:06:11,eddie@node1h22.ecdf.ed.ac.uk,8,191
57869777,0.00113,real_null_,s2469797,r,08/26/2026,08:06:11,eddie@node1r12.ecdf.ed.ac.uk,8,192
57869777,0.00113,real_null_,s2469797,r,08/26/2026,08:06:11,eddie@node1m07.ecdf.ed.ac.uk,8,193
57869777,0.00113,real_null_,s2469797,r,08/26/2026,08:06:11,eddie@node1j18.ecdf.ed.ac.uk,8,194
57869777,0.00113,real_null_,s2469797,r,08/26/2026,08:06:11,eddie@node1j11.ecdf.ed.ac.uk,8,195
57869777,0.00113,real_null_,s2469797,r,08/26/2026,08:06:11,eddie@node1j09.ecdf.ed.ac.uk,8,196
57869777,0.00113,real_null_,s2469797,r,08/26/2026,08:06:11,eddie@node1j19.ecdf.ed.ac.uk,8,197
57869777,0.00113,real_null_,s2469797,r,08/26/2026,08:06:11,eddie@node1l01.ecdf.ed.ac.uk,8,198
57869777,0.00113,real_null_,s2469797,r,08/26/2026,08:06:11,eddie@node1j05.ecdf.ed.ac.uk,8,199
57869777,0.00113,real_null_,s2469797,r,08/26/2026,08:06:11,eddie@node1l09.ecdf.ed.ac.uk,8,200
57869777,0.00113,real_null_,s2469797,r,08/26/2026,08:06:12,eddie@node1l20.ecdf.ed.ac.uk,8,201
57869777,0.00113,real_null_,s2469797,r,08/26/2026,08:06:12,eddie@node1k02.ecdf.ed.ac.uk,8,202
57869777,0.00113,real_null_,s2469797,r,08/26/2026,08:06:12,eddie@node1m11.ecdf.ed.ac.uk,8,203
57869777,0.00113,real_null_,s2469797,r,08/26/2026,08:06:12,eddie@node1l06.ecdf.ed.ac.uk,8,204
57869777,0.00113,real_null_,s2469797,r,08/26/2026,08:06:12,eddie@node1j01.ecdf.ed.ac.uk,8,205
57869777,0.00113,real_null_,s2469797,r,08/26/2026,08:06:12,eddie@node1k06.ecdf.ed.ac.uk,8,206
57869777,0.00113,real_null_,s2469797,r,08/26/2026,08:06:12,eddie@node1j07.ecdf.ed.ac.uk,8,207
57869777,0.00113,real_null_,s2469797,r,08/26/2026,08:06:12,eddie@node1l05.ecdf.ed.ac.uk,8,208
57869777,0.00113,real_null_,s2469797,r,08/26/2026,08:06:12,eddie@node1k01.ecdf.ed.ac.uk,8,209
57869777,0.00113,real_null_,s2469797,r,08/26/2026,08:06:12,eddie@node1l10.ecdf.ed.ac.uk,8,210
57869777,0.00113,real_null_,s2469797,r,08/26/2026,08:06:12,eddie@node1l07.ecdf.ed.ac.uk,8,211
57869777,0.00113,real_null_,s2469797,r,08/26/2026,08:06:12,eddie@node1l02.ecdf.ed.ac.uk,8,212
57869777,0.00113,real_null_,s2469797,r,08/26/2026,08:06:12,eddie@node1j17.ecdf.ed.ac.uk,8,213
57869777,0.00113,real_null_,s2469797,r,08/26/2026,08:06:12,eddie@node1k08.ecdf.ed.ac.uk,8,214
57869777,0.00113,real_null_,s2469797,r,08/26/2026,08:06:12,eddie@node1m07.ecdf.ed.ac.uk,8,215
57869777,0.00113,real_null_,s2469797,r,08/26/2026,08:06:12,eddie@node1j09.ecdf.ed.ac.uk,8,216
57869777,0.00113,real_null_,s2469797,r,08/26/2026,08:06:12,eddie@node1j11.ecdf.ed.ac.uk,8,217
57869777,0.00113,real_null_,s2469797,r,08/26/2026,08:06:12,eddie@node1j18.ecdf.ed.ac.uk,8,218
57869777,0.00113,real_null_,s2469797,r,08/26/2026,08:06:12,eddie@node1j19.ecdf.ed.ac.uk,8,219
57869777,0.00113,real_null_,s2469797,r,08/26/2026,08:06:12,eddie@node1j21.ecdf.ed.ac.uk,8,220
57869777,0.00113,real_null_,s2469797,r,08/26/2026,08:06:12,eddie@node1l01.ecdf.ed.ac.uk,8,221
57869777,0.00113,real_null_,s2469797,r,08/26/2026,08:06:12,eddie@node1m06.ecdf.ed.ac.uk,8,222
57869777,0.00113,real_null_,s2469797,r,08/26/2026,08:06:12,eddie@node1m11.ecdf.ed.ac.uk,8,223
57869777,0.00113,real_null_,s2469797,r,08/26/2026,08:06:12,eddie@node1k02.ecdf.ed.ac.uk,8,224
57869777,0.00113,real_null_,s2469797,r,08/26/2026,08:06:12,eddie@node1l20.ecdf.ed.ac.uk,8,225
57869777,0.00113,real_null_,s2469797,r,08/26/2026,08:06:12,eddie@node1l09.ecdf.ed.ac.uk,8,226
57869777,0.00113,real_null_,s2469797,r,08/26/2026,08:06:12,eddie@node1j05.ecdf.ed.ac.uk,8,227
57869777,0.00113,real_null_,s2469797,r,08/26/2026,08:06:12,eddie@node1l06.ecdf.ed.ac.uk,8,228
57869777,0.00113,real_null_,s2469797,r,08/26/2026,08:06:12,eddie@node1k03.ecdf.ed.ac.uk,8,229
57869777,0.00113,real_null_,s2469797,r,08/26/2026,08:06:12,eddie@node1k06.ecdf.ed.ac.uk,8,230
57869777,0.00113,real_null_,s2469797,r,08/26/2026,08:06:12,eddie@node1j01.ecdf.ed.ac.uk,8,231
57869777,0.00113,real_null_,s2469797,r,08/26/2026,08:06:12,eddie@node1j07.ecdf.ed.ac.uk,8,232
57869777,0.00113,real_null_,s2469797,r,08/26/2026,08:06:12,eddie@node1l05.ecdf.ed.ac.uk,8,233
57869777,0.00113,real_null_,s2469797,r,08/26/2026,08:06:12,eddie@node1l10.ecdf.ed.ac.uk,8,234
57869777,0.00113,real_null_,s2469797,r,08/26/2026,08:06:12,eddie@node1k01.ecdf.ed.ac.uk,8,235
57869777,0.00113,real_null_,s2469797,r,08/26/2026,08:06:12,eddie@node1l07.ecdf.ed.ac.uk,8,236
57869777,0.00113,real_null_,s2469797,r,08/26/2026,08:06:12,eddie@node1j04.ecdf.ed.ac.uk,8,237
57869777,0.00113,real_null_,s2469797,r,08/26/2026,08:06:12,eddie@node1l02.ecdf.ed.ac.uk,8,238
57869777,0.00113,real_null_,s2469797,r,08/26/2026,08:06:12,eddie@node1j17.ecdf.ed.ac.uk,8,239
57869777,0.00113,real_null_,s2469797,r,08/26/2026,08:06:12,eddie@node1k08.ecdf.ed.ac.uk,8,240
57869777,0.00113,real_null_,s2469797,r,08/26/2026,08:06:12,eddie@node1m07.ecdf.ed.ac.uk,8,241
57869777,0.00113,real_null_,s2469797,r,08/26/2026,08:06:12,eddie@node1j18.ecdf.ed.ac.uk,8,242
57869777,0.00113,real_null_,s2469797,r,08/26/2026,08:06:12,eddie@node1j11.ecdf.ed.ac.uk,8,243
57869777,0.00113,real_null_,s2469797,r,08/26/2026,08:06:12,eddie@node1j09.ecdf.ed.ac.uk,8,244
57869777,0.00113,real_null_,s2469797,r,08/26/2026,08:06:12,eddie@node1j19.ecdf.ed.ac.uk,8,245
57869777,0.00113,real_null_,s2469797,r,08/26/2026,08:06:12,eddie@node1j21.ecdf.ed.ac.uk,8,246
57869777,0.00113,real_null_,s2469797,r,08/26/2026,08:06:12,eddie@node1l01.ecdf.ed.ac.uk,8,247
57869777,0.00113,real_null_,s2469797,r,08/26/2026,08:06:12,eddie@node1m06.ecdf.ed.ac.uk,8,248
57704466,0.00112,runlisfloo,nfische2,r,08/18/2026,20:22:33,eddie@node1k17.ecdf.ed.ac.uk,1,6674
57704466,0.00112,runlisfloo,nfische2,r,08/18/2026,20:21:02,eddie@node1j13.ecdf.ed.ac.uk,1,6673
57704466,0.00112,runlisfloo,nfische2,r,08/18/2026,20:20:47,eddie@node1n10.ecdf.ed.ac.uk,1,6672
57704466,0.00112,runlisfloo,nfische2,r,08/18/2026,20:20:17,eddie@node1j13.ecdf.ed.ac.uk,1,6671
57704466,0.00112,runlisfloo,nfische2,r,08/18/2026,20:19:08,eddie@node1n05.ecdf.ed.ac.uk,1,6669
57704466,0.00112,runlisfloo,nfische2,r,08/18/2026,20:19:08,eddie@node1s12.ecdf.ed.ac.uk,1,6670
57704466,0.00112,runlisfloo,nfische2,r,08/18/2026,20:16:16,eddie@node1n08.ecdf.ed.ac.uk,1,6655
57704466,0.00112,runlisfloo,nfische2,r,08/18/2026,20:18:27,eddie@node1n02.ecdf.ed.ac.uk,1,6656
57704466,0.00112,runlisfloo,nfische2,r,08/18/2026,20:18:27,eddie@node1n05.ecdf.ed.ac.uk,1,6657
57704466,0.00112,runlisfloo,nfische2,r,08/18/2026,20:18:27,eddie@node1n01.ecdf.ed.ac.uk,1,6658
57704466,0.00112,runlisfloo,nfische2,r,08/18/2026,20:18:27,eddie@node1n08.ecdf.ed.ac.uk,1,6659
57704466,0.00112,runlisfloo,nfische2,r,08/18/2026,20:18:27,eddie@node1n01.ecdf.ed.ac.uk,1,6660
57704466,0.00112,runlisfloo,nfische2,r,08/18/2026,20:18:27,eddie@node1n08.ecdf.ed.ac.uk,1,6661
57704466,0.00112,runlisfloo,nfische2,r,08/18/2026,20:18:27,eddie@node1s12.ecdf.ed.ac.uk,1,6662
57704466,0.00112,runlisfloo,nfische2,r,08/18/2026,20:18:27,eddie@node1s12.ecdf.ed.ac.uk,1,6663
57704466,0.00112,runlisfloo,nfische2,r,08/18/2026,20:18:27,eddie@node1k13.ecdf.ed.ac.uk,1,6664
57704466,0.00112,runlisfloo,nfische2,r,08/18/2026,20:18:51,eddie@node1n07.ecdf.ed.ac.uk,1,6665
57704466,0.00112,runlisfloo,nfische2,r,08/18/2026,20:18:51,eddie@node1n06.ecdf.ed.ac.uk,1,6666
57704466,0.00112,runlisfloo,nfische2,r,08/18/2026,20:18:51,eddie@node1n08.ecdf.ed.ac.uk,1,6667
57704466,0.00112,runlisfloo,nfische2,r,08/18/2026,20:18:51,eddie@node1n11.ecdf.ed.ac.uk,1,6668
57704466,0.00112,runlisfloo,nfische2,r,08/18/2026,20:14:02,eddie@node1n01.ecdf.ed.ac.uk,1,6654
57704466,0.00112,runlisfloo,nfische2,r,08/18/2026,20:13:32,eddie@node1n11.ecdf.ed.ac.uk,1,6653
57704466,0.00112,runlisfloo,nfische2,r,08/18/2026,20:12:17,eddie@node1n12.ecdf.ed.ac.uk,1,6652
57704466,0.00112,runlisfloo,nfische2,r,08/18/2026,20:11:46,eddie@node1n06.ecdf.ed.ac.uk,1,6651
57704466,0.00112,runlisfloo,nfische2,r,08/18/2026,20:11:01,eddie@node1k16.ecdf.ed.ac.uk,1,6650
57704466,0.00112,runlisfloo,nfische2,r,08/18/2026,20:08:17,eddie@node1k10.ecdf.ed.ac.uk,1,6649
57704466,0.00111,runlisfloo,nfische2,r,08/18/2026,20:06:17,eddie@node1k20.ecdf.ed.ac.uk,1,6648
57704466,0.00111,runlisfloo,nfische2,r,08/18/2026,20:04:32,eddie@node1k14.ecdf.ed.ac.uk,1,6646
57704466,0.00111,runlisfloo,nfische2,r,08/18/2026,20:05:02,eddie@node1n09.ecdf.ed.ac.uk,1,6647
57704466,0.00111,runlisfloo,nfische2,r,08/18/2026,20:01:47,eddie@node1j12.ecdf.ed.ac.uk,1,6641
57704466,0.00111,runlisfloo,nfische2,r,08/18/2026,20:02:02,eddie@node1n08.ecdf.ed.ac.uk,1,6642
57704466,0.00111,runlisfloo,nfische2,r,08/18/2026,20:03:17,eddie@node1k18.ecdf.ed.ac.uk,1,6643
57704466,0.00111,runlisfloo,nfische2,r,08/18/2026,20:04:02,eddie@node1n06.ecdf.ed.ac.uk,1,6644
57704466,0.00111,runlisfloo,nfische2,r,08/18/2026,20:04:17,eddie@node1n02.ecdf.ed.ac.uk,1,6645
57728307,0.00111,runlisfloo,asiripat,r,08/20/2026,15:26:55,eddie@node1n07.ecdf.ed.ac.uk,1,8606
57881539,0.00111,cover_sim,s2441782,r,08/26/2026,12:22:38,eddie@node1d02.ecdf.ed.ac.uk,8,21
57704466,0.00111,runlisfloo,nfische2,r,08/18/2026,19:58:02,eddie@node1k14.ecdf.ed.ac.uk,1,6638
57704466,0.00111,runlisfloo,nfische2,r,08/18/2026,19:59:47,eddie@node1k11.ecdf.ed.ac.uk,1,6639
57704466,0.00111,runlisfloo,nfische2,r,08/18/2026,20:00:01,eddie@node1k19.ecdf.ed.ac.uk,1,6640
57728307,0.00111,runlisfloo,asiripat,r,08/20/2026,15:15:48,eddie@node1j12.ecdf.ed.ac.uk,1,8605
57704466,0.00111,runlisfloo,nfische2,r,08/18/2026,19:53:46,eddie@node1k18.ecdf.ed.ac.uk,1,6633
57704466,0.00111,runlisfloo,nfische2,r,08/18/2026,19:54:01,eddie@node1k16.ecdf.ed.ac.uk,1,6634
57704466,0.00111,runlisfloo,nfische2,r,08/18/2026,19:54:46,eddie@node1k17.ecdf.ed.ac.uk,1,6635
57704466,0.00111,runlisfloo,nfische2,r,08/18/2026,19:56:16,eddie@node1k18.ecdf.ed.ac.uk,1,6636
57704466,0.00111,runlisfloo,nfische2,r,08/18/2026,19:56:31,eddie@node1n10.ecdf.ed.ac.uk,1,6637
57728307,0.00111,runlisfloo,asiripat,r,08/20/2026,15:14:59,eddie@node1n08.ecdf.ed.ac.uk,1,8604
57704466,0.00110,runlisfloo,nfische2,r,08/18/2026,19:51:01,eddie@node1k13.ecdf.ed.ac.uk,1,6631
57704466,0.00110,runlisfloo,nfische2,r,08/18/2026,19:52:31,eddie@node1j13.ecdf.ed.ac.uk,1,6632
57704466,0.00110,runlisfloo,nfische2,r,08/18/2026,19:49:01,eddie@node1k16.ecdf.ed.ac.uk,1,6630
57704466,0.00110,runlisfloo,nfische2,r,08/18/2026,19:47:46,eddie@node1n05.ecdf.ed.ac.uk,1,6629
57704466,0.00110,runlisfloo,nfische2,r,08/18/2026,19:45:01,eddie@node1k12.ecdf.ed.ac.uk,1,6627
57704466,0.00110,runlisfloo,nfische2,r,08/18/2026,19:45:01,eddie@node1k10.ecdf.ed.ac.uk,1,6628
57704466,0.00110,runlisfloo,nfische2,r,08/18/2026,19:44:01,eddie@node1k17.ecdf.ed.ac.uk,1,6626
57704466,0.00110,runlisfloo,nfische2,r,08/18/2026,19:43:31,eddie@node1k10.ecdf.ed.ac.uk,1,6625
57704466,0.00110,runlisfloo,nfische2,r,08/18/2026,19:43:00,eddie@node1j13.ecdf.ed.ac.uk,1,6624
57704466,0.00110,runlisfloo,nfische2,r,08/18/2026,19:42:15,eddie@node1n01.ecdf.ed.ac.uk,1,6623
57704466,0.00110,runlisfloo,nfische2,r,08/18/2026,19:41:45,eddie@node1n05.ecdf.ed.ac.uk,1,6621
57704466,0.00110,runlisfloo,nfische2,r,08/18/2026,19:41:46,eddie@node1n09.ecdf.ed.ac.uk,1,6622
57704466,0.00110,runlisfloo,nfische2,r,08/18/2026,19:40:30,eddie@node1n10.ecdf.ed.ac.uk,1,6620
57881539,0.00109,cover_sim,s2441782,r,08/26/2026,12:22:38,eddie@node1e08.ecdf.ed.ac.uk,8,22
57881539,0.00109,cover_sim,s2441782,r,08/26/2026,12:22:38,eddie@node1d06.ecdf.ed.ac.uk,8,23
57881539,0.00109,cover_sim,s2441782,r,08/26/2026,12:22:38,eddie@node1d10.ecdf.ed.ac.uk,8,24
57881539,0.00109,cover_sim,s2441782,r,08/26/2026,12:22:38,eddie@node1d01.ecdf.ed.ac.uk,8,25
57881539,0.00109,cover_sim,s2441782,r,08/26/2026,12:22:38,eddie@node1e01.ecdf.ed.ac.uk,8,26
57881539,0.00109,cover_sim,s2441782,r,08/26/2026,12:22:38,eddie@node1d09.ecdf.ed.ac.uk,8,27
57881539,0.00109,cover_sim,s2441782,r,08/26/2026,12:22:38,eddie@node1e09.ecdf.ed.ac.uk,8,28
57881539,0.00109,cover_sim,s2441782,r,08/26/2026,12:22:38,eddie@node1d03.ecdf.ed.ac.uk,8,29
57881539,0.00109,cover_sim,s2441782,r,08/26/2026,12:22:38,eddie@node1e07.ecdf.ed.ac.uk,8,30
57881539,0.00109,cover_sim,s2441782,r,08/26/2026,12:22:38,eddie@node1d04.ecdf.ed.ac.uk,8,31
57881539,0.00109,cover_sim,s2441782,r,08/26/2026,12:22:38,eddie@node1d02.ecdf.ed.ac.uk,8,32
57881539,0.00109,cover_sim,s2441782,r,08/26/2026,12:22:38,eddie@node1e10.ecdf.ed.ac.uk,8,33
57881539,0.00109,cover_sim,s2441782,r,08/26/2026,12:22:38,eddie@node1e08.ecdf.ed.ac.uk,8,34
57881539,0.00109,cover_sim,s2441782,r,08/26/2026,12:22:38,eddie@node1d06.ecdf.ed.ac.uk,8,35
57881539,0.00109,cover_sim,s2441782,r,08/26/2026,12:22:38,eddie@node1d01.ecdf.ed.ac.uk,8,36
57881539,0.00109,cover_sim,s2441782,r,08/26/2026,12:22:39,eddie@node1e01.ecdf.ed.ac.uk,8,37
57881539,0.00109,cover_sim,s2441782,r,08/26/2026,12:22:39,eddie@node1d09.ecdf.ed.ac.uk,8,38
57881539,0.00109,cover_sim,s2441782,r,08/26/2026,12:22:39,eddie@node1e09.ecdf.ed.ac.uk,8,39
57881539,0.00109,cover_sim,s2441782,r,08/26/2026,12:22:39,eddie@node1d03.ecdf.ed.ac.uk,8,40
57881539,0.00109,cover_sim,s2441782,r,08/26/2026,12:22:39,eddie@node1d04.ecdf.ed.ac.uk,8,41
57881539,0.00109,cover_sim,s2441782,r,08/26/2026,12:22:39,eddie@node1d02.ecdf.ed.ac.uk,8,42
57881539,0.00109,cover_sim,s2441782,r,08/26/2026,12:22:39,eddie@node1e08.ecdf.ed.ac.uk,8,43
57881539,0.00109,cover_sim,s2441782,r,08/26/2026,12:22:39,eddie@node1d06.ecdf.ed.ac.uk,8,44
57881539,0.00109,cover_sim,s2441782,r,08/26/2026,12:22:39,eddie@node1d01.ecdf.ed.ac.uk,8,45
57881539,0.00109,cover_sim,s2441782,r,08/26/2026,12:22:39,eddie@node1e01.ecdf.ed.ac.uk,8,46
57881539,0.00109,cover_sim,s2441782,r,08/26/2026,12:22:39,eddie@node1d09.ecdf.ed.ac.uk,8,47
57881539,0.00109,cover_sim,s2441782,r,08/26/2026,12:22:39,eddie@node1e09.ecdf.ed.ac.uk,8,48
57704466,0.00109,runlisfloo,nfische2,r,08/18/2026,19:31:31,eddie@node1n10.ecdf.ed.ac.uk,1,6616
57704466,0.00109,runlisfloo,nfische2,r,08/18/2026,19:28:01,eddie@node1k14.ecdf.ed.ac.uk,1,6612
57704466,0.00109,runlisfloo,nfische2,r,08/18/2026,19:31:46,eddie@node1k13.ecdf.ed.ac.uk,1,6617
57704466,0.00109,runlisfloo,nfische2,r,08/18/2026,19:29:16,eddie@node1n02.ecdf.ed.ac.uk,1,6613
57704466,0.00109,runlisfloo,nfische2,r,08/18/2026,19:29:46,eddie@node1j12.ecdf.ed.ac.uk,1,6614
57704466,0.00109,runlisfloo,nfische2,r,08/18/2026,19:35:16,eddie@node1j12.ecdf.ed.ac.uk,1,6619
57704466,0.00109,runlisfloo,nfische2,r,08/18/2026,19:30:01,eddie@node1n10.ecdf.ed.ac.uk,1,6615
57704466,0.00109,runlisfloo,nfische2,r,08/18/2026,19:32:16,eddie@node1k14.ecdf.ed.ac.uk,1,6618
57704466,0.00108,runlisfloo,nfische2,r,08/18/2026,19:17:46,eddie@node1k15.ecdf.ed.ac.uk,1,6611
57704466,0.00108,runlisfloo,nfische2,r,08/18/2026,19:12:46,eddie@node1k20.ecdf.ed.ac.uk,1,6607
57704466,0.00108,runlisfloo,nfische2,r,08/18/2026,19:13:01,eddie@node1k17.ecdf.ed.ac.uk,1,6608
57704466,0.00108,runlisfloo,nfische2,r,08/18/2026,19:13:16,eddie@node1k17.ecdf.ed.ac.uk,1,6609
57704466,0.00108,runlisfloo,nfische2,r,08/18/2026,19:14:16,eddie@node1n05.ecdf.ed.ac.uk,1,6610
57704466,0.00108,runlisfloo,nfische2,r,08/18/2026,19:09:01,eddie@node1n10.ecdf.ed.ac.uk,1,6603
57704466,0.00108,runlisfloo,nfische2,r,08/18/2026,01:11:17,eddie@node1k15.ecdf.ed.ac.uk,1,6002
57704466,0.00108,runlisfloo,nfische2,r,08/18/2026,19:08:16,eddie@node1n01.ecdf.ed.ac.uk,1,6602
57704466,0.00108,runlisfloo,nfische2,r,08/18/2026,19:07:01,eddie@node1k18.ecdf.ed.ac.uk,1,6599
57704466,0.00108,runlisfloo,nfische2,r,08/18/2026,19:08:01,eddie@node1k19.ecdf.ed.ac.uk,1,6601
57704466,0.00108,runlisfloo,nfische2,r,08/18/2026,19:06:31,eddie@node1k14.ecdf.ed.ac.uk,1,6598
57704466,0.00107,runlisfloo,nfische2,r,08/18/2026,19:05:31,eddie@node1n01.ecdf.ed.ac.uk,1,6597
57704466,0.00107,runlisfloo,nfische2,r,08/18/2026,19:04:31,eddie@node1n12.ecdf.ed.ac.uk,1,6596
57704466,0.00107,runlisfloo,nfische2,r,08/18/2026,19:03:31,eddie@node1n01.ecdf.ed.ac.uk,1,6595
57704466,0.00107,runlisfloo,nfische2,r,08/18/2026,18:57:06,eddie@node1k16.ecdf.ed.ac.uk,1,6592
57704466,0.00107,runlisfloo,nfische2,r,08/18/2026,18:58:22,eddie@node1k14.ecdf.ed.ac.uk,1,6593
57704466,0.00107,runlisfloo,nfische2,r,08/18/2026,19:02:42,eddie@node1k15.ecdf.ed.ac.uk,1,6594
57704466,0.00107,runlisfloo,nfische2,r,08/18/2026,18:56:22,eddie@node1n12.ecdf.ed.ac.uk,1,6591
57704466,0.00107,runlisfloo,nfische2,r,08/18/2026,18:55:36,eddie@node1k14.ecdf.ed.ac.uk,1,6590
57704466,0.00106,runlisfloo,nfische2,r,08/18/2026,18:54:22,eddie@node1k13.ecdf.ed.ac.uk,1,6588
57704466,0.00106,runlisfloo,nfische2,r,08/18/2026,18:54:37,eddie@node1k19.ecdf.ed.ac.uk,1,6589
57704466,0.00106,runlisfloo,nfische2,r,08/18/2026,18:51:07,eddie@node1n10.ecdf.ed.ac.uk,1,6585
57704466,0.00106,runlisfloo,nfische2,r,08/18/2026,18:52:52,eddie@node1k16.ecdf.ed.ac.uk,1,6586
57704466,0.00106,runlisfloo,nfische2,r,08/18/2026,18:54:07,eddie@node1k17.ecdf.ed.ac.uk,1,6587
57704466,0.00106,runlisfloo,nfische2,r,08/18/2026,18:47:07,eddie@node1s12.ecdf.ed.ac.uk,1,6584
57851233,0.00106,tower_2026,s1901528,r,08/25/2026,01:34:19,eddie@node1m10.ecdf.ed.ac.uk,20,56
57728307,0.00106,runlisfloo,asiripat,r,08/20/2026,14:03:15,eddie@node1k18.ecdf.ed.ac.uk,1,8603
57704466,0.00105,runlisfloo,nfische2,r,08/18/2026,18:36:22,eddie@node1n10.ecdf.ed.ac.uk,1,6580
57704466,0.00105,runlisfloo,nfische2,r,08/18/2026,18:33:52,eddie@node1k15.ecdf.ed.ac.uk,1,6577
57704466,0.00105,runlisfloo,nfische2,r,08/18/2026,18:33:52,eddie@node1k17.ecdf.ed.ac.uk,1,6578
57704466,0.00105,runlisfloo,nfische2,r,08/18/2026,18:35:22,eddie@node1j13.ecdf.ed.ac.uk,1,6579
57704466,0.00105,runlisfloo,nfische2,r,08/18/2026,18:41:37,eddie@node1k17.ecdf.ed.ac.uk,1,6581
57704466,0.00105,runlisfloo,nfische2,r,08/18/2026,18:44:22,eddie@node1n01.ecdf.ed.ac.uk,1,6582
57704466,0.00105,runlisfloo,nfische2,r,08/18/2026,18:44:22,eddie@node1n09.ecdf.ed.ac.uk,1,6583
57704466,0.00105,runlisfloo,nfische2,r,08/18/2026,18:33:22,eddie@node1k10.ecdf.ed.ac.uk,1,6576
57704466,0.00105,runlisfloo,nfische2,r,08/18/2026,18:31:18,eddie@node1k15.ecdf.ed.ac.uk,1,6575
57704466,0.00105,runlisfloo,nfische2,r,08/18/2026,18:27:33,eddie@node1k16.ecdf.ed.ac.uk,1,6571
57704466,0.00105,runlisfloo,nfische2,r,08/18/2026,18:28:03,eddie@node1s12.ecdf.ed.ac.uk,1,6572
57704466,0.00105,runlisfloo,nfische2,r,08/18/2026,18:30:03,eddie@node1k11.ecdf.ed.ac.uk,1,6573
57704466,0.00105,runlisfloo,nfische2,r,08/18/2026,18:30:48,eddie@node1k11.ecdf.ed.ac.uk,1,6574
57704466,0.00104,runlisfloo,nfische2,r,08/18/2026,18:14:33,eddie@node1k12.ecdf.ed.ac.uk,1,6562
57704466,0.00104,runlisfloo,nfische2,r,08/18/2026,18:14:48,eddie@node1s12.ecdf.ed.ac.uk,1,6563
57704466,0.00104,runlisfloo,nfische2,r,08/18/2026,18:15:33,eddie@node1n12.ecdf.ed.ac.uk,1,6564
57704466,0.00104,runlisfloo,nfische2,r,08/18/2026,18:16:03,eddie@node1k12.ecdf.ed.ac.uk,1,6565
57704466,0.00104,runlisfloo,nfische2,r,08/18/2026,18:16:18,eddie@node1k14.ecdf.ed.ac.uk,1,6566
57704466,0.00104,runlisfloo,nfische2,r,08/18/2026,18:16:33,eddie@node1n12.ecdf.ed.ac.uk,1,6567
57704466,0.00104,runlisfloo,nfische2,r,08/18/2026,18:17:18,eddie@node1k19.ecdf.ed.ac.uk,1,6568
57704466,0.00104,runlisfloo,nfische2,r,08/18/2026,18:18:03,eddie@node1s12.ecdf.ed.ac.uk,1,6569
57704466,0.00104,runlisfloo,nfische2,r,08/18/2026,18:09:03,eddie@node1j12.ecdf.ed.ac.uk,1,6556
57704466,0.00104,runlisfloo,nfische2,r,08/18/2026,18:09:48,eddie@node1k13.ecdf.ed.ac.uk,1,6557
57704466,0.00104,runlisfloo,nfische2,r,08/18/2026,18:10:48,eddie@node1j13.ecdf.ed.ac.uk,1,6558
57704466,0.00104,runlisfloo,nfische2,r,08/18/2026,18:11:48,eddie@node1k10.ecdf.ed.ac.uk,1,6560
57704466,0.00104,runlisfloo,nfische2,r,08/18/2026,18:04:33,eddie@node1n03.ecdf.ed.ac.uk,1,6553
57704466,0.00104,runlisfloo,nfische2,r,08/18/2026,18:05:48,eddie@node1k10.ecdf.ed.ac.uk,1,6554
57704466,0.00104,runlisfloo,nfische2,r,08/18/2026,18:06:48,eddie@node1k15.ecdf.ed.ac.uk,1,6555
57851233,0.00103,tower_2026,s1901528,r,08/25/2026,00:37:34,eddie@node1j03.ecdf.ed.ac.uk,20,50
57851233,0.00103,tower_2026,s1901528,r,08/25/2026,00:38:19,eddie@node1k01.ecdf.ed.ac.uk,20,51
57704466,0.00102,runlisfloo,nfische2,r,08/18/2026,17:59:18,eddie@node1k11.ecdf.ed.ac.uk,1,6550
57704466,0.00102,runlisfloo,nfische2,r,08/18/2026,17:59:33,eddie@node1k13.ecdf.ed.ac.uk,1,6551
57704466,0.00102,runlisfloo,nfische2,r,08/18/2026,18:01:33,eddie@node1k19.ecdf.ed.ac.uk,1,6552
57704466,0.00102,runlisfloo,nfische2,r,08/18/2026,17:47:18,eddie@node1k18.ecdf.ed.ac.uk,1,6546
57704466,0.00102,runlisfloo,nfische2,r,08/18/2026,17:47:48,eddie@node1n08.ecdf.ed.ac.uk,1,6547
57704466,0.00102,runlisfloo,nfische2,r,08/18/2026,17:49:33,eddie@node1k11.ecdf.ed.ac.uk,1,6548
57704466,0.00102,runlisfloo,nfische2,r,08/18/2026,17:50:33,eddie@node1k12.ecdf.ed.ac.uk,1,6549
57840146,0.00102,prepro_2nd,smoon,r,08/24/2026,16:55:10,eddie@node1t01.ecdf.ed.ac.uk,2,9
57728307,0.00102,runlisfloo,asiripat,r,08/20/2026,13:06:38,eddie@node1k12.ecdf.ed.ac.uk,1,8602
57728307,0.00102,runlisfloo,asiripat,r,08/20/2026,12:58:20,eddie@node1n05.ecdf.ed.ac.uk,1,8601
57852560,0.00102,oil3d_lbvi,s2673720,r,08/25/2026,09:59:43,eddie@node1l08.ecdf.ed.ac.uk,10
57704466,0.00102,runlisfloo,nfische2,r,08/18/2026,17:35:50,eddie@node1k14.ecdf.ed.ac.uk,1,6544
57704466,0.00102,runlisfloo,nfische2,r,08/18/2026,17:37:05,eddie@node1k16.ecdf.ed.ac.uk,1,6545
57704466,0.00101,runlisfloo,nfische2,r,08/18/2026,17:32:50,eddie@node1k17.ecdf.ed.ac.uk,1,6543
57704466,0.00101,runlisfloo,nfische2,r,08/18/2026,17:31:31,eddie@node1s12.ecdf.ed.ac.uk,1,6541
57704466,0.00101,runlisfloo,nfische2,r,08/18/2026,17:31:31,eddie@node1s12.ecdf.ed.ac.uk,1,6542
57704466,0.00101,runlisfloo,nfische2,r,08/18/2026,17:27:46,eddie@node1n10.ecdf.ed.ac.uk,1,6536
57704466,0.00101,runlisfloo,nfische2,r,08/18/2026,17:27:01,eddie@node1k17.ecdf.ed.ac.uk,1,6535
57704466,0.00101,runlisfloo,nfische2,r,08/18/2026,17:25:32,eddie@node1k17.ecdf.ed.ac.uk,1,6534
57704466,0.00101,runlisfloo,nfische2,r,08/18/2026,17:24:02,eddie@node1n12.ecdf.ed.ac.uk,1,6533
57704466,0.00101,runlisfloo,nfische2,r,08/18/2026,17:23:02,eddie@node1k18.ecdf.ed.ac.uk,1,6532
57704466,0.00101,runlisfloo,nfische2,r,08/18/2026,17:20:32,eddie@node1k20.ecdf.ed.ac.uk,1,6531
57704466,0.00101,runlisfloo,nfische2,r,08/18/2026,17:16:54,eddie@node1n01.ecdf.ed.ac.uk,1,6530
57704466,0.00100,runlisfloo,nfische2,r,08/18/2026,17:10:09,eddie@node1s12.ecdf.ed.ac.uk,1,6522
57704466,0.00100,runlisfloo,nfische2,r,08/18/2026,17:12:54,eddie@node1k14.ecdf.ed.ac.uk,1,6526
57704466,0.00100,runlisfloo,nfische2,r,08/18/2026,17:13:54,eddie@node1k15.ecdf.ed.ac.uk,1,6527
57704466,0.00100,runlisfloo,nfische2,r,08/18/2026,17:14:24,eddie@node1k15.ecdf.ed.ac.uk,1,6528
57704466,0.00100,runlisfloo,nfische2,r,08/18/2026,17:10:40,eddie@node1s11.ecdf.ed.ac.uk,1,6523
57704466,0.00100,runlisfloo,nfische2,r,08/18/2026,17:10:55,eddie@node1s11.ecdf.ed.ac.uk,1,6524
57704466,0.00100,runlisfloo,nfische2,r,08/18/2026,17:11:54,eddie@node1n08.ecdf.ed.ac.uk,1,6525
57704466,0.00100,runlisfloo,nfische2,r,08/18/2026,17:07:34,eddie@node1k14.ecdf.ed.ac.uk,1,6521
57728307,0.00100,runlisfloo,asiripat,r,08/20/2026,12:31:16,eddie@node1n12.ecdf.ed.ac.uk,1,8600
57704466,0.00100,runlisfloo,nfische2,r,08/18/2026,17:06:49,eddie@node1k17.ecdf.ed.ac.uk,1,6520
57704466,0.00100,runlisfloo,nfische2,r,08/18/2026,17:05:49,eddie@node1k14.ecdf.ed.ac.uk,1,6519
57704466,0.00100,runlisfloo,nfische2,r,08/18/2026,17:05:35,eddie@node1n06.ecdf.ed.ac.uk,1,6518
57728307,0.00100,runlisfloo,asiripat,r,08/20/2026,12:25:18,eddie@node1n12.ecdf.ed.ac.uk,1,8599
57872263,0.00100,k2bcoredb,alopezc3,r,08/26/2026,10:25:29,eddie@node1t01.ecdf.ed.ac.uk,4,13
57704466,0.00100,runlisfloo,nfische2,r,08/18/2026,01:14:02,eddie@node1k17.ecdf.ed.ac.uk,1,6003
57704466,0.00099,runlisfloo,nfische2,r,08/18/2026,17:00:49,eddie@node1k13.ecdf.ed.ac.uk,1,6516
57704466,0.00099,runlisfloo,nfische2,r,08/18/2026,17:00:20,eddie@node1s12.ecdf.ed.ac.uk,1,6515
57858369,0.00099,code03_gms,s2285280,r,08/25/2026,14:07:06,eddie@node1h04.ecdf.ed.ac.uk,1,6
57704466,0.00099,runlisfloo,nfische2,r,08/18/2026,16:57:50,eddie@node1s11.ecdf.ed.ac.uk,1,6513
57704466,0.00099,runlisfloo,nfische2,r,08/18/2026,16:57:50,eddie@node1j13.ecdf.ed.ac.uk,1,6514
57704466,0.00099,runlisfloo,nfische2,r,08/18/2026,16:57:20,eddie@node1s11.ecdf.ed.ac.uk,1,6512
57704466,0.00099,runlisfloo,nfische2,r,08/18/2026,16:53:05,eddie@node1k13.ecdf.ed.ac.uk,1,6510
57760768,0.00099,Pan_4,s2745005,r,08/20/2026,11:21:24,eddie@node1t01.ecdf.ed.ac.uk,24
57704466,0.00099,runlisfloo,nfische2,r,08/18/2026,16:52:05,eddie@node1n08.ecdf.ed.ac.uk,1,6509
57704466,0.00099,runlisfloo,nfische2,r,08/18/2026,16:50:56,eddie@node1s11.ecdf.ed.ac.uk,1,6508
57760770,0.00099,Pan_6,s2745005,r,08/20/2026,11:21:39,eddie@node1t01.ecdf.ed.ac.uk,24
57760772,0.00099,Pan_7,s2745005,r,08/20/2026,11:21:39,eddie@node1t01.ecdf.ed.ac.uk,24
57760773,0.00099,Pan_8,s2745005,r,08/20/2026,11:21:39,eddie@node1t01.ecdf.ed.ac.uk,24
57704466,0.00099,runlisfloo,nfische2,r,08/18/2026,16:50:06,eddie@node1s11.ecdf.ed.ac.uk,1,6506
57704466,0.00099,runlisfloo,nfische2,r,08/18/2026,16:50:21,eddie@node1k17.ecdf.ed.ac.uk,1,6507
57704466,0.00099,runlisfloo,nfische2,r,08/18/2026,16:47:25,eddie@node1k15.ecdf.ed.ac.uk,1,6505
57760775,0.00099,Pan_9,s2745005,r,08/20/2026,11:21:54,eddie@node1t01.ecdf.ed.ac.uk,24
57760783,0.00099,Pan_10,s2745005,r,08/20/2026,11:21:54,eddie@node1t01.ecdf.ed.ac.uk,24
57704466,0.00098,runlisfloo,nfische2,r,08/18/2026,16:45:06,eddie@node1s11.ecdf.ed.ac.uk,1,6502
57704466,0.00098,runlisfloo,nfische2,r,08/18/2026,16:45:06,eddie@node1k12.ecdf.ed.ac.uk,1,6503
57704466,0.00098,runlisfloo,nfische2,r,08/18/2026,16:46:06,eddie@node1s11.ecdf.ed.ac.uk,1,6504
57704466,0.00098,runlisfloo,nfische2,r,08/18/2026,16:44:21,eddie@node1k12.ecdf.ed.ac.uk,1,6501
57704466,0.00098,runlisfloo,nfische2,r,08/18/2026,16:43:36,eddie@node1k13.ecdf.ed.ac.uk,1,6499
57704466,0.00098,runlisfloo,nfische2,r,08/18/2026,16:41:51,eddie@node1j13.ecdf.ed.ac.uk,1,6498
57704466,0.00098,runlisfloo,nfische2,r,08/18/2026,16:40:39,eddie@node1k15.ecdf.ed.ac.uk,1,6496
57704466,0.00098,runlisfloo,nfische2,r,08/18/2026,16:40:39,eddie@node1n10.ecdf.ed.ac.uk,1,6497
57851233,0.00098,tower_2026,s1901528,r,08/24/2026,22:04:16,eddie@node1m06.ecdf.ed.ac.uk,20,44
57728307,0.00098,runlisfloo,asiripat,r,08/20/2026,11:55:25,eddie@node1k13.ecdf.ed.ac.uk,1,8598
57704466,0.00098,runlisfloo,nfische2,r,08/18/2026,16:38:34,eddie@node1k19.ecdf.ed.ac.uk,1,6494
57704466,0.00098,runlisfloo,nfische2,r,08/18/2026,16:32:38,eddie@node1s11.ecdf.ed.ac.uk,1,6492
57704466,0.00097,runlisfloo,nfische2,r,08/18/2026,16:30:53,eddie@node1j13.ecdf.ed.ac.uk,1,6490
57704466,0.00097,runlisfloo,nfische2,r,08/18/2026,16:31:23,eddie@node1k20.ecdf.ed.ac.uk,1,6491
57704466,0.00097,runlisfloo,nfische2,r,08/18/2026,16:30:38,eddie@node1k15.ecdf.ed.ac.uk,1,6489
57851233,0.00097,tower_2026,s1901528,r,08/24/2026,21:51:01,eddie@node1h15.ecdf.ed.ac.uk,20,42
57851233,0.00097,tower_2026,s1901528,r,08/24/2026,21:52:31,eddie@node1o07.ecdf.ed.ac.uk,20,43
57704466,0.00097,runlisfloo,nfische2,r,08/18/2026,16:25:57,eddie@node1k13.ecdf.ed.ac.uk,1,6488
57704466,0.00097,runlisfloo,nfische2,r,08/18/2026,16:24:42,eddie@node1k13.ecdf.ed.ac.uk,1,6487
57704466,0.00097,runlisfloo,nfische2,r,08/18/2026,16:23:54,eddie@node1k16.ecdf.ed.ac.uk,1,6486
57704466,0.00097,runlisfloo,nfische2,r,08/18/2026,16:23:30,eddie@node1n07.ecdf.ed.ac.uk,1,6485
57704466,0.00097,runlisfloo,nfische2,r,08/18/2026,16:20:59,eddie@node1k16.ecdf.ed.ac.uk,1,6484
57704466,0.00096,runlisfloo,nfische2,r,08/18/2026,16:14:43,eddie@node1s11.ecdf.ed.ac.uk,1,6482
57704466,0.00096,runlisfloo,nfische2,r,08/18/2026,16:15:28,eddie@node1k12.ecdf.ed.ac.uk,1,6483
57704466,0.00096,runlisfloo,nfische2,r,08/18/2026,16:08:35,eddie@node1s12.ecdf.ed.ac.uk,1,6480
57704466,0.00096,runlisfloo,nfische2,r,08/18/2026,16:06:36,eddie@node1s11.ecdf.ed.ac.uk,1,6479
57851233,0.00096,tower_2026,s1901528,r,08/24/2026,20:57:10,eddie@node1s18.ecdf.ed.ac.uk,20,36
57704466,0.00096,runlisfloo,nfische2,r,08/18/2026,16:03:12,eddie@node1k14.ecdf.ed.ac.uk,1,6477
57704466,0.00096,runlisfloo,nfische2,r,08/18/2026,16:03:28,eddie@node1s11.ecdf.ed.ac.uk,1,6478
57851233,0.00096,tower_2026,s1901528,r,08/24/2026,22:34:01,eddie@node1l10.ecdf.ed.ac.uk,20,45
57704466,0.00096,runlisfloo,nfische2,r,08/18/2026,16:09:35,eddie@node1k17.ecdf.ed.ac.uk,1,6481
57704466,0.00095,runlisfloo,nfische2,r,08/18/2026,15:56:14,eddie@node1k19.ecdf.ed.ac.uk,1,6476
57704466,0.00095,runlisfloo,nfische2,r,08/18/2026,15:53:00,eddie@node1k19.ecdf.ed.ac.uk,1,6475
57704466,0.00095,runlisfloo,nfische2,r,08/18/2026,15:48:56,eddie@node1k14.ecdf.ed.ac.uk,1,6474
57704466,0.00095,runlisfloo,nfische2,r,08/18/2026,15:44:57,eddie@node1n09.ecdf.ed.ac.uk,1,6473
57872263,0.00095,k2bcoredb,alopezc3,r,08/26/2026,10:25:29,eddie@node1t01.ecdf.ed.ac.uk,4,14
57704466,0.00095,runlisfloo,nfische2,r,08/18/2026,01:25:20,eddie@node1k17.ecdf.ed.ac.uk,1,6004
57704466,0.00095,runlisfloo,nfische2,r,08/18/2026,15:42:23,eddie@node1j12.ecdf.ed.ac.uk,1,6472
57728307,0.00095,runlisfloo,asiripat,r,08/20/2026,10:58:13,eddie@node1k12.ecdf.ed.ac.uk,1,8597
57704466,0.00094,runlisfloo,nfische2,r,08/18/2026,15:35:12,eddie@node1j13.ecdf.ed.ac.uk,1,6471
57704466,0.00094,runlisfloo,nfische2,r,08/18/2026,15:28:28,eddie@node1n11.ecdf.ed.ac.uk,1,6464
57704466,0.00094,runlisfloo,nfische2,r,08/18/2026,15:28:28,eddie@node1n11.ecdf.ed.ac.uk,1,6465
57704466,0.00094,runlisfloo,nfische2,r,08/18/2026,15:28:28,eddie@node1n11.ecdf.ed.ac.uk,1,6466
57704466,0.00094,runlisfloo,nfische2,r,08/18/2026,15:28:28,eddie@node1n11.ecdf.ed.ac.uk,1,6467
57704466,0.00094,runlisfloo,nfische2,r,08/18/2026,15:28:28,eddie@node1n11.ecdf.ed.ac.uk,1,6468
57704466,0.00094,runlisfloo,nfische2,r,08/18/2026,15:28:42,eddie@node1k18.ecdf.ed.ac.uk,1,6469
57704466,0.00094,runlisfloo,nfische2,r,08/18/2026,15:28:43,eddie@node1j12.ecdf.ed.ac.uk,1,6470
57704466,0.00094,runlisfloo,nfische2,r,08/18/2026,15:26:49,eddie@node1k18.ecdf.ed.ac.uk,1,6463
57704466,0.00094,runlisfloo,nfische2,r,08/18/2026,15:26:36,eddie@node1n09.ecdf.ed.ac.uk,1,6462
57704466,0.00093,runlisfloo,nfische2,r,08/18/2026,15:25:48,eddie@node1k19.ecdf.ed.ac.uk,1,6461
57704466,0.00093,runlisfloo,nfische2,r,08/18/2026,15:21:03,eddie@node1k20.ecdf.ed.ac.uk,1,6460
57704466,0.00093,runlisfloo,nfische2,r,08/18/2026,15:19:48,eddie@node1k19.ecdf.ed.ac.uk,1,6459
57704466,0.00093,runlisfloo,nfische2,r,08/18/2026,15:15:34,eddie@node1n11.ecdf.ed.ac.uk,1,6456
57704466,0.00093,runlisfloo,nfische2,r,08/18/2026,15:15:34,eddie@node1n11.ecdf.ed.ac.uk,1,6457
57704466,0.00093,runlisfloo,nfische2,r,08/18/2026,15:16:49,eddie@node1k17.ecdf.ed.ac.uk,1,6458
57704466,0.00093,runlisfloo,nfische2,r,08/18/2026,15:15:18,eddie@node1n11.ecdf.ed.ac.uk,1,6455
57840146,0.00092,prepro_2nd,smoon,r,08/24/2026,16:55:10,eddie@node1t01.ecdf.ed.ac.uk,2,10
57704466,0.00092,runlisfloo,nfische2,r,08/18/2026,15:08:32,eddie@node1n08.ecdf.ed.ac.uk,1,6453
57704466,0.00092,runlisfloo,nfische2,r,08/18/2026,15:08:32,eddie@node1k19.ecdf.ed.ac.uk,1,6454
57728307,0.00092,runlisfloo,asiripat,r,08/20/2026,10:23:05,eddie@node1k13.ecdf.ed.ac.uk,1,8596
57704466,0.00092,runlisfloo,nfische2,r,08/18/2026,15:03:23,eddie@node1k16.ecdf.ed.ac.uk,1,6452
57704466,0.00092,runlisfloo,nfische2,r,08/18/2026,15:01:11,eddie@node1k16.ecdf.ed.ac.uk,1,6451
57704466,0.00092,runlisfloo,nfische2,r,08/18/2026,14:55:11,eddie@node1n11.ecdf.ed.ac.uk,1,6449
57704466,0.00092,runlisfloo,nfische2,r,08/18/2026,14:57:41,eddie@node1n09.ecdf.ed.ac.uk,1,6450
57728307,0.00091,runlisfloo,asiripat,r,08/20/2026,10:03:10,eddie@node1n12.ecdf.ed.ac.uk,1,8595
57766309,0.00091,QLOGIN,crobert,r,08/20/2026,14:07:10,staging@node1f14.ecdf.ed.ac.uk,1
57704466,0.00091,runlisfloo,nfische2,r,08/18/2026,14:48:26,eddie@node1k15.ecdf.ed.ac.uk,1,6448
57704466,0.00090,runlisfloo,nfische2,r,08/18/2026,14:46:56,eddie@node1j12.ecdf.ed.ac.uk,1,6447
57704466,0.00090,runlisfloo,nfische2,r,08/18/2026,14:44:11,eddie@node1j13.ecdf.ed.ac.uk,1,6446
57873750,0.00090,a_r2405_12,wdewulf,r,08/26/2026,11:39:46,eddie@node1l10.ecdf.ed.ac.uk,1,11
57704466,0.00090,runlisfloo,nfische2,r,08/18/2026,14:41:58,eddie@node1n10.ecdf.ed.ac.uk,1,6444
57704466,0.00090,runlisfloo,nfische2,r,08/18/2026,14:43:43,eddie@node1j13.ecdf.ed.ac.uk,1,6445
57728307,0.00090,runlisfloo,asiripat,r,08/20/2026,09:51:46,eddie@node1m18.ecdf.ed.ac.uk,1,8594
57704466,0.00090,runlisfloo,nfische2,r,08/18/2026,14:35:45,eddie@node1j13.ecdf.ed.ac.uk,1,6443
57704466,0.00090,runlisfloo,nfische2,r,08/18/2026,14:33:49,eddie@node1k16.ecdf.ed.ac.uk,1,6442
57704466,0.00089,runlisfloo,nfische2,r,08/18/2026,01:28:32,eddie@node1j12.ecdf.ed.ac.uk,1,6005
57704466,0.00089,runlisfloo,nfische2,r,08/18/2026,14:26:28,eddie@node1j13.ecdf.ed.ac.uk,1,6441
57704466,0.00089,runlisfloo,nfische2,r,08/18/2026,14:24:46,eddie@node1k13.ecdf.ed.ac.uk,1,6440
57704466,0.00089,runlisfloo,nfische2,r,08/18/2026,14:22:25,eddie@node1k16.ecdf.ed.ac.uk,1,6437
57704466,0.00089,runlisfloo,nfische2,r,08/18/2026,14:22:40,eddie@node1k18.ecdf.ed.ac.uk,1,6438
57704466,0.00089,runlisfloo,nfische2,r,08/18/2026,14:23:25,eddie@node1n09.ecdf.ed.ac.uk,1,6439
57881539,0.00089,cover_sim,s2441782,r,08/26/2026,12:23:14,eddie@node1e07.ecdf.ed.ac.uk,8,49
57704466,0.00089,runlisfloo,nfische2,r,08/18/2026,14:20:55,eddie@node1k10.ecdf.ed.ac.uk,1,6436
57881539,0.00089,cover_sim,s2441782,r,08/26/2026,12:23:43,eddie@node1l06.ecdf.ed.ac.uk,8,50
57704466,0.00089,runlisfloo,nfische2,r,08/18/2026,14:14:51,eddie@node1k19.ecdf.ed.ac.uk,1,6435
57881539,0.00088,cover_sim,s2441782,r,08/26/2026,12:26:21,eddie@node1j10.ecdf.ed.ac.uk,8,52
57881539,0.00088,cover_sim,s2441782,r,08/26/2026,12:23:50,eddie@node1d03.ecdf.ed.ac.uk,8,51
57881539,0.00088,cover_sim,s2441782,r,08/26/2026,12:26:32,eddie@node1r12.ecdf.ed.ac.uk,8,53
57704466,0.00088,runlisfloo,nfische2,r,08/18/2026,14:08:45,eddie@node1k15.ecdf.ed.ac.uk,1,6434
57881539,0.00088,cover_sim,s2441782,r,08/26/2026,12:26:53,eddie@node1j01.ecdf.ed.ac.uk,8,54
57881539,0.00088,cover_sim,s2441782,r,08/26/2026,12:27:01,eddie@node1m05.ecdf.ed.ac.uk,8,55
57704466,0.00088,runlisfloo,nfische2,r,08/18/2026,14:07:14,eddie@node1k20.ecdf.ed.ac.uk,1,6433
57881539,0.00088,cover_sim,s2441782,r,08/26/2026,12:27:07,eddie@node1j22.ecdf.ed.ac.uk,8,56
57704466,0.00087,runlisfloo,nfische2,r,08/18/2026,13:55:52,eddie@node1n11.ecdf.ed.ac.uk,1,6432
57728307,0.00087,runlisfloo,asiripat,r,08/20/2026,09:08:26,eddie@node1n11.ecdf.ed.ac.uk,1,8592
57728307,0.00087,runlisfloo,asiripat,r,08/20/2026,09:08:26,eddie@node1n11.ecdf.ed.ac.uk,1,8593
57704466,0.00087,runlisfloo,nfische2,r,08/18/2026,13:54:00,eddie@node1k11.ecdf.ed.ac.uk,1,6431
57881539,0.00087,cover_sim,s2441782,r,08/26/2026,12:27:19,eddie@node1e04.ecdf.ed.ac.uk,8,57
57704466,0.00087,runlisfloo,nfische2,r,08/18/2026,13:51:45,eddie@node1k19.ecdf.ed.ac.uk,1,6429
57704466,0.00087,runlisfloo,nfische2,r,08/18/2026,13:51:45,eddie@node1k19.ecdf.ed.ac.uk,1,6430
57704466,0.00087,runlisfloo,nfische2,r,08/18/2026,13:50:49,eddie@node1j12.ecdf.ed.ac.uk,1,6428
57881539,0.00087,cover_sim,s2441782,r,08/26/2026,12:27:27,eddie@node1j17.ecdf.ed.ac.uk,8,58
57704466,0.00087,runlisfloo,nfische2,r,08/18/2026,13:47:08,eddie@node1k17.ecdf.ed.ac.uk,1,6427
57881539,0.00087,cover_sim,s2441782,r,08/26/2026,12:27:42,eddie@node1j10.ecdf.ed.ac.uk,8,59
57881539,0.00087,cover_sim,s2441782,r,08/26/2026,12:27:42,eddie@node1j10.ecdf.ed.ac.uk,8,60
57881539,0.00087,cover_sim,s2441782,r,08/26/2026,12:27:42,eddie@node1j10.ecdf.ed.ac.uk,8,61
57881539,0.00087,cover_sim,s2441782,r,08/26/2026,12:27:42,eddie@node1j10.ecdf.ed.ac.uk,8,62
57881539,0.00087,cover_sim,s2441782,r,08/26/2026,12:27:42,eddie@node1j10.ecdf.ed.ac.uk,8,63
57881539,0.00087,cover_sim,s2441782,r,08/26/2026,12:27:42,eddie@node1j10.ecdf.ed.ac.uk,8,64
57704466,0.00087,runlisfloo,nfische2,r,08/18/2026,13:46:48,eddie@node1k19.ecdf.ed.ac.uk,1,6426
57728307,0.00087,runlisfloo,asiripat,r,08/20/2026,08:56:41,eddie@node1m19.ecdf.ed.ac.uk,1,8591
57704466,0.00087,runlisfloo,nfische2,r,08/18/2026,13:44:18,eddie@node1k11.ecdf.ed.ac.uk,1,6425
57704466,0.00086,runlisfloo,nfische2,r,08/18/2026,13:43:18,eddie@node1j13.ecdf.ed.ac.uk,1,6424
57704466,0.00086,runlisfloo,nfische2,r,08/18/2026,13:41:48,eddie@node1n09.ecdf.ed.ac.uk,1,6423
57704466,0.00086,runlisfloo,nfische2,r,08/18/2026,13:41:18,eddie@node1k14.ecdf.ed.ac.uk,1,6421
57704466,0.00086,runlisfloo,nfische2,r,08/18/2026,13:41:33,eddie@node1k11.ecdf.ed.ac.uk,1,6422
57704466,0.00086,runlisfloo,nfische2,r,08/18/2026,13:40:43,eddie@node1k19.ecdf.ed.ac.uk,1,6420
57728307,0.00086,runlisfloo,asiripat,r,08/20/2026,08:49:26,eddie@node1k13.ecdf.ed.ac.uk,1,8590
57704466,0.00086,runlisfloo,nfische2,r,08/18/2026,13:37:07,eddie@node1k11.ecdf.ed.ac.uk,1,6419
57704466,0.00086,runlisfloo,nfische2,r,08/18/2026,13:34:13,eddie@node1n09.ecdf.ed.ac.uk,1,6418
57728307,0.00086,runlisfloo,asiripat,r,08/20/2026,08:44:56,eddie@node1k14.ecdf.ed.ac.uk,1,8589
57704466,0.00086,runlisfloo,nfische2,r,08/18/2026,13:27:45,eddie@node1j12.ecdf.ed.ac.uk,1,6417
57881539,0.00086,cover_sim,s2441782,r,08/26/2026,12:27:50,eddie@node1j23.ecdf.ed.ac.uk,8,65
57881539,0.00085,cover_sim,s2441782,r,08/26/2026,12:27:55,eddie@node1d06.ecdf.ed.ac.uk,8,66
57881539,0.00085,cover_sim,s2441782,r,08/26/2026,12:28:55,eddie@node1d04.ecdf.ed.ac.uk,8,68
57881539,0.00085,cover_sim,s2441782,r,08/26/2026,12:28:04,eddie@node1e07.ecdf.ed.ac.uk,8,67
57704466,0.00085,runlisfloo,nfische2,r,08/18/2026,13:22:45,eddie@node1s12.ecdf.ed.ac.uk,1,6416
57881539,0.00085,cover_sim,s2441782,r,08/26/2026,12:29:10,eddie@node1d03.ecdf.ed.ac.uk,8,69
57704466,0.00085,runlisfloo,nfische2,r,08/18/2026,01:29:02,eddie@node1j12.ecdf.ed.ac.uk,1,6006
57840146,0.00084,prepro_2nd,smoon,r,08/24/2026,16:55:10,eddie@node1t01.ecdf.ed.ac.uk,2,11
57704466,0.00084,runlisfloo,nfische2,r,08/18/2026,13:04:00,eddie@node1k13.ecdf.ed.ac.uk,1,6412
57704466,0.00084,runlisfloo,nfische2,r,08/18/2026,13:14:42,eddie@node1k19.ecdf.ed.ac.uk,1,6415
57704466,0.00084,runlisfloo,nfische2,r,08/18/2026,13:02:00,eddie@node1k19.ecdf.ed.ac.uk,1,6409
57704466,0.00084,runlisfloo,nfische2,r,08/18/2026,13:02:01,eddie@node1j13.ecdf.ed.ac.uk,1,6410
57704466,0.00084,runlisfloo,nfische2,r,08/18/2026,13:02:15,eddie@node1n02.ecdf.ed.ac.uk,1,6411
57704466,0.00084,runlisfloo,nfische2,r,08/18/2026,13:13:27,eddie@node1k16.ecdf.ed.ac.uk,1,6413
57704466,0.00084,runlisfloo,nfische2,r,08/18/2026,13:13:57,eddie@node1n09.ecdf.ed.ac.uk,1,6414
57704466,0.00084,runlisfloo,nfische2,r,08/18/2026,12:58:45,eddie@node1k11.ecdf.ed.ac.uk,1,6407
57704466,0.00084,runlisfloo,nfische2,r,08/18/2026,12:57:01,eddie@node1n11.ecdf.ed.ac.uk,1,6405
57704466,0.00084,runlisfloo,nfische2,r,08/18/2026,13:00:00,eddie@node1n10.ecdf.ed.ac.uk,1,6408
57704466,0.00084,runlisfloo,nfische2,r,08/18/2026,12:57:45,eddie@node1k14.ecdf.ed.ac.uk,1,6406
57704466,0.00084,runlisfloo,nfische2,r,08/18/2026,12:55:47,eddie@node1n10.ecdf.ed.ac.uk,1,6404
57704466,0.00084,runlisfloo,nfische2,r,08/18/2026,12:54:59,eddie@node1n11.ecdf.ed.ac.uk,1,6403
57704466,0.00084,runlisfloo,nfische2,r,08/18/2026,12:54:14,eddie@node1n12.ecdf.ed.ac.uk,1,6402
57728307,0.00084,runlisfloo,asiripat,r,08/20/2026,08:17:33,eddie@node1k16.ecdf.ed.ac.uk,1,8586
57704466,0.00084,runlisfloo,nfische2,r,08/18/2026,12:50:06,eddie@node1n02.ecdf.ed.ac.uk,1,6400
57704466,0.00083,runlisfloo,nfische2,r,08/18/2026,12:50:51,eddie@node1j13.ecdf.ed.ac.uk,1,6401
57704466,0.00083,runlisfloo,nfische2,r,08/18/2026,10:01:56,eddie@node1j13.ecdf.ed.ac.uk,1,6069
57704466,0.00083,runlisfloo,nfische2,r,08/18/2026,10:01:56,eddie@node1j13.ecdf.ed.ac.uk,1,6070
57704466,0.00083,runlisfloo,nfische2,r,08/18/2026,10:01:56,eddie@node1k14.ecdf.ed.ac.uk,1,6071
57704466,0.00083,runlisfloo,nfische2,r,08/18/2026,10:01:56,eddie@node1j12.ecdf.ed.ac.uk,1,6072
57704466,0.00083,runlisfloo,nfische2,r,08/18/2026,12:46:53,eddie@node1n12.ecdf.ed.ac.uk,1,6398
57704466,0.00083,runlisfloo,nfische2,r,08/18/2026,12:47:08,eddie@node1n10.ecdf.ed.ac.uk,1,6399
57704466,0.00083,runlisfloo,nfische2,r,08/18/2026,12:45:39,eddie@node1k13.ecdf.ed.ac.uk,1,6397
57704466,0.00083,runlisfloo,nfische2,r,08/18/2026,12:45:24,eddie@node1k13.ecdf.ed.ac.uk,1,6396
57704466,0.00083,runlisfloo,nfische2,r,08/18/2026,12:44:25,eddie@node1k19.ecdf.ed.ac.uk,1,6395
57704466,0.00083,runlisfloo,nfische2,r,08/18/2026,10:24:48,eddie@node1k16.ecdf.ed.ac.uk,1,6108
57704466,0.00083,runlisfloo,nfische2,r,08/18/2026,10:25:18,eddie@node1n01.ecdf.ed.ac.uk,1,6109
57704466,0.00083,runlisfloo,nfische2,r,08/18/2026,10:25:33,eddie@node1s09.ecdf.ed.ac.uk,1,6110
57704466,0.00083,runlisfloo,nfische2,r,08/18/2026,10:25:33,eddie@node1k15.ecdf.ed.ac.uk,1,6111
57704466,0.00083,runlisfloo,nfische2,r,08/18/2026,12:43:12,eddie@node1n12.ecdf.ed.ac.uk,1,6394
57704466,0.00083,runlisfloo,nfische2,r,08/18/2026,10:02:41,eddie@node1m24.ecdf.ed.ac.uk,1,6073
57704466,0.00083,runlisfloo,nfische2,r,08/18/2026,10:25:48,eddie@node1j13.ecdf.ed.ac.uk,1,6112
57704466,0.00083,runlisfloo,nfische2,r,08/18/2026,12:36:41,eddie@node1k14.ecdf.ed.ac.uk,1,6393
57704466,0.00083,runlisfloo,nfische2,r,08/18/2026,12:36:11,eddie@node1k20.ecdf.ed.ac.uk,1,6392
57704466,0.00083,runlisfloo,nfische2,r,08/18/2026,10:29:31,eddie@node1n09.ecdf.ed.ac.uk,1,6118
57704466,0.00083,runlisfloo,nfische2,r,08/18/2026,10:29:31,eddie@node1k19.ecdf.ed.ac.uk,1,6119
57704466,0.00083,runlisfloo,nfische2,r,08/18/2026,10:29:31,eddie@node1j12.ecdf.ed.ac.uk,1,6120
57704466,0.00083,runlisfloo,nfische2,r,08/18/2026,10:29:31,eddie@node1n10.ecdf.ed.ac.uk,1,6121
57704466,0.00083,runlisfloo,nfische2,r,08/18/2026,10:29:31,eddie@node1n10.ecdf.ed.ac.uk,1,6122
57728307,0.00083,runlisfloo,asiripat,r,08/20/2026,07:54:33,eddie@node1n08.ecdf.ed.ac.uk,1,8585
57704466,0.00083,runlisfloo,nfische2,r,08/18/2026,10:26:17,eddie@node1k18.ecdf.ed.ac.uk,1,6113
57704466,0.00083,runlisfloo,nfische2,r,08/18/2026,12:30:26,eddie@node1k16.ecdf.ed.ac.uk,1,6389
57704466,0.00083,runlisfloo,nfische2,r,08/18/2026,12:30:26,eddie@node1k20.ecdf.ed.ac.uk,1,6390
57728307,0.00083,runlisfloo,asiripat,r,08/20/2026,08:21:58,eddie@node1n03.ecdf.ed.ac.uk,1,8587
57728307,0.00083,runlisfloo,asiripat,r,08/20/2026,08:24:28,eddie@node1k18.ecdf.ed.ac.uk,1,8588
57704466,0.00083,runlisfloo,nfische2,r,08/18/2026,10:03:26,eddie@node1k17.ecdf.ed.ac.uk,1,6074
57704466,0.00083,runlisfloo,nfische2,r,08/18/2026,12:35:26,eddie@node1n05.ecdf.ed.ac.uk,1,6391
57704466,0.00083,runlisfloo,nfische2,r,08/18/2026,10:26:32,eddie@node1k19.ecdf.ed.ac.uk,1,6114
57704466,0.00083,runlisfloo,nfische2,r,08/18/2026,10:04:56,eddie@node1k17.ecdf.ed.ac.uk,1,6075
57704466,0.00083,runlisfloo,nfische2,r,08/18/2026,10:27:03,eddie@node1k12.ecdf.ed.ac.uk,1,6115
57704466,0.00083,runlisfloo,nfische2,r,08/18/2026,12:29:26,eddie@node1n09.ecdf.ed.ac.uk,1,6388
57704466,0.00083,runlisfloo,nfische2,r,08/18/2026,10:05:41,eddie@node1n07.ecdf.ed.ac.uk,1,6076
57704466,0.00082,runlisfloo,nfische2,r,08/18/2026,12:27:26,eddie@node1k15.ecdf.ed.ac.uk,1,6387
57704466,0.00082,runlisfloo,nfische2,r,08/18/2026,10:27:33,eddie@node1n10.ecdf.ed.ac.uk,1,6116
57704466,0.00082,runlisfloo,nfische2,r,08/18/2026,10:05:56,eddie@node1k16.ecdf.ed.ac.uk,1,6077
57704466,0.00082,runlisfloo,nfische2,r,08/18/2026,10:28:03,eddie@node1n09.ecdf.ed.ac.uk,1,6117
57704466,0.00082,runlisfloo,nfische2,r,08/18/2026,10:20:06,eddie@node1k17.ecdf.ed.ac.uk,1,6098
57704466,0.00082,runlisfloo,nfische2,r,08/18/2026,10:30:01,eddie@node1k15.ecdf.ed.ac.uk,1,6123
57704466,0.00082,runlisfloo,nfische2,r,08/18/2026,12:26:27,eddie@node1k15.ecdf.ed.ac.uk,1,6384
57704466,0.00082,runlisfloo,nfische2,r,08/18/2026,10:30:30,eddie@node1k20.ecdf.ed.ac.uk,1,6124
57704466,0.00082,runlisfloo,nfische2,r,08/18/2026,12:26:42,eddie@node1k20.ecdf.ed.ac.uk,1,6385
57704466,0.00082,runlisfloo,nfische2,r,08/18/2026,12:26:56,eddie@node1k18.ecdf.ed.ac.uk,1,6386
57704466,0.00082,runlisfloo,nfische2,r,08/18/2026,10:20:21,eddie@node1n10.ecdf.ed.ac.uk,1,6099
57704466,0.00082,runlisfloo,nfische2,r,08/18/2026,10:07:26,eddie@node1k11.ecdf.ed.ac.uk,1,6078
57704466,0.00082,runlisfloo,nfische2,r,08/18/2026,10:30:45,eddie@node1j12.ecdf.ed.ac.uk,1,6125
57704466,0.00082,runlisfloo,nfische2,r,08/18/2026,10:20:52,eddie@node1n09.ecdf.ed.ac.uk,1,6100
57704466,0.00082,runlisfloo,nfische2,r,08/18/2026,10:20:52,eddie@node1k19.ecdf.ed.ac.uk,1,6101
57704466,0.00082,runlisfloo,nfische2,r,08/18/2026,10:09:35,eddie@node1k18.ecdf.ed.ac.uk,1,6079
57704466,0.00082,runlisfloo,nfische2,r,08/18/2026,10:31:30,eddie@node1k18.ecdf.ed.ac.uk,1,6126
57704466,0.00082,runlisfloo,nfische2,r,08/18/2026,09:58:06,eddie@node1n10.ecdf.ed.ac.uk,1,6061
57704466,0.00082,runlisfloo,nfische2,r,08/18/2026,10:31:46,eddie@node1n07.ecdf.ed.ac.uk,1,6127
57704466,0.00082,runlisfloo,nfische2,r,08/18/2026,10:31:46,eddie@node1n10.ecdf.ed.ac.uk,1,6128
57704466,0.00082,runlisfloo,nfische2,r,08/18/2026,10:09:50,eddie@node1k20.ecdf.ed.ac.uk,1,6080
57704466,0.00082,runlisfloo,nfische2,r,08/18/2026,10:32:33,eddie@node1k16.ecdf.ed.ac.uk,1,6130
57704466,0.00082,runlisfloo,nfische2,r,08/18/2026,10:21:06,eddie@node1j12.ecdf.ed.ac.uk,1,6102
57704466,0.00082,runlisfloo,nfische2,r,08/18/2026,10:33:34,eddie@node1n05.ecdf.ed.ac.uk,1,6131
57704466,0.00082,runlisfloo,nfische2,r,08/18/2026,10:33:34,eddie@node1k17.ecdf.ed.ac.uk,1,6132
57704466,0.00082,runlisfloo,nfische2,r,08/18/2026,10:33:34,eddie@node1j12.ecdf.ed.ac.uk,1,6133
57704466,0.00082,runlisfloo,nfische2,r,08/18/2026,10:32:01,eddie@node1n07.ecdf.ed.ac.uk,1,6129
57704466,0.00082,runlisfloo,nfische2,r,08/18/2026,09:58:21,eddie@node1k16.ecdf.ed.ac.uk,1,6062
57704466,0.00082,runlisfloo,nfische2,r,08/18/2026,10:10:07,eddie@node1j12.ecdf.ed.ac.uk,1,6081
57704466,0.00082,runlisfloo,nfische2,r,08/18/2026,10:21:21,eddie@node1k15.ecdf.ed.ac.uk,1,6103
57704466,0.00082,runlisfloo,nfische2,r,08/18/2026,10:10:22,eddie@node1n01.ecdf.ed.ac.uk,1,6082
57728307,0.00082,runlisfloo,asiripat,r,08/20/2026,07:38:01,eddie@node1m20.ecdf.ed.ac.uk,1,8582
57704466,0.00082,runlisfloo,nfische2,r,08/18/2026,10:23:17,eddie@node1j13.ecdf.ed.ac.uk,1,6106
57704466,0.00082,runlisfloo,nfische2,r,08/18/2026,12:13:31,eddie@node1k13.ecdf.ed.ac.uk,1,6375
57704466,0.00082,runlisfloo,nfische2,r,08/18/2026,12:13:31,eddie@node1k19.ecdf.ed.ac.uk,1,6376
57704466,0.00082,runlisfloo,nfische2,r,08/18/2026,12:13:31,eddie@node1k16.ecdf.ed.ac.uk,1,6377
57704466,0.00082,runlisfloo,nfische2,r,08/18/2026,12:13:31,eddie@node1j12.ecdf.ed.ac.uk,1,6378
57704466,0.00082,runlisfloo,nfische2,r,08/18/2026,12:13:31,eddie@node1k14.ecdf.ed.ac.uk,1,6379
57704466,0.00082,runlisfloo,nfische2,r,08/18/2026,12:13:31,eddie@node1j12.ecdf.ed.ac.uk,1,6380
57704466,0.00082,runlisfloo,nfische2,r,08/18/2026,12:13:46,eddie@node1j13.ecdf.ed.ac.uk,1,6381
57704466,0.00082,runlisfloo,nfische2,r,08/18/2026,12:13:46,eddie@node1k10.ecdf.ed.ac.uk,1,6382
57704466,0.00082,runlisfloo,nfische2,r,08/18/2026,09:58:51,eddie@node1n09.ecdf.ed.ac.uk,1,6063
57704466,0.00082,runlisfloo,nfische2,r,08/18/2026,09:58:51,eddie@node1n10.ecdf.ed.ac.uk,1,6064
57704466,0.00082,runlisfloo,nfische2,r,08/18/2026,10:33:49,eddie@node1k15.ecdf.ed.ac.uk,1,6134
57704466,0.00082,runlisfloo,nfische2,r,08/18/2026,12:14:01,eddie@node1k11.ecdf.ed.ac.uk,1,6383
57704466,0.00082,runlisfloo,nfische2,r,08/18/2026,10:10:37,eddie@node1k12.ecdf.ed.ac.uk,1,6083
57704466,0.00082,runlisfloo,nfische2,r,08/18/2026,09:42:34,eddie@node1n10.ecdf.ed.ac.uk,1,6059
57704466,0.00082,runlisfloo,nfische2,r,08/18/2026,10:24:33,eddie@node1k20.ecdf.ed.ac.uk,1,6107
57704466,0.00081,runlisfloo,nfische2,r,08/18/2026,10:34:28,eddie@node1k12.ecdf.ed.ac.uk,1,6135
57704466,0.00081,runlisfloo,nfische2,r,08/18/2026,10:34:28,eddie@node1k16.ecdf.ed.ac.uk,1,6136
57704466,0.00081,runlisfloo,nfische2,r,08/18/2026,10:35:13,eddie@node1k15.ecdf.ed.ac.uk,1,6137
57704466,0.00081,runlisfloo,nfische2,r,08/18/2026,10:11:22,eddie@node1n10.ecdf.ed.ac.uk,1,6084
57704466,0.00081,runlisfloo,nfische2,r,08/18/2026,10:11:22,eddie@node1j12.ecdf.ed.ac.uk,1,6085
57704466,0.00081,runlisfloo,nfische2,r,08/18/2026,10:11:22,eddie@node1k16.ecdf.ed.ac.uk,1,6086
57704466,0.00081,runlisfloo,nfische2,r,08/18/2026,10:35:58,eddie@node1j13.ecdf.ed.ac.uk,1,6138
57704466,0.00081,runlisfloo,nfische2,r,08/18/2026,10:35:58,eddie@node1k11.ecdf.ed.ac.uk,1,6139
57704466,0.00081,runlisfloo,nfische2,r,08/18/2026,09:59:51,eddie@node1k19.ecdf.ed.ac.uk,1,6065
57704466,0.00081,runlisfloo,nfische2,r,08/18/2026,10:00:51,eddie@node1k19.ecdf.ed.ac.uk,1,6067
57704466,0.00081,runlisfloo,nfische2,r,08/18/2026,10:00:51,eddie@node1k16.ecdf.ed.ac.uk,1,6068
57704466,0.00081,runlisfloo,nfische2,r,08/18/2026,10:00:06,eddie@node1k18.ecdf.ed.ac.uk,1,6066
57704466,0.00081,runlisfloo,nfische2,r,08/18/2026,10:11:37,eddie@node1n05.ecdf.ed.ac.uk,1,6087
57704466,0.00081,runlisfloo,nfische2,r,08/18/2026,10:11:37,eddie@node1k17.ecdf.ed.ac.uk,1,6088
57704466,0.00081,runlisfloo,nfische2,r,08/18/2026,10:11:37,eddie@node1n11.ecdf.ed.ac.uk,1,6089
57704466,0.00081,runlisfloo,nfische2,r,08/18/2026,10:14:37,eddie@node1n01.ecdf.ed.ac.uk,1,6092
57704466,0.00081,runlisfloo,nfische2,r,08/18/2026,11:59:58,eddie@node1k18.ecdf.ed.ac.uk,1,6371
57704466,0.00081,runlisfloo,nfische2,r,08/18/2026,12:00:28,eddie@node1k11.ecdf.ed.ac.uk,1,6373
57704466,0.00081,runlisfloo,nfische2,r,08/18/2026,12:00:43,eddie@node1n10.ecdf.ed.ac.uk,1,6374
57704466,0.00081,runlisfloo,nfische2,r,08/18/2026,12:00:13,eddie@node1n07.ecdf.ed.ac.uk,1,6372
57704466,0.00081,runlisfloo,nfische2,r,08/18/2026,11:58:50,eddie@node1k13.ecdf.ed.ac.uk,1,6368
57704466,0.00081,runlisfloo,nfische2,r,08/18/2026,11:58:50,eddie@node1n09.ecdf.ed.ac.uk,1,6369
57704466,0.00081,runlisfloo,nfische2,r,08/18/2026,11:59:05,eddie@node1n11.ecdf.ed.ac.uk,1,6370
57704466,0.00081,runlisfloo,nfische2,r,08/18/2026,10:12:52,eddie@node1k19.ecdf.ed.ac.uk,1,6090
57704466,0.00081,runlisfloo,nfische2,r,08/18/2026,11:57:05,eddie@node1j13.ecdf.ed.ac.uk,1,6365
57704466,0.00081,runlisfloo,nfische2,r,08/18/2026,11:57:50,eddie@node1n03.ecdf.ed.ac.uk,1,6366
57704466,0.00081,runlisfloo,nfische2,r,08/18/2026,11:58:35,eddie@node1k17.ecdf.ed.ac.uk,1,6367
57704466,0.00081,runlisfloo,nfische2,r,08/18/2026,10:13:22,eddie@node1n09.ecdf.ed.ac.uk,1,6091
57704466,0.00080,runlisfloo,nfische2,r,08/18/2026,11:53:10,eddie@node1k11.ecdf.ed.ac.uk,1,6364
57728307,0.00080,runlisfloo,asiripat,r,08/20/2026,07:21:20,eddie@node1n03.ecdf.ed.ac.uk,1,8579
57704466,0.00080,runlisfloo,nfische2,r,08/18/2026,11:48:24,eddie@node1j12.ecdf.ed.ac.uk,1,6363
57704466,0.00080,runlisfloo,nfische2,r,08/18/2026,10:36:28,eddie@node1n09.ecdf.ed.ac.uk,1,6140
57704466,0.00080,runlisfloo,nfische2,r,08/18/2026,10:36:28,eddie@node1k17.ecdf.ed.ac.uk,1,6141
57704466,0.00080,runlisfloo,nfische2,r,08/18/2026,10:40:10,eddie@node1k18.ecdf.ed.ac.uk,1,6146
57704466,0.00080,runlisfloo,nfische2,r,08/18/2026,10:40:10,eddie@node1j13.ecdf.ed.ac.uk,1,6147
57704466,0.00080,runlisfloo,nfische2,r,08/18/2026,10:40:10,eddie@node1k16.ecdf.ed.ac.uk,1,6148
57704466,0.00080,runlisfloo,nfische2,r,08/18/2026,10:37:56,eddie@node1k18.ecdf.ed.ac.uk,1,6145
57704466,0.00080,runlisfloo,nfische2,r,08/18/2026,11:45:54,eddie@node1n05.ecdf.ed.ac.uk,1,6362
57704466,0.00080,runlisfloo,nfische2,r,08/18/2026,10:36:43,eddie@node1k19.ecdf.ed.ac.uk,1,6142
57704466,0.00080,runlisfloo,nfische2,r,08/18/2026,10:36:43,eddie@node1k20.ecdf.ed.ac.uk,1,6143
57704466,0.00080,runlisfloo,nfische2,r,08/18/2026,10:43:09,eddie@node1n01.ecdf.ed.ac.uk,1,6153
57704466,0.00080,runlisfloo,nfische2,r,08/18/2026,10:43:39,eddie@node1n10.ecdf.ed.ac.uk,1,6155
57704466,0.00080,runlisfloo,nfische2,r,08/18/2026,10:40:26,eddie@node1n10.ecdf.ed.ac.uk,1,6149
57704466,0.00080,runlisfloo,nfische2,r,08/18/2026,10:36:58,eddie@node1k17.ecdf.ed.ac.uk,1,6144
57704466,0.00080,runlisfloo,nfische2,r,08/18/2026,10:44:35,eddie@node1k16.ecdf.ed.ac.uk,1,6157
57704466,0.00080,runlisfloo,nfische2,r,08/18/2026,10:40:56,eddie@node1n11.ecdf.ed.ac.uk,1,6150
57704466,0.00080,runlisfloo,nfische2,r,08/18/2026,10:45:05,eddie@node1k11.ecdf.ed.ac.uk,1,6158
57704466,0.00080,runlisfloo,nfische2,r,08/18/2026,10:45:05,eddie@node1k17.ecdf.ed.ac.uk,1,6159
57704466,0.00080,runlisfloo,nfische2,r,08/18/2026,10:44:09,eddie@node1m22.ecdf.ed.ac.uk,1,6156
57704466,0.00080,runlisfloo,nfische2,r,08/18/2026,11:42:09,eddie@node1n12.ecdf.ed.ac.uk,1,6360
57704466,0.00080,runlisfloo,nfische2,r,08/18/2026,10:45:20,eddie@node1n09.ecdf.ed.ac.uk,1,6160
57704466,0.00080,runlisfloo,nfische2,r,08/18/2026,10:41:26,eddie@node1k14.ecdf.ed.ac.uk,1,6151
57704466,0.00080,runlisfloo,nfische2,r,08/18/2026,11:42:25,eddie@node1k11.ecdf.ed.ac.uk,1,6361
57704466,0.00080,runlisfloo,nfische2,r,08/18/2026,10:46:06,eddie@node1k16.ecdf.ed.ac.uk,1,6161
57704466,0.00080,runlisfloo,nfische2,r,08/18/2026,10:42:10,eddie@node1k20.ecdf.ed.ac.uk,1,6152
57704466,0.00080,runlisfloo,nfische2,r,08/18/2026,10:46:21,eddie@node1k19.ecdf.ed.ac.uk,1,6162
57704466,0.00080,runlisfloo,nfische2,r,08/18/2026,10:46:36,eddie@node1k16.ecdf.ed.ac.uk,1,6163
57704466,0.00080,runlisfloo,nfische2,r,08/18/2026,10:46:36,eddie@node1k20.ecdf.ed.ac.uk,1,6164
57704466,0.00080,runlisfloo,nfische2,r,08/18/2026,11:40:10,eddie@node1k16.ecdf.ed.ac.uk,1,6359
57704466,0.00080,runlisfloo,nfische2,r,08/18/2026,10:46:51,eddie@node1k18.ecdf.ed.ac.uk,1,6165
57704466,0.00080,runlisfloo,nfische2,r,08/18/2026,10:46:51,eddie@node1n12.ecdf.ed.ac.uk,1,6166
57704466,0.00080,runlisfloo,nfische2,r,08/18/2026,10:46:51,eddie@node1k16.ecdf.ed.ac.uk,1,6167
57704466,0.00080,runlisfloo,nfische2,r,08/18/2026,11:01:12,eddie@node1n01.ecdf.ed.ac.uk,1,6191
57704466,0.00080,runlisfloo,nfische2,r,08/18/2026,11:01:12,eddie@node1k16.ecdf.ed.ac.uk,1,6192
57704466,0.00080,runlisfloo,nfische2,r,08/18/2026,11:01:12,eddie@node1k10.ecdf.ed.ac.uk,1,6193
57704466,0.00080,runlisfloo,nfische2,r,08/18/2026,10:58:08,eddie@node1j12.ecdf.ed.ac.uk,1,6187
57704466,0.00080,runlisfloo,nfische2,r,08/18/2026,10:58:39,eddie@node1n11.ecdf.ed.ac.uk,1,6188
57704466,0.00080,runlisfloo,nfische2,r,08/18/2026,10:49:02,eddie@node1n12.ecdf.ed.ac.uk,1,6170
57704466,0.00080,runlisfloo,nfische2,r,08/18/2026,10:57:18,eddie@node1j13.ecdf.ed.ac.uk,1,6186
57704466,0.00080,runlisfloo,nfische2,r,08/18/2026,11:01:42,eddie@node1k19.ecdf.ed.ac.uk,1,6196
57704466,0.00080,runlisfloo,nfische2,r,08/18/2026,11:02:14,eddie@node1n07.ecdf.ed.ac.uk,1,6198
57704466,0.00080,runlisfloo,nfische2,r,08/18/2026,10:47:06,eddie@node1j12.ecdf.ed.ac.uk,1,6168
57704466,0.00080,runlisfloo,nfische2,r,08/18/2026,11:00:09,eddie@node1j13.ecdf.ed.ac.uk,1,6189
57704466,0.00080,runlisfloo,nfische2,r,08/18/2026,11:01:57,eddie@node1n03.ecdf.ed.ac.uk,1,6197
57704466,0.00080,runlisfloo,nfische2,r,08/18/2026,11:02:42,eddie@node1k18.ecdf.ed.ac.uk,1,6199
57704466,0.00080,runlisfloo,nfische2,r,08/18/2026,10:50:03,eddie@node1n03.ecdf.ed.ac.uk,1,6171
57704466,0.00080,runlisfloo,nfische2,r,08/18/2026,10:53:03,eddie@node1j12.ecdf.ed.ac.uk,1,6177
57704466,0.00080,runlisfloo,nfische2,r,08/18/2026,11:00:24,eddie@node1s09.ecdf.ed.ac.uk,1,6190
57704466,0.00080,runlisfloo,nfische2,r,08/18/2026,10:47:51,eddie@node1n09.ecdf.ed.ac.uk,1,6169
57704466,0.00080,runlisfloo,nfische2,r,08/18/2026,11:02:57,eddie@node1k13.ecdf.ed.ac.uk,1,6200
57704466,0.00080,runlisfloo,nfische2,r,08/18/2026,11:35:10,eddie@node1k20.ecdf.ed.ac.uk,1,6353
57704466,0.00080,runlisfloo,nfische2,r,08/18/2026,11:35:25,eddie@node1k16.ecdf.ed.ac.uk,1,6354
57704466,0.00080,runlisfloo,nfische2,r,08/18/2026,10:50:33,eddie@node1k19.ecdf.ed.ac.uk,1,6172
57704466,0.00080,runlisfloo,nfische2,r,08/18/2026,11:34:55,eddie@node1n10.ecdf.ed.ac.uk,1,6352
57704466,0.00080,runlisfloo,nfische2,r,08/18/2026,11:35:40,eddie@node1j12.ecdf.ed.ac.uk,1,6355
57704466,0.00079,runlisfloo,nfische2,r,08/18/2026,10:53:18,eddie@node1n03.ecdf.ed.ac.uk,1,6178
57704466,0.00079,runlisfloo,nfische2,r,08/18/2026,10:53:18,eddie@node1k16.ecdf.ed.ac.uk,1,6179
57704466,0.00079,runlisfloo,nfische2,r,08/18/2026,11:36:55,eddie@node1n03.ecdf.ed.ac.uk,1,6356
57704466,0.00079,runlisfloo,nfische2,r,08/18/2026,11:03:12,eddie@node1k19.ecdf.ed.ac.uk,1,6201
57704466,0.00079,runlisfloo,nfische2,r,08/18/2026,11:03:12,eddie@node1k14.ecdf.ed.ac.uk,1,6202
57704466,0.00079,runlisfloo,nfische2,r,08/18/2026,11:37:25,eddie@node1k17.ecdf.ed.ac.uk,1,6357
57704466,0.00079,runlisfloo,nfische2,r,08/18/2026,10:51:48,eddie@node1k17.ecdf.ed.ac.uk,1,6174
57704466,0.00079,runlisfloo,nfische2,r,08/18/2026,11:37:40,eddie@node1k16.ecdf.ed.ac.uk,1,6358
57704466,0.00079,runlisfloo,nfische2,r,08/18/2026,10:50:47,eddie@node1k17.ecdf.ed.ac.uk,1,6173
57704466,0.00079,runlisfloo,nfische2,r,08/18/2026,11:34:10,eddie@node1k10.ecdf.ed.ac.uk,1,6350
57704466,0.00079,runlisfloo,nfische2,r,08/18/2026,11:34:25,eddie@node1n03.ecdf.ed.ac.uk,1,6351
57704466,0.00079,runlisfloo,nfische2,r,08/18/2026,10:52:18,eddie@node1j12.ecdf.ed.ac.uk,1,6175
57704466,0.00079,runlisfloo,nfische2,r,08/18/2026,10:52:18,eddie@node1j12.ecdf.ed.ac.uk,1,6176
57704466,0.00079,runlisfloo,nfische2,r,08/18/2026,11:03:42,eddie@node1n09.ecdf.ed.ac.uk,1,6203
57704466,0.00079,runlisfloo,nfische2,r,08/18/2026,11:03:42,eddie@node1k20.ecdf.ed.ac.uk,1,6204
57704466,0.00079,runlisfloo,nfische2,r,08/18/2026,11:03:43,eddie@node1n09.ecdf.ed.ac.uk,1,6205
57704466,0.00079,runlisfloo,nfische2,r,08/18/2026,11:03:43,eddie@node1n09.ecdf.ed.ac.uk,1,6206
57704466,0.00079,runlisfloo,nfische2,r,08/18/2026,10:53:33,eddie@node1n02.ecdf.ed.ac.uk,1,6180
57704466,0.00079,runlisfloo,nfische2,r,08/18/2026,11:01:27,eddie@node1k16.ecdf.ed.ac.uk,1,6194
57704466,0.00079,runlisfloo,nfische2,r,08/18/2026,11:01:27,eddie@node1k16.ecdf.ed.ac.uk,1,6195
57704466,0.00079,runlisfloo,nfische2,r,08/18/2026,10:53:48,eddie@node1k20.ecdf.ed.ac.uk,1,6181
57704466,0.00079,runlisfloo,nfische2,r,08/18/2026,10:53:48,eddie@node1n11.ecdf.ed.ac.uk,1,6182
57704466,0.00079,runlisfloo,nfische2,r,08/18/2026,11:22:25,eddie@node1k12.ecdf.ed.ac.uk,1,6319
57704466,0.00079,runlisfloo,nfische2,r,08/18/2026,11:22:25,eddie@node1k10.ecdf.ed.ac.uk,1,6320
57704466,0.00079,runlisfloo,nfische2,r,08/18/2026,11:03:57,eddie@node1n10.ecdf.ed.ac.uk,1,6207
57704466,0.00079,runlisfloo,nfische2,r,08/18/2026,11:03:57,eddie@node1j12.ecdf.ed.ac.uk,1,6208
57704466,0.00079,runlisfloo,nfische2,r,08/18/2026,11:03:57,eddie@node1n09.ecdf.ed.ac.uk,1,6209
57704466,0.00079,runlisfloo,nfische2,r,08/18/2026,10:54:03,eddie@node1n11.ecdf.ed.ac.uk,1,6183
57704466,0.00079,runlisfloo,nfische2,r,08/18/2026,11:04:27,eddie@node1k12.ecdf.ed.ac.uk,1,6214
57704466,0.00079,runlisfloo,nfische2,r,08/18/2026,11:04:27,eddie@node1j13.ecdf.ed.ac.uk,1,6215
57704466,0.00079,runlisfloo,nfische2,r,08/18/2026,11:22:55,eddie@node1k10.ecdf.ed.ac.uk,1,6321
57704466,0.00079,runlisfloo,nfische2,r,08/18/2026,10:54:48,eddie@node1n12.ecdf.ed.ac.uk,1,6185
57704466,0.00079,runlisfloo,nfische2,r,08/18/2026,11:23:25,eddie@node1k18.ecdf.ed.ac.uk,1,6322
57704466,0.00079,runlisfloo,nfische2,r,08/18/2026,11:23:25,eddie@node1j12.ecdf.ed.ac.uk,1,6323
57704466,0.00079,runlisfloo,nfische2,r,08/18/2026,10:54:18,eddie@node1k11.ecdf.ed.ac.uk,1,6184
57704466,0.00079,runlisfloo,nfische2,r,08/18/2026,11:23:40,eddie@node1n10.ecdf.ed.ac.uk,1,6324
57704466,0.00079,runlisfloo,nfische2,r,08/18/2026,11:23:40,eddie@node1j12.ecdf.ed.ac.uk,1,6325
57704466,0.00079,runlisfloo,nfische2,r,08/18/2026,11:19:44,eddie@node1k19.ecdf.ed.ac.uk,1,6318
57704466,0.00079,runlisfloo,nfische2,r,08/18/2026,11:04:12,eddie@node1n07.ecdf.ed.ac.uk,1,6210
57704466,0.00079,runlisfloo,nfische2,r,08/18/2026,11:04:12,eddie@node1k11.ecdf.ed.ac.uk,1,6211
57704466,0.00079,runlisfloo,nfische2,r,08/18/2026,11:04:12,eddie@node1j12.ecdf.ed.ac.uk,1,6212
57704466,0.00079,runlisfloo,nfische2,r,08/18/2026,11:04:12,eddie@node1n11.ecdf.ed.ac.uk,1,6213
57704466,0.00079,runlisfloo,nfische2,r,08/18/2026,11:07:12,eddie@node1n08.ecdf.ed.ac.uk,1,6231
57704466,0.00079,runlisfloo,nfische2,r,08/18/2026,11:04:42,eddie@node1n03.ecdf.ed.ac.uk,1,6216
57704466,0.00079,runlisfloo,nfische2,r,08/18/2026,11:07:27,eddie@node1n02.ecdf.ed.ac.uk,1,6232
57704466,0.00079,runlisfloo,nfische2,r,08/18/2026,11:07:27,eddie@node1k13.ecdf.ed.ac.uk,1,6233
57704466,0.00079,runlisfloo,nfische2,r,08/18/2026,11:07:27,eddie@node1j13.ecdf.ed.ac.uk,1,6234
57704466,0.00079,runlisfloo,nfische2,r,08/18/2026,11:07:27,eddie@node1n09.ecdf.ed.ac.uk,1,6235
57704466,0.00079,runlisfloo,nfische2,r,08/18/2026,11:05:12,eddie@node1k18.ecdf.ed.ac.uk,1,6217
57704466,0.00079,runlisfloo,nfische2,r,08/18/2026,11:17:44,eddie@node1n03.ecdf.ed.ac.uk,1,6309
57704466,0.00079,runlisfloo,nfische2,r,08/18/2026,11:17:44,eddie@node1j12.ecdf.ed.ac.uk,1,6310
57704466,0.00079,runlisfloo,nfische2,r,08/18/2026,11:05:27,eddie@node1n03.ecdf.ed.ac.uk,1,6218
57704466,0.00079,runlisfloo,nfische2,r,08/18/2026,11:05:27,eddie@node1k15.ecdf.ed.ac.uk,1,6219
57704466,0.00079,runlisfloo,nfische2,r,08/18/2026,11:05:27,eddie@node1k10.ecdf.ed.ac.uk,1,6220
57704466,0.00079,runlisfloo,nfische2,r,08/18/2026,11:05:27,eddie@node1j12.ecdf.ed.ac.uk,1,6221
57704466,0.00079,runlisfloo,nfische2,r,08/18/2026,11:07:42,eddie@node1n02.ecdf.ed.ac.uk,1,6236
57704466,0.00079,runlisfloo,nfische2,r,08/18/2026,11:07:42,eddie@node1k12.ecdf.ed.ac.uk,1,6237
57704466,0.00079,runlisfloo,nfische2,r,08/18/2026,11:07:42,eddie@node1k11.ecdf.ed.ac.uk,1,6238
57704466,0.00079,runlisfloo,nfische2,r,08/18/2026,11:18:14,eddie@node1k13.ecdf.ed.ac.uk,1,6311
57704466,0.00079,runlisfloo,nfische2,r,08/18/2026,11:18:14,eddie@node1k19.ecdf.ed.ac.uk,1,6312
57704466,0.00079,runlisfloo,nfische2,r,08/18/2026,11:18:14,eddie@node1k18.ecdf.ed.ac.uk,1,6313
57704466,0.00079,runlisfloo,nfische2,r,08/18/2026,11:18:14,eddie@node1j12.ecdf.ed.ac.uk,1,6314
57704466,0.00079,runlisfloo,nfische2,r,08/18/2026,11:07:57,eddie@node1k15.ecdf.ed.ac.uk,1,6239
57704466,0.00079,runlisfloo,nfische2,r,08/18/2026,11:18:29,eddie@node1n01.ecdf.ed.ac.uk,1,6315
57704466,0.00079,runlisfloo,nfische2,r,08/18/2026,11:18:29,eddie@node1n05.ecdf.ed.ac.uk,1,6316
57704466,0.00079,runlisfloo,nfische2,r,08/18/2026,11:05:42,eddie@node1k12.ecdf.ed.ac.uk,1,6222
57704466,0.00079,runlisfloo,nfische2,r,08/18/2026,11:05:42,eddie@node1n12.ecdf.ed.ac.uk,1,6223
57704466,0.00079,runlisfloo,nfische2,r,08/18/2026,11:18:59,eddie@node1n01.ecdf.ed.ac.uk,1,6317
57704466,0.00079,runlisfloo,nfische2,r,08/18/2026,10:15:34,eddie@node1n11.ecdf.ed.ac.uk,1,6093
57704466,0.00079,runlisfloo,nfische2,r,08/18/2026,11:05:57,eddie@node1n11.ecdf.ed.ac.uk,1,6224
57704466,0.00079,runlisfloo,nfische2,r,08/18/2026,11:08:12,eddie@node1k18.ecdf.ed.ac.uk,1,6240
57704466,0.00079,runlisfloo,nfische2,r,08/18/2026,11:08:12,eddie@node1k10.ecdf.ed.ac.uk,1,6241
57704466,0.00079,runlisfloo,nfische2,r,08/18/2026,11:08:12,eddie@node1k10.ecdf.ed.ac.uk,1,6242
57704466,0.00079,runlisfloo,nfische2,r,08/18/2026,11:08:12,eddie@node1n11.ecdf.ed.ac.uk,1,6243
57704466,0.00079,runlisfloo,nfische2,r,08/18/2026,10:15:49,eddie@node1k20.ecdf.ed.ac.uk,1,6094
57704466,0.00079,runlisfloo,nfische2,r,08/18/2026,11:06:12,eddie@node1n07.ecdf.ed.ac.uk,1,6225
57704466,0.00079,runlisfloo,nfische2,r,08/18/2026,11:06:12,eddie@node1n02.ecdf.ed.ac.uk,1,6226
57704466,0.00079,runlisfloo,nfische2,r,08/18/2026,11:09:12,eddie@node1k20.ecdf.ed.ac.uk,1,6252
57704466,0.00079,runlisfloo,nfische2,r,08/18/2026,11:08:27,eddie@node1n01.ecdf.ed.ac.uk,1,6244
57704466,0.00079,runlisfloo,nfische2,r,08/18/2026,11:08:27,eddie@node1k16.ecdf.ed.ac.uk,1,6245
57704466,0.00079,runlisfloo,nfische2,r,08/18/2026,11:08:27,eddie@node1k19.ecdf.ed.ac.uk,1,6246
57704466,0.00079,runlisfloo,nfische2,r,08/18/2026,11:08:27,eddie@node1k10.ecdf.ed.ac.uk,1,6247
57704466,0.00079,runlisfloo,nfische2,r,08/18/2026,11:08:27,eddie@node1n11.ecdf.ed.ac.uk,1,6248
57704466,0.00079,runlisfloo,nfische2,r,08/18/2026,11:09:27,eddie@node1k20.ecdf.ed.ac.uk,1,6253
57704466,0.00079,runlisfloo,nfische2,r,08/18/2026,11:06:27,eddie@node1k10.ecdf.ed.ac.uk,1,6227
57704466,0.00079,runlisfloo,nfische2,r,08/18/2026,11:09:30,eddie@node1n03.ecdf.ed.ac.uk,1,6254
57704466,0.00079,runlisfloo,nfische2,r,08/18/2026,11:09:59,eddie@node1k17.ecdf.ed.ac.uk,1,6255
57704466,0.00079,runlisfloo,nfische2,r,08/18/2026,11:09:59,eddie@node1j12.ecdf.ed.ac.uk,1,6256
57704466,0.00079,runlisfloo,nfische2,r,08/18/2026,11:10:14,eddie@node1n05.ecdf.ed.ac.uk,1,6257
57704466,0.00079,runlisfloo,nfische2,r,08/18/2026,11:10:14,eddie@node1k11.ecdf.ed.ac.uk,1,6258
57704466,0.00079,runlisfloo,nfische2,r,08/18/2026,11:10:14,eddie@node1n12.ecdf.ed.ac.uk,1,6259
57704466,0.00079,runlisfloo,nfische2,r,08/18/2026,11:06:57,eddie@node1n08.ecdf.ed.ac.uk,1,6228
57704466,0.00079,runlisfloo,nfische2,r,08/18/2026,11:06:57,eddie@node1n05.ecdf.ed.ac.uk,1,6229
57704466,0.00079,runlisfloo,nfische2,r,08/18/2026,11:06:57,eddie@node1k10.ecdf.ed.ac.uk,1,6230
57704466,0.00079,runlisfloo,nfische2,r,08/18/2026,10:16:18,eddie@node1k16.ecdf.ed.ac.uk,1,6095
57704466,0.00079,runlisfloo,nfische2,r,08/18/2026,11:10:44,eddie@node1n05.ecdf.ed.ac.uk,1,6263
57704466,0.00079,runlisfloo,nfische2,r,08/18/2026,11:10:44,eddie@node1n11.ecdf.ed.ac.uk,1,6264
57704466,0.00079,runlisfloo,nfische2,r,08/18/2026,11:11:14,eddie@node1k13.ecdf.ed.ac.uk,1,6267
57704466,0.00079,runlisfloo,nfische2,r,08/18/2026,11:11:14,eddie@node1k14.ecdf.ed.ac.uk,1,6268
57704466,0.00079,runlisfloo,nfische2,r,08/18/2026,11:11:14,eddie@node1n09.ecdf.ed.ac.uk,1,6269
57704466,0.00079,runlisfloo,nfische2,r,08/18/2026,11:08:42,eddie@node1k19.ecdf.ed.ac.uk,1,6249
57704466,0.00079,runlisfloo,nfische2,r,08/18/2026,11:08:42,eddie@node1k20.ecdf.ed.ac.uk,1,6250
57704466,0.00079,runlisfloo,nfische2,r,08/18/2026,11:10:29,eddie@node1k13.ecdf.ed.ac.uk,1,6260
57704466,0.00079,runlisfloo,nfische2,r,08/18/2026,11:10:29,eddie@node1k18.ecdf.ed.ac.uk,1,6261
57704466,0.00079,runlisfloo,nfische2,r,08/18/2026,11:10:29,eddie@node1j12.ecdf.ed.ac.uk,1,6262
57704466,0.00079,runlisfloo,nfische2,r,08/18/2026,11:25:25,eddie@node1k17.ecdf.ed.ac.uk,1,6327
57704466,0.00079,runlisfloo,nfische2,r,08/18/2026,11:25:55,eddie@node1n12.ecdf.ed.ac.uk,1,6328
57704466,0.00079,runlisfloo,nfische2,r,08/18/2026,11:08:57,eddie@node1n12.ecdf.ed.ac.uk,1,6251
57704466,0.00079,runlisfloo,nfische2,r,08/18/2026,11:25:10,eddie@node1j12.ecdf.ed.ac.uk,1,6326
57704466,0.00079,runlisfloo,nfische2,r,08/18/2026,11:26:10,eddie@node1k20.ecdf.ed.ac.uk,1,6329
57704466,0.00079,runlisfloo,nfische2,r,08/18/2026,11:11:29,eddie@node1n02.ecdf.ed.ac.uk,1,6270
57704466,0.00079,runlisfloo,nfische2,r,08/18/2026,11:11:29,eddie@node1k16.ecdf.ed.ac.uk,1,6271
57704466,0.00079,runlisfloo,nfische2,r,08/18/2026,11:11:29,eddie@node1k20.ecdf.ed.ac.uk,1,6272
57704466,0.00079,runlisfloo,nfische2,r,08/18/2026,11:11:29,eddie@node1n11.ecdf.ed.ac.uk,1,6273
57704466,0.00079,runlisfloo,nfische2,r,08/18/2026,10:16:48,eddie@node1k15.ecdf.ed.ac.uk,1,6096
57704466,0.00079,runlisfloo,nfische2,r,08/18/2026,11:13:44,eddie@node1n01.ecdf.ed.ac.uk,1,6282
57704466,0.00079,runlisfloo,nfische2,r,08/18/2026,11:12:59,eddie@node1k16.ecdf.ed.ac.uk,1,6279
57704466,0.00079,runlisfloo,nfische2,r,08/18/2026,11:26:25,eddie@node1j12.ecdf.ed.ac.uk,1,6330
57704466,0.00079,runlisfloo,nfische2,r,08/18/2026,11:13:14,eddie@node1n03.ecdf.ed.ac.uk,1,6280
57704466,0.00079,runlisfloo,nfische2,r,08/18/2026,11:13:14,eddie@node1n05.ecdf.ed.ac.uk,1,6281
57704466,0.00079,runlisfloo,nfische2,r,08/18/2026,11:12:14,eddie@node1k10.ecdf.ed.ac.uk,1,6277
57704466,0.00079,runlisfloo,nfische2,r,08/18/2026,10:18:34,eddie@node1n09.ecdf.ed.ac.uk,1,6097
57704466,0.00079,runlisfloo,nfische2,r,08/18/2026,11:12:44,eddie@node1k17.ecdf.ed.ac.uk,1,6278
57704466,0.00079,runlisfloo,nfische2,r,08/18/2026,11:11:44,eddie@node1n12.ecdf.ed.ac.uk,1,6274
57704466,0.00079,runlisfloo,nfische2,r,08/18/2026,11:13:59,eddie@node1j13.ecdf.ed.ac.uk,1,6283
57704466,0.00079,runlisfloo,nfische2,r,08/18/2026,11:14:00,eddie@node1n09.ecdf.ed.ac.uk,1,6284
57704466,0.00079,runlisfloo,nfische2,r,08/18/2026,11:14:00,eddie@node1n11.ecdf.ed.ac.uk,1,6285
57704466,0.00079,runlisfloo,nfische2,r,08/18/2026,11:10:59,eddie@node1k18.ecdf.ed.ac.uk,1,6265
57704466,0.00079,runlisfloo,nfische2,r,08/18/2026,11:10:59,eddie@node1k20.ecdf.ed.ac.uk,1,6266
57704466,0.00079,runlisfloo,nfische2,r,08/18/2026,11:11:59,eddie@node1n06.ecdf.ed.ac.uk,1,6275
57704466,0.00079,runlisfloo,nfische2,r,08/18/2026,11:11:59,eddie@node1n10.ecdf.ed.ac.uk,1,6276
57704466,0.00079,runlisfloo,nfische2,r,08/18/2026,11:14:29,eddie@node1j12.ecdf.ed.ac.uk,1,6288
57704466,0.00079,runlisfloo,nfische2,r,08/18/2026,11:14:44,eddie@node1n06.ecdf.ed.ac.uk,1,6289
57704466,0.00079,runlisfloo,nfische2,r,08/18/2026,11:14:44,eddie@node1k10.ecdf.ed.ac.uk,1,6290
57704466,0.00079,runlisfloo,nfische2,r,08/18/2026,11:14:59,eddie@node1k15.ecdf.ed.ac.uk,1,6291
57704466,0.00079,runlisfloo,nfische2,r,08/18/2026,11:14:59,eddie@node1k11.ecdf.ed.ac.uk,1,6292
57704466,0.00079,runlisfloo,nfische2,r,08/18/2026,11:14:14,eddie@node1k18.ecdf.ed.ac.uk,1,6286
57704466,0.00079,runlisfloo,nfische2,r,08/18/2026,11:14:14,eddie@node1k17.ecdf.ed.ac.uk,1,6287
57704466,0.00079,runlisfloo,nfische2,r,08/18/2026,11:15:14,eddie@node1s09.ecdf.ed.ac.uk,1,6293
57704466,0.00079,runlisfloo,nfische2,r,08/18/2026,11:15:29,eddie@node1n03.ecdf.ed.ac.uk,1,6294
57704466,0.00079,runlisfloo,nfische2,r,08/18/2026,11:15:29,eddie@node1k18.ecdf.ed.ac.uk,1,6295
57704466,0.00079,runlisfloo,nfische2,r,08/18/2026,11:15:29,eddie@node1k11.ecdf.ed.ac.uk,1,6296
57704466,0.00079,runlisfloo,nfische2,r,08/18/2026,11:15:44,eddie@node1n02.ecdf.ed.ac.uk,1,6297
57704466,0.00079,runlisfloo,nfische2,r,08/18/2026,11:15:44,eddie@node1k16.ecdf.ed.ac.uk,1,6298
57704466,0.00079,runlisfloo,nfische2,r,08/18/2026,11:15:44,eddie@node1n12.ecdf.ed.ac.uk,1,6299
57704466,0.00079,runlisfloo,nfische2,r,08/18/2026,11:15:44,eddie@node1k14.ecdf.ed.ac.uk,1,6300
57704466,0.00079,runlisfloo,nfische2,r,08/18/2026,11:15:44,eddie@node1k17.ecdf.ed.ac.uk,1,6301
57704466,0.00079,runlisfloo,nfische2,r,08/18/2026,11:15:59,eddie@node1n10.ecdf.ed.ac.uk,1,6302
57704466,0.00079,runlisfloo,nfische2,r,08/18/2026,11:15:59,eddie@node1n11.ecdf.ed.ac.uk,1,6303
57704466,0.00079,runlisfloo,nfische2,r,08/18/2026,11:32:55,eddie@node1k20.ecdf.ed.ac.uk,1,6349
57704466,0.00079,runlisfloo,nfische2,r,08/18/2026,11:16:29,eddie@node1n10.ecdf.ed.ac.uk,1,6305
57704466,0.00079,runlisfloo,nfische2,r,08/18/2026,11:16:44,eddie@node1n02.ecdf.ed.ac.uk,1,6306
57704466,0.00079,runlisfloo,nfische2,r,08/18/2026,11:16:14,eddie@node1n12.ecdf.ed.ac.uk,1,6304
57704466,0.00079,runlisfloo,nfische2,r,08/18/2026,11:16:59,eddie@node1k19.ecdf.ed.ac.uk,1,6307
57704466,0.00079,runlisfloo,nfische2,r,08/18/2026,11:16:59,eddie@node1k10.ecdf.ed.ac.uk,1,6308
57704466,0.00078,runlisfloo,nfische2,r,08/18/2026,09:29:06,eddie@node1j13.ecdf.ed.ac.uk,1,6058
57704466,0.00078,runlisfloo,nfische2,r,08/18/2026,11:26:40,eddie@node1j13.ecdf.ed.ac.uk,1,6331
57704466,0.00078,runlisfloo,nfische2,r,08/18/2026,11:26:40,eddie@node1k11.ecdf.ed.ac.uk,1,6332
57704466,0.00078,runlisfloo,nfische2,r,08/18/2026,11:26:40,eddie@node1n12.ecdf.ed.ac.uk,1,6333
57704466,0.00078,runlisfloo,nfische2,r,08/18/2026,11:27:10,eddie@node1k20.ecdf.ed.ac.uk,1,6334
57704466,0.00078,runlisfloo,nfische2,r,08/18/2026,11:27:10,eddie@node1k11.ecdf.ed.ac.uk,1,6335
57704466,0.00078,runlisfloo,nfische2,r,08/18/2026,11:27:55,eddie@node1j13.ecdf.ed.ac.uk,1,6336
57704466,0.00078,runlisfloo,nfische2,r,08/18/2026,11:27:55,eddie@node1n11.ecdf.ed.ac.uk,1,6337
57704466,0.00078,runlisfloo,nfische2,r,08/18/2026,11:28:40,eddie@node1k13.ecdf.ed.ac.uk,1,6338
57704466,0.00078,runlisfloo,nfische2,r,08/18/2026,11:28:55,eddie@node1j12.ecdf.ed.ac.uk,1,6339
57704466,0.00078,runlisfloo,nfische2,r,08/18/2026,11:29:10,eddie@node1k14.ecdf.ed.ac.uk,1,6340
57704466,0.00078,runlisfloo,nfische2,r,08/18/2026,11:29:10,eddie@node1j12.ecdf.ed.ac.uk,1,6341
57704466,0.00078,runlisfloo,nfische2,r,08/18/2026,11:30:10,eddie@node1k20.ecdf.ed.ac.uk,1,6343
57704466,0.00078,runlisfloo,nfische2,r,08/18/2026,11:30:25,eddie@node1n07.ecdf.ed.ac.uk,1,6344
57704466,0.00078,runlisfloo,nfische2,r,08/18/2026,11:30:25,eddie@node1k19.ecdf.ed.ac.uk,1,6345
57704466,0.00078,runlisfloo,nfische2,r,08/18/2026,11:29:41,eddie@node1n10.ecdf.ed.ac.uk,1,6342
57704466,0.00078,runlisfloo,nfische2,r,08/18/2026,11:30:40,eddie@node1k16.ecdf.ed.ac.uk,1,6346
57704466,0.00078,runlisfloo,nfische2,r,08/18/2026,11:31:10,eddie@node1k15.ecdf.ed.ac.uk,1,6347
57704466,0.00078,runlisfloo,nfische2,r,08/18/2026,11:31:55,eddie@node1k20.ecdf.ed.ac.uk,1,6348
57704466,0.00078,runlisfloo,nfische2,r,08/18/2026,09:18:41,eddie@node1n01.ecdf.ed.ac.uk,1,6056
57704466,0.00078,runlisfloo,nfische2,r,08/18/2026,09:21:57,eddie@node1j13.ecdf.ed.ac.uk,1,6057
57840146,0.00078,prepro_2nd,smoon,r,08/24/2026,16:55:10,eddie@node1t01.ecdf.ed.ac.uk,2,12
57728307,0.00076,runlisfloo,asiripat,r,08/20/2026,06:22:35,eddie@node1k12.ecdf.ed.ac.uk,1,8573
57728307,0.00075,runlisfloo,asiripat,r,08/20/2026,06:49:20,eddie@node1n05.ecdf.ed.ac.uk,1,8576
57728307,0.00075,runlisfloo,asiripat,r,08/20/2026,06:15:50,eddie@node1m24.ecdf.ed.ac.uk,1,8571
57728307,0.00075,runlisfloo,asiripat,r,08/20/2026,06:15:50,eddie@node1k16.ecdf.ed.ac.uk,1,8572
57728307,0.00075,runlisfloo,asiripat,r,08/20/2026,06:42:35,eddie@node1m22.ecdf.ed.ac.uk,1,8575
57728307,0.00075,runlisfloo,asiripat,r,08/20/2026,06:26:05,eddie@node1m24.ecdf.ed.ac.uk,1,8574
57728307,0.00075,runlisfloo,asiripat,r,08/20/2026,06:03:50,eddie@node1k12.ecdf.ed.ac.uk,1,8569
57728307,0.00075,runlisfloo,asiripat,r,08/20/2026,06:06:35,eddie@node1m24.ecdf.ed.ac.uk,1,8570
57728307,0.00075,runlisfloo,asiripat,r,08/20/2026,05:53:20,eddie@node1n09.ecdf.ed.ac.uk,1,8568
57858369,0.00074,code03_gms,s2285280,r,08/25/2026,14:07:06,eddie@node1k03.ecdf.ed.ac.uk,1,8
57728307,0.00074,runlisfloo,asiripat,r,08/20/2026,05:34:50,eddie@node1m21.ecdf.ed.ac.uk,1,8567
57728307,0.00072,runlisfloo,asiripat,r,08/20/2026,05:18:20,eddie@node1k13.ecdf.ed.ac.uk,1,8566
57728307,0.00072,runlisfloo,asiripat,r,08/20/2026,05:17:20,eddie@node1n05.ecdf.ed.ac.uk,1,8565
57840146,0.00072,prepro_2nd,smoon,r,08/24/2026,16:55:10,eddie@node1t01.ecdf.ed.ac.uk,2,13
57728307,0.00072,runlisfloo,asiripat,r,08/20/2026,05:08:35,eddie@node1k12.ecdf.ed.ac.uk,1,8564
57728307,0.00072,runlisfloo,asiripat,r,08/20/2026,05:04:20,eddie@node1m21.ecdf.ed.ac.uk,1,8562
57728307,0.00072,runlisfloo,asiripat,r,08/20/2026,05:04:20,eddie@node1k19.ecdf.ed.ac.uk,1,8563
57728307,0.00071,runlisfloo,asiripat,r,08/20/2026,04:57:20,eddie@node1m18.ecdf.ed.ac.uk,1,8561
57728307,0.00071,runlisfloo,asiripat,r,08/20/2026,04:56:05,eddie@node1n08.ecdf.ed.ac.uk,1,8560
57728307,0.00070,runlisfloo,asiripat,r,08/20/2026,04:49:05,eddie@node1k12.ecdf.ed.ac.uk,1,8559
57728307,0.00069,runlisfloo,asiripat,r,08/20/2026,07:28:05,eddie@node1m19.ecdf.ed.ac.uk,1,8581
57728307,0.00069,runlisfloo,asiripat,r,08/20/2026,07:41:01,eddie@node1k16.ecdf.ed.ac.uk,1,8583
57728307,0.00069,runlisfloo,asiripat,r,08/20/2026,07:41:16,eddie@node1k18.ecdf.ed.ac.uk,1,8584
57728307,0.00069,runlisfloo,asiripat,r,08/20/2026,07:25:05,eddie@node1m23.ecdf.ed.ac.uk,1,8580
57728307,0.00069,runlisfloo,asiripat,r,08/20/2026,07:01:20,eddie@node1m19.ecdf.ed.ac.uk,1,8577
57728307,0.00069,runlisfloo,asiripat,r,08/20/2026,07:03:20,eddie@node1m23.ecdf.ed.ac.uk,1,8578
57728307,0.00069,runlisfloo,asiripat,r,08/20/2026,04:22:20,eddie@node1m22.ecdf.ed.ac.uk,1,8558
57728307,0.00069,runlisfloo,asiripat,r,08/20/2026,04:18:05,eddie@node1m18.ecdf.ed.ac.uk,1,8557
57704466,0.00068,runlisfloo,nfische2,r,08/18/2026,01:47:47,eddie@node1k17.ecdf.ed.ac.uk,1,6007
57728307,0.00068,runlisfloo,asiripat,r,08/20/2026,04:10:20,eddie@node1k12.ecdf.ed.ac.uk,1,8556
57871066,0.00067,QLOGIN,s2745005,r,08/26/2026,09:11:05,staging@node1f14.ecdf.ed.ac.uk,1
57840146,0.00067,prepro_2nd,smoon,r,08/24/2026,16:55:10,eddie@node1t01.ecdf.ed.ac.uk,2,14
57728307,0.00067,runlisfloo,asiripat,r,08/20/2026,03:57:50,eddie@node1m20.ecdf.ed.ac.uk,1,8554
57728307,0.00067,runlisfloo,asiripat,r,08/20/2026,03:59:35,eddie@node1k12.ecdf.ed.ac.uk,1,8555
57858369,0.00066,code03_gms,s2285280,r,08/25/2026,14:07:06,eddie@node1k03.ecdf.ed.ac.uk,1,9
57704466,0.00066,runlisfloo,nfische2,r,08/18/2026,01:49:17,eddie@node1k18.ecdf.ed.ac.uk,1,6008
57728307,0.00065,runlisfloo,asiripat,r,08/20/2026,03:30:50,eddie@node1m21.ecdf.ed.ac.uk,1,8551
57704466,0.00064,runlisfloo,nfische2,r,08/18/2026,01:49:47,eddie@node1k11.ecdf.ed.ac.uk,1,6009
57728307,0.00064,runlisfloo,asiripat,r,08/20/2026,03:04:50,eddie@node1n12.ecdf.ed.ac.uk,1,8550
57728307,0.00063,runlisfloo,asiripat,r,08/20/2026,03:02:20,eddie@node1m18.ecdf.ed.ac.uk,1,8549
57853486,0.00063,agmc_rs032,s2719123,r,08/25/2026,12:22:56,igmm_long@node1a02.ecdf.ed.ac.,10,1
57704466,0.00063,runlisfloo,nfische2,r,08/18/2026,01:55:32,eddie@node1k20.ecdf.ed.ac.uk,1,6010
57840146,0.00063,prepro_2nd,smoon,r,08/24/2026,16:55:10,eddie@node1t01.ecdf.ed.ac.uk,2,15
57728307,0.00063,runlisfloo,asiripat,r,08/20/2026,02:52:50,eddie@node1m21.ecdf.ed.ac.uk,1,8546
57704466,0.00062,runlisfloo,nfische2,r,08/18/2026,05:59:26,eddie@node1j12.ecdf.ed.ac.uk,1,6052
57728307,0.00062,runlisfloo,asiripat,r,08/20/2026,02:38:35,eddie@node1m23.ecdf.ed.ac.uk,1,8542
57704466,0.00061,runlisfloo,nfische2,r,08/18/2026,01:58:17,eddie@node1k19.ecdf.ed.ac.uk,1,6011
57728307,0.00061,runlisfloo,asiripat,r,08/20/2026,03:33:35,eddie@node1m23.ecdf.ed.ac.uk,1,8552
57728307,0.00061,runlisfloo,asiripat,r,08/20/2026,03:33:50,eddie@node1m23.ecdf.ed.ac.uk,1,8553
57704466,0.00061,runlisfloo,nfische2,r,08/18/2026,06:12:41,eddie@node1n11.ecdf.ed.ac.uk,1,6053
57704466,0.00061,runlisfloo,nfische2,r,08/18/2026,05:42:41,eddie@node1k19.ecdf.ed.ac.uk,1,6051
57728307,0.00061,runlisfloo,asiripat,r,08/20/2026,02:21:05,eddie@node1m22.ecdf.ed.ac.uk,1,8537
57704466,0.00061,runlisfloo,nfische2,r,08/18/2026,02:03:32,eddie@node1k14.ecdf.ed.ac.uk,1,6012
57770554,0.00061,plot_cons_,s2559269,r,08/20/2026,15:11:11,igmm_long@node1b03.ecdf.ed.ac.,12,1
57704466,0.00060,runlisfloo,nfische2,r,08/18/2026,02:06:32,eddie@node1k16.ecdf.ed.ac.uk,1,6013
57858369,0.00060,code03_gms,s2285280,r,08/25/2026,14:07:06,eddie@node1k03.ecdf.ed.ac.uk,1,10
57704466,0.00060,runlisfloo,nfische2,r,08/18/2026,05:19:26,eddie@node1n09.ecdf.ed.ac.uk,1,6049
57728307,0.00059,runlisfloo,asiripat,r,08/20/2026,02:02:20,eddie@node1k12.ecdf.ed.ac.uk,1,8534
57840146,0.00059,prepro_2nd,smoon,r,08/24/2026,16:55:10,eddie@node1t01.ecdf.ed.ac.uk,2,16
57704466,0.00059,runlisfloo,nfische2,r,08/18/2026,02:12:47,eddie@node1k15.ecdf.ed.ac.uk,1,6014
57704466,0.00059,runlisfloo,nfische2,r,08/18/2026,05:15:11,eddie@node1n03.ecdf.ed.ac.uk,1,6048
57728307,0.00059,runlisfloo,asiripat,r,08/20/2026,01:56:20,eddie@node1m20.ecdf.ed.ac.uk,1,8532
57704466,0.00058,runlisfloo,nfische2,r,08/18/2026,02:13:32,eddie@node1k20.ecdf.ed.ac.uk,1,6015
57704466,0.00058,runlisfloo,nfische2,r,08/18/2026,05:22:41,eddie@node1n01.ecdf.ed.ac.uk,1,6050
57704466,0.00058,runlisfloo,nfische2,r,08/18/2026,04:56:41,eddie@node1n12.ecdf.ed.ac.uk,1,6046
57728307,0.00058,runlisfloo,asiripat,r,08/20/2026,01:38:20,eddie@node1k11.ecdf.ed.ac.uk,1,8529
57728307,0.00058,runlisfloo,asiripat,r,08/20/2026,01:34:20,eddie@node1m19.ecdf.ed.ac.uk,1,8527
57704466,0.00058,runlisfloo,nfische2,r,08/18/2026,02:30:17,eddie@node1k19.ecdf.ed.ac.uk,1,6017
57704466,0.00058,runlisfloo,nfische2,r,08/18/2026,04:57:56,eddie@node1k16.ecdf.ed.ac.uk,1,6047
57704466,0.00058,runlisfloo,nfische2,r,08/18/2026,04:31:26,eddie@node1k18.ecdf.ed.ac.uk,1,6039
57704466,0.00058,runlisfloo,nfische2,r,08/18/2026,02:16:02,eddie@node1k18.ecdf.ed.ac.uk,1,6016
57704466,0.00058,runlisfloo,nfische2,r,08/18/2026,02:36:47,eddie@node1k18.ecdf.ed.ac.uk,1,6018
57704466,0.00057,runlisfloo,nfische2,r,08/18/2026,04:26:41,eddie@node1k16.ecdf.ed.ac.uk,1,6038
57704466,0.00057,runlisfloo,nfische2,r,08/18/2026,04:36:41,eddie@node1k16.ecdf.ed.ac.uk,1,6040
57704466,0.00057,runlisfloo,nfische2,r,08/18/2026,03:00:17,eddie@node1j12.ecdf.ed.ac.uk,1,6021
57704466,0.00057,runlisfloo,nfische2,r,08/18/2026,03:19:19,eddie@node1n10.ecdf.ed.ac.uk,1,6024
57704466,0.00057,runlisfloo,nfische2,r,08/18/2026,03:19:19,eddie@node1k11.ecdf.ed.ac.uk,1,6025
57704466,0.00057,runlisfloo,nfische2,r,08/18/2026,04:37:11,eddie@node1k20.ecdf.ed.ac.uk,1,6041
57704466,0.00057,runlisfloo,nfische2,r,08/18/2026,03:07:17,eddie@node1n01.ecdf.ed.ac.uk,1,6022
57704466,0.00057,runlisfloo,nfische2,r,08/18/2026,02:57:47,eddie@node1k17.ecdf.ed.ac.uk,1,6020
57704466,0.00057,runlisfloo,nfische2,r,08/18/2026,04:42:41,eddie@node1k15.ecdf.ed.ac.uk,1,6042
57853487,0.00057,agmc_rs036,s2719123,r,08/25/2026,12:22:56,igmm_long@node1b07.ecdf.ed.ac.,10,1
57853487,0.00057,agmc_rs036,s2719123,r,08/25/2026,12:22:56,igmm_long@node1b06.ecdf.ed.ac.,10,2
57853487,0.00057,agmc_rs036,s2719123,r,08/25/2026,12:22:56,igmm_long@node1a04.ecdf.ed.ac.,10,3
57853487,0.00057,agmc_rs036,s2719123,r,08/25/2026,12:22:56,igmm_long@node1a05.ecdf.ed.ac.,10,4
57853487,0.00057,agmc_rs036,s2719123,r,08/25/2026,12:22:56,igmm_long@node1a02.ecdf.ed.ac.,10,5
57853487,0.00057,agmc_rs036,s2719123,r,08/25/2026,12:22:56,igmm_long@node1c02.ecdf.ed.ac.,10,6
57853487,0.00057,agmc_rs036,s2719123,r,08/25/2026,12:22:56,igmm_long@node1b04.ecdf.ed.ac.,10,7
57853487,0.00057,agmc_rs036,s2719123,r,08/25/2026,12:22:56,igmm_long@node1b03.ecdf.ed.ac.,10,8
57853487,0.00057,agmc_rs036,s2719123,r,08/25/2026,12:22:56,igmm_long@node1a08.ecdf.ed.ac.,10,9
57853487,0.00057,agmc_rs036,s2719123,r,08/25/2026,12:22:56,igmm_long@node1c04.ecdf.ed.ac.,10,10
57853487,0.00057,agmc_rs036,s2719123,r,08/25/2026,12:22:56,igmm_long@node1c06.ecdf.ed.ac.,10,11
57853487,0.00057,agmc_rs036,s2719123,r,08/25/2026,12:22:56,igmm_long@node1b05.ecdf.ed.ac.,10,12
57853487,0.00057,agmc_rs036,s2719123,r,08/25/2026,12:22:57,igmm_long@node1b02.ecdf.ed.ac.,10,13
57853487,0.00057,agmc_rs036,s2719123,r,08/25/2026,12:22:57,igmm_long@node1c08.ecdf.ed.ac.,10,14
57853487,0.00057,agmc_rs036,s2719123,r,08/25/2026,12:22:57,igmm_long@node1c05.ecdf.ed.ac.,10,15
57853487,0.00057,agmc_rs036,s2719123,r,08/25/2026,12:22:57,igmm_long@node1a03.ecdf.ed.ac.,10,16
57853487,0.00057,agmc_rs036,s2719123,r,08/25/2026,12:22:57,igmm_long@node1c01.ecdf.ed.ac.,10,17
57853487,0.00057,agmc_rs036,s2719123,r,08/25/2026,12:22:57,igmm_long@node1c07.ecdf.ed.ac.,10,18
57853487,0.00057,agmc_rs036,s2719123,r,08/25/2026,12:22:57,igmm_long@node1c03.ecdf.ed.ac.,10,19
57853487,0.00057,agmc_rs036,s2719123,r,08/25/2026,12:22:57,igmm_long@node1a01.ecdf.ed.ac.,10,20
57704466,0.00057,runlisfloo,nfische2,r,08/18/2026,04:44:26,eddie@node1k11.ecdf.ed.ac.uk,1,6043
57704466,0.00057,runlisfloo,nfische2,r,08/18/2026,04:17:41,eddie@node1k17.ecdf.ed.ac.uk,1,6037
57704466,0.00057,runlisfloo,nfische2,r,08/18/2026,03:08:47,eddie@node1k16.ecdf.ed.ac.uk,1,6023
57704466,0.00057,runlisfloo,nfische2,r,08/18/2026,04:10:26,eddie@node1k19.ecdf.ed.ac.uk,1,6036
57704466,0.00057,runlisfloo,nfische2,r,08/18/2026,04:46:41,eddie@node1k14.ecdf.ed.ac.uk,1,6045
57704466,0.00057,runlisfloo,nfische2,r,08/18/2026,02:38:47,eddie@node1j12.ecdf.ed.ac.uk,1,6019
57728307,0.00057,runlisfloo,asiripat,r,08/20/2026,01:21:08,eddie@node1m21.ecdf.ed.ac.uk,1,8525
57704466,0.00056,runlisfloo,nfische2,r,08/18/2026,03:20:04,eddie@node1n10.ecdf.ed.ac.uk,1,6026
57704466,0.00056,runlisfloo,nfische2,r,08/18/2026,03:40:49,eddie@node1k16.ecdf.ed.ac.uk,1,6029
57704466,0.00056,runlisfloo,nfische2,r,08/18/2026,03:45:19,eddie@node1k17.ecdf.ed.ac.uk,1,6031
57704466,0.00056,runlisfloo,nfische2,r,08/18/2026,04:03:34,eddie@node1k19.ecdf.ed.ac.uk,1,6035
57704466,0.00056,runlisfloo,nfische2,r,08/18/2026,03:57:49,eddie@node1n10.ecdf.ed.ac.uk,1,6034
57704466,0.00056,runlisfloo,nfische2,r,08/18/2026,03:50:34,eddie@node1k20.ecdf.ed.ac.uk,1,6032
57704466,0.00056,runlisfloo,nfische2,r,08/18/2026,03:43:04,eddie@node1k16.ecdf.ed.ac.uk,1,6030
57704466,0.00056,runlisfloo,nfische2,r,08/18/2026,03:20:34,eddie@node1k19.ecdf.ed.ac.uk,1,6027
57840146,0.00056,prepro_2nd,smoon,r,08/24/2026,16:55:10,eddie@node1t01.ecdf.ed.ac.uk,2,17
57704466,0.00056,runlisfloo,nfische2,r,08/18/2026,03:22:49,eddie@node1k15.ecdf.ed.ac.uk,1,6028
57728307,0.00056,runlisfloo,asiripat,r,08/20/2026,01:11:08,eddie@node1n12.ecdf.ed.ac.uk,1,8523
57704466,0.00056,runlisfloo,nfische2,r,08/18/2026,03:51:49,eddie@node1n11.ecdf.ed.ac.uk,1,6033
57728307,0.00056,runlisfloo,asiripat,r,08/20/2026,01:05:08,eddie@node1m18.ecdf.ed.ac.uk,1,8519
57873750,0.00055,a_r2405_12,wdewulf,r,08/26/2026,11:39:46,eddie@node1m06.ecdf.ed.ac.uk,1,18
57728307,0.00055,runlisfloo,asiripat,r,08/20/2026,00:55:08,eddie@node1m20.ecdf.ed.ac.uk,1,8515
57728307,0.00055,runlisfloo,asiripat,r,08/20/2026,00:52:53,eddie@node1m24.ecdf.ed.ac.uk,1,8513
57728307,0.00054,runlisfloo,asiripat,r,08/20/2026,00:47:23,eddie@node1m20.ecdf.ed.ac.uk,1,8510
57704466,0.00054,runlisfloo,nfische2,r,08/18/2026,06:40:41,eddie@node1n09.ecdf.ed.ac.uk,1,6054
57858369,0.00054,code03_gms,s2285280,r,08/25/2026,14:07:06,eddie@node1j05.ecdf.ed.ac.uk,1,11
57704466,0.00054,runlisfloo,nfische2,r,08/18/2026,06:43:41,eddie@node1j12.ecdf.ed.ac.uk,1,6055
57728307,0.00054,runlisfloo,asiripat,r,08/20/2026,00:38:20,eddie@node1m19.ecdf.ed.ac.uk,1,8507
57728307,0.00054,runlisfloo,asiripat,r,08/20/2026,00:36:27,eddie@node1m20.ecdf.ed.ac.uk,1,8506
57728307,0.00054,runlisfloo,asiripat,r,08/20/2026,01:36:20,eddie@node1m21.ecdf.ed.ac.uk,1,8528
57728307,0.00054,runlisfloo,asiripat,r,08/20/2026,01:49:20,eddie@node1m23.ecdf.ed.ac.uk,1,8530
57728307,0.00054,runlisfloo,asiripat,r,08/20/2026,01:49:50,eddie@node1m24.ecdf.ed.ac.uk,1,8531
57728307,0.00054,runlisfloo,asiripat,r,08/20/2026,00:35:42,eddie@node1m23.ecdf.ed.ac.uk,1,8504
57728307,0.00054,runlisfloo,asiripat,r,08/20/2026,00:33:57,eddie@node1m21.ecdf.ed.ac.uk,1,8503
57728307,0.00053,runlisfloo,asiripat,r,08/20/2026,00:50:23,eddie@node1m21.ecdf.ed.ac.uk,1,8511
57728307,0.00053,runlisfloo,asiripat,r,08/20/2026,00:51:08,eddie@node1m24.ecdf.ed.ac.uk,1,8512
57728307,0.00053,runlisfloo,asiripat,r,08/20/2026,00:32:57,eddie@node1m23.ecdf.ed.ac.uk,1,8502
57728307,0.00053,runlisfloo,asiripat,r,08/20/2026,00:53:53,eddie@node1m19.ecdf.ed.ac.uk,1,8514
57728307,0.00053,runlisfloo,asiripat,r,08/20/2026,00:36:12,eddie@node1n08.ecdf.ed.ac.uk,1,8505
57728307,0.00053,runlisfloo,asiripat,r,08/20/2026,01:00:08,eddie@node1m19.ecdf.ed.ac.uk,1,8517
57728307,0.00053,runlisfloo,asiripat,r,08/20/2026,00:58:08,eddie@node1n02.ecdf.ed.ac.uk,1,8516
57728307,0.00053,runlisfloo,asiripat,r,08/20/2026,00:46:23,eddie@node1m21.ecdf.ed.ac.uk,1,8509
57728307,0.00053,runlisfloo,asiripat,r,08/20/2026,00:42:38,eddie@node1m20.ecdf.ed.ac.uk,1,8508
57728307,0.00053,runlisfloo,asiripat,r,08/20/2026,01:00:38,eddie@node1m19.ecdf.ed.ac.uk,1,8518
57728307,0.00053,runlisfloo,asiripat,r,08/20/2026,01:06:08,eddie@node1k16.ecdf.ed.ac.uk,1,8520
57728307,0.00053,runlisfloo,asiripat,r,08/20/2026,01:06:08,eddie@node1k16.ecdf.ed.ac.uk,1,8521
57728307,0.00053,runlisfloo,asiripat,r,08/20/2026,01:08:23,eddie@node1m20.ecdf.ed.ac.uk,1,8522
57840146,0.00053,prepro_2nd,smoon,r,08/24/2026,16:55:10,eddie@node1t01.ecdf.ed.ac.uk,2,18
57728307,0.00053,runlisfloo,asiripat,r,08/20/2026,01:33:50,eddie@node1m21.ecdf.ed.ac.uk,1,8526
57728307,0.00052,runlisfloo,asiripat,r,08/20/2026,00:14:42,eddie@node1m21.ecdf.ed.ac.uk,1,8496
57728307,0.00052,runlisfloo,asiripat,r,08/20/2026,00:04:42,eddie@node1m23.ecdf.ed.ac.uk,1,8491
57728307,0.00051,runlisfloo,asiripat,r,08/20/2026,02:42:05,eddie@node1m23.ecdf.ed.ac.uk,1,8543
57728307,0.00051,runlisfloo,asiripat,r,08/20/2026,02:48:20,eddie@node1m22.ecdf.ed.ac.uk,1,8545
57728307,0.00051,runlisfloo,asiripat,r,08/20/2026,02:46:50,eddie@node1m20.ecdf.ed.ac.uk,1,8544
57728307,0.00051,runlisfloo,asiripat,r,08/20/2026,02:54:05,eddie@node1n03.ecdf.ed.ac.uk,1,8547
57728307,0.00051,runlisfloo,asiripat,r,08/20/2026,02:54:35,eddie@node1m20.ecdf.ed.ac.uk,1,8548
57728307,0.00051,runlisfloo,asiripat,r,08/20/2026,02:21:20,eddie@node1m19.ecdf.ed.ac.uk,1,8538
57728307,0.00051,runlisfloo,asiripat,r,08/20/2026,02:11:05,eddie@node1m23.ecdf.ed.ac.uk,1,8535
57728307,0.00051,runlisfloo,asiripat,r,08/20/2026,02:18:20,eddie@node1m18.ecdf.ed.ac.uk,1,8536
57728307,0.00051,runlisfloo,asiripat,r,08/20/2026,02:24:20,eddie@node1m18.ecdf.ed.ac.uk,1,8539
57728307,0.00051,runlisfloo,asiripat,r,08/20/2026,02:24:35,eddie@node1m18.ecdf.ed.ac.uk,1,8540
57728307,0.00051,runlisfloo,asiripat,r,08/20/2026,02:29:35,eddie@node1k12.ecdf.ed.ac.uk,1,8541
57728307,0.00051,runlisfloo,asiripat,r,08/20/2026,01:59:35,eddie@node1m21.ecdf.ed.ac.uk,1,8533
57728307,0.00051,runlisfloo,asiripat,r,08/20/2026,01:13:23,eddie@node1m21.ecdf.ed.ac.uk,1,8524
57728307,0.00051,runlisfloo,asiripat,r,08/19/2026,23:51:27,eddie@node1m20.ecdf.ed.ac.uk,1,8484
57728307,0.00051,runlisfloo,asiripat,r,08/19/2026,23:51:27,eddie@node1m18.ecdf.ed.ac.uk,1,8485
57728307,0.00051,runlisfloo,asiripat,r,08/19/2026,23:51:42,eddie@node1m20.ecdf.ed.ac.uk,1,8486
57728307,0.00051,runlisfloo,asiripat,r,08/19/2026,23:56:42,eddie@node1m23.ecdf.ed.ac.uk,1,8487
57728307,0.00051,runlisfloo,asiripat,r,08/19/2026,23:58:27,eddie@node1m21.ecdf.ed.ac.uk,1,8488
57728307,0.00051,runlisfloo,asiripat,r,08/19/2026,23:46:12,eddie@node1m18.ecdf.ed.ac.uk,1,8479
57728307,0.00051,runlisfloo,asiripat,r,08/19/2026,23:46:27,eddie@node1m22.ecdf.ed.ac.uk,1,8480
57728307,0.00051,runlisfloo,asiripat,r,08/19/2026,23:47:57,eddie@node1k19.ecdf.ed.ac.uk,1,8481
57728307,0.00051,runlisfloo,asiripat,r,08/19/2026,23:48:27,eddie@node1k12.ecdf.ed.ac.uk,1,8482
57728307,0.00051,runlisfloo,asiripat,r,08/19/2026,23:48:57,eddie@node1m23.ecdf.ed.ac.uk,1,8483
57728307,0.00051,runlisfloo,asiripat,r,08/19/2026,23:59:27,eddie@node1m20.ecdf.ed.ac.uk,1,8489
57728307,0.00051,runlisfloo,asiripat,r,08/19/2026,23:59:27,eddie@node1m22.ecdf.ed.ac.uk,1,8490
57840146,0.00050,prepro_2nd,smoon,r,08/24/2026,16:55:10,eddie@node1t01.ecdf.ed.ac.uk,2,19
57728307,0.00050,runlisfloo,asiripat,r,08/19/2026,23:38:57,eddie@node1m24.ecdf.ed.ac.uk,1,8473
57728307,0.00050,runlisfloo,asiripat,r,08/19/2026,23:38:57,eddie@node1m18.ecdf.ed.ac.uk,1,8474
57728307,0.00050,runlisfloo,asiripat,r,08/19/2026,23:36:12,eddie@node1m19.ecdf.ed.ac.uk,1,8470
57728307,0.00050,runlisfloo,asiripat,r,08/19/2026,23:36:27,eddie@node1m20.ecdf.ed.ac.uk,1,8471
57728307,0.00050,runlisfloo,asiripat,r,08/19/2026,23:37:42,eddie@node1m23.ecdf.ed.ac.uk,1,8472
57728307,0.00050,runlisfloo,asiripat,r,08/19/2026,23:34:42,eddie@node1m18.ecdf.ed.ac.uk,1,8469
57728307,0.00050,runlisfloo,asiripat,r,08/19/2026,23:40:57,eddie@node1n08.ecdf.ed.ac.uk,1,8475
57728307,0.00050,runlisfloo,asiripat,r,08/19/2026,23:43:00,eddie@node1k16.ecdf.ed.ac.uk,1,8476
57728307,0.00050,runlisfloo,asiripat,r,08/19/2026,23:43:30,eddie@node1m22.ecdf.ed.ac.uk,1,8477
57728307,0.00050,runlisfloo,asiripat,r,08/19/2026,23:44:15,eddie@node1m18.ecdf.ed.ac.uk,1,8478
57728307,0.00050,runlisfloo,asiripat,r,08/20/2026,00:10:27,eddie@node1m21.ecdf.ed.ac.uk,1,8492
57728307,0.00050,runlisfloo,asiripat,r,08/20/2026,00:22:42,eddie@node1m18.ecdf.ed.ac.uk,1,8498
57728307,0.00050,runlisfloo,asiripat,r,08/20/2026,00:10:57,eddie@node1m21.ecdf.ed.ac.uk,1,8493
57728307,0.00050,runlisfloo,asiripat,r,08/20/2026,00:22:57,eddie@node1m20.ecdf.ed.ac.uk,1,8499
57728307,0.00050,runlisfloo,asiripat,r,08/20/2026,00:12:57,eddie@node1m23.ecdf.ed.ac.uk,1,8494
57728307,0.00050,runlisfloo,asiripat,r,08/20/2026,00:12:57,eddie@node1m21.ecdf.ed.ac.uk,1,8495
57728307,0.00050,runlisfloo,asiripat,r,08/20/2026,00:23:57,eddie@node1m18.ecdf.ed.ac.uk,1,8500
57728307,0.00050,runlisfloo,asiripat,r,08/20/2026,00:29:57,eddie@node1m21.ecdf.ed.ac.uk,1,8501
57728307,0.00050,runlisfloo,asiripat,r,08/20/2026,00:15:57,eddie@node1m21.ecdf.ed.ac.uk,1,8497
57873754,0.00050,a_r2405_08,wdewulf,r,08/26/2026,11:39:46,eddie@node1j17.ecdf.ed.ac.uk,1,1
57858369,0.00050,code03_gms,s2285280,r,08/25/2026,14:07:07,eddie@node1j17.ecdf.ed.ac.uk,1,12
57728307,0.00049,runlisfloo,asiripat,r,08/19/2026,23:24:27,eddie@node1m22.ecdf.ed.ac.uk,1,8459
57728307,0.00049,runlisfloo,asiripat,r,08/19/2026,23:24:57,eddie@node1m24.ecdf.ed.ac.uk,1,8460
57728307,0.00049,runlisfloo,asiripat,r,08/19/2026,23:25:12,eddie@node1m20.ecdf.ed.ac.uk,1,8461
57728307,0.00049,runlisfloo,asiripat,r,08/19/2026,23:25:27,eddie@node1m24.ecdf.ed.ac.uk,1,8462
57728307,0.00049,runlisfloo,asiripat,r,08/19/2026,23:27:12,eddie@node1m22.ecdf.ed.ac.uk,1,8463
57728307,0.00049,runlisfloo,asiripat,r,08/19/2026,23:28:27,eddie@node1m21.ecdf.ed.ac.uk,1,8464
57728307,0.00049,runlisfloo,asiripat,r,08/19/2026,23:29:57,eddie@node1m21.ecdf.ed.ac.uk,1,8465
57728307,0.00049,runlisfloo,asiripat,r,08/19/2026,23:30:42,eddie@node1m21.ecdf.ed.ac.uk,1,8466
57728307,0.00049,runlisfloo,asiripat,r,08/19/2026,23:32:42,eddie@node1m20.ecdf.ed.ac.uk,1,8467
57728307,0.00049,runlisfloo,asiripat,r,08/19/2026,23:32:57,eddie@node1m20.ecdf.ed.ac.uk,1,8468
57728307,0.00049,runlisfloo,asiripat,r,08/19/2026,23:21:57,eddie@node1m24.ecdf.ed.ac.uk,1,8457
57728307,0.00049,runlisfloo,asiripat,r,08/19/2026,23:22:57,eddie@node1m18.ecdf.ed.ac.uk,1,8458
57728307,0.00049,runlisfloo,asiripat,r,08/19/2026,23:19:42,eddie@node1m19.ecdf.ed.ac.uk,1,8454
57728307,0.00049,runlisfloo,asiripat,r,08/19/2026,23:19:57,eddie@node1m21.ecdf.ed.ac.uk,1,8455
57728307,0.00049,runlisfloo,asiripat,r,08/19/2026,23:20:12,eddie@node1m19.ecdf.ed.ac.uk,1,8456
57728307,0.00049,runlisfloo,asiripat,r,08/19/2026,23:17:57,eddie@node1m21.ecdf.ed.ac.uk,1,8453
57728307,0.00049,runlisfloo,asiripat,r,08/19/2026,23:15:12,eddie@node1m21.ecdf.ed.ac.uk,1,8451
57728307,0.00049,runlisfloo,asiripat,r,08/19/2026,23:15:42,eddie@node1m22.ecdf.ed.ac.uk,1,8452
57728307,0.00048,runlisfloo,asiripat,r,08/19/2026,23:12:12,eddie@node1m20.ecdf.ed.ac.uk,1,8448
57728307,0.00048,runlisfloo,asiripat,r,08/19/2026,23:12:27,eddie@node1m18.ecdf.ed.ac.uk,1,8449
57728307,0.00048,runlisfloo,asiripat,r,08/19/2026,23:13:42,eddie@node1m19.ecdf.ed.ac.uk,1,8450
57728307,0.00048,runlisfloo,asiripat,r,08/19/2026,23:10:57,eddie@node1m20.ecdf.ed.ac.uk,1,8446
57728307,0.00048,runlisfloo,asiripat,r,08/19/2026,23:10:57,eddie@node1m19.ecdf.ed.ac.uk,1,8447
57728307,0.00048,runlisfloo,asiripat,r,08/19/2026,23:09:23,eddie@node1m19.ecdf.ed.ac.uk,1,8445
57840146,0.00048,prepro_2nd,smoon,r,08/24/2026,16:55:10,eddie@node1t01.ecdf.ed.ac.uk,2,20
57728307,0.00048,runlisfloo,asiripat,r,08/19/2026,23:07:07,eddie@node1m19.ecdf.ed.ac.uk,1,8444
57728307,0.00048,runlisfloo,asiripat,r,08/19/2026,23:05:07,eddie@node1m24.ecdf.ed.ac.uk,1,8443
57728307,0.00048,runlisfloo,asiripat,r,08/19/2026,23:02:52,eddie@node1m20.ecdf.ed.ac.uk,1,8441
57728307,0.00048,runlisfloo,asiripat,r,08/19/2026,23:03:07,eddie@node1m21.ecdf.ed.ac.uk,1,8442
57728307,0.00048,runlisfloo,asiripat,r,08/19/2026,23:01:37,eddie@node1m20.ecdf.ed.ac.uk,1,8440
57728307,0.00048,runlisfloo,asiripat,r,08/19/2026,23:01:22,eddie@node1m20.ecdf.ed.ac.uk,1,8439
57728307,0.00047,runlisfloo,asiripat,r,08/19/2026,22:53:22,eddie@node1m18.ecdf.ed.ac.uk,1,8435
57728307,0.00047,runlisfloo,asiripat,r,08/19/2026,22:54:52,eddie@node1m19.ecdf.ed.ac.uk,1,8436
57728307,0.00047,runlisfloo,asiripat,r,08/19/2026,22:54:52,eddie@node1m23.ecdf.ed.ac.uk,1,8437
57728307,0.00047,runlisfloo,asiripat,r,08/19/2026,22:56:37,eddie@node1m18.ecdf.ed.ac.uk,1,8438
57728307,0.00047,runlisfloo,asiripat,r,08/19/2026,22:52:37,eddie@node1m20.ecdf.ed.ac.uk,1,8434
57728307,0.00047,runlisfloo,asiripat,r,08/19/2026,22:51:07,eddie@node1m23.ecdf.ed.ac.uk,1,8432
57728307,0.00047,runlisfloo,asiripat,r,08/19/2026,22:52:07,eddie@node1n08.ecdf.ed.ac.uk,1,8433
57728307,0.00047,runlisfloo,asiripat,r,08/19/2026,22:48:07,eddie@node1m20.ecdf.ed.ac.uk,1,8429
57728307,0.00047,runlisfloo,asiripat,r,08/19/2026,22:48:37,eddie@node1m19.ecdf.ed.ac.uk,1,8430
57728307,0.00047,runlisfloo,asiripat,r,08/19/2026,22:49:52,eddie@node1n12.ecdf.ed.ac.uk,1,8431
57728307,0.00047,runlisfloo,asiripat,r,08/19/2026,22:47:22,eddie@node1m23.ecdf.ed.ac.uk,1,8428
57728307,0.00047,runlisfloo,asiripat,r,08/19/2026,22:44:52,eddie@node1m23.ecdf.ed.ac.uk,1,8422
57728307,0.00047,runlisfloo,asiripat,r,08/19/2026,22:45:22,eddie@node1m19.ecdf.ed.ac.uk,1,8423
57728307,0.00047,runlisfloo,asiripat,r,08/19/2026,22:45:52,eddie@node1m23.ecdf.ed.ac.uk,1,8424
57728307,0.00047,runlisfloo,asiripat,r,08/19/2026,22:46:22,eddie@node1m19.ecdf.ed.ac.uk,1,8425
57728307,0.00047,runlisfloo,asiripat,r,08/19/2026,22:46:22,eddie@node1m23.ecdf.ed.ac.uk,1,8426
57728307,0.00047,runlisfloo,asiripat,r,08/19/2026,22:46:37,eddie@node1m24.ecdf.ed.ac.uk,1,8427
57728307,0.00047,runlisfloo,asiripat,r,08/19/2026,22:43:22,eddie@node1m21.ecdf.ed.ac.uk,1,8421
57728307,0.00046,runlisfloo,asiripat,r,08/19/2026,22:38:22,eddie@node1m21.ecdf.ed.ac.uk,1,8417
57728307,0.00046,runlisfloo,asiripat,r,08/19/2026,22:38:37,eddie@node1m21.ecdf.ed.ac.uk,1,8418
57840146,0.00046,prepro_2nd,smoon,r,08/24/2026,16:55:10,eddie@node1t01.ecdf.ed.ac.uk,2,21
57728307,0.00046,runlisfloo,asiripat,r,08/19/2026,22:31:37,eddie@node1m22.ecdf.ed.ac.uk,1,8408
57728307,0.00046,runlisfloo,asiripat,r,08/19/2026,22:32:07,eddie@node1m19.ecdf.ed.ac.uk,1,8409
57728307,0.00046,runlisfloo,asiripat,r,08/19/2026,22:32:22,eddie@node1m19.ecdf.ed.ac.uk,1,8410
57728307,0.00046,runlisfloo,asiripat,r,08/19/2026,22:32:52,eddie@node1m23.ecdf.ed.ac.uk,1,8411
57728307,0.00046,runlisfloo,asiripat,r,08/19/2026,22:34:37,eddie@node1m21.ecdf.ed.ac.uk,1,8412
57728307,0.00046,runlisfloo,asiripat,r,08/19/2026,22:35:37,eddie@node1m23.ecdf.ed.ac.uk,1,8413
57728307,0.00046,runlisfloo,asiripat,r,08/19/2026,22:36:37,eddie@node1m21.ecdf.ed.ac.uk,1,8414
57728307,0.00046,runlisfloo,asiripat,r,08/19/2026,22:36:52,eddie@node1m23.ecdf.ed.ac.uk,1,8415
57728307,0.00046,runlisfloo,asiripat,r,08/19/2026,22:37:07,eddie@node1m20.ecdf.ed.ac.uk,1,8416
57728307,0.00046,runlisfloo,asiripat,r,08/19/2026,22:39:07,eddie@node1m22.ecdf.ed.ac.uk,1,8419
57728307,0.00046,runlisfloo,asiripat,r,08/19/2026,22:26:22,eddie@node1m19.ecdf.ed.ac.uk,1,8403
57728307,0.00046,runlisfloo,asiripat,r,08/19/2026,22:26:37,eddie@node1m20.ecdf.ed.ac.uk,1,8404
57728307,0.00046,runlisfloo,asiripat,r,08/19/2026,22:26:37,eddie@node1m22.ecdf.ed.ac.uk,1,8405
57728307,0.00046,runlisfloo,asiripat,r,08/19/2026,22:27:22,eddie@node1n08.ecdf.ed.ac.uk,1,8406
57728307,0.00046,runlisfloo,asiripat,r,08/19/2026,22:29:07,eddie@node1m20.ecdf.ed.ac.uk,1,8407
57728307,0.00045,runlisfloo,asiripat,r,08/19/2026,22:21:37,eddie@node1m19.ecdf.ed.ac.uk,1,8397
57728307,0.00045,runlisfloo,asiripat,r,08/19/2026,22:22:07,eddie@node1m20.ecdf.ed.ac.uk,1,8398
57728307,0.00045,runlisfloo,asiripat,r,08/19/2026,22:23:22,eddie@node1m22.ecdf.ed.ac.uk,1,8399
57728307,0.00045,runlisfloo,asiripat,r,08/19/2026,22:23:52,eddie@node1m22.ecdf.ed.ac.uk,1,8400
57728307,0.00045,runlisfloo,asiripat,r,08/19/2026,22:24:07,eddie@node1m19.ecdf.ed.ac.uk,1,8401
57728307,0.00045,runlisfloo,asiripat,r,08/19/2026,22:24:22,eddie@node1m19.ecdf.ed.ac.uk,1,8402
57728307,0.00045,runlisfloo,asiripat,r,08/19/2026,22:18:52,eddie@node1m23.ecdf.ed.ac.uk,1,8396
57728307,0.00045,runlisfloo,asiripat,r,08/19/2026,22:40:07,eddie@node1m19.ecdf.ed.ac.uk,1,8420
57728307,0.00045,runlisfloo,asiripat,r,08/19/2026,22:14:39,eddie@node1m20.ecdf.ed.ac.uk,1,8391
57728307,0.00045,runlisfloo,asiripat,r,08/19/2026,22:17:32,eddie@node1m24.ecdf.ed.ac.uk,1,8392
57728307,0.00045,runlisfloo,asiripat,r,08/19/2026,22:17:47,eddie@node1m20.ecdf.ed.ac.uk,1,8393
57728307,0.00045,runlisfloo,asiripat,r,08/19/2026,22:17:47,eddie@node1m20.ecdf.ed.ac.uk,1,8394
57728307,0.00045,runlisfloo,asiripat,r,08/19/2026,22:18:17,eddie@node1m19.ecdf.ed.ac.uk,1,8395
57728307,0.00045,runlisfloo,asiripat,r,08/19/2026,22:08:20,eddie@node1m23.ecdf.ed.ac.uk,1,8388
57728307,0.00044,runlisfloo,asiripat,r,08/19/2026,22:10:09,eddie@node1m19.ecdf.ed.ac.uk,1,8389
57728307,0.00044,runlisfloo,asiripat,r,08/19/2026,22:13:09,eddie@node1m21.ecdf.ed.ac.uk,1,8390
57840146,0.00044,prepro_2nd,smoon,r,08/24/2026,16:55:10,eddie@node1t01.ecdf.ed.ac.uk,2,22
57728307,0.00044,runlisfloo,asiripat,r,08/19/2026,22:02:20,eddie@node1m19.ecdf.ed.ac.uk,1,8387
57728307,0.00044,runlisfloo,asiripat,r,08/19/2026,21:56:05,eddie@node1m21.ecdf.ed.ac.uk,1,8380
57728307,0.00044,runlisfloo,asiripat,r,08/19/2026,21:56:35,eddie@node1m21.ecdf.ed.ac.uk,1,8381
57728307,0.00044,runlisfloo,asiripat,r,08/19/2026,21:56:50,eddie@node1m23.ecdf.ed.ac.uk,1,8382
57728307,0.00044,runlisfloo,asiripat,r,08/19/2026,21:57:20,eddie@node1m23.ecdf.ed.ac.uk,1,8383
57728307,0.00044,runlisfloo,asiripat,r,08/19/2026,21:58:50,eddie@node1m20.ecdf.ed.ac.uk,1,8384
57728307,0.00044,runlisfloo,asiripat,r,08/19/2026,22:00:20,eddie@node1m18.ecdf.ed.ac.uk,1,8385
57728307,0.00044,runlisfloo,asiripat,r,08/19/2026,22:01:05,eddie@node1m23.ecdf.ed.ac.uk,1,8386
57728307,0.00044,runlisfloo,asiripat,r,08/19/2026,21:52:35,eddie@node1m21.ecdf.ed.ac.uk,1,8372
57728307,0.00044,runlisfloo,asiripat,r,08/19/2026,21:52:35,eddie@node1m23.ecdf.ed.ac.uk,1,8373
57728307,0.00044,runlisfloo,asiripat,r,08/19/2026,21:52:50,eddie@node1m18.ecdf.ed.ac.uk,1,8374
57728307,0.00044,runlisfloo,asiripat,r,08/19/2026,21:53:20,eddie@node1m24.ecdf.ed.ac.uk,1,8375
57728307,0.00044,runlisfloo,asiripat,r,08/19/2026,21:53:20,eddie@node1m22.ecdf.ed.ac.uk,1,8376
57728307,0.00044,runlisfloo,asiripat,r,08/19/2026,21:53:35,eddie@node1m21.ecdf.ed.ac.uk,1,8377
57728307,0.00044,runlisfloo,asiripat,r,08/19/2026,21:51:50,eddie@node1m22.ecdf.ed.ac.uk,1,8370
57728307,0.00044,runlisfloo,asiripat,r,08/19/2026,21:52:05,eddie@node1m22.ecdf.ed.ac.uk,1,8371
57728307,0.00044,runlisfloo,asiripat,r,08/19/2026,21:53:50,eddie@node1m23.ecdf.ed.ac.uk,1,8378
57728307,0.00044,runlisfloo,asiripat,r,08/19/2026,21:55:05,eddie@node1m24.ecdf.ed.ac.uk,1,8379
57728307,0.00043,runlisfloo,asiripat,r,08/19/2026,21:42:35,eddie@node1m20.ecdf.ed.ac.uk,1,8360
57728307,0.00043,runlisfloo,asiripat,r,08/19/2026,21:43:35,eddie@node1m18.ecdf.ed.ac.uk,1,8361
57728307,0.00043,runlisfloo,asiripat,r,08/19/2026,21:44:05,eddie@node1m22.ecdf.ed.ac.uk,1,8362
57728307,0.00043,runlisfloo,asiripat,r,08/19/2026,21:45:05,eddie@node1m20.ecdf.ed.ac.uk,1,8363
57728307,0.00043,runlisfloo,asiripat,r,08/19/2026,21:45:35,eddie@node1m23.ecdf.ed.ac.uk,1,8364
57728307,0.00043,runlisfloo,asiripat,r,08/19/2026,21:47:50,eddie@node1m19.ecdf.ed.ac.uk,1,8365
57728307,0.00043,runlisfloo,asiripat,r,08/19/2026,21:47:50,eddie@node1m18.ecdf.ed.ac.uk,1,8366
57728307,0.00043,runlisfloo,asiripat,r,08/19/2026,21:48:05,eddie@node1n02.ecdf.ed.ac.uk,1,8367
57728307,0.00043,runlisfloo,asiripat,r,08/19/2026,21:48:20,eddie@node1m24.ecdf.ed.ac.uk,1,8368
57728307,0.00043,runlisfloo,asiripat,r,08/19/2026,21:49:20,eddie@node1m23.ecdf.ed.ac.uk,1,8369
57728307,0.00043,runlisfloo,asiripat,r,08/19/2026,21:39:20,eddie@node1m20.ecdf.ed.ac.uk,1,8359
57728307,0.00043,runlisfloo,asiripat,r,08/19/2026,21:35:50,eddie@node1m19.ecdf.ed.ac.uk,1,8356
57728307,0.00043,runlisfloo,asiripat,r,08/19/2026,21:36:05,eddie@node1m22.ecdf.ed.ac.uk,1,8357
57728307,0.00043,runlisfloo,asiripat,r,08/19/2026,21:37:20,eddie@node1m23.ecdf.ed.ac.uk,1,8358
57728307,0.00043,runlisfloo,asiripat,r,08/19/2026,21:34:50,eddie@node1m22.ecdf.ed.ac.uk,1,8355
57728307,0.00043,runlisfloo,asiripat,r,08/19/2026,21:33:35,eddie@node1m18.ecdf.ed.ac.uk,1,8351
57728307,0.00043,runlisfloo,asiripat,r,08/19/2026,21:33:35,eddie@node1m23.ecdf.ed.ac.uk,1,8352
57728307,0.00043,runlisfloo,asiripat,r,08/19/2026,21:33:50,eddie@node1m19.ecdf.ed.ac.uk,1,8353
57728307,0.00043,runlisfloo,asiripat,r,08/19/2026,21:34:05,eddie@node1m21.ecdf.ed.ac.uk,1,8354
57728307,0.00042,runlisfloo,asiripat,r,08/19/2026,21:32:34,eddie@node1m22.ecdf.ed.ac.uk,1,8350
57728307,0.00042,runlisfloo,asiripat,r,08/19/2026,21:31:49,eddie@node1m20.ecdf.ed.ac.uk,1,8348
57728307,0.00042,runlisfloo,asiripat,r,08/19/2026,21:31:49,eddie@node1m22.ecdf.ed.ac.uk,1,8349
57840146,0.00042,prepro_2nd,smoon,r,08/24/2026,16:55:10,eddie@node1t01.ecdf.ed.ac.uk,2,23
57728307,0.00042,runlisfloo,asiripat,r,08/19/2026,21:28:19,eddie@node1n08.ecdf.ed.ac.uk,1,8345
57728307,0.00042,runlisfloo,asiripat,r,08/19/2026,21:28:19,eddie@node1m24.ecdf.ed.ac.uk,1,8346
57728307,0.00042,runlisfloo,asiripat,r,08/19/2026,21:27:19,eddie@node1m22.ecdf.ed.ac.uk,1,8344
57728307,0.00042,runlisfloo,asiripat,r,08/19/2026,21:28:34,eddie@node1m23.ecdf.ed.ac.uk,1,8347
57728307,0.00042,runlisfloo,asiripat,r,08/19/2026,21:25:04,eddie@node1m18.ecdf.ed.ac.uk,1,8341
57728307,0.00042,runlisfloo,asiripat,r,08/19/2026,21:25:19,eddie@node1m21.ecdf.ed.ac.uk,1,8342
57728307,0.00042,runlisfloo,asiripat,r,08/19/2026,21:25:49,eddie@node1m24.ecdf.ed.ac.uk,1,8343
57728307,0.00042,runlisfloo,asiripat,r,08/19/2026,21:19:19,eddie@node1m19.ecdf.ed.ac.uk,1,8336
57728307,0.00042,runlisfloo,asiripat,r,08/19/2026,21:19:34,eddie@node1m23.ecdf.ed.ac.uk,1,8337
57728307,0.00042,runlisfloo,asiripat,r,08/19/2026,21:20:34,eddie@node1m20.ecdf.ed.ac.uk,1,8338
57728307,0.00042,runlisfloo,asiripat,r,08/19/2026,21:21:19,eddie@node1m19.ecdf.ed.ac.uk,1,8339
57728307,0.00042,runlisfloo,asiripat,r,08/19/2026,21:22:34,eddie@node1m18.ecdf.ed.ac.uk,1,8340
57728307,0.00042,runlisfloo,asiripat,r,08/19/2026,21:18:49,eddie@node1m20.ecdf.ed.ac.uk,1,8335
57728307,0.00041,runlisfloo,asiripat,r,08/19/2026,21:15:19,eddie@node1m20.ecdf.ed.ac.uk,1,8332
57728307,0.00041,runlisfloo,asiripat,r,08/19/2026,21:15:49,eddie@node1m18.ecdf.ed.ac.uk,1,8333
57728307,0.00041,runlisfloo,asiripat,r,08/19/2026,21:16:34,eddie@node1m22.ecdf.ed.ac.uk,1,8334
57728307,0.00041,runlisfloo,asiripat,r,08/19/2026,21:11:26,eddie@node1m21.ecdf.ed.ac.uk,1,8330
57728307,0.00041,runlisfloo,asiripat,r,08/19/2026,21:14:11,eddie@node1m24.ecdf.ed.ac.uk,1,8331
57728307,0.00041,runlisfloo,asiripat,r,08/19/2026,21:08:56,eddie@node1m22.ecdf.ed.ac.uk,1,8327
57728307,0.00041,runlisfloo,asiripat,r,08/19/2026,21:09:56,eddie@node1m21.ecdf.ed.ac.uk,1,8328
57728307,0.00041,runlisfloo,asiripat,r,08/19/2026,21:09:56,eddie@node1m18.ecdf.ed.ac.uk,1,8329
57840146,0.00041,prepro_2nd,smoon,r,08/24/2026,16:55:10,eddie@node1t01.ecdf.ed.ac.uk,2,24
57728307,0.00041,runlisfloo,asiripat,r,08/19/2026,21:06:11,eddie@node1m20.ecdf.ed.ac.uk,1,8325
57728307,0.00041,runlisfloo,asiripat,r,08/19/2026,21:06:11,eddie@node1m19.ecdf.ed.ac.uk,1,8326
57728307,0.00041,runlisfloo,asiripat,r,08/19/2026,21:02:41,eddie@node1m18.ecdf.ed.ac.uk,1,8322
57728307,0.00041,runlisfloo,asiripat,r,08/19/2026,21:02:56,eddie@node1m23.ecdf.ed.ac.uk,1,8323
57728307,0.00041,runlisfloo,asiripat,r,08/19/2026,21:03:11,eddie@node1m19.ecdf.ed.ac.uk,1,8324
57728307,0.00040,runlisfloo,asiripat,r,08/19/2026,21:00:26,eddie@node1m18.ecdf.ed.ac.uk,1,8320
57728307,0.00040,runlisfloo,asiripat,r,08/19/2026,21:01:26,eddie@node1m22.ecdf.ed.ac.uk,1,8321
57728307,0.00040,runlisfloo,asiripat,r,08/19/2026,20:49:51,eddie@node1m24.ecdf.ed.ac.uk,1,8309
57728307,0.00040,runlisfloo,asiripat,r,08/19/2026,20:49:51,eddie@node1m18.ecdf.ed.ac.uk,1,8310
57728307,0.00040,runlisfloo,asiripat,r,08/19/2026,20:58:26,eddie@node1m19.ecdf.ed.ac.uk,1,8318
57728307,0.00040,runlisfloo,asiripat,r,08/19/2026,20:59:11,eddie@node1m22.ecdf.ed.ac.uk,1,8319
57728307,0.00040,runlisfloo,asiripat,r,08/19/2026,20:55:26,eddie@node1m18.ecdf.ed.ac.uk,1,8316
57728307,0.00040,runlisfloo,asiripat,r,08/19/2026,20:55:56,eddie@node1m18.ecdf.ed.ac.uk,1,8317
57728307,0.00040,runlisfloo,asiripat,r,08/19/2026,20:53:06,eddie@node1m18.ecdf.ed.ac.uk,1,8312
57728307,0.00040,runlisfloo,asiripat,r,08/19/2026,20:53:21,eddie@node1m22.ecdf.ed.ac.uk,1,8313
57728307,0.00040,runlisfloo,asiripat,r,08/19/2026,20:54:21,eddie@node1m23.ecdf.ed.ac.uk,1,8314
57728307,0.00040,runlisfloo,asiripat,r,08/19/2026,20:54:21,eddie@node1m18.ecdf.ed.ac.uk,1,8315
57728307,0.00040,runlisfloo,asiripat,r,08/19/2026,20:51:51,eddie@node1m23.ecdf.ed.ac.uk,1,8311
57728307,0.00040,runlisfloo,asiripat,r,08/19/2026,20:44:51,eddie@node1m18.ecdf.ed.ac.uk,1,8308
57728307,0.00039,runlisfloo,asiripat,r,08/19/2026,20:43:06,eddie@node1m20.ecdf.ed.ac.uk,1,8305
57728307,0.00039,runlisfloo,asiripat,r,08/19/2026,20:43:06,eddie@node1m23.ecdf.ed.ac.uk,1,8306
57728307,0.00039,runlisfloo,asiripat,r,08/19/2026,20:44:06,eddie@node1m18.ecdf.ed.ac.uk,1,8307
57728307,0.00039,runlisfloo,asiripat,r,08/19/2026,20:40:22,eddie@node1m18.ecdf.ed.ac.uk,1,8302
57728307,0.00039,runlisfloo,asiripat,r,08/19/2026,20:41:21,eddie@node1m23.ecdf.ed.ac.uk,1,8303
57840146,0.00039,prepro_2nd,smoon,r,08/24/2026,16:55:10,eddie@node1t01.ecdf.ed.ac.uk,2,25
57728307,0.00039,runlisfloo,asiripat,r,08/19/2026,20:41:36,eddie@node1m20.ecdf.ed.ac.uk,1,8304
57728307,0.00039,runlisfloo,asiripat,r,08/19/2026,20:38:51,eddie@node1m23.ecdf.ed.ac.uk,1,8301
57728307,0.00039,runlisfloo,asiripat,r,08/19/2026,20:38:21,eddie@node1m21.ecdf.ed.ac.uk,1,8300
57728307,0.00039,runlisfloo,asiripat,r,08/19/2026,20:37:51,eddie@node1m22.ecdf.ed.ac.uk,1,8299
57728307,0.00039,runlisfloo,asiripat,r,08/19/2026,20:34:51,eddie@node1m19.ecdf.ed.ac.uk,1,8298
57728307,0.00039,runlisfloo,asiripat,r,08/19/2026,20:33:51,eddie@node1m22.ecdf.ed.ac.uk,1,8297
57728307,0.00039,runlisfloo,asiripat,r,08/19/2026,20:33:21,eddie@node1m18.ecdf.ed.ac.uk,1,8296
57728307,0.00039,runlisfloo,asiripat,r,08/19/2026,20:32:06,eddie@node1m20.ecdf.ed.ac.uk,1,8294
57728307,0.00039,runlisfloo,asiripat,r,08/19/2026,20:32:21,eddie@node1m19.ecdf.ed.ac.uk,1,8295
57728307,0.00039,runlisfloo,asiripat,r,08/19/2026,20:31:21,eddie@node1m22.ecdf.ed.ac.uk,1,8293
57728307,0.00039,runlisfloo,asiripat,r,08/19/2026,20:30:21,eddie@node1m24.ecdf.ed.ac.uk,1,8292
57728307,0.00039,runlisfloo,asiripat,r,08/19/2026,20:28:52,eddie@node1m24.ecdf.ed.ac.uk,1,8291
57728307,0.00039,runlisfloo,asiripat,r,08/19/2026,20:28:06,eddie@node1m22.ecdf.ed.ac.uk,1,8290
57728307,0.00039,runlisfloo,asiripat,r,08/19/2026,20:27:36,eddie@node1m18.ecdf.ed.ac.uk,1,8289
57728307,0.00039,runlisfloo,asiripat,r,08/19/2026,20:26:21,eddie@node1k16.ecdf.ed.ac.uk,1,8288
57728307,0.00039,runlisfloo,asiripat,r,08/19/2026,20:25:06,eddie@node1m23.ecdf.ed.ac.uk,1,8287
57728307,0.00039,runlisfloo,asiripat,r,08/19/2026,20:24:21,eddie@node1m20.ecdf.ed.ac.uk,1,8286
57728307,0.00038,runlisfloo,asiripat,r,08/19/2026,20:22:51,eddie@node1m19.ecdf.ed.ac.uk,1,8285
57728307,0.00038,runlisfloo,asiripat,r,08/19/2026,20:21:21,eddie@node1m21.ecdf.ed.ac.uk,1,8284
57728307,0.00038,runlisfloo,asiripat,r,08/19/2026,20:20:37,eddie@node1m18.ecdf.ed.ac.uk,1,8283
57728307,0.00038,runlisfloo,asiripat,r,08/19/2026,20:18:49,eddie@node1m24.ecdf.ed.ac.uk,1,8281
57728307,0.00038,runlisfloo,asiripat,r,08/19/2026,20:19:19,eddie@node1m19.ecdf.ed.ac.uk,1,8282
57728307,0.00038,runlisfloo,asiripat,r,08/19/2026,20:16:48,eddie@node1m24.ecdf.ed.ac.uk,1,8277
57728307,0.00038,runlisfloo,asiripat,r,08/19/2026,20:17:03,eddie@node1m23.ecdf.ed.ac.uk,1,8278
57728307,0.00038,runlisfloo,asiripat,r,08/19/2026,20:17:03,eddie@node1m18.ecdf.ed.ac.uk,1,8279
57728307,0.00038,runlisfloo,asiripat,r,08/19/2026,20:17:33,eddie@node1m24.ecdf.ed.ac.uk,1,8280
57728307,0.00038,runlisfloo,asiripat,r,08/19/2026,20:14:49,eddie@node1m20.ecdf.ed.ac.uk,1,8276
57840146,0.00038,prepro_2nd,smoon,r,08/24/2026,16:55:10,eddie@node1t01.ecdf.ed.ac.uk,2,26
57728307,0.00038,runlisfloo,asiripat,r,08/19/2026,20:12:04,eddie@node1m20.ecdf.ed.ac.uk,1,8275
57728307,0.00038,runlisfloo,asiripat,r,08/19/2026,20:11:19,eddie@node1m21.ecdf.ed.ac.uk,1,8273
57728307,0.00038,runlisfloo,asiripat,r,08/19/2026,20:11:19,eddie@node1m18.ecdf.ed.ac.uk,1,8274
57728307,0.00038,runlisfloo,asiripat,r,08/19/2026,20:10:33,eddie@node1k16.ecdf.ed.ac.uk,1,8271
57728307,0.00038,runlisfloo,asiripat,r,08/19/2026,20:10:48,eddie@node1m18.ecdf.ed.ac.uk,1,8272
57728307,0.00038,runlisfloo,asiripat,r,08/19/2026,20:09:19,eddie@node1m21.ecdf.ed.ac.uk,1,8270
57728307,0.00038,runlisfloo,asiripat,r,08/19/2026,20:08:19,eddie@node1m18.ecdf.ed.ac.uk,1,8269
57728307,0.00037,runlisfloo,asiripat,r,08/19/2026,20:06:45,eddie@node1m21.ecdf.ed.ac.uk,1,8268
57728307,0.00037,runlisfloo,asiripat,r,08/19/2026,20:06:31,eddie@node1m24.ecdf.ed.ac.uk,1,8267
57728307,0.00037,runlisfloo,asiripat,r,08/19/2026,20:02:15,eddie@node1m24.ecdf.ed.ac.uk,1,8266
57728307,0.00037,runlisfloo,asiripat,r,08/19/2026,20:02:01,eddie@node1m19.ecdf.ed.ac.uk,1,8265
57728307,0.00037,runlisfloo,asiripat,r,08/19/2026,20:01:15,eddie@node1m20.ecdf.ed.ac.uk,1,8264
57728307,0.00037,runlisfloo,asiripat,r,08/19/2026,19:58:15,eddie@node1m20.ecdf.ed.ac.uk,1,8263
57728307,0.00037,runlisfloo,asiripat,r,08/19/2026,19:56:15,eddie@node1m18.ecdf.ed.ac.uk,1,8262
57728307,0.00037,runlisfloo,asiripat,r,08/19/2026,19:55:15,eddie@node1m18.ecdf.ed.ac.uk,1,8261
57728307,0.00037,runlisfloo,asiripat,r,08/19/2026,19:53:45,eddie@node1m24.ecdf.ed.ac.uk,1,8260
57840146,0.00037,prepro_2nd,smoon,r,08/24/2026,16:55:10,eddie@node1t01.ecdf.ed.ac.uk,2,27
57840146,0.00037,prepro_2nd,smoon,r,08/24/2026,16:55:10,eddie@node1t01.ecdf.ed.ac.uk,2,28
57840146,0.00037,prepro_2nd,smoon,r,08/24/2026,16:55:10,eddie@node1t01.ecdf.ed.ac.uk,2,29
57840146,0.00037,prepro_2nd,smoon,r,08/24/2026,16:55:10,eddie@node1t01.ecdf.ed.ac.uk,2,30
57840146,0.00037,prepro_2nd,smoon,r,08/24/2026,16:55:10,eddie@node1t01.ecdf.ed.ac.uk,2,31
57840146,0.00037,prepro_2nd,smoon,r,08/24/2026,16:55:10,eddie@node1t01.ecdf.ed.ac.uk,2,32
57840146,0.00037,prepro_2nd,smoon,r,08/24/2026,16:55:10,eddie@node1t01.ecdf.ed.ac.uk,2,33
57840146,0.00037,prepro_2nd,smoon,r,08/24/2026,16:55:10,eddie@node1t01.ecdf.ed.ac.uk,2,34
57840146,0.00037,prepro_2nd,smoon,r,08/24/2026,16:55:10,eddie@node1t01.ecdf.ed.ac.uk,2,35
57840146,0.00037,prepro_2nd,smoon,r,08/24/2026,16:55:10,eddie@node1t01.ecdf.ed.ac.uk,2,36
57840146,0.00037,prepro_2nd,smoon,r,08/24/2026,16:55:10,eddie@node1t01.ecdf.ed.ac.uk,2,37
57840146,0.00037,prepro_2nd,smoon,r,08/24/2026,16:55:10,eddie@node1t01.ecdf.ed.ac.uk,2,38
57840146,0.00037,prepro_2nd,smoon,r,08/24/2026,16:55:10,eddie@node1t01.ecdf.ed.ac.uk,2,39
57840146,0.00037,prepro_2nd,smoon,r,08/24/2026,16:55:11,eddie@node1t01.ecdf.ed.ac.uk,2,40
57840146,0.00037,prepro_2nd,smoon,r,08/24/2026,16:55:11,eddie@node1t01.ecdf.ed.ac.uk,2,41
57840146,0.00037,prepro_2nd,smoon,r,08/24/2026,16:55:11,eddie@node1t01.ecdf.ed.ac.uk,2,42
57840146,0.00037,prepro_2nd,smoon,r,08/24/2026,16:55:11,eddie@node1t01.ecdf.ed.ac.uk,2,43
57840146,0.00037,prepro_2nd,smoon,r,08/24/2026,16:55:11,eddie@node1t01.ecdf.ed.ac.uk,2,44
57840146,0.00037,prepro_2nd,smoon,r,08/24/2026,16:55:11,eddie@node1t01.ecdf.ed.ac.uk,2,45
57840146,0.00037,prepro_2nd,smoon,r,08/24/2026,16:55:11,eddie@node1t01.ecdf.ed.ac.uk,2,46
57840146,0.00037,prepro_2nd,smoon,r,08/24/2026,16:55:11,eddie@node1t01.ecdf.ed.ac.uk,2,47
57840146,0.00037,prepro_2nd,smoon,r,08/24/2026,16:55:11,eddie@node1t01.ecdf.ed.ac.uk,2,48
57840146,0.00037,prepro_2nd,smoon,r,08/24/2026,16:55:11,eddie@node1t01.ecdf.ed.ac.uk,2,49
57840146,0.00037,prepro_2nd,smoon,r,08/24/2026,16:55:11,eddie@node1t01.ecdf.ed.ac.uk,2,50
57728307,0.00037,runlisfloo,asiripat,r,08/19/2026,19:51:30,eddie@node1m22.ecdf.ed.ac.uk,1,8255
57728307,0.00037,runlisfloo,asiripat,r,08/19/2026,19:51:30,eddie@node1m19.ecdf.ed.ac.uk,1,8256
57728307,0.00037,runlisfloo,asiripat,r,08/19/2026,19:52:30,eddie@node1m19.ecdf.ed.ac.uk,1,8259
57728307,0.00037,runlisfloo,asiripat,r,08/19/2026,19:51:01,eddie@node1m21.ecdf.ed.ac.uk,1,8253
57728307,0.00037,runlisfloo,asiripat,r,08/19/2026,19:51:01,eddie@node1m24.ecdf.ed.ac.uk,1,8254
57728307,0.00037,runlisfloo,asiripat,r,08/19/2026,19:52:00,eddie@node1m18.ecdf.ed.ac.uk,1,8258
57728307,0.00037,runlisfloo,asiripat,r,08/19/2026,19:51:45,eddie@node1m21.ecdf.ed.ac.uk,1,8257
57728307,0.00037,runlisfloo,asiripat,r,08/19/2026,19:49:45,eddie@node1m18.ecdf.ed.ac.uk,1,8252
57728307,0.00037,runlisfloo,asiripat,r,08/19/2026,19:49:01,eddie@node1m24.ecdf.ed.ac.uk,1,8251
57728307,0.00036,runlisfloo,asiripat,r,08/19/2026,19:47:30,eddie@node1m23.ecdf.ed.ac.uk,1,8250
57728307,0.00036,runlisfloo,asiripat,r,08/19/2026,19:45:15,eddie@node1m24.ecdf.ed.ac.uk,1,8248
57728307,0.00036,runlisfloo,asiripat,r,08/19/2026,19:45:15,eddie@node1m21.ecdf.ed.ac.uk,1,8249
57728307,0.00036,runlisfloo,asiripat,r,08/19/2026,19:40:15,eddie@node1m23.ecdf.ed.ac.uk,1,8246
57728307,0.00036,runlisfloo,asiripat,r,08/19/2026,19:40:15,eddie@node1m18.ecdf.ed.ac.uk,1,8247
57728307,0.00036,runlisfloo,asiripat,r,08/19/2026,19:38:31,eddie@node1m21.ecdf.ed.ac.uk,1,8245
57728307,0.00036,runlisfloo,asiripat,r,08/19/2026,19:34:00,eddie@node1m21.ecdf.ed.ac.uk,1,8243
57728307,0.00036,runlisfloo,asiripat,r,08/19/2026,19:34:00,eddie@node1m19.ecdf.ed.ac.uk,1,8244
57728307,0.00035,runlisfloo,asiripat,r,08/19/2026,19:31:45,eddie@node1m23.ecdf.ed.ac.uk,1,8242
57728307,0.00035,runlisfloo,asiripat,r,08/19/2026,19:30:31,eddie@node1m20.ecdf.ed.ac.uk,1,8241
57728307,0.00035,runlisfloo,asiripat,r,08/19/2026,19:29:30,eddie@node1m22.ecdf.ed.ac.uk,1,8240
57728307,0.00035,runlisfloo,asiripat,r,08/19/2026,19:26:45,eddie@node1m20.ecdf.ed.ac.uk,1,8239
57728307,0.00035,runlisfloo,asiripat,r,08/19/2026,19:26:00,eddie@node1m23.ecdf.ed.ac.uk,1,8238
57728307,0.00035,runlisfloo,asiripat,r,08/19/2026,19:25:31,eddie@node1m21.ecdf.ed.ac.uk,1,8237
57728307,0.00035,runlisfloo,asiripat,r,08/19/2026,19:25:16,eddie@node1m18.ecdf.ed.ac.uk,1,8236
57728307,0.00035,runlisfloo,asiripat,r,08/19/2026,19:24:15,eddie@node1m23.ecdf.ed.ac.uk,1,8235
57728307,0.00035,runlisfloo,asiripat,r,08/19/2026,19:22:30,eddie@node1m22.ecdf.ed.ac.uk,1,8232
57728307,0.00035,runlisfloo,asiripat,r,08/19/2026,19:22:30,eddie@node1k12.ecdf.ed.ac.uk,1,8233
57728307,0.00035,runlisfloo,asiripat,r,08/19/2026,19:23:00,eddie@node1m21.ecdf.ed.ac.uk,1,8234
57728307,0.00035,runlisfloo,asiripat,r,08/19/2026,19:21:45,eddie@node1m22.ecdf.ed.ac.uk,1,8231
57871565,0.00035,nf-COUNTS_,lplender,r,08/26/2026,09:42:02,eddie@node1q13.ecdf.ed.ac.uk,2
57728307,0.00035,runlisfloo,asiripat,r,08/19/2026,19:18:31,eddie@node1m19.ecdf.ed.ac.uk,1,8229
57728307,0.00035,runlisfloo,asiripat,r,08/19/2026,19:18:15,eddie@node1m20.ecdf.ed.ac.uk,1,8228
57728307,0.00035,runlisfloo,asiripat,r,08/19/2026,19:18:46,eddie@node1m23.ecdf.ed.ac.uk,1,8230
57728307,0.00035,runlisfloo,asiripat,r,08/19/2026,19:17:45,eddie@node1m21.ecdf.ed.ac.uk,1,8227
57871524,0.00035,nf-COUNTS_,lplender,r,08/26/2026,09:39:27,eddie@node1q15.ecdf.ed.ac.uk,2
57871532,0.00035,nf-COUNTS_,lplender,r,08/26/2026,09:39:58,eddie@node1q15.ecdf.ed.ac.uk,2
57728307,0.00035,runlisfloo,asiripat,r,08/19/2026,19:15:00,eddie@node1m20.ecdf.ed.ac.uk,1,8226
57728307,0.00035,runlisfloo,asiripat,r,08/19/2026,19:14:30,eddie@node1m19.ecdf.ed.ac.uk,1,8225
57728307,0.00035,runlisfloo,asiripat,r,08/19/2026,19:13:15,eddie@node1m23.ecdf.ed.ac.uk,1,8224
57728307,0.00034,runlisfloo,asiripat,r,08/19/2026,19:11:42,eddie@node1m18.ecdf.ed.ac.uk,1,8223
57871482,0.00034,nf-COUNTS_,lplender,r,08/26/2026,09:36:41,eddie@node1q13.ecdf.ed.ac.uk,2
57728307,0.00034,runlisfloo,asiripat,r,08/19/2026,19:04:08,eddie@node1m24.ecdf.ed.ac.uk,1,8222
57728307,0.00034,runlisfloo,asiripat,r,08/19/2026,19:02:53,eddie@node1m20.ecdf.ed.ac.uk,1,8221
57728307,0.00034,runlisfloo,asiripat,r,08/19/2026,19:02:38,eddie@node1m22.ecdf.ed.ac.uk,1,8220
57728307,0.00034,runlisfloo,asiripat,r,08/19/2026,19:01:38,eddie@node1n05.ecdf.ed.ac.uk,1,8219
57728307,0.00034,runlisfloo,asiripat,r,08/19/2026,18:59:23,eddie@node1m18.ecdf.ed.ac.uk,1,8218
57728307,0.00034,runlisfloo,asiripat,r,08/19/2026,18:58:53,eddie@node1m24.ecdf.ed.ac.uk,1,8217
57728307,0.00034,runlisfloo,asiripat,r,08/19/2026,18:56:23,eddie@node1m24.ecdf.ed.ac.uk,1,8216
57728307,0.00033,runlisfloo,asiripat,r,08/19/2026,18:53:08,eddie@node1m19.ecdf.ed.ac.uk,1,8215
57728307,0.00033,runlisfloo,asiripat,r,08/19/2026,18:51:08,eddie@node1m24.ecdf.ed.ac.uk,1,8214
57728307,0.00033,runlisfloo,asiripat,r,08/19/2026,18:50:08,eddie@node1m22.ecdf.ed.ac.uk,1,8213
57728307,0.00033,runlisfloo,asiripat,r,08/19/2026,18:49:53,eddie@node1m22.ecdf.ed.ac.uk,1,8212
57728307,0.00033,runlisfloo,asiripat,r,08/19/2026,18:46:23,eddie@node1m18.ecdf.ed.ac.uk,1,8209
57728307,0.00033,runlisfloo,asiripat,r,08/19/2026,18:46:23,eddie@node1m20.ecdf.ed.ac.uk,1,8210
57728307,0.00033,runlisfloo,asiripat,r,08/19/2026,18:46:23,eddie@node1m19.ecdf.ed.ac.uk,1,8211
57728307,0.00033,runlisfloo,asiripat,r,08/19/2026,18:44:54,eddie@node1k12.ecdf.ed.ac.uk,1,8208
57728307,0.00033,runlisfloo,asiripat,r,08/19/2026,18:43:54,eddie@node1m23.ecdf.ed.ac.uk,1,8207
57728307,0.00033,runlisfloo,asiripat,r,08/19/2026,18:43:08,eddie@node1m19.ecdf.ed.ac.uk,1,8206
57728307,0.00033,runlisfloo,asiripat,r,08/19/2026,18:41:39,eddie@node1m20.ecdf.ed.ac.uk,1,8205
57871364,0.00033,nf-COUNTS_,lplender,r,08/26/2026,09:29:21,eddie@node1q12.ecdf.ed.ac.uk,2
57871396,0.00033,nf-COUNTS_,lplender,r,08/26/2026,09:31:17,eddie@node1q02.ecdf.ed.ac.uk,2
57728307,0.00032,runlisfloo,asiripat,r,08/19/2026,18:36:53,eddie@node1m24.ecdf.ed.ac.uk,1,8204
57728307,0.00032,runlisfloo,asiripat,r,08/19/2026,18:36:24,eddie@node1m24.ecdf.ed.ac.uk,1,8203
57728307,0.00032,runlisfloo,asiripat,r,08/19/2026,18:33:53,eddie@node1m18.ecdf.ed.ac.uk,1,8202
57728307,0.00032,runlisfloo,asiripat,r,08/19/2026,18:33:23,eddie@node1m22.ecdf.ed.ac.uk,1,8201
57728307,0.00032,runlisfloo,asiripat,r,08/19/2026,18:31:53,eddie@node1n02.ecdf.ed.ac.uk,1,8200
57728307,0.00032,runlisfloo,asiripat,r,08/19/2026,18:27:53,eddie@node1m19.ecdf.ed.ac.uk,1,8199
57728307,0.00032,runlisfloo,asiripat,r,08/19/2026,18:27:23,eddie@node1m23.ecdf.ed.ac.uk,1,8198
57728307,0.00031,runlisfloo,asiripat,r,08/19/2026,18:21:08,eddie@node1m22.ecdf.ed.ac.uk,1,8197
57728307,0.00031,runlisfloo,asiripat,r,08/19/2026,18:18:53,eddie@node1m22.ecdf.ed.ac.uk,1,8196
57728307,0.00031,runlisfloo,asiripat,r,08/19/2026,18:12:38,eddie@node1m24.ecdf.ed.ac.uk,1,8195
57728307,0.00031,runlisfloo,asiripat,r,08/19/2026,18:10:23,eddie@node1m19.ecdf.ed.ac.uk,1,8193
57728307,0.00031,runlisfloo,asiripat,r,08/19/2026,18:10:38,eddie@node1m19.ecdf.ed.ac.uk,1,8194
57728307,0.00030,runlisfloo,asiripat,r,08/19/2026,18:02:53,eddie@node1m22.ecdf.ed.ac.uk,1,8192
57728307,0.00030,runlisfloo,asiripat,r,08/19/2026,18:02:23,eddie@node1m24.ecdf.ed.ac.uk,1,8191
57728307,0.00030,runlisfloo,asiripat,r,08/19/2026,17:59:01,eddie@node1m19.ecdf.ed.ac.uk,1,8188
57728307,0.00030,runlisfloo,asiripat,r,08/19/2026,17:59:16,eddie@node1m22.ecdf.ed.ac.uk,1,8189
57728307,0.00030,runlisfloo,asiripat,r,08/19/2026,17:59:31,eddie@node1m23.ecdf.ed.ac.uk,1,8190
57728307,0.00029,runlisfloo,asiripat,r,08/19/2026,17:53:46,eddie@node1m21.ecdf.ed.ac.uk,1,8187
57728307,0.00029,runlisfloo,asiripat,r,08/19/2026,17:50:28,eddie@node1m21.ecdf.ed.ac.uk,1,8185
57728307,0.00029,runlisfloo,asiripat,r,08/19/2026,17:50:43,eddie@node1m21.ecdf.ed.ac.uk,1,8186
57728307,0.00028,runlisfloo,asiripat,r,08/19/2026,17:43:58,eddie@node1m24.ecdf.ed.ac.uk,1,8182
57728307,0.00028,runlisfloo,asiripat,r,08/19/2026,17:43:58,eddie@node1m22.ecdf.ed.ac.uk,1,8183
57728307,0.00028,runlisfloo,asiripat,r,08/19/2026,17:43:58,eddie@node1m22.ecdf.ed.ac.uk,1,8184
57728307,0.00028,runlisfloo,asiripat,r,08/19/2026,17:41:14,eddie@node1m23.ecdf.ed.ac.uk,1,8181
57728307,0.00028,runlisfloo,asiripat,r,08/19/2026,17:37:50,eddie@node1m24.ecdf.ed.ac.uk,1,8180
57728307,0.00028,runlisfloo,asiripat,r,08/19/2026,17:36:58,eddie@node1m24.ecdf.ed.ac.uk,1,8179
57873757,0.00028,a_r2405_03,wdewulf,r,08/26/2026,11:39:49,eddie@node1j03.ecdf.ed.ac.uk,1,1
57873757,0.00028,a_r2405_03,wdewulf,r,08/26/2026,11:39:49,eddie@node1j07.ecdf.ed.ac.uk,1,2
57873757,0.00028,a_r2405_03,wdewulf,r,08/26/2026,11:39:49,eddie@node1j05.ecdf.ed.ac.uk,1,3
57873757,0.00028,a_r2405_03,wdewulf,r,08/26/2026,11:39:49,eddie@node1l09.ecdf.ed.ac.uk,1,4
57873757,0.00028,a_r2405_03,wdewulf,r,08/26/2026,11:39:49,eddie@node1m10.ecdf.ed.ac.uk,1,5
57873757,0.00028,a_r2405_03,wdewulf,r,08/26/2026,11:39:49,eddie@node1j03.ecdf.ed.ac.uk,1,7
57873757,0.00028,a_r2405_03,wdewulf,r,08/26/2026,11:39:49,eddie@node1j07.ecdf.ed.ac.uk,1,8
57873757,0.00028,a_r2405_03,wdewulf,r,08/26/2026,11:39:49,eddie@node1j09.ecdf.ed.ac.uk,1,9
57873757,0.00028,a_r2405_03,wdewulf,r,08/26/2026,11:39:49,eddie@node1j05.ecdf.ed.ac.uk,1,10
57873757,0.00028,a_r2405_03,wdewulf,r,08/26/2026,11:39:49,eddie@node1l09.ecdf.ed.ac.uk,1,11
57873757,0.00028,a_r2405_03,wdewulf,r,08/26/2026,11:39:49,eddie@node1k02.ecdf.ed.ac.uk,1,12
57873757,0.00028,a_r2405_03,wdewulf,r,08/26/2026,11:39:49,eddie@node1m10.ecdf.ed.ac.uk,1,13
57873757,0.00028,a_r2405_03,wdewulf,r,08/26/2026,11:39:49,eddie@node1l01.ecdf.ed.ac.uk,1,14
57873757,0.00028,a_r2405_03,wdewulf,r,08/26/2026,11:39:49,eddie@node1j01.ecdf.ed.ac.uk,1,15
57873757,0.00028,a_r2405_03,wdewulf,r,08/26/2026,11:39:49,eddie@node1j03.ecdf.ed.ac.uk,1,17
57873757,0.00028,a_r2405_03,wdewulf,r,08/26/2026,11:39:49,eddie@node1k06.ecdf.ed.ac.uk,1,18
57873757,0.00028,a_r2405_03,wdewulf,r,08/26/2026,11:39:49,eddie@node1j07.ecdf.ed.ac.uk,1,19
57873757,0.00028,a_r2405_03,wdewulf,r,08/26/2026,11:39:49,eddie@node1j09.ecdf.ed.ac.uk,1,20
57873757,0.00028,a_r2405_03,wdewulf,r,08/26/2026,11:39:49,eddie@node1l20.ecdf.ed.ac.uk,1,22
57873757,0.00028,a_r2405_03,wdewulf,r,08/26/2026,11:39:49,eddie@node1l09.ecdf.ed.ac.uk,1,23
57873757,0.00028,a_r2405_03,wdewulf,r,08/26/2026,11:39:49,eddie@node1k02.ecdf.ed.ac.uk,1,24
57873757,0.00028,a_r2405_03,wdewulf,r,08/26/2026,11:39:49,eddie@node1m10.ecdf.ed.ac.uk,1,25
57873757,0.00028,a_r2405_03,wdewulf,r,08/26/2026,11:39:49,eddie@node1m07.ecdf.ed.ac.uk,1,26
57873757,0.00028,a_r2405_03,wdewulf,r,08/26/2026,11:39:49,eddie@node1l01.ecdf.ed.ac.uk,1,27
57873757,0.00028,a_r2405_03,wdewulf,r,08/26/2026,11:39:49,eddie@node1j03.ecdf.ed.ac.uk,1,30
57873757,0.00028,a_r2405_03,wdewulf,r,08/26/2026,11:39:49,eddie@node1j07.ecdf.ed.ac.uk,1,32
57873757,0.00028,a_r2405_03,wdewulf,r,08/26/2026,11:39:49,eddie@node1j09.ecdf.ed.ac.uk,1,34
57873757,0.00028,a_r2405_03,wdewulf,r,08/26/2026,11:39:49,eddie@node1l20.ecdf.ed.ac.uk,1,35
57873757,0.00028,a_r2405_03,wdewulf,r,08/26/2026,11:39:49,eddie@node1l09.ecdf.ed.ac.uk,1,36
57873757,0.00028,a_r2405_03,wdewulf,r,08/26/2026,11:39:49,eddie@node1k02.ecdf.ed.ac.uk,1,37
57873757,0.00028,a_r2405_03,wdewulf,r,08/26/2026,11:39:49,eddie@node1m10.ecdf.ed.ac.uk,1,38
57873757,0.00028,a_r2405_03,wdewulf,r,08/26/2026,11:39:49,eddie@node1m07.ecdf.ed.ac.uk,1,39
57873759,0.00028,a_r2405_17,wdewulf,r,08/26/2026,11:39:49,eddie@node1l01.ecdf.ed.ac.uk,1,1
57873759,0.00028,a_r2405_17,wdewulf,r,08/26/2026,11:39:49,eddie@node1k06.ecdf.ed.ac.uk,1,4
57873759,0.00028,a_r2405_17,wdewulf,r,08/26/2026,11:39:49,eddie@node1j07.ecdf.ed.ac.uk,1,5
57873759,0.00028,a_r2405_17,wdewulf,r,08/26/2026,11:39:49,eddie@node1j11.ecdf.ed.ac.uk,1,6
57873761,0.00028,a_r2405_19,wdewulf,r,08/26/2026,11:39:49,eddie@node1j09.ecdf.ed.ac.uk,1,1
57873761,0.00028,a_r2405_19,wdewulf,r,08/26/2026,11:39:49,eddie@node1l20.ecdf.ed.ac.uk,1,2
57873761,0.00028,a_r2405_19,wdewulf,r,08/26/2026,11:39:49,eddie@node1l09.ecdf.ed.ac.uk,1,3
57873761,0.00028,a_r2405_19,wdewulf,r,08/26/2026,11:39:49,eddie@node1k02.ecdf.ed.ac.uk,1,4
57873761,0.00028,a_r2405_19,wdewulf,r,08/26/2026,11:39:49,eddie@node1m10.ecdf.ed.ac.uk,1,6
57873761,0.00028,a_r2405_19,wdewulf,r,08/26/2026,11:39:49,eddie@node1m07.ecdf.ed.ac.uk,1,7
57873761,0.00028,a_r2405_19,wdewulf,r,08/26/2026,11:39:49,eddie@node1l01.ecdf.ed.ac.uk,1,8
57873761,0.00028,a_r2405_19,wdewulf,r,08/26/2026,11:39:49,eddie@node1j01.ecdf.ed.ac.uk,1,9
57873763,0.00028,a_r2405_01,wdewulf,r,08/26/2026,11:39:49,eddie@node1k06.ecdf.ed.ac.uk,1,1
57873763,0.00028,a_r2405_01,wdewulf,r,08/26/2026,11:39:49,eddie@node1j07.ecdf.ed.ac.uk,1,2
57873763,0.00028,a_r2405_01,wdewulf,r,08/26/2026,11:39:49,eddie@node1j11.ecdf.ed.ac.uk,1,3
57873763,0.00028,a_r2405_01,wdewulf,r,08/26/2026,11:39:49,eddie@node1j09.ecdf.ed.ac.uk,1,4
57873763,0.00028,a_r2405_01,wdewulf,r,08/26/2026,11:39:49,eddie@node1l20.ecdf.ed.ac.uk,1,5
57873763,0.00028,a_r2405_01,wdewulf,r,08/26/2026,11:39:49,eddie@node1l09.ecdf.ed.ac.uk,1,6
57873763,0.00028,a_r2405_01,wdewulf,r,08/26/2026,11:39:49,eddie@node1k02.ecdf.ed.ac.uk,1,7
57873763,0.00028,a_r2405_01,wdewulf,r,08/26/2026,11:39:49,eddie@node1m05.ecdf.ed.ac.uk,1,8
57873763,0.00028,a_r2405_01,wdewulf,r,08/26/2026,11:39:49,eddie@node1m10.ecdf.ed.ac.uk,1,9
57873763,0.00028,a_r2405_01,wdewulf,r,08/26/2026,11:39:49,eddie@node1m07.ecdf.ed.ac.uk,1,10
57873763,0.00028,a_r2405_01,wdewulf,r,08/26/2026,11:39:49,eddie@node1l01.ecdf.ed.ac.uk,1,11
57873763,0.00028,a_r2405_01,wdewulf,r,08/26/2026,11:39:49,eddie@node1k06.ecdf.ed.ac.uk,1,13
57873763,0.00028,a_r2405_01,wdewulf,r,08/26/2026,11:39:49,eddie@node1j07.ecdf.ed.ac.uk,1,14
57873763,0.00028,a_r2405_01,wdewulf,r,08/26/2026,11:39:49,eddie@node1j09.ecdf.ed.ac.uk,1,16
57873763,0.00028,a_r2405_01,wdewulf,r,08/26/2026,11:39:49,eddie@node1l20.ecdf.ed.ac.uk,1,17
57873763,0.00028,a_r2405_01,wdewulf,r,08/26/2026,11:39:49,eddie@node1l09.ecdf.ed.ac.uk,1,18
57873763,0.00028,a_r2405_01,wdewulf,r,08/26/2026,11:39:49,eddie@node1k02.ecdf.ed.ac.uk,1,19
57873763,0.00028,a_r2405_01,wdewulf,r,08/26/2026,11:39:49,eddie@node1m10.ecdf.ed.ac.uk,1,21
57873763,0.00028,a_r2405_01,wdewulf,r,08/26/2026,11:39:49,eddie@node1m07.ecdf.ed.ac.uk,1,22
57873763,0.00028,a_r2405_01,wdewulf,r,08/26/2026,11:39:49,eddie@node1l01.ecdf.ed.ac.uk,1,23
57873763,0.00028,a_r2405_01,wdewulf,r,08/26/2026,11:39:49,eddie@node1k09.ecdf.ed.ac.uk,1,24
57728307,0.00027,runlisfloo,asiripat,r,08/19/2026,17:19:28,eddie@node1m22.ecdf.ed.ac.uk,1,8178
57728307,0.00026,runlisfloo,asiripat,r,08/19/2026,17:06:52,eddie@node1m24.ecdf.ed.ac.uk,1,8177
57728307,0.00026,runlisfloo,asiripat,r,08/19/2026,17:05:28,eddie@node1m18.ecdf.ed.ac.uk,1,8176
57728307,0.00026,runlisfloo,asiripat,r,08/19/2026,17:01:28,eddie@node1k19.ecdf.ed.ac.uk,1,8175
57728307,0.00026,runlisfloo,asiripat,r,08/19/2026,16:59:28,eddie@node1m24.ecdf.ed.ac.uk,1,8174
57728307,0.00025,runlisfloo,asiripat,r,08/19/2026,16:49:15,eddie@node1m22.ecdf.ed.ac.uk,1,8173
57728307,0.00025,runlisfloo,asiripat,r,08/19/2026,16:45:30,eddie@node1m22.ecdf.ed.ac.uk,1,8172
57728307,0.00025,runlisfloo,asiripat,r,08/19/2026,16:41:21,eddie@node1m24.ecdf.ed.ac.uk,1,8170
57728307,0.00025,runlisfloo,asiripat,r,08/19/2026,16:41:50,eddie@node1m22.ecdf.ed.ac.uk,1,8171
57728307,0.00024,runlisfloo,asiripat,r,08/19/2026,16:33:58,eddie@node1m24.ecdf.ed.ac.uk,1,8169
57728307,0.00023,runlisfloo,asiripat,r,08/19/2026,16:24:04,eddie@node1m24.ecdf.ed.ac.uk,1,8168
57728307,0.00023,runlisfloo,asiripat,r,08/19/2026,16:21:32,eddie@node1m24.ecdf.ed.ac.uk,1,8167
57728307,0.00022,runlisfloo,asiripat,r,08/19/2026,15:58:37,eddie@node1m22.ecdf.ed.ac.uk,1,8166
57728307,0.00022,runlisfloo,asiripat,r,08/19/2026,15:57:37,eddie@node1m22.ecdf.ed.ac.uk,1,8165
57728307,0.00022,runlisfloo,asiripat,r,08/19/2026,15:56:37,eddie@node1m22.ecdf.ed.ac.uk,1,8164
57728307,0.00021,runlisfloo,asiripat,r,08/19/2026,15:47:54,eddie@node1m19.ecdf.ed.ac.uk,1,8163
57728307,0.00021,runlisfloo,asiripat,r,08/19/2026,15:46:16,eddie@node1m22.ecdf.ed.ac.uk,1,8162
57728307,0.00021,runlisfloo,asiripat,r,08/19/2026,15:43:27,eddie@node1m24.ecdf.ed.ac.uk,1,8161
57728307,0.00019,runlisfloo,asiripat,r,08/19/2026,15:16:35,eddie@node1m24.ecdf.ed.ac.uk,1,8160
57728307,0.00019,runlisfloo,asiripat,r,08/19/2026,15:14:06,eddie@node1k12.ecdf.ed.ac.uk,1,8159
57728307,0.00018,runlisfloo,asiripat,r,08/19/2026,14:48:06,eddie@node1k17.ecdf.ed.ac.uk,1,8158
57728307,0.00017,runlisfloo,asiripat,r,08/19/2026,14:44:20,eddie@node1m24.ecdf.ed.ac.uk,1,8157
57728307,0.00017,runlisfloo,asiripat,r,08/19/2026,14:40:42,eddie@node1m24.ecdf.ed.ac.uk,1,8156
57728307,0.00017,runlisfloo,asiripat,r,08/19/2026,14:36:42,eddie@node1k15.ecdf.ed.ac.uk,1,8155
57728307,0.00016,runlisfloo,asiripat,r,08/19/2026,14:18:16,eddie@node1n12.ecdf.ed.ac.uk,1,8154
57728307,0.00016,runlisfloo,asiripat,r,08/19/2026,14:13:05,eddie@node1k15.ecdf.ed.ac.uk,1,8153
57728307,0.00015,runlisfloo,asiripat,r,08/19/2026,14:07:35,eddie@node1k13.ecdf.ed.ac.uk,1,8152
57728307,0.00015,runlisfloo,asiripat,r,08/19/2026,13:58:49,eddie@node1m24.ecdf.ed.ac.uk,1,8151
57728307,0.00014,runlisfloo,asiripat,r,08/19/2026,13:43:58,eddie@node1n09.ecdf.ed.ac.uk,1,8150
57728307,0.00013,runlisfloo,asiripat,r,08/19/2026,13:40:28,eddie@node1k10.ecdf.ed.ac.uk,1,8149
57728307,0.00013,runlisfloo,asiripat,r,08/19/2026,13:37:27,eddie@node1n03.ecdf.ed.ac.uk,1,8148
57728307,0.00012,runlisfloo,asiripat,r,08/19/2026,13:20:03,eddie@node1m24.ecdf.ed.ac.uk,1,8147
57728307,0.00012,runlisfloo,asiripat,r,08/19/2026,13:13:59,eddie@node1k11.ecdf.ed.ac.uk,1,8146
57728307,0.00012,runlisfloo,asiripat,r,08/19/2026,13:09:59,eddie@node1n03.ecdf.ed.ac.uk,1,8145
57728307,0.00011,runlisfloo,asiripat,r,08/19/2026,12:52:12,eddie@node1n10.ecdf.ed.ac.uk,1,8144
57728307,0.00010,runlisfloo,asiripat,r,08/19/2026,12:47:23,eddie@node1m24.ecdf.ed.ac.uk,1,8140
57728307,0.00010,runlisfloo,asiripat,r,08/19/2026,12:49:56,eddie@node1n03.ecdf.ed.ac.uk,1,8141
57728307,0.00010,runlisfloo,asiripat,r,08/19/2026,12:45:23,eddie@node1s09.ecdf.ed.ac.uk,1,8139
57728307,0.00010,runlisfloo,asiripat,r,08/19/2026,11:37:12,eddie@node1j13.ecdf.ed.ac.uk,1,8082
57728307,0.00010,runlisfloo,asiripat,r,08/19/2026,11:43:57,eddie@node1k14.ecdf.ed.ac.uk,1,8088
57728307,0.00010,runlisfloo,asiripat,r,08/19/2026,12:40:08,eddie@node1k18.ecdf.ed.ac.uk,1,8138
57728307,0.00010,runlisfloo,asiripat,r,08/19/2026,11:45:57,eddie@node1n10.ecdf.ed.ac.uk,1,8089
57728307,0.00010,runlisfloo,asiripat,r,08/19/2026,11:45:57,eddie@node1j13.ecdf.ed.ac.uk,1,8090
57728307,0.00010,runlisfloo,asiripat,r,08/19/2026,11:37:27,eddie@node1n09.ecdf.ed.ac.uk,1,8083
57728307,0.00010,runlisfloo,asiripat,r,08/19/2026,11:46:12,eddie@node1n12.ecdf.ed.ac.uk,1,8091
57728307,0.00010,runlisfloo,asiripat,r,08/19/2026,11:46:42,eddie@node1k13.ecdf.ed.ac.uk,1,8092
57728307,0.00010,runlisfloo,asiripat,r,08/19/2026,11:46:42,eddie@node1k14.ecdf.ed.ac.uk,1,8093
57728307,0.00010,runlisfloo,asiripat,r,08/19/2026,11:37:42,eddie@node1k15.ecdf.ed.ac.uk,1,8084
57728307,0.00010,runlisfloo,asiripat,r,08/19/2026,11:38:57,eddie@node1n12.ecdf.ed.ac.uk,1,8085
57728307,0.00010,runlisfloo,asiripat,r,08/19/2026,11:39:12,eddie@node1k10.ecdf.ed.ac.uk,1,8086
57728307,0.00010,runlisfloo,asiripat,r,08/19/2026,11:39:57,eddie@node1n03.ecdf.ed.ac.uk,1,8087
57728307,0.00010,runlisfloo,asiripat,r,08/19/2026,11:48:12,eddie@node1k20.ecdf.ed.ac.uk,1,8094
57728307,0.00010,runlisfloo,asiripat,r,08/19/2026,11:48:27,eddie@node1k10.ecdf.ed.ac.uk,1,8095
57728307,0.00009,runlisfloo,asiripat,r,08/19/2026,11:48:42,eddie@node1n09.ecdf.ed.ac.uk,1,8096
57728307,0.00009,runlisfloo,asiripat,r,08/19/2026,11:49:27,eddie@node1k12.ecdf.ed.ac.uk,1,8097
57728307,0.00009,runlisfloo,asiripat,r,08/19/2026,12:31:53,eddie@node1k13.ecdf.ed.ac.uk,1,8137
57728307,0.00009,runlisfloo,asiripat,r,08/19/2026,11:49:42,eddie@node1n12.ecdf.ed.ac.uk,1,8098
57728307,0.00009,runlisfloo,asiripat,r,08/19/2026,11:49:57,eddie@node1k18.ecdf.ed.ac.uk,1,8099
57728307,0.00009,runlisfloo,asiripat,r,08/19/2026,11:52:45,eddie@node1k11.ecdf.ed.ac.uk,1,8103
57728307,0.00009,runlisfloo,asiripat,r,08/19/2026,11:51:12,eddie@node1k11.ecdf.ed.ac.uk,1,8102
57728307,0.00009,runlisfloo,asiripat,r,08/19/2026,11:50:12,eddie@node1n02.ecdf.ed.ac.uk,1,8100
57728307,0.00009,runlisfloo,asiripat,r,08/19/2026,11:53:15,eddie@node1k17.ecdf.ed.ac.uk,1,8104
57728307,0.00009,runlisfloo,asiripat,r,08/19/2026,11:50:42,eddie@node1k19.ecdf.ed.ac.uk,1,8101
57728307,0.00009,runlisfloo,asiripat,r,08/19/2026,11:53:30,eddie@node1j12.ecdf.ed.ac.uk,1,8105
57728307,0.00009,runlisfloo,asiripat,r,08/19/2026,11:53:30,eddie@node1k11.ecdf.ed.ac.uk,1,8106
57728307,0.00009,runlisfloo,asiripat,r,08/19/2026,12:15:28,eddie@node1k18.ecdf.ed.ac.uk,1,8130
57728307,0.00009,runlisfloo,asiripat,r,08/19/2026,12:15:28,eddie@node1k18.ecdf.ed.ac.uk,1,8131
57728307,0.00009,runlisfloo,asiripat,r,08/19/2026,12:22:23,eddie@node1n09.ecdf.ed.ac.uk,1,8134
57728307,0.00009,runlisfloo,asiripat,r,08/19/2026,12:23:53,eddie@node1j12.ecdf.ed.ac.uk,1,8136
57728307,0.00009,runlisfloo,asiripat,r,08/19/2026,12:22:38,eddie@node1n11.ecdf.ed.ac.uk,1,8135
57728307,0.00009,runlisfloo,asiripat,r,08/19/2026,12:16:28,eddie@node1k13.ecdf.ed.ac.uk,1,8132
57728307,0.00009,runlisfloo,asiripat,r,08/19/2026,12:17:53,eddie@node1k11.ecdf.ed.ac.uk,1,8133
57728307,0.00009,runlisfloo,asiripat,r,08/19/2026,11:53:45,eddie@node1k12.ecdf.ed.ac.uk,1,8107
57728307,0.00009,runlisfloo,asiripat,r,08/19/2026,11:54:15,eddie@node1n10.ecdf.ed.ac.uk,1,8108
57728307,0.00009,runlisfloo,asiripat,r,08/19/2026,11:55:00,eddie@node1k14.ecdf.ed.ac.uk,1,8109
57728307,0.00009,runlisfloo,asiripat,r,08/19/2026,11:55:00,eddie@node1j13.ecdf.ed.ac.uk,1,8110
57728307,0.00009,runlisfloo,asiripat,r,08/19/2026,11:55:30,eddie@node1j12.ecdf.ed.ac.uk,1,8111
57873766,0.00009,a_r2405_05,wdewulf,r,08/26/2026,11:39:53,eddie@node1j07.ecdf.ed.ac.uk,1,1
57873766,0.00009,a_r2405_05,wdewulf,r,08/26/2026,11:39:53,eddie@node1j11.ecdf.ed.ac.uk,1,2
57873766,0.00009,a_r2405_05,wdewulf,r,08/26/2026,11:39:53,eddie@node1j09.ecdf.ed.ac.uk,1,3
57873766,0.00009,a_r2405_05,wdewulf,r,08/26/2026,11:39:53,eddie@node1l03.ecdf.ed.ac.uk,1,4
57873766,0.00009,a_r2405_05,wdewulf,r,08/26/2026,11:39:53,eddie@node1m02.ecdf.ed.ac.uk,1,5
57873766,0.00009,a_r2405_05,wdewulf,r,08/26/2026,11:39:53,eddie@node1m10.ecdf.ed.ac.uk,1,6
57873766,0.00009,a_r2405_05,wdewulf,r,08/26/2026,11:39:53,eddie@node1l09.ecdf.ed.ac.uk,1,7
57873766,0.00009,a_r2405_05,wdewulf,r,08/26/2026,11:39:53,eddie@node1k02.ecdf.ed.ac.uk,1,8
57873766,0.00009,a_r2405_05,wdewulf,r,08/26/2026,11:39:53,eddie@node1l01.ecdf.ed.ac.uk,1,10
57873766,0.00009,a_r2405_05,wdewulf,r,08/26/2026,11:39:53,eddie@node1m07.ecdf.ed.ac.uk,1,11
57873766,0.00009,a_r2405_05,wdewulf,r,08/26/2026,11:39:53,eddie@node1l19.ecdf.ed.ac.uk,1,12
57873766,0.00009,a_r2405_05,wdewulf,r,08/26/2026,11:39:53,eddie@node1j06.ecdf.ed.ac.uk,1,13
57873766,0.00009,a_r2405_05,wdewulf,r,08/26/2026,11:39:53,eddie@node1j08.ecdf.ed.ac.uk,1,14
57873766,0.00009,a_r2405_05,wdewulf,r,08/26/2026,11:39:53,eddie@node1k04.ecdf.ed.ac.uk,1,15
57873766,0.00009,a_r2405_05,wdewulf,r,08/26/2026,11:39:53,eddie@node1j07.ecdf.ed.ac.uk,1,16
57873766,0.00009,a_r2405_05,wdewulf,r,08/26/2026,11:39:53,eddie@node1j11.ecdf.ed.ac.uk,1,17
57873766,0.00009,a_r2405_05,wdewulf,r,08/26/2026,11:39:53,eddie@node1j09.ecdf.ed.ac.uk,1,18
57873766,0.00009,a_r2405_05,wdewulf,r,08/26/2026,11:39:53,eddie@node1l03.ecdf.ed.ac.uk,1,19
57873766,0.00009,a_r2405_05,wdewulf,r,08/26/2026,11:39:53,eddie@node1l20.ecdf.ed.ac.uk,1,20
57873766,0.00009,a_r2405_05,wdewulf,r,08/26/2026,11:39:53,eddie@node1m10.ecdf.ed.ac.uk,1,21
57873766,0.00009,a_r2405_05,wdewulf,r,08/26/2026,11:39:53,eddie@node1l09.ecdf.ed.ac.uk,1,22
57873766,0.00009,a_r2405_05,wdewulf,r,08/26/2026,11:39:53,eddie@node1k02.ecdf.ed.ac.uk,1,23
57873766,0.00009,a_r2405_05,wdewulf,r,08/26/2026,11:39:53,eddie@node1l01.ecdf.ed.ac.uk,1,24
57873766,0.00009,a_r2405_05,wdewulf,r,08/26/2026,11:39:53,eddie@node1m07.ecdf.ed.ac.uk,1,25
57873766,0.00009,a_r2405_05,wdewulf,r,08/26/2026,11:39:53,eddie@node1j07.ecdf.ed.ac.uk,1,26
57873766,0.00009,a_r2405_05,wdewulf,r,08/26/2026,11:39:53,eddie@node1j11.ecdf.ed.ac.uk,1,27
57873766,0.00009,a_r2405_05,wdewulf,r,08/26/2026,11:39:53,eddie@node1j09.ecdf.ed.ac.uk,1,28
57873768,0.00009,a_r2405_13,wdewulf,r,08/26/2026,11:39:53,eddie@node1l03.ecdf.ed.ac.uk,1,1
57873768,0.00009,a_r2405_13,wdewulf,r,08/26/2026,11:39:53,eddie@node1l20.ecdf.ed.ac.uk,1,2
57873768,0.00009,a_r2405_13,wdewulf,r,08/26/2026,11:39:53,eddie@node1m10.ecdf.ed.ac.uk,1,3
57873768,0.00009,a_r2405_13,wdewulf,r,08/26/2026,11:39:53,eddie@node1l09.ecdf.ed.ac.uk,1,4
57873768,0.00009,a_r2405_13,wdewulf,r,08/26/2026,11:39:53,eddie@node1k02.ecdf.ed.ac.uk,1,5
57873768,0.00009,a_r2405_13,wdewulf,r,08/26/2026,11:39:53,eddie@node1l01.ecdf.ed.ac.uk,1,6
57873768,0.00009,a_r2405_13,wdewulf,r,08/26/2026,11:39:53,eddie@node1m07.ecdf.ed.ac.uk,1,7
57873768,0.00009,a_r2405_13,wdewulf,r,08/26/2026,11:39:53,eddie@node1j07.ecdf.ed.ac.uk,1,8
57873768,0.00009,a_r2405_13,wdewulf,r,08/26/2026,11:39:53,eddie@node1j11.ecdf.ed.ac.uk,1,9
57873768,0.00009,a_r2405_13,wdewulf,r,08/26/2026,11:39:53,eddie@node1j09.ecdf.ed.ac.uk,1,10
57873772,0.00009,b_r2405_07,wdewulf,r,08/26/2026,11:39:53,eddie@node1j11.ecdf.ed.ac.uk,1,1
57873772,0.00009,b_r2405_07,wdewulf,r,08/26/2026,11:39:53,eddie@node1j09.ecdf.ed.ac.uk,1,2
57873772,0.00009,b_r2405_07,wdewulf,r,08/26/2026,11:39:53,eddie@node1l03.ecdf.ed.ac.uk,1,3
57873772,0.00009,b_r2405_07,wdewulf,r,08/26/2026,11:39:53,eddie@node1l20.ecdf.ed.ac.uk,1,4
57873772,0.00009,b_r2405_07,wdewulf,r,08/26/2026,11:39:53,eddie@node1m10.ecdf.ed.ac.uk,1,5
57873772,0.00009,b_r2405_07,wdewulf,r,08/26/2026,11:39:53,eddie@node1l09.ecdf.ed.ac.uk,1,6
57873772,0.00009,b_r2405_07,wdewulf,r,08/26/2026,11:39:53,eddie@node1k02.ecdf.ed.ac.uk,1,7
57873772,0.00009,b_r2405_07,wdewulf,r,08/26/2026,11:39:53,eddie@node1j02.ecdf.ed.ac.uk,1,8
57873772,0.00009,b_r2405_07,wdewulf,r,08/26/2026,11:39:53,eddie@node1l01.ecdf.ed.ac.uk,1,9
57873772,0.00009,b_r2405_07,wdewulf,r,08/26/2026,11:39:53,eddie@node1m07.ecdf.ed.ac.uk,1,10
57873772,0.00009,b_r2405_07,wdewulf,r,08/26/2026,11:39:53,eddie@node1j07.ecdf.ed.ac.uk,1,11
57873772,0.00009,b_r2405_07,wdewulf,r,08/26/2026,11:39:53,eddie@node1j11.ecdf.ed.ac.uk,1,12
57873772,0.00009,b_r2405_07,wdewulf,r,08/26/2026,11:39:53,eddie@node1j09.ecdf.ed.ac.uk,1,13
57873772,0.00009,b_r2405_07,wdewulf,r,08/26/2026,11:39:53,eddie@node1l03.ecdf.ed.ac.uk,1,14
57873772,0.00009,b_r2405_07,wdewulf,r,08/26/2026,11:39:53,eddie@node1l20.ecdf.ed.ac.uk,1,15
57873772,0.00009,b_r2405_07,wdewulf,r,08/26/2026,11:39:53,eddie@node1m10.ecdf.ed.ac.uk,1,16
57873774,0.00009,b_r2405_08,wdewulf,r,08/26/2026,11:39:53,eddie@node1l09.ecdf.ed.ac.uk,1,1
57728307,0.00009,runlisfloo,asiripat,r,08/19/2026,11:55:45,eddie@node1j13.ecdf.ed.ac.uk,1,8112
57728307,0.00009,runlisfloo,asiripat,r,08/19/2026,11:56:44,eddie@node1k14.ecdf.ed.ac.uk,1,8113
57728307,0.00008,runlisfloo,asiripat,r,08/19/2026,11:56:58,eddie@node1k15.ecdf.ed.ac.uk,1,8114
57728307,0.00008,runlisfloo,asiripat,r,08/19/2026,12:01:36,eddie@node1k14.ecdf.ed.ac.uk,1,8123
57728307,0.00008,runlisfloo,asiripat,r,08/19/2026,12:03:08,eddie@node1j13.ecdf.ed.ac.uk,1,8125
57728307,0.00008,runlisfloo,asiripat,r,08/19/2026,12:01:53,eddie@node1j12.ecdf.ed.ac.uk,1,8124
57728307,0.00008,runlisfloo,asiripat,r,08/19/2026,11:58:43,eddie@node1k17.ecdf.ed.ac.uk,1,8120
57728307,0.00008,runlisfloo,asiripat,r,08/19/2026,12:03:53,eddie@node1k11.ecdf.ed.ac.uk,1,8127
57728307,0.00008,runlisfloo,asiripat,r,08/19/2026,11:57:13,eddie@node1k12.ecdf.ed.ac.uk,1,8115
57728307,0.00008,runlisfloo,asiripat,r,08/19/2026,11:57:13,eddie@node1k17.ecdf.ed.ac.uk,1,8116
57728307,0.00008,runlisfloo,asiripat,r,08/19/2026,11:57:13,eddie@node1j13.ecdf.ed.ac.uk,1,8117
57728307,0.00008,runlisfloo,asiripat,r,08/19/2026,11:57:58,eddie@node1k18.ecdf.ed.ac.uk,1,8118
57728307,0.00008,runlisfloo,asiripat,r,08/19/2026,11:57:58,eddie@node1k16.ecdf.ed.ac.uk,1,8119
57728307,0.00008,runlisfloo,asiripat,r,08/19/2026,12:03:23,eddie@node1k15.ecdf.ed.ac.uk,1,8126
57728307,0.00008,runlisfloo,asiripat,r,08/19/2026,11:59:21,eddie@node1k19.ecdf.ed.ac.uk,1,8121
57728307,0.00008,runlisfloo,asiripat,r,08/19/2026,12:04:38,eddie@node1k16.ecdf.ed.ac.uk,1,8128
57728307,0.00008,runlisfloo,asiripat,r,08/19/2026,12:00:06,eddie@node1k16.ecdf.ed.ac.uk,1,8122
57728307,0.00008,runlisfloo,asiripat,r,08/19/2026,12:05:21,eddie@node1n12.ecdf.ed.ac.uk,1,8129
57881151,0.00006,nf-MACSE_A,s2428892,r,08/26/2026,12:20:59,eddie@node1q04.ecdf.ed.ac.uk,1
57881449,0.00005,nf-MACSE_A,s2428892,r,08/26/2026,12:22:30,eddie@node1q02.ecdf.ed.ac.uk,1
57881456,0.00005,nf-MACSE_A,s2428892,r,08/26/2026,12:22:30,eddie@node1q15.ecdf.ed.ac.uk,1
57881513,0.00005,nf-MACSE_A,s2428892,r,08/26/2026,12:22:31,eddie@node1g09.ecdf.ed.ac.uk,1
57881514,0.00005,nf-MACSE_A,s2428892,r,08/26/2026,12:22:31,eddie@node1g10.ecdf.ed.ac.uk,1
57873777,0.00005,b_r2405_03,wdewulf,r,08/26/2026,11:39:56,eddie@node1k02.ecdf.ed.ac.uk,1,1
57873777,0.00005,b_r2405_03,wdewulf,r,08/26/2026,11:39:56,eddie@node1l01.ecdf.ed.ac.uk,1,2
57873777,0.00005,b_r2405_03,wdewulf,r,08/26/2026,11:39:56,eddie@node1j02.ecdf.ed.ac.uk,1,3
57873777,0.00005,b_r2405_03,wdewulf,r,08/26/2026,11:39:56,eddie@node1m07.ecdf.ed.ac.uk,1,4
57873777,0.00005,b_r2405_03,wdewulf,r,08/26/2026,11:39:56,eddie@node1j07.ecdf.ed.ac.uk,1,5
57873777,0.00005,b_r2405_03,wdewulf,r,08/26/2026,11:39:56,eddie@node1m11.ecdf.ed.ac.uk,1,6
57873777,0.00005,b_r2405_03,wdewulf,r,08/26/2026,11:39:56,eddie@node1j11.ecdf.ed.ac.uk,1,7
57873777,0.00005,b_r2405_03,wdewulf,r,08/26/2026,11:39:56,eddie@node1j09.ecdf.ed.ac.uk,1,8
57873777,0.00005,b_r2405_03,wdewulf,r,08/26/2026,11:39:56,eddie@node1m10.ecdf.ed.ac.uk,1,9
57873777,0.00005,b_r2405_03,wdewulf,r,08/26/2026,11:39:56,eddie@node1l20.ecdf.ed.ac.uk,1,10
57873777,0.00005,b_r2405_03,wdewulf,r,08/26/2026,11:39:56,eddie@node1l03.ecdf.ed.ac.uk,1,11
57873777,0.00005,b_r2405_03,wdewulf,r,08/26/2026,11:39:56,eddie@node1l09.ecdf.ed.ac.uk,1,12
57873777,0.00005,b_r2405_03,wdewulf,r,08/26/2026,11:39:56,eddie@node1l01.ecdf.ed.ac.uk,1,13
57873777,0.00005,b_r2405_03,wdewulf,r,08/26/2026,11:39:56,eddie@node1j02.ecdf.ed.ac.uk,1,14
57873777,0.00005,b_r2405_03,wdewulf,r,08/26/2026,11:39:56,eddie@node1m07.ecdf.ed.ac.uk,1,15
57873777,0.00005,b_r2405_03,wdewulf,r,08/26/2026,11:39:56,eddie@node1j07.ecdf.ed.ac.uk,1,16
57873777,0.00005,b_r2405_03,wdewulf,r,08/26/2026,11:39:56,eddie@node1m11.ecdf.ed.ac.uk,1,17
57873777,0.00005,b_r2405_03,wdewulf,r,08/26/2026,11:39:56,eddie@node1j11.ecdf.ed.ac.uk,1,18
57873777,0.00005,b_r2405_03,wdewulf,r,08/26/2026,11:39:56,eddie@node1j09.ecdf.ed.ac.uk,1,19
57873777,0.00005,b_r2405_03,wdewulf,r,08/26/2026,11:39:56,eddie@node1l20.ecdf.ed.ac.uk,1,20
57873777,0.00005,b_r2405_03,wdewulf,r,08/26/2026,11:39:56,eddie@node1l03.ecdf.ed.ac.uk,1,21
57873777,0.00005,b_r2405_03,wdewulf,r,08/26/2026,11:39:56,eddie@node1l09.ecdf.ed.ac.uk,1,22
57873777,0.00005,b_r2405_03,wdewulf,r,08/26/2026,11:39:56,eddie@node1l01.ecdf.ed.ac.uk,1,23
57873777,0.00005,b_r2405_03,wdewulf,r,08/26/2026,11:39:56,eddie@node1j02.ecdf.ed.ac.uk,1,24
57873777,0.00005,b_r2405_03,wdewulf,r,08/26/2026,11:39:56,eddie@node1m07.ecdf.ed.ac.uk,1,25
57873777,0.00005,b_r2405_03,wdewulf,r,08/26/2026,11:39:56,eddie@node1j07.ecdf.ed.ac.uk,1,26
57873777,0.00005,b_r2405_03,wdewulf,r,08/26/2026,11:39:56,eddie@node1m11.ecdf.ed.ac.uk,1,27
57873777,0.00005,b_r2405_03,wdewulf,r,08/26/2026,11:39:56,eddie@node1j11.ecdf.ed.ac.uk,1,28
57873777,0.00005,b_r2405_03,wdewulf,r,08/26/2026,11:39:56,eddie@node1j09.ecdf.ed.ac.uk,1,29
57873777,0.00005,b_r2405_03,wdewulf,r,08/26/2026,11:39:56,eddie@node1l03.ecdf.ed.ac.uk,1,30
57873777,0.00005,b_r2405_03,wdewulf,r,08/26/2026,11:39:56,eddie@node1l09.ecdf.ed.ac.uk,1,31
57873777,0.00005,b_r2405_03,wdewulf,r,08/26/2026,11:39:56,eddie@node1l01.ecdf.ed.ac.uk,1,32
57873777,0.00005,b_r2405_03,wdewulf,r,08/26/2026,11:39:56,eddie@node1j02.ecdf.ed.ac.uk,1,33
57873777,0.00005,b_r2405_03,wdewulf,r,08/26/2026,11:39:56,eddie@node1m07.ecdf.ed.ac.uk,1,34
57873777,0.00005,b_r2405_03,wdewulf,r,08/26/2026,11:39:56,eddie@node1j07.ecdf.ed.ac.uk,1,35
57873777,0.00005,b_r2405_03,wdewulf,r,08/26/2026,11:39:56,eddie@node1m11.ecdf.ed.ac.uk,1,36
57873777,0.00005,b_r2405_03,wdewulf,r,08/26/2026,11:39:56,eddie@node1j11.ecdf.ed.ac.uk,1,37
57873777,0.00005,b_r2405_03,wdewulf,r,08/26/2026,11:39:56,eddie@node1l03.ecdf.ed.ac.uk,1,38
57873777,0.00005,b_r2405_03,wdewulf,r,08/26/2026,11:39:56,eddie@node1l09.ecdf.ed.ac.uk,1,39
57873781,0.00005,b_r2405_19,wdewulf,r,08/26/2026,11:39:56,eddie@node1j11.ecdf.ed.ac.uk,1,1
57873781,0.00005,b_r2405_19,wdewulf,r,08/26/2026,11:39:56,eddie@node1l03.ecdf.ed.ac.uk,1,2
57873781,0.00005,b_r2405_19,wdewulf,r,08/26/2026,11:39:56,eddie@node1l09.ecdf.ed.ac.uk,1,3
57873781,0.00005,b_r2405_19,wdewulf,r,08/26/2026,11:39:56,eddie@node1l01.ecdf.ed.ac.uk,1,4
57873781,0.00005,b_r2405_19,wdewulf,r,08/26/2026,11:39:56,eddie@node1j10.ecdf.ed.ac.uk,1,5
57873781,0.00005,b_r2405_19,wdewulf,r,08/26/2026,11:39:56,eddie@node1j02.ecdf.ed.ac.uk,1,6
57873781,0.00005,b_r2405_19,wdewulf,r,08/26/2026,11:39:56,eddie@node1j23.ecdf.ed.ac.uk,1,8
57873781,0.00005,b_r2405_19,wdewulf,r,08/26/2026,11:39:56,eddie@node1j22.ecdf.ed.ac.uk,1,9
57873781,0.00005,b_r2405_19,wdewulf,r,08/26/2026,11:39:56,eddie@node1j07.ecdf.ed.ac.uk,1,10
57873781,0.00005,b_r2405_19,wdewulf,r,08/26/2026,11:39:56,eddie@node1j19.ecdf.ed.ac.uk,1,12
57873781,0.00005,b_r2405_19,wdewulf,r,08/26/2026,11:39:56,eddie@node1l03.ecdf.ed.ac.uk,1,13
57873781,0.00005,b_r2405_19,wdewulf,r,08/26/2026,11:39:56,eddie@node1l09.ecdf.ed.ac.uk,1,14
57873781,0.00005,b_r2405_19,wdewulf,r,08/26/2026,11:39:56,eddie@node1l01.ecdf.ed.ac.uk,1,15
57873783,0.00005,b_r2405_04,wdewulf,r,08/26/2026,11:39:56,eddie@node1j02.ecdf.ed.ac.uk,1,2
57873783,0.00005,b_r2405_04,wdewulf,r,08/26/2026,11:39:56,eddie@node1l09.ecdf.ed.ac.uk,1,10
57873783,0.00005,b_r2405_04,wdewulf,r,08/26/2026,11:39:56,eddie@node1l01.ecdf.ed.ac.uk,1,11
57873783,0.00005,b_r2405_04,wdewulf,r,08/26/2026,11:39:56,eddie@node1j07.ecdf.ed.ac.uk,1,17
57873783,0.00005,b_r2405_04,wdewulf,r,08/26/2026,11:39:56,eddie@node1j19.ecdf.ed.ac.uk,1,18
57873783,0.00005,b_r2405_04,wdewulf,r,08/26/2026,11:39:56,eddie@node1l01.ecdf.ed.ac.uk,1,20
57873783,0.00005,b_r2405_04,wdewulf,r,08/26/2026,11:39:57,eddie@node1j23.ecdf.ed.ac.uk,1,23
57873783,0.00005,b_r2405_04,wdewulf,r,08/26/2026,11:39:57,eddie@node1j22.ecdf.ed.ac.uk,1,24
57873783,0.00005,b_r2405_04,wdewulf,r,08/26/2026,11:39:57,eddie@node1j07.ecdf.ed.ac.uk,1,25
57873783,0.00005,b_r2405_04,wdewulf,r,08/26/2026,11:39:57,eddie@node1j18.ecdf.ed.ac.uk,1,27
57873783,0.00005,b_r2405_04,wdewulf,r,08/26/2026,11:39:57,eddie@node1l01.ecdf.ed.ac.uk,1,29
57873783,0.00005,b_r2405_04,wdewulf,r,08/26/2026,11:39:57,eddie@node1j23.ecdf.ed.ac.uk,1,32
57873783,0.00005,b_r2405_04,wdewulf,r,08/26/2026,11:39:57,eddie@node1l01.ecdf.ed.ac.uk,1,37
57873783,0.00005,b_r2405_04,wdewulf,r,08/26/2026,11:39:57,eddie@node1j07.ecdf.ed.ac.uk,1,42
57873783,0.00005,b_r2405_04,wdewulf,r,08/26/2026,11:39:57,eddie@node1l01.ecdf.ed.ac.uk,1,44
57882617,0.00005,nf-MACSE_A,s2428892,r,08/26/2026,12:28:55,eddie@node1q13.ecdf.ed.ac.uk,1
57882623,0.00005,nf-MACSE_A,s2428892,r,08/26/2026,12:29:00,eddie@node1q15.ecdf.ed.ac.uk,1
57882624,0.00005,nf-MACSE_A,s2428892,r,08/26/2026,12:29:00,eddie@node1q02.ecdf.ed.ac.uk,1
57882625,0.00005,nf-MACSE_A,s2428892,r,08/26/2026,12:29:00,eddie@node1q15.ecdf.ed.ac.uk,1
57882627,0.00005,nf-MACSE_A,s2428892,r,08/26/2026,12:29:00,eddie@node1q15.ecdf.ed.ac.uk,1
57882629,0.00005,nf-MACSE_A,s2428892,r,08/26/2026,12:29:00,eddie@node1q15.ecdf.ed.ac.uk,1
57882631,0.00005,nf-MACSE_A,s2428892,r,08/26/2026,12:29:00,eddie@node1q15.ecdf.ed.ac.uk,1
57882633,0.00005,nf-MACSE_A,s2428892,r,08/26/2026,12:29:00,eddie@node1q15.ecdf.ed.ac.uk,1
57882638,0.00005,nf-MACSE_A,s2428892,r,08/26/2026,12:29:00,eddie@node1q02.ecdf.ed.ac.uk,1
57882642,0.00005,nf-MACSE_A,s2428892,r,08/26/2026,12:29:00,eddie@node1q15.ecdf.ed.ac.uk,1
57882643,0.00005,nf-MACSE_A,s2428892,r,08/26/2026,12:29:00,eddie@node1q12.ecdf.ed.ac.uk,1
57882645,0.00005,nf-MACSE_A,s2428892,r,08/26/2026,12:29:00,eddie@node1q03.ecdf.ed.ac.uk,1
57882646,0.00005,nf-MACSE_A,s2428892,r,08/26/2026,12:29:00,eddie@node1q12.ecdf.ed.ac.uk,1
57882647,0.00005,nf-MACSE_A,s2428892,r,08/26/2026,12:29:01,eddie@node1q03.ecdf.ed.ac.uk,1
57882648,0.00005,nf-MACSE_A,s2428892,r,08/26/2026,12:29:01,eddie@node1q12.ecdf.ed.ac.uk,1
57882649,0.00005,nf-MACSE_A,s2428892,r,08/26/2026,12:29:01,eddie@node1q04.ecdf.ed.ac.uk,1
57882655,0.00005,nf-MACSE_A,s2428892,r,08/26/2026,12:29:01,eddie@node1q04.ecdf.ed.ac.uk,1
57882659,0.00005,nf-MACSE_A,s2428892,r,08/26/2026,12:29:01,eddie@node1q03.ecdf.ed.ac.uk,1
57882662,0.00005,nf-MACSE_A,s2428892,r,08/26/2026,12:29:01,eddie@node1q04.ecdf.ed.ac.uk,1
57882663,0.00005,nf-MACSE_A,s2428892,r,08/26/2026,12:29:01,eddie@node1q03.ecdf.ed.ac.uk,1
57882668,0.00005,nf-MACSE_A,s2428892,r,08/26/2026,12:29:01,eddie@node1g08.ecdf.ed.ac.uk,1
57882673,0.00005,nf-MACSE_A,s2428892,r,08/26/2026,12:29:01,eddie@node1q14.ecdf.ed.ac.uk,1
57882676,0.00005,nf-MACSE_A,s2428892,r,08/26/2026,12:29:01,eddie@node1q14.ecdf.ed.ac.uk,1
57882679,0.00005,nf-MACSE_A,s2428892,r,08/26/2026,12:29:01,eddie@node1g10.ecdf.ed.ac.uk,1
57882686,0.00005,nf-MACSE_A,s2428892,r,08/26/2026,12:29:01,eddie@node1g09.ecdf.ed.ac.uk,1
57882691,0.00005,nf-MACSE_A,s2428892,r,08/26/2026,12:29:01,eddie@node1g10.ecdf.ed.ac.uk,1
57882692,0.00005,nf-MACSE_A,s2428892,r,08/26/2026,12:29:01,eddie@node1q14.ecdf.ed.ac.uk,1
57882694,0.00005,nf-MACSE_A,s2428892,r,08/26/2026,12:29:01,eddie@node1g09.ecdf.ed.ac.uk,1
57882254,0.00005,nf-MACSE_A,s2428892,r,08/26/2026,12:26:56,eddie@node1q15.ecdf.ed.ac.uk,1
57882261,0.00005,nf-MACSE_A,s2428892,r,08/26/2026,12:26:57,eddie@node1q12.ecdf.ed.ac.uk,1
57882263,0.00005,nf-MACSE_A,s2428892,r,08/26/2026,12:26:57,eddie@node1q12.ecdf.ed.ac.uk,1
57882699,0.00005,nf-MACSE_A,s2428892,r,08/26/2026,12:29:01,eddie@node1g10.ecdf.ed.ac.uk,1
57882701,0.00005,nf-MACSE_A,s2428892,r,08/26/2026,12:29:01,eddie@node1g08.ecdf.ed.ac.uk,1
57882704,0.00005,nf-MACSE_A,s2428892,r,08/26/2026,12:29:01,eddie@node1q14.ecdf.ed.ac.uk,1
57882706,0.00005,nf-MACSE_A,s2428892,r,08/26/2026,12:29:01,eddie@node1g09.ecdf.ed.ac.uk,1
57882707,0.00005,nf-MACSE_A,s2428892,r,08/26/2026,12:29:01,eddie@node1g10.ecdf.ed.ac.uk,1
57882708,0.00005,nf-MACSE_A,s2428892,r,08/26/2026,12:29:01,eddie@node1q14.ecdf.ed.ac.uk,1
57882525,0.00005,nf-MACSE_A,s2428892,r,08/26/2026,12:28:28,eddie@node1q13.ecdf.ed.ac.uk,1
57882526,0.00005,nf-MACSE_A,s2428892,r,08/26/2026,12:28:28,eddie@node1q13.ecdf.ed.ac.uk,1
57882273,0.00005,nf-MACSE_A,s2428892,r,08/26/2026,12:26:57,eddie@node1q03.ecdf.ed.ac.uk,1
57882529,0.00005,nf-MACSE_A,s2428892,r,08/26/2026,12:28:28,eddie@node1q13.ecdf.ed.ac.uk,1
57882532,0.00005,nf-MACSE_A,s2428892,r,08/26/2026,12:28:28,eddie@node1q02.ecdf.ed.ac.uk,1
57882539,0.00005,nf-MACSE_A,s2428892,r,08/26/2026,12:28:28,eddie@node1q02.ecdf.ed.ac.uk,1
57882543,0.00005,nf-MACSE_A,s2428892,r,08/26/2026,12:28:28,eddie@node1q02.ecdf.ed.ac.uk,1
57882546,0.00005,nf-MACSE_A,s2428892,r,08/26/2026,12:28:28,eddie@node1q12.ecdf.ed.ac.uk,1
57882552,0.00005,nf-MACSE_A,s2428892,r,08/26/2026,12:28:28,eddie@node1q03.ecdf.ed.ac.uk,1
57882553,0.00005,nf-MACSE_A,s2428892,r,08/26/2026,12:28:28,eddie@node1q12.ecdf.ed.ac.uk,1
57882554,0.00005,nf-MACSE_A,s2428892,r,08/26/2026,12:28:28,eddie@node1q04.ecdf.ed.ac.uk,1
57882558,0.00005,nf-MACSE_A,s2428892,r,08/26/2026,12:28:28,eddie@node1q03.ecdf.ed.ac.uk,1
57882564,0.00005,nf-MACSE_A,s2428892,r,08/26/2026,12:28:28,eddie@node1q03.ecdf.ed.ac.uk,1
57882568,0.00005,nf-MACSE_A,s2428892,r,08/26/2026,12:28:28,eddie@node1q03.ecdf.ed.ac.uk,1
57882572,0.00005,nf-MACSE_A,s2428892,r,08/26/2026,12:28:28,eddie@node1q03.ecdf.ed.ac.uk,1
57882576,0.00005,nf-MACSE_A,s2428892,r,08/26/2026,12:28:28,eddie@node1g08.ecdf.ed.ac.uk,1
57881028,0.00005,nf-MACSE_A,s2428892,r,08/26/2026,12:20:26,eddie@node1q13.ecdf.ed.ac.uk,1
57882716,0.00005,nf-MACSE_A,s2428892,r,08/26/2026,12:29:28,eddie@node1q13.ecdf.ed.ac.uk,1
57882720,0.00005,nf-MACSE_A,s2428892,r,08/26/2026,12:29:28,eddie@node1q13.ecdf.ed.ac.uk,1
57882721,0.00005,nf-MACSE_A,s2428892,r,08/26/2026,12:29:28,eddie@node1q13.ecdf.ed.ac.uk,1
57882072,0.00005,nf-MACSE_A,s2428892,r,08/26/2026,12:25:59,eddie@node1q04.ecdf.ed.ac.uk,1
57882083,0.00005,nf-MACSE_A,s2428892,r,08/26/2026,12:25:59,eddie@node1q04.ecdf.ed.ac.uk,1
57882722,0.00005,nf-MACSE_A,s2428892,r,08/26/2026,12:29:28,eddie@node1q13.ecdf.ed.ac.uk,1
57882723,0.00005,nf-MACSE_A,s2428892,r,08/26/2026,12:29:28,eddie@node1q13.ecdf.ed.ac.uk,1
57882724,0.00005,nf-MACSE_A,s2428892,r,08/26/2026,12:29:28,eddie@node1q15.ecdf.ed.ac.uk,1
57882725,0.00005,nf-MACSE_A,s2428892,r,08/26/2026,12:29:28,eddie@node1q15.ecdf.ed.ac.uk,1
57882726,0.00005,nf-MACSE_A,s2428892,r,08/26/2026,12:29:28,eddie@node1q15.ecdf.ed.ac.uk,1
57882727,0.00005,nf-MACSE_A,s2428892,r,08/26/2026,12:29:28,eddie@node1q02.ecdf.ed.ac.uk,1
57882728,0.00005,nf-MACSE_A,s2428892,r,08/26/2026,12:29:28,eddie@node1q15.ecdf.ed.ac.uk,1
57882729,0.00005,nf-MACSE_A,s2428892,r,08/26/2026,12:29:28,eddie@node1q02.ecdf.ed.ac.uk,1
57882730,0.00005,nf-MACSE_A,s2428892,r,08/26/2026,12:29:28,eddie@node1q15.ecdf.ed.ac.uk,1
57882731,0.00005,nf-MACSE_A,s2428892,r,08/26/2026,12:29:28,eddie@node1q02.ecdf.ed.ac.uk,1
57882732,0.00005,nf-MACSE_A,s2428892,r,08/26/2026,12:29:28,eddie@node1q15.ecdf.ed.ac.uk,1
57882733,0.00005,nf-MACSE_A,s2428892,r,08/26/2026,12:29:28,eddie@node1q02.ecdf.ed.ac.uk,1
57882734,0.00005,nf-MACSE_A,s2428892,r,08/26/2026,12:29:28,eddie@node1q12.ecdf.ed.ac.uk,1
57882739,0.00005,nf-MACSE_A,s2428892,r,08/26/2026,12:29:28,eddie@node1q02.ecdf.ed.ac.uk,1
57882741,0.00005,nf-MACSE_A,s2428892,r,08/26/2026,12:29:28,eddie@node1q15.ecdf.ed.ac.uk,1
57882742,0.00005,nf-MACSE_A,s2428892,r,08/26/2026,12:29:28,eddie@node1q02.ecdf.ed.ac.uk,1
57882743,0.00005,nf-MACSE_A,s2428892,r,08/26/2026,12:29:28,eddie@node1q12.ecdf.ed.ac.uk,1
57882744,0.00005,nf-MACSE_A,s2428892,r,08/26/2026,12:29:28,eddie@node1q15.ecdf.ed.ac.uk,1
57882097,0.00005,nf-MACSE_A,s2428892,r,08/26/2026,12:26:00,eddie@node1q04.ecdf.ed.ac.uk,1
57882100,0.00005,nf-MACSE_A,s2428892,r,08/26/2026,12:26:00,eddie@node1q04.ecdf.ed.ac.uk,1
57882107,0.00005,nf-MACSE_A,s2428892,r,08/26/2026,12:26:00,eddie@node1q03.ecdf.ed.ac.uk,1
57882746,0.00005,nf-MACSE_A,s2428892,r,08/26/2026,12:29:28,eddie@node1q03.ecdf.ed.ac.uk,1
57882747,0.00005,nf-MACSE_A,s2428892,r,08/26/2026,12:29:28,eddie@node1q04.ecdf.ed.ac.uk,1
57882749,0.00005,nf-MACSE_A,s2428892,r,08/26/2026,12:29:28,eddie@node1q03.ecdf.ed.ac.uk,1
57882752,0.00005,nf-MACSE_A,s2428892,r,08/26/2026,12:29:28,eddie@node1q03.ecdf.ed.ac.uk,1
57882753,0.00005,nf-MACSE_A,s2428892,r,08/26/2026,12:29:28,eddie@node1q04.ecdf.ed.ac.uk,1
57882754,0.00005,nf-MACSE_A,s2428892,r,08/26/2026,12:29:28,eddie@node1q12.ecdf.ed.ac.uk,1
57882755,0.00005,nf-MACSE_A,s2428892,r,08/26/2026,12:29:28,eddie@node1q03.ecdf.ed.ac.uk,1
57882756,0.00005,nf-MACSE_A,s2428892,r,08/26/2026,12:29:28,eddie@node1q04.ecdf.ed.ac.uk,1
57882757,0.00005,nf-MACSE_A,s2428892,r,08/26/2026,12:29:28,eddie@node1q12.ecdf.ed.ac.uk,1
57882759,0.00005,nf-MACSE_A,s2428892,r,08/26/2026,12:29:28,eddie@node1q04.ecdf.ed.ac.uk,1
57882760,0.00005,nf-MACSE_A,s2428892,r,08/26/2026,12:29:28,eddie@node1q12.ecdf.ed.ac.uk,1
57882761,0.00005,nf-MACSE_A,s2428892,r,08/26/2026,12:29:28,eddie@node1q03.ecdf.ed.ac.uk,1
57882762,0.00005,nf-MACSE_A,s2428892,r,08/26/2026,12:29:28,eddie@node1q04.ecdf.ed.ac.uk,1
57882764,0.00005,nf-MACSE_A,s2428892,r,08/26/2026,12:29:28,eddie@node1q03.ecdf.ed.ac.uk,1
57882765,0.00005,nf-MACSE_A,s2428892,r,08/26/2026,12:29:28,eddie@node1q04.ecdf.ed.ac.uk,1
57882766,0.00005,nf-MACSE_A,s2428892,r,08/26/2026,12:29:28,eddie@node1q03.ecdf.ed.ac.uk,1
57882767,0.00005,nf-MACSE_A,s2428892,r,08/26/2026,12:29:28,eddie@node1q04.ecdf.ed.ac.uk,1
57882768,0.00005,nf-MACSE_A,s2428892,r,08/26/2026,12:29:28,eddie@node1q03.ecdf.ed.ac.uk,1
57882769,0.00005,nf-MACSE_A,s2428892,r,08/26/2026,12:29:28,eddie@node1q04.ecdf.ed.ac.uk,1
57882770,0.00005,nf-MACSE_A,s2428892,r,08/26/2026,12:29:28,eddie@node1q03.ecdf.ed.ac.uk,1
57882771,0.00005,nf-MACSE_A,s2428892,r,08/26/2026,12:29:28,eddie@node1q03.ecdf.ed.ac.uk,1
57882773,0.00005,nf-MACSE_A,s2428892,r,08/26/2026,12:29:28,eddie@node1g08.ecdf.ed.ac.uk,1
57882774,0.00005,nf-MACSE_A,s2428892,r,08/26/2026,12:29:28,eddie@node1g08.ecdf.ed.ac.uk,1
57882776,0.00005,nf-MACSE_A,s2428892,r,08/26/2026,12:29:28,eddie@node1g08.ecdf.ed.ac.uk,1
57882777,0.00005,nf-MACSE_A,s2428892,r,08/26/2026,12:29:28,eddie@node1g09.ecdf.ed.ac.uk,1
57882778,0.00005,nf-MACSE_A,s2428892,r,08/26/2026,12:29:28,eddie@node1q14.ecdf.ed.ac.uk,1
57882779,0.00005,nf-MACSE_A,s2428892,r,08/26/2026,12:29:29,eddie@node1g08.ecdf.ed.ac.uk,1
57882782,0.00005,nf-MACSE_A,s2428892,r,08/26/2026,12:29:29,eddie@node1q14.ecdf.ed.ac.uk,1
57882783,0.00005,nf-MACSE_A,s2428892,r,08/26/2026,12:29:29,eddie@node1g08.ecdf.ed.ac.uk,1
57882784,0.00005,nf-MACSE_A,s2428892,r,08/26/2026,12:29:29,eddie@node1g10.ecdf.ed.ac.uk,1
57881372,0.00005,nf-MACSE_A,s2428892,r,08/26/2026,12:22:00,eddie@node1q03.ecdf.ed.ac.uk,1
57881382,0.00005,nf-MACSE_A,s2428892,r,08/26/2026,12:22:00,eddie@node1q03.ecdf.ed.ac.uk,1
57881391,0.00005,nf-MACSE_A,s2428892,r,08/26/2026,12:22:00,eddie@node1q04.ecdf.ed.ac.uk,1
57879196,0.00005,nf-MACSE_A,s2428892,r,08/26/2026,12:10:30,eddie@node1q12.ecdf.ed.ac.uk,1
57882439,0.00005,nf-MACSE_A,s2428892,r,08/26/2026,12:28:00,eddie@node1q13.ecdf.ed.ac.uk,1
57882441,0.00005,nf-MACSE_A,s2428892,r,08/26/2026,12:28:00,eddie@node1q02.ecdf.ed.ac.uk,1
57882444,0.00005,nf-MACSE_A,s2428892,r,08/26/2026,12:28:00,eddie@node1q02.ecdf.ed.ac.uk,1
57882445,0.00005,nf-MACSE_A,s2428892,r,08/26/2026,12:28:00,eddie@node1q02.ecdf.ed.ac.uk,1
57882451,0.00005,nf-MACSE_A,s2428892,r,08/26/2026,12:28:01,eddie@node1q02.ecdf.ed.ac.uk,1
57882453,0.00005,nf-MACSE_A,s2428892,r,08/26/2026,12:28:01,eddie@node1q12.ecdf.ed.ac.uk,1
57882468,0.00005,nf-MACSE_A,s2428892,r,08/26/2026,12:28:01,eddie@node1q03.ecdf.ed.ac.uk,1
57882476,0.00005,nf-MACSE_A,s2428892,r,08/26/2026,12:28:01,eddie@node1q04.ecdf.ed.ac.uk,1
57882478,0.00005,nf-MACSE_A,s2428892,r,08/26/2026,12:28:01,eddie@node1q12.ecdf.ed.ac.uk,1
57882487,0.00005,nf-MACSE_A,s2428892,r,08/26/2026,12:28:01,eddie@node1q14.ecdf.ed.ac.uk,1
57882489,0.00005,nf-MACSE_A,s2428892,r,08/26/2026,12:28:01,eddie@node1g08.ecdf.ed.ac.uk,1
57882498,0.00005,nf-MACSE_A,s2428892,r,08/26/2026,12:28:01,eddie@node1g10.ecdf.ed.ac.uk,1
57882499,0.00005,nf-MACSE_A,s2428892,r,08/26/2026,12:28:01,eddie@node1q14.ecdf.ed.ac.uk,1
57882500,0.00005,nf-MACSE_A,s2428892,r,08/26/2026,12:28:01,eddie@node1g09.ecdf.ed.ac.uk,1
57882503,0.00005,nf-MACSE_A,s2428892,r,08/26/2026,12:28:01,eddie@node1q14.ecdf.ed.ac.uk,1
57882512,0.00005,nf-MACSE_A,s2428892,r,08/26/2026,12:28:01,eddie@node1g09.ecdf.ed.ac.uk,1
57882154,0.00005,nf-MACSE_A,s2428892,r,08/26/2026,12:26:28,eddie@node1q13.ecdf.ed.ac.uk,1
57879925,0.00005,nf-MACSE_A,s2428892,r,08/26/2026,12:14:26,eddie@node1q03.ecdf.ed.ac.uk,1
57882161,0.00005,nf-MACSE_A,s2428892,r,08/26/2026,12:26:28,eddie@node1q15.ecdf.ed.ac.uk,1
57882176,0.00005,nf-MACSE_A,s2428892,r,08/26/2026,12:26:28,eddie@node1q02.ecdf.ed.ac.uk,1
57882186,0.00005,nf-MACSE_A,s2428892,r,08/26/2026,12:26:28,eddie@node1q12.ecdf.ed.ac.uk,1
57882206,0.00005,nf-MACSE_A,s2428892,r,08/26/2026,12:26:28,eddie@node1q14.ecdf.ed.ac.uk,1
57881550,0.00005,nf-MACSE_A,s2428892,r,08/26/2026,12:22:58,eddie@node1q02.ecdf.ed.ac.uk,1
57881612,0.00005,nf-MACSE_A,s2428892,r,08/26/2026,12:22:59,eddie@node1g10.ecdf.ed.ac.uk,1
57882007,0.00005,nf-MACSE_A,s2428892,r,08/26/2026,12:25:27,eddie@node1q03.ecdf.ed.ac.uk,1
57882011,0.00005,nf-MACSE_A,s2428892,r,08/26/2026,12:25:27,eddie@node1q04.ecdf.ed.ac.uk,1
57881651,0.00005,nf-MACSE_A,s2428892,r,08/26/2026,12:23:26,eddie@node1q02.ecdf.ed.ac.uk,1
57880409,0.00005,nf-MACSE_A,s2428892,r,08/26/2026,12:16:56,eddie@node1q15.ecdf.ed.ac.uk,1
57880193,0.00005,nf-MACSE_A,s2428892,r,08/26/2026,12:15:56,eddie@node1q13.ecdf.ed.ac.uk,1
57880828,0.00005,nf-MACSE_A,s2428892,r,08/26/2026,12:19:29,eddie@node1q13.ecdf.ed.ac.uk,1
57880866,0.00005,nf-MACSE_A,s2428892,r,08/26/2026,12:19:29,eddie@node1q04.ecdf.ed.ac.uk,1
57882351,0.00005,nf-MACSE_A,s2428892,r,08/26/2026,12:27:27,eddie@node1q15.ecdf.ed.ac.uk,1
57882366,0.00005,nf-MACSE_A,s2428892,r,08/26/2026,12:27:27,eddie@node1q04.ecdf.ed.ac.uk,1
57882380,0.00005,nf-MACSE_A,s2428892,r,08/26/2026,12:27:27,eddie@node1q03.ecdf.ed.ac.uk,1
57880500,0.00005,nf-MACSE_A,s2428892,r,08/26/2026,12:17:26,eddie@node1q15.ecdf.ed.ac.uk,1
57881742,0.00005,nf-MACSE_A,s2428892,r,08/26/2026,12:23:57,eddie@node1q02.ecdf.ed.ac.uk,1
57881944,0.00005,nf-MACSE_A,s2428892,r,08/26/2026,12:24:58,eddie@node1g09.ecdf.ed.ac.uk,1
57881836,0.00004,nf-MACSE_A,s2428892,r,08/26/2026,12:24:30,eddie@node1q12.ecdf.ed.ac.uk,1
57881841,0.00004,nf-MACSE_A,s2428892,r,08/26/2026,12:24:30,eddie@node1q03.ecdf.ed.ac.uk,1
57882312,0.00004,nf-MACSE_A,s2428892,r,08/26/2026,12:27:00,eddie@node1g09.ecdf.ed.ac.uk,1
57882315,0.00004,nf-MACSE_A,s2428892,r,08/26/2026,12:27:00,eddie@node1g08.ecdf.ed.ac.uk,1
57879905,0.00004,nf-MACSE_A,s2428892,r,08/26/2026,12:14:00,eddie@node1g08.ecdf.ed.ac.uk,1
57882391,0.00004,nf-MACSE_A,s2428892,r,08/26/2026,12:27:32,eddie@node1q13.ecdf.ed.ac.uk,1
57882393,0.00004,nf-MACSE_A,s2428892,r,08/26/2026,12:27:32,eddie@node1q15.ecdf.ed.ac.uk,1
57882395,0.00004,nf-MACSE_A,s2428892,r,08/26/2026,12:27:32,eddie@node1q04.ecdf.ed.ac.uk,1
57882401,0.00004,nf-MACSE_A,s2428892,r,08/26/2026,12:27:32,eddie@node1g09.ecdf.ed.ac.uk,1
57882404,0.00004,nf-MACSE_A,s2428892,r,08/26/2026,12:27:32,eddie@node1g09.ecdf.ed.ac.uk,1
57882416,0.00004,nf-MACSE_A,s2428892,r,08/26/2026,12:27:32,eddie@node1g09.ecdf.ed.ac.uk,1
57882788,0.00004,nf-MACSE_A,s2428892,r,08/26/2026,12:29:33,eddie@node1q13.ecdf.ed.ac.uk,1
57882791,0.00004,nf-MACSE_A,s2428892,r,08/26/2026,12:29:33,eddie@node1q02.ecdf.ed.ac.uk,1
57882792,0.00004,nf-MACSE_A,s2428892,r,08/26/2026,12:29:33,eddie@node1q02.ecdf.ed.ac.uk,1
57882793,0.00004,nf-MACSE_A,s2428892,r,08/26/2026,12:29:33,eddie@node1q12.ecdf.ed.ac.uk,1
57882794,0.00004,nf-MACSE_A,s2428892,r,08/26/2026,12:29:33,eddie@node1q12.ecdf.ed.ac.uk,1
57882795,0.00004,nf-MACSE_A,s2428892,r,08/26/2026,12:29:33,eddie@node1q12.ecdf.ed.ac.uk,1
57882796,0.00004,nf-MACSE_A,s2428892,r,08/26/2026,12:29:33,eddie@node1q04.ecdf.ed.ac.uk,1
57882596,0.00004,nf-MACSE_A,s2428892,r,08/26/2026,12:28:32,eddie@node1q15.ecdf.ed.ac.uk,1
57882598,0.00004,nf-MACSE_A,s2428892,r,08/26/2026,12:28:32,eddie@node1q12.ecdf.ed.ac.uk,1
57881332,0.00004,nf-MACSE_A,s2428892,r,08/26/2026,12:21:33,eddie@node1q12.ecdf.ed.ac.uk,1
57873788,0.00003,b_r2405_05,wdewulf,r,08/26/2026,11:40:00,eddie@node1l04.ecdf.ed.ac.uk,1,1
57873788,0.00003,b_r2405_05,wdewulf,r,08/26/2026,11:40:00,eddie@node1k07.ecdf.ed.ac.uk,1,2
57873788,0.00003,b_r2405_05,wdewulf,r,08/26/2026,11:40:00,eddie@node1k05.ecdf.ed.ac.uk,1,3
57873788,0.00003,b_r2405_05,wdewulf,r,08/26/2026,11:40:00,eddie@node1j18.ecdf.ed.ac.uk,1,4
57873788,0.00003,b_r2405_05,wdewulf,r,08/26/2026,11:40:00,eddie@node1j23.ecdf.ed.ac.uk,1,5
57873788,0.00003,b_r2405_05,wdewulf,r,08/26/2026,11:40:00,eddie@node1l04.ecdf.ed.ac.uk,1,6
57873788,0.00003,b_r2405_05,wdewulf,r,08/26/2026,11:40:00,eddie@node1k07.ecdf.ed.ac.uk,1,7
57873788,0.00003,b_r2405_05,wdewulf,r,08/26/2026,11:40:00,eddie@node1k05.ecdf.ed.ac.uk,1,8
57873788,0.00003,b_r2405_05,wdewulf,r,08/26/2026,11:40:00,eddie@node1j18.ecdf.ed.ac.uk,1,9
57873788,0.00003,b_r2405_05,wdewulf,r,08/26/2026,11:40:00,eddie@node1j23.ecdf.ed.ac.uk,1,10
57873788,0.00003,b_r2405_05,wdewulf,r,08/26/2026,11:40:00,eddie@node1l04.ecdf.ed.ac.uk,1,11
57873788,0.00003,b_r2405_05,wdewulf,r,08/26/2026,11:40:00,eddie@node1k07.ecdf.ed.ac.uk,1,12
57873788,0.00003,b_r2405_05,wdewulf,r,08/26/2026,11:40:00,eddie@node1k05.ecdf.ed.ac.uk,1,13
57873788,0.00003,b_r2405_05,wdewulf,r,08/26/2026,11:40:00,eddie@node1l06.ecdf.ed.ac.uk,1,14
57873788,0.00003,b_r2405_05,wdewulf,r,08/26/2026,11:40:00,eddie@node1l04.ecdf.ed.ac.uk,1,15
57873788,0.00003,b_r2405_05,wdewulf,r,08/26/2026,11:40:00,eddie@node1k07.ecdf.ed.ac.uk,1,16
57873788,0.00003,b_r2405_05,wdewulf,r,08/26/2026,11:40:00,eddie@node1k05.ecdf.ed.ac.uk,1,17
57873788,0.00003,b_r2405_05,wdewulf,r,08/26/2026,11:40:00,eddie@node1l06.ecdf.ed.ac.uk,1,18
57873788,0.00003,b_r2405_05,wdewulf,r,08/26/2026,11:40:00,eddie@node1l04.ecdf.ed.ac.uk,1,19
57873788,0.00003,b_r2405_05,wdewulf,r,08/26/2026,11:40:00,eddie@node1k07.ecdf.ed.ac.uk,1,20
57873788,0.00003,b_r2405_05,wdewulf,r,08/26/2026,11:40:00,eddie@node1k05.ecdf.ed.ac.uk,1,21
57873788,0.00003,b_r2405_05,wdewulf,r,08/26/2026,11:40:00,eddie@node1l06.ecdf.ed.ac.uk,1,22
57873788,0.00003,b_r2405_05,wdewulf,r,08/26/2026,11:40:00,eddie@node1l04.ecdf.ed.ac.uk,1,23
57873788,0.00003,b_r2405_05,wdewulf,r,08/26/2026,11:40:00,eddie@node1k07.ecdf.ed.ac.uk,1,24
57873788,0.00003,b_r2405_05,wdewulf,r,08/26/2026,11:40:00,eddie@node1k05.ecdf.ed.ac.uk,1,25
57873788,0.00003,b_r2405_05,wdewulf,r,08/26/2026,11:40:00,eddie@node1l04.ecdf.ed.ac.uk,1,27
57873788,0.00003,b_r2405_05,wdewulf,r,08/26/2026,11:40:00,eddie@node1k07.ecdf.ed.ac.uk,1,28
57873790,0.00003,b_r2405_13,wdewulf,r,08/26/2026,11:40:00,eddie@node1k05.ecdf.ed.ac.uk,1,1
57873790,0.00003,b_r2405_13,wdewulf,r,08/26/2026,11:40:00,eddie@node1l06.ecdf.ed.ac.uk,1,2
57873790,0.00003,b_r2405_13,wdewulf,r,08/26/2026,11:40:00,eddie@node1l04.ecdf.ed.ac.uk,1,3
57873790,0.00003,b_r2405_13,wdewulf,r,08/26/2026,11:40:00,eddie@node1k07.ecdf.ed.ac.uk,1,4
57873790,0.00003,b_r2405_13,wdewulf,r,08/26/2026,11:40:00,eddie@node1m12.ecdf.ed.ac.uk,1,5
57873790,0.00003,b_r2405_13,wdewulf,r,08/26/2026,11:40:00,eddie@node1k05.ecdf.ed.ac.uk,1,6
57873790,0.00003,b_r2405_13,wdewulf,r,08/26/2026,11:40:00,eddie@node1l04.ecdf.ed.ac.uk,1,7
57873790,0.00003,b_r2405_13,wdewulf,r,08/26/2026,11:40:00,eddie@node1k07.ecdf.ed.ac.uk,1,8
57873790,0.00003,b_r2405_13,wdewulf,r,08/26/2026,11:40:00,eddie@node1m12.ecdf.ed.ac.uk,1,9
57873790,0.00003,b_r2405_13,wdewulf,r,08/26/2026,11:40:00,eddie@node1k05.ecdf.ed.ac.uk,1,10
57873792,0.00003,c_r2405_19,wdewulf,r,08/26/2026,11:40:00,eddie@node1l04.ecdf.ed.ac.uk,1,1
57873792,0.00003,c_r2405_19,wdewulf,r,08/26/2026,11:40:00,eddie@node1k07.ecdf.ed.ac.uk,1,2
57873792,0.00003,c_r2405_19,wdewulf,r,08/26/2026,11:40:00,eddie@node1m12.ecdf.ed.ac.uk,1,3
57873792,0.00003,c_r2405_19,wdewulf,r,08/26/2026,11:40:00,eddie@node1k05.ecdf.ed.ac.uk,1,4
57873792,0.00003,c_r2405_19,wdewulf,r,08/26/2026,11:40:00,eddie@node1l04.ecdf.ed.ac.uk,1,5
57873792,0.00003,c_r2405_19,wdewulf,r,08/26/2026,11:40:00,eddie@node1k07.ecdf.ed.ac.uk,1,6
57873792,0.00003,c_r2405_19,wdewulf,r,08/26/2026,11:40:00,eddie@node1m12.ecdf.ed.ac.uk,1,7
57873792,0.00003,c_r2405_19,wdewulf,r,08/26/2026,11:40:00,eddie@node1k05.ecdf.ed.ac.uk,1,8
57873792,0.00003,c_r2405_19,wdewulf,r,08/26/2026,11:40:00,eddie@node1l04.ecdf.ed.ac.uk,1,9
57873792,0.00003,c_r2405_19,wdewulf,r,08/26/2026,11:40:00,eddie@node1k07.ecdf.ed.ac.uk,1,10
57873792,0.00003,c_r2405_19,wdewulf,r,08/26/2026,11:40:00,eddie@node1m12.ecdf.ed.ac.uk,1,11
57873792,0.00003,c_r2405_19,wdewulf,r,08/26/2026,11:40:00,eddie@node1k05.ecdf.ed.ac.uk,1,12
57873792,0.00003,c_r2405_19,wdewulf,r,08/26/2026,11:40:00,eddie@node1l04.ecdf.ed.ac.uk,1,13
57873792,0.00003,c_r2405_19,wdewulf,r,08/26/2026,11:40:00,eddie@node1k07.ecdf.ed.ac.uk,1,14
57873794,0.00003,c_r2405_12,wdewulf,r,08/26/2026,11:40:00,eddie@node1k05.ecdf.ed.ac.uk,1,1
57873794,0.00003,c_r2405_12,wdewulf,r,08/26/2026,11:40:00,eddie@node1l04.ecdf.ed.ac.uk,1,2
57873794,0.00003,c_r2405_12,wdewulf,r,08/26/2026,11:40:00,eddie@node1k07.ecdf.ed.ac.uk,1,3
57873794,0.00003,c_r2405_12,wdewulf,r,08/26/2026,11:40:00,eddie@node1k05.ecdf.ed.ac.uk,1,4
57873794,0.00003,c_r2405_12,wdewulf,r,08/26/2026,11:40:00,eddie@node1l04.ecdf.ed.ac.uk,1,5
57873794,0.00003,c_r2405_12,wdewulf,r,08/26/2026,11:40:00,eddie@node1k07.ecdf.ed.ac.uk,1,6
57873794,0.00003,c_r2405_12,wdewulf,r,08/26/2026,11:40:00,eddie@node1k05.ecdf.ed.ac.uk,1,7
57873794,0.00003,c_r2405_12,wdewulf,r,08/26/2026,11:40:00,eddie@node1l04.ecdf.ed.ac.uk,1,8
57873794,0.00003,c_r2405_12,wdewulf,r,08/26/2026,11:40:00,eddie@node1k07.ecdf.ed.ac.uk,1,9
57873794,0.00003,c_r2405_12,wdewulf,r,08/26/2026,11:40:00,eddie@node1k05.ecdf.ed.ac.uk,1,10
57873794,0.00003,c_r2405_12,wdewulf,r,08/26/2026,11:40:00,eddie@node1l04.ecdf.ed.ac.uk,1,11
57873794,0.00003,c_r2405_12,wdewulf,r,08/26/2026,11:40:00,eddie@node1k07.ecdf.ed.ac.uk,1,12
57873794,0.00003,c_r2405_12,wdewulf,r,08/26/2026,11:40:00,eddie@node1k05.ecdf.ed.ac.uk,1,13
57873794,0.00003,c_r2405_12,wdewulf,r,08/26/2026,11:40:01,eddie@node1l04.ecdf.ed.ac.uk,1,14
57873794,0.00003,c_r2405_12,wdewulf,r,08/26/2026,11:40:01,eddie@node1k07.ecdf.ed.ac.uk,1,15
57873794,0.00003,c_r2405_12,wdewulf,r,08/26/2026,11:40:01,eddie@node1k05.ecdf.ed.ac.uk,1,16
57873794,0.00003,c_r2405_12,wdewulf,r,08/26/2026,11:40:01,eddie@node1l04.ecdf.ed.ac.uk,1,17
57873794,0.00003,c_r2405_12,wdewulf,r,08/26/2026,11:40:01,eddie@node1k07.ecdf.ed.ac.uk,1,18
57873797,0.00003,c_r2405_05,wdewulf,r,08/26/2026,11:40:05,eddie@node1k05.ecdf.ed.ac.uk,1,1
57873797,0.00003,c_r2405_05,wdewulf,r,08/26/2026,11:40:05,eddie@node1l08.ecdf.ed.ac.uk,1,2
57873797,0.00003,c_r2405_05,wdewulf,r,08/26/2026,11:40:05,eddie@node1l04.ecdf.ed.ac.uk,1,3
57873797,0.00003,c_r2405_05,wdewulf,r,08/26/2026,11:40:05,eddie@node1k07.ecdf.ed.ac.uk,1,4
57873797,0.00003,c_r2405_05,wdewulf,r,08/26/2026,11:40:05,eddie@node1k05.ecdf.ed.ac.uk,1,5
57873797,0.00003,c_r2405_05,wdewulf,r,08/26/2026,11:40:05,eddie@node1l08.ecdf.ed.ac.uk,1,6
57873797,0.00003,c_r2405_05,wdewulf,r,08/26/2026,11:40:05,eddie@node1l04.ecdf.ed.ac.uk,1,7
57873797,0.00003,c_r2405_05,wdewulf,r,08/26/2026,11:40:05,eddie@node1k07.ecdf.ed.ac.uk,1,8
57873797,0.00003,c_r2405_05,wdewulf,r,08/26/2026,11:40:05,eddie@node1k05.ecdf.ed.ac.uk,1,9
57873797,0.00003,c_r2405_05,wdewulf,r,08/26/2026,11:40:05,eddie@node1l08.ecdf.ed.ac.uk,1,10
57873797,0.00003,c_r2405_05,wdewulf,r,08/26/2026,11:40:05,eddie@node1l04.ecdf.ed.ac.uk,1,11
57873797,0.00003,c_r2405_05,wdewulf,r,08/26/2026,11:40:05,eddie@node1k07.ecdf.ed.ac.uk,1,12
57873797,0.00003,c_r2405_05,wdewulf,r,08/26/2026,11:40:05,eddie@node1k05.ecdf.ed.ac.uk,1,13
57873797,0.00003,c_r2405_05,wdewulf,r,08/26/2026,11:40:05,eddie@node1l08.ecdf.ed.ac.uk,1,14
57873797,0.00003,c_r2405_05,wdewulf,r,08/26/2026,11:40:05,eddie@node1l04.ecdf.ed.ac.uk,1,15
57873797,0.00003,c_r2405_05,wdewulf,r,08/26/2026,11:40:05,eddie@node1k07.ecdf.ed.ac.uk,1,16
57873797,0.00003,c_r2405_05,wdewulf,r,08/26/2026,11:40:05,eddie@node1k05.ecdf.ed.ac.uk,1,17
57873797,0.00003,c_r2405_05,wdewulf,r,08/26/2026,11:40:05,eddie@node1l08.ecdf.ed.ac.uk,1,18
57873797,0.00003,c_r2405_05,wdewulf,r,08/26/2026,11:40:05,eddie@node1l08.ecdf.ed.ac.uk,1,19
57873797,0.00003,c_r2405_05,wdewulf,r,08/26/2026,11:40:05,eddie@node1l08.ecdf.ed.ac.uk,1,20
57873797,0.00003,c_r2405_05,wdewulf,r,08/26/2026,11:40:05,eddie@node1l08.ecdf.ed.ac.uk,1,21
57873797,0.00003,c_r2405_05,wdewulf,r,08/26/2026,11:40:05,eddie@node1l08.ecdf.ed.ac.uk,1,22
57873797,0.00003,c_r2405_05,wdewulf,r,08/26/2026,11:40:05,eddie@node1l08.ecdf.ed.ac.uk,1,23
57873797,0.00003,c_r2405_05,wdewulf,r,08/26/2026,11:40:05,eddie@node1l08.ecdf.ed.ac.uk,1,24
57873797,0.00003,c_r2405_05,wdewulf,r,08/26/2026,11:40:05,eddie@node1l08.ecdf.ed.ac.uk,1,25
57873797,0.00003,c_r2405_05,wdewulf,r,08/26/2026,11:40:05,eddie@node1l08.ecdf.ed.ac.uk,1,26
57873797,0.00003,c_r2405_05,wdewulf,r,08/26/2026,11:40:05,eddie@node1l08.ecdf.ed.ac.uk,1,27
57873799,0.00003,c_r2405_08,wdewulf,r,08/26/2026,11:40:05,eddie@node1i25.ecdf.ed.ac.uk,1,1
57873801,0.00003,c_r2405_17,wdewulf,r,08/26/2026,11:40:05,eddie@node1i17.ecdf.ed.ac.uk,1,1
57873801,0.00003,c_r2405_17,wdewulf,r,08/26/2026,11:40:05,eddie@node1i17.ecdf.ed.ac.uk,1,4
57873803,0.00003,c_r2405_13,wdewulf,r,08/26/2026,11:40:05,eddie@node1q05.ecdf.ed.ac.uk,1,1
57873803,0.00003,c_r2405_13,wdewulf,r,08/26/2026,11:40:05,eddie@node1n16.ecdf.ed.ac.uk,1,2
57873803,0.00003,c_r2405_13,wdewulf,r,08/26/2026,11:40:05,eddie@node1n16.ecdf.ed.ac.uk,1,4
57873803,0.00003,c_r2405_13,wdewulf,r,08/26/2026,11:40:05,eddie@node1n16.ecdf.ed.ac.uk,1,6
57873803,0.00003,c_r2405_13,wdewulf,r,08/26/2026,11:40:05,eddie@node1n16.ecdf.ed.ac.uk,1,8
57873803,0.00003,c_r2405_13,wdewulf,r,08/26/2026,11:40:05,eddie@node1n14.ecdf.ed.ac.uk,1,9
57873803,0.00003,c_r2405_13,wdewulf,r,08/26/2026,11:40:05,eddie@node1q06.ecdf.ed.ac.uk,1,10
57873809,0.00002,d_r2405_08,wdewulf,r,08/26/2026,11:40:09,eddie@node1n13.ecdf.ed.ac.uk,1,1
57873811,0.00002,a_r2375_01,wdewulf,r,08/26/2026,11:40:09,eddie@node1n13.ecdf.ed.ac.uk,1,1
57873811,0.00002,a_r2375_01,wdewulf,r,08/26/2026,11:40:09,eddie@node1n13.ecdf.ed.ac.uk,1,2
57873811,0.00002,a_r2375_01,wdewulf,r,08/26/2026,11:40:09,eddie@node1n13.ecdf.ed.ac.uk,1,3
57873811,0.00002,a_r2375_01,wdewulf,r,08/26/2026,11:40:09,eddie@node1e09.ecdf.ed.ac.uk,1,4
57873811,0.00002,a_r2375_01,wdewulf,r,08/26/2026,11:40:09,eddie@node1e01.ecdf.ed.ac.uk,1,5
57873813,0.00002,a_r2375_30,wdewulf,r,08/26/2026,11:40:09,eddie@node1d09.ecdf.ed.ac.uk,1,1
57873813,0.00002,a_r2375_30,wdewulf,r,08/26/2026,11:40:09,eddie@node1i24.ecdf.ed.ac.uk,1,2
57873813,0.00002,a_r2375_30,wdewulf,r,08/26/2026,11:40:09,eddie@node1d03.ecdf.ed.ac.uk,1,3
57873813,0.00002,a_r2375_30,wdewulf,r,08/26/2026,11:40:09,eddie@node1d01.ecdf.ed.ac.uk,1,4
57873813,0.00002,a_r2375_30,wdewulf,r,08/26/2026,11:40:09,eddie@node1d02.ecdf.ed.ac.uk,1,5
57873817,0.00002,a_r2375_14,wdewulf,r,08/26/2026,11:40:09,eddie@node1e01.ecdf.ed.ac.uk,1,1
57873817,0.00002,a_r2375_14,wdewulf,r,08/26/2026,11:40:09,eddie@node1e09.ecdf.ed.ac.uk,1,2
57873817,0.00002,a_r2375_14,wdewulf,r,08/26/2026,11:40:09,eddie@node1d04.ecdf.ed.ac.uk,1,3
57873817,0.00002,a_r2375_14,wdewulf,r,08/26/2026,11:40:09,eddie@node1d06.ecdf.ed.ac.uk,1,4
57873819,0.00002,a_r2375_26,wdewulf,r,08/26/2026,11:40:09,eddie@node1e08.ecdf.ed.ac.uk,1,1
57873819,0.00002,a_r2375_26,wdewulf,r,08/26/2026,11:40:09,eddie@node1e02.ecdf.ed.ac.uk,1,2
57873819,0.00002,a_r2375_26,wdewulf,r,08/26/2026,11:40:09,eddie@node1e09.ecdf.ed.ac.uk,1,3
57873821,0.00002,a_r2375_31,wdewulf,r,08/26/2026,11:40:09,eddie@node1e01.ecdf.ed.ac.uk,1,1
57873821,0.00002,a_r2375_31,wdewulf,r,08/26/2026,11:40:09,eddie@node1d09.ecdf.ed.ac.uk,1,2
57873821,0.00002,a_r2375_31,wdewulf,r,08/26/2026,11:40:09,eddie@node1d03.ecdf.ed.ac.uk,1,3
57873821,0.00002,a_r2375_31,wdewulf,r,08/26/2026,11:40:09,eddie@node1d01.ecdf.ed.ac.uk,1,4
57873821,0.00002,a_r2375_31,wdewulf,r,08/26/2026,11:40:09,eddie@node1d02.ecdf.ed.ac.uk,1,5
57873821,0.00002,a_r2375_31,wdewulf,r,08/26/2026,11:40:09,eddie@node1i24.ecdf.ed.ac.uk,1,6
57873823,0.00002,a_r2375_13,wdewulf,r,08/26/2026,11:40:09,eddie@node1d04.ecdf.ed.ac.uk,1,1
57873823,0.00002,a_r2375_13,wdewulf,r,08/26/2026,11:40:09,eddie@node1d06.ecdf.ed.ac.uk,1,2
57873823,0.00002,a_r2375_13,wdewulf,r,08/26/2026,11:40:09,eddie@node1e08.ecdf.ed.ac.uk,1,3
57873823,0.00002,a_r2375_13,wdewulf,r,08/26/2026,11:40:09,eddie@node1e02.ecdf.ed.ac.uk,1,4
57873823,0.00002,a_r2375_13,wdewulf,r,08/26/2026,11:40:09,eddie@node1d02.ecdf.ed.ac.uk,1,5
57873823,0.00002,a_r2375_13,wdewulf,r,08/26/2026,11:40:09,eddie@node1d01.ecdf.ed.ac.uk,1,6
57873825,0.00002,a_r2375_29,wdewulf,r,08/26/2026,11:40:09,eddie@node1d03.ecdf.ed.ac.uk,1,1
57873825,0.00002,a_r2375_29,wdewulf,r,08/26/2026,11:40:09,eddie@node1d09.ecdf.ed.ac.uk,1,2
57873825,0.00002,a_r2375_29,wdewulf,r,08/26/2026,11:40:09,eddie@node1e01.ecdf.ed.ac.uk,1,3
57873825,0.00002,a_r2375_29,wdewulf,r,08/26/2026,11:40:09,eddie@node1e09.ecdf.ed.ac.uk,1,4
57873828,0.00002,a_r2375_18,wdewulf,r,08/26/2026,11:40:13,eddie@node1j17.ecdf.ed.ac.uk,1,1
57873828,0.00002,a_r2375_18,wdewulf,r,08/26/2026,11:40:13,eddie@node1j17.ecdf.ed.ac.uk,1,2
57873828,0.00002,a_r2375_18,wdewulf,r,08/26/2026,11:40:13,eddie@node1j17.ecdf.ed.ac.uk,1,3
57873828,0.00002,a_r2375_18,wdewulf,r,08/26/2026,11:40:13,eddie@node1j17.ecdf.ed.ac.uk,1,4
57873828,0.00002,a_r2375_18,wdewulf,r,08/26/2026,11:40:13,eddie@node1j17.ecdf.ed.ac.uk,1,5
57873828,0.00002,a_r2375_18,wdewulf,r,08/26/2026,11:40:13,eddie@node1j17.ecdf.ed.ac.uk,1,6
57873830,0.00002,a_r2375_21,wdewulf,r,08/26/2026,11:40:13,eddie@node1j17.ecdf.ed.ac.uk,1,1
57873830,0.00002,a_r2375_21,wdewulf,r,08/26/2026,11:40:13,eddie@node1j17.ecdf.ed.ac.uk,1,2
57873830,0.00002,a_r2375_21,wdewulf,r,08/26/2026,11:40:13,eddie@node1m10.ecdf.ed.ac.uk,1,3
57873830,0.00002,a_r2375_21,wdewulf,r,08/26/2026,11:40:13,eddie@node1m10.ecdf.ed.ac.uk,1,4
57873830,0.00002,a_r2375_21,wdewulf,r,08/26/2026,11:40:13,eddie@node1m10.ecdf.ed.ac.uk,1,5
57873830,0.00002,a_r2375_21,wdewulf,r,08/26/2026,11:40:13,eddie@node1m10.ecdf.ed.ac.uk,1,6
57873832,0.00002,a_r2375_06,wdewulf,r,08/26/2026,11:40:13,eddie@node1l20.ecdf.ed.ac.uk,1,1
57873832,0.00002,a_r2375_06,wdewulf,r,08/26/2026,11:40:13,eddie@node1k02.ecdf.ed.ac.uk,1,2
57873832,0.00002,a_r2375_06,wdewulf,r,08/26/2026,11:40:13,eddie@node1l20.ecdf.ed.ac.uk,1,3
57873832,0.00002,a_r2375_06,wdewulf,r,08/26/2026,11:40:13,eddie@node1k02.ecdf.ed.ac.uk,1,4
57873834,0.00002,a_r2375_07,wdewulf,r,08/26/2026,11:40:13,eddie@node1j09.ecdf.ed.ac.uk,1,1
57873834,0.00002,a_r2375_07,wdewulf,r,08/26/2026,11:40:13,eddie@node1j11.ecdf.ed.ac.uk,1,2
57873834,0.00002,a_r2375_07,wdewulf,r,08/26/2026,11:40:13,eddie@node1m07.ecdf.ed.ac.uk,1,3
57873834,0.00002,a_r2375_07,wdewulf,r,08/26/2026,11:40:13,eddie@node1m07.ecdf.ed.ac.uk,1,4
57873834,0.00002,a_r2375_07,wdewulf,r,08/26/2026,11:40:13,eddie@node1l09.ecdf.ed.ac.uk,1,5
57873834,0.00002,a_r2375_07,wdewulf,r,08/26/2026,11:40:13,eddie@node1l09.ecdf.ed.ac.uk,1,6
57873836,0.00002,a_r2375_02,wdewulf,r,08/26/2026,11:40:13,eddie@node1l09.ecdf.ed.ac.uk,1,1
57873838,0.00002,a_r2375_03,wdewulf,r,08/26/2026,11:40:13,eddie@node1l09.ecdf.ed.ac.uk,1,1
57873838,0.00002,a_r2375_03,wdewulf,r,08/26/2026,11:40:13,eddie@node1j07.ecdf.ed.ac.uk,1,2
57873840,0.00002,a_r2375_27,wdewulf,r,08/26/2026,11:40:13,eddie@node1l09.ecdf.ed.ac.uk,1,1
57873840,0.00002,a_r2375_27,wdewulf,r,08/26/2026,11:40:13,eddie@node1j07.ecdf.ed.ac.uk,1,2
57873840,0.00002,a_r2375_27,wdewulf,r,08/26/2026,11:40:13,eddie@node1l01.ecdf.ed.ac.uk,1,3
57873840,0.00002,a_r2375_27,wdewulf,r,08/26/2026,11:40:13,eddie@node1l01.ecdf.ed.ac.uk,1,4
57873842,0.00002,a_r2375_15,wdewulf,r,08/26/2026,11:40:13,eddie@node1d04.ecdf.ed.ac.uk,1,1
57873842,0.00002,a_r2375_15,wdewulf,r,08/26/2026,11:40:13,eddie@node1d06.ecdf.ed.ac.uk,1,3
57873842,0.00002,a_r2375_15,wdewulf,r,08/26/2026,11:40:13,eddie@node1e08.ecdf.ed.ac.uk,1,4
57873842,0.00002,a_r2375_15,wdewulf,r,08/26/2026,11:40:13,eddie@node1i24.ecdf.ed.ac.uk,1,5
57873842,0.00002,a_r2375_15,wdewulf,r,08/26/2026,11:40:13,eddie@node1d02.ecdf.ed.ac.uk,1,6
57873844,0.00002,a_r2375_28,wdewulf,r,08/26/2026,11:40:13,eddie@node1d01.ecdf.ed.ac.uk,1,1
57873844,0.00002,a_r2375_28,wdewulf,r,08/26/2026,11:40:13,eddie@node1d03.ecdf.ed.ac.uk,1,2
57873847,0.00002,b_r2375_01,wdewulf,r,08/26/2026,11:40:18,eddie@node1j17.ecdf.ed.ac.uk,1,1
57873847,0.00002,b_r2375_01,wdewulf,r,08/26/2026,11:40:18,eddie@node1m07.ecdf.ed.ac.uk,1,2
57873847,0.00002,b_r2375_01,wdewulf,r,08/26/2026,11:40:18,eddie@node1j04.ecdf.ed.ac.uk,1,3
57873847,0.00002,b_r2375_01,wdewulf,r,08/26/2026,11:40:18,eddie@node1j07.ecdf.ed.ac.uk,1,4
57873847,0.00002,b_r2375_01,wdewulf,r,08/26/2026,11:40:18,eddie@node1j02.ecdf.ed.ac.uk,1,5
57873849,0.00002,b_r2375_30,wdewulf,r,08/26/2026,11:40:18,eddie@node1l01.ecdf.ed.ac.uk,1,1
57873849,0.00002,b_r2375_30,wdewulf,r,08/26/2026,11:40:18,eddie@node1d09.ecdf.ed.ac.uk,1,2
57873849,0.00002,b_r2375_30,wdewulf,r,08/26/2026,11:40:18,eddie@node1e09.ecdf.ed.ac.uk,1,3
57873849,0.00002,b_r2375_30,wdewulf,r,08/26/2026,11:40:18,eddie@node1d04.ecdf.ed.ac.uk,1,4
57873849,0.00002,b_r2375_30,wdewulf,r,08/26/2026,11:40:18,eddie@node1e02.ecdf.ed.ac.uk,1,5
57873851,0.00002,b_r2375_19,wdewulf,r,08/26/2026,11:40:18,eddie@node1d06.ecdf.ed.ac.uk,1,1
57873851,0.00002,b_r2375_19,wdewulf,r,08/26/2026,11:40:18,eddie@node1e04.ecdf.ed.ac.uk,1,2
57873851,0.00002,b_r2375_19,wdewulf,r,08/26/2026,11:40:18,eddie@node1e08.ecdf.ed.ac.uk,1,3
57873851,0.00002,b_r2375_19,wdewulf,r,08/26/2026,11:40:18,eddie@node1e01.ecdf.ed.ac.uk,1,4
57873851,0.00002,b_r2375_19,wdewulf,r,08/26/2026,11:40:18,eddie@node1d01.ecdf.ed.ac.uk,1,5
57873851,0.00002,b_r2375_19,wdewulf,r,08/26/2026,11:40:18,eddie@node1d03.ecdf.ed.ac.uk,1,6
57873851,0.00002,b_r2375_19,wdewulf,r,08/26/2026,11:40:18,eddie@node1e09.ecdf.ed.ac.uk,1,7
57873853,0.00002,b_r2375_14,wdewulf,r,08/26/2026,11:40:18,eddie@node1d09.ecdf.ed.ac.uk,1,1
57873853,0.00002,b_r2375_14,wdewulf,r,08/26/2026,11:40:18,eddie@node1d02.ecdf.ed.ac.uk,1,2
57873853,0.00002,b_r2375_14,wdewulf,r,08/26/2026,11:40:18,eddie@node1d04.ecdf.ed.ac.uk,1,3
57873853,0.00002,b_r2375_14,wdewulf,r,08/26/2026,11:40:18,eddie@node1e02.ecdf.ed.ac.uk,1,4
57873855,0.00002,b_r2375_26,wdewulf,r,08/26/2026,11:40:18,eddie@node1d06.ecdf.ed.ac.uk,1,1
57873855,0.00002,b_r2375_26,wdewulf,r,08/26/2026,11:40:18,eddie@node1e04.ecdf.ed.ac.uk,1,2
57873855,0.00002,b_r2375_26,wdewulf,r,08/26/2026,11:40:18,eddie@node1e08.ecdf.ed.ac.uk,1,3
57873857,0.00002,b_r2375_31,wdewulf,r,08/26/2026,11:40:18,eddie@node1e01.ecdf.ed.ac.uk,1,1
57873857,0.00002,b_r2375_31,wdewulf,r,08/26/2026,11:40:18,eddie@node1i24.ecdf.ed.ac.uk,1,2
57873857,0.00002,b_r2375_31,wdewulf,r,08/26/2026,11:40:18,eddie@node1d03.ecdf.ed.ac.uk,1,3
57873857,0.00002,b_r2375_31,wdewulf,r,08/26/2026,11:40:18,eddie@node1d01.ecdf.ed.ac.uk,1,4
57873857,0.00002,b_r2375_31,wdewulf,r,08/26/2026,11:40:18,eddie@node1d09.ecdf.ed.ac.uk,1,5
57873857,0.00002,b_r2375_31,wdewulf,r,08/26/2026,11:40:18,eddie@node1e09.ecdf.ed.ac.uk,1,6
57873859,0.00002,b_r2375_13,wdewulf,r,08/26/2026,11:40:18,eddie@node1d02.ecdf.ed.ac.uk,1,1
57873859,0.00002,b_r2375_13,wdewulf,r,08/26/2026,11:40:18,eddie@node1d04.ecdf.ed.ac.uk,1,2
57873859,0.00002,b_r2375_13,wdewulf,r,08/26/2026,11:40:18,eddie@node1e02.ecdf.ed.ac.uk,1,3
57873859,0.00002,b_r2375_13,wdewulf,r,08/26/2026,11:40:18,eddie@node1d06.ecdf.ed.ac.uk,1,4
57873859,0.00002,b_r2375_13,wdewulf,r,08/26/2026,11:40:18,eddie@node1e08.ecdf.ed.ac.uk,1,6
57873861,0.00002,b_r2375_29,wdewulf,r,08/26/2026,11:40:18,eddie@node1e01.ecdf.ed.ac.uk,1,1
57873861,0.00002,b_r2375_29,wdewulf,r,08/26/2026,11:40:18,eddie@node1d01.ecdf.ed.ac.uk,1,2
57873861,0.00002,b_r2375_29,wdewulf,r,08/26/2026,11:40:18,eddie@node1d03.ecdf.ed.ac.uk,1,3
57873861,0.00002,b_r2375_29,wdewulf,r,08/26/2026,11:40:18,eddie@node1e09.ecdf.ed.ac.uk,1,4
57873863,0.00002,b_r2375_18,wdewulf,r,08/26/2026,11:40:18,eddie@node1d09.ecdf.ed.ac.uk,1,1
57873863,0.00002,b_r2375_18,wdewulf,r,08/26/2026,11:40:18,eddie@node1d02.ecdf.ed.ac.uk,1,2
57873863,0.00002,b_r2375_18,wdewulf,r,08/26/2026,11:40:18,eddie@node1d04.ecdf.ed.ac.uk,1,3
57873863,0.00002,b_r2375_18,wdewulf,r,08/26/2026,11:40:18,eddie@node1e02.ecdf.ed.ac.uk,1,4
57873863,0.00002,b_r2375_18,wdewulf,r,08/26/2026,11:40:18,eddie@node1d06.ecdf.ed.ac.uk,1,5
57873863,0.00002,b_r2375_18,wdewulf,r,08/26/2026,11:40:18,eddie@node1e04.ecdf.ed.ac.uk,1,6
57873865,0.00002,b_r2375_21,wdewulf,r,08/26/2026,11:40:18,eddie@node1e08.ecdf.ed.ac.uk,1,1
57873865,0.00002,b_r2375_21,wdewulf,r,08/26/2026,11:40:18,eddie@node1e01.ecdf.ed.ac.uk,1,2
57873865,0.00002,b_r2375_21,wdewulf,r,08/26/2026,11:40:18,eddie@node1i24.ecdf.ed.ac.uk,1,3
57873865,0.00002,b_r2375_21,wdewulf,r,08/26/2026,11:40:18,eddie@node1d03.ecdf.ed.ac.uk,1,4
57873865,0.00002,b_r2375_21,wdewulf,r,08/26/2026,11:40:18,eddie@node1d01.ecdf.ed.ac.uk,1,5
57873865,0.00002,b_r2375_21,wdewulf,r,08/26/2026,11:40:18,eddie@node1d09.ecdf.ed.ac.uk,1,6
57873867,0.00002,b_r2375_06,wdewulf,r,08/26/2026,11:40:18,eddie@node1e09.ecdf.ed.ac.uk,1,1
57873867,0.00002,b_r2375_06,wdewulf,r,08/26/2026,11:40:18,eddie@node1d02.ecdf.ed.ac.uk,1,2
57873867,0.00002,b_r2375_06,wdewulf,r,08/26/2026,11:40:18,eddie@node1d04.ecdf.ed.ac.uk,1,3
57873867,0.00002,b_r2375_06,wdewulf,r,08/26/2026,11:40:18,eddie@node1e02.ecdf.ed.ac.uk,1,4
57873870,0.00002,b_r2375_07,wdewulf,r,08/26/2026,11:40:21,eddie@node1m11.ecdf.ed.ac.uk,1,1
57873870,0.00002,b_r2375_07,wdewulf,r,08/26/2026,11:40:21,eddie@node1j02.ecdf.ed.ac.uk,1,2
57873870,0.00002,b_r2375_07,wdewulf,r,08/26/2026,11:40:21,eddie@node1j07.ecdf.ed.ac.uk,1,3
57873870,0.00002,b_r2375_07,wdewulf,r,08/26/2026,11:40:21,eddie@node1j02.ecdf.ed.ac.uk,1,4
57873870,0.00002,b_r2375_07,wdewulf,r,08/26/2026,11:40:21,eddie@node1j02.ecdf.ed.ac.uk,1,5
57873870,0.00002,b_r2375_07,wdewulf,r,08/26/2026,11:40:21,eddie@node1j18.ecdf.ed.ac.uk,1,6
57873872,0.00002,b_r2375_05,wdewulf,r,08/26/2026,11:40:21,eddie@node1j18.ecdf.ed.ac.uk,1,1
57873872,0.00002,b_r2375_05,wdewulf,r,08/26/2026,11:40:21,eddie@node1j18.ecdf.ed.ac.uk,1,2
57873876,0.00002,b_r2375_03,wdewulf,r,08/26/2026,11:40:21,eddie@node1d06.ecdf.ed.ac.uk,1,1
57873876,0.00002,b_r2375_03,wdewulf,r,08/26/2026,11:40:21,eddie@node1e04.ecdf.ed.ac.uk,1,2
57873883,0.00002,b_r2375_28,wdewulf,r,08/26/2026,11:40:22,eddie@node1d02.ecdf.ed.ac.uk,1,1
57873883,0.00002,b_r2375_28,wdewulf,r,08/26/2026,11:40:22,eddie@node1d04.ecdf.ed.ac.uk,1,2
57873885,0.00002,b_r2375_15,wdewulf,r,08/26/2026,11:40:22,eddie@node1e02.ecdf.ed.ac.uk,1,1
57873885,0.00002,b_r2375_15,wdewulf,r,08/26/2026,11:40:22,eddie@node1d06.ecdf.ed.ac.uk,1,2
57873885,0.00002,b_r2375_15,wdewulf,r,08/26/2026,11:40:22,eddie@node1e08.ecdf.ed.ac.uk,1,4
57873885,0.00002,b_r2375_15,wdewulf,r,08/26/2026,11:40:22,eddie@node1e01.ecdf.ed.ac.uk,1,5
57873885,0.00002,b_r2375_15,wdewulf,r,08/26/2026,11:40:22,eddie@node1i24.ecdf.ed.ac.uk,1,6
57873888,0.00002,c_r2375_01,wdewulf,r,08/26/2026,11:40:26,eddie@node1j05.ecdf.ed.ac.uk,1,1
57873888,0.00002,c_r2375_01,wdewulf,r,08/26/2026,11:40:26,eddie@node1j23.ecdf.ed.ac.uk,1,2
57873888,0.00002,c_r2375_01,wdewulf,r,08/26/2026,11:40:26,eddie@node1j23.ecdf.ed.ac.uk,1,3
57873888,0.00002,c_r2375_01,wdewulf,r,08/26/2026,11:40:26,eddie@node1j23.ecdf.ed.ac.uk,1,4
57873888,0.00002,c_r2375_01,wdewulf,r,08/26/2026,11:40:26,eddie@node1j23.ecdf.ed.ac.uk,1,5
57873896,0.00002,c_r2375_26,wdewulf,r,08/26/2026,11:40:26,eddie@node1e09.ecdf.ed.ac.uk,1,1
57873896,0.00002,c_r2375_26,wdewulf,r,08/26/2026,11:40:26,eddie@node1d03.ecdf.ed.ac.uk,1,2
57873896,0.00002,c_r2375_26,wdewulf,r,08/26/2026,11:40:26,eddie@node1d01.ecdf.ed.ac.uk,1,3
57873898,0.00002,c_r2375_31,wdewulf,r,08/26/2026,11:40:26,eddie@node1d09.ecdf.ed.ac.uk,1,1
57873898,0.00002,c_r2375_31,wdewulf,r,08/26/2026,11:40:26,eddie@node1d02.ecdf.ed.ac.uk,1,2
57873898,0.00002,c_r2375_31,wdewulf,r,08/26/2026,11:40:26,eddie@node1d04.ecdf.ed.ac.uk,1,3
57873898,0.00002,c_r2375_31,wdewulf,r,08/26/2026,11:40:26,eddie@node1e02.ecdf.ed.ac.uk,1,4
57873898,0.00002,c_r2375_31,wdewulf,r,08/26/2026,11:40:27,eddie@node1e08.ecdf.ed.ac.uk,1,5
57873898,0.00002,c_r2375_31,wdewulf,r,08/26/2026,11:40:27,eddie@node1e01.ecdf.ed.ac.uk,1,6
57873900,0.00002,c_r2375_13,wdewulf,r,08/26/2026,11:40:27,eddie@node1d06.ecdf.ed.ac.uk,1,1
57873900,0.00002,c_r2375_13,wdewulf,r,08/26/2026,11:40:27,eddie@node1e09.ecdf.ed.ac.uk,1,3
57873900,0.00002,c_r2375_13,wdewulf,r,08/26/2026,11:40:27,eddie@node1d03.ecdf.ed.ac.uk,1,4
57873900,0.00002,c_r2375_13,wdewulf,r,08/26/2026,11:40:27,eddie@node1d01.ecdf.ed.ac.uk,1,5
57873900,0.00002,c_r2375_13,wdewulf,r,08/26/2026,11:40:27,eddie@node1d09.ecdf.ed.ac.uk,1,6
57873902,0.00002,c_r2375_29,wdewulf,r,08/26/2026,11:40:27,eddie@node1d02.ecdf.ed.ac.uk,1,1
57873902,0.00002,c_r2375_29,wdewulf,r,08/26/2026,11:40:27,eddie@node1d04.ecdf.ed.ac.uk,1,2
57873904,0.00002,c_r2375_18,wdewulf,r,08/26/2026,11:40:27,eddie@node1e02.ecdf.ed.ac.uk,1,1
57873904,0.00002,c_r2375_18,wdewulf,r,08/26/2026,11:40:27,eddie@node1e08.ecdf.ed.ac.uk,1,2
57873904,0.00002,c_r2375_18,wdewulf,r,08/26/2026,11:40:27,eddie@node1e01.ecdf.ed.ac.uk,1,3
57873904,0.00002,c_r2375_18,wdewulf,r,08/26/2026,11:40:27,eddie@node1d06.ecdf.ed.ac.uk,1,4
57873904,0.00002,c_r2375_18,wdewulf,r,08/26/2026,11:40:27,eddie@node1e04.ecdf.ed.ac.uk,1,5
57873904,0.00002,c_r2375_18,wdewulf,r,08/26/2026,11:40:27,eddie@node1i24.ecdf.ed.ac.uk,1,6
57873906,0.00002,c_r2375_21,wdewulf,r,08/26/2026,11:40:27,eddie@node1e09.ecdf.ed.ac.uk,1,1
57873906,0.00002,c_r2375_21,wdewulf,r,08/26/2026,11:40:27,eddie@node1d03.ecdf.ed.ac.uk,1,2
57873906,0.00002,c_r2375_21,wdewulf,r,08/26/2026,11:40:27,eddie@node1d01.ecdf.ed.ac.uk,1,3
57873906,0.00002,c_r2375_21,wdewulf,r,08/26/2026,11:40:27,eddie@node1d09.ecdf.ed.ac.uk,1,4
57873906,0.00002,c_r2375_21,wdewulf,r,08/26/2026,11:40:27,eddie@node1d02.ecdf.ed.ac.uk,1,5
57873906,0.00002,c_r2375_21,wdewulf,r,08/26/2026,11:40:27,eddie@node1d04.ecdf.ed.ac.uk,1,6
57873908,0.00002,c_r2375_06,wdewulf,r,08/26/2026,11:40:27,eddie@node1e02.ecdf.ed.ac.uk,1,1
57873908,0.00002,c_r2375_06,wdewulf,r,08/26/2026,11:40:27,eddie@node1e08.ecdf.ed.ac.uk,1,2
57873908,0.00002,c_r2375_06,wdewulf,r,08/26/2026,11:40:27,eddie@node1e01.ecdf.ed.ac.uk,1,3
57873908,0.00002,c_r2375_06,wdewulf,r,08/26/2026,11:40:27,eddie@node1d06.ecdf.ed.ac.uk,1,4
57873908,0.00002,c_r2375_06,wdewulf,r,08/26/2026,11:40:27,eddie@node1e04.ecdf.ed.ac.uk,1,5
57873913,0.00002,c_r2375_05,wdewulf,r,08/26/2026,11:40:31,eddie@node1n14.ecdf.ed.ac.uk,1,1
57873913,0.00002,c_r2375_05,wdewulf,r,08/26/2026,11:40:31,eddie@node1n14.ecdf.ed.ac.uk,1,2
57873915,0.00002,c_r2375_02,wdewulf,r,08/26/2026,11:40:31,eddie@node1e09.ecdf.ed.ac.uk,1,1
57873915,0.00002,c_r2375_02,wdewulf,r,08/26/2026,11:40:31,eddie@node1d03.ecdf.ed.ac.uk,1,2
57873915,0.00002,c_r2375_02,wdewulf,r,08/26/2026,11:40:31,eddie@node1d01.ecdf.ed.ac.uk,1,3
57873915,0.00002,c_r2375_02,wdewulf,r,08/26/2026,11:40:31,eddie@node1d02.ecdf.ed.ac.uk,1,4
57873915,0.00002,c_r2375_02,wdewulf,r,08/26/2026,11:40:31,eddie@node1e08.ecdf.ed.ac.uk,1,5
57873917,0.00002,c_r2375_03,wdewulf,r,08/26/2026,11:40:31,eddie@node1e01.ecdf.ed.ac.uk,1,1
57873917,0.00002,c_r2375_03,wdewulf,r,08/26/2026,11:40:32,eddie@node1d06.ecdf.ed.ac.uk,1,2
57873923,0.00002,c_r2375_28,wdewulf,r,08/26/2026,11:40:32,eddie@node1e08.ecdf.ed.ac.uk,1,1
57873923,0.00002,c_r2375_28,wdewulf,r,08/26/2026,11:40:32,eddie@node1d09.ecdf.ed.ac.uk,1,2
57873929,0.00002,d_r2375_21,wdewulf,r,08/26/2026,11:40:32,eddie@node1d09.ecdf.ed.ac.uk,1,1
57873929,0.00002,d_r2375_21,wdewulf,r,08/26/2026,11:40:32,eddie@node1e01.ecdf.ed.ac.uk,1,2
57873929,0.00002,d_r2375_21,wdewulf,r,08/26/2026,11:40:32,eddie@node1d06.ecdf.ed.ac.uk,1,3
57873929,0.00002,d_r2375_21,wdewulf,r,08/26/2026,11:40:32,eddie@node1e04.ecdf.ed.ac.uk,1,4
57873931,0.00002,d_r2375_06,wdewulf,r,08/26/2026,11:40:32,eddie@node1i24.ecdf.ed.ac.uk,1,1
57873931,0.00002,d_r2375_06,wdewulf,r,08/26/2026,11:40:32,eddie@node1d04.ecdf.ed.ac.uk,1,2
57873931,0.00002,d_r2375_06,wdewulf,r,08/26/2026,11:40:32,eddie@node1e09.ecdf.ed.ac.uk,1,3
57873931,0.00002,d_r2375_06,wdewulf,r,08/26/2026,11:40:32,eddie@node1d03.ecdf.ed.ac.uk,1,4
57873931,0.00002,d_r2375_06,wdewulf,r,08/26/2026,11:40:32,eddie@node1d01.ecdf.ed.ac.uk,1,5
57873933,0.00002,a_R2333_22,wdewulf,r,08/26/2026,11:40:32,eddie@node1d02.ecdf.ed.ac.uk,1,1
57873935,0.00002,a_R2333_16,wdewulf,r,08/26/2026,11:40:32,eddie@node1e02.ecdf.ed.ac.uk,1,1
57873935,0.00002,a_R2333_16,wdewulf,r,08/26/2026,11:40:32,eddie@node1e08.ecdf.ed.ac.uk,1,2
57873935,0.00002,a_R2333_16,wdewulf,r,08/26/2026,11:40:32,eddie@node1d09.ecdf.ed.ac.uk,1,3
57873942,0.00002,b_R2333_16,wdewulf,r,08/26/2026,11:40:36,eddie@node1n15.ecdf.ed.ac.uk,1,1
57873942,0.00002,b_R2333_16,wdewulf,r,08/26/2026,11:40:37,eddie@node1n15.ecdf.ed.ac.uk,1,2
57873942,0.00002,b_R2333_16,wdewulf,r,08/26/2026,11:40:37,eddie@node1n15.ecdf.ed.ac.uk,1,3
57873946,0.00002,b_R2333_19,wdewulf,r,08/26/2026,11:40:37,eddie@node1n15.ecdf.ed.ac.uk,1,1
57873946,0.00002,b_R2333_19,wdewulf,r,08/26/2026,11:40:37,eddie@node1n15.ecdf.ed.ac.uk,1,2
57873946,0.00002,b_R2333_19,wdewulf,r,08/26/2026,11:40:37,eddie@node1n15.ecdf.ed.ac.uk,1,3
57873950,0.00002,c_R2333_15,wdewulf,r,08/26/2026,11:40:37,eddie@node1n13.ecdf.ed.ac.uk,1,1
57873950,0.00002,c_R2333_15,wdewulf,r,08/26/2026,11:40:37,eddie@node1n13.ecdf.ed.ac.uk,1,2
57873956,0.00002,d_R2333_15,wdewulf,r,08/26/2026,11:40:37,eddie@node1d03.ecdf.ed.ac.uk,1,1
57873956,0.00002,d_R2333_15,wdewulf,r,08/26/2026,11:40:37,eddie@node1e08.ecdf.ed.ac.uk,1,2
57873958,0.00002,a_r2383_13,wdewulf,r,08/26/2026,11:40:37,eddie@node1e01.ecdf.ed.ac.uk,1,1
57873958,0.00002,a_r2383_13,wdewulf,r,08/26/2026,11:40:37,eddie@node1d09.ecdf.ed.ac.uk,1,2
57873958,0.00002,a_r2383_13,wdewulf,r,08/26/2026,11:40:37,eddie@node1e04.ecdf.ed.ac.uk,1,3
57873958,0.00002,a_r2383_13,wdewulf,r,08/26/2026,11:40:37,eddie@node1d04.ecdf.ed.ac.uk,1,4
57873958,0.00002,a_r2383_13,wdewulf,r,08/26/2026,11:40:37,eddie@node1e09.ecdf.ed.ac.uk,1,5
57873958,0.00002,a_r2383_13,wdewulf,r,08/26/2026,11:40:37,eddie@node1d02.ecdf.ed.ac.uk,1,6
57873958,0.00002,a_r2383_13,wdewulf,r,08/26/2026,11:40:37,eddie@node1d03.ecdf.ed.ac.uk,1,7
57873960,0.00002,a_r2383_16,wdewulf,r,08/26/2026,11:40:37,eddie@node1d01.ecdf.ed.ac.uk,1,1
57873960,0.00002,a_r2383_16,wdewulf,r,08/26/2026,11:40:37,eddie@node1e02.ecdf.ed.ac.uk,1,2
57873960,0.00002,a_r2383_16,wdewulf,r,08/26/2026,11:40:37,eddie@node1e08.ecdf.ed.ac.uk,1,3
57873960,0.00002,a_r2383_16,wdewulf,r,08/26/2026,11:40:37,eddie@node1e01.ecdf.ed.ac.uk,1,4
57873960,0.00002,a_r2383_16,wdewulf,r,08/26/2026,11:40:37,eddie@node1d09.ecdf.ed.ac.uk,1,5
57873960,0.00002,a_r2383_16,wdewulf,r,08/26/2026,11:40:37,eddie@node1d06.ecdf.ed.ac.uk,1,6
57873960,0.00002,a_r2383_16,wdewulf,r,08/26/2026,11:40:37,eddie@node1e04.ecdf.ed.ac.uk,1,7
57873962,0.00002,a_r2383_17,wdewulf,r,08/26/2026,11:40:37,eddie@node1i24.ecdf.ed.ac.uk,1,1
57873962,0.00002,a_r2383_17,wdewulf,r,08/26/2026,11:40:37,eddie@node1d04.ecdf.ed.ac.uk,1,2
57873962,0.00002,a_r2383_17,wdewulf,r,08/26/2026,11:40:37,eddie@node1e09.ecdf.ed.ac.uk,1,3
57873962,0.00002,a_r2383_17,wdewulf,r,08/26/2026,11:40:37,eddie@node1d02.ecdf.ed.ac.uk,1,4
57873962,0.00002,a_r2383_17,wdewulf,r,08/26/2026,11:40:37,eddie@node1d01.ecdf.ed.ac.uk,1,5
57873962,0.00002,a_r2383_17,wdewulf,r,08/26/2026,11:40:37,eddie@node1d03.ecdf.ed.ac.uk,1,6
57873962,0.00002,a_r2383_17,wdewulf,r,08/26/2026,11:40:37,eddie@node1e02.ecdf.ed.ac.uk,1,7
57873964,0.00002,a_r2383_12,wdewulf,r,08/26/2026,11:40:37,eddie@node1e08.ecdf.ed.ac.uk,1,1
57873964,0.00002,a_r2383_12,wdewulf,r,08/26/2026,11:40:37,eddie@node1e01.ecdf.ed.ac.uk,1,2
57873964,0.00002,a_r2383_12,wdewulf,r,08/26/2026,11:40:37,eddie@node1d09.ecdf.ed.ac.uk,1,3
57873964,0.00002,a_r2383_12,wdewulf,r,08/26/2026,11:40:37,eddie@node1d06.ecdf.ed.ac.uk,1,4
57873964,0.00002,a_r2383_12,wdewulf,r,08/26/2026,11:40:37,eddie@node1e04.ecdf.ed.ac.uk,1,5
57873964,0.00002,a_r2383_12,wdewulf,r,08/26/2026,11:40:37,eddie@node1d04.ecdf.ed.ac.uk,1,6
57873966,0.00002,a_r2383_11,wdewulf,r,08/26/2026,11:40:37,eddie@node1e09.ecdf.ed.ac.uk,1,1
57873966,0.00002,a_r2383_11,wdewulf,r,08/26/2026,11:40:37,eddie@node1d02.ecdf.ed.ac.uk,1,2
57873966,0.00002,a_r2383_11,wdewulf,r,08/26/2026,11:40:37,eddie@node1d03.ecdf.ed.ac.uk,1,3
57873966,0.00002,a_r2383_11,wdewulf,r,08/26/2026,11:40:37,eddie@node1d01.ecdf.ed.ac.uk,1,4
57873969,0.00001,a_r2383_18,wdewulf,r,08/26/2026,11:40:40,eddie@node1e02.ecdf.ed.ac.uk,1,1
57873969,0.00001,a_r2383_18,wdewulf,r,08/26/2026,11:40:40,eddie@node1e08.ecdf.ed.ac.uk,1,2
57873969,0.00001,a_r2383_18,wdewulf,r,08/26/2026,11:40:40,eddie@node1e01.ecdf.ed.ac.uk,1,3
57873969,0.00001,a_r2383_18,wdewulf,r,08/26/2026,11:40:40,eddie@node1d09.ecdf.ed.ac.uk,1,4
57873969,0.00001,a_r2383_18,wdewulf,r,08/26/2026,11:40:40,eddie@node1d06.ecdf.ed.ac.uk,1,5
57873969,0.00001,a_r2383_18,wdewulf,r,08/26/2026,11:40:40,eddie@node1e04.ecdf.ed.ac.uk,1,6
57873971,0.00001,b_r2383_13,wdewulf,r,08/26/2026,11:40:40,eddie@node1i24.ecdf.ed.ac.uk,1,1
57873971,0.00001,b_r2383_13,wdewulf,r,08/26/2026,11:40:40,eddie@node1d04.ecdf.ed.ac.uk,1,2
57873971,0.00001,b_r2383_13,wdewulf,r,08/26/2026,11:40:40,eddie@node1d01.ecdf.ed.ac.uk,1,3
57873971,0.00001,b_r2383_13,wdewulf,r,08/26/2026,11:40:40,eddie@node1d02.ecdf.ed.ac.uk,1,4
57873971,0.00001,b_r2383_13,wdewulf,r,08/26/2026,11:40:40,eddie@node1e02.ecdf.ed.ac.uk,1,5
57873971,0.00001,b_r2383_13,wdewulf,r,08/26/2026,11:40:40,eddie@node1e08.ecdf.ed.ac.uk,1,6
57873971,0.00001,b_r2383_13,wdewulf,r,08/26/2026,11:40:40,eddie@node1e01.ecdf.ed.ac.uk,1,7
57873973,0.00001,b_r2383_16,wdewulf,r,08/26/2026,11:40:40,eddie@node1d09.ecdf.ed.ac.uk,1,1
57873973,0.00001,b_r2383_16,wdewulf,r,08/26/2026,11:40:40,eddie@node1d06.ecdf.ed.ac.uk,1,2
57873973,0.00001,b_r2383_16,wdewulf,r,08/26/2026,11:40:40,eddie@node1e04.ecdf.ed.ac.uk,1,3
57873973,0.00001,b_r2383_16,wdewulf,r,08/26/2026,11:40:40,eddie@node1d04.ecdf.ed.ac.uk,1,4
57873973,0.00001,b_r2383_16,wdewulf,r,08/26/2026,11:40:40,eddie@node1d01.ecdf.ed.ac.uk,1,5
57873973,0.00001,b_r2383_16,wdewulf,r,08/26/2026,11:40:40,eddie@node1d02.ecdf.ed.ac.uk,1,6
57873973,0.00001,b_r2383_16,wdewulf,r,08/26/2026,11:40:40,eddie@node1e02.ecdf.ed.ac.uk,1,7
57873975,0.00001,b_r2383_17,wdewulf,r,08/26/2026,11:40:40,eddie@node1e08.ecdf.ed.ac.uk,1,1
57873975,0.00001,b_r2383_17,wdewulf,r,08/26/2026,11:40:40,eddie@node1e01.ecdf.ed.ac.uk,1,2
57873975,0.00001,b_r2383_17,wdewulf,r,08/26/2026,11:40:40,eddie@node1d09.ecdf.ed.ac.uk,1,3
57873975,0.00001,b_r2383_17,wdewulf,r,08/26/2026,11:40:40,eddie@node1d06.ecdf.ed.ac.uk,1,4
57873975,0.00001,b_r2383_17,wdewulf,r,08/26/2026,11:40:40,eddie@node1d03.ecdf.ed.ac.uk,1,5
57873975,0.00001,b_r2383_17,wdewulf,r,08/26/2026,11:40:40,eddie@node1e04.ecdf.ed.ac.uk,1,6
57873975,0.00001,b_r2383_17,wdewulf,r,08/26/2026,11:40:40,eddie@node1i24.ecdf.ed.ac.uk,1,7
57873977,0.00001,b_r2383_12,wdewulf,r,08/26/2026,11:40:40,eddie@node1d04.ecdf.ed.ac.uk,1,1
57873977,0.00001,b_r2383_12,wdewulf,r,08/26/2026,11:40:40,eddie@node1d01.ecdf.ed.ac.uk,1,2
57873977,0.00001,b_r2383_12,wdewulf,r,08/26/2026,11:40:40,eddie@node1d02.ecdf.ed.ac.uk,1,3
57873977,0.00001,b_r2383_12,wdewulf,r,08/26/2026,11:40:40,eddie@node1e09.ecdf.ed.ac.uk,1,4
57873977,0.00001,b_r2383_12,wdewulf,r,08/26/2026,11:40:40,eddie@node1e02.ecdf.ed.ac.uk,1,5
57873977,0.00001,b_r2383_12,wdewulf,r,08/26/2026,11:40:40,eddie@node1e08.ecdf.ed.ac.uk,1,6
57873979,0.00001,b_r2383_11,wdewulf,r,08/26/2026,11:40:40,eddie@node1e01.ecdf.ed.ac.uk,1,1
57873979,0.00001,b_r2383_11,wdewulf,r,08/26/2026,11:40:40,eddie@node1d09.ecdf.ed.ac.uk,1,2
57873982,0.00001,b_r2383_18,wdewulf,r,08/26/2026,11:40:45,eddie@node1j18.ecdf.ed.ac.uk,1,1
57873982,0.00001,b_r2383_18,wdewulf,r,08/26/2026,11:40:45,eddie@node1j18.ecdf.ed.ac.uk,1,2
57873982,0.00001,b_r2383_18,wdewulf,r,08/26/2026,11:40:45,eddie@node1j18.ecdf.ed.ac.uk,1,3
57873982,0.00001,b_r2383_18,wdewulf,r,08/26/2026,11:40:45,eddie@node1q06.ecdf.ed.ac.uk,1,4
57873982,0.00001,b_r2383_18,wdewulf,r,08/26/2026,11:40:45,eddie@node1q06.ecdf.ed.ac.uk,1,5
57873984,0.00001,c_r2383_13,wdewulf,r,08/26/2026,11:40:45,eddie@node1q06.ecdf.ed.ac.uk,1,1
57873984,0.00001,c_r2383_13,wdewulf,r,08/26/2026,11:40:45,eddie@node1n15.ecdf.ed.ac.uk,1,2
57873984,0.00001,c_r2383_13,wdewulf,r,08/26/2026,11:40:45,eddie@node1n15.ecdf.ed.ac.uk,1,3
57873984,0.00001,c_r2383_13,wdewulf,r,08/26/2026,11:40:45,eddie@node1d04.ecdf.ed.ac.uk,1,4
57873984,0.00001,c_r2383_13,wdewulf,r,08/26/2026,11:40:45,eddie@node1d02.ecdf.ed.ac.uk,1,5
57873984,0.00001,c_r2383_13,wdewulf,r,08/26/2026,11:40:45,eddie@node1d04.ecdf.ed.ac.uk,1,6
57873984,0.00001,c_r2383_13,wdewulf,r,08/26/2026,11:40:45,eddie@node1d02.ecdf.ed.ac.uk,1,7
57873986,0.00001,c_r2383_16,wdewulf,r,08/26/2026,11:40:45,eddie@node1e08.ecdf.ed.ac.uk,1,1
57873986,0.00001,c_r2383_16,wdewulf,r,08/26/2026,11:40:45,eddie@node1e01.ecdf.ed.ac.uk,1,2
57873986,0.00001,c_r2383_16,wdewulf,r,08/26/2026,11:40:45,eddie@node1d06.ecdf.ed.ac.uk,1,3
57873986,0.00001,c_r2383_16,wdewulf,r,08/26/2026,11:40:45,eddie@node1d03.ecdf.ed.ac.uk,1,4
57873986,0.00001,c_r2383_16,wdewulf,r,08/26/2026,11:40:45,eddie@node1d04.ecdf.ed.ac.uk,1,5
57873986,0.00001,c_r2383_16,wdewulf,r,08/26/2026,11:40:45,eddie@node1e09.ecdf.ed.ac.uk,1,6
57873986,0.00001,c_r2383_16,wdewulf,r,08/26/2026,11:40:45,eddie@node1d02.ecdf.ed.ac.uk,1,7
57873988,0.00001,c_r2383_17,wdewulf,r,08/26/2026,11:40:45,eddie@node1e08.ecdf.ed.ac.uk,1,1
57873988,0.00001,c_r2383_17,wdewulf,r,08/26/2026,11:40:45,eddie@node1e01.ecdf.ed.ac.uk,1,2
57873988,0.00001,c_r2383_17,wdewulf,r,08/26/2026,11:40:45,eddie@node1d09.ecdf.ed.ac.uk,1,3
57873988,0.00001,c_r2383_17,wdewulf,r,08/26/2026,11:40:45,eddie@node1d06.ecdf.ed.ac.uk,1,4
57873988,0.00001,c_r2383_17,wdewulf,r,08/26/2026,11:40:45,eddie@node1d03.ecdf.ed.ac.uk,1,5
57873988,0.00001,c_r2383_17,wdewulf,r,08/26/2026,11:40:45,eddie@node1d01.ecdf.ed.ac.uk,1,7
57873990,0.00001,c_r2383_12,wdewulf,r,08/26/2026,11:40:45,eddie@node1d04.ecdf.ed.ac.uk,1,1
57873990,0.00001,c_r2383_12,wdewulf,r,08/26/2026,11:40:45,eddie@node1e09.ecdf.ed.ac.uk,1,2
57873990,0.00001,c_r2383_12,wdewulf,r,08/26/2026,11:40:45,eddie@node1d02.ecdf.ed.ac.uk,1,3
57873990,0.00001,c_r2383_12,wdewulf,r,08/26/2026,11:40:45,eddie@node1e02.ecdf.ed.ac.uk,1,4
57873990,0.00001,c_r2383_12,wdewulf,r,08/26/2026,11:40:45,eddie@node1e08.ecdf.ed.ac.uk,1,5
57873990,0.00001,c_r2383_12,wdewulf,r,08/26/2026,11:40:45,eddie@node1e01.ecdf.ed.ac.uk,1,6
57873992,0.00001,c_r2383_11,wdewulf,r,08/26/2026,11:40:45,eddie@node1d09.ecdf.ed.ac.uk,1,1
57873992,0.00001,c_r2383_11,wdewulf,r,08/26/2026,11:40:45,eddie@node1d06.ecdf.ed.ac.uk,1,2
57873992,0.00001,c_r2383_11,wdewulf,r,08/26/2026,11:40:45,eddie@node1e07.ecdf.ed.ac.uk,1,3
57873992,0.00001,c_r2383_11,wdewulf,r,08/26/2026,11:40:45,eddie@node1d03.ecdf.ed.ac.uk,1,4
57873996,0.00001,d_r2383_13,wdewulf,r,08/26/2026,11:40:45,eddie@node1e08.ecdf.ed.ac.uk,1,1
57873996,0.00001,d_r2383_13,wdewulf,r,08/26/2026,11:40:45,eddie@node1e01.ecdf.ed.ac.uk,1,2
57873996,0.00001,d_r2383_13,wdewulf,r,08/26/2026,11:40:45,eddie@node1d09.ecdf.ed.ac.uk,1,3
57873996,0.00001,d_r2383_13,wdewulf,r,08/26/2026,11:40:45,eddie@node1d03.ecdf.ed.ac.uk,1,6
57873996,0.00001,d_r2383_13,wdewulf,r,08/26/2026,11:40:45,eddie@node1e04.ecdf.ed.ac.uk,1,7
57874000,0.00001,d_r2383_17,wdewulf,r,08/26/2026,11:40:45,eddie@node1d09.ecdf.ed.ac.uk,1,2
57874000,0.00001,d_r2383_17,wdewulf,r,08/26/2026,11:40:45,eddie@node1d03.ecdf.ed.ac.uk,1,5
57874000,0.00001,d_r2383_17,wdewulf,r,08/26/2026,11:40:45,eddie@node1d01.ecdf.ed.ac.uk,1,7
57874002,0.00001,a_r2298_01,wdewulf,r,08/26/2026,11:40:45,eddie@node1d04.ecdf.ed.ac.uk,1,1
57874002,0.00001,a_r2298_01,wdewulf,r,08/26/2026,11:40:45,eddie@node1e09.ecdf.ed.ac.uk,1,2
57874005,0.00001,a_r2298_02,wdewulf,r,08/26/2026,11:40:50,eddie@node1j23.ecdf.ed.ac.uk,1,1
57874005,0.00001,a_r2298_02,wdewulf,r,08/26/2026,11:40:50,eddie@node1j18.ecdf.ed.ac.uk,1,2
57874007,0.00001,a_r2298_26,wdewulf,r,08/26/2026,11:40:50,eddie@node1j23.ecdf.ed.ac.uk,1,1
57874007,0.00001,a_r2298_26,wdewulf,r,08/26/2026,11:40:50,eddie@node1k07.ecdf.ed.ac.uk,1,2
57874015,0.00001,b_r2298_01,wdewulf,r,08/26/2026,11:40:50,eddie@node1d06.ecdf.ed.ac.uk,1,1
57874015,0.00001,b_r2298_01,wdewulf,r,08/26/2026,11:40:50,eddie@node1d03.ecdf.ed.ac.uk,1,2
57874017,0.00001,b_r2298_02,wdewulf,r,08/26/2026,11:40:50,eddie@node1e04.ecdf.ed.ac.uk,1,1
57874017,0.00001,b_r2298_02,wdewulf,r,08/26/2026,11:40:50,eddie@node1d02.ecdf.ed.ac.uk,1,2
57874021,0.00001,b_r2298_06,wdewulf,r,08/26/2026,11:40:50,eddie@node1e08.ecdf.ed.ac.uk,1,1
57874023,0.00001,b_r2298_29,wdewulf,r,08/26/2026,11:40:50,eddie@node1e01.ecdf.ed.ac.uk,1,1
57874023,0.00001,b_r2298_29,wdewulf,r,08/26/2026,11:40:50,eddie@node1d09.ecdf.ed.ac.uk,1,2
57874029,0.00001,c_r2298_02,wdewulf,r,08/26/2026,11:40:50,eddie@node1d03.ecdf.ed.ac.uk,1,1
57874031,0.00001,c_r2298_26,wdewulf,r,08/26/2026,11:40:50,eddie@node1d04.ecdf.ed.ac.uk,1,1
57874031,0.00001,c_r2298_26,wdewulf,r,08/26/2026,11:40:50,eddie@node1d02.ecdf.ed.ac.uk,1,2
57874033,0.00001,c_r2298_06,wdewulf,r,08/26/2026,11:40:50,eddie@node1e09.ecdf.ed.ac.uk,1,1
57874035,0.00001,c_r2298_29,wdewulf,r,08/26/2026,11:40:50,eddie@node1e02.ecdf.ed.ac.uk,1,1
57874035,0.00001,c_r2298_29,wdewulf,r,08/26/2026,11:40:50,eddie@node1e08.ecdf.ed.ac.uk,1,2
57874042,0.00001,d_r2298_06,wdewulf,r,08/26/2026,11:40:53,eddie@node1k05.ecdf.ed.ac.uk,1,1
57874044,0.00001,a_R2338_06,wdewulf,r,08/26/2026,11:40:53,eddie@node1n14.ecdf.ed.ac.uk,1,1
57874044,0.00001,a_R2338_06,wdewulf,r,08/26/2026,11:40:53,eddie@node1i24.ecdf.ed.ac.uk,1,2
57874046,0.00001,a_R2338_10,wdewulf,r,08/26/2026,11:40:53,eddie@node1d01.ecdf.ed.ac.uk,1,1
57874048,0.00001,a_R2338_18,wdewulf,r,08/26/2026,11:40:53,eddie@node1d03.ecdf.ed.ac.uk,1,1
57874048,0.00001,a_R2338_18,wdewulf,r,08/26/2026,11:40:53,eddie@node1d04.ecdf.ed.ac.uk,1,2
57874050,0.00001,a_R2338_19,wdewulf,r,08/26/2026,11:40:53,eddie@node1d02.ecdf.ed.ac.uk,1,1
57874050,0.00001,a_R2338_19,wdewulf,r,08/26/2026,11:40:53,eddie@node1e09.ecdf.ed.ac.uk,1,2
57874050,0.00001,a_R2338_19,wdewulf,r,08/26/2026,11:40:53,eddie@node1e08.ecdf.ed.ac.uk,1,3
57874052,0.00001,a_R2338_05,wdewulf,r,08/26/2026,11:40:53,eddie@node1e02.ecdf.ed.ac.uk,1,2
57874052,0.00001,a_R2338_05,wdewulf,r,08/26/2026,11:40:53,eddie@node1d09.ecdf.ed.ac.uk,1,3
57874054,0.00001,a_R2338_16,wdewulf,r,08/26/2026,11:40:53,eddie@node1d01.ecdf.ed.ac.uk,1,2
57874056,0.00001,a_R2338_12,wdewulf,r,08/26/2026,11:40:53,eddie@node1d03.ecdf.ed.ac.uk,1,1
57874058,0.00001,a_R2338_13,wdewulf,r,08/26/2026,11:40:53,eddie@node1i24.ecdf.ed.ac.uk,1,1
57874058,0.00001,a_R2338_13,wdewulf,r,08/26/2026,11:40:53,eddie@node1d04.ecdf.ed.ac.uk,1,2
57874058,0.00001,a_R2338_13,wdewulf,r,08/26/2026,11:40:53,eddie@node1d02.ecdf.ed.ac.uk,1,4
57874060,0.00001,a_R2338_17,wdewulf,r,08/26/2026,11:40:53,eddie@node1e09.ecdf.ed.ac.uk,1,1
57874060,0.00001,a_R2338_17,wdewulf,r,08/26/2026,11:40:53,eddie@node1e08.ecdf.ed.ac.uk,1,2
57874067,0.00001,b_R2338_10,wdewulf,r,08/26/2026,11:40:58,eddie@node1n15.ecdf.ed.ac.uk,1,1
57874067,0.00001,b_R2338_10,wdewulf,r,08/26/2026,11:40:58,eddie@node1n15.ecdf.ed.ac.uk,1,2
57874075,0.00001,b_R2338_16,wdewulf,r,08/26/2026,11:40:58,eddie@node1d01.ecdf.ed.ac.uk,1,2
57874077,0.00001,b_R2338_12,wdewulf,r,08/26/2026,11:40:58,eddie@node1d04.ecdf.ed.ac.uk,1,1
57874079,0.00001,b_R2338_13,wdewulf,r,08/26/2026,11:40:58,eddie@node1e09.ecdf.ed.ac.uk,1,1
57874079,0.00001,b_R2338_13,wdewulf,r,08/26/2026,11:40:58,eddie@node1d09.ecdf.ed.ac.uk,1,4
57874083,0.00001,b_R2338_04,wdewulf,r,08/26/2026,11:40:58,eddie@node1d01.ecdf.ed.ac.uk,1,1
57874083,0.00001,b_R2338_04,wdewulf,r,08/26/2026,11:40:58,eddie@node1d04.ecdf.ed.ac.uk,1,2
57874085,0.00001,c_R2338_06,wdewulf,r,08/26/2026,11:40:58,eddie@node1e09.ecdf.ed.ac.uk,1,2
57874091,0.00001,c_R2338_19,wdewulf,r,08/26/2026,11:40:58,eddie@node1d03.ecdf.ed.ac.uk,1,1
57874091,0.00001,c_R2338_19,wdewulf,r,08/26/2026,11:40:58,eddie@node1d01.ecdf.ed.ac.uk,1,2
57874091,0.00001,c_R2338_19,wdewulf,r,08/26/2026,11:40:58,eddie@node1d04.ecdf.ed.ac.uk,1,3
57874093,0.00001,c_R2338_05,wdewulf,r,08/26/2026,11:40:58,eddie@node1e09.ecdf.ed.ac.uk,1,2
57874096,0.00001,c_R2338_16,wdewulf,r,08/26/2026,11:41:01,eddie@node1e02.ecdf.ed.ac.uk,1,1
57874096,0.00001,c_R2338_16,wdewulf,r,08/26/2026,11:41:01,eddie@node1d01.ecdf.ed.ac.uk,1,2
57874098,0.00001,c_R2338_12,wdewulf,r,08/26/2026,11:41:01,eddie@node1d04.ecdf.ed.ac.uk,1,1
57874098,0.00001,c_R2338_12,wdewulf,r,08/26/2026,11:41:01,eddie@node1e09.ecdf.ed.ac.uk,1,2
57874100,0.00001,c_R2338_13,wdewulf,r,08/26/2026,11:41:01,eddie@node1e02.ecdf.ed.ac.uk,1,1
57874100,0.00001,c_R2338_13,wdewulf,r,08/26/2026,11:41:01,eddie@node1d01.ecdf.ed.ac.uk,1,2
57874100,0.00001,c_R2338_13,wdewulf,r,08/26/2026,11:41:01,eddie@node1d04.ecdf.ed.ac.uk,1,3
57874100,0.00001,c_R2338_13,wdewulf,r,08/26/2026,11:41:01,eddie@node1e09.ecdf.ed.ac.uk,1,4
57874102,0.00001,c_R2338_17,wdewulf,r,08/26/2026,11:41:01,eddie@node1d09.ecdf.ed.ac.uk,1,1
57874102,0.00001,c_R2338_17,wdewulf,r,08/26/2026,11:41:01,eddie@node1e02.ecdf.ed.ac.uk,1,2
57874106,0.00001,d_R2338_16,wdewulf,r,08/26/2026,11:41:01,eddie@node1d01.ecdf.ed.ac.uk,1,2
57874115,0.00001,a_r2377_01,wdewulf,r,08/26/2026,11:41:05,eddie@node1e04.ecdf.ed.ac.uk,1,1
57874115,0.00001,a_r2377_01,wdewulf,r,08/26/2026,11:41:05,eddie@node1e02.ecdf.ed.ac.uk,1,2
57874117,0.00001,a_r2377_07,wdewulf,r,08/26/2026,11:41:05,eddie@node1e09.ecdf.ed.ac.uk,1,1
57874112,0.00001,d_R2338_17,wdewulf,r,08/26/2026,11:41:01,eddie@node1d02.ecdf.ed.ac.uk,1,1
57874123,0.00001,b_r2377_07,wdewulf,r,08/26/2026,11:41:05,eddie@node1d09.ecdf.ed.ac.uk,1,1
57874125,0.00001,b_r2377_06,wdewulf,r,08/26/2026,11:41:05,eddie@node1e02.ecdf.ed.ac.uk,1,1
57874129,0.00001,c_r2377_06,wdewulf,r,08/26/2026,11:41:05,eddie@node1d01.ecdf.ed.ac.uk,1,1
57874131,0.00001,a_r2289_22,wdewulf,r,08/26/2026,11:41:05,eddie@node1e08.ecdf.ed.ac.uk,1,1
57874133,0.00001,a_r2289_25,wdewulf,r,08/26/2026,11:41:05,eddie@node1e09.ecdf.ed.ac.uk,1,1
57874150,0.00001,a_r2288_30,wdewulf,r,08/26/2026,11:41:10,eddie@node1l03.ecdf.ed.ac.uk,1,1
57874152,0.00001,b_r2288_18,wdewulf,r,08/26/2026,11:41:10,eddie@node1l03.ecdf.ed.ac.uk,1,1
57874154,0.00001,b_r2288_26,wdewulf,r,08/26/2026,11:41:10,eddie@node1j23.ecdf.ed.ac.uk,1,1
57874156,0.00001,b_r2288_29,wdewulf,r,08/26/2026,11:41:10,eddie@node1n15.ecdf.ed.ac.uk,1,1
57874158,0.00001,b_r2288_30,wdewulf,r,08/26/2026,11:41:10,eddie@node1n15.ecdf.ed.ac.uk,1,1
57874160,0.00001,b_r2288_20,wdewulf,r,08/26/2026,11:41:10,eddie@node1i24.ecdf.ed.ac.uk,1,1
57874164,0.00001,c_r2288_30,wdewulf,r,08/26/2026,11:41:10,eddie@node1e08.ecdf.ed.ac.uk,1,1
57874172,0.00001,b_r2381_26,wdewulf,r,08/26/2026,11:41:10,eddie@node1d02.ecdf.ed.ac.uk,1,1
